HIERARCHY
ROOT root
{
  OFFSET 0 93.2929 0
  CHANNELS 6 Xposition Yposition Zposition Zrotation Xrotation Yrotation
  JOINT torso_1
  {
    OFFSET 0 5.07867 -1.15138
    CHANNELS 6 Xposition Yposition Zposition Zrotation Xrotation Yrotation
    JOINT torso_2
    {
      OFFSET 0 5.61661 1.07143
      CHANNELS 6 Xposition Yposition Zposition Zrotation Xrotation Yrotation
      JOINT torso_3
      {
        OFFSET -1.02604e-17 5.98978 0.11501
        CHANNELS 6 Xposition Yposition Zposition Zrotation Xrotation Yrotation
        JOINT torso_4
        {
          OFFSET -1.10457e-17 6.50583 -0.443523
          CHANNELS 6 Xposition Yposition Zposition Zrotation Xrotation Yrotation
          JOINT torso_5
          {
            OFFSET -1.97295e-17 7.60548 -1.50593
            CHANNELS 6 Xposition Yposition Zposition Zrotation Xrotation Yrotation
            JOINT torso_6
            {
              OFFSET -2.53307e-17 9.49737 -0.914492
              CHANNELS 6 Xposition Yposition Zposition Zrotation Xrotation Yrotation
              JOINT torso_7
              {
                OFFSET -2.90401e-17 10.5513 1.57691
                CHANNELS 6 Xposition Yposition Zposition Zrotation Xrotation Yrotation
                JOINT neck_1
                {
                  OFFSET -1.29193e-17 4.78644 0.715339
                  CHANNELS 6 Xposition Yposition Zposition Zrotation Xrotation Yrotation
                  JOINT neck_2
                  {
                    OFFSET -1.8116e-17 4.82109 0.421791
                    CHANNELS 6 Xposition Yposition Zposition Zrotation Xrotation Yrotation
                    JOINT head
                    {
                      OFFSET -2.00958e-17 4.83041 0.765062
                      CHANNELS 6 Xposition Yposition Zposition Zrotation Xrotation Yrotation
                      End Site
                      {
                        OFFSET 0 0.1 0
                      }
                    }
                  }
                }
                JOINT l_shoulder
                {
                  OFFSET 1.23299 -7.60731 7.53374
                  CHANNELS 6 Xposition Yposition Zposition Zrotation Xrotation Yrotation
                  JOINT l_up_arm
                  {
                    OFFSET 12.9547 3.2495 -3.26872
                    CHANNELS 6 Xposition Yposition Zposition Zrotation Xrotation Yrotation
                    JOINT l_low_arm
                    {
                      OFFSET 29.2081 0.0598081 0.137039
                      CHANNELS 6 Xposition Yposition Zposition Zrotation Xrotation Yrotation
                      JOINT l_hand
                      {
                        OFFSET 24.234 0.0496219 0.113701
                        CHANNELS 6 Xposition Yposition Zposition Zrotation Xrotation Yrotation
                        End Site
                        {
                          OFFSET 0.1 0 0
                        }
                      }
                    }
                  }
                }
                JOINT r_shoulder
                {
                  OFFSET -1.23299 -7.60729 7.53365
                  CHANNELS 6 Xposition Yposition Zposition Zrotation Xrotation Yrotation
                  JOINT r_up_arm
                  {
                    OFFSET -12.9547 3.2495 -3.26872
                    CHANNELS 6 Xposition Yposition Zposition Zrotation Xrotation Yrotation
                    JOINT r_low_arm
                    {
                      OFFSET -29.2081 0.0598081 0.137039
                      CHANNELS 6 Xposition Yposition Zposition Zrotation Xrotation Yrotation
                      JOINT r_hand
                      {
                        OFFSET -24.234 0.0496218 0.113702
                        CHANNELS 6 Xposition Yposition Zposition Zrotation Xrotation Yrotation
                        End Site
                        {
                          OFFSET -0.1 0 0
                        }
                      }
                    }
                  }
                }
              }
            }
          }
        }
      }
    }
  }
  JOINT l_up_leg
  {
    OFFSET 9.23673 -4.20556 2.0327
    CHANNELS 6 Xposition Yposition Zposition Zrotation Xrotation Yrotation
    JOINT l_low_leg
    {
      OFFSET -0.852353 -38.7721 -0.655187
      CHANNELS 6 Xposition Yposition Zposition Zrotation Xrotation Yrotation
      JOINT l_foot
      {
        OFFSET -2.32622 -40.4017 -6.04875
        CHANNELS 6 Xposition Yposition Zposition Zrotation Xrotation Yrotation
        JOINT l_toes
        {
          OFFSET 0.779096 -9.8844 12.4959
          CHANNELS 6 Xposition Yposition Zposition Zrotation Xrotation Yrotation
          End Site
          {
            OFFSET 0 0 0.1
          }
        }
      }
    }
  }
  JOINT r_up_leg
  {
    OFFSET -9.23673 -4.20556 2.0327
    CHANNELS 6 Xposition Yposition Zposition Zrotation Xrotation Yrotation
    JOINT r_low_leg
    {
      OFFSET 0.852353 -38.7721 -0.655187
      CHANNELS 6 Xposition Yposition Zposition Zrotation Xrotation Yrotation
      JOINT r_foot
      {
        OFFSET 2.32622 -40.4017 -6.04875
        CHANNELS 6 Xposition Yposition Zposition Zrotation Xrotation Yrotation
        JOINT r_toes
        {
          OFFSET -0.779096 -9.8844 12.4959
          CHANNELS 6 Xposition Yposition Zposition Zrotation Xrotation Yrotation
          End Site
          {
            OFFSET 0 0 0.1
          }
        }
      }
    }
  }
}
MOTION
Frames: 427
Frame Time: 0.016667
0 93.2929 0 -0 0 -0 0 5.07867 -1.15138 -0 0 -0 0 5.61661 1.07143 -0 0 -0 -1.02604e-17 5.98978 0.11501 -0 0 -0 -1.10457e-17 6.50583 -0.443523 -0 0 -0 -1.97295e-17 7.60548 -1.50593 -0 0 -0 -2.53307e-17 9.49737 -0.914492 -0 0 -0 -2.90401e-17 10.5513 1.57691 -0 0 -0 -1.29193e-17 4.78644 0.715339 -0 0 -0 -1.8116e-17 4.82109 0.421791 -0 0 -0 -2.00958e-17 4.83041 0.765062 -0 0 -0 1.23299 -7.60731 7.53374 -0 0 -0 12.9547 3.2495 -3.26872 -0 0 -0 29.2081 0.0598081 0.137039 -0 0 -0 24.234 0.0496219 0.113701 -0 0 -0 -1.23299 -7.60729 7.53365 -0 0 -0 -12.9547 3.2495 -3.26872 -0 0 -0 -29.2081 0.0598081 0.137039 -0 0 -0 -24.234 0.0496218 0.113702 -0 0 -0 9.23673 -4.20556 2.0327 -0 0 -0 -0.852353 -38.7721 -0.655187 -0 0 -0 -2.32622 -40.4017 -6.04875 -0 0 -0 0.779096 -9.8844 12.4959 -0 0 -0 -9.23673 -4.20556 2.0327 -0 0 -0 0.852353 -38.7721 -0.655187 -0 0 -0 2.32622 -40.4017 -6.04875 -0 0 -0 -0.779096 -9.8844 12.4959 -0 0 -0 
2.51135 89.2182 32.7905 4.54913 15.1408 9.08957 0 5.07867 -1.15138 0.287068 3.72765 0.143199 0 5.61661 1.07143 0.388816 2.81146 0.160468 -1.02604e-17 5.98978 0.11501 0.376862 1.94842 0.182386 -1.10457e-17 6.50583 -0.443523 0.38923 0.258702 0.236712 -1.97295e-17 7.60548 -1.50593 0.395913 -0.922502 0.197497 -2.53307e-17 9.49737 -0.914492 0.402952 -2.3393 -0.103984 -2.90401e-17 10.5513 1.57691 0.0111452 1.2607 0.217161 -1.29193e-17 4.78644 0.715339 -0.810915 -7.36417 -3.48226 -1.8116e-17 4.82109 0.421791 -1.93503 -4.01808 -1.81778 -2.00958e-17 4.83041 0.765062 -3.67937 1.67145 -1.47177 1.23299 -7.60731 7.53374 9.40787 4.17995 -4.77276 12.9547 3.2495 -3.26872 -51.5112 59.6614 -63.3821 29.2081 0.0598081 0.137039 4.11087 -0.710599 -20.1991 24.234 0.0496219 0.113701 6.5268 -48.1514 0.15982 -1.23299 -7.60729 7.53365 -3.85713 6.82421 10.3385 -12.9547 3.2495 -3.26872 64.1586 28.4487 43.0136 -29.2081 0.0598081 0.137039 -3.38311 -0.473149 16.5149 -24.234 0.0496218 0.113702 5.68239 -53.9492 8.72707 9.23673 -4.20556 2.0327 1.75654 -30.7598 -17.3959 -0.852353 -38.7721 -0.655187 -4.22946 15.5277 0.304003 -2.32622 -40.4017 -6.04875 -6.8799 -6.95846 15.9131 0.779096 -9.8844 12.4959 2.48481e-17 -7.95139e-16 1.2424e-17 -9.23673 -4.20556 2.0327 -22.2685 -37.6628 -1.11027 0.852353 -38.7721 -0.655187 6.94487 24.6162 -1.07953 2.32622 -40.4017 -6.04875 2.89397 -6.43224 -15.4481 -0.779096 -9.8844 12.4959 -1.761e-15 -5.10701e-16 -1.26985e-14 
2.36258 89.0552 32.1524 4.14164 16.3186 8.90423 0 5.07867 -1.15138 0.331266 3.7778 0.102855 0 5.61661 1.07143 0.431688 2.82159 0.125718 -1.02604e-17 5.98978 0.11501 0.407758 1.90567 0.150241 -1.10457e-17 6.50583 -0.443523 0.410566 0.116468 0.202328 -1.97295e-17 7.60548 -1.50593 0.394848 -1.09595 0.162669 -2.53307e-17 9.49737 -0.914492 0.378868 -2.59279 -0.129194 -2.90401e-17 10.5513 1.57691 0.0126634 1.2811 0.207385 -1.29193e-17 4.78644 0.715339 -0.721116 -7.0697 -3.22613 -1.8116e-17 4.82109 0.421791 -1.90724 -4.17675 -1.69592 -2.00958e-17 4.83041 0.765062 -3.47365 1.13229 -1.39035 1.23299 -7.60731 7.53374 9.94122 4.11125 -4.6464 12.9547 3.2495 -3.26872 -51.7203 59.3644 -63.5142 29.2081 0.0598081 0.137039 4.15239 -0.725718 -20.4116 24.234 0.0496219 0.113701 6.6824 -48.6753 0.105454 -1.23299 -7.60729 7.53365 -4.85951 6.62617 10.018 -12.9547 3.2495 -3.26872 64.1909 28.9455 43.8541 -29.2081 0.0598081 0.137039 -3.44211 -0.490479 16.8108 -24.234 0.0496218 0.113702 6.37555 -54.2285 9.21777 9.23673 -4.20556 2.0327 2.17724 -32.9174 -17.1259 -0.852353 -38.7721 -0.655187 -4.473 16.3818 0.356016 -2.32622 -40.4017 -6.04875 -6.73594 -7.07763 15.9108 0.779096 -9.8844 12.4959 -3.65707e-16 -8.07343e-16 2.46289e-17 -9.23673 -4.20556 2.0327 -22.4543 -40.1216 -1.48103 0.852353 -38.7721 -0.655187 7.26223 25.6092 -1.19679 2.32622 -40.4017 -6.04875 2.95979 -5.65041 -15.4838 -0.779096 -9.8844 12.4959 -1.78906e-15 -5.09386e-16 -1.26974e-14 
2.18556 88.9333 31.5356 3.90444 17.3522 8.52609 0 5.07867 -1.15138 0.339938 3.71627 0.0914461 0 5.61661 1.07143 0.433678 2.77915 0.119298 -1.02604e-17 5.98978 0.11501 0.403981 1.88496 0.148689 -1.10457e-17 6.50583 -0.443523 0.403054 0.129092 0.20181 -1.97295e-17 7.60548 -1.50593 0.381887 -1.06046 0.163851 -2.53307e-17 9.49737 -0.914492 0.363457 -2.54566 -0.121726 -2.90401e-17 10.5513 1.57691 0.0132829 1.27011 0.203262 -1.29193e-17 4.78644 0.715339 -0.687492 -7.18832 -3.00906 -1.8116e-17 4.82109 0.421791 -1.86139 -4.37647 -1.59349 -2.00958e-17 4.83041 0.765062 -3.26404 0.750876 -1.32557 1.23299 -7.60731 7.53374 10.1879 3.95399 -4.56963 12.9547 3.2495 -3.26872 -51.5008 58.609 -63.9383 29.2081 0.0598081 0.137039 4.17947 -0.735673 -20.5503 24.234 0.0496219 0.113701 6.60224 -49.0916 0.0951143 -1.23299 -7.60729 7.53365 -5.18698 6.47015 9.91836 -12.9547 3.2495 -3.26872 63.6232 28.996 44.6644 -29.2081 0.0598081 0.137039 -3.48618 -0.503638 17.0322 -24.234 0.0496218 0.113702 6.99715 -54.273 9.77126 9.23673 -4.20556 2.0327 2.60583 -34.83 -16.6848 -0.852353 -38.7721 -0.655187 -4.6899 17.1366 0.40536 -2.32622 -40.4017 -6.04875 -6.69303 -6.9708 15.9322 0.779096 -9.8844 12.4959 1.78338e-17 -7.95358e-16 1.26432e-17 -9.23673 -4.20556 2.0327 -22.5782 -42.3185 -1.67887 0.852353 -38.7721 -0.655187 7.50235 26.35 -1.28897 2.32622 -40.4017 -6.04875 3.11125 -4.86103 -15.5168 -0.779096 -9.8844 12.4959 -2.26842e-16 -5.82615e-16 -1.27584e-14 
2.03101 88.8508 30.9836 3.80247 18.2716 8.03506 0 5.07867 -1.15138 0.280774 3.58679 0.104187 0 5.61661 1.07143 0.370422 2.69082 0.132066 -1.02604e-17 5.98978 0.11501 0.346641 1.84855 0.167453 -1.10457e-17 6.50583 -0.443523 0.353452 0.169056 0.221836 -1.97295e-17 7.60548 -1.50593 0.348528 -0.970125 0.19051 -2.53307e-17 9.49737 -0.914492 0.35167 -2.41179 -0.0887262 -2.90401e-17 10.5513 1.57691 0.0165353 1.24863 0.199673 -1.29193e-17 4.78644 0.715339 -0.674637 -7.46725 -2.81298 -1.8116e-17 4.82109 0.421791 -1.80482 -4.47783 -1.50034 -2.00958e-17 4.83041 0.765062 -2.98031 0.606298 -1.32909 1.23299 -7.60731 7.53374 10.2073 3.82958 -4.59343 12.9547 3.2495 -3.26872 -51.2945 57.7925 -64.067 29.2081 0.0598081 0.137039 4.20722 -0.74595 -20.6926 24.234 0.0496219 0.113701 6.52899 -49.2652 0.16374 -1.23299 -7.60729 7.53365 -5.23091 6.31697 9.88868 -12.9547 3.2495 -3.26872 63.0955 29.0189 45.4069 -29.2081 0.0598081 0.137039 -3.55242 -0.523764 17.3653 -24.234 0.0496218 0.113702 7.06539 -54.1621 9.72272 9.23673 -4.20556 2.0327 3.00898 -36.4859 -16.0219 -0.852353 -38.7721 -0.655187 -4.87029 17.7602 0.448545 -2.32622 -40.4017 -6.04875 -6.6359 -6.71459 15.9689 0.779096 -9.8844 12.4959 2.48481e-17 -7.95139e-16 1.2424e-17 -9.23673 -4.20556 2.0327 -22.6692 -44.1948 -1.76282 0.852353 -38.7721 -0.655187 7.6554 26.8174 -1.34925 2.32622 -40.4017 -6.04875 3.31372 -4.13324 -15.536 -0.779096 -9.8844 12.4959 -5.8934e-16 -5.5952e-16 -1.27473e-14 
1.93187 88.7942 30.4766 3.70738 19.1652 7.60002 0 5.07867 -1.15138 0.240927 3.35407 0.132574 0 5.61661 1.07143 0.319009 2.54322 0.164073 -1.02604e-17 5.98978 0.11501 0.297087 1.80439 0.206246 -1.10457e-17 6.50583 -0.443523 0.307579 0.293163 0.264121 -1.97295e-17 7.60548 -1.50593 0.318831 -0.751717 0.238735 -2.53307e-17 9.49737 -0.914492 0.346915 -2.09219 -0.0360943 -2.90401e-17 10.5513 1.57691 0.0188601 1.2077 0.203012 -1.29193e-17 4.78644 0.715339 -0.712219 -8.22575 -2.69809 -1.8116e-17 4.82109 0.421791 -1.7528 -4.57229 -1.44457 -2.00958e-17 4.83041 0.765062 -2.78271 0.793929 -1.37835 1.23299 -7.60731 7.53374 9.99306 3.6663 -4.67971 12.9547 3.2495 -3.26872 -50.5707 56.8302 -64.7677 29.2081 0.0598081 0.137039 4.22396 -0.752187 -20.7785 24.234 0.0496219 0.113701 6.61467 -49.2462 0.557778 -1.23299 -7.60729 7.53365 -4.7941 6.23371 10.0677 -12.9547 3.2495 -3.26872 62.2226 28.6156 46.0796 -29.2081 0.0598081 0.137039 -3.60577 -0.540283 17.6341 -24.234 0.0496218 0.113702 6.90124 -53.9013 9.55436 9.23673 -4.20556 2.0327 3.3612 -38.0933 -15.4679 -0.852353 -38.7721 -0.655187 -5.04935 18.3751 0.493321 -2.32622 -40.4017 -6.04875 -6.65797 -6.38658 16.0182 0.779096 -9.8844 12.4959 4.15398e-16 -7.82934e-16 2.19343e-19 -9.23673 -4.20556 2.0327 -22.762 -45.8889 -1.77536 0.852353 -38.7721 -0.655187 7.75676 27.1249 -1.38982 2.32622 -40.4017 -6.04875 3.588 -3.42418 -15.5715 -0.779096 -9.8844 12.4959 -5.96354e-16 -5.59082e-16 -1.27471e-14 
1.89945 88.7467 29.9783 3.55076 20.0263 7.30941 0 5.07867 -1.15138 0.180911 3.11435 0.124245 0 5.61661 1.07143 0.25806 2.37209 0.151106 -1.02604e-17 5.98978 0.11501 0.24141 1.72188 0.196965 -1.10457e-17 6.50583 -0.443523 0.258645 0.350488 0.25377 -1.97295e-17 7.60548 -1.50593 0.27862 -0.601098 0.237033 -2.53307e-17 9.49737 -0.914492 0.31865 -1.87104 -0.0287305 -2.90401e-17 10.5513 1.57691 0.020556 1.17474 0.192635 -1.29193e-17 4.78644 0.715339 -0.682271 -8.53131 -2.47408 -1.8116e-17 4.82109 0.421791 -1.70612 -4.59402 -1.3413 -2.00958e-17 4.83041 0.765062 -2.47407 0.862123 -1.44673 1.23299 -7.60731 7.53374 9.80304 3.53696 -4.74988 12.9547 3.2495 -3.26872 -50.6151 56.0109 -64.5604 29.2081 0.0598081 0.137039 4.21775 -0.749872 -20.7466 24.234 0.0496219 0.113701 6.65669 -48.9166 0.789493 -1.23299 -7.60729 7.53365 -4.84705 5.98225 9.95881 -12.9547 3.2495 -3.26872 61.7081 28.8309 46.7097 -29.2081 0.0598081 0.137039 -3.69297 -0.567876 18.0741 -24.234 0.0496218 0.113702 6.94097 -53.9833 9.39745 9.23673 -4.20556 2.0327 3.65149 -39.7205 -15.0848 -0.852353 -38.7721 -0.655187 -5.24409 19.0393 0.544161 -2.32622 -40.4017 -6.04875 -6.63781 -6.02088 16.0768 0.779096 -9.8844 12.4959 4.22417e-16 -7.82715e-16 2.88531e-33 -9.23673 -4.20556 2.0327 -22.9121 -47.3996 -1.92932 0.852353 -38.7721 -0.655187 7.81361 27.2967 -1.41279 2.32622 -40.4017 -6.04875 3.79946 -2.69705 -15.5918 -0.779096 -9.8844 12.4959 -9.86904e-16 -5.46877e-16 -1.27227e-14 
1.92998 88.7132 29.5155 3.38926 20.797 7.15638 0 5.07867 -1.15138 0.17063 2.81124 0.0969167 0 5.61661 1.07143 0.245149 2.16313 0.120033 -1.02604e-17 5.98978 0.11501 0.225474 1.63335 0.166458 -1.10457e-17 6.50583 -0.443523 0.240647 0.465243 0.221961 -1.97295e-17 7.60548 -1.50593 0.251942 -0.363462 0.210951 -2.53307e-17 9.49737 -0.914492 0.283785 -1.52693 -0.0471511 -2.90401e-17 10.5513 1.57691 0.0166906 1.12874 0.181933 -1.29193e-17 4.78644 0.715339 -0.666178 -8.99683 -2.27496 -1.8116e-17 4.82109 0.421791 -1.71247 -4.59843 -1.25149 -2.00958e-17 4.83041 0.765062 -2.25572 1.06215 -1.46611 1.23299 -7.60731 7.53374 9.4642 3.3704 -4.83108 12.9547 3.2495 -3.26872 -50.6857 55.1399 -64.4806 29.2081 0.0598081 0.137039 4.17923 -0.735583 -20.5491 24.234 0.0496219 0.113701 6.7487 -48.5379 1.04652 -1.23299 -7.60729 7.53365 -4.69421 5.7557 9.94438 -12.9547 3.2495 -3.26872 60.9306 28.9148 47.2637 -29.2081 0.0598081 0.137039 -3.76291 -0.590537 18.4278 -24.234 0.0496218 0.113702 7.04941 -54.1325 9.42539 9.23673 -4.20556 2.0327 3.81116 -41.2088 -14.9564 -0.852353 -38.7721 -0.655187 -5.41885 19.6311 0.591665 -2.32622 -40.4017 -6.04875 -6.70385 -5.64598 16.1355 0.779096 -9.8844 12.4959 4.22417e-16 -7.82715e-16 2.88531e-33 -9.23673 -4.20556 2.0327 -23.1193 -48.6909 -2.07892 0.852353 -38.7721 -0.655187 7.84811 27.4006 -1.42681 2.32622 -40.4017 -6.04875 4.03124 -2.00336 -15.6382 -0.779096 -9.8844 12.4959 -1.77502e-15 -5.10044e-16 -1.26978e-14 
2.00612 88.7125 29.1373 3.32113 21.4055 7.07169 0 5.07867 -1.15138 0.150279 2.45234 0.065515 0 5.61661 1.07143 0.225351 1.91443 0.0830054 -1.02604e-17 5.98978 0.11501 0.205449 1.52846 0.127806 -1.10457e-17 6.50583 -0.443523 0.220571 0.601775 0.181726 -1.97295e-17 7.60548 -1.50593 0.223804 -0.0807591 0.177252 -2.53307e-17 9.49737 -0.914492 0.246226 -1.11609 -0.0736102 -2.90401e-17 10.5513 1.57691 0.0114842 1.07658 0.171057 -1.29193e-17 4.78644 0.715339 -0.667649 -9.58215 -2.11638 -1.8116e-17 4.82109 0.421791 -1.76751 -4.54472 -1.18229 -2.00958e-17 4.83041 0.765062 -2.03371 1.48797 -1.46885 1.23299 -7.60731 7.53374 8.93936 3.22537 -4.96242 12.9547 3.2495 -3.26872 -50.8252 54.2755 -64.2714 29.2081 0.0598081 0.137039 4.10392 -0.708085 -20.1636 24.234 0.0496219 0.113701 6.68297 -48.1115 1.14957 -1.23299 -7.60729 7.53365 -4.36111 5.54786 9.99726 -12.9547 3.2495 -3.26872 60.3134 28.9404 47.7213 -29.2081 0.0598081 0.137039 -3.8235 -0.610559 18.7348 -24.234 0.0496218 0.113702 6.82605 -54.1913 9.15018 9.23673 -4.20556 2.0327 3.77789 -42.3951 -14.9957 -0.852353 -38.7721 -0.655187 -5.55238 20.0806 0.62915 -2.32622 -40.4017 -6.04875 -6.82165 -5.21223 16.1996 0.779096 -9.8844 12.4959 -3.58683e-16 -8.07124e-16 2.44094e-17 -9.23673 -4.20556 2.0327 -23.4406 -49.6132 -2.33757 0.852353 -38.7721 -0.655187 7.8437 27.3874 -1.42502 2.32622 -40.4017 -6.04875 4.23882 -1.40899 -15.6731 -0.779096 -9.8844 12.4959 9.4479e-16 -6.31433e-16 -1.28072e-14 
2.10133 88.7638 28.8865 3.32691 21.84 6.97508 0 5.07867 -1.15138 0.117452 2.02875 0.0353331 0 5.61661 1.07143 0.196623 1.62126 0.045468 -1.02604e-17 5.98978 0.11501 0.180907 1.40869 0.0870825 -1.10457e-17 6.50583 -0.443523 0.200329 0.772944 0.138997 -1.97295e-17 7.60548 -1.50593 0.199915 0.26174 0.140952 -2.53307e-17 9.49737 -0.914492 0.21604 -0.620098 -0.105916 -2.90401e-17 10.5513 1.57691 0.00674228 1.01664 0.15788 -1.29193e-17 4.78644 0.715339 -0.64488 -10.2198 -1.95855 -1.8116e-17 4.82109 0.421791 -1.77755 -4.47869 -1.11311 -2.00958e-17 4.83041 0.765062 -1.92384 2.03834 -1.44342 1.23299 -7.60731 7.53374 8.23048 3.08322 -5.14396 12.9547 3.2495 -3.26872 -50.8987 53.3972 -64.0378 29.2081 0.0598081 0.137039 4.00379 -0.672413 -19.6524 24.234 0.0496219 0.113701 6.56587 -47.6595 1.21775 -1.23299 -7.60729 7.53365 -3.96639 5.30814 10.0403 -12.9547 3.2495 -3.26872 59.816 28.9217 48.2055 -29.2081 0.0598081 0.137039 -3.86496 -0.624465 18.9451 -24.234 0.0496218 0.113702 6.45242 -54.1158 8.62927 9.23673 -4.20556 2.0327 3.65257 -43.1427 -15.069 -0.852353 -38.7721 -0.655187 -5.60177 20.2462 0.643275 -2.32622 -40.4017 -6.04875 -6.88847 -4.74635 16.2622 0.779096 -9.8844 12.4959 -7.63272e-16 -8.31972e-16 4.92575e-17 -9.23673 -4.20556 2.0327 -23.678 -50.1582 -2.51239 0.852353 -38.7721 -0.655187 7.78403 27.2074 -1.40082 2.32622 -40.4017 -6.04875 4.40433 -0.899068 -15.709 -0.779096 -9.8844 12.4959 -1.77728e-16 -5.84807e-16 -1.27604e-14 
2.19074 88.8596 28.7346 3.26722 22.3063 6.88049 0 5.07867 -1.15138 0.0904129 1.58861 -0.00138931 0 5.61661 1.07143 0.1755 1.31452 0.00208079 -1.02604e-17 5.98978 0.11501 0.164488 1.28427 0.0398304 -1.10457e-17 6.50583 -0.443523 0.189185 0.954185 0.0890614 -1.97295e-17 7.60548 -1.50593 0.183654 0.619212 0.0963633 -2.53307e-17 9.49737 -0.914492 0.190085 -0.105302 -0.14736 -2.90401e-17 10.5513 1.57691 0.00208027 0.95483 0.142451 -1.29193e-17 4.78644 0.715339 -0.599065 -10.867 -1.78463 -1.8116e-17 4.82109 0.421791 -1.75037 -4.47067 -1.03517 -2.00958e-17 4.83041 0.765062 -1.8272 2.53065 -1.36228 1.23299 -7.60731 7.53374 7.52685 2.9176 -5.30876 12.9547 3.2495 -3.26872 -51.0018 52.4746 -63.7665 29.2081 0.0598081 0.137039 3.89845 -0.635963 -19.1163 24.234 0.0496219 0.113701 6.44058 -47.0907 1.21252 -1.23299 -7.60729 7.53365 -3.68787 5.01229 10.0278 -12.9547 3.2495 -3.26872 59.4956 28.8327 48.799 -29.2081 0.0598081 0.137039 -3.89273 -0.633877 19.0862 -24.234 0.0496218 0.113702 6.17083 -53.8582 8.11109 9.23673 -4.20556 2.0327 3.64453 -43.7294 -14.9806 -0.852353 -38.7721 -0.655187 -5.58421 20.1873 0.638238 -2.32622 -40.4017 -6.04875 -6.92561 -4.27931 16.3117 0.779096 -9.8844 12.4959 -3.7974e-16 -8.08001e-16 2.52868e-17 -9.23673 -4.20556 2.0327 -23.7501 -50.6065 -2.56213 0.852353 -38.7721 -0.655187 7.6748 26.8764 -1.35697 2.32622 -40.4017 -6.04875 4.5742 -0.383755 -15.7469 -0.779096 -9.8844 12.4959 -1.37044e-15 -5.35111e-16 -1.27107e-14 
2.27058 88.9716 28.6039 3.15966 22.8692 6.87554 0 5.07867 -1.15138 0.10815 1.22215 -0.0135871 0 5.61661 1.07143 0.188714 1.06458 -0.00742486 -1.02604e-17 5.98978 0.11501 0.172868 1.1955 0.0293004 -1.10457e-17 6.50583 -0.443523 0.193387 1.13476 0.079118 -1.97295e-17 7.60548 -1.50593 0.179647 0.950455 0.0886744 -2.53307e-17 9.49737 -0.914492 0.178763 0.374399 -0.152543 -2.90401e-17 10.5513 1.57691 -0.00177784 0.898648 0.141353 -1.29193e-17 4.78644 0.715339 -0.624019 -12.0042 -1.72524 -1.8116e-17 4.82109 0.421791 -1.77546 -4.47679 -1.0078 -2.00958e-17 4.83041 0.765062 -1.75718 3.24444 -1.37646 1.23299 -7.60731 7.53374 6.88991 2.78048 -5.5106 12.9547 3.2495 -3.26872 -50.7444 51.5401 -64.0444 29.2081 0.0598081 0.137039 3.81698 -0.608528 -18.7028 24.234 0.0496219 0.113701 6.34937 -46.425 1.26306 -1.23299 -7.60729 7.53365 -3.07994 4.91614 10.3036 -12.9547 3.2495 -3.26872 59.0749 28.1242 49.253 -29.2081 0.0598081 0.137039 -3.89459 -0.634507 19.0956 -24.234 0.0496218 0.113702 5.72518 -53.3557 7.68334 9.23673 -4.20556 2.0327 3.63625 -44.3713 -14.9321 -0.852353 -38.7721 -0.655187 -5.53954 20.0375 0.625502 -2.32622 -40.4017 -6.04875 -7.05939 -3.77468 16.3651 0.779096 -9.8844 12.4959 7.9893e-16 -7.58744e-16 -2.39707e-17 -9.23673 -4.20556 2.0327 -23.8882 -51.0738 -2.73114 0.852353 -38.7721 -0.655187 7.54735 26.4879 -1.30657 2.32622 -40.4017 -6.04875 4.80705 0.123447 -15.7971 -0.779096 -9.8844 12.4959 -3.34424e-15 -4.48801e-16 -1.26244e-14 
2.34728 89.0591 28.4449 3.09196 23.4555 6.90256 0 5.07867 -1.15138 0.102531 0.905603 -0.026575 0 5.61661 1.07143 0.182016 0.825908 -0.0217324 -1.02604e-17 5.98978 0.11501 0.164242 1.07387 0.0160769 -1.10457e-17 6.50583 -0.443523 0.184318 1.19999 0.0649304 -1.97295e-17 7.60548 -1.50593 0.166487 1.13747 0.0786391 -2.53307e-17 9.49737 -0.914492 0.163554 0.655963 -0.15923 -2.90401e-17 10.5513 1.57691 -0.000853573 0.863873 0.137175 -1.29193e-17 4.78644 0.715339 -0.621199 -12.6937 -1.65166 -1.8116e-17 4.82109 0.421791 -1.78376 -4.41252 -0.974858 -2.00958e-17 4.83041 0.765062 -1.6735 3.73769 -1.43383 1.23299 -7.60731 7.53374 6.41835 2.7194 -5.67444 12.9547 3.2495 -3.26872 -50.7342 50.9225 -63.9262 29.2081 0.0598081 0.137039 3.76361 -0.59091 -18.4324 24.234 0.0496219 0.113701 6.18211 -45.8592 1.18039 -1.23299 -7.60729 7.53365 -2.79104 4.79753 10.3793 -12.9547 3.2495 -3.26872 58.844 27.8549 49.4421 -29.2081 0.0598081 0.137039 -3.93295 -0.647639 19.2906 -24.234 0.0496218 0.113702 5.45322 -53.1949 7.37872 9.23673 -4.20556 2.0327 3.55084 -45.078 -14.9015 -0.852353 -38.7721 -0.655187 -5.50571 19.9237 0.615931 -2.32622 -40.4017 -6.04875 -7.12908 -3.26432 16.4086 0.779096 -9.8844 12.4959 4.29436e-16 -7.82276e-16 -4.38691e-19 -9.23673 -4.20556 2.0327 -24.1387 -51.6101 -2.90295 0.852353 -38.7721 -0.655187 7.44899 26.1862 -1.26823 2.32622 -40.4017 -6.04875 4.96951 0.607993 -15.8336 -0.779096 -9.8844 12.4959 -2.59824e-15 -4.8388e-16 -1.26594e-14 
2.44344 89.1035 28.2667 3.12469 23.9064 6.97516 0 5.07867 -1.15138 0.106676 0.564705 -0.0127306 0 5.61661 1.07143 0.179575 0.583574 -0.00441733 -1.02604e-17 5.98978 0.11501 0.158663 0.971632 0.0338522 -1.10457e-17 6.50583 -0.443523 0.176262 1.32353 0.0850176 -1.97295e-17 7.60548 -1.50593 0.159048 1.40203 0.10155 -2.53307e-17 9.49737 -0.914492 0.161889 1.04954 -0.135383 -2.90401e-17 10.5513 1.57691 -0.00156812 0.818321 0.145206 -1.29193e-17 4.78644 0.715339 -0.720829 -13.9726 -1.74286 -1.8116e-17 4.82109 0.421791 -1.8662 -4.346 -1.01584 -2.00958e-17 4.83041 0.765062 -1.60006 4.62842 -1.49809 1.23299 -7.60731 7.53374 5.90655 2.64854 -5.83035 12.9547 3.2495 -3.26872 -50.1682 50.4606 -64.503 29.2081 0.0598081 0.137039 3.7342 -0.581317 -18.2836 24.234 0.0496219 0.113701 6.15748 -45.5194 1.35217 -1.23299 -7.60729 7.53365 -2.00453 4.85195 10.7493 -12.9547 3.2495 -3.26872 58.5873 27.0538 49.585 -29.2081 0.0598081 0.137039 -3.93842 -0.649522 19.3185 -24.234 0.0496218 0.113702 4.58553 -52.6603 6.66938 9.23673 -4.20556 2.0327 3.29112 -45.6874 -15.0107 -0.852353 -38.7721 -0.655187 -5.49229 19.8786 0.612154 -2.32622 -40.4017 -6.04875 -7.31344 -2.86338 16.4486 0.779096 -9.8844 12.4959 -3.58683e-16 -8.07124e-16 2.44094e-17 -9.23673 -4.20556 2.0327 -24.5707 -52.0544 -3.12637 0.852353 -38.7721 -0.655187 7.40633 26.0549 -1.25176 2.32622 -40.4017 -6.04875 5.18738 0.918511 -15.8896 -0.779096 -9.8844 12.4959 -6.31449e-16 -5.57766e-16 -1.27455e-14 
2.54708 89.154 28.1752 3.22652 24.0748 7.03702 0 5.07867 -1.15138 0.105556 0.114953 0.00531167 0 5.61661 1.07143 0.171486 0.267079 0.016752 -1.02604e-17 5.98978 0.11501 0.148469 0.847745 0.0547989 -1.10457e-17 6.50583 -0.443523 0.164414 1.51458 0.10786 -1.97295e-17 7.60548 -1.50593 0.15043 1.78176 0.126667 -2.53307e-17 9.49737 -0.914492 0.161952 1.5993 -0.110403 -2.90401e-17 10.5513 1.57691 -0.00050185 0.758713 0.150704 -1.29193e-17 4.78644 0.715339 -0.799679 -15.1504 -1.81706 -1.8116e-17 4.82109 0.421791 -1.91195 -4.31547 -1.05077 -2.00958e-17 4.83041 0.765062 -1.62971 5.51762 -1.57903 1.23299 -7.60731 7.53374 5.2818 2.51219 -5.96047 12.9547 3.2495 -3.26872 -49.5689 49.9653 -65.0062 29.2081 0.0598081 0.137039 3.68782 -0.566365 -18.0491 24.234 0.0496219 0.113701 5.8483 -45.2361 1.44108 -1.23299 -7.60729 7.53365 -1.18035 4.81369 11.0097 -12.9547 3.2495 -3.26872 58.1572 26.3091 49.6666 -29.2081 0.0598081 0.137039 -3.91692 -0.642135 19.2091 -24.234 0.0496218 0.113702 4.09198 -52.2598 6.18533 9.23673 -4.20556 2.0327 2.94449 -45.9155 -15.2071 -0.852353 -38.7721 -0.655187 -5.47021 19.8043 0.605962 -2.32622 -40.4017 -6.04875 -7.39986 -2.52302 16.4712 0.779096 -9.8844 12.4959 -7.63272e-16 -8.31972e-16 4.92575e-17 -9.23673 -4.20556 2.0327 -24.8879 -52.1409 -3.23891 0.852353 -38.7721 -0.655187 7.36806 25.9368 -1.23705 2.32622 -40.4017 -6.04875 5.26118 1.08743 -15.9186 -0.779096 -9.8844 12.4959 1.3564e-15 -6.44515e-16 -1.28325e-14 
2.63067 89.2582 28.2071 3.26867 24.0393 7.13329 0 5.07867 -1.15138 0.0952415 -0.318594 0.00655527 0 5.61661 1.07143 0.158607 -0.0311389 0.0175839 -1.02604e-17 5.98978 0.11501 0.136308 0.749748 0.0516852 -1.10457e-17 6.50583 -0.443523 0.153198 1.74652 0.104357 -1.97295e-17 7.60548 -1.50593 0.140274 2.20387 0.126046 -2.53307e-17 9.49737 -0.914492 0.153636 2.20096 -0.109921 -2.90401e-17 10.5513 1.57691 -0.00132648 0.69372 0.148994 -1.29193e-17 4.78644 0.715339 -0.842297 -16.2538 -1.82717 -1.8116e-17 4.82109 0.421791 -1.94181 -4.3584 -1.05635 -2.00958e-17 4.83041 0.765062 -1.59249 6.35461 -1.61398 1.23299 -7.60731 7.53374 4.55063 2.38197 -6.12509 12.9547 3.2495 -3.26872 -49.0739 49.3952 -65.2526 29.2081 0.0598081 0.137039 3.63046 -0.548162 -17.7596 24.234 0.0496219 0.113701 5.61918 -44.7711 1.52391 -1.23299 -7.60729 7.53365 -0.511033 4.67141 11.1935 -12.9547 3.2495 -3.26872 57.7414 25.633 49.9261 -29.2081 0.0598081 0.137039 -3.89375 -0.634221 19.0913 -24.234 0.0496218 0.113702 3.84193 -51.9883 5.72652 9.23673 -4.20556 2.0327 2.65489 -45.754 -15.4883 -0.852353 -38.7721 -0.655187 -5.39324 19.5446 0.584591 -2.32622 -40.4017 -6.04875 -7.44572 -2.17659 16.501 0.779096 -9.8844 12.4959 -3.7974e-16 -8.08001e-16 2.52868e-17 -9.23673 -4.20556 2.0327 -24.9211 -51.8684 -3.19417 0.852353 -38.7721 -0.655187 7.28268 25.6727 -1.20453 2.32622 -40.4017 -6.04875 5.31523 1.23327 -15.9396 -0.779096 -9.8844 12.4959 6.10392e-16 -6.21641e-16 -1.27974e-14 
2.69819 89.4085 28.3287 3.26037 24.0042 7.22828 0 5.07867 -1.15138 0.105639 -0.73828 -0.0068253 0 5.61661 1.07143 0.166694 -0.312547 0.00560397 -1.02604e-17 5.98978 0.11501 0.142261 0.678536 0.0341146 -1.10457e-17 6.50583 -0.443523 0.157605 2.02466 0.0855653 -1.97295e-17 7.60548 -1.50593 0.138466 2.67661 0.107949 -2.53307e-17 9.49737 -0.914492 0.14314 2.85891 -0.126347 -2.90401e-17 10.5513 1.57691 -0.0043721 0.622905 0.142428 -1.29193e-17 4.78644 0.715339 -0.852228 -17.2336 -1.79723 -1.8116e-17 4.82109 0.421791 -1.94468 -4.51312 -1.04379 -2.00958e-17 4.83041 0.765062 -1.61533 6.93016 -1.57576 1.23299 -7.60731 7.53374 3.87502 2.17353 -6.25728 12.9547 3.2495 -3.26872 -48.7058 48.6204 -65.4586 29.2081 0.0598081 0.137039 3.56197 -0.526846 -17.4145 24.234 0.0496219 0.113701 5.28091 -44.1894 1.4927 -1.23299 -7.60729 7.53365 -0.0592543 4.40705 11.2956 -12.9547 3.2495 -3.26872 57.3655 24.9779 50.4089 -29.2081 0.0598081 0.137039 -3.86837 -0.625615 18.9624 -24.234 0.0496218 0.113702 3.72419 -51.7362 5.3066 9.23673 -4.20556 2.0327 2.46069 -45.4579 -15.7198 -0.852353 -38.7721 -0.655187 -5.27497 19.1442 0.552424 -2.32622 -40.4017 -6.04875 -7.50872 -1.78423 16.5314 0.779096 -9.8844 12.4959 1.7829e-17 -7.95358e-16 1.26434e-17 -9.23673 -4.20556 2.0327 -24.7829 -51.4947 -3.02286 0.852353 -38.7721 -0.655187 7.15758 25.2835 -1.15754 2.32622 -40.4017 -6.04875 5.35259 1.4314 -15.9576 -0.779096 -9.8844 12.4959 -5.75297e-16 -5.60179e-16 -1.27479e-14 
2.71939 89.5846 28.4688 3.49011 24.0269 6.7582 0 5.07867 -1.15138 -0.0144572 -1.02288 -0.00890141 0 5.61661 1.07143 0.0552559 -0.51267 0.0052917 -1.02604e-17 5.98978 0.11501 0.0491119 0.623958 0.0423932 -1.10457e-17 6.50583 -0.443523 0.0825115 2.18332 0.090335 -1.97295e-17 7.60548 -1.50593 0.0904576 2.94942 0.119215 -2.53307e-17 9.49737 -0.914492 0.125678 3.23719 -0.101849 -2.90401e-17 10.5513 1.57691 0.0079739 0.578078 0.121598 -1.29193e-17 4.78644 0.715339 -0.750061 -16.9973 -1.67188 -1.8116e-17 4.82109 0.421791 -1.80645 -4.72794 -0.98203 -2.00958e-17 4.83041 0.765062 -1.55629 6.69675 -1.41034 1.23299 -7.60731 7.53374 3.18337 2.13246 -6.59185 12.9547 3.2495 -3.26872 -48.5402 47.1558 -63.9658 29.2081 0.0598081 0.137039 3.50501 -0.50946 -17.1279 24.234 0.0496219 0.113701 3.56201 -43.8806 0.0619601 -1.23299 -7.60729 7.53365 -0.401217 3.93475 10.9308 -12.9547 3.2495 -3.26872 57.2483 25.2732 51.0763 -29.2081 0.0598081 0.137039 -3.88966 -0.632832 19.0706 -24.234 0.0496218 0.113702 4.01427 -52.109 5.05433 9.23673 -4.20556 2.0327 2.51622 -45.0364 -15.4676 -0.852353 -38.7721 -0.655187 -5.11752 18.6082 0.510865 -2.32622 -40.4017 -6.04875 -7.51178 -1.36516 16.5536 0.779096 -9.8844 12.4959 4.15394e-16 -7.82934e-16 2.19491e-19 -9.23673 -4.20556 2.0327 -24.3309 -51.3989 -2.23098 0.852353 -38.7721 -0.655187 7.0209 24.8556 -1.10714 2.32622 -40.4017 -6.04875 5.34568 1.86139 -15.9589 -0.779096 -9.8844 12.4959 -2.05808e-16 -5.83491e-16 -1.27593e-14 
2.71848 89.7524 28.488 3.97356 24.0472 5.73904 0 5.07867 -1.15138 -0.119478 -1.05328 0.012473 0 5.61661 1.07143 -0.0488342 -0.507916 0.035043 -1.02604e-17 5.98978 0.11501 -0.0404898 0.686492 0.0827112 -1.10457e-17 6.50583 -0.443523 0.0076161 2.32493 0.128328 -1.97295e-17 7.60548 -1.50593 0.0449907 3.11384 0.161022 -2.53307e-17 9.49737 -0.914492 0.116693 3.4472 -0.0429176 -2.90401e-17 10.5513 1.57691 0.0164954 0.547325 0.113553 -1.29193e-17 4.78644 0.715339 -0.694826 -16.8635 -1.57927 -1.8116e-17 4.82109 0.421791 -1.69941 -4.92811 -0.929974 -2.00958e-17 4.83041 0.765062 -1.66333 6.35216 -0.952689 1.23299 -7.60731 7.53374 2.75135 2.13562 -6.93451 12.9547 3.2495 -3.26872 -47.6089 45.6462 -63.1007 29.2081 0.0598081 0.137039 3.55526 -0.524782 -17.3807 24.234 0.0496219 0.113701 2.1855 -44.4495 -1.06839 -1.23299 -7.60729 7.53365 -0.643473 3.67552 10.8314 -12.9547 3.2495 -3.26872 57.1346 25.378 51.9024 -29.2081 0.0598081 0.137039 -3.91294 -0.640773 19.1889 -24.234 0.0496218 0.113702 3.84893 -51.9594 4.57533 9.23673 -4.20556 2.0327 2.80903 -44.6093 -14.5967 -0.852353 -38.7721 -0.655187 -4.96277 18.0783 0.471434 -2.32622 -40.4017 -6.04875 -7.66921 -0.927725 16.5949 0.779096 -9.8844 12.4959 -1.53031e-15 -8.68147e-16 8.54318e-17 -9.23673 -4.20556 2.0327 -23.7268 -51.6174 -0.975811 0.852353 -38.7721 -0.655187 6.89275 24.4517 -1.06077 2.32622 -40.4017 -6.04875 5.67471 2.4964 -16.021 -0.779096 -9.8844 12.4959 2.53503e-15 -6.93771e-16 -1.28815e-14 
2.7097 89.896 28.3594 4.43935 23.975 4.79806 0 5.07867 -1.15138 -0.232788 -0.847325 0.0579721 0 5.61661 1.07143 -0.165204 -0.335762 0.0884822 -1.02604e-17 5.98978 0.11501 -0.142787 0.807326 0.147306 -1.10457e-17 6.50583 -0.443523 -0.0815117 2.34842 0.192112 -1.97295e-17 7.60548 -1.50593 -0.00904147 3.05986 0.229779 -2.53307e-17 9.49737 -0.914492 0.107864 3.35158 0.0441784 -2.90401e-17 10.5513 1.57691 0.0256281 0.550575 0.116696 -1.29193e-17 4.78644 0.715339 -0.66448 -16.4446 -1.47172 -1.8116e-17 4.82109 0.421791 -1.63241 -5.04318 -0.872417 -2.00958e-17 4.83041 0.765062 -1.6879 6.00495 -0.80483 1.23299 -7.60731 7.53374 2.69862 2.22333 -7.15941 12.9547 3.2495 -3.26872 -46.554 44.7859 -62.449 29.2081 0.0598081 0.137039 3.73777 -0.582479 -18.3016 24.234 0.0496219 0.113701 1.45602 -45.2053 -1.52329 -1.23299 -7.60729 7.53365 -0.903174 3.60059 10.7973 -12.9547 3.2495 -3.26872 56.8261 25.671 52.6141 -29.2081 0.0598081 0.137039 -3.95691 -0.655917 19.4125 -24.234 0.0496218 0.113702 3.4301 -52.261 4.09566 9.23673 -4.20556 2.0327 3.06571 -44.3431 -13.6512 -0.852353 -38.7721 -0.655187 -4.86846 17.7539 0.448097 -2.32622 -40.4017 -6.04875 -7.80957 -0.317883 16.6414 0.779096 -9.8844 12.4959 -3.93793e-16 -8.0866e-16 2.59455e-17 -9.23673 -4.20556 2.0327 -23.2247 -51.8296 0.0584025 0.852353 -38.7721 -0.655187 6.77458 24.077 -1.01878 2.32622 -40.4017 -6.04875 5.9392 3.25205 -16.0584 -0.779096 -9.8844 12.4959 -1.49618e-16 -5.85905e-16 -1.27617e-14 
2.71578 90.021 28.2356 4.86431 23.7383 3.93159 0 5.07867 -1.15138 -0.273074 -0.569863 0.105213 0 5.61661 1.07143 -0.221719 -0.0730396 0.143334 -1.02604e-17 5.98978 0.11501 -0.200925 1.03448 0.205378 -1.10457e-17 6.50583 -0.443523 -0.14187 2.53309 0.250361 -1.97295e-17 7.60548 -1.50593 -0.0541028 3.18084 0.291882 -2.53307e-17 9.49737 -0.914492 0.0882103 3.49157 0.122419 -2.90401e-17 10.5513 1.57691 0.0196021 0.519182 0.13944 -1.29193e-17 4.78644 0.715339 -0.748901 -18.0652 -1.41327 -1.8116e-17 4.82109 0.421791 -1.68143 -4.99691 -0.83541 -2.00958e-17 4.83041 0.765062 -1.73503 7.03827 -0.626546 1.23299 -7.60731 7.53374 1.90299 2.55847 -7.81966 12.9547 3.2495 -3.26872 -45.393 43.5205 -62.1195 29.2081 0.0598081 0.137039 3.93963 -0.650085 -19.3257 24.234 0.0496219 0.113701 1.87515 -45.238 -1.13574 -1.23299 -7.60729 7.53365 -0.0330396 3.94894 11.6007 -12.9547 3.2495 -3.26872 55.2907 24.8327 53.1664 -29.2081 0.0598081 0.137039 -3.96653 -0.659255 19.4615 -24.234 0.0496218 0.113702 3.16093 -52.2829 4.15527 9.23673 -4.20556 2.0327 3.27412 -43.9532 -12.9058 -0.852353 -38.7721 -0.655187 -4.7947 17.4994 0.430214 -2.32622 -40.4017 -6.04875 -7.99059 0.183336 16.7024 0.779096 -9.8844 12.4959 1.78243e-17 -7.95358e-16 1.26435e-17 -9.23673 -4.20556 2.0327 -22.6546 -51.8819 1.16886 0.852353 -38.7721 -0.655187 6.67832 23.7702 -0.98513 2.32622 -40.4017 -6.04875 6.27683 3.89427 -16.1463 -0.779096 -9.8844 12.4959 1.91761e-16 -5.96135e-16 -1.27717e-14 
2.76611 90.1479 28.2645 5.20649 23.4254 3.181 0 5.07867 -1.15138 -0.340509 -0.507617 0.0804324 0 5.61661 1.07143 -0.286348 0.000461791 0.111789 -1.02604e-17 5.98978 0.11501 -0.260102 1.12653 0.171976 -1.10457e-17 6.50583 -0.443523 -0.194417 2.66614 0.209898 -1.97295e-17 7.60548 -1.50593 -0.106108 3.31884 0.257079 -2.53307e-17 9.49737 -0.914492 0.0333996 3.66257 0.106984 -2.90401e-17 10.5513 1.57691 0.0110168 0.490434 0.133835 -1.29193e-17 4.78644 0.715339 -0.66759 -18.3202 -1.12473 -1.8116e-17 4.82109 0.421791 -1.69413 -4.8545 -0.705285 -2.00958e-17 4.83041 0.765062 -1.70524 7.41056 -0.365861 1.23299 -7.60731 7.53374 1.13489 2.76201 -8.27894 12.9547 3.2495 -3.26872 -45.3124 42.2939 -60.7065 29.2081 0.0598081 0.137039 4.0672 -0.694894 -19.976 24.234 0.0496219 0.113701 1.91035 -44.9092 -1.0669 -1.23299 -7.60729 7.53365 0.086648 3.82939 11.7131 -12.9547 3.2495 -3.26872 53.9623 25.3277 53.8036 -29.2081 0.0598081 0.137039 -4.04527 -0.686933 19.863 -24.234 0.0496218 0.113702 3.15557 -52.8836 3.96324 9.23673 -4.20556 2.0327 3.45162 -43.3444 -12.0887 -0.852353 -38.7721 -0.655187 -4.70708 17.1962 0.40939 -2.32622 -40.4017 -6.04875 -7.93024 0.528212 16.7001 0.779096 -9.8844 12.4959 8.05939e-16 -7.58525e-16 -2.41896e-17 -9.23673 -4.20556 2.0327 -21.9883 -51.6599 2.42818 0.852353 -38.7721 -0.655187 6.5674 23.415 -0.946964 2.32622 -40.4017 -6.04875 6.40615 4.33423 -16.1678 -0.779096 -9.8844 12.4959 1.76097e-15 -6.69581e-16 -1.28451e-14 
2.86548 90.2666 28.4337 5.5056 23.1839 2.49515 0 5.07867 -1.15138 -0.361421 -0.720875 0.0401817 0 5.61661 1.07143 -0.307282 -0.115076 0.0720808 -1.02604e-17 5.98978 0.11501 -0.281799 1.15748 0.126873 -1.10457e-17 6.50583 -0.443523 -0.215009 2.94532 0.158953 -1.97295e-17 7.60548 -1.50593 -0.138097 3.72775 0.208189 -2.53307e-17 9.49737 -0.914492 -0.0182361 4.20033 0.0749933 -2.90401e-17 10.5513 1.57691 -0.000588779 0.426505 0.118735 -1.29193e-17 4.78644 0.715339 -0.567356 -18.3322 -0.83124 -1.8116e-17 4.82109 0.421791 -1.73927 -4.82964 -0.573859 -2.00958e-17 4.83041 0.765062 -1.78587 7.65355 -0.128809 1.23299 -7.60731 7.53374 0.557071 2.61559 -8.4675 12.9547 3.2495 -3.26872 -45.2214 41.1794 -59.8912 29.2081 0.0598081 0.137039 4.15731 -0.727529 -20.4368 24.234 0.0496219 0.113701 1.9396 -44.6818 -0.931093 -1.23299 -7.60729 7.53365 0.0947004 3.43334 11.6344 -12.9547 3.2495 -3.26872 52.9677 25.7378 54.8561 -29.2081 0.0598081 0.137039 -4.09749 -0.705628 20.1296 -24.234 0.0496218 0.113702 2.81468 -52.9606 3.25862 9.23673 -4.20556 2.0327 3.56039 -42.6498 -11.4173 -0.852353 -38.7721 -0.655187 -4.59513 16.8075 0.383453 -2.32622 -40.4017 -6.04875 -7.9367 0.622728 16.6855 0.779096 -9.8844 12.4959 -2.30438e-15 -8.92117e-16 1.09402e-16 -9.23673 -4.20556 2.0327 -21.4035 -51.3954 3.55452 0.852353 -38.7721 -0.655187 6.47283 23.1107 -0.914952 2.32622 -40.4017 -6.04875 6.52159 4.57555 -16.2042 -0.779096 -9.8844 12.4959 -5.54211e-16 -5.61057e-16 -1.27488e-14 
2.91842 90.356 28.5568 5.78655 23.0506 1.85392 0 5.07867 -1.15138 -0.381184 -0.698161 0.0439185 0 5.61661 1.07143 -0.331757 -0.0690436 0.0806081 -1.02604e-17 5.98978 0.11501 -0.307068 1.23222 0.135596 -1.10457e-17 6.50583 -0.443523 -0.241235 3.0707 0.165396 -1.97295e-17 7.60548 -1.50593 -0.163122 3.8649 0.215935 -2.53307e-17 9.49737 -0.914492 -0.0414084 4.36099 0.0957646 -2.90401e-17 10.5513 1.57691 -0.00465968 0.406785 0.113793 -1.29193e-17 4.78644 0.715339 -0.538473 -17.8857 -0.737548 -1.8116e-17 4.82109 0.421791 -1.72071 -4.78124 -0.528463 -2.00958e-17 4.83041 0.765062 -1.93698 7.80143 -0.0528353 1.23299 -7.60731 7.53374 0.45097 2.52462 -8.56246 12.9547 3.2495 -3.26872 -44.949 40.4874 -59.6664 29.2081 0.0598081 0.137039 4.20784 -0.746187 -20.6958 24.234 0.0496219 0.113701 1.76533 -44.8001 -1.08089 -1.23299 -7.60729 7.53365 -0.0849288 3.24062 11.5637 -12.9547 3.2495 -3.26872 52.6189 25.9923 55.6774 -29.2081 0.0598081 0.137039 -4.08327 -0.700512 20.057 -24.234 0.0496218 0.113702 2.47061 -52.7188 2.93123 9.23673 -4.20556 2.0327 3.6888 -42.1831 -10.7908 -0.852353 -38.7721 -0.655187 -4.51754 16.5372 0.365919 -2.32622 -40.4017 -6.04875 -7.94031 0.715211 16.674 0.779096 -9.8844 12.4959 3.73251e-16 -7.8469e-16 1.97544e-18 -9.23673 -4.20556 2.0327 -20.9114 -51.2986 4.50911 0.852353 -38.7721 -0.655187 6.40084 22.8781 -0.890905 2.32622 -40.4017 -6.04875 6.55775 4.78525 -16.2151 -0.779096 -9.8844 12.4959 1.35637e-15 -6.44514e-16 -1.28325e-14 
2.92154 90.4372 28.583 6.05257 22.9603 1.25788 0 5.07867 -1.15138 -0.423551 -0.442018 0.0699738 0 5.61661 1.07143 -0.377672 0.131134 0.107888 -1.02604e-17 5.98978 0.11501 -0.349919 1.35203 0.165019 -1.10457e-17 6.50583 -0.443523 -0.281988 3.06101 0.193356 -1.97295e-17 7.60548 -1.50593 -0.192116 3.75874 0.247164 -2.53307e-17 9.49737 -0.914492 -0.0530193 4.19091 0.136729 -2.90401e-17 10.5513 1.57691 -0.00350707 0.419712 0.111559 -1.29193e-17 4.78644 0.715339 -0.532863 -16.866 -0.707461 -1.8116e-17 4.82109 0.421791 -1.69033 -4.70193 -0.511151 -2.00958e-17 4.83041 0.765062 -1.99359 7.44008 -0.114889 1.23299 -7.60731 7.53374 0.714679 2.51158 -8.61453 12.9547 3.2495 -3.26872 -44.8809 40.2838 -59.5201 29.2081 0.0598081 0.137039 4.29102 -0.77747 -21.1231 24.234 0.0496219 0.113701 1.9397 -45.0243 -1.05161 -1.23299 -7.60729 7.53365 -0.49512 3.15662 11.4453 -12.9547 3.2495 -3.26872 52.7002 26.2907 56.1873 -29.2081 0.0598081 0.137039 -4.06992 -0.695724 19.9888 -24.234 0.0496218 0.113702 2.27406 -52.4275 2.93089 9.23673 -4.20556 2.0327 3.82986 -41.8903 -10.1934 -0.852353 -38.7721 -0.655187 -4.45687 16.3254 0.352462 -2.32622 -40.4017 -6.04875 -7.94623 0.945404 16.6802 0.779096 -9.8844 12.4959 3.18719e-17 -7.94919e-16 1.22045e-17 -9.23673 -4.20556 2.0327 -20.4976 -51.3119 5.26292 0.852353 -38.7721 -0.655187 6.33413 22.6619 -0.868878 2.32622 -40.4017 -6.04875 6.64083 5.08076 -16.2333 -0.779096 -9.8844 12.4959 -1.34233e-15 -5.36209e-16 -1.2712e-14 
2.92352 90.4852 28.5735 6.27563 22.8598 0.733865 0 5.07867 -1.15138 -0.469484 -0.29984 0.0894768 0 5.61661 1.07143 -0.423935 0.24097 0.128047 -1.02604e-17 5.98978 0.11501 -0.390197 1.42422 0.187032 -1.10457e-17 6.50583 -0.443523 -0.317047 3.0696 0.214764 -1.97295e-17 7.60548 -1.50593 -0.214923 3.71661 0.270709 -2.53307e-17 9.49737 -0.914492 -0.060975 4.10347 0.167224 -2.90401e-17 10.5513 1.57691 5.81692e-05 0.426651 0.10047 -1.29193e-17 4.78644 0.715339 -0.518008 -14.9316 -0.682167 -1.8116e-17 4.82109 0.421791 -1.67236 -4.78523 -0.498745 -2.00958e-17 4.83041 0.765062 -1.97837 6.17862 -0.206193 1.23299 -7.60731 7.53374 1.44116 2.18468 -8.27304 12.9547 3.2495 -3.26872 -45.1377 40.4651 -59.498 29.2081 0.0598081 0.137039 4.39965 -0.819398 -21.6829 24.234 0.0496219 0.113701 2.04716 -45.3166 -0.833703 -1.23299 -7.60729 7.53365 -1.26958 2.80047 10.9378 -12.9547 3.2495 -3.26872 53.1431 26.9716 56.6886 -29.2081 0.0598081 0.137039 -4.09049 -0.703108 20.0939 -24.234 0.0496218 0.113702 2.1421 -52.2313 2.77069 9.23673 -4.20556 2.0327 3.97031 -41.6861 -9.62458 -0.852353 -38.7721 -0.655187 -4.43005 16.2316 0.346582 -2.32622 -40.4017 -6.04875 -7.92959 1.10563 16.6742 0.779096 -9.8844 12.4959 4.15394e-16 -7.82934e-16 2.19493e-19 -9.23673 -4.20556 2.0327 -20.1133 -51.3593 5.93622 0.852353 -38.7721 -0.655187 6.29625 22.5389 -0.856477 2.32622 -40.4017 -6.04875 6.6131 5.34619 -16.2181 -0.779096 -9.8844 12.4959 -4.51586e-15 -3.99984e-16 -1.25755e-14 
2.9409 90.4982 28.5811 6.46207 22.7367 0.2538 0 5.07867 -1.15138 -0.490289 -0.202513 0.0961108 0 5.61661 1.07143 -0.444694 0.325296 0.13834 -1.02604e-17 5.98978 0.11501 -0.407859 1.49807 0.197501 -1.10457e-17 6.50583 -0.443523 -0.332093 3.12529 0.225529 -1.97295e-17 7.60548 -1.50593 -0.224612 3.74814 0.280986 -2.53307e-17 9.49737 -0.914492 -0.0660376 4.11745 0.181656 -2.90401e-17 10.5513 1.57691 -0.000441451 0.419236 0.090605 -1.29193e-17 4.78644 0.715339 -0.51016 -13.4087 -0.659968 -1.8116e-17 4.82109 0.421791 -1.69408 -4.94867 -0.488653 -2.00958e-17 4.83041 0.765062 -1.99704 5.02958 -0.207997 1.23299 -7.60731 7.53374 2.10495 1.84868 -7.93524 12.9547 3.2495 -3.26872 -45.5492 40.6249 -59.4969 29.2081 0.0598081 0.137039 4.49714 -0.858067 -22.187 24.234 0.0496219 0.113701 2.26774 -45.4282 -0.559506 -1.23299 -7.60729 7.53365 -1.90332 2.48192 10.5205 -12.9547 3.2495 -3.26872 53.5313 27.5382 57.2116 -29.2081 0.0598081 0.137039 -4.093 -0.704012 20.1067 -24.234 0.0496218 0.113702 2.01507 -51.9705 2.65701 9.23673 -4.20556 2.0327 4.11169 -41.476 -9.13237 -0.852353 -38.7721 -0.655187 -4.42324 16.2078 0.345097 -2.32622 -40.4017 -6.04875 -7.95732 1.06654 16.6626 0.779096 -9.8844 12.4959 4.22417e-16 -7.82715e-16 2.88531e-33 -9.23673 -4.20556 2.0327 -19.7408 -51.4093 6.58212 0.852353 -38.7721 -0.655187 6.29336 22.5294 -0.855533 2.32622 -40.4017 -6.04875 6.60247 5.46058 -16.2184 -0.779096 -9.8844 12.4959 -6.66592e-16 -5.56228e-16 -1.2744e-14 
2.96412 90.4813 28.6213 6.62645 22.6463 -0.191278 0 5.07867 -1.15138 -0.490624 -0.131808 0.103923 0 5.61661 1.07143 -0.446945 0.393351 0.153008 -1.02604e-17 5.98978 0.11501 -0.410829 1.56598 0.212716 -1.10457e-17 6.50583 -0.443523 -0.336657 3.19199 0.241653 -1.97295e-17 7.60548 -1.50593 -0.227756 3.80085 0.295223 -2.53307e-17 9.49737 -0.914492 -0.0681918 4.16216 0.1999 -2.90401e-17 10.5513 1.57691 -0.00195549 0.408315 0.0852169 -1.29193e-17 4.78644 0.715339 -0.518399 -12.3942 -0.665134 -1.8116e-17 4.82109 0.421791 -1.7466 -5.15217 -0.491705 -2.00958e-17 4.83041 0.765062 -2.05413 4.11026 -0.184575 1.23299 -7.60731 7.53374 2.64821 1.56164 -7.67482 12.9547 3.2495 -3.26872 -45.8931 40.5897 -59.5732 29.2081 0.0598081 0.137039 4.54095 -0.875767 -22.4141 24.234 0.0496219 0.113701 2.21563 -45.4849 -0.537966 -1.23299 -7.60729 7.53365 -2.3287 2.26713 10.2465 -12.9547 3.2495 -3.26872 53.8613 27.8496 57.684 -29.2081 0.0598081 0.137039 -4.04573 -0.687099 19.8653 -24.234 0.0496218 0.113702 2.05607 -51.6535 2.76303 9.23673 -4.20556 2.0327 4.2484 -41.3151 -8.6894 -0.852353 -38.7721 -0.655187 -4.44016 16.267 0.348794 -2.32622 -40.4017 -6.04875 -7.92387 0.873962 16.6348 0.779096 -9.8844 12.4959 8.12963e-16 -7.58306e-16 -2.44091e-17 -9.23673 -4.20556 2.0327 -19.402 -51.4858 7.16998 0.852353 -38.7721 -0.655187 6.31608 22.6033 -0.862959 2.32622 -40.4017 -6.04875 6.55026 5.40923 -16.2102 -0.779096 -9.8844 12.4959 -1.76799e-15 -5.10264e-16 -1.26982e-14 
2.99277 90.4461 28.6869 6.77028 22.6195 -0.566302 0 5.07867 -1.15138 -0.487691 -0.124713 0.100303 0 5.61661 1.07143 -0.445144 0.401464 0.153504 -1.02604e-17 5.98978 0.11501 -0.410562 1.58409 0.213219 -1.10457e-17 6.50583 -0.443523 -0.337906 3.22356 0.241682 -1.97295e-17 7.60548 -1.50593 -0.230999 3.83372 0.293579 -2.53307e-17 9.49737 -0.914492 -0.0758441 4.18809 0.201304 -2.90401e-17 10.5513 1.57691 -0.00236328 0.403076 0.0745199 -1.29193e-17 4.78644 0.715339 -0.498105 -11.1091 -0.618965 -1.8116e-17 4.82109 0.421791 -1.80418 -5.3517 -0.473652 -2.00958e-17 4.83041 0.765062 -2.13659 2.93143 -0.187802 1.23299 -7.60731 7.53374 3.29221 1.24367 -7.32834 12.9547 3.2495 -3.26872 -46.311 40.7994 -59.6495 29.2081 0.0598081 0.137039 4.5662 -0.886061 -22.5451 24.234 0.0496219 0.113701 2.17477 -45.7349 -0.518212 -1.23299 -7.60729 7.53365 -2.92414 1.98101 9.8034 -12.9547 3.2495 -3.26872 54.164 28.4239 58.045 -29.2081 0.0598081 0.137039 -4.00478 -0.672626 19.6564 -24.234 0.0496218 0.113702 2.41834 -51.65 3.07593 9.23673 -4.20556 2.0327 4.35209 -41.2003 -8.25972 -0.852353 -38.7721 -0.655187 -4.45649 16.3241 0.352377 -2.32622 -40.4017 -6.04875 -7.80526 0.601507 16.5851 0.779096 -9.8844 12.4959 3.88957e-17 -7.9448e-16 1.17656e-17 -9.23673 -4.20556 2.0327 -19.1448 -51.5972 7.64179 0.852353 -38.7721 -0.655187 6.35458 22.7282 -0.875604 2.32622 -40.4017 -6.04875 6.43857 5.25144 -16.1833 -0.779096 -9.8844 12.4959 1.72585e-15 -6.68045e-16 -1.28438e-14 
3.02399 90.3965 28.7547 6.91523 22.6579 -0.904055 0 5.07867 -1.15138 -0.493206 -0.110151 0.096407 0 5.61661 1.07143 -0.451839 0.418286 0.153782 -1.02604e-17 5.98978 0.11501 -0.417628 1.61065 0.213301 -1.10457e-17 6.50583 -0.443523 -0.345661 3.26289 0.241784 -1.97295e-17 7.60548 -1.50593 -0.239337 3.87426 0.293337 -2.53307e-17 9.49737 -0.914492 -0.0871813 4.22797 0.205256 -2.90401e-17 10.5513 1.57691 -0.00387765 0.393858 0.0662657 -1.29193e-17 4.78644 0.715339 -0.509192 -10.299 -0.621385 -1.8116e-17 4.82109 0.421791 -1.89452 -5.57753 -0.477403 -2.00958e-17 4.83041 0.765062 -2.16569 2.06866 -0.155666 1.23299 -7.60731 7.53374 3.79279 1.00421 -7.08368 12.9547 3.2495 -3.26872 -46.5897 40.9184 -59.732 29.2081 0.0598081 0.137039 4.58 -0.891715 -22.6168 24.234 0.0496219 0.113701 2.14097 -45.9851 -0.544072 -1.23299 -7.60729 7.53365 -3.36324 1.77073 9.50267 -12.9547 3.2495 -3.26872 54.4577 28.8297 58.4076 -29.2081 0.0598081 0.137039 -3.96375 -0.658296 19.4474 -24.234 0.0496218 0.113702 2.63898 -51.5599 3.28496 9.23673 -4.20556 2.0327 4.41329 -41.1509 -7.96482 -0.852353 -38.7721 -0.655187 -4.47016 16.3718 0.355389 -2.32622 -40.4017 -6.04875 -7.74234 0.265212 16.5416 0.779096 -9.8844 12.4959 -3.65697e-16 -8.07343e-16 2.46286e-17 -9.23673 -4.20556 2.0327 -18.9547 -51.7896 8.05112 0.852353 -38.7721 -0.655187 6.41123 22.9117 -0.89436 2.32622 -40.4017 -6.04875 6.29516 5.0601 -16.1528 -0.779096 -9.8844 12.4959 4.52288e-15 -7.80739e-16 -1.29685e-14 
3.05484 90.3446 28.7953 7.02598 22.7211 -1.17809 0 5.07867 -1.15138 -0.493093 -0.0303286 0.0946052 0 5.61661 1.07143 -0.451503 0.472594 0.156886 -1.02604e-17 5.98978 0.11501 -0.417903 1.63601 0.218091 -1.10457e-17 6.50583 -0.443523 -0.34686 3.23419 0.24682 -1.97295e-17 7.60548 -1.50593 -0.240307 3.81 0.296665 -2.53307e-17 9.49737 -0.914492 -0.0892204 4.1273 0.210905 -2.90401e-17 10.5513 1.57691 -0.00276894 0.402433 0.0594997 -1.29193e-17 4.78644 0.715339 -0.510219 -9.31608 -0.630695 -1.8116e-17 4.82109 0.421791 -1.9639 -5.77225 -0.48352 -2.00958e-17 4.83041 0.765062 -2.26038 1.14665 -0.145392 1.23299 -7.60731 7.53374 4.44421 0.801389 -6.79756 12.9547 3.2495 -3.26872 -46.7609 41.1776 -59.8401 29.2081 0.0598081 0.137039 4.59433 -0.897611 -22.6913 24.234 0.0496219 0.113701 1.90949 -46.4912 -0.711867 -1.23299 -7.60729 7.53365 -3.93019 1.61164 9.16818 -12.9547 3.2495 -3.26872 54.9601 29.3529 58.678 -29.2081 0.0598081 0.137039 -3.9214 -0.643679 19.2319 -24.234 0.0496218 0.113702 2.71668 -51.4127 3.36539 9.23673 -4.20556 2.0327 4.46742 -41.1669 -7.75415 -0.852353 -38.7721 -0.655187 -4.48739 16.432 0.359204 -2.32622 -40.4017 -6.04875 -7.6742 -0.0413927 16.4955 0.779096 -9.8844 12.4959 -1.1538e-15 -8.44176e-16 6.14613e-17 -9.23673 -4.20556 2.0327 -18.825 -51.9859 8.32374 0.852353 -38.7721 -0.655187 6.46031 23.0703 -0.91075 2.32622 -40.4017 -6.04875 6.19789 4.87313 -16.1248 -0.779096 -9.8844 12.4959 2.2288e-15 -6.85079e-16 -1.28609e-14 
3.07859 90.3031 28.804 7.09491 22.7859 -1.40014 0 5.07867 -1.15138 -0.489661 0.112877 0.0867084 0 5.61661 1.07143 -0.446119 0.570698 0.15204 -1.02604e-17 5.98978 0.11501 -0.412965 1.6781 0.214346 -1.10457e-17 6.50583 -0.443523 -0.34252 3.18012 0.242928 -1.97295e-17 7.60548 -1.50593 -0.237155 3.69405 0.290695 -2.53307e-17 9.49737 -0.914492 -0.0893898 3.9581 0.205217 -2.90401e-17 10.5513 1.57691 -0.00159989 0.418002 0.053252 -1.29193e-17 4.78644 0.715339 -0.496797 -8.40782 -0.610615 -1.8116e-17 4.82109 0.421791 -2.01808 -5.93041 -0.475331 -2.00958e-17 4.83041 0.765062 -2.36423 0.292652 -0.128469 1.23299 -7.60731 7.53374 5.06183 0.678345 -6.56677 12.9547 3.2495 -3.26872 -46.9248 41.5407 -59.9034 29.2081 0.0598081 0.137039 4.62141 -0.908807 -22.8321 24.234 0.0496219 0.113701 1.91539 -47.0373 -0.761855 -1.23299 -7.60729 7.53365 -4.51755 1.50488 8.87214 -12.9547 3.2495 -3.26872 55.3928 29.8664 58.8981 -29.2081 0.0598081 0.137039 -3.88038 -0.62969 19.0235 -24.234 0.0496218 0.113702 2.89061 -51.3427 3.55656 9.23673 -4.20556 2.0327 4.5361 -41.2076 -7.58768 -0.852353 -38.7721 -0.655187 -4.49719 16.4662 0.361381 -2.32622 -40.4017 -6.04875 -7.61355 -0.274393 16.4542 0.779096 -9.8844 12.4959 -3.86778e-16 -8.08222e-16 2.5507e-17 -9.23673 -4.20556 2.0327 -18.6921 -52.1742 8.51436 0.852353 -38.7721 -0.655187 6.49712 23.1889 -0.923127 2.32622 -40.4017 -6.04875 6.08965 4.77364 -16.0975 -0.779096 -9.8844 12.4959 -2.10932e-15 -5.00256e-16 -1.26758e-14 
3.09554 90.2731 28.7855 7.15793 22.8486 -1.57937 0 5.07867 -1.15138 -0.483625 0.271804 0.0734934 0 5.61661 1.07143 -0.437591 0.684096 0.141231 -1.02604e-17 5.98978 0.11501 -0.404904 1.73389 0.203967 -1.10457e-17 6.50583 -0.443523 -0.335022 3.13991 0.232388 -1.97295e-17 7.60548 -1.50593 -0.232744 3.5908 0.277897 -2.53307e-17 9.49737 -0.914492 -0.0915554 3.80269 0.192753 -2.90401e-17 10.5513 1.57691 -0.00161209 0.43209 0.0470075 -1.29193e-17 4.78644 0.715339 -0.488848 -7.54066 -0.592753 -1.8116e-17 4.82109 0.421791 -2.08069 -6.09754 -0.468538 -2.00958e-17 4.83041 0.765062 -2.43796 -0.530499 -0.0724773 1.23299 -7.60731 7.53374 5.70282 0.542001 -6.31641 12.9547 3.2495 -3.26872 -47.1309 41.8558 -60.0002 29.2081 0.0598081 0.137039 4.64551 -0.918835 -22.9575 24.234 0.0496219 0.113701 1.91173 -47.5787 -0.799472 -1.23299 -7.60729 7.53365 -5.09657 1.38958 8.59398 -12.9547 3.2495 -3.26872 55.8082 30.3207 59.1179 -29.2081 0.0598081 0.137039 -3.84293 -0.617062 18.8334 -24.234 0.0496218 0.113702 3.06419 -51.3135 3.74233 9.23673 -4.20556 2.0327 4.59406 -41.281 -7.43344 -0.852353 -38.7721 -0.655187 -4.50667 16.4993 0.363491 -2.32622 -40.4017 -6.04875 -7.60762 -0.410949 16.4239 0.779096 -9.8844 12.4959 -7.63262e-16 -8.31972e-16 4.92569e-17 -9.23673 -4.20556 2.0327 -18.5736 -52.3513 8.72093 0.852353 -38.7721 -0.655187 6.52502 23.2788 -0.93256 2.32622 -40.4017 -6.04875 5.99865 4.73946 -16.0761 -0.779096 -9.8844 12.4959 5.47154e-16 -6.19006e-16 -1.27946e-14 
3.10464 90.2573 28.7668 7.23341 22.8572 -1.75158 0 5.07867 -1.15138 -0.489386 0.440749 0.0602711 0 5.61661 1.07143 -0.438951 0.806303 0.128326 -1.02604e-17 5.98978 0.11501 -0.404219 1.79706 0.190954 -1.10457e-17 6.50583 -0.443523 -0.332508 3.10537 0.21895 -1.97295e-17 7.60548 -1.50593 -0.231171 3.49163 0.263064 -2.53307e-17 9.49737 -0.914492 -0.0945421 3.65246 0.177768 -2.90401e-17 10.5513 1.57691 -0.00191439 0.44507 0.040183 -1.29193e-17 4.78644 0.715339 -0.473831 -6.73161 -0.54725 -1.8116e-17 4.82109 0.421791 -2.134 -6.23475 -0.44915 -2.00958e-17 4.83041 0.765062 -2.50013 -1.26107 -0.0136088 1.23299 -7.60731 7.53374 6.28417 0.437641 -6.10193 12.9547 3.2495 -3.26872 -47.429 42.1513 -59.988 29.2081 0.0598081 0.137039 4.66348 -0.926354 -23.0511 24.234 0.0496219 0.113701 1.95107 -48.0351 -0.821899 -1.23299 -7.60729 7.53365 -5.63847 1.28646 8.33378 -12.9547 3.2495 -3.26872 56.2149 30.7907 59.3003 -29.2081 0.0598081 0.137039 -3.80842 -0.605552 18.6584 -24.234 0.0496218 0.113702 3.23552 -51.3227 3.93536 9.23673 -4.20556 2.0327 4.62991 -41.2979 -7.28089 -0.852353 -38.7721 -0.655187 -4.51022 16.5117 0.364283 -2.32622 -40.4017 -6.04875 -7.61532 -0.471561 16.4034 0.779096 -9.8844 12.4959 -3.7975e-16 -8.08002e-16 2.52874e-17 -9.23673 -4.20556 2.0327 -18.4553 -52.4481 8.92825 0.852353 -38.7721 -0.655187 6.54092 23.3299 -0.937952 2.32622 -40.4017 -6.04875 5.93471 4.72024 -16.0602 -0.779096 -9.8844 12.4959 -2.91851e-15 -4.62545e-16 -1.26381e-14 
3.1037 90.2566 28.7949 7.30096 22.8054 -1.96076 0 5.07867 -1.15138 -0.49446 0.548685 0.0549301 0 5.61661 1.07143 -0.440898 0.88995 0.124048 -1.02604e-17 5.98978 0.11501 -0.404279 1.85137 0.18633 -1.10457e-17 6.50583 -0.443523 -0.331175 3.11112 0.214105 -1.97295e-17 7.60548 -1.50593 -0.229469 3.46121 0.256692 -2.53307e-17 9.49737 -0.914492 -0.0953331 3.59265 0.170937 -2.90401e-17 10.5513 1.57691 -0.00191943 0.448489 0.0324902 -1.29193e-17 4.78644 0.715339 -0.454569 -5.94028 -0.484516 -1.8116e-17 4.82109 0.421791 -2.17698 -6.37491 -0.42188 -2.00958e-17 4.83041 0.765062 -2.57079 -1.96109 0.0533041 1.23299 -7.60731 7.53374 6.84031 0.283471 -5.85696 12.9547 3.2495 -3.26872 -47.7536 42.4049 -59.9923 29.2081 0.0598081 0.137039 4.66796 -0.928233 -23.0745 24.234 0.0496219 0.113701 1.90347 -48.4873 -0.866558 -1.23299 -7.60729 7.53365 -6.12043 1.14708 8.05079 -12.9547 3.2495 -3.26872 56.6122 31.2298 59.4732 -29.2081 0.0598081 0.137039 -3.76768 -0.592111 18.452 -24.234 0.0496218 0.113702 3.44791 -51.286 4.11154 9.23673 -4.20556 2.0327 4.69133 -41.2018 -7.12282 -0.852353 -38.7721 -0.655187 -4.50708 16.5008 0.363583 -2.32622 -40.4017 -6.04875 -7.59119 -0.529175 16.385 0.779096 -9.8844 12.4959 7.98901e-16 -7.58745e-16 -2.39695e-17 -9.23673 -4.20556 2.0327 -18.237 -52.4368 9.22558 0.852353 -38.7721 -0.655187 6.54219 23.334 -0.938384 2.32622 -40.4017 -6.04875 5.85525 4.68048 -16.0402 -0.779096 -9.8844 12.4959 -2.59123e-15 -4.84098e-16 -1.26597e-14 
3.09942 90.2659 28.8711 7.3449 22.7606 -2.18856 0 5.07867 -1.15138 -0.511119 0.554982 0.0681105 0 5.61661 1.07143 -0.453052 0.88469 0.140146 -1.02604e-17 5.98978 0.11501 -0.411526 1.83757 0.204137 -1.10457e-17 6.50583 -0.443523 -0.334123 3.0711 0.231698 -1.97295e-17 7.60548 -1.50593 -0.223767 3.40912 0.271713 -2.53307e-17 9.49737 -0.914492 -0.0823776 3.50023 0.18242 -2.90401e-17 10.5513 1.57691 0.00511513 0.462716 0.0162417 -1.29193e-17 4.78644 0.715339 -0.418694 -4.14035 -0.440156 -1.8116e-17 4.82109 0.421791 -2.18808 -6.55829 -0.402955 -2.00958e-17 4.83041 0.765062 -2.64312 -3.27612 0.0438256 1.23299 -7.60731 7.53374 8.07526 -0.091879 -5.15838 12.9547 3.2495 -3.26872 -48.1745 43.2486 -60.0938 29.2081 0.0598081 0.137039 4.70331 -0.94314 -23.2588 24.234 0.0496219 0.113701 1.48557 -49.3742 -1.10309 -1.23299 -7.60729 7.53365 -7.17386 0.791109 7.25122 -12.9547 3.2495 -3.26872 57.6685 32.2491 59.5668 -29.2081 0.0598081 0.137039 -3.74315 -0.584096 18.3279 -24.234 0.0496218 0.113702 3.63485 -51.3062 4.09486 9.23673 -4.20556 2.0327 4.80074 -41.0588 -6.8574 -0.852353 -38.7721 -0.655187 -4.49858 16.4711 0.361689 -2.32622 -40.4017 -6.04875 -7.48957 -0.593543 16.3503 0.779096 -9.8844 12.4959 -1.52326e-15 -8.67706e-16 8.49915e-17 -9.23673 -4.20556 2.0327 -17.9596 -52.3725 9.53856 0.852353 -38.7721 -0.655187 6.52827 23.2892 -0.933661 2.32622 -40.4017 -6.04875 5.73733 4.62326 -16.0002 -0.779096 -9.8844 12.4959 -1.02204e-15 -5.4556e-16 -1.27211e-14 
3.09516 90.2811 28.9686 7.3881 22.7454 -2.43113 0 5.07867 -1.15138 -0.51441 0.541116 0.0707354 0 5.61661 1.07143 -0.452823 0.874473 0.147368 -1.02604e-17 5.98978 0.11501 -0.407992 1.84123 0.210937 -1.10457e-17 6.50583 -0.443523 -0.327075 3.09039 0.238676 -1.97295e-17 7.60548 -1.50593 -0.211834 3.43593 0.274851 -2.53307e-17 9.49737 -0.914492 -0.0699462 3.51275 0.179803 -2.90401e-17 10.5513 1.57691 0.00903922 0.461071 -0.000733265 -1.29193e-17 4.78644 0.715339 -0.381878 -2.56533 -0.401152 -1.8116e-17 4.82109 0.421791 -2.18557 -6.8187 -0.387368 -2.00958e-17 4.83041 0.765062 -2.76583 -4.54082 0.12509 1.23299 -7.60731 7.53374 9.27952 -0.485319 -4.47118 12.9547 3.2495 -3.26872 -48.6792 44.0774 -60.3341 29.2081 0.0598081 0.137039 4.76144 -0.967948 -23.5625 24.234 0.0496219 0.113701 1.54154 -50.1354 -0.985078 -1.23299 -7.60729 7.53365 -8.21729 0.413154 6.47629 -12.9547 3.2495 -3.26872 58.6591 33.1153 59.6866 -29.2081 0.0598081 0.137039 -3.70326 -0.571189 18.1262 -24.234 0.0496218 0.113702 4.01789 -51.17 4.32255 9.23673 -4.20556 2.0327 4.92422 -40.893 -6.58779 -0.852353 -38.7721 -0.655187 -4.4737 16.3842 0.356173 -2.32622 -40.4017 -6.04875 -7.48171 -0.695915 16.3237 0.779096 -9.8844 12.4959 -3.26604e-18 -7.96457e-16 1.37419e-17 -9.23673 -4.20556 2.0327 -17.6706 -52.3399 9.85638 0.852353 -38.7721 -0.655187 6.51697 23.2529 -0.929833 2.32622 -40.4017 -6.04875 5.63373 4.57217 -15.9748 -0.779096 -9.8844 12.4959 3.30203e-15 -7.29724e-16 -1.29053e-14 
3.09246 90.2967 29.0513 7.45254 22.7412 -2.67765 0 5.07867 -1.15138 -0.511108 0.608653 0.0619662 0 5.61661 1.07143 -0.446038 0.928159 0.143149 -1.02604e-17 5.98978 0.11501 -0.400331 1.88179 0.205243 -1.10457e-17 6.50583 -0.443523 -0.31858 3.10575 0.232572 -1.97295e-17 7.60548 -1.50593 -0.204338 3.43114 0.265468 -2.53307e-17 9.49737 -0.914492 -0.0691713 3.48309 0.168496 -2.90401e-17 10.5513 1.57691 0.00886971 0.459749 -0.0133035 -1.29193e-17 4.78644 0.715339 -0.371608 -1.46484 -0.35423 -1.8116e-17 4.82109 0.421791 -2.26829 -7.05646 -0.370039 -2.00958e-17 4.83041 0.765062 -2.8056 -5.47598 0.261609 1.23299 -7.60731 7.53374 10.2425 -0.750038 -3.98612 12.9547 3.2495 -3.26872 -49.3464 44.5622 -60.2952 29.2081 0.0598081 0.137039 4.80741 -0.987823 -23.8031 24.234 0.0496219 0.113701 1.5686 -50.5985 -0.97362 -1.23299 -7.60729 7.53365 -9.0312 0.156421 5.93927 -12.9547 3.2495 -3.26872 59.4842 33.7292 59.8447 -29.2081 0.0598081 0.137039 -3.64635 -0.553044 17.8388 -24.234 0.0496218 0.113702 4.30915 -50.8712 4.55424 9.23673 -4.20556 2.0327 5.03687 -40.7674 -6.3215 -0.852353 -38.7721 -0.655187 -4.45663 16.3246 0.352408 -2.32622 -40.4017 -6.04875 -7.5313 -0.777739 16.3067 0.779096 -9.8844 12.4959 2.48481e-17 -7.95139e-16 1.2424e-17 -9.23673 -4.20556 2.0327 -17.424 -52.316 10.1549 0.852353 -38.7721 -0.655187 6.5005 23.1998 -0.924268 2.32622 -40.4017 -6.04875 5.54751 4.52346 -15.9488 -0.779096 -9.8844 12.4959 -9.16609e-16 -5.49952e-16 -1.27255e-14 
3.09105 90.3088 29.1103 7.53666 22.7042 -2.91295 0 5.07867 -1.15138 -0.512743 0.729074 0.0572692 0 5.61661 1.07143 -0.444413 1.01844 0.141795 -1.02604e-17 5.98978 0.11501 -0.397273 1.93346 0.203374 -1.10457e-17 6.50583 -0.443523 -0.314305 3.09229 0.230341 -1.97295e-17 7.60548 -1.50593 -0.199305 3.37296 0.260818 -2.53307e-17 9.49737 -0.914492 -0.0667184 3.38382 0.161776 -2.90401e-17 10.5513 1.57691 0.00949376 0.466363 -0.0217186 -1.29193e-17 4.78644 0.715339 -0.3595 -0.624664 -0.296288 -1.8116e-17 4.82109 0.421791 -2.33276 -7.19715 -0.34627 -2.00958e-17 4.83041 0.765062 -2.88241 -6.16157 0.350816 1.23299 -7.60731 7.53374 10.9786 -0.892361 -3.67025 12.9547 3.2495 -3.26872 -49.9112 44.9293 -60.1643 29.2081 0.0598081 0.137039 4.83574 -1.00019 -23.9516 24.234 0.0496219 0.113701 1.51963 -51.0495 -1.10296 -1.23299 -7.60729 7.53365 -9.65966 0.018449 5.5613 -12.9547 3.2495 -3.26872 60.1893 34.2388 59.8661 -29.2081 0.0598081 0.137039 -3.59103 -0.535703 17.5598 -24.234 0.0496218 0.113702 4.53053 -50.5497 4.79981 9.23673 -4.20556 2.0327 5.10989 -40.6463 -6.07335 -0.852353 -38.7721 -0.655187 -4.4466 16.2895 0.350205 -2.32622 -40.4017 -6.04875 -7.54304 -0.820753 16.2923 0.779096 -9.8844 12.4959 2.48481e-17 -7.95139e-16 1.2424e-17 -9.23673 -4.20556 2.0327 -17.2202 -52.2846 10.4239 0.852353 -38.7721 -0.655187 6.49125 23.17 -0.921149 2.32622 -40.4017 -6.04875 5.48083 4.48331 -15.9295 -0.779096 -9.8844 12.4959 -6.03383e-16 -5.58862e-16 -1.27466e-14 
3.09428 90.3203 29.1668 7.61938 22.631 -3.13905 0 5.07867 -1.15138 -0.518724 0.843215 0.0555554 0 5.61661 1.07143 -0.447799 1.11468 0.143317 -1.02604e-17 5.98978 0.11501 -0.398556 2.00499 0.204176 -1.10457e-17 6.50583 -0.443523 -0.314358 3.12346 0.231414 -1.97295e-17 7.60548 -1.50593 -0.197557 3.36979 0.260455 -2.53307e-17 9.49737 -0.914492 -0.0651835 3.36255 0.161068 -2.90401e-17 10.5513 1.57691 0.00840788 0.463004 -0.0249159 -1.29193e-17 4.78644 0.715339 -0.358477 -0.269595 -0.269746 -1.8116e-17 4.82109 0.421791 -2.38037 -7.30641 -0.335492 -2.00958e-17 4.83041 0.765062 -2.92753 -6.52081 0.467764 1.23299 -7.60731 7.53374 11.3039 -0.969483 -3.56898 12.9547 3.2495 -3.26872 -50.2212 44.9717 -60.06 29.2081 0.0598081 0.137039 4.84531 -1.00438 -24.0018 24.234 0.0496219 0.113701 1.50339 -51.3743 -1.21775 -1.23299 -7.60729 7.53365 -9.92354 -0.0410425 5.43319 -12.9547 3.2495 -3.26872 60.6529 34.4315 59.9367 -29.2081 0.0598081 0.137039 -3.52902 -0.51662 17.2477 -24.234 0.0496218 0.113702 4.55959 -50.094 4.89054 9.23673 -4.20556 2.0327 5.16346 -40.4869 -5.85051 -0.852353 -38.7721 -0.655187 -4.43423 16.2463 0.347496 -2.32622 -40.4017 -6.04875 -7.56647 -0.871605 16.2829 0.779096 -9.8844 12.4959 2.48481e-17 -7.95139e-16 1.2424e-17 -9.23673 -4.20556 2.0327 -17.027 -52.2212 10.6763 0.852353 -38.7721 -0.655187 6.48564 23.152 -0.91926 2.32622 -40.4017 -6.04875 5.4209 4.43942 -15.9119 -0.779096 -9.8844 12.4959 -1.37744e-15 -5.34673e-16 -1.27105e-14 
3.1008 90.3391 29.242 7.66746 22.5313 -3.34715 0 5.07867 -1.15138 -0.513314 0.943397 0.0532466 0 5.61661 1.07143 -0.440913 1.19961 0.144394 -1.02604e-17 5.98978 0.11501 -0.391901 2.06899 0.204694 -1.10457e-17 6.50583 -0.443523 -0.308649 3.15288 0.231749 -1.97295e-17 7.60548 -1.50593 -0.192799 3.36931 0.258561 -2.53307e-17 9.49737 -0.914492 -0.0631212 3.34565 0.159428 -2.90401e-17 10.5513 1.57691 0.00721391 0.461032 -0.0276036 -1.29193e-17 4.78644 0.715339 -0.352455 0.0918997 -0.225784 -1.8116e-17 4.82109 0.421791 -2.41832 -7.38422 -0.316049 -2.00958e-17 4.83041 0.765062 -2.9926 -6.82878 0.55532 1.23299 -7.60731 7.53374 11.5819 -1.04589 -3.47691 12.9547 3.2495 -3.26872 -50.502 44.962 -59.896 29.2081 0.0598081 0.137039 4.86052 -1.01108 -24.0817 24.234 0.0496219 0.113701 1.40539 -51.7407 -1.34408 -1.23299 -7.60729 7.53365 -10.1633 -0.10508 5.31235 -12.9547 3.2495 -3.26872 61.0655 34.6203 59.9883 -29.2081 0.0598081 0.137039 -3.47705 -0.500907 16.9864 -24.234 0.0496218 0.113702 4.55045 -49.6871 4.88653 9.23673 -4.20556 2.0327 5.23586 -40.2807 -5.61432 -0.852353 -38.7721 -0.655187 -4.41937 16.1943 0.344254 -2.32622 -40.4017 -6.04875 -7.5452 -0.917092 16.2674 0.779096 -9.8844 12.4959 4.15389e-16 -7.82934e-16 2.19642e-19 -9.23673 -4.20556 2.0327 -16.7958 -52.0888 10.9394 0.852353 -38.7721 -0.655187 6.46825 23.0959 -0.913414 2.32622 -40.4017 -6.04875 5.36541 4.39241 -15.8941 -0.779096 -9.8844 12.4959 -3.73474e-15 -4.24394e-16 -1.26122e-14 
3.10889 90.3607 29.3329 7.71606 22.4663 -3.56367 0 5.07867 -1.15138 -0.498063 1.05635 0.0979352 0 5.61661 1.07143 -0.43112 1.30752 0.202534 -1.02604e-17 5.98978 0.11501 -0.38395 2.16064 0.265828 -1.10457e-17 6.50583 -0.443523 -0.306059 3.20965 0.296836 -1.97295e-17 7.60548 -1.50593 -0.180383 3.39459 0.320797 -2.53307e-17 9.49737 -0.914492 -0.034051 3.36386 0.221511 -2.90401e-17 10.5513 1.57691 0.00944943 0.454202 -0.0143429 -1.29193e-17 4.78644 0.715339 -0.392001 -0.084801 -0.353907 -1.8116e-17 4.82109 0.421791 -2.45611 -7.42696 -0.374239 -2.00958e-17 4.83041 0.765062 -3.05252 -6.7563 0.539829 1.23299 -7.60731 7.53374 11.7573 -1.09839 -3.46766 12.9547 3.2495 -3.26872 -50.1958 44.9215 -60.2124 29.2081 0.0598081 0.137039 4.89426 -1.026 -24.2589 24.234 0.0496219 0.113701 1.22577 -52.2319 -1.50086 -1.23299 -7.60729 7.53365 -9.89189 0.00816245 5.52184 -12.9547 3.2495 -3.26872 61.8372 34.2447 59.9349 -29.2081 0.0598081 0.137039 -3.40143 -0.478507 16.6068 -24.234 0.0496218 0.113702 3.74386 -48.7147 4.30644 9.23673 -4.20556 2.0327 5.31288 -40.1128 -5.42575 -0.852353 -38.7721 -0.655187 -4.41019 16.1621 0.342257 -2.32622 -40.4017 -6.04875 -7.55495 -0.968782 16.2568 0.779096 -9.8844 12.4959 4.22417e-16 -7.82715e-16 2.88531e-33 -9.23673 -4.20556 2.0327 -16.5638 -51.9716 11.2178 0.852353 -38.7721 -0.655187 6.44558 23.0227 -0.905817 2.32622 -40.4017 -6.04875 5.35296 4.32442 -15.8919 -0.779096 -9.8844 12.4959 -2.99583e-15 -4.59031e-16 -1.26348e-14 
3.1194 90.3808 29.4278 7.78495 22.4042 -3.77767 0 5.07867 -1.15138 -0.477208 1.13239 0.141455 0 5.61661 1.07143 -0.416306 1.37683 0.258995 -1.02604e-17 5.98978 0.11501 -0.372624 2.21744 0.326076 -1.10457e-17 6.50583 -0.443523 -0.300086 3.23708 0.359825 -1.97295e-17 7.60548 -1.50593 -0.165361 3.39781 0.380123 -2.53307e-17 9.49737 -0.914492 -0.00280915 3.35022 0.279072 -2.90401e-17 10.5513 1.57691 0.0145876 0.452881 -0.00481427 -1.29193e-17 4.78644 0.715339 -0.410937 0.156116 -0.477714 -1.8116e-17 4.82109 0.421791 -2.44719 -7.42943 -0.431317 -2.00958e-17 4.83041 0.765062 -3.22799 -6.8992 0.497488 1.23299 -7.60731 7.53374 12.1649 -1.20491 -3.32869 12.9547 3.2495 -3.26872 -49.9347 45.0968 -60.5745 29.2081 0.0598081 0.137039 4.94956 -1.05075 -24.5499 24.234 0.0496219 0.113701 1.05671 -52.9688 -1.55277 -1.23299 -7.60729 7.53365 -9.93115 0.0303234 5.50995 -12.9547 3.2495 -3.26872 62.6823 34.1171 59.7841 -29.2081 0.0598081 0.137039 -3.33015 -0.457891 16.2498 -24.234 0.0496218 0.113702 3.29975 -48.0519 4.02008 9.23673 -4.20556 2.0327 5.36826 -39.9315 -5.1438 -0.852353 -38.7721 -0.655187 -4.39633 16.1136 0.339254 -2.32622 -40.4017 -6.04875 -7.49999 -1.00261 16.2328 0.779096 -9.8844 12.4959 -3.58655e-16 -8.07123e-16 2.44085e-17 -9.23673 -4.20556 2.0327 -16.3664 -51.8573 11.5048 0.852353 -38.7721 -0.655187 6.42595 22.9593 -0.899262 2.32622 -40.4017 -6.04875 5.31734 4.24008 -15.8787 -0.779096 -9.8844 12.4959 -6.38553e-16 -5.57324e-16 -1.27451e-14 
3.13192 90.3956 29.5156 7.86791 22.3316 -3.97288 0 5.07867 -1.15138 -0.469959 1.20484 0.152645 0 5.61661 1.07143 -0.410335 1.44083 0.276548 -1.02604e-17 5.98978 0.11501 -0.368258 2.27202 0.344306 -1.10457e-17 6.50583 -0.443523 -0.298335 3.27103 0.378452 -1.97295e-17 7.60548 -1.50593 -0.161589 3.41296 0.396852 -2.53307e-17 9.49737 -0.914492 0.00387975 3.3562 0.296981 -2.90401e-17 10.5513 1.57691 0.0157752 0.447733 -0.0030934 -1.29193e-17 4.78644 0.715339 -0.426378 0.564376 -0.492223 -1.8116e-17 4.82109 0.421791 -2.50324 -7.43323 -0.439705 -2.00958e-17 4.83041 0.765062 -3.31197 -7.121 0.49508 1.23299 -7.60731 7.53374 12.564 -1.31003 -3.17243 12.9547 3.2495 -3.26872 -50.0011 45.3076 -60.6143 29.2081 0.0598081 0.137039 5.02882 -1.0868 -24.9681 24.234 0.0496219 0.113701 1.30375 -53.523 -1.31751 -1.23299 -7.60729 7.53365 -10.1371 -0.0418436 5.38769 -12.9547 3.2495 -3.26872 63.2433 34.1959 59.7656 -29.2081 0.0598081 0.137039 -3.28277 -0.444452 16.0127 -24.234 0.0496218 0.113702 3.21602 -47.7223 3.99171 9.23673 -4.20556 2.0327 5.37972 -39.7098 -4.88824 -0.852353 -38.7721 -0.655187 -4.36511 16.0042 0.332529 -2.32622 -40.4017 -6.04875 -7.47636 -1.05825 16.2089 0.779096 -9.8844 12.4959 4.08351e-16 -7.83154e-16 4.39579e-19 -9.23673 -4.20556 2.0327 -16.2063 -51.7478 11.7693 0.852353 -38.7721 -0.655187 6.41571 22.9262 -0.89585 2.32622 -40.4017 -6.04875 5.23009 4.15685 -15.8566 -0.779096 -9.8844 12.4959 3.30901e-15 -7.29941e-16 -1.29057e-14 
2.98158 90.0282 28.9168 7.93799 22.2748 -4.18041 0 5.07867 -1.15138 -0.493421 2.09411 0.15798 0 5.61661 1.07143 -0.428821 2.04621 0.27776 -1.02604e-17 5.98978 0.11501 -0.382852 2.48619 0.353023 -1.10457e-17 6.50583 -0.443523 -0.307939 2.84618 0.386442 -1.97295e-17 7.60548 -1.50593 -0.163102 2.6002 0.405186 -2.53307e-17 9.49737 -0.914492 0.0154114 2.22759 0.30297 -2.90401e-17 10.5513 1.57691 0.0185414 0.571575 0.0097005 -1.29193e-17 4.78644 0.715339 -0.431746 0.939984 -0.445911 -1.8116e-17 4.82109 0.421791 -2.4608 -7.1301 -0.413501 -2.00958e-17 4.83041 0.765062 -3.47156 -6.72055 0.516357 1.23299 -7.60731 7.53374 13.4671 -0.774079 -3.27085 12.9547 3.2495 -3.26872 -50.1164 45.8417 -60.3336 29.2081 0.0598081 0.137039 5.11203 -1.1254 -25.4086 24.234 0.0496219 0.113701 1.41696 -54.4642 -1.71616 -1.23299 -7.60729 7.53365 -10.9273 0.481954 5.44501 -12.9547 3.2495 -3.26872 64.1793 34.6218 59.3338 -29.2081 0.0598081 0.137039 -3.26514 -0.439506 15.9246 -24.234 0.0496218 0.113702 3.3752 -47.7228 4.58772 9.23673 -4.20556 2.0327 5.80657 -40.5856 -4.46883 -0.852353 -38.7721 -0.655187 -4.68124 17.1066 0.403336 -2.32622 -40.4017 -6.04875 -7.35201 -1.77842 16.1413 0.779096 -9.8844 12.4959 -3.58655e-16 -8.07123e-16 2.44085e-17 -9.23673 -4.20556 2.0327 -15.9842 -52.7081 12.0517 0.852353 -38.7721 -0.655187 6.70489 23.855 -0.994369 2.32622 -40.4017 -6.04875 5.06987 3.85493 -15.8079 -0.779096 -9.8844 12.4959 -4.04085e-15 -4.15708e-16 -1.25913e-14 
2.9839 90.0179 28.931 7.93457 22.2367 -4.20465 0 5.07867 -1.15138 -0.47977 2.26889 0.146526 0 5.61661 1.07143 -0.409256 2.14759 0.267433 -1.02604e-17 5.98978 0.11501 -0.366051 2.50005 0.342931 -1.10457e-17 6.50583 -0.443523 -0.293596 2.71467 0.374318 -1.97295e-17 7.60548 -1.50593 -0.155455 2.39473 0.389805 -2.53307e-17 9.49737 -0.914492 0.0115981 1.92881 0.283846 -2.90401e-17 10.5513 1.57691 0.0190814 0.606231 0.000907388 -1.29193e-17 4.78644 0.715339 -0.44524 2.25984 -0.443165 -1.8116e-17 4.82109 0.421791 -2.60598 -6.85652 -0.417553 -2.00958e-17 4.83041 0.765062 -3.46291 -7.33194 0.449638 1.23299 -7.60731 7.53374 14.6178 -0.853788 -2.76631 12.9547 3.2495 -3.26872 -51.0526 46.5635 -59.9223 29.2081 0.0598081 0.137039 5.18898 -1.1618 -25.8174 24.234 0.0496219 0.113701 1.31271 -54.8955 -1.84673 -1.23299 -7.60729 7.53365 -11.8468 0.391309 4.8534 -12.9547 3.2495 -3.26872 64.9014 35.6517 59.0453 -29.2081 0.0598081 0.137039 -3.27317 -0.441755 15.9647 -24.234 0.0496218 0.113702 3.65924 -47.9739 5.07709 9.23673 -4.20556 2.0327 5.84431 -40.577 -4.27536 -0.852353 -38.7721 -0.655187 -4.70396 17.1854 0.408656 -2.32622 -40.4017 -6.04875 -7.3027 -1.78727 16.1109 0.779096 -9.8844 12.4959 -3.72721e-16 -8.07563e-16 2.48481e-17 -9.23673 -4.20556 2.0327 -15.9594 -52.6004 12.0188 0.852353 -38.7721 -0.655187 6.69716 23.8304 -0.991679 2.32622 -40.4017 -6.04875 5.08582 3.68506 -15.8016 -0.779096 -9.8844 12.4959 -1.05019e-15 -5.4424e-16 -1.27198e-14 
2.98867 90.0372 28.9853 7.92764 22.1637 -4.21648 0 5.07867 -1.15138 -0.461722 2.38092 0.136761 0 5.61661 1.07143 -0.388321 2.2339 0.261803 -1.02604e-17 5.98978 0.11501 -0.344637 2.54688 0.337508 -1.10457e-17 6.50583 -0.443523 -0.27147 2.70038 0.369799 -1.97295e-17 7.60548 -1.50593 -0.134865 2.3441 0.3809 -2.53307e-17 9.49737 -0.914492 0.0248446 1.83484 0.265831 -2.90401e-17 10.5513 1.57691 0.0211499 0.621817 -0.00596712 -1.29193e-17 4.78644 0.715339 -0.425608 3.16964 -0.500149 -1.8116e-17 4.82109 0.421791 -2.59432 -6.86197 -0.445513 -2.00958e-17 4.83041 0.765062 -3.69462 -7.55348 0.442494 1.23299 -7.60731 7.53374 15.5431 -0.998765 -2.27036 12.9547 3.2495 -3.26872 -51.4225 47.219 -60.2271 29.2081 0.0598081 0.137039 5.22772 -1.18037 -26.0237 24.234 0.0496219 0.113701 1.57345 -55.4673 -1.75652 -1.23299 -7.60729 7.53365 -12.5666 0.232064 4.35893 -12.9547 3.2495 -3.26872 65.6808 36.1647 58.7617 -29.2081 0.0598081 0.137039 -3.28734 -0.445742 16.0356 -24.234 0.0496218 0.113702 3.95229 -47.7942 5.45071 9.23673 -4.20556 2.0327 5.82008 -40.3874 -4.22776 -0.852353 -38.7721 -0.655187 -4.66103 17.0365 0.398631 -2.32622 -40.4017 -6.04875 -7.35629 -1.80835 16.106 0.779096 -9.8844 12.4959 1.78148e-17 -7.95358e-16 1.26438e-17 -9.23673 -4.20556 2.0327 -15.8841 -52.4844 12.029 0.852353 -38.7721 -0.655187 6.69981 23.8388 -0.992599 2.32622 -40.4017 -6.04875 4.95534 3.68954 -15.7805 -0.779096 -9.8844 12.4959 -2.55607e-15 -4.85637e-16 -1.26612e-14 
2.99478 90.0551 29.0502 7.9427 22.098 -4.21984 0 5.07867 -1.15138 -0.444902 2.43907 0.114721 0 5.61661 1.07143 -0.36695 2.28829 0.243731 -1.02604e-17 5.98978 0.11501 -0.324023 2.5958 0.317823 -1.10457e-17 6.50583 -0.443523 -0.252186 2.74281 0.349815 -1.97295e-17 7.60548 -1.50593 -0.12245 2.38172 0.358256 -2.53307e-17 9.49737 -0.914492 0.0232646 1.86617 0.239483 -2.90401e-17 10.5513 1.57691 0.0199774 0.620565 -0.0140326 -1.29193e-17 4.78644 0.715339 -0.433784 3.97899 -0.626709 -1.8116e-17 4.82109 0.421791 -2.65887 -6.78183 -0.509392 -2.00958e-17 4.83041 0.765062 -3.79234 -7.90075 0.542978 1.23299 -7.60731 7.53374 16.2265 -1.17734 -1.89944 12.9547 3.2495 -3.26872 -52.0658 47.4421 -60.1783 29.2081 0.0598081 0.137039 5.24335 -1.18791 -26.107 24.234 0.0496219 0.113701 1.48933 -55.8298 -1.85443 -1.23299 -7.60729 7.53365 -13.0991 0.0247123 3.95756 -12.9547 3.2495 -3.26872 66.5008 36.5011 58.5533 -29.2081 0.0598081 0.137039 -3.2879 -0.445898 16.0384 -24.234 0.0496218 0.113702 4.21412 -47.5145 5.80599 9.23673 -4.20556 2.0327 5.76565 -40.2379 -4.24793 -0.852353 -38.7721 -0.655187 -4.63508 16.9464 0.392622 -2.32622 -40.4017 -6.04875 -7.39879 -1.79668 16.0888 0.779096 -9.8844 12.4959 2.48481e-17 -7.95139e-16 1.2424e-17 -9.23673 -4.20556 2.0327 -15.8701 -52.3042 12.0596 0.852353 -38.7721 -0.655187 6.68083 23.7782 -0.986 2.32622 -40.4017 -6.04875 4.956 3.55203 -15.7771 -0.779096 -9.8844 12.4959 -1.80313e-15 -5.08946e-16 -1.26967e-14 
3.00276 90.0712 29.1173 7.97501 22.0338 -4.19295 0 5.07867 -1.15138 -0.433177 2.51771 0.0942243 0 5.61661 1.07143 -0.351956 2.34835 0.225033 -1.02604e-17 5.98978 0.11501 -0.309649 2.63232 0.29924 -1.10457e-17 6.50583 -0.443523 -0.238224 2.74405 0.330956 -1.97295e-17 7.60548 -1.50593 -0.113972 2.36235 0.337745 -2.53307e-17 9.49737 -0.914492 0.0219125 1.82668 0.215372 -2.90401e-17 10.5513 1.57691 0.0213383 0.626287 -0.018599 -1.29193e-17 4.78644 0.715339 -0.431092 4.54585 -0.671045 -1.8116e-17 4.82109 0.421791 -2.71742 -6.6277 -0.533414 -2.00958e-17 4.83041 0.765062 -3.9357 -7.88213 0.501366 1.23299 -7.60731 7.53374 16.6524 -1.24283 -1.70448 12.9547 3.2495 -3.26872 -52.484 47.6685 -60.0474 29.2081 0.0598081 0.137039 5.26387 -1.19786 -26.2165 24.234 0.0496219 0.113701 1.44096 -56.3444 -1.92509 -1.23299 -7.60729 7.53365 -13.4369 -0.0752501 3.73168 -12.9547 3.2495 -3.26872 67.0747 36.7421 58.1875 -29.2081 0.0598081 0.137039 -3.31167 -0.452625 16.1572 -24.234 0.0496218 0.113702 4.61971 -47.645 6.28094 9.23673 -4.20556 2.0327 5.65287 -40.0806 -4.30927 -0.852353 -38.7721 -0.655187 -4.60107 16.8282 0.38481 -2.32622 -40.4017 -6.04875 -7.40161 -1.78036 16.0771 0.779096 -9.8844 12.4959 -3.65688e-16 -8.07343e-16 2.46283e-17 -9.23673 -4.20556 2.0327 -15.9356 -52.1345 11.935 0.852353 -38.7721 -0.655187 6.67258 23.7519 -0.983139 2.32622 -40.4017 -6.04875 4.88131 3.43068 -15.7604 -0.779096 -9.8844 12.4959 -1.00799e-15 -5.45998e-16 -1.27218e-14 
3.01046 90.0792 29.1764 8.00184 21.9865 -4.16427 0 5.07867 -1.15138 -0.412163 2.55939 0.0724434 0 5.61661 1.07143 -0.32909 2.38437 0.205787 -1.02604e-17 5.98978 0.11501 -0.28915 2.66106 0.28038 -1.10457e-17 6.50583 -0.443523 -0.219643 2.76549 0.312009 -1.97295e-17 7.60548 -1.50593 -0.102809 2.38039 0.316493 -2.53307e-17 9.49737 -0.914492 0.0213713 1.83936 0.190556 -2.90401e-17 10.5513 1.57691 0.0219747 0.626579 -0.0217924 -1.29193e-17 4.78644 0.715339 -0.429534 5.02375 -0.753361 -1.8116e-17 4.82109 0.421791 -2.74421 -6.43985 -0.573618 -2.00958e-17 4.83041 0.765062 -4.10878 -7.84146 0.518618 1.23299 -7.60731 7.53374 16.9497 -1.31795 -1.54763 12.9547 3.2495 -3.26872 -52.7188 47.8005 -60.0207 29.2081 0.0598081 0.137039 5.26978 -1.20074 -26.2481 24.234 0.0496219 0.113701 1.28853 -56.8588 -2.06641 -1.23299 -7.60729 7.53365 -13.6747 -0.179979 3.56484 -12.9547 3.2495 -3.26872 67.3982 36.9683 57.9159 -29.2081 0.0598081 0.137039 -3.35629 -0.465398 16.3806 -24.234 0.0496218 0.113702 5.02724 -48.1021 6.71684 9.23673 -4.20556 2.0327 5.55289 -39.9441 -4.37321 -0.852353 -38.7721 -0.655187 -4.5691 16.7169 0.377529 -2.32622 -40.4017 -6.04875 -7.41515 -1.79977 16.0638 0.779096 -9.8844 12.4959 7.98887e-16 -7.58746e-16 -2.39689e-17 -9.23673 -4.20556 2.0327 -15.9835 -52.0042 11.89 0.852353 -38.7721 -0.655187 6.67209 23.7503 -0.982969 2.32622 -40.4017 -6.04875 4.84372 3.29588 -15.7527 -0.779096 -9.8844 12.4959 -1.38446e-15 -5.34454e-16 -1.271e-14 
3.01722 90.0794 29.2264 8.00214 21.9542 -4.13697 0 5.07867 -1.15138 -0.390678 2.62892 0.0520289 0 5.61661 1.07143 -0.306788 2.43702 0.186717 -1.02604e-17 5.98978 0.11501 -0.269908 2.69307 0.262036 -1.10457e-17 6.50583 -0.443523 -0.202898 2.76806 0.293365 -1.97295e-17 7.60548 -1.50593 -0.0938645 2.36687 0.295985 -2.53307e-17 9.49737 -0.914492 0.0188289 1.81146 0.167728 -2.90401e-17 10.5513 1.57691 0.0223321 0.631628 -0.0235162 -1.29193e-17 4.78644 0.715339 -0.430015 5.37754 -0.779967 -1.8116e-17 4.82109 0.421791 -2.77595 -6.24286 -0.587404 -2.00958e-17 4.83041 0.765062 -4.26459 -7.65767 0.495744 1.23299 -7.60731 7.53374 17.1979 -1.34652 -1.44703 12.9547 3.2495 -3.26872 -52.8194 47.9245 -60.0367 29.2081 0.0598081 0.137039 5.28348 -1.20741 -26.3212 24.234 0.0496219 0.113701 1.25396 -57.3052 -2.0983 -1.23299 -7.60729 7.53365 -13.8426 -0.236139 3.47337 -12.9547 3.2495 -3.26872 67.5453 37.1661 57.7106 -29.2081 0.0598081 0.137039 -3.41497 -0.482482 16.6748 -24.234 0.0496218 0.113702 5.50038 -48.7 7.17957 9.23673 -4.20556 2.0327 5.50255 -39.8415 -4.38944 -0.852353 -38.7721 -0.655187 -4.54743 16.6414 0.37263 -2.32622 -40.4017 -6.04875 -7.41029 -1.85106 16.0425 0.779096 -9.8844 12.4959 3.89146e-17 -7.94479e-16 1.17647e-17 -9.23673 -4.20556 2.0327 -16.0044 -51.9055 11.8368 0.852353 -38.7721 -0.655187 6.6748 23.759 -0.983909 2.32622 -40.4017 -6.04875 4.83762 3.15784 -15.7513 -0.779096 -9.8844 12.4959 -2.95364e-15 -4.61008e-16 -1.26366e-14 
3.02389 90.0882 29.2665 7.98905 21.9286 -4.10443 0 5.07867 -1.15138 -0.364782 2.72136 0.0527333 0 5.61661 1.07143 -0.284636 2.51783 0.19264 -1.02604e-17 5.98978 0.11501 -0.251721 2.75882 0.270621 -1.10457e-17 6.50583 -0.443523 -0.189579 2.81167 0.30411 -1.97295e-17 7.60548 -1.50593 -0.0834354 2.392 0.305108 -2.53307e-17 9.49737 -0.914492 0.0272471 1.8403 0.175508 -2.90401e-17 10.5513 1.57691 0.0234822 0.628767 -0.0147888 -1.29193e-17 4.78644 0.715339 -0.448244 5.27189 -0.869897 -1.8116e-17 4.82109 0.421791 -2.79042 -6.05442 -0.627942 -2.00958e-17 4.83041 0.765062 -4.39455 -7.24094 0.439969 1.23299 -7.60731 7.53374 17.0709 -1.33955 -1.56209 12.9547 3.2495 -3.26872 -52.4166 47.7424 -60.3328 29.2081 0.0598081 0.137039 5.28154 -1.20646 -26.3108 24.234 0.0496219 0.113701 1.12567 -57.5872 -2.19468 -1.23299 -7.60729 7.53365 -13.5255 -0.174139 3.72142 -12.9547 3.2495 -3.26872 67.4453 36.8919 57.6107 -29.2081 0.0598081 0.137039 -3.46373 -0.496925 16.9195 -24.234 0.0496218 0.113702 5.52653 -48.9041 7.32288 9.23673 -4.20556 2.0327 5.46226 -39.7638 -4.45299 -0.852353 -38.7721 -0.655187 -4.52755 16.5721 0.368159 -2.32622 -40.4017 -6.04875 -7.44363 -1.87023 16.034 0.779096 -9.8844 12.4959 -7.56224e-16 -8.31751e-16 4.90368e-17 -9.23673 -4.20556 2.0327 -16.0231 -51.8039 11.7431 0.852353 -38.7721 -0.655187 6.66702 23.7341 -0.981212 2.32622 -40.4017 -6.04875 4.84801 3.06214 -15.754 -0.779096 -9.8844 12.4959 -6.38554e-16 -5.57324e-16 -1.27451e-14 
3.02821 90.0939 29.3035 7.95313 21.897 -4.09211 0 5.07867 -1.15138 -0.338141 2.80788 0.0590933 0 5.61661 1.07143 -0.262404 2.58578 0.202825 -1.02604e-17 5.98978 0.11501 -0.234587 2.80482 0.283841 -1.10457e-17 6.50583 -0.443523 -0.177428 2.82256 0.318056 -1.97295e-17 7.60548 -1.50593 -0.0738488 2.38079 0.317267 -2.53307e-17 9.49737 -0.914492 0.0364715 1.81736 0.186484 -2.90401e-17 10.5513 1.57691 0.0270402 0.633299 -0.00880608 -1.29193e-17 4.78644 0.715339 -0.453442 5.33337 -0.919101 -1.8116e-17 4.82109 0.421791 -2.78536 -5.86818 -0.649121 -2.00958e-17 4.83041 0.765062 -4.52237 -6.91581 0.3542 1.23299 -7.60731 7.53374 17.0735 -1.32757 -1.62545 12.9547 3.2495 -3.26872 -51.8979 47.6917 -60.6616 29.2081 0.0598081 0.137039 5.29092 -1.21104 -26.3609 24.234 0.0496219 0.113701 0.826452 -58.0545 -2.43629 -1.23299 -7.60729 7.53365 -13.4021 -0.141518 3.85531 -12.9547 3.2495 -3.26872 67.3531 36.785 57.4976 -29.2081 0.0598081 0.137039 -3.52013 -0.513917 17.203 -24.234 0.0496218 0.113702 5.55705 -49.0055 7.3483 9.23673 -4.20556 2.0327 5.47704 -39.6942 -4.42554 -0.852353 -38.7721 -0.655187 -4.519 16.5423 0.366245 -2.32622 -40.4017 -6.04875 -7.39915 -1.89489 16.0165 0.779096 -9.8844 12.4959 -3.79755e-16 -8.08002e-16 2.52877e-17 -9.23673 -4.20556 2.0327 -15.979 -51.6979 11.712 0.852353 -38.7721 -0.655187 6.65453 23.6942 -0.976888 2.32622 -40.4017 -6.04875 4.86167 2.97778 -15.7495 -0.779096 -9.8844 12.4959 5.75254e-16 -6.20103e-16 -1.27959e-14 
3.03434 90.1011 29.3393 7.91741 21.8633 -4.06822 0 5.07867 -1.15138 -0.3246 2.855 0.0607848 0 5.61661 1.07143 -0.25136 2.62631 0.205511 -1.02604e-17 5.98978 0.11501 -0.226243 2.83875 0.287611 -1.10457e-17 6.50583 -0.443523 -0.171412 2.8477 0.321752 -1.97295e-17 7.60548 -1.50593 -0.0695508 2.39991 0.319956 -2.53307e-17 9.49737 -0.914492 0.039177 1.8353 0.188211 -2.90401e-17 10.5513 1.57691 0.0296366 0.63335 -0.00764391 -1.29193e-17 4.78644 0.715339 -0.45453 5.51515 -0.942055 -1.8116e-17 4.82109 0.421791 -2.76941 -5.73581 -0.658483 -2.00958e-17 4.83041 0.765062 -4.60213 -6.75674 0.270431 1.23299 -7.60731 7.53374 17.1818 -1.35177 -1.60071 12.9547 3.2495 -3.26872 -51.4508 47.8 -61.0156 29.2081 0.0598081 0.137039 5.32402 -1.2273 -26.538 24.234 0.0496219 0.113701 0.807377 -58.6274 -2.44081 -1.23299 -7.60729 7.53365 -13.444 -0.183479 3.85975 -12.9547 3.2495 -3.26872 67.1702 36.8436 57.4965 -29.2081 0.0598081 0.137039 -3.57713 -0.531399 17.4898 -24.234 0.0496218 0.113702 5.63451 -49.1621 7.34441 9.23673 -4.20556 2.0327 5.47694 -39.6094 -4.4025 -0.852353 -38.7721 -0.655187 -4.50288 16.4861 0.362646 -2.32622 -40.4017 -6.04875 -7.36625 -1.9135 15.9989 0.779096 -9.8844 12.4959 1.78148e-17 -7.95358e-16 1.26438e-17 -9.23673 -4.20556 2.0327 -15.9342 -51.6008 11.7024 0.852353 -38.7721 -0.655187 6.64755 23.6719 -0.974476 2.32622 -40.4017 -6.04875 4.8438 2.92063 -15.7422 -0.779096 -9.8844 12.4959 9.8689e-16 -6.33406e-16 -1.2809e-14 
3.03812 90.1098 29.3771 7.89206 21.8214 -4.07905 0 5.07867 -1.15138 -0.308507 2.8918 0.0653312 0 5.61661 1.07143 -0.240727 2.68344 0.212223 -1.02604e-17 5.98978 0.11501 -0.218324 2.92149 0.293412 -1.10457e-17 6.50583 -0.443523 -0.16818 2.97826 0.329619 -1.97295e-17 7.60548 -1.50593 -0.0684104 2.5429 0.327961 -2.53307e-17 9.49737 -0.914492 0.0394387 2.02918 0.200351 -2.90401e-17 10.5513 1.57691 0.0264305 0.606684 0.00276281 -1.29193e-17 4.78644 0.715339 -0.487312 4.98126 -1.0061 -1.8116e-17 4.82109 0.421791 -2.77491 -5.67285 -0.686173 -2.00958e-17 4.83041 0.765062 -4.62457 -6.31129 0.263271 1.23299 -7.60731 7.53374 16.5941 -1.3559 -1.93319 12.9547 3.2495 -3.26872 -50.7554 47.3599 -61.4535 29.2081 0.0598081 0.137039 5.33283 -1.23164 -26.5851 24.234 0.0496219 0.113701 1.14624 -59.0469 -2.15155 -1.23299 -7.60729 7.53365 -12.7799 -0.117975 4.35716 -12.9547 3.2495 -3.26872 66.5602 36.3053 57.8436 -29.2081 0.0598081 0.137039 -3.58588 -0.534109 17.5339 -24.234 0.0496218 0.113702 5.10639 -48.9574 6.90986 9.23673 -4.20556 2.0327 5.49343 -39.5188 -4.42164 -0.852353 -38.7721 -0.655187 -4.4901 16.4415 0.359805 -2.32622 -40.4017 -6.04875 -7.42751 -1.95903 15.995 0.779096 -9.8844 12.4959 -3.65688e-16 -8.07343e-16 2.46283e-17 -9.23673 -4.20556 2.0327 -15.8548 -51.5143 11.7492 0.852353 -38.7721 -0.655187 6.64303 23.6574 -0.972914 2.32622 -40.4017 -6.04875 4.83809 2.87393 -15.7441 -0.779096 -9.8844 12.4959 6.03387e-16 -6.21422e-16 -1.2797e-14 
3.03549 90.1099 29.4164 7.87853 21.7987 -4.12827 0 5.07867 -1.15138 -0.304634 2.88981 0.0817517 0 5.61661 1.07143 -0.241952 2.69213 0.229623 -1.02604e-17 5.98978 0.11501 -0.222352 2.94553 0.311991 -1.10457e-17 6.50583 -0.443523 -0.17537 3.02802 0.347959 -1.97295e-17 7.60548 -1.50593 -0.0742593 2.60192 0.346998 -2.53307e-17 9.49737 -0.914492 0.0389897 2.10715 0.223402 -2.90401e-17 10.5513 1.57691 0.0276962 0.598166 0.00687047 -1.29193e-17 4.78644 0.715339 -0.499473 4.93277 -1.0372 -1.8116e-17 4.82109 0.421791 -2.76695 -5.54374 -0.699162 -2.00958e-17 4.83041 0.765062 -4.65267 -6.06682 0.182588 1.23299 -7.60731 7.53374 16.3798 -1.37503 -2.07759 12.9547 3.2495 -3.26872 -50.3198 47.0961 -61.5489 29.2081 0.0598081 0.137039 5.33531 -1.23287 -26.5984 24.234 0.0496219 0.113701 0.574698 -59.6905 -2.6361 -1.23299 -7.60729 7.53365 -12.5433 -0.114177 4.53933 -12.9547 3.2495 -3.26872 66.2022 36.138 58.0028 -29.2081 0.0598081 0.137039 -3.57837 -0.53178 17.4961 -24.234 0.0496218 0.113702 4.87459 -48.9805 6.60827 9.23673 -4.20556 2.0327 5.54446 -39.4642 -4.29386 -0.852353 -38.7721 -0.655187 -4.49302 16.4517 0.360452 -2.32622 -40.4017 -6.04875 -7.3506 -2.00222 15.9774 0.779096 -9.8844 12.4959 4.08342e-16 -7.83154e-16 4.3987e-19 -9.23673 -4.20556 2.0327 -15.7626 -51.4416 11.8105 0.852353 -38.7721 -0.655187 6.63352 23.627 -0.969637 2.32622 -40.4017 -6.04875 4.82715 2.78667 -15.7322 -0.779096 -9.8844 12.4959 -1.3563e-15 -5.35773e-16 -1.27113e-14 
3.03961 90.121 29.455 7.87383 21.8241 -4.20321 0 5.07867 -1.15138 -0.318219 2.83534 0.093053 0 5.61661 1.07143 -0.25692 2.66236 0.239752 -1.02604e-17 5.98978 0.11501 -0.236062 2.9481 0.321454 -1.10457e-17 6.50583 -0.443523 -0.187869 3.08454 0.35654 -1.97295e-17 7.60548 -1.50593 -0.0826371 2.68474 0.356696 -2.53307e-17 9.49737 -0.914492 0.0364497 2.21667 0.235237 -2.90401e-17 10.5513 1.57691 0.0286316 0.585958 0.00411148 -1.29193e-17 4.78644 0.715339 -0.493869 5.09299 -1.02611 -1.8116e-17 4.82109 0.421791 -2.72605 -5.46017 -0.69248 -2.00958e-17 4.83041 0.765062 -4.6868 -6.03055 0.116498 1.23299 -7.60731 7.53374 16.3485 -1.44545 -2.09188 12.9547 3.2495 -3.26872 -50.0265 47.0575 -61.6867 29.2081 0.0598081 0.137039 5.35354 -1.2419 -26.6961 24.234 0.0496219 0.113701 0.48541 -60.247 -2.73883 -1.23299 -7.60729 7.53365 -12.581 -0.204335 4.51375 -12.9547 3.2495 -3.26872 66.0283 36.1884 58.1846 -29.2081 0.0598081 0.137039 -3.55686 -0.525144 17.3877 -24.234 0.0496218 0.113702 4.71938 -48.9336 6.30893 9.23673 -4.20556 2.0327 5.58851 -39.4011 -4.15277 -0.852353 -38.7721 -0.655187 -4.46781 16.3636 0.354871 -2.32622 -40.4017 -6.04875 -7.29236 -2.02849 15.9624 0.779096 -9.8844 12.4959 3.18861e-17 -7.94919e-16 1.22041e-17 -9.23673 -4.20556 2.0327 -15.6492 -51.4386 11.9241 0.852353 -38.7721 -0.655187 6.62369 23.5955 -0.966251 2.32622 -40.4017 -6.04875 4.79742 2.79262 -15.7238 -0.779096 -9.8844 12.4959 -6.1043e-16 -5.58642e-16 -1.27464e-14 
3.04056 90.1231 29.4938 7.88423 21.8479 -4.26619 0 5.07867 -1.15138 -0.349788 2.74665 0.0943634 0 5.61661 1.07143 -0.284542 2.60802 0.239358 -1.02604e-17 5.98978 0.11501 -0.258585 2.93796 0.318977 -1.10457e-17 6.50583 -0.443523 -0.205307 3.14472 0.352136 -1.97295e-17 7.60548 -1.50593 -0.0951899 2.78277 0.353749 -2.53307e-17 9.49737 -0.914492 0.0270384 2.34237 0.23493 -2.90401e-17 10.5513 1.57691 0.0282856 0.57193 -0.00599086 -1.29193e-17 4.78644 0.715339 -0.485102 5.53573 -1.02792 -1.8116e-17 4.82109 0.421791 -2.71264 -5.46299 -0.694785 -2.00958e-17 4.83041 0.765062 -4.63991 -6.19248 0.125133 1.23299 -7.60731 7.53374 16.6439 -1.59333 -1.92963 12.9547 3.2495 -3.26872 -50.0373 47.0697 -61.6939 29.2081 0.0598081 0.137039 5.36687 -1.24852 -26.7675 24.234 0.0496219 0.113701 0.235691 -60.6181 -2.89445 -1.23299 -7.60729 7.53365 -12.9564 -0.413273 4.25563 -12.9547 3.2495 -3.26872 66.1379 36.4834 58.4948 -29.2081 0.0598081 0.137039 -3.4998 -0.507757 17.1007 -24.234 0.0496218 0.113702 4.62799 -48.9458 5.99211 9.23673 -4.20556 2.0327 5.62364 -39.3777 -4.01968 -0.852353 -38.7721 -0.655187 -4.46231 16.3444 0.353659 -2.32622 -40.4017 -6.04875 -7.27484 -2.06387 15.9441 0.779096 -9.8844 12.4959 -3.65683e-16 -8.07343e-16 2.46281e-17 -9.23673 -4.20556 2.0327 -15.5666 -51.4418 12.036 0.852353 -38.7721 -0.655187 6.62269 23.5923 -0.965906 2.32622 -40.4017 -6.04875 4.72883 2.76287 -15.7027 -0.779096 -9.8844 12.4959 2.5279e-15 -6.93327e-16 -1.28813e-14 
3.04736 90.1273 29.5348 7.89096 21.8609 -4.28333 0 5.07867 -1.15138 -0.376484 2.68411 0.0849116 0 5.61661 1.07143 -0.304421 2.57136 0.228361 -1.02604e-17 5.98978 0.11501 -0.272652 2.9342 0.305242 -1.10457e-17 6.50583 -0.443523 -0.213748 3.19404 0.336746 -1.97295e-17 7.60548 -1.50593 -0.100813 2.85792 0.338689 -2.53307e-17 9.49737 -0.914492 0.0202409 2.43699 0.220241 -2.90401e-17 10.5513 1.57691 0.0269837 0.559613 -0.0162069 -1.29193e-17 4.78644 0.715339 -0.468079 5.99062 -1.00093 -1.8116e-17 4.82109 0.421791 -2.7071 -5.44639 -0.684557 -2.00958e-17 4.83041 0.765062 -4.62625 -6.37049 0.133165 1.23299 -7.60731 7.53374 16.9881 -1.72487 -1.76994 12.9547 3.2495 -3.26872 -50.1691 47.1789 -61.7252 29.2081 0.0598081 0.137039 5.3644 -1.24729 -26.7543 24.234 0.0496219 0.113701 0.192319 -60.8551 -2.89633 -1.23299 -7.60729 7.53365 -13.3607 -0.594075 4.01367 -12.9547 3.2495 -3.26872 66.3702 36.7839 58.7418 -29.2081 0.0598081 0.137039 -3.4086 -0.480612 16.6428 -24.234 0.0496218 0.113702 4.61052 -48.9651 5.83462 9.23673 -4.20556 2.0327 5.61959 -39.3574 -3.95289 -0.852353 -38.7721 -0.655187 -4.45865 16.3316 0.352852 -2.32622 -40.4017 -6.04875 -7.26966 -2.08265 15.9312 0.779096 -9.8844 12.4959 1.78101e-17 -7.95359e-16 1.2644e-17 -9.23673 -4.20556 2.0327 -15.5531 -51.4128 12.0247 0.852353 -38.7721 -0.655187 6.62109 23.5872 -0.965357 2.32622 -40.4017 -6.04875 4.67137 2.70938 -15.6879 -0.779096 -9.8844 12.4959 -1.71164e-15 -5.12685e-16 -1.27007e-14 
3.06338 90.1328 29.5779 7.90873 21.8918 -4.26832 0 5.07867 -1.15138 -0.404036 2.64224 0.0645905 0 5.61661 1.07143 -0.323823 2.5635 0.206443 -1.02604e-17 5.98978 0.11501 -0.284792 2.96911 0.280045 -1.10457e-17 6.50583 -0.443523 -0.220466 3.3021 0.311576 -1.97295e-17 7.60548 -1.50593 -0.106421 2.9937 0.314886 -2.53307e-17 9.49737 -0.914492 0.0117178 2.62104 0.19935 -2.90401e-17 10.5513 1.57691 0.0225878 0.531639 -0.0187698 -1.29193e-17 4.78644 0.715339 -0.466096 5.8501 -0.97938 -1.8116e-17 4.82109 0.421791 -2.72079 -5.42325 -0.675779 -2.00958e-17 4.83041 0.765062 -4.58172 -6.24116 0.216002 1.23299 -7.60731 7.53374 16.6871 -1.78759 -1.97452 12.9547 3.2495 -3.26872 -50.1002 46.7963 -61.7421 29.2081 0.0598081 0.137039 5.29799 -1.21451 -26.3987 24.234 0.0496219 0.113701 0.250656 -60.8267 -2.85192 -1.23299 -7.60729 7.53365 -13.1742 -0.649084 4.21588 -12.9547 3.2495 -3.26872 66.283 36.5724 59.1569 -29.2081 0.0598081 0.137039 -3.27818 -0.443163 15.9897 -24.234 0.0496218 0.113702 4.3372 -48.8297 5.58587 9.23673 -4.20556 2.0327 5.56179 -39.3665 -4.02769 -0.852353 -38.7721 -0.655187 -4.45427 16.3163 0.351888 -2.32622 -40.4017 -6.04875 -7.32127 -2.10164 15.931 0.779096 -9.8844 12.4959 2.48481e-17 -7.95139e-16 1.2424e-17 -9.23673 -4.20556 2.0327 -15.6062 -51.4002 11.9515 0.852353 -38.7721 -0.655187 6.62551 23.6013 -0.966876 2.32622 -40.4017 -6.04875 4.60796 2.65161 -15.6765 -0.779096 -9.8844 12.4959 -6.17468e-16 -5.58202e-16 -1.27462e-14 
3.04927 90.1449 29.5856 7.91378 21.9295 -4.2475 0 5.07867 -1.15138 -0.430899 2.61751 0.0530674 0 5.61661 1.07143 -0.342454 2.55346 0.192565 -1.02604e-17 5.98978 0.11501 -0.296701 2.97708 0.26495 -1.10457e-17 6.50583 -0.443523 -0.226379 3.34063 0.295448 -1.97295e-17 7.60548 -1.50593 -0.109249 3.04115 0.29966 -2.53307e-17 9.49737 -0.914492 0.00982676 2.6821 0.184944 -2.90401e-17 10.5513 1.57691 0.0219263 0.521931 -0.0226984 -1.29193e-17 4.78644 0.715339 -0.450096 5.99107 -0.936101 -1.8116e-17 4.82109 0.421791 -2.71292 -5.33537 -0.656539 -2.00958e-17 4.83041 0.765062 -4.54952 -6.1569 0.237937 1.23299 -7.60731 7.53374 16.7222 -1.84507 -2.03047 12.9547 3.2495 -3.26872 -50.0173 46.6312 -61.8228 29.2081 0.0598081 0.137039 5.21488 -1.17419 -25.9553 24.234 0.0496219 0.113701 -0.299485 -61.2198 -3.30586 -1.23299 -7.60729 7.53365 -13.2224 -0.705297 4.26758 -12.9547 3.2495 -3.26872 66.4484 36.5165 59.3187 -29.2081 0.0598081 0.137039 -3.1542 -0.409051 15.3708 -24.234 0.0496218 0.113702 4.30021 -48.8181 5.46405 9.23673 -4.20556 2.0327 5.55057 -39.4242 -4.02545 -0.852353 -38.7721 -0.655187 -4.45691 16.3255 0.352469 -2.32622 -40.4017 -6.04875 -7.29326 -2.0185 15.9337 0.779096 -9.8844 12.4959 2.48481e-17 -7.95139e-16 1.2424e-17 -9.23673 -4.20556 2.0327 -15.6306 -51.3882 11.8779 0.852353 -38.7721 -0.655187 6.61409 23.5648 -0.96295 2.32622 -40.4017 -6.04875 4.58309 2.6378 -15.6646 -0.779096 -9.8844 12.4959 -9.86885e-16 -5.46878e-16 -1.27227e-14 
3.05645 90.1556 29.6148 7.91261 21.9526 -4.19857 0 5.07867 -1.15138 -0.474372 2.56542 0.0439228 0 5.61661 1.07143 -0.374169 2.52107 0.178856 -1.02604e-17 5.98978 0.11501 -0.317368 2.9697 0.249638 -1.10457e-17 6.50583 -0.443523 -0.236495 3.37441 0.279162 -1.97295e-17 7.60548 -1.50593 -0.111157 3.0931 0.284603 -2.53307e-17 9.49737 -0.914492 0.0132109 2.74835 0.16667 -2.90401e-17 10.5513 1.57691 0.0234887 0.512316 -0.0299212 -1.29193e-17 4.78644 0.715339 -0.420636 6.29502 -0.883747 -1.8116e-17 4.82109 0.421791 -2.66297 -5.24112 -0.632543 -2.00958e-17 4.83041 0.765062 -4.50058 -6.15882 0.242359 1.23299 -7.60731 7.53374 16.948 -1.92132 -1.96258 12.9547 3.2495 -3.26872 -49.9455 46.8067 -62.0361 29.2081 0.0598081 0.137039 5.14765 -1.14217 -25.5977 24.234 0.0496219 0.113701 -0.587577 -61.8915 -3.5587 -1.23299 -7.60729 7.53365 -13.4402 -0.809072 4.16831 -12.9547 3.2495 -3.26872 66.8095 36.6261 59.3085 -29.2081 0.0598081 0.137039 -3.04592 -0.38043 14.8316 -24.234 0.0496218 0.113702 4.36777 -48.7675 5.39624 9.23673 -4.20556 2.0327 5.49767 -39.4225 -4.0373 -0.852353 -38.7721 -0.655187 -4.44396 16.2803 0.349625 -2.32622 -40.4017 -6.04875 -7.26132 -1.97521 15.9241 0.779096 -9.8844 12.4959 4.15379e-16 -7.82935e-16 2.19938e-19 -9.23673 -4.20556 2.0327 -15.6873 -51.3573 11.7703 0.852353 -38.7721 -0.655187 6.61303 23.5614 -0.962586 2.32622 -40.4017 -6.04875 4.51683 2.61732 -15.6486 -0.779096 -9.8844 12.4959 -1.77499e-15 -5.10046e-16 -1.26978e-14 
3.06065 90.1672 29.6418 7.92308 21.9732 -4.17835 0 5.07867 -1.15138 -0.519133 2.48183 0.0355443 0 5.61661 1.07143 -0.405831 2.4658 0.166721 -1.02604e-17 5.98978 0.11501 -0.337235 2.94978 0.235621 -1.10457e-17 6.50583 -0.443523 -0.244476 3.40986 0.263645 -1.97295e-17 7.60548 -1.50593 -0.109994 3.15976 0.269294 -2.53307e-17 9.49737 -0.914492 0.0187135 2.82694 0.145728 -2.90401e-17 10.5513 1.57691 0.026095 0.502229 -0.0426891 -1.29193e-17 4.78644 0.715339 -0.384497 6.92009 -0.849428 -1.8116e-17 4.82109 0.421791 -2.60374 -5.2136 -0.61881 -2.00958e-17 4.83041 0.765062 -4.4561 -6.36947 0.277868 1.23299 -7.60731 7.53374 17.6044 -2.08039 -1.64454 12.9547 3.2495 -3.26872 -50.021 47.2438 -62.3322 29.2081 0.0598081 0.137039 5.10349 -1.1214 -25.3633 24.234 0.0496219 0.113701 -1.08057 -62.8406 -3.95916 -1.23299 -7.60729 7.53365 -14.008 -1.03197 3.79952 -12.9547 3.2495 -3.26872 67.4419 36.9868 59.2499 -29.2081 0.0598081 0.137039 -2.94759 -0.355382 14.3431 -24.234 0.0496218 0.113702 4.54839 -48.6525 5.31395 9.23673 -4.20556 2.0327 5.46211 -39.4084 -4.0066 -0.852353 -38.7721 -0.655187 -4.42844 16.226 0.346231 -2.32622 -40.4017 -6.04875 -7.25957 -1.93159 15.9103 0.779096 -9.8844 12.4959 -3.58645e-16 -8.07123e-16 2.44082e-17 -9.23673 -4.20556 2.0327 -15.7145 -51.3199 11.7193 0.852353 -38.7721 -0.655187 6.60394 23.5322 -0.959465 2.32622 -40.4017 -6.04875 4.4314 2.60335 -15.6292 -0.779096 -9.8844 12.4959 1.72572e-15 -6.68039e-16 -1.28438e-14 
3.0616 90.1875 29.6724 7.92443 21.9696 -4.15408 0 5.07867 -1.15138 -0.564906 2.42216 0.0244262 0 5.61661 1.07143 -0.437162 2.42369 0.151861 -1.02604e-17 5.98978 0.11501 -0.356204 2.93067 0.218873 -1.10457e-17 6.50583 -0.443523 -0.250323 3.42598 0.245077 -1.97295e-17 7.60548 -1.50593 -0.106353 3.1967 0.250088 -2.53307e-17 9.49737 -0.914492 0.0258555 2.86142 0.118099 -2.90401e-17 10.5513 1.57691 0.0296244 0.496005 -0.058171 -1.29193e-17 4.78644 0.715339 -0.343104 7.71895 -0.822415 -1.8116e-17 4.82109 0.421791 -2.53505 -5.18273 -0.609424 -2.00958e-17 4.83041 0.765062 -4.40877 -6.66926 0.330986 1.23299 -7.60731 7.53374 18.4828 -2.22963 -1.22649 12.9547 3.2495 -3.26872 -50.3456 47.8986 -62.4563 29.2081 0.0598081 0.137039 5.08698 -1.1137 -25.2759 24.234 0.0496219 0.113701 -1.51583 -63.6833 -4.34598 -1.23299 -7.60729 7.53365 -14.7845 -1.27694 3.29078 -12.9547 3.2495 -3.26872 68.2126 37.5264 59.0256 -29.2081 0.0598081 0.137039 -2.85921 -0.333629 13.9049 -24.234 0.0496218 0.113702 4.94963 -48.6083 5.44244 9.23673 -4.20556 2.0327 5.42875 -39.3545 -3.98499 -0.852353 -38.7721 -0.655187 -4.40521 16.1447 0.341178 -2.32622 -40.4017 -6.04875 -7.27033 -1.85999 15.8975 0.779096 -9.8844 12.4959 4.08341e-16 -7.83154e-16 4.39876e-19 -9.23673 -4.20556 2.0327 -15.7388 -51.2413 11.6366 0.852353 -38.7721 -0.655187 6.58725 23.4787 -0.953747 2.32622 -40.4017 -6.04875 4.37105 2.60356 -15.6107 -0.779096 -9.8844 12.4959 2.26937e-16 -5.97674e-16 -1.27732e-14 
3.06061 90.2164 29.7099 7.94574 21.9481 -4.13051 0 5.07867 -1.15138 -0.613846 2.36976 0.00739319 0 5.61661 1.07143 -0.469936 2.39577 0.131375 -1.02604e-17 5.98978 0.11501 -0.375085 2.93259 0.195485 -1.10457e-17 6.50583 -0.443523 -0.255177 3.47575 0.220523 -1.97295e-17 7.60548 -1.50593 -0.102092 3.27225 0.225114 -2.53307e-17 9.49737 -0.914492 0.0321906 2.94778 0.0849002 -2.90401e-17 10.5513 1.57691 0.031568 0.480899 -0.0721475 -1.29193e-17 4.78644 0.715339 -0.308672 8.33081 -0.81508 -1.8116e-17 4.82109 0.421791 -2.47733 -5.17734 -0.609458 -2.00958e-17 4.83041 0.765062 -4.34356 -6.90868 0.418463 1.23299 -7.60731 7.53374 19.1797 -2.36509 -0.908729 12.9547 3.2495 -3.26872 -50.7096 48.4303 -62.5161 29.2081 0.0598081 0.137039 5.0669 -1.10437 -25.1695 24.234 0.0496219 0.113701 -1.68427 -64.2193 -4.52067 -1.23299 -7.60729 7.53365 -15.3961 -1.5037 2.90183 -12.9547 3.2495 -3.26872 68.9813 37.9504 58.8372 -29.2081 0.0598081 0.137039 -2.76765 -0.311847 13.4517 -24.234 0.0496218 0.113702 5.19887 -48.546 5.48239 9.23673 -4.20556 2.0327 5.36337 -39.2687 -4.01661 -0.852353 -38.7721 -0.655187 -4.37378 16.0346 0.334391 -2.32622 -40.4017 -6.04875 -7.32736 -1.75856 15.8931 0.779096 -9.8844 12.4959 4.22417e-16 -7.82715e-16 2.88531e-33 -9.23673 -4.20556 2.0327 -15.785 -51.1236 11.5319 0.852353 -38.7721 -0.655187 6.56276 23.4001 -0.945383 2.32622 -40.4017 -6.04875 4.291 2.61022 -15.5898 -0.779096 -9.8844 12.4959 -1.36334e-15 -5.35333e-16 -1.27109e-14 
3.0572 90.247 29.7547 7.9855 21.9266 -4.13397 0 5.07867 -1.15138 -0.65922 2.32018 -0.00853919 0 5.61661 1.07143 -0.50024 2.3704 0.11234 -1.02604e-17 5.98978 0.11501 -0.392514 2.93708 0.173764 -1.10457e-17 6.50583 -0.443523 -0.259725 3.52813 0.197754 -1.97295e-17 7.60548 -1.50593 -0.0983659 3.35022 0.202031 -2.53307e-17 9.49737 -0.914492 0.0380751 3.03875 0.054439 -2.90401e-17 10.5513 1.57691 0.0328127 0.464152 -0.0841252 -1.29193e-17 4.78644 0.715339 -0.279777 8.83252 -0.811046 -1.8116e-17 4.82109 0.421791 -2.42762 -5.16521 -0.611425 -2.00958e-17 4.83041 0.765062 -4.30614 -7.0989 0.510343 1.23299 -7.60731 7.53374 19.7685 -2.47927 -0.656786 12.9547 3.2495 -3.26872 -51.1309 48.8896 -62.4515 29.2081 0.0598081 0.137039 5.04176 -1.09275 -25.0365 24.234 0.0496219 0.113701 -1.92055 -64.6809 -4.76298 -1.23299 -7.60729 7.53365 -15.8773 -1.69603 2.59505 -12.9547 3.2495 -3.26872 69.7193 38.312 58.6125 -29.2081 0.0598081 0.137039 -2.67276 -0.290076 12.9829 -24.234 0.0496218 0.113702 5.40103 -48.5093 5.48646 9.23673 -4.20556 2.0327 5.29715 -39.176 -4.03528 -0.852353 -38.7721 -0.655187 -4.3428 15.926 0.32776 -2.32622 -40.4017 -6.04875 -7.36929 -1.64889 15.8877 0.779096 -9.8844 12.4959 4.22417e-16 -7.82715e-16 2.88531e-33 -9.23673 -4.20556 2.0327 -15.8258 -51.0009 11.4585 0.852353 -38.7721 -0.655187 6.53461 23.3096 -0.93581 2.32622 -40.4017 -6.04875 4.23391 2.59838 -15.5731 -0.779096 -9.8844 12.4959 -2.17256e-15 -4.97621e-16 -1.26732e-14 
3.05215 90.2726 29.8075 7.99914 21.9199 -4.13931 0 5.07867 -1.15138 -0.680286 2.25288 -0.0127543 0 5.61661 1.07143 -0.511764 2.32262 0.108109 -1.02604e-17 5.98978 0.11501 -0.396853 2.91299 0.168462 -1.10457e-17 6.50583 -0.443523 -0.255134 3.54245 0.190812 -1.97295e-17 7.60548 -1.50593 -0.0870201 3.3902 0.192459 -2.53307e-17 9.49737 -0.914492 0.0509486 3.07029 0.0338523 -2.90401e-17 10.5513 1.57691 0.0367228 0.45647 -0.0972605 -1.29193e-17 4.78644 0.715339 -0.244904 9.61072 -0.814293 -1.8116e-17 4.82109 0.421791 -2.36741 -5.14021 -0.617634 -2.00958e-17 4.83041 0.765062 -4.34188 -7.43183 0.527978 1.23299 -7.60731 7.53374 20.8401 -2.61877 -0.14765 12.9547 3.2495 -3.26872 -51.6951 49.7203 -62.4913 29.2081 0.0598081 0.137039 5.0399 -1.09189 -25.0267 24.234 0.0496219 0.113701 -2.51167 -65.4538 -5.29115 -1.23299 -7.60729 7.53365 -16.659 -1.9167 2.06094 -12.9547 3.2495 -3.26872 70.618 38.8228 58.0567 -29.2081 0.0598081 0.137039 -2.58905 -0.271548 12.57 -24.234 0.0496218 0.113702 6.0324 -48.5943 5.80519 9.23673 -4.20556 2.0327 5.27179 -39.0829 -3.96688 -0.852353 -38.7721 -0.655187 -4.31256 15.8199 0.321346 -2.32622 -40.4017 -6.04875 -7.33793 -1.57092 15.8706 0.779096 -9.8844 12.4959 3.18861e-17 -7.94919e-16 1.22041e-17 -9.23673 -4.20556 2.0327 -15.8288 -50.8854 11.3989 0.852353 -38.7721 -0.655187 6.50588 23.2172 -0.926086 2.32622 -40.4017 -6.04875 4.1777 2.56814 -15.556 -0.779096 -9.8844 12.4959 1.56557e-16 -5.94595e-16 -1.27702e-14 
3.04278 90.289 29.8669 8.00666 21.9618 -4.17027 0 5.07867 -1.15138 -0.710651 2.1724 -0.0206273 0 5.61661 1.07143 -0.52971 2.26499 0.0996442 -1.02604e-17 5.98978 0.11501 -0.405419 2.88145 0.157383 -1.10457e-17 6.50583 -0.443523 -0.252305 3.5534 0.177664 -1.97295e-17 7.60548 -1.50593 -0.0764517 3.43318 0.177129 -2.53307e-17 9.49737 -0.914492 0.0618323 3.10191 0.00520408 -2.90401e-17 10.5513 1.57691 0.0405398 0.446332 -0.11453 -1.29193e-17 4.78644 0.715339 -0.214516 10.4191 -0.800911 -1.8116e-17 4.82109 0.421791 -2.31932 -5.14232 -0.618041 -2.00958e-17 4.83041 0.765062 -4.36027 -7.82139 0.587142 1.23299 -7.60731 7.53374 22.1188 -2.74377 0.446836 12.9547 3.2495 -3.26872 -52.6236 50.7695 -62.3926 29.2081 0.0598081 0.137039 5.06188 -1.10204 -25.1429 24.234 0.0496219 0.113701 -2.61696 -66.1544 -5.45569 -1.23299 -7.60729 7.53365 -17.6229 -2.1746 1.3916 -12.9547 3.2495 -3.26872 71.8284 39.4985 57.3666 -29.2081 0.0598081 0.137039 -2.53053 -0.258972 12.2817 -24.234 0.0496218 0.113702 6.65677 -48.5154 6.10371 9.23673 -4.20556 2.0327 5.28533 -39.0151 -3.86481 -0.852353 -38.7721 -0.655187 -4.27809 15.6988 0.314101 -2.32622 -40.4017 -6.04875 -7.3204 -1.55753 15.8441 0.779096 -9.8844 12.4959 2.48481e-17 -7.95139e-16 1.2424e-17 -9.23673 -4.20556 2.0327 -15.7766 -50.852 11.4282 0.852353 -38.7721 -0.655187 6.4902 23.1667 -0.920795 2.32622 -40.4017 -6.04875 4.07849 2.54842 -15.5366 -0.779096 -9.8844 12.4959 1.37036e-15 -6.4517e-16 -1.28329e-14 
3.05142 90.2955 29.8217 8.01933 21.9896 -4.21487 0 5.07867 -1.15138 -0.701029 2.27917 -0.0141181 0 5.61661 1.07143 -0.518672 2.35374 0.111335 -1.02604e-17 5.98978 0.11501 -0.393141 2.9357 0.169477 -1.10457e-17 6.50583 -0.443523 -0.237943 3.557 0.190803 -1.97295e-17 7.60548 -1.50593 -0.0574296 3.404 0.186698 -2.53307e-17 9.49737 -0.914492 0.0819712 3.03369 0.00324746 -2.90401e-17 10.5513 1.57691 0.0425141 0.446478 -0.115448 -1.29193e-17 4.78644 0.715339 -0.205402 10.7056 -0.867002 -1.8116e-17 4.82109 0.421791 -2.27292 -5.17594 -0.653279 -2.00958e-17 4.83041 0.765062 -4.46061 -7.92033 0.62032 1.23299 -7.60731 7.53374 23.0718 -2.77089 0.808054 12.9547 3.2495 -3.26872 -53.203 51.483 -62.5413 29.2081 0.0598081 0.137039 5.08328 -1.11198 -25.2563 24.234 0.0496219 0.113701 -2.65534 -66.6788 -5.55497 -1.23299 -7.60729 7.53365 -18.065 -2.19797 1.14602 -12.9547 3.2495 -3.26872 72.6904 39.5575 56.7073 -29.2081 0.0598081 0.137039 -2.4639 -0.245024 11.9538 -24.234 0.0496218 0.113702 6.99929 -48.1116 6.35002 9.23673 -4.20556 2.0327 5.32064 -39.0844 -3.8183 -0.852353 -38.7721 -0.655187 -4.27945 15.7036 0.314386 -2.32622 -40.4017 -6.04875 -7.425 -1.50158 15.8368 0.779096 -9.8844 12.4959 2.48481e-17 -7.95139e-16 1.2424e-17 -9.23673 -4.20556 2.0327 -15.7498 -50.9158 11.4584 0.852353 -38.7721 -0.655187 6.48332 23.1445 -0.918479 2.32622 -40.4017 -6.04875 4.10248 2.63487 -15.5451 -0.779096 -9.8844 12.4959 -1.70614e-16 -5.8503e-16 -1.27608e-14 
3.04805 90.3116 29.8483 8.00905 21.9699 -4.23498 0 5.07867 -1.15138 -0.713971 2.37232 -0.0183937 0 5.61661 1.07143 -0.524616 2.42288 0.107112 -1.02604e-17 5.98978 0.11501 -0.394483 2.96818 0.165125 -1.10457e-17 6.50583 -0.443523 -0.233866 3.5348 0.185802 -1.97295e-17 7.60548 -1.50593 -0.0493566 3.34971 0.180316 -2.53307e-17 9.49737 -0.914492 0.0902199 2.93752 -0.0115553 -2.90401e-17 10.5513 1.57691 0.0449399 0.448884 -0.119034 -1.29193e-17 4.78644 0.715339 -0.204814 10.9891 -0.860071 -1.8116e-17 4.82109 0.421791 -2.28857 -5.1228 -0.654831 -2.00958e-17 4.83041 0.765062 -4.42692 -7.97037 0.66577 1.23299 -7.60731 7.53374 23.7491 -2.72792 1.01503 12.9547 3.2495 -3.26872 -54.0791 52.0868 -62.042 29.2081 0.0598081 0.137039 5.09481 -1.11735 -25.3174 24.234 0.0496219 0.113701 -2.79225 -66.7936 -5.7401 -1.23299 -7.60729 7.53365 -18.4162 -2.20275 0.938896 -12.9547 3.2495 -3.26872 73.4864 39.796 56.0083 -29.2081 0.0598081 0.137039 -2.42329 -0.23672 11.7542 -24.234 0.0496218 0.113702 7.33498 -47.8565 6.56903 9.23673 -4.20556 2.0327 5.34876 -39.0385 -3.7397 -0.852353 -38.7721 -0.655187 -4.27333 15.682 0.313106 -2.32622 -40.4017 -6.04875 -7.40928 -1.45511 15.8257 0.779096 -9.8844 12.4959 2.48481e-17 -7.95139e-16 1.2424e-17 -9.23673 -4.20556 2.0327 -15.6954 -50.8379 11.4705 0.852353 -38.7721 -0.655187 6.46574 23.0878 -0.912572 2.32622 -40.4017 -6.04875 4.04855 2.63951 -15.5302 -0.779096 -9.8844 12.4959 -2.54194e-15 -4.86298e-16 -1.26619e-14 
3.04529 90.3276 29.8769 8.02559 21.9425 -4.25949 0 5.07867 -1.15138 -0.73961 2.41546 -0.0295248 0 5.61661 1.07143 -0.540253 2.46035 0.0950186 -1.02604e-17 5.98978 0.11501 -0.402065 2.99212 0.152826 -1.10457e-17 6.50583 -0.443523 -0.232272 3.54117 0.173134 -1.97295e-17 7.60548 -1.50593 -0.0418703 3.34664 0.166652 -2.53307e-17 9.49737 -0.914492 0.0990562 2.91275 -0.0350256 -2.90401e-17 10.5513 1.57691 0.0472832 0.44499 -0.125486 -1.29193e-17 4.78644 0.715339 -0.189539 11.2687 -0.834434 -1.8116e-17 4.82109 0.421791 -2.24324 -5.1079 -0.645932 -2.00958e-17 4.83041 0.765062 -4.4586 -8.08546 0.732636 1.23299 -7.60731 7.53374 24.3223 -2.72158 1.21981 12.9547 3.2495 -3.26872 -54.8216 52.5711 -61.6417 29.2081 0.0598081 0.137039 5.08993 -1.11507 -25.2915 24.234 0.0496219 0.113701 -2.90237 -66.8813 -5.85072 -1.23299 -7.60729 7.53365 -18.7784 -2.26429 0.699992 -12.9547 3.2495 -3.26872 74.2323 40.0735 55.402 -29.2081 0.0598081 0.137039 -2.40141 -0.232307 11.6467 -24.234 0.0496218 0.113702 7.66535 -47.693 6.73546 9.23673 -4.20556 2.0327 5.33772 -38.9498 -3.66283 -0.852353 -38.7721 -0.655187 -4.25045 15.6016 0.308343 -2.32622 -40.4017 -6.04875 -7.41888 -1.41286 15.8165 0.779096 -9.8844 12.4959 2.48481e-17 -7.95139e-16 1.2424e-17 -9.23673 -4.20556 2.0327 -15.6655 -50.7824 11.5122 0.852353 -38.7721 -0.655187 6.46194 23.0755 -0.911294 2.32622 -40.4017 -6.04875 4.02993 2.64414 -15.5286 -0.779096 -9.8844 12.4959 1.49485e-16 -5.94373e-16 -1.27699e-14 
3.04557 90.3414 29.9059 8.02647 21.94 -4.24796 0 5.07867 -1.15138 -0.766969 2.43404 -0.0528768 0 5.61661 1.07143 -0.555371 2.48213 0.0697298 -1.02604e-17 5.98978 0.11501 -0.40859 3.0144 0.126395 -1.10457e-17 6.50583 -0.443523 -0.229171 3.56733 0.145943 -1.97295e-17 7.60548 -1.50593 -0.0359171 3.37752 0.138787 -2.53307e-17 9.49737 -0.914492 0.100997 2.93586 -0.0713092 -2.90401e-17 10.5513 1.57691 0.0475126 0.435764 -0.133897 -1.29193e-17 4.78644 0.715339 -0.180018 11.5176 -0.79388 -1.8116e-17 4.82109 0.421791 -2.21647 -5.142 -0.630959 -2.00958e-17 4.83041 0.765062 -4.44017 -8.24477 0.8293 1.23299 -7.60731 7.53374 24.8592 -2.74332 1.42982 12.9547 3.2495 -3.26872 -55.6378 52.9291 -61.1668 29.2081 0.0598081 0.137039 5.08178 -1.11128 -25.2483 24.234 0.0496219 0.113701 -2.94454 -66.8635 -5.87541 -1.23299 -7.60729 7.53365 -19.1327 -2.36974 0.450698 -12.9547 3.2495 -3.26872 74.9744 40.361 54.8849 -29.2081 0.0598081 0.137039 -2.38688 -0.2294 11.5753 -24.234 0.0496218 0.113702 7.96498 -47.5143 6.8927 9.23673 -4.20556 2.0327 5.32624 -38.9101 -3.60612 -0.852353 -38.7721 -0.655187 -4.23766 15.5566 0.305695 -2.32622 -40.4017 -6.04875 -7.43762 -1.37056 15.8064 0.779096 -9.8844 12.4959 2.48481e-17 -7.95139e-16 1.2424e-17 -9.23673 -4.20556 2.0327 -15.6614 -50.7268 11.5263 0.852353 -38.7721 -0.655187 6.45398 23.0498 -0.908627 2.32622 -40.4017 -6.04875 4.01863 2.61783 -15.5274 -0.779096 -9.8844 12.4959 -1.91742e-16 -5.8415e-16 -1.27597e-14 
3.04507 90.3511 29.9345 8.00478 21.9917 -4.22863 0 5.07867 -1.15138 -0.782112 2.47613 -0.0785108 0 5.61661 1.07143 -0.559185 2.5153 0.0428968 -1.02604e-17 5.98978 0.11501 -0.405781 3.03171 0.0993516 -1.10457e-17 6.50583 -0.443523 -0.218433 3.56323 0.118402 -1.97295e-17 7.60548 -1.50593 -0.0243613 3.36376 0.109625 -2.53307e-17 9.49737 -0.914492 0.106598 2.89942 -0.11033 -2.90401e-17 10.5513 1.57691 0.0487564 0.434509 -0.141391 -1.29193e-17 4.78644 0.715339 -0.165343 11.7517 -0.725802 -1.8116e-17 4.82109 0.421791 -2.17721 -5.15368 -0.602016 -2.00958e-17 4.83041 0.765062 -4.47116 -8.3856 0.883033 1.23299 -7.60731 7.53374 25.3791 -2.73167 1.62541 12.9547 3.2495 -3.26872 -56.4789 53.2702 -60.6415 29.2081 0.0598081 0.137039 5.07592 -1.10855 -25.2173 24.234 0.0496219 0.113701 -3.02487 -66.7816 -5.95888 -1.23299 -7.60729 7.53365 -19.5112 -2.43632 0.203326 -12.9547 3.2495 -3.26872 75.6992 40.6357 54.3353 -29.2081 0.0598081 0.137039 -2.38694 -0.229413 11.5756 -24.234 0.0496218 0.113702 8.30102 -47.352 7.10152 9.23673 -4.20556 2.0327 5.34704 -38.9413 -3.54649 -0.852353 -38.7721 -0.655187 -4.2332 15.5409 0.304773 -2.32622 -40.4017 -6.04875 -7.42592 -1.34927 15.7959 0.779096 -9.8844 12.4959 2.48481e-17 -7.95139e-16 1.2424e-17 -9.23673 -4.20556 2.0327 -15.6589 -50.7229 11.4717 0.852353 -38.7721 -0.655187 6.44602 23.0241 -0.905962 2.32622 -40.4017 -6.04875 4.01438 2.58892 -15.5287 -0.779096 -9.8844 12.4959 -1.76089e-15 -5.10706e-16 -1.26985e-14 
3.04414 90.3609 29.965 7.96512 22.0421 -4.17011 0 5.07867 -1.15138 -0.790198 2.52893 -0.13285 0 5.61661 1.07143 -0.554839 2.55539 -0.0167023 -1.02604e-17 5.98978 0.11501 -0.396146 3.05158 0.0368062 -1.10457e-17 6.50583 -0.443523 -0.201453 3.56339 0.0546671 -1.97295e-17 7.60548 -1.50593 -0.0152172 3.35223 0.0443371 -2.53307e-17 9.49737 -0.914492 0.0967568 2.86671 -0.183885 -2.90401e-17 10.5513 1.57691 0.0463513 0.432355 -0.15377 -1.29193e-17 4.78644 0.715339 -0.147586 11.9487 -0.599036 -1.8116e-17 4.82109 0.421791 -2.15758 -5.17408 -0.545792 -2.00958e-17 4.83041 0.765062 -4.5026 -8.54087 1.02444 1.23299 -7.60731 7.53374 25.6834 -2.72846 1.73944 12.9547 3.2495 -3.26872 -57.5296 53.4486 -59.9575 29.2081 0.0598081 0.137039 5.0468 -1.09507 -25.0632 24.234 0.0496219 0.113701 -2.66372 -66.5174 -5.65722 -1.23299 -7.60729 7.53365 -19.9504 -2.53735 -0.0371499 -12.9547 3.2495 -3.26872 76.1244 41.0426 53.9675 -29.2081 0.0598081 0.137039 -2.40462 -0.232953 11.6625 -24.234 0.0496218 0.113702 8.83141 -47.4811 7.48542 9.23673 -4.20556 2.0327 5.35824 -38.9553 -3.4941 -0.852353 -38.7721 -0.655187 -4.21966 15.4932 0.301985 -2.32622 -40.4017 -6.04875 -7.42043 -1.33794 15.787 0.779096 -9.8844 12.4959 2.48481e-17 -7.95139e-16 1.2424e-17 -9.23673 -4.20556 2.0327 -15.6724 -50.7109 11.3901 0.852353 -38.7721 -0.655187 6.44122 23.0086 -0.904357 2.32622 -40.4017 -6.04875 4.00154 2.55914 -15.5263 -0.779096 -9.8844 12.4959 -2.57012e-15 -4.84978e-16 -1.26608e-14 
3.02992 90.3723 30.0011 7.94705 22.0721 -4.15682 0 5.07867 -1.15138 -0.812437 2.62857 -0.196466 0 5.61661 1.07143 -0.564998 2.63195 -0.0910492 -1.02604e-17 5.98978 0.11501 -0.399201 3.09856 -0.0401162 -1.10457e-17 6.50583 -0.443523 -0.196679 3.57891 -0.0224924 -1.97295e-17 7.60548 -1.50593 -0.0191456 3.33999 -0.0319871 -2.53307e-17 9.49737 -0.914492 0.0743769 2.84556 -0.263004 -2.90401e-17 10.5513 1.57691 0.0410492 0.429643 -0.163801 -1.29193e-17 4.78644 0.715339 -0.134185 11.8913 -0.418458 -1.8116e-17 4.82109 0.421791 -2.14189 -5.19439 -0.461383 -2.00958e-17 4.83041 0.765062 -4.48524 -8.57705 1.20567 1.23299 -7.60731 7.53374 25.3396 -2.70206 1.57054 12.9547 3.2495 -3.26872 -58.4301 53.0932 -59.0174 29.2081 0.0598081 0.137039 4.96427 -1.05738 -24.6274 24.234 0.0496219 0.113701 -2.48263 -65.9702 -5.53365 -1.23299 -7.60729 7.53365 -19.995 -2.56905 -0.0169626 -12.9547 3.2495 -3.26872 75.8304 41.3212 53.9612 -29.2081 0.0598081 0.137039 -2.42541 -0.237151 11.7646 -24.234 0.0496218 0.113702 9.38563 -47.8816 7.97998 9.23673 -4.20556 2.0327 5.36687 -38.9257 -3.48945 -0.852353 -38.7721 -0.655187 -4.19775 15.416 0.297496 -2.32622 -40.4017 -6.04875 -7.42846 -1.33613 15.7892 0.779096 -9.8844 12.4959 2.48481e-17 -7.95139e-16 1.2424e-17 -9.23673 -4.20556 2.0327 -15.6486 -50.7012 11.3543 0.852353 -38.7721 -0.655187 6.44058 23.0066 -0.904146 2.32622 -40.4017 -6.04875 3.97153 2.53406 -15.525 -0.779096 -9.8844 12.4959 5.40012e-16 -6.18781e-16 -1.27943e-14 
2.99628 90.3869 30.0441 7.92434 22.0981 -4.20367 0 5.07867 -1.15138 -0.833329 2.72166 -0.22755 0 5.61661 1.07143 -0.578056 2.69637 -0.128962 -1.02604e-17 5.98978 0.11501 -0.406936 3.1218 -0.077895 -1.10457e-17 6.50583 -0.443523 -0.197777 3.54805 -0.0610916 -1.97295e-17 7.60548 -1.50593 -0.0226433 3.2745 -0.0694561 -2.53307e-17 9.49737 -0.914492 0.063503 2.74621 -0.303962 -2.90401e-17 10.5513 1.57691 0.039672 0.44006 -0.17178 -1.29193e-17 4.78644 0.715339 -0.122466 11.9646 -0.311133 -1.8116e-17 4.82109 0.421791 -2.12897 -5.16198 -0.411166 -2.00958e-17 4.83041 0.765062 -4.438 -8.59116 1.32444 1.23299 -7.60731 7.53374 25.342 -2.66465 1.54855 12.9547 3.2495 -3.26872 -59.2415 52.874 -58.263 29.2081 0.0598081 0.137039 4.8665 -1.01371 -24.113 24.234 0.0496219 0.113701 -3.1913 -65.5566 -6.18375 -1.23299 -7.60729 7.53365 -20.136 -2.56447 -0.0904088 -12.9547 3.2495 -3.26872 75.9951 41.5429 53.6173 -29.2081 0.0598081 0.137039 -2.45496 -0.243186 11.9099 -24.234 0.0496218 0.113702 9.85057 -48.0925 8.34344 9.23673 -4.20556 2.0327 5.44913 -38.9078 -3.38987 -0.852353 -38.7721 -0.655187 -4.19175 15.3949 0.296272 -2.32622 -40.4017 -6.04875 -7.37508 -1.31654 15.7919 0.779096 -9.8844 12.4959 2.48481e-17 -7.95139e-16 1.2424e-17 -9.23673 -4.20556 2.0327 -15.5336 -50.6665 11.4129 0.852353 -38.7721 -0.655187 6.42198 22.9465 -0.897936 2.32622 -40.4017 -6.04875 3.99168 2.49858 -15.5268 -0.779096 -9.8844 12.4959 -5.75226e-16 -5.60182e-16 -1.27479e-14 
2.94598 90.4065 30.0934 7.91775 22.1205 -4.29636 0 5.07867 -1.15138 -0.888348 2.81708 -0.271676 0 5.61661 1.07143 -0.619233 2.76395 -0.187241 -1.02604e-17 5.98978 0.11501 -0.43515 3.15363 -0.138353 -1.10457e-17 6.50583 -0.443523 -0.212972 3.53742 -0.121505 -1.97295e-17 7.60548 -1.50593 -0.0365094 3.22955 -0.125726 -2.53307e-17 9.49737 -0.914492 0.0458971 2.68853 -0.362699 -2.90401e-17 10.5513 1.57691 0.0363229 0.443035 -0.181247 -1.29193e-17 4.78644 0.715339 -0.0979427 11.7712 -0.11477 -1.8116e-17 4.82109 0.421791 -2.05511 -5.12241 -0.316563 -2.00958e-17 4.83041 0.765062 -4.41251 -8.4839 1.49234 1.23299 -7.60731 7.53374 24.7498 -2.58958 1.24666 12.9547 3.2495 -3.26872 -59.8886 52.4155 -57.4945 29.2081 0.0598081 0.137039 4.74867 -0.962463 -23.4957 24.234 0.0496219 0.113701 -2.83115 -64.8872 -5.94755 -1.23299 -7.60729 7.53365 -20.0407 -2.53002 0.00189551 -12.9547 3.2495 -3.26872 75.7933 41.8122 53.5816 -29.2081 0.0598081 0.137039 -2.49562 -0.251618 12.1099 -24.234 0.0496218 0.113702 10.1011 -48.2883 8.59326 9.23673 -4.20556 2.0327 5.54135 -38.8477 -3.29989 -0.852353 -38.7721 -0.655187 -4.1705 15.3199 0.291953 -2.32622 -40.4017 -6.04875 -7.35367 -1.29817 15.8044 0.779096 -9.8844 12.4959 2.48481e-17 -7.95139e-16 1.2424e-17 -9.23673 -4.20556 2.0327 -15.3616 -50.6697 11.5537 0.852353 -38.7721 -0.655187 6.41293 22.9172 -0.894926 2.32622 -40.4017 -6.04875 3.97165 2.51098 -15.5239 -0.779096 -9.8844 12.4959 -4.50162e-15 -4.0043e-16 -1.25762e-14 
2.88718 90.4312 30.1489 7.94117 22.1095 -4.41936 0 5.07867 -1.15138 -0.942737 2.85334 -0.28932 0 5.61661 1.07143 -0.664131 2.7911 -0.213897 -1.02604e-17 5.98978 0.11501 -0.469197 3.16936 -0.165007 -1.10457e-17 6.50583 -0.443523 -0.235863 3.54217 -0.148568 -1.97295e-17 7.60548 -1.50593 -0.0537836 3.22563 -0.148196 -2.53307e-17 9.49737 -0.914492 0.0323198 2.68148 -0.385514 -2.90401e-17 10.5513 1.57691 0.0347008 0.443685 -0.188837 -1.29193e-17 4.78644 0.715339 -0.091092 11.7182 -0.0213024 -1.8116e-17 4.82109 0.421791 -2.03539 -5.13121 -0.272339 -2.00958e-17 4.83041 0.765062 -4.27936 -8.46312 1.60825 1.23299 -7.60731 7.53374 24.5589 -2.59152 1.16437 12.9547 3.2495 -3.26872 -60.3748 51.9892 -57.0287 29.2081 0.0598081 0.137039 4.63786 -0.915639 -22.9177 24.234 0.0496219 0.113701 -3.28544 -64.3038 -6.27786 -1.23299 -7.60729 7.53365 -20.0101 -2.54978 -0.0169199 -12.9547 3.2495 -3.26872 75.7922 41.9532 53.5049 -29.2081 0.0598081 0.137039 -2.52676 -0.258175 12.2632 -24.234 0.0496218 0.113702 10.2984 -48.3615 8.71776 9.23673 -4.20556 2.0327 5.63155 -38.7699 -3.18139 -0.852353 -38.7721 -0.655187 -4.16058 15.285 0.289948 -2.32622 -40.4017 -6.04875 -7.36235 -1.24432 15.8232 0.779096 -9.8844 12.4959 2.48481e-17 -7.95139e-16 1.2424e-17 -9.23673 -4.20556 2.0327 -15.1924 -50.605 11.7244 0.852353 -38.7721 -0.655187 6.38843 22.8379 -0.88679 2.32622 -40.4017 -6.04875 3.99342 2.47991 -15.5238 -0.779096 -9.8844 12.4959 -1.44783e-15 -5.31813e-16 -1.27074e-14 
2.82846 90.4534 30.211 7.98715 22.1058 -4.53458 0 5.07867 -1.15138 -0.997382 2.91115 -0.285044 0 5.61661 1.07143 -0.71076 2.8282 -0.216559 -1.02604e-17 5.98978 0.11501 -0.504146 3.17815 -0.166214 -1.10457e-17 6.50583 -0.443523 -0.25854 3.50971 -0.14959 -1.97295e-17 7.60548 -1.50593 -0.0635683 3.16931 -0.145203 -2.53307e-17 9.49737 -0.914492 0.0363707 2.60047 -0.387738 -2.90401e-17 10.5513 1.57691 0.0371551 0.453319 -0.192591 -1.29193e-17 4.78644 0.715339 -0.0723248 11.7104 0.0212868 -1.8116e-17 4.82109 0.421791 -1.95103 -5.1011 -0.250833 -2.00958e-17 4.83041 0.765062 -4.23263 -8.42432 1.6157 1.23299 -7.60731 7.53374 24.6121 -2.54261 1.16285 12.9547 3.2495 -3.26872 -60.725 51.9456 -56.8045 29.2081 0.0598081 0.137039 4.57155 -0.888246 -22.5729 24.234 0.0496219 0.113701 -3.57527 -63.9097 -6.55631 -1.23299 -7.60729 7.53365 -20.0623 -2.50639 -0.0837128 -12.9547 3.2495 -3.26872 76.0735 42.0457 53.1376 -29.2081 0.0598081 0.137039 -2.56581 -0.26652 12.4555 -24.234 0.0496218 0.113702 10.4803 -48.3416 8.91699 9.23673 -4.20556 2.0327 5.68992 -38.6998 -3.0702 -0.852353 -38.7721 -0.655187 -4.15138 15.2525 0.288091 -2.32622 -40.4017 -6.04875 -7.37098 -1.18591 15.8394 0.779096 -9.8844 12.4959 4.15375e-16 -7.82935e-16 2.20086e-19 -9.23673 -4.20556 2.0327 -15.0601 -50.5583 11.8881 0.852353 -38.7721 -0.655187 6.37328 22.7889 -0.881775 2.32622 -40.4017 -6.04875 4.01443 2.42964 -15.528 -0.779096 -9.8844 12.4959 -1.39149e-15 -5.34234e-16 -1.27098e-14 
2.76901 90.4633 30.277 8.03818 22.1726 -4.66805 0 5.07867 -1.15138 -1.04311 2.93762 -0.279804 0 5.61661 1.07143 -0.74962 2.84187 -0.215272 -1.02604e-17 5.98978 0.11501 -0.533179 3.17593 -0.163067 -1.10457e-17 6.50583 -0.443523 -0.277078 3.48292 -0.14615 -1.97295e-17 7.60548 -1.50593 -0.0703798 3.13192 -0.138471 -2.53307e-17 9.49737 -0.914492 0.0420736 2.54671 -0.385554 -2.90401e-17 10.5513 1.57691 0.0403881 0.459251 -0.195008 -1.29193e-17 4.78644 0.715339 -0.0591244 11.7158 0.0212763 -1.8116e-17 4.82109 0.421791 -1.88267 -5.11209 -0.249603 -2.00958e-17 4.83041 0.765062 -4.17716 -8.44946 1.6349 1.23299 -7.60731 7.53374 24.7654 -2.50981 1.22555 12.9547 3.2495 -3.26872 -60.9193 51.9766 -56.7308 29.2081 0.0598081 0.137039 4.54778 -0.878539 -22.4495 24.234 0.0496219 0.113701 -3.74463 -63.7286 -6.71091 -1.23299 -7.60729 7.53365 -20.1557 -2.48562 -0.192781 -12.9547 3.2495 -3.26872 76.4132 42.1021 52.8366 -29.2081 0.0598081 0.137039 -2.60496 -0.275026 12.6484 -24.234 0.0496218 0.113702 10.5576 -48.2833 9.01364 9.23673 -4.20556 2.0327 5.77189 -38.7039 -2.94652 -0.852353 -38.7721 -0.655187 -4.14956 15.246 0.287724 -2.32622 -40.4017 -6.04875 -7.39494 -1.19101 15.8517 0.779096 -9.8844 12.4959 3.18908e-17 -7.94919e-16 1.2204e-17 -9.23673 -4.20556 2.0327 -14.9428 -50.5982 12.0181 0.852353 -38.7721 -0.655187 6.36735 22.7696 -0.879816 2.32622 -40.4017 -6.04875 4.0222 2.34466 -15.5255 -0.779096 -9.8844 12.4959 -1.39149e-15 -5.34234e-16 -1.27098e-14 
2.70969 90.467 30.349 8.09724 22.2491 -4.79407 0 5.07867 -1.15138 -1.08272 2.98517 -0.278268 0 5.61661 1.07143 -0.782708 2.86824 -0.217336 -1.02604e-17 5.98978 0.11501 -0.557821 3.17554 -0.16386 -1.10457e-17 6.50583 -0.443523 -0.2926 3.43961 -0.147063 -1.97295e-17 7.60548 -1.50593 -0.0765657 3.06751 -0.136447 -2.53307e-17 9.49737 -0.914492 0.0450614 2.45674 -0.38673 -2.90401e-17 10.5513 1.57691 0.0428257 0.468792 -0.196349 -1.29193e-17 4.78644 0.715339 -0.0551395 11.7106 0.0112248 -1.8116e-17 4.82109 0.421791 -1.84583 -5.12587 -0.253896 -2.00958e-17 4.83041 0.765062 -4.11846 -8.47227 1.65487 1.23299 -7.60731 7.53374 24.9569 -2.4492 1.28387 12.9547 3.2495 -3.26872 -61.1851 52.054 -56.5455 29.2081 0.0598081 0.137039 4.55818 -0.88278 -22.5035 24.234 0.0496219 0.113701 -3.75292 -63.5654 -6.74632 -1.23299 -7.60729 7.53365 -20.2573 -2.44831 -0.282036 -12.9547 3.2495 -3.26872 76.8421 42.1285 52.51 -29.2081 0.0598081 0.137039 -2.64269 -0.283354 12.8345 -24.234 0.0496218 0.113702 10.5184 -48.1696 8.99951 9.23673 -4.20556 2.0327 5.83942 -38.7137 -2.84361 -0.852353 -38.7721 -0.655187 -4.14769 15.2395 0.287348 -2.32622 -40.4017 -6.04875 -7.42126 -1.22214 15.8595 0.779096 -9.8844 12.4959 -3.65674e-16 -8.07343e-16 2.46279e-17 -9.23673 -4.20556 2.0327 -14.8457 -50.6539 12.1292 0.852353 -38.7721 -0.655187 6.36922 22.7757 -0.880432 2.32622 -40.4017 -6.04875 4.00861 2.23617 -15.5207 -0.779096 -9.8844 12.4959 -1.00097e-15 -5.46438e-16 -1.2722e-14 
2.64975 90.4684 30.429 8.17772 22.3375 -4.93592 0 5.07867 -1.15138 -1.12277 3.02232 -0.274199 0 5.61661 1.07143 -0.816034 2.88538 -0.215382 -1.02604e-17 5.98978 0.11501 -0.582406 3.16817 -0.159825 -1.10457e-17 6.50583 -0.443523 -0.308077 3.39095 -0.142738 -1.97295e-17 7.60548 -1.50593 -0.0814531 2.99893 -0.129431 -2.53307e-17 9.49737 -0.914492 0.0515458 2.36358 -0.382808 -2.90401e-17 10.5513 1.57691 0.0462888 0.47872 -0.195928 -1.29193e-17 4.78644 0.715339 -0.0490791 11.7102 -0.0081477 -1.8116e-17 4.82109 0.421791 -1.80157 -5.12977 -0.261662 -2.00958e-17 4.83041 0.765062 -4.09809 -8.5092 1.65634 1.23299 -7.60731 7.53374 25.1261 -2.38484 1.33683 12.9547 3.2495 -3.26872 -61.3025 52.1287 -56.4441 29.2081 0.0598081 0.137039 4.57522 -0.889752 -22.592 24.234 0.0496219 0.113701 -3.85202 -63.4512 -6.84813 -1.23299 -7.60729 7.53365 -20.3322 -2.39877 -0.354213 -12.9547 3.2495 -3.26872 77.2739 42.1078 52.213 -29.2081 0.0598081 0.137039 -2.6645 -0.288226 12.9422 -24.234 0.0496218 0.113702 10.4156 -48.0212 8.9338 9.23673 -4.20556 2.0327 5.88579 -38.7199 -2.7656 -0.852353 -38.7721 -0.655187 -4.14117 15.2165 0.286039 -2.32622 -40.4017 -6.04875 -7.4337 -1.26323 15.8652 0.779096 -9.8844 12.4959 -3.72721e-16 -8.07563e-16 2.48481e-17 -9.23673 -4.20556 2.0327 -14.7682 -50.7198 12.2216 0.852353 -38.7721 -0.655187 6.37177 22.784 -0.881276 2.32622 -40.4017 -6.04875 3.97196 2.10633 -15.511 -0.779096 -9.8844 12.4959 -2.55601e-15 -4.85639e-16 -1.26612e-14 
2.59454 90.4799 30.5149 8.28991 22.3863 -5.07167 0 5.07867 -1.15138 -1.16961 3.05949 -0.273598 0 5.61661 1.07143 -0.854435 2.90521 -0.217744 -1.02604e-17 5.98978 0.11501 -0.610618 3.16765 -0.160938 -1.10457e-17 6.50583 -0.443523 -0.326029 3.35502 -0.14383 -1.97295e-17 7.60548 -1.50593 -0.0886797 2.94479 -0.127524 -2.53307e-17 9.49737 -0.914492 0.0553155 2.29072 -0.382793 -2.90401e-17 10.5513 1.57691 0.0488743 0.485533 -0.195582 -1.29193e-17 4.78644 0.715339 -0.0454226 11.7134 -0.0512356 -1.8116e-17 4.82109 0.421791 -1.7699 -5.13433 -0.280832 -2.00958e-17 4.83041 0.765062 -4.06816 -8.54555 1.68742 1.23299 -7.60731 7.53374 25.2602 -2.33112 1.36671 12.9547 3.2495 -3.26872 -61.3243 52.1819 -56.3972 29.2081 0.0598081 0.137039 4.59604 -0.898309 -22.7001 24.234 0.0496219 0.113701 -3.93528 -63.3564 -6.93763 -1.23299 -7.60729 7.53365 -20.3818 -2.36839 -0.395458 -12.9547 3.2495 -3.26872 77.755 42.0304 51.9377 -29.2081 0.0598081 0.137039 -2.67062 -0.289599 12.9723 -24.234 0.0496218 0.113702 10.2367 -47.7934 8.81698 9.23673 -4.20556 2.0327 5.87413 -38.6676 -2.70325 -0.852353 -38.7721 -0.655187 -4.12288 15.1519 0.282376 -2.32622 -40.4017 -6.04875 -7.46881 -1.25174 15.8735 0.779096 -9.8844 12.4959 1.78006e-17 -7.95359e-16 1.26443e-17 -9.23673 -4.20556 2.0327 -14.7316 -50.7388 12.3271 0.852353 -38.7721 -0.655187 6.37253 22.7864 -0.881528 2.32622 -40.4017 -6.04875 3.93664 1.99227 -15.501 -0.779096 -9.8844 12.4959 -2.4107e-16 -5.82168e-16 -1.27577e-14 
2.55483 90.506 30.6047 8.40562 22.4025 -5.10948 0 5.07867 -1.15138 -1.09256 3.03632 -0.362015 0 5.61661 1.07143 -0.790082 2.8455 -0.316209 -1.02604e-17 5.98978 0.11501 -0.567971 3.06067 -0.265628 -1.10457e-17 6.50583 -0.443523 -0.289524 3.22209 -0.257073 -1.97295e-17 7.60548 -1.50593 -0.0890227 2.81326 -0.246533 -2.53307e-17 9.49737 -0.914492 -0.00370443 2.05946 -0.50829 -2.90401e-17 10.5513 1.57691 0.0438462 0.514251 -0.228078 -1.29193e-17 4.78644 0.715339 -0.023471 12.8532 0.161374 -1.8116e-17 4.82109 0.421791 -1.75038 -5.06773 -0.186716 -2.00958e-17 4.83041 0.765062 -4.47121 -9.18844 1.73078 1.23299 -7.60731 7.53374 26.8416 -2.37301 2.17949 12.9547 3.2495 -3.26872 -63.1492 53.1877 -55.8767 29.2081 0.0598081 0.137039 4.67355 -0.930575 -23.1036 24.234 0.0496219 0.113701 -3.71417 -63.6972 -6.62843 -1.23299 -7.60729 7.53365 -22.4738 -2.62114 -1.49187 -12.9547 3.2495 -3.26872 76.6221 43.4232 51.7064 -29.2081 0.0598081 0.137039 -2.76449 -0.311115 13.4361 -24.234 0.0496218 0.113702 13.6914 -49.571 11.5953 9.23673 -4.20556 2.0327 5.76339 -38.4781 -2.47156 -0.852353 -38.7721 -0.655187 -4.05133 14.8989 0.268248 -2.32622 -40.4017 -6.04875 -7.40341 -1.15435 15.8597 0.779096 -9.8844 12.4959 2.48481e-17 -7.95139e-16 1.2424e-17 -9.23673 -4.20556 2.0327 -14.7981 -50.6894 12.3986 0.852353 -38.7721 -0.655187 6.37237 22.7859 -0.881473 2.32622 -40.4017 -6.04875 3.9321 1.88371 -15.5005 -0.779096 -9.8844 12.4959 -1.98785e-16 -5.8393e-16 -1.27595e-14 
2.52462 90.5422 30.7005 8.48432 22.3954 -5.06078 0 5.07867 -1.15138 -1.20555 3.12849 -0.404605 0 5.61661 1.07143 -0.883961 2.9035 -0.378539 -1.02604e-17 5.98978 0.11501 -0.641149 3.06423 -0.335006 -1.10457e-17 6.50583 -0.443523 -0.339187 3.15295 -0.329662 -1.97295e-17 7.60548 -1.50593 -0.130071 2.7135 -0.310106 -2.53307e-17 9.49737 -0.914492 -0.0505035 1.90576 -0.576435 -2.90401e-17 10.5513 1.57691 0.0423648 0.532491 -0.252487 -1.29193e-17 4.78644 0.715339 -0.0430463 13.2257 0.234398 -1.8116e-17 4.82109 0.421791 -1.82465 -5.17887 -0.155142 -2.00958e-17 4.83041 0.765062 -4.02546 -9.32633 1.911 1.23299 -7.60731 7.53374 27.5739 -2.26737 2.50579 12.9547 3.2495 -3.26872 -64.679 53.6655 -54.9486 29.2081 0.0598081 0.137039 4.70634 -0.944417 -23.2746 24.234 0.0496219 0.113701 -2.95891 -63.0737 -6.21274 -1.23299 -7.60729 7.53365 -23.4284 -2.70455 -2.0461 -12.9547 3.2495 -3.26872 76.8213 44.1854 51.4147 -29.2081 0.0598081 0.137039 -2.89117 -0.341421 14.0633 -24.234 0.0496218 0.113702 14.7955 -50.261 12.4626 9.23673 -4.20556 2.0327 5.59018 -38.3287 -2.72076 -0.852353 -38.7721 -0.655187 -3.9903 14.6827 0.256448 -2.32622 -40.4017 -6.04875 -7.56192 -1.04622 15.8788 0.779096 -9.8844 12.4959 2.48481e-17 -7.95139e-16 1.2424e-17 -9.23673 -4.20556 2.0327 -14.8716 -50.5862 12.4142 0.852353 -38.7721 -0.655187 6.36941 22.7763 -0.880496 2.32622 -40.4017 -6.04875 3.75313 1.86961 -15.4796 -0.779096 -9.8844 12.4959 5.82259e-16 -6.20541e-16 -1.27961e-14 
2.49704 90.5779 30.8045 8.51541 22.4009 -5.01459 0 5.07867 -1.15138 -1.20589 3.11523 -0.419118 0 5.61661 1.07143 -0.880612 2.89756 -0.390588 -1.02604e-17 5.98978 0.11501 -0.635054 3.05821 -0.347413 -1.10457e-17 6.50583 -0.443523 -0.327687 3.15686 -0.341043 -1.97295e-17 7.60548 -1.50593 -0.117386 2.72901 -0.322756 -2.53307e-17 9.49737 -0.914492 -0.0417796 1.90661 -0.600693 -2.90401e-17 10.5513 1.57691 0.0444108 0.539187 -0.264996 -1.29193e-17 4.78644 0.715339 0.0269298 13.5235 0.0486504 -1.8116e-17 4.82109 0.421791 -1.69675 -5.2613 -0.241759 -2.00958e-17 4.83041 0.765062 -4.17458 -9.56836 2.06998 1.23299 -7.60731 7.53374 28.03 -2.36972 2.77277 12.9547 3.2495 -3.26872 -65.1832 53.5561 -55.0581 29.2081 0.0598081 0.137039 4.62935 -0.912096 -22.8734 24.234 0.0496219 0.113701 -3.94698 -62.8184 -7.00637 -1.23299 -7.60729 7.53365 -24.1162 -2.80765 -2.46724 -12.9547 3.2495 -3.26872 77.4442 44.4551 51.095 -29.2081 0.0598081 0.137039 -2.94055 -0.353634 14.3082 -24.234 0.0496218 0.113702 14.884 -50.3799 12.4534 9.23673 -4.20556 2.0327 5.52581 -38.2675 -2.83116 -0.852353 -38.7721 -0.655187 -3.97545 14.63 0.253612 -2.32622 -40.4017 -6.04875 -7.71754 -0.957189 15.8975 0.779096 -9.8844 12.4959 -3.65674e-16 -8.07343e-16 2.46278e-17 -9.23673 -4.20556 2.0327 -14.9753 -50.4331 12.249 0.852353 -38.7721 -0.655187 6.34293 22.6905 -0.871768 2.32622 -40.4017 -6.04875 3.84673 1.7267 -15.4903 -0.779096 -9.8844 12.4959 -1.8469e-16 -5.84591e-16 -1.27602e-14 
2.46723 90.6074 30.9099 8.50726 22.4572 -4.97957 0 5.07867 -1.15138 -1.20451 3.23979 -0.41982 0 5.61661 1.07143 -0.874985 2.96758 -0.392801 -1.02604e-17 5.98978 0.11501 -0.627405 3.05736 -0.348415 -1.10457e-17 6.50583 -0.443523 -0.317767 3.04447 -0.341989 -1.97295e-17 7.60548 -1.50593 -0.104695 2.55622 -0.323915 -2.53307e-17 9.49737 -0.914492 -0.0266318 1.6689 -0.609854 -2.90401e-17 10.5513 1.57691 0.0490751 0.567824 -0.264738 -1.29193e-17 4.78644 0.715339 0.0655503 13.5232 0.0286764 -1.8116e-17 4.82109 0.421791 -1.63742 -5.13993 -0.248079 -2.00958e-17 4.83041 0.765062 -4.22344 -9.41952 1.97248 1.23299 -7.60731 7.53374 28.0945 -2.21899 2.73482 12.9547 3.2495 -3.26872 -65.3977 53.7969 -54.8963 29.2081 0.0598081 0.137039 4.61483 -0.906071 -22.7978 24.234 0.0496219 0.113701 -4.16752 -62.6208 -7.4233 -1.23299 -7.60729 7.53365 -24.2944 -2.65857 -2.50839 -12.9547 3.2495 -3.26872 77.8287 44.4741 50.7291 -29.2081 0.0598081 0.137039 -2.96741 -0.360369 14.4415 -24.234 0.0496218 0.113702 14.7719 -50.3726 12.3245 9.23673 -4.20556 2.0327 5.50542 -38.2067 -2.87936 -0.852353 -38.7721 -0.655187 -3.94418 14.519 0.247682 -2.32622 -40.4017 -6.04875 -7.73347 -0.920024 15.906 0.779096 -9.8844 12.4959 -3.72721e-16 -8.07563e-16 2.48481e-17 -9.23673 -4.20556 2.0327 -15.0494 -50.3212 11.9649 0.852353 -38.7721 -0.655187 6.31078 22.5861 -0.861222 2.32622 -40.4017 -6.04875 3.88431 1.59227 -15.4842 -0.779096 -9.8844 12.4959 -1.98785e-16 -5.8393e-16 -1.27595e-14 
2.43824 90.635 31.012 8.47429 22.5312 -4.91642 0 5.07867 -1.15138 -1.18468 3.21648 -0.420362 0 5.61661 1.07143 -0.856211 2.95072 -0.388334 -1.02604e-17 5.98978 0.11501 -0.610252 3.04544 -0.342906 -1.10457e-17 6.50583 -0.443523 -0.301357 3.04509 -0.335586 -1.97295e-17 7.60548 -1.50593 -0.0882487 2.56555 -0.319413 -2.53307e-17 9.49737 -0.914492 -0.0100145 1.67397 -0.611499 -2.90401e-17 10.5513 1.57691 0.053603 0.569696 -0.265561 -1.29193e-17 4.78644 0.715339 0.107379 13.6034 -0.103592 -1.8116e-17 4.82109 0.421791 -1.57994 -5.1369 -0.308215 -2.00958e-17 4.83041 0.765062 -4.25464 -9.49567 1.94907 1.23299 -7.60731 7.53374 28.1973 -2.25822 2.80836 12.9547 3.2495 -3.26872 -65.2547 53.843 -55.238 29.2081 0.0598081 0.137039 4.57811 -0.890932 -22.6069 24.234 0.0496219 0.113701 -4.56848 -62.6087 -7.81528 -1.23299 -7.60729 7.53365 -24.4754 -2.69588 -2.6111 -12.9547 3.2495 -3.26872 78.1078 44.3691 50.6057 -29.2081 0.0598081 0.137039 -2.96746 -0.360381 14.4418 -24.234 0.0496218 0.113702 14.6413 -50.3397 12.1479 9.23673 -4.20556 2.0327 5.4891 -38.1741 -2.98501 -0.852353 -38.7721 -0.655187 -3.91477 14.4145 0.242161 -2.32622 -40.4017 -6.04875 -7.73402 -0.890288 15.9185 0.779096 -9.8844 12.4959 -3.72721e-16 -8.07563e-16 2.48481e-17 -9.23673 -4.20556 2.0327 -15.052 -50.2692 11.8676 0.852353 -38.7721 -0.655187 6.29868 22.5468 -0.857271 2.32622 -40.4017 -6.04875 3.8379 1.54182 -15.4731 -0.779096 -9.8844 12.4959 5.82259e-16 -6.20541e-16 -1.27961e-14 
2.40668 90.6649 31.112 8.47098 22.5699 -4.87019 0 5.07867 -1.15138 -1.18018 3.24034 -0.434334 0 5.61661 1.07143 -0.84695 2.96242 -0.402561 -1.02604e-17 5.98978 0.11501 -0.599582 3.04465 -0.357872 -1.10457e-17 6.50583 -0.443523 -0.289528 3.02378 -0.350731 -1.97295e-17 7.60548 -1.50593 -0.0786995 2.53186 -0.335876 -2.53307e-17 9.49737 -0.914492 -0.00523594 1.62902 -0.630184 -2.90401e-17 10.5513 1.57691 0.0535703 0.573447 -0.265806 -1.29193e-17 4.78644 0.715339 0.123858 13.6167 -0.174044 -1.8116e-17 4.82109 0.421791 -1.56604 -5.10046 -0.33995 -2.00958e-17 4.83041 0.765062 -4.22775 -9.46478 1.93819 1.23299 -7.60731 7.53374 28.2035 -2.22901 2.79066 12.9547 3.2495 -3.26872 -65.2603 53.9091 -55.2002 29.2081 0.0598081 0.137039 4.58527 -0.893872 -22.6441 24.234 0.0496219 0.113701 -4.60444 -62.61 -7.92235 -1.23299 -7.60729 7.53365 -24.532 -2.69325 -2.59761 -12.9547 3.2495 -3.26872 78.2862 44.3286 50.5987 -29.2081 0.0598081 0.137039 -2.9573 -0.357825 14.3913 -24.234 0.0496218 0.113702 14.428 -50.2801 11.9392 9.23673 -4.20556 2.0327 5.46364 -38.0866 -2.9891 -0.852353 -38.7721 -0.655187 -3.87771 14.2827 0.235278 -2.32622 -40.4017 -6.04875 -7.7871 -0.841485 15.9233 0.779096 -9.8844 12.4959 1.78006e-17 -7.95359e-16 1.26443e-17 -9.23673 -4.20556 2.0327 -15.0734 -50.1731 11.805 0.852353 -38.7721 -0.655187 6.27966 22.4849 -0.851068 2.32622 -40.4017 -6.04875 3.84664 1.451 -15.4707 -0.779096 -9.8844 12.4959 5.96354e-16 -6.21202e-16 -1.27968e-14 
2.67177 90.5665 30.6703 8.45679 22.5584 -4.82834 0 5.07867 -1.15138 -1.11111 3.8603 -0.471053 0 5.61661 1.07143 -0.782869 3.38703 -0.438467 -1.02604e-17 5.98978 0.11501 -0.548001 3.20162 -0.389056 -1.10457e-17 6.50583 -0.443523 -0.251648 2.75423 -0.381118 -1.97295e-17 7.60548 -1.50593 -0.059384 2.00038 -0.369369 -2.53307e-17 9.49737 -0.914492 -0.00703441 0.88811 -0.658787 -2.90401e-17 10.5513 1.57691 0.0533839 0.658819 -0.25088 -1.29193e-17 4.78644 0.715339 0.153321 13.3063 -0.221885 -1.8116e-17 4.82109 0.421791 -1.47312 -4.97514 -0.349823 -2.00958e-17 4.83041 0.765062 -4.48095 -8.95498 1.92609 1.23299 -7.60731 7.53374 28.0157 -1.82617 2.43541 12.9547 3.2495 -3.26872 -64.6826 53.8439 -55.3109 29.2081 0.0598081 0.137039 4.58002 -0.891717 -22.6169 24.234 0.0496219 0.113701 -5.24269 -62.9433 -8.85271 -1.23299 -7.60729 7.53365 -24.678 -2.25907 -2.25295 -12.9547 3.2495 -3.26872 78.3917 44.1484 50.5212 -29.2081 0.0598081 0.137039 -2.93891 -0.353224 14.3001 -24.234 0.0496218 0.113702 14.3779 -50.1019 12.1308 9.23673 -4.20556 2.0327 5.39877 -38.6933 -3.0367 -0.852353 -38.7721 -0.655187 -4.02949 14.8215 0.264 -2.32622 -40.4017 -6.04875 -7.8502 -0.96682 15.9056 0.779096 -9.8844 12.4959 2.48481e-17 -7.95139e-16 1.2424e-17 -9.23673 -4.20556 2.0327 -15.3648 -50.6666 11.64 0.852353 -38.7721 -0.655187 6.36704 22.7686 -0.879712 2.32622 -40.4017 -6.04875 3.97752 1.88075 -15.5051 -0.779096 -9.8844 12.4959 -2.1373e-15 -4.99164e-16 -1.26747e-14 
2.65657 90.5801 30.7011 8.41927 22.5176 -4.865 0 5.07867 -1.15138 -1.09007 3.98457 -0.478743 0 5.61661 1.07143 -0.761252 3.45886 -0.446075 -1.02604e-17 5.98978 0.11501 -0.53102 3.20998 -0.396495 -1.10457e-17 6.50583 -0.443523 -0.241006 2.66201 -0.389798 -1.97295e-17 7.60548 -1.50593 -0.0572509 1.85161 -0.379708 -2.53307e-17 9.49737 -0.914492 -0.0139943 0.68449 -0.664892 -2.90401e-17 10.5513 1.57691 0.0511565 0.681797 -0.246665 -1.29193e-17 4.78644 0.715339 0.137419 13.3432 -0.265628 -1.8116e-17 4.82109 0.421791 -1.59146 -4.74439 -0.370107 -2.00958e-17 4.83041 0.765062 -4.32344 -8.90563 1.89147 1.23299 -7.60731 7.53374 27.9387 -1.69054 2.31469 12.9547 3.2495 -3.26872 -64.8556 53.8326 -54.8324 29.2081 0.0598081 0.137039 4.57247 -0.888622 -22.5777 24.234 0.0496219 0.113701 -5.71113 -62.8287 -9.41684 -1.23299 -7.60729 7.53365 -24.629 -2.10796 -2.14947 -12.9547 3.2495 -3.26872 78.1233 44.3846 50.7165 -29.2081 0.0598081 0.137039 -2.91287 -0.34676 14.1709 -24.234 0.0496218 0.113702 14.3203 -50.3804 12.2256 9.23673 -4.20556 2.0327 5.48602 -38.6388 -2.83665 -0.852353 -38.7721 -0.655187 -4.04125 14.8632 0.266284 -2.32622 -40.4017 -6.04875 -7.73475 -0.931027 15.8997 0.779096 -9.8844 12.4959 4.1537e-16 -7.82935e-16 2.20234e-19 -9.23673 -4.20556 2.0327 -15.2543 -50.5503 11.6675 0.852353 -38.7721 -0.655187 6.34328 22.6916 -0.871884 2.32622 -40.4017 -6.04875 3.98255 1.85177 -15.5043 -0.779096 -9.8844 12.4959 -1.79611e-15 -5.09165e-16 -1.26969e-14 
2.62006 90.5943 30.7477 8.35668 22.4764 -4.96198 0 5.07867 -1.15138 -1.07838 3.99366 -0.468022 0 5.61661 1.07143 -0.749557 3.46897 -0.433207 -1.02604e-17 5.98978 0.11501 -0.518219 3.21617 -0.383017 -1.10457e-17 6.50583 -0.443523 -0.22777 2.66514 -0.375057 -1.97295e-17 7.60548 -1.50593 -0.0403397 1.84686 -0.368117 -2.53307e-17 9.49737 -0.914492 0.00763879 0.676882 -0.657939 -2.90401e-17 10.5513 1.57691 0.0518078 0.683133 -0.243187 -1.29193e-17 4.78644 0.715339 0.174399 13.2908 -0.35397 -1.8116e-17 4.82109 0.421791 -1.46553 -4.7542 -0.406171 -2.00958e-17 4.83041 0.765062 -4.45074 -8.77862 1.90399 1.23299 -7.60731 7.53374 27.8654 -1.68499 2.30032 12.9547 3.2495 -3.26872 -64.5729 53.9139 -55.1227 29.2081 0.0598081 0.137039 4.55568 -0.881758 -22.4905 24.234 0.0496219 0.113701 -5.51498 -62.8863 -9.31233 -1.23299 -7.60729 7.53365 -24.5619 -2.07825 -2.1061 -12.9547 3.2495 -3.26872 78.1362 44.3015 50.7623 -29.2081 0.0598081 0.137039 -2.88914 -0.340925 14.0533 -24.234 0.0496218 0.113702 14.2762 -50.4032 12.2022 9.23673 -4.20556 2.0327 5.64592 -38.4865 -2.59166 -0.852353 -38.7721 -0.655187 -4.01778 14.7801 0.261733 -2.32622 -40.4017 -6.04875 -7.69325 -0.988438 15.9017 0.779096 -9.8844 12.4959 3.18956e-17 -7.94918e-16 1.22038e-17 -9.23673 -4.20556 2.0327 -14.987 -50.5436 11.8989 0.852353 -38.7721 -0.655187 6.35441 22.7277 -0.875546 2.32622 -40.4017 -6.04875 3.98017 1.9317 -15.506 -0.779096 -9.8844 12.4959 1.63547e-16 -5.94812e-16 -1.27706e-14 
2.56889 90.6128 30.8017 8.27471 22.3916 -5.07091 0 5.07867 -1.15138 -1.06782 4.01225 -0.465939 0 5.61661 1.07143 -0.739678 3.50525 -0.431858 -1.02604e-17 5.98978 0.11501 -0.508045 3.27853 -0.384383 -1.10457e-17 6.50583 -0.443523 -0.222327 2.77053 -0.374121 -1.97295e-17 7.60548 -1.50593 -0.0372446 1.95645 -0.367826 -2.53307e-17 9.49737 -0.914492 0.0104479 0.845988 -0.651754 -2.90401e-17 10.5513 1.57691 0.043426 0.66027 -0.233515 -1.29193e-17 4.78644 0.715339 0.155212 12.8635 -0.415128 -1.8116e-17 4.82109 0.421791 -1.48345 -4.77237 -0.433784 -2.00958e-17 4.83041 0.765062 -4.32365 -8.68142 1.97868 1.23299 -7.60731 7.53374 27.0844 -1.756 1.98089 12.9547 3.2495 -3.26872 -64.3286 53.3522 -55.1859 29.2081 0.0598081 0.137039 4.51879 -0.86678 -22.2991 24.234 0.0496219 0.113701 -4.58332 -62.4034 -8.48231 -1.23299 -7.60729 7.53365 -23.7517 -2.069 -1.67245 -12.9547 3.2495 -3.26872 77.7192 43.8569 51.2293 -29.2081 0.0598081 0.137039 -2.83391 -0.32754 13.7796 -24.234 0.0496218 0.113702 13.5934 -50.2509 11.81 9.23673 -4.20556 2.0327 5.85039 -38.3142 -2.36641 -0.852353 -38.7721 -0.655187 -4.01119 14.7567 0.260461 -2.32622 -40.4017 -6.04875 -7.7058 -1.0355 15.9067 0.779096 -9.8844 12.4959 4.15365e-16 -7.82935e-16 2.20379e-19 -9.23673 -4.20556 2.0327 -14.6595 -50.4138 12.2042 0.852353 -38.7721 -0.655187 6.33148 22.6533 -0.868005 2.32622 -40.4017 -6.04875 3.99908 1.93359 -15.5056 -0.779096 -9.8844 12.4959 -1.7538e-15 -5.10928e-16 -1.26987e-14 
2.49818 90.6393 30.8653 8.19398 22.2407 -5.21952 0 5.07867 -1.15138 -1.062 4.05282 -0.445689 0 5.61661 1.07143 -0.737252 3.54114 -0.411153 -1.02604e-17 5.98978 0.11501 -0.506395 3.30983 -0.36232 -1.10457e-17 6.50583 -0.443523 -0.223784 2.79447 -0.35123 -1.97295e-17 7.60548 -1.50593 -0.0356004 1.96313 -0.345336 -2.53307e-17 9.49737 -0.914492 0.0206936 0.862089 -0.624711 -2.90401e-17 10.5513 1.57691 0.0417373 0.656831 -0.225306 -1.29193e-17 4.78644 0.715339 0.151287 12.6604 -0.429418 -1.8116e-17 4.82109 0.421791 -1.4693 -4.73078 -0.438331 -2.00958e-17 4.83041 0.765062 -4.26203 -8.46195 1.928 1.23299 -7.60731 7.53374 26.6484 -1.76693 1.77555 12.9547 3.2495 -3.26872 -64.2332 52.9484 -55.0694 29.2081 0.0598081 0.137039 4.47042 -0.847362 -22.0486 24.234 0.0496219 0.113701 -4.58456 -61.9264 -8.36217 -1.23299 -7.60729 7.53365 -23.2613 -2.01182 -1.40025 -12.9547 3.2495 -3.26872 77.5106 43.5173 51.3347 -29.2081 0.0598081 0.137039 -2.79319 -0.317852 13.5781 -24.234 0.0496218 0.113702 13.458 -50.3034 11.7285 9.23673 -4.20556 2.0327 6.08229 -38.0872 -2.07329 -0.852353 -38.7721 -0.655187 -4.01681 14.7766 0.261546 -2.32622 -40.4017 -6.04875 -7.60447 -1.02788 15.9177 0.779096 -9.8844 12.4959 3.19003e-17 -7.94918e-16 1.22037e-17 -9.23673 -4.20556 2.0327 -14.2658 -50.2048 12.5311 0.852353 -38.7721 -0.655187 6.29923 22.5485 -0.857447 2.32622 -40.4017 -6.04875 3.97795 1.96863 -15.4945 -0.779096 -9.8844 12.4959 -1.00803e-15 -5.45997e-16 -1.27218e-14 
2.41008 90.6691 30.9401 8.12724 22.077 -5.38434 0 5.07867 -1.15138 -0.878534 3.92705 -0.466129 0 5.61661 1.07143 -0.587861 3.45532 -0.430956 -1.02604e-17 5.98978 0.11501 -0.396568 3.2285 -0.397766 -1.10457e-17 6.50583 -0.443523 -0.141386 2.79777 -0.392915 -1.97295e-17 7.60548 -1.50593 0.00324597 2.02596 -0.397394 -2.53307e-17 9.49737 -0.914492 -0.0018583 0.86223 -0.686984 -2.90401e-17 10.5513 1.57691 0.0261695 0.656924 -0.243535 -1.29193e-17 4.78644 0.715339 0.132661 13.281 -0.274735 -1.8116e-17 4.82109 0.421791 -1.53929 -4.56609 -0.380373 -2.00958e-17 4.83041 0.765062 -4.72178 -8.8365 1.79294 1.23299 -7.60731 7.53374 28.5058 -2.01929 2.80492 12.9547 3.2495 -3.26872 -66.7815 54.4464 -55.442 29.2081 0.0598081 0.137039 4.4969 -0.857962 -22.1857 24.234 0.0496219 0.113701 -2.42084 -61.8364 -6.24462 -1.23299 -7.60729 7.53365 -24.7119 -2.23025 -2.2159 -12.9547 3.2495 -3.26872 76.8942 44.139 51.0402 -29.2081 0.0598081 0.137039 -2.82682 -0.325844 13.7445 -24.234 0.0496218 0.113702 16.1646 -51.2488 13.7947 9.23673 -4.20556 2.0327 6.34126 -37.7432 -1.44224 -0.852353 -38.7721 -0.655187 -3.98716 14.6715 0.255847 -2.32622 -40.4017 -6.04875 -7.42539 -1.00126 15.8979 0.779096 -9.8844 12.4959 -3.65669e-16 -8.07342e-16 2.46277e-17 -9.23673 -4.20556 2.0327 -13.8233 -49.9478 13.0657 0.852353 -38.7721 -0.655187 6.25369 22.4003 -0.842638 2.32622 -40.4017 -6.04875 4.14143 1.91861 -15.5307 -0.779096 -9.8844 12.4959 -2.55599e-15 -4.8564e-16 -1.26612e-14 
2.30215 90.7001 31.0263 8.06705 21.9127 -5.56809 0 5.07867 -1.15138 -0.963843 3.84422 -0.407478 0 5.61661 1.07143 -0.673532 3.41904 -0.386423 -1.02604e-17 5.98978 0.11501 -0.466157 3.2182 -0.362815 -1.10457e-17 6.50583 -0.443523 -0.194071 2.86091 -0.35766 -1.97295e-17 7.60548 -1.50593 -0.0215379 2.13386 -0.352684 -2.53307e-17 9.49737 -0.914492 -0.00190781 0.974123 -0.656148 -2.90401e-17 10.5513 1.57691 0.0239986 0.643906 -0.259703 -1.29193e-17 4.78644 0.715339 0.12914 13.3916 -0.257843 -1.8116e-17 4.82109 0.421791 -1.52272 -4.67122 -0.38045 -2.00958e-17 4.83041 0.765062 -4.35976 -8.77279 1.7356 1.23299 -7.60731 7.53374 29.5956 -2.15125 3.38594 12.9547 3.2495 -3.26872 -69.3389 55.205 -54.9417 29.2081 0.0598081 0.137039 4.41282 -0.824551 -21.7508 24.234 0.0496219 0.113701 -0.927507 -60.3748 -5.03009 -1.23299 -7.60729 7.53365 -25.3783 -2.32921 -2.81706 -12.9547 3.2495 -3.26872 76.8411 44.367 50.8524 -29.2081 0.0598081 0.137039 -2.85262 -0.332045 13.8723 -24.234 0.0496218 0.113702 18.0899 -52.0136 15.426 9.23673 -4.20556 2.0327 6.57645 -37.4648 -1.31935 -0.852353 -38.7721 -0.655187 -3.97869 14.6415 0.254229 -2.32622 -40.4017 -6.04875 -7.51343 -1.00473 15.9208 0.779096 -9.8844 12.4959 4.08313e-16 -7.83155e-16 4.40764e-19 -9.23673 -4.20556 2.0327 -13.2569 -49.747 13.7792 0.852353 -38.7721 -0.655187 6.22881 22.3192 -0.834593 2.32622 -40.4017 -6.04875 3.87728 2.01957 -15.5146 -0.779096 -9.8844 12.4959 -2.5842e-15 -4.84538e-16 -1.26601e-14 
2.17391 90.7309 31.1235 8.018 21.7411 -5.78713 0 5.07867 -1.15138 -1.00814 3.75417 -0.357385 0 5.61661 1.07143 -0.720475 3.38541 -0.336645 -1.02604e-17 5.98978 0.11501 -0.504264 3.2333 -0.315328 -1.10457e-17 6.50583 -0.443523 -0.222889 2.97342 -0.308291 -1.97295e-17 7.60548 -1.50593 -0.0293661 2.29496 -0.298593 -2.53307e-17 9.49737 -0.914492 0.0152033 1.16386 -0.613561 -2.90401e-17 10.5513 1.57691 0.024722 0.62145 -0.274319 -1.29193e-17 4.78644 0.715339 0.18733 13.543 -0.475465 -1.8116e-17 4.82109 0.421791 -1.43328 -4.74607 -0.488686 -2.00958e-17 4.83041 0.765062 -4.22287 -9.01703 1.90243 1.23299 -7.60731 7.53374 30.0814 -2.43818 3.69158 12.9547 3.2495 -3.26872 -70.9306 54.833 -54.626 29.2081 0.0598081 0.137039 4.18464 -0.737578 -20.5768 24.234 0.0496219 0.113701 -1.91693 -59.0331 -5.81728 -1.23299 -7.60729 7.53365 -25.8463 -2.48812 -3.2946 -12.9547 3.2495 -3.26872 77.7239 44.2961 50.2856 -29.2081 0.0598081 0.137039 -2.82929 -0.326436 13.7568 -24.234 0.0496218 0.113702 18.9824 -52.0407 16.3322 9.23673 -4.20556 2.0327 6.86457 -37.2322 -1.09305 -0.852353 -38.7721 -0.655187 -4.00559 14.7369 0.259384 -2.32622 -40.4017 -6.04875 -7.66368 -1.02228 15.9808 0.779096 -9.8844 12.4959 4.22417e-16 -7.82715e-16 2.88531e-33 -9.23673 -4.20556 2.0327 -12.7886 -49.4686 14.2529 0.852353 -38.7721 -0.655187 6.18048 22.1615 -0.819066 2.32622 -40.4017 -6.04875 3.92632 1.9551 -15.5171 -0.779096 -9.8844 12.4959 -1.02213e-15 -5.45556e-16 -1.27211e-14 
2.02475 90.7597 31.2312 7.95877 21.5555 -6.06948 0 5.07867 -1.15138 -1.04242 3.88889 -0.31679 0 5.61661 1.07143 -0.752407 3.47588 -0.30045 -1.02604e-17 5.98978 0.11501 -0.528461 3.26003 -0.277961 -1.10457e-17 6.50583 -0.443523 -0.240218 2.90337 -0.270644 -1.97295e-17 7.60548 -1.50593 -0.0296781 2.16481 -0.257393 -2.53307e-17 9.49737 -0.914492 0.0374524 0.974157 -0.580372 -2.90401e-17 10.5513 1.57691 0.0293343 0.639654 -0.274742 -1.29193e-17 4.78644 0.715339 0.216876 13.4229 -0.46647 -1.8116e-17 4.82109 0.421791 -1.37722 -4.63498 -0.484379 -2.00958e-17 4.83041 0.765062 -4.16536 -8.71916 1.85593 1.23299 -7.60731 7.53374 30.086 -2.34269 3.58973 12.9547 3.2495 -3.26872 -71.8504 54.7649 -54.02 29.2081 0.0598081 0.137039 4.06103 -0.692678 -19.9444 24.234 0.0496219 0.113701 -2.35848 -57.9736 -6.35303 -1.23299 -7.60729 7.53365 -25.7967 -2.31928 -3.31714 -12.9547 3.2495 -3.26872 78.4032 44.1248 49.5439 -29.2081 0.0598081 0.137039 -2.84933 -0.331251 13.856 -24.234 0.0496218 0.113702 19.2692 -52.0735 16.6794 9.23673 -4.20556 2.0327 7.21185 -36.9424 -0.799596 -0.852353 -38.7721 -0.655187 -4.02735 14.814 0.263585 -2.32622 -40.4017 -6.04875 -7.73359 -1.05274 16.0212 0.779096 -9.8844 12.4959 3.19003e-17 -7.94918e-16 1.22037e-17 -9.23673 -4.20556 2.0327 -12.2713 -49.1856 14.6128 0.852353 -38.7721 -0.655187 6.13271 22.0052 -0.803845 2.32622 -40.4017 -6.04875 3.93152 1.91161 -15.5022 -0.779096 -9.8844 12.4959 -2.55599e-15 -4.8564e-16 -1.26612e-14 
1.86113 90.7949 31.3492 7.84797 21.3002 -6.40429 0 5.07867 -1.15138 -1.07793 3.89811 -0.271247 0 5.61661 1.07143 -0.786774 3.49237 -0.255134 -1.02604e-17 5.98978 0.11501 -0.554163 3.2811 -0.230031 -1.10457e-17 6.50583 -0.443523 -0.258907 2.93281 -0.221353 -1.97295e-17 7.60548 -1.50593 -0.0286638 2.19496 -0.205515 -2.53307e-17 9.49737 -0.914492 0.0657206 1.01041 -0.53437 -2.90401e-17 10.5513 1.57691 0.0357172 0.634902 -0.271991 -1.29193e-17 4.78644 0.715339 0.235401 13.3259 -0.478204 -1.8116e-17 4.82109 0.421791 -1.30636 -4.59905 -0.488626 -2.00958e-17 4.83041 0.765062 -4.09022 -8.59883 1.83179 1.23299 -7.60731 7.53374 29.9421 -2.36531 3.53573 12.9547 3.2495 -3.26872 -71.8398 54.6037 -54.15 29.2081 0.0598081 0.137039 3.96875 -0.66016 -19.4739 24.234 0.0496219 0.113701 -2.60042 -57.1437 -6.43397 -1.23299 -7.60729 7.53365 -25.4983 -2.28481 -3.30748 -12.9547 3.2495 -3.26872 78.8701 43.8062 49.0671 -29.2081 0.0598081 0.137039 -2.88148 -0.339053 14.0153 -24.234 0.0496218 0.113702 19.131 -52.2447 16.5674 9.23673 -4.20556 2.0327 7.61723 -36.5236 -0.507798 -0.852353 -38.7721 -0.655187 -4.03465 14.8398 0.265 -2.32622 -40.4017 -6.04875 -7.6904 -1.09882 16.0621 0.779096 -9.8844 12.4959 -7.56186e-16 -8.3175e-16 4.9035e-17 -9.23673 -4.20556 2.0327 -11.5861 -48.8546 15.1778 0.852353 -38.7721 -0.655187 6.09062 21.8672 -0.790539 2.32622 -40.4017 -6.04875 3.93028 1.94952 -15.4853 -0.779096 -9.8844 12.4959 -1.41265e-15 -5.33352e-16 -1.27089e-14 
1.69755 90.8401 31.4779 7.74208 20.9707 -6.73412 0 5.07867 -1.15138 -0.958566 3.88358 -0.321456 0 5.61661 1.07143 -0.688809 3.50332 -0.320106 -1.02604e-17 5.98978 0.11501 -0.481389 3.30395 -0.311874 -1.10457e-17 6.50583 -0.443523 -0.206167 3.04212 -0.306479 -1.97295e-17 7.60548 -1.50593 -0.0163662 2.33953 -0.295323 -2.53307e-17 9.49737 -0.914492 0.0214449 1.17629 -0.620349 -2.90401e-17 10.5513 1.57691 0.0129851 0.611124 -0.279367 -1.29193e-17 4.78644 0.715339 0.179683 13.1006 -0.19163 -1.8116e-17 4.82109 0.421791 -1.39878 -4.54353 -0.361974 -2.00958e-17 4.83041 0.765062 -4.33921 -8.64118 1.9008 1.23299 -7.60731 7.53374 29.9556 -2.56344 3.7046 12.9547 3.2495 -3.26872 -73.1501 54.8136 -54.2948 29.2081 0.0598081 0.137039 3.93716 -0.649223 -19.3131 24.234 0.0496219 0.113701 -0.489682 -56.2869 -4.41453 -1.23299 -7.60729 7.53365 -25.4812 -2.40244 -3.26507 -12.9547 3.2495 -3.26872 77.4418 43.7505 49.3064 -29.2081 0.0598081 0.137039 -2.94378 -0.354441 14.3243 -24.234 0.0496218 0.113702 20.7059 -53.1684 18.0167 9.23673 -4.20556 2.0327 7.99824 -35.8883 0.0247322 -0.852353 -38.7721 -0.655187 -3.98636 14.6687 0.255693 -2.32622 -40.4017 -6.04875 -7.70081 -1.14741 16.0864 0.779096 -9.8844 12.4959 1.07436e-17 -7.958e-16 1.30852e-17 -9.23673 -4.20556 2.0327 -10.8805 -48.3997 15.9561 0.852353 -38.7721 -0.655187 6.03102 21.6714 -0.771868 2.32622 -40.4017 -6.04875 4.09587 1.90942 -15.5195 -0.779096 -9.8844 12.4959 -6.10458e-16 -5.58641e-16 -1.27464e-14 
1.54459 90.8893 31.6167 7.68338 20.6392 -7.02346 0 5.07867 -1.15138 -1.10908 3.89063 -0.29492 0 5.61661 1.07143 -0.82309 3.52482 -0.317889 -1.02604e-17 5.98978 0.11501 -0.586437 3.33966 -0.313847 -1.10457e-17 6.50583 -0.443523 -0.286805 3.10706 -0.307769 -1.97295e-17 7.60548 -1.50593 -0.0675429 2.41472 -0.282128 -2.53307e-17 9.49737 -0.914492 0.00141305 1.29502 -0.602689 -2.90401e-17 10.5513 1.57691 0.0103352 0.597912 -0.279754 -1.29193e-17 4.78644 0.715339 0.124977 12.7361 -0.0580625 -1.8116e-17 4.82109 0.421791 -1.46961 -4.59704 -0.300038 -2.00958e-17 4.83041 0.765062 -3.77971 -8.30649 1.92231 1.23299 -7.60731 7.53374 29.5652 -2.57949 3.59908 12.9547 3.2495 -3.26872 -73.7219 54.5025 -54.0619 29.2081 0.0598081 0.137039 3.82728 -0.611956 -18.755 24.234 0.0496219 0.113701 0.0436861 -54.6311 -3.83495 -1.23299 -7.60729 7.53365 -24.7309 -2.40034 -3.05763 -12.9547 3.2495 -3.26872 77.3343 43.2486 49.0135 -29.2081 0.0598081 0.137039 -3.00365 -0.369563 14.6216 -24.234 0.0496218 0.113702 21.1411 -53.828 18.5235 9.23673 -4.20556 2.0327 8.23706 -35.3128 0.184171 -0.852353 -38.7721 -0.655187 -3.95052 14.5415 0.248879 -2.32622 -40.4017 -6.04875 -7.73819 -1.11752 16.1249 0.779096 -9.8844 12.4959 -3.65669e-16 -8.07342e-16 2.46277e-17 -9.23673 -4.20556 2.0327 -10.2491 -47.916 16.7203 0.852353 -38.7721 -0.655187 5.97031 21.4714 -0.753048 2.32622 -40.4017 -6.04875 3.86446 1.96592 -15.4808 -0.779096 -9.8844 12.4959 1.8468e-16 -5.95693e-16 -1.27715e-14 
1.40871 90.9385 31.7667 7.69943 20.3712 -7.28765 0 5.07867 -1.15138 -1.21286 3.80969 -0.281157 0 5.61661 1.07143 -0.911612 3.48238 -0.3149 -1.02604e-17 5.98978 0.11501 -0.65314 3.34784 -0.309771 -1.10457e-17 6.50583 -0.443523 -0.333622 3.19526 -0.302852 -1.97295e-17 7.60548 -1.50593 -0.0915963 2.54529 -0.269279 -2.53307e-17 9.49737 -0.914492 0.00417929 1.48022 -0.591612 -2.90401e-17 10.5513 1.57691 0.012853 0.577621 -0.283162 -1.29193e-17 4.78644 0.715339 0.13648 12.6639 -0.129766 -1.8116e-17 4.82109 0.421791 -1.41311 -4.59045 -0.333838 -2.00958e-17 4.83041 0.765062 -3.69371 -8.39866 2.06617 1.23299 -7.60731 7.53374 29.2618 -2.72261 3.55456 12.9547 3.2495 -3.26872 -73.3481 53.9884 -54.5401 29.2081 0.0598081 0.137039 3.66727 -0.559804 -17.9454 24.234 0.0496219 0.113701 -0.831485 -53.525 -4.36235 -1.23299 -7.60729 7.53365 -24.2961 -2.50159 -3.0318 -12.9547 3.2495 -3.26872 78.4132 42.6676 48.0986 -29.2081 0.0598081 0.137039 -3.03484 -0.377573 14.7766 -24.234 0.0496218 0.113702 20.9998 -53.9957 18.7331 9.23673 -4.20556 2.0327 8.3858 -34.8009 0.456312 -0.852353 -38.7721 -0.655187 -3.91264 14.407 0.241763 -2.32622 -40.4017 -6.04875 -7.84987 -1.0631 16.1756 0.779096 -9.8844 12.4959 1.77959e-17 -7.95359e-16 1.26444e-17 -9.23673 -4.20556 2.0327 -9.871 -47.4781 17.2336 0.852353 -38.7721 -0.655187 5.91267 21.281 -0.735373 2.32622 -40.4017 -6.04875 3.98388 1.86261 -15.4883 -0.779096 -9.8844 12.4959 -1.7538e-15 -5.10928e-16 -1.26987e-14 
1.2907 90.9906 31.9284 7.73384 20.1302 -7.53939 0 5.07867 -1.15138 -1.32329 3.83676 -0.296721 0 5.61661 1.07143 -0.995457 3.49243 -0.345046 -1.02604e-17 5.98978 0.11501 -0.712134 3.35669 -0.337741 -1.10457e-17 6.50583 -0.443523 -0.371208 3.18553 -0.331322 -1.97295e-17 7.60548 -1.50593 -0.111267 2.52806 -0.290486 -2.53307e-17 9.49737 -0.914492 0.00216707 1.48249 -0.612612 -2.90401e-17 10.5513 1.57691 0.017977 0.575361 -0.278582 -1.29193e-17 4.78644 0.715339 0.114016 12.4124 0.0229076 -1.8116e-17 4.82109 0.421791 -1.45433 -4.54993 -0.259555 -2.00958e-17 4.83041 0.765062 -3.66322 -8.11528 2.07965 1.23299 -7.60731 7.53374 28.7186 -2.60052 3.31882 12.9547 3.2495 -3.26872 -72.3679 53.8271 -54.9579 29.2081 0.0598081 0.137039 3.63892 -0.550821 -17.8023 24.234 0.0496219 0.113701 -1.05963 -52.6485 -4.48842 -1.23299 -7.60729 7.53365 -23.5411 -2.44257 -2.74724 -12.9547 3.2495 -3.26872 79.4487 41.9977 47.1592 -29.2081 0.0598081 0.137039 -3.11205 -0.39779 15.1609 -24.234 0.0496218 0.113702 20.3308 -54.2423 18.4973 9.23673 -4.20556 2.0327 8.4803 -34.2907 0.673257 -0.852353 -38.7721 -0.655187 -3.86364 14.2327 0.232689 -2.32622 -40.4017 -6.04875 -7.95048 -0.990055 16.2089 0.779096 -9.8844 12.4959 4.15365e-16 -7.82935e-16 2.20382e-19 -9.23673 -4.20556 2.0327 -9.59925 -47.0391 17.4972 0.852353 -38.7721 -0.655187 5.84733 21.0647 -0.715564 2.32622 -40.4017 -6.04875 3.97353 1.77206 -15.4653 -0.779096 -9.8844 12.4959 -1.00803e-15 -5.45997e-16 -1.27218e-14 
1.18884 91.0367 32.0991 7.78658 19.9624 -7.84066 0 5.07867 -1.15138 -1.18407 3.73125 -0.471523 0 5.61661 1.07143 -0.862039 3.45014 -0.554358 -1.02604e-17 5.98978 0.11501 -0.602766 3.37493 -0.580995 -1.10457e-17 6.50583 -0.443523 -0.283043 3.39453 -0.577335 -1.97295e-17 7.60548 -1.50593 -0.100465 2.82979 -0.539421 -2.53307e-17 9.49737 -0.914492 -0.10247 1.89409 -0.850949 -2.90401e-17 10.5513 1.57691 -0.0253167 0.520709 -0.284377 -1.29193e-17 4.78644 0.715339 -0.0167024 11.4396 0.704973 -1.8116e-17 4.82109 0.421791 -1.82646 -4.47297 0.0473965 -2.00958e-17 4.83041 0.765062 -4.16189 -7.99991 2.3153 1.23299 -7.60731 7.53374 27.631 -2.9144 3.17033 12.9547 3.2495 -3.26872 -72.7291 53.7581 -56.4614 29.2081 0.0598081 0.137039 3.60846 -0.54126 -17.6487 24.234 0.0496219 0.113701 2.8182 -51.4756 -0.952952 -1.23299 -7.60729 7.53365 -22.4484 -2.686 -2.08427 -12.9547 3.2495 -3.26872 78.2563 41.2879 47.4651 -29.2081 0.0598081 0.137039 -3.25811 -0.437551 15.8895 -24.234 0.0496218 0.113702 20.0456 -54.8028 18.5319 9.23673 -4.20556 2.0327 8.56891 -33.7419 1.04221 -0.852353 -38.7721 -0.655187 -3.77186 13.9056 0.216092 -2.32622 -40.4017 -6.04875 -7.95394 -1.01469 16.2411 0.779096 -9.8844 12.4959 -1.13965e-15 -8.43733e-16 6.10183e-17 -9.23673 -4.20556 2.0327 -9.28929 -46.6951 17.946 0.852353 -38.7721 -0.655187 5.78685 20.8639 -0.697443 2.32622 -40.4017 -6.04875 4.12625 1.61279 -15.5027 -0.779096 -9.8844 12.4959 -1.38444e-15 -5.34454e-16 -1.271e-14 
1.09556 91.0782 32.2685 7.9031 19.8007 -8.25712 0 5.07867 -1.15138 -1.25882 3.64779 -0.66179 0 5.61661 1.07143 -0.911083 3.42547 -0.816146 -1.02604e-17 5.98978 0.11501 -0.637526 3.42431 -0.883736 -1.10457e-17 6.50583 -0.443523 -0.308493 3.64521 -0.88332 -1.97295e-17 7.60548 -1.50593 -0.181939 3.16059 -0.827008 -2.53307e-17 9.49737 -0.914492 -0.276898 2.39981 -1.11228 -2.90401e-17 10.5513 1.57691 -0.0793768 0.445749 -0.295626 -1.29193e-17 4.78644 0.715339 -0.174149 9.48603 1.73093 -1.8116e-17 4.82109 0.421791 -2.351 -4.4559 0.519201 -2.00958e-17 4.83041 0.765062 -3.8628 -7.10451 2.71051 1.23299 -7.60731 7.53374 25.0706 -3.1657 2.19712 12.9547 3.2495 -3.26872 -73.5137 52.1557 -57.3185 29.2081 0.0598081 0.137039 3.34431 -0.462076 -16.3217 24.234 0.0496219 0.113701 6.67583 -48.4228 2.2942 -1.23299 -7.60729 7.53365 -20.2066 -2.88249 -0.716054 -12.9547 3.2495 -3.26872 75.9736 40.2134 48.6643 -29.2081 0.0598081 0.137039 -3.38818 -0.474648 16.5405 -24.234 0.0496218 0.113702 19.8488 -55.7672 18.7711 9.23673 -4.20556 2.0327 8.6219 -33.2056 1.20649 -0.852353 -38.7721 -0.655187 -3.68131 13.5821 0.200232 -2.32622 -40.4017 -6.04875 -8.07196 -1.08256 16.2886 0.779096 -9.8844 12.4959 -1.55838e-15 -8.69242e-16 8.65275e-17 -9.23673 -4.20556 2.0327 -8.84744 -46.3919 18.7895 0.852353 -38.7721 -0.655187 5.72208 20.6482 -0.678265 2.32622 -40.4017 -6.04875 3.8698 1.55634 -15.4919 -0.779096 -9.8844 12.4959 1.70576e-16 -5.95252e-16 -1.27708e-14 
1.00349 91.1201 32.4406 8.06351 19.5568 -8.79973 0 5.07867 -1.15138 -0.5856 4.61534 -1.60925 0 5.61661 1.07143 -0.320859 4.05997 -1.94704 -1.02604e-17 5.98978 0.11501 -0.25386 3.59405 -2.14937 -1.10457e-17 6.50583 -0.443523 -0.0759637 3.52649 -2.20525 -1.97295e-17 7.60548 -1.50593 -0.419234 2.68201 -2.13472 -2.53307e-17 9.49737 -0.914492 -1.14655 1.54403 -2.25473 -2.90401e-17 10.5513 1.57691 -0.277755 0.449405 -0.427754 -1.29193e-17 4.78644 0.715339 -0.39022 6.95628 5.5089 -1.8116e-17 4.82109 0.421791 -3.63597 -3.82602 2.26962 -2.00958e-17 4.83041 0.765062 -4.65051 -6.03406 4.09294 1.23299 -7.60731 7.53374 20.5156 -3.06202 -0.861709 12.9547 3.2495 -3.26872 -81.2468 45.988 -55.7068 29.2081 0.0598081 0.137039 2.63142 -0.280971 -12.78 24.234 0.0496219 0.113701 14.8873 -42.1698 7.99485 -1.23299 -7.60729 7.53365 -22.8823 -3.54128 0.838498 -12.9547 3.2495 -3.26872 59.4276 41.7532 54.649 -29.2081 0.0598081 0.137039 -3.95719 -0.656029 19.4142 -24.234 0.0496218 0.113702 44.3525 -63.2908 41.521 9.23673 -4.20556 2.0327 8.55197 -32.0325 2.3715 -0.852353 -38.7721 -0.655187 -3.35977 12.4271 0.14805 -2.32622 -40.4017 -6.04875 -8.01239 -1.31858 16.3494 0.779096 -9.8844 12.4959 -3.93892e-16 -8.08665e-16 2.59507e-17 -9.23673 -4.20556 2.0327 -8.34481 -46.1893 20.2443 0.852353 -38.7721 -0.655187 5.70772 20.6004 -0.674046 2.32622 -40.4017 -6.04875 4.65303 1.16961 -15.7108 -0.779096 -9.8844 12.4959 1.98785e-16 -5.96354e-16 -1.27719e-14 
0.89349 91.153 32.6102 8.29999 19.2225 -9.45651 0 5.07867 -1.15138 -1.07169 4.67723 -1.82079 0 5.61661 1.07143 -0.767598 4.08503 -2.29626 -1.02604e-17 5.98978 0.11501 -0.664997 3.6416 -2.53715 -1.10457e-17 6.50583 -0.443523 -0.458423 3.58331 -2.62535 -1.97295e-17 7.60548 -1.50593 -0.863105 2.72633 -2.48 -2.53307e-17 9.49737 -0.914492 -1.68522 1.7517 -2.49494 -2.90401e-17 10.5513 1.57691 -0.33321 0.364584 -0.494617 -1.29193e-17 4.78644 0.715339 -0.565702 3.68272 6.9243 -1.8116e-17 4.82109 0.421791 -4.95608 -4.05427 2.89642 -2.00958e-17 4.83041 0.765062 -1.13987 -3.16459 5.15559 1.23299 -7.60731 7.53374 15.7322 -1.76111 -4.71146 12.9547 3.2495 -3.26872 -81.4355 39.4686 -55.5701 29.2081 0.0598081 0.137039 1.87664 -0.139267 -9.07987 24.234 0.0496219 0.113701 15.7177 -35.6624 6.83286 -1.23299 -7.60729 7.53365 -20.2444 -3.80931 3.05683 -12.9547 3.2495 -3.26872 53.8196 41.5518 55.5381 -29.2081 0.0598081 0.137039 -4.84677 -1.00489 24.0086 -24.234 0.0496218 0.113702 51.8715 -68.2843 49.3331 9.23673 -4.20556 2.0327 8.54438 -31.5495 1.81837 -0.852353 -38.7721 -0.655187 -3.36802 12.4568 0.149308 -2.32622 -40.4017 -6.04875 -8.40298 -1.36093 16.4754 0.779096 -9.8844 12.4959 4.08303e-16 -7.83156e-16 4.4106e-19 -9.23673 -4.20556 2.0327 -7.55991 -45.88 21.7774 0.852353 -38.7721 -0.655187 5.7021 20.5816 -0.672397 2.32622 -40.4017 -6.04875 3.03387 1.73787 -15.44 -0.779096 -9.8844 12.4959 -5.8224e-16 -5.59743e-16 -1.27475e-14 
0.775873 91.1891 32.7807 8.65705 18.8535 -10.2808 0 5.07867 -1.15138 -1.30453 4.67498 -1.90029 0 5.61661 1.07143 -0.946602 4.06824 -2.41276 -1.02604e-17 5.98978 0.11501 -0.793688 3.66315 -2.62882 -1.10457e-17 6.50583 -0.443523 -0.537203 3.61026 -2.71632 -1.97295e-17 7.60548 -1.50593 -0.914185 2.7739 -2.56098 -2.53307e-17 9.49737 -0.914492 -1.70575 1.87919 -2.58366 -2.90401e-17 10.5513 1.57691 -0.321921 0.338705 -0.504418 -1.29193e-17 4.78644 0.715339 -0.302447 2.57257 7.25825 -1.8116e-17 4.82109 0.421791 -4.13808 -3.94152 3.07532 -2.00958e-17 4.83041 0.765062 -2.49953 -2.24702 5.89857 1.23299 -7.60731 7.53374 13.666 -1.07049 -6.58315 12.9547 3.2495 -3.26872 -76.9109 36.1521 -59.3236 29.2081 0.0598081 0.137039 1.42312 -0.0781068 -6.87452 24.234 0.0496219 0.113701 13.77 -35.2364 6.24509 -1.23299 -7.60729 7.53365 -18.6662 -3.69154 4.03049 -12.9547 3.2495 -3.26872 57.4404 41.1376 51.5963 -29.2081 0.0598081 0.137039 -5.6605 -1.39966 28.3519 -24.234 0.0496218 0.113702 41.9616 -69.3094 40.1864 9.23673 -4.20556 2.0327 8.61176 -31.0835 2.35228 -0.852353 -38.7721 -0.655187 -3.43759 12.7075 0.160085 -2.32622 -40.4017 -6.04875 -8.95666 -1.35659 16.6549 0.779096 -9.8844 12.4959 1.98447e-15 -7.09494e-16 -7.32211e-17 -9.23673 -4.20556 2.0327 -7.29266 -45.5399 22.6544 0.852353 -38.7721 -0.655187 5.6617 20.4467 -0.660602 2.32622 -40.4017 -6.04875 4.04805 1.40445 -15.5836 -0.779096 -9.8844 12.4959 5.75183e-16 -6.20099e-16 -1.27959e-14 
0.64075 91.2311 32.9569 9.07498 18.5278 -11.2613 0 5.07867 -1.15138 -1.66641 4.58601 -1.84677 0 5.61661 1.07143 -1.23953 3.96121 -2.36733 -1.02604e-17 5.98978 0.11501 -1.01101 3.64289 -2.54114 -1.10457e-17 6.50583 -0.443523 -0.697933 3.5825 -2.62817 -1.97295e-17 7.60548 -1.50593 -0.988416 2.79041 -2.45273 -2.53307e-17 9.49737 -0.914492 -1.65903 2.08204 -2.47886 -2.90401e-17 10.5513 1.57691 -0.283183 0.300778 -0.464632 -1.29193e-17 4.78644 0.715339 0.0406654 0.344657 8.10707 -1.8116e-17 4.82109 0.421791 -3.99171 -3.51453 3.46677 -2.00958e-17 4.83041 0.765062 -2.80256 -0.177607 5.13429 1.23299 -7.60731 7.53374 11.5836 0.215392 -8.49352 12.9547 3.2495 -3.26872 -71.8778 34.3135 -61.0723 29.2081 0.0598081 0.137039 1.46197 -0.082652 -7.063 24.234 0.0496219 0.113701 12.0616 -34.9069 5.57388 -1.23299 -7.60729 7.53365 -15.5373 -3.08115 5.62273 -12.9547 3.2495 -3.26872 58.7095 39.4524 49.4361 -29.2081 0.0598081 0.137039 -6.3829 -1.81755 32.3545 -24.234 0.0496218 0.113702 29.8085 -71.1979 28.6173 9.23673 -4.20556 2.0327 8.63198 -30.3544 3.0688 -0.852353 -38.7721 -0.655187 -3.37607 12.4859 0.150539 -2.32622 -40.4017 -6.04875 -9.35361 -1.34655 16.7378 0.779096 -9.8844 12.4959 6.01329e-17 -7.93595e-16 1.08803e-17 -9.23673 -4.20556 2.0327 -7.14529 -45.121 22.681 0.852353 -38.7721 -0.655187 5.54502 20.0559 -0.627059 2.32622 -40.4017 -6.04875 4.01717 1.19194 -15.4982 -0.779096 -9.8844 12.4959 5.96354e-16 -6.21202e-16 -1.27968e-14 
0.500107 91.275 33.1353 9.34026 18.2519 -12.3382 0 5.07867 -1.15138 -1.82788 4.14572 -1.81963 0 5.61661 1.07143 -1.36832 3.68997 -2.32215 -1.02604e-17 5.98978 0.11501 -1.09948 3.60386 -2.46687 -1.10457e-17 6.50583 -0.443523 -0.749541 3.83923 -2.54861 -1.97295e-17 7.60548 -1.50593 -0.993366 3.25072 -2.3704 -2.53307e-17 9.49737 -0.914492 -1.59904 2.77184 -2.38653 -2.90401e-17 10.5513 1.57691 -0.259709 0.23361 -0.430491 -1.29193e-17 4.78644 0.715339 0.186324 -0.869963 8.46938 -1.8116e-17 4.82109 0.421791 -4.13765 -3.4246 3.63366 -2.00958e-17 4.83041 0.765062 -3.4355 0.450671 4.99323 1.23299 -7.60731 7.53374 10.3985 0.207041 -8.83433 12.9547 3.2495 -3.26872 -68.4195 32.75 -62.5034 29.2081 0.0598081 0.137039 1.6213 -0.102649 -7.83686 24.234 0.0496219 0.113701 9.33949 -33.986 4.95329 -1.23299 -7.60729 7.53365 -13.1208 -3.08279 6.29208 -12.9547 3.2495 -3.26872 61.0432 37.2136 47.5547 -29.2081 0.0598081 0.137039 -6.75773 -2.06204 34.4985 -24.234 0.0496218 0.113702 19.6821 -69.9921 18.9607 9.23673 -4.20556 2.0327 8.89218 -29.7264 3.86941 -0.852353 -38.7721 -0.655187 -3.36746 12.4548 0.149222 -2.32622 -40.4017 -6.04875 -9.32142 -1.34215 16.8015 0.779096 -9.8844 12.4959 -3.65664e-16 -8.07342e-16 2.46276e-17 -9.23673 -4.20556 2.0327 -6.32695 -44.781 23.9098 0.852353 -38.7721 -0.655187 5.44217 19.7098 -0.598137 2.32622 -40.4017 -6.04875 3.5205 1.45812 -15.4207 -0.779096 -9.8844 12.4959 -1.84671e-16 -5.84592e-16 -1.27602e-14 
0.340409 91.3267 33.3133 9.48511 17.9074 -13.4118 0 5.07867 -1.15138 -2.04373 3.98814 -1.8041 0 5.61661 1.07143 -1.52577 3.57272 -2.29239 -1.02604e-17 5.98978 0.11501 -1.1957 3.58958 -2.40837 -1.10457e-17 6.50583 -0.443523 -0.795141 3.89556 -2.48195 -1.97295e-17 7.60548 -1.50593 -0.973158 3.37197 -2.30467 -2.53307e-17 9.49737 -0.914492 -1.49253 3.03509 -2.33513 -2.90401e-17 10.5513 1.57691 -0.2305 0.213699 -0.385711 -1.29193e-17 4.78644 0.715339 0.391722 -1.91234 8.88949 -1.8116e-17 4.82109 0.421791 -4.21598 -3.14939 3.83184 -2.00958e-17 4.83041 0.765062 -3.99454 1.27903 4.96562 1.23299 -7.60731 7.53374 9.30011 0.641785 -9.08444 12.9547 3.2495 -3.26872 -64.6252 32.6544 -63.2102 29.2081 0.0598081 0.137039 1.90871 -0.14427 -9.23625 24.234 0.0496219 0.113701 7.60232 -33.8433 4.10253 -1.23299 -7.60729 7.53365 -10.7307 -2.64753 7.14497 -12.9547 3.2495 -3.26872 63.0674 35.3821 46.3904 -29.2081 0.0598081 0.137039 -6.90658 -2.16479 35.3645 -24.234 0.0496218 0.113702 12.8312 -67.9263 13.5355 9.23673 -4.20556 2.0327 9.23195 -28.8612 4.65555 -0.852353 -38.7721 -0.655187 -3.3036 12.2244 0.139601 -2.32622 -40.4017 -6.04875 -9.48484 -1.40004 16.8483 0.779096 -9.8844 12.4959 1.57984e-15 -7.34342e-16 -4.8373e-17 -9.23673 -4.20556 2.0327 -5.52265 -44.2294 25.2154 0.852353 -38.7721 -0.655187 5.28296 19.1713 -0.554573 2.32622 -40.4017 -6.04875 3.73326 1.47679 -15.4138 -0.779096 -9.8844 12.4959 -1.98785e-16 -5.8393e-16 -1.27595e-14 
0.142109 91.3938 33.5065 9.57992 17.4639 -14.6451 0 5.07867 -1.15138 -2.24865 3.73606 -1.79099 0 5.61661 1.07143 -1.67594 3.43013 -2.26528 -1.02604e-17 5.98978 0.11501 -1.2847 3.60597 -2.3577 -1.10457e-17 6.50583 -0.443523 -0.830446 4.10279 -2.42138 -1.97295e-17 7.60548 -1.50593 -0.945544 3.70429 -2.24699 -2.53307e-17 9.49737 -0.914492 -1.38478 3.55049 -2.28714 -2.90401e-17 10.5513 1.57691 -0.203733 0.16801 -0.342968 -1.29193e-17 4.78644 0.715339 0.633295 -3.16974 9.23886 -1.8116e-17 4.82109 0.421791 -4.31784 -3.05643 4.00254 -2.00958e-17 4.83041 0.765062 -4.63044 2.04257 5.19888 1.23299 -7.60731 7.53374 8.10731 0.794417 -9.16926 12.9547 3.2495 -3.26872 -60.5434 32.0915 -64.295 29.2081 0.0598081 0.137039 2.1999 -0.193789 -10.6593 24.234 0.0496219 0.113701 5.63022 -33.6968 3.27751 -1.23299 -7.60729 7.53365 -8.22596 -2.35744 7.94837 -12.9547 3.2495 -3.26872 65.5345 32.8855 45.0798 -29.2081 0.0598081 0.137039 -7.05547 -2.27093 36.2398 -24.234 0.0496218 0.113702 8.16738 -64.4049 10.0723 9.23673 -4.20556 2.0327 9.64797 -27.9166 5.41738 -0.852353 -38.7721 -0.655187 -3.26929 12.1004 0.134538 -2.32622 -40.4017 -6.04875 -9.43017 -1.37334 16.9137 0.779096 -9.8844 12.4959 -1.11846e-15 -8.4285e-16 6.01354e-17 -9.23673 -4.20556 2.0327 -4.44434 -43.6432 26.498 0.852353 -38.7721 -0.655187 5.14763 18.7109 -0.5187 2.32622 -40.4017 -6.04875 3.36392 1.8727 -15.3568 -0.779096 -9.8844 12.4959 -5.89297e-16 -5.59523e-16 -1.27473e-14 
-0.104235 91.4656 33.7183 9.76638 16.9327 -16.302 0 5.07867 -1.15138 -1.98859 3.5469 -1.92993 0 5.61661 1.07143 -1.41358 3.29574 -2.40928 -1.02604e-17 5.98978 0.11501 -1.04884 3.45451 -2.52779 -1.10457e-17 6.50583 -0.443523 -0.621289 4.00797 -2.57654 -1.97295e-17 7.60548 -1.50593 -0.805922 3.66498 -2.42312 -2.53307e-17 9.49737 -0.914492 -1.38916 3.41897 -2.48588 -2.90401e-17 10.5513 1.57691 -0.26177 0.212148 -0.313485 -1.29193e-17 4.78644 0.715339 0.336947 -1.57888 10.2459 -1.8116e-17 4.82109 0.421791 -5.19893 -2.56266 4.47816 -2.00958e-17 4.83041 0.765062 -6.11357 0.739724 5.322 1.23299 -7.60731 7.53374 12.5102 -1.2098 -5.91176 12.9547 3.2495 -3.26872 -61.0141 36.3119 -71.5988 29.2081 0.0598081 0.137039 2.49753 -0.25214 -12.1203 24.234 0.0496219 0.113701 8.524 -36.0777 8.87348 -1.23299 -7.60729 7.53365 -7.90834 -2.30701 7.81696 -12.9547 3.2495 -3.26872 68.492 32.3817 44.11 -29.2081 0.0598081 0.137039 -7.40356 -2.53287 38.3243 -24.234 0.0496218 0.113702 3.01964 -60.5214 5.42038 9.23673 -4.20556 2.0327 10.0897 -26.5331 7.21798 -0.852353 -38.7721 -0.655187 -3.13188 11.6029 0.115005 -2.32622 -40.4017 -6.04875 -8.89253 -1.21619 16.861 0.779096 -9.8844 12.4959 3.67718e-18 -7.96021e-16 1.33062e-17 -9.23673 -4.20556 2.0327 -3.30267 -42.6925 28.4798 0.852353 -38.7721 -0.655187 4.8623 17.7326 -0.44659 2.32622 -40.4017 -6.04875 4.08492 1.78412 -15.4633 -0.779096 -9.8844 12.4959 -2.05842e-16 -5.83489e-16 -1.27593e-14 
-0.36293 91.5334 33.9514 9.97862 16.3587 -18.2437 0 5.07867 -1.15138 -2.42187 3.25604 -2.04203 0 5.61661 1.07143 -1.76004 3.13573 -2.61062 -1.02604e-17 5.98978 0.11501 -1.30527 3.45817 -2.76739 -1.10457e-17 6.50583 -0.443523 -0.787282 4.29469 -2.82625 -1.97295e-17 7.60548 -1.50593 -0.938761 4.08852 -2.64326 -2.53307e-17 9.49737 -0.914492 -1.53269 4.03789 -2.73207 -2.90401e-17 10.5513 1.57691 -0.27966 0.0817633 -0.352326 -1.29193e-17 4.78644 0.715339 0.928251 -3.8218 12.0947 -1.8116e-17 4.82109 0.421791 -5.8935 -2.81993 5.30352 -2.00958e-17 4.83041 0.765062 -5.50659 2.40583 5.88003 1.23299 -7.60731 7.53374 12.2194 -1.10324 -6.62635 12.9547 3.2495 -3.26872 -59.4427 35.6262 -74.782 29.2081 0.0598081 0.137039 2.40666 -0.233487 -11.6735 24.234 0.0496219 0.113701 11.1547 -34.8068 10.6178 -1.23299 -7.60729 7.53365 -6.76683 -2.71524 8.43552 -12.9547 3.2495 -3.26872 68.7422 31.0497 45.0877 -29.2081 0.0598081 0.137039 -7.56984 -2.66517 39.3405 -24.234 0.0496218 0.113702 3.3484 -59.1445 6.04516 9.23673 -4.20556 2.0327 10.5677 -25.1547 8.53926 -0.852353 -38.7721 -0.655187 -3.03499 11.2512 0.101951 -2.32622 -40.4017 -6.04875 -8.93076 -1.16538 16.839 0.779096 -9.8844 12.4959 -3.09925e-15 -9.29377e-16 1.46663e-16 -9.23673 -4.20556 2.0327 -1.51051 -42.1547 31.3675 0.852353 -38.7721 -0.655187 4.78156 17.454 -0.427061 2.32622 -40.4017 -6.04875 2.96232 2.57103 -15.3819 -0.779096 -9.8844 12.4959 -2.54186e-15 -4.86302e-16 -1.26619e-14 
-0.58348 91.5714 34.2064 10.1988 15.9169 -20.1241 0 5.07867 -1.15138 -2.73703 3.07877 -2.17559 0 5.61661 1.07143 -2.00684 3.02054 -2.77389 -1.02604e-17 5.98978 0.11501 -1.49463 3.45551 -2.90419 -1.10457e-17 6.50583 -0.443523 -0.921451 4.38958 -2.96679 -1.97295e-17 7.60548 -1.50593 -1.05702 4.23497 -2.76806 -2.53307e-17 9.49737 -0.914492 -1.63941 4.27374 -2.82061 -2.90401e-17 10.5513 1.57691 -0.250037 0.0259559 -0.379366 -1.29193e-17 4.78644 0.715339 1.07047 -4.26143 12.7728 -1.8116e-17 4.82109 0.421791 -6.08751 -2.8234 5.62152 -2.00958e-17 4.83041 0.765062 -5.62945 2.33212 7.15778 1.23299 -7.60731 7.53374 10.7274 -0.517747 -8.04133 12.9547 3.2495 -3.26872 -57.6826 31.6962 -74.3683 29.2081 0.0598081 0.137039 2.09241 -0.17464 -10.1334 24.234 0.0496219 0.113701 7.71198 -33.41 6.75211 -1.23299 -7.60729 7.53365 -6.72289 -3.08566 8.32471 -12.9547 3.2495 -3.26872 69.6071 30.3683 44.7551 -29.2081 0.0598081 0.137039 -7.80122 -2.85748 40.7788 -24.234 0.0496218 0.113702 4.63526 -58.1222 8.30639 9.23673 -4.20556 2.0327 10.9628 -23.9724 9.46591 -0.852353 -38.7721 -0.655187 -2.98618 11.0737 0.0956004 -2.32622 -40.4017 -6.04875 -9.45106 -1.47142 17.0514 0.779096 -9.8844 12.4959 -8.12632e-16 -8.34175e-16 5.14604e-17 -9.23673 -4.20556 2.0327 -0.260627 -41.4159 33.5047 0.852353 -38.7721 -0.655187 4.59352 16.8019 -0.383085 2.32622 -40.4017 -6.04875 2.62722 2.82574 -15.2966 -0.779096 -9.8844 12.4959 -2.5842e-15 -4.84538e-16 -1.26601e-14 
-0.766081 91.596 34.4657 10.418 15.4903 -21.9821 0 5.07867 -1.15138 -2.61328 3.76843 -2.65953 0 5.61661 1.07143 -1.83851 3.38253 -3.31634 -1.02604e-17 5.98978 0.11501 -1.35591 3.37281 -3.43342 -1.10457e-17 6.50583 -0.443523 -0.808551 3.63359 -3.50798 -1.97295e-17 7.60548 -1.50593 -1.07826 3.05195 -3.30397 -2.53307e-17 9.49737 -0.914492 -1.86408 2.62559 -3.29564 -2.90401e-17 10.5513 1.57691 -0.271574 0.213546 -0.418505 -1.29193e-17 4.78644 0.715339 0.659464 -0.91011 15.2097 -1.8116e-17 4.82109 0.421791 -6.48599 -2.31681 6.7552 -2.00958e-17 4.83041 0.765062 -7.01405 0.494446 7.36577 1.23299 -7.60731 7.53374 13.4522 -0.408663 -7.44032 12.9547 3.2495 -3.26872 -58.7812 30.6842 -76.4098 29.2081 0.0598081 0.137039 2.20888 -0.195429 -10.7033 24.234 0.0496219 0.113701 8.05237 -34.7352 8.3337 -1.23299 -7.60729 7.53365 -9.92974 -3.31047 7.47687 -12.9547 3.2495 -3.26872 67.8877 30.5529 44.2652 -29.2081 0.0598081 0.137039 -8.69746 -3.70447 46.6699 -24.234 0.0496218 0.113702 4.98931 -61.5856 6.12214 9.23673 -4.20556 2.0327 11.1725 -22.5612 11.0341 -0.852353 -38.7721 -0.655187 -2.8281 10.4977 0.0760767 -2.32622 -40.4017 -6.04875 -9.51167 -1.67132 17.1324 0.779096 -9.8844 12.4959 2.35381e-15 -6.98172e-16 -8.45425e-17 -9.23673 -4.20556 2.0327 0.680911 -40.8093 35.1508 0.852353 -38.7721 -0.655187 4.44854 16.2963 -0.35063 2.32622 -40.4017 -6.04875 3.82571 2.6731 -15.4215 -0.779096 -9.8844 12.4959 -6.31639e-16 -5.57759e-16 -1.27455e-14 
-0.928798 91.6436 34.7355 10.5718 14.9274 -23.7153 0 5.07867 -1.15138 -2.90364 3.3352 -2.76446 0 5.61661 1.07143 -2.10055 3.11017 -3.46991 -1.02604e-17 5.98978 0.11501 -1.5785 3.32008 -3.59986 -1.10457e-17 6.50583 -0.443523 -0.983103 3.91378 -3.69694 -1.97295e-17 7.60548 -1.50593 -1.2564 3.51328 -3.46627 -2.53307e-17 9.49737 -0.914492 -2.06024 3.3248 -3.42532 -2.90401e-17 10.5513 1.57691 -0.266476 0.0951149 -0.458225 -1.29193e-17 4.78644 0.715339 1.17758 -2.60866 16.7514 -1.8116e-17 4.82109 0.421791 -7.26448 -2.65874 7.4407 -2.00958e-17 4.83041 0.765062 -6.24381 1.72721 7.68632 1.23299 -7.60731 7.53374 11.2369 0.504203 -9.50778 12.9547 3.2495 -3.26872 -54.7107 27.9084 -77.4297 29.2081 0.0598081 0.137039 2.39908 -0.231966 -11.6363 24.234 0.0496219 0.113701 8.45525 -33.744 8.28493 -1.23299 -7.60729 7.53365 -9.15243 -3.94088 7.92666 -12.9547 3.2495 -3.26872 62.9635 28.6165 45.7095 -29.2081 0.0598081 0.137039 -9.34619 -4.44145 51.3533 -24.234 0.0496218 0.113702 1.24555 -65.4662 1.92641 9.23673 -4.20556 2.0327 11.3939 -21.3192 12.0168 -0.852353 -38.7721 -0.655187 -2.78298 10.333 0.0707964 -2.32622 -40.4017 -6.04875 -9.70357 -1.72178 17.1979 0.779096 -9.8844 12.4959 -2.27588e-15 -8.91003e-16 1.08288e-16 -9.23673 -4.20556 2.0327 2.01152 -40.344 37.0274 0.852353 -38.7721 -0.655187 4.47753 16.3976 -0.357019 2.32622 -40.4017 -6.04875 2.53792 3.48164 -15.229 -0.779096 -9.8844 12.4959 -3.72045e-15 -4.24843e-16 -1.26128e-14 
-1.07547 91.6998 35.0058 10.6516 14.2905 -25.4531 0 5.07867 -1.15138 -3.09091 3.16979 -2.80743 0 5.61661 1.07143 -2.24343 3.03632 -3.50735 -1.02604e-17 5.98978 0.11501 -1.67302 3.38065 -3.61492 -1.10457e-17 6.50583 -0.443523 -1.03581 4.11125 -3.70996 -1.97295e-17 7.60548 -1.50593 -1.27799 3.80439 -3.48475 -2.53307e-17 9.49737 -0.914492 -2.03581 3.79262 -3.42971 -2.90401e-17 10.5513 1.57691 -0.255459 0.0374738 -0.438974 -1.29193e-17 4.78644 0.715339 1.79046 -4.57664 17.0292 -1.8116e-17 4.82109 0.421791 -7.05954 -2.74216 7.57696 -2.00958e-17 4.83041 0.765062 -7.05369 3.01473 9.05129 1.23299 -7.60731 7.53374 8.89084 1.37318 -10.867 12.9547 3.2495 -3.26872 -50.5729 25.1261 -77.1398 29.2081 0.0598081 0.137039 2.59005 -0.271896 -12.576 24.234 0.0496219 0.113701 6.24271 -32.8737 5.26574 -1.23299 -7.60729 7.53365 -6.99732 -3.63561 8.85408 -12.9547 3.2495 -3.26872 63.0289 27.3793 44.5578 -29.2081 0.0598081 0.137039 -9.74681 -4.96417 54.4918 -24.234 0.0496218 0.113702 -1.51212 -62.6338 0.933097 9.23673 -4.20556 2.0327 11.6653 -20.1352 12.8797 -0.852353 -38.7721 -0.655187 -2.82066 10.4706 0.075197 -2.32622 -40.4017 -6.04875 -10.1719 -1.84941 17.4521 0.779096 -9.8844 12.4959 -1.57955e-15 -8.70124e-16 8.74096e-17 -9.23673 -4.20556 2.0327 3.07494 -39.5424 38.942 0.852353 -38.7721 -0.655187 4.39801 16.1195 -0.339617 2.32622 -40.4017 -6.04875 2.53251 3.8596 -15.2248 -0.779096 -9.8844 12.4959 -6.52847e-16 -5.56654e-16 -1.27446e-14 
-1.21953 91.7547 35.2958 10.7394 13.6982 -27.2264 0 5.07867 -1.15138 -2.44344 4.16551 -3.94251 0 5.61661 1.07143 -1.52955 3.47446 -4.7992 -1.02604e-17 5.98978 0.11501 -1.0699 2.85385 -4.93072 -1.10457e-17 6.50583 -0.443523 -0.505116 2.33816 -5.05697 -1.97295e-17 7.60548 -1.50593 -1.09883 1.26761 -4.80241 -2.53307e-17 9.49737 -0.914492 -2.4385 0.051768 -4.64671 -2.90401e-17 10.5513 1.57691 -0.313837 0.600332 -0.513945 -1.29193e-17 4.78644 0.715339 -1.27375 6.31443 22.348 -1.8116e-17 4.82109 0.421791 -8.38171 -2.18439 10.0009 -2.00958e-17 4.83041 0.765062 -9.97879 -2.63652 8.06538 1.23299 -7.60731 7.53374 23.5934 -1.69188 -2.16275 12.9547 3.2495 -3.26872 -50.0213 25.1619 -94.0414 29.2081 0.0598081 0.137039 2.65751 -0.286777 -12.9087 24.234 0.0496219 0.113701 14.0911 -48.4002 22.6581 -1.23299 -7.60729 7.53365 -20.4715 -5.10193 3.5922 -12.9547 3.2495 -3.26872 48.3972 25.6289 56.0483 -29.2081 0.0598081 0.137039 -9.82345 -5.07126 55.1194 -24.234 0.0496218 0.113702 24.2158 -85.5275 22.5543 9.23673 -4.20556 2.0327 11.8406 -18.6648 15.8297 -0.852353 -38.7721 -0.655187 -2.74777 10.2043 0.0667658 -2.32622 -40.4017 -6.04875 -10.1558 -1.42175 17.329 0.779096 -9.8844 12.4959 3.87109e-16 -7.84259e-16 1.54475e-18 -9.23673 -4.20556 2.0327 3.38737 -38.444 41.3922 0.852353 -38.7721 -0.655187 4.12646 15.1645 -0.283091 2.32622 -40.4017 -6.04875 6.80923 2.94967 -15.6476 -0.779096 -9.8844 12.4959 1.84661e-16 -5.95692e-16 -1.27715e-14 
-1.41037 91.8421 35.6261 10.7581 13.1567 -28.9836 0 5.07867 -1.15138 -2.96918 2.33132 -3.61781 0 5.61661 1.07143 -2.12693 2.35335 -4.57579 -1.02604e-17 5.98978 0.11501 -1.5977 2.72039 -4.79111 -1.10457e-17 6.50583 -0.443523 -0.914374 3.81646 -4.97418 -1.97295e-17 7.60548 -1.50593 -1.3944 3.6543 -4.66998 -2.53307e-17 9.49737 -0.914492 -2.66517 3.32436 -4.60514 -2.90401e-17 10.5513 1.57691 -0.272102 0.111116 -0.654753 -1.29193e-17 4.78644 0.715339 0.0443934 1.89831 21.6243 -1.8116e-17 4.82109 0.421791 -10.3071 -4.29411 9.68897 -2.00958e-17 4.83041 0.765062 -7.05436 -0.480862 10.3845 1.23299 -7.60731 7.53374 19.4308 -1.36616 -6.61063 12.9547 3.2495 -3.26872 -41.8172 20.3222 -98.0572 29.2081 0.0598081 0.137039 2.04874 -0.167152 -9.91992 24.234 0.0496219 0.113701 16.1958 -47.9283 21.1906 -1.23299 -7.60729 7.53365 -17.7174 -7.17866 2.90941 -12.9547 3.2495 -3.26872 44.2627 22.3311 57.1577 -29.2081 0.0598081 0.137039 -9.89896 -5.17918 55.7469 -24.234 0.0496218 0.113702 46.2575 -87.7362 47.0376 9.23673 -4.20556 2.0327 12.0482 -17.4826 16.7299 -0.852353 -38.7721 -0.655187 -2.71399 10.0808 0.0629736 -2.32622 -40.4017 -6.04875 -8.95647 -1.01194 17.1064 0.779096 -9.8844 12.4959 -3.58598e-16 -8.07121e-16 2.44067e-17 -9.23673 -4.20556 2.0327 5.6501 -38.057 44.0532 0.852353 -38.7721 -0.655187 4.32734 15.8717 -0.324473 2.32622 -40.4017 -6.04875 1.89142 4.93099 -15.2338 -0.779096 -9.8844 12.4959 -5.82231e-16 -5.59744e-16 -1.27475e-14 
-1.56026 91.8879 35.9282 10.674 12.5526 -30.6802 0 5.07867 -1.15138 -2.84158 3.22021 -3.91589 0 5.61661 1.07143 -1.93237 3.05177 -4.8729 -1.02604e-17 5.98978 0.11501 -1.42806 3.06812 -5.05161 -1.10457e-17 6.50583 -0.443523 -0.79716 3.53827 -5.21962 -1.97295e-17 7.60548 -1.50593 -1.37304 2.92479 -4.94387 -2.53307e-17 9.49737 -0.914492 -2.71102 2.31608 -4.78898 -2.90401e-17 10.5513 1.57691 -0.271976 0.177033 -0.639246 -1.29193e-17 4.78644 0.715339 0.671612 1.02028 22.5964 -1.8116e-17 4.82109 0.421791 -8.92492 -3.85218 10.1779 -2.00958e-17 4.83041 0.765062 -9.59556 0.0625783 11.7714 1.23299 -7.60731 7.53374 16.9016 0.320803 -9.46326 12.9547 3.2495 -3.26872 -49.3586 16.5197 -91.1142 29.2081 0.0598081 0.137039 1.90338 -0.143431 -9.2103 24.234 0.0496219 0.113701 8.01186 -38.3542 10.4262 -1.23299 -7.60729 7.53365 -17.2104 -6.53898 4.29207 -12.9547 3.2495 -3.26872 47.3686 22.957 55.5151 -29.2081 0.0598081 0.137039 -10.3713 -5.91831 59.9251 -24.234 0.0496218 0.113702 -3.35129 -83.0601 0.215604 9.23673 -4.20556 2.0327 12.2785 -16.1805 16.5553 -0.852353 -38.7721 -0.655187 -2.72925 10.1366 0.0646781 -2.32622 -40.4017 -6.04875 -10.6049 -1.30164 17.4867 0.779096 -9.8844 12.4959 -2.71577e-15 -9.17393e-16 1.34678e-16 -9.23673 -4.20556 2.0327 6.30041 -37.1104 45.1323 0.852353 -38.7721 -0.655187 4.21955 15.4928 -0.301962 2.32622 -40.4017 -6.04875 2.89769 5.03191 -15.3165 -0.779096 -9.8844 12.4959 -9.86862e-16 -5.46879e-16 -1.27227e-14 
-1.69133 91.9524 36.2659 10.5906 11.9082 -32.3644 0 5.07867 -1.15138 -3.13993 1.32424 -4.48272 0 5.61661 1.07143 -2.13835 1.28535 -5.5178 -1.02604e-17 5.98978 0.11501 -1.42987 1.65224 -5.6294 -1.10457e-17 6.50583 -0.443523 -0.496391 2.77192 -5.81036 -1.97295e-17 7.60548 -1.50593 -0.940953 3.02811 -5.48244 -2.53307e-17 9.49737 -0.914492 -2.43265 2.64958 -5.58035 -2.90401e-17 10.5513 1.57691 -0.183345 0.653022 -0.735212 -1.29193e-17 4.78644 0.715339 -3.20537 11.9739 23.1081 -1.8116e-17 4.82109 0.421791 -10.3056 -3.3667 10.3012 -2.00958e-17 4.83041 0.765062 -12.9613 -7.56336 13.9867 1.23299 -7.60731 7.53374 36.9691 -4.56365 9.25254 12.9547 3.2495 -3.26872 -37.1205 4.95856 -115.692 29.2081 0.0598081 0.137039 2.10955 -0.17761 -10.2172 24.234 0.0496219 0.113701 38.7102 -73.8044 59.0232 -1.23299 -7.60729 7.53365 -33.7743 -6.45654 -8.70118 -12.9547 3.2495 -3.26872 37.05 16.8883 67.7345 -29.2081 0.0598081 0.137039 -10.5928 -6.31073 62.0714 -24.234 0.0496218 0.113702 -179.291 -72.0989 -177.583 9.23673 -4.20556 2.0327 13.0121 -15.2077 19.4851 -0.852353 -38.7721 -0.655187 -3.03246 11.242 0.101618 -2.32622 -40.4017 -6.04875 -11.669 -0.449711 17.2794 0.779096 -9.8844 12.4959 1.92795e-15 -7.11922e-16 -7.07927e-17 -9.23673 -4.20556 2.0327 6.15808 -35.5403 47.4271 0.852353 -38.7721 -0.655187 3.85779 14.2119 -0.231615 2.32622 -40.4017 -6.04875 6.96392 4.45134 -15.4547 -0.779096 -9.8844 12.4959 -2.12908e-16 -5.83268e-16 -1.27588e-14 
-1.88693 92.0772 36.6735 10.5677 11.3519 -34.1253 0 5.07867 -1.15138 -3.38181 1.22193 -3.84392 0 5.61661 1.07143 -2.52008 1.39591 -4.93303 -1.02604e-17 5.98978 0.11501 -1.8291 1.93458 -5.09969 -1.10457e-17 6.50583 -0.443523 -0.924726 3.33879 -5.31847 -1.97295e-17 7.60548 -1.50593 -1.22243 3.64745 -4.95399 -2.53307e-17 9.49737 -0.914492 -2.45578 3.57357 -5.0811 -2.90401e-17 10.5513 1.57691 -0.0642236 0.502587 -0.775323 -1.29193e-17 4.78644 0.715339 -2.50767 10.8268 22.9619 -1.8116e-17 4.82109 0.421791 -10.814 -5.10575 10.2848 -2.00958e-17 4.83041 0.765062 -11.502 -6.35817 12.6011 1.23299 -7.60731 7.53374 34.971 -4.14638 6.77926 12.9547 3.2495 -3.26872 -31.8427 0.987914 -118.634 29.2081 0.0598081 0.137039 1.85224 -0.135515 -8.96095 24.234 0.0496219 0.113701 33.9821 -74.0394 50.6093 -1.23299 -7.60729 7.53365 -32.1911 -6.3372 -10.0267 -12.9547 3.2495 -3.26872 41.2727 17.3453 62.3374 -29.2081 0.0598081 0.137039 -10.8276 -6.76862 64.5224 -24.234 0.0496218 0.113702 175.988 -76.806 -179.717 9.23673 -4.20556 2.0327 12.6055 -13.4073 20.2616 -0.852353 -38.7721 -0.655187 -2.67158 9.92563 0.0583174 -2.32622 -40.4017 -6.04875 -9.84272 0.131438 16.9253 0.779096 -9.8844 12.4959 -1.11137e-15 -8.42407e-16 5.96927e-17 -9.23673 -4.20556 2.0327 7.97787 -35.0912 48.4735 0.852353 -38.7721 -0.655187 4.02504 14.8058 -0.263136 2.32622 -40.4017 -6.04875 3.86297 5.55111 -15.6121 -0.779096 -9.8844 12.4959 -1.37031e-15 -5.35117e-16 -1.27107e-14 
-2.02251 92.1297 36.9881 10.4736 10.7113 -35.7462 0 5.07867 -1.15138 -3.09209 1.2128 -4.08328 0 5.61661 1.07143 -2.20407 1.46582 -5.14328 -1.02604e-17 5.98978 0.11501 -1.57844 2.12074 -5.29146 -1.10457e-17 6.50583 -0.443523 -0.730373 3.63259 -5.49465 -1.97295e-17 7.60548 -1.50593 -1.16449 3.9847 -5.16438 -2.53307e-17 9.49737 -0.914492 -2.54252 3.84283 -5.21525 -2.90401e-17 10.5513 1.57691 -0.0649031 0.484349 -0.788991 -1.29193e-17 4.78644 0.715339 -2.64099 10.73 23.7105 -1.8116e-17 4.82109 0.421791 -10.6755 -4.24328 10.6338 -2.00958e-17 4.83041 0.765062 -14.2011 -7.95051 12.6516 1.23299 -7.60731 7.53374 31.6082 -4.73088 5.19871 12.9547 3.2495 -3.26872 -37.5719 5.30094 -113.482 29.2081 0.0598081 0.137039 2.00363 -0.159583 -9.69954 24.234 0.0496219 0.113701 13.1246 -63.8177 24.9685 -1.23299 -7.60729 7.53365 -32.5566 -6.95479 -9.7656 -12.9547 3.2495 -3.26872 42.6103 15.9091 63.4218 -29.2081 0.0598081 0.137039 -11.3232 -7.94137 70.592 -24.234 0.0496218 0.113702 -149.674 -78.7265 -143.546 9.23673 -4.20556 2.0327 12.6758 -12.1051 19.5809 -0.852353 -38.7721 -0.655187 -2.67073 9.9225 0.058225 -2.32622 -40.4017 -6.04875 -11.6934 0.0717429 17.203 0.779096 -9.8844 12.4959 -1.94888e-15 -8.81445e-16 9.87303e-17 -9.23673 -4.20556 2.0327 8.32996 -34.1134 49.0105 0.852353 -38.7721 -0.655187 3.92806 14.4618 -0.244649 2.32622 -40.4017 -6.04875 3.9575 5.84909 -15.4848 -0.779096 -9.8844 12.4959 -2.1997e-16 -5.83047e-16 -1.27586e-14 
-2.1048 92.1997 37.2802 10.392 10.0902 -37.2808 0 5.07867 -1.15138 -3.15764 1.55115 -4.15424 0 5.61661 1.07143 -2.22632 1.71752 -5.18047 -1.02604e-17 5.98978 0.11501 -1.59914 2.1882 -5.27517 -1.10457e-17 6.50583 -0.443523 -0.782777 3.34333 -5.45896 -1.97295e-17 7.60548 -1.50593 -1.24183 3.47644 -5.13172 -2.53307e-17 9.49737 -0.914492 -2.61478 3.24821 -5.09629 -2.90401e-17 10.5513 1.57691 -0.120629 0.474933 -0.768316 -1.29193e-17 4.78644 0.715339 -2.60117 10.0633 24.5938 -1.8116e-17 4.82109 0.421791 -10.97 -4.34868 10.9764 -2.00958e-17 4.83041 0.765062 -13.5143 -6.60563 12.8302 1.23299 -7.60731 7.53374 30.9092 -4.65633 4.7302 12.9547 3.2495 -3.26872 -42.2919 6.55257 -110.091 29.2081 0.0598081 0.137039 2.64809 -0.284671 -12.8622 24.234 0.0496219 0.113701 6.45647 -56.9548 17.9522 -1.23299 -7.60729 7.53365 -30.4836 -7.08261 -8.31441 -12.9547 3.2495 -3.26872 46.8992 16.3037 59.3956 -29.2081 0.0598081 0.137039 -11.6808 -9.11414 76.4467 -24.234 0.0496218 0.113702 -109.269 -80.5416 -103.531 9.23673 -4.20556 2.0327 12.4854 -10.8696 20.3408 -0.852353 -38.7721 -0.655187 -2.633 9.78431 0.0541801 -2.32622 -40.4017 -6.04875 -12.304 0.125583 17.6429 0.779096 -9.8844 12.4959 -1.57249e-15 -8.69904e-16 8.7189e-17 -9.23673 -4.20556 2.0327 8.61296 -33.2225 50.5212 0.852353 -38.7721 -0.655187 3.83836 14.1427 -0.228065 2.32622 -40.4017 -6.04875 4.99448 5.85722 -15.4915 -0.779096 -9.8844 12.4959 5.82231e-16 -6.2054e-16 -1.27961e-14 
-2.18604 92.2662 37.5222 10.3421 9.56095 -38.8007 0 5.07867 -1.15138 -3.34256 1.44065 -4.05479 0 5.61661 1.07143 -2.39211 1.64356 -5.05324 -1.02604e-17 5.98978 0.11501 -1.7298 2.1143 -5.12989 -1.10457e-17 6.50583 -0.443523 -0.894815 3.21746 -5.30895 -1.97295e-17 7.60548 -1.50593 -1.30008 3.2779 -4.97951 -2.53307e-17 9.49737 -0.914492 -2.55917 3.0809 -4.92579 -2.90401e-17 10.5513 1.57691 -0.107828 0.422527 -0.723776 -1.29193e-17 4.78644 0.715339 -2.4017 9.26762 26.0388 -1.8116e-17 4.82109 0.421791 -10.9539 -4.2542 11.7256 -2.00958e-17 4.83041 0.765062 -13.0798 -4.62789 11.5598 1.23299 -7.60731 7.53374 27.9733 -4.21615 3.37329 12.9547 3.2495 -3.26872 -37.92 5.21949 -109.106 29.2081 0.0598081 0.137039 3.29321 -0.447522 -16.066 24.234 0.0496219 0.113701 6.80267 -56.4674 16.6104 -1.23299 -7.60729 7.53365 -27.2113 -7.2137 -6.97675 -12.9547 3.2495 -3.26872 48.4778 15.2726 58.0632 -29.2081 0.0598081 0.137039 -11.7248 -9.29656 77.3437 -24.234 0.0496218 0.113702 -76.7757 -80.0963 -71.0889 9.23673 -4.20556 2.0327 12.4383 -9.81857 21.4375 -0.852353 -38.7721 -0.655187 -2.63408 9.78829 0.0542951 -2.32622 -40.4017 -6.04875 -12.3087 0.326486 17.8056 0.779096 -9.8844 12.4959 3.87109e-16 -7.84259e-16 1.54475e-18 -9.23673 -4.20556 2.0327 9.23834 -32.2817 52.2699 0.852353 -38.7721 -0.655187 3.72342 13.7327 -0.207545 2.32622 -40.4017 -6.04875 3.97652 6.27946 -15.4112 -0.779096 -9.8844 12.4959 -2.52771e-15 -4.86965e-16 -1.26625e-14 
-2.2773 92.3199 37.7191 10.2037 8.99301 -40.2861 0 5.07867 -1.15138 -3.4156 1.32251 -4.45915 0 5.61661 1.07143 -2.37314 1.59134 -5.49203 -1.02604e-17 5.98978 0.11501 -1.65454 2.05217 -5.55975 -1.10457e-17 6.50583 -0.443523 -0.735321 3.2031 -5.76128 -1.97295e-17 7.60548 -1.50593 -1.16957 3.2841 -5.42205 -2.53307e-17 9.49737 -0.914492 -2.50734 3.11454 -5.36524 -2.90401e-17 10.5513 1.57691 -0.0944962 0.416948 -0.698463 -1.29193e-17 4.78644 0.715339 -2.41163 9.1724 27.2224 -1.8116e-17 4.82109 0.421791 -11.1686 -4.24359 12.2933 -2.00958e-17 4.83041 0.765062 -14.3676 -4.64843 13.1549 1.23299 -7.60731 7.53374 29.8103 -4.04289 4.47858 12.9547 3.2495 -3.26872 -36.9231 -1.06496 -109.411 29.2081 0.0598081 0.137039 3.32913 -0.45773 -16.2457 24.234 0.0496219 0.113701 6.66107 -60.47 17.1022 -1.23299 -7.60729 7.53365 -27.3841 -7.63383 -7.53204 -12.9547 3.2495 -3.26872 44.0016 7.80537 62.2577 -29.2081 0.0598081 0.137039 -11.3739 -8.08427 71.315 -24.234 0.0496218 0.113702 -123.466 -83.9276 -117.334 9.23673 -4.20556 2.0327 12.6105 -8.94263 22.1211 -0.852353 -38.7721 -0.655187 -2.74879 10.208 0.0668813 -2.32622 -40.4017 -6.04875 -12.9503 0.700215 17.9519 0.779096 -9.8844 12.4959 2.37496e-15 -6.97291e-16 -8.54235e-17 -9.23673 -4.20556 2.0327 9.86964 -31.5805 53.7365 0.852353 -38.7721 -0.655187 3.74113 13.7959 -0.210652 2.32622 -40.4017 -6.04875 4.71052 6.55549 -15.5446 -0.779096 -9.8844 12.4959 -1.41268e-15 -5.33351e-16 -1.27089e-14 
-2.39912 92.3602 37.9304 10.135 8.42886 -41.7477 0 5.07867 -1.15138 -3.45586 1.0806 -4.47402 0 5.61661 1.07143 -2.40012 1.47004 -5.52852 -1.02604e-17 5.98978 0.11501 -1.67189 2.06395 -5.59017 -1.10457e-17 6.50583 -0.443523 -0.748323 3.3739 -5.799 -1.97295e-17 7.60548 -1.50593 -1.17883 3.51758 -5.46289 -2.53307e-17 9.49737 -0.914492 -2.48753 3.48033 -5.41414 -2.90401e-17 10.5513 1.57691 -0.0530184 0.33035 -0.714809 -1.29193e-17 4.78644 0.715339 -1.86183 8.08514 28.2624 -1.8116e-17 4.82109 0.421791 -11.0333 -4.40108 12.8419 -2.00958e-17 4.83041 0.765062 -15.1997 -3.26827 13.0447 1.23299 -7.60731 7.53374 27.3223 -3.37249 1.14995 12.9547 3.2495 -3.26872 -39.0261 -3.63709 -105.864 29.2081 0.0598081 0.137039 3.20357 -0.42259 -15.6182 24.234 0.0496219 0.113701 -1.09075 -54.512 7.03611 -1.23299 -7.60729 7.53365 -25.4913 -8.06787 -6.79651 -12.9547 3.2495 -3.26872 44.8169 6.67954 63.1035 -29.2081 0.0598081 0.137039 -11.4698 -8.37186 72.7612 -24.234 0.0496218 0.113702 -80.0826 -83.1523 -73.0598 9.23673 -4.20556 2.0327 12.247 -7.81221 21.6491 -0.852353 -38.7721 -0.655187 -2.64386 9.82412 0.0553354 -2.32622 -40.4017 -6.04875 -12.5803 1.01807 18.0066 0.779096 -9.8844 12.4959 -1.88532e-15 -8.78797e-16 9.60822e-17 -9.23673 -4.20556 2.0327 10.5018 -30.8904 54.8448 0.852353 -38.7721 -0.655187 3.76518 13.8818 -0.214905 2.32622 -40.4017 -6.04875 3.79663 6.91446 -15.4474 -0.779096 -9.8844 12.4959 1.34206e-15 -6.44064e-16 -1.28318e-14 
-2.5135 92.3555 37.9907 10.1167 7.91753 -43.1621 0 5.07867 -1.15138 -3.45884 0.956568 -4.91293 0 5.61661 1.07143 -2.31305 1.39646 -5.99179 -1.02604e-17 5.98978 0.11501 -1.54435 1.9477 -6.04448 -1.10457e-17 6.50583 -0.443523 -0.552795 3.25568 -6.27176 -1.97295e-17 7.60548 -1.50593 -1.04381 3.42895 -5.93539 -2.53307e-17 9.49737 -0.914492 -2.47239 3.43919 -5.87637 -2.90401e-17 10.5513 1.57691 -0.0644419 0.314237 -0.709836 -1.29193e-17 4.78644 0.715339 -1.63872 7.76717 29.8313 -1.8116e-17 4.82109 0.421791 -11.0043 -4.18101 13.5825 -2.00958e-17 4.83041 0.765062 -16.8728 -2.74015 14.3098 1.23299 -7.60731 7.53374 29.3357 -3.53386 2.42782 12.9547 3.2495 -3.26872 -41.6241 -9.6917 -106.355 29.2081 0.0598081 0.137039 3.35456 -0.465028 -16.3731 24.234 0.0496219 0.113701 -3.26226 -55.9165 7.76803 -1.23299 -7.60729 7.53365 -26.2595 -8.22517 -7.36205 -12.9547 3.2495 -3.26872 42.1435 0.869469 65.5788 -29.2081 0.0598081 0.137039 -11.5606 -8.66949 74.2466 -24.234 0.0496218 0.113702 -108.735 -81.192 -101.621 9.23673 -4.20556 2.0327 12.3663 -7.09439 22.0091 -0.852353 -38.7721 -0.655187 -2.78402 10.3368 0.0709161 -2.32622 -40.4017 -6.04875 -14.0682 1.24619 18.1924 0.779096 -9.8844 12.4959 3.1136e-15 -6.62446e-16 -1.20268e-16 -9.23673 -4.20556 2.0327 10.7559 -30.2128 56.1628 0.852353 -38.7721 -0.655187 3.74248 13.8007 -0.21089 2.32622 -40.4017 -6.04875 4.50256 6.89608 -15.4726 -0.779096 -9.8844 12.4959 -2.90409e-15 -4.63e-16 -1.26388e-14 
-2.60519 92.3916 38.0324 10.1057 7.34442 -44.4719 0 5.07867 -1.15138 -3.41243 1.04664 -4.87172 0 5.61661 1.07143 -2.26499 1.48613 -5.94931 -1.02604e-17 5.98978 0.11501 -1.5204 1.9683 -5.99712 -1.10457e-17 6.50583 -0.443523 -0.573299 3.1293 -6.23398 -1.97295e-17 7.60548 -1.50593 -1.08226 3.15673 -5.89677 -2.53307e-17 9.49737 -0.914492 -2.4889 3.12363 -5.79743 -2.90401e-17 10.5513 1.57691 -0.0536987 0.28133 -0.697177 -1.29193e-17 4.78644 0.715339 -1.01525 6.71004 31.0682 -1.8116e-17 4.82109 0.421791 -10.9385 -4.54802 14.2381 -2.00958e-17 4.83041 0.765062 -16.9126 -0.163989 13.6167 1.23299 -7.60731 7.53374 27.9507 -2.75892 0.311054 12.9547 3.2495 -3.26872 -42.8471 -10.6433 -104.342 29.2081 0.0598081 0.137039 3.66576 -0.559328 -17.9378 24.234 0.0496219 0.113701 -5.71372 -51.6057 2.84917 -1.23299 -7.60729 7.53365 -24.6373 -8.37162 -6.28235 -12.9547 3.2495 -3.26872 44.8061 -0.102814 65.3545 -29.2081 0.0598081 0.137039 -11.648 -8.98596 75.8146 -24.234 0.0496218 0.113702 -72.6337 -80.3324 -66.1845 9.23673 -4.20556 2.0327 11.903 -6.13704 21.725 -0.852353 -38.7721 -0.655187 -2.69424 10.0085 0.060791 -2.32622 -40.4017 -6.04875 -13.6709 1.66046 18.2144 0.779096 -9.8844 12.4959 5.54845e-15 -5.60847e-16 -2.21867e-16 -9.23673 -4.20556 2.0327 11.2341 -29.69 57.0317 0.852353 -38.7721 -0.655187 3.80954 14.04 -0.222842 2.32622 -40.4017 -6.04875 3.917 7.10846 -15.4532 -0.779096 -9.8844 12.4959 -2.59126e-15 -4.84096e-16 -1.26597e-14 
-2.69735 92.417 38.0357 9.99615 6.71356 -45.7044 0 5.07867 -1.15138 -3.30633 1.03511 -4.97764 0 5.61661 1.07143 -2.12602 1.51229 -6.02598 -1.02604e-17 5.98978 0.11501 -1.40243 1.98049 -6.06931 -1.10457e-17 6.50583 -0.443523 -0.47629 3.11417 -6.3065 -1.97295e-17 7.60548 -1.50593 -1.0352 3.07781 -5.99154 -2.53307e-17 9.49737 -0.914492 -2.48439 3.00487 -5.84413 -2.90401e-17 10.5513 1.57691 -0.0719018 0.238954 -0.678574 -1.29193e-17 4.78644 0.715339 -0.195639 5.41325 31.8906 -1.8116e-17 4.82109 0.421791 -10.5329 -4.15275 14.7007 -2.00958e-17 4.83041 0.765062 -18.0764 1.6389 13.9223 1.23299 -7.60731 7.53374 25.7406 -2.51525 -1.49082 12.9547 3.2495 -3.26872 -47.3824 -9.60176 -102.159 29.2081 0.0598081 0.137039 4.27334 -0.77076 -21.0323 24.234 0.0496219 0.113701 -6.6716 -43.2267 0.563719 -1.23299 -7.60729 7.53365 -23.1568 -8.66607 -4.83739 -12.9547 3.2495 -3.26872 45.8895 -0.829927 65.8453 -29.2081 0.0598081 0.137039 -11.7629 -9.46567 78.1726 -24.234 0.0496218 0.113702 -53.0895 -76.1026 -46.4641 9.23673 -4.20556 2.0327 11.6734 -5.25961 21.4755 -0.852353 -38.7721 -0.655187 -2.71027 10.0672 0.0625607 -2.32622 -40.4017 -6.04875 -14.4218 1.90455 18.4997 0.779096 -9.8844 12.4959 5.1428e-16 -7.7874e-16 -3.97483e-18 -9.23673 -4.20556 2.0327 11.4845 -28.9669 58.0633 0.852353 -38.7721 -0.655187 3.81222 14.0495 -0.223325 2.32622 -40.4017 -6.04875 3.5384 7.30914 -15.3509 -0.779096 -9.8844 12.4959 -2.41183e-16 -5.82163e-16 -1.27577e-14 
-2.79644 92.4013 38.0592 10.0303 6.26116 -46.9139 0 5.07867 -1.15138 -3.38712 0.0381729 -5.07792 0 5.61661 1.07143 -2.18916 0.656991 -6.09349 -1.02604e-17 5.98978 0.11501 -1.39833 1.45755 -6.0885 -1.10457e-17 6.50583 -0.443523 -0.393486 3.01704 -6.33151 -1.97295e-17 7.60548 -1.50593 -0.902078 3.45636 -5.98746 -2.53307e-17 9.49737 -0.914492 -2.35467 3.72716 -5.89098 -2.90401e-17 10.5513 1.57691 -0.0642642 0.334105 -0.6652 -1.29193e-17 4.78644 0.715339 -1.53525 7.41566 31.4211 -1.8116e-17 4.82109 0.421791 -11.2076 -3.93182 14.4595 -2.00958e-17 4.83041 0.765062 -18.987 0.0555682 14.5706 1.23299 -7.60731 7.53374 28.8411 -3.90691 4.31876 12.9547 3.2495 -3.26872 -42.7539 -14.6147 -104.046 29.2081 0.0598081 0.137039 5.02431 -1.08473 -24.9445 24.234 0.0496219 0.113701 -5.42348 -55.6441 3.79725 -1.23299 -7.60729 7.53365 -24.647 -8.52514 -8.1984 -12.9547 3.2495 -3.26872 45.5396 -5.37118 68.8493 -29.2081 0.0598081 0.137039 -11.7398 -9.36152 77.6625 -24.234 0.0496218 0.113702 -62.1234 -77.4523 -56.7799 9.23673 -4.20556 2.0327 11.6193 -4.73041 21.6441 -0.852353 -38.7721 -0.655187 -2.83013 10.5051 0.0763165 -2.32622 -40.4017 -6.04875 -14.7287 2.40579 18.4564 0.779096 -9.8844 12.4959 3.19145e-17 -7.94918e-16 1.22032e-17 -9.23673 -4.20556 2.0327 11.6209 -28.3579 59.2005 0.852353 -38.7721 -0.655187 3.78285 13.9448 -0.218052 2.32622 -40.4017 -6.04875 3.64781 7.29006 -15.3278 -0.779096 -9.8844 12.4959 1.91718e-16 -5.96133e-16 -1.27717e-14 
-2.89637 92.4058 38.0541 10.0694 5.87468 -48.1865 0 5.07867 -1.15138 -3.39207 0.367618 -5.04986 0 5.61661 1.07143 -2.19571 0.928779 -6.10033 -1.02604e-17 5.98978 0.11501 -1.41565 1.49133 -6.11793 -1.10457e-17 6.50583 -0.443523 -0.434822 2.70892 -6.37926 -1.97295e-17 7.60548 -1.50593 -0.941642 2.87758 -6.02622 -2.53307e-17 9.49737 -0.914492 -2.36659 3.03843 -5.92593 -2.90401e-17 10.5513 1.57691 -0.0650927 0.335166 -0.664847 -1.29193e-17 4.78644 0.715339 -1.05174 6.84445 32.4743 -1.8116e-17 4.82109 0.421791 -10.5722 -4.17437 15.0782 -2.00958e-17 4.83041 0.765062 -19.2143 1.98895 14.3205 1.23299 -7.60731 7.53374 28.8505 -2.95735 3.19689 12.9547 3.2495 -3.26872 -41.5551 -18.1753 -103.633 29.2081 0.0598081 0.137039 5.11291 -1.12582 -25.4135 24.234 0.0496219 0.113701 -6.91924 -56.3668 0.730745 -1.23299 -7.60729 7.53365 -24.1461 -8.18623 -7.62879 -12.9547 3.2495 -3.26872 48.2015 -4.99336 68.7734 -29.2081 0.0598081 0.137039 -11.807 -9.67738 79.2072 -24.234 0.0496218 0.113702 -44.5993 -74.1157 -38.7328 9.23673 -4.20556 2.0327 11.1637 -3.93434 21.2239 -0.852353 -38.7721 -0.655187 -2.68283 9.96677 0.0595406 -2.32622 -40.4017 -6.04875 -14.544 2.61165 18.4793 0.779096 -9.8844 12.4959 2.36787e-15 -6.97513e-16 -8.52017e-17 -9.23673 -4.20556 2.0327 12.1588 -28.1337 59.8555 0.852353 -38.7721 -0.655187 3.87506 14.2733 -0.234789 2.32622 -40.4017 -6.04875 3.75887 7.33297 -15.4189 -0.779096 -9.8844 12.4959 -1.91718e-16 -5.84151e-16 -1.27597e-14 
-2.94096 92.4219 37.9956 9.94208 5.3497 -49.2128 0 5.07867 -1.15138 -3.19634 0.245065 -5.09996 0 5.61661 1.07143 -1.98886 0.890429 -6.142 -1.02604e-17 5.98978 0.11501 -1.25192 1.52394 -6.16567 -1.10457e-17 6.50583 -0.443523 -0.302102 2.86705 -6.43714 -1.97295e-17 7.60548 -1.50593 -0.8695 3.06025 -6.10523 -2.53307e-17 9.49737 -0.914492 -2.35251 3.19571 -5.98138 -2.90401e-17 10.5513 1.57691 -0.0562187 0.264648 -0.667778 -1.29193e-17 4.78644 0.715339 -0.335339 5.81318 33.0838 -1.8116e-17 4.82109 0.421791 -10.5889 -3.83532 15.3666 -2.00958e-17 4.83041 0.765062 -20.4492 3.23137 14.278 1.23299 -7.60731 7.53374 27.4331 -2.94905 1.15514 12.9547 3.2495 -3.26872 -46.4768 -17.5 -102.999 29.2081 0.0598081 0.137039 5.22155 -1.17741 -25.991 24.234 0.0496219 0.113701 -9.38742 -48.3764 -3.92688 -1.23299 -7.60729 7.53365 -23.4119 -8.71308 -6.85781 -12.9547 3.2495 -3.26872 48.5976 -6.06477 70.7078 -29.2081 0.0598081 0.137039 -11.8335 -9.81495 79.8778 -24.234 0.0496218 0.113702 -37.6283 -69.3986 -31.1814 9.23673 -4.20556 2.0327 11.0458 -3.37066 20.8735 -0.852353 -38.7721 -0.655187 -2.75658 10.2365 0.0677666 -2.32622 -40.4017 -6.04875 -15.0988 2.93884 18.6067 0.779096 -9.8844 12.4959 -3.23256e-16 -8.05575e-16 2.28606e-17 -9.23673 -4.20556 2.0327 12.3892 -27.51 60.5544 0.852353 -38.7721 -0.655187 3.86797 14.2481 -0.233484 2.32622 -40.4017 -6.04875 2.97262 7.6314 -15.2886 -0.779096 -9.8844 12.4959 -2.9323e-15 -4.61898e-16 -1.26375e-14 
-2.95243 92.4228 37.9674 9.88358 4.81902 -50.1558 0 5.07867 -1.15138 -3.16071 -0.234997 -5.20365 0 5.61661 1.07143 -1.93116 0.478025 -6.21457 -1.02604e-17 5.98978 0.11501 -1.17763 1.24936 -6.20637 -1.10457e-17 6.50583 -0.443523 -0.207655 2.76447 -6.4851 -1.97295e-17 7.60548 -1.50593 -0.790176 3.16581 -6.13621 -2.53307e-17 9.49737 -0.914492 -2.31548 3.44766 -5.99792 -2.90401e-17 10.5513 1.57691 -0.0768163 0.30029 -0.648185 -1.29193e-17 4.78644 0.715339 -0.867405 6.49107 32.7563 -1.8116e-17 4.82109 0.421791 -10.8661 -3.43486 15.174 -2.00958e-17 4.83041 0.765062 -21.249 2.7406 14.9021 1.23299 -7.60731 7.53374 28.4497 -3.79298 4.17706 12.9547 3.2495 -3.26872 -46.9084 -19.4396 -103.869 29.2081 0.0598081 0.137039 5.90272 -1.53247 -29.6778 24.234 0.0496219 0.113701 -8.82335 -51.9354 -2.31119 -1.23299 -7.60729 7.53365 -24.1314 -8.67724 -8.44636 -12.9547 3.2495 -3.26872 48.995 -10.635 72.7497 -29.2081 0.0598081 0.137039 -11.832 -9.80688 79.8385 -24.234 0.0496218 0.113702 -38.7492 -69.9616 -33.682 9.23673 -4.20556 2.0327 10.8535 -2.89015 20.7024 -0.852353 -38.7721 -0.655187 -2.84202 10.5485 0.0777319 -2.32622 -40.4017 -6.04875 -15.6002 3.34465 18.742 0.779096 -9.8844 12.4959 -1.54423e-15 -8.68579e-16 8.58642e-17 -9.23673 -4.20556 2.0327 12.2963 -26.9565 61.4421 0.852353 -38.7721 -0.655187 3.8346 14.1293 -0.22738 2.32622 -40.4017 -6.04875 3.38016 7.56967 -15.2967 -0.779096 -9.8844 12.4959 -1.02926e-15 -5.45112e-16 -1.27207e-14 
-2.95201 92.4239 37.9659 9.89834 4.4498 -51.0974 0 5.07867 -1.15138 -3.68439 -1.11963 -5.65172 0 5.61661 1.07143 -2.38709 -0.252667 -6.70379 -1.02604e-17 5.98978 0.11501 -1.44199 0.755299 -6.66331 -1.10457e-17 6.50583 -0.443523 -0.238977 2.71428 -7.00059 -1.97295e-17 7.60548 -1.50593 -0.714518 3.66921 -6.54797 -2.53307e-17 9.49737 -0.914492 -2.20877 4.68635 -6.48116 -2.90401e-17 10.5513 1.57691 -0.0438054 0.304243 -0.643558 -1.29193e-17 4.78644 0.715339 -2.13126 8.29097 32.9964 -1.8116e-17 4.82109 0.421791 -11.2493 -3.47576 15.2665 -2.00958e-17 4.83041 0.765062 -22.068 0.0139831 16.3981 1.23299 -7.60731 7.53374 32.5038 -3.61963 9.60045 12.9547 3.2495 -3.26872 -40.0507 -35.1038 -103.923 29.2081 0.0598081 0.137039 6.03324 -1.60702 -30.3987 24.234 0.0496219 0.113701 -9.18208 -71.1203 1.68793 -1.23299 -7.60729 7.53365 -25.3859 -7.82326 -13.2859 -12.9547 3.2495 -3.26872 49.9929 -28.3867 81.0313 -29.2081 0.0598081 0.137039 -11.7613 -9.45818 78.1363 -24.234 0.0496218 0.113702 -88.6616 -74.8949 -90.386 9.23673 -4.20556 2.0327 10.7655 -2.30668 21.5358 -0.852353 -38.7721 -0.655187 -2.86019 10.6148 0.0799104 -2.32622 -40.4017 -6.04875 -16.2266 4.21057 18.3367 0.779096 -9.8844 12.4959 1.16809e-15 -7.47651e-16 -3.50639e-17 -9.23673 -4.20556 2.0327 12.6142 -26.7248 62.524 0.852353 -38.7721 -0.655187 3.94908 14.5364 -0.248606 2.32622 -40.4017 -6.04875 3.69849 8.06241 -15.2898 -0.779096 -9.8844 12.4959 -1.77493e-15 -5.10048e-16 -1.26978e-14 
-2.96697 92.4886 37.9753 9.72342 4.22955 -51.9107 0 5.07867 -1.15138 -3.50763 -0.328517 -5.66051 0 5.61661 1.07143 -2.18717 0.48536 -6.79958 -1.02604e-17 5.98978 0.11501 -1.28337 1.09369 -6.83699 -1.10457e-17 6.50583 -0.443523 -0.109489 2.56817 -7.21878 -1.97295e-17 7.60548 -1.50593 -0.641563 3.05444 -6.77741 -2.53307e-17 9.49737 -0.914492 -2.13867 3.77422 -6.71742 -2.90401e-17 10.5513 1.57691 -0.0255507 0.148591 -0.639785 -1.29193e-17 4.78644 0.715339 -0.97921 7.28589 34.8283 -1.8116e-17 4.82109 0.421791 -9.89884 -4.04015 16.3519 -2.00958e-17 4.83041 0.765062 -23.4844 3.0681 15.5006 1.23299 -7.60731 7.53374 32.3628 -2.33881 6.51753 12.9547 3.2495 -3.26872 -38.7567 -40.2828 -102.422 29.2081 0.0598081 0.137039 5.34347 -1.23691 -26.6423 24.234 0.0496219 0.113701 -19.2184 -69.856 -11.4655 -1.23299 -7.60729 7.53365 -24.943 -7.74869 -12.1365 -12.9547 3.2495 -3.26872 50.4082 -31.4237 80.775 -29.2081 0.0598081 0.137039 -11.6815 -9.11721 76.462 -24.234 0.0496218 0.113702 -80.9437 -77.2443 -81.0569 9.23673 -4.20556 2.0327 10.6097 -2.07379 19.7602 -0.852353 -38.7721 -0.655187 -2.85342 10.5901 0.079096 -2.32622 -40.4017 -6.04875 -15.9445 4.42297 18.4709 0.779096 -9.8844 12.4959 -1.90647e-15 -8.79678e-16 9.69632e-17 -9.23673 -4.20556 2.0327 13.2253 -26.662 62.2767 0.852353 -38.7721 -0.655187 4.0598 14.9288 -0.269904 2.32622 -40.4017 -6.04875 4.16298 8.34044 -15.5277 -0.779096 -9.8844 12.4959 -3.74158e-15 -4.23963e-16 -1.26119e-14 
-2.96132 92.5329 37.9041 9.33715 4.03707 -52.7583 0 5.07867 -1.15138 -3.11351 -0.650695 -5.7321 0 5.61661 1.07143 -1.78806 0.279401 -6.83236 -1.02604e-17 5.98978 0.11501 -0.954819 1.10392 -6.86298 -1.10457e-17 6.50583 -0.443523 0.175511 2.90906 -7.25208 -1.97295e-17 7.60548 -1.50593 -0.45733 3.55729 -6.84964 -2.53307e-17 9.49737 -0.914492 -2.05697 4.25126 -6.77945 -2.90401e-17 10.5513 1.57691 -0.00842357 0.0267668 -0.630644 -1.29193e-17 4.78644 0.715339 -0.539534 6.6213 34.1488 -1.8116e-17 4.82109 0.421791 -10.2062 -3.25695 15.8993 -2.00958e-17 4.83041 0.765062 -25.2545 2.5838 16.2996 1.23299 -7.60731 7.53374 31.1882 -3.06573 4.9224 12.9547 3.2495 -3.26872 -45.4229 -37.7079 -105.055 29.2081 0.0598081 0.137039 5.2313 -1.1821 -26.0429 24.234 0.0496219 0.113701 -17.8669 -60.9683 -13.3125 -1.23299 -7.60729 7.53365 -24.2498 -8.7271 -11.7851 -12.9547 3.2495 -3.26872 51.4649 -33.0788 84.9724 -29.2081 0.0598081 0.137039 -11.6446 -8.973 75.7507 -24.234 0.0496218 0.113702 -62.6557 -75.1473 -63.0879 9.23673 -4.20556 2.0327 11.0981 -1.87623 19.9779 -0.852353 -38.7721 -0.655187 -3.09026 11.4519 0.109324 -2.32622 -40.4017 -6.04875 -16.4829 4.65146 18.6543 0.779096 -9.8844 12.4959 1.94203e-15 -7.11262e-16 -7.14527e-17 -9.23673 -4.20556 2.0327 13.5948 -25.977 63.1031 0.852353 -38.7721 -0.655187 3.93901 14.5007 -0.246707 2.32622 -40.4017 -6.04875 3.65915 8.94117 -15.4006 -0.779096 -9.8844 12.4959 -2.9959e-15 -4.59027e-16 -1.26348e-14 
-2.95113 92.556 37.8399 9.11226 3.703 -53.564 0 5.07867 -1.15138 -2.79555 -0.169493 -5.80616 0 5.61661 1.07143 -1.45637 0.640391 -6.87654 -1.02604e-17 5.98978 0.11501 -0.720307 1.18166 -6.91219 -1.10457e-17 6.50583 -0.443523 0.283258 2.51988 -7.30629 -1.97295e-17 7.60548 -1.50593 -0.489356 2.77727 -6.91144 -2.53307e-17 9.49737 -0.914492 -2.22176 3.12316 -6.71216 -2.90401e-17 10.5513 1.57691 -0.0883953 0.0664043 -0.601515 -1.29193e-17 4.78644 0.715339 0.395573 5.18443 34.9162 -1.8116e-17 4.82109 0.421791 -10.0461 -3.47091 16.2656 -2.00958e-17 4.83041 0.765062 -24.5262 5.63206 16.6035 1.23299 -7.60731 7.53374 30.6762 -2.88264 4.13194 12.9547 3.2495 -3.26872 -53.5448 -33.6115 -107.599 29.2081 0.0598081 0.137039 5.98389 -1.57858 -30.1256 24.234 0.0496219 0.113701 -15.0722 -52.8129 -10.0987 -1.23299 -7.60729 7.53365 -24.3349 -8.63903 -10.2677 -12.9547 3.2495 -3.26872 52.6169 -31.6298 84.3362 -29.2081 0.0598081 0.137039 -11.7428 -9.37483 77.7277 -24.234 0.0496218 0.113702 -45.8333 -71.4258 -45.463 9.23673 -4.20556 2.0327 10.9809 -1.51804 19.3751 -0.852353 -38.7721 -0.655187 -3.13437 11.6119 0.115348 -2.32622 -40.4017 -6.04875 -16.7602 4.77738 18.9694 0.779096 -9.8844 12.4959 2.4032e-15 -6.95967e-16 -8.67475e-17 -9.23673 -4.20556 2.0327 13.8791 -25.6539 63.7549 0.852353 -38.7721 -0.655187 3.98076 14.6488 -0.254622 2.32622 -40.4017 -6.04875 3.90587 9.31619 -15.3704 -0.779096 -9.8844 12.4959 -2.4825e-16 -5.81722e-16 -1.27573e-14 
-2.92465 92.5337 37.7903 9.05794 3.43947 -54.3139 0 5.07867 -1.15138 -2.64652 -0.11091 -5.83648 0 5.61661 1.07143 -1.30636 0.684893 -6.88431 -1.02604e-17 5.98978 0.11501 -0.605982 1.17859 -6.92125 -1.10457e-17 6.50583 -0.443523 0.357627 2.42782 -7.32022 -1.97295e-17 7.60548 -1.50593 -0.461088 2.57078 -6.93352 -2.53307e-17 9.49737 -0.914492 -2.22402 2.7888 -6.6911 -2.90401e-17 10.5513 1.57691 -0.104658 0.0464442 -0.584654 -1.29193e-17 4.78644 0.715339 1.06061 4.24634 35.5169 -1.8116e-17 4.82109 0.421791 -9.84035 -3.65868 16.6144 -2.00958e-17 4.83041 0.765062 -24.5223 7.7305 16.2771 1.23299 -7.60731 7.53374 29.7302 -2.80782 3.17324 12.9547 3.2495 -3.26872 -56.6945 -31.873 -107.49 29.2081 0.0598081 0.137039 6.78089 -2.07796 -34.6338 24.234 0.0496219 0.113701 -13.0561 -48.3808 -8.6225 -1.23299 -7.60729 7.53365 -23.6148 -8.93034 -9.32133 -12.9547 3.2495 -3.26872 53.8222 -30.8168 85.9155 -29.2081 0.0598081 0.137039 -11.7931 -9.6082 78.8695 -24.234 0.0496218 0.113702 -35.4972 -66.5744 -35.3213 9.23673 -4.20556 2.0327 10.9615 -1.37869 19.5582 -0.852353 -38.7721 -0.655187 -3.2679 12.0953 0.134333 -2.32622 -40.4017 -6.04875 -16.707 4.89853 19.0019 0.779096 -9.8844 12.4959 3.97228e-15 -6.22527e-16 -1.60188e-16 -9.23673 -4.20556 2.0327 14.1465 -25.3331 64.5661 0.852353 -38.7721 -0.655187 4.00845 14.747 -0.259933 2.32622 -40.4017 -6.04875 3.33235 9.43494 -15.283 -0.779096 -9.8844 12.4959 -2.5418e-15 -4.86304e-16 -1.26619e-14 
-2.89569 92.4941 37.6918 8.8428 3.22014 -55.0941 0 5.07867 -1.15138 -2.56512 -0.133533 -5.92438 0 5.61661 1.07143 -1.2023 0.677097 -6.95133 -1.02604e-17 5.98978 0.11501 -0.509461 1.14133 -6.98377 -1.10457e-17 6.50583 -0.443523 0.444606 2.33175 -7.39643 -1.97295e-17 7.60548 -1.50593 -0.414156 2.42559 -7.00413 -2.53307e-17 9.49737 -0.914492 -2.22375 2.60554 -6.7214 -2.90401e-17 10.5513 1.57691 -0.136235 0.0488554 -0.556453 -1.29193e-17 4.78644 0.715339 1.33161 3.7773 35.521 -1.8116e-17 4.82109 0.421791 -9.66204 -3.52687 16.6318 -2.00958e-17 4.83041 0.765062 -24.6938 8.40133 16.666 1.23299 -7.60731 7.53374 29.8624 -2.88484 3.83178 12.9547 3.2495 -3.26872 -57.856 -32.4137 -107.061 29.2081 0.0598081 0.137039 7.43042 -2.55409 -38.4887 24.234 0.0496219 0.113701 -11.644 -48.414 -7.46146 -1.23299 -7.60729 7.53365 -23.4531 -8.88447 -9.30176 -12.9547 3.2495 -3.26872 54.4507 -33.1537 87.8685 -29.2081 0.0598081 0.137039 -11.7414 -9.369 77.699 -24.234 0.0496218 0.113702 -31.3567 -65.5536 -30.9644 9.23673 -4.20556 2.0327 11.1513 -1.26478 19.5344 -0.852353 -38.7721 -0.655187 -3.46519 12.8068 0.164445 -2.32622 -40.4017 -6.04875 -16.8576 4.95366 19.0516 0.779096 -9.8844 12.4959 3.21954e-15 -6.57812e-16 -1.24903e-16 -9.23673 -4.20556 2.0327 14.4539 -24.9582 65.1152 0.852353 -38.7721 -0.655187 4.0178 14.7801 -0.261736 2.32622 -40.4017 -6.04875 3.32876 9.55784 -15.2821 -0.779096 -9.8844 12.4959 -2.1937e-15 -4.96741e-16 -1.26723e-14 
-2.86106 92.4677 37.5698 8.40702 3.03536 -55.9533 0 5.07867 -1.15138 -2.37505 0.200952 -5.97145 0 5.61661 1.07143 -1.00236 0.952127 -6.99641 -1.02604e-17 5.98978 0.11501 -0.352151 1.26555 -7.04567 -1.10457e-17 6.50583 -0.443523 0.553387 2.21768 -7.47179 -1.97295e-17 7.60548 -1.50593 -0.372461 2.07373 -7.09073 -2.53307e-17 9.49737 -0.914492 -2.22671 2.06285 -6.77082 -2.90401e-17 10.5513 1.57691 -0.150137 0.0356076 -0.541528 -1.29193e-17 4.78644 0.715339 2.03763 3.07041 36.346 -1.8116e-17 4.82109 0.421791 -9.08131 -3.76928 17.0962 -2.00958e-17 4.83041 0.765062 -25.0249 10.4853 16.4438 1.23299 -7.60731 7.53374 29.7024 -2.42823 2.55477 12.9547 3.2495 -3.26872 -60.6077 -32.0621 -106.844 29.2081 0.0598081 0.137039 7.73589 -2.80236 -40.3709 24.234 0.0496219 0.113701 -12.1307 -44.6451 -9.23814 -1.23299 -7.60729 7.53365 -23.2053 -8.86062 -8.40387 -12.9547 3.2495 -3.26872 54.6316 -32.7616 89.2192 -29.2081 0.0598081 0.137039 -11.7442 -9.38141 77.7598 -24.234 0.0496218 0.113702 -26.6776 -61.3518 -25.3071 9.23673 -4.20556 2.0327 11.3222 -0.922453 18.9926 -0.852353 -38.7721 -0.655187 -3.59702 13.2802 0.185926 -2.32622 -40.4017 -6.04875 -16.6493 4.81231 19.143 0.779096 -9.8844 12.4959 -2.26164e-15 -8.90335e-16 1.07621e-16 -9.23673 -4.20556 2.0327 14.9355 -24.4781 65.2937 0.852353 -38.7721 -0.655187 4.02029 14.7889 -0.262217 2.32622 -40.4017 -6.04875 3.37683 9.816 -15.2933 -0.779096 -9.8844 12.4959 3.28041e-15 -7.28823e-16 -1.29044e-14 
-2.81592 92.4172 37.4528 8.11956 2.78404 -56.688 0 5.07867 -1.15138 -2.72279 -1.281 -5.90534 0 5.61661 1.07143 -1.40614 -0.288759 -6.88225 -1.02604e-17 5.98978 0.11501 -0.630186 0.603637 -6.85229 -1.10457e-17 6.50583 -0.443523 0.406981 2.35344 -7.28378 -1.97295e-17 7.60548 -1.50593 -0.33241 3.14372 -6.82461 -2.53307e-17 9.49737 -0.914492 -2.07028 3.94891 -6.62737 -2.90401e-17 10.5513 1.57691 -0.119179 0.183632 -0.57435 -1.29193e-17 4.78644 0.715339 -0.68594 6.15596 33.6059 -1.8116e-17 4.82109 0.421791 -10.4597 -2.28923 15.7232 -2.00958e-17 4.83041 0.765062 -24.9439 4.43358 16.1486 1.23299 -7.60731 7.53374 31.8521 -3.62598 9.31386 12.9547 3.2495 -3.26872 -55.5615 -43.2818 -108.908 29.2081 0.0598081 0.137039 8.08634 -3.1086 -42.5948 24.234 0.0496219 0.113701 -6.71665 -63.7421 -1.9795 -1.23299 -7.60729 7.53365 -24.1936 -7.84411 -13.4551 -12.9547 3.2495 -3.26872 60.394 -42.6406 96.8577 -29.2081 0.0598081 0.137039 -11.8904 -10.1457 81.4852 -24.234 0.0496218 0.113702 -42.5335 -64.9654 -48.1812 9.23673 -4.20556 2.0327 11.4801 -0.438876 19.2176 -0.852353 -38.7721 -0.655187 -3.72892 13.7523 0.208508 -2.32622 -40.4017 -6.04875 -16.5097 5.33713 18.6689 0.779096 -9.8844 12.4959 5.4494e-15 -5.65048e-16 -2.17667e-16 -9.23673 -4.20556 2.0327 15.1595 -23.9027 65.9212 0.852353 -38.7721 -0.655187 4.01167 14.7584 -0.260554 2.32622 -40.4017 -6.04875 2.60861 10.5672 -15.0227 -0.779096 -9.8844 12.4959 -1.30664e-15 -5.37769e-16 -1.27133e-14 
-2.79835 92.3797 37.3987 8.10593 2.56113 -57.3341 0 5.07867 -1.15138 -2.96987 -0.482052 -5.80225 0 5.61661 1.07143 -1.64611 0.403386 -6.90006 -1.02604e-17 5.98978 0.11501 -0.832137 0.82303 -6.92618 -1.10457e-17 6.50583 -0.443523 0.245629 2.0539 -7.386 -1.97295e-17 7.60548 -1.50593 -0.432623 2.38653 -6.91037 -2.53307e-17 9.49737 -0.914492 -2.07573 2.99266 -6.73589 -2.90401e-17 10.5513 1.57691 -0.1352 0.0842749 -0.604713 -1.29193e-17 4.78644 0.715339 0.0575726 5.83176 34.6945 -1.8116e-17 4.82109 0.421791 -8.29549 -3.12256 16.4462 -2.00958e-17 4.83041 0.765062 -25.1683 6.66263 15.4234 1.23299 -7.60731 7.53374 33.2755 -2.30142 7.45047 12.9547 3.2495 -3.26872 -58.8257 -46.0854 -113.853 29.2081 0.0598081 0.137039 7.58751 -2.67969 -39.4505 24.234 0.0496219 0.113701 -9.54307 -62.0772 -5.2201 -1.23299 -7.60729 7.53365 -24.7013 -7.28603 -12.4647 -12.9547 3.2495 -3.26872 61.6703 -44.2899 94.0221 -29.2081 0.0598081 0.137039 -11.9508 -10.5821 83.5976 -24.234 0.0496218 0.113702 -40.1156 -64.2802 -44.9083 9.23673 -4.20556 2.0327 11.2118 -0.534028 17.6046 -0.852353 -38.7721 -0.655187 -3.78504 13.9526 0.218443 -2.32622 -40.4017 -6.04875 -16.8982 4.96999 19.054 0.779096 -9.8844 12.4959 7.15281e-15 -4.85863e-16 -2.96851e-16 -9.23673 -4.20556 2.0327 15.5888 -24.3012 65.0594 0.852353 -38.7721 -0.655187 4.25409 15.6144 -0.309098 2.32622 -40.4017 -6.04875 4.04398 10.2795 -15.4187 -0.779096 -9.8844 12.4959 -2.56299e-15 -4.85422e-16 -1.2661e-14 
-2.74599 92.2818 37.3286 8.23303 2.4226 -57.8963 0 5.07867 -1.15138 -2.8196 -0.861044 -5.81849 0 5.61661 1.07143 -1.4969 0.186742 -6.9381 -1.02604e-17 5.98978 0.11501 -0.699264 0.825811 -6.9932 -1.10457e-17 6.50583 -0.443523 0.408268 2.45363 -7.48075 -1.97295e-17 7.60548 -1.50593 -0.299155 3.01303 -7.01856 -2.53307e-17 9.49737 -0.914492 -1.96351 3.72746 -6.89116 -2.90401e-17 10.5513 1.57691 -0.100986 -0.121596 -0.596861 -1.29193e-17 4.78644 0.715339 0.420559 5.19392 33.6164 -1.8116e-17 4.82109 0.421791 -8.78809 -2.50675 15.7959 -2.00958e-17 4.83041 0.765062 -26.3002 5.27581 16.2384 1.23299 -7.60731 7.53374 32.4914 -3.00246 6.30189 12.9547 3.2495 -3.26872 -58.7537 -46.6068 -114.416 29.2081 0.0598081 0.137039 6.98615 -2.22125 -35.8323 24.234 0.0496219 0.113701 -12.4742 -58.6905 -12.7764 -1.23299 -7.60729 7.53365 -23.5823 -8.2224 -12.6185 -12.9547 3.2495 -3.26872 60.2368 -46.6269 97.2943 -29.2081 0.0598081 0.137039 -11.7797 -9.54415 78.5568 -24.234 0.0496218 0.113702 -33.6369 -64.7334 -35.7541 9.23673 -4.20556 2.0327 11.3419 -0.956463 17.66 -0.852353 -38.7721 -0.655187 -4.09768 15.0628 0.277365 -2.32622 -40.4017 -6.04875 -16.8844 4.94263 18.9057 0.779096 -9.8844 12.4959 6.0096e-15 -5.3335e-16 -2.49365e-16 -9.23673 -4.20556 2.0327 15.6496 -24.083 65.7915 0.852353 -38.7721 -0.655187 4.23137 15.5344 -0.304396 2.32622 -40.4017 -6.04875 2.78988 9.92381 -15.2119 -0.779096 -9.8844 12.4959 5.39785e-16 -6.18771e-16 -1.27943e-14 
-2.68124 92.1604 37.2656 8.37942 2.38678 -58.3906 0 5.07867 -1.15138 -2.60274 -0.342051 -5.92181 0 5.61661 1.07143 -1.27426 0.56068 -7.0629 -1.02604e-17 5.98978 0.11501 -0.539312 0.895474 -7.13985 -1.10457e-17 6.50583 -0.443523 0.486445 2.06473 -7.64437 -1.97295e-17 7.60548 -1.50593 -0.332555 2.23904 -7.17413 -2.53307e-17 9.49737 -0.914492 -2.103 2.65245 -6.97784 -2.90401e-17 10.5513 1.57691 -0.151153 -0.0989736 -0.572647 -1.29193e-17 4.78644 0.715339 1.33353 3.96883 34.0236 -1.8116e-17 4.82109 0.421791 -8.26464 -2.68724 16.0032 -2.00958e-17 4.83041 0.765062 -25.9073 7.42262 16.9685 1.23299 -7.60731 7.53374 32.4129 -2.46184 5.06892 12.9547 3.2495 -3.26872 -64.4604 -44.2174 -117.054 29.2081 0.0598081 0.137039 7.44268 -2.56374 -38.5633 24.234 0.0496219 0.113701 -11.945 -53.0666 -11.1748 -1.23299 -7.60729 7.53365 -23.8689 -7.92009 -11.3348 -12.9547 3.2495 -3.26872 61.0586 -46.2044 96.5799 -29.2081 0.0598081 0.137039 -11.8746 -10.048 81.0113 -24.234 0.0496218 0.113702 -30.0088 -61.4792 -31.953 9.23673 -4.20556 2.0327 11.1355 -1.33046 16.1779 -0.852353 -38.7721 -0.655187 -4.22759 15.5211 0.303617 -2.32622 -40.4017 -6.04875 -16.9039 4.16338 19.0286 0.779096 -9.8844 12.4959 -8.06955e-15 -1.14439e-15 3.61673e-16 -9.23673 -4.20556 2.0327 15.6696 -24.3994 65.4803 0.852353 -38.7721 -0.655187 4.30597 15.7967 -0.319955 2.32622 -40.4017 -6.04875 3.30038 9.17857 -15.2921 -0.779096 -9.8844 12.4959 -4.48012e-15 -4.01547e-16 -1.25771e-14 
-2.61242 92.0417 37.187 8.38358 2.26355 -59.0923 0 5.07867 -1.15138 -2.34613 -0.696947 -5.26982 0 5.61661 1.07143 -1.18673 0.172893 -6.35415 -1.02604e-17 5.98978 0.11501 -0.54299 0.672177 -6.40962 -1.10457e-17 6.50583 -0.443523 0.340619 1.93377 -6.87099 -1.97295e-17 7.60548 -1.50593 -0.370705 2.30835 -6.43543 -2.53307e-17 9.49737 -0.914492 -1.98889 2.67351 -6.31027 -2.90401e-17 10.5513 1.57691 -0.12419 0.116687 -0.653214 -1.29193e-17 4.78644 0.715339 0.499981 5.12155 32.2105 -1.8116e-17 4.82109 0.421791 -8.82248 -1.82261 15.1725 -2.00958e-17 4.83041 0.765062 -25.2636 6.75193 14.4057 1.23299 -7.60731 7.53374 32.7037 -3.30237 6.64032 12.9547 3.2495 -3.26872 -66.48 -44.2199 -120.313 29.2081 0.0598081 0.137039 7.98468 -3.01728 -41.942 24.234 0.0496219 0.113701 -7.37262 -57.5235 -7.16462 -1.23299 -7.60729 7.53365 -25.1021 -7.34258 -12.0039 -12.9547 3.2495 -3.26872 57.8524 -32.9834 86.2579 -29.2081 0.0598081 0.137039 -12.0325 -12.1479 91.1456 -24.234 0.0496218 0.113702 -21.4141 -46.6327 -20.3401 9.23673 -4.20556 2.0327 10.9485 -1.38657 15.1508 -0.852353 -38.7721 -0.655187 -4.36193 15.9931 0.331849 -2.32622 -40.4017 -6.04875 -15.9624 3.60312 18.889 0.779096 -9.8844 12.4959 -9.04643e-16 -8.38156e-16 5.54415e-17 -9.23673 -4.20556 2.0327 16.0511 -24.3223 65.4641 0.852353 -38.7721 -0.655187 4.40427 16.1414 -0.340973 2.32622 -40.4017 -6.04875 1.78966 9.30347 -15.0075 -0.779096 -9.8844 12.4959 -1.83856e-15 -5.07397e-16 -1.26952e-14 
-2.56213 91.9203 37.1224 8.2707 2.13532 -59.9023 0 5.07867 -1.15138 -2.34168 -0.396689 -5.02887 0 5.61661 1.07143 -1.27397 0.359509 -6.20523 -1.02604e-17 5.98978 0.11501 -0.691202 0.669907 -6.25358 -1.10457e-17 6.50583 -0.443523 0.101775 1.6263 -6.69611 -1.97295e-17 7.60548 -1.50593 -0.588724 1.79251 -6.27245 -2.53307e-17 9.49737 -0.914492 -2.22418 2.00782 -6.1956 -2.90401e-17 10.5513 1.57691 -0.162909 0.357305 -0.838816 -1.29193e-17 4.78644 0.715339 0.342275 5.3292 31.5382 -1.8116e-17 4.82109 0.421791 -8.4262 -1.82759 14.8615 -2.00958e-17 4.83041 0.765062 -24.1386 6.3735 14.5434 1.23299 -7.60731 7.53374 34.3926 -3.13582 6.07295 12.9547 3.2495 -3.26872 -73.0221 -39.6197 -124.55 29.2081 0.0598081 0.137039 8.34167 -3.34742 -44.2645 24.234 0.0496219 0.113701 -6.9342 -52.0738 -4.65709 -1.23299 -7.60729 7.53365 -27.0675 -6.69037 -11.7631 -12.9547 3.2495 -3.26872 59.7761 -6.71114 75.3369 -29.2081 0.0598081 0.137039 -11.7271 -14.6115 103.202 -24.234 0.0496218 0.113702 -14.4954 -22.4186 -6.42165 9.23673 -4.20556 2.0327 10.9849 -1.1514 15.7623 -0.852353 -38.7721 -0.655187 -4.45252 16.3102 0.351505 -2.32622 -40.4017 -6.04875 -16.4161 2.79013 19.1182 0.779096 -9.8844 12.4959 7.91702e-16 -7.59192e-16 -2.35222e-17 -9.23673 -4.20556 2.0327 16.6955 -24.2847 66.1782 0.852353 -38.7721 -0.655187 4.58837 16.784 -0.381909 2.32622 -40.4017 -6.04875 1.4438 9.26854 -14.9737 -0.779096 -9.8844 12.4959 1.63429e-16 -5.94807e-16 -1.27706e-14 
-2.4796 91.7989 37.0552 8.19443 1.96967 -60.517 0 5.07867 -1.15138 -2.32872 -0.353924 -4.9438 0 5.61661 1.07143 -1.28897 0.433045 -6.15436 -1.02604e-17 5.98978 0.11501 -0.741096 0.742426 -6.2098 -1.10457e-17 6.50583 -0.443523 0.0251431 1.72192 -6.64944 -1.97295e-17 7.60548 -1.50593 -0.678623 1.78943 -6.26096 -2.53307e-17 9.49737 -0.914492 -2.34496 2.01554 -6.23212 -2.90401e-17 10.5513 1.57691 -0.178887 0.369307 -0.955126 -1.29193e-17 4.78644 0.715339 0.822158 4.54616 32.2193 -1.8116e-17 4.82109 0.421791 -8.4729 -2.02328 15.2518 -2.00958e-17 4.83041 0.765062 -23.5077 7.33863 13.6724 1.23299 -7.60731 7.53374 34.7906 -3.48431 5.21729 12.9547 3.2495 -3.26872 -75.0462 -37.2037 -125.798 29.2081 0.0598081 0.137039 8.50277 -3.50548 -45.3419 24.234 0.0496219 0.113701 -6.31325 -47.3818 -4.81492 -1.23299 -7.60729 7.53365 -27.4629 -6.70211 -11.0489 -12.9547 3.2495 -3.26872 59.3832 4.43955 71.6821 -29.2081 0.0598081 0.137039 -11.3084 -15.983 110.21 -24.234 0.0496218 0.113702 -13.9941 -8.80645 -3.2806 9.23673 -4.20556 2.0327 10.8991 -0.938391 16.0186 -0.852353 -38.7721 -0.655187 -4.54437 16.6308 0.371942 -2.32622 -40.4017 -6.04875 -16.709 2.18572 19.1415 0.779096 -9.8844 12.4959 -1.523e-15 -8.67694e-16 8.49795e-17 -9.23673 -4.20556 2.0327 16.6728 -23.9212 66.6823 0.852353 -38.7721 -0.655187 4.56209 16.6925 -0.375941 2.32622 -40.4017 -6.04875 0.888704 8.71368 -14.8904 -0.779096 -9.8844 12.4959 1.98785e-16 -5.96354e-16 -1.27719e-14 
-2.37918 91.678 36.9978 8.13924 1.85326 -61.0555 0 5.07867 -1.15138 -2.17065 -0.0558501 -4.93774 0 5.61661 1.07143 -1.16036 0.682301 -6.17576 -1.02604e-17 5.98978 0.11501 -0.669664 0.873433 -6.24804 -1.10457e-17 6.50583 -0.443523 0.0423594 1.68641 -6.69405 -1.97295e-17 7.60548 -1.50593 -0.719488 1.52632 -6.32828 -2.53307e-17 9.49737 -0.914492 -2.4377 1.65721 -6.30987 -2.90401e-17 10.5513 1.57691 -0.191848 0.408214 -1.01553 -1.29193e-17 4.78644 0.715339 1.29098 3.73227 32.1513 -1.8116e-17 4.82109 0.421791 -8.48095 -2.2514 15.2319 -2.00958e-17 4.83041 0.765062 -23.3678 7.85296 14.291 1.23299 -7.60731 7.53374 34.8432 -3.5341 4.31778 12.9547 3.2495 -3.26872 -77.8137 -35.3461 -126.524 29.2081 0.0598081 0.137039 8.69439 -3.70145 -46.6499 24.234 0.0496219 0.113701 -7.22117 -42.4351 -6.09366 -1.23299 -7.60729 7.53365 -27.6228 -6.56211 -10.4481 -12.9547 3.2495 -3.26872 59.4166 10.4181 69.4632 -29.2081 0.0598081 0.137039 -10.9359 -16.8569 114.868 -24.234 0.0496218 0.113702 -13.0141 -0.185377 -0.927929 9.23673 -4.20556 2.0327 10.6736 -0.676723 15.7898 -0.852353 -38.7721 -0.655187 -4.544 16.6295 0.371857 -2.32622 -40.4017 -6.04875 -16.7731 1.2704 19.1936 0.779096 -9.8844 12.4959 -7.84433e-16 -8.33074e-16 5.03591e-17 -9.23673 -4.20556 2.0327 16.753 -23.8219 66.6554 0.852353 -38.7721 -0.655187 4.59805 16.8177 -0.384119 2.32622 -40.4017 -6.04875 0.494215 8.24609 -14.8395 -0.779096 -9.8844 12.4959 -5.82212e-16 -5.59745e-16 -1.27475e-14 
-2.25257 91.5516 36.9551 8.14373 1.73783 -61.4921 0 5.07867 -1.15138 -2.06872 -0.287253 -4.79724 0 5.61661 1.07143 -1.09333 0.520827 -5.98198 -1.02604e-17 5.98978 0.11501 -0.647563 0.829911 -6.02128 -1.10457e-17 6.50583 -0.443523 0.0107759 1.77375 -6.44108 -1.97295e-17 7.60548 -1.50593 -0.765714 1.62729 -6.10874 -2.53307e-17 9.49737 -0.914492 -2.48481 1.74679 -6.07162 -2.90401e-17 10.5513 1.57691 -0.201699 0.402307 -1.02162 -1.29193e-17 4.78644 0.715339 1.46749 3.33821 31.8503 -1.8116e-17 4.82109 0.421791 -8.27477 -1.93939 15.0704 -2.00958e-17 4.83041 0.765062 -23.4687 8.39216 13.5691 1.23299 -7.60731 7.53374 33.4736 -4.18374 3.9726 12.9547 3.2495 -3.26872 -79.4988 -30.086 -124.941 29.2081 0.0598081 0.137039 9.40024 -4.50884 -51.7655 24.234 0.0496219 0.113701 -7.73059 -37.0218 -5.9824 -1.23299 -7.60729 7.53365 -27.4571 -6.55703 -10.0196 -12.9547 3.2495 -3.26872 58.548 12.2466 67.4874 -29.2081 0.0598081 0.137039 -10.6355 -17.4408 118.093 -24.234 0.0496218 0.113702 -12.4145 5.48768 -0.349766 9.23673 -4.20556 2.0327 10.5265 -0.656115 15.7036 -0.852353 -38.7721 -0.655187 -4.62683 16.9177 0.390721 -2.32622 -40.4017 -6.04875 -16.8087 0.636892 19.0655 0.779096 -9.8844 12.4959 -1.94179e-15 -8.81223e-16 9.85084e-17 -9.23673 -4.20556 2.0327 16.7747 -23.6716 66.6947 0.852353 -38.7721 -0.655187 4.61411 16.8735 -0.387798 2.32622 -40.4017 -6.04875 -0.461598 7.81239 -14.7188 -0.779096 -9.8844 12.4959 1.74663e-15 -6.68909e-16 -1.28447e-14 
-2.11607 91.4405 36.9465 8.06029 1.5498 -61.7507 0 5.07867 -1.15138 -1.8761 -0.465271 -4.6151 0 5.61661 1.07143 -0.954958 0.351704 -5.70812 -1.02604e-17 5.98978 0.11501 -0.572823 0.748354 -5.70965 -1.10457e-17 6.50583 -0.443523 0.00913466 1.77565 -6.10622 -1.97295e-17 7.60548 -1.50593 -0.782146 1.65332 -5.79493 -2.53307e-17 9.49737 -0.914492 -2.4897 1.7467 -5.723 -2.90401e-17 10.5513 1.57691 -0.218983 0.454713 -1.00325 -1.29193e-17 4.78644 0.715339 1.08053 3.59542 30.5726 -1.8116e-17 4.82109 0.421791 -8.44125 -1.33483 14.3486 -2.00958e-17 4.83041 0.765062 -23.5446 7.82625 13.2582 1.23299 -7.60731 7.53374 32.9638 -4.88371 4.73221 12.9547 3.2495 -3.26872 -80.1749 -26.1554 -123.243 29.2081 0.0598081 0.137039 10.083 -5.45352 -57.3203 24.234 0.0496219 0.113701 -5.86647 -35.2601 -4.07852 -1.23299 -7.60729 7.53365 -27.3872 -6.40824 -9.99678 -12.9547 3.2495 -3.26872 58.4103 12.2708 65.6777 -29.2081 0.0598081 0.137039 -10.4558 -17.7537 119.867 -24.234 0.0496218 0.113702 -11.1592 8.92961 0.329957 9.23673 -4.20556 2.0327 10.3696 -0.54577 15.8395 -0.852353 -38.7721 -0.655187 -4.71011 17.2067 0.410103 -2.32622 -40.4017 -6.04875 -16.5566 0.162192 18.9226 0.779096 -9.8844 12.4959 1.55148e-15 -7.3567e-16 -4.70445e-17 -9.23673 -4.20556 2.0327 16.6019 -23.5473 66.5962 0.852353 -38.7721 -0.655187 4.63611 16.95 -0.392861 2.32622 -40.4017 -6.04875 -0.23388 7.0714 -14.8694 -0.779096 -9.8844 12.4959 -1.63429e-16 -5.85477e-16 -1.2761e-14 
-1.99806 91.3599 36.9697 7.81336 1.21694 -61.7562 0 5.07867 -1.15138 -1.86985 -0.362764 -4.59145 0 5.61661 1.07143 -0.95988 0.453369 -5.6794 -1.02604e-17 5.98978 0.11501 -0.597237 0.791249 -5.67689 -1.10457e-17 6.50583 -0.443523 -0.040922 1.73267 -6.07063 -1.97295e-17 7.60548 -1.50593 -0.837616 1.4938 -5.76215 -2.53307e-17 9.49737 -0.914492 -2.54274 1.52696 -5.66665 -2.90401e-17 10.5513 1.57691 -0.228435 0.474585 -1.01577 -1.29193e-17 4.78644 0.715339 1.24612 3.20889 30.7498 -1.8116e-17 4.82109 0.421791 -8.5653 -1.43615 14.3652 -2.00958e-17 4.83041 0.765062 -22.9263 8.83718 13.0254 1.23299 -7.60731 7.53374 33.3865 -4.79873 4.08938 12.9547 3.2495 -3.26872 -82.1407 -24.29 -122.841 29.2081 0.0598081 0.137039 10.3121 -5.8191 -59.3748 24.234 0.0496219 0.113701 -6.33307 -32.7337 -4.68736 -1.23299 -7.60729 7.53365 -27.4401 -6.33308 -9.52522 -12.9547 3.2495 -3.26872 58.2296 13.1506 64.7333 -29.2081 0.0598081 0.137039 -10.3307 -17.9588 121.049 -24.234 0.0496218 0.113702 -10.8418 12.2064 1.28307 9.23673 -4.20556 2.0327 10.0273 -0.119973 15.7472 -0.852353 -38.7721 -0.655187 -4.68484 17.1191 0.404177 -2.32622 -40.4017 -6.04875 -16.3946 -0.154186 18.7871 0.779096 -9.8844 12.4959 8.34129e-16 -7.57425e-16 -2.529e-17 -9.23673 -4.20556 2.0327 16.3724 -23.1987 66.6239 0.852353 -38.7721 -0.655187 4.70296 17.1819 -0.408422 2.32622 -40.4017 -6.04875 -0.668949 6.60577 -14.8594 -0.779096 -9.8844 12.4959 -1.98785e-16 -5.8393e-16 -1.27595e-14 
-1.95179 91.2833 36.9972 7.47404 0.953047 -61.7456 0 5.07867 -1.15138 -1.90057 -0.293399 -4.58904 0 5.61661 1.07143 -0.987586 0.572152 -5.69989 -1.02604e-17 5.98978 0.11501 -0.614183 0.882163 -5.71936 -1.10457e-17 6.50583 -0.443523 -0.0376381 1.82456 -6.12043 -1.97295e-17 7.60548 -1.50593 -0.813196 1.53311 -5.8266 -2.53307e-17 9.49737 -0.914492 -2.49367 1.59392 -5.7682 -2.90401e-17 10.5513 1.57691 -0.226159 0.404842 -1.03728 -1.29193e-17 4.78644 0.715339 1.66143 2.64859 31.0225 -1.8116e-17 4.82109 0.421791 -8.38929 -1.52227 14.5284 -2.00958e-17 4.83041 0.765062 -23.0529 9.77869 13.1921 1.23299 -7.60731 7.53374 33.8505 -4.70072 3.15232 12.9547 3.2495 -3.26872 -83.1618 -25.4183 -124.605 29.2081 0.0598081 0.137039 10.1173 -5.50652 -57.621 24.234 0.0496219 0.113701 -5.9758 -31.4599 -6.16232 -1.23299 -7.60729 7.53365 -26.9875 -6.4504 -8.77622 -12.9547 3.2495 -3.26872 56.8455 13.7305 64.7432 -29.2081 0.0598081 0.137039 -10.2666 -18.06 121.638 -24.234 0.0496218 0.113702 -11.3128 15.0111 2.14046 9.23673 -4.20556 2.0327 9.81937 0.358031 15.4546 -0.852353 -38.7721 -0.655187 -4.67658 17.0905 0.402249 -2.32622 -40.4017 -6.04875 -16.2407 -0.420998 18.6645 0.779096 -9.8844 12.4959 -7.42006e-16 -8.31085e-16 4.83703e-17 -9.23673 -4.20556 2.0327 16.0384 -22.668 66.4455 0.852353 -38.7721 -0.655187 4.68294 17.1125 -0.403732 2.32622 -40.4017 -6.04875 -0.920079 6.009 -14.8733 -0.779096 -9.8844 12.4959 -1.37028e-15 -5.35118e-16 -1.27107e-14 
-1.9277 91.1764 37.0384 7.3833 0.872667 -61.5569 0 5.07867 -1.15138 -1.97277 -0.297067 -4.62227 0 5.61661 1.07143 -1.04705 0.621149 -5.76417 -1.02604e-17 5.98978 0.11501 -0.65472 0.931836 -5.79004 -1.10457e-17 6.50583 -0.443523 -0.0513315 1.91199 -6.1903 -1.97295e-17 7.60548 -1.50593 -0.814681 1.59114 -5.90964 -2.53307e-17 9.49737 -0.914492 -2.48525 1.686 -5.87702 -2.90401e-17 10.5513 1.57691 -0.219535 0.336545 -1.04308 -1.29193e-17 4.78644 0.715339 2.11993 2.11771 31.4105 -1.8116e-17 4.82109 0.421791 -8.03935 -1.53584 14.7375 -2.00958e-17 4.83041 0.765062 -23.149 10.6502 13.247 1.23299 -7.60731 7.53374 33.4429 -4.6391 2.04164 12.9547 3.2495 -3.26872 -84.3539 -24.6758 -125.011 29.2081 0.0598081 0.137039 10.0369 -5.38339 -56.9207 24.234 0.0496219 0.113701 -7.49866 -28.6422 -8.46824 -1.23299 -7.60729 7.53365 -26.4461 -6.65415 -8.13159 -12.9547 3.2495 -3.26872 55.8891 13.8359 64.3742 -29.2081 0.0598081 0.137039 -10.2076 -18.1511 122.172 -24.234 0.0496218 0.113702 -11.8847 16.3636 2.8457 9.23673 -4.20556 2.0327 9.62634 0.595279 15.2266 -0.852353 -38.7721 -0.655187 -4.63754 16.9549 0.393189 -2.32622 -40.4017 -6.04875 -16.2052 -0.990417 18.5022 0.779096 -9.8844 12.4959 -5.84677e-15 -1.05207e-15 2.69351e-16 -9.23673 -4.20556 2.0327 15.7777 -22.4703 66.1545 0.852353 -38.7721 -0.655187 4.69104 17.1406 -0.405628 2.32622 -40.4017 -6.04875 -1.51 5.33572 -14.8525 -0.779096 -9.8844 12.4959 -2.19998e-16 -5.83046e-16 -1.27586e-14 
-1.85231 91.0831 37.0876 7.43779 0.927116 -61.2868 0 5.07867 -1.15138 -1.94611 -0.359572 -4.67667 0 5.61661 1.07143 -1.00525 0.570303 -5.80923 -1.02604e-17 5.98978 0.11501 -0.614115 0.904792 -5.82252 -1.10457e-17 6.50583 -0.443523 -0.00859049 1.93025 -6.21598 -1.97295e-17 7.60548 -1.50593 -0.787768 1.61328 -5.9454 -2.53307e-17 9.49737 -0.914492 -2.48053 1.71404 -5.91376 -2.90401e-17 10.5513 1.57691 -0.217658 0.336877 -1.03518 -1.29193e-17 4.78644 0.715339 2.2299 2.03422 31.4492 -1.8116e-17 4.82109 0.421791 -7.95759 -1.3239 14.7368 -2.00958e-17 4.83041 0.765062 -23.2833 10.9085 13.3563 1.23299 -7.60731 7.53374 33.2413 -4.73904 1.87962 12.9547 3.2495 -3.26872 -85.1229 -23.5502 -124.237 29.2081 0.0598081 0.137039 10.2444 -5.70803 -58.7555 24.234 0.0496219 0.113701 -7.6602 -27.2375 -8.20356 -1.23299 -7.60729 7.53365 -26.3181 -6.781 -7.82092 -12.9547 3.2495 -3.26872 55.7717 13.4005 63.7908 -29.2081 0.0598081 0.137039 -10.1627 -18.2192 122.574 -24.234 0.0496218 0.113702 -11.9472 16.1153 3.25111 9.23673 -4.20556 2.0327 9.53035 0.530156 15.0701 -0.852353 -38.7721 -0.655187 -4.64277 16.9731 0.394398 -2.32622 -40.4017 -6.04875 -16.0745 -1.53641 18.2879 0.779096 -9.8844 12.4959 -4.71783e-16 -8.11985e-16 2.92705e-17 -9.23673 -4.20556 2.0327 15.4201 -22.4796 65.8272 0.852353 -38.7721 -0.655187 4.65009 16.9985 -0.396091 2.32622 -40.4017 -6.04875 -1.4783 4.51459 -14.9646 -0.779096 -9.8844 12.4959 1.91709e-16 -5.96133e-16 -1.27717e-14 
-1.70849 91.0406 37.1214 7.44065 0.937922 -60.8561 0 5.07867 -1.15138 -1.95151 -0.426563 -4.69471 0 5.61661 1.07143 -1.0066 0.50822 -5.81359 -1.02604e-17 5.98978 0.11501 -0.613222 0.867404 -5.81247 -1.10457e-17 6.50583 -0.443523 -0.0059642 1.93307 -6.19681 -1.97295e-17 7.60548 -1.50593 -0.785373 1.62525 -5.93154 -2.53307e-17 9.49737 -0.914492 -2.48095 1.74611 -5.90216 -2.90401e-17 10.5513 1.57691 -0.213989 0.348492 -1.0277 -1.29193e-17 4.78644 0.715339 2.17974 2.12295 31.5093 -1.8116e-17 4.82109 0.421791 -8.01598 -1.19221 14.7497 -2.00958e-17 4.83041 0.765062 -23.0085 11.2137 13.181 1.23299 -7.60731 7.53374 33.1909 -4.7812 1.84962 12.9547 3.2495 -3.26872 -85.2542 -22.8365 -123.437 29.2081 0.0598081 0.137039 10.3645 -5.90703 -59.8624 24.234 0.0496219 0.113701 -7.43188 -27.0237 -7.99898 -1.23299 -7.60729 7.53365 -26.1445 -6.8381 -7.60118 -12.9547 3.2495 -3.26872 56.3927 13.1058 62.7236 -29.2081 0.0598081 0.137039 -10.1186 -18.285 122.963 -24.234 0.0496218 0.113702 -11.52 15.11 3.53098 9.23673 -4.20556 2.0327 9.38418 0.529884 15.0657 -0.852353 -38.7721 -0.655187 -4.59726 16.8149 0.383939 -2.32622 -40.4017 -6.04875 -15.8812 -1.96072 18.0878 0.779096 -9.8844 12.4959 -1.93469e-15 -8.8078e-16 9.80656e-17 -9.23673 -4.20556 2.0327 14.9473 -22.484 65.4473 0.852353 -38.7721 -0.655187 4.58697 16.7791 -0.381591 2.32622 -40.4017 -6.04875 -1.3775 3.91392 -15.0386 -0.779096 -9.8844 12.4959 -1.91709e-16 -5.84151e-16 -1.27597e-14 
-1.51673 91.022 37.1325 7.47196 0.893739 -60.3377 0 5.07867 -1.15138 -1.99489 -0.518492 -4.67824 0 5.61661 1.07143 -1.04785 0.442584 -5.78719 -1.02604e-17 5.98978 0.11501 -0.641987 0.838838 -5.78023 -1.10457e-17 6.50583 -0.443523 -0.0219433 1.97179 -6.15446 -1.97295e-17 7.60548 -1.50593 -0.780479 1.69894 -5.89636 -2.53307e-17 9.49737 -0.914492 -2.4553 1.85991 -5.88029 -2.90401e-17 10.5513 1.57691 -0.206179 0.332332 -1.01639 -1.29193e-17 4.78644 0.715339 2.17007 2.1439 31.4611 -1.8116e-17 4.82109 0.421791 -8.01025 -1.04297 14.7195 -2.00958e-17 4.83041 0.765062 -22.8531 11.4955 13.104 1.23299 -7.60731 7.53374 32.9936 -4.82811 1.6912 12.9547 3.2495 -3.26872 -85.0181 -22.448 -123.099 29.2081 0.0598081 0.137039 10.3135 -5.82141 -59.3877 24.234 0.0496219 0.113701 -7.43001 -27.2064 -8.53693 -1.23299 -7.60729 7.53365 -25.7739 -6.91279 -7.32316 -12.9547 3.2495 -3.26872 56.5176 12.6427 61.7577 -29.2081 0.0598081 0.137039 -10.0991 -18.3138 123.135 -24.234 0.0496218 0.113702 -11.4857 13.6709 3.42853 9.23673 -4.20556 2.0327 9.16493 0.490147 15.0875 -0.852353 -38.7721 -0.655187 -4.53922 16.6128 0.370782 -2.32622 -40.4017 -6.04875 -15.7126 -2.30837 17.9273 0.779096 -9.8844 12.4959 -1.05315e-17 -7.96687e-16 1.39719e-17 -9.23673 -4.20556 2.0327 14.423 -22.5276 65.1134 0.852353 -38.7721 -0.655187 4.53477 16.5973 -0.36978 2.32622 -40.4017 -6.04875 -1.42675 3.49367 -15.0748 -0.779096 -9.8844 12.4959 -5.89278e-16 -5.59524e-16 -1.27473e-14 
-1.27697 91.0006 37.129 7.46256 1.03968 -59.9233 0 5.07867 -1.15138 -1.98924 -0.610747 -4.64504 0 5.61661 1.07143 -1.04546 0.376489 -5.73358 -1.02604e-17 5.98978 0.11501 -0.636034 0.82689 -5.72015 -1.10457e-17 6.50583 -0.443523 -0.0109545 2.04733 -6.08301 -1.97295e-17 7.60548 -1.50593 -0.754465 1.83297 -5.83608 -2.53307e-17 9.49737 -0.914492 -2.41093 2.03458 -5.83254 -2.90401e-17 10.5513 1.57691 -0.19975 0.304048 -1.0011 -1.29193e-17 4.78644 0.715339 2.09549 2.25186 31.3506 -1.8116e-17 4.82109 0.421791 -8.01788 -0.924168 14.6674 -2.00958e-17 4.83041 0.765062 -22.8327 11.5634 13.0622 1.23299 -7.60731 7.53374 32.7011 -4.94839 1.57524 12.9547 3.2495 -3.26872 -84.5667 -21.9911 -122.805 29.2081 0.0598081 0.137039 10.2279 -5.6814 -58.6064 24.234 0.0496219 0.113701 -7.4793 -27.3216 -8.82272 -1.23299 -7.60729 7.53365 -25.2449 -7.06204 -7.01154 -12.9547 3.2495 -3.26872 56.9077 12.0073 61.0631 -29.2081 0.0598081 0.137039 -10.1209 -18.2816 122.943 -24.234 0.0496218 0.113702 -11.1696 11.6254 3.10182 9.23673 -4.20556 2.0327 9.16612 0.346553 15.3804 -0.852353 -38.7721 -0.655187 -4.51963 16.5445 0.366386 -2.32622 -40.4017 -6.04875 -15.4188 -2.83743 17.761 0.779096 -9.8844 12.4959 -7.56139e-16 -8.31747e-16 4.90328e-17 -9.23673 -4.20556 2.0327 14.0888 -22.6352 64.7934 0.852353 -38.7721 -0.655187 4.45022 16.3021 -0.350998 2.32622 -40.4017 -6.04875 -1.24698 3.17412 -15.1345 -0.779096 -9.8844 12.4959 -9.86847e-16 -5.46879e-16 -1.27227e-14 
-0.953859 91.0072 37.0804 7.16102 1.08978 -59.4844 0 5.07867 -1.15138 -2.04515 -0.49092 -4.7245 0 5.61661 1.07143 -1.06944 0.492128 -5.82042 -1.02604e-17 5.98978 0.11501 -0.646781 0.944828 -5.79099 -1.10457e-17 6.50583 -0.443523 -0.00977004 2.15675 -6.13927 -1.97295e-17 7.60548 -1.50593 -0.771294 1.89637 -5.90241 -2.53307e-17 9.49737 -0.914492 -2.45234 2.07416 -5.88144 -2.90401e-17 10.5513 1.57691 -0.194416 0.297614 -0.982954 -1.29193e-17 4.78644 0.715339 2.37068 1.95419 31.8282 -1.8116e-17 4.82109 0.421791 -7.91952 -1.14448 14.8734 -2.00958e-17 4.83041 0.765062 -22.6924 12.2757 13.402 1.23299 -7.60731 7.53374 31.7112 -4.851 0.604049 12.9547 3.2495 -3.26872 -85.4241 -19.1169 -120.167 29.2081 0.0598081 0.137039 10.3186 -5.82998 -59.4354 24.234 0.0496219 0.113701 -10.6427 -23.8991 -10.2845 -1.23299 -7.60729 7.53365 -24.6699 -7.38968 -6.42522 -12.9547 3.2495 -3.26872 57.3647 11.7264 61.1993 -29.2081 0.0598081 0.137039 -10.1796 -18.1937 122.423 -24.234 0.0496218 0.113702 -11.0278 9.27287 2.28924 9.23673 -4.20556 2.0327 9.22593 0.452931 15.838 -0.852353 -38.7721 -0.655187 -4.48416 16.4207 0.358486 -2.32622 -40.4017 -6.04875 -15.2787 -3.41196 17.6887 0.779096 -9.8844 12.4959 1.96316e-15 -7.10382e-16 -7.2333e-17 -9.23673 -4.20556 2.0327 13.8616 -22.4976 64.6033 0.852353 -38.7721 -0.655187 4.35896 15.9827 -0.331212 2.32622 -40.4017 -6.04875 -1.26935 3.19567 -15.1348 -0.779096 -9.8844 12.4959 -1.38442e-15 -5.34455e-16 -1.271e-14 
-0.533747 91.0219 37.0077 6.6781 0.952925 -58.7995 0 5.07867 -1.15138 -1.91171 -0.335856 -4.65944 0 5.61661 1.07143 -0.945259 0.585233 -5.68096 -1.02604e-17 5.98978 0.11501 -0.550816 1.04533 -5.63755 -1.10457e-17 6.50583 -0.443523 0.0425732 2.18489 -5.96346 -1.97295e-17 7.60548 -1.50593 -0.733728 1.90317 -5.7431 -2.53307e-17 9.49737 -0.914492 -2.41049 2.00466 -5.69012 -2.90401e-17 10.5513 1.57691 -0.205798 0.352418 -0.921551 -1.29193e-17 4.78644 0.715339 1.88748 2.54062 31.5003 -1.8116e-17 4.82109 0.421791 -8.28489 -0.899345 14.6992 -2.00958e-17 4.83041 0.765062 -22.5172 12.2043 13.0134 1.23299 -7.60731 7.53374 31.3401 -5.09369 1.40915 12.9547 3.2495 -3.26872 -83.3427 -18.3291 -118.046 29.2081 0.0598081 0.137039 10.5361 -6.2072 -61.5088 24.234 0.0496219 0.113701 -8.43093 -25.8961 -7.64817 -1.23299 -7.60729 7.53365 -24.33 -7.43021 -5.95437 -12.9547 3.2495 -3.26872 58.5344 9.9851 60.5407 -29.2081 0.0598081 0.137039 -10.347 -17.9326 120.897 -24.234 0.0496218 0.113702 -10.0135 5.56051 1.70596 9.23673 -4.20556 2.0327 9.24024 0.518776 15.7382 -0.852353 -38.7721 -0.655187 -4.53082 16.5835 0.368893 -2.32622 -40.4017 -6.04875 -14.6231 -3.69818 17.532 0.779096 -9.8844 12.4959 -1.11125e-15 -8.42402e-16 5.96879e-17 -9.23673 -4.20556 2.0327 13.1935 -22.1621 63.9832 0.852353 -38.7721 -0.655187 4.20006 15.4242 -0.297968 2.32622 -40.4017 -6.04875 -0.445547 2.94534 -15.2336 -0.779096 -9.8844 12.4959 -1.001e-15 -5.46437e-16 -1.2722e-14 
-0.097026 91.0017 36.9414 6.21219 0.899078 -58.072 0 5.07867 -1.15138 -1.838 -0.29233 -4.41605 0 5.61661 1.07143 -0.926307 0.610724 -5.36231 -1.02604e-17 5.98978 0.11501 -0.555022 1.10111 -5.30978 -1.10457e-17 6.50583 -0.443523 -0.00545521 2.21425 -5.60901 -1.97295e-17 7.60548 -1.50593 -0.734016 1.96638 -5.40134 -2.53307e-17 9.49737 -0.914492 -2.32286 2.05307 -5.33483 -2.90401e-17 10.5513 1.57691 -0.216103 0.355808 -0.855541 -1.29193e-17 4.78644 0.715339 1.23845 3.27847 30.7905 -1.8116e-17 4.82109 0.421791 -8.50856 -0.494758 14.3468 -2.00958e-17 4.83041 0.765062 -21.8919 11.9412 12.2742 1.23299 -7.60731 7.53374 31.0381 -5.30075 1.88207 12.9547 3.2495 -3.26872 -81.0562 -18.1744 -117.368 29.2081 0.0598081 0.137039 10.4205 -6.00283 -60.3907 24.234 0.0496219 0.113701 -6.74684 -29.0612 -6.84906 -1.23299 -7.60729 7.53365 -23.4952 -7.3129 -5.3345 -12.9547 3.2495 -3.26872 59.8389 8.29895 58.8041 -29.2081 0.0598081 0.137039 -10.5383 -17.6129 119.065 -24.234 0.0496218 0.113702 -8.90683 1.78469 1.54173 9.23673 -4.20556 2.0327 9.201 0.665109 15.7173 -0.852353 -38.7721 -0.655187 -4.50435 16.4912 0.362974 -2.32622 -40.4017 -6.04875 -13.8348 -4.28673 17.3336 0.779096 -9.8844 12.4959 -3.86873e-16 -8.08226e-16 2.55115e-17 -9.23673 -4.20556 2.0327 12.6266 -21.9017 63.2786 0.852353 -38.7721 -0.655187 4.0632 14.9409 -0.270571 2.32622 -40.4017 -6.04875 -0.0464853 2.75838 -15.2596 -0.779096 -9.8844 12.4959 -6.0343e-16 -5.58861e-16 -1.27466e-14 
0.339441 90.8603 36.9177 6.37025 1.2758 -57.2412 0 5.07867 -1.15138 -1.90885 0.463694 -4.74698 0 5.61661 1.07143 -0.910317 1.2354 -5.80034 -1.02604e-17 5.98978 0.11501 -0.509708 1.39017 -5.79138 -1.10457e-17 6.50583 -0.443523 0.076595 2.0821 -6.11393 -1.97295e-17 7.60548 -1.50593 -0.714741 1.46629 -5.90879 -2.53307e-17 9.49737 -0.914492 -2.38488 1.40331 -5.82099 -2.90401e-17 10.5513 1.57691 -0.218384 0.320015 -0.864546 -1.29193e-17 4.78644 0.715339 2.4948 1.86798 33.0971 -1.8116e-17 4.82109 0.421791 -8.26844 -1.28491 15.4532 -2.00958e-17 4.83041 0.765062 -21.7159 14.407 13.337 1.23299 -7.60731 7.53374 32.5911 -3.94306 -0.975554 12.9547 3.2495 -3.26872 -84.6888 -19.7228 -118.066 29.2081 0.0598081 0.137039 9.75112 -4.97037 -54.5282 24.234 0.0496219 0.113701 -11.5396 -25.5926 -10.6609 -1.23299 -7.60729 7.53365 -22.7425 -7.50239 -3.09196 -12.9547 3.2495 -3.26872 60.0595 10.1055 60.4234 -29.2081 0.0598081 0.137039 -10.7066 -17.31 117.362 -24.234 0.0496218 0.113702 -9.89266 0.126636 1.02364 9.23673 -4.20556 2.0327 9.25983 -0.0248799 16.1622 -0.852353 -38.7721 -0.655187 -4.57312 16.7309 0.378441 -2.32622 -40.4017 -6.04875 -13.3199 -5.52322 17.1284 0.779096 -9.8844 12.4959 1.18925e-15 -7.46548e-16 -3.61665e-17 -9.23673 -4.20556 2.0327 12.4209 -22.5453 63.2407 0.852353 -38.7721 -0.655187 4.10635 15.0935 -0.279084 2.32622 -40.4017 -6.04875 0.271366 2.09404 -15.3539 -0.779096 -9.8844 12.4959 -1.76783e-15 -5.1027e-16 -1.26983e-14 
0.957322 90.668 36.8945 6.7254 1.7435 -56.0973 0 5.07867 -1.15138 -1.87498 0.213084 -4.68545 0 5.61661 1.07143 -0.866892 1.04711 -5.69505 -1.02604e-17 5.98978 0.11501 -0.448899 1.33964 -5.70184 -1.10457e-17 6.50583 -0.443523 0.162851 2.23247 -6.01088 -1.97295e-17 7.60548 -1.50593 -0.601406 1.8094 -5.82669 -2.53307e-17 9.49737 -0.914492 -2.24402 1.83813 -5.78476 -2.90401e-17 10.5513 1.57691 -0.22498 0.220566 -0.812105 -1.29193e-17 4.78644 0.715339 2.71524 1.62391 33.2898 -1.8116e-17 4.82109 0.421791 -8.38471 -0.931027 15.6699 -2.00958e-17 4.83041 0.765062 -22.0814 14.9754 13.026 1.23299 -7.60731 7.53374 31.404 -4.22586 -0.809612 12.9547 3.2495 -3.26872 -80.6626 -21.7929 -117.978 29.2081 0.0598081 0.137039 9.40837 -4.51902 -51.8276 24.234 0.0496219 0.113701 -9.84541 -29.8482 -9.71756 -1.23299 -7.60729 7.53365 -21.0351 -7.77762 -1.7744 -12.9547 3.2495 -3.26872 59.6335 7.54148 61.0086 -29.2081 0.0598081 0.137039 -11.0206 -16.6755 113.885 -24.234 0.0496218 0.113702 -9.66005 -4.96281 -0.00167982 9.23673 -4.20556 2.0327 9.43287 -1.51044 15.9498 -0.852353 -38.7721 -0.655187 -4.88542 17.8123 0.452256 -2.32622 -40.4017 -6.04875 -12.5219 -6.83521 16.7806 0.779096 -9.8844 12.4959 4.60759e-17 -7.94254e-16 1.15396e-17 -9.23673 -4.20556 2.0327 11.5221 -23.2494 62.5678 0.852353 -38.7721 -0.655187 3.93904 14.5008 -0.246713 2.32622 -40.4017 -6.04875 0.401137 0.951482 -15.3937 -0.779096 -9.8844 12.4959 -1.00808e-15 -5.45994e-16 -1.27218e-14 
1.76222 90.5617 36.7673 6.73253 2.10437 -54.7429 0 5.07867 -1.15138 -2.28905 2.20855 -6.06426 0 5.61661 1.07143 -0.968661 2.56884 -7.3888 -1.02604e-17 5.98978 0.11501 -0.448448 2.12684 -7.4257 -1.10457e-17 6.50583 -0.443523 0.264009 2.0303 -7.7582 -1.97295e-17 7.60548 -1.50593 -0.804506 0.619017 -7.57622 -2.53307e-17 9.49737 -0.914492 -2.84069 0.393415 -7.38951 -2.90401e-17 10.5513 1.57691 -0.215472 0.267926 -0.867554 -1.29193e-17 4.78644 0.715339 8.35394 -3.13573 40.4999 -1.8116e-17 4.82109 0.421791 -6.56014 -4.03004 19.2895 -2.00958e-17 4.83041 0.765062 -21.6616 22.9592 17.0008 1.23299 -7.60731 7.53374 30.0406 0.494008 -11.5283 12.9547 3.2495 -3.26872 -90.9723 -21.0834 -109.94 29.2081 0.0598081 0.137039 9.08897 -4.13485 -49.4459 24.234 0.0496219 0.113701 -21.1932 -6.49154 -18.3013 -1.23299 -7.60729 7.53365 -19.0473 -8.41526 3.48108 -12.9547 3.2495 -3.26872 60.48 14.7987 67.134 -29.2081 0.0598081 0.137039 -11.1541 -16.3707 112.253 -24.234 0.0496218 0.113702 -11.1525 -4.06716 -1.05486 9.23673 -4.20556 2.0327 9.35526 -2.20471 17.6215 -0.852353 -38.7721 -0.655187 -4.84996 17.6901 0.44358 -2.32622 -40.4017 -6.04875 -12.4547 -8.82663 16.9994 0.779096 -9.8844 12.4959 2.48481e-17 -7.95139e-16 1.2424e-17 -9.23673 -4.20556 2.0327 11.5408 -24.3841 62.3353 0.852353 -38.7721 -0.655187 4.15895 15.2792 -0.289617 2.32622 -40.4017 -6.04875 0.313509 0.816278 -15.4448 -0.779096 -9.8844 12.4959 -1.38442e-15 -5.34455e-16 -1.271e-14 
2.70185 90.4239 36.4996 6.51466 2.46272 -53.0874 0 5.07867 -1.15138 -1.56647 2.42876 -6.36151 0 5.61661 1.07143 -0.171531 2.58311 -7.50618 -1.02604e-17 5.98978 0.11501 0.274099 2.2359 -7.54206 -1.10457e-17 6.50583 -0.443523 0.908171 2.08476 -7.86316 -1.97295e-17 7.60548 -1.50593 -0.360214 0.708534 -7.72786 -2.53307e-17 9.49737 -0.914492 -2.62637 0.171317 -7.48418 -2.90401e-17 10.5513 1.57691 -0.265862 0.465726 -0.758986 -1.29193e-17 4.78644 0.715339 6.87394 -1.53057 39.7224 -1.8116e-17 4.82109 0.421791 -8.01658 -2.93216 19.028 -2.00958e-17 4.83041 0.765062 -24.2216 20.5346 18.2157 1.23299 -7.60731 7.53374 28.991 -1.26192 -6.02912 12.9547 3.2495 -3.26872 -80.0259 -24.5123 -102.834 29.2081 0.0598081 0.137039 9.99084 -5.31425 -56.525 24.234 0.0496219 0.113701 -14.0307 -21.8207 -10.0746 -1.23299 -7.60729 7.53365 -19.0563 -8.68534 3.39841 -12.9547 3.2495 -3.26872 58.8027 11.2982 70.4368 -29.2081 0.0598081 0.137039 -11.5638 -15.2239 106.293 -24.234 0.0496218 0.113702 -11.6825 -12.3621 -2.61616 9.23673 -4.20556 2.0327 10.402 -4.67262 16.8816 -0.852353 -38.7721 -0.655187 -5.81074 20.9432 0.704577 -2.32622 -40.4017 -6.04875 -11.1404 -9.13554 16.7282 0.779096 -9.8844 12.4959 4.15342e-16 -7.82936e-16 2.21123e-19 -9.23673 -4.20556 2.0327 10.1391 -24.6178 61.028 0.852353 -38.7721 -0.655187 3.7933 13.9821 -0.219922 2.32622 -40.4017 -6.04875 1.8698 -0.0603947 -15.5668 -0.779096 -9.8844 12.4959 -6.10506e-16 -5.5864e-16 -1.27464e-14 
3.70698 90.2676 36.2194 6.52749 3.04573 -51.1067 0 5.07867 -1.15138 -1.44267 2.60747 -6.14648 0 5.61661 1.07143 -0.115051 2.60169 -7.18463 -1.02604e-17 5.98978 0.11501 0.315618 2.17845 -7.18497 -1.10457e-17 6.50583 -0.443523 0.890846 1.78412 -7.46569 -1.97295e-17 7.60548 -1.50593 -0.327826 0.35368 -7.32187 -2.53307e-17 9.49737 -0.914492 -2.5004 -0.243682 -7.0689 -2.90401e-17 10.5513 1.57691 -0.311181 0.581376 -0.632857 -1.29193e-17 4.78644 0.715339 4.66023 0.110154 37.9809 -1.8116e-17 4.82109 0.421791 -8.91336 -2.12664 18.1148 -2.00958e-17 4.83041 0.765062 -22.4898 18.107 17.2941 1.23299 -7.60731 7.53374 29.7378 -1.5041 -3.2425 12.9547 3.2495 -3.26872 -72.5058 -24.2901 -99.108 29.2081 0.0598081 0.137039 10.0567 -5.41343 -57.092 24.234 0.0496219 0.113701 -9.39553 -32.3525 -5.67855 -1.23299 -7.60729 7.53365 -17.5772 -7.88667 4.41327 -12.9547 3.2495 -3.26872 65.0378 9.24252 65.9969 -29.2081 0.0598081 0.137039 -11.7385 -14.5628 102.959 -24.234 0.0496218 0.113702 -5.93455 -18.5726 -1.80696 9.23673 -4.20556 2.0327 10.3532 -5.60447 18.2778 -0.852353 -38.7721 -0.655187 -5.71587 20.6275 0.67644 -2.32622 -40.4017 -6.04875 -9.65953 -11.0446 16.576 0.779096 -9.8844 12.4959 3.1924e-17 -7.94918e-16 1.22029e-17 -9.23673 -4.20556 2.0327 9.13697 -25.7864 59.3854 0.852353 -38.7721 -0.655187 3.73554 13.7759 -0.209668 2.32622 -40.4017 -6.04875 3.24662 -0.679823 -15.5689 -0.779096 -9.8844 12.4959 -9.86847e-16 -5.46879e-16 -1.27227e-14 
4.85135 90.0513 35.8552 6.68519 3.79169 -48.8381 0 5.07867 -1.15138 -1.41023 2.1729 -5.79259 0 5.61661 1.07143 -0.132049 2.33298 -6.74488 -1.02604e-17 5.98978 0.11501 0.317427 2.08682 -6.74563 -1.10457e-17 6.50583 -0.443523 0.925832 2.05064 -6.99194 -1.97295e-17 7.60548 -1.50593 -0.141905 0.932562 -6.8728 -2.53307e-17 9.49737 -0.914492 -2.14232 0.443372 -6.71666 -2.90401e-17 10.5513 1.57691 -0.267351 0.450199 -0.544566 -1.29193e-17 4.78644 0.715339 4.08778 0.739297 36.9126 -1.8116e-17 4.82109 0.421791 -8.85191 -1.38077 17.6219 -2.00958e-17 4.83041 0.765062 -22.7906 17.7126 15.7236 1.23299 -7.60731 7.53374 30.0501 -1.95635 -2.80066 12.9547 3.2495 -3.26872 -69.4391 -24.7542 -101.324 29.2081 0.0598081 0.137039 8.8787 -3.89865 -47.9376 24.234 0.0496219 0.113701 -11.4679 -38.6336 -9.46 -1.23299 -7.60729 7.53365 -15.7549 -7.56385 5.43302 -12.9547 3.2495 -3.26872 62.3474 5.82008 64.6461 -29.2081 0.0598081 0.137039 -11.9653 -13.2295 96.3858 -24.234 0.0496218 0.113702 -7.86446 -25.3775 -2.09115 9.23673 -4.20556 2.0327 10.7969 -7.95355 18.9738 -0.852353 -38.7721 -0.655187 -6.19642 22.2135 0.824172 -2.32622 -40.4017 -6.04875 -8.02414 -12.0868 16.227 0.779096 -9.8844 12.4959 2.48481e-17 -7.95139e-16 1.2424e-17 -9.23673 -4.20556 2.0327 8.48459 -27.2488 57.7796 0.852353 -38.7721 -0.655187 3.84751 14.1753 -0.229733 2.32622 -40.4017 -6.04875 2.18993 -0.483949 -15.513 -0.779096 -9.8844 12.4959 -6.03435e-16 -5.58861e-16 -1.27466e-14 
6.09181 89.8281 35.3962 6.69513 4.58341 -46.4029 0 5.07867 -1.15138 -1.72635 2.69013 -6.26277 0 5.61661 1.07143 -0.346277 2.77152 -7.30533 -1.02604e-17 5.98978 0.11501 0.178732 2.46767 -7.32144 -1.10457e-17 6.50583 -0.443523 0.888204 2.51606 -7.55442 -1.97295e-17 7.60548 -1.50593 -0.218876 1.28072 -7.4623 -2.53307e-17 9.49737 -0.914492 -2.30226 0.8629 -7.32255 -2.90401e-17 10.5513 1.57691 -0.231135 0.267903 -0.557755 -1.29193e-17 4.78644 0.715339 7.13024 -2.14161 39.0429 -1.8116e-17 4.82109 0.421791 -8.21529 -2.04939 18.659 -2.00958e-17 4.83041 0.765062 -22.3979 20.0797 17.5318 1.23299 -7.60731 7.53374 26.1229 0.164042 -9.93486 12.9547 3.2495 -3.26872 -72.5932 -22.4008 -99.4804 29.2081 0.0598081 0.137039 7.82435 -2.87741 -40.9254 24.234 0.0496219 0.113701 -17.1331 -24.6781 -13.9094 -1.23299 -7.60729 7.53365 -12.0857 -7.82288 8.80852 -12.9547 3.2495 -3.26872 61.3329 6.51262 68.1023 -29.2081 0.0598081 0.137039 -12.0331 -11.8449 89.6845 -24.234 0.0496218 0.113702 -9.58167 -30.0742 -4.23224 9.23673 -4.20556 2.0327 10.9767 -9.77325 21.3913 -0.852353 -38.7721 -0.655187 -6.31081 22.5862 0.861233 -2.32622 -40.4017 -6.04875 -6.27282 -14.1329 16.3423 0.779096 -9.8844 12.4959 -3.65641e-16 -8.07341e-16 2.46268e-17 -9.23673 -4.20556 2.0327 7.64308 -28.8969 55.545 0.852353 -38.7721 -0.655187 3.92587 14.454 -0.244237 2.32622 -40.4017 -6.04875 2.6448 -0.891471 -15.6448 -0.779096 -9.8844 12.4959 -9.86843e-16 -5.46879e-16 -1.27227e-14 
7.40283 89.4748 34.8269 6.84321 5.69783 -43.5822 0 5.07867 -1.15138 -0.898081 2.63962 -6.11452 0 5.61661 1.07143 0.422115 2.5977 -6.99329 -1.02604e-17 5.98978 0.11501 0.820749 2.40471 -7.00947 -1.10457e-17 6.50583 -0.443523 1.40029 2.50139 -7.23252 -1.97295e-17 7.60548 -1.50593 0.174027 1.43365 -7.1622 -2.53307e-17 9.49737 -0.914492 -2.03181 0.745337 -7.0365 -2.90401e-17 10.5513 1.57691 -0.266492 0.438572 -0.438938 -1.29193e-17 4.78644 0.715339 4.17277 0.646439 35.7107 -1.8116e-17 4.82109 0.421791 -9.95187 -0.841911 16.864 -2.00958e-17 4.83041 0.765062 -23.6642 15.3066 17.6002 1.23299 -7.60731 7.53374 27.2786 -2.13118 -3.59099 12.9547 3.2495 -3.26872 -62.8904 -21.8302 -98.0267 29.2081 0.0598081 0.137039 7.87119 -2.91776 -41.2208 24.234 0.0496219 0.113701 -13.1777 -41.7086 -8.58986 -1.23299 -7.60729 7.53365 -12.9362 -7.81654 7.32831 -12.9547 3.2495 -3.26872 59.5083 2.50915 67.597 -29.2081 0.0598081 0.137039 -11.8367 -9.83213 79.9609 -24.234 0.0496218 0.113702 -8.46404 -40.8983 -2.93167 9.23673 -4.20556 2.0327 11.7856 -13.0322 21.9108 -0.852353 -38.7721 -0.655187 -7.01816 24.8469 1.10614 -2.32622 -40.4017 -6.04875 -4.58507 -14.7999 16.0402 0.779096 -9.8844 12.4959 4.08256e-16 -7.83157e-16 4.42541e-19 -9.23673 -4.20556 2.0327 5.761 -30.4058 51.9951 0.852353 -38.7721 -0.655187 3.73744 13.7827 -0.210003 2.32622 -40.4017 -6.04875 3.90837 -1.8405 -15.613 -0.779096 -9.8844 12.4959 -2.12946e-16 -5.83266e-16 -1.27588e-14 
8.75411 89.0191 34.1613 7.29042 7.05508 -40.4131 0 5.07867 -1.15138 -0.762659 2.68354 -5.72208 0 5.61661 1.07143 0.481465 2.53514 -6.50392 -1.02604e-17 5.98978 0.11501 0.85619 2.25233 -6.52308 -1.10457e-17 6.50583 -0.443523 1.38624 2.148 -6.717 -1.97295e-17 7.60548 -1.50593 0.243482 1.0528 -6.64961 -2.53307e-17 9.49737 -0.914492 -1.82391 0.350833 -6.60841 -2.90401e-17 10.5513 1.57691 -0.308769 0.492972 -0.313218 -1.29193e-17 4.78644 0.715339 2.48358 2.3041 33.0876 -1.8116e-17 4.82109 0.421791 -9.88125 -0.390844 15.5618 -2.00958e-17 4.83041 0.765062 -22.1368 13.6629 16.6225 1.23299 -7.60731 7.53374 28.8181 -2.31338 -0.614288 12.9547 3.2495 -3.26872 -52.6679 -22.0471 -99.1307 29.2081 0.0598081 0.137039 7.37007 -2.50697 -38.1224 24.234 0.0496219 0.113701 -9.98951 -55.625 -3.89586 -1.23299 -7.60729 7.53365 -12.0734 -6.50394 8.26975 -12.9547 3.2495 -3.26872 61.2176 0.154029 63.7211 -29.2081 0.0598081 0.137039 -11.554 -8.64692 74.1336 -24.234 0.0496218 0.113702 -6.75915 -47.6183 -4.14947 9.23673 -4.20556 2.0327 11.5994 -15.617 23.2649 -0.852353 -38.7721 -0.655187 -7.07634 25.0295 1.12747 -2.32622 -40.4017 -6.04875 -3.02155 -16.9734 15.8861 0.779096 -9.8844 12.4959 -3.5856e-16 -8.0712e-16 2.44055e-17 -9.23673 -4.20556 2.0327 3.92273 -32.9635 48.585 0.852353 -38.7721 -0.655187 3.92779 14.4608 -0.244598 2.32622 -40.4017 -6.04875 5.51808 -3.11708 -15.5264 -0.779096 -9.8844 12.4959 -1.76074e-15 -5.10713e-16 -1.26985e-14 
10.0579 88.6507 33.4169 7.69828 8.02505 -36.8773 0 5.07867 -1.15138 -2.82312 2.95467 -5.97079 0 5.61661 1.07143 -1.25434 2.92098 -6.90975 -1.02604e-17 5.98978 0.11501 -0.488246 2.89864 -6.99345 -1.10457e-17 6.50583 -0.443523 0.480259 3.50528 -7.21586 -1.97295e-17 7.60548 -1.50593 -0.314693 2.49424 -7.12635 -2.53307e-17 9.49737 -0.914492 -1.96199 2.23693 -7.07461 -2.90401e-17 10.5513 1.57691 -0.114186 -0.023104 -0.461564 -1.29193e-17 4.78644 0.715339 14.491 -11.1034 38.06 -1.8116e-17 4.82109 0.421791 -6.68583 0.550231 17.8262 -2.00958e-17 4.83041 0.765062 -18.2467 25.0465 18.3459 1.23299 -7.60731 7.53374 6.30311 9.51654 -23.2392 12.9547 3.2495 -3.26872 -51.6385 -6.19562 -76.3888 29.2081 0.0598081 0.137039 7.45096 -2.57027 -38.6137 24.234 0.0496219 0.113701 -5.72379 -6.73047 -11.8455 -1.23299 -7.60729 7.53365 -4.93296 -6.41536 13.3273 -12.9547 3.2495 -3.26872 57.0127 -0.491168 66.1329 -29.2081 0.0598081 0.137039 -10.8758 -6.86876 65.0508 -24.234 0.0496218 0.113702 -14.0521 -58.0506 -9.73207 9.23673 -4.20556 2.0327 9.96517 -17.6141 22.7081 -0.852353 -38.7721 -0.655187 -6.68775 23.8003 0.988405 -2.32622 -40.4017 -6.04875 -1.65259 -19.3352 16.1533 0.779096 -9.8844 12.4959 7.98745e-16 -7.58752e-16 -2.3963e-17 -9.23673 -4.20556 2.0327 2.74719 -35.4695 45.8978 0.852353 -38.7721 -0.655187 4.42625 16.2184 -0.345754 2.32622 -40.4017 -6.04875 0.91159 -2.78683 -15.7547 -0.779096 -9.8844 12.4959 -2.27107e-16 -5.82602e-16 -1.27584e-14 
11.3418 88.3144 32.5694 8.24557 9.11802 -33.6027 0 5.07867 -1.15138 -0.666004 3.96412 -6.33484 0 5.61661 1.07143 0.708639 3.34922 -7.09091 -1.02604e-17 5.98978 0.11501 1.06947 2.91078 -7.25133 -1.10457e-17 6.50583 -0.443523 1.60073 2.57376 -7.5205 -1.97295e-17 7.60548 -1.50593 0.196165 1.13968 -7.4715 -2.53307e-17 9.49737 -0.914492 -2.13522 -0.174183 -7.19404 -2.90401e-17 10.5513 1.57691 -0.283351 0.5508 -0.31603 -1.29193e-17 4.78644 0.715339 6.57145 -2.96503 33.1423 -1.8116e-17 4.82109 0.421791 -10.0246 0.950755 15.2941 -2.00958e-17 4.83041 0.765062 -20.901 14.8001 19.9247 1.23299 -7.60731 7.53374 11.6056 2.81213 -11.2129 12.9547 3.2495 -3.26872 -46.1166 0.333677 -74.1751 29.2081 0.0598081 0.137039 8.9907 -4.02292 -48.7354 24.234 0.0496219 0.113701 -3.38567 -30.5588 2.14849 -1.23299 -7.60729 7.53365 -9.74484 -6.42763 11.1271 -12.9547 3.2495 -3.26872 46.7006 2.48522 69.0259 -29.2081 0.0598081 0.137039 -9.57457 -4.73221 53.1153 -24.234 0.0496218 0.113702 -23.858 -75.1609 -17.3419 9.23673 -4.20556 2.0327 9.70359 -22.1825 18.9961 -0.852353 -38.7721 -0.655187 -7.74661 27.0942 1.38573 -2.32622 -40.4017 -6.04875 -0.969828 -18.9518 16.245 0.779096 -9.8844 12.4959 -3.51479e-16 -8.06678e-16 2.3963e-17 -9.23673 -4.20556 2.0327 -0.561275 -38.1835 42.1691 0.852353 -38.7721 -0.655187 4.76647 17.4018 -0.423455 2.32622 -40.4017 -6.04875 7.39806 -4.14271 -15.3986 -0.779096 -9.8844 12.4959 -1.37025e-15 -5.35119e-16 -1.27107e-14 
12.6695 88.3576 31.8326 7.96795 9.13726 -30.0487 0 5.07867 -1.15138 -0.590071 3.82227 -6.09352 0 5.61661 1.07143 0.768941 3.136 -6.78186 -1.02604e-17 5.98978 0.11501 1.13009 2.57043 -6.93266 -1.10457e-17 6.50583 -0.443523 1.63189 1.99621 -7.15731 -1.97295e-17 7.60548 -1.50593 0.279108 0.477398 -7.12308 -2.53307e-17 9.49737 -0.914492 -1.98814 -0.853957 -7.00309 -2.90401e-17 10.5513 1.57691 -0.354818 0.654234 -0.179023 -1.29193e-17 4.78644 0.715339 3.92123 0.0913021 32.3606 -1.8116e-17 4.82109 0.421791 -9.94709 1.36037 15.1015 -2.00958e-17 4.83041 0.765062 -18.6359 15.4691 16.955 1.23299 -7.60731 7.53374 16.6674 1.47077 -5.78219 12.9547 3.2495 -3.26872 -32.6056 5.38036 -82.2682 29.2081 0.0598081 0.137039 7.42105 -2.54673 -38.4316 24.234 0.0496219 0.113701 3.40735 -57.4138 8.42074 -1.23299 -7.60729 7.53365 -9.0102 -3.85483 13.1016 -12.9547 3.2495 -3.26872 40.4698 4.50107 66.093 -29.2081 0.0598081 0.137039 -8.828 -3.84335 47.5793 -24.234 0.0496218 0.113702 -66.2845 -85.6895 -65.2973 9.23673 -4.20556 2.0327 6.61314 -21.9736 15.7781 -0.852353 -38.7721 -0.655187 -6.5914 23.492 0.955166 -2.32622 -40.4017 -6.04875 1.06991 -19.158 16.2986 0.779096 -9.8844 12.4959 -2.32516e-15 -8.92982e-16 1.10267e-16 -9.23673 -4.20556 2.0327 -3.07917 -39.3828 40.3738 0.852353 -38.7721 -0.655187 5.21917 18.9546 -0.53753 2.32622 -40.4017 -6.04875 9.22995 -2.96795 -15.5579 -0.779096 -9.8844 12.4959 -1.78198e-15 -5.09828e-16 -1.26976e-14 
14.2628 88.6246 31.2952 7.75401 8.7246 -24.6286 0 5.07867 -1.15138 0.170899 4.02045 -5.37541 0 5.61661 1.07143 1.20154 3.33152 -5.90635 -1.02604e-17 5.98978 0.11501 1.32212 2.78841 -6.12292 -1.10457e-17 6.50583 -0.443523 1.59358 2.37041 -6.36144 -1.97295e-17 7.60548 -1.50593 0.246565 0.871401 -6.33398 -2.53307e-17 9.49737 -0.914492 -1.8991 -0.680159 -6.25321 -2.90401e-17 10.5513 1.57691 -0.253342 0.634898 -0.162393 -1.29193e-17 4.78644 0.715339 3.0209 0.621921 27.4502 -1.8116e-17 4.82109 0.421791 -9.70328 1.63726 12.6416 -2.00958e-17 4.83041 0.765062 -18.2717 15.3474 15.2393 1.23299 -7.60731 7.53374 15.1628 2.42072 -9.2257 12.9547 3.2495 -3.26872 -23.2414 6.71367 -88.2432 29.2081 0.0598081 0.137039 4.08643 -0.70179 -20.0743 24.234 0.0496219 0.113701 -25.1838 -73.2752 -21.6018 -1.23299 -7.60729 7.53365 -11.4484 -3.26148 13.1377 -12.9547 3.2495 -3.26872 29.2081 8.3742 63.7452 -29.2081 0.0598081 0.137039 -7.42292 -2.54805 38.442 -24.234 0.0496218 0.113702 166.176 -74.7861 165.496 9.23673 -4.20556 2.0327 3.50368 -22.6917 10.4989 -0.852353 -38.7721 -0.655187 -6.28359 22.4977 0.852351 -2.32622 -40.4017 -6.04875 -0.314751 -17.4555 15.6811 0.779096 -9.8844 12.4959 -1.76359e-17 -7.96909e-16 1.41942e-17 -9.23673 -4.20556 2.0327 -7.69822 -39.3247 33.7932 0.852353 -38.7721 -0.655187 5.58201 20.18 -0.637609 2.32622 -40.4017 -6.04875 7.04605 -0.652822 -15.9029 -0.779096 -9.8844 12.4959 -2.27107e-16 -5.82602e-16 -1.27584e-14 
16.1073 89.0429 30.8161 7.86871 8.37203 -17.0266 0 5.07867 -1.15138 1.91755 5.0081 -5.16411 0 5.61661 1.07143 2.644 3.9855 -5.4856 -1.02604e-17 5.98978 0.11501 2.38559 3.05859 -5.78916 -1.10457e-17 6.50583 -0.443523 2.22565 2.10641 -6.07839 -1.97295e-17 7.60548 -1.50593 0.499369 0.241288 -6.11052 -2.53307e-17 9.49737 -0.914492 -1.98047 -2.10166 -5.97772 -2.90401e-17 10.5513 1.57691 -0.312372 0.832313 -0.115885 -1.29193e-17 4.78644 0.715339 1.4476 2.31716 21.2786 -1.8116e-17 4.82109 0.421791 -10.2974 2.14292 9.40235 -2.00958e-17 4.83041 0.765062 -19.1742 13.3974 15.5192 1.23299 -7.60731 7.53374 17.5273 2.20018 -9.47379 12.9547 3.2495 -3.26872 -23.4755 11.5942 -90.9132 29.2081 0.0598081 0.137039 3.06346 -0.385127 -14.92 24.234 0.0496219 0.113701 -88.0842 -79.5853 -82.2946 -1.23299 -7.60729 7.53365 -15.9531 -2.15389 13.3353 -12.9547 3.2495 -3.26872 18.0051 14.9548 60.1172 -29.2081 0.0598081 0.137039 -6.94283 -2.19033 35.5767 -24.234 0.0496218 0.113702 155.102 -58.5218 151.133 9.23673 -4.20556 2.0327 -1.47922 -22.7429 3.01068 -0.852353 -38.7721 -0.655187 -5.54387 20.052 0.626732 -2.32622 -40.4017 -6.04875 -1.24184 -14.7547 15.4794 0.779096 -9.8844 12.4959 1.97729e-15 -7.09719e-16 -7.29954e-17 -9.23673 -4.20556 2.0327 -15.2172 -38.0578 24.8713 0.852353 -38.7721 -0.655187 5.83008 21.0074 -0.710376 2.32622 -40.4017 -6.04875 10.9675 0.543625 -16.497 -0.779096 -9.8844 12.4959 -9.79762e-16 -5.47322e-16 -1.27229e-14 
17.7872 89.6464 30.1905 8.35831 7.38201 -9.00691 0 5.07867 -1.15138 3.1763 4.25104 -4.33204 0 5.61661 1.07143 3.55321 3.50383 -4.33843 -1.02604e-17 5.98978 0.11501 3.03272 2.98103 -4.67276 -1.10457e-17 6.50583 -0.443523 2.5662 2.59824 -4.93686 -1.97295e-17 7.60548 -1.50593 0.772912 1.30021 -5.09519 -2.53307e-17 9.49737 -0.914492 -1.65905 -0.685857 -5.0761 -2.90401e-17 10.5513 1.57691 -0.335262 0.724999 0.000298093 -1.29193e-17 4.78644 0.715339 1.34738 0.178332 16.0664 -1.8116e-17 4.82109 0.421791 -10.4931 1.74029 6.92046 -2.00958e-17 4.83041 0.765062 -17.7212 16.8224 10.9516 1.23299 -7.60731 7.53374 12.9684 1.94591 -11.8043 12.9547 3.2495 -3.26872 -21.6546 15.651 -97.8173 29.2081 0.0598081 0.137039 2.95217 -0.356663 -14.3669 24.234 0.0496219 0.113701 -141.105 -82.2211 -131.472 -1.23299 -7.60729 7.53365 -13.5942 -0.701006 14.9444 -12.9547 3.2495 -3.26872 6.76494 22.1765 51.164 -29.2081 0.0598081 0.137039 -8.53377 -3.53643 45.55 -24.234 0.0496218 0.113702 159.813 -52.6617 154.239 9.23673 -4.20556 2.0327 -6.83603 -20.5003 -4.24037 -0.852353 -38.7721 -0.655187 -4.29484 15.7576 0.317612 -2.32622 -40.4017 -6.04875 -2.5967 -10.7698 15.2158 0.779096 -9.8844 12.4959 6.02514e-17 -7.9359e-16 1.08751e-17 -9.23673 -4.20556 2.0327 -22.4135 -34.1404 15.832 0.852353 -38.7721 -0.655187 5.66649 20.4627 -0.661995 2.32622 -40.4017 -6.04875 10.555 2.83249 -17.132 -0.779096 -9.8844 12.4959 -2.94637e-15 -4.61238e-16 -1.26368e-14 
19.1978 90.3446 29.4481 9.30899 5.91493 -1.74225 0 5.07867 -1.15138 4.65382 3.4862 -3.51476 0 5.61661 1.07143 4.75903 3.01658 -3.20587 -1.02604e-17 5.98978 0.11501 4.02805 2.93108 -3.5424 -1.10457e-17 6.50583 -0.443523 3.26128 2.982 -3.77603 -1.97295e-17 7.60548 -1.50593 1.36516 2.23067 -4.10807 -2.53307e-17 9.49737 -0.914492 -1.0212 0.777626 -4.28996 -2.90401e-17 10.5513 1.57691 -0.394709 0.650075 0.208665 -1.29193e-17 4.78644 0.715339 1.23706 -4.78181 10.3008 -1.8116e-17 4.82109 0.421791 -10.784 0.950339 4.1313 -2.00958e-17 4.83041 0.765062 -17.9569 21.8329 8.95512 1.23299 -7.60731 7.53374 7.55257 2.68988 -14.1821 12.9547 3.2495 -3.26872 -19.7191 24.676 -103.694 29.2081 0.0598081 0.137039 3.4234 -0.485098 -16.7181 24.234 0.0496219 0.113701 141.17 -83.3967 147.501 -1.23299 -7.60729 7.53365 -6.60043 2.74846 19.2076 -12.9547 3.2495 -3.26872 0.980009 29.267 36.6753 -29.2081 0.0598081 0.137039 -10.5507 -6.23354 61.6513 -24.234 0.0496218 0.113702 165.084 -58.6054 159.112 9.23673 -4.20556 2.0327 -11.3032 -17.837 -10.5755 -0.852353 -38.7721 -0.655187 -3.39957 12.5706 0.154158 -2.32622 -40.4017 -6.04875 -4.11069 -5.31635 15.0689 0.779096 -9.8844 12.4959 -7.56129e-16 -8.31747e-16 4.90324e-17 -9.23673 -4.20556 2.0327 -28.0671 -28.8592 10.3484 0.852353 -38.7721 -0.655187 5.2598 19.0927 -0.548357 2.32622 -40.4017 -6.04875 13.8066 4.79222 -18.6911 -0.779096 -9.8844 12.4959 -3.76275e-15 -4.23081e-16 -1.26108e-14 
20.3707 91.1256 28.6916 10.9126 3.94244 5.7991 0 5.07867 -1.15138 5.58958 1.79542 -2.67523 0 5.61661 1.07143 5.49578 1.91819 -2.13321 -1.02604e-17 5.98978 0.11501 4.67288 2.71182 -2.38433 -1.10457e-17 6.50583 -0.443523 3.73701 3.93816 -2.52297 -1.97295e-17 7.60548 -1.50593 1.9179 4.15133 -2.99398 -2.53307e-17 9.49737 -0.914492 -0.261472 3.63982 -3.44767 -2.90401e-17 10.5513 1.57691 -0.37785 0.476392 0.352614 -1.29193e-17 4.78644 0.715339 0.412729 -9.52864 4.56773 -1.8116e-17 4.82109 0.421791 -9.84905 0.125684 1.60862 -2.00958e-17 4.83041 0.765062 -17.8969 25.5972 5.10222 1.23299 -7.60731 7.53374 1.93741 2.4741 -14.5769 12.9547 3.2495 -3.26872 -19.7701 32.0089 -108.286 29.2081 0.0598081 0.137039 3.3085 -0.45186 -16.1424 24.234 0.0496219 0.113701 87.8659 -78.855 93.6878 -1.23299 -7.60729 7.53365 1.28059 5.30347 21.4709 -12.9547 3.2495 -3.26872 1.79248 32.8261 24.6828 -29.2081 0.0598081 0.137039 -11.7804 -9.54756 78.5717 -24.234 0.0496218 0.113702 -172.653 -68.9675 179.376 9.23673 -4.20556 2.0327 -15.6579 -14.0045 -16.3888 -0.852353 -38.7721 -0.655187 -2.50486 9.31437 0.0411275 -2.32622 -40.4017 -6.04875 -5.04725 1.43886 15.2128 0.779096 -9.8844 12.4959 7.91664e-16 -7.59194e-16 -2.35205e-17 -9.23673 -4.20556 2.0327 -32.5087 -21.9617 7.77728 0.852353 -38.7721 -0.655187 4.68412 17.1166 -0.404008 2.32622 -40.4017 -6.04875 15.83 7.01833 -20.761 -0.779096 -9.8844 12.4959 7.15677e-15 -8.98325e-16 -1.30741e-14 
21.3613 91.7988 27.947 13.3178 2.06522 13.8191 0 5.07867 -1.15138 6.58417 1.494 -1.97817 0 5.61661 1.07143 6.26591 1.74453 -1.23901 -1.02604e-17 5.98978 0.11501 5.27532 2.67676 -1.38319 -1.10457e-17 6.50583 -0.443523 4.06361 4.01539 -1.42894 -1.97295e-17 7.60548 -1.50593 2.20834 4.44679 -1.96789 -2.53307e-17 9.49737 -0.914492 0.1765 4.37676 -2.46837 -2.90401e-17 10.5513 1.57691 -0.291619 0.574076 0.420082 -1.29193e-17 4.78644 0.715339 -0.93308 -10.5586 -0.864972 -1.8116e-17 4.82109 0.421791 -7.83637 0.25098 -0.690096 -2.00958e-17 4.83041 0.765062 -17.9697 26.2557 -0.160381 1.23299 -7.60731 7.53374 -0.647264 2.50604 -13.3419 12.9547 3.2495 -3.26872 -22.4684 44.647 -109.296 29.2081 0.0598081 0.137039 2.98815 -0.365736 -14.5455 24.234 0.0496219 0.113701 60.4894 -73.3481 59.105 -1.23299 -7.60729 7.53365 5.10584 6.86866 20.8174 -12.9547 3.2495 -3.26872 8.09805 32.5877 17.3811 -29.2081 0.0598081 0.137039 -12.0337 -11.9321 90.1038 -24.234 0.0496218 0.113702 -135.236 -76.7523 -147.646 9.23673 -4.20556 2.0327 -19.8402 -9.8394 -22.2312 -0.852353 -38.7721 -0.655187 -1.81153 6.75503 -0.0111233 -2.32622 -40.4017 -6.04875 -6.93443 8.85688 15.6169 0.779096 -9.8844 12.4959 4.72487e-15 -5.99231e-16 -1.83484e-16 -9.23673 -4.20556 2.0327 -36.4508 -14.2503 6.56389 0.852353 -38.7721 -0.655187 4.11862 15.1368 -0.281527 2.32622 -40.4017 -6.04875 17.7959 9.52019 -23.1254 -0.779096 -9.8844 12.4959 1.27731e-14 -1.90758e-15 -1.41075e-14 
22.3152 92.2106 27.0092 15.9391 1.33107 22.843 0 5.07867 -1.15138 7.27312 1.04648 -1.13294 0 5.61661 1.07143 6.68654 1.42202 -0.177968 -1.02604e-17 5.98978 0.11501 5.51803 2.36645 -0.176391 -1.10457e-17 6.50583 -0.443523 4.03453 3.59307 -0.102422 -1.97295e-17 7.60548 -1.50593 2.20467 4.21634 -0.646869 -2.53307e-17 9.49737 -0.914492 0.416662 4.49278 -1.04001 -2.90401e-17 10.5513 1.57691 -0.175896 0.771958 0.456659 -1.29193e-17 4.78644 0.715339 -2.24518 -5.69145 -8.36562 -1.8116e-17 4.82109 0.421791 -5.23968 0.491439 -3.94952 -2.00958e-17 4.83041 0.765062 -15.756 21.6186 -6.37433 1.23299 -7.60731 7.53374 -1.49851 1.53645 -10.2568 12.9547 3.2495 -3.26872 -30.4034 58.5295 -102.684 29.2081 0.0598081 0.137039 3.23292 -0.430666 -15.7647 24.234 0.0496219 0.113701 38.9068 -63.3798 30.8629 -1.23299 -7.60729 7.53365 2.56278 4.90952 15.5366 -12.9547 3.2495 -3.26872 18.0762 31.5046 13.7849 -29.2081 0.0598081 0.137039 -12.0214 -12.5082 92.8848 -24.234 0.0496218 0.113702 -98.7661 -85.5061 -113.555 9.23673 -4.20556 2.0327 -23.8528 -6.09965 -28.1634 -0.852353 -38.7721 -0.655187 -1.27981 4.77805 -0.030047 -2.32622 -40.4017 -6.04875 -10.1123 16.0618 16.8718 0.779096 -9.8844 12.4959 -6.13787e-15 -1.06005e-15 2.77339e-16 -9.23673 -4.20556 2.0327 -39.9532 -6.13339 5.30203 0.852353 -38.7721 -0.655187 3.48056 12.8621 -0.166892 2.32622 -40.4017 -6.04875 18.3358 13.1176 -24.5935 -0.779096 -9.8844 12.4959 -1.50971e-14 8.19864e-16 -1.13195e-14 
23.111 92.2031 25.6813 17.9929 2.88351 32.8329 0 5.07867 -1.15138 7.60662 0.188498 -0.219032 0 5.61661 1.07143 6.8272 0.736227 0.94385 -1.02604e-17 5.98978 0.11501 5.51522 1.70476 1.11854 -1.10457e-17 6.50583 -0.443523 3.84691 2.82838 1.31311 -1.97295e-17 7.60548 -1.50593 2.12411 3.70287 0.792239 -2.53307e-17 9.49737 -0.914492 0.712486 4.19513 0.500062 -2.90401e-17 10.5513 1.57691 -0.0127706 1.05561 0.505881 -1.29193e-17 4.78644 0.715339 -1.53577 0.717586 -15.008 -1.8116e-17 4.82109 0.421791 -2.47732 0.950649 -6.90597 -2.00958e-17 4.83041 0.765062 -12.7234 14.9544 -14.1116 1.23299 -7.60731 7.53374 -1.51407 0.337933 -6.32428 12.9547 3.2495 -3.26872 -61.1616 68.7268 -68.5967 29.2081 0.0598081 0.137039 4.40955 -0.823265 -21.7341 24.234 0.0496219 0.113701 22.0584 -45.72 8.68778 -1.23299 -7.60729 7.53365 -3.23052 2.18203 8.26201 -12.9547 3.2495 -3.26872 29.58 32.423 11.3607 -29.2081 0.0598081 0.137039 -11.9999 -12.8575 94.5764 -24.234 0.0496218 0.113702 10.0252 -82.0098 -2.8878 9.23673 -4.20556 2.0327 -28.0876 -3.78193 -34.2404 -0.852353 -38.7721 -0.655187 -0.934585 3.49034 -0.0324625 -2.32622 -40.4017 -6.04875 -13.1407 22.5672 18.6998 0.779096 -9.8844 12.4959 9.23429e-15 3.71442e-16 -1.17856e-15 -9.23673 -4.20556 2.0327 -43.2385 0.593141 3.52891 0.852353 -38.7721 -0.655187 3.18189 11.7841 -0.121974 2.32622 -40.4017 -6.04875 16.9767 15.3185 -23.9804 -0.779096 -9.8844 12.4959 3.49631e-14 -3.63309e-15 -1.58446e-14 
23.3962 91.911 24.2028 18.2788 5.92547 43.0618 0 5.07867 -1.15138 7.43043 0.323261 0.702073 0 5.61661 1.07143 6.61871 0.660912 1.97951 -1.02604e-17 5.98978 0.11501 5.25503 1.11746 2.28023 -1.10457e-17 6.50583 -0.443523 3.57375 1.26513 2.55396 -1.97295e-17 7.60548 -1.50593 2.01492 1.97764 2.05748 -2.53307e-17 9.49737 -0.914492 1.07865 2.16322 1.78798 -2.90401e-17 10.5513 1.57691 0.177061 1.51184 0.570501 -1.29193e-17 4.78644 0.715339 0.329703 5.3444 -19.7156 -1.8116e-17 4.82109 0.421791 -0.476457 1.58077 -8.86922 -2.00958e-17 4.83041 0.765062 -9.87007 9.52416 -21.1274 1.23299 -7.60731 7.53374 0.496744 0.118319 -2.84946 12.9547 3.2495 -3.26872 -97.4857 62.8986 -24.8354 29.2081 0.0598081 0.137039 6.97272 -2.21166 -35.7533 24.234 0.0496219 0.113701 10.5033 -26.437 -1.90304 -1.23299 -7.60729 7.53365 -11.0362 1.31214 2.04635 -12.9547 3.2495 -3.26872 40.2843 34.79 10.6268 -29.2081 0.0598081 0.137039 -11.95 -13.3612 97.0275 -24.234 0.0496218 0.113702 15.0369 -73.3353 7.39318 9.23673 -4.20556 2.0327 -31.7049 -2.7037 -40.6202 -0.852353 -38.7721 -0.655187 -0.760307 2.83958 -0.0307271 -2.32622 -40.4017 -6.04875 -15.1163 27.7912 20.1636 0.779096 -9.8844 12.4959 1.10788e-14 4.70785e-16 -1.26615e-15 -9.23673 -4.20556 2.0327 -45.2721 4.74711 3.07648 0.852353 -38.7721 -0.655187 3.47388 12.8381 -0.165826 2.32622 -40.4017 -6.04875 13.1768 14.9962 -21.0721 -0.779096 -9.8844 12.4959 -3.46062e-15 -4.68891e-16 -1.26451e-14 
22.9649 91.5698 23.0332 16.2995 8.67758 51.753 0 5.07867 -1.15138 6.71087 0.885645 1.38172 0 5.61661 1.07143 6.02021 0.840326 2.60939 -1.02604e-17 5.98978 0.11501 4.74661 0.625237 2.93843 -1.10457e-17 6.50583 -0.443523 3.25287 -0.423894 3.23676 -1.97295e-17 7.60548 -1.50593 1.91559 0.0329999 2.75239 -2.53307e-17 9.49737 -0.914492 1.41942 -0.3583 2.43109 -2.90401e-17 10.5513 1.57691 0.35852 1.92482 0.557038 -1.29193e-17 4.78644 0.715339 2.20064 8.11835 -21.6428 -1.8116e-17 4.82109 0.421791 0.942287 2.15067 -9.52311 -2.00958e-17 4.83041 0.765062 -7.49567 5.32386 -25.3933 1.23299 -7.60731 7.53374 4.99251 0.499748 -0.203037 12.9547 3.2495 -3.26872 -106.032 53.8375 -8.68333 29.2081 0.0598081 0.137039 10.1052 -5.48775 -57.5144 24.234 0.0496219 0.113701 2.71105 -17.3504 -1.47331 -1.23299 -7.60729 7.53365 -19.4183 1.58117 -2.11043 -12.9547 3.2495 -3.26872 48.6091 38.2834 15.6976 -29.2081 0.0598081 0.137039 -11.8782 -13.8606 99.4754 -24.234 0.0496218 0.113702 9.04616 -63.7978 6.90835 9.23673 -4.20556 2.0327 -33.4626 -2.93133 -46.2452 -0.852353 -38.7721 -0.655187 -0.808767 3.02056 -0.0314086 -2.32622 -40.4017 -6.04875 -15.3631 29.448 20.3729 0.779096 -9.8844 12.4959 -2.77461e-14 -3.53035e-15 2.78402e-15 -9.23673 -4.20556 2.0327 -44.7939 6.16889 4.74193 0.852353 -38.7721 -0.655187 3.96959 14.6092 -0.252495 2.32622 -40.4017 -6.04875 10.4215 14.772 -19.0746 -0.779096 -9.8844 12.4959 -1.85248e-14 9.81106e-16 -1.11578e-14 
21.8572 91.3814 22.2255 14.695 11.0075 59.7027 0 5.07867 -1.15138 5.61034 1.28006 1.78275 0 5.61661 1.07143 5.069 0.93628 2.83847 -1.02604e-17 5.98978 0.11501 3.95155 0.252101 3.10619 -1.10457e-17 6.50583 -0.443523 2.72463 -1.63212 3.36632 -1.97295e-17 7.60548 -1.50593 1.66093 -1.36738 2.94034 -2.53307e-17 9.49737 -0.914492 1.52396 -2.32538 2.59226 -2.90401e-17 10.5513 1.57691 0.453761 2.22307 0.482397 -1.29193e-17 4.78644 0.715339 2.94467 8.86602 -23.1584 -1.8116e-17 4.82109 0.421791 1.51638 1.96731 -10.2354 -2.00958e-17 4.83041 0.765062 -5.22077 3.60799 -25.5311 1.23299 -7.60731 7.53374 9.78278 1.07823 0.565939 12.9547 3.2495 -3.26872 -103.988 48.4783 -5.80313 29.2081 0.0598081 0.137039 11.6001 -8.80901 -74.9382 24.234 0.0496219 0.113701 -0.661378 -17.6256 -0.614422 -1.23299 -7.60729 7.53365 -25.5226 1.82756 -3.69986 -12.9547 3.2495 -3.26872 54.8952 39.6318 25.7401 -29.2081 0.0598081 0.137039 -11.846 -14.0443 100.382 -24.234 0.0496218 0.113702 2.18305 -51.8879 2.36302 9.23673 -4.20556 2.0327 -34.947 -2.85529 -49.6501 -0.852353 -38.7721 -0.655187 -0.772529 2.88522 -0.0309134 -2.32622 -40.4017 -6.04875 -15.8328 31.8423 20.5586 0.779096 -9.8844 12.4959 5.37462e-15 -5.88924e-16 -1.93126e-16 -9.23673 -4.20556 2.0327 -44.1002 7.41157 6.36911 0.852353 -38.7721 -0.655187 4.5479 16.6431 -0.372735 2.32622 -40.4017 -6.04875 7.75964 14.4603 -17.4335 -0.779096 -9.8844 12.4959 -1.09755e-14 6.76877e-16 -1.14736e-14 
20.2335 91.4962 21.9715 15.3793 11.0709 67.7175 0 5.07867 -1.15138 5.07311 0.853566 1.77433 0 5.61661 1.07143 4.60404 0.685748 2.69501 -1.02604e-17 5.98978 0.11501 3.57741 0.0753786 2.83997 -1.10457e-17 6.50583 -0.443523 2.48162 -1.65787 3.01526 -1.97295e-17 7.60548 -1.50593 1.52333 -1.32938 2.68118 -2.53307e-17 9.49737 -0.914492 1.41591 -2.53713 2.32738 -2.90401e-17 10.5513 1.57691 0.37565 2.35291 0.380787 -1.29193e-17 4.78644 0.715339 3.30799 9.04459 -25.8993 -1.8116e-17 4.82109 0.421791 1.20933 0.538231 -11.6277 -2.00958e-17 4.83041 0.765062 -3.41579 3.73758 -21.8857 1.23299 -7.60731 7.53374 11.6239 0.652436 -0.183056 12.9547 3.2495 -3.26872 -94.1729 43.4715 -13.2879 29.2081 0.0598081 0.137039 11.9078 -10.261 -82.0432 24.234 0.0496219 0.113701 -1.53526 -22.8436 -2.5193 -1.23299 -7.60729 7.53365 -27.6584 0.870575 -3.33417 -12.9547 3.2495 -3.26872 57.2562 37.3022 40.0297 -29.2081 0.0598081 0.137039 -11.9677 -13.206 96.2706 -24.234 0.0496218 0.113702 -0.701081 -40.0199 -0.748103 9.23673 -4.20556 2.0327 -35.0891 0.0630099 -51.7039 -0.852353 -38.7721 -0.655187 -0.920219 3.43671 -0.0323944 -2.32622 -40.4017 -6.04875 -16.4307 31.667 21.0396 0.779096 -9.8844 12.4959 -6.5071e-15 -1.08335e-15 2.88435e-16 -9.23673 -4.20556 2.0327 -42.4266 11.8503 6.83821 0.852353 -38.7721 -0.655187 4.87095 17.7625 -0.448707 2.32622 -40.4017 -6.04875 5.06252 15.1688 -15.7772 -0.779096 -9.8844 12.4959 -7.41703e-15 -2.56501e-16 -1.24316e-14 
18.3312 91.619 22.3728 19.051 10.4709 74.8262 0 5.07867 -1.15138 5.04115 0.553114 1.47975 0 5.61661 1.07143 4.57722 0.744734 2.32117 -1.02604e-17 5.98978 0.11501 3.579 0.423043 2.32063 -1.10457e-17 6.50583 -0.443523 2.53565 -0.940505 2.39096 -1.97295e-17 7.60548 -1.50593 1.55068 -0.508256 2.16623 -2.53307e-17 9.49737 -0.914492 1.24269 -1.83733 1.79385 -2.90401e-17 10.5513 1.57691 0.18606 2.39845 0.292084 -1.29193e-17 4.78644 0.715339 3.6072 8.90922 -28.9671 -1.8116e-17 4.82109 0.421791 0.775516 -0.989002 -13.1129 -2.00958e-17 4.83041 0.765062 -2.9668 3.92959 -15.9265 1.23299 -7.60731 7.53374 10.7217 -0.342766 -2.22665 12.9547 3.2495 -3.26872 -82.4997 34.4897 -23.9787 29.2081 0.0598081 0.137039 11.9582 -10.6463 -83.9067 24.234 0.0496219 0.113701 -1.73516 -31.2199 -5.02224 -1.23299 -7.60729 7.53365 -27.7647 -0.759737 -1.84045 -12.9547 3.2495 -3.26872 55.6074 32.6033 56.0553 -29.2081 0.0598081 0.137039 -12.0175 -11.3591 87.3434 -24.234 0.0496218 0.113702 -0.578503 -30.4681 0.736165 9.23673 -4.20556 2.0327 -34.8032 5.34522 -52.44 -0.852353 -38.7721 -0.655187 -1.12016 4.18283 -0.0321309 -2.32622 -40.4017 -6.04875 -17.6032 30.5389 22.332 0.779096 -9.8844 12.4959 -1.79602e-14 -2.35019e-15 1.57945e-15 -9.23673 -4.20556 2.0327 -40.7652 18.2247 7.28791 0.852353 -38.7721 -0.655187 5.3072 19.2535 -0.561109 2.32622 -40.4017 -6.04875 3.05824 14.8297 -14.8848 -0.779096 -9.8844 12.4959 -5.40261e-15 -3.58747e-16 -1.25343e-14 
16.4449 90.8131 23.2841 18.1283 14.2709 79.147 0 5.07867 -1.15138 4.30363 0.643179 1.55577 0 5.61661 1.07143 3.89202 0.96732 2.25062 -1.02604e-17 5.98978 0.11501 3.00561 0.802139 2.16127 -1.10457e-17 6.50583 -0.443523 2.12575 -0.357076 2.16565 -1.97295e-17 7.60548 -1.50593 1.38406 -0.0812373 2.01126 -2.53307e-17 9.49737 -0.914492 1.25045 -1.57189 1.57998 -2.90401e-17 10.5513 1.57691 0.10348 2.30394 0.247233 -1.29193e-17 4.78644 0.715339 2.97888 7.26091 -29.0849 -1.8116e-17 4.82109 0.421791 1.37982 -1.5387 -13.3009 -2.00958e-17 4.83041 0.765062 -2.74241 1.24137 -10.4658 1.23299 -7.60731 7.53374 9.38408 -1.00857 -5.13186 12.9547 3.2495 -3.26872 -75.4554 21.1697 -30.3652 29.2081 0.0598081 0.137039 12.0233 -11.4805 -87.9283 24.234 0.0496219 0.113701 -0.436589 -37.9043 -7.80063 -1.23299 -7.60729 7.53365 -28.1617 -2.02143 -0.900014 -12.9547 3.2495 -3.26872 50.7971 26.9844 73.5356 -29.2081 0.0598081 0.137039 -11.8228 -9.75922 79.6044 -24.234 0.0496218 0.113702 -1.40313 -20.8345 3.88248 9.23673 -4.20556 2.0327 -36.9247 4.6108 -51.3875 -0.852353 -38.7721 -0.655187 -1.23424 4.60819 -0.0308115 -2.32622 -40.4017 -6.04875 -17.7797 29.8053 22.7788 0.779096 -9.8844 12.4959 3.0012e-14 2.03215e-15 -2.85126e-15 -9.23673 -4.20556 2.0327 -41.6409 17.0881 7.01723 0.852353 -38.7721 -0.655187 6.90972 24.5053 -1.06686 2.32622 -40.4017 -6.04875 0.471251 8.93159 -14.9716 -0.779096 -9.8844 12.4959 -3.41477e-15 -4.45716e-16 -1.26213e-14 
14.5175 89.4409 24.6436 11.5935 16.7978 80.8504 0 5.07867 -1.15138 3.49347 0.576073 2.06791 0 5.61661 1.07143 3.13696 0.860681 2.67594 -1.02604e-17 5.98978 0.11501 2.38469 0.744559 2.61201 -1.10457e-17 6.50583 -0.443523 1.62702 -0.18166 2.63631 -1.97295e-17 7.60548 -1.50593 1.20914 -0.229315 2.43285 -2.53307e-17 9.49737 -0.914492 1.42881 -1.77258 1.93353 -2.90401e-17 10.5513 1.57691 0.152489 2.04388 0.268168 -1.29193e-17 4.78644 0.715339 1.25787 3.94912 -25.4875 -1.8116e-17 4.82109 0.421791 1.8819 -1.84311 -11.7415 -2.00958e-17 4.83041 0.765062 -1.11612 -0.512319 -8.26579 1.23299 -7.60731 7.53374 8.5146 -1.42017 -7.74713 12.9547 3.2495 -3.26872 -73.5758 6.17916 -33.6675 29.2081 0.0598081 0.137039 11.9721 -13.1641 -96.0665 24.234 0.0496219 0.113701 1.6923 -40.0312 -7.08273 -1.23299 -7.60729 7.53365 -28.0919 -2.45561 -1.02625 -12.9547 3.2495 -3.26872 46.9124 19.7778 89.8714 -29.2081 0.0598081 0.137039 -11.6811 -9.11616 76.4546 -24.234 0.0496218 0.113702 -2.96647 -11.4886 5.06583 9.23673 -4.20556 2.0327 -37.5113 -2.58691 -50.4981 -0.852353 -38.7721 -0.655187 -2.3039 8.57524 0.0227841 -2.32622 -40.4017 -6.04875 -12.0375 19.7385 18.2025 0.779096 -9.8844 12.4959 -4.11095e-15 -9.50771e-16 1.67392e-16 -9.23673 -4.20556 2.0327 -40.174 8.22567 8.48056 0.852353 -38.7721 -0.655187 9.37231 31.8007 -2.10277 2.32622 -40.4017 -6.04875 -0.697485 2.1492 -15.4913 -0.779096 -9.8844 12.4959 -2.55468e-16 -5.81494e-16 -1.27571e-14 
12.4222 88.4689 25.902 3.7738 16.1811 85.8577 0 5.07867 -1.15138 3.38631 0.0180747 2.31242 0 5.61661 1.07143 3.08975 0.348526 2.95117 -1.02604e-17 5.98978 0.11501 2.36626 0.186781 2.92423 -1.10457e-17 6.50583 -0.443523 1.58243 -0.598976 2.9805 -1.97295e-17 7.60548 -1.50593 1.19381 -0.85361 2.67571 -2.53307e-17 9.49737 -0.914492 1.48148 -2.51003 2.16495 -2.90401e-17 10.5513 1.57691 0.189006 1.86329 0.313749 -1.29193e-17 4.78644 0.715339 -0.439446 0.639762 -22.85 -1.8116e-17 4.82109 0.421791 1.46506 -2.63876 -10.5561 -2.00958e-17 4.83041 0.765062 0.417183 -0.874842 -7.03612 1.23299 -7.60731 7.53374 9.49575 -1.98778 -8.70982 12.9547 3.2495 -3.26872 -76.1922 -5.79958 -38.4503 29.2081 0.0598081 0.137039 11.7216 -14.6341 -103.315 24.234 0.0496219 0.113701 3.53278 -40.257 -5.24082 -1.23299 -7.60729 7.53365 -27.5673 -2.39153 -1.22565 -12.9547 3.2495 -3.26872 44.7116 13.1093 101.297 -29.2081 0.0598081 0.137039 -11.7236 -9.29223 77.3205 -24.234 0.0496218 0.113702 -4.0568 -2.53117 3.8016 9.23673 -4.20556 2.0327 -36.2862 -9.18295 -52.2554 -0.852353 -38.7721 -0.655187 -3.16137 11.7098 0.119096 -2.32622 -40.4017 -6.04875 -6.76445 12.2073 15.5876 0.779096 -9.8844 12.4959 -4.3555e-15 -9.81942e-16 1.99228e-16 -9.23673 -4.20556 2.0327 -34.9634 0.815504 9.38938 0.852353 -38.7721 -0.655187 11.2334 36.6574 -3.06468 2.32622 -40.4017 -6.04875 -1.17511 -2.08288 -15.7121 -0.779096 -9.8844 12.4959 -4.10362e-15 -4.13093e-16 -1.25887e-14 
10.4901 88.1496 27.6343 0.597766 14.5947 90.6507 0 5.07867 -1.15138 3.4084 -0.535287 2.27756 0 5.61661 1.07143 3.16432 -0.0860059 2.89616 -1.02604e-17 5.98978 0.11501 2.45305 -0.20741 2.87582 -1.10457e-17 6.50583 -0.443523 1.62961 -0.762357 2.93157 -1.97295e-17 7.60548 -1.50593 1.17223 -1.03554 2.58047 -2.53307e-17 9.49737 -0.914492 1.37057 -2.69005 2.09601 -2.90401e-17 10.5513 1.57691 0.162474 1.76586 0.287032 -1.29193e-17 4.78644 0.715339 -1.19425 -0.981198 -20.1807 -1.8116e-17 4.82109 0.421791 1.14828 -3.14847 -9.21739 -2.00958e-17 4.83041 0.765062 1.39164 -1.48805 -6.42283 1.23299 -7.60731 7.53374 10.9867 -2.97289 -8.4168 12.9547 3.2495 -3.26872 -79.3672 -15.6466 -45.3276 29.2081 0.0598081 0.137039 11.5044 -15.4169 -107.279 24.234 0.0496219 0.113701 5.88139 -40.0898 -2.18735 -1.23299 -7.60729 7.53365 -27.2425 -2.58513 -2.05512 -12.9547 3.2495 -3.26872 43.4133 6.39479 108.637 -29.2081 0.0598081 0.137039 -11.8184 -9.73657 79.494 -24.234 0.0496218 0.113702 -5.04338 0.208846 2.98657 9.23673 -4.20556 2.0327 -34.481 -11.3642 -54.0671 -0.852353 -38.7721 -0.655187 -3.49425 12.9113 0.169086 -2.32622 -40.4017 -6.04875 -4.00801 8.4225 14.6799 0.779096 -9.8844 12.4959 -5.30914e-17 -7.9846e-16 1.57453e-17 -9.23673 -4.20556 2.0327 -29.8973 -2.04124 9.60042 0.852353 -38.7721 -0.655187 12.4415 39.514 -3.75939 2.32622 -40.4017 -6.04875 -1.32322 -3.85853 -15.9447 -0.779096 -9.8844 12.4959 -6.60123e-16 -5.56425e-16 -1.27442e-14 
8.81393 88.2809 29.8711 1.88644 14.1152 92.7801 0 5.07867 -1.15138 3.09818 -0.597814 2.19364 0 5.61661 1.07143 2.85833 0.00390267 2.70027 -1.02604e-17 5.98978 0.11501 2.23295 0.124651 2.68416 -1.10457e-17 6.50583 -0.443523 1.4843 0.0764228 2.722 -1.97295e-17 7.60548 -1.50593 1.11419 -0.144185 2.3976 -2.53307e-17 9.49737 -0.914492 1.30132 -1.55616 1.91543 -2.90401e-17 10.5513 1.57691 0.129296 1.6371 0.188674 -1.29193e-17 4.78644 0.715339 -1.02792 -1.69723 -16.1418 -1.8116e-17 4.82109 0.421791 2.10159 -5.51737 -7.20312 -2.00958e-17 4.83041 0.765062 1.47833 -2.47708 -6.62252 1.23299 -7.60731 7.53374 12.9178 -4.87408 -6.66003 12.9547 3.2495 -3.26872 -83.4121 -23.4278 -53.5539 29.2081 0.0598081 0.137039 11.2591 -16.111 -110.88 24.234 0.0496219 0.113701 7.66155 -38.9987 1.2669 -1.23299 -7.60729 7.53365 -27.7099 -3.37325 -4.44905 -12.9547 3.2495 -3.26872 44.8946 0.872965 114.93 -29.2081 0.0598081 0.137039 -11.9104 -10.2787 82.128 -24.234 0.0496218 0.113702 -5.29039 -0.853709 3.77172 9.23673 -4.20556 2.0327 -32.3814 -10.1085 -53.7265 -0.852353 -38.7721 -0.655187 -3.30015 12.2119 0.139088 -2.32622 -40.4017 -6.04875 -4.30291 6.79922 14.8079 0.779096 -9.8844 12.4959 5.49162e-15 -5.63289e-16 -2.19426e-16 -9.23673 -4.20556 2.0327 -26.1247 -1.96536 11.1707 0.852353 -38.7721 -0.655187 13.4263 41.6781 -4.36171 2.32622 -40.4017 -6.04875 0.144946 -4.97508 -16.4353 -0.779096 -9.8844 12.4959 2.918e-15 -7.17716e-16 -1.28935e-14 
7.39921 88.5329 31.9706 5.18059 14.3607 94.8825 0 5.07867 -1.15138 2.66189 -0.623687 1.97598 0 5.61661 1.07143 2.39405 0.276729 2.32111 -1.02604e-17 5.98978 0.11501 1.86872 0.912213 2.28919 -1.10457e-17 6.50583 -0.443523 1.24309 1.75247 2.27965 -1.97295e-17 7.60548 -1.50593 0.995657 1.82205 2.0431 -2.53307e-17 9.49737 -0.914492 1.17605 0.900364 1.60048 -2.90401e-17 10.5513 1.57691 0.0552337 1.3543 0.0491124 -1.29193e-17 4.78644 0.715339 -0.602736 -2.07266 -12.1378 -1.8116e-17 4.82109 0.421791 2.99086 -9.19517 -5.30503 -2.00958e-17 4.83041 0.765062 2.36383 -4.96075 -6.75401 1.23299 -7.60731 7.53374 15.2131 -7.55181 -4.79689 12.9547 3.2495 -3.26872 -89.0335 -29.1828 -63.5381 29.2081 0.0598081 0.137039 10.9258 -16.8776 -114.98 24.234 0.0496219 0.113701 9.09417 -35.6282 4.79019 -1.23299 -7.60729 7.53365 -28.1057 -4.99425 -6.68558 -12.9547 3.2495 -3.26872 48.3051 -2.98284 119.684 -29.2081 0.0598081 0.137039 -11.998 -11.0609 85.9065 -24.234 0.0496218 0.113702 -3.97616 -1.59871 5.09471 9.23673 -4.20556 2.0327 -30.7292 -6.88263 -51.956 -0.852353 -38.7721 -0.655187 -3.02221 11.2048 0.100274 -2.32622 -40.4017 -6.04875 -5.88087 6.8338 15.2645 0.779096 -9.8844 12.4959 9.05067e-16 -7.54322e-16 -2.83931e-17 -9.23673 -4.20556 2.0327 -22.9181 0.959691 13.0332 0.852353 -38.7721 -0.655187 13.8934 42.6552 -4.65783 2.32622 -40.4017 -6.04875 2.02736 -6.44426 -16.8672 -0.779096 -9.8844 12.4959 2.48415e-16 -5.9857e-16 -1.27741e-14 
6.34301 88.4382 33.7465 6.20805 14.4796 97.1768 0 5.07867 -1.15138 2.38718 -2.65948 1.74005 0 5.61661 1.07143 2.18624 -1.07537 1.9062 -1.02604e-17 5.98978 0.11501 1.75337 0.816129 1.84014 -1.10457e-17 6.50583 -0.443523 1.20142 3.56566 1.79629 -1.97295e-17 7.60548 -1.50593 0.981976 4.86455 1.62473 -2.53307e-17 9.49737 -0.914492 1.11152 4.92716 1.20406 -2.90401e-17 10.5513 1.57691 -0.105528 0.878756 -0.174607 -1.29193e-17 4.78644 0.715339 0.725621 1.84124 -8.39894 -1.8116e-17 4.82109 0.421791 3.35638 -11.9094 -3.62899 -2.00958e-17 4.83041 0.765062 3.32566 -13.2103 -5.85109 1.23299 -7.60731 7.53374 17.0671 -10.8923 -0.445311 12.9547 3.2495 -3.26872 -98.3881 -36.9821 -72.5932 29.2081 0.0598081 0.137039 10.5187 -17.6465 -119.255 24.234 0.0496219 0.113701 9.27067 -36.4574 8.13605 -1.23299 -7.60729 7.53365 -27.3141 -6.88869 -10.1619 -12.9547 3.2495 -3.26872 48.5393 -2.67371 125.27 -29.2081 0.0598081 0.137039 -12.0181 -12.5727 93.1964 -24.234 0.0496218 0.113702 -2.42782 1.057 3.5681 9.23673 -4.20556 2.0327 -29.4408 -5.16418 -51.0756 -0.852353 -38.7721 -0.655187 -2.78572 10.343 0.0711134 -2.32622 -40.4017 -6.04875 -4.99595 5.88531 15.1082 0.779096 -9.8844 12.4959 -7.4193e-16 -8.31081e-16 4.83668e-17 -9.23673 -4.20556 2.0327 -20.0819 2.652 13.6196 0.852353 -38.7721 -0.655187 14.0411 42.9577 -4.75278 2.32622 -40.4017 -6.04875 1.51685 -8.501 -16.9188 -0.779096 -9.8844 12.4959 -9.72653e-16 -5.47544e-16 -1.27231e-14 
5.42949 87.7297 35.4377 3.30332 13.4033 98.777 0 5.07867 -1.15138 2.09752 -3.61189 2.03672 0 5.61661 1.07143 1.84389 -1.91273 2.16784 -1.02604e-17 5.98978 0.11501 1.43653 0.305608 2.12789 -1.10457e-17 6.50583 -0.443523 0.892749 3.73942 2.09746 -1.97295e-17 7.60548 -1.50593 0.784664 5.37978 1.91233 -2.53307e-17 9.49737 -0.914492 1.09563 5.80642 1.51196 -2.90401e-17 10.5513 1.57691 -0.0610872 0.597245 -0.269704 -1.29193e-17 4.78644 0.715339 0.68204 3.21686 -6.22684 -1.8116e-17 4.82109 0.421791 3.54176 -12.9731 -2.59907 -2.00958e-17 4.83041 0.765062 4.71118 -17.3027 -6.17779 1.23299 -7.60731 7.53374 18.8911 -12.1756 1.05376 12.9547 3.2495 -3.26872 -107.905 -41.6973 -79.424 29.2081 0.0598081 0.137039 10.0845 -18.3349 -123.26 24.234 0.0496219 0.113701 9.62362 -36.6274 7.49817 -1.23299 -7.60729 7.53365 -26.6981 -6.71717 -12.274 -12.9547 3.2495 -3.26872 49.2512 -5.37704 127.173 -29.2081 0.0598081 0.137039 -11.7579 -14.4769 102.529 -24.234 0.0496218 0.113702 -1.93117 3.36904 0.287015 9.23673 -4.20556 2.0327 -28.6695 -8.7733 -50.5013 -0.852353 -38.7721 -0.655187 -3.3061 12.2334 0.139972 -2.32622 -40.4017 -6.04875 -3.19388 1.60074 15.0345 0.779096 -9.8844 12.4959 4.01147e-16 -7.83601e-16 8.86268e-19 -9.23673 -4.20556 2.0327 -17.2636 -0.179877 14.1156 0.852353 -38.7721 -0.655187 14.3295 43.5396 -4.93994 2.32622 -40.4017 -6.04875 2.56762 -9.66404 -17.0257 -0.779096 -9.8844 12.4959 -2.12965e-16 -5.83265e-16 -1.27588e-14 
4.57122 86.908 36.9089 -1.32124 11.7768 101.117 0 5.07867 -1.15138 1.95637 -4.15891 2.19199 0 5.61661 1.07143 1.71101 -2.56038 2.39223 -1.02604e-17 5.98978 0.11501 1.30286 -0.291818 2.39296 -1.10457e-17 6.50583 -0.443523 0.725528 3.3357 2.39445 -1.97295e-17 7.60548 -1.50593 0.654662 5.01925 2.16222 -2.53307e-17 9.49737 -0.914492 1.05504 5.69523 1.81085 -2.90401e-17 10.5513 1.57691 -0.00343511 0.502417 -0.279351 -1.29193e-17 4.78644 0.715339 0.332704 3.60217 -5.43832 -1.8116e-17 4.82109 0.421791 3.27247 -13.123 -2.26469 -2.00958e-17 4.83041 0.765062 5.75593 -20.19 -6.08711 1.23299 -7.60731 7.53374 19.6533 -12.3871 2.08833 12.9547 3.2495 -3.26872 -111.775 -40.7777 -82.6528 29.2081 0.0598081 0.137039 9.7888 -18.7472 -125.758 24.234 0.0496219 0.113701 10.857 -33.7296 3.30093 -1.23299 -7.60729 7.53365 -25.7683 -6.33972 -13.0985 -12.9547 3.2495 -3.26872 48.8294 -6.20507 128.682 -29.2081 0.0598081 0.137039 -11.4122 -15.6951 108.712 -24.234 0.0496218 0.113702 0.755904 7.69636 -0.0891092 9.23673 -4.20556 2.0327 -28.2103 -13.8985 -50.5618 -0.852353 -38.7721 -0.655187 -3.8472 14.1741 0.229677 -2.32622 -40.4017 -6.04875 -0.231211 -2.15777 14.8318 0.779096 -9.8844 12.4959 -7.4902e-16 -8.31525e-16 4.88099e-17 -9.23673 -4.20556 2.0327 -14.0718 -4.31 15.1492 0.852353 -38.7721 -0.655187 14.4963 43.8709 -5.04923 2.32622 -40.4017 -6.04875 2.62798 -11.7213 -17.0079 -0.779096 -9.8844 12.4959 -1.37022e-15 -5.3512e-16 -1.27107e-14 
3.73579 86.3093 38.2021 -5.53006 10.4509 103.927 0 5.07867 -1.15138 1.71378 -4.49735 2.33493 0 5.61661 1.07143 1.48727 -3.03722 2.59539 -1.02604e-17 5.98978 0.11501 1.10012 -0.93425 2.6182 -1.10457e-17 6.50583 -0.443523 0.519948 2.64156 2.63295 -1.97295e-17 7.60548 -1.50593 0.499409 4.18572 2.37464 -2.53307e-17 9.49737 -0.914492 1.01529 4.82397 2.07576 -2.90401e-17 10.5513 1.57691 0.0805883 0.520638 -0.260932 -1.29193e-17 4.78644 0.715339 -0.356592 2.93468 -5.7121 -1.8116e-17 4.82109 0.421791 2.9552 -12.8319 -2.42778 -2.00958e-17 4.83041 0.765062 6.43649 -20.5897 -7.06226 1.23299 -7.60731 7.53374 20.8596 -11.6431 2.79937 12.9547 3.2495 -3.26872 -111.537 -40.6721 -83.0336 29.2081 0.0598081 0.137039 9.56694 -19.0324 -127.537 24.234 0.0496219 0.113701 14.5458 -31.8944 0.764961 -1.23299 -7.60729 7.53365 -25.0664 -5.63568 -13.6508 -12.9547 3.2495 -3.26872 47.6013 -7.09097 129.033 -29.2081 0.0598081 0.137039 -11.1457 -16.3898 112.355 -24.234 0.0496218 0.113702 2.33414 11.6755 0.482822 9.23673 -4.20556 2.0327 -28.9814 -18.9478 -51.9257 -0.852353 -38.7721 -0.655187 -4.52359 16.5583 0.367273 -2.32622 -40.4017 -6.04875 0.57609 -4.34137 14.9854 0.779096 -9.8844 12.4959 1.06678e-17 -7.95803e-16 1.30887e-17 -9.23673 -4.20556 2.0327 -11.8529 -8.23852 15.6187 0.852353 -38.7721 -0.655187 14.9024 44.662 -5.31852 2.32622 -40.4017 -6.04875 3.35294 -12.7569 -16.9589 -0.779096 -9.8844 12.4959 -6.10534e-16 -5.58639e-16 -1.27464e-14 
3.0079 85.8999 39.5165 -7.91764 9.45088 105.889 0 5.07867 -1.15138 1.45268 -4.20718 2.56403 0 5.61661 1.07143 1.2036 -2.93791 2.89013 -1.02604e-17 5.98978 0.11501 0.834227 -1.16229 2.95525 -1.10457e-17 6.50583 -0.443523 0.250275 2.04523 3.0014 -1.97295e-17 7.60548 -1.50593 0.331481 3.25732 2.70816 -2.53307e-17 9.49737 -0.914492 1.00583 3.69327 2.45556 -2.90401e-17 10.5513 1.57691 0.147514 0.54118 -0.209227 -1.29193e-17 4.78644 0.715339 -1.25607 1.18252 -7.71889 -1.8116e-17 4.82109 0.421791 3.07733 -12.5307 -3.36756 -2.00958e-17 4.83041 0.765062 7.44922 -19.576 -7.47161 1.23299 -7.60731 7.53374 21.5695 -10.9847 2.81302 12.9547 3.2495 -3.26872 -111.299 -40.6246 -84.9768 29.2081 0.0598081 0.137039 9.3166 -19.3328 -129.462 24.234 0.0496219 0.113701 17.1947 -29.9923 0.712824 -1.23299 -7.60729 7.53365 -24.3882 -4.74117 -13.359 -12.9547 3.2495 -3.26872 46.866 -8.79147 127.753 -29.2081 0.0598081 0.137039 -10.8256 -17.0809 116.093 -24.234 0.0496218 0.113702 4.30338 13.6803 -0.110117 9.23673 -4.20556 2.0327 -29.6322 -22.3887 -53.5564 -0.852353 -38.7721 -0.655187 -5.11056 18.5844 0.509062 -2.32622 -40.4017 -6.04875 0.805989 -5.71942 15.1198 0.779096 -9.8844 12.4959 2.48481e-17 -7.95139e-16 1.2424e-17 -9.23673 -4.20556 2.0327 -10.1094 -10.2466 15.6506 0.852353 -38.7721 -0.655187 15.0321 44.91 -5.40542 2.32622 -40.4017 -6.04875 4.22362 -13.3836 -16.959 -0.779096 -9.8844 12.4959 -2.05875e-16 -5.83487e-16 -1.27593e-14 
2.47851 85.667 40.9026 -8.14817 9.2754 106.39 0 5.07867 -1.15138 1.30801 -4.31558 2.81659 0 5.61661 1.07143 0.968715 -2.9488 3.21397 -1.02604e-17 5.98978 0.11501 0.577214 -1.08425 3.3059 -1.10457e-17 6.50583 -0.443523 -0.0433061 2.41068 3.37644 -1.97295e-17 7.60548 -1.50593 0.139102 3.74724 3.07627 -2.53307e-17 9.49737 -0.914492 0.971951 4.32738 2.8978 -2.90401e-17 10.5513 1.57691 0.193076 0.339195 -0.209966 -1.29193e-17 4.78644 0.715339 -2.24308 -1.10115 -9.9733 -1.8116e-17 4.82109 0.421791 3.73163 -12.7823 -4.45649 -2.00958e-17 4.83041 0.765062 8.58953 -18.8409 -7.43923 1.23299 -7.60731 7.53374 21.6369 -11.523 2.70176 12.9547 3.2495 -3.26872 -111.069 -38.9902 -88.8703 29.2081 0.0598081 0.137039 9.00875 -19.675 -131.728 24.234 0.0496219 0.113701 17.1919 -25.8204 1.48998 -1.23299 -7.60729 7.53365 -23.7876 -4.96976 -12.993 -12.9547 3.2495 -3.26872 47.2948 -11.8417 125.051 -29.2081 0.0598081 0.137039 -10.4999 -17.6787 119.439 -24.234 0.0496218 0.113702 5.15157 13.2993 -0.400655 9.23673 -4.20556 2.0327 -29.6977 -23.8916 -54.216 -0.852353 -38.7721 -0.655187 -5.59504 20.2237 0.641344 -2.32622 -40.4017 -6.04875 0.563862 -6.58307 15.2628 0.779096 -9.8844 12.4959 2.48481e-17 -7.95139e-16 1.2424e-17 -9.23673 -4.20556 2.0327 -8.77804 -10.0719 16.1969 0.852353 -38.7721 -0.655187 14.9395 44.7331 -5.3433 2.32622 -40.4017 -6.04875 5.55987 -13.6598 -16.9685 -0.779096 -9.8844 12.4959 -1.37022e-15 -5.3512e-16 -1.27107e-14 
2.13774 85.5473 42.2401 -6.95773 9.81711 106.51 0 5.07867 -1.15138 1.03704 -4.1558 3.04752 0 5.61661 1.07143 0.591644 -2.6863 3.48723 -1.02604e-17 5.98978 0.11501 0.197562 -0.737462 3.60422 -1.10457e-17 6.50583 -0.443523 -0.424078 2.97295 3.69469 -1.97295e-17 7.60548 -1.50593 -0.0983318 4.43156 3.42355 -2.53307e-17 9.49737 -0.914492 0.925696 5.08518 3.31968 -2.90401e-17 10.5513 1.57691 0.227544 0.11956 -0.202228 -1.29193e-17 4.78644 0.715339 -3.33667 -3.32901 -12.2175 -1.8116e-17 4.82109 0.421791 4.26641 -12.9246 -5.57891 -2.00958e-17 4.83041 0.765062 10.3824 -17.7221 -7.51915 1.23299 -7.60731 7.53374 21.3139 -12.2647 2.01868 12.9547 3.2495 -3.26872 -110.707 -37.5615 -92.4314 29.2081 0.0598081 0.137039 8.81648 -19.8752 -133.094 24.234 0.0496219 0.113701 15.6097 -22.5229 1.62226 -1.23299 -7.60729 7.53365 -23.1013 -5.48303 -12.1078 -12.9547 3.2495 -3.26872 47.9259 -14.5424 121.925 -29.2081 0.0598081 0.137039 -10.2984 -18.0097 121.345 -24.234 0.0496218 0.113702 5.91575 13.3277 -0.542739 9.23673 -4.20556 2.0327 -29.5482 -23.7765 -53.936 -0.852353 -38.7721 -0.655187 -5.9864 21.5244 0.758017 -2.32622 -40.4017 -6.04875 0.26148 -6.8369 15.3668 0.779096 -9.8844 12.4959 2.48481e-17 -7.95139e-16 1.2424e-17 -9.23673 -4.20556 2.0327 -8.15985 -8.1055 16.4304 0.852353 -38.7721 -0.655187 14.6337 44.1411 -5.13987 2.32622 -40.4017 -6.04875 7.45689 -13.984 -16.9117 -0.779096 -9.8844 12.4959 -6.10534e-16 -5.58639e-16 -1.27464e-14 
2.00106 85.4389 43.4344 -5.79286 10.2053 106.641 0 5.07867 -1.15138 0.727497 -3.79377 3.23564 0 5.61661 1.07143 0.204033 -2.30282 3.67016 -1.02604e-17 5.98978 0.11501 -0.16916 -0.374389 3.8139 -1.10457e-17 6.50583 -0.443523 -0.761132 3.32567 3.92154 -1.97295e-17 7.60548 -1.50593 -0.292028 4.75647 3.67861 -2.53307e-17 9.49737 -0.914492 0.903468 5.33487 3.60265 -2.90401e-17 10.5513 1.57691 0.260269 0.00509886 -0.18927 -1.29193e-17 4.78644 0.715339 -3.90211 -4.43086 -13.6542 -1.8116e-17 4.82109 0.421791 5.06321 -12.9726 -6.30426 -2.00958e-17 4.83041 0.765062 11.4726 -17.2409 -7.80852 1.23299 -7.60731 7.53374 21.1644 -12.7854 1.30483 12.9547 3.2495 -3.26872 -111.198 -36.6269 -94.6204 29.2081 0.0598081 0.137039 8.72717 -19.9649 -133.716 24.234 0.0496219 0.113701 13.6249 -21.2126 1.0537 -1.23299 -7.60729 7.53365 -22.8746 -5.70388 -11.4106 -12.9547 3.2495 -3.26872 48.5745 -16.4303 118.742 -29.2081 0.0598081 0.137039 -10.2402 -18.1007 121.877 -24.234 0.0496218 0.113702 6.06208 14.3526 -0.0355824 9.23673 -4.20556 2.0327 -29.3153 -23.4529 -53.5435 -0.852353 -38.7721 -0.655187 -6.35092 22.7164 0.874399 -2.32622 -40.4017 -6.04875 0.258479 -7.08169 15.485 0.779096 -9.8844 12.4959 2.48481e-17 -7.95139e-16 1.2424e-17 -9.23673 -4.20556 2.0327 -7.53989 -5.72189 15.7783 0.852353 -38.7721 -0.655187 14.0286 42.9322 -4.7447 2.32622 -40.4017 -6.04875 8.8736 -13.8361 -16.78 -0.779096 -9.8844 12.4959 -2.05875e-16 -5.83487e-16 -1.27593e-14 
2.01525 85.2322 44.4289 -5.64569 10.264 106.57 0 5.07867 -1.15138 0.388311 -3.61903 3.40003 0 5.61661 1.07143 -0.17354 -2.14112 3.80304 -1.02604e-17 5.98978 0.11501 -0.517408 -0.218388 3.97213 -1.10457e-17 6.50583 -0.443523 -1.07978 3.4617 4.09767 -1.97295e-17 7.60548 -1.50593 -0.486281 4.85537 3.87601 -2.53307e-17 9.49737 -0.914492 0.849102 5.35729 3.8096 -2.90401e-17 10.5513 1.57691 0.29764 -0.0441731 -0.198982 -1.29193e-17 4.78644 0.715339 -3.91465 -4.44018 -14.0736 -1.8116e-17 4.82109 0.421791 5.70391 -12.7161 -6.53192 -2.00958e-17 4.83041 0.765062 12.4768 -18.0052 -8.25555 1.23299 -7.60731 7.53374 21.1708 -13.0613 1.11637 12.9547 3.2495 -3.26872 -111.263 -35.1316 -95.5472 29.2081 0.0598081 0.137039 8.69474 -19.997 -133.941 24.234 0.0496219 0.113701 11.9163 -20.0808 0.136713 -1.23299 -7.60729 7.53365 -22.9361 -5.72308 -11.1209 -12.9547 3.2495 -3.26872 49.515 -17.3935 116.079 -29.2081 0.0598081 0.137039 -10.213 -18.1426 122.122 -24.234 0.0496218 0.113702 6.11447 15.7592 0.546296 9.23673 -4.20556 2.0327 -29.3042 -24.0404 -53.4444 -0.852353 -38.7721 -0.655187 -6.71654 23.8922 0.998432 -2.32622 -40.4017 -6.04875 0.862098 -7.62151 15.5852 0.779096 -9.8844 12.4959 2.48481e-17 -7.95139e-16 1.2424e-17 -9.23673 -4.20556 2.0327 -6.46703 -3.41508 14.8749 0.852353 -38.7721 -0.655187 12.9075 40.556 -4.04059 2.32622 -40.4017 -6.04875 10.1045 -12.4634 -16.7531 -0.779096 -9.8844 12.4959 -5.89264e-16 -5.59525e-16 -1.27473e-14 
1.99616 84.9689 45.0867 -5.57347 10.4401 106.359 0 5.07867 -1.15138 0.0651852 -3.58937 3.53966 0 5.61661 1.07143 -0.506714 -2.11692 3.91455 -1.02604e-17 5.98978 0.11501 -0.815804 -0.178853 4.10342 -1.10457e-17 6.50583 -0.443523 -1.34456 3.51173 4.24552 -1.97295e-17 7.60548 -1.50593 -0.643519 4.89934 4.04051 -2.53307e-17 9.49737 -0.914492 0.812131 5.34405 3.97543 -2.90401e-17 10.5513 1.57691 0.325399 -0.0488333 -0.205249 -1.29193e-17 4.78644 0.715339 -3.8424 -4.29772 -14.4481 -1.8116e-17 4.82109 0.421791 6.32704 -12.447 -6.72436 -2.00958e-17 4.83041 0.765062 13.4202 -18.3441 -8.47644 1.23299 -7.60731 7.53374 21.2154 -13.2162 1.26573 12.9547 3.2495 -3.26872 -110.312 -33.0098 -95.7074 29.2081 0.0598081 0.137039 8.73569 -19.9564 -133.657 24.234 0.0496219 0.113701 10.5553 -18.4634 -0.480536 -1.23299 -7.60729 7.53365 -22.9987 -5.70974 -10.8745 -12.9547 3.2495 -3.26872 50.1001 -18.2342 113.647 -29.2081 0.0598081 0.137039 -10.228 -18.1195 121.987 -24.234 0.0496218 0.113702 5.81526 16.6177 0.962734 9.23673 -4.20556 2.0327 -29.4998 -24.5679 -53.5427 -0.852353 -38.7721 -0.655187 -7.05426 24.9603 1.11935 -2.32622 -40.4017 -6.04875 1.37117 -8.18063 15.6808 0.779096 -9.8844 12.4959 4.15327e-16 -7.82936e-16 2.21567e-19 -9.23673 -4.20556 2.0327 -6.44037 -2.13146 14.3306 0.852353 -38.7721 -0.655187 12.561 39.7843 -3.83082 2.32622 -40.4017 -6.04875 10.7197 -13.1761 -16.5495 -0.779096 -9.8844 12.4959 -2.05875e-16 -5.83487e-16 -1.27593e-14 
1.95668 84.7937 45.3842 -4.88633 10.8391 106.054 0 5.07867 -1.15138 -0.161156 -3.41314 3.63793 0 5.61661 1.07143 -0.72975 -1.99269 3.99648 -1.02604e-17 5.98978 0.11501 -1.01134 -0.123464 4.20492 -1.10457e-17 6.50583 -0.443523 -1.50989 3.4155 4.36158 -1.97295e-17 7.60548 -1.50593 -0.730506 4.69303 4.16394 -2.53307e-17 9.49737 -0.914492 0.804277 5.02715 4.08265 -2.90401e-17 10.5513 1.57691 0.323675 0.037184 -0.189621 -1.29193e-17 4.78644 0.715339 -3.68069 -3.88366 -14.8518 -1.8116e-17 4.82109 0.421791 6.81097 -12.1245 -6.9057 -2.00958e-17 4.83041 0.765062 14.1345 -18.0989 -8.80038 1.23299 -7.60731 7.53374 21.2709 -13.1361 1.31928 12.9547 3.2495 -3.26872 -109.034 -31.1005 -95.2306 29.2081 0.0598081 0.137039 8.88569 -19.8043 -132.606 24.234 0.0496219 0.113701 9.44189 -17.4874 -1.14109 -1.23299 -7.60729 7.53365 -23.1726 -5.48704 -10.5988 -12.9547 3.2495 -3.26872 50.1581 -18.7463 111.714 -29.2081 0.0598081 0.137039 -10.3625 -17.9073 120.751 -24.234 0.0496218 0.113702 5.14226 17.0224 1.59357 9.23673 -4.20556 2.0327 -29.6249 -24.2474 -53.4925 -0.852353 -38.7721 -0.655187 -7.2523 25.5784 1.19304 -2.32622 -40.4017 -6.04875 1.62924 -8.41882 15.7133 0.779096 -9.8844 12.4959 3.19382e-17 -7.94917e-16 1.22025e-17 -9.23673 -4.20556 2.0327 -6.64646 0.10527 13.7671 0.852353 -38.7721 -0.655187 11.9505 38.3803 -3.47087 2.32622 -40.4017 -6.04875 10.9207 -13.5042 -16.3776 -0.779096 -9.8844 12.4959 -5.89264e-16 -5.59525e-16 -1.27473e-14 
2.04283 84.639 45.4906 -4.53088 10.9966 105.581 0 5.07867 -1.15138 -0.308437 -3.44251 3.69931 0 5.61661 1.07143 -0.860611 -2.04919 4.04091 -1.02604e-17 5.98978 0.11501 -1.12327 -0.185723 4.26605 -1.10457e-17 6.50583 -0.443523 -1.60211 3.29252 4.43298 -1.97295e-17 7.60548 -1.50593 -0.782582 4.54037 4.23881 -2.53307e-17 9.49737 -0.914492 0.79167 4.8276 4.13799 -2.90401e-17 10.5513 1.57691 0.317641 0.11476 -0.188886 -1.29193e-17 4.78644 0.715339 -3.17175 -2.9624 -14.6482 -1.8116e-17 4.82109 0.421791 7.31989 -11.7967 -6.78767 -2.00958e-17 4.83041 0.765062 14.636 -18.6562 -9.4063 1.23299 -7.60731 7.53374 21.2697 -13.0125 1.64755 12.9547 3.2495 -3.26872 -107.772 -29.2722 -94.5991 29.2081 0.0598081 0.137039 9.06248 -19.6173 -131.34 24.234 0.0496219 0.113701 8.55091 -17.1668 -2.18097 -1.23299 -7.60729 7.53365 -23.4283 -5.24564 -10.6648 -12.9547 3.2495 -3.26872 49.8653 -18.4789 110.336 -29.2081 0.0598081 0.137039 -10.5245 -17.6365 119.199 -24.234 0.0496218 0.113702 4.35967 17.811 2.76689 9.23673 -4.20556 2.0327 -29.6548 -24.177 -53.4916 -0.852353 -38.7721 -0.655187 -7.43848 26.1539 1.26416 -2.32622 -40.4017 -6.04875 1.85659 -8.85005 15.7604 0.779096 -9.8844 12.4959 1.19629e-15 -7.46329e-16 -3.63859e-17 -9.23673 -4.20556 2.0327 -7.02622 1.83924 12.9549 0.852353 -38.7721 -0.655187 11.4188 37.1107 -3.16795 2.32622 -40.4017 -6.04875 10.6895 -14.0794 -16.1442 -0.779096 -9.8844 12.4959 1.84604e-16 -5.95689e-16 -1.27715e-14 
2.13227 84.4253 45.5265 -5.03145 10.7937 104.744 0 5.07867 -1.15138 -0.433449 -3.69523 3.77791 0 5.61661 1.07143 -0.965151 -2.30726 4.11629 -1.02604e-17 5.98978 0.11501 -1.21084 -0.395921 4.36039 -1.10457e-17 6.50583 -0.443523 -1.68308 3.13091 4.54525 -1.97295e-17 7.60548 -1.50593 -0.827956 4.4145 4.34207 -2.53307e-17 9.49737 -0.914492 0.790023 4.71207 4.22687 -2.90401e-17 10.5513 1.57691 0.336457 0.156554 -0.19345 -1.29193e-17 4.78644 0.715339 -2.66457 -2.1196 -14.2139 -1.8116e-17 4.82109 0.421791 7.83146 -11.5381 -6.55375 -2.00958e-17 4.83041 0.765062 15.1945 -19.634 -10.0182 1.23299 -7.60731 7.53374 21.1891 -12.875 2.32306 12.9547 3.2495 -3.26872 -106.253 -27.3746 -94.1127 29.2081 0.0598081 0.137039 9.17765 -19.4908 -130.498 24.234 0.0496219 0.113701 8.27084 -16.749 -3.03586 -1.23299 -7.60729 7.53365 -23.6137 -4.99378 -10.9308 -12.9547 3.2495 -3.26872 49.3733 -18.2477 109.286 -29.2081 0.0598081 0.137039 -10.5915 -17.5191 118.534 -24.234 0.0496218 0.113702 3.77646 18.8698 3.52509 9.23673 -4.20556 2.0327 -29.7442 -25.153 -53.8497 -0.852353 -38.7721 -0.655187 -7.69646 26.9422 1.36562 -2.32622 -40.4017 -6.04875 2.21099 -9.62973 15.8573 0.779096 -9.8844 12.4959 -1.90624e-15 -8.79668e-16 9.69535e-17 -9.23673 -4.20556 2.0327 -7.43128 2.33287 12.2614 0.852353 -38.7721 -0.655187 11.0501 36.2041 -2.9639 2.32622 -40.4017 -6.04875 10.4321 -14.6544 -15.8958 -0.779096 -9.8844 12.4959 -5.82164e-16 -5.59747e-16 -1.27475e-14 
2.1636 84.2403 45.5076 -5.65527 10.5591 103.721 0 5.07867 -1.15138 -0.505722 -3.93393 3.86952 0 5.61661 1.07143 -1.0256 -2.55358 4.23115 -1.02604e-17 5.98978 0.11501 -1.26325 -0.617146 4.49747 -1.10457e-17 6.50583 -0.443523 -1.74252 2.94224 4.70582 -1.97295e-17 7.60548 -1.50593 -0.851123 4.24124 4.48293 -2.53307e-17 9.49737 -0.914492 0.817717 4.54567 4.36094 -2.90401e-17 10.5513 1.57691 0.368162 0.187679 -0.185437 -1.29193e-17 4.78644 0.715339 -2.46054 -1.77437 -14.2516 -1.8116e-17 4.82109 0.421791 8.26357 -11.3038 -6.54114 -2.00958e-17 4.83041 0.765062 15.8526 -19.9543 -10.265 1.23299 -7.60731 7.53374 21.1173 -12.7281 2.89254 12.9547 3.2495 -3.26872 -104.482 -25.5599 -93.9764 29.2081 0.0598081 0.137039 9.26534 -19.3918 -129.847 24.234 0.0496219 0.113701 8.65427 -15.7308 -3.53378 -1.23299 -7.60729 7.53365 -23.6901 -4.74535 -11.0842 -12.9547 3.2495 -3.26872 48.8204 -18.4384 108.52 -29.2081 0.0598081 0.137039 -10.6062 -17.4929 118.386 -24.234 0.0496218 0.113702 3.5616 19.7988 3.63239 9.23673 -4.20556 2.0327 -29.7933 -26.3118 -54.2143 -0.852353 -38.7721 -0.655187 -7.91874 27.6129 1.4557 -2.32622 -40.4017 -6.04875 2.61323 -10.2726 15.9395 0.779096 -9.8844 12.4959 -7.91575e-16 -8.33298e-16 5.0583e-17 -9.23673 -4.20556 2.0327 -7.77596 2.3869 12.0938 0.852353 -38.7721 -0.655187 10.7994 35.5752 -2.82808 2.32622 -40.4017 -6.04875 10.0277 -15.4157 -15.6541 -0.779096 -9.8844 12.4959 -1.3773e-15 -5.34677e-16 -1.27105e-14 
2.11923 84.1368 45.3755 -5.66824 10.5615 102.624 0 5.07867 -1.15138 -0.51995 -4.08595 3.96714 0 5.61661 1.07143 -1.04198 -2.70694 4.36617 -1.02604e-17 5.98978 0.11501 -1.28688 -0.745404 4.6553 -1.10457e-17 6.50583 -0.443523 -1.78513 2.83934 4.88512 -1.97295e-17 7.60548 -1.50593 -0.869464 4.1682 4.64555 -2.53307e-17 9.49737 -0.914492 0.842517 4.48842 4.52665 -2.90401e-17 10.5513 1.57691 0.387131 0.207464 -0.170926 -1.29193e-17 4.78644 0.715339 -2.39986 -1.6373 -14.5354 -1.8116e-17 4.82109 0.421791 8.61095 -11.1188 -6.65542 -2.00958e-17 4.83041 0.765062 16.5085 -19.845 -10.4775 1.23299 -7.60731 7.53374 20.938 -12.6915 3.38359 12.9547 3.2495 -3.26872 -102.5 -23.5944 -94.0221 29.2081 0.0598081 0.137039 9.35287 -19.2906 -129.188 24.234 0.0496219 0.113701 9.23001 -14.1549 -4.01027 -1.23299 -7.60729 7.53365 -23.7356 -4.54539 -11.1481 -12.9547 3.2495 -3.26872 48.1784 -18.4163 107.794 -29.2081 0.0598081 0.137039 -10.6303 -17.4496 118.143 -24.234 0.0496218 0.113702 3.514 20.953 3.77572 9.23673 -4.20556 2.0327 -29.8235 -26.9344 -54.2646 -0.852353 -38.7721 -0.655187 -8.10683 28.1742 1.53383 -2.32622 -40.4017 -6.04875 2.76316 -10.4017 15.9585 0.779096 -9.8844 12.4959 -1.55124e-15 -8.69018e-16 8.63031e-17 -9.23673 -4.20556 2.0327 -8.16013 2.90315 12.3042 0.852353 -38.7721 -0.655187 10.5634 34.9737 -2.70239 2.32622 -40.4017 -6.04875 9.70411 -15.9322 -15.4817 -0.779096 -9.8844 12.4959 -2.95339e-15 -4.6102e-16 -1.26366e-14 
2.12257 84.1394 45.1466 -4.98988 10.8068 101.553 0 5.07867 -1.15138 -0.492644 -4.28572 4.0528 0 5.61661 1.07143 -1.02483 -2.85344 4.48154 -1.02604e-17 5.98978 0.11501 -1.28967 -0.782805 4.78572 -1.10457e-17 6.50583 -0.443523 -1.81451 2.94851 5.02903 -1.97295e-17 7.60548 -1.50593 -0.898033 4.41441 4.78841 -2.53307e-17 9.49737 -0.914492 0.838309 4.82035 4.6888 -2.90401e-17 10.5513 1.57691 0.380662 0.178067 -0.161767 -1.29193e-17 4.78644 0.715339 -2.29842 -1.47656 -14.7871 -1.8116e-17 4.82109 0.421791 8.94219 -11.066 -6.77549 -2.00958e-17 4.83041 0.765062 17.1118 -19.7686 -10.7643 1.23299 -7.60731 7.53374 20.538 -12.9096 3.88642 12.9547 3.2495 -3.26872 -100.52 -21.504 -94.232 29.2081 0.0598081 0.137039 9.40822 -19.2254 -128.767 24.234 0.0496219 0.113701 9.65234 -12.3903 -4.44633 -1.23299 -7.60729 7.53365 -23.6935 -4.56229 -11.1449 -12.9547 3.2495 -3.26872 47.2745 -18.1636 106.905 -29.2081 0.0598081 0.137039 -10.6495 -17.4148 117.948 -24.234 0.0496218 0.113702 3.33024 22.3735 3.97659 9.23673 -4.20556 2.0327 -29.7647 -26.7909 -53.8768 -0.852353 -38.7721 -0.655187 -8.22722 28.5305 1.58474 -2.32622 -40.4017 -6.04875 2.56844 -10.1358 15.9242 0.779096 -9.8844 12.4959 -7.8448e-16 -8.33076e-16 5.03613e-17 -9.23673 -4.20556 2.0327 -8.69791 4.03881 12.5794 0.852353 -38.7721 -0.655187 10.3073 34.3112 -2.56857 2.32622 -40.4017 -6.04875 9.61239 -16.103 -15.3839 -0.779096 -9.8844 12.4959 -1.81035e-15 -5.08499e-16 -1.26963e-14 
2.22029 84.2265 44.8658 -3.93989 11.1073 100.588 0 5.07867 -1.15138 -0.414655 -4.53662 4.11548 0 5.61661 1.07143 -0.962234 -3.00442 4.56566 -1.02604e-17 5.98978 0.11501 -1.25682 -0.7623 4.87628 -1.10457e-17 6.50583 -0.443523 -1.81579 3.21271 5.12699 -1.97295e-17 7.60548 -1.50593 -0.921184 4.88922 4.89505 -2.53307e-17 9.49737 -0.914492 0.817176 5.4337 4.82311 -2.90401e-17 10.5513 1.57691 0.35896 0.113963 -0.155718 -1.29193e-17 4.78644 0.715339 -2.14874 -1.23175 -15.0517 -1.8116e-17 4.82109 0.421791 9.23812 -11.0797 -6.91876 -2.00958e-17 4.83041 0.765062 17.6539 -19.7902 -11.0055 1.23299 -7.60731 7.53374 20.0304 -13.312 4.34348 12.9547 3.2495 -3.26872 -98.8774 -19.6192 -94.4703 29.2081 0.0598081 0.137039 9.4158 -19.2164 -128.709 24.234 0.0496219 0.113701 9.99475 -10.7288 -4.80986 -1.23299 -7.60729 7.53365 -23.5756 -4.77538 -11.0851 -12.9547 3.2495 -3.26872 46.257 -17.9947 105.845 -29.2081 0.0598081 0.137039 -10.639 -17.434 118.055 -24.234 0.0496218 0.113702 2.95627 23.7486 4.01612 9.23673 -4.20556 2.0327 -29.5838 -26.1166 -53.2191 -0.852353 -38.7721 -0.655187 -8.26621 28.6454 1.60137 -2.32622 -40.4017 -6.04875 2.26222 -9.67133 15.8697 0.779096 -9.8844 12.4959 -1.16077e-15 -8.44613e-16 6.18985e-17 -9.23673 -4.20556 2.0327 -9.28483 5.41998 12.8465 0.852353 -38.7721 -0.655187 10.0636 33.6705 -2.44362 2.32622 -40.4017 -6.04875 9.55866 -15.9963 -15.3491 -0.779096 -9.8844 12.4959 -1.78906e-15 -5.09386e-16 -1.26974e-14 
2.43258 84.325 44.5881 -2.91706 11.3488 99.7877 0 5.07867 -1.15138 -0.318982 -4.8065 4.15835 0 5.61661 1.07143 -0.882405 -3.16363 4.62727 -1.02604e-17 5.98978 0.11501 -1.20724 -0.740871 4.94006 -1.10457e-17 6.50583 -0.443523 -1.80122 3.49957 5.1953 -1.97295e-17 7.60548 -1.50593 -0.935424 5.40043 4.97532 -2.53307e-17 9.49737 -0.914492 0.796971 6.09121 4.9349 -2.90401e-17 10.5513 1.57691 0.337271 0.0440937 -0.149126 -1.29193e-17 4.78644 0.715339 -2.0056 -0.923305 -15.4103 -1.8116e-17 4.82109 0.421791 9.46054 -11.0292 -7.11471 -2.00958e-17 4.83041 0.765062 18.1877 -19.8674 -11.1572 1.23299 -7.60731 7.53374 19.5207 -13.7605 4.66661 12.9547 3.2495 -3.26872 -97.7336 -18.1048 -94.5802 29.2081 0.0598081 0.137039 9.39142 -19.2453 -128.895 24.234 0.0496219 0.113701 10.1695 -9.38709 -5.13164 -1.23299 -7.60729 7.53365 -23.3742 -5.06188 -10.9888 -12.9547 3.2495 -3.26872 45.3681 -17.7228 104.905 -29.2081 0.0598081 0.137039 -10.5932 -17.516 118.517 -24.234 0.0496218 0.113702 2.86264 24.9131 3.7503 9.23673 -4.20556 2.0327 -29.3724 -25.3119 -52.4823 -0.852353 -38.7721 -0.655187 -8.27211 28.6627 1.6039 -2.32622 -40.4017 -6.04875 2.16608 -9.25136 15.8189 0.779096 -9.8844 12.4959 3.56344e-18 -7.96026e-16 1.33109e-17 -9.23673 -4.20556 2.0327 -9.83967 6.6975 13.0197 0.852353 -38.7721 -0.655187 9.85659 33.1189 -2.33944 2.32622 -40.4017 -6.04875 9.45496 -15.7944 -15.3468 -0.779096 -9.8844 12.4959 -2.57001e-15 -4.84981e-16 -1.26608e-14 
2.7403 84.3888 44.3019 -2.20231 11.556 99.1672 0 5.07867 -1.15138 -0.25624 -5.05289 4.19977 0 5.61661 1.07143 -0.832828 -3.32273 4.68753 -1.02604e-17 5.98978 0.11501 -1.17908 -0.754567 5.00259 -1.10457e-17 6.50583 -0.443523 -1.80007 3.70736 5.26286 -1.97295e-17 7.60548 -1.50593 -0.94948 5.79279 5.0539 -2.53307e-17 9.49737 -0.914492 0.791069 6.59283 5.04491 -2.90401e-17 10.5513 1.57691 0.32602 -0.0046956 -0.136812 -1.29193e-17 4.78644 0.715339 -1.9195 -0.630217 -15.9266 -1.8116e-17 4.82109 0.421791 9.61843 -10.9078 -7.3882 -2.00958e-17 4.83041 0.765062 18.7192 -19.8614 -11.2156 1.23299 -7.60731 7.53374 19.0777 -14.1106 4.88528 12.9547 3.2495 -3.26872 -96.8593 -16.9674 -94.4563 29.2081 0.0598081 0.137039 9.35704 -19.2857 -129.156 24.234 0.0496219 0.113701 10.2784 -8.59315 -5.44732 -1.23299 -7.60729 7.53365 -23.1419 -5.2858 -10.9063 -12.9547 3.2495 -3.26872 44.7079 -17.2417 104.231 -29.2081 0.0598081 0.137039 -10.5347 -17.6188 119.099 -24.234 0.0496218 0.113702 3.18441 25.8697 3.29548 9.23673 -4.20556 2.0327 -29.3102 -24.695 -51.8388 -0.852353 -38.7721 -0.655187 -8.29068 28.7174 1.61185 -2.32622 -40.4017 -6.04875 2.26271 -8.95798 15.7799 0.779096 -9.8844 12.4959 -1.14658e-15 -8.43948e-16 6.12333e-17 -9.23673 -4.20556 2.0327 -10.4548 7.48211 13.0206 0.852353 -38.7721 -0.655187 9.781 32.9156 -2.30184 2.32622 -40.4017 -6.04875 9.36746 -15.6023 -15.3446 -0.779096 -9.8844 12.4959 -1.80325e-15 -5.08942e-16 -1.26967e-14 
3.06138 84.3923 43.9491 -1.91252 11.7155 98.7069 0 5.07867 -1.15138 -0.226983 -5.27047 4.23978 0 5.61661 1.07143 -0.810171 -3.48643 4.7464 -1.02604e-17 5.98978 0.11501 -1.16787 -0.816634 5.06482 -1.10457e-17 6.50583 -0.443523 -1.80716 3.8047 5.33102 -1.97295e-17 7.60548 -1.50593 -0.958764 6.0208 5.12732 -2.53307e-17 9.49737 -0.914492 0.799062 6.89511 5.14446 -2.90401e-17 10.5513 1.57691 0.323217 -0.025792 -0.120169 -1.29193e-17 4.78644 0.715339 -1.86944 -0.362087 -16.4747 -1.8116e-17 4.82109 0.421791 9.70504 -10.7765 -7.67299 -2.00958e-17 4.83041 0.765062 19.1885 -19.8346 -11.2062 1.23299 -7.60731 7.53374 18.7314 -14.3056 5.09336 12.9547 3.2495 -3.26872 -96.0465 -16.0783 -94.1193 29.2081 0.0598081 0.137039 9.32927 -19.3182 -129.367 24.234 0.0496219 0.113701 10.4168 -8.17342 -5.86048 -1.23299 -7.60729 7.53365 -22.9539 -5.39151 -10.8845 -12.9547 3.2495 -3.26872 44.269 -16.571 103.909 -29.2081 0.0598081 0.137039 -10.4892 -17.697 119.543 -24.234 0.0496218 0.113702 3.79643 26.5 2.88392 9.23673 -4.20556 2.0327 -29.4944 -24.4925 -51.3752 -0.852353 -38.7721 -0.655187 -8.35802 28.9149 1.64083 -2.32622 -40.4017 -6.04875 2.4968 -8.74277 15.7494 0.779096 -9.8844 12.4959 -7.77385e-16 -8.32633e-16 4.99179e-17 -9.23673 -4.20556 2.0327 -11.0977 7.61603 12.9487 0.852353 -38.7721 -0.655187 9.86588 33.1438 -2.34407 2.32622 -40.4017 -6.04875 9.28375 -15.4714 -15.3297 -0.779096 -9.8844 12.4959 -2.27164e-16 -5.826e-16 -1.27584e-14 
3.37765 84.3599 43.5322 -2.06755 11.8253 98.4534 0 5.07867 -1.15138 -0.224389 -5.46684 4.27388 0 5.61661 1.07143 -0.806731 -3.66072 4.79736 -1.02604e-17 5.98978 0.11501 -1.16686 -0.929655 5.12009 -1.10457e-17 6.50583 -0.443523 -1.81666 3.79449 5.3924 -1.97295e-17 7.60548 -1.50593 -0.961539 6.08876 5.18678 -2.53307e-17 9.49737 -0.914492 0.816658 7.01028 5.22241 -2.90401e-17 10.5513 1.57691 0.325575 -0.0247544 -0.102595 -1.29193e-17 4.78644 0.715339 -1.83193 -0.0989367 -16.9701 -1.8116e-17 4.82109 0.421791 9.73792 -10.6301 -7.92365 -2.00958e-17 4.83041 0.765062 19.5121 -19.8662 -11.2102 1.23299 -7.60731 7.53374 18.4983 -14.3399 5.30663 12.9547 3.2495 -3.26872 -95.357 -15.4065 -93.6301 29.2081 0.0598081 0.137039 9.30606 -19.3451 -129.541 24.234 0.0496219 0.113701 10.6933 -8.02037 -6.32961 -1.23299 -7.60729 7.53365 -22.8444 -5.37767 -10.9341 -12.9547 3.2495 -3.26872 43.9048 -15.8505 103.888 -29.2081 0.0598081 0.137039 -10.4651 -17.7377 119.776 -24.234 0.0496218 0.113702 4.48428 26.9486 2.54492 9.23673 -4.20556 2.0327 -29.8937 -24.6964 -51.132 -0.852353 -38.7721 -0.655187 -8.44952 29.1822 1.68056 -2.32622 -40.4017 -6.04875 2.75856 -8.56029 15.7205 0.779096 -9.8844 12.4959 -2.72266e-15 -9.17827e-16 1.35112e-16 -9.23673 -4.20556 2.0327 -11.6896 7.22874 12.8735 0.852353 -38.7721 -0.655187 10.03 33.5816 -2.42662 2.32622 -40.4017 -6.04875 9.2035 -15.3801 -15.3165 -0.779096 -9.8844 12.4959 -2.15116e-15 -4.98514e-16 -1.26741e-14 
3.66544 84.3211 43.0292 -2.25005 11.9452 98.1705 0 5.07867 -1.15138 -0.203219 -5.62984 4.30894 0 5.61661 1.07143 -0.786013 -3.81696 4.85266 -1.02604e-17 5.98978 0.11501 -1.15086 -1.04992 5.18141 -1.10457e-17 6.50583 -0.443523 -1.81427 3.73947 5.46074 -1.97295e-17 7.60548 -1.50593 -0.953687 6.0812 5.24715 -2.53307e-17 9.49737 -0.914492 0.841377 7.03387 5.29584 -2.90401e-17 10.5513 1.57691 0.327003 -0.0165357 -0.0823096 -1.29193e-17 4.78644 0.715339 -1.84232 0.0702511 -17.4361 -1.8116e-17 4.82109 0.421791 9.71847 -10.4683 -8.15136 -2.00958e-17 4.83041 0.765062 19.7397 -19.7021 -11.1836 1.23299 -7.60731 7.53374 18.3228 -14.3088 5.47946 12.9547 3.2495 -3.26872 -94.8011 -14.9047 -93.1154 29.2081 0.0598081 0.137039 9.28282 -19.3718 -129.716 24.234 0.0496219 0.113701 10.9373 -7.89727 -6.65548 -1.23299 -7.60729 7.53365 -22.7834 -5.30653 -10.9644 -12.9547 3.2495 -3.26872 43.5792 -15.2971 104.015 -29.2081 0.0598081 0.137039 -10.4584 -17.7491 119.841 -24.234 0.0496218 0.113702 5.04513 27.2395 2.25624 9.23673 -4.20556 2.0327 -30.3601 -24.955 -50.9752 -0.852353 -38.7721 -0.655187 -8.5355 29.432 1.71824 -2.32622 -40.4017 -6.04875 2.89727 -8.3572 15.6785 0.779096 -9.8844 12.4959 -1.58671e-15 -8.7057e-16 8.78552e-17 -9.23673 -4.20556 2.0327 -12.2468 6.82484 12.9855 0.852353 -38.7721 -0.655187 10.1891 34.0015 -2.50763 2.32622 -40.4017 -6.04875 9.1802 -15.2356 -15.3242 -0.779096 -9.8844 12.4959 -1.40568e-15 -5.33569e-16 -1.27091e-14 
3.91567 84.3168 42.4361 -2.05511 12.1123 97.9176 0 5.07867 -1.15138 -0.113323 -5.77598 4.3381 0 5.61661 1.07143 -0.704352 -3.94152 4.90824 -1.02604e-17 5.98978 0.11501 -1.08796 -1.13608 5.24242 -1.10457e-17 6.50583 -0.443523 -1.77832 3.72463 5.52791 -1.97295e-17 7.60548 -1.50593 -0.931875 6.12511 5.30557 -2.53307e-17 9.49737 -0.914492 0.861595 7.11329 5.36677 -2.90401e-17 10.5513 1.57691 0.318086 -0.0118451 -0.0591393 -1.29193e-17 4.78644 0.715339 -1.89606 0.123411 -17.9075 -1.8116e-17 4.82109 0.421791 9.66153 -10.3576 -8.37969 -2.00958e-17 4.83041 0.765062 19.8541 -19.2793 -11.1922 1.23299 -7.60731 7.53374 18.1105 -14.3216 5.56656 12.9547 3.2495 -3.26872 -94.3323 -14.3468 -92.553 29.2081 0.0598081 0.137039 9.25541 -19.4032 -129.921 24.234 0.0496219 0.113701 11.038 -7.60278 -6.84347 -1.23299 -7.60729 7.53365 -22.7201 -5.27364 -10.89 -12.9547 3.2495 -3.26872 43.0407 -14.9414 103.993 -29.2081 0.0598081 0.137039 -10.4659 -17.7364 119.769 -24.234 0.0496218 0.113702 5.39161 27.5609 1.97592 9.23673 -4.20556 2.0327 -30.7779 -24.796 -50.8169 -0.852353 -38.7721 -0.655187 -8.56377 29.5139 1.73071 -2.32622 -40.4017 -6.04875 2.7322 -8.04777 15.6165 0.779096 -9.8844 12.4959 -2.34638e-15 -8.94088e-16 1.11373e-16 -9.23673 -4.20556 2.0327 -12.7406 6.92511 13.2792 0.852353 -38.7721 -0.655187 10.2683 34.2093 -2.5484 2.32622 -40.4017 -6.04875 9.25056 -14.858 -15.3729 -0.779096 -9.8844 12.4959 -3.73434e-15 -4.24413e-16 -1.26122e-14 
4.18947 84.3583 41.8558 -1.68737 12.2936 97.7874 0 5.07867 -1.15138 0.00624703 -5.90926 4.36136 0 5.61661 1.07143 -0.596445 -4.04337 4.95741 -1.02604e-17 5.98978 0.11501 -1.0051 -1.19737 5.29618 -1.10457e-17 6.50583 -0.443523 -1.72757 3.73568 5.58644 -1.97295e-17 7.60548 -1.50593 -0.905587 6.19975 5.35703 -2.53307e-17 9.49737 -0.914492 0.876288 7.22569 5.43109 -2.90401e-17 10.5513 1.57691 0.30255 -0.0095781 -0.0344282 -1.29193e-17 4.78644 0.715339 -1.93506 0.160888 -18.2886 -1.8116e-17 4.82109 0.421791 9.58987 -10.2723 -8.56321 -2.00958e-17 4.83041 0.765062 19.8812 -18.9079 -11.2691 1.23299 -7.60731 7.53374 17.8555 -14.3594 5.56152 12.9547 3.2495 -3.26872 -94.0211 -13.7623 -91.9383 29.2081 0.0598081 0.137039 9.21902 -19.4444 -130.192 24.234 0.0496219 0.113701 11.0357 -7.2801 -7.00419 -1.23299 -7.60729 7.53365 -22.6232 -5.27038 -10.74 -12.9547 3.2495 -3.26872 42.337 -14.6331 103.816 -29.2081 0.0598081 0.137039 -10.4804 -17.7118 119.628 -24.234 0.0496218 0.113702 5.66062 28.0371 1.7712 9.23673 -4.20556 2.0327 -31.0943 -24.3196 -50.6126 -0.852353 -38.7721 -0.655187 -8.51948 29.3856 1.71119 -2.32622 -40.4017 -6.04875 2.46768 -7.68925 15.5468 0.779096 -9.8844 12.4959 3.72753e-16 -7.8471e-16 1.99544e-18 -9.23673 -4.20556 2.0327 -13.1506 7.4273 13.5529 0.852353 -38.7721 -0.655187 10.2267 34.1004 -2.52697 2.32622 -40.4017 -6.04875 9.33766 -14.3128 -15.4549 -0.779096 -9.8844 12.4959 5.1831e-16 -6.17655e-16 -1.27934e-14 
4.50754 84.4122 41.3854 -1.58811 12.3954 97.791 0 5.07867 -1.15138 0.0929216 -6.06315 4.38782 0 5.61661 1.07143 -0.516831 -4.16772 5.0036 -1.02604e-17 5.98978 0.11501 -0.94367 -1.27981 5.34608 -1.10457e-17 6.50583 -0.443523 -1.69291 3.73108 5.64058 -1.97295e-17 7.60548 -1.50593 -0.887806 6.25671 5.40543 -2.53307e-17 9.49737 -0.914492 0.890819 7.31696 5.4937 -2.90401e-17 10.5513 1.57691 0.291526 -0.0109829 -0.0137464 -1.29193e-17 4.78644 0.715339 -1.94169 0.231303 -18.5453 -1.8116e-17 4.82109 0.421791 9.54201 -10.2093 -8.68309 -2.00958e-17 4.83041 0.765062 19.9361 -18.7577 -11.3222 1.23299 -7.60731 7.53374 17.6642 -14.3802 5.56114 12.9547 3.2495 -3.26872 -93.8863 -13.3192 -91.3822 29.2081 0.0598081 0.137039 9.17038 -19.4989 -130.551 24.234 0.0496219 0.113701 11.0732 -7.1438 -7.15662 -1.23299 -7.60729 7.53365 -22.4994 -5.2639 -10.6357 -12.9547 3.2495 -3.26872 41.7558 -14.2755 103.744 -29.2081 0.0598081 0.137039 -10.4813 -17.7104 119.62 -24.234 0.0496218 0.113702 6.13174 28.6742 1.51378 9.23673 -4.20556 2.0327 -31.3223 -23.9635 -50.4789 -0.852353 -38.7721 -0.655187 -8.44007 29.1546 1.67644 -2.32622 -40.4017 -6.04875 2.36796 -7.4648 15.4969 0.779096 -9.8844 12.4959 -3.58522e-16 -8.07119e-16 2.44044e-17 -9.23673 -4.20556 2.0327 -13.4123 7.81634 13.8121 0.852353 -38.7721 -0.655187 10.1163 33.81 -2.47046 2.32622 -40.4017 -6.04875 9.42806 -13.8096 -15.5372 -0.779096 -9.8844 12.4959 -3.69881e-15 -4.25967e-16 -1.26137e-14 
4.80714 84.4398 40.9901 -1.77472 12.4066 97.9186 0 5.07867 -1.15138 0.152968 -6.26169 4.40998 0 5.61661 1.07143 -0.457773 -4.33487 5.04335 -1.02604e-17 5.98978 0.11501 -0.896898 -1.39456 5.38782 -1.10457e-17 6.50583 -0.443523 -1.66849 3.71733 5.68581 -1.97295e-17 7.60548 -1.50593 -0.875101 6.31744 5.44499 -2.53307e-17 9.49737 -0.914492 0.904469 7.42283 5.55108 -2.90401e-17 10.5513 1.57691 0.2849 -0.0224645 0.001117 -1.29193e-17 4.78644 0.715339 -1.97796 0.230802 -18.777 -1.8116e-17 4.82109 0.421791 9.49709 -10.1773 -8.79014 -2.00958e-17 4.83041 0.765062 20.0733 -18.6567 -11.2477 1.23299 -7.60731 7.53374 17.5401 -14.4014 5.58951 12.9547 3.2495 -3.26872 -93.7454 -12.9467 -91.0277 29.2081 0.0598081 0.137039 9.12136 -19.5531 -130.911 24.234 0.0496219 0.113701 11.099 -6.95644 -7.26985 -1.23299 -7.60729 7.53365 -22.351 -5.2775 -10.5614 -12.9547 3.2495 -3.26872 41.3856 -13.9802 103.87 -29.2081 0.0598081 0.137039 -10.4658 -17.7366 119.77 -24.234 0.0496218 0.113702 6.79997 29.2476 1.10654 9.23673 -4.20556 2.0327 -31.5584 -23.8634 -50.4325 -0.852353 -38.7721 -0.655187 -8.38103 28.9822 1.65078 -2.32622 -40.4017 -6.04875 2.51338 -7.32978 15.4624 0.779096 -9.8844 12.4959 1.77485e-17 -7.95361e-16 1.26459e-17 -9.23673 -4.20556 2.0327 -13.5027 7.86468 14.2327 0.852353 -38.7721 -0.655187 10.0502 33.6351 -2.43683 2.32622 -40.4017 -6.04875 9.54095 -13.397 -15.5994 -0.779096 -9.8844 12.4959 -1.04362e-15 -5.44439e-16 -1.27202e-14 
5.05986 84.4693 40.6332 -1.98962 12.3935 98.1145 0 5.07867 -1.15138 0.221285 -6.4708 4.4207 0 5.61661 1.07143 -0.389477 -4.51155 5.07368 -1.02604e-17 5.98978 0.11501 -0.841592 -1.52007 5.4185 -1.10457e-17 6.50583 -0.443523 -1.63584 3.69538 5.7184 -1.97295e-17 7.60548 -1.50593 -0.858272 6.37305 5.47075 -2.53307e-17 9.49737 -0.914492 0.914451 7.52828 5.59542 -2.90401e-17 10.5513 1.57691 0.276788 -0.036898 0.0122715 -1.29193e-17 4.78644 0.715339 -2.06947 0.141229 -19.033 -1.8116e-17 4.82109 0.421791 9.41362 -10.156 -8.90901 -2.00958e-17 4.83041 0.765062 20.2215 -18.4086 -11.0994 1.23299 -7.60731 7.53374 17.4454 -14.4227 5.57303 12.9547 3.2495 -3.26872 -93.6115 -12.6547 -90.8471 29.2081 0.0598081 0.137039 9.09394 -19.5831 -131.111 24.234 0.0496219 0.113701 11.0372 -6.53486 -7.35794 -1.23299 -7.60729 7.53365 -22.1861 -5.30425 -10.4604 -12.9547 3.2495 -3.26872 41.1229 -13.7257 104.15 -29.2081 0.0598081 0.137039 -10.4607 -17.7451 119.818 -24.234 0.0496218 0.113702 7.39074 29.5421 0.739455 9.23673 -4.20556 2.0327 -31.7581 -23.7984 -50.3737 -0.852353 -38.7721 -0.655187 -8.32155 28.808 1.62511 -2.32622 -40.4017 -6.04875 2.62513 -7.18348 15.4236 0.779096 -9.8844 12.4959 4.15318e-16 -7.82936e-16 2.21863e-19 -9.23673 -4.20556 2.0327 -13.4854 7.81456 14.7763 0.852353 -38.7721 -0.655187 10.0122 33.5343 -2.4176 2.32622 -40.4017 -6.04875 9.6658 -12.9709 -15.6725 -0.779096 -9.8844 12.4959 -6.03454e-16 -5.5886e-16 -1.27466e-14 
5.23864 84.5021 40.2952 -2.0281 12.4648 98.3843 0 5.07867 -1.15138 0.292756 -6.62655 4.42972 0 5.61661 1.07143 -0.322075 -4.63962 5.10267 -1.02604e-17 5.98978 0.11501 -0.789667 -1.60682 5.44749 -1.10457e-17 6.50583 -0.443523 -1.60618 3.6919 5.74748 -1.97295e-17 7.60548 -1.50593 -0.84618 6.43791 5.49475 -2.53307e-17 9.49737 -0.914492 0.916911 7.63117 5.63693 -2.90401e-17 10.5513 1.57691 0.263955 -0.0508823 0.0231277 -1.29193e-17 4.78644 0.715339 -2.1791 0.0412724 -19.288 -1.8116e-17 4.82109 0.421791 9.31232 -10.1419 -9.02917 -2.00958e-17 4.83041 0.765062 20.3203 -18.0697 -11.0158 1.23299 -7.60731 7.53374 17.3562 -14.4655 5.52213 12.9547 3.2495 -3.26872 -93.5465 -12.4525 -90.7858 29.2081 0.0598081 0.137039 9.09064 -19.5868 -131.135 24.234 0.0496219 0.113701 10.9885 -5.99143 -7.41816 -1.23299 -7.60729 7.53365 -22.0296 -5.33509 -10.3267 -12.9547 3.2495 -3.26872 40.8286 -13.4745 104.412 -29.2081 0.0598081 0.137039 -10.4808 -17.7112 119.625 -24.234 0.0496218 0.113702 7.73983 29.6552 0.575469 9.23673 -4.20556 2.0327 -31.9706 -23.5589 -50.2741 -0.852353 -38.7721 -0.655187 -8.2396 28.567 1.59001 -2.32622 -40.4017 -6.04875 2.56768 -6.97517 15.3777 0.779096 -9.8844 12.4959 3.19477e-17 -7.94917e-16 1.22022e-17 -9.23673 -4.20556 2.0327 -13.5058 7.91414 15.2241 0.852353 -38.7721 -0.655187 9.99286 33.4828 -2.40782 2.32622 -40.4017 -6.04875 9.81123 -12.5404 -15.7625 -0.779096 -9.8844 12.4959 1.84585e-16 -5.95688e-16 -1.27715e-14 
5.41003 84.5593 40.0092 -2.00274 12.4796 98.6715 0 5.07867 -1.15138 0.3853 -6.78381 4.43079 0 5.61661 1.07143 -0.233437 -4.76595 5.11987 -1.02604e-17 5.98978 0.11501 -0.720107 -1.68104 5.4629 -1.10457e-17 6.50583 -0.443523 -1.56155 3.71363 5.76135 -1.97295e-17 7.60548 -1.50593 -0.829646 6.53996 5.5044 -2.53307e-17 9.49737 -0.914492 0.911462 7.7822 5.6614 -2.90401e-17 10.5513 1.57691 0.246683 -0.0690464 0.0306724 -1.29193e-17 4.78644 0.715339 -2.21716 0.0304462 -19.3907 -1.8116e-17 4.82109 0.421791 9.22454 -10.1553 -9.07467 -2.00958e-17 4.83041 0.765062 20.3672 -17.8673 -10.9885 1.23299 -7.60731 7.53374 17.2302 -14.5288 5.49651 12.9547 3.2495 -3.26872 -93.6349 -12.3774 -90.7009 29.2081 0.0598081 0.137039 9.08929 -19.5882 -131.145 24.234 0.0496219 0.113701 10.8691 -5.64481 -7.53523 -1.23299 -7.60729 7.53365 -21.878 -5.39199 -10.21 -12.9547 3.2495 -3.26872 40.4249 -13.2251 104.63 -29.2081 0.0598081 0.137039 -10.5072 -17.6663 119.368 -24.234 0.0496218 0.113702 7.78155 29.7555 0.578329 9.23673 -4.20556 2.0327 -32.0629 -23.2246 -50.1971 -0.852353 -38.7721 -0.655187 -8.13787 28.2663 1.54689 -2.32622 -40.4017 -6.04875 2.47531 -6.78525 15.3391 0.779096 -9.8844 12.4959 -3.65622e-16 -8.07341e-16 2.46262e-17 -9.23673 -4.20556 2.0327 -13.5024 8.13415 15.3736 0.852353 -38.7721 -0.655187 9.92778 33.3094 -2.37506 2.32622 -40.4017 -6.04875 9.92898 -12.0493 -15.8573 -0.779096 -9.8844 12.4959 -1.36309e-15 -5.35343e-16 -1.27109e-14 
5.58246 84.5993 39.7829 -2.21364 12.3175 98.8651 0 5.07867 -1.15138 0.498537 -6.97292 4.43043 0 5.61661 1.07143 -0.122636 -4.92673 5.13744 -1.02604e-17 5.98978 0.11501 -0.6303 -1.78839 5.47885 -1.10457e-17 6.50583 -0.443523 -1.50193 3.71153 5.778 -1.97295e-17 7.60548 -1.50593 -0.803747 6.61622 5.51126 -2.53307e-17 9.49737 -0.914492 0.909345 7.91705 5.67958 -2.90401e-17 10.5513 1.57691 0.23612 -0.0888937 0.0367883 -1.29193e-17 4.78644 0.715339 -2.22828 0.031813 -19.364 -1.8116e-17 4.82109 0.421791 9.1427 -10.1627 -9.05003 -2.00958e-17 4.83041 0.765062 20.3943 -17.7897 -10.932 1.23299 -7.60731 7.53374 17.1173 -14.5711 5.49523 12.9547 3.2495 -3.26872 -93.8957 -12.4831 -90.5419 29.2081 0.0598081 0.137039 9.07371 -19.6052 -131.258 24.234 0.0496219 0.113701 10.6501 -5.60456 -7.69015 -1.23299 -7.60729 7.53365 -21.7227 -5.44244 -10.1287 -12.9547 3.2495 -3.26872 40.011 -13.0485 104.871 -29.2081 0.0598081 0.137039 -10.5151 -17.6527 119.291 -24.234 0.0496218 0.113702 7.69423 29.8085 0.576468 9.23673 -4.20556 2.0327 -32.0397 -23.1824 -50.2353 -0.852353 -38.7721 -0.655187 -8.06993 28.0646 1.51837 -2.32622 -40.4017 -6.04875 2.51146 -6.78789 15.3283 0.779096 -9.8844 12.4959 4.08218e-16 -7.83158e-16 4.43726e-19 -9.23673 -4.20556 2.0327 -13.4113 8.07816 15.3164 0.852353 -38.7721 -0.655187 9.86548 33.1427 -2.34387 2.32622 -40.4017 -6.04875 9.98017 -11.6371 -15.9196 -0.779096 -9.8844 12.4959 -2.20084e-16 -5.83043e-16 -1.27586e-14 
5.72857 84.5974 39.5964 -2.70287 12.1605 99.1755 0 5.07867 -1.15138 0.573636 -7.15454 4.43622 0 5.61661 1.07143 -0.0487863 -5.09241 5.16308 -1.02604e-17 5.98978 0.11501 -0.571215 -1.92515 5.50402 -1.10457e-17 6.50583 -0.443523 -1.46805 3.65649 5.80519 -1.97295e-17 7.60548 -1.50593 -0.790417 6.61037 5.52721 -2.53307e-17 9.49737 -0.914492 0.911105 7.94487 5.71084 -2.90401e-17 10.5513 1.57691 0.236518 -0.103333 0.0432341 -1.29193e-17 4.78644 0.715339 -2.33004 -0.070817 -19.4694 -1.8116e-17 4.82109 0.421791 9.02779 -10.1166 -9.09045 -2.00958e-17 4.83041 0.765062 20.4522 -17.5824 -10.8324 1.23299 -7.60731 7.53374 17.0796 -14.5523 5.41467 12.9547 3.2495 -3.26872 -94.2194 -12.7849 -90.4039 29.2081 0.0598081 0.137039 9.05523 -19.6252 -131.392 24.234 0.0496219 0.113701 10.4728 -5.85836 -7.73021 -1.23299 -7.60729 7.53365 -21.5324 -5.462 -10.0126 -12.9547 3.2495 -3.26872 39.6246 -12.878 105.162 -29.2081 0.0598081 0.137039 -10.5075 -17.6657 119.365 -24.234 0.0496218 0.113702 7.87914 29.9102 0.28384 9.23673 -4.20556 2.0327 -32.1441 -23.404 -50.4221 -0.852353 -38.7721 -0.655187 -8.02735 27.9377 1.50061 -2.32622 -40.4017 -6.04875 2.58125 -6.88961 15.3283 0.779096 -9.8844 12.4959 -7.48992e-16 -8.31523e-16 4.88087e-17 -9.23673 -4.20556 2.0327 -13.3571 7.72822 15.104 0.852353 -38.7721 -0.655187 9.85396 33.1118 -2.33812 2.32622 -40.4017 -6.04875 10.0701 -11.3986 -15.9327 -0.779096 -9.8844 12.4959 -9.79724e-16 -5.47323e-16 -1.27229e-14 
5.81671 84.5366 39.4073 -3.35912 12.0453 99.5858 0 5.07867 -1.15138 0.594755 -7.2916 4.4492 0 5.61661 1.07143 -0.0261146 -5.23021 5.19447 -1.02604e-17 5.98978 0.11501 -0.553551 -2.06575 5.53611 -1.10457e-17 6.50583 -0.443523 -1.4646 3.55324 5.83929 -1.97295e-17 7.60548 -1.50593 -0.789425 6.51638 5.54952 -2.53307e-17 9.49737 -0.914492 0.919191 7.85015 5.74904 -2.90401e-17 10.5513 1.57691 0.244889 -0.109452 0.0493233 -1.29193e-17 4.78644 0.715339 -2.51099 -0.291379 -19.6922 -1.8116e-17 4.82109 0.421791 8.9099 -10.0516 -9.18787 -2.00958e-17 4.83041 0.765062 20.4768 -17.1882 -10.7375 1.23299 -7.60731 7.53374 17.0975 -14.4656 5.24819 12.9547 3.2495 -3.26872 -94.4542 -13.2443 -90.3851 29.2081 0.0598081 0.137039 9.0493 -19.6316 -131.435 24.234 0.0496219 0.113701 10.3918 -6.22267 -7.65291 -1.23299 -7.60729 7.53365 -21.3589 -5.43347 -9.87383 -12.9547 3.2495 -3.26872 39.3439 -12.6637 105.57 -29.2081 0.0598081 0.137039 -10.5137 -17.655 119.304 -24.234 0.0496218 0.113702 8.2268 30.0983 -0.049098 9.23673 -4.20556 2.0327 -32.4585 -23.8742 -50.7153 -0.852353 -38.7721 -0.655187 -8.047 27.9963 1.50879 -2.32622 -40.4017 -6.04875 2.66772 -6.99629 15.3244 0.779096 -9.8844 12.4959 -1.9417e-15 -8.81219e-16 9.85049e-17 -9.23673 -4.20556 2.0327 -13.3682 7.1671 14.7894 0.852353 -38.7721 -0.655187 9.91289 33.2696 -2.3676 2.32622 -40.4017 -6.04875 10.1548 -11.3453 -15.8981 -0.779096 -9.8844 12.4959 -2.16533e-15 -4.97849e-16 -1.26734e-14 
5.77893 84.4423 39.1786 -3.7388 12.0166 100.019 0 5.07867 -1.15138 0.606142 -7.30734 4.46352 0 5.61661 1.07143 -0.0166658 -5.26141 5.22451 -1.02604e-17 5.98978 0.11501 -0.547178 -2.13418 5.56872 -1.10457e-17 6.50583 -0.443523 -1.46604 3.45327 5.87389 -1.97295e-17 7.60548 -1.50593 -0.787344 6.38208 5.57313 -2.53307e-17 9.49737 -0.914492 0.930079 7.68277 5.77945 -2.90401e-17 10.5513 1.57691 0.247803 -0.10325 0.055607 -1.29193e-17 4.78644 0.715339 -2.71519 -0.550862 -19.9863 -1.8116e-17 4.82109 0.421791 8.80123 -10.0285 -9.32085 -2.00958e-17 4.83041 0.765062 20.3946 -16.5945 -10.6871 1.23299 -7.60731 7.53374 17.1423 -14.3684 5.06871 12.9547 3.2495 -3.26872 -94.6263 -13.6722 -90.4801 29.2081 0.0598081 0.137039 9.05808 -19.6221 -131.372 24.234 0.0496219 0.113701 10.3796 -6.51055 -7.44588 -1.23299 -7.60729 7.53365 -21.2953 -5.35047 -9.7224 -12.9547 3.2495 -3.26872 39.1504 -12.4767 105.875 -29.2081 0.0598081 0.137039 -10.5415 -17.6071 119.032 -24.234 0.0496218 0.113702 8.41278 30.3478 -0.213992 9.23673 -4.20556 2.0327 -32.8874 -24.2386 -50.9592 -0.852353 -38.7721 -0.655187 -8.11111 28.1869 1.53563 -2.32622 -40.4017 -6.04875 2.6024 -6.95736 15.3017 0.779096 -9.8844 12.4959 -1.065e-17 -7.96692e-16 1.39771e-17 -9.23673 -4.20556 2.0327 -13.4057 6.79792 14.5492 0.852353 -38.7721 -0.655187 10.0256 33.5698 -2.42436 2.32622 -40.4017 -6.04875 10.2237 -11.3454 -15.8632 -0.779096 -9.8844 12.4959 -1.01522e-15 -5.4577e-16 -1.27213e-14 
5.56817 84.3677 38.9239 -3.34252 12.1672 100.365 0 5.07867 -1.15138 0.642721 -7.16652 4.47913 0 5.61661 1.07143 0.00660613 -5.13431 5.25094 -1.02604e-17 5.98978 0.11501 -0.533325 -2.05573 5.59918 -1.10457e-17 6.50583 -0.443523 -1.4591 3.44852 5.90594 -1.97295e-17 7.60548 -1.50593 -0.78118 6.32518 5.60168 -2.53307e-17 9.49737 -0.914492 0.937229 7.58075 5.80607 -2.90401e-17 10.5513 1.57691 0.237586 -0.0946739 0.0645135 -1.29193e-17 4.78644 0.715339 -2.88441 -0.781204 -20.2541 -1.8116e-17 4.82109 0.421791 8.7571 -10.0578 -9.44739 -2.00958e-17 4.83041 0.765062 20.2127 -15.9086 -10.7561 1.23299 -7.60731 7.53374 17.1448 -14.3752 4.91696 12.9547 3.2495 -3.26872 -94.7901 -13.871 -90.6482 29.2081 0.0598081 0.137039 9.06556 -19.614 -131.318 24.234 0.0496219 0.113701 10.2394 -6.6373 -7.0541 -1.23299 -7.60729 7.53365 -21.3287 -5.2764 -9.53246 -12.9547 3.2495 -3.26872 38.9327 -12.4755 105.725 -29.2081 0.0598081 0.137039 -10.5726 -17.5525 118.723 -24.234 0.0496218 0.113702 8.17085 30.5055 -0.206428 9.23673 -4.20556 2.0327 -33.2313 -24.0235 -50.891 -0.852353 -38.7721 -0.655187 -8.16081 28.3343 1.55657 -2.32622 -40.4017 -6.04875 2.24255 -6.61469 15.2453 0.779096 -9.8844 12.4959 -7.56091e-16 -8.31745e-16 4.90306e-17 -9.23673 -4.20556 2.0327 -13.4926 7.08454 14.439 0.852353 -38.7721 -0.655187 10.1616 33.9293 -2.49357 2.32622 -40.4017 -6.04875 10.3001 -11.2445 -15.8819 -0.779096 -9.8844 12.4959 -2.16533e-15 -4.97849e-16 -1.26734e-14 
5.3574 84.3357 38.711 -2.47972 12.4581 100.664 0 5.07867 -1.15138 0.687694 -6.98671 4.48722 0 5.61661 1.07143 0.0294637 -4.94585 5.25844 -1.02604e-17 5.98978 0.11501 -0.5237 -1.88961 5.60807 -1.10457e-17 6.50583 -0.443523 -1.45475 3.55383 5.91288 -1.97295e-17 7.60548 -1.50593 -0.782206 6.4057 5.61723 -2.53307e-17 9.49737 -0.914492 0.931838 7.63149 5.82172 -2.90401e-17 10.5513 1.57691 0.21891 -0.100643 0.0724711 -1.29193e-17 4.78644 0.715339 -2.97306 -0.930894 -20.3668 -1.8116e-17 4.82109 0.421791 8.76607 -10.0798 -9.50911 -2.00958e-17 4.83041 0.765062 20.0485 -15.4191 -10.8885 1.23299 -7.60731 7.53374 17.108 -14.4992 4.71567 12.9547 3.2495 -3.26872 -95.0917 -13.9592 -90.7973 29.2081 0.0598081 0.137039 9.05165 -19.629 -131.418 24.234 0.0496219 0.113701 9.8336 -6.74514 -6.64762 -1.23299 -7.60729 7.53365 -21.3527 -5.29873 -9.31729 -12.9547 3.2495 -3.26872 38.7326 -12.5992 105.271 -29.2081 0.0598081 0.137039 -10.5844 -17.5317 118.605 -24.234 0.0496218 0.113702 7.81867 30.4779 -0.190967 9.23673 -4.20556 2.0327 -33.371 -23.2728 -50.4635 -0.852353 -38.7721 -0.655187 -8.13031 28.2439 1.5437 -2.32622 -40.4017 -6.04875 1.70897 -6.21678 15.188 0.779096 -9.8844 12.4959 4.01119e-16 -7.83602e-16 8.87453e-19 -9.23673 -4.20556 2.0327 -13.6257 8.00285 14.3307 0.852353 -38.7721 -0.655187 10.1955 34.0185 -2.51095 2.32622 -40.4017 -6.04875 10.4231 -11.1183 -15.9556 -0.779096 -9.8844 12.4959 1.56187e-16 -5.94579e-16 -1.27701e-14 
5.26857 84.3596 38.5264 -1.86531 12.6149 100.995 0 5.07867 -1.15138 0.764507 -6.97383 4.45906 0 5.61661 1.07143 0.0915471 -4.89091 5.22122 -1.02604e-17 5.98978 0.11501 -0.47705 -1.79412 5.56542 -1.10457e-17 6.50583 -0.443523 -1.41738 3.69744 5.86392 -1.97295e-17 7.60548 -1.50593 -0.77038 6.60159 5.5792 -2.53307e-17 9.49737 -0.914492 0.914863 7.85888 5.78648 -2.90401e-17 10.5513 1.57691 0.197928 -0.123142 0.072684 -1.29193e-17 4.78644 0.715339 -2.90776 -0.877634 -20.2619 -1.8116e-17 4.82109 0.421791 8.75344 -10.0514 -9.46962 -2.00958e-17 4.83041 0.765062 19.9433 -15.3465 -10.8493 1.23299 -7.60731 7.53374 17.0156 -14.6654 4.53757 12.9547 3.2495 -3.26872 -95.5934 -14.0989 -90.7205 29.2081 0.0598081 0.137039 9.0159 -19.6674 -131.677 24.234 0.0496219 0.113701 9.2112 -6.98446 -6.53406 -1.23299 -7.60729 7.53365 -21.2699 -5.43952 -9.15061 -12.9547 3.2495 -3.26872 38.5571 -12.5791 104.771 -29.2081 0.0598081 0.137039 -10.5652 -17.5656 118.797 -24.234 0.0496218 0.113702 7.56587 30.4494 -0.050364 9.23673 -4.20556 2.0327 -33.3189 -22.4945 -50.0407 -0.852353 -38.7721 -0.655187 -8.00564 27.873 1.49159 -2.32622 -40.4017 -6.04875 1.31355 -5.95043 15.1577 0.779096 -9.8844 12.4959 -3.58522e-16 -8.07119e-16 2.44044e-17 -9.23673 -4.20556 2.0327 -13.6905 8.89434 14.1152 0.852353 -38.7721 -0.655187 10.0982 33.7622 -2.46123 2.32622 -40.4017 -6.04875 10.4352 -10.9291 -16.0357 -0.779096 -9.8844 12.4959 -1.36309e-15 -5.35343e-16 -1.27109e-14 
5.18614 84.3401 38.3809 -1.67684 12.6225 101.292 0 5.07867 -1.15138 0.874309 -7.05439 4.41881 0 5.61661 1.07143 0.19523 -4.93014 5.18066 -1.02604e-17 5.98978 0.11501 -0.390614 -1.78474 5.51916 -1.10457e-17 6.50583 -0.443523 -1.34821 3.78131 5.81391 -1.97295e-17 7.60548 -1.50593 -0.737679 6.74987 5.52918 -2.53307e-17 9.49737 -0.914492 0.905712 8.06504 5.73452 -2.90401e-17 10.5513 1.57691 0.186157 -0.136125 0.0736737 -1.29193e-17 4.78644 0.715339 -2.7987 -0.7168 -20.1351 -1.8116e-17 4.82109 0.421791 8.6633 -10.0067 -9.41377 -2.00958e-17 4.83041 0.765062 19.811 -15.3885 -10.6923 1.23299 -7.60731 7.53374 16.9224 -14.7933 4.47808 12.9547 3.2495 -3.26872 -96.1245 -14.1633 -90.3474 29.2081 0.0598081 0.137039 8.98196 -19.7035 -131.92 24.234 0.0496219 0.113701 8.65792 -7.2307 -6.718 -1.23299 -7.60729 7.53365 -21.1321 -5.56042 -9.05261 -12.9547 3.2495 -3.26872 38.3766 -12.4263 104.331 -29.2081 0.0598081 0.137039 -10.5238 -17.6377 119.206 -24.234 0.0496218 0.113702 7.52932 30.4029 0.093012 9.23673 -4.20556 2.0327 -33.3223 -22.1315 -49.9293 -0.852353 -38.7721 -0.655187 -7.91578 27.604 1.45449 -2.32622 -40.4017 -6.04875 1.22905 -5.88294 15.1488 0.779096 -9.8844 12.4959 -3.72721e-16 -8.07563e-16 2.48481e-17 -9.23673 -4.20556 2.0327 -13.6806 9.15065 13.9593 0.852353 -38.7721 -0.655187 10.1111 33.7961 -2.46776 2.32622 -40.4017 -6.04875 10.2602 -10.8417 -16.0647 -0.779096 -9.8844 12.4959 -1.39149e-15 -5.34234e-16 -1.27098e-14 
5.06976 84.2658 38.3287 -1.77638 12.4427 101.461 0 5.07867 -1.15138 0.994321 -7.05982 4.39147 0 5.61661 1.07143 0.316376 -4.93503 5.16834 -1.02604e-17 5.98978 0.11501 -0.285459 -1.79844 5.50793 -1.10457e-17 6.50583 -0.443523 -1.26291 3.7498 5.80503 -1.97295e-17 7.60548 -1.50593 -0.684921 6.70993 5.50661 -2.53307e-17 9.49737 -0.914492 0.919149 8.05413 5.70077 -2.90401e-17 10.5513 1.57691 0.182459 -0.116723 0.0823249 -1.29193e-17 4.78644 0.715339 -2.72088 -0.546222 -20.0536 -1.8116e-17 4.82109 0.421791 8.51839 -9.96738 -9.36455 -2.00958e-17 4.83041 0.765062 19.6572 -15.4045 -10.6327 1.23299 -7.60731 7.53374 16.9369 -14.8183 4.54315 12.9547 3.2495 -3.26872 -96.4937 -14.1174 -89.9184 29.2081 0.0598081 0.137039 8.96378 -19.7227 -132.051 24.234 0.0496219 0.113701 8.43169 -7.2453 -6.93593 -1.23299 -7.60729 7.53365 -21.0775 -5.5234 -9.02086 -12.9547 3.2495 -3.26872 38.2128 -12.055 104.166 -29.2081 0.0598081 0.137039 -10.488 -17.699 119.555 -24.234 0.0496218 0.113702 7.80411 30.528 0.13273 9.23673 -4.20556 2.0327 -33.2641 -22.2003 -50.0165 -0.852353 -38.7721 -0.655187 -7.89354 27.5373 1.44537 -2.32622 -40.4017 -6.04875 1.49158 -6.05578 15.1468 0.779096 -9.8844 12.4959 1.77438e-17 -7.95361e-16 1.2646e-17 -9.23673 -4.20556 2.0327 -13.4444 8.81449 14.0952 0.852353 -38.7721 -0.655187 10.2512 34.1646 -2.53959 2.32622 -40.4017 -6.04875 9.9629 -10.9181 -16.0611 -0.779096 -9.8844 12.4959 -1.00103e-15 -5.46436e-16 -1.2722e-14 
4.94994 84.1164 38.3308 -2.24854 12.1797 101.661 0 5.07867 -1.15138 1.06887 -7.02101 4.36916 0 5.61661 1.07143 0.39848 -4.92606 5.16179 -1.02604e-17 5.98978 0.11501 -0.210254 -1.83565 5.50449 -1.10457e-17 6.50583 -0.443523 -1.19807 3.64303 5.80408 -1.97295e-17 7.60548 -1.50593 -0.638767 6.5451 5.48752 -2.53307e-17 9.49737 -0.914492 0.938285 7.88691 5.66981 -2.90401e-17 10.5513 1.57691 0.181573 -0.0868338 0.0892303 -1.29193e-17 4.78644 0.715339 -2.68789 -0.406068 -19.9815 -1.8116e-17 4.82109 0.421791 8.34764 -9.9166 -9.3142 -2.00958e-17 4.83041 0.765062 19.5563 -15.4931 -10.684 1.23299 -7.60731 7.53374 17.0904 -14.7308 4.61142 12.9547 3.2495 -3.26872 -96.8159 -14.2629 -89.6473 29.2081 0.0598081 0.137039 8.95193 -19.7352 -132.135 24.234 0.0496219 0.113701 8.581 -7.12943 -7.06419 -1.23299 -7.60729 7.53365 -21.1255 -5.37993 -9.04059 -12.9547 3.2495 -3.26872 38.0651 -11.4944 104.406 -29.2081 0.0598081 0.137039 -10.4704 -17.7288 119.725 -24.234 0.0496218 0.113702 8.39574 30.8959 0.0564711 9.23673 -4.20556 2.0327 -33.3238 -22.7443 -50.247 -0.852353 -38.7721 -0.655187 -7.95841 27.7318 1.47204 -2.32622 -40.4017 -6.04875 1.85372 -6.44702 15.1639 0.779096 -9.8844 12.4959 2.48481e-17 -7.95139e-16 1.2424e-17 -9.23673 -4.20556 2.0327 -13.1133 7.95793 14.3455 0.852353 -38.7721 -0.655187 10.5005 34.8121 -2.66931 2.32622 -40.4017 -6.04875 9.70066 -11.2612 -16.0321 -0.779096 -9.8844 12.4959 1.77472e-16 -5.95466e-16 -1.2771e-14 
4.83806 83.9503 38.3531 -2.75374 11.9717 101.739 0 5.07867 -1.15138 1.10386 -6.94633 4.34846 0 5.61661 1.07143 0.443917 -4.89449 5.14804 -1.02604e-17 5.98978 0.11501 -0.162971 -1.86649 5.49286 -1.10457e-17 6.50583 -0.443523 -1.15001 3.51596 5.79386 -1.97295e-17 7.60548 -1.50593 -0.597797 6.33505 5.45939 -2.53307e-17 9.49737 -0.914492 0.960518 7.65478 5.62607 -2.90401e-17 10.5513 1.57691 0.178426 -0.0575824 0.0911071 -1.29193e-17 4.78644 0.715339 -2.6834 -0.329055 -19.9347 -1.8116e-17 4.82109 0.421791 8.22674 -9.84555 -9.27245 -2.00958e-17 4.83041 0.765062 19.4091 -15.4665 -10.6883 1.23299 -7.60731 7.53374 17.2744 -14.5794 4.64079 12.9547 3.2495 -3.26872 -97.1343 -14.6664 -89.5896 29.2081 0.0598081 0.137039 8.94157 -19.7461 -132.209 24.234 0.0496219 0.113701 8.79896 -7.03142 -6.97521 -1.23299 -7.60729 7.53365 -21.2482 -5.19215 -9.08345 -12.9547 3.2495 -3.26872 37.9071 -11.1009 104.809 -29.2081 0.0598081 0.137039 -10.4689 -17.7314 119.74 -24.234 0.0496218 0.113702 8.74309 31.1556 0.0246203 9.23673 -4.20556 2.0327 -33.4259 -23.4089 -50.4605 -0.852353 -38.7721 -0.655187 -8.04974 28.0044 1.50993 -2.32622 -40.4017 -6.04875 2.1252 -6.89047 15.1844 0.779096 -9.8844 12.4959 -7.56082e-16 -8.31745e-16 4.90301e-17 -9.23673 -4.20556 2.0327 -12.8481 7.00121 14.6349 0.852353 -38.7721 -0.655187 10.7884 35.5474 -2.82217 2.32622 -40.4017 -6.04875 9.48213 -11.6525 -16.0113 -0.779096 -9.8844 12.4959 -2.14401e-15 -4.98738e-16 -1.26743e-14 
4.81029 83.8433 38.3085 -2.83358 12.0074 101.681 0 5.07867 -1.15138 1.12741 -6.84473 4.33666 0 5.61661 1.07143 0.469254 -4.82534 5.13669 -1.02604e-17 5.98978 0.11501 -0.136623 -1.85029 5.48181 -1.10457e-17 6.50583 -0.443523 -1.1209 3.44434 5.78242 -1.97295e-17 7.60548 -1.50593 -0.570011 6.19335 5.43838 -2.53307e-17 9.49737 -0.914492 0.977361 7.48615 5.59178 -2.90401e-17 10.5513 1.57691 0.170074 -0.0356605 0.0939248 -1.29193e-17 4.78644 0.715339 -2.72794 -0.311666 -20.0426 -1.8116e-17 4.82109 0.421791 8.15101 -9.74487 -9.31412 -2.00958e-17 4.83041 0.765062 19.2319 -15.1554 -10.626 1.23299 -7.60731 7.53374 17.4189 -14.4676 4.58978 12.9547 3.2495 -3.26872 -97.4102 -15.1553 -89.6486 29.2081 0.0598081 0.137039 8.93743 -19.7504 -132.239 24.234 0.0496219 0.113701 8.92933 -6.99332 -6.66486 -1.23299 -7.60729 7.53365 -21.4038 -5.0693 -9.12243 -12.9547 3.2495 -3.26872 37.9216 -11.2599 105.287 -29.2081 0.0598081 0.137039 -10.4844 -17.7052 119.59 -24.234 0.0496218 0.113702 8.80869 30.825 -0.20386 9.23673 -4.20556 2.0327 -33.4514 -23.5924 -50.4239 -0.852353 -38.7721 -0.655187 -8.05785 28.0286 1.51332 -2.32622 -40.4017 -6.04875 2.13898 -7.19059 15.1882 0.779096 -9.8844 12.4959 -7.70291e-16 -8.32411e-16 4.96962e-17 -9.23673 -4.20556 2.0327 -12.7543 6.62838 14.9731 0.852353 -38.7721 -0.655187 10.9781 36.0244 -2.92463 2.32622 -40.4017 -6.04875 9.35492 -11.9355 -16.0422 -0.779096 -9.8844 12.4959 -1.01524e-15 -5.4577e-16 -1.27213e-14 
4.88436 83.8249 38.3109 -2.48027 12.1811 101.565 0 5.07867 -1.15138 1.14517 -6.74723 4.3395 0 5.61661 1.07143 0.476272 -4.73572 5.13766 -1.02604e-17 5.98978 0.11501 -0.133942 -1.78747 5.48276 -1.10457e-17 6.50583 -0.443523 -1.1189 3.45872 5.78145 -1.97295e-17 7.60548 -1.50593 -0.568416 6.17676 5.43965 -2.53307e-17 9.49737 -0.914492 0.976889 7.44422 5.58928 -2.90401e-17 10.5513 1.57691 0.15868 -0.0285814 0.0985276 -1.29193e-17 4.78644 0.715339 -2.78268 -0.31611 -20.2099 -1.8116e-17 4.82109 0.421791 8.1133 -9.6519 -9.39766 -2.00958e-17 4.83041 0.765062 19.1357 -14.7753 -10.6833 1.23299 -7.60731 7.53374 17.3905 -14.4574 4.46016 12.9547 3.2495 -3.26872 -97.585 -15.44 -89.6442 29.2081 0.0598081 0.137039 8.93594 -19.752 -132.249 24.234 0.0496219 0.113701 8.88355 -7.08826 -6.45401 -1.23299 -7.60729 7.53365 -21.4585 -5.03375 -9.07353 -12.9547 3.2495 -3.26872 37.769 -11.4384 105.303 -29.2081 0.0598081 0.137039 -10.5071 -17.6663 119.368 -24.234 0.0496218 0.113702 8.63345 30.6227 -0.255916 9.23673 -4.20556 2.0327 -33.3801 -23.3051 -50.2316 -0.852353 -38.7721 -0.655187 -8.04668 27.9954 1.50866 -2.32622 -40.4017 -6.04875 1.99526 -7.27698 15.1836 0.779096 -9.8844 12.4959 4.01104e-16 -7.83603e-16 8.88045e-19 -9.23673 -4.20556 2.0327 -12.7413 6.9408 15.1837 0.852353 -38.7721 -0.655187 11.0072 36.0972 -2.94049 2.32622 -40.4017 -6.04875 9.37519 -11.9281 -16.1128 -0.779096 -9.8844 12.4959 -6.03458e-16 -5.5886e-16 -1.27466e-14 
5.07711 83.8552 38.353 -2.22354 12.3027 101.453 0 5.07867 -1.15138 1.15066 -6.69361 4.34399 0 5.61661 1.07143 0.471668 -4.67981 5.13657 -1.02604e-17 5.98978 0.11501 -0.141628 -1.74297 5.48208 -1.10457e-17 6.50583 -0.443523 -1.12691 3.48176 5.77955 -1.97295e-17 7.60548 -1.50593 -0.575606 6.18637 5.44214 -2.53307e-17 9.49737 -0.914492 0.97207 7.4366 5.59194 -2.90401e-17 10.5513 1.57691 0.150209 -0.0276981 0.104278 -1.29193e-17 4.78644 0.715339 -2.77568 -0.264509 -20.2826 -1.8116e-17 4.82109 0.421791 8.10269 -9.55854 -9.43822 -2.00958e-17 4.83041 0.765062 19.0461 -14.6717 -10.7818 1.23299 -7.60731 7.53374 17.2748 -14.4698 4.30592 12.9547 3.2495 -3.26872 -97.8515 -15.6258 -89.4805 29.2081 0.0598081 0.137039 8.9164 -19.7724 -132.388 24.234 0.0496219 0.113701 8.71328 -7.32914 -6.40188 -1.23299 -7.60729 7.53365 -21.4304 -5.03085 -8.98762 -12.9547 3.2495 -3.26872 37.5346 -11.4627 105.121 -29.2081 0.0598081 0.137039 -10.5114 -17.659 119.327 -24.234 0.0496218 0.113702 8.61697 30.6037 -0.30092 9.23673 -4.20556 2.0327 -33.2621 -23.0211 -50.0887 -0.852353 -38.7721 -0.655187 -8.03438 27.9587 1.50353 -2.32622 -40.4017 -6.04875 1.90364 -7.35105 15.1908 0.779096 -9.8844 12.4959 -2.31084e-15 -8.92533e-16 1.09818e-16 -9.23673 -4.20556 2.0327 -12.7842 7.39171 15.0644 0.852353 -38.7721 -0.655187 10.9058 35.8432 -2.88541 2.32622 -40.4017 -6.04875 9.43353 -11.8216 -16.1724 -0.779096 -9.8844 12.4959 -3.32961e-15 -4.49264e-16 -1.2625e-14 
5.29438 83.855 38.4073 -2.3426 12.3128 101.25 0 5.07867 -1.15138 1.13814 -6.69838 4.35313 0 5.61661 1.07143 0.454184 -4.68366 5.14167 -1.02604e-17 5.98978 0.11501 -0.157659 -1.75451 5.48737 -1.10457e-17 6.50583 -0.443523 -1.1425 3.46854 5.78569 -1.97295e-17 7.60548 -1.50593 -0.585104 6.16119 5.44798 -2.53307e-17 9.49737 -0.914492 0.972052 7.39886 5.59842 -2.90401e-17 10.5513 1.57691 0.152912 -0.0266536 0.109136 -1.29193e-17 4.78644 0.715339 -2.77207 -0.231764 -20.3198 -1.8116e-17 4.82109 0.421791 8.08169 -9.50363 -9.46242 -2.00958e-17 4.83041 0.765062 18.9966 -14.6826 -10.7614 1.23299 -7.60731 7.53374 17.1934 -14.4582 4.20012 12.9547 3.2495 -3.26872 -98.1731 -15.8793 -89.2121 29.2081 0.0598081 0.137039 8.88535 -19.8046 -132.609 24.234 0.0496219 0.113701 8.57845 -7.66336 -6.43807 -1.23299 -7.60729 7.53365 -21.3765 -5.02501 -8.95475 -12.9547 3.2495 -3.26872 37.3581 -11.4404 105.001 -29.2081 0.0598081 0.137039 -10.4952 -17.6867 119.485 -24.234 0.0496218 0.113702 8.76234 30.5915 -0.398633 9.23673 -4.20556 2.0327 -33.232 -23.1723 -50.1318 -0.852353 -38.7721 -0.655187 -8.08235 28.1015 1.52357 -2.32622 -40.4017 -6.04875 1.97793 -7.53671 15.2235 0.779096 -9.8844 12.4959 -1.77781e-17 -7.96915e-16 1.42001e-17 -9.23673 -4.20556 2.0327 -12.9104 7.39386 14.7056 0.852353 -38.7721 -0.655187 10.8527 35.7096 -2.85672 2.32622 -40.4017 -6.04875 9.44952 -11.8081 -16.1753 -0.779096 -9.8844 12.4959 -1.81748e-15 -5.08276e-16 -1.2696e-14 
5.44582 83.8169 38.4072 -2.53676 12.3263 101.025 0 5.07867 -1.15138 1.12084 -6.67158 4.36583 0 5.61661 1.07143 0.432598 -4.6705 5.15812 -1.02604e-17 5.98978 0.11501 -0.177428 -1.77455 5.5061 -1.10457e-17 6.50583 -0.443523 -1.16247 3.41298 5.80752 -1.97295e-17 7.60548 -1.50593 -0.595532 6.06457 5.46493 -2.53307e-17 9.49737 -0.914492 0.974449 7.27326 5.61575 -2.90401e-17 10.5513 1.57691 0.16281 -0.0128155 0.115804 -1.29193e-17 4.78644 0.715339 -2.81744 -0.223629 -20.4607 -1.8116e-17 4.82109 0.421791 8.01742 -9.44159 -9.53639 -2.00958e-17 4.83041 0.765062 18.9526 -14.586 -10.6632 1.23299 -7.60731 7.53374 17.1984 -14.4218 4.10743 12.9547 3.2495 -3.26872 -98.4572 -16.0935 -88.9891 29.2081 0.0598081 0.137039 8.86877 -19.8217 -132.726 24.234 0.0496219 0.113701 8.54203 -7.94658 -6.39256 -1.23299 -7.60729 7.53365 -21.3506 -4.98176 -8.92286 -12.9547 3.2495 -3.26872 37.2775 -11.4312 104.934 -29.2081 0.0598081 0.137039 -10.4806 -17.7115 119.626 -24.234 0.0496218 0.113702 9.03531 30.4897 -0.627384 9.23673 -4.20556 2.0327 -33.3505 -23.509 -50.3034 -0.852353 -38.7721 -0.655187 -8.18228 28.3978 1.56565 -2.32622 -40.4017 -6.04875 2.02948 -7.67687 15.2537 0.779096 -9.8844 12.4959 2.48481e-17 -7.95139e-16 1.2424e-17 -9.23673 -4.20556 2.0327 -13.1542 7.17624 14.172 0.852353 -38.7721 -0.655187 10.8914 35.8071 -2.87763 2.32622 -40.4017 -6.04875 9.42492 -11.837 -16.1399 -0.779096 -9.8844 12.4959 -1.00813e-15 -5.45992e-16 -1.27218e-14 
5.47201 83.8416 38.3852 -2.06763 12.4827 100.67 0 5.07867 -1.15138 1.12022 -6.53333 4.37884 0 5.61661 1.07143 0.419685 -4.5508 5.17745 -1.02604e-17 5.98978 0.11501 -0.193453 -1.70875 5.52981 -1.10457e-17 6.50583 -0.443523 -1.17841 3.39302 5.83404 -1.97295e-17 7.60548 -1.50593 -0.604561 5.98348 5.49166 -2.53307e-17 9.49737 -0.914492 0.973902 7.1441 5.64041 -2.90401e-17 10.5513 1.57691 0.168214 0.0119819 0.12422 -1.29193e-17 4.78644 0.715339 -2.8758 -0.231259 -20.666 -1.8116e-17 4.82109 0.421791 7.98189 -9.38822 -9.64298 -2.00958e-17 4.83041 0.765062 18.8848 -14.1558 -10.6196 1.23299 -7.60731 7.53374 17.1892 -14.4377 3.99369 12.9547 3.2495 -3.26872 -98.5129 -16.0374 -88.9209 29.2081 0.0598081 0.137039 8.87781 -19.8124 -132.662 24.234 0.0496219 0.113701 8.33427 -7.97739 -6.14143 -1.23299 -7.60729 7.53365 -21.3586 -4.9275 -8.82145 -12.9547 3.2495 -3.26872 37.2068 -11.3452 104.564 -29.2081 0.0598081 0.137039 -10.4837 -17.7062 119.596 -24.234 0.0496218 0.113702 8.98818 30.3748 -0.70933 9.23673 -4.20556 2.0327 -33.357 -23.338 -50.2491 -0.852353 -38.7721 -0.655187 -8.25245 28.6049 1.59549 -2.32622 -40.4017 -6.04875 1.78319 -7.45773 15.2459 0.779096 -9.8844 12.4959 8.05778e-16 -7.58533e-16 -2.41821e-17 -9.23673 -4.20556 2.0327 -13.4791 7.52286 13.6351 0.852353 -38.7721 -0.655187 10.9157 35.868 -2.89075 2.32622 -40.4017 -6.04875 9.39707 -11.6208 -16.1477 -0.779096 -9.8844 12.4959 -6.03458e-16 -5.5886e-16 -1.27466e-14 
5.50503 83.9419 38.4241 -1.04134 12.6759 100.124 0 5.07867 -1.15138 1.14314 -6.36718 4.3852 0 5.61661 1.07143 0.424573 -4.38605 5.18319 -1.02604e-17 5.98978 0.11501 -0.196481 -1.5708 5.53876 -1.10457e-17 6.50583 -0.443523 -1.18176 3.46514 5.84342 -1.97295e-17 7.60548 -1.50593 -0.609328 6.02559 5.51006 -2.53307e-17 9.49737 -0.914492 0.966611 7.15876 5.65534 -2.90401e-17 10.5513 1.57691 0.164618 0.0268889 0.129699 -1.29193e-17 4.78644 0.715339 -2.83346 -0.16913 -20.6629 -1.8116e-17 4.82109 0.421791 8.03858 -9.36747 -9.64847 -2.00958e-17 4.83041 0.765062 18.8043 -13.7924 -10.6864 1.23299 -7.60731 7.53374 17.1179 -14.5582 3.90951 12.9547 3.2495 -3.26872 -98.43 -15.7428 -88.9192 29.2081 0.0598081 0.137039 8.88759 -19.8023 -132.593 24.234 0.0496219 0.113701 7.83284 -7.82481 -5.86963 -1.23299 -7.60729 7.53365 -21.3931 -4.93647 -8.71188 -12.9547 3.2495 -3.26872 37.1823 -11.1746 103.957 -29.2081 0.0598081 0.137039 -10.487 -17.7007 119.564 -24.234 0.0496218 0.113702 8.63349 30.3162 -0.569583 9.23673 -4.20556 2.0327 -33.0532 -22.6468 -49.8271 -0.852353 -38.7721 -0.655187 -8.26332 28.6369 1.60013 -2.32622 -40.4017 -6.04875 1.38999 -7.12716 15.2277 0.779096 -9.8844 12.4959 -3.51408e-16 -8.06675e-16 2.396e-17 -9.23673 -4.20556 2.0327 -13.7406 8.53219 13.2386 0.852353 -38.7721 -0.655187 10.8042 35.5873 -2.83064 2.32622 -40.4017 -6.04875 9.40877 -11.2647 -16.2124 -0.779096 -9.8844 12.4959 1.84576e-16 -5.95688e-16 -1.27715e-14 
5.68163 84.126 38.5129 -0.198013 12.7147 99.4031 0 5.07867 -1.15138 1.20648 -6.36756 4.37631 0 5.61661 1.07143 0.471316 -4.35014 5.1688 -1.02604e-17 5.98978 0.11501 -0.163412 -1.48714 5.52334 -1.10457e-17 6.50583 -0.443523 -1.15827 3.6028 5.82676 -1.97295e-17 7.60548 -1.50593 -0.604135 6.22015 5.50441 -2.53307e-17 9.49737 -0.914492 0.952583 7.38884 5.6508 -2.90401e-17 10.5513 1.57691 0.154808 0.0124228 0.129802 -1.29193e-17 4.78644 0.715339 -2.69136 -0.0347974 -20.4288 -1.8116e-17 4.82109 0.421791 8.10298 -9.35721 -9.54535 -2.00958e-17 4.83041 0.765062 18.8119 -13.755 -10.6291 1.23299 -7.60731 7.53374 16.9074 -14.7412 3.87265 12.9547 3.2495 -3.26872 -98.3934 -15.5112 -88.7617 29.2081 0.0598081 0.137039 8.87504 -19.8153 -132.682 24.234 0.0496219 0.113701 7.17098 -7.71667 -5.87393 -1.23299 -7.60729 7.53365 -21.3475 -5.04538 -8.64285 -12.9547 3.2495 -3.26872 37.0237 -10.9101 103.36 -29.2081 0.0598081 0.137039 -10.4666 -17.7353 119.762 -24.234 0.0496218 0.113702 8.19679 30.4513 -0.314026 9.23673 -4.20556 2.0327 -32.4558 -21.9539 -49.2428 -0.852353 -38.7721 -0.655187 -8.18094 28.3938 1.56508 -2.32622 -40.4017 -6.04875 1.1126 -6.90417 15.2292 0.779096 -9.8844 12.4959 1.18914e-15 -7.46553e-16 -3.61621e-17 -9.23673 -4.20556 2.0327 -13.8891 9.61633 13.0488 0.852353 -38.7721 -0.655187 10.4945 34.7965 -2.66613 2.32622 -40.4017 -6.04875 9.41482 -10.8827 -16.2937 -0.779096 -9.8844 12.4959 -5.82145e-16 -5.59748e-16 -1.27475e-14 
5.89251 84.2743 38.6346 0.00874801 12.6616 98.6874 0 5.07867 -1.15138 1.26928 -6.52584 4.37608 0 5.61661 1.07143 0.522142 -4.45736 5.17015 -1.02604e-17 5.98978 0.11501 -0.126218 -1.51101 5.52299 -1.10457e-17 6.50583 -0.443523 -1.13909 3.71255 5.82833 -1.97295e-17 7.60548 -1.50593 -0.602972 6.42978 5.51002 -2.53307e-17 9.49737 -0.914492 0.940926 7.66283 5.66518 -2.90401e-17 10.5513 1.57691 0.153126 -0.0184005 0.131607 -1.29193e-17 4.78644 0.715339 -2.59485 0.0535052 -20.2629 -1.8116e-17 4.82109 0.421791 8.11379 -9.33498 -9.47863 -2.00958e-17 4.83041 0.765062 18.9066 -13.8585 -10.4567 1.23299 -7.60731 7.53374 16.628 -14.8961 3.87821 12.9547 3.2495 -3.26872 -98.3451 -15.3929 -88.4395 29.2081 0.0598081 0.137039 8.85282 -19.8381 -132.838 24.234 0.0496219 0.113701 6.77292 -7.72056 -6.08408 -1.23299 -7.60729 7.53365 -21.2029 -5.17016 -8.61789 -12.9547 3.2495 -3.26872 36.7286 -10.6878 103.017 -29.2081 0.0598081 0.137039 -10.4298 -17.7969 120.115 -24.234 0.0496218 0.113702 8.0778 30.6803 -0.328213 9.23673 -4.20556 2.0327 -31.985 -21.8245 -48.8727 -0.852353 -38.7721 -0.655187 -8.11719 28.205 1.53818 -2.32622 -40.4017 -6.04875 1.06667 -6.85843 15.255 0.779096 -9.8844 12.4959 8.27091e-16 -7.57645e-16 -2.50701e-17 -9.23673 -4.20556 2.0327 -14.0276 10.0076 13.0001 0.852353 -38.7721 -0.655187 10.2471 34.1539 -2.53749 2.32622 -40.4017 -6.04875 9.37332 -10.7046 -16.3231 -0.779096 -9.8844 12.4959 -5.96354e-16 -5.59082e-16 -1.27471e-14 
6.06416 84.3712 38.7505 -0.227346 12.5862 98.0549 0 5.07867 -1.15138 1.29787 -6.66486 4.38819 0 5.61661 1.07143 0.547563 -4.57651 5.19252 -1.02604e-17 5.98978 0.11501 -0.106902 -1.58976 5.54794 -1.10457e-17 6.50583 -0.443523 -1.13335 3.70842 5.85906 -1.97295e-17 7.60548 -1.50593 -0.601071 6.47134 5.53593 -2.53307e-17 9.49737 -0.914492 0.946105 7.73527 5.6994 -2.90401e-17 10.5513 1.57691 0.157948 -0.0286209 0.141218 -1.29193e-17 4.78644 0.715339 -2.58385 0.0977139 -20.3472 -1.8116e-17 4.82109 0.421791 8.06408 -9.25992 -9.52994 -2.00958e-17 4.83041 0.765062 19.0199 -13.8081 -10.2385 1.23299 -7.60731 7.53374 16.4052 -14.9101 3.8851 12.9547 3.2495 -3.26872 -98.1388 -15.3455 -88.0978 29.2081 0.0598081 0.137039 8.84963 -19.8414 -132.861 24.234 0.0496219 0.113701 6.82045 -7.67209 -6.30167 -1.23299 -7.60729 7.53365 -21.0654 -5.17322 -8.60876 -12.9547 3.2495 -3.26872 36.4421 -10.3226 103.035 -29.2081 0.0598081 0.137039 -10.414 -17.823 120.265 -24.234 0.0496218 0.113702 8.34869 31.0444 -0.541587 9.23673 -4.20556 2.0327 -31.6836 -22.1324 -48.7004 -0.852353 -38.7721 -0.655187 -8.08263 28.1023 1.52368 -2.32622 -40.4017 -6.04875 1.21893 -6.88403 15.277 0.779096 -9.8844 12.4959 3.90661e-17 -7.94472e-16 1.17576e-17 -9.23673 -4.20556 2.0327 -14.15 9.77331 13.0588 0.852353 -38.7721 -0.655187 10.1301 33.8462 -2.47745 2.32622 -40.4017 -6.04875 9.24505 -10.6646 -16.3083 -0.779096 -9.8844 12.4959 -9.86814e-16 -5.4688e-16 -1.27227e-14 
6.20105 84.4525 38.8064 -0.442961 12.5376 97.4895 0 5.07867 -1.15138 1.3148 -6.73179 4.39256 0 5.61661 1.07143 0.568333 -4.65176 5.20769 -1.02604e-17 5.98978 0.11501 -0.087083 -1.66494 5.56776 -1.10457e-17 6.50583 -0.443523 -1.11952 3.6378 5.88421 -1.97295e-17 7.60548 -1.50593 -0.587668 6.39701 5.55271 -2.53307e-17 9.49737 -0.914492 0.960659 7.66353 5.71732 -2.90401e-17 10.5513 1.57691 0.156627 -0.0152706 0.152307 -1.29193e-17 4.78644 0.715339 -2.55639 0.220912 -20.5115 -1.8116e-17 4.82109 0.421791 7.98817 -9.18046 -9.61333 -2.00958e-17 4.83041 0.765062 19.0288 -13.6448 -10.1137 1.23299 -7.60731 7.53374 16.2954 -14.8264 3.9398 12.9547 3.2495 -3.26872 -97.8193 -15.2637 -87.7814 29.2081 0.0598081 0.137039 8.86831 -19.8222 -132.729 24.234 0.0496219 0.113701 7.11824 -7.47976 -6.41131 -1.23299 -7.60729 7.53365 -21.0455 -5.07655 -8.6402 -12.9547 3.2495 -3.26872 36.2617 -9.73946 103.307 -29.2081 0.0598081 0.137039 -10.4318 -17.7935 120.095 -24.234 0.0496218 0.113702 8.71164 31.49 -0.721543 9.23673 -4.20556 2.0327 -31.4659 -22.4471 -48.5666 -0.852353 -38.7721 -0.655187 -8.05907 28.0322 1.51383 -2.32622 -40.4017 -6.04875 1.2997 -6.85249 15.2853 0.779096 -9.8844 12.4959 -3.65612e-16 -8.07341e-16 2.46259e-17 -9.23673 -4.20556 2.0327 -14.2701 9.45895 13.1875 0.852353 -38.7721 -0.655187 10.0741 33.6984 -2.44896 2.32622 -40.4017 -6.04875 9.11456 -10.5451 -16.2936 -0.779096 -9.8844 12.4959 1.77457e-16 -5.95465e-16 -1.2771e-14 
6.3132 84.5304 38.7634 -0.266332 12.5696 97.0383 0 5.07867 -1.15138 1.35085 -6.73222 4.37178 0 5.61661 1.07143 0.609008 -4.66464 5.19122 -1.02604e-17 5.98978 0.11501 -0.0476995 -1.6913 5.55415 -1.10457e-17 6.50583 -0.443523 -1.08082 3.58125 5.87235 -1.97295e-17 7.60548 -1.50593 -0.558274 6.32256 5.53482 -2.53307e-17 9.49737 -0.914492 0.973475 7.58928 5.69151 -2.90401e-17 10.5513 1.57691 0.143552 0.00747473 0.159884 -1.29193e-17 4.78644 0.715339 -2.46573 0.442509 -20.6601 -1.8116e-17 4.82109 0.421791 7.92579 -9.11568 -9.68609 -2.00958e-17 4.83041 0.765062 18.8617 -13.4208 -10.1151 1.23299 -7.60731 7.53374 16.2476 -14.7485 3.99329 12.9547 3.2495 -3.26872 -97.5915 -15.1175 -87.5286 29.2081 0.0598081 0.137039 8.89355 -19.7962 -132.551 24.234 0.0496219 0.113701 7.31496 -7.33536 -6.32505 -1.23299 -7.60729 7.53365 -21.1129 -4.97692 -8.66192 -12.9547 3.2495 -3.26872 36.0886 -9.25115 103.491 -29.2081 0.0598081 0.137039 -10.4622 -17.7426 119.804 -24.234 0.0496218 0.113702 8.84101 31.7485 -0.888388 9.23673 -4.20556 2.0327 -31.3169 -22.3952 -48.373 -0.852353 -38.7721 -0.655187 -8.04008 27.9757 1.50591 -2.32622 -40.4017 -6.04875 1.14343 -6.6859 15.2732 0.779096 -9.8844 12.4959 -7.63181e-16 -8.31966e-16 4.92518e-17 -9.23673 -4.20556 2.0327 -14.4289 9.5964 13.2903 0.852353 -38.7721 -0.655187 10.003 33.5098 -2.41294 2.32622 -40.4017 -6.04875 9.02305 -10.2871 -16.3115 -0.779096 -9.8844 12.4959 -9.72596e-16 -5.47546e-16 -1.27231e-14 
6.41543 84.5892 38.6615 0.267998 12.6524 96.6681 0 5.07867 -1.15138 1.40888 -6.66609 4.34016 0 5.61661 1.07143 0.665435 -4.60752 5.16066 -1.02604e-17 5.98978 0.11501 0.00361411 -1.65875 5.52559 -1.10457e-17 6.50583 -0.443523 -1.03023 3.55655 5.84398 -1.97295e-17 7.60548 -1.50593 -0.522864 6.26838 5.50321 -2.53307e-17 9.49737 -0.914492 0.982241 7.53272 5.64642 -2.90401e-17 10.5513 1.57691 0.126923 0.0328558 0.168156 -1.29193e-17 4.78644 0.715339 -2.35948 0.682153 -20.824 -1.8116e-17 4.82109 0.421791 7.86399 -9.04659 -9.76865 -2.00958e-17 4.83041 0.765062 18.5942 -13.1674 -10.2212 1.23299 -7.60731 7.53374 16.2018 -14.7161 3.96779 12.9547 3.2495 -3.26872 -97.5488 -14.9218 -87.3058 29.2081 0.0598081 0.137039 8.9095 -19.7796 -132.437 24.234 0.0496219 0.113701 7.31502 -7.43071 -6.09226 -1.23299 -7.60729 7.53365 -21.1984 -4.91209 -8.63853 -12.9547 3.2495 -3.26872 35.9511 -9.06208 103.426 -29.2081 0.0598081 0.137039 -10.4821 -17.7091 119.612 -24.234 0.0496218 0.113702 8.81196 31.6742 -1.1503 9.23673 -4.20556 2.0327 -31.1915 -21.9976 -48.0925 -0.852353 -38.7721 -0.655187 -8.02723 27.9374 1.50056 -2.32622 -40.4017 -6.04875 0.901531 -6.49262 15.2512 0.779096 -9.8844 12.4959 -3.7983e-16 -8.08007e-16 2.52924e-17 -9.23673 -4.20556 2.0327 -14.5987 10.1889 13.3609 0.852353 -38.7721 -0.655187 9.90338 33.2442 -2.36283 2.32622 -40.4017 -6.04875 8.91937 -9.99894 -16.3546 -0.779096 -9.8844 12.4959 1.77457e-16 -5.95465e-16 -1.2771e-14 
6.52647 84.6371 38.5475 0.901746 12.7416 96.3304 0 5.07867 -1.15138 1.46938 -6.56482 4.31436 0 5.61661 1.07143 0.716929 -4.51064 5.13609 -1.02604e-17 5.98978 0.11501 0.0473208 -1.59083 5.5039 -1.10457e-17 6.50583 -0.443523 -0.988872 3.56008 5.82308 -1.97295e-17 7.60548 -1.50593 -0.494585 6.23849 5.48226 -2.53307e-17 9.49737 -0.914492 0.988681 7.49284 5.61329 -2.90401e-17 10.5513 1.57691 0.114595 0.0540626 0.179002 -1.29193e-17 4.78644 0.715339 -2.27724 0.878432 -21.0244 -1.8116e-17 4.82109 0.421791 7.80758 -8.96225 -9.87386 -2.00958e-17 4.83041 0.765062 18.3573 -12.9503 -10.3546 1.23299 -7.60731 7.53374 16.1196 -14.7282 3.86406 12.9547 3.2495 -3.26872 -97.6299 -14.7072 -87.0793 29.2081 0.0598081 0.137039 8.90843 -19.7807 -132.445 24.234 0.0496219 0.113701 7.21045 -7.69878 -5.83529 -1.23299 -7.60729 7.53365 -21.2514 -4.87974 -8.57292 -12.9547 3.2495 -3.26872 35.9019 -9.00501 103.125 -29.2081 0.0598081 0.137039 -10.4774 -17.7169 119.657 -24.234 0.0496218 0.113702 8.90064 31.4901 -1.49646 9.23673 -4.20556 2.0327 -31.0455 -21.455 -47.7469 -0.852353 -38.7721 -0.655187 -7.99905 27.8533 1.48885 -2.32622 -40.4017 -6.04875 0.684531 -6.35401 15.232 0.779096 -9.8844 12.4959 1.7739e-17 -7.95361e-16 1.26462e-17 -9.23673 -4.20556 2.0327 -14.7605 10.9406 13.4449 0.852353 -38.7721 -0.655187 9.7862 32.9297 -2.30442 2.32622 -40.4017 -6.04875 8.8159 -9.73495 -16.4089 -0.779096 -9.8844 12.4959 -5.82136e-16 -5.59748e-16 -1.27475e-14 
6.63405 84.6654 38.4424 1.40748 12.83 96.0506 0 5.07867 -1.15138 1.50555 -6.46617 4.29817 0 5.61661 1.07143 0.742824 -4.41349 5.11965 -1.02604e-17 5.98978 0.11501 0.0682781 -1.51889 5.49053 -1.10457e-17 6.50583 -0.443523 -0.967854 3.57815 5.81109 -1.97295e-17 7.60548 -1.50593 -0.478455 6.22629 5.47296 -2.53307e-17 9.49737 -0.914492 0.995077 7.4658 5.59603 -2.90401e-17 10.5513 1.57691 0.108609 0.070232 0.189926 -1.29193e-17 4.78644 0.715339 -2.21466 1.03741 -21.2532 -1.8116e-17 4.82109 0.421791 7.7833 -8.87937 -9.99711 -2.00958e-17 4.83041 0.765062 18.21 -12.8149 -10.456 1.23299 -7.60731 7.53374 16.0277 -14.7628 3.75215 12.9547 3.2495 -3.26872 -97.7458 -14.5094 -86.8376 29.2081 0.0598081 0.137039 8.89412 -19.7956 -132.547 24.234 0.0496219 0.113701 7.16083 -8.06688 -5.60089 -1.23299 -7.60729 7.53365 -21.2752 -4.86709 -8.51136 -12.9547 3.2495 -3.26872 35.9147 -8.96088 102.75 -29.2081 0.0598081 0.137039 -10.4525 -17.7589 119.897 -24.234 0.0496218 0.113702 9.20392 31.3067 -1.92568 9.23673 -4.20556 2.0327 -30.9321 -20.9924 -47.426 -0.852353 -38.7721 -0.655187 -7.96427 27.7493 1.47446 -2.32622 -40.4017 -6.04875 0.503629 -6.29666 15.2221 0.779096 -9.8844 12.4959 -3.65612e-16 -8.07341e-16 2.46259e-17 -9.23673 -4.20556 2.0327 -14.9318 11.5574 13.4849 0.852353 -38.7721 -0.655187 9.69532 32.6842 -2.25951 2.32622 -40.4017 -6.04875 8.72484 -9.54476 -16.4524 -0.779096 -9.8844 12.4959 -2.05894e-16 -5.83486e-16 -1.27593e-14 
6.73208 84.673 38.3513 1.69615 12.8908 95.8172 0 5.07867 -1.15138 1.51563 -6.37839 4.28667 0 5.61661 1.07143 0.747236 -4.33187 5.10562 -1.02604e-17 5.98978 0.11501 0.0728868 -1.46312 5.47903 -1.10457e-17 6.50583 -0.443523 -0.958944 3.58168 5.80098 -1.97295e-17 7.60548 -1.50593 -0.467467 6.19487 5.46517 -2.53307e-17 9.49737 -0.914492 1.00391 7.41698 5.58119 -2.90401e-17 10.5513 1.57691 0.107689 0.0886352 0.19853 -1.29193e-17 4.78644 0.715339 -2.14779 1.19934 -21.4603 -1.8116e-17 4.82109 0.421791 7.77701 -8.79335 -10.1081 -2.00958e-17 4.83041 0.765062 18.1295 -12.7695 -10.4995 1.23299 -7.60731 7.53374 15.9685 -14.7812 3.66654 12.9547 3.2495 -3.26872 -97.8838 -14.3653 -86.568 29.2081 0.0598081 0.137039 8.87907 -19.8111 -132.653 24.234 0.0496219 0.113701 7.18878 -8.48463 -5.44994 -1.23299 -7.60729 7.53365 -21.3146 -4.84921 -8.49582 -12.9547 3.2495 -3.26872 36.0143 -8.88923 102.495 -29.2081 0.0598081 0.137039 -10.4259 -17.8033 120.152 -24.234 0.0496218 0.113702 9.52423 31.1602 -2.25048 9.23673 -4.20556 2.0327 -30.854 -20.7218 -47.1837 -0.852353 -38.7721 -0.655187 -7.93467 27.6607 1.46225 -2.32622 -40.4017 -6.04875 0.397967 -6.32131 15.2185 0.779096 -9.8844 12.4959 -3.72721e-16 -8.07563e-16 2.48481e-17 -9.23673 -4.20556 2.0327 -15.0963 11.9173 13.4618 0.852353 -38.7721 -0.655187 9.64211 32.5398 -2.23338 2.32622 -40.4017 -6.04875 8.61361 -9.44433 -16.4714 -0.779096 -9.8844 12.4959 -5.89245e-16 -5.59526e-16 -1.27473e-14 
6.83262 84.6709 38.2665 1.78899 12.9198 95.6382 0 5.07867 -1.15138 1.51356 -6.29386 4.27719 0 5.61661 1.07143 0.744213 -4.26482 5.09359 -1.02604e-17 5.98978 0.11501 0.0734393 -1.43297 5.4699 -1.10457e-17 6.50583 -0.443523 -0.951639 3.54472 5.7936 -1.97295e-17 7.60548 -1.50593 -0.454536 6.1069 5.45679 -2.53307e-17 9.49737 -0.914492 1.01755 7.304 5.56263 -2.90401e-17 10.5513 1.57691 0.109206 0.116603 0.20606 -1.29193e-17 4.78644 0.715339 -2.07078 1.38312 -21.638 -1.8116e-17 4.82109 0.421791 7.7617 -8.69619 -10.199 -2.00958e-17 4.83041 0.765062 18.0664 -12.7797 -10.5297 1.23299 -7.60731 7.53374 15.9565 -14.7505 3.60818 12.9547 3.2495 -3.26872 -98.0701 -14.2889 -86.2264 29.2081 0.0598081 0.137039 8.86985 -19.8206 -132.718 24.234 0.0496219 0.113701 7.29109 -8.93369 -5.39169 -1.23299 -7.60729 7.53365 -21.3904 -4.79329 -8.52449 -12.9547 3.2495 -3.26872 36.1686 -8.74362 102.381 -29.2081 0.0598081 0.137039 -10.4092 -17.831 120.311 -24.234 0.0496218 0.113702 9.82706 31.0592 -2.46969 9.23673 -4.20556 2.0327 -30.8065 -20.6165 -47.0228 -0.852353 -38.7721 -0.655187 -7.90924 27.5844 1.4518 -2.32622 -40.4017 -6.04875 0.373769 -6.38802 15.2172 0.779096 -9.8844 12.4959 -1.93456e-15 -8.80774e-16 9.80594e-17 -9.23673 -4.20556 2.0327 -15.2316 12.0777 13.4096 0.852353 -38.7721 -0.655187 9.60219 32.4312 -2.21386 2.32622 -40.4017 -6.04875 8.48084 -9.40164 -16.4734 -0.779096 -9.8844 12.4959 -5.96354e-16 -5.59082e-16 -1.27471e-14 
6.94034 84.6622 38.196 1.76147 12.8901 95.4581 0 5.07867 -1.15138 1.51459 -6.20957 4.26901 0 5.61661 1.07143 0.748033 -4.20902 5.08411 -1.02604e-17 5.98978 0.11501 0.0818735 -1.4263 5.46412 -1.10457e-17 6.50583 -0.443523 -0.936416 3.46641 5.79037 -1.97295e-17 7.60548 -1.50593 -0.434212 5.96145 5.44843 -2.53307e-17 9.49737 -0.914492 1.037 7.12746 5.53989 -2.90401e-17 10.5513 1.57691 0.111296 0.153426 0.21316 -1.29193e-17 4.78644 0.715339 -1.98528 1.57717 -21.758 -1.8116e-17 4.82109 0.421791 7.73465 -8.60058 -10.2534 -2.00958e-17 4.83041 0.765062 17.9938 -12.7959 -10.5578 1.23299 -7.60731 7.53374 15.9874 -14.6683 3.58346 12.9547 3.2495 -3.26872 -98.2879 -14.2783 -85.8268 29.2081 0.0598081 0.137039 8.86534 -19.8253 -132.75 24.234 0.0496219 0.113701 7.40673 -9.37868 -5.37958 -1.23299 -7.60729 7.53365 -21.5011 -4.69125 -8.58103 -12.9547 3.2495 -3.26872 36.3294 -8.54302 102.373 -29.2081 0.0598081 0.137039 -10.4012 -17.8442 120.387 -24.234 0.0496218 0.113702 10.0731 30.9916 -2.63375 9.23673 -4.20556 2.0327 -30.7314 -20.6254 -46.9315 -0.852353 -38.7721 -0.655187 -7.8918 27.532 1.44466 -2.32622 -40.4017 -6.04875 0.418331 -6.52549 15.2186 0.779096 -9.8844 12.4959 -1.06974e-17 -7.96694e-16 1.39792e-17 -9.23673 -4.20556 2.0327 -15.301 12.1012 13.3819 0.852353 -38.7721 -0.655187 9.56797 32.3379 -2.19718 2.32622 -40.4017 -6.04875 8.33826 -9.38226 -16.4646 -0.779096 -9.8844 12.4959 -2.05894e-16 -5.83486e-16 -1.27593e-14 
7.05129 84.6578 38.1285 1.77377 12.907 95.2656 0 5.07867 -1.15138 1.51398 -6.11793 4.26607 0 5.61661 1.07143 0.748776 -4.14831 5.08076 -1.02604e-17 5.98978 0.11501 0.0869194 -1.41751 5.46483 -1.10457e-17 6.50583 -0.443523 -0.924838 3.38531 5.79388 -1.97295e-17 7.60548 -1.50593 -0.415496 5.8106 5.44647 -2.53307e-17 9.49737 -0.914492 1.05758 6.94124 5.52349 -2.90401e-17 10.5513 1.57691 0.11259 0.190301 0.220672 -1.29193e-17 4.78644 0.715339 -1.93221 1.71634 -21.8721 -1.8116e-17 4.82109 0.421791 7.69779 -8.53184 -10.3047 -2.00958e-17 4.83041 0.765062 17.9037 -12.7228 -10.576 1.23299 -7.60731 7.53374 16.0413 -14.5763 3.56828 12.9547 3.2495 -3.26872 -98.4709 -14.3024 -85.4471 29.2081 0.0598081 0.137039 8.86228 -19.8284 -132.772 24.234 0.0496219 0.113701 7.51261 -9.7599 -5.30323 -1.23299 -7.60729 7.53365 -21.6246 -4.57611 -8.63164 -12.9547 3.2495 -3.26872 36.4946 -8.37955 102.37 -29.2081 0.0598081 0.137039 -10.3975 -17.8502 120.422 -24.234 0.0496218 0.113702 10.2768 30.8732 -2.80467 9.23673 -4.20556 2.0327 -30.6918 -20.6088 -46.8291 -0.852353 -38.7721 -0.655187 -7.8762 27.4851 1.43827 -2.32622 -40.4017 -6.04875 0.433376 -6.61905 15.2162 0.779096 -9.8844 12.4959 2.48481e-17 -7.95139e-16 1.2424e-17 -9.23673 -4.20556 2.0327 -15.3973 12.1501 13.4413 0.852353 -38.7721 -0.655187 9.53842 32.2572 -2.18281 2.32622 -40.4017 -6.04875 8.25221 -9.35983 -16.4614 -0.779096 -9.8844 12.4959 -5.89245e-16 -5.59526e-16 -1.27473e-14 
7.15367 84.6675 38.0591 1.99304 12.9603 95.0658 0 5.07867 -1.15138 1.52279 -6.01618 4.26177 0 5.61661 1.07143 0.755861 -4.07084 5.07555 -1.02604e-17 5.98978 0.11501 0.0959279 -1.38461 5.46278 -1.10457e-17 6.50583 -0.443523 -0.910221 3.33612 5.79349 -1.97295e-17 7.60548 -1.50593 -0.396516 5.70328 5.44367 -2.53307e-17 9.49737 -0.914492 1.07575 6.80206 5.50743 -2.90401e-17 10.5513 1.57691 0.109756 0.222011 0.227581 -1.29193e-17 4.78644 0.715339 -1.90151 1.79816 -21.9773 -1.8116e-17 4.82109 0.421791 7.67297 -8.49631 -10.3536 -2.00958e-17 4.83041 0.765062 17.8093 -12.5585 -10.592 1.23299 -7.60731 7.53374 16.0798 -14.5153 3.53336 12.9547 3.2495 -3.26872 -98.5883 -14.3084 -85.1487 29.2081 0.0598081 0.137039 8.86072 -19.83 -132.783 24.234 0.0496219 0.113701 7.5233 -10.0109 -5.13748 -1.23299 -7.60729 7.53365 -21.7406 -4.48792 -8.64454 -12.9547 3.2495 -3.26872 36.6486 -8.29627 102.315 -29.2081 0.0598081 0.137039 -10.399 -17.8477 120.407 -24.234 0.0496218 0.113702 10.3988 30.6927 -2.97816 9.23673 -4.20556 2.0327 -30.6299 -20.385 -46.6607 -0.852353 -38.7721 -0.655187 -7.84443 27.3896 1.42532 -2.32622 -40.4017 -6.04875 0.392984 -6.64271 15.2073 0.779096 -9.8844 12.4959 1.19623e-15 -7.46331e-16 -3.63835e-17 -9.23673 -4.20556 2.0327 -15.4993 12.4133 13.5864 0.852353 -38.7721 -0.655187 9.49346 32.1341 -2.16103 2.32622 -40.4017 -6.04875 8.23276 -9.26859 -16.4744 -0.779096 -9.8844 12.4959 -2.05894e-16 -5.83486e-16 -1.27593e-14 
7.25185 84.6936 37.9841 2.32522 13.0117 94.9275 0 5.07867 -1.15138 1.54355 -5.92761 4.2508 0 5.61661 1.07143 0.772713 -3.99434 5.06193 -1.02604e-17 5.98978 0.11501 0.112161 -1.33716 5.45049 -1.10457e-17 6.50583 -0.443523 -0.890207 3.32461 5.78105 -1.97295e-17 7.60548 -1.50593 -0.377949 5.65407 5.4318 -2.53307e-17 9.49737 -0.914492 1.08703 6.73329 5.48397 -2.90401e-17 10.5513 1.57691 0.10348 0.245385 0.232457 -1.29193e-17 4.78644 0.715339 -1.8597 1.87052 -22.0284 -1.8116e-17 4.82109 0.421791 7.66675 -8.48781 -10.3784 -2.00958e-17 4.83041 0.765062 17.7183 -12.4485 -10.6284 1.23299 -7.60731 7.53374 16.086 -14.4932 3.47642 12.9547 3.2495 -3.26872 -98.7053 -14.2862 -84.8784 29.2081 0.0598081 0.137039 8.85749 -19.8333 -132.805 24.234 0.0496219 0.113701 7.43632 -10.1611 -4.99872 -1.23299 -7.60729 7.53365 -21.8375 -4.44579 -8.63599 -12.9547 3.2495 -3.26872 36.7498 -8.2755 102.191 -29.2081 0.0598081 0.137039 -10.4035 -17.8403 120.365 -24.234 0.0496218 0.113702 10.4565 30.519 -3.12787 9.23673 -4.20556 2.0327 -30.5572 -20.0263 -46.4848 -0.852353 -38.7721 -0.655187 -7.80295 27.2645 1.40847 -2.32622 -40.4017 -6.04875 0.301925 -6.59964 15.198 0.779096 -9.8844 12.4959 -7.34745e-16 -8.30856e-16 4.8141e-17 -9.23673 -4.20556 2.0327 -15.5775 12.8396 13.7006 0.852353 -38.7721 -0.655187 9.42153 31.9364 -2.12636 2.32622 -40.4017 -6.04875 8.2272 -9.10796 -16.4994 -0.779096 -9.8844 12.4959 -9.79705e-16 -5.47324e-16 -1.27229e-14 
7.34395 84.7181 37.9115 2.51065 13.0431 94.8109 0 5.07867 -1.15138 1.55939 -5.87126 4.24124 0 5.61661 1.07143 0.785811 -3.9444 5.04794 -1.02604e-17 5.98978 0.11501 0.125284 -1.30269 5.43708 -1.10457e-17 6.50583 -0.443523 -0.873953 3.32388 5.76742 -1.97295e-17 7.60548 -1.50593 -0.363005 5.62991 5.41869 -2.53307e-17 9.49737 -0.914492 1.09603 6.70014 5.46094 -2.90401e-17 10.5513 1.57691 0.100434 0.260031 0.236186 -1.29193e-17 4.78644 0.715339 -1.79965 1.9488 -21.9993 -1.8116e-17 4.82109 0.421791 7.67937 -8.47725 -10.3632 -2.00958e-17 4.83041 0.765062 17.6461 -12.4982 -10.6405 1.23299 -7.60731 7.53374 16.0707 -14.4796 3.43427 12.9547 3.2495 -3.26872 -98.8458 -14.2638 -84.5911 29.2081 0.0598081 0.137039 8.84734 -19.8437 -132.877 24.234 0.0496219 0.113701 7.30831 -10.254 -4.97149 -1.23299 -7.60729 7.53365 -21.9154 -4.42564 -8.64906 -12.9547 3.2495 -3.26872 36.8514 -8.2744 102.068 -29.2081 0.0598081 0.137039 -10.4022 -17.8425 120.377 -24.234 0.0496218 0.113702 10.5201 30.3578 -3.22045 9.23673 -4.20556 2.0327 -30.501 -19.7938 -46.3534 -0.852353 -38.7721 -0.655187 -7.76083 27.1372 1.39146 -2.32622 -40.4017 -6.04875 0.254735 -6.56715 15.1932 0.779096 -9.8844 12.4959 -3.7983e-16 -8.08007e-16 2.52924e-17 -9.23673 -4.20556 2.0327 -15.6623 13.1028 13.7467 0.852353 -38.7721 -0.655187 9.36364 31.7767 -2.09863 2.32622 -40.4017 -6.04875 8.20462 -8.98446 -16.5173 -0.779096 -9.8844 12.4959 -2.13003e-16 -5.83263e-16 -1.27588e-14 
7.41228 84.7274 37.8424 2.49463 13.0532 94.7751 0 5.07867 -1.15138 1.56382 -5.85059 4.23626 0 5.61661 1.07143 0.790231 -3.92598 5.03943 -1.02604e-17 5.98978 0.11501 0.131193 -1.28937 5.42848 -1.10457e-17 6.50583 -0.443523 -0.865481 3.32494 5.75894 -1.97295e-17 7.60548 -1.50593 -0.354145 5.62043 5.41013 -2.53307e-17 9.49737 -0.914492 1.1029 6.6896 5.44646 -2.90401e-17 10.5513 1.57691 0.101722 0.268774 0.239061 -1.29193e-17 4.78644 0.715339 -1.7543 2.00748 -21.9788 -1.8116e-17 4.82109 0.421791 7.69487 -8.48823 -10.3541 -2.00958e-17 4.83041 0.765062 17.6229 -12.6229 -10.6244 1.23299 -7.60731 7.53374 16.0747 -14.4682 3.44962 12.9547 3.2495 -3.26872 -98.8988 -14.1766 -84.3141 29.2081 0.0598081 0.137039 8.83342 -19.858 -132.975 24.234 0.0496219 0.113701 7.28918 -10.2398 -4.99666 -1.23299 -7.60729 7.53365 -21.9775 -4.4191 -8.69327 -12.9547 3.2495 -3.26872 36.9511 -8.27504 101.99 -29.2081 0.0598081 0.137039 -10.3917 -17.8597 120.476 -24.234 0.0496218 0.113702 10.6562 30.2112 -3.34151 9.23673 -4.20556 2.0327 -30.4965 -19.7491 -46.32 -0.852353 -38.7721 -0.655187 -7.7281 27.0382 1.37829 -2.32622 -40.4017 -6.04875 0.253242 -6.56698 15.1952 0.779096 -9.8844 12.4959 -1.15363e-15 -8.44168e-16 6.14533e-17 -9.23673 -4.20556 2.0327 -15.7172 13.1124 13.7605 0.852353 -38.7721 -0.655187 9.34913 31.7366 -2.0917 2.32622 -40.4017 -6.04875 8.18285 -8.93129 -16.5204 -0.779096 -9.8844 12.4959 -5.8924e-16 -5.59526e-16 -1.27473e-14 
7.46867 84.7392 37.7799 2.51148 13.0516 94.7919 0 5.07867 -1.15138 1.57047 -5.83265 4.23052 0 5.61661 1.07143 0.797929 -3.90943 5.0325 -1.02604e-17 5.98978 0.11501 0.139547 -1.27729 5.42122 -1.10457e-17 6.50583 -0.443523 -0.855535 3.32565 5.75146 -1.97295e-17 7.60548 -1.50593 -0.345481 5.61397 5.4028 -2.53307e-17 9.49737 -0.914492 1.10793 6.685 5.43628 -2.90401e-17 10.5513 1.57691 0.101732 0.277301 0.241958 -1.29193e-17 4.78644 0.715339 -1.73673 2.03952 -22.021 -1.8116e-17 4.82109 0.421791 7.696 -8.49897 -10.3769 -2.00958e-17 4.83041 0.765062 17.6344 -12.6541 -10.5982 1.23299 -7.60731 7.53374 16.0785 -14.4625 3.46561 12.9547 3.2495 -3.26872 -98.8549 -14.0333 -84.1082 29.2081 0.0598081 0.137039 8.8276 -19.8639 -133.016 24.234 0.0496219 0.113701 7.29099 -10.1808 -4.98962 -1.23299 -7.60729 7.53365 -22.0106 -4.41717 -8.70497 -12.9547 3.2495 -3.26872 37.0125 -8.26145 101.933 -29.2081 0.0598081 0.137039 -10.3851 -17.8705 120.539 -24.234 0.0496218 0.113702 10.7702 30.1103 -3.46386 9.23673 -4.20556 2.0327 -30.4826 -19.6706 -46.2943 -0.852353 -38.7721 -0.655187 -7.69593 26.9406 1.36541 -2.32622 -40.4017 -6.04875 0.275472 -6.5391 15.1903 0.779096 -9.8844 12.4959 -1.16786e-15 -8.44835e-16 6.21202e-17 -9.23673 -4.20556 2.0327 -15.7177 13.1445 13.7924 0.852353 -38.7721 -0.655187 9.33973 31.7106 -2.08721 2.32622 -40.4017 -6.04875 8.16489 -8.84795 -16.5288 -0.779096 -9.8844 12.4959 -9.8681e-16 -5.4688e-16 -1.27227e-14 
7.52373 84.7529 37.7222 2.54878 13.036 94.8266 0 5.07867 -1.15138 1.58423 -5.81648 4.2234 0 5.61661 1.07143 0.812139 -3.89359 5.02515 -1.02604e-17 5.98978 0.11501 0.152996 -1.26446 5.41332 -1.10457e-17 6.50583 -0.443523 -0.841722 3.32945 5.74255 -1.97295e-17 7.60548 -1.50593 -0.335464 5.61395 5.39365 -2.53307e-17 9.49737 -0.914492 1.11146 6.68853 5.42437 -2.90401e-17 10.5513 1.57691 0.0995448 0.283861 0.24407 -1.29193e-17 4.78644 0.715339 -1.7212 2.0625 -22.0532 -1.8116e-17 4.82109 0.421791 7.70171 -8.51751 -10.3934 -2.00958e-17 4.83041 0.765062 17.6301 -12.6708 -10.6122 1.23299 -7.60731 7.53374 16.0753 -14.4667 3.45986 12.9547 3.2495 -3.26872 -98.8495 -13.9249 -83.9548 29.2081 0.0598081 0.137039 8.8297 -19.8618 -133.001 24.234 0.0496219 0.113701 7.24411 -10.1572 -5.01917 -1.23299 -7.60729 7.53365 -22.0411 -4.41939 -8.70416 -12.9547 3.2495 -3.26872 37.0288 -8.21819 101.944 -29.2081 0.0598081 0.137039 -10.3928 -17.8578 120.465 -24.234 0.0496218 0.113702 10.8049 30.099 -3.49736 9.23673 -4.20556 2.0327 -30.4549 -19.5807 -46.256 -0.852353 -38.7721 -0.655187 -7.66952 26.8604 1.35487 -2.32622 -40.4017 -6.04875 0.286749 -6.50479 15.1852 0.779096 -9.8844 12.4959 3.50656e-18 -7.96028e-16 1.33133e-17 -9.23673 -4.20556 2.0327 -15.6918 13.2153 13.7913 0.852353 -38.7721 -0.655187 9.3209 31.6585 -2.07824 2.32622 -40.4017 -6.04875 8.14701 -8.7594 -16.5456 -0.779096 -9.8844 12.4959 -2.13012e-16 -5.83263e-16 -1.27588e-14 
7.57744 84.7593 37.6687 2.48807 13.0322 94.86 0 5.07867 -1.15138 1.58742 -5.80213 4.21856 0 5.61661 1.07143 0.816267 -3.88254 5.01807 -1.02604e-17 5.98978 0.11501 0.157882 -1.25713 5.40571 -1.10457e-17 6.50583 -0.443523 -0.835029 3.32769 5.73378 -1.97295e-17 7.60548 -1.50593 -0.329851 5.60584 5.38416 -2.53307e-17 9.49737 -0.914492 1.11357 6.6799 5.41176 -2.90401e-17 10.5513 1.57691 0.0970429 0.28706 0.244775 -1.29193e-17 4.78644 0.715339 -1.6965 2.09674 -22.0506 -1.8116e-17 4.82109 0.421791 7.70656 -8.52074 -10.3909 -2.00958e-17 4.83041 0.765062 17.6191 -12.7437 -10.6304 1.23299 -7.60731 7.53374 16.0693 -14.4579 3.44365 12.9547 3.2495 -3.26872 -98.9114 -13.9161 -83.84 29.2081 0.0598081 0.137039 8.83114 -19.8603 -132.991 24.234 0.0496219 0.113701 7.20189 -10.1765 -5.08482 -1.23299 -7.60729 7.53365 -22.0845 -4.41097 -8.71517 -12.9547 3.2495 -3.26872 37.0197 -8.14952 102.02 -29.2081 0.0598081 0.137039 -10.4064 -17.8357 120.338 -24.234 0.0496218 0.113702 10.7744 30.1557 -3.43642 9.23673 -4.20556 2.0327 -30.4556 -19.59 -46.2227 -0.852353 -38.7721 -0.655187 -7.64764 26.7938 1.34616 -2.32622 -40.4017 -6.04875 0.302807 -6.49019 15.1829 0.779096 -9.8844 12.4959 1.19621e-15 -7.46332e-16 -3.63829e-17 -9.23673 -4.20556 2.0327 -15.697 13.1844 13.7493 0.852353 -38.7721 -0.655187 9.31151 31.6324 -2.07377 2.32622 -40.4017 -6.04875 8.13765 -8.73161 -16.5566 -0.779096 -9.8844 12.4959 -5.8924e-16 -5.59526e-16 -1.27473e-14 
7.62516 84.7682 37.6109 2.43402 13.0345 94.9332 0 5.07867 -1.15138 1.58871 -5.79278 4.21185 0 5.61661 1.07143 0.81908 -3.87419 5.00805 -1.02604e-17 5.98978 0.11501 0.161915 -1.24974 5.3946 -1.10457e-17 6.50583 -0.443523 -0.828712 3.33141 5.72135 -1.97295e-17 7.60548 -1.50593 -0.325104 5.60664 5.37182 -2.53307e-17 9.49737 -0.914492 1.11458 6.68055 5.39666 -2.90401e-17 10.5513 1.57691 0.0940626 0.288436 0.244841 -1.29193e-17 4.78644 0.715339 -1.67441 2.12555 -22.063 -1.8116e-17 4.82109 0.421791 7.71422 -8.52689 -10.3968 -2.00958e-17 4.83041 0.765062 17.6015 -12.779 -10.6425 1.23299 -7.60731 7.53374 16.0605 -14.4475 3.43846 12.9547 3.2495 -3.26872 -98.9292 -13.9304 -83.756 29.2081 0.0598081 0.137039 8.82991 -19.8615 -133 24.234 0.0496219 0.113701 7.22623 -10.1782 -5.11617 -1.23299 -7.60729 7.53365 -22.1261 -4.41008 -8.72522 -12.9547 3.2495 -3.26872 36.9631 -8.14865 102.063 -29.2081 0.0598081 0.137039 -10.4157 -17.8203 120.249 -24.234 0.0496218 0.113702 10.6906 30.1887 -3.39755 9.23673 -4.20556 2.0327 -30.4711 -19.5763 -46.2158 -0.852353 -38.7721 -0.655187 -7.62057 26.7114 1.33543 -2.32622 -40.4017 -6.04875 0.292756 -6.46064 15.181 0.779096 -9.8844 12.4959 4.61896e-17 -7.94249e-16 1.15348e-17 -9.23673 -4.20556 2.0327 -15.7049 13.1572 13.6782 0.852353 -38.7721 -0.655187 9.30845 31.624 -2.07232 2.32622 -40.4017 -6.04875 8.14954 -8.66462 -16.5641 -0.779096 -9.8844 12.4959 -5.96354e-16 -5.59082e-16 -1.27471e-14 
7.67143 84.7907 37.5507 2.54054 13.0707 95.0171 0 5.07867 -1.15138 1.59428 -5.76753 4.20378 0 5.61661 1.07143 0.82372 -3.84749 4.99743 -1.02604e-17 5.98978 0.11501 0.166457 -1.22702 5.38302 -1.10457e-17 6.50583 -0.443523 -0.822315 3.34392 5.70831 -1.97295e-17 7.60548 -1.50593 -0.320697 5.61433 5.36047 -2.53307e-17 9.49737 -0.914492 1.1149 6.68579 5.38348 -2.90401e-17 10.5513 1.57691 0.0908992 0.29078 0.245961 -1.29193e-17 4.78644 0.715339 -1.67247 2.12582 -22.1147 -1.8116e-17 4.82109 0.421791 7.71953 -8.52179 -10.4237 -2.00958e-17 4.83041 0.765062 17.5781 -12.707 -10.6611 1.23299 -7.60731 7.53374 16.0377 -14.4526 3.39011 12.9547 3.2495 -3.26872 -98.9224 -13.9213 -83.7053 29.2081 0.0598081 0.137039 8.8294 -19.8621 -133.003 24.234 0.0496219 0.113701 7.20944 -10.1624 -5.06936 -1.23299 -7.60729 7.53365 -22.1409 -4.42245 -8.69218 -12.9547 3.2495 -3.26872 36.9099 -8.2177 101.993 -29.2081 0.0598081 0.137039 -10.4212 -17.8111 120.197 -24.234 0.0496218 0.113702 10.5665 30.1559 -3.38291 9.23673 -4.20556 2.0327 -30.478 -19.395 -46.1631 -0.852353 -38.7721 -0.655187 -7.58082 26.5901 1.31973 -2.32622 -40.4017 -6.04875 0.241468 -6.36376 15.1714 0.779096 -9.8844 12.4959 2.48481e-17 -7.95139e-16 1.2424e-17 -9.23673 -4.20556 2.0327 -15.7301 13.3192 13.6092 0.852353 -38.7721 -0.655187 9.28547 31.5602 -2.06141 2.32622 -40.4017 -6.04875 8.17764 -8.52449 -16.5801 -0.779096 -9.8844 12.4959 -5.96354e-16 -5.59082e-16 -1.27471e-14 
7.72422 84.8207 37.4953 2.73797 13.1193 95.0962 0 5.07867 -1.15138 1.60125 -5.72535 4.19693 0 5.61661 1.07143 0.827333 -3.80349 4.98849 -1.02604e-17 5.98978 0.11501 0.16933 -1.1903 5.37381 -1.10457e-17 6.50583 -0.443523 -0.817304 3.36318 5.69761 -1.97295e-17 7.60548 -1.50593 -0.316357 5.62549 5.35244 -2.53307e-17 9.49737 -0.914492 1.11684 6.69092 5.37318 -2.90401e-17 10.5513 1.57691 0.0884172 0.293888 0.248356 -1.29193e-17 4.78644 0.715339 -1.67628 2.10331 -22.1575 -1.8116e-17 4.82109 0.421791 7.73753 -8.52044 -10.4464 -2.00958e-17 4.83041 0.765062 17.5439 -12.614 -10.7033 1.23299 -7.60731 7.53374 16.0063 -14.4752 3.30618 12.9547 3.2495 -3.26872 -98.9453 -13.8922 -83.6644 29.2081 0.0598081 0.137039 8.82786 -19.8636 -133.014 24.234 0.0496219 0.113701 7.12359 -10.1292 -5.01819 -1.23299 -7.60729 7.53365 -22.1486 -4.44023 -8.63953 -12.9547 3.2495 -3.26872 36.9073 -8.27474 101.864 -29.2081 0.0598081 0.137039 -10.4254 -17.8041 120.156 -24.234 0.0496218 0.113702 10.4694 30.0933 -3.34489 9.23673 -4.20556 2.0327 -30.4729 -19.1293 -46.0536 -0.852353 -38.7721 -0.655187 -7.54207 26.4717 1.3045 -2.32622 -40.4017 -6.04875 0.185026 -6.23009 15.1614 0.779096 -9.8844 12.4959 -3.65607e-16 -8.0734e-16 2.46258e-17 -9.23673 -4.20556 2.0327 -15.7594 13.6113 13.5414 0.852353 -38.7721 -0.655187 9.24013 31.4342 -2.03994 2.32622 -40.4017 -6.04875 8.22467 -8.36476 -16.6049 -0.779096 -9.8844 12.4959 -5.96354e-16 -5.59082e-16 -1.27471e-14 
7.78505 84.8447 37.4452 2.87652 13.1686 95.1785 0 5.07867 -1.15138 1.59928 -5.68399 4.19063 0 5.61661 1.07143 0.822706 -3.76198 4.9785 -1.02604e-17 5.98978 0.11501 0.165661 -1.15719 5.36359 -1.10457e-17 6.50583 -0.443523 -0.816962 3.37742 5.68595 -1.97295e-17 7.60548 -1.50593 -0.313879 5.62841 5.34344 -2.53307e-17 9.49737 -0.914492 1.1196 6.68512 5.36113 -2.90401e-17 10.5513 1.57691 0.0868959 0.296889 0.249985 -1.29193e-17 4.78644 0.715339 -1.66951 2.0913 -22.1665 -1.8116e-17 4.82109 0.421791 7.75778 -8.51041 -10.4521 -2.00958e-17 4.83041 0.765062 17.5371 -12.5783 -10.7324 1.23299 -7.60731 7.53374 15.9779 -14.4909 3.21789 12.9547 3.2495 -3.26872 -99.0148 -13.9184 -83.6192 29.2081 0.0598081 0.137039 8.82242 -19.8692 -133.052 24.234 0.0496219 0.113701 7.02431 -10.1125 -5 -1.23299 -7.60729 7.53365 -22.1577 -4.45272 -8.59397 -12.9547 3.2495 -3.26872 36.9462 -8.29529 101.729 -29.2081 0.0598081 0.137039 -10.4253 -17.8043 120.157 -24.234 0.0496218 0.113702 10.4197 29.9902 -3.28304 9.23673 -4.20556 2.0327 -30.4827 -18.9204 -45.9379 -0.852353 -38.7721 -0.655187 -7.51083 26.376 1.29228 -2.32622 -40.4017 -6.04875 0.16693 -6.11351 15.1541 0.779096 -9.8844 12.4959 -1.15363e-15 -8.44168e-16 6.14533e-17 -9.23673 -4.20556 2.0327 -15.7957 13.8606 13.4653 0.852353 -38.7721 -0.655187 9.19334 31.3038 -2.01788 2.32622 -40.4017 -6.04875 8.26994 -8.25428 -16.6238 -0.779096 -9.8844 12.4959 -2.05899e-16 -5.83485e-16 -1.27593e-14 
7.84433 84.8527 37.399 2.87958 13.1622 95.2422 0 5.07867 -1.15138 1.59865 -5.66277 4.18307 0 5.61661 1.07143 0.822508 -3.74173 4.96743 -1.02604e-17 5.98978 0.11501 0.167571 -1.14316 5.35213 -1.10457e-17 6.50583 -0.443523 -0.811145 3.37812 5.67379 -1.97295e-17 7.60548 -1.50593 -0.30658 5.61808 5.33147 -2.53307e-17 9.49737 -0.914492 1.12597 6.67059 5.34422 -2.90401e-17 10.5513 1.57691 0.0871113 0.299888 0.250744 -1.29193e-17 4.78644 0.715339 -1.64961 2.09111 -22.1362 -1.8116e-17 4.82109 0.421791 7.78241 -8.50006 -10.4363 -2.00958e-17 4.83041 0.765062 17.5489 -12.6028 -10.7316 1.23299 -7.60731 7.53374 15.9633 -14.4893 3.16762 12.9547 3.2495 -3.26872 -99.0977 -13.9956 -83.5499 29.2081 0.0598081 0.137039 8.81418 -19.8775 -133.11 24.234 0.0496219 0.113701 6.95913 -10.1215 -5.02643 -1.23299 -7.60729 7.53365 -22.1732 -4.45632 -8.57984 -12.9547 3.2495 -3.26872 37.0028 -8.32426 101.654 -29.2081 0.0598081 0.137039 -10.4201 -17.8129 120.207 -24.234 0.0496218 0.113702 10.3917 29.8845 -3.21825 9.23673 -4.20556 2.0327 -30.4841 -18.8681 -45.8713 -0.852353 -38.7721 -0.655187 -7.4994 26.341 1.28782 -2.32622 -40.4017 -6.04875 0.233828 -6.06867 15.1528 0.779096 -9.8844 12.4959 3.93962e-16 -7.83826e-16 1.11154e-18 -9.23673 -4.20556 2.0327 -15.7864 13.9353 13.4114 0.852353 -38.7721 -0.655187 9.16754 31.2317 -2.00576 2.32622 -40.4017 -6.04875 8.27373 -8.20333 -16.6252 -0.779096 -9.8844 12.4959 -1.98785e-16 -5.8393e-16 -1.27595e-14 
7.8955 84.8463 37.3501 2.79945 13.1606 95.3048 0 5.07867 -1.15138 1.59481 -5.6371 4.17751 0 5.61661 1.07143 0.820452 -3.72342 4.96031 -1.02604e-17 5.98978 0.11501 0.168445 -1.13958 5.34512 -1.10457e-17 6.50583 -0.443523 -0.806119 3.35769 5.66684 -1.97295e-17 7.60548 -1.50593 -0.298397 5.57621 5.32274 -2.53307e-17 9.49737 -0.914492 1.13536 6.61918 5.33007 -2.90401e-17 10.5513 1.57691 0.0892539 0.307125 0.252438 -1.29193e-17 4.78644 0.715339 -1.64495 2.08548 -22.1352 -1.8116e-17 4.82109 0.421791 7.79318 -8.47757 -10.4339 -2.00958e-17 4.83041 0.765062 17.5696 -12.6188 -10.71 1.23299 -7.60731 7.53374 15.9858 -14.4643 3.13102 12.9547 3.2495 -3.26872 -99.1987 -14.1126 -83.4709 29.2081 0.0598081 0.137039 8.80782 -19.884 -133.155 24.234 0.0496219 0.113701 6.9482 -10.1578 -5.04212 -1.23299 -7.60729 7.53365 -22.1993 -4.43796 -8.57865 -12.9547 3.2495 -3.26872 37.0821 -8.35721 101.66 -29.2081 0.0598081 0.137039 -10.4144 -17.8225 120.262 -24.234 0.0496218 0.113702 10.4375 29.7732 -3.21036 9.23673 -4.20556 2.0327 -30.5153 -18.9052 -45.8584 -0.852353 -38.7721 -0.655187 -7.49539 26.3287 1.28626 -2.32622 -40.4017 -6.04875 0.32671 -6.06673 15.154 0.779096 -9.8844 12.4959 -3.58494e-16 -8.07118e-16 2.44035e-17 -9.23673 -4.20556 2.0327 -15.783 13.8731 13.3653 0.852353 -38.7721 -0.655187 9.17486 31.2522 -2.0092 2.32622 -40.4017 -6.04875 8.26449 -8.20587 -16.6171 -0.779096 -9.8844 12.4959 -5.8924e-16 -5.59526e-16 -1.27473e-14 
7.94173 84.833 37.3045 2.71998 13.1512 95.3836 0 5.07867 -1.15138 1.58973 -5.60025 4.17337 0 5.61661 1.07143 0.817813 -3.69843 4.95598 -1.02604e-17 5.98978 0.11501 0.168921 -1.13654 5.34122 -1.10457e-17 6.50583 -0.443523 -0.8012 3.32609 5.6631 -1.97295e-17 7.60548 -1.50593 -0.289959 5.5158 5.31663 -2.53307e-17 9.49737 -0.914492 1.1456 6.54345 5.31875 -2.90401e-17 10.5513 1.57691 0.0909455 0.317398 0.254479 -1.29193e-17 4.78644 0.715339 -1.65285 2.07052 -22.168 -1.8116e-17 4.82109 0.421791 7.80071 -8.4575 -10.4469 -2.00958e-17 4.83041 0.765062 17.592 -12.5994 -10.7107 1.23299 -7.60731 7.53374 16.0285 -14.4271 3.09266 12.9547 3.2495 -3.26872 -99.2917 -14.2435 -83.4267 29.2081 0.0598081 0.137039 8.80612 -19.8857 -133.166 24.234 0.0496219 0.113701 6.98775 -10.1714 -5.0169 -1.23299 -7.60729 7.53365 -22.2312 -4.40545 -8.57527 -12.9547 3.2495 -3.26872 37.1499 -8.37532 101.733 -29.2081 0.0598081 0.137039 -10.4153 -17.821 120.253 -24.234 0.0496218 0.113702 10.5325 29.706 -3.26001 9.23673 -4.20556 2.0327 -30.5552 -18.9556 -45.885 -0.852353 -38.7721 -0.655187 -7.50212 26.3493 1.28888 -2.32622 -40.4017 -6.04875 0.417626 -6.07989 15.155 0.779096 -9.8844 12.4959 1.1891e-15 -7.46554e-16 -3.61606e-17 -9.23673 -4.20556 2.0327 -15.7605 13.7908 13.3166 0.852353 -38.7721 -0.655187 9.1952 31.309 -2.01876 2.32622 -40.4017 -6.04875 8.26036 -8.21167 -16.6077 -0.779096 -9.8844 12.4959 -9.8681e-16 -5.4688e-16 -1.27227e-14 
7.98962 84.8189 37.2585 2.68585 13.1477 95.4621 0 5.07867 -1.15138 1.58322 -5.55482 4.16692 0 5.61661 1.07143 0.813886 -3.66677 4.94793 -1.02604e-17 5.98978 0.11501 0.168406 -1.12988 5.33326 -1.10457e-17 6.50583 -0.443523 -0.796296 3.29222 5.65458 -1.97295e-17 7.60548 -1.50593 -0.28206 5.45005 5.30629 -2.53307e-17 9.49737 -0.914492 1.15364 6.4593 5.30283 -2.90401e-17 10.5513 1.57691 0.0906692 0.329042 0.255145 -1.29193e-17 4.78644 0.715339 -1.65451 2.0688 -22.1955 -1.8116e-17 4.82109 0.421791 7.80628 -8.43515 -10.456 -2.00958e-17 4.83041 0.765062 17.61 -12.5644 -10.7088 1.23299 -7.60731 7.53374 16.0794 -14.3848 3.04182 12.9547 3.2495 -3.26872 -99.4083 -14.4062 -83.4183 29.2081 0.0598081 0.137039 8.80818 -19.8836 -133.152 24.234 0.0496219 0.113701 7.00951 -10.1655 -4.96372 -1.23299 -7.60729 7.53365 -22.2753 -4.36908 -8.56818 -12.9547 3.2495 -3.26872 37.2274 -8.37733 101.833 -29.2081 0.0598081 0.137039 -10.4235 -17.8073 120.175 -24.234 0.0496218 0.113702 10.597 29.6201 -3.28579 9.23673 -4.20556 2.0327 -30.5858 -18.9621 -45.9073 -0.852353 -38.7721 -0.655187 -7.50783 26.3668 1.29111 -2.32622 -40.4017 -6.04875 0.478552 -6.10402 15.1544 0.779096 -9.8844 12.4959 4.61896e-17 -7.94249e-16 1.15348e-17 -9.23673 -4.20556 2.0327 -15.7378 13.756 13.2503 0.852353 -38.7721 -0.655187 9.21391 31.3612 -2.02757 2.32622 -40.4017 -6.04875 8.25215 -8.20434 -16.6029 -0.779096 -9.8844 12.4959 -6.03468e-16 -5.5886e-16 -1.27466e-14 
8.04177 84.8061 37.2223 2.67437 13.1382 95.4988 0 5.07867 -1.15138 1.57488 -5.51143 4.16061 0 5.61661 1.07143 0.808462 -3.63652 4.93835 -1.02604e-17 5.98978 0.11501 0.167018 -1.1222 5.32351 -1.10457e-17 6.50583 -0.443523 -0.791549 3.26204 5.64412 -1.97295e-17 7.60548 -1.50593 -0.274155 5.39033 5.29461 -2.53307e-17 9.49737 -0.914492 1.16161 6.3818 5.28467 -2.90401e-17 10.5513 1.57691 0.0904918 0.33978 0.254678 -1.29193e-17 4.78644 0.715339 -1.64699 2.06668 -22.1812 -1.8116e-17 4.82109 0.421791 7.82428 -8.41993 -10.4427 -2.00958e-17 4.83041 0.765062 17.611 -12.5456 -10.7055 1.23299 -7.60731 7.53374 16.1251 -14.3419 2.99556 12.9547 3.2495 -3.26872 -99.521 -14.5799 -83.4136 29.2081 0.0598081 0.137039 8.81031 -19.8815 -133.137 24.234 0.0496219 0.113701 6.9958 -10.1764 -4.92558 -1.23299 -7.60729 7.53365 -22.3246 -4.33633 -8.57063 -12.9547 3.2495 -3.26872 37.31 -8.38735 101.932 -29.2081 0.0598081 0.137039 -10.4331 -17.7914 120.083 -24.234 0.0496218 0.113702 10.6067 29.5127 -3.27373 9.23673 -4.20556 2.0327 -30.5765 -18.9416 -45.9069 -0.852353 -38.7721 -0.655187 -7.50386 26.3547 1.28956 -2.32622 -40.4017 -6.04875 0.526971 -6.1701 15.1553 0.779096 -9.8844 12.4959 2.48481e-17 -7.95139e-16 1.2424e-17 -9.23673 -4.20556 2.0327 -15.7186 13.7369 13.1877 0.852353 -38.7721 -0.655187 9.22944 31.4044 -2.03489 2.32622 -40.4017 -6.04875 8.2526 -8.19493 -16.5987 -0.779096 -9.8844 12.4959 -9.86805e-16 -5.4688e-16 -1.27227e-14 
8.0977 84.7965 37.1986 2.6591 13.1319 95.4984 0 5.07867 -1.15138 1.5631 -5.47247 4.15773 0 5.61661 1.07143 0.798888 -3.60986 4.93218 -1.02604e-17 5.98978 0.11501 0.161641 -1.11577 5.31756 -1.10457e-17 6.50583 -0.443523 -0.791008 3.23441 5.63805 -1.97295e-17 7.60548 -1.50593 -0.268721 5.33544 5.28759 -2.53307e-17 9.49737 -0.914492 1.16967 6.3092 5.27156 -2.90401e-17 10.5513 1.57691 0.0911873 0.349255 0.254639 -1.29193e-17 4.78644 0.715339 -1.64669 2.05067 -22.166 -1.8116e-17 4.82109 0.421791 7.83998 -8.41222 -10.43 -2.00958e-17 4.83041 0.765062 17.62 -12.5359 -10.6918 1.23299 -7.60731 7.53374 16.1651 -14.3016 2.95441 12.9547 3.2495 -3.26872 -99.6119 -14.7385 -83.4013 29.2081 0.0598081 0.137039 8.81053 -19.8812 -133.136 24.234 0.0496219 0.113701 6.9823 -10.1949 -4.89135 -1.23299 -7.60729 7.53365 -22.3701 -4.30591 -8.57517 -12.9547 3.2495 -3.26872 37.405 -8.41891 102.002 -29.2081 0.0598081 0.137039 -10.439 -17.7815 120.027 -24.234 0.0496218 0.113702 10.6229 29.3996 -3.2758 9.23673 -4.20556 2.0327 -30.5444 -18.922 -45.8811 -0.852353 -38.7721 -0.655187 -7.4924 26.3195 1.28509 -2.32622 -40.4017 -6.04875 0.576184 -6.25473 15.1575 0.779096 -9.8844 12.4959 -7.56053e-16 -8.31743e-16 4.90288e-17 -9.23673 -4.20556 2.0327 -15.7082 13.7155 13.1641 0.852353 -38.7721 -0.655187 9.23897 31.431 -2.03939 2.32622 -40.4017 -6.04875 8.2733 -8.20132 -16.5905 -0.779096 -9.8844 12.4959 -6.03473e-16 -5.58859e-16 -1.27466e-14 
8.1539 84.7889 37.1799 2.63846 13.1156 95.4443 0 5.07867 -1.15138 1.55338 -5.43729 4.15738 0 5.61661 1.07143 0.790785 -3.5869 4.92959 -1.02604e-17 5.98978 0.11501 0.157116 -1.11159 5.31568 -1.10457e-17 6.50583 -0.443523 -0.790721 3.20645 5.63677 -1.97295e-17 7.60548 -1.50593 -0.26334 5.28177 5.28505 -2.53307e-17 9.49737 -0.914492 1.17836 6.23889 5.26317 -2.90401e-17 10.5513 1.57691 0.0918617 0.358552 0.255499 -1.29193e-17 4.78644 0.715339 -1.6523 2.02833 -22.1568 -1.8116e-17 4.82109 0.421791 7.84657 -8.40342 -10.421 -2.00958e-17 4.83041 0.765062 17.6333 -12.5168 -10.6567 1.23299 -7.60731 7.53374 16.1918 -14.263 2.92149 12.9547 3.2495 -3.26872 -99.6818 -14.8799 -83.3756 29.2081 0.0598081 0.137039 8.81031 -19.8815 -133.137 24.234 0.0496219 0.113701 6.95609 -10.2033 -4.86568 -1.23299 -7.60729 7.53365 -22.406 -4.27387 -8.57775 -12.9547 3.2495 -3.26872 37.5071 -8.44257 102.066 -29.2081 0.0598081 0.137039 -10.443 -17.775 119.989 -24.234 0.0496218 0.113702 10.6641 29.2844 -3.29578 9.23673 -4.20556 2.0327 -30.4799 -18.9107 -45.8251 -0.852353 -38.7721 -0.655187 -7.4729 26.2597 1.27751 -2.32622 -40.4017 -6.04875 0.653833 -6.35871 15.1607 0.779096 -9.8844 12.4959 -7.70291e-16 -8.32411e-16 4.96962e-17 -9.23673 -4.20556 2.0327 -15.6949 13.6699 13.1959 0.852353 -38.7721 -0.655187 9.2483 31.4569 -2.0438 2.32622 -40.4017 -6.04875 8.2847 -8.21621 -16.579 -0.779096 -9.8844 12.4959 -2.05903e-16 -5.83485e-16 -1.27593e-14 
8.21187 84.7792 37.1534 2.57766 13.0813 95.3932 0 5.07867 -1.15138 1.5478 -5.40868 4.15452 0 5.61661 1.07143 0.787819 -3.57136 4.92532 -1.02604e-17 5.98978 0.11501 0.157405 -1.11524 5.31205 -1.10457e-17 6.50583 -0.443523 -0.786289 3.17086 5.63386 -1.97295e-17 7.60548 -1.50593 -0.255579 5.22005 5.27997 -2.53307e-17 9.49737 -0.914492 1.18711 6.16183 5.25181 -2.90401e-17 10.5513 1.57691 0.0918375 0.369798 0.256562 -1.29193e-17 4.78644 0.715339 -1.65125 2.02424 -22.1575 -1.8116e-17 4.82109 0.421791 7.84057 -8.39128 -10.4173 -2.00958e-17 4.83041 0.765062 17.6292 -12.5117 -10.624 1.23299 -7.60731 7.53374 16.224 -14.2144 2.8981 12.9547 3.2495 -3.26872 -99.7523 -15.0122 -83.309 29.2081 0.0598081 0.137039 8.81146 -19.8803 -133.129 24.234 0.0496219 0.113701 6.94418 -10.2382 -4.87446 -1.23299 -7.60729 7.53365 -22.4444 -4.23671 -8.58492 -12.9547 3.2495 -3.26872 37.5995 -8.43245 102.159 -29.2081 0.0598081 0.137039 -10.4482 -17.7662 119.939 -24.234 0.0496218 0.113702 10.7433 29.183 -3.33913 9.23673 -4.20556 2.0327 -30.4181 -18.9389 -45.7904 -0.852353 -38.7721 -0.655187 -7.45644 26.2091 1.27112 -2.32622 -40.4017 -6.04875 0.746521 -6.46915 15.1658 0.779096 -9.8844 12.4959 1.06109e-17 -7.95806e-16 1.30914e-17 -9.23673 -4.20556 2.0327 -15.6713 13.5832 13.2221 0.852353 -38.7721 -0.655187 9.25885 31.4863 -2.04879 2.32622 -40.4017 -6.04875 8.28235 -8.23167 -16.5623 -0.779096 -9.8844 12.4959 -5.89235e-16 -5.59527e-16 -1.27473e-14 
8.26714 84.7744 37.1138 2.51717 13.0723 95.3625 0 5.07867 -1.15138 1.54288 -5.37974 4.14849 0 5.61661 1.07143 0.786063 -3.55669 4.91766 -1.02604e-17 5.98978 0.11501 0.158829 -1.12121 5.30483 -1.10457e-17 6.50583 -0.443523 -0.780568 3.13001 5.62704 -1.97295e-17 7.60548 -1.50593 -0.247534 5.15182 5.27079 -2.53307e-17 9.49737 -0.914492 1.19429 6.07829 5.23653 -2.90401e-17 10.5513 1.57691 0.0905421 0.383003 0.257714 -1.29193e-17 4.78644 0.715339 -1.63947 2.0532 -22.1842 -1.8116e-17 4.82109 0.421791 7.8202 -8.36398 -10.4272 -2.00958e-17 4.83041 0.765062 17.5925 -12.5003 -10.5934 1.23299 -7.60731 7.53374 16.2587 -14.1583 2.87708 12.9547 3.2495 -3.26872 -99.8313 -15.1275 -83.2223 29.2081 0.0598081 0.137039 8.81513 -19.8766 -133.103 24.234 0.0496219 0.113701 6.9482 -10.2704 -4.87314 -1.23299 -7.60729 7.53365 -22.4837 -4.19447 -8.59242 -12.9547 3.2495 -3.26872 37.6689 -8.39937 102.249 -29.2081 0.0598081 0.137039 -10.4556 -17.7539 119.868 -24.234 0.0496218 0.113702 10.8245 29.0825 -3.38787 9.23673 -4.20556 2.0327 -30.3926 -18.9609 -45.7651 -0.852353 -38.7721 -0.655187 -7.43664 26.1482 1.26345 -2.32622 -40.4017 -6.04875 0.819033 -6.52527 15.1674 0.779096 -9.8844 12.4959 -3.65603e-16 -8.0734e-16 2.46256e-17 -9.23673 -4.20556 2.0327 -15.6798 13.4983 13.2175 0.852353 -38.7721 -0.655187 9.27138 31.5211 -2.05472 2.32622 -40.4017 -6.04875 8.26522 -8.22367 -16.5462 -0.779096 -9.8844 12.4959 -5.96354e-16 -5.59082e-16 -1.27471e-14 
8.31554 84.7807 37.0642 2.57386 13.0841 95.3588 0 5.07867 -1.15138 1.5469 -5.3426 4.13738 0 5.61661 1.07143 0.792477 -3.53177 4.90491 -1.02604e-17 5.98978 0.11501 0.166755 -1.11585 5.29216 -1.10457e-17 6.50583 -0.443523 -0.769317 3.09947 5.61405 -1.97295e-17 7.60548 -1.50593 -0.237835 5.09706 5.25659 -2.53307e-17 9.49737 -0.914492 1.19801 6.01137 5.21644 -2.90401e-17 10.5513 1.57691 0.0867985 0.397959 0.258901 -1.29193e-17 4.78644 0.715339 -1.60927 2.1235 -22.2327 -1.8116e-17 4.82109 0.421791 7.79561 -8.33677 -10.4486 -2.00958e-17 4.83041 0.765062 17.5116 -12.4533 -10.5917 1.23299 -7.60731 7.53374 16.2934 -14.1195 2.86881 12.9547 3.2495 -3.26872 -99.8955 -15.1563 -83.1285 29.2081 0.0598081 0.137039 8.82133 -19.8703 -133.06 24.234 0.0496219 0.113701 6.95282 -10.2637 -4.82841 -1.23299 -7.60729 7.53365 -22.5283 -4.16277 -8.59781 -12.9547 3.2495 -3.26872 37.7146 -8.3743 102.285 -29.2081 0.0598081 0.137039 -10.4638 -17.74 119.789 -24.234 0.0496218 0.113702 10.8908 28.9572 -3.47033 9.23673 -4.20556 2.0327 -30.3656 -18.8563 -45.7264 -0.852353 -38.7721 -0.655187 -7.40664 26.0558 1.25188 -2.32622 -40.4017 -6.04875 0.829621 -6.52605 15.1637 0.779096 -9.8844 12.4959 -1.15362e-15 -8.44167e-16 6.14528e-17 -9.23673 -4.20556 2.0327 -15.7008 13.5479 13.1769 0.852353 -38.7721 -0.655187 9.27207 31.523 -2.05505 2.32622 -40.4017 -6.04875 8.24017 -8.14643 -16.5388 -0.779096 -9.8844 12.4959 -5.96354e-16 -5.59082e-16 -1.27471e-14 
8.35715 84.791 37.0122 2.6801 13.0945 95.3713 0 5.07867 -1.15138 1.55689 -5.30079 4.12405 0 5.61661 1.07143 0.803754 -3.49999 4.88991 -1.02604e-17 5.98978 0.11501 0.178239 -1.10207 5.27715 -1.10457e-17 6.50583 -0.443523 -0.755493 3.07846 5.59834 -1.97295e-17 7.60548 -1.50593 -0.227784 5.05414 5.24032 -2.53307e-17 9.49737 -0.914492 1.19944 5.95954 5.19474 -2.90401e-17 10.5513 1.57691 0.0830269 0.412353 0.259802 -1.29193e-17 4.78644 0.715339 -1.56347 2.22063 -22.2703 -1.8116e-17 4.82109 0.421791 7.77347 -8.30583 -10.4642 -2.00958e-17 4.83041 0.765062 17.4086 -12.4339 -10.6318 1.23299 -7.60731 7.53374 16.3275 -14.0977 2.8562 12.9547 3.2495 -3.26872 -99.9872 -15.1386 -83.0231 29.2081 0.0598081 0.137039 8.82643 -19.8651 -133.024 24.234 0.0496219 0.113701 6.93934 -10.2809 -4.78975 -1.23299 -7.60729 7.53365 -22.5742 -4.14061 -8.60111 -12.9547 3.2495 -3.26872 37.7527 -8.34543 102.267 -29.2081 0.0598081 0.137039 -10.4692 -17.731 119.737 -24.234 0.0496218 0.113702 10.9784 28.8367 -3.58912 9.23673 -4.20556 2.0327 -30.333 -18.7067 -45.6901 -0.852353 -38.7721 -0.655187 -7.37675 25.9637 1.24039 -2.32622 -40.4017 -6.04875 0.801232 -6.50651 15.1589 0.779096 -9.8844 12.4959 1.17484e-15 -7.47222e-16 -3.54925e-17 -9.23673 -4.20556 2.0327 -15.7156 13.6649 13.1115 0.852353 -38.7721 -0.655187 9.26317 31.4983 -2.05084 2.32622 -40.4017 -6.04875 8.2067 -8.05365 -16.5355 -0.779096 -9.8844 12.4959 -5.96354e-16 -5.59082e-16 -1.27471e-14 
8.39535 84.8003 36.966 2.76576 13.1222 95.3341 0 5.07867 -1.15138 1.56255 -5.25555 4.11464 0 5.61661 1.07143 0.809228 -3.46568 4.8787 -1.02604e-17 5.98978 0.11501 0.183969 -1.08552 5.26653 -1.10457e-17 6.50583 -0.443523 -0.747496 3.06063 5.58758 -1.97295e-17 7.60548 -1.50593 -0.221081 5.01362 5.22893 -2.53307e-17 9.49737 -0.914492 1.20063 5.90928 5.1783 -2.90401e-17 10.5513 1.57691 0.0806821 0.42497 0.261429 -1.29193e-17 4.78644 0.715339 -1.51929 2.31738 -22.2988 -1.8116e-17 4.82109 0.421791 7.74605 -8.26251 -10.476 -2.00958e-17 4.83041 0.765062 17.3116 -12.4257 -10.6571 1.23299 -7.60731 7.53374 16.3518 -14.0838 2.84204 12.9547 3.2495 -3.26872 -100.106 -15.1273 -82.9204 29.2081 0.0598081 0.137039 8.82705 -19.8645 -133.02 24.234 0.0496219 0.113701 6.90625 -10.35 -4.73691 -1.23299 -7.60729 7.53365 -22.6166 -4.11611 -8.60665 -12.9547 3.2495 -3.26872 37.8219 -8.29843 102.213 -29.2081 0.0598081 0.137039 -10.4685 -17.7321 119.744 -24.234 0.0496218 0.113702 11.0968 28.7063 -3.69241 9.23673 -4.20556 2.0327 -30.3034 -18.5932 -45.6223 -0.852353 -38.7721 -0.655187 -7.34578 25.868 1.22853 -2.32622 -40.4017 -6.04875 0.772791 -6.49004 15.1558 0.779096 -9.8844 12.4959 4.36655e-16 -7.82047e-16 -6.67367e-19 -9.23673 -4.20556 2.0327 -15.7636 13.737 13.0735 0.852353 -38.7721 -0.655187 9.26275 31.4971 -2.05064 2.32622 -40.4017 -6.04875 8.16811 -7.99966 -16.5339 -0.779096 -9.8844 12.4959 -5.96354e-16 -5.59082e-16 -1.27471e-14 
8.42851 84.8013 36.9298 2.75779 13.1159 95.244 0 5.07867 -1.15138 1.56984 -5.22545 4.10951 0 5.61661 1.07143 0.816485 -3.4456 4.87338 -1.02604e-17 5.98978 0.11501 0.191245 -1.07916 5.26222 -1.10457e-17 6.50583 -0.443523 -0.739464 3.04132 5.58418 -1.97295e-17 7.60548 -1.50593 -0.21383 4.97512 5.22332 -2.53307e-17 9.49737 -0.914492 1.20388 5.86494 5.16784 -2.90401e-17 10.5513 1.57691 0.0800042 0.435015 0.26363 -1.29193e-17 4.78644 0.715339 -1.47664 2.40711 -22.3008 -1.8116e-17 4.82109 0.421791 7.71894 -8.2186 -10.4746 -2.00958e-17 4.83041 0.765062 17.2205 -12.4357 -10.6755 1.23299 -7.60731 7.53374 16.3691 -14.0711 2.85058 12.9547 3.2495 -3.26872 -100.222 -15.1116 -82.791 29.2081 0.0598081 0.137039 8.82399 -19.8676 -133.041 24.234 0.0496219 0.113701 6.91544 -10.42 -4.71955 -1.23299 -7.60729 7.53365 -22.6555 -4.08799 -8.62772 -12.9547 3.2495 -3.26872 37.8875 -8.22717 102.191 -29.2081 0.0598081 0.137039 -10.4636 -17.7403 119.791 -24.234 0.0496218 0.113702 11.2547 28.63 -3.81296 9.23673 -4.20556 2.0327 -30.263 -18.6136 -45.5597 -0.852353 -38.7721 -0.655187 -7.33178 25.8247 1.22319 -2.32622 -40.4017 -6.04875 0.797676 -6.5086 15.1592 0.779096 -9.8844 12.4959 -1.13939e-15 -8.43723e-16 6.10079e-17 -9.23673 -4.20556 2.0327 -15.7913 13.681 13.0862 0.852353 -38.7721 -0.655187 9.27432 31.5293 -2.05612 2.32622 -40.4017 -6.04875 8.11456 -8.011 -16.5236 -0.779096 -9.8844 12.4959 -2.05903e-16 -5.83485e-16 -1.27593e-14 
8.45954 84.807 36.8982 2.79603 13.1029 95.152 0 5.07867 -1.15138 1.5826 -5.19077 4.10195 0 5.61661 1.07143 0.829177 -3.4221 4.86634 -1.02604e-17 5.98978 0.11501 0.203337 -1.0717 5.25621 -1.10457e-17 6.50583 -0.443523 -0.726968 3.0187 5.57907 -1.97295e-17 7.60548 -1.50593 -0.203791 4.93122 5.21613 -2.53307e-17 9.49737 -0.914492 1.2077 5.81392 5.15549 -2.90401e-17 10.5513 1.57691 0.0770018 0.447992 0.265906 -1.29193e-17 4.78644 0.715339 -1.43651 2.50475 -22.3383 -1.8116e-17 4.82109 0.421791 7.68658 -8.16387 -10.4918 -2.00958e-17 4.83041 0.765062 17.1397 -12.3799 -10.6728 1.23299 -7.60731 7.53374 16.3825 -14.0529 2.85881 12.9547 3.2495 -3.26872 -100.332 -15.1021 -82.6428 29.2081 0.0598081 0.137039 8.82372 -19.8678 -133.043 24.234 0.0496219 0.113701 6.91418 -10.5338 -4.68038 -1.23299 -7.60729 7.53365 -22.6926 -4.05185 -8.63719 -12.9547 3.2495 -3.26872 37.9182 -8.12344 102.16 -29.2081 0.0598081 0.137039 -10.4611 -17.7446 119.815 -24.234 0.0496218 0.113702 11.4008 28.5762 -3.96504 9.23673 -4.20556 2.0327 -30.2105 -18.6003 -45.4979 -0.852353 -38.7721 -0.655187 -7.32136 25.7925 1.21922 -2.32622 -40.4017 -6.04875 0.818807 -6.50547 15.1607 0.779096 -9.8844 12.4959 -3.90102e-15 -9.66851e-16 1.84136e-16 -9.23673 -4.20556 2.0327 -15.7985 13.6781 13.1262 0.852353 -38.7721 -0.655187 9.2767 31.5359 -2.05725 2.32622 -40.4017 -6.04875 8.06239 -8.00253 -16.516 -0.779096 -9.8844 12.4959 -1.98785e-16 -5.8393e-16 -1.27595e-14 
8.49015 84.8278 36.8683 3.00288 13.1413 95.0639 0 5.07867 -1.15138 1.59692 -5.13046 4.09188 0 5.61661 1.07143 0.841621 -3.37461 4.85587 -1.02604e-17 5.98978 0.11501 0.214629 -1.04645 5.24666 -1.10457e-17 6.50583 -0.443523 -0.714252 2.99983 5.5696 -1.97295e-17 7.60548 -1.50593 -0.193723 4.885 5.20646 -2.53307e-17 9.49737 -0.914492 1.21021 5.75471 5.14036 -2.90401e-17 10.5513 1.57691 0.0711487 0.465939 0.26876 -1.29193e-17 4.78644 0.715339 -1.39499 2.61613 -22.4176 -1.8116e-17 4.82109 0.421791 7.65228 -8.09829 -10.5306 -2.00958e-17 4.83041 0.765062 17.032 -12.2301 -10.6888 1.23299 -7.60731 7.53374 16.3977 -14.0355 2.84226 12.9547 3.2495 -3.26872 -100.424 -15.0755 -82.4935 29.2081 0.0598081 0.137039 8.82833 -19.8632 -133.011 24.234 0.0496219 0.113701 6.87286 -10.693 -4.57407 -1.23299 -7.60729 7.53365 -22.731 -4.01259 -8.62236 -12.9547 3.2495 -3.26872 37.9437 -7.9958 102.059 -29.2081 0.0598081 0.137039 -10.4645 -17.7388 119.782 -24.234 0.0496218 0.113702 11.4728 28.4743 -4.10139 9.23673 -4.20556 2.0327 -30.1589 -18.413 -45.3894 -0.852353 -38.7721 -0.655187 -7.29818 25.7207 1.2104 -2.32622 -40.4017 -6.04875 0.759305 -6.43103 15.1543 0.779096 -9.8844 12.4959 -2.38904e-15 -8.95866e-16 1.13151e-16 -9.23673 -4.20556 2.0327 -15.8415 13.8685 13.1571 0.852353 -38.7721 -0.655187 9.26053 31.4909 -2.04959 2.32622 -40.4017 -6.04875 8.02522 -7.92987 -16.5243 -0.779096 -9.8844 12.4959 -1.98785e-16 -5.8393e-16 -1.27595e-14 
8.52165 84.8503 36.8446 3.25082 13.1686 94.9808 0 5.07867 -1.15138 1.61567 -5.06974 4.0784 0 5.61661 1.07143 0.857954 -3.32358 4.84059 -1.02604e-17 5.98978 0.11501 0.229209 -1.014 5.23186 -1.10457e-17 6.50583 -0.443523 -0.698393 2.99232 5.55418 -1.97295e-17 7.60548 -1.50593 -0.182536 4.85441 5.19168 -2.53307e-17 9.49737 -0.914492 1.21092 5.71416 5.11966 -2.90401e-17 10.5513 1.57691 0.0640402 0.481917 0.270533 -1.29193e-17 4.78644 0.715339 -1.33138 2.75159 -22.4697 -1.8116e-17 4.82109 0.421791 7.63184 -8.03249 -10.5552 -2.00958e-17 4.83041 0.765062 16.9095 -12.1237 -10.7373 1.23299 -7.60731 7.53374 16.4072 -14.0339 2.8156 12.9547 3.2495 -3.26872 -100.549 -15.0511 -82.3565 29.2081 0.0598081 0.137039 8.83231 -19.8591 -132.983 24.234 0.0496219 0.113701 6.79645 -10.8703 -4.46302 -1.23299 -7.60729 7.53365 -22.7785 -3.9853 -8.60662 -12.9547 3.2495 -3.26872 37.9638 -7.84931 101.932 -29.2081 0.0598081 0.137039 -10.4697 -17.7301 119.732 -24.234 0.0496218 0.113702 11.5038 28.4019 -4.20743 9.23673 -4.20556 2.0327 -30.0868 -18.1847 -45.264 -0.852353 -38.7721 -0.655187 -7.27556 25.6506 1.20183 -2.32622 -40.4017 -6.04875 0.678352 -6.36404 15.1497 0.779096 -9.8844 12.4959 -7.98765e-16 -8.33523e-16 5.08084e-17 -9.23673 -4.20556 2.0327 -15.8732 14.1252 13.156 0.852353 -38.7721 -0.655187 9.23093 31.4086 -2.03559 2.32622 -40.4017 -6.04875 7.97417 -7.85357 -16.5363 -0.779096 -9.8844 12.4959 -1.98785e-16 -5.8393e-16 -1.27595e-14 
8.27353 84.9844 36.4476 3.34001 13.1653 94.8589 0 5.07867 -1.15138 1.70027 -5.05603 4.06089 0 5.61661 1.07143 0.932742 -3.2999 4.83039 -1.02604e-17 5.98978 0.11501 0.289857 -0.975864 5.22242 -1.10457e-17 6.50583 -0.443523 -0.651473 3.04517 5.54568 -1.97295e-17 7.60548 -1.50593 -0.156921 4.92157 5.1768 -2.53307e-17 9.49737 -0.914492 1.20977 5.81053 5.09764 -2.90401e-17 10.5513 1.57691 0.0636767 0.479833 0.276061 -1.29193e-17 4.78644 0.715339 -1.26572 2.82192 -22.4452 -1.8116e-17 4.82109 0.421791 7.60407 -8.09653 -10.5476 -2.00958e-17 4.83041 0.765062 16.6581 -12.2279 -10.7825 1.23299 -7.60731 7.53374 16.3222 -14.0895 2.86388 12.9547 3.2495 -3.26872 -100.576 -14.661 -81.9647 29.2081 0.0598081 0.137039 8.81947 -19.8722 -133.073 24.234 0.0496219 0.113701 6.79116 -10.613 -4.70098 -1.23299 -7.60729 7.53365 -22.8828 -4.00003 -8.61456 -12.9547 3.2495 -3.26872 37.8458 -7.74553 101.54 -29.2081 0.0598081 0.137039 -10.4649 -17.7381 119.778 -24.234 0.0496218 0.113702 11.4067 28.4206 -3.97403 9.23673 -4.20556 2.0327 -30.2281 -18.2218 -45.2179 -0.852353 -38.7721 -0.655187 -7.16186 25.2969 1.15914 -2.32622 -40.4017 -6.04875 0.267177 -5.40258 15.122 0.779096 -9.8844 12.4959 -7.70291e-16 -8.32411e-16 4.96962e-17 -9.23673 -4.20556 2.0327 -16.1816 13.8615 13.1267 0.852353 -38.7721 -0.655187 9.28942 31.5712 -2.06328 2.32622 -40.4017 -6.04875 7.78729 -7.55955 -16.5609 -0.779096 -9.8844 12.4959 -1.98785e-16 -5.8393e-16 -1.27595e-14 
8.28505 84.9868 36.4304 3.33871 13.1456 94.7247 0 5.07867 -1.15138 1.73632 -4.98832 4.0514 0 5.61661 1.07143 0.968241 -3.25425 4.82434 -1.02604e-17 5.98978 0.11501 0.321533 -0.960241 5.21881 -1.10457e-17 6.50583 -0.443523 -0.623572 3.00301 5.54513 -1.97295e-17 7.60548 -1.50593 -0.136888 4.8378 5.17025 -2.53307e-17 9.49737 -0.914492 1.21712 5.71554 5.08263 -2.90401e-17 10.5513 1.57691 0.0604569 0.497679 0.285132 -1.29193e-17 4.78644 0.715339 -1.20116 2.989 -22.4473 -1.8116e-17 4.82109 0.421791 7.51168 -7.98837 -10.5455 -2.00958e-17 4.83041 0.765062 16.5439 -12.3314 -10.8464 1.23299 -7.60731 7.53374 16.3885 -14.0729 2.91324 12.9547 3.2495 -3.26872 -100.82 -14.6766 -81.7945 29.2081 0.0598081 0.137039 8.81151 -19.8803 -133.129 24.234 0.0496219 0.113701 6.84082 -10.7232 -4.50964 -1.23299 -7.60729 7.53365 -22.9025 -3.93121 -8.62291 -12.9547 3.2495 -3.26872 37.8199 -7.666 101.525 -29.2081 0.0598081 0.137039 -10.4466 -17.769 119.955 -24.234 0.0496218 0.113702 11.6537 28.1911 -4.3202 9.23673 -4.20556 2.0327 -30.142 -18.2325 -45.1506 -0.852353 -38.7721 -0.655187 -7.134 25.2099 1.14878 -2.32622 -40.4017 -6.04875 0.322066 -5.45163 15.1245 0.779096 -9.8844 12.4959 7.91494e-16 -7.59202e-16 -2.35125e-17 -9.23673 -4.20556 2.0327 -16.1918 13.7995 13.1408 0.852353 -38.7721 -0.655187 9.29469 31.5858 -2.06578 2.32622 -40.4017 -6.04875 7.64979 -7.66733 -16.5795 -0.779096 -9.8844 12.4959 -5.89231e-16 -5.59527e-16 -1.27473e-14 
8.30697 84.9929 36.4503 3.44692 13.156 94.5639 0 5.07867 -1.15138 1.74855 -4.9516 4.06049 0 5.61661 1.07143 0.973811 -3.22455 4.83759 -1.02604e-17 5.98978 0.11501 0.323873 -0.946005 5.23429 -1.10457e-17 6.50583 -0.443523 -0.62404 2.99351 5.56249 -1.97295e-17 7.60548 -1.50593 -0.13489 4.80862 5.18618 -2.53307e-17 9.49737 -0.914492 1.22202 5.6741 5.09744 -2.90401e-17 10.5513 1.57691 0.0596946 0.509469 0.290175 -1.29193e-17 4.78644 0.715339 -1.21219 3.02619 -22.6269 -1.8116e-17 4.82109 0.421791 7.51303 -7.94316 -10.6391 -2.00958e-17 4.83041 0.765062 16.503 -12.149 -10.8734 1.23299 -7.60731 7.53374 16.3882 -14.0696 2.8892 12.9547 3.2495 -3.26872 -100.857 -14.6904 -81.6454 29.2081 0.0598081 0.137039 8.80817 -19.8836 -133.152 24.234 0.0496219 0.113701 6.9416 -10.8952 -4.33982 -1.23299 -7.60729 7.53365 -22.9225 -3.89202 -8.60639 -12.9547 3.2495 -3.26872 37.7688 -7.57643 101.344 -29.2081 0.0598081 0.137039 -10.4405 -17.779 120.012 -24.234 0.0496218 0.113702 11.7669 28.1072 -4.59763 9.23673 -4.20556 2.0327 -30.0439 -18.1672 -45.0413 -0.852353 -38.7721 -0.655187 -7.11316 25.1447 1.14106 -2.32622 -40.4017 -6.04875 0.290771 -5.49556 15.1279 0.779096 -9.8844 12.4959 1.21043e-15 -7.45665e-16 -3.70495e-17 -9.23673 -4.20556 2.0327 -16.2083 13.8676 13.2272 0.852353 -38.7721 -0.655187 9.28416 31.5566 -2.06078 2.32622 -40.4017 -6.04875 7.57206 -7.77334 -16.5904 -0.779096 -9.8844 12.4959 -9.868e-16 -5.4688e-16 -1.27227e-14 
8.33465 85.0066 36.4871 3.6212 13.17 94.3733 0 5.07867 -1.15138 1.76418 -4.88735 4.05453 0 5.61661 1.07143 0.988531 -3.17849 4.83243 -1.02604e-17 5.98978 0.11501 0.337577 -0.926387 5.23171 -1.10457e-17 6.50583 -0.443523 -0.609514 2.95961 5.56172 -1.97295e-17 7.60548 -1.50593 -0.121474 4.74065 5.1833 -2.53307e-17 9.49737 -0.914492 1.2298 5.58766 5.08882 -2.90401e-17 10.5513 1.57691 0.050668 0.529149 0.295732 -1.29193e-17 4.78644 0.715339 -1.17096 3.11915 -22.7712 -1.8116e-17 4.82109 0.421791 7.49953 -7.84494 -10.708 -2.00958e-17 4.83041 0.765062 16.4022 -11.989 -10.8773 1.23299 -7.60731 7.53374 16.3659 -14.0405 2.83415 12.9547 3.2495 -3.26872 -100.977 -14.7187 -81.519 29.2081 0.0598081 0.137039 8.81548 -19.8762 -133.101 24.234 0.0496219 0.113701 6.84958 -11.0651 -4.20141 -1.23299 -7.60729 7.53365 -22.9527 -3.82342 -8.55194 -12.9547 3.2495 -3.26872 37.7232 -7.26688 101.344 -29.2081 0.0598081 0.137039 -10.4604 -17.7457 119.822 -24.234 0.0496218 0.113702 11.8816 28.1441 -4.71297 9.23673 -4.20556 2.0327 -29.9191 -18.0411 -44.8906 -0.852353 -38.7721 -0.655187 -7.09249 25.0801 1.13342 -2.32622 -40.4017 -6.04875 0.290148 -5.50793 15.1265 0.779096 -9.8844 12.4959 4.6218e-17 -7.94248e-16 1.15336e-17 -9.23673 -4.20556 2.0327 -16.2446 14.0045 13.2311 0.852353 -38.7721 -0.655187 9.26542 31.5045 -2.0519 2.32622 -40.4017 -6.04875 7.4699 -7.8038 -16.5865 -0.779096 -9.8844 12.4959 -6.03477e-16 -5.58859e-16 -1.27466e-14 
8.36579 85.01 36.5218 3.69224 13.2044 94.2064 0 5.07867 -1.15138 1.75755 -4.85252 4.04742 0 5.61661 1.07143 0.98297 -3.15779 4.81875 -1.02604e-17 5.98978 0.11501 0.335442 -0.92156 5.21794 -1.10457e-17 6.50583 -0.443523 -0.606132 2.93189 5.54705 -1.97295e-17 7.60548 -1.50593 -0.116025 4.69063 5.16882 -2.53307e-17 9.49737 -0.914492 1.23203 5.52013 5.06652 -2.90401e-17 10.5513 1.57691 0.0414109 0.545856 0.295015 -1.29193e-17 4.78644 0.715339 -1.0849 3.2926 -22.8418 -1.8116e-17 4.82109 0.421791 7.49402 -7.7756 -10.7414 -2.00958e-17 4.83041 0.765062 16.3378 -11.9666 -10.9081 1.23299 -7.60731 7.53374 16.3801 -13.9948 2.83167 12.9547 3.2495 -3.26872 -101.128 -14.8528 -81.3263 29.2081 0.0598081 0.137039 8.82534 -19.8662 -133.032 24.234 0.0496219 0.113701 6.8128 -11.3507 -4.1771 -1.23299 -7.60729 7.53365 -23.0389 -3.77115 -8.59058 -12.9547 3.2495 -3.26872 37.7139 -6.98772 101.392 -29.2081 0.0598081 0.137039 -10.4873 -17.7003 119.562 -24.234 0.0496218 0.113702 11.8367 28.2238 -4.72023 9.23673 -4.20556 2.0327 -29.8314 -17.9989 -44.7564 -0.852353 -38.7721 -0.655187 -7.06989 25.0093 1.1251 -2.32622 -40.4017 -6.04875 0.270517 -5.57222 15.131 0.779096 -9.8844 12.4959 -7.56044e-16 -8.31743e-16 4.90284e-17 -9.23673 -4.20556 2.0327 -16.3072 14.0455 13.2229 0.852353 -38.7721 -0.655187 9.25707 31.4813 -2.04795 2.32622 -40.4017 -6.04875 7.38174 -7.90237 -16.5774 -0.779096 -9.8844 12.4959 -2.05908e-16 -5.83485e-16 -1.27593e-14 
8.3957 85.0077 36.5446 3.71006 13.2416 94.0666 0 5.07867 -1.15138 1.74404 -4.79892 4.04223 0 5.61661 1.07143 0.972467 -3.12715 4.8082 -1.02604e-17 5.98978 0.11501 0.330166 -0.920847 5.20918 -1.10457e-17 6.50583 -0.443523 -0.604315 2.87651 5.53945 -1.97295e-17 7.60548 -1.50593 -0.10836 4.5946 5.15922 -2.53307e-17 9.49737 -0.914492 1.24034 5.39802 5.04807 -2.90401e-17 10.5513 1.57691 0.0359842 0.567422 0.298293 -1.29193e-17 4.78644 0.715339 -1.00531 3.46663 -22.9664 -1.8116e-17 4.82109 0.421791 7.4761 -7.67799 -10.7989 -2.00958e-17 4.83041 0.765062 16.2254 -11.9307 -10.9592 1.23299 -7.60731 7.53374 16.404 -13.923 2.8176 12.9547 3.2495 -3.26872 -101.286 -14.973 -81.0788 29.2081 0.0598081 0.137039 8.83043 -19.861 -132.996 24.234 0.0496219 0.113701 6.82619 -11.672 -4.12182 -1.23299 -7.60729 7.53365 -23.1017 -3.68838 -8.60052 -12.9547 3.2495 -3.26872 37.7279 -6.70255 101.325 -29.2081 0.0598081 0.137039 -10.4984 -17.6813 119.454 -24.234 0.0496218 0.113702 11.9356 28.287 -4.83893 9.23673 -4.20556 2.0327 -29.773 -17.9952 -44.6544 -0.852353 -38.7721 -0.655187 -7.04634 24.9354 1.11645 -2.32622 -40.4017 -6.04875 0.296882 -5.62751 15.1316 0.779096 -9.8844 12.4959 1.06014e-17 -7.95806e-16 1.30919e-17 -9.23673 -4.20556 2.0327 -16.3738 14.0208 13.2132 0.852353 -38.7721 -0.655187 9.26244 31.4962 -2.05049 2.32622 -40.4017 -6.04875 7.29078 -7.99203 -16.5579 -0.779096 -9.8844 12.4959 -9.79677e-16 -5.47326e-16 -1.27229e-14 
8.42236 85.0219 36.5531 3.86969 13.3095 93.9483 0 5.07867 -1.15138 1.74065 -4.75808 4.03151 0 5.61661 1.07143 0.96916 -3.09757 4.7933 -1.02604e-17 5.98978 0.11501 0.329316 -0.909413 5.19473 -1.10457e-17 6.50583 -0.443523 -0.600271 2.85386 5.52486 -1.97295e-17 7.60548 -1.50593 -0.102514 4.54951 5.14582 -2.53307e-17 9.49737 -0.914492 1.24332 5.33727 5.0298 -2.90401e-17 10.5513 1.57691 0.0294298 0.584376 0.299816 -1.29193e-17 4.78644 0.715339 -0.946234 3.61254 -23.178 -1.8116e-17 4.82109 0.421791 7.46657 -7.58691 -10.9066 -2.00958e-17 4.83041 0.765062 16.119 -11.7843 -10.9562 1.23299 -7.60731 7.53374 16.4097 -13.8979 2.79275 12.9547 3.2495 -3.26872 -101.405 -14.9869 -80.8906 29.2081 0.0598081 0.137039 8.83289 -19.8585 -132.979 24.234 0.0496219 0.113701 6.79071 -11.9028 -3.94812 -1.23299 -7.60729 7.53365 -23.1442 -3.65256 -8.58824 -12.9547 3.2495 -3.26872 37.7322 -6.48303 101.157 -29.2081 0.0598081 0.137039 -10.4997 -17.6792 119.442 -24.234 0.0496218 0.113702 12.0698 28.2922 -5.10718 9.23673 -4.20556 2.0327 -29.7184 -17.8353 -44.5307 -0.852353 -38.7721 -0.655187 -7.00807 24.8152 1.10246 -2.32622 -40.4017 -6.04875 0.246995 -5.60277 15.1269 0.779096 -9.8844 12.4959 2.48481e-17 -7.95139e-16 1.2424e-17 -9.23673 -4.20556 2.0327 -16.4557 14.1457 13.2218 0.852353 -38.7721 -0.655187 9.25824 31.4846 -2.0485 2.32622 -40.4017 -6.04875 7.22361 -7.97896 -16.5501 -0.779096 -9.8844 12.4959 -6.03477e-16 -5.58859e-16 -1.27466e-14 
8.44893 85.0517 36.5693 4.1921 13.4085 93.7894 0 5.07867 -1.15138 1.73902 -4.68462 4.02439 0 5.61661 1.07143 0.964046 -3.03822 4.78318 -1.02604e-17 5.98978 0.11501 0.325088 -0.875452 5.18585 -1.10457e-17 6.50583 -0.443523 -0.600043 2.83797 5.51595 -1.97295e-17 7.60548 -1.50593 -0.0992565 4.50354 5.13967 -2.53307e-17 9.49737 -0.914492 1.245 5.26941 5.01974 -2.90401e-17 10.5513 1.57691 0.0225719 0.605674 0.303928 -1.29193e-17 4.78644 0.715339 -0.895233 3.7531 -23.3905 -1.8116e-17 4.82109 0.421791 7.44616 -7.4742 -11.0133 -2.00958e-17 4.83041 0.765062 16.006 -11.5605 -11.0252 1.23299 -7.60731 7.53374 16.3939 -13.8883 2.72061 12.9547 3.2495 -3.26872 -101.518 -14.936 -80.667 29.2081 0.0598081 0.137039 8.8389 -19.8524 -132.936 24.234 0.0496219 0.113701 6.68357 -12.1195 -3.7588 -1.23299 -7.60729 7.53365 -23.163 -3.61754 -8.5278 -12.9547 3.2495 -3.26872 37.8015 -6.204 100.906 -29.2081 0.0598081 0.137039 -10.5052 -17.6697 119.388 -24.234 0.0496218 0.113702 12.2584 28.251 -5.36751 9.23673 -4.20556 2.0327 -29.6341 -17.506 -44.3486 -0.852353 -38.7721 -0.655187 -6.94971 24.6315 1.08128 -2.32622 -40.4017 -6.04875 0.142585 -5.53189 15.1177 0.779096 -9.8844 12.4959 2.48481e-17 -7.95139e-16 1.2424e-17 -9.23673 -4.20556 2.0327 -16.5724 14.4287 13.2384 0.852353 -38.7721 -0.655187 9.24223 31.44 -2.04093 2.32622 -40.4017 -6.04875 7.18656 -7.89774 -16.5575 -0.779096 -9.8844 12.4959 -5.96354e-16 -5.59082e-16 -1.27471e-14 
8.4736 85.0721 36.5951 4.44952 13.4908 93.6391 0 5.07867 -1.15138 1.73336 -4.60837 4.01675 0 5.61661 1.07143 0.955571 -2.97743 4.76983 -1.02604e-17 5.98978 0.11501 0.319119 -0.840067 5.1736 -1.10457e-17 6.50583 -0.443523 -0.599469 2.82288 5.50315 -1.97295e-17 7.60548 -1.50593 -0.0941545 4.45615 5.12938 -2.53307e-17 9.49737 -0.914492 1.2493 5.19791 5.00261 -2.90401e-17 10.5513 1.57691 0.0156435 0.627113 0.30648 -1.29193e-17 4.78644 0.715339 -0.815568 3.91293 -23.5655 -1.8116e-17 4.82109 0.421791 7.46548 -7.37137 -11.0998 -2.00958e-17 4.83041 0.765062 15.8729 -11.4092 -11.0908 1.23299 -7.60731 7.53374 16.3856 -13.8756 2.64519 12.9547 3.2495 -3.26872 -101.729 -14.9317 -80.3994 29.2081 0.0598081 0.137039 8.84501 -19.8461 -132.893 24.234 0.0496219 0.113701 6.55233 -12.4188 -3.6337 -1.23299 -7.60729 7.53365 -23.2221 -3.57681 -8.49874 -12.9547 3.2495 -3.26872 37.8736 -5.87749 100.688 -29.2081 0.0598081 0.137039 -10.5183 -17.6473 119.26 -24.234 0.0496218 0.113702 12.411 28.2691 -5.55698 9.23673 -4.20556 2.0327 -29.5534 -17.2529 -44.1689 -0.852353 -38.7721 -0.655187 -6.9041 24.4876 1.06485 -2.32622 -40.4017 -6.04875 0.0431516 -5.50044 15.116 0.779096 -9.8844 12.4959 4.15294e-16 -7.82937e-16 2.22604e-19 -9.23673 -4.20556 2.0327 -16.6768 14.6655 13.2276 0.852353 -38.7721 -0.655187 9.22426 31.39 -2.03245 2.32622 -40.4017 -6.04875 7.13224 -7.88986 -16.5609 -0.779096 -9.8844 12.4959 -9.868e-16 -5.4688e-16 -1.27227e-14 
8.49794 85.0781 36.6325 4.58811 13.5453 93.4753 0 5.07867 -1.15138 1.72318 -4.54999 4.00985 0 5.61661 1.07143 0.945094 -2.9359 4.75532 -1.02604e-17 5.98978 0.11501 0.312365 -0.820315 5.16001 -1.10457e-17 6.50583 -0.443523 -0.599588 2.79774 5.48956 -1.97295e-17 7.60548 -1.50593 -0.0896392 4.40058 5.11697 -2.53307e-17 9.49737 -0.914492 1.25235 5.12158 4.98202 -2.90401e-17 10.5513 1.57691 0.00860401 0.648159 0.30754 -1.29193e-17 4.78644 0.715339 -0.707141 4.12095 -23.6952 -1.8116e-17 4.82109 0.421791 7.47758 -7.2456 -11.1616 -2.00958e-17 4.83041 0.765062 15.7895 -11.3578 -11.1499 1.23299 -7.60731 7.53374 16.3773 -13.8461 2.61647 12.9547 3.2495 -3.26872 -101.958 -14.9495 -80.0846 29.2081 0.0598081 0.137039 8.84938 -19.8417 -132.863 24.234 0.0496219 0.113701 6.4318 -12.8061 -3.5306 -1.23299 -7.60729 7.53365 -23.2941 -3.52493 -8.50288 -12.9547 3.2495 -3.26872 37.9546 -5.55068 100.481 -29.2081 0.0598081 0.137039 -10.5311 -17.6252 119.135 -24.234 0.0496218 0.113702 12.524 28.2961 -5.71072 9.23673 -4.20556 2.0327 -29.4786 -17.1365 -44.029 -0.852353 -38.7721 -0.655187 -6.87531 24.3965 1.05453 -2.32622 -40.4017 -6.04875 0.0232332 -5.52455 15.1174 0.779096 -9.8844 12.4959 3.19714e-17 -7.94916e-16 1.22014e-17 -9.23673 -4.20556 2.0327 -16.7545 14.762 13.2342 0.852353 -38.7721 -0.655187 9.22145 31.3822 -2.03112 2.32622 -40.4017 -6.04875 7.0304 -7.95183 -16.5508 -0.779096 -9.8844 12.4959 -9.93923e-16 -5.46658e-16 -1.27222e-14 
8.52574 85.079 36.6782 4.67202 13.5842 93.3056 0 5.07867 -1.15138 1.71271 -4.5081 4.00409 0 5.61661 1.07143 0.936447 -2.91026 4.74252 -1.02604e-17 5.98978 0.11501 0.308283 -0.814844 5.14799 -1.10457e-17 6.50583 -0.443523 -0.597137 2.76315 5.47796 -1.97295e-17 7.60548 -1.50593 -0.0826799 4.33794 5.10555 -2.53307e-17 9.49737 -0.914492 1.25833 5.03975 4.96198 -2.90401e-17 10.5513 1.57691 0.00276831 0.670471 0.308169 -1.29193e-17 4.78644 0.715339 -0.599483 4.32862 -23.834 -1.8116e-17 4.82109 0.421791 7.49473 -7.12443 -11.2279 -2.00958e-17 4.83041 0.765062 15.7071 -11.297 -11.1994 1.23299 -7.60731 7.53374 16.3914 -13.8002 2.6259 12.9547 3.2495 -3.26872 -102.144 -14.9478 -79.7184 29.2081 0.0598081 0.137039 8.85516 -19.8357 -132.822 24.234 0.0496219 0.113701 6.34432 -13.2323 -3.42838 -1.23299 -7.60729 7.53365 -23.371 -3.46603 -8.52576 -12.9547 3.2495 -3.26872 38.0457 -5.2135 100.287 -29.2081 0.0598081 0.137039 -10.5423 -17.6056 119.024 -24.234 0.0496218 0.113702 12.6542 28.3152 -5.89076 9.23673 -4.20556 2.0327 -29.4119 -17.0898 -43.9522 -0.852353 -38.7721 -0.655187 -6.86035 24.3492 1.04919 -2.32622 -40.4017 -6.04875 0.0195466 -5.57509 15.1214 0.779096 -9.8844 12.4959 4.15294e-16 -7.82937e-16 2.22604e-19 -9.23673 -4.20556 2.0327 -16.802 14.7854 13.2928 0.852353 -38.7721 -0.655187 9.22753 31.3991 -2.03399 2.32622 -40.4017 -6.04875 6.93445 -8.03436 -16.5382 -0.779096 -9.8844 12.4959 -6.03477e-16 -5.58859e-16 -1.27466e-14 
8.5573 85.0743 36.7325 4.67996 13.6134 93.1219 0 5.07867 -1.15138 1.69873 -4.47043 4.00156 0 5.61661 1.07143 0.925712 -2.89306 4.73501 -1.02604e-17 5.98978 0.11501 0.302737 -0.82252 5.1419 -1.10457e-17 6.50583 -0.443523 -0.596114 2.70931 5.47297 -1.97295e-17 7.60548 -1.50593 -0.0756933 4.25143 5.09895 -2.53307e-17 9.49737 -0.914492 1.26631 4.93164 4.94723 -2.90401e-17 10.5513 1.57691 -0.00224318 0.694649 0.310331 -1.29193e-17 4.78644 0.715339 -0.50493 4.52353 -23.9784 -1.8116e-17 4.82109 0.421791 7.49423 -7.00298 -11.2966 -2.00958e-17 4.83041 0.765062 15.6245 -11.2413 -11.261 1.23299 -7.60731 7.53374 16.425 -13.7317 2.64884 12.9547 3.2495 -3.26872 -102.292 -14.928 -79.3332 29.2081 0.0598081 0.137039 8.8643 -19.8264 -132.757 24.234 0.0496219 0.113701 6.2896 -13.6926 -3.33389 -1.23299 -7.60729 7.53365 -23.4412 -3.38751 -8.55118 -12.9547 3.2495 -3.26872 38.1487 -4.81664 100.154 -29.2081 0.0598081 0.137039 -10.5583 -17.5777 118.866 -24.234 0.0496218 0.113702 12.8377 28.3971 -6.0792 9.23673 -4.20556 2.0327 -29.3584 -17.1429 -43.8998 -0.852353 -38.7721 -0.655187 -6.86233 24.3554 1.04989 -2.32622 -40.4017 -6.04875 0.0608209 -5.63945 15.1265 0.779096 -9.8844 12.4959 3.19714e-17 -7.94916e-16 1.22014e-17 -9.23673 -4.20556 2.0327 -16.8318 14.7209 13.3865 0.852353 -38.7721 -0.655187 9.2402 31.4344 -2.03997 2.32622 -40.4017 -6.04875 6.82889 -8.15863 -16.5228 -0.779096 -9.8844 12.4959 -9.868e-16 -5.4688e-16 -1.27227e-14 
8.5933 85.0651 36.799 4.58774 13.6211 92.8835 0 5.07867 -1.15138 1.67892 -4.43938 4.00222 0 5.61661 1.07143 0.91121 -2.88661 4.73082 -1.02604e-17 5.98978 0.11501 0.295082 -0.842942 5.13948 -1.10457e-17 6.50583 -0.443523 -0.596019 2.64077 5.47205 -1.97295e-17 7.60548 -1.50593 -0.0677684 4.14821 5.09469 -2.53307e-17 9.49737 -0.914492 1.27721 4.80472 4.9341 -2.90401e-17 10.5513 1.57691 -0.0073905 0.718209 0.312264 -1.29193e-17 4.78644 0.715339 -0.411901 4.70952 -24.107 -1.8116e-17 4.82109 0.421791 7.49495 -6.89695 -11.356 -2.00958e-17 4.83041 0.765062 15.5374 -11.2119 -11.3138 1.23299 -7.60731 7.53374 16.4709 -13.6432 2.69177 12.9547 3.2495 -3.26872 -102.441 -14.9284 -78.9524 29.2081 0.0598081 0.137039 8.87623 -19.8141 -132.673 24.234 0.0496219 0.113701 6.26032 -14.1438 -3.2786 -1.23299 -7.60729 7.53365 -23.5269 -3.28945 -8.59924 -12.9547 3.2495 -3.26872 38.2494 -4.33141 100.145 -29.2081 0.0598081 0.137039 -10.5821 -17.5359 118.629 -24.234 0.0496218 0.113702 13.0538 28.5686 -6.24207 9.23673 -4.20556 2.0327 -29.2892 -17.3204 -43.848 -0.852353 -38.7721 -0.655187 -6.87441 24.3937 1.05421 -2.32622 -40.4017 -6.04875 0.142657 -5.74562 15.1351 0.779096 -9.8844 12.4959 4.15294e-16 -7.82937e-16 2.22604e-19 -9.23673 -4.20556 2.0327 -16.8525 14.5189 13.5157 0.852353 -38.7721 -0.655187 9.26586 31.5058 -2.05211 2.32622 -40.4017 -6.04875 6.72728 -8.3247 -16.5029 -0.779096 -9.8844 12.4959 -2.13031e-16 -5.83262e-16 -1.27588e-14 
8.63043 85.0789 36.8633 4.59137 13.6529 92.6654 0 5.07867 -1.15138 1.66072 -4.41739 3.99659 0 5.61661 1.07143 0.898211 -2.88336 4.71857 -1.02604e-17 5.98978 0.11501 0.288976 -0.859335 5.12774 -1.10457e-17 6.50583 -0.443523 -0.593605 2.58767 5.46036 -1.97295e-17 7.60548 -1.50593 -0.059862 4.07129 5.08186 -2.53307e-17 9.49737 -0.914492 1.28463 4.70914 4.91382 -2.90401e-17 10.5513 1.57691 -0.016407 0.738799 0.312664 -1.29193e-17 4.78644 0.715339 -0.312159 4.90539 -24.284 -1.8116e-17 4.82109 0.421791 7.50817 -6.8072 -11.4428 -2.00958e-17 4.83041 0.765062 15.4541 -11.1371 -11.3577 1.23299 -7.60731 7.53374 16.5049 -13.5627 2.73862 12.9547 3.2495 -3.26872 -102.539 -14.8885 -78.5834 29.2081 0.0598081 0.137039 8.89136 -19.7984 -132.566 24.234 0.0496219 0.113701 6.23319 -14.5254 -3.18921 -1.23299 -7.60729 7.53365 -23.6142 -3.20642 -8.64222 -12.9547 3.2495 -3.26872 38.2934 -3.82716 100.114 -29.2081 0.0598081 0.137039 -10.6109 -17.4847 118.34 -24.234 0.0496218 0.113702 13.2173 28.7347 -6.42582 9.23673 -4.20556 2.0327 -29.2257 -17.4062 -43.7764 -0.852353 -38.7721 -0.655187 -6.88192 24.4174 1.0569 -2.32622 -40.4017 -6.04875 0.117347 -5.75356 15.1386 0.779096 -9.8844 12.4959 8.12859e-16 -7.58312e-16 -2.44026e-17 -9.23673 -4.20556 2.0327 -16.8836 14.4384 13.6426 0.852353 -38.7721 -0.655187 9.26922 31.5151 -2.0537 2.32622 -40.4017 -6.04875 6.65226 -8.40235 -16.4969 -0.779096 -9.8844 12.4959 -5.89226e-16 -5.59527e-16 -1.27473e-14 
8.66818 85.113 36.9244 4.68974 13.6875 92.4622 0 5.07867 -1.15138 1.65063 -4.4059 3.98432 0 5.61661 1.07143 0.892968 -2.88299 4.69862 -1.02604e-17 5.98978 0.11501 0.289574 -0.869228 5.10713 -1.10457e-17 6.50583 -0.443523 -0.585117 2.55446 5.4386 -1.97295e-17 7.60548 -1.50593 -0.049646 4.02621 5.06051 -2.53307e-17 9.49737 -0.914492 1.28975 4.65548 4.88591 -2.90401e-17 10.5513 1.57691 -0.0271629 0.755163 0.31285 -1.29193e-17 4.78644 0.715339 -0.193853 5.12106 -24.4937 -1.8116e-17 4.82109 0.421791 7.54113 -6.71538 -11.5477 -2.00958e-17 4.83041 0.765062 15.3583 -11.0657 -11.4409 1.23299 -7.60731 7.53374 16.5084 -13.5044 2.76763 12.9547 3.2495 -3.26872 -102.635 -14.8128 -78.2105 29.2081 0.0598081 0.137039 8.90853 -19.7806 -132.444 24.234 0.0496219 0.113701 6.15478 -14.8825 -3.10305 -1.23299 -7.60729 7.53365 -23.6836 -3.1543 -8.66983 -12.9547 3.2495 -3.26872 38.2956 -3.38863 100.038 -29.2081 0.0598081 0.137039 -10.6431 -17.4266 118.014 -24.234 0.0496218 0.113702 13.3078 28.8683 -6.63642 9.23673 -4.20556 2.0327 -29.1568 -17.3976 -43.7015 -0.852353 -38.7721 -0.655187 -6.88486 24.4267 1.05795 -2.32622 -40.4017 -6.04875 0.0394571 -5.67533 15.1392 0.779096 -9.8844 12.4959 -1.13222e-15 -8.43276e-16 6.05609e-17 -9.23673 -4.20556 2.0327 -16.9218 14.4993 13.7016 0.852353 -38.7721 -0.655187 9.24185 31.439 -2.04075 2.32622 -40.4017 -6.04875 6.57008 -8.40309 -16.5001 -0.779096 -9.8844 12.4959 -9.86795e-16 -5.46881e-16 -1.27227e-14 
8.70712 85.1451 36.9869 4.67035 13.7116 92.217 0 5.07867 -1.15138 1.64163 -4.40226 3.97573 0 5.61661 1.07143 0.88767 -2.89104 4.68354 -1.02604e-17 5.98978 0.11501 0.289321 -0.886534 5.092 -1.10457e-17 6.50583 -0.443523 -0.579219 2.51866 5.42316 -1.97295e-17 7.60548 -1.50593 -0.0417053 3.9794 5.04386 -2.53307e-17 9.49737 -0.914492 1.29406 4.60211 4.86284 -2.90401e-17 10.5513 1.57691 -0.0351875 0.768494 0.314383 -1.29193e-17 4.78644 0.715339 -0.0655169 5.35452 -24.702 -1.8116e-17 4.82109 0.421791 7.56604 -6.60859 -11.6528 -2.00958e-17 4.83041 0.765062 15.2602 -11.0845 -11.554 1.23299 -7.60731 7.53374 16.5037 -13.4481 2.80643 12.9547 3.2495 -3.26872 -102.776 -14.7331 -77.7995 29.2081 0.0598081 0.137039 8.92192 -19.7667 -132.349 24.234 0.0496219 0.113701 6.07444 -15.2384 -3.09213 -1.23299 -7.60729 7.53365 -23.7562 -3.10244 -8.71746 -12.9547 3.2495 -3.26872 38.3296 -2.95197 99.9525 -29.2081 0.0598081 0.137039 -10.6722 -17.3734 117.716 -24.234 0.0496218 0.113702 13.4119 29.0452 -6.81016 9.23673 -4.20556 2.0327 -29.0991 -17.5296 -43.6477 -0.852353 -38.7721 -0.655187 -6.90024 24.4753 1.06346 -2.32622 -40.4017 -6.04875 -0.0202576 -5.61092 15.1462 0.779096 -9.8844 12.4959 -7.77419e-16 -8.32634e-16 4.99189e-17 -9.23673 -4.20556 2.0327 -16.9892 14.4222 13.6948 0.852353 -38.7721 -0.655187 9.22373 31.3885 -2.0322 2.32622 -40.4017 -6.04875 6.4564 -8.44309 -16.4958 -0.779096 -9.8844 12.4959 -6.03482e-16 -5.58859e-16 -1.27466e-14 
8.74086 85.183 37.0565 4.61293 13.7135 91.9166 0 5.07867 -1.15138 1.63698 -4.39826 3.97048 0 5.61661 1.07143 0.886148 -2.90076 4.67412 -1.02604e-17 5.98978 0.11501 0.292093 -0.907466 5.08347 -1.10457e-17 6.50583 -0.443523 -0.571682 2.47754 5.41578 -1.97295e-17 7.60548 -1.50593 -0.0321411 3.92542 5.03405 -2.53307e-17 9.49737 -0.914492 1.3008 4.54099 4.84673 -2.90401e-17 10.5513 1.57691 -0.0422546 0.782379 0.318182 -1.29193e-17 4.78644 0.715339 0.0582707 5.5831 -24.9649 -1.8116e-17 4.82109 0.421791 7.5833 -6.50373 -11.7872 -2.00958e-17 4.83041 0.765062 15.1493 -11.0797 -11.6826 1.23299 -7.60731 7.53374 16.4908 -13.3861 2.87357 12.9547 3.2495 -3.26872 -102.876 -14.598 -77.3445 29.2081 0.0598081 0.137039 8.93148 -19.7567 -132.281 24.234 0.0496219 0.113701 6.02648 -15.5441 -3.07692 -1.23299 -7.60729 7.53365 -23.8266 -3.03877 -8.76797 -12.9547 3.2495 -3.26872 38.3951 -2.45142 99.8014 -29.2081 0.0598081 0.137039 -10.6936 -17.3337 117.494 -24.234 0.0496218 0.113702 13.5558 29.2393 -6.99357 9.23673 -4.20556 2.0327 -29.0116 -17.7248 -43.5863 -0.852353 -38.7721 -0.655187 -6.91917 24.5351 1.07026 -2.32622 -40.4017 -6.04875 -0.0832636 -5.55106 15.1569 0.779096 -9.8844 12.4959 1.0592e-17 -7.95807e-16 1.30923e-17 -9.23673 -4.20556 2.0327 -17.0511 14.2723 13.7119 0.852353 -38.7721 -0.655187 9.20943 31.3487 -2.02546 2.32622 -40.4017 -6.04875 6.33521 -8.48671 -16.4874 -0.779096 -9.8844 12.4959 -2.05913e-16 -5.83484e-16 -1.27593e-14 
8.76626 85.2372 37.1287 4.59198 13.7406 91.6405 0 5.07867 -1.15138 1.63168 -4.39776 3.96394 0 5.61661 1.07143 0.883684 -2.91205 4.66415 -1.02604e-17 5.98978 0.11501 0.293724 -0.929177 5.07405 -1.10457e-17 6.50583 -0.443523 -0.565257 2.43794 5.40717 -1.97295e-17 7.60548 -1.50593 -0.0237541 3.87506 5.02394 -2.53307e-17 9.49737 -0.914492 1.30644 4.48432 4.83247 -2.90401e-17 10.5513 1.57691 -0.0505094 0.797847 0.323055 -1.29193e-17 4.78644 0.715339 0.183107 5.82277 -25.321 -1.8116e-17 4.82109 0.421791 7.59399 -6.39721 -11.9731 -2.00958e-17 4.83041 0.765062 15.0145 -11.0371 -11.8569 1.23299 -7.60731 7.53374 16.4851 -13.3222 2.94415 12.9547 3.2495 -3.26872 -102.92 -14.396 -76.8441 29.2081 0.0598081 0.137039 8.94277 -19.7449 -132.201 24.234 0.0496219 0.113701 6.00221 -15.8305 -3.03915 -1.23299 -7.60729 7.53365 -23.8897 -2.97748 -8.80647 -12.9547 3.2495 -3.26872 38.4575 -1.90002 99.6043 -29.2081 0.0598081 0.137039 -10.715 -17.2938 117.272 -24.234 0.0496218 0.113702 13.724 29.3846 -7.2479 9.23673 -4.20556 2.0327 -28.9467 -17.8939 -43.5292 -0.852353 -38.7721 -0.655187 -6.93849 24.5961 1.07723 -2.32622 -40.4017 -6.04875 -0.225002 -5.40265 15.1656 0.779096 -9.8844 12.4959 4.15289e-16 -7.82937e-16 2.22752e-19 -9.23673 -4.20556 2.0327 -17.1265 14.1869 13.7146 0.852353 -38.7721 -0.655187 9.17617 31.2558 -2.00981 2.32622 -40.4017 -6.04875 6.21763 -8.50937 -16.4853 -0.779096 -9.8844 12.4959 -5.89226e-16 -5.59527e-16 -1.27473e-14 
8.78429 85.3022 37.2123 4.5775 13.7853 91.3547 0 5.07867 -1.15138 1.61385 -4.38289 3.95684 0 5.61661 1.07143 0.870297 -2.91448 4.65182 -1.02604e-17 5.98978 0.11501 0.28705 -0.948615 5.06202 -1.10457e-17 6.50583 -0.443523 -0.563453 2.38829 5.39549 -1.97295e-17 7.60548 -1.50593 -0.0166413 3.80757 5.01153 -2.53307e-17 9.49737 -0.914492 1.31324 4.4041 4.81542 -2.90401e-17 10.5513 1.57691 -0.060383 0.817124 0.328586 -1.29193e-17 4.78644 0.715339 0.325695 6.08617 -25.7628 -1.8116e-17 4.82109 0.421791 7.61541 -6.279 -12.204 -2.00958e-17 4.83041 0.765062 14.8634 -11.0284 -12.1001 1.23299 -7.60731 7.53374 16.4802 -13.2416 3.00501 12.9547 3.2495 -3.26872 -102.965 -14.2084 -76.3308 29.2081 0.0598081 0.137039 8.95829 -19.7286 -132.09 24.234 0.0496219 0.113701 5.92179 -16.2014 -3.00308 -1.23299 -7.60729 7.53365 -23.9604 -2.90429 -8.85031 -12.9547 3.2495 -3.26872 38.5324 -1.28357 99.439 -29.2081 0.0598081 0.137039 -10.745 -17.2371 116.957 -24.234 0.0496218 0.113702 13.8695 29.5553 -7.48338 9.23673 -4.20556 2.0327 -28.8865 -18.0587 -43.4644 -0.852353 -38.7721 -0.655187 -6.95295 24.6417 1.08245 -2.32622 -40.4017 -6.04875 -0.372421 -5.20449 15.1744 0.779096 -9.8844 12.4959 -1.13935e-15 -8.43721e-16 6.10065e-17 -9.23673 -4.20556 2.0327 -17.2258 14.1217 13.6665 0.852353 -38.7721 -0.655187 9.13084 31.129 -1.98857 2.32622 -40.4017 -6.04875 6.07593 -8.53186 -16.4852 -0.779096 -9.8844 12.4959 -5.96354e-16 -5.59082e-16 -1.27471e-14 
8.80306 85.3769 37.3263 4.55366 13.7891 90.9763 0 5.07867 -1.15138 1.57912 -4.35341 3.95264 0 5.61661 1.07143 0.842816 -2.9099 4.63989 -1.02604e-17 5.98978 0.11501 0.270312 -0.967891 5.05053 -1.10457e-17 6.50583 -0.443523 -0.56704 2.32619 5.38471 -1.97295e-17 7.60548 -1.50593 -0.010124 3.72023 5.00064 -2.53307e-17 9.49737 -0.914492 1.32347 4.29649 4.79768 -2.90401e-17 10.5513 1.57691 -0.0707447 0.841142 0.33399 -1.29193e-17 4.78644 0.715339 0.494823 6.37647 -26.2664 -1.8116e-17 4.82109 0.421791 7.6623 -6.17271 -12.4665 -2.00958e-17 4.83041 0.765062 14.7228 -11.1025 -12.4387 1.23299 -7.60731 7.53374 16.4904 -13.143 3.10476 12.9547 3.2495 -3.26872 -102.998 -14.0065 -75.7942 29.2081 0.0598081 0.137039 8.97372 -19.7123 -131.98 24.234 0.0496219 0.113701 5.74389 -16.6094 -2.99493 -1.23299 -7.60729 7.53365 -24.063 -2.814 -8.93491 -12.9547 3.2495 -3.26872 38.6902 -0.58885 99.3018 -29.2081 0.0598081 0.137039 -10.7784 -17.1732 116.602 -24.234 0.0496218 0.113702 13.9569 29.8643 -7.63439 9.23673 -4.20556 2.0327 -28.7554 -18.2465 -43.4057 -0.852353 -38.7721 -0.655187 -6.96415 24.677 1.0865 -2.32622 -40.4017 -6.04875 -0.459783 -5.03128 15.1892 0.779096 -9.8844 12.4959 7.84346e-16 -7.59426e-16 -2.32888e-17 -9.23673 -4.20556 2.0327 -17.3012 14.0236 13.632 0.852353 -38.7721 -0.655187 9.07541 30.9735 -1.96272 2.32622 -40.4017 -6.04875 5.92989 -8.55524 -16.4792 -0.779096 -9.8844 12.4959 -5.96354e-16 -5.59082e-16 -1.27471e-14 
8.81841 85.4609 37.4721 4.53029 13.7498 90.5594 0 5.07867 -1.15138 1.5183 -4.32679 3.94841 0 5.61661 1.07143 0.792711 -2.90899 4.62419 -1.02604e-17 5.98978 0.11501 0.23641 -0.99037 5.03455 -1.10457e-17 6.50583 -0.443523 -0.581702 2.26304 5.36906 -1.97295e-17 7.60548 -1.50593 -0.00872117 3.6335 4.98809 -2.53307e-17 9.49737 -0.914492 1.33385 4.18713 4.77936 -2.90401e-17 10.5513 1.57691 -0.0812717 0.866851 0.33708 -1.29193e-17 4.78644 0.715339 0.688315 6.69464 -26.8856 -1.8116e-17 4.82109 0.421791 7.74525 -6.08289 -12.792 -2.00958e-17 4.83041 0.765062 14.6455 -11.2697 -12.87 1.23299 -7.60731 7.53374 16.5334 -13.0376 3.25098 12.9547 3.2495 -3.26872 -102.952 -13.7299 -75.28 29.2081 0.0598081 0.137039 8.98778 -19.6974 -131.879 24.234 0.0496219 0.113701 5.51412 -16.9864 -2.9743 -1.23299 -7.60729 7.53365 -24.1843 -2.72613 -9.05947 -12.9547 3.2495 -3.26872 38.9506 0.157085 99.1375 -29.2081 0.0598081 0.137039 -10.805 -17.1215 116.317 -24.234 0.0496218 0.113702 14.0523 30.2801 -7.80564 9.23673 -4.20556 2.0327 -28.5531 -18.4429 -43.3498 -0.852353 -38.7721 -0.655187 -6.97554 24.7129 1.09063 -2.32622 -40.4017 -6.04875 -0.540258 -4.88054 15.2069 0.779096 -9.8844 12.4959 4.29545e-16 -7.82269e-16 -4.45504e-19 -9.23673 -4.20556 2.0327 -17.3134 13.9288 13.6539 0.852353 -38.7721 -0.655187 9.00387 30.772 -1.92957 2.32622 -40.4017 -6.04875 5.81711 -8.5813 -16.4721 -0.779096 -9.8844 12.4959 -5.96354e-16 -5.59082e-16 -1.27471e-14 
8.82478 85.5565 37.6338 4.56608 13.6844 90.0891 0 5.07867 -1.15138 1.43372 -4.31222 3.93978 0 5.61661 1.07143 0.722114 -2.91563 4.60057 -1.02604e-17 5.98978 0.11501 0.186821 -1.01142 5.00941 -1.10457e-17 6.50583 -0.443523 -0.606429 2.21562 5.34321 -1.97295e-17 7.60548 -1.50593 -0.0126507 3.57374 4.96949 -2.53307e-17 9.49737 -0.914492 1.34233 4.11134 4.7578 -2.90401e-17 10.5513 1.57691 -0.0922684 0.889895 0.337676 -1.29193e-17 4.78644 0.715339 0.908755 7.04127 -27.6328 -1.8116e-17 4.82109 0.421791 7.86166 -5.99314 -13.1892 -2.00958e-17 4.83041 0.765062 14.6433 -11.4932 -13.3713 1.23299 -7.60731 7.53374 16.5875 -12.9515 3.42594 12.9547 3.2495 -3.26872 -102.799 -13.3457 -74.8497 29.2081 0.0598081 0.137039 9.00479 -19.6793 -131.757 24.234 0.0496219 0.113701 5.20997 -17.2691 -2.94391 -1.23299 -7.60729 7.53365 -24.3038 -2.66791 -9.20262 -12.9547 3.2495 -3.26872 39.3341 0.892263 98.9576 -29.2081 0.0598081 0.137039 -10.8252 -17.0817 116.097 -24.234 0.0496218 0.113702 14.1412 30.5561 -7.98533 9.23673 -4.20556 2.0327 -28.2797 -18.5857 -43.2405 -0.852353 -38.7721 -0.655187 -6.97489 24.7108 1.0904 -2.32622 -40.4017 -6.04875 -0.624761 -4.72426 15.2223 0.779096 -9.8844 12.4959 4.22417e-16 -7.82715e-16 2.88531e-33 -9.23673 -4.20556 2.0327 -17.2995 13.8767 13.7295 0.852353 -38.7721 -0.655187 8.92343 30.5444 -1.89256 2.32622 -40.4017 -6.04875 5.74278 -8.57863 -16.4645 -0.779096 -9.8844 12.4959 -9.86795e-16 -5.46881e-16 -1.27227e-14 
8.821 85.655 37.7976 4.5737 13.6185 89.5742 0 5.07867 -1.15138 1.3264 -4.30217 3.92987 0 5.61661 1.07143 0.630693 -2.92673 4.57376 -1.02604e-17 5.98978 0.11501 0.12032 -1.03577 4.98038 -1.10457e-17 6.50583 -0.443523 -0.643518 2.16916 5.31289 -1.97295e-17 7.60548 -1.50593 -0.023533 3.51713 4.9484 -2.53307e-17 9.49737 -0.914492 1.34885 4.03801 4.73509 -2.90401e-17 10.5513 1.57691 -0.101703 0.911789 0.337225 -1.29193e-17 4.78644 0.715339 1.14905 7.40133 -28.4637 -1.8116e-17 4.82109 0.421791 7.99064 -5.88594 -13.6346 -2.00958e-17 4.83041 0.765062 14.6946 -11.7941 -13.9996 1.23299 -7.60731 7.53374 16.6477 -12.8677 3.5958 12.9547 3.2495 -3.26872 -102.597 -12.8932 -74.4615 29.2081 0.0598081 0.137039 9.02707 -19.6555 -131.596 24.234 0.0496219 0.113701 4.87608 -17.4833 -2.99701 -1.23299 -7.60729 7.53365 -24.4189 -2.62599 -9.35983 -12.9547 3.2495 -3.26872 39.8042 1.59269 98.8015 -29.2081 0.0598081 0.137039 -10.8446 -17.0432 115.886 -24.234 0.0496218 0.113702 14.2191 30.7309 -8.12836 9.23673 -4.20556 2.0327 -27.9955 -18.7645 -43.1023 -0.852353 -38.7721 -0.655187 -6.96907 24.6925 1.08828 -2.32622 -40.4017 -6.04875 -0.676865 -4.54897 15.239 0.779096 -9.8844 12.4959 8.12859e-16 -7.58312e-16 -2.44026e-17 -9.23673 -4.20556 2.0327 -17.3046 13.7735 13.813 0.852353 -38.7721 -0.655187 8.84667 30.3263 -1.85752 2.32622 -40.4017 -6.04875 5.67895 -8.59473 -16.4506 -0.779096 -9.8844 12.4959 -9.93923e-16 -5.46658e-16 -1.27222e-14 
8.80492 85.7604 37.9593 4.5756 13.522 89.0184 0 5.07867 -1.15138 1.20888 -4.27721 3.91738 0 5.61661 1.07143 0.530364 -2.92936 4.54329 -1.02604e-17 5.98978 0.11501 0.0470473 -1.06086 4.94788 -1.10457e-17 6.50583 -0.443523 -0.684342 2.10627 5.2793 -1.97295e-17 7.60548 -1.50593 -0.0360295 3.43451 4.92429 -2.53307e-17 9.49737 -0.914492 1.35428 3.93138 4.708 -2.90401e-17 10.5513 1.57691 -0.110141 0.937908 0.33635 -1.29193e-17 4.78644 0.715339 1.40972 7.7697 -29.337 -1.8116e-17 4.82109 0.421791 8.11787 -5.7564 -14.1044 -2.00958e-17 4.83041 0.765062 14.759 -12.1175 -14.7402 1.23299 -7.60731 7.53374 16.701 -12.7609 3.76092 12.9547 3.2495 -3.26872 -102.353 -12.3809 -74.0788 29.2081 0.0598081 0.137039 9.05534 -19.6251 -131.392 24.234 0.0496219 0.113701 4.51675 -17.6575 -3.12346 -1.23299 -7.60729 7.53365 -24.5424 -2.57147 -9.52796 -12.9547 3.2495 -3.26872 40.3173 2.26976 98.5995 -29.2081 0.0598081 0.137039 -10.8639 -17.0044 115.673 -24.234 0.0496218 0.113702 14.2187 30.9057 -8.17464 9.23673 -4.20556 2.0327 -27.6736 -18.9688 -42.9392 -0.852353 -38.7721 -0.655187 -6.9656 24.6816 1.08703 -2.32622 -40.4017 -6.04875 -0.709529 -4.34994 15.2551 0.779096 -9.8844 12.4959 3.91042e-17 -7.9447e-16 1.17558e-17 -9.23673 -4.20556 2.0327 -17.2904 13.6413 13.9122 0.852353 -38.7721 -0.655187 8.76862 30.1035 -1.82216 2.32622 -40.4017 -6.04875 5.59101 -8.58906 -16.429 -0.779096 -9.8844 12.4959 -2.13041e-16 -5.83262e-16 -1.27588e-14 
8.77716 85.8714 38.1104 4.59738 13.4517 88.4698 0 5.07867 -1.15138 1.07996 -4.23425 3.90452 0 5.61661 1.07143 0.418336 -2.91968 4.51163 -1.02604e-17 5.98978 0.11501 -0.0364661 -1.08459 4.91457 -1.10457e-17 6.50583 -0.443523 -0.733077 2.02669 5.24512 -1.97295e-17 7.60548 -1.50593 -0.0531073 3.32305 4.90008 -2.53307e-17 9.49737 -0.914492 1.35787 3.78577 4.68073 -2.90401e-17 10.5513 1.57691 -0.115917 0.968678 0.336244 -1.29193e-17 4.78644 0.715339 1.67637 8.13201 -30.2271 -1.8116e-17 4.82109 0.421791 8.23501 -5.59671 -14.5864 -2.00958e-17 4.83041 0.765062 14.814 -12.4235 -15.5856 1.23299 -7.60731 7.53374 16.7701 -12.6274 3.9114 12.9547 3.2495 -3.26872 -102.036 -11.7952 -73.6891 29.2081 0.0598081 0.137039 9.08754 -19.5902 -131.158 24.234 0.0496219 0.113701 4.22696 -17.7686 -3.25036 -1.23299 -7.60729 7.53365 -24.6745 -2.50086 -9.69284 -12.9547 3.2495 -3.26872 40.8576 2.8866 98.3047 -29.2081 0.0598081 0.137039 -10.8787 -16.9744 115.509 -24.234 0.0496218 0.113702 14.2059 31.0712 -8.23242 9.23673 -4.20556 2.0327 -27.3715 -19.1512 -42.7632 -0.852353 -38.7721 -0.655187 -6.95491 24.6479 1.08316 -2.32622 -40.4017 -6.04875 -0.794998 -4.10337 15.2697 0.779096 -9.8844 12.4959 2.48481e-17 -7.95139e-16 1.2424e-17 -9.23673 -4.20556 2.0327 -17.3101 13.5136 13.9917 0.852353 -38.7721 -0.655187 8.69569 29.8944 -1.78938 2.32622 -40.4017 -6.04875 5.50194 -8.56445 -16.408 -0.779096 -9.8844 12.4959 -5.89226e-16 -5.59527e-16 -1.27473e-14 
8.73532 85.9817 38.237 4.61992 13.4499 87.9733 0 5.07867 -1.15138 0.93689 -4.18344 3.89303 0 5.61661 1.07143 0.290718 -2.90283 4.48051 -1.02604e-17 5.98978 0.11501 -0.134735 -1.10477 4.88173 -1.10457e-17 6.50583 -0.443523 -0.795053 1.94616 5.21109 -1.97295e-17 7.60548 -1.50593 -0.0794439 3.20633 4.87711 -2.53307e-17 9.49737 -0.914492 1.35701 3.62904 4.65688 -2.90401e-17 10.5513 1.57691 -0.118217 0.998566 0.336305 -1.29193e-17 4.78644 0.715339 1.93037 8.46501 -31.0837 -1.8116e-17 4.82109 0.421791 8.34173 -5.40922 -15.0558 -2.00958e-17 4.83041 0.765062 14.8606 -12.7103 -16.4984 1.23299 -7.60731 7.53374 16.8467 -12.486 4.03005 12.9547 3.2495 -3.26872 -101.639 -11.1542 -73.3595 29.2081 0.0598081 0.137039 9.12162 -19.5529 -130.909 24.234 0.0496219 0.113701 4.07026 -17.7881 -3.31539 -1.23299 -7.60729 7.53365 -24.7961 -2.43339 -9.83877 -12.9547 3.2495 -3.26872 41.4032 3.39683 97.9297 -29.2081 0.0598081 0.137039 -10.8893 -16.9527 115.39 -24.234 0.0496218 0.113702 14.2308 31.1698 -8.34766 9.23673 -4.20556 2.0327 -27.1579 -19.328 -42.6004 -0.852353 -38.7721 -0.655187 -6.9395 24.5993 1.07759 -2.32622 -40.4017 -6.04875 -0.937781 -3.77692 15.2831 0.779096 -9.8844 12.4959 2.48481e-17 -7.95139e-16 1.2424e-17 -9.23673 -4.20556 2.0327 -17.4111 13.3683 14.0086 0.852353 -38.7721 -0.655187 8.64161 29.7388 -1.76523 2.32622 -40.4017 -6.04875 5.42564 -8.54299 -16.3876 -0.779096 -9.8844 12.4959 -9.86795e-16 -5.46881e-16 -1.27227e-14 
8.68053 86.0878 38.3379 4.6397 13.4536 87.4904 0 5.07867 -1.15138 0.799375 -4.12796 3.88066 0 5.61661 1.07143 0.167508 -2.88088 4.44974 -1.02604e-17 5.98978 0.11501 -0.230203 -1.12186 4.84938 -1.10457e-17 6.50583 -0.443523 -0.85589 1.86566 5.17768 -1.97295e-17 7.60548 -1.50593 -0.106345 3.08692 4.85343 -2.53307e-17 9.49737 -0.914492 1.35386 3.46868 4.63213 -2.90401e-17 10.5513 1.57691 -0.11738 1.02656 0.336166 -1.29193e-17 4.78644 0.715339 2.16128 8.74921 -31.8209 -1.8116e-17 4.82109 0.421791 8.43511 -5.22976 -15.4633 -2.00958e-17 4.83041 0.765062 14.8832 -12.9709 -17.4223 1.23299 -7.60731 7.53374 16.9203 -12.3451 4.1234 12.9547 3.2495 -3.26872 -101.212 -10.4729 -73.0854 29.2081 0.0598081 0.137039 9.15777 -19.513 -130.644 24.234 0.0496219 0.113701 4.02525 -17.67 -3.36593 -1.23299 -7.60729 7.53365 -24.9116 -2.37058 -9.96582 -12.9547 3.2495 -3.26872 41.9431 3.80131 97.5194 -29.2081 0.0598081 0.137039 -10.9004 -16.93 115.266 -24.234 0.0496218 0.113702 14.2361 31.1885 -8.4359 9.23673 -4.20556 2.0327 -26.9808 -19.5251 -42.4701 -0.852353 -38.7721 -0.655187 -6.9319 24.5753 1.07485 -2.32622 -40.4017 -6.04875 -1.09193 -3.41783 15.2978 0.779096 -9.8844 12.4959 2.48481e-17 -7.95139e-16 1.2424e-17 -9.23673 -4.20556 2.0327 -17.539 13.1915 13.9756 0.852353 -38.7721 -0.655187 8.60317 29.6279 -1.74815 2.32622 -40.4017 -6.04875 5.32111 -8.51582 -16.3616 -0.779096 -9.8844 12.4959 -6.03487e-16 -5.58859e-16 -1.27466e-14 
8.61388 86.191 38.4182 4.70982 13.4845 86.98 0 5.07867 -1.15138 0.672625 -4.06823 3.86976 0 5.61661 1.07143 0.0519217 -2.85263 4.42163 -1.02604e-17 5.98978 0.11501 -0.321129 -1.13203 4.81988 -1.10457e-17 6.50583 -0.443523 -0.915373 1.79267 5.14726 -1.97295e-17 7.60548 -1.50593 -0.134171 2.97529 4.83192 -2.53307e-17 9.49737 -0.914492 1.34816 3.31543 4.60929 -2.90401e-17 10.5513 1.57691 -0.114722 1.05145 0.336163 -1.29193e-17 4.78644 0.715339 2.35652 8.97864 -32.4217 -1.8116e-17 4.82109 0.421791 8.51013 -5.05802 -15.7991 -2.00958e-17 4.83041 0.765062 14.858 -13.1841 -18.2856 1.23299 -7.60731 7.53374 16.9769 -12.2129 4.17794 12.9547 3.2495 -3.26872 -100.803 -9.786 -72.8564 29.2081 0.0598081 0.137039 9.19585 -19.4705 -130.363 24.234 0.0496219 0.113701 4.02395 -17.4325 -3.38518 -1.23299 -7.60729 7.53365 -25.0137 -2.31439 -10.0644 -12.9547 3.2495 -3.26872 42.4634 4.09398 97.0709 -29.2081 0.0598081 0.137039 -10.9148 -16.9005 115.105 -24.234 0.0496218 0.113702 14.1841 31.1198 -8.4534 9.23673 -4.20556 2.0327 -26.8215 -19.6581 -42.331 -0.852353 -38.7721 -0.655187 -6.9075 24.4983 1.06607 -2.32622 -40.4017 -6.04875 -1.2652 -3.048 15.3142 0.779096 -9.8844 12.4959 2.48481e-17 -7.95139e-16 1.2424e-17 -9.23673 -4.20556 2.0327 -17.7205 13.0287 13.9468 0.852353 -38.7721 -0.655187 8.57609 29.5496 -1.73616 2.32622 -40.4017 -6.04875 5.21084 -8.50136 -16.342 -0.779096 -9.8844 12.4959 -5.96354e-16 -5.59082e-16 -1.27471e-14 
8.55583 86.2953 38.4857 4.81119 13.4781 86.4181 0 5.07867 -1.15138 0.571195 -4.01631 3.86135 0 5.61661 1.07143 -0.0406694 -2.82803 4.39895 -1.02604e-17 5.98978 0.11501 -0.393602 -1.14047 4.79647 -1.10457e-17 6.50583 -0.443523 -0.961949 1.7276 5.12382 -1.97295e-17 7.60548 -1.50593 -0.154921 2.8768 4.81494 -2.53307e-17 9.49737 -0.914492 1.34438 3.181 4.58878 -2.90401e-17 10.5513 1.57691 -0.110965 1.07289 0.337004 -1.29193e-17 4.78644 0.715339 2.5151 9.14937 -32.8617 -1.8116e-17 4.82109 0.421791 8.57053 -4.92709 -16.0488 -2.00958e-17 4.83041 0.765062 14.787 -13.3417 -19.0609 1.23299 -7.60731 7.53374 16.9962 -12.0902 4.22584 12.9547 3.2495 -3.26872 -100.399 -9.09256 -72.6091 29.2081 0.0598081 0.137039 9.2344 -19.4271 -130.078 24.234 0.0496219 0.113701 4.04433 -17.1644 -3.42073 -1.23299 -7.60729 7.53365 -25.1041 -2.26239 -10.1468 -12.9547 3.2495 -3.26872 42.9319 4.29049 96.6117 -29.2081 0.0598081 0.137039 -10.9345 -16.8593 114.881 -24.234 0.0496218 0.113702 14.0227 31.0099 -8.36171 9.23673 -4.20556 2.0327 -26.6285 -19.7733 -42.1813 -0.852353 -38.7721 -0.655187 -6.8885 24.4382 1.05925 -2.32622 -40.4017 -6.04875 -1.42455 -2.69625 15.3341 0.779096 -9.8844 12.4959 2.48481e-17 -7.95139e-16 1.2424e-17 -9.23673 -4.20556 2.0327 -17.8837 12.9052 13.9527 0.852353 -38.7721 -0.655187 8.53493 29.4304 -1.71799 2.32622 -40.4017 -6.04875 5.08975 -8.48575 -16.3275 -0.779096 -9.8844 12.4959 -5.96354e-16 -5.59082e-16 -1.27471e-14 
8.50417 86.4022 38.5626 4.92295 13.4444 85.8166 0 5.07867 -1.15138 0.488798 -3.94616 3.85686 0 5.61661 1.07143 -0.1163 -2.79018 4.38323 -1.02604e-17 5.98978 0.11501 -0.452634 -1.14138 4.78119 -1.10457e-17 6.50583 -0.443523 -0.999066 1.65759 5.10997 -1.97295e-17 7.60548 -1.50593 -0.169756 2.76567 4.80509 -2.53307e-17 9.49737 -0.914492 1.34363 3.02931 4.57271 -2.90401e-17 10.5513 1.57691 -0.106438 1.09589 0.339382 -1.29193e-17 4.78644 0.715339 2.64429 9.28424 -33.1697 -1.8116e-17 4.82109 0.421791 8.61999 -4.80165 -16.224 -2.00958e-17 4.83041 0.765062 14.7082 -13.4426 -19.7051 1.23299 -7.60731 7.53374 17.0077 -11.9623 4.28173 12.9547 3.2495 -3.26872 -100.039 -8.44804 -72.3456 29.2081 0.0598081 0.137039 9.27135 -19.385 -129.802 24.234 0.0496219 0.113701 4.1047 -16.971 -3.46806 -1.23299 -7.60729 7.53365 -25.2078 -2.18954 -10.2207 -12.9547 3.2495 -3.26872 43.3384 4.45891 96.1647 -29.2081 0.0598081 0.137039 -10.9578 -16.8103 114.615 -24.234 0.0496218 0.113702 13.7815 30.9346 -8.18122 9.23673 -4.20556 2.0327 -26.3952 -19.8739 -42.026 -0.852353 -38.7721 -0.655187 -6.86823 24.3741 1.052 -2.32622 -40.4017 -6.04875 -1.56893 -2.37319 15.3565 0.779096 -9.8844 12.4959 2.48481e-17 -7.95139e-16 1.2424e-17 -9.23673 -4.20556 2.0327 -18.0408 12.7554 13.9381 0.852353 -38.7721 -0.655187 8.50334 29.3387 -1.70411 2.32622 -40.4017 -6.04875 4.9688 -8.43528 -16.3121 -0.779096 -9.8844 12.4959 -5.96354e-16 -5.59082e-16 -1.27471e-14 
8.45624 86.5093 38.6437 5.03117 13.3786 85.1787 0 5.07867 -1.15138 0.424504 -3.85871 3.85728 0 5.61661 1.07143 -0.17575 -2.73849 4.37493 -1.02604e-17 5.98978 0.11501 -0.498463 -1.1331 4.77461 -1.10457e-17 6.50583 -0.443523 -1.02656 1.58593 5.10621 -1.97295e-17 7.60548 -1.50593 -0.177652 2.64508 4.80292 -2.53307e-17 9.49737 -0.914492 1.34787 2.86537 4.56192 -2.90401e-17 10.5513 1.57691 -0.101014 1.11988 0.343604 -1.29193e-17 4.78644 0.715339 2.73725 9.37291 -33.3531 -1.8116e-17 4.82109 0.421791 8.67086 -4.70175 -16.3275 -2.00958e-17 4.83041 0.765062 14.6135 -13.4803 -20.2312 1.23299 -7.60731 7.53374 17.0333 -11.8311 4.34653 12.9547 3.2495 -3.26872 -99.7078 -7.85096 -72.0739 29.2081 0.0598081 0.137039 9.302 -19.3498 -129.572 24.234 0.0496219 0.113701 4.21535 -16.7693 -3.51777 -1.23299 -7.60729 7.53365 -25.3305 -2.09764 -10.2929 -12.9547 3.2495 -3.26872 43.6809 4.58284 95.7476 -29.2081 0.0598081 0.137039 -10.9813 -16.7602 114.343 -24.234 0.0496218 0.113702 13.4885 30.8795 -7.94892 9.23673 -4.20556 2.0327 -26.1137 -19.9743 -41.8569 -0.852353 -38.7721 -0.655187 -6.84691 24.3066 1.0444 -2.32622 -40.4017 -6.04875 -1.72126 -2.09715 15.3828 0.779096 -9.8844 12.4959 2.48481e-17 -7.95139e-16 1.2424e-17 -9.23673 -4.20556 2.0327 -18.1757 12.5953 13.9343 0.852353 -38.7721 -0.655187 8.46791 29.2357 -1.68859 2.32622 -40.4017 -6.04875 4.86077 -8.39189 -16.2983 -0.779096 -9.8844 12.4959 -2.05917e-16 -5.83484e-16 -1.27593e-14 
8.41448 86.6126 38.746 5.10529 13.2742 84.4728 0 5.07867 -1.15138 0.373783 -3.77793 3.86323 0 5.61661 1.07143 -0.222345 -2.69135 4.37419 -1.02604e-17 5.98978 0.11501 -0.533188 -1.12344 4.77635 -1.10457e-17 6.50583 -0.443523 -1.04598 1.52398 5.11188 -1.97295e-17 7.60548 -1.50593 -0.179321 2.53798 4.80839 -2.53307e-17 9.49737 -0.914492 1.35781 2.72081 4.55736 -2.90401e-17 10.5513 1.57691 -0.0954571 1.13941 0.34849 -1.29193e-17 4.78644 0.715339 2.79721 9.42154 -33.4198 -1.8116e-17 4.82109 0.421791 8.73606 -4.63002 -16.3636 -2.00958e-17 4.83041 0.765062 14.5525 -13.5098 -20.6254 1.23299 -7.60731 7.53374 17.0683 -11.7164 4.43472 12.9547 3.2495 -3.26872 -99.4187 -7.33091 -71.8204 29.2081 0.0598081 0.137039 9.32443 -19.3238 -129.403 24.234 0.0496219 0.113701 4.31698 -16.5699 -3.57451 -1.23299 -7.60729 7.53365 -25.4605 -2.00447 -10.3738 -12.9547 3.2495 -3.26872 43.968 4.64523 95.4577 -29.2081 0.0598081 0.137039 -11.005 -16.709 114.066 -24.234 0.0496218 0.113702 13.1857 30.8068 -7.71699 9.23673 -4.20556 2.0327 -25.7666 -20.1065 -41.6484 -0.852353 -38.7721 -0.655187 -6.82616 24.2408 1.03702 -2.32622 -40.4017 -6.04875 -1.83319 -1.89752 15.4103 0.779096 -9.8844 12.4959 2.48481e-17 -7.95139e-16 1.2424e-17 -9.23673 -4.20556 2.0327 -18.274 12.4065 13.9944 0.852353 -38.7721 -0.655187 8.42131 29.0999 -1.66827 2.32622 -40.4017 -6.04875 4.76951 -8.39677 -16.2869 -0.779096 -9.8844 12.4959 -5.89221e-16 -5.59528e-16 -1.27473e-14 
8.38598 86.7117 38.8442 5.15244 13.1942 83.8202 0 5.07867 -1.15138 0.330314 -3.71296 3.86888 0 5.61661 1.07143 -0.26259 -2.65426 4.37361 -1.02604e-17 5.98978 0.11501 -0.562888 -1.11663 4.77777 -1.10457e-17 6.50583 -0.443523 -1.06228 1.47324 5.11668 -1.97295e-17 7.60548 -1.50593 -0.179565 2.44949 4.81275 -2.53307e-17 9.49737 -0.914492 1.3684 2.60039 4.5525 -2.90401e-17 10.5513 1.57691 -0.0913729 1.15401 0.35345 -1.29193e-17 4.78644 0.715339 2.82609 9.43224 -33.4467 -1.8116e-17 4.82109 0.421791 8.80136 -4.58224 -16.3799 -2.00958e-17 4.83041 0.765062 14.5267 -13.5202 -20.8942 1.23299 -7.60731 7.53374 17.1129 -11.6132 4.50227 12.9547 3.2495 -3.26872 -99.1553 -6.89546 -71.6003 29.2081 0.0598081 0.137039 9.34197 -19.3034 -129.271 24.234 0.0496219 0.113701 4.4494 -16.406 -3.62219 -1.23299 -7.60729 7.53365 -25.5776 -1.92479 -10.4377 -12.9547 3.2495 -3.26872 44.1625 4.64322 95.2756 -29.2081 0.0598081 0.137039 -11.0317 -16.6504 113.751 -24.234 0.0496218 0.113702 12.913 30.7264 -7.52226 9.23673 -4.20556 2.0327 -25.4454 -20.2256 -41.4197 -0.852353 -38.7721 -0.655187 -6.79536 24.143 1.02612 -2.32622 -40.4017 -6.04875 -1.95053 -1.7149 15.4369 0.779096 -9.8844 12.4959 2.48481e-17 -7.95139e-16 1.2424e-17 -9.23673 -4.20556 2.0327 -18.3774 12.2465 14.062 0.852353 -38.7721 -0.655187 8.36079 28.923 -1.64203 2.32622 -40.4017 -6.04875 4.71036 -8.43165 -16.2809 -0.779096 -9.8844 12.4959 -2.05917e-16 -5.83484e-16 -1.27593e-14 
8.3643 86.8134 38.9129 5.22291 13.1294 83.2258 0 5.07867 -1.15138 0.296468 -3.64892 3.87283 0 5.61661 1.07143 -0.293882 -2.61608 4.37189 -1.02604e-17 5.98978 0.11501 -0.585414 -1.10712 4.77753 -1.10457e-17 6.50583 -0.443523 -1.07326 1.42738 5.11931 -1.97295e-17 7.60548 -1.50593 -0.177378 2.3678 4.81443 -2.53307e-17 9.49737 -0.914492 1.37853 2.48857 4.54496 -2.90401e-17 10.5513 1.57691 -0.0891992 1.16636 0.359165 -1.29193e-17 4.78644 0.715339 2.83489 9.41565 -33.4583 -1.8116e-17 4.82109 0.421791 8.8562 -4.54715 -16.3885 -2.00958e-17 4.83041 0.765062 14.4978 -13.4841 -21.0668 1.23299 -7.60731 7.53374 17.1244 -11.5141 4.52441 12.9547 3.2495 -3.26872 -98.9215 -6.56594 -71.408 29.2081 0.0598081 0.137039 9.35877 -19.2838 -129.143 24.234 0.0496219 0.113701 4.57154 -16.3058 -3.66565 -1.23299 -7.60729 7.53365 -25.6703 -1.85518 -10.4689 -12.9547 3.2495 -3.26872 44.2476 4.57622 95.1572 -29.2081 0.0598081 0.137039 -11.0652 -16.5758 113.349 -24.234 0.0496218 0.113702 12.5803 30.6528 -7.29061 9.23673 -4.20556 2.0327 -25.1538 -20.2874 -41.172 -0.852353 -38.7721 -0.655187 -6.7516 24.0039 1.01071 -2.32622 -40.4017 -6.04875 -2.06663 -1.49132 15.456 0.779096 -9.8844 12.4959 4.15285e-16 -7.82938e-16 2.229e-19 -9.23673 -4.20556 2.0327 -18.5006 12.1391 14.0743 0.852353 -38.7721 -0.655187 8.2945 28.7286 -1.61349 2.32622 -40.4017 -6.04875 4.63913 -8.41829 -16.2768 -0.779096 -9.8844 12.4959 -1.98785e-16 -5.8393e-16 -1.27595e-14 
8.34783 86.9064 38.9543 5.26745 13.0885 82.6361 0 5.07867 -1.15138 0.269677 -3.57924 3.88386 0 5.61661 1.07143 -0.32053 -2.57299 4.37932 -1.02604e-17 5.98978 0.11501 -0.60523 -1.09348 4.78735 -1.10457e-17 6.50583 -0.443523 -1.08409 1.38438 5.13287 -1.97295e-17 7.60548 -1.50593 -0.174676 2.28743 4.82565 -2.53307e-17 9.49737 -0.914492 1.3914 2.37582 4.54638 -2.90401e-17 10.5513 1.57691 -0.0859939 1.17647 0.366875 -1.29193e-17 4.78644 0.715339 2.82357 9.37439 -33.4466 -1.8116e-17 4.82109 0.421791 8.91284 -4.5206 -16.3827 -2.00958e-17 4.83041 0.765062 14.4636 -13.4524 -21.1992 1.23299 -7.60731 7.53374 17.1283 -11.4233 4.52887 12.9547 3.2495 -3.26872 -98.7405 -6.30297 -71.2234 29.2081 0.0598081 0.137039 9.37286 -19.2672 -129.037 24.234 0.0496219 0.113701 4.69827 -16.2453 -3.75233 -1.23299 -7.60729 7.53365 -25.7575 -1.78313 -10.4922 -12.9547 3.2495 -3.26872 44.2923 4.46654 95.1053 -29.2081 0.0598081 0.137039 -11.1018 -16.4925 112.903 -24.234 0.0496218 0.113702 12.2448 30.5928 -7.02513 9.23673 -4.20556 2.0327 -24.8893 -20.3571 -40.9013 -0.852353 -38.7721 -0.655187 -6.69924 23.837 0.992402 -2.32622 -40.4017 -6.04875 -2.16744 -1.28888 15.4719 0.779096 -9.8844 12.4959 -3.58456e-16 -8.07117e-16 2.44023e-17 -9.23673 -4.20556 2.0327 -18.6631 11.9877 14.0588 0.852353 -38.7721 -0.655187 8.24202 28.5741 -1.59104 2.32622 -40.4017 -6.04875 4.57412 -8.4182 -16.2759 -0.779096 -9.8844 12.4959 -9.79658e-16 -5.47327e-16 -1.27229e-14 
8.33345 86.991 38.9525 5.33979 13.0505 82.1071 0 5.07867 -1.15138 0.25762 -3.51897 3.89702 0 5.61661 1.07143 -0.335725 -2.53247 4.39125 -1.02604e-17 5.98978 0.11501 -0.617698 -1.07426 4.80175 -1.10457e-17 6.50583 -0.443523 -1.09217 1.36287 5.15094 -1.97295e-17 7.60548 -1.50593 -0.172961 2.23822 4.84162 -2.53307e-17 9.49737 -0.914492 1.40152 2.30077 4.55461 -2.90401e-17 10.5513 1.57691 -0.0837985 1.18089 0.37503 -1.29193e-17 4.78644 0.715339 2.79605 9.3176 -33.4524 -1.8116e-17 4.82109 0.421791 8.95491 -4.51304 -16.3908 -2.00958e-17 4.83041 0.765062 14.4416 -13.3983 -21.3112 1.23299 -7.60731 7.53374 17.1135 -11.3634 4.52077 12.9547 3.2495 -3.26872 -98.5646 -6.05645 -71.1056 29.2081 0.0598081 0.137039 9.38314 -19.2551 -128.958 24.234 0.0496219 0.113701 4.83284 -16.192 -3.80092 -1.23299 -7.60729 7.53365 -25.8272 -1.73228 -10.4895 -12.9547 3.2495 -3.26872 44.3092 4.3007 95.0438 -29.2081 0.0598081 0.137039 -11.1359 -16.4131 112.48 -24.234 0.0496218 0.113702 11.9388 30.4832 -6.78675 9.23673 -4.20556 2.0327 -24.6745 -20.3979 -40.6487 -0.852353 -38.7721 -0.655187 -6.65168 23.6851 0.975904 -2.32622 -40.4017 -6.04875 -2.3062 -1.07018 15.4895 0.779096 -9.8844 12.4959 7.98588e-16 -7.58758e-16 -2.39565e-17 -9.23673 -4.20556 2.0327 -18.8356 11.865 14.0491 0.852353 -38.7721 -0.655187 8.20115 28.4536 -1.57365 2.32622 -40.4017 -6.04875 4.54437 -8.39667 -16.2819 -0.779096 -9.8844 12.4959 -2.1305e-16 -5.83261e-16 -1.27588e-14 
8.34071 87.078 38.9284 5.48785 13.0124 81.6728 0 5.07867 -1.15138 0.260237 -3.45896 3.90716 0 5.61661 1.07143 -0.338301 -2.48755 4.40147 -1.02604e-17 5.98978 0.11501 -0.621121 -1.04887 4.81381 -1.10457e-17 6.50583 -0.443523 -1.09463 1.35052 5.16617 -1.97295e-17 7.60548 -1.50593 -0.17035 2.20088 4.8554 -2.53307e-17 9.49737 -0.914492 1.40801 2.24012 4.56245 -2.90401e-17 10.5513 1.57691 -0.0853265 1.18458 0.384165 -1.29193e-17 4.78644 0.715339 2.76231 9.2552 -33.5046 -1.8116e-17 4.82109 0.421791 8.96682 -4.5105 -16.4287 -2.00958e-17 4.83041 0.765062 14.3967 -13.2925 -21.4128 1.23299 -7.60731 7.53374 17.0581 -11.3135 4.45687 12.9547 3.2495 -3.26872 -98.4097 -5.87769 -71.0023 29.2081 0.0598081 0.137039 9.39169 -19.245 -128.893 24.234 0.0496219 0.113701 4.95709 -16.1783 -3.78319 -1.23299 -7.60729 7.53365 -25.8535 -1.69737 -10.4302 -12.9547 3.2495 -3.26872 44.2545 4.10798 94.912 -29.2081 0.0598081 0.137039 -11.1684 -16.3357 112.068 -24.234 0.0496218 0.113702 11.6156 30.3075 -6.59696 9.23673 -4.20556 2.0327 -24.5014 -20.3218 -40.4256 -0.852353 -38.7721 -0.655187 -6.59897 23.5163 0.95776 -2.32622 -40.4017 -6.04875 -2.45845 -0.817551 15.5047 0.779096 -9.8844 12.4959 3.91137e-17 -7.9447e-16 1.17553e-17 -9.23673 -4.20556 2.0327 -19.0007 11.8773 14.0207 0.852353 -38.7721 -0.655187 8.14856 28.298 -1.55139 2.32622 -40.4017 -6.04875 4.53328 -8.29188 -16.2964 -0.779096 -9.8844 12.4959 -5.89221e-16 -5.59528e-16 -1.27473e-14 
8.38377 87.1512 38.9223 5.60685 12.977 81.2427 0 5.07867 -1.15138 0.260731 -3.39331 3.9226 0 5.61661 1.07143 -0.343319 -2.43951 4.41682 -1.02604e-17 5.98978 0.11501 -0.626275 -1.02406 4.83153 -1.10457e-17 6.50583 -0.443523 -1.09836 1.33018 5.18769 -1.97295e-17 7.60548 -1.50593 -0.166375 2.15051 4.87501 -2.53307e-17 9.49737 -0.914492 1.41907 2.16151 4.57486 -2.90401e-17 10.5513 1.57691 -0.0865352 1.19035 0.393663 -1.29193e-17 4.78644 0.715339 2.72964 9.19142 -33.5449 -1.8116e-17 4.82109 0.421791 8.99216 -4.49411 -16.4572 -2.00958e-17 4.83041 0.765062 14.3335 -13.1947 -21.4966 1.23299 -7.60731 7.53374 16.9972 -11.258 4.38212 12.9547 3.2495 -3.26872 -98.3332 -5.79145 -70.8517 29.2081 0.0598081 0.137039 9.39786 -19.2377 -128.846 24.234 0.0496219 0.113701 5.04281 -16.2043 -3.76876 -1.23299 -7.60729 7.53365 -25.8727 -1.64935 -10.3693 -12.9547 3.2495 -3.26872 44.2441 3.98514 94.7459 -29.2081 0.0598081 0.137039 -11.1989 -16.2618 111.676 -24.234 0.0496218 0.113702 11.2907 30.0958 -6.38377 9.23673 -4.20556 2.0327 -24.3252 -20.2522 -40.1846 -0.852353 -38.7721 -0.655187 -6.55649 23.38 0.943249 -2.32622 -40.4017 -6.04875 -2.53485 -0.653607 15.5144 0.779096 -9.8844 12.4959 1.19616e-15 -7.46334e-16 -3.63805e-17 -9.23673 -4.20556 2.0327 -19.1474 11.8795 14.0131 0.852353 -38.7721 -0.655187 8.10067 28.1559 -1.53124 2.32622 -40.4017 -6.04875 4.52489 -8.18744 -16.3136 -0.779096 -9.8844 12.4959 -5.96354e-16 -5.59082e-16 -1.27471e-14 
8.44972 87.1984 38.9308 5.71185 12.9319 80.7985 0 5.07867 -1.15138 0.257313 -3.33663 3.9436 0 5.61661 1.07143 -0.352649 -2.39849 4.43796 -1.02604e-17 5.98978 0.11501 -0.63518 -1.00048 4.85542 -1.10457e-17 6.50583 -0.443523 -1.10588 1.31855 5.21575 -1.97295e-17 7.60548 -1.50593 -0.163822 2.11551 4.90183 -2.53307e-17 9.49737 -0.914492 1.43218 2.10062 4.59482 -2.90401e-17 10.5513 1.57691 -0.0876919 1.19415 0.402005 -1.29193e-17 4.78644 0.715339 2.69651 9.13388 -33.5692 -1.8116e-17 4.82109 0.421791 9.0205 -4.48375 -16.4768 -2.00958e-17 4.83041 0.765062 14.3001 -13.0819 -21.5513 1.23299 -7.60731 7.53374 16.9596 -11.2222 4.35536 12.9547 3.2495 -3.26872 -98.2843 -5.70365 -70.7145 29.2081 0.0598081 0.137039 9.40181 -19.233 -128.816 24.234 0.0496219 0.113701 5.09254 -16.2095 -3.70692 -1.23299 -7.60729 7.53365 -25.8916 -1.6048 -10.3242 -12.9547 3.2495 -3.26872 44.3913 3.97015 94.5587 -29.2081 0.0598081 0.137039 -11.2245 -16.1985 111.342 -24.234 0.0496218 0.113702 11.0639 29.8159 -6.21176 9.23673 -4.20556 2.0327 -24.1443 -20.2107 -39.9141 -0.852353 -38.7721 -0.655187 -6.53916 23.3243 0.937356 -2.32622 -40.4017 -6.04875 -2.53728 -0.608465 15.5215 0.779096 -9.8844 12.4959 4.62604e-17 -7.94246e-16 1.15319e-17 -9.23673 -4.20556 2.0327 -19.2622 11.834 14.1207 0.852353 -38.7721 -0.655187 8.08128 28.0983 -1.52312 2.32622 -40.4017 -6.04875 4.56605 -8.12505 -16.3324 -0.779096 -9.8844 12.4959 -9.86786e-16 -5.46881e-16 -1.27227e-14 
8.5248 87.2233 38.9397 5.82713 12.8946 80.3634 0 5.07867 -1.15138 0.252731 -3.2868 3.96359 0 5.61661 1.07143 -0.362926 -2.36238 4.45753 -1.02604e-17 5.98978 0.11501 -0.644653 -0.978517 4.8771 -1.10457e-17 6.50583 -0.443523 -1.11363 1.31078 5.24103 -1.97295e-17 7.60548 -1.50593 -0.161424 2.08874 4.92663 -2.53307e-17 9.49737 -0.914492 1.4445 2.04883 4.61322 -2.90401e-17 10.5513 1.57691 -0.0916997 1.1971 0.4089 -1.29193e-17 4.78644 0.715339 2.66212 9.08343 -33.6015 -1.8116e-17 4.82109 0.421791 9.01891 -4.49255 -16.5027 -2.00958e-17 4.83041 0.765062 14.2568 -12.9313 -21.5463 1.23299 -7.60731 7.53374 16.9357 -11.1916 4.33663 12.9547 3.2495 -3.26872 -98.2684 -5.67344 -70.5632 29.2081 0.0598081 0.137039 9.40788 -19.2258 -128.77 24.234 0.0496219 0.113701 5.09833 -16.1764 -3.58479 -1.23299 -7.60729 7.53365 -25.895 -1.5649 -10.264 -12.9547 3.2495 -3.26872 44.6237 4.07095 94.3634 -29.2081 0.0598081 0.137039 -11.2512 -16.1312 110.987 -24.234 0.0496218 0.113702 10.8888 29.4211 -6.09143 9.23673 -4.20556 2.0327 -23.9826 -20.1772 -39.6146 -0.852353 -38.7721 -0.655187 -6.53962 23.3257 0.937512 -2.32622 -40.4017 -6.04875 -2.51599 -0.630476 15.5251 0.779096 -9.8844 12.4959 2.48481e-17 -7.95139e-16 1.2424e-17 -9.23673 -4.20556 2.0327 -19.3607 11.7696 14.3445 0.852353 -38.7721 -0.655187 8.08726 28.1161 -1.52562 2.32622 -40.4017 -6.04875 4.63151 -8.10536 -16.3544 -0.779096 -9.8844 12.4959 -6.03492e-16 -5.58859e-16 -1.27466e-14 
8.60979 87.2253 38.9548 5.89397 12.8213 79.8816 0 5.07867 -1.15138 0.254038 -3.24832 3.9807 0 5.61661 1.07143 -0.364943 -2.3372 4.47311 -1.02604e-17 5.98978 0.11501 -0.644974 -0.963609 4.8939 -1.10457e-17 6.50583 -0.443523 -1.11183 1.30108 5.26103 -1.97295e-17 7.60548 -1.50593 -0.152091 2.0656 4.94547 -2.53307e-17 9.49737 -0.914492 1.45972 2.00407 4.62289 -2.90401e-17 10.5513 1.57691 -0.0978303 1.20009 0.41325 -1.29193e-17 4.78644 0.715339 2.64299 9.053 -33.5867 -1.8116e-17 4.82109 0.421791 9.01072 -4.5112 -16.4993 -2.00958e-17 4.83041 0.765062 14.1811 -12.8038 -21.484 1.23299 -7.60731 7.53374 16.9173 -11.1577 4.35177 12.9547 3.2495 -3.26872 -98.3701 -5.76681 -70.3152 29.2081 0.0598081 0.137039 9.41804 -19.2137 -128.692 24.234 0.0496219 0.113701 4.96539 -16.1362 -3.48719 -1.23299 -7.60729 7.53365 -25.9013 -1.52276 -10.2244 -12.9547 3.2495 -3.26872 44.9297 4.31699 94.2274 -29.2081 0.0598081 0.137039 -11.2855 -16.0427 110.523 -24.234 0.0496218 0.113702 10.6592 28.8805 -5.92079 9.23673 -4.20556 2.0327 -23.7822 -20.1996 -39.3277 -0.852353 -38.7721 -0.655187 -6.55728 23.3825 0.943515 -2.32622 -40.4017 -6.04875 -2.4147 -0.780783 15.5245 0.779096 -9.8844 12.4959 -3.65584e-16 -8.0734e-16 2.4625e-17 -9.23673 -4.20556 2.0327 -19.4013 11.6187 14.6781 0.852353 -38.7721 -0.655187 8.1159 28.2012 -1.53764 2.32622 -40.4017 -6.04875 4.67198 -8.12785 -16.3712 -0.779096 -9.8844 12.4959 5.74941e-16 -6.20087e-16 -1.27959e-14 
8.7046 87.2113 38.9745 5.92994 12.6979 79.4195 0 5.07867 -1.15138 0.267945 -3.22949 3.99068 0 5.61661 1.07143 -0.352165 -2.32774 4.47947 -1.02604e-17 5.98978 0.11501 -0.630608 -0.958072 4.89979 -1.10457e-17 6.50583 -0.443523 -1.09582 1.29353 5.2688 -1.97295e-17 7.60548 -1.50593 -0.134574 2.05487 4.95231 -2.53307e-17 9.49737 -0.914492 1.47548 1.97979 4.61829 -2.90401e-17 10.5513 1.57691 -0.106422 1.20466 0.413052 -1.29193e-17 4.78644 0.715339 2.6556 9.06402 -33.5433 -1.8116e-17 4.82109 0.421791 9.00344 -4.53573 -16.4786 -2.00958e-17 4.83041 0.765062 14.0965 -12.6949 -21.3772 1.23299 -7.60731 7.53374 16.9214 -11.1203 4.41718 12.9547 3.2495 -3.26872 -98.6067 -5.96263 -69.9054 29.2081 0.0598081 0.137039 9.43174 -19.1974 -128.587 24.234 0.0496219 0.113701 4.6607 -16.2162 -3.35749 -1.23299 -7.60729 7.53365 -25.9295 -1.48361 -10.219 -12.9547 3.2495 -3.26872 45.3158 4.72641 94.07 -29.2081 0.0598081 0.137039 -11.3238 -15.9414 109.992 -24.234 0.0496218 0.113702 10.3938 28.1308 -5.74797 9.23673 -4.20556 2.0327 -23.5605 -20.2493 -39.1317 -0.852353 -38.7721 -0.655187 -6.59606 23.507 0.956765 -2.32622 -40.4017 -6.04875 -2.28177 -1.03432 15.5258 0.779096 -9.8844 12.4959 -1.15358e-15 -8.44166e-16 6.14511e-17 -9.23673 -4.20556 2.0327 -19.3524 11.4533 15.1053 0.852353 -38.7721 -0.655187 8.15162 28.3071 -1.55269 2.32622 -40.4017 -6.04875 4.71543 -8.16405 -16.3857 -0.779096 -9.8844 12.4959 -9.65373e-16 -5.47996e-16 -1.27236e-14 
8.8177 87.1916 39.0017 6.04242 12.5631 79.0221 0 5.07867 -1.15138 0.288853 -3.21401 3.99 0 5.61661 1.07143 -0.330344 -2.32046 4.47152 -1.02604e-17 5.98978 0.11501 -0.606826 -0.953904 4.88873 -1.10457e-17 6.50583 -0.443523 -1.06915 1.28486 5.25751 -1.97295e-17 7.60548 -1.50593 -0.111246 2.04667 4.94205 -2.53307e-17 9.49737 -0.914492 1.48941 1.96053 4.59543 -2.90401e-17 10.5513 1.57691 -0.118974 1.21471 0.408915 -1.29193e-17 4.78644 0.715339 2.70112 9.12012 -33.5411 -1.8116e-17 4.82109 0.421791 8.97817 -4.55586 -16.4833 -2.00958e-17 4.83041 0.765062 13.9866 -12.539 -21.1991 1.23299 -7.60731 7.53374 16.9319 -11.0642 4.48867 12.9547 3.2495 -3.26872 -98.9298 -6.32209 -69.3149 29.2081 0.0598081 0.137039 9.45209 -19.173 -128.43 24.234 0.0496219 0.113701 4.17512 -16.5511 -3.06482 -1.23299 -7.60729 7.53365 -25.964 -1.44778 -10.2115 -12.9547 3.2495 -3.26872 45.78 5.27684 93.7939 -29.2081 0.0598081 0.137039 -11.3651 -15.8287 109.405 -24.234 0.0496218 0.113702 10.1005 27.0063 -5.64855 9.23673 -4.20556 2.0327 -23.3633 -20.2022 -39.0116 -0.852353 -38.7721 -0.655187 -6.64255 23.6559 0.972749 -2.32622 -40.4017 -6.04875 -2.16972 -1.30089 15.5256 0.779096 -9.8844 12.4959 -3.86996e-16 -8.08232e-16 2.55172e-17 -9.23673 -4.20556 2.0327 -19.2737 11.394 15.5514 0.852353 -38.7721 -0.655187 8.18971 28.4198 -1.5688 2.32622 -40.4017 -6.04875 4.76136 -8.13566 -16.4021 -0.779096 -9.8844 12.4959 -1.38436e-15 -5.34457e-16 -1.271e-14 
8.93843 87.1616 39.0462 6.10283 12.4476 78.6016 0 5.07867 -1.15138 0.303957 -3.19433 3.99017 0 5.61661 1.07143 -0.312782 -2.31455 4.46154 -1.02604e-17 5.98978 0.11501 -0.584497 -0.958039 4.87411 -1.10457e-17 6.50583 -0.443523 -1.04067 1.25592 5.24202 -1.97295e-17 7.60548 -1.50593 -0.0838208 2.0118 4.92748 -2.53307e-17 9.49737 -0.914492 1.50848 1.90581 4.56541 -2.90401e-17 10.5513 1.57691 -0.130644 1.23156 0.403259 -1.29193e-17 4.78644 0.715339 2.75865 9.19042 -33.5442 -1.8116e-17 4.82109 0.421791 8.93909 -4.58633 -16.4907 -2.00958e-17 4.83041 0.765062 13.8231 -12.3873 -20.9727 1.23299 -7.60731 7.53374 16.9663 -10.962 4.56061 12.9547 3.2495 -3.26872 -99.321 -6.8706 -68.4422 29.2081 0.0598081 0.137039 9.47726 -19.1426 -128.236 24.234 0.0496219 0.113701 3.54134 -17.1047 -2.71179 -1.23299 -7.60729 7.53365 -26.0121 -1.38931 -10.2192 -12.9547 3.2495 -3.26872 46.38 6.04042 93.4054 -29.2081 0.0598081 0.137039 -11.4121 -15.6955 108.714 -24.234 0.0496218 0.113702 9.79919 25.5113 -5.53001 9.23673 -4.20556 2.0327 -23.1799 -20.2222 -38.9163 -0.852353 -38.7721 -0.655187 -6.70295 23.8488 0.993693 -2.32622 -40.4017 -6.04875 -2.0349 -1.60639 15.5258 0.779096 -9.8844 12.4959 1.77105e-17 -7.95362e-16 1.26471e-17 -9.23673 -4.20556 2.0327 -19.2022 11.2534 15.9756 0.852353 -38.7721 -0.655187 8.24693 28.5886 -1.59314 2.32622 -40.4017 -6.04875 4.77962 -8.12234 -16.4142 -0.779096 -9.8844 12.4959 -1.00106e-15 -5.46435e-16 -1.2722e-14 
9.0536 87.1386 39.1061 6.16349 12.3224 78.1513 0 5.07867 -1.15138 0.316679 -3.15469 3.9892 0 5.61661 1.07143 -0.296336 -2.29798 4.44784 -1.02604e-17 5.98978 0.11501 -0.561068 -0.963282 4.85414 -1.10457e-17 6.50583 -0.443523 -1.00766 1.20569 5.22053 -1.97295e-17 7.60548 -1.50593 -0.0507028 1.94556 4.90728 -2.53307e-17 9.49737 -0.914492 1.53244 1.80625 4.52638 -2.90401e-17 10.5513 1.57691 -0.142491 1.25753 0.396299 -1.29193e-17 4.78644 0.715339 2.82006 9.26267 -33.567 -1.8116e-17 4.82109 0.421791 8.8719 -4.63722 -16.5105 -2.00958e-17 4.83041 0.765062 13.6015 -12.1952 -20.6917 1.23299 -7.60731 7.53374 17.0228 -10.806 4.63176 12.9547 3.2495 -3.26872 -99.7526 -7.55122 -67.2455 29.2081 0.0598081 0.137039 9.50607 -19.1075 -128.013 24.234 0.0496219 0.113701 2.73985 -17.7775 -2.27387 -1.23299 -7.60729 7.53365 -26.0792 -1.30024 -10.2277 -12.9547 3.2495 -3.26872 47.1833 7.12392 92.7402 -29.2081 0.0598081 0.137039 -11.4639 -15.5422 107.923 -24.234 0.0496218 0.113702 9.49075 23.7128 -5.29913 9.23673 -4.20556 2.0327 -22.9773 -20.248 -38.8318 -0.852353 -38.7721 -0.655187 -6.76329 24.0411 1.01481 -2.32622 -40.4017 -6.04875 -1.90421 -1.8886 15.5288 0.779096 -9.8844 12.4959 2.48481e-17 -7.95139e-16 1.2424e-17 -9.23673 -4.20556 2.0327 -19.1128 11.0521 16.4404 0.852353 -38.7721 -0.655187 8.32596 28.8209 -1.62701 2.32622 -40.4017 -6.04875 4.79575 -8.04122 -16.4204 -0.779096 -9.8844 12.4959 -2.1306e-16 -5.83261e-16 -1.27588e-14 
9.15656 87.1337 39.1946 6.11369 12.1618 77.6238 0 5.07867 -1.15138 0.333376 -3.1154 3.98851 0 5.61661 1.07143 -0.27353 -2.28972 4.43248 -1.02604e-17 5.98978 0.11501 -0.528995 -0.986055 4.83101 -1.10457e-17 6.50583 -0.443523 -0.96316 1.1229 5.19565 -1.97295e-17 7.60548 -1.50593 -0.0066691 1.83892 4.88213 -2.53307e-17 9.49737 -0.914492 1.56516 1.65864 4.47816 -2.90401e-17 10.5513 1.57691 -0.151674 1.29125 0.388187 -1.29193e-17 4.78644 0.715339 2.89024 9.33831 -33.5438 -1.8116e-17 4.82109 0.421791 8.79942 -4.71405 -16.5042 -2.00958e-17 4.83041 0.765062 13.3085 -12.0122 -20.3673 1.23299 -7.60731 7.53374 17.1039 -10.5763 4.73055 12.9547 3.2495 -3.26872 -100.159 -8.34583 -65.5983 29.2081 0.0598081 0.137039 9.53599 -19.0708 -127.779 24.234 0.0496219 0.113701 1.72051 -18.5953 -1.88439 -1.23299 -7.60729 7.53365 -26.1665 -1.17002 -10.2539 -12.9547 3.2495 -3.26872 48.0994 8.52685 91.7015 -29.2081 0.0598081 0.137039 -11.5183 -15.3727 107.053 -24.234 0.0496218 0.113702 9.06045 21.7399 -4.86071 9.23673 -4.20556 2.0327 -22.6908 -20.4029 -38.7396 -0.852353 -38.7721 -0.655187 -6.83058 24.2548 1.03859 -2.32622 -40.4017 -6.04875 -1.78753 -2.15988 15.5367 0.779096 -9.8844 12.4959 -7.56016e-16 -8.31742e-16 4.9027e-17 -9.23673 -4.20556 2.0327 -18.9721 10.7299 16.8559 0.852353 -38.7721 -0.655187 8.39501 29.0231 -1.65684 2.32622 -40.4017 -6.04875 4.75234 -7.92525 -16.4173 -0.779096 -9.8844 12.4959 -1.37008e-15 -5.35126e-16 -1.27107e-14 
9.20508 87.1723 39.2426 6.32361 11.9637 77.1283 0 5.07867 -1.15138 0.359318 -3.01359 3.98247 0 5.61661 1.07143 -0.243848 -2.22828 4.41006 -1.02604e-17 5.98978 0.11501 -0.491689 -0.971828 4.79857 -1.10457e-17 6.50583 -0.443523 -0.911699 1.04444 5.15975 -1.97295e-17 7.60548 -1.50593 0.0415021 1.72074 4.84943 -2.53307e-17 9.49737 -0.914492 1.59626 1.48794 4.42131 -2.90401e-17 10.5513 1.57691 -0.163055 1.33829 0.380196 -1.29193e-17 4.78644 0.715339 2.94193 9.39452 -33.5816 -1.8116e-17 4.82109 0.421791 8.689 -4.84499 -16.5456 -2.00958e-17 4.83041 0.765062 12.9218 -11.6604 -20.0329 1.23299 -7.60731 7.53374 17.1965 -10.2904 4.81378 12.9547 3.2495 -3.26872 -100.325 -9.08246 -63.6257 29.2081 0.0598081 0.137039 9.57082 -19.0276 -127.506 24.234 0.0496219 0.113701 0.538213 -19.5521 -1.32774 -1.23299 -7.60729 7.53365 -26.2652 -1.01995 -10.2357 -12.9547 3.2495 -3.26872 49.1645 10.1315 90.0122 -29.2081 0.0598081 0.137039 -11.5724 -15.1941 106.141 -24.234 0.0496218 0.113702 8.5256 19.5011 -4.2846 9.23673 -4.20556 2.0327 -22.4111 -20.3132 -38.6425 -0.852353 -38.7721 -0.655187 -6.86627 24.3679 1.0513 -2.32622 -40.4017 -6.04875 -1.87713 -2.18394 15.5515 0.779096 -9.8844 12.4959 1.0573e-17 -7.95808e-16 1.30932e-17 -9.23673 -4.20556 2.0327 -18.8662 10.644 17.261 0.852353 -38.7721 -0.655187 8.45103 29.1866 -1.68122 2.32622 -40.4017 -6.04875 4.76681 -7.63372 -16.4226 -0.779096 -9.8844 12.4959 1.70235e-16 -5.95239e-16 -1.27708e-14 
9.25131 87.226 39.301 6.65194 11.7418 76.7743 0 5.07867 -1.15138 0.38887 -2.86789 3.96425 0 5.61661 1.07143 -0.20869 -2.13033 4.37169 -1.02604e-17 5.98978 0.11501 -0.448701 -0.936854 4.7466 -1.10457e-17 6.50583 -0.443523 -0.851179 0.954297 5.10154 -1.97295e-17 7.60548 -1.50593 0.0942008 1.57547 4.79813 -2.53307e-17 9.49737 -0.914492 1.62393 1.28409 4.34627 -2.90401e-17 10.5513 1.57691 -0.1765 1.39738 0.372969 -1.29193e-17 4.78644 0.715339 3.00368 9.46165 -33.6441 -1.8116e-17 4.82109 0.421791 8.55553 -4.96176 -16.6101 -2.00958e-17 4.83041 0.765062 12.4356 -11.2717 -19.7553 1.23299 -7.60731 7.53374 17.2822 -9.91021 4.84128 12.9547 3.2495 -3.26872 -100.101 -9.76077 -61.2431 29.2081 0.0598081 0.137039 9.60958 -18.9791 -127.201 24.234 0.0496219 0.113701 -0.70731 -20.8236 -0.728314 -1.23299 -7.60729 7.53365 -26.3491 -0.858819 -10.1515 -12.9547 3.2495 -3.26872 50.2359 11.8089 87.7391 -29.2081 0.0598081 0.137039 -11.6284 -14.9971 105.142 -24.234 0.0496218 0.113702 7.83262 17.0814 -3.62591 9.23673 -4.20556 2.0327 -22.1519 -20.057 -38.6097 -0.852353 -38.7721 -0.655187 -6.89037 24.4441 1.05992 -2.32622 -40.4017 -6.04875 -2.04985 -2.12794 15.568 0.779096 -9.8844 12.4959 2.48481e-17 -7.95139e-16 1.2424e-17 -9.23673 -4.20556 2.0327 -18.745 10.8243 17.4854 0.852353 -38.7721 -0.655187 8.45757 29.2056 -1.68407 2.32622 -40.4017 -6.04875 4.76256 -7.27342 -16.4326 -0.779096 -9.8844 12.4959 1.98785e-16 -5.96354e-16 -1.27719e-14 
9.326 87.2774 39.3789 6.82402 11.5444 76.4641 0 5.07867 -1.15138 0.41754 -2.68952 3.9387 0 5.61661 1.07143 -0.171074 -2.01253 4.323 -1.02604e-17 5.98978 0.11501 -0.401145 -0.903462 4.68102 -1.10457e-17 6.50583 -0.443523 -0.781942 0.823991 5.02801 -1.97295e-17 7.60548 -1.50593 0.154046 1.37022 4.73221 -2.53307e-17 9.49737 -0.914492 1.65541 1.00764 4.25615 -2.90401e-17 10.5513 1.57691 -0.187048 1.4671 0.365835 -1.29193e-17 4.78644 0.715339 3.05489 9.50758 -33.7042 -1.8116e-17 4.82109 0.421791 8.39704 -5.04833 -16.6796 -2.00958e-17 4.83041 0.765062 11.8727 -10.8758 -19.4441 1.23299 -7.60731 7.53374 17.3666 -9.39151 4.83359 12.9547 3.2495 -3.26872 -99.4155 -10.4478 -58.2636 29.2081 0.0598081 0.137039 9.64918 -18.9289 -126.886 24.234 0.0496219 0.113701 -2.00447 -22.6084 -0.334373 -1.23299 -7.60729 7.53365 -26.4514 -0.651878 -10.0448 -12.9547 3.2495 -3.26872 51.3416 13.6801 84.9628 -29.2081 0.0598081 0.137039 -11.6795 -14.8044 104.17 -24.234 0.0496218 0.113702 7.07455 14.7144 -2.83948 9.23673 -4.20556 2.0327 -21.8845 -19.8835 -38.6186 -0.852353 -38.7721 -0.655187 -6.90185 24.4804 1.06404 -2.32622 -40.4017 -6.04875 -2.18484 -2.16088 15.5832 0.779096 -9.8844 12.4959 4.1528e-16 -7.82938e-16 2.23048e-19 -9.23673 -4.20556 2.0327 -18.634 10.935 17.4818 0.852353 -38.7721 -0.655187 8.44144 29.1586 -1.67703 2.32622 -40.4017 -6.04875 4.65754 -6.91897 -16.4229 -0.779096 -9.8844 12.4959 -1.91647e-16 -5.84153e-16 -1.27597e-14 
9.39514 87.3264 39.499 7.13605 11.3534 76.1266 0 5.07867 -1.15138 0.453867 -2.49181 3.91427 0 5.61661 1.07143 -0.127617 -1.87335 4.2772 -1.02604e-17 5.98978 0.11501 -0.350461 -0.848197 4.616 -1.10457e-17 6.50583 -0.443523 -0.711314 0.715234 4.95358 -1.97295e-17 7.60548 -1.50593 0.212571 1.19051 4.66993 -2.53307e-17 9.49737 -0.914492 1.68614 0.757446 4.17445 -2.90401e-17 10.5513 1.57691 -0.19501 1.53696 0.360027 -1.29193e-17 4.78644 0.715339 3.05567 9.50507 -33.7879 -1.8116e-17 4.82109 0.421791 8.19996 -5.13521 -16.775 -2.00958e-17 4.83041 0.765062 11.2525 -10.3254 -19.169 1.23299 -7.60731 7.53374 17.4138 -8.80396 4.83146 12.9547 3.2495 -3.26872 -97.9758 -10.8681 -54.8534 29.2081 0.0598081 0.137039 9.69369 -18.8718 -126.53 24.234 0.0496219 0.113701 -3.26616 -24.6521 0.0710793 -1.23299 -7.60729 7.53365 -26.5028 -0.457368 -9.87167 -12.9547 3.2495 -3.26872 52.673 15.5987 81.6045 -29.2081 0.0598081 0.137039 -11.724 -14.6239 103.264 -24.234 0.0496218 0.113702 6.46193 12.3839 -2.11084 9.23673 -4.20556 2.0327 -21.636 -19.5633 -38.686 -0.852353 -38.7721 -0.655187 -6.90622 24.4942 1.06561 -2.32622 -40.4017 -6.04875 -2.34435 -2.1948 15.6021 0.779096 -9.8844 12.4959 3.19856e-17 -7.94916e-16 1.2201e-17 -9.23673 -4.20556 2.0327 -18.5717 11.1083 17.4552 0.852353 -38.7721 -0.655187 8.45742 29.2052 -1.68401 2.32622 -40.4017 -6.04875 4.61665 -6.51659 -16.4125 -0.779096 -9.8844 12.4959 1.91647e-16 -5.96131e-16 -1.27717e-14 
9.46883 87.342 39.6828 7.25242 11.166 75.6068 0 5.07867 -1.15138 0.502444 -2.28555 3.89157 0 5.61661 1.07143 -0.0687456 -1.73424 4.23764 -1.02604e-17 5.98978 0.11501 -0.284723 -0.803983 4.557 -1.10457e-17 6.50583 -0.443523 -0.626292 0.57549 4.8859 -1.97295e-17 7.60548 -1.50593 0.282079 0.974742 4.61244 -2.53307e-17 9.49737 -0.914492 1.72707 0.466611 4.09841 -2.90401e-17 10.5513 1.57691 -0.199753 1.60554 0.357926 -1.29193e-17 4.78644 0.715339 3.02245 9.46864 -33.78 -1.8116e-17 4.82109 0.421791 7.96556 -5.17535 -16.8136 -2.00958e-17 4.83041 0.765062 10.5707 -9.80266 -18.8762 1.23299 -7.60731 7.53374 17.4725 -8.08698 4.85311 12.9547 3.2495 -3.26872 -95.7246 -10.9546 -50.7779 29.2081 0.0598081 0.137039 9.74043 -18.811 -126.152 24.234 0.0496219 0.113701 -4.33655 -26.5369 0.200665 -1.23299 -7.60729 7.53365 -26.5147 -0.221857 -9.65696 -12.9547 3.2495 -3.26872 54.0373 17.6758 78.0169 -29.2081 0.0598081 0.137039 -11.7737 -14.4053 102.173 -24.234 0.0496218 0.113702 5.88555 10.3217 -1.35068 9.23673 -4.20556 2.0327 -21.3254 -19.5045 -38.7525 -0.852353 -38.7721 -0.655187 -6.95648 24.6528 1.08372 -2.32622 -40.4017 -6.04875 -2.37661 -2.40566 15.6186 0.779096 -9.8844 12.4959 -3.65584e-16 -8.0734e-16 2.4625e-17 -9.23673 -4.20556 2.0327 -18.5015 10.9899 17.4137 0.852353 -38.7721 -0.655187 8.51516 29.373 -1.7093 2.32622 -40.4017 -6.04875 4.53957 -6.27385 -16.3866 -0.779096 -9.8844 12.4959 1.98785e-16 -5.96354e-16 -1.27719e-14 
9.53387 87.3195 39.9131 7.29094 10.9348 74.9278 0 5.07867 -1.15138 0.550397 -2.03746 3.85867 0 5.61661 1.07143 -0.00382341 -1.57153 4.18872 -1.02604e-17 5.98978 0.11501 -0.209644 -0.759375 4.48733 -1.10457e-17 6.50583 -0.443523 -0.527659 0.396795 4.80648 -1.97295e-17 7.60548 -1.50593 0.361881 0.709394 4.54298 -2.53307e-17 9.49737 -0.914492 1.77339 0.112214 4.0098 -2.90401e-17 10.5513 1.57691 -0.20378 1.67894 0.355358 -1.29193e-17 4.78644 0.715339 2.96062 9.40808 -33.6888 -1.8116e-17 4.82109 0.421791 7.68953 -5.1841 -16.7997 -2.00958e-17 4.83041 0.765062 9.86798 -9.23707 -18.5428 1.23299 -7.60731 7.53374 17.589 -7.243 4.93865 12.9547 3.2495 -3.26872 -92.7017 -10.6162 -46.0283 29.2081 0.0598081 0.137039 9.79434 -18.7398 -125.712 24.234 0.0496219 0.113701 -5.17097 -28.2267 0.114591 -1.23299 -7.60729 7.53365 -26.5195 0.0621552 -9.44142 -12.9547 3.2495 -3.26872 55.6559 19.9816 74.1309 -29.2081 0.0598081 0.137039 -11.8306 -14.1265 100.788 -24.234 0.0496218 0.113702 5.4445 8.46139 -0.48971 9.23673 -4.20556 2.0327 -20.9399 -19.5846 -38.8392 -0.852353 -38.7721 -0.655187 -7.05248 24.9547 1.1187 -2.32622 -40.4017 -6.04875 -2.27074 -2.80082 15.6351 0.779096 -9.8844 12.4959 1.77059e-17 -7.95362e-16 1.26472e-17 -9.23673 -4.20556 2.0327 -18.3802 10.636 17.4305 0.852353 -38.7721 -0.655187 8.64735 29.7553 -1.76779 2.32622 -40.4017 -6.04875 4.44281 -6.09126 -16.3396 -0.779096 -9.8844 12.4959 -5.8207e-16 -5.59751e-16 -1.27475e-14 
9.5884 87.2903 40.1955 7.40479 10.6697 74.1747 0 5.07867 -1.15138 0.576533 -1.74501 3.79866 0 5.61661 1.07143 0.0513163 -1.38082 4.10707 -1.02604e-17 5.98978 0.11501 -0.136076 -0.70678 4.38203 -1.10457e-17 6.50583 -0.443523 -0.419686 0.189801 4.6873 -1.97295e-17 7.60548 -1.50593 0.448163 0.41248 4.43674 -2.53307e-17 9.49737 -0.914492 1.81804 -0.277181 3.88645 -2.90401e-17 10.5513 1.57691 -0.20836 1.75766 0.349374 -1.29193e-17 4.78644 0.715339 2.9199 9.37336 -33.4976 -1.8116e-17 4.82109 0.421791 7.42562 -5.15487 -16.7163 -2.00958e-17 4.83041 0.765062 9.12482 -8.70239 -18.1936 1.23299 -7.60731 7.53374 17.7583 -6.28269 5.09578 12.9547 3.2495 -3.26872 -88.9419 -9.41303 -40.66 29.2081 0.0598081 0.137039 9.85781 -18.6544 -125.188 24.234 0.0496219 0.113701 -5.66028 -29.5896 -0.0941803 -1.23299 -7.60729 7.53365 -26.5292 0.367876 -9.23327 -12.9547 3.2495 -3.26872 57.4674 22.4627 69.9631 -29.2081 0.0598081 0.137039 -11.8913 -13.7794 99.0763 -24.234 0.0496218 0.113702 5.098 6.53127 0.316166 9.23673 -4.20556 2.0327 -20.5194 -19.6014 -38.9386 -0.852353 -38.7721 -0.655187 -7.15905 25.2881 1.15809 -2.32622 -40.4017 -6.04875 -2.10614 -3.21231 15.6448 0.779096 -9.8844 12.4959 2.48481e-17 -7.95139e-16 1.2424e-17 -9.23673 -4.20556 2.0327 -18.2594 10.2047 17.4188 0.852353 -38.7721 -0.655187 8.8494 30.334 -1.85876 2.32622 -40.4017 -6.04875 4.4234 -5.78104 -16.2941 -0.779096 -9.8844 12.4959 1.845e-16 -5.95684e-16 -1.27715e-14 
9.64677 87.2515 40.4999 7.46645 10.445 73.5378 0 5.07867 -1.15138 1.14533 -0.774141 4.00548 0 5.61661 1.07143 0.461804 -0.641776 4.48573 -1.02604e-17 5.98978 0.11501 0.123565 -0.279821 4.82952 -1.10457e-17 6.50583 -0.443523 -0.287183 0.0518014 5.19636 -1.97295e-17 7.60548 -1.50593 0.504524 0.0457074 4.92385 -2.53307e-17 9.49737 -0.914492 1.88868 -0.881589 4.38624 -2.90401e-17 10.5513 1.57691 -0.275408 1.64886 0.535881 -1.29193e-17 4.78644 0.715339 1.09207 7.29258 -34.5206 -1.8116e-17 4.82109 0.421791 6.07144 -5.58155 -17.4733 -2.00958e-17 4.83041 0.765062 8.46488 -6.69684 -19.6412 1.23299 -7.60731 7.53374 16.6096 -5.50257 3.52834 12.9547 3.2495 -3.26872 -85.2734 -7.76673 -36.6358 29.2081 0.0598081 0.137039 9.89658 -18.6014 -124.865 24.234 0.0496219 0.113701 -6.06985 -32.577 0.0438329 -1.23299 -7.60729 7.53365 -21.8697 1.33131 -5.45391 -12.9547 3.2495 -3.26872 62.2808 26.0936 49.9189 -29.2081 0.0598081 0.137039 -11.8466 -14.0411 100.366 -24.234 0.0496218 0.113702 5.41779 12.8718 8.30827 9.23673 -4.20556 2.0327 -20.1248 -19.645 -39.2206 -0.852353 -38.7721 -0.655187 -7.27392 25.6455 1.20121 -2.32622 -40.4017 -6.04875 -2.16836 -3.67203 15.6334 0.779096 -9.8844 12.4959 2.48481e-17 -7.95139e-16 1.2424e-17 -9.23673 -4.20556 2.0327 -18.172 9.49971 16.8727 0.852353 -38.7721 -0.655187 9.18597 31.2832 -2.01442 2.32622 -40.4017 -6.04875 4.11186 -5.03532 -16.2337 -0.779096 -9.8844 12.4959 -5.82069e-16 -5.59751e-16 -1.27475e-14 
9.69874 87.2198 40.8584 7.51502 10.1192 72.7966 0 5.07867 -1.15138 2.02154 0.988415 4.90997 0 5.61661 1.07143 0.943027 0.653378 5.72555 -1.02604e-17 5.98978 0.11501 0.289338 0.506512 6.2457 -1.10457e-17 6.50583 -0.443523 -0.403069 -0.128904 6.78083 -1.97295e-17 7.60548 -1.50593 0.421845 -0.744115 6.48023 -2.53307e-17 9.49737 -0.914492 2.08553 -2.15504 5.90009 -2.90401e-17 10.5513 1.57691 -0.287623 1.55368 0.933719 -1.29193e-17 4.78644 0.715339 -3.67337 2.61617 -37.9472 -1.8116e-17 4.82109 0.421791 3.38493 -6.95447 -19.8801 -2.00958e-17 4.83041 0.765062 7.64006 -0.541927 -23.6445 1.23299 -7.60731 7.53374 15.287 -4.46007 -0.376527 12.9547 3.2495 -3.26872 -82.7938 -2.21149 -35.5963 29.2081 0.0598081 0.137039 9.86431 -18.6456 -125.134 24.234 0.0496219 0.113701 -6.59814 -34.6675 0.99588 -1.23299 -7.60729 7.53365 -13.2963 3.25855 1.51582 -12.9547 3.2495 -3.26872 57.81 20.2593 36.6974 -29.2081 0.0598081 0.137039 -11.9002 -13.7224 98.7963 -24.234 0.0496218 0.113702 1.35362 16.1679 7.16409 9.23673 -4.20556 2.0327 -19.392 -19.8138 -39.5457 -0.852353 -38.7721 -0.655187 -7.39654 26.0247 1.24799 -2.32622 -40.4017 -6.04875 -4.68225 -4.95408 15.7872 0.779096 -9.8844 12.4959 2.48481e-17 -7.95139e-16 1.2424e-17 -9.23673 -4.20556 2.0327 -18.1791 9.04417 16.172 0.852353 -38.7721 -0.655187 9.40402 31.8882 -2.11796 2.32622 -40.4017 -6.04875 5.54893 -5.35892 -16.6 -0.779096 -9.8844 12.4959 -2.05927e-16 -5.83484e-16 -1.27593e-14 
9.71836 87.1959 41.2947 7.61771 9.62235 71.8702 0 5.07867 -1.15138 2.75854 1.67368 5.59916 0 5.61661 1.07143 1.38787 1.1568 6.61926 -1.02604e-17 5.98978 0.11501 0.459642 0.995131 7.2336 -1.10457e-17 6.50583 -0.443523 -0.525108 0.238079 7.87398 -1.97295e-17 7.60548 -1.50593 0.238586 -0.451317 7.6022 -2.53307e-17 9.49737 -0.914492 2.04555 -1.94789 6.96347 -2.90401e-17 10.5513 1.57691 -0.279333 1.46813 1.18205 -1.29193e-17 4.78644 0.715339 -7.83308 -1.32637 -39.6738 -1.8116e-17 4.82109 0.421791 0.785607 -8.18411 -21.4292 -2.00958e-17 4.83041 0.765062 7.76273 4.69931 -27.6629 1.23299 -7.60731 7.53374 12.3954 -3.54795 -2.61273 12.9547 3.2495 -3.26872 -77.0066 5.32088 -36.8459 29.2081 0.0598081 0.137039 9.93972 -18.5417 -124.502 24.234 0.0496219 0.113701 -6.4806 -33.3437 3.07834 -1.23299 -7.60729 7.53365 -6.0789 4.78869 5.37997 -12.9547 3.2495 -3.26872 51.2962 14.4736 31.2114 -29.2081 0.0598081 0.137039 -12.0332 -11.8728 89.8187 -24.234 0.0496218 0.113702 -4.54482 14.4355 9.03527 9.23673 -4.20556 2.0327 -18.684 -19.7539 -39.8064 -0.852353 -38.7721 -0.655187 -7.52082 26.4066 1.29618 -2.32622 -40.4017 -6.04875 -4.4767 -5.66288 15.8722 0.779096 -9.8844 12.4959 2.48481e-17 -7.95139e-16 1.2424e-17 -9.23673 -4.20556 2.0327 -17.8985 8.69541 15.6106 0.852353 -38.7721 -0.655187 9.58919 32.3958 -2.20752 2.32622 -40.4017 -6.04875 5.38707 -5.32399 -16.7342 -0.779096 -9.8844 12.4959 -1.37007e-15 -5.35127e-16 -1.27107e-14 
9.684 87.1544 41.8348 7.64174 8.96418 70.668 0 5.07867 -1.15138 2.83582 1.59962 5.63085 0 5.61661 1.07143 1.49036 1.09579 6.61299 -1.02604e-17 5.98978 0.11501 0.551568 1.05342 7.17113 -1.10457e-17 6.50583 -0.443523 -0.476484 0.467842 7.79118 -1.97295e-17 7.60548 -1.50593 0.224593 -0.0688788 7.56216 -2.53307e-17 9.49737 -0.914492 1.95816 -1.42603 6.9049 -2.90401e-17 10.5513 1.57691 -0.259344 1.4817 1.16109 -1.29193e-17 4.78644 0.715339 -8.66722 -2.68455 -39.0255 -1.8116e-17 4.82109 0.421791 0.783861 -7.87323 -21.1877 -2.00958e-17 4.83041 0.765062 7.91217 5.54601 -28.4982 1.23299 -7.60731 7.53374 10.4414 -2.55236 -1.99814 12.9547 3.2495 -3.26872 -68.8129 12.8284 -34.5611 29.2081 0.0598081 0.137039 10.0281 -18.4166 -123.749 24.234 0.0496219 0.113701 -4.34806 -29.4529 4.30851 -1.23299 -7.60729 7.53365 -5.58578 4.48903 4.63491 -12.9547 3.2495 -3.26872 50.3592 11.6784 30.4568 -29.2081 0.0598081 0.137039 -11.9174 -10.3277 82.366 -24.234 0.0496218 0.113702 -4.35617 7.71808 10.4735 9.23673 -4.20556 2.0327 -17.8565 -19.7919 -39.7488 -0.852353 -38.7721 -0.655187 -7.71027 26.9841 1.37115 -2.32622 -40.4017 -6.04875 -2.08313 -5.88112 15.8283 0.779096 -9.8844 12.4959 2.48481e-17 -7.95139e-16 1.2424e-17 -9.23673 -4.20556 2.0327 -17.4935 7.49255 14.7448 0.852353 -38.7721 -0.655187 10.1452 33.8861 -2.48518 2.32622 -40.4017 -6.04875 4.64262 -4.0383 -16.5745 -0.779096 -9.8844 12.4959 1.3415e-15 -6.44041e-16 -1.28318e-14 
9.58514 87.0838 42.5113 7.51111 8.18569 69.0336 0 5.07867 -1.15138 2.99714 1.53888 5.36959 0 5.61661 1.07143 1.71011 1.10979 6.31171 -1.02604e-17 5.98978 0.11501 0.786792 1.20998 6.82077 -1.10457e-17 6.50583 -0.443523 -0.250253 0.939005 7.40697 -1.97295e-17 7.60548 -1.50593 0.316095 0.618878 7.23822 -2.53307e-17 9.49737 -0.914492 1.88995 -0.505432 6.63012 -2.90401e-17 10.5513 1.57691 -0.273392 1.29273 1.16488 -1.29193e-17 4.78644 0.715339 -9.72318 -4.23162 -38.1352 -1.8116e-17 4.82109 0.421791 0.732283 -6.97367 -20.4392 -2.00958e-17 4.83041 0.765062 8.82099 5.25565 -28.0876 1.23299 -7.60731 7.53374 8.89413 -2.01123 -1.53764 12.9547 3.2495 -3.26872 -62.3754 17.5334 -31.2087 29.2081 0.0598081 0.137039 10.1452 -18.2451 -122.726 24.234 0.0496219 0.113701 -2.24888 -26.2335 5.36551 -1.23299 -7.60729 7.53365 -1.6189 4.67504 5.76889 -12.9547 3.2495 -3.26872 53.1848 9.89315 24.6834 -29.2081 0.0598081 0.137039 -11.9102 -10.2773 82.1219 -24.234 0.0496218 0.113702 -1.37683 9.2076 10.2395 9.23673 -4.20556 2.0327 -16.3708 -19.7086 -39.2229 -0.852353 -38.7721 -0.655187 -7.7785 27.1907 1.39858 -2.32622 -40.4017 -6.04875 -0.48499 -6.82877 15.8124 0.779096 -9.8844 12.4959 2.48481e-17 -7.95139e-16 1.2424e-17 -9.23673 -4.20556 2.0327 -17.0402 5.39309 13.8731 0.852353 -38.7721 -0.655187 11.0632 36.2367 -2.97107 2.32622 -40.4017 -6.04875 4.40429 -1.95374 -16.4029 -0.779096 -9.8844 12.4959 -1.73192e-15 -5.11841e-16 -1.26998e-14 
9.43281 87.0081 43.3006 7.38133 7.36286 66.9478 0 5.07867 -1.15138 2.72214 1.7068 5.19384 0 5.61661 1.07143 1.55476 1.21966 6.06568 -1.02604e-17 5.98978 0.11501 0.757092 1.25621 6.55371 -1.10457e-17 6.50583 -0.443523 -0.130822 0.874132 7.11252 -1.97295e-17 7.60548 -1.50593 0.502232 0.51391 6.97754 -2.53307e-17 9.49737 -0.914492 2.09074 -0.593431 6.34962 -2.90401e-17 10.5513 1.57691 -0.197723 1.27873 1.12195 -1.29193e-17 4.78644 0.715339 -9.5529 -4.58474 -37.1898 -1.8116e-17 4.82109 0.421791 2.08309 -6.4308 -19.6077 -2.00958e-17 4.83041 0.765062 7.99168 4.64771 -27.2242 1.23299 -7.60731 7.53374 9.80188 -1.31619 -0.976908 12.9547 3.2495 -3.26872 -61.0352 23.355 -26.0138 29.2081 0.0598081 0.137039 10.3872 -17.867 -120.518 24.234 0.0496219 0.113701 -1.92933 -21.3687 4.99318 -1.23299 -7.60729 7.53365 -0.881797 4.71035 5.86986 -12.9547 3.2495 -3.26872 55.9033 10.2008 22.5013 -29.2081 0.0598081 0.137039 -11.9365 -10.4684 83.0472 -24.234 0.0496218 0.113702 1.33926 7.70669 4.30829 9.23673 -4.20556 2.0327 -14.5475 -19.7111 -38.3936 -0.852353 -38.7721 -0.655187 -7.85431 27.4193 1.42934 -2.32622 -40.4017 -6.04875 -0.29775 -8.24401 15.918 0.779096 -9.8844 12.4959 -3.65579e-16 -8.07339e-16 2.46249e-17 -9.23673 -4.20556 2.0327 -16.5226 3.22297 13.9044 0.852353 -38.7721 -0.655187 11.9878 38.4678 -3.49253 2.32622 -40.4017 -6.04875 5.61128 -0.257536 -16.4238 -0.779096 -9.8844 12.4959 -1.00821e-15 -5.45988e-16 -1.27218e-14 
9.24555 86.9268 44.1446 7.29301 6.57174 64.6454 0 5.07867 -1.15138 2.06344 2.0714 4.97507 0 5.61661 1.07143 1.07788 1.35809 5.71613 -1.02604e-17 5.98978 0.11501 0.473355 1.19618 6.14837 -1.10457e-17 6.50583 -0.443523 -0.167256 0.414096 6.6476 -1.97295e-17 7.60548 -1.50593 0.592263 -0.0545535 6.53048 -2.53307e-17 9.49737 -0.914492 2.19839 -1.27825 5.87229 -2.90401e-17 10.5513 1.57691 -0.146653 1.44581 1.00722 -1.29193e-17 4.78644 0.715339 -7.74458 -2.85102 -36.0582 -1.8116e-17 4.82109 0.421791 3.26458 -5.92258 -18.6942 -2.00958e-17 4.83041 0.765062 8.34452 3.25553 -25.3162 1.23299 -7.60731 7.53374 11.8853 -0.479118 -0.0419538 12.9547 3.2495 -3.26872 -62.5745 28.0277 -20.2656 29.2081 0.0598081 0.137039 10.7348 -17.2565 -117.063 24.234 0.0496219 0.113701 -2.55206 -15.0129 4.95945 -1.23299 -7.60729 7.53365 -2.57725 4.48317 4.52055 -12.9547 3.2495 -3.26872 59.0695 12.9433 23.8763 -29.2081 0.0598081 0.137039 -11.7086 -9.2288 77.0097 -24.234 0.0496218 0.113702 1.82232 3.69 2.6408 9.23673 -4.20556 2.0327 -12.6104 -19.6138 -36.8709 -0.852353 -38.7721 -0.655187 -7.94074 27.6789 1.46475 -2.32622 -40.4017 -6.04875 0.20224 -9.39703 16.0056 0.779096 -9.8844 12.4959 1.18899e-15 -7.46558e-16 -3.61561e-17 -9.23673 -4.20556 2.0327 -15.9457 1.20184 14.5251 0.852353 -38.7721 -0.655187 12.8615 40.4545 -4.01251 2.32622 -40.4017 -6.04875 7.1539 1.3075 -16.4384 -0.779096 -9.8844 12.4959 -6.03496e-16 -5.58859e-16 -1.27466e-14 
9.04645 86.8373 45.0278 7.04255 5.92378 62.3086 0 5.07867 -1.15138 1.20354 2.54587 4.66663 0 5.61661 1.07143 0.478872 1.52739 5.2278 -1.02604e-17 5.98978 0.11501 0.123837 1.07937 5.57506 -1.10457e-17 6.50583 -0.443523 -0.20171 -0.31439 5.98078 -1.97295e-17 7.60548 -1.50593 0.695232 -0.906633 5.85658 -2.53307e-17 9.49737 -0.914492 2.27199 -2.31486 5.14946 -2.90401e-17 10.5513 1.57691 -0.104103 1.64857 0.830902 -1.29193e-17 4.78644 0.715339 -4.87728 0.188639 -34.4355 -1.8116e-17 4.82109 0.421791 4.59295 -5.42006 -17.5209 -2.00958e-17 4.83041 0.765062 8.52269 0.929341 -22.6369 1.23299 -7.60731 7.53374 15.3625 0.513525 1.26029 12.9547 3.2495 -3.26872 -68.1311 31.5409 -13.0978 29.2081 0.0598081 0.137039 11.1189 -16.4528 -112.69 24.234 0.0496219 0.113701 -3.46932 -6.44476 4.54106 -1.23299 -7.60729 7.53365 -7.25297 3.95588 2.14776 -12.9547 3.2495 -3.26872 63.9219 16.562 27.5369 -29.2081 0.0598081 0.137039 -10.9828 -7.10088 66.2681 -24.234 0.0496218 0.113702 3.20352 -0.981247 4.24245 9.23673 -4.20556 2.0327 -10.6259 -19.5396 -35.055 -0.852353 -38.7721 -0.655187 -7.99151 27.8308 1.48573 -2.32622 -40.4017 -6.04875 0.877519 -10.4714 16.076 0.779096 -9.8844 12.4959 1.60798e-15 -7.33242e-16 -4.9473e-17 -9.23673 -4.20556 2.0327 -15.3655 -0.82568 15.0053 0.852353 -38.7721 -0.655187 13.671 42.1938 -4.51604 2.32622 -40.4017 -6.04875 8.13754 2.84688 -16.3705 -0.779096 -9.8844 12.4959 1.845e-16 -5.95684e-16 -1.27715e-14 
8.79865 86.7836 45.8937 6.85154 5.33662 59.8592 0 5.07867 -1.15138 0.944452 2.87075 4.2599 0 5.61661 1.07143 0.393504 1.73193 4.74244 -1.02604e-17 5.98978 0.11501 0.160396 1.2179 5.04444 -1.10457e-17 6.50583 -0.443523 -0.0127939 -0.334004 5.39163 -1.97295e-17 7.60548 -1.50593 0.852765 -0.870341 5.27381 -2.53307e-17 9.49737 -0.914492 2.29794 -2.21991 4.5543 -2.90401e-17 10.5513 1.57691 -0.11306 1.53845 0.783404 -1.29193e-17 4.78644 0.715339 -3.96099 1.14359 -33.0235 -1.8116e-17 4.82109 0.421791 4.86352 -4.90307 -16.5007 -2.00958e-17 4.83041 0.765062 8.85122 -0.824336 -20.1181 1.23299 -7.60731 7.53374 16.7625 1.02568 1.64614 12.9547 3.2495 -3.26872 -72.0766 32.1717 -7.966 29.2081 0.0598081 0.137039 11.4816 -15.4882 -107.644 24.234 0.0496219 0.113701 -3.55856 1.50508 4.11966 -1.23299 -7.60729 7.53365 -5.53325 4.07255 2.56509 -12.9547 3.2495 -3.26872 68.9628 16.9358 24.6007 -29.2081 0.0598081 0.137039 -10.2256 -5.67772 58.585 -24.234 0.0496218 0.113702 3.7823 3.27609 7.46751 9.23673 -4.20556 2.0327 -8.53266 -18.8829 -33.3043 -0.852353 -38.7721 -0.655187 -7.79571 27.2427 1.40554 -2.32622 -40.4017 -6.04875 1.37727 -11.7866 16.1872 0.779096 -9.8844 12.4959 -3.3701e-16 -8.06224e-16 2.35089e-17 -9.23673 -4.20556 2.0327 -14.9818 -2.48999 15.0613 0.852353 -38.7721 -0.655187 14.2999 43.4804 -4.92063 2.32622 -40.4017 -6.04875 8.32268 3.81771 -16.2674 -0.779096 -9.8844 12.4959 -2.14378e-15 -4.98747e-16 -1.26743e-14 
8.50245 86.7875 46.6413 6.69619 4.6618 57.3127 0 5.07867 -1.15138 0.746708 2.98818 3.9419 0 5.61661 1.07143 0.321061 1.83503 4.38506 -1.02604e-17 5.98978 0.11501 0.18415 1.30637 4.68028 -1.10457e-17 6.50583 -0.443523 0.128469 -0.285306 4.99519 -1.97295e-17 7.60548 -1.50593 0.991876 -0.782039 4.88459 -2.53307e-17 9.49737 -0.914492 2.37436 -2.0953 4.12509 -2.90401e-17 10.5513 1.57691 -0.0679493 1.43273 0.740375 -1.29193e-17 4.78644 0.715339 -3.35493 1.60319 -31.4863 -1.8116e-17 4.82109 0.421791 5.68346 -4.46355 -15.5077 -2.00958e-17 4.83041 0.765062 8.04174 -2.05672 -18.5313 1.23299 -7.60731 7.53374 18.2233 1.50895 1.81777 12.9547 3.2495 -3.26872 -76.4535 32.5752 -3.57088 29.2081 0.0598081 0.137039 11.7816 -14.3692 -101.992 24.234 0.0496219 0.113701 -4.14731 9.68604 3.65969 -1.23299 -7.60729 7.53365 -4.72801 3.99137 2.43395 -12.9547 3.2495 -3.26872 71.5605 17.6029 22.0942 -29.2081 0.0598081 0.137039 -9.88887 -5.16484 55.6626 -24.234 0.0496218 0.113702 4.45961 4.73794 5.49213 9.23673 -4.20556 2.0327 -6.42525 -18.1803 -31.5451 -0.852353 -38.7721 -0.655187 -7.58752 26.6106 1.32237 -2.32622 -40.4017 -6.04875 0.946453 -12.9608 16.2967 0.779096 -9.8844 12.4959 4.08133e-16 -7.83161e-16 4.46392e-19 -9.23673 -4.20556 2.0327 -14.9101 -4.03946 14.7505 0.852353 -38.7721 -0.655187 14.9228 44.701 -5.33212 2.32622 -40.4017 -6.04875 8.29904 3.67811 -16.0957 -0.779096 -9.8844 12.4959 -2.57706e-15 -4.84761e-16 -1.26603e-14 
8.25105 86.8756 47.1976 6.6698 3.96867 55.0469 0 5.07867 -1.15138 0.66384 3.58192 3.84273 0 5.61661 1.07143 0.276467 2.24029 4.27697 -1.02604e-17 5.98978 0.11501 0.164631 1.5831 4.57984 -1.10457e-17 6.50583 -0.443523 0.162871 -0.305436 4.88645 -1.97295e-17 7.60548 -1.50593 1.03365 -0.935783 4.79863 -2.53307e-17 9.49737 -0.914492 2.39362 -2.29243 3.99806 -2.90401e-17 10.5513 1.57691 -0.0259743 1.38544 0.759272 -1.29193e-17 4.78644 0.715339 -3.89237 0.812256 -30.7726 -1.8116e-17 4.82109 0.421791 5.31335 -4.40885 -15.0381 -2.00958e-17 4.83041 0.765062 7.97978 -1.3793 -17.9882 1.23299 -7.60731 7.53374 18.7728 2.10776 0.950603 12.9547 3.2495 -3.26872 -78.9792 33.0294 -1.46861 29.2081 0.0598081 0.137039 11.9733 -13.1532 -96.0133 24.234 0.0496219 0.113701 -4.76737 15.9629 3.65879 -1.23299 -7.60729 7.53365 -1.85232 4.66341 3.70129 -12.9547 3.2495 -3.26872 71.1609 15.8438 21.0073 -29.2081 0.0598081 0.137039 -9.13768 -4.19135 49.8006 -24.234 0.0496218 0.113702 2.97329 5.47074 5.32 9.23673 -4.20556 2.0327 -4.53036 -17.2609 -29.8136 -0.852353 -38.7721 -0.655187 -7.36104 25.9152 1.23437 -2.32622 -40.4017 -6.04875 -0.335829 -13.7675 16.3656 0.779096 -9.8844 12.4959 1.59368e-15 -7.33912e-16 -4.88028e-17 -9.23673 -4.20556 2.0327 -15.3302 -6.00769 14.4266 0.852353 -38.7721 -0.655187 15.7549 46.2521 -5.89754 2.32622 -40.4017 -6.04875 8.5618 2.16507 -15.9047 -0.779096 -9.8844 12.4959 5.39179e-16 -6.18745e-16 -1.27943e-14 
8.0664 87.0407 47.6864 6.47447 3.39165 52.8864 0 5.07867 -1.15138 0.359171 3.8725 3.67669 0 5.61661 1.07143 0.0699343 2.41356 4.06775 -1.02604e-17 5.98978 0.11501 0.0424691 1.6429 4.36087 -1.10457e-17 6.50583 -0.443523 0.148941 -0.507817 4.64208 -1.97295e-17 7.60548 -1.50593 1.06538 -1.22004 4.55976 -2.53307e-17 9.49737 -0.914492 2.41391 -2.68769 3.71931 -2.90401e-17 10.5513 1.57691 0.0251585 1.40965 0.706322 -1.29193e-17 4.78644 0.715339 -3.21101 1.46312 -29.8883 -1.8116e-17 4.82109 0.421791 5.70152 -4.33632 -14.5013 -2.00958e-17 4.83041 0.765062 7.44257 -1.54806 -16.6462 1.23299 -7.60731 7.53374 19.9514 2.72477 0.898002 12.9547 3.2495 -3.26872 -83.0295 34.1052 1.00028 29.2081 0.0598081 0.137039 12.0332 -11.8599 -89.756 24.234 0.0496219 0.113701 -5.30882 20.5332 4.43194 -1.23299 -7.60729 7.53365 -2.91463 4.61764 3.09579 -12.9547 3.2495 -3.26872 72.8568 16.6395 21.8298 -29.2081 0.0598081 0.137039 -8.30438 -3.31161 44.0168 -24.234 0.0496218 0.113702 2.66635 3.79188 4.5435 9.23673 -4.20556 2.0327 -2.85648 -16.5696 -27.8103 -0.852353 -38.7721 -0.655187 -7.18023 25.3542 1.16599 -2.32622 -40.4017 -6.04875 -0.558422 -13.9284 16.4219 0.779096 -9.8844 12.4959 -1.11783e-15 -8.42825e-16 6.01101e-17 -9.23673 -4.20556 2.0327 -15.9922 -7.93346 13.9758 0.852353 -38.7721 -0.655187 15.9205 46.5502 -6.01204 2.32622 -40.4017 -6.04875 8.09219 0.036971 -15.6867 -0.779096 -9.8844 12.4959 -5.74913e-16 -5.60199e-16 -1.2748e-14 
7.9108 87.1978 48.1471 6.11522 2.95499 50.8287 0 5.07867 -1.15138 0.688471 2.95911 2.59668 0 5.61661 1.07143 0.505494 1.92743 2.94043 -1.02604e-17 5.98978 0.11501 0.469597 1.50277 3.21444 -1.10457e-17 6.50583 -0.443523 0.519955 0.153861 3.44748 -1.97295e-17 7.60548 -1.50593 1.12897 -0.163778 3.34066 -2.53307e-17 9.49737 -0.914492 2.07452 -1.15069 2.60714 -2.90401e-17 10.5513 1.57691 -0.0607931 1.14804 0.656028 -1.29193e-17 4.78644 0.715339 -1.93231 3.12613 -27.8981 -1.8116e-17 4.82109 0.421791 5.53833 -4.1428 -13.3693 -2.00958e-17 4.83041 0.765062 7.80033 -3.94653 -11.199 1.23299 -7.60731 7.53374 17.7216 2.59135 2.19961 12.9547 3.2495 -3.26872 -82.3967 32.2648 4.01284 29.2081 0.0598081 0.137039 11.8982 -10.1966 -81.7309 24.234 0.0496219 0.113701 -3.43696 18.5956 3.01655 -1.23299 -7.60729 7.53365 1.25267 4.18378 2.14554 -12.9547 3.2495 -3.26872 74.1 20.2861 10.5573 -29.2081 0.0598081 0.137039 -8.26792 -3.27693 43.7764 -24.234 0.0496218 0.113702 -0.0778006 7.30008 11.5767 9.23673 -4.20556 2.0327 -1.53907 -15.9706 -26.3609 -0.852353 -38.7721 -0.655187 -7.03646 24.9044 1.11283 -2.32622 -40.4017 -6.04875 0.757435 -13.5394 16.475 0.779096 -9.8844 12.4959 7.84252e-16 -7.5943e-16 -2.32847e-17 -9.23673 -4.20556 2.0327 -16.2891 -9.24398 14.209 0.852353 -38.7721 -0.655187 15.1535 45.14 -5.48712 2.32622 -40.4017 -6.04875 5.60951 -2.85363 -15.6001 -0.779096 -9.8844 12.4959 -2.05932e-16 -5.83483e-16 -1.27593e-14 
7.75112 87.3594 48.5587 5.74164 2.5389 48.8569 0 5.07867 -1.15138 0.821294 3.53892 2.15128 0 5.61661 1.07143 0.661442 2.45279 2.46907 -1.02604e-17 5.98978 0.11501 0.609085 1.98411 2.73268 -1.10457e-17 6.50583 -0.443523 0.632066 0.597233 2.9471 -1.97295e-17 7.60548 -1.50593 1.12166 0.153774 2.84926 -2.53307e-17 9.49737 -0.914492 1.87209 -0.610359 2.12225 -2.90401e-17 10.5513 1.57691 -0.0431393 0.98908 0.663395 -1.29193e-17 4.78644 0.715339 -3.41842 0.0897834 -24.5439 -1.8116e-17 4.82109 0.421791 5.17405 -3.73567 -11.7119 -2.00958e-17 4.83041 0.765062 7.89264 -3.6713 -12.3797 1.23299 -7.60731 7.53374 15.6446 3.19044 1.71216 12.9547 3.2495 -3.26872 -81.0607 31.1238 5.68594 29.2081 0.0598081 0.137039 11.6935 -9.16609 -76.7014 24.234 0.0496219 0.113701 -2.07211 14.786 1.71091 -1.23299 -7.60729 7.53365 5.67263 4.78176 3.88019 -12.9547 3.2495 -3.26872 67.7844 14.0832 5.67128 -29.2081 0.0598081 0.137039 -8.92295 -3.94726 48.2502 -24.234 0.0496218 0.113702 4.44959 6.9484 11.1832 9.23673 -4.20556 2.0327 0.025046 -15.0013 -25.9003 -0.852353 -38.7721 -0.655187 -6.65287 23.6889 0.976316 -2.32622 -40.4017 -6.04875 -2.00014 -14.7534 16.578 0.779096 -9.8844 12.4959 -3.5128e-16 -8.06669e-16 2.39547e-17 -9.23673 -4.20556 2.0327 -16.9457 -10.5002 13.9055 0.852353 -38.7721 -0.655187 13.913 42.6956 -4.67041 2.32622 -40.4017 -6.04875 6.04671 -4.86013 -15.7031 -0.779096 -9.8844 12.4959 -5.89207e-16 -5.59529e-16 -1.27473e-14 
7.58652 87.5074 48.9093 5.3599 2.19751 46.9407 0 5.07867 -1.15138 0.817393 3.5953 1.93481 0 5.61661 1.07143 0.687446 2.5732 2.23849 -1.02604e-17 5.98978 0.11501 0.650375 2.12238 2.50829 -1.10457e-17 6.50583 -0.443523 0.67751 0.777648 2.72811 -1.97295e-17 7.60548 -1.50593 1.14742 0.334376 2.62708 -2.53307e-17 9.49737 -0.914492 1.84936 -0.346821 1.90352 -2.90401e-17 10.5513 1.57691 -0.0337005 0.903271 0.654559 -1.29193e-17 4.78644 0.715339 -4.06752 -1.77165 -23.8327 -1.8116e-17 4.82109 0.421791 5.38366 -3.58134 -11.3699 -2.00958e-17 4.83041 0.765062 7.28671 -2.57887 -11.1858 1.23299 -7.60731 7.53374 13.377 3.53555 1.10474 12.9547 3.2495 -3.26872 -81.2469 31.8679 4.79959 29.2081 0.0598081 0.137039 11.2566 -7.7619 -69.6782 24.234 0.0496219 0.113701 -1.20761 11.6637 2.19986 -1.23299 -7.60729 7.53365 7.98778 5.32345 4.91619 -12.9547 3.2495 -3.26872 65.9794 16.0397 4.62879 -29.2081 0.0598081 0.137039 -9.33658 -4.42973 51.2805 -24.234 0.0496218 0.113702 1.71886 3.37222 6.30027 9.23673 -4.20556 2.0327 1.39871 -14.6299 -24.1112 -0.852353 -38.7721 -0.655187 -6.53879 23.323 0.937228 -2.32622 -40.4017 -6.04875 -2.1317 -14.7113 16.6038 0.779096 -9.8844 12.4959 -1.15357e-15 -8.44165e-16 6.14502e-17 -9.23673 -4.20556 2.0327 -17.5421 -11.5625 13.6377 0.852353 -38.7721 -0.655187 12.4041 39.429 -3.73714 2.32622 -40.4017 -6.04875 5.97707 -7.49641 -15.7925 -0.779096 -9.8844 12.4959 -5.96354e-16 -5.59082e-16 -1.27471e-14 
7.40016 87.6222 49.2393 5.02481 1.93471 45.071 0 5.07867 -1.15138 0.619356 3.64027 1.89856 0 5.61661 1.07143 0.507852 2.64692 2.17354 -1.02604e-17 5.98978 0.11501 0.507915 2.23773 2.44217 -1.10457e-17 6.50583 -0.443523 0.574075 0.982651 2.66415 -1.97295e-17 7.60548 -1.50593 1.09448 0.504115 2.5877 -2.53307e-17 9.49737 -0.914492 1.83828 -0.169957 1.85227 -2.90401e-17 10.5513 1.57691 0.0105849 0.88674 0.638916 -1.29193e-17 4.78644 0.715339 -4.71531 -3.86787 -23.1644 -1.8116e-17 4.82109 0.421791 5.34091 -3.67087 -11.0346 -2.00958e-17 4.83041 0.765062 7.36869 -0.955491 -11.0216 1.23299 -7.60731 7.53374 11.4683 3.76299 0.71741 12.9547 3.2495 -3.26872 -80.3496 33.5126 2.63862 29.2081 0.0598081 0.137039 10.7326 -6.57774 -63.5058 24.234 0.0496219 0.113701 -0.882073 7.70998 3.49335 -1.23299 -7.60729 7.53365 9.1364 5.64134 5.58068 -12.9547 3.2495 -3.26872 64.4568 14.5245 7.20405 -29.2081 0.0598081 0.137039 -9.121 -4.17185 49.6782 -24.234 0.0496218 0.113702 1.01844 0.974151 3.96398 9.23673 -4.20556 2.0327 2.49434 -14.2588 -22.8321 -0.852353 -38.7721 -0.655187 -6.44841 23.0318 0.906763 -2.32622 -40.4017 -6.04875 -2.64658 -14.7372 16.6758 0.779096 -9.8844 12.4959 -3.87015e-16 -8.08233e-16 2.55181e-17 -9.23673 -4.20556 2.0327 -18.1155 -12.1526 13.8574 0.852353 -38.7721 -0.655187 10.6164 35.1097 -2.73045 2.32622 -40.4017 -6.04875 7.04442 -10.9527 -15.9085 -0.779096 -9.8844 12.4959 -2.05932e-16 -5.83483e-16 -1.27593e-14 
7.25299 87.7155 49.5558 4.78836 1.79047 43.2572 0 5.07867 -1.15138 0.642486 3.34818 1.61984 0 5.61661 1.07143 0.547332 2.5241 1.8916 -1.02604e-17 5.98978 0.11501 0.552572 2.28451 2.16669 -1.10457e-17 6.50583 -0.443523 0.609408 1.37608 2.38581 -1.97295e-17 7.60548 -1.50593 1.08112 0.987072 2.30293 -2.53307e-17 9.49737 -0.914492 1.74447 0.456181 1.58232 -2.90401e-17 10.5513 1.57691 0.0260617 0.827805 0.613084 -1.29193e-17 4.78644 0.715339 -4.52693 -3.87639 -22.8551 -1.8116e-17 4.82109 0.421791 5.3816 -4.1667 -10.9295 -2.00958e-17 4.83041 0.765062 7.4701 -1.31395 -8.34935 1.23299 -7.60731 7.53374 9.75805 3.61884 1.02185 12.9547 3.2495 -3.26872 -78.875 35.7657 0.297934 29.2081 0.0598081 0.137039 9.8012 -5.04012 -54.9368 24.234 0.0496219 0.113701 0.139699 1.63053 1.78413 -1.23299 -7.60729 7.53365 10.3869 5.54091 5.43161 -12.9547 3.2495 -3.26872 62.4545 14.4566 6.64134 -29.2081 0.0598081 0.137039 -8.78365 -3.79575 47.2685 -24.234 0.0496218 0.113702 -0.210495 -1.03323 6.34785 9.23673 -4.20556 2.0327 3.42966 -13.8928 -21.3613 -0.852353 -38.7721 -0.655187 -6.40984 22.9072 0.893897 -2.32622 -40.4017 -6.04875 -2.52216 -14.4545 16.6767 0.779096 -9.8844 12.4959 1.77011e-17 -7.95362e-16 1.26474e-17 -9.23673 -4.20556 2.0327 -18.7425 -12.2734 13.6673 0.852353 -38.7721 -0.655187 8.63279 29.7133 -1.76131 2.32622 -40.4017 -6.04875 6.60817 -13.5963 -16.1944 -0.779096 -9.8844 12.4959 -9.79629e-16 -5.47328e-16 -1.27229e-14 
7.17953 87.789 49.8917 4.57821 1.84792 41.6778 0 5.07867 -1.15138 0.48496 3.36129 1.42423 0 5.61661 1.07143 0.44151 2.60859 1.6658 -1.02604e-17 5.98978 0.11501 0.486582 2.45665 1.9316 -1.10457e-17 6.50583 -0.443523 0.579895 1.71795 2.13843 -1.97295e-17 7.60548 -1.50593 1.05266 1.3241 2.0627 -2.53307e-17 9.49737 -0.914492 1.68478 0.878789 1.34595 -2.90401e-17 10.5513 1.57691 0.0697215 0.754182 0.577293 -1.29193e-17 4.78644 0.715339 -4.48284 -4.99309 -20.8695 -1.8116e-17 4.82109 0.421791 5.25889 -4.4017 -9.95634 -2.00958e-17 4.83041 0.765062 7.50709 -1.78691 -8.69012 1.23299 -7.60731 7.53374 8.6424 3.70184 0.924633 12.9547 3.2495 -3.26872 -77.4534 38.3261 -1.61605 29.2081 0.0598081 0.137039 9.09187 -4.1382 -49.4666 24.234 0.0496219 0.113701 0.65245 -4.73552 1.43695 -1.23299 -7.60729 7.53365 10.8365 5.48413 5.88772 -12.9547 3.2495 -3.26872 60.5567 11.4502 7.69949 -29.2081 0.0598081 0.137039 -8.73613 -3.74523 46.9375 -24.234 0.0496218 0.113702 1.00593 -2.33143 6.08475 9.23673 -4.20556 2.0327 4.10179 -13.3487 -20.7133 -0.852353 -38.7721 -0.655187 -6.22159 22.2957 0.832266 -2.32622 -40.4017 -6.04875 -3.25718 -14.7417 16.7609 0.779096 -9.8844 12.4959 4.1527e-16 -7.82938e-16 2.23344e-19 -9.23673 -4.20556 2.0327 -19.7314 -12.3435 12.849 0.852353 -38.7721 -0.655187 6.69231 23.8149 -0.989989 2.32622 -40.4017 -6.04875 8.88587 -14.1821 -16.2643 -0.779096 -9.8844 12.4959 -9.93923e-16 -5.46658e-16 -1.27222e-14 
7.18947 87.817 50.2633 4.36266 2.08647 40.3697 0 5.07867 -1.15138 0.350969 3.15553 1.0552 0 5.61661 1.07143 0.382151 2.52684 1.26778 -1.02604e-17 5.98978 0.11501 0.469495 2.45812 1.52884 -1.10457e-17 6.50583 -0.443523 0.596551 1.89121 1.72011 -1.97295e-17 7.60548 -1.50593 1.0283 1.55308 1.63666 -2.53307e-17 9.49737 -0.914492 1.57284 1.20106 0.95501 -2.90401e-17 10.5513 1.57691 0.073369 0.712413 0.528397 -1.29193e-17 4.78644 0.715339 -4.25394 -5.37518 -19.787 -1.8116e-17 4.82109 0.421791 5.20372 -4.81239 -9.44318 -2.00958e-17 4.83041 0.765062 7.48364 -1.69386 -6.89246 1.23299 -7.60731 7.53374 7.08145 3.76507 0.87359 12.9547 3.2495 -3.26872 -76.534 40.4841 -2.984 29.2081 0.0598081 0.137039 8.31165 -3.31861 -44.0655 24.234 0.0496219 0.113701 0.862226 -10.7365 1.26164 -1.23299 -7.60729 7.53365 10.7313 5.30688 5.81958 -12.9547 3.2495 -3.26872 60.0132 12.4867 6.26338 -29.2081 0.0598081 0.137039 -8.87433 -3.89375 47.9053 -24.234 0.0496218 0.113702 -0.162767 -4.61954 6.54737 9.23673 -4.20556 2.0327 4.59506 -13.3371 -19.629 -0.852353 -38.7721 -0.655187 -6.24413 22.3692 0.839542 -2.32622 -40.4017 -6.04875 -3.2155 -14.5844 16.7036 0.779096 -9.8844 12.4959 4.22417e-16 -7.82715e-16 2.88531e-33 -9.23673 -4.20556 2.0327 -20.7966 -12.3389 11.1735 0.852353 -38.7721 -0.655187 4.91331 17.9083 -0.459129 2.32622 -40.4017 -6.04875 10.0587 -12.2553 -16.2034 -0.779096 -9.8844 12.4959 -9.93923e-16 -5.46658e-16 -1.27222e-14 
7.25372 87.8053 50.7157 4.2216 2.42581 39.3151 0 5.07867 -1.15138 0.091998 2.94994 0.732527 0 5.61661 1.07143 0.216304 2.46832 0.889184 -1.02604e-17 5.98978 0.11501 0.371939 2.52673 1.12947 -1.10457e-17 6.50583 -0.443523 0.562011 2.20731 1.30194 -1.97295e-17 7.60548 -1.50593 0.986366 1.93323 1.22679 -2.53307e-17 9.49737 -0.914492 1.47624 1.72826 0.573228 -2.90401e-17 10.5513 1.57691 0.0852938 0.656532 0.480284 -1.29193e-17 4.78644 0.715339 -4.37358 -7.22589 -18.0296 -1.8116e-17 4.82109 0.421791 5.05957 -4.9068 -8.56339 -2.00958e-17 4.83041 0.765062 7.69479 -1.1418 -6.71945 1.23299 -7.60731 7.53374 5.13381 3.86111 0.530083 12.9547 3.2495 -3.26872 -74.4632 42.2057 -4.65269 29.2081 0.0598081 0.137039 7.68754 -2.76194 -40.0693 24.234 0.0496219 0.113701 0.887816 -16.4908 1.40357 -1.23299 -7.60729 7.53365 11.1036 5.26566 6.45684 -12.9547 3.2495 -3.26872 58.398 10.6467 6.7349 -29.2081 0.0598081 0.137039 -8.98753 -4.01922 48.7112 -24.234 0.0496218 0.113702 0.54754 -6.08162 6.24024 9.23673 -4.20556 2.0327 4.88992 -13.1868 -19.2721 -0.852353 -38.7721 -0.655187 -6.20637 22.246 0.82737 -2.32622 -40.4017 -6.04875 -3.94584 -14.9225 16.7457 0.779096 -9.8844 12.4959 3.19951e-17 -7.94915e-16 1.22007e-17 -9.23673 -4.20556 2.0327 -21.8417 -12.2968 9.13723 0.852353 -38.7721 -0.655187 3.35113 12.3959 -0.146737 2.32622 -40.4017 -6.04875 12.1993 -8.19589 -16.0477 -0.779096 -9.8844 12.4959 -6.03501e-16 -5.58859e-16 -1.27466e-14 
7.34875 87.7551 51.2798 4.23473 2.85706 38.4251 0 5.07867 -1.15138 -0.124826 2.52974 0.382112 0 5.61661 1.07143 0.0845696 2.25732 0.498985 -1.02604e-17 5.98978 0.11501 0.301392 2.48031 0.729602 -1.10457e-17 6.50583 -0.443523 0.544204 2.47283 0.88866 -1.97295e-17 7.60548 -1.50593 0.951929 2.32988 0.816891 -2.53307e-17 9.49737 -0.914492 1.38062 2.27063 0.191815 -2.90401e-17 10.5513 1.57691 0.0834509 0.623628 0.431516 -1.29193e-17 4.78644 0.715339 -4.33337 -8.30437 -17.125 -1.8116e-17 4.82109 0.421791 5.13851 -5.17621 -8.12808 -2.00958e-17 4.83041 0.765062 7.60878 -0.544496 -5.31581 1.23299 -7.60731 7.53374 3.12878 3.84445 0.336223 12.9547 3.2495 -3.26872 -72.5658 43.6514 -6.69326 29.2081 0.0598081 0.137039 6.87476 -2.1427 -35.1795 24.234 0.0496219 0.113701 0.470241 -21.4144 0.779494 -1.23299 -7.60729 7.53365 10.9091 4.96873 6.4883 -12.9547 3.2495 -3.26872 57.6037 10.7944 5.9162 -29.2081 0.0598081 0.137039 -9.15031 -4.20604 49.8928 -24.234 0.0496218 0.113702 0.199404 -7.90305 6.52164 9.23673 -4.20556 2.0327 5.01165 -13.1851 -18.734 -0.852353 -38.7721 -0.655187 -6.27552 22.4714 0.849722 -2.32622 -40.4017 -6.04875 -4.2067 -15.0104 16.7473 0.779096 -9.8844 12.4959 -3.65574e-16 -8.07339e-16 2.46247e-17 -9.23673 -4.20556 2.0327 -22.7364 -12.6784 6.6213 0.852353 -38.7721 -0.655187 2.24483 8.35753 -0.0178871 2.32622 -40.4017 -6.04875 12.6848 -3.41901 -16.0229 -0.779096 -9.8844 12.4959 -2.05932e-16 -5.83483e-16 -1.27593e-14 
7.45622 87.6752 52.0158 4.37537 3.37343 37.6128 0 5.07867 -1.15138 -0.37686 2.31044 0.154947 0 5.61661 1.07143 -0.093084 2.16497 0.224572 -1.02604e-17 5.98978 0.11501 0.184406 2.49869 0.439864 -1.10457e-17 6.50583 -0.443523 0.484711 2.69384 0.58664 -1.97295e-17 7.60548 -1.50593 0.901827 2.62646 0.52919 -2.53307e-17 9.49737 -0.914492 1.3096 2.68294 -0.0763365 -2.90401e-17 10.5513 1.57691 0.0910263 0.593907 0.394679 -1.29193e-17 4.78644 0.715339 -4.48471 -10.2793 -15.9361 -1.8116e-17 4.82109 0.421791 4.98266 -5.20613 -7.52347 -2.00958e-17 4.83041 0.765062 7.53701 0.360339 -5.26167 1.23299 -7.60731 7.53374 1.19615 4.04451 -0.197593 12.9547 3.2495 -3.26872 -70.5979 44.7547 -8.59342 29.2081 0.0598081 0.137039 6.2663 -1.74563 -31.6984 24.234 0.0496219 0.113701 0.442911 -24.9638 0.653464 -1.23299 -7.60729 7.53365 11.1292 4.95217 7.0149 -12.9547 3.2495 -3.26872 56.6826 8.91787 6.49655 -29.2081 0.0598081 0.137039 -9.28156 -4.36248 50.8662 -24.234 0.0496218 0.113702 0.44185 -8.69574 5.82076 9.23673 -4.20556 2.0327 5.00767 -12.9527 -18.6096 -0.852353 -38.7721 -0.655187 -6.27487 22.4693 0.849512 -2.32622 -40.4017 -6.04875 -4.99481 -15.3515 16.793 0.779096 -9.8844 12.4959 1.77011e-17 -7.95362e-16 1.26474e-17 -9.23673 -4.20556 2.0327 -23.4822 -13.354 4.49548 0.852353 -38.7721 -0.655187 1.5158 5.65664 0.0239219 2.32622 -40.4017 -6.04875 13.6241 0.767555 -16.141 -0.779096 -9.8844 12.4959 -1.98785e-16 -5.8393e-16 -1.27595e-14 
7.57598 87.5909 52.9303 4.60315 3.80107 36.9133 0 5.07867 -1.15138 -0.360795 2.00811 -0.0729115 0 5.61661 1.07143 -0.059679 2.02526 -0.00175951 -1.02604e-17 5.98978 0.11501 0.218516 2.50722 0.211479 -1.10457e-17 6.50583 -0.443523 0.511649 2.98758 0.35361 -1.97295e-17 7.60548 -1.50593 0.880437 3.05217 0.295463 -2.53307e-17 9.49737 -0.914492 1.21523 3.2479 -0.289631 -2.90401e-17 10.5513 1.57691 0.0749104 0.546016 0.391285 -1.29193e-17 4.78644 0.715339 -5.04886 -12.4731 -15.723 -1.8116e-17 4.82109 0.421791 4.66132 -5.44836 -7.39886 -2.00958e-17 4.83041 0.765062 7.29969 1.71458 -4.31621 1.23299 -7.60731 7.53374 -0.830263 4.15306 -0.612698 12.9547 3.2495 -3.26872 -68.3163 45.5018 -11.2246 29.2081 0.0598081 0.137039 5.63935 -1.38857 -28.2379 24.234 0.0496219 0.113701 0.0162936 -26.8749 0.170914 -1.23299 -7.60729 7.53365 12.1229 5.07467 7.35846 -12.9547 3.2495 -3.26872 54.8816 7.49091 5.30521 -29.2081 0.0598081 0.137039 -9.40741 -4.51767 51.8185 -24.234 0.0496218 0.113702 0.00949608 -9.6963 6.93287 9.23673 -4.20556 2.0327 5.01789 -12.7331 -18.4133 -0.852353 -38.7721 -0.655187 -6.38041 22.8119 0.884133 -2.32622 -40.4017 -6.04875 -5.54354 -15.3934 16.8158 0.779096 -9.8844 12.4959 4.1527e-16 -7.82938e-16 2.23344e-19 -9.23673 -4.20556 2.0327 -23.9267 -14.4918 3.45873 0.852353 -38.7721 -0.655187 1.39368 5.20218 0.0275452 2.32622 -40.4017 -6.04875 13.4183 3.53655 -16.3545 -0.779096 -9.8844 12.4959 -1.98785e-16 -5.8393e-16 -1.27595e-14 
7.66311 87.5054 54.0549 4.92527 4.13052 36.2751 0 5.07867 -1.15138 -0.413226 1.89176 -0.332941 0 5.61661 1.07143 -0.085492 1.9824 -0.269939 -1.02604e-17 5.98978 0.11501 0.199279 2.5343 -0.0706527 -1.10457e-17 6.50583 -0.443523 0.495284 3.17014 0.0528943 -1.97295e-17 7.60548 -1.50593 0.807214 3.30431 -0.00774956 -2.53307e-17 9.49737 -0.914492 1.04901 3.5834 -0.555719 -2.90401e-17 10.5513 1.57691 0.0508628 0.491736 0.362972 -1.29193e-17 4.78644 0.715339 -5.14676 -13.8255 -14.8398 -1.8116e-17 4.82109 0.421791 4.30577 -5.48206 -6.96536 -2.00958e-17 4.83041 0.765062 7.24759 2.26335 -3.77719 1.23299 -7.60731 7.53374 -2.54646 4.39614 -1.06358 12.9547 3.2495 -3.26872 -66.8835 45.6428 -11.996 29.2081 0.0598081 0.137039 5.22795 -1.1805 -26.0249 24.234 0.0496219 0.113701 0.125054 -27.5711 -0.340724 -1.23299 -7.60729 7.53365 11.8472 4.87876 7.32063 -12.9547 3.2495 -3.26872 53.1838 6.47519 3.44115 -29.2081 0.0598081 0.137039 -9.73897 -4.95344 54.4278 -24.234 0.0496218 0.113702 1.27494 -11.7245 7.48079 9.23673 -4.20556 2.0327 5.08945 -12.2082 -18.3464 -0.852353 -38.7721 -0.655187 -6.44159 23.0098 0.904482 -2.32622 -40.4017 -6.04875 -6.2175 -15.3688 16.8457 0.779096 -9.8844 12.4959 -3.58418e-16 -8.07116e-16 2.44011e-17 -9.23673 -4.20556 2.0327 -24.1637 -15.7556 3.95717 0.852353 -38.7721 -0.655187 1.77501 6.61958 0.0130121 2.32622 -40.4017 -6.04875 13.3089 4.32809 -16.4704 -0.779096 -9.8844 12.4959 -1.37004e-15 -5.35128e-16 -1.27107e-14 
7.68705 87.4394 55.3943 5.34672 4.40832 35.7149 0 5.07867 -1.15138 -0.536506 1.70551 -0.441544 0 5.61661 1.07143 -0.187132 1.90797 -0.393422 -1.02604e-17 5.98978 0.11501 0.119025 2.57533 -0.20582 -1.10457e-17 6.50583 -0.443523 0.432842 3.42236 -0.0908492 -1.97295e-17 7.60548 -1.50593 0.743378 3.66397 -0.147566 -2.53307e-17 9.49737 -0.914492 0.970744 4.04415 -0.680288 -2.90401e-17 10.5513 1.57691 0.0425901 0.438756 0.338368 -1.29193e-17 4.78644 0.715339 -5.20745 -15.0588 -14.2605 -1.8116e-17 4.82109 0.421791 4.19564 -5.82237 -6.67806 -2.00958e-17 4.83041 0.765062 6.85809 2.79655 -3.65034 1.23299 -7.60731 7.53374 -3.79594 4.52739 -1.49988 12.9547 3.2495 -3.26872 -65.227 45.6281 -13.7247 29.2081 0.0598081 0.137039 4.84591 -1.00466 -24.0049 24.234 0.0496219 0.113701 0.398559 -27.228 -0.518338 -1.23299 -7.60729 7.53365 11.8358 4.67204 7.25953 -12.9547 3.2495 -3.26872 53.0678 5.96587 3.33194 -29.2081 0.0598081 0.137039 -9.96314 -5.27305 56.2874 -24.234 0.0496218 0.113702 0.588781 -12.7154 6.73854 9.23673 -4.20556 2.0327 5.23492 -11.5609 -18.1689 -0.852353 -38.7721 -0.655187 -6.50361 23.2098 0.925317 -2.32622 -40.4017 -6.04875 -7.25972 -15.139 16.9279 0.779096 -9.8844 12.4959 1.76963e-17 -7.95362e-16 1.26475e-17 -9.23673 -4.20556 2.0327 -24.3455 -17.1853 4.48828 0.852353 -38.7721 -0.655187 2.49359 9.273 -0.0400298 2.32622 -40.4017 -6.04875 12.4081 3.15598 -16.275 -0.779096 -9.8844 12.4959 -6.10657e-16 -5.58635e-16 -1.27464e-14 
7.59612 87.4112 56.8427 5.65132 4.98613 35.2132 0 5.07867 -1.15138 -0.640165 1.50638 -0.45034 0 5.61661 1.07143 -0.287083 1.81073 -0.418417 -1.02604e-17 5.98978 0.11501 0.0307891 2.57063 -0.238068 -1.10457e-17 6.50583 -0.443523 0.354684 3.58854 -0.128921 -1.97295e-17 7.60548 -1.50593 0.676181 3.92751 -0.175918 -2.53307e-17 9.49737 -0.914492 0.917345 4.36714 -0.695344 -2.90401e-17 10.5513 1.57691 0.0445238 0.408119 0.324084 -1.29193e-17 4.78644 0.715339 -5.32787 -16.2829 -13.9472 -1.8116e-17 4.82109 0.421791 4.0214 -6.05843 -6.50072 -2.00958e-17 4.83041 0.765062 6.34551 3.17219 -3.74862 1.23299 -7.60731 7.53374 -4.66281 4.62796 -1.82109 12.9547 3.2495 -3.26872 -64.3221 45.6172 -15.3146 29.2081 0.0598081 0.137039 4.58313 -0.893013 -22.633 24.234 0.0496219 0.113701 1.19235 -26.3262 -0.368259 -1.23299 -7.60729 7.53365 11.7494 4.50984 7.16987 -12.9547 3.2495 -3.26872 53.7209 4.81864 4.36081 -29.2081 0.0598081 0.137039 -10.0072 -5.33848 56.6631 -24.234 0.0496218 0.113702 -0.198287 -12.747 6.21542 9.23673 -4.20556 2.0327 5.40411 -11.4174 -17.6692 -0.852353 -38.7721 -0.655187 -6.63626 23.6357 0.97058 -2.32622 -40.4017 -6.04875 -8.19025 -14.3397 17.0244 0.779096 -9.8844 12.4959 2.48481e-17 -7.95139e-16 1.2424e-17 -9.23673 -4.20556 2.0327 -24.465 -19.5023 5.28602 0.852353 -38.7721 -0.655187 3.49933 12.9296 -0.169903 2.32622 -40.4017 -6.04875 10.9596 1.24378 -16.1106 -0.779096 -9.8844 12.4959 5.74899e-16 -6.20085e-16 -1.27959e-14 
7.38099 87.016 58.3674 5.3963 6.19672 34.3422 0 5.07867 -1.15138 -0.216255 1.59026 -0.387633 0 5.61661 1.07143 0.0276425 1.90032 -0.296807 -1.02604e-17 5.98978 0.11501 0.241722 2.64589 -0.110518 -1.10457e-17 6.50583 -0.443523 0.458023 3.67957 0.00810522 -1.97295e-17 7.60548 -1.50593 0.691331 4.01671 -0.0466632 -2.53307e-17 9.49737 -0.914492 0.860921 4.49466 -0.544117 -2.90401e-17 10.5513 1.57691 0.0287668 0.352445 0.406521 -1.29193e-17 4.78644 0.715339 -6.95897 -20.5538 -14.6421 -1.8116e-17 4.82109 0.421791 3.13638 -5.96637 -6.68044 -2.00958e-17 4.83041 0.765062 5.71528 5.41045 -3.8234 1.23299 -7.60731 7.53374 -5.49286 4.95256 -2.25738 12.9547 3.2495 -3.26872 -62.7516 45.7284 -17.2606 29.2081 0.0598081 0.137039 4.57013 -0.88768 -22.5655 24.234 0.0496219 0.113701 1.31801 -26.1494 -1.32066 -1.23299 -7.60729 7.53365 14.8673 5.6917 8.41201 -12.9547 3.2495 -3.26872 51.2121 0.8024 4.58623 -29.2081 0.0598081 0.137039 -9.89202 -5.16924 55.6881 -24.234 0.0496218 0.113702 -1.42832 -11.4393 8.03595 9.23673 -4.20556 2.0327 5.91888 -12.3812 -16.4222 -0.852353 -38.7721 -0.655187 -6.93701 24.5915 1.07669 -2.32622 -40.4017 -6.04875 -9.55155 -13.0816 17.1639 0.779096 -9.8844 12.4959 -3.6557e-16 -8.07339e-16 2.46246e-17 -9.23673 -4.20556 2.0327 -24.9462 -23.5524 5.38472 0.852353 -38.7721 -0.655187 5.64115 20.378 -0.654638 2.32622 -40.4017 -6.04875 6.04534 -15.7421 -14.4035 -0.779096 -9.8844 12.4959 -5.25991e-15 -3.64991e-16 -1.25406e-14 
7.12412 87.3249 59.8929 4.92225 7.13855 32.7769 0 5.07867 -1.15138 -0.0429119 1.22629 -0.339758 0 5.61661 1.07143 0.143212 1.68586 -0.224462 -1.02604e-17 5.98978 0.11501 0.311056 2.55587 -0.0396564 -1.10457e-17 6.50583 -0.443523 0.478407 3.82676 0.0781436 -1.97295e-17 7.60548 -1.50593 0.677143 4.28697 0.0229016 -2.53307e-17 9.49737 -0.914492 0.829925 4.83766 -0.443423 -2.90401e-17 10.5513 1.57691 0.0390823 0.27802 0.423766 -1.29193e-17 4.78644 0.715339 -7.49902 -23.5957 -14.2172 -1.8116e-17 4.82109 0.421791 2.8972 -5.76486 -6.33635 -2.00958e-17 4.83041 0.765062 4.83088 6.95062 -3.92163 1.23299 -7.60731 7.53374 -6.6476 5.07333 -2.71175 12.9547 3.2495 -3.26872 -62.0769 45.444 -17.408 29.2081 0.0598081 0.137039 4.67524 -0.931304 -23.1124 24.234 0.0496219 0.113701 2.5281 -26.8061 -1.36766 -1.23299 -7.60729 7.53365 15.4281 5.76977 8.68359 -12.9547 3.2495 -3.26872 50.3888 -1.12663 5.7063 -29.2081 0.0598081 0.137039 -10.01 -5.34269 56.6873 -24.234 0.0496218 0.113702 -0.924146 -10.8592 7.12018 9.23673 -4.20556 2.0327 6.99689 -12.9947 -14.2622 -0.852353 -38.7721 -0.655187 -7.14446 25.2426 1.15267 -2.32622 -40.4017 -6.04875 -10.355 -11.4477 17.4326 0.779096 -9.8844 12.4959 -7.63139e-16 -8.31964e-16 4.92492e-17 -9.23673 -4.20556 2.0327 -23.8136 -27.2541 5.96312 0.852353 -38.7721 -0.655187 6.4922 23.1731 -0.92147 2.32622 -40.4017 -6.04875 5.52165 -11.469 -15.0822 -0.779096 -9.8844 12.4959 2.05075e-15 -6.77512e-16 -1.28531e-14 
7.1335 87.9917 61.4374 5.44196 6.82473 32.1252 0 5.07867 -1.15138 0.018745 0.889367 -0.336986 0 5.61661 1.07143 0.169509 1.52921 -0.210423 -1.02604e-17 5.98978 0.11501 0.305145 2.59919 -0.0398949 -1.10457e-17 6.50583 -0.443523 0.436265 4.23131 0.0697292 -1.97295e-17 7.60548 -1.50593 0.603693 4.87727 0.0231212 -2.53307e-17 9.49737 -0.914492 0.733532 5.551 -0.398128 -2.90401e-17 10.5513 1.57691 0.034137 0.215302 0.404387 -1.29193e-17 4.78644 0.715339 -7.71564 -24.8058 -14.0756 -1.8116e-17 4.82109 0.421791 2.41412 -6.09955 -6.24507 -2.00958e-17 4.83041 0.765062 4.67982 8.06428 -3.99196 1.23299 -7.60731 7.53374 -7.82575 4.8985 -3.00624 12.9547 3.2495 -3.26872 -60.7211 44.151 -18.7433 29.2081 0.0598081 0.137039 4.64491 -0.918597 -22.9544 24.234 0.0496219 0.113701 2.78018 -26.6448 -1.06684 -1.23299 -7.60729 7.53365 15.129 5.22458 8.31962 -12.9547 3.2495 -3.26872 50.7287 -1.45689 7.0383 -29.2081 0.0598081 0.137039 -10.07 -5.43344 57.2054 -24.234 0.0496218 0.113702 -0.907241 -11.0659 5.97111 9.23673 -4.20556 2.0327 7.46935 -11.7501 -12.8879 -0.852353 -38.7721 -0.655187 -7.03201 24.8904 1.1112 -2.32622 -40.4017 -6.04875 -11.3769 -8.22453 17.8586 0.779096 -9.8844 12.4959 -1.16071e-15 -8.44611e-16 6.18967e-17 -9.23673 -4.20556 2.0327 -22.8351 -27.6627 6.8155 0.852353 -38.7721 -0.655187 6.76009 24.0309 -1.01369 2.32622 -40.4017 -6.04875 5.12365 -8.17892 -15.5007 -0.779096 -9.8844 12.4959 6.24961e-16 -6.2232e-16 -1.27979e-14 
7.38836 88.8853 63.144 6.45815 5.95772 32.431 0 5.07867 -1.15138 0.158408 0.697607 -0.488016 0 5.61661 1.07143 0.288389 1.48214 -0.340994 -1.02604e-17 5.98978 0.11501 0.383526 2.74355 -0.189609 -1.10457e-17 6.50583 -0.443523 0.471406 4.71788 -0.0955277 -1.97295e-17 7.60548 -1.50593 0.559726 5.53466 -0.147733 -2.53307e-17 9.49737 -0.914492 0.585742 6.32843 -0.523308 -2.90401e-17 10.5513 1.57691 0.00809121 0.169685 0.366228 -1.29193e-17 4.78644 0.715339 -7.18313 -23.3641 -13.6064 -1.8116e-17 4.82109 0.421791 1.9266 -6.60185 -6.15442 -2.00958e-17 4.83041 0.765062 4.45262 7.04795 -3.78451 1.23299 -7.60731 7.53374 -8.70523 4.49633 -2.97779 12.9547 3.2495 -3.26872 -60.0688 42.8024 -19.7228 29.2081 0.0598081 0.137039 4.57652 -0.890303 -22.5987 24.234 0.0496219 0.113701 2.54187 -26.3115 -1.63967 -1.23299 -7.60729 7.53365 14.0309 4.30493 7.55893 -12.9547 3.2495 -3.26872 50.38 -1.2479 6.96115 -29.2081 0.0598081 0.137039 -10.0392 -5.38661 56.9385 -24.234 0.0496218 0.113702 0.0253439 -12.8231 6.91901 9.23673 -4.20556 2.0327 7.39291 -9.63484 -12.7737 -0.852353 -38.7721 -0.655187 -6.72903 23.932 1.0028 -2.32622 -40.4017 -6.04875 -12.5457 -3.79496 18.5091 0.779096 -9.8844 12.4959 1.95548e-15 -7.10629e-16 -7.20858e-17 -9.23673 -4.20556 2.0327 -22.222 -25.6619 7.00603 0.852353 -38.7721 -0.655187 6.56005 23.3914 -0.94446 2.32622 -40.4017 -6.04875 4.21748 -6.14635 -15.7398 -0.779096 -9.8844 12.4959 -9.65316e-16 -5.47999e-16 -1.27236e-14 
7.59849 89.645 64.968 6.70958 5.86772 32.3025 0 5.07867 -1.15138 0.384444 0.339075 -0.543697 0 5.61661 1.07143 0.478478 1.30505 -0.366957 -1.02604e-17 5.98978 0.11501 0.531152 2.80712 -0.224944 -1.10457e-17 6.50583 -0.443523 0.575836 5.18101 -0.133803 -1.97295e-17 7.60548 -1.50593 0.61254 6.21317 -0.202261 -2.53307e-17 9.49737 -0.914492 0.58027 7.13483 -0.563221 -2.90401e-17 10.5513 1.57691 0.00463939 0.0919056 0.338819 -1.29193e-17 4.78644 0.715339 -6.59486 -21.8707 -13.2131 -1.8116e-17 4.82109 0.421791 1.797 -7.24739 -6.05401 -2.00958e-17 4.83041 0.765062 3.59449 5.54238 -3.43866 1.23299 -7.60731 7.53374 -8.95606 3.9448 -2.87139 12.9547 3.2495 -3.26872 -60.2404 41.5977 -20.5802 29.2081 0.0598081 0.137039 4.64396 -0.918199 -22.9494 24.234 0.0496219 0.113701 2.51857 -25.9388 -2.63934 -1.23299 -7.60729 7.53365 13.4422 3.55302 7.16614 -12.9547 3.2495 -3.26872 51.1042 -1.47718 8.23536 -29.2081 0.0598081 0.137039 -10.0571 -5.41379 57.0935 -24.234 0.0496218 0.113702 -0.0867791 -12.5662 6.8847 9.23673 -4.20556 2.0327 7.56339 -8.64975 -12.7174 -0.852353 -38.7721 -0.655187 -6.60396 23.5323 0.959473 -2.32622 -40.4017 -6.04875 -13.4336 -0.85174 19.0704 0.779096 -9.8844 12.4959 7.47854e-15 -4.7636e-16 -3.06355e-16 -9.23673 -4.20556 2.0327 -21.346 -24.8538 7.13891 0.852353 -38.7721 -0.655187 6.39343 22.8541 -0.888447 2.32622 -40.4017 -6.04875 3.70326 -4.7424 -15.8331 -0.779096 -9.8844 12.4959 -9.93923e-16 -5.46658e-16 -1.27222e-14 
7.79519 90.2628 66.814 7.10661 6.04357 32.2745 0 5.07867 -1.15138 0.567209 -0.00929428 -0.467832 0 5.61661 1.07143 0.609916 1.09531 -0.265291 -1.02604e-17 5.98978 0.11501 0.616333 2.78758 -0.12697 -1.10457e-17 6.50583 -0.443523 0.612819 5.46776 -0.0341188 -1.97295e-17 7.60548 -1.50593 0.62435 6.6873 -0.102601 -2.53307e-17 9.49737 -0.914492 0.588431 7.69574 -0.443926 -2.90401e-17 10.5513 1.57691 0.00961973 0.0317628 0.340716 -1.29193e-17 4.78644 0.715339 -6.65069 -21.607 -13.4089 -1.8116e-17 4.82109 0.421791 1.42509 -7.48361 -6.16523 -2.00958e-17 4.83041 0.765062 2.84864 5.47625 -3.6101 1.23299 -7.60731 7.53374 -9.04242 3.55346 -2.86837 12.9547 3.2495 -3.26872 -60.6734 41.0316 -21.4553 29.2081 0.0598081 0.137039 4.90314 -1.02997 -24.3056 24.234 0.0496219 0.113701 2.85252 -25.0653 -2.67906 -1.23299 -7.60729 7.53365 13.5266 3.25672 7.19468 -12.9547 3.2495 -3.26872 52.616 -2.37473 9.8545 -29.2081 0.0598081 0.137039 -10.0709 -5.4348 57.2132 -24.234 0.0496218 0.113702 -1.17295 -10.825 6.12286 9.23673 -4.20556 2.0327 7.26176 -8.65305 -12.794 -0.852353 -38.7721 -0.655187 -7.01524 24.8378 1.10508 -2.32622 -40.4017 -6.04875 -13.7352 -0.188533 18.993 0.779096 -9.8844 12.4959 -4.52428e-15 -9.96737e-16 2.14023e-16 -9.23673 -4.20556 2.0327 -20.8893 -24.1426 7.34931 0.852353 -38.7721 -0.655187 6.28157 22.4911 -0.851691 2.32622 -40.4017 -6.04875 3.49591 -4.04016 -15.8642 -0.779096 -9.8844 12.4959 -9.93923e-16 -5.46658e-16 -1.27222e-14 
8.00044 90.8156 68.6236 7.74381 6.39295 32.3544 0 5.07867 -1.15138 0.682388 -0.117014 -0.415755 0 5.61661 1.07143 0.677796 1.00202 -0.193711 -1.02604e-17 5.98978 0.11501 0.642435 2.73362 -0.0581451 -1.10457e-17 6.50583 -0.443523 0.592708 5.47641 0.0324688 -1.97295e-17 7.60548 -1.50593 0.56884 6.74472 -0.0262496 -2.53307e-17 9.49737 -0.914492 0.515518 7.75309 -0.32975 -2.90401e-17 10.5513 1.57691 0.0050365 0.0187791 0.351423 -1.29193e-17 4.78644 0.715339 -6.71162 -20.662 -13.6734 -1.8116e-17 4.82109 0.421791 0.922443 -7.52158 -6.34521 -2.00958e-17 4.83041 0.765062 2.48747 5.1625 -3.58996 1.23299 -7.60731 7.53374 -8.95866 3.29919 -2.69893 12.9547 3.2495 -3.26872 -61.6603 40.8959 -21.0155 29.2081 0.0598081 0.137039 5.33255 -1.23152 -26.5837 24.234 0.0496219 0.113701 3.20369 -24.0067 -2.77603 -1.23299 -7.60729 7.53365 13.4109 3.05342 7.07914 -12.9547 3.2495 -3.26872 53.1358 -3.38644 9.49653 -29.2081 0.0598081 0.137039 -10.1715 -5.59127 58.0994 -24.234 0.0496218 0.113702 -1.0608 -10.0227 6.20729 9.23673 -4.20556 2.0327 6.37149 -8.92517 -13.0691 -0.852353 -38.7721 -0.655187 -7.50528 26.359 1.29011 -2.32622 -40.4017 -6.04875 -13.6628 0.982351 18.7961 0.779096 -9.8844 12.4959 -5.1364e-15 -1.01855e-15 2.35833e-16 -9.23673 -4.20556 2.0327 -20.8215 -23.0581 7.27689 0.852353 -38.7721 -0.655187 6.06115 21.7704 -0.781282 2.32622 -40.4017 -6.04875 2.59971 -3.81051 -15.8237 -0.779096 -9.8844 12.4959 -9.93923e-16 -5.46658e-16 -1.27222e-14 
8.17384 91.2444 70.3817 8.15751 6.73543 32.0297 0 5.07867 -1.15138 0.8462 -0.227907 -0.371018 0 5.61661 1.07143 0.789949 0.913078 -0.122498 -1.02604e-17 5.98978 0.11501 0.70941 2.6984 0.0122752 -1.10457e-17 6.50583 -0.443523 0.610027 5.52501 0.102764 -1.97295e-17 7.60548 -1.50593 0.548646 6.83891 0.0461954 -2.53307e-17 9.49737 -0.914492 0.474354 7.85391 -0.227181 -2.90401e-17 10.5513 1.57691 0.000799579 -0.0158984 0.363158 -1.29193e-17 4.78644 0.715339 -6.55013 -19.6868 -13.5175 -1.8116e-17 4.82109 0.421791 0.594951 -7.65055 -6.31799 -2.00958e-17 4.83041 0.765062 1.8973 4.37164 -3.60529 1.23299 -7.60731 7.53374 -8.67506 2.96662 -2.47729 12.9547 3.2495 -3.26872 -62.9628 40.6339 -20.0663 29.2081 0.0598081 0.137039 5.9322 -1.54914 -29.8401 24.234 0.0496219 0.113701 3.68465 -22.7521 -2.77553 -1.23299 -7.60729 7.53365 13.3975 2.84697 7.02284 -12.9547 3.2495 -3.26872 53.2018 -4.21954 8.85351 -29.2081 0.0598081 0.137039 -10.3701 -5.91637 59.9135 -24.234 0.0496218 0.113702 -0.729962 -9.11998 6.16075 9.23673 -4.20556 2.0327 5.57407 -9.15354 -13.3141 -0.852353 -38.7721 -0.655187 -7.91795 27.6105 1.45538 -2.32622 -40.4017 -6.04875 -13.5789 2.21188 18.7036 0.779096 -9.8844 12.4959 -7.09564e-15 -1.10418e-15 3.21461e-16 -9.23673 -4.20556 2.0327 -20.5001 -22.3683 7.41089 0.852353 -38.7721 -0.655187 5.91263 21.2809 -0.735363 2.32622 -40.4017 -6.04875 1.85072 -3.79327 -15.7728 -0.779096 -9.8844 12.4959 -6.03506e-16 -5.58858e-16 -1.27466e-14 
8.32155 91.6065 72.0474 8.51885 6.8469 31.4321 0 5.07867 -1.15138 1.05302 -0.314238 -0.311702 0 5.61661 1.07143 0.938686 0.847167 -0.0322306 -1.02604e-17 5.98978 0.11501 0.804608 2.68281 0.102528 -1.10457e-17 6.50583 -0.443523 0.64641 5.59034 0.194605 -1.97295e-17 7.60548 -1.50593 0.543198 6.94249 0.136726 -2.53307e-17 9.49737 -0.914492 0.445358 7.95879 -0.108389 -2.90401e-17 10.5513 1.57691 -0.00526638 -0.0493892 0.376058 -1.29193e-17 4.78644 0.715339 -6.39337 -18.9467 -13.2771 -1.8116e-17 4.82109 0.421791 0.276172 -7.75624 -6.23885 -2.00958e-17 4.83041 0.765062 1.2542 3.74087 -3.61292 1.23299 -7.60731 7.53374 -8.35229 2.64813 -2.3235 12.9547 3.2495 -3.26872 -64.2 40.285 -19.3447 29.2081 0.0598081 0.137039 6.55993 -1.93069 -33.3617 24.234 0.0496219 0.113701 4.25488 -21.2976 -2.46833 -1.23299 -7.60729 7.53365 13.4019 2.66809 7.00489 -12.9547 3.2495 -3.26872 53.0435 -4.56715 8.4364 -29.2081 0.0598081 0.137039 -10.5504 -6.23306 61.6489 -24.234 0.0496218 0.113702 -0.709926 -8.24683 6.07773 9.23673 -4.20556 2.0327 4.70439 -9.29939 -13.78 -0.852353 -38.7721 -0.655187 -8.32926 28.8306 1.62843 -2.32622 -40.4017 -6.04875 -13.2029 3.52969 18.5539 0.779096 -9.8844 12.4959 3.01946e-15 -6.6652e-16 -1.16195e-16 -9.23673 -4.20556 2.0327 -19.9289 -21.695 7.99216 0.852353 -38.7721 -0.655187 5.79158 20.8796 -0.698853 2.32622 -40.4017 -6.04875 1.17214 -3.74452 -15.7096 -0.779096 -9.8844 12.4959 -5.96354e-16 -5.59082e-16 -1.27471e-14 
8.49717 91.9434 73.6127 9.0743 6.68462 30.8439 0 5.07867 -1.15138 1.22726 -0.231067 -0.2441 0 5.61661 1.07143 1.05873 0.895742 0.0560594 -1.02604e-17 5.98978 0.11501 0.873359 2.72732 0.187264 -1.10457e-17 6.50583 -0.443523 0.660958 5.63066 0.278844 -1.97295e-17 7.60548 -1.50593 0.516585 6.97363 0.22271 -2.53307e-17 9.49737 -0.914492 0.398331 7.96925 0.00785873 -2.90401e-17 10.5513 1.57691 -0.0170387 -0.0651758 0.38795 -1.29193e-17 4.78644 0.715339 -6.32615 -18.5605 -13.0145 -1.8116e-17 4.82109 0.421791 -0.191985 -7.70671 -6.14334 -2.00958e-17 4.83041 0.765062 0.818171 3.49234 -3.80241 1.23299 -7.60731 7.53374 -8.16737 2.46388 -2.33306 12.9547 3.2495 -3.26872 -65.0705 39.9633 -18.7746 29.2081 0.0598081 0.137039 7.17005 -2.35515 -36.9208 24.234 0.0496219 0.113701 4.97773 -19.8139 -2.07347 -1.23299 -7.60729 7.53365 13.5093 2.5914 7.16542 -12.9547 3.2495 -3.26872 52.5873 -4.85801 8.19039 -29.2081 0.0598081 0.137039 -10.6876 -6.49003 63.0362 -24.234 0.0496218 0.113702 -0.873709 -7.52367 6.08259 9.23673 -4.20556 2.0327 3.2089 -9.24116 -15.1982 -0.852353 -38.7721 -0.655187 -8.69898 29.9038 1.79086 -2.32622 -40.4017 -6.04875 -12.3127 4.87453 18.2907 0.779096 -9.8844 12.4959 -3.0412e-15 -9.26883e-16 1.44168e-16 -9.23673 -4.20556 2.0327 -19.4457 -20.5357 8.64361 0.852353 -38.7721 -0.655187 5.61335 20.285 -0.646608 2.32622 -40.4017 -6.04875 0.604569 -3.77831 -15.6532 -0.779096 -9.8844 12.4959 -2.05941e-16 -5.83483e-16 -1.27593e-14 
8.72536 92.2192 75.1292 9.62524 6.56829 30.1427 0 5.07867 -1.15138 0.872824 -0.469521 -0.339425 0 5.61661 1.07143 0.772463 0.636297 -0.0761602 -1.02604e-17 5.98978 0.11501 0.649915 2.48137 0.049371 -1.10457e-17 6.50583 -0.443523 0.50356 5.37183 0.130491 -1.97295e-17 7.60548 -1.50593 0.392 6.71168 0.0906613 -2.53307e-17 9.49737 -0.914492 0.296267 7.64623 -0.0861689 -2.90401e-17 10.5513 1.57691 -0.025235 -0.00176898 0.313114 -1.29193e-17 4.78644 0.715339 -4.55823 -12.8084 -11.7169 -1.8116e-17 4.82109 0.421791 0.122777 -7.74765 -5.70543 -2.00958e-17 4.83041 0.765062 0.841931 -0.374527 -3.26097 1.23299 -7.60731 7.53374 -7.1009 1.79512 -1.39194 12.9547 3.2495 -3.26872 -67.9501 39.0841 -15.6034 29.2081 0.0598081 0.137039 7.73059 -2.79792 -40.3376 24.234 0.0496219 0.113701 5.62014 -17.8886 -1.5261 -1.23299 -7.60729 7.53365 9.89566 1.21318 5.4568 -12.9547 3.2495 -3.26872 53.5496 -1.20525 5.49711 -29.2081 0.0598081 0.137039 -11.0661 -7.29027 67.2537 -24.234 0.0496218 0.113702 0.657743 -10.4199 4.97062 9.23673 -4.20556 2.0327 1.29089 -9.47549 -16.6287 -0.852353 -38.7721 -0.655187 -9.1078 31.0644 1.97781 -2.32622 -40.4017 -6.04875 -10.4889 6.13323 17.7505 0.779096 -9.8844 12.4959 2.70049e-15 -6.75595e-16 -1.0712e-16 -9.23673 -4.20556 2.0327 -19.039 -19.3064 9.19805 0.852353 -38.7721 -0.655187 5.37931 19.4976 -0.58076 2.32622 -40.4017 -6.04875 -0.402992 -3.89368 -15.5405 -0.779096 -9.8844 12.4959 -5.89198e-16 -5.59529e-16 -1.27473e-14 
8.92503 92.4134 76.4947 10.0308 6.67424 29.2868 0 5.07867 -1.15138 0.894042 -0.0743099 -0.347019 0 5.61661 1.07143 0.79699 0.876006 -0.0952158 -1.02604e-17 5.98978 0.11501 0.665337 2.57971 0.0231951 -1.10457e-17 6.50583 -0.443523 0.515964 5.22934 0.103036 -1.97295e-17 7.60548 -1.50593 0.388563 6.41967 0.0577802 -2.53307e-17 9.49737 -0.914492 0.281504 7.28342 -0.105789 -2.90401e-17 10.5513 1.57691 -0.0521486 0.00394653 0.31442 -1.29193e-17 4.78644 0.715339 -4.24771 -12.024 -11.0306 -1.8116e-17 4.82109 0.421791 -0.250653 -7.91431 -5.3964 -2.00958e-17 4.83041 0.765062 0.349643 -0.908353 -3.22399 1.23299 -7.60731 7.53374 -6.42712 1.72756 -1.32971 12.9547 3.2495 -3.26872 -69.8286 37.3955 -13.8814 29.2081 0.0598081 0.137039 8.4333 -3.43662 -44.8747 24.234 0.0496219 0.113701 5.86388 -15.9285 -1.18595 -1.23299 -7.60729 7.53365 9.72351 1.31636 5.73634 -12.9547 3.2495 -3.26872 53.4583 -0.311913 5.15295 -29.2081 0.0598081 0.137039 -11.2208 -7.66857 69.2015 -24.234 0.0496218 0.113702 -0.251928 -9.83068 5.18309 9.23673 -4.20556 2.0327 -0.978122 -10.0322 -18.5004 -0.852353 -38.7721 -0.655187 -9.47019 32.0702 2.14979 -2.32622 -40.4017 -6.04875 -9.57783 6.17584 17.4634 0.779096 -9.8844 12.4959 -7.3429e-15 -1.11011e-15 3.27398e-16 -9.23673 -4.20556 2.0327 -18.7294 -18.6249 9.94838 0.852353 -38.7721 -0.655187 5.28285 19.1709 -0.554542 2.32622 -40.4017 -6.04875 -0.576333 -4.35592 -15.5701 -0.779096 -9.8844 12.4959 -5.96354e-16 -5.59082e-16 -1.27471e-14 
9.21596 92.5877 77.8022 10.4989 6.93074 28.398 0 5.07867 -1.15138 1.05039 -0.0507837 -0.277405 0 5.61661 1.07143 0.922951 0.861118 -0.00968661 -1.02604e-17 5.98978 0.11501 0.755216 2.53299 0.109746 -1.10457e-17 6.50583 -0.443523 0.569267 5.12037 0.195553 -1.97295e-17 7.60548 -1.50593 0.420708 6.28781 0.143592 -2.53307e-17 9.49737 -0.914492 0.311723 7.1262 -0.0135132 -2.90401e-17 10.5513 1.57691 -0.0641574 0.00912616 0.339358 -1.29193e-17 4.78644 0.715339 -4.24557 -11.8716 -10.9578 -1.8116e-17 4.82109 0.421791 -0.536328 -7.61276 -5.37439 -2.00958e-17 4.83041 0.765062 -0.763867 -1.08819 -3.0395 1.23299 -7.60731 7.53374 -5.92243 1.60931 -1.27537 12.9547 3.2495 -3.26872 -71.1999 37.0076 -13.4562 29.2081 0.0598081 0.137039 8.92257 -3.94694 -48.2485 24.234 0.0496219 0.113701 6.17664 -14.6063 -0.920531 -1.23299 -7.60729 7.53365 9.85076 1.44389 6.08007 -12.9547 3.2495 -3.26872 53.0236 -0.771792 5.3919 -29.2081 0.0598081 0.137039 -11.2455 -7.73259 69.5286 -24.234 0.0496218 0.113702 -0.798205 -8.55794 6.05934 9.23673 -4.20556 2.0327 -3.32916 -10.9656 -19.6597 -0.852353 -38.7721 -0.655187 -9.85896 33.1252 2.34062 -2.32622 -40.4017 -6.04875 -8.33175 6.56829 17.0148 0.779096 -9.8844 12.4959 -5.01538e-16 -8.13154e-16 3.04391e-17 -9.23673 -4.20556 2.0327 -18.5666 -18.1291 10.6774 0.852353 -38.7721 -0.655187 5.20167 18.895 -0.532895 2.32622 -40.4017 -6.04875 -1.31149 -4.77372 -15.5608 -0.779096 -9.8844 12.4959 -9.86767e-16 -5.46881e-16 -1.27227e-14 
9.49841 92.7551 79.0355 11.097 7.12701 27.5557 0 5.07867 -1.15138 0.807183 -0.0156047 -0.192543 0 5.61661 1.07143 0.705848 0.814511 0.0417216 -1.02604e-17 5.98978 0.11501 0.574662 2.39209 0.157746 -1.10457e-17 6.50583 -0.443523 0.428458 4.79808 0.240368 -1.97295e-17 7.60548 -1.50593 0.331592 5.89059 0.208352 -2.53307e-17 9.49737 -0.914492 0.30012 6.64362 0.0697952 -2.90401e-17 10.5513 1.57691 -0.0544984 0.0637851 0.31502 -1.29193e-17 4.78644 0.715339 -3.72934 -10.0311 -10.5044 -1.8116e-17 4.82109 0.421791 -0.636059 -7.30664 -5.19025 -2.00958e-17 4.83041 0.765062 -1.12751 -1.80097 -3.07102 1.23299 -7.60731 7.53374 -5.18041 1.48887 -1.03654 12.9547 3.2495 -3.26872 -72.7583 36.2206 -12.0264 29.2081 0.0598081 0.137039 9.31812 -4.40719 -51.1423 24.234 0.0496219 0.113701 6.31119 -12.8898 -0.751783 -1.23299 -7.60729 7.53365 8.11075 1.02925 5.55465 -12.9547 3.2495 -3.26872 54.6013 -0.16047 5.56025 -29.2081 0.0598081 0.137039 -11.4194 -8.21788 71.9871 -24.234 0.0496218 0.113702 -0.368177 -8.20443 4.55993 9.23673 -4.20556 2.0327 -5.57652 -11.858 -20.1155 -0.852353 -38.7721 -0.655187 -10.1406 33.874 2.48284 -2.32622 -40.4017 -6.04875 -7.09728 6.75688 16.5866 0.779096 -9.8844 12.4959 -5.44809e-15 -1.02717e-15 2.44455e-16 -9.23673 -4.20556 2.0327 -18.579 -17.463 11.2588 0.852353 -38.7721 -0.655187 5.09241 18.5224 -0.50437 2.32622 -40.4017 -6.04875 -1.9788 -5.20124 -15.5507 -0.779096 -9.8844 12.4959 -2.13098e-16 -5.83259e-16 -1.27588e-14 
9.7234 92.9193 80.1844 11.7881 7.15352 26.7207 0 5.07867 -1.15138 0.451343 0.171364 -0.11784 0 5.61661 1.07143 0.401388 0.873929 0.0635511 -1.02604e-17 5.98978 0.11501 0.33775 2.30611 0.175794 -1.10457e-17 6.50583 -0.443523 0.265817 4.44473 0.254132 -1.97295e-17 7.60548 -1.50593 0.251618 5.4075 0.241367 -2.53307e-17 9.49737 -0.914492 0.321114 6.0388 0.105116 -2.90401e-17 10.5513 1.57691 -0.0384369 0.137058 0.277716 -1.29193e-17 4.78644 0.715339 -2.92863 -7.17633 -9.92124 -1.8116e-17 4.82109 0.421791 -0.436701 -7.28133 -4.93891 -2.00958e-17 4.83041 0.765062 -1.62402 -3.1602 -3.05396 1.23299 -7.60731 7.53374 -3.9109 1.27256 -0.547735 12.9547 3.2495 -3.26872 -74.7784 35.1797 -10.4587 29.2081 0.0598081 0.137039 9.73219 -4.94429 -54.3743 24.234 0.0496219 0.113701 6.02244 -10.9991 -0.235079 -1.23299 -7.60729 7.53365 5.61829 0.4867 4.59047 -12.9547 3.2495 -3.26872 57.5011 1.06189 6.06065 -29.2081 0.0598081 0.137039 -11.5552 -8.65121 74.1544 -24.234 0.0496218 0.113702 -0.0753424 -7.58329 3.28882 9.23673 -4.20556 2.0327 -7.55998 -12.6782 -20.1473 -0.852353 -38.7721 -0.655187 -10.3192 34.3421 2.5747 -2.32622 -40.4017 -6.04875 -6.51811 6.41398 16.3672 0.779096 -9.8844 12.4959 -4.65756e-16 -8.11588e-16 2.88736e-17 -9.23673 -4.20556 2.0327 -18.6322 -16.8181 11.8347 0.852353 -38.7721 -0.655187 5.06069 18.414 -0.496221 2.32622 -40.4017 -6.04875 -2.48352 -5.47204 -15.5575 -0.779096 -9.8844 12.4959 -5.89198e-16 -5.59529e-16 -1.27473e-14 
9.87055 93.0785 81.2789 12.3956 7.06947 25.9287 0 5.07867 -1.15138 0.196454 0.52775 -0.0784857 0 5.61661 1.07143 0.192234 1.065 0.0606853 -1.02604e-17 5.98978 0.11501 0.179488 2.31637 0.169085 -1.10457e-17 6.50583 -0.443523 0.165509 4.13187 0.243301 -1.97295e-17 7.60548 -1.50593 0.207902 4.92453 0.239482 -2.53307e-17 9.49737 -0.914492 0.341124 5.41836 0.101502 -2.90401e-17 10.5513 1.57691 -0.0259475 0.205429 0.248227 -1.29193e-17 4.78644 0.715339 -2.27603 -4.4651 -9.52763 -1.8116e-17 4.82109 0.421791 -0.429709 -7.32 -4.76408 -2.00958e-17 4.83041 0.765062 -1.98046 -4.67455 -2.76618 1.23299 -7.60731 7.53374 -2.52776 1.09598 -0.0820101 12.9547 3.2495 -3.26872 -76.7242 33.9854 -9.13787 29.2081 0.0598081 0.137039 10.0726 -5.43773 -57.23 24.234 0.0496219 0.113701 5.48895 -9.39282 -0.350652 -1.23299 -7.60729 7.53365 3.27017 0.0738028 3.75507 -12.9547 3.2495 -3.26872 60.2401 1.73028 6.99317 -29.2081 0.0598081 0.137039 -11.6046 -8.82493 75.0169 -24.234 0.0496218 0.113702 0.318568 -6.78805 3.22578 9.23673 -4.20556 2.0327 -9.209 -13.4743 -19.9444 -0.852353 -38.7721 -0.655187 -10.3549 34.435 2.59322 -2.32622 -40.4017 -6.04875 -6.29367 5.63665 16.2681 0.779096 -9.8844 12.4959 4.31223e-15 -6.12356e-16 -1.70358e-16 -9.23673 -4.20556 2.0327 -18.6399 -15.9414 12.1599 0.852353 -38.7721 -0.655187 4.94694 18.0239 -0.467479 2.32622 -40.4017 -6.04875 -2.76681 -5.80968 -15.567 -0.779096 -9.8844 12.4959 -1.37718e-15 -5.34681e-16 -1.27105e-14 
9.9374 93.2177 82.3016 12.8612 7.03748 25.2123 0 5.07867 -1.15138 0.00808895 0.996464 -0.0537814 0 5.61661 1.07143 0.0452069 1.33444 0.0512193 -1.02604e-17 5.98978 0.11501 0.0715295 2.36495 0.155914 -1.10457e-17 6.50583 -0.443523 0.101547 3.79079 0.226355 -1.97295e-17 7.60548 -1.50593 0.183765 4.37851 0.225859 -2.53307e-17 9.49737 -0.914492 0.360081 4.71658 0.0840911 -2.90401e-17 10.5513 1.57691 -0.0164397 0.27382 0.227035 -1.29193e-17 4.78644 0.715339 -1.77416 -2.42439 -9.07161 -1.8116e-17 4.82109 0.421791 -0.531864 -7.23098 -4.54391 -2.00958e-17 4.83041 0.765062 -2.36937 -5.76146 -2.66507 1.23299 -7.60731 7.53374 -1.4245 1.08427 0.127296 12.9547 3.2495 -3.26872 -78.2637 32.642 -7.94178 29.2081 0.0598081 0.137039 10.3857 -5.94314 -60.0615 24.234 0.0496219 0.113701 4.94299 -7.91085 -0.634856 -1.23299 -7.60729 7.53365 1.22461 -0.137648 3.19065 -12.9547 3.2495 -3.26872 62.7417 2.11154 7.8232 -29.2081 0.0598081 0.137039 -11.6425 -8.9655 75.7124 -24.234 0.0496218 0.113702 0.472798 -6.01295 3.39821 9.23673 -4.20556 2.0327 -10.7037 -14.4631 -19.7961 -0.852353 -38.7721 -0.655187 -10.2469 34.1533 2.53737 -2.32622 -40.4017 -6.04875 -5.99123 4.52194 16.1959 0.779096 -9.8844 12.4959 -2.62932e-15 -9.13788e-16 1.31073e-16 -9.23673 -4.20556 2.0327 -18.5952 -15.0433 12.2563 0.852353 -38.7721 -0.655187 4.7724 17.4223 -0.424869 2.32622 -40.4017 -6.04875 -3.01123 -6.17596 -15.5856 -0.779096 -9.8844 12.4959 -2.20254e-16 -5.83035e-16 -1.27586e-14 
9.91345 93.3653 83.2786 13.2935 6.96246 24.4449 0 5.07867 -1.15138 -0.169798 1.49751 -0.0280528 0 5.61661 1.07143 -0.0926773 1.63311 0.0434894 -1.02604e-17 5.98978 0.11501 -0.0281101 2.44252 0.143122 -1.10457e-17 6.50583 -0.443523 0.0440519 3.47873 0.209994 -1.97295e-17 7.60548 -1.50593 0.165321 3.86236 0.212409 -2.53307e-17 9.49737 -0.914492 0.383386 4.05514 0.0627423 -2.90401e-17 10.5513 1.57691 -0.0104708 0.338129 0.214097 -1.29193e-17 4.78644 0.715339 -1.43103 -1.12319 -8.60007 -1.8116e-17 4.82109 0.421791 -0.648112 -7.02442 -4.31235 -2.00958e-17 4.83041 0.765062 -2.7387 -6.31184 -2.56869 1.23299 -7.60731 7.53374 -0.675674 1.16092 0.147572 12.9547 3.2495 -3.26872 -79.1847 31.2247 -6.91995 29.2081 0.0598081 0.137039 10.6882 -6.4914 -63.0436 24.234 0.0496219 0.113701 4.4513 -6.55297 -0.765687 -1.23299 -7.60729 7.53365 -0.337906 -0.219476 2.90738 -12.9547 3.2495 -3.26872 64.8728 2.2877 8.69452 -29.2081 0.0598081 0.137039 -11.6817 -9.11818 76.4654 -24.234 0.0496218 0.113702 0.450522 -5.24258 3.41039 9.23673 -4.20556 2.0327 -12.185 -15.4921 -19.8266 -0.852353 -38.7721 -0.655187 -9.94257 33.3489 2.3825 -2.32622 -40.4017 -6.04875 -5.45534 3.22989 16.119 0.779096 -9.8844 12.4959 1.14599e-15 -7.48573e-16 -3.41412e-17 -9.23673 -4.20556 2.0327 -18.5218 -14.1073 12.1963 0.852353 -38.7721 -0.655187 4.5669 16.7093 -0.377032 2.32622 -40.4017 -6.04875 -3.14616 -6.45758 -15.5869 -0.779096 -9.8844 12.4959 -1.37002e-15 -5.35128e-16 -1.27107e-14 
9.80584 93.5494 84.2505 13.6508 6.73204 23.4833 0 5.07867 -1.15138 -0.330129 1.86193 0.0213772 0 5.61661 1.07143 -0.221352 1.85827 0.0633844 -1.02604e-17 5.98978 0.11501 -0.121444 2.52371 0.1571 -1.10457e-17 6.50583 -0.443523 -0.0112467 3.2981 0.221252 -1.97295e-17 7.60548 -1.50593 0.152263 3.54041 0.226654 -2.53307e-17 9.49737 -0.914492 0.417137 3.63914 0.0636883 -2.90401e-17 10.5513 1.57691 -0.0043234 0.383058 0.204071 -1.29193e-17 4.78644 0.715339 -1.16044 -0.145275 -8.11829 -1.8116e-17 4.82109 0.421791 -0.718104 -6.86209 -4.08051 -2.00958e-17 4.83041 0.765062 -3.06059 -6.67848 -2.43654 1.23299 -7.60731 7.53374 -0.136868 1.15268 0.140784 12.9547 3.2495 -3.26872 -79.5623 29.8551 -6.29726 29.2081 0.0598081 0.137039 10.94 -7.00658 -65.7748 24.234 0.0496219 0.113701 4.02994 -5.35622 -0.86623 -1.23299 -7.60729 7.53365 -1.47734 -0.344158 2.73069 -12.9547 3.2495 -3.26872 66.6764 2.24509 9.87427 -29.2081 0.0598081 0.137039 -11.7034 -9.2069 76.902 -24.234 0.0496218 0.113702 0.488492 -4.42746 3.39994 9.23673 -4.20556 2.0327 -13.569 -16.4245 -20.0312 -0.852353 -38.7721 -0.655187 -9.42724 31.9521 2.12911 -2.32622 -40.4017 -6.04875 -4.62186 1.98036 16.0152 0.779096 -9.8844 12.4959 -3.85781e-15 -9.6505e-16 1.82335e-16 -9.23673 -4.20556 2.0327 -18.2689 -13.1259 12.0837 0.852353 -38.7721 -0.655187 4.33517 15.8992 -0.326137 2.32622 -40.4017 -6.04875 -3.20248 -6.46469 -15.5533 -0.779096 -9.8844 12.4959 -2.20254e-16 -5.83035e-16 -1.27586e-14 
9.68497 93.7606 85.1977 14.0023 6.43687 22.3923 0 5.07867 -1.15138 -0.484798 2.07113 0.0939553 0 5.61661 1.07143 -0.351806 1.99391 0.110677 -1.02604e-17 5.98978 0.11501 -0.219615 2.592 0.198827 -1.10457e-17 6.50583 -0.443523 -0.0754447 3.22961 0.260626 -1.97295e-17 7.60548 -1.50593 0.133949 3.39468 0.270409 -2.53307e-17 9.49737 -0.914492 0.452312 3.44561 0.0926333 -2.90401e-17 10.5513 1.57691 0.00401691 0.409117 0.193196 -1.29193e-17 4.78644 0.715339 -0.936582 0.692652 -7.63057 -1.8116e-17 4.82109 0.421791 -0.769029 -6.75216 -3.84934 -2.00958e-17 4.83041 0.765062 -3.34191 -6.99809 -2.35005 1.23299 -7.60731 7.53374 0.286741 1.04141 0.144903 12.9547 3.2495 -3.26872 -79.5799 28.6507 -6.04552 29.2081 0.0598081 0.137039 11.1373 -7.46022 -68.132 24.234 0.0496219 0.113701 3.69741 -4.39299 -0.99589 -1.23299 -7.60729 7.53365 -2.39168 -0.538984 2.57963 -12.9547 3.2495 -3.26872 68.2368 2.06968 11.1947 -29.2081 0.0598081 0.137039 -11.7108 -9.23772 77.0535 -24.234 0.0496218 0.113702 0.568778 -3.65747 3.35913 9.23673 -4.20556 2.0327 -14.8997 -17.2272 -20.316 -0.852353 -38.7721 -0.655187 -8.71753 29.9571 1.79917 -2.32622 -40.4017 -6.04875 -3.61587 1.0262 15.8632 0.779096 -9.8844 12.4959 -2.38919e-15 -8.95873e-16 1.13158e-16 -9.23673 -4.20556 2.0327 -17.9943 -12.1351 12.1297 0.852353 -38.7721 -0.655187 4.08458 15.0165 -0.274775 2.32622 -40.4017 -6.04875 -3.08652 -6.31104 -15.5095 -0.779096 -9.8844 12.4959 -5.89198e-16 -5.59529e-16 -1.27473e-14 
9.6253 93.9833 86.074 14.2272 6.08546 21.466 0 5.07867 -1.15138 -0.637507 2.29252 0.18957 0 5.61661 1.07143 -0.48244 2.08731 0.180721 -1.02604e-17 5.98978 0.11501 -0.317658 2.54453 0.268161 -1.10457e-17 6.50583 -0.443523 -0.13476 2.92154 0.326593 -1.97295e-17 7.60548 -1.50593 0.127237 2.96588 0.335869 -2.53307e-17 9.49737 -0.914492 0.502795 2.86685 0.134215 -2.90401e-17 10.5513 1.57691 0.0315485 0.499994 0.162975 -1.29193e-17 4.78644 0.715339 -0.436345 3.55594 -7.06472 -1.8116e-17 4.82109 0.421791 -0.657721 -6.64055 -3.5733 -2.00958e-17 4.83041 0.765062 -3.79842 -8.37101 -2.67873 1.23299 -7.60731 7.53374 3.06551 0.692801 1.22963 12.9547 3.2495 -3.26872 -80.1255 28.7636 -5.24572 29.2081 0.0598081 0.137039 11.3565 -8.03499 -71.0648 24.234 0.0496219 0.113701 2.56293 -5.54749 -0.515409 -1.23299 -7.60729 7.53365 -5.37745 -0.96352 1.37266 -12.9547 3.2495 -3.26872 71.0796 2.61075 11.9204 -29.2081 0.0598081 0.137039 -11.724 -9.2936 77.3279 -24.234 0.0496218 0.113702 1.23894 -3.8901 2.64455 9.23673 -4.20556 2.0327 -16.0355 -17.9172 -20.5693 -0.852353 -38.7721 -0.655187 -7.89963 27.5555 1.44786 -2.32622 -40.4017 -6.04875 -2.55255 0.725086 15.6411 0.779096 -9.8844 12.4959 -3.53181e-15 -9.55533e-16 1.60618e-16 -9.23673 -4.20556 2.0327 -17.6881 -11.0082 12.272 0.852353 -38.7721 -0.655187 3.78921 13.9675 -0.219189 2.32622 -40.4017 -6.04875 -2.71962 -6.03934 -15.4659 -0.779096 -9.8844 12.4959 -9.86767e-16 -5.46881e-16 -1.27227e-14 
9.61987 94.1823 86.9533 14.2896 5.74477 20.5735 0 5.07867 -1.15138 -0.715437 2.57354 0.199876 0 5.61661 1.07143 -0.52662 2.24891 0.170372 -1.02604e-17 5.98978 0.11501 -0.340112 2.57704 0.252841 -1.10457e-17 6.50583 -0.443523 -0.130453 2.71094 0.305442 -1.97295e-17 7.60548 -1.50593 0.150639 2.63332 0.30671 -2.53307e-17 9.49737 -0.914492 0.53576 2.42026 0.0882782 -2.90401e-17 10.5513 1.57691 0.0479795 0.562316 0.133436 -1.29193e-17 4.78644 0.715339 -0.117269 5.39412 -6.32428 -1.8116e-17 4.82109 0.421791 -0.720505 -6.7539 -3.20806 -2.00958e-17 4.83041 0.765062 -4.22369 -9.14204 -2.79554 1.23299 -7.60731 7.53374 5.02411 0.576178 1.83154 12.9547 3.2495 -3.26872 -81.1574 28.6732 -4.07662 29.2081 0.0598081 0.137039 11.5805 -8.73935 -74.5925 24.234 0.0496219 0.113701 2.53498 -6.10055 0.289095 -1.23299 -7.60729 7.53365 -7.74502 -1.22064 0.645185 -12.9547 3.2495 -3.26872 73.657 3.24352 12.4396 -29.2081 0.0598081 0.137039 -11.7297 -9.31812 77.4482 -24.234 0.0496218 0.113702 1.48022 -3.67898 2.62609 9.23673 -4.20556 2.0327 -16.8728 -18.3735 -20.8702 -0.852353 -38.7721 -0.655187 -6.96316 24.6739 1.08614 -2.32622 -40.4017 -6.04875 -1.86064 0.697819 15.453 0.779096 -9.8844 12.4959 1.13168e-15 -7.49244e-16 -3.36939e-17 -9.23673 -4.20556 2.0327 -17.2494 -9.95407 12.5071 0.852353 -38.7721 -0.655187 3.50968 12.9668 -0.171573 2.32622 -40.4017 -6.04875 -2.46427 -5.66259 -15.4386 -0.779096 -9.8844 12.4959 -6.0351e-16 -5.58858e-16 -1.27466e-14 
9.64822 94.334 87.8396 14.2423 5.47812 19.5555 0 5.07867 -1.15138 -0.739784 2.66627 0.179931 0 5.61661 1.07143 -0.520407 2.31081 0.131584 -1.02604e-17 5.98978 0.11501 -0.324025 2.60423 0.204704 -1.10457e-17 6.50583 -0.443523 -0.102262 2.66416 0.250304 -1.97295e-17 7.60548 -1.50593 0.175599 2.54111 0.242595 -2.53307e-17 9.49737 -0.914492 0.545132 2.29841 0.0158422 -2.90401e-17 10.5513 1.57691 0.0530896 0.588527 0.101799 -1.29193e-17 4.78644 0.715339 0.0480617 6.30103 -5.56837 -1.8116e-17 4.82109 0.421791 -0.932937 -6.82351 -2.84366 -2.00958e-17 4.83041 0.765062 -4.48347 -9.62432 -2.60218 1.23299 -7.60731 7.53374 5.78225 0.449149 1.95294 12.9547 3.2495 -3.26872 -81.5409 27.3891 -3.35194 29.2081 0.0598081 0.137039 11.7078 -9.22529 -76.9925 24.234 0.0496219 0.113701 2.42596 -6.26494 0.263325 -1.23299 -7.60729 7.53365 -9.06896 -1.46735 0.366968 -12.9547 3.2495 -3.26872 75.2178 3.89128 13.5123 -29.2081 0.0598081 0.137039 -11.7017 -9.19949 76.8654 -24.234 0.0496218 0.113702 1.36034 -3.25243 2.91619 9.23673 -4.20556 2.0327 -17.393 -18.8041 -20.9578 -0.852353 -38.7721 -0.655187 -6.00553 21.5875 0.763943 -2.32622 -40.4017 -6.04875 -1.69297 1.21393 15.3166 0.779096 -9.8844 12.4959 -1.5153e-15 -8.67445e-16 8.47304e-17 -9.23673 -4.20556 2.0327 -16.7773 -9.04517 12.781 0.852353 -38.7721 -0.655187 3.24663 12.0185 -0.131234 2.32622 -40.4017 -6.04875 -2.27804 -5.38742 -15.4037 -0.779096 -9.8844 12.4959 -5.96354e-16 -5.59082e-16 -1.27471e-14 
9.67128 94.432 88.67 14.2618 5.27609 18.3274 0 5.07867 -1.15138 -0.770424 2.73691 0.207213 0 5.61661 1.07143 -0.538215 2.35226 0.143043 -1.02604e-17 5.98978 0.11501 -0.338881 2.61219 0.208685 -1.10457e-17 6.50583 -0.443523 -0.114119 2.60347 0.248041 -1.97295e-17 7.60548 -1.50593 0.167031 2.44121 0.237052 -2.53307e-17 9.49737 -0.914492 0.538891 2.16897 0.00555732 -2.90401e-17 10.5513 1.57691 0.0615037 0.62368 0.0733488 -1.29193e-17 4.78644 0.715339 0.133656 6.81967 -4.77857 -1.8116e-17 4.82109 0.421791 -1.13275 -6.7664 -2.46661 -2.00958e-17 4.83041 0.765062 -4.6962 -9.85598 -2.56326 1.23299 -7.60731 7.53374 6.05169 0.340814 1.86983 12.9547 3.2495 -3.26872 -81.2889 25.8627 -3.22394 29.2081 0.0598081 0.137039 11.7613 -9.45889 -78.1383 24.234 0.0496219 0.113701 2.25472 -6.47196 -0.340525 -1.23299 -7.60729 7.53365 -9.91968 -1.63971 0.243075 -12.9547 3.2495 -3.26872 76.2564 4.38909 14.6648 -29.2081 0.0598081 0.137039 -11.6467 -8.98146 75.7909 -24.234 0.0496218 0.113702 1.13514 -2.77444 3.31554 9.23673 -4.20556 2.0327 -17.8169 -19.202 -21.0621 -0.852353 -38.7721 -0.655187 -5.01081 18.2431 0.483525 -2.32622 -40.4017 -6.04875 -1.6668 2.3519 15.1657 0.779096 -9.8844 12.4959 -3.12706e-15 -9.30684e-16 1.4797e-16 -9.23673 -4.20556 2.0327 -16.3994 -8.41617 13.1538 0.852353 -38.7721 -0.655187 3.05995 11.3419 -0.105257 2.32622 -40.4017 -6.04875 -2.2784 -5.24177 -15.3667 -0.779096 -9.8844 12.4959 -5.96354e-16 -5.59082e-16 -1.27471e-14 
9.70297 94.5184 89.4468 14.3592 5.04295 16.9203 0 5.07867 -1.15138 -0.8134 2.81942 0.288209 0 5.61661 1.07143 -0.58228 2.40227 0.21091 -1.02604e-17 5.98978 0.11501 -0.382242 2.6319 0.271101 -1.10457e-17 6.50583 -0.443523 -0.157844 2.55784 0.305694 -1.97295e-17 7.60548 -1.50593 0.13944 2.35844 0.295359 -2.53307e-17 9.49737 -0.914492 0.536575 2.06006 0.0583618 -2.90401e-17 10.5513 1.57691 0.0740305 0.660129 0.0506914 -1.29193e-17 4.78644 0.715339 0.167607 7.11267 -4.08941 -1.8116e-17 4.82109 0.421791 -1.22 -6.71767 -2.13671 -2.00958e-17 4.83041 0.765062 -4.90816 -9.96131 -2.56276 1.23299 -7.60731 7.53374 6.17373 0.240461 1.72995 12.9547 3.2495 -3.26872 -80.8558 24.5611 -3.35388 29.2081 0.0598081 0.137039 11.8068 -9.6771 -79.2047 24.234 0.0496219 0.113701 2.2229 -6.56925 -0.653516 -1.23299 -7.60729 7.53365 -10.5049 -1.76641 0.206608 -12.9547 3.2495 -3.26872 76.9682 4.64663 15.7584 -29.2081 0.0598081 0.137039 -11.5866 -8.76038 74.6965 -24.234 0.0496218 0.113702 0.93678 -2.26078 3.55673 9.23673 -4.20556 2.0327 -18.1301 -19.5191 -21.3338 -0.852353 -38.7721 -0.655187 -3.97228 14.6187 0.253007 -2.32622 -40.4017 -6.04875 -2.03311 4.05695 15.0668 0.779096 -9.8844 12.4959 -8.13258e-16 -8.34201e-16 5.14865e-17 -9.23673 -4.20556 2.0327 -16.1164 -7.99743 13.6692 0.852353 -38.7721 -0.655187 2.95848 10.973 -0.0920647 2.32622 -40.4017 -6.04875 -2.23742 -5.12483 -15.3379 -0.779096 -9.8844 12.4959 -5.96354e-16 -5.59082e-16 -1.27471e-14 
9.8042 94.6238 90.2021 14.5112 4.65536 15.5152 0 5.07867 -1.15138 -0.844603 2.80568 0.400153 0 5.61661 1.07143 -0.626155 2.40001 0.314518 -1.02604e-17 5.98978 0.11501 -0.432448 2.65862 0.369156 -1.10457e-17 6.50583 -0.443523 -0.216336 2.61962 0.39965 -1.97295e-17 7.60548 -1.50593 0.0980462 2.43024 0.391927 -2.53307e-17 9.49737 -0.914492 0.528416 2.14646 0.152174 -2.90401e-17 10.5513 1.57691 0.0880348 0.67931 0.0290088 -1.29193e-17 4.78644 0.715339 0.159251 7.3108 -3.51584 -1.8116e-17 4.82109 0.421791 -1.31346 -6.76512 -1.86392 -2.00958e-17 4.83041 0.765062 -5.0133 -10.0367 -2.66146 1.23299 -7.60731 7.53374 6.20784 0.0636103 1.58496 12.9547 3.2495 -3.26872 -80.3699 23.4958 -3.69395 29.2081 0.0598081 0.137039 11.8501 -9.90665 -80.323 24.234 0.0496219 0.113701 2.25036 -6.53904 -0.642297 -1.23299 -7.60729 7.53365 -10.8747 -1.94811 0.200156 -12.9547 3.2495 -3.26872 77.3384 4.7751 16.838 -29.2081 0.0598081 0.137039 -11.5205 -8.53502 73.5752 -24.234 0.0496218 0.113702 0.681357 -1.86397 3.59744 9.23673 -4.20556 2.0327 -18.325 -19.6387 -21.9519 -0.852353 -38.7721 -0.655187 -2.9153 10.8157 0.0866497 -2.32622 -40.4017 -6.04875 -2.88275 6.29259 15.0486 0.779096 -9.8844 12.4959 -3.11274e-15 -9.30013e-16 1.47298e-16 -9.23673 -4.20556 2.0327 -15.9175 -7.51229 14.2644 0.852353 -38.7721 -0.655187 2.89879 10.7555 -0.0846097 2.32622 -40.4017 -6.04875 -2.13158 -4.91173 -15.3115 -0.779096 -9.8844 12.4959 -9.86762e-16 -5.46882e-16 -1.27227e-14 
10.0175 94.7387 90.9586 14.5659 4.12712 14.3824 0 5.07867 -1.15138 -0.8193 2.7147 0.494372 0 5.61661 1.07143 -0.61916 2.35652 0.40643 -1.02604e-17 5.98978 0.11501 -0.444699 2.68527 0.455192 -1.10457e-17 6.50583 -0.443523 -0.25074 2.75579 0.481648 -1.97295e-17 7.60548 -1.50593 0.0624283 2.61251 0.474255 -2.53307e-17 9.49737 -0.914492 0.507482 2.37039 0.23742 -2.90401e-17 10.5513 1.57691 0.100726 0.688897 0.00632173 -1.29193e-17 4.78644 0.715339 0.139578 7.48202 -3.0039 -1.8116e-17 4.82109 0.421791 -1.45343 -6.86621 -1.62037 -2.00958e-17 4.83041 0.765062 -5.05621 -10.0951 -2.89577 1.23299 -7.60731 7.53374 6.10402 -0.164554 1.42455 12.9547 3.2495 -3.26872 -79.8565 22.5856 -4.23781 29.2081 0.0598081 0.137039 11.8788 -10.0743 -81.1374 24.234 0.0496219 0.113701 2.28172 -6.46034 -0.673002 -1.23299 -7.60729 7.53365 -11.1519 -2.17093 0.197599 -12.9547 3.2495 -3.26872 77.3967 4.93992 17.7815 -29.2081 0.0598081 0.137039 -11.4425 -8.28777 72.3379 -24.234 0.0496218 0.113702 0.258082 -1.757 3.60573 9.23673 -4.20556 2.0327 -18.3618 -19.6036 -23.132 -0.852353 -38.7721 -0.655187 -1.90676 7.108 -0.00579123 -2.32622 -40.4017 -6.04875 -4.1718 8.70627 15.1338 0.779096 -9.8844 12.4959 1.13878e-15 -7.48799e-16 -3.39153e-17 -9.23673 -4.20556 2.0327 -15.6977 -6.78768 14.7797 0.852353 -38.7721 -0.655187 2.82773 10.4964 -0.0760324 2.32622 -40.4017 -6.04875 -2.06711 -4.56478 -15.2793 -0.779096 -9.8844 12.4959 -2.13107e-16 -5.83259e-16 -1.27588e-14 
10.3018 94.8345 91.7286 14.5716 3.48608 13.4234 0 5.07867 -1.15138 -0.759575 2.64278 0.569644 0 5.61661 1.07143 -0.577577 2.33014 0.481201 -1.02604e-17 5.98978 0.11501 -0.428219 2.72407 0.523894 -1.10457e-17 6.50583 -0.443523 -0.263365 2.90181 0.546492 -1.97295e-17 7.60548 -1.50593 0.0361723 2.8031 0.537265 -2.53307e-17 9.49737 -0.914492 0.481675 2.60055 0.305815 -2.90401e-17 10.5513 1.57691 0.111093 0.701314 -0.0146388 -1.29193e-17 4.78644 0.715339 0.123104 7.58947 -2.5437 -1.8116e-17 4.82109 0.421791 -1.56953 -6.9404 -1.39797 -2.00958e-17 4.83041 0.765062 -5.1277 -10.097 -3.14793 1.23299 -7.60731 7.53374 5.85612 -0.36959 1.23126 12.9547 3.2495 -3.26872 -79.2743 21.7691 -4.82589 29.2081 0.0598081 0.137039 11.8971 -10.1896 -81.6972 24.234 0.0496219 0.113701 2.3445 -6.49617 -0.827296 -1.23299 -7.60729 7.53365 -11.3541 -2.36418 0.224964 -12.9547 3.2495 -3.26872 77.2297 5.11548 18.551 -29.2081 0.0598081 0.137039 -11.3518 -8.02152 70.9962 -24.234 0.0496218 0.113702 -0.218319 -1.78223 3.62584 9.23673 -4.20556 2.0327 -18.2805 -19.475 -24.7229 -0.852353 -38.7721 -0.655187 -1.01001 3.77187 -0.0325989 -2.32622 -40.4017 -6.04875 -5.61049 10.7175 15.2932 0.779096 -9.8844 12.4959 -7.34484e-16 -8.30844e-16 4.81296e-17 -9.23673 -4.20556 2.0327 -15.4732 -5.90013 15.2399 0.852353 -38.7721 -0.655187 2.76831 10.2794 -0.0691064 2.32622 -40.4017 -6.04875 -2.08671 -4.21815 -15.2483 -0.779096 -9.8844 12.4959 -5.89193e-16 -5.59529e-16 -1.27473e-14 
10.6301 94.8786 92.5385 14.471 2.84504 12.4313 0 5.07867 -1.15138 -0.682326 2.57492 0.637502 0 5.61661 1.07143 -0.515653 2.30786 0.549686 -1.02604e-17 5.98978 0.11501 -0.391354 2.7609 0.587024 -1.10457e-17 6.50583 -0.443523 -0.256227 3.0386 0.606444 -1.97295e-17 7.60548 -1.50593 0.0261901 2.98166 0.593285 -2.53307e-17 9.49737 -0.914492 0.466922 2.81403 0.364685 -2.90401e-17 10.5513 1.57691 0.119571 0.712231 -0.0315963 -1.29193e-17 4.78644 0.715339 0.124756 7.64539 -2.11822 -1.8116e-17 4.82109 0.421791 -1.59541 -6.96738 -1.18747 -2.00958e-17 4.83041 0.765062 -5.24546 -10.091 -3.2874 1.23299 -7.60731 7.53374 5.56746 -0.539732 1.04427 12.9547 3.2495 -3.26872 -78.7046 21.0003 -5.31815 29.2081 0.0598081 0.137039 11.9148 -10.3088 -82.2747 24.234 0.0496219 0.113701 2.50335 -6.65772 -0.978756 -1.23299 -7.60729 7.53365 -11.4806 -2.51119 0.253428 -12.9547 3.2495 -3.26872 76.952 5.28665 19.246 -29.2081 0.0598081 0.137039 -11.2532 -7.75302 69.6324 -24.234 0.0496218 0.113702 -0.598605 -1.75118 3.64521 9.23673 -4.20556 2.0327 -18.0458 -19.42 -26.344 -0.852353 -38.7721 -0.655187 -0.296075 1.1054 -0.0164386 -2.32622 -40.4017 -6.04875 -6.78699 11.8361 15.4386 0.779096 -9.8844 12.4959 -1.55111e-15 -8.69012e-16 8.62969e-17 -9.23673 -4.20556 2.0327 -15.1832 -5.05254 15.786 0.852353 -38.7721 -0.655187 2.73786 10.1681 -0.0656454 2.32622 -40.4017 -6.04875 -2.14898 -4.03382 -15.23 -0.779096 -9.8844 12.4959 -5.96354e-16 -5.59082e-16 -1.27471e-14 
10.9865 94.8786 93.4345 14.3117 2.10312 11.4574 0 5.07867 -1.15138 -0.613698 2.51197 0.701031 0 5.61661 1.07143 -0.45813 2.28472 0.613691 -1.02604e-17 5.98978 0.11501 -0.355113 2.78605 0.646433 -1.10457e-17 6.50583 -0.443523 -0.245704 3.14539 0.663082 -1.97295e-17 7.60548 -1.50593 0.0226264 3.12401 0.64625 -2.53307e-17 9.49737 -0.914492 0.46056 2.98475 0.41864 -2.90401e-17 10.5513 1.57691 0.122973 0.721696 -0.0423748 -1.29193e-17 4.78644 0.715339 0.132626 7.57599 -1.77609 -1.8116e-17 4.82109 0.421791 -1.58074 -6.8562 -1.01609 -2.00958e-17 4.83041 0.765062 -5.2419 -9.8535 -3.30498 1.23299 -7.60731 7.53374 5.18369 -0.650963 0.80408 12.9547 3.2495 -3.26872 -78.0989 20.188 -5.69902 29.2081 0.0598081 0.137039 11.9317 -10.4311 -82.8667 24.234 0.0496219 0.113701 2.63907 -6.72874 -1.04307 -1.23299 -7.60729 7.53365 -11.4492 -2.57668 0.332097 -12.9547 3.2495 -3.26872 76.5742 5.46251 19.7903 -29.2081 0.0598081 0.137039 -11.1458 -7.48074 68.2371 -24.234 0.0496218 0.113702 -0.901737 -1.70427 3.62978 9.23673 -4.20556 2.0327 -17.7235 -19.2172 -27.7838 -0.852353 -38.7721 -0.655187 0.220238 -0.821346 0.015916 -2.32622 -40.4017 -6.04875 -7.56377 12.1817 15.5196 0.779096 -9.8844 12.4959 -3.79685e-18 -7.96481e-16 1.37668e-17 -9.23673 -4.20556 2.0327 -14.8516 -4.0647 16.4383 0.852353 -38.7721 -0.655187 2.7226 10.1123 -0.0639335 2.32622 -40.4017 -6.04875 -2.21988 -4.00255 -15.2221 -0.779096 -9.8844 12.4959 -5.96354e-16 -5.59082e-16 -1.27471e-14 
11.3422 94.8357 94.4508 14.0977 1.27159 10.5897 0 5.07867 -1.15138 -0.588785 2.31029 0.761252 0 5.61661 1.07143 -0.437041 2.16749 0.67036 -1.02604e-17 5.98978 0.11501 -0.344588 2.76385 0.699177 -1.10457e-17 6.50583 -0.443523 -0.249347 3.28 0.713347 -1.97295e-17 7.60548 -1.50593 0.016675 3.33859 0.696171 -2.53307e-17 9.49737 -0.914492 0.462525 3.25363 0.468492 -2.90401e-17 10.5513 1.57691 0.121163 0.714487 -0.0505933 -1.29193e-17 4.78644 0.715339 0.155729 7.45929 -1.54801 -1.8116e-17 4.82109 0.421791 -1.49981 -6.66033 -0.901491 -2.00958e-17 4.83041 0.765062 -5.03306 -9.45664 -3.23323 1.23299 -7.60731 7.53374 4.73216 -0.790686 0.576726 12.9547 3.2495 -3.26872 -77.4031 19.3915 -6.12858 29.2081 0.0598081 0.137039 11.9435 -10.5227 -83.3095 24.234 0.0496219 0.113701 2.72083 -6.51814 -1.01004 -1.23299 -7.60729 7.53365 -11.2067 -2.6422 0.410246 -12.9547 3.2495 -3.26872 76.1395 5.67501 20.1984 -29.2081 0.0598081 0.137039 -11.0298 -7.20659 66.8186 -24.234 0.0496218 0.113702 -1.12352 -1.72564 3.55501 9.23673 -4.20556 2.0327 -17.3752 -18.7956 -28.9412 -0.852353 -38.7721 -0.655187 0.511107 -1.90425 0.0417394 -2.32622 -40.4017 -6.04875 -7.86132 12.0361 15.5252 0.779096 -9.8844 12.4959 8.05664e-16 -7.58538e-16 -2.41767e-17 -9.23673 -4.20556 2.0327 -14.4708 -2.85143 17.2084 0.852353 -38.7721 -0.655187 2.70112 10.0337 -0.0615486 2.32622 -40.4017 -6.04875 -2.31898 -4.10346 -15.224 -0.779096 -9.8844 12.4959 5.7487e-16 -6.20083e-16 -1.27959e-14 
11.6907 94.7532 95.5578 13.8902 0.362111 9.81656 0 5.07867 -1.15138 -0.635102 1.89726 0.828761 0 5.61661 1.07143 -0.480995 1.91433 0.728212 -1.02604e-17 5.98978 0.11501 -0.384766 2.69337 0.75396 -1.10457e-17 6.50583 -0.443523 -0.288083 3.5075 0.766369 -1.97295e-17 7.60548 -1.50593 -0.00486076 3.72346 0.75574 -2.53307e-17 9.49737 -0.914492 0.46974 3.7403 0.528526 -2.90401e-17 10.5513 1.57691 0.1156 0.67755 -0.0591983 -1.29193e-17 4.78644 0.715339 0.189269 7.33339 -1.44788 -1.8116e-17 4.82109 0.421791 -1.31977 -6.48107 -0.851817 -2.00958e-17 4.83041 0.765062 -4.6184 -9.00571 -3.10907 1.23299 -7.60731 7.53374 4.25702 -1.03199 0.421188 12.9547 3.2495 -3.26872 -76.5627 18.666 -6.81473 29.2081 0.0598081 0.137039 11.9488 -10.5663 -83.52 24.234 0.0496219 0.113701 2.72577 -6.07223 -0.889207 -1.23299 -7.60729 7.53365 -10.7459 -2.77979 0.446003 -12.9547 3.2495 -3.26872 75.7156 5.82535 20.5454 -29.2081 0.0598081 0.137039 -10.9146 -6.95162 65.4857 -24.234 0.0496218 0.113702 -1.16978 -1.85014 3.37873 9.23673 -4.20556 2.0327 -17.0968 -18.2047 -29.9013 -0.852353 -38.7721 -0.655187 0.534852 -1.99254 0.0440881 -2.32622 -40.4017 -6.04875 -7.84032 11.7685 15.5016 0.779096 -9.8844 12.4959 3.91706e-17 -7.94467e-16 1.17527e-17 -9.23673 -4.20556 2.0327 -14.1037 -1.49515 18.1586 0.852353 -38.7721 -0.655187 2.70146 10.035 -0.061586 2.32622 -40.4017 -6.04875 -2.42844 -4.32254 -15.2398 -0.779096 -9.8844 12.4959 -9.65278e-16 -5.48001e-16 -1.27236e-14 
12.0433 94.637 96.7111 13.816 -0.713355 9.09803 0 5.07867 -1.15138 -0.757035 1.36434 0.912582 0 5.61661 1.07143 -0.597687 1.58582 0.795651 -1.02604e-17 5.98978 0.11501 -0.486028 2.60495 0.818777 -1.10457e-17 6.50583 -0.443523 -0.374531 3.80641 0.82983 -1.97295e-17 7.60548 -1.50593 -0.055358 4.2308 0.83467 -2.53307e-17 9.49737 -0.914492 0.470838 4.37671 0.611926 -2.90401e-17 10.5513 1.57691 0.105526 0.619834 -0.0666709 -1.29193e-17 4.78644 0.715339 0.208977 7.17332 -1.48974 -1.8116e-17 4.82109 0.421791 -1.09393 -6.30999 -0.876161 -2.00958e-17 4.83041 0.765062 -4.01686 -8.45609 -2.93429 1.23299 -7.60731 7.53374 3.79195 -1.33157 0.314927 12.9547 3.2495 -3.26872 -75.598 18.0033 -7.73056 29.2081 0.0598081 0.137039 11.9494 -10.5708 -83.542 24.234 0.0496219 0.113701 2.62154 -5.51265 -0.679307 -1.23299 -7.60729 7.53365 -10.1166 -2.94959 0.451096 -12.9547 3.2495 -3.26872 75.3146 5.91197 20.747 -29.2081 0.0598081 0.137039 -10.8109 -6.73461 64.3401 -24.234 0.0496218 0.113702 -1.02707 -2.12859 3.14691 9.23673 -4.20556 2.0327 -17.0136 -17.4429 -30.8106 -0.852353 -38.7721 -0.655187 0.284914 -1.06234 0.021186 -2.32622 -40.4017 -6.04875 -7.781 11.7123 15.5103 0.779096 -9.8844 12.4959 -1.14638e-15 -8.4394e-16 6.12251e-17 -9.23673 -4.20556 2.0327 -13.869 -0.0768069 19.2475 0.852353 -38.7721 -0.655187 2.79327 10.3706 -0.0719886 2.32622 -40.4017 -6.04875 -2.52804 -4.6587 -15.278 -0.779096 -9.8844 12.4959 9.58117e-16 -6.3206e-16 -1.28076e-14 
12.4051 94.4683 97.9528 13.7812 -1.93003 8.3656 0 5.07867 -1.15138 -0.910951 0.798826 1.00271 0 5.61661 1.07143 -0.742909 1.23547 0.865033 -1.02604e-17 5.98978 0.11501 -0.608773 2.5091 0.886809 -1.10457e-17 6.50583 -0.443523 -0.476276 4.10996 0.896658 -1.97295e-17 7.60548 -1.50593 -0.111764 4.75383 0.91964 -2.53307e-17 9.49737 -0.914492 0.472915 5.02789 0.702214 -2.90401e-17 10.5513 1.57691 0.0885676 0.559136 -0.0693242 -1.29193e-17 4.78644 0.715339 0.214 7.00611 -1.62327 -1.8116e-17 4.82109 0.421791 -0.874141 -6.09123 -0.945203 -2.00958e-17 4.83041 0.765062 -3.37282 -7.85881 -2.6582 1.23299 -7.60731 7.53374 3.39006 -1.64984 0.223401 12.9547 3.2495 -3.26872 -74.5789 17.4312 -8.63723 29.2081 0.0598081 0.137039 11.9466 -10.5479 -83.4312 24.234 0.0496219 0.113701 2.56798 -5.06906 -0.453728 -1.23299 -7.60729 7.53365 -9.42073 -3.09817 0.466436 -12.9547 3.2495 -3.26872 74.861 6.03308 20.6898 -29.2081 0.0598081 0.137039 -10.7236 -6.55996 63.41 -24.234 0.0496218 0.113702 -0.745805 -2.57414 3.01018 9.23673 -4.20556 2.0327 -16.8957 -16.0678 -31.1044 -0.852353 -38.7721 -0.655187 0.0745424 -0.278104 0.00503531 -2.32622 -40.4017 -6.04875 -7.47273 11.4281 15.5031 0.779096 -9.8844 12.4959 -3.87044e-16 -8.08234e-16 2.55194e-17 -9.23673 -4.20556 2.0327 -13.6766 1.39541 20.643 0.852353 -38.7721 -0.655187 2.96687 11.0035 -0.0931295 2.32622 -40.4017 -6.04875 -2.53182 -5.1765 -15.3566 -0.779096 -9.8844 12.4959 -9.58117e-16 -5.48224e-16 -1.27238e-14 
12.7575 94.2394 99.2543 13.6026 -3.24915 7.49231 0 5.07867 -1.15138 -1.01936 0.301587 1.10864 0 5.61661 1.07143 -0.852057 0.929898 0.955049 -1.02604e-17 5.98978 0.11501 -0.705784 2.42394 0.977405 -1.10457e-17 6.50583 -0.443523 -0.564356 4.36389 0.987032 -1.97295e-17 7.60548 -1.50593 -0.161583 5.19693 1.02695 -2.53307e-17 9.49737 -0.914492 0.476276 5.56844 0.814921 -2.90401e-17 10.5513 1.57691 0.0697797 0.514064 -0.0695539 -1.29193e-17 4.78644 0.715339 0.196074 6.71844 -1.69325 -1.8116e-17 4.82109 0.421791 -0.681725 -5.94669 -0.982133 -2.00958e-17 4.83041 0.765062 -2.82759 -7.1324 -2.4651 1.23299 -7.60731 7.53374 3.13087 -1.92082 0.157229 12.9547 3.2495 -3.26872 -73.7939 16.8997 -9.33342 29.2081 0.0598081 0.137039 11.9467 -10.5486 -83.4346 24.234 0.0496219 0.113701 2.51868 -4.748 -0.235707 -1.23299 -7.60729 7.53365 -8.77668 -3.17956 0.455884 -12.9547 3.2495 -3.26872 74.4781 6.23 20.4038 -29.2081 0.0598081 0.137039 -10.6627 -6.44225 62.7789 -24.234 0.0496218 0.113702 -0.396055 -2.88149 2.94093 9.23673 -4.20556 2.0327 -16.5243 -14.2525 -31.2395 -0.852353 -38.7721 -0.655187 0.0105553 -0.039386 0.000691114 -2.32622 -40.4017 -6.04875 -7.23712 10.6218 15.4683 0.779096 -9.8844 12.4959 7.98489e-16 -7.58762e-16 -2.39523e-17 -9.23673 -4.20556 2.0327 -13.3258 2.68603 22.4553 0.852353 -38.7721 -0.655187 3.27136 12.1079 -0.134841 2.32622 -40.4017 -6.04875 -2.39453 -5.77259 -15.4595 -0.779096 -9.8844 12.4959 -1.38433e-15 -5.34458e-16 -1.271e-14 
13.1691 93.9292 100.521 13.4248 -4.18901 6.42634 0 5.07867 -1.15138 -1.06339 -0.12896 1.19913 0 5.61661 1.07143 -0.905082 0.657885 1.03595 -1.02604e-17 5.98978 0.11501 -0.759473 2.32781 1.05995 -1.10457e-17 6.50583 -0.443523 -0.621723 4.53362 1.07032 -1.97295e-17 7.60548 -1.50593 -0.196458 5.52254 1.12291 -2.53307e-17 9.49737 -0.914492 0.476341 5.96336 0.916949 -2.90401e-17 10.5513 1.57691 0.0487953 0.478421 -0.0686347 -1.29193e-17 4.78644 0.715339 0.153791 6.38505 -1.56668 -1.8116e-17 4.82109 0.421791 -0.643466 -5.83958 -0.931404 -2.00958e-17 4.83041 0.765062 -2.635 -6.65286 -2.45814 1.23299 -7.60731 7.53374 3.07975 -2.12778 0.210766 12.9547 3.2495 -3.26872 -73.4989 16.4152 -9.6316 29.2081 0.0598081 0.137039 11.9563 -10.6297 -83.8263 24.234 0.0496219 0.113701 2.61647 -4.70836 -0.181933 -1.23299 -7.60729 7.53365 -8.33664 -3.18699 0.372863 -12.9547 3.2495 -3.26872 74.1413 6.68457 20.086 -29.2081 0.0598081 0.137039 -10.6386 -6.39655 62.5329 -24.234 0.0496218 0.113702 -0.175096 -2.73822 2.88584 9.23673 -4.20556 2.0327 -16.3412 -12.9391 -31.4107 -0.852353 -38.7721 -0.655187 -0.140048 0.522738 -0.00848545 -2.32622 -40.4017 -6.04875 -6.60092 9.01096 15.3327 0.779096 -9.8844 12.4959 3.918e-17 -7.94467e-16 1.17522e-17 -9.23673 -4.20556 2.0327 -13.0289 3.1328 24.5983 0.852353 -38.7721 -0.655187 3.79755 13.9973 -0.220685 2.32622 -40.4017 -6.04875 -2.14534 -6.6813 -15.6171 -0.779096 -9.8844 12.4959 -1.7819e-15 -5.09834e-16 -1.26976e-14 
13.5537 93.4362 101.724 13.3334 -4.05105 5.10824 0 5.07867 -1.15138 -1.17464 -0.357777 1.25935 0 5.61661 1.07143 -1.0127 0.4505 1.07774 -1.02604e-17 5.98978 0.11501 -0.84793 2.11753 1.10579 -1.10457e-17 6.50583 -0.443523 -0.691805 4.30558 1.11698 -1.97295e-17 7.60548 -1.50593 -0.229614 5.31664 1.17802 -2.53307e-17 9.49737 -0.914492 0.481821 5.74526 0.973048 -2.90401e-17 10.5513 1.57691 0.0272589 0.486429 -0.0587529 -1.29193e-17 4.78644 0.715339 0.0950076 5.86697 -1.28938 -1.8116e-17 4.82109 0.421791 -0.658629 -5.41731 -0.81312 -2.00958e-17 4.83041 0.765062 -2.74822 -6.1753 -2.28887 1.23299 -7.60731 7.53374 3.21009 -2.00642 0.266767 12.9547 3.2495 -3.26872 -73.5602 15.7557 -8.87882 29.2081 0.0598081 0.137039 11.9748 -10.8008 -84.6524 24.234 0.0496219 0.113701 2.91731 -5.03021 -0.497662 -1.23299 -7.60729 7.53365 -8.15546 -2.8559 0.282692 -12.9547 3.2495 -3.26872 74.1176 7.56456 19.2034 -29.2081 0.0598081 0.137039 -10.6622 -6.44129 62.7738 -24.234 0.0496218 0.113702 -0.0557815 -2.30706 3.14357 9.23673 -4.20556 2.0327 -16.3391 -12.6266 -30.573 -0.852353 -38.7721 -0.655187 -0.310988 1.1611 -0.0171158 -2.32622 -40.4017 -6.04875 -4.97581 6.20218 15.0923 0.779096 -9.8844 12.4959 4.15251e-16 -7.82939e-16 2.23937e-19 -9.23673 -4.20556 2.0327 -12.8204 1.9279 26.7004 0.852353 -38.7721 -0.655187 4.63033 16.9299 -0.391527 2.32622 -40.4017 -6.04875 -1.86972 -8.43835 -15.876 -0.779096 -9.8844 12.4959 5.53358e-16 -6.19187e-16 -1.2795e-14 
13.9941 93.003 102.812 13.6344 -2.79732 3.73239 0 5.07867 -1.15138 -1.44288 -0.468829 1.30694 0 5.61661 1.07143 -1.26324 0.252602 1.09258 -1.02604e-17 5.98978 0.11501 -1.04668 1.78292 1.12425 -1.10457e-17 6.50583 -0.443523 -0.83698 3.75794 1.13555 -1.97295e-17 7.60548 -1.50593 -0.307554 4.70877 1.20978 -2.53307e-17 9.49737 -0.914492 0.47213 5.06144 1.00807 -2.90401e-17 10.5513 1.57691 0.00916092 0.525318 -0.0385203 -1.29193e-17 4.78644 0.715339 -0.00017999 4.95752 -0.902775 -1.8116e-17 4.82109 0.421791 -0.674547 -4.8493 -0.649696 -2.00958e-17 4.83041 0.765062 -2.95552 -5.45007 -2.08132 1.23299 -7.60731 7.53374 3.39911 -1.59674 0.29805 12.9547 3.2495 -3.26872 -73.8146 14.997 -7.55861 29.2081 0.0598081 0.137039 11.9961 -11.0368 -85.7906 24.234 0.0496219 0.113701 3.25776 -5.39601 -0.890657 -1.23299 -7.60729 7.53365 -7.9508 -2.25318 0.260688 -12.9547 3.2495 -3.26872 74.458 8.43709 17.6703 -29.2081 0.0598081 0.137039 -10.7236 -6.56011 63.4109 -24.234 0.0496218 0.113702 0.0398088 -1.76991 3.86069 9.23673 -4.20556 2.0327 -16.7904 -13.3567 -29.0143 -0.852353 -38.7721 -0.655187 -0.435216 1.62516 -0.0221949 -2.32622 -40.4017 -6.04875 -3.11538 3.87401 14.9362 0.779096 -9.8844 12.4959 3.20141e-17 -7.94915e-16 1.22001e-17 -9.23673 -4.20556 2.0327 -12.9961 -1.02736 28.1955 0.852353 -38.7721 -0.655187 5.76793 20.8009 -0.691817 2.32622 -40.4017 -6.04875 -1.34948 -9.90084 -16.1323 -0.779096 -9.8844 12.4959 -9.65259e-16 -5.48001e-16 -1.27236e-14 
14.6636 92.8149 103.832 14.5252 -0.736356 3.08635 0 5.07867 -1.15138 -1.8184 -0.710695 1.2949 0 5.61661 1.07143 -1.61638 -0.0676209 1.04221 -1.02604e-17 5.98978 0.11501 -1.33147 1.35842 1.07241 -1.10457e-17 6.50583 -0.443523 -1.0465 3.20292 1.08183 -1.97295e-17 7.60548 -1.50593 -0.445585 4.1574 1.17776 -2.53307e-17 9.49737 -0.914492 0.408838 4.46332 0.997839 -2.90401e-17 10.5513 1.57691 -0.00557024 0.553637 -0.0134207 -1.29193e-17 4.78644 0.715339 -0.143844 3.85682 -0.700413 -1.8116e-17 4.82109 0.421791 -0.824851 -4.45087 -0.587818 -2.00958e-17 4.83041 0.765062 -3.05884 -4.84886 -2.00552 1.23299 -7.60731 7.53374 3.52455 -1.19244 0.372713 12.9547 3.2495 -3.26872 -74.1644 14.4687 -6.57327 29.2081 0.0598081 0.137039 12.0131 -11.2802 -86.9637 24.234 0.0496219 0.113701 3.40626 -5.5748 -1.13133 -1.23299 -7.60729 7.53365 -7.65809 -1.73042 0.336423 -12.9547 3.2495 -3.26872 74.783 8.79754 15.7351 -29.2081 0.0598081 0.137039 -10.8201 -6.75328 64.4391 -24.234 0.0496218 0.113702 0.00826632 -1.46243 4.70285 9.23673 -4.20556 2.0327 -18.1228 -14.787 -28.055 -0.852353 -38.7721 -0.655187 -0.475124 1.77425 -0.0236133 -2.32622 -40.4017 -6.04875 -1.95777 3.14158 14.8754 0.779096 -9.8844 12.4959 2.48481e-17 -7.95139e-16 1.2424e-17 -9.23673 -4.20556 2.0327 -13.9859 -4.88951 28.1933 0.852353 -38.7721 -0.655187 7.03456 24.8984 -1.11213 2.32622 -40.4017 -6.04875 -0.392441 -10.1475 -16.3215 -0.779096 -9.8844 12.4959 -2.13117e-16 -5.83258e-16 -1.27588e-14 
15.4326 93.0162 104.795 15.7076 0.129782 3.3801 0 5.07867 -1.15138 -2.18323 -0.886318 1.25893 0 5.61661 1.07143 -1.96842 -0.284956 0.970379 -1.02604e-17 5.98978 0.11501 -1.6291 1.12638 0.993027 -1.10457e-17 6.50583 -0.443523 -1.2786 2.98642 0.999119 -1.97295e-17 7.60548 -1.50593 -0.622487 4.00473 1.12609 -2.53307e-17 9.49737 -0.914492 0.297088 4.33661 0.983565 -2.90401e-17 10.5513 1.57691 -0.0207629 0.56487 0.00993867 -1.29193e-17 4.78644 0.715339 -0.333231 2.87869 -0.718114 -1.8116e-17 4.82109 0.421791 -1.13352 -4.55933 -0.641965 -2.00958e-17 4.83041 0.765062 -2.92625 -4.02629 -2.24327 1.23299 -7.60731 7.53374 3.3078 -1.00667 0.346924 12.9547 3.2495 -3.26872 -74.1509 14.264 -6.928 29.2081 0.0598081 0.137039 12.0155 -11.3205 -87.1577 24.234 0.0496219 0.113701 3.17864 -5.43997 -0.948677 -1.23299 -7.60729 7.53365 -7.13444 -1.50697 0.573972 -12.9547 3.2495 -3.26872 74.796 8.39493 13.9828 -29.2081 0.0598081 0.137039 -10.9074 -6.93607 65.404 -24.234 0.0496218 0.113702 -0.0295244 -1.46021 5.00621 9.23673 -4.20556 2.0327 -19.9141 -15.0512 -28.6057 -0.852353 -38.7721 -0.655187 -0.43424 1.62151 -0.022159 -2.32622 -40.4017 -6.04875 -2.00964 4.31336 14.8605 0.779096 -9.8844 12.4959 2.48481e-17 -7.95139e-16 1.2424e-17 -9.23673 -4.20556 2.0327 -15.543 -7.1973 26.8608 0.852353 -38.7721 -0.655187 8.12398 28.2251 -1.54104 2.32622 -40.4017 -6.04875 0.833108 -8.20198 -16.3561 -0.779096 -9.8844 12.4959 9.72425e-16 -6.3273e-16 -1.28083e-14 
16.0776 93.5583 105.731 16.9208 -1.38132 4.24235 0 5.07867 -1.15138 -2.46963 -0.736678 1.24846 0 5.61661 1.07143 -2.24388 -0.144815 0.928347 -1.02604e-17 5.98978 0.11501 -1.87424 1.33203 0.936875 -1.10457e-17 6.50583 -0.443523 -1.47859 3.31068 0.938163 -1.97295e-17 7.60548 -1.50593 -0.789166 4.38515 1.10006 -2.53307e-17 9.49737 -0.914492 0.180865 4.79756 0.993925 -2.90401e-17 10.5513 1.57691 -0.0358085 0.558837 0.0235009 -1.29193e-17 4.78644 0.715339 -0.51833 2.70608 -0.935329 -1.8116e-17 4.82109 0.421791 -1.45885 -5.25649 -0.78961 -2.00958e-17 4.83041 0.765062 -2.80803 -3.59992 -2.57111 1.23299 -7.60731 7.53374 2.83974 -1.16245 0.195025 12.9547 3.2495 -3.26872 -73.6858 14.2565 -8.77648 29.2081 0.0598081 0.137039 11.9974 -11.0524 -85.8657 24.234 0.0496219 0.113701 2.84238 -5.27072 -0.657507 -1.23299 -7.60729 7.53365 -6.46386 -1.71281 0.866459 -12.9547 3.2495 -3.26872 74.6731 7.36562 12.9888 -29.2081 0.0598081 0.137039 -10.9581 -7.046 65.9807 -24.234 0.0496218 0.113702 0.136205 -1.60712 4.80894 9.23673 -4.20556 2.0327 -21.5155 -12.9805 -29.8177 -0.852353 -38.7721 -0.655187 -0.310299 1.15853 -0.0170848 -2.32622 -40.4017 -6.04875 -3.00563 6.78426 14.8868 0.779096 -9.8844 12.4959 4.15251e-16 -7.82939e-16 2.23937e-19 -9.23673 -4.20556 2.0327 -17.1901 -6.44401 25.0535 0.852353 -38.7721 -0.655187 8.76143 30.0829 -1.81892 2.32622 -40.4017 -6.04875 2.15357 -4.43026 -16.3236 -0.779096 -9.8844 12.4959 9.93923e-16 -6.33626e-16 -1.28092e-14 
16.5182 94.0913 106.737 17.9834 -4.04432 5.10439 0 5.07867 -1.15138 -2.67776 -0.394764 1.27501 0 5.61661 1.07143 -2.43839 0.211138 0.927955 -1.02604e-17 5.98978 0.11501 -2.05298 1.78146 0.920996 -1.10457e-17 6.50583 -0.443523 -1.62373 3.903 0.916906 -1.97295e-17 7.60548 -1.50593 -0.913707 5.00734 1.11018 -2.53307e-17 9.49737 -0.914492 0.100718 5.4876 1.02894 -2.90401e-17 10.5513 1.57691 -0.0466182 0.544059 0.0269034 -1.29193e-17 4.78644 0.715339 -0.638001 3.41033 -1.18685 -1.8116e-17 4.82109 0.421791 -1.64994 -5.99014 -0.939966 -2.00958e-17 4.83041 0.765062 -2.94762 -4.06374 -2.86368 1.23299 -7.60731 7.53374 2.55959 -1.5459 0.0417203 12.9547 3.2495 -3.26872 -73.2312 14.3636 -10.8725 29.2081 0.0598081 0.137039 11.9633 -10.6914 -84.1247 24.234 0.0496219 0.113701 2.65788 -5.31327 -0.480275 -1.23299 -7.60729 7.53365 -5.94569 -2.1792 1.09218 -12.9547 3.2495 -3.26872 74.8365 6.18304 12.3409 -29.2081 0.0598081 0.137039 -11.0136 -7.16971 66.6265 -24.234 0.0496218 0.113702 0.368425 -1.3559 4.3722 9.23673 -4.20556 2.0327 -22.6456 -9.61165 -30.4398 -0.852353 -38.7721 -0.655187 -0.132051 0.49288 -0.00803518 -2.32622 -40.4017 -6.04875 -3.95602 9.13154 14.9376 0.779096 -9.8844 12.4959 2.76484e-15 -6.72914e-16 -1.09801e-16 -9.23673 -4.20556 2.0327 -18.626 -3.90316 23.2886 0.852353 -38.7721 -0.655187 9.02477 30.8309 -1.93923 2.32622 -40.4017 -6.04875 3.40585 -0.678694 -16.3626 -0.779096 -9.8844 12.4959 8.02118e-15 -9.38629e-16 -1.31142e-14 
16.829 94.1224 107.765 17.892 -4.84696 4.64963 0 5.07867 -1.15138 -2.60908 -0.554577 1.29332 0 5.61661 1.07143 -2.38475 0.184328 0.956488 -1.02604e-17 5.98978 0.11501 -2.01879 1.95404 0.945035 -1.10457e-17 6.50583 -0.443523 -1.60152 4.40495 0.940155 -1.97295e-17 7.60548 -1.50593 -0.911612 5.63967 1.13513 -2.53307e-17 9.49737 -0.914492 0.0958944 6.21836 1.05721 -2.90401e-17 10.5513 1.57691 -0.0481279 0.47694 0.0205838 -1.29193e-17 4.78644 0.715339 -0.605961 4.52044 -0.793815 -1.8116e-17 4.82109 0.421791 -1.58403 -6.56811 -0.751112 -2.00958e-17 4.83041 0.765062 -3.9247 -5.80814 -3.31425 1.23299 -7.60731 7.53374 2.86681 -2.12752 0.278088 12.9547 3.2495 -3.26872 -73.7929 14.187 -11.9078 29.2081 0.0598081 0.137039 11.9538 -10.6076 -83.7198 24.234 0.0496219 0.113701 2.87798 -5.41281 -0.391613 -1.23299 -7.60729 7.53365 -5.77169 -2.72402 1.01167 -12.9547 3.2495 -3.26872 75.1148 5.60624 12.2524 -29.2081 0.0598081 0.137039 -11.1239 -7.42755 67.9629 -24.234 0.0496218 0.113702 0.741715 -0.583486 3.93109 9.23673 -4.20556 2.0327 -22.5974 -7.94217 -29.7741 -0.852353 -38.7721 -0.655187 0.0506093 -0.188825 0.00337938 -2.32622 -40.4017 -6.04875 -3.29805 8.72875 14.8491 0.779096 -9.8844 12.4959 1.63662e-15 -7.31899e-16 -5.08158e-17 -9.23673 -4.20556 2.0327 -18.764 -3.98688 22.1353 0.852353 -38.7721 -0.655187 9.70606 32.7132 -2.2648 2.32622 -40.4017 -6.04875 4.04225 0.769737 -16.3644 -0.779096 -9.8844 12.4959 2.29412e-15 -6.88025e-16 -1.28636e-14 
16.9833 93.7686 108.766 17.147 -4.84329 3.42188 0 5.07867 -1.15138 -2.46415 -0.2135 1.30561 0 5.61661 1.07143 -2.26707 0.390223 0.991548 -1.02604e-17 5.98978 0.11501 -1.92813 1.96126 0.985817 -1.10457e-17 6.50583 -0.443523 -1.54205 4.09923 0.982938 -1.97295e-17 7.60548 -1.50593 -0.871441 5.15568 1.16272 -2.53307e-17 9.49737 -0.914492 0.11238 5.62912 1.07359 -2.90401e-17 10.5513 1.57691 -0.0568565 0.527595 0.0307997 -1.29193e-17 4.78644 0.715339 -0.601539 4.80369 -0.184061 -1.8116e-17 4.82109 0.421791 -1.62633 -6.13039 -0.446958 -2.00958e-17 4.83041 0.765062 -4.54514 -6.06412 -3.4402 1.23299 -7.60731 7.53374 3.08761 -1.9249 0.208687 12.9547 3.2495 -3.26872 -74.6612 13.3173 -11.0306 29.2081 0.0598081 0.137039 11.9592 -10.6549 -83.9485 24.234 0.0496219 0.113701 2.84138 -5.24403 -0.629627 -1.23299 -7.60729 7.53365 -5.79141 -2.40769 1.04865 -12.9547 3.2495 -3.26872 75.407 6.08467 11.2548 -29.2081 0.0598081 0.137039 -11.2136 -7.65036 69.1077 -24.234 0.0496218 0.113702 0.745835 -0.226894 4.00712 9.23673 -4.20556 2.0327 -21.8437 -7.24294 -28.3511 -0.852353 -38.7721 -0.655187 0.181053 -0.675284 0.0128546 -2.32622 -40.4017 -6.04875 -1.55706 6.92849 14.7053 0.779096 -9.8844 12.4959 -3.36891e-16 -8.06219e-16 2.35045e-17 -9.23673 -4.20556 2.0327 -17.8358 -5.97906 21.6125 0.852353 -38.7721 -0.655187 11.1795 36.5245 -3.03489 2.32622 -40.4017 -6.04875 4.21231 0.380747 -16.1883 -0.779096 -9.8844 12.4959 -9.36596e-16 -5.49121e-16 -1.27247e-14 
17.1059 92.0244 109.844 16.4075 -4.79249 2.34519 0 5.07867 -1.15138 -2.36528 0.775537 1.33012 0 5.61661 1.07143 -2.1905 0.953336 1.02366 -1.02604e-17 5.98978 0.11501 -1.87219 1.94968 1.02235 -1.10457e-17 6.50583 -0.443523 -1.51477 3.15083 1.01885 -1.97295e-17 7.60548 -1.50593 -0.85164 3.75408 1.18305 -2.53307e-17 9.49737 -0.914492 0.113906 3.91719 1.08373 -2.90401e-17 10.5513 1.57691 -0.0745928 0.732246 0.0580287 -1.29193e-17 4.78644 0.715339 -0.637257 4.60807 0.280718 -1.8116e-17 4.82109 0.421791 -1.78177 -5.08448 -0.218951 -2.00958e-17 4.83041 0.765062 -4.49191 -4.87433 -3.41459 1.23299 -7.60731 7.53374 3.30301 -1.02048 -0.0708637 12.9547 3.2495 -3.26872 -75.5505 12.389 -8.93247 29.2081 0.0598081 0.137039 11.9674 -10.7299 -84.3103 24.234 0.0496219 0.113701 2.47496 -4.83821 -1.24326 -1.23299 -7.60729 7.53365 -6.14232 -1.42699 1.11079 -12.9547 3.2495 -3.26872 75.8712 7.17108 9.13025 -29.2081 0.0598081 0.137039 -11.257 -7.763 69.6832 -24.234 0.0496218 0.113702 0.294543 -0.462033 4.77121 9.23673 -4.20556 2.0327 -21.2381 -8.81643 -27.27 -0.852353 -38.7721 -0.655187 0.137966 -0.514642 0.00960301 -2.32622 -40.4017 -6.04875 -5.58686 20.1871 14.9557 0.779096 -9.8844 12.4959 6.65454e-15 -5.1476e-16 -2.67954e-16 -9.23673 -4.20556 2.0327 -16.8029 -9.55379 21.0338 0.852353 -38.7721 -0.655187 14.4075 43.6951 -4.99098 2.32622 -40.4017 -6.04875 4.13975 -0.952605 -15.8905 -0.779096 -9.8844 12.4959 9.58094e-16 -6.32059e-16 -1.28076e-14 
17.2365 91.1822 110.881 15.9954 -4.16134 1.41607 0 5.07867 -1.15138 -2.34108 1.35607 1.3328 0 5.61661 1.07143 -2.17686 1.25315 1.03111 -1.02604e-17 5.98978 0.11501 -1.86218 1.87801 1.0348 -1.10457e-17 6.50583 -0.443523 -1.51056 2.46053 1.03253 -1.97295e-17 7.60548 -1.50593 -0.841534 2.79858 1.18733 -2.53307e-17 9.49737 -0.914492 0.124076 2.75265 1.08014 -2.90401e-17 10.5513 1.57691 -0.0837798 0.854941 0.0750637 -1.29193e-17 4.78644 0.715339 -0.656977 4.57632 0.655572 -1.8116e-17 4.82109 0.421791 -1.76712 -4.41145 -0.0382337 -2.00958e-17 4.83041 0.765062 -4.53731 -4.41464 -3.43905 1.23299 -7.60731 7.53374 3.90329 -0.440093 -0.0303068 12.9547 3.2495 -3.26872 -76.3359 11.8867 -7.13145 29.2081 0.0598081 0.137039 11.9881 -10.9413 -85.3303 24.234 0.0496219 0.113701 2.40665 -4.70849 -1.48977 -1.23299 -7.60729 7.53365 -6.61385 -0.76934 1.0529 -12.9547 3.2495 -3.26872 76.4079 7.95772 7.37283 -29.2081 0.0598081 0.137039 -11.3452 -8.00297 70.9022 -24.234 0.0496218 0.113702 0.192158 -0.677657 5.15535 9.23673 -4.20556 2.0327 -20.865 -8.86163 -26.648 -0.852353 -38.7721 -0.655187 0.241909 -0.902105 0.0176517 -2.32622 -40.4017 -6.04875 -4.31285 18.3388 14.6989 0.779096 -9.8844 12.4959 -3.36696e-15 -9.4859e-16 1.53675e-16 -9.23673 -4.20556 2.0327 -16.616 -11.5196 20.6653 0.852353 -38.7721 -0.655187 15.6207 46.008 -5.80519 2.32622 -40.4017 -6.04875 5.07967 0.785906 -15.8654 -0.779096 -9.8844 12.4959 -1.3485e-15 -5.36025e-16 -1.27116e-14 
17.4023 90.664 111.803 15.9352 -3.53252 0.597679 0 5.07867 -1.15138 -2.41196 1.66353 1.31971 0 5.61661 1.07143 -2.24475 1.39419 1.01217 -1.02604e-17 5.98978 0.11501 -1.91423 1.80353 1.01902 -1.10457e-17 6.50583 -0.443523 -1.54497 2.03114 1.01695 -1.97295e-17 7.60548 -1.50593 -0.855151 2.22809 1.17067 -2.53307e-17 9.49737 -0.914492 0.126918 2.06034 1.05914 -2.90401e-17 10.5513 1.57691 -0.0911507 0.916288 0.0822693 -1.29193e-17 4.78644 0.715339 -0.674541 4.50719 1.01192 -1.8116e-17 4.82109 0.421791 -1.70247 -4.06414 0.125858 -2.00958e-17 4.83041 0.765062 -4.53108 -4.16444 -3.43635 1.23299 -7.60731 7.53374 4.41898 -0.0864616 0.0369757 12.9547 3.2495 -3.26872 -76.8039 11.3351 -6.02632 29.2081 0.0598081 0.137039 12.0011 -11.1008 -86.0991 24.234 0.0496219 0.113701 2.47032 -4.50065 -1.53223 -1.23299 -7.60729 7.53365 -6.94195 -0.36034 0.998032 -12.9547 3.2495 -3.26872 76.9396 8.68407 6.18379 -29.2081 0.0598081 0.137039 -11.4393 -8.2782 72.2898 -24.234 0.0496218 0.113702 0.220635 -0.789992 5.21411 9.23673 -4.20556 2.0327 -20.9197 -9.16577 -26.1406 -0.852353 -38.7721 -0.655187 0.228698 -0.852874 0.01659 -2.32622 -40.4017 -6.04875 -3.01066 16.0349 14.5152 0.779096 -9.8844 12.4959 -2.38207e-15 -8.95651e-16 1.12712e-16 -9.23673 -4.20556 2.0327 -16.7716 -13.0998 20.4889 0.852353 -38.7721 -0.655187 16.5301 47.6189 -6.43919 2.32622 -40.4017 -6.04875 6.1678 2.30784 -15.9065 -0.779096 -9.8844 12.4959 -1.7819e-15 -5.09834e-16 -1.26976e-14 
17.6311 90.3772 112.642 15.9717 -3.6515 0.138783 0 5.07867 -1.15138 -2.48854 1.95462 1.29033 0 5.61661 1.07143 -2.3115 1.57256 0.975469 -1.02604e-17 5.98978 0.11501 -1.96619 1.85021 0.982761 -1.10457e-17 6.50583 -0.443523 -1.57863 1.85518 0.980651 -1.97295e-17 7.60548 -1.50593 -0.874815 1.94974 1.13741 -2.53307e-17 9.49737 -0.914492 0.115371 1.71474 1.02602 -2.90401e-17 10.5513 1.57691 -0.10155 0.950113 0.0862268 -1.29193e-17 4.78644 0.715339 -0.69976 4.43589 1.13037 -1.8116e-17 4.82109 0.421791 -1.71137 -3.99605 0.177392 -2.00958e-17 4.83041 0.765062 -4.32987 -3.82218 -3.2494 1.23299 -7.60731 7.53374 4.60661 0.101051 -0.0350829 12.9547 3.2495 -3.26872 -76.9418 10.644 -5.83255 29.2081 0.0598081 0.137039 12.0002 -11.0886 -86.0405 24.234 0.0496219 0.113701 2.40036 -3.92662 -1.53391 -1.23299 -7.60729 7.53365 -7.03721 -0.140893 1.03006 -12.9547 3.2495 -3.26872 77.1392 9.19174 5.5596 -29.2081 0.0598081 0.137039 -11.4884 -8.43107 73.0559 -24.234 0.0496218 0.113702 0.233377 -1.00455 5.32876 9.23673 -4.20556 2.0327 -21.1296 -9.08328 -25.9046 -0.852353 -38.7721 -0.655187 0.130226 -0.485779 0.00903159 -2.32622 -40.4017 -6.04875 -2.44041 14.7161 14.4771 0.779096 -9.8844 12.4959 -1.81757e-17 -7.96931e-16 1.42167e-17 -9.23673 -4.20556 2.0327 -17.1382 -13.4481 20.2816 0.852353 -38.7721 -0.655187 17.068 48.5252 -6.82296 2.32622 -40.4017 -6.04875 7.03082 3.60297 -15.9512 -0.779096 -9.8844 12.4959 -1.78906e-15 -5.09386e-16 -1.26974e-14 
17.8953 90.1803 113.516 15.9722 -4.18575 0.104917 0 5.07867 -1.15138 -2.51802 2.08953 1.25714 0 5.61661 1.07143 -2.331 1.68356 0.939629 -1.02604e-17 5.98978 0.11501 -1.98084 1.93997 0.945358 -1.10457e-17 6.50583 -0.443523 -1.58371 1.90819 0.943041 -1.97295e-17 7.60548 -1.50593 -0.880329 1.97617 1.10217 -2.53307e-17 9.49737 -0.914492 0.105725 1.74115 0.993359 -2.90401e-17 10.5513 1.57691 -0.107833 0.956327 0.0849109 -1.29193e-17 4.78644 0.715339 -0.706005 4.68278 1.08898 -1.8116e-17 4.82109 0.421791 -1.74966 -4.0681 0.156468 -2.00958e-17 4.83041 0.765062 -4.1719 -3.78108 -3.21545 1.23299 -7.60731 7.53374 4.63132 0.0621874 -0.0213765 12.9547 3.2495 -3.26872 -77.0242 10.3849 -6.12898 29.2081 0.0598081 0.137039 11.9898 -10.9605 -85.4229 24.234 0.0496219 0.113701 2.34246 -3.07674 -1.65582 -1.23299 -7.60729 7.53365 -7.11254 -0.165452 0.986533 -12.9547 3.2495 -3.26872 77.1895 9.4691 5.18761 -29.2081 0.0598081 0.137039 -11.5123 -8.50814 73.441 -24.234 0.0496218 0.113702 0.206387 -1.32458 5.41396 9.23673 -4.20556 2.0327 -21.3616 -8.49654 -25.9841 -0.852353 -38.7721 -0.655187 0.0326139 -0.121689 0.00215873 -2.32622 -40.4017 -6.04875 -2.04853 13.732 14.4586 0.779096 -9.8844 12.4959 -4.26954e-15 -9.78138e-16 1.95423e-16 -9.23673 -4.20556 2.0327 -17.551 -12.772 19.9004 0.852353 -38.7721 -0.655187 17.262 48.8438 -6.96285 2.32622 -40.4017 -6.04875 7.49283 4.50858 -15.9773 -0.779096 -9.8844 12.4959 -4.91225e-15 -3.75186e-16 -1.25632e-14 
18.1819 89.9485 114.341 15.9508 -4.21395 0.112966 0 5.07867 -1.15138 -2.53348 2.10428 1.21976 0 5.61661 1.07143 -2.33818 1.70639 0.903453 -1.02604e-17 5.98978 0.11501 -1.98224 1.97031 0.909546 -1.10457e-17 6.50583 -0.443523 -1.57556 1.95516 0.908296 -1.97295e-17 7.60548 -1.50593 -0.872501 2.02958 1.06731 -2.53307e-17 9.49737 -0.914492 0.110231 1.81136 0.956671 -2.90401e-17 10.5513 1.57691 -0.108531 0.950758 0.0828078 -1.29193e-17 4.78644 0.715339 -0.686184 4.98816 0.999023 -1.8116e-17 4.82109 0.421791 -1.68993 -4.10927 0.115671 -2.00958e-17 4.83041 0.765062 -4.26756 -3.99465 -3.24959 1.23299 -7.60731 7.53374 4.66064 -0.00734523 0.0611687 12.9547 3.2495 -3.26872 -77.0856 10.4206 -6.26888 29.2081 0.0598081 0.137039 11.9839 -10.8952 -85.1081 24.234 0.0496219 0.113701 2.42179 -2.42523 -1.79189 -1.23299 -7.60729 7.53365 -7.20621 -0.23417 0.907913 -12.9547 3.2495 -3.26872 77.3639 9.52933 4.75412 -29.2081 0.0598081 0.137039 -11.5531 -8.64431 74.1196 -24.234 0.0496218 0.113702 0.225098 -1.49126 5.37929 9.23673 -4.20556 2.0327 -21.6055 -8.28181 -26.0743 -0.852353 -38.7721 -0.655187 -0.0489388 0.182634 -0.00310987 -2.32622 -40.4017 -6.04875 -1.37112 12.5154 14.406 0.779096 -9.8844 12.4959 1.50756e-15 -7.375e-16 -4.52145e-17 -9.23673 -4.20556 2.0327 -17.8803 -12.4927 19.5858 0.852353 -38.7721 -0.655187 17.4417 49.1353 -7.0932 2.32622 -40.4017 -6.04875 7.77576 5.00399 -15.9968 -0.779096 -9.8844 12.4959 8.86363e-16 -6.2892e-16 -1.28047e-14 
18.4039 89.7706 114.986 15.908 -4.4924 0.0733735 0 5.07867 -1.15138 -2.58917 2.22762 1.19787 0 5.61661 1.07143 -2.38009 1.80563 0.87691 -1.02604e-17 5.98978 0.11501 -2.00998 2.04987 0.88322 -1.10457e-17 6.50583 -0.443523 -1.58667 1.9975 0.882781 -1.97295e-17 7.60548 -1.50593 -0.872807 2.0424 1.04446 -2.53307e-17 9.49737 -0.914492 0.118415 1.82499 0.929562 -2.90401e-17 10.5513 1.57691 -0.109734 0.949909 0.0819548 -1.29193e-17 4.78644 0.715339 -0.673546 5.14934 0.881377 -1.8116e-17 4.82109 0.421791 -1.59591 -4.1108 0.0635519 -2.00958e-17 4.83041 0.765062 -4.28103 -3.94753 -3.18557 1.23299 -7.60731 7.53374 4.57762 -0.0111304 0.00188895 12.9547 3.2495 -3.26872 -76.9785 10.4026 -6.44045 29.2081 0.0598081 0.137039 11.9794 -10.8478 -84.8794 24.234 0.0496219 0.113701 2.49242 -1.83842 -1.70583 -1.23299 -7.60729 7.53365 -7.15198 -0.246699 0.937656 -12.9547 3.2495 -3.26872 77.6253 9.48893 4.439 -29.2081 0.0598081 0.137039 -11.5838 -8.75052 74.6474 -24.234 0.0496218 0.113702 0.270638 -1.5545 5.27335 9.23673 -4.20556 2.0327 -21.7448 -7.93853 -25.9882 -0.852353 -38.7721 -0.655187 -0.129555 0.483564 -0.00789382 -2.32622 -40.4017 -6.04875 -0.886151 11.5757 14.3811 0.779096 -9.8844 12.4959 -1.89846e-15 -8.79418e-16 9.67033e-17 -9.23673 -4.20556 2.0327 -18.0951 -12.0151 19.4642 0.852353 -38.7721 -0.655187 17.5176 49.2573 -7.14842 2.32622 -40.4017 -6.04875 8.0497 5.41509 -16.0104 -0.779096 -9.8844 12.4959 -1.73887e-15 -5.11627e-16 -1.26994e-14 
18.5472 89.5944 115.644 15.7867 -4.98723 -0.148398 0 5.07867 -1.15138 -2.63065 2.24509 1.21236 0 5.61661 1.07143 -2.41313 1.84497 0.886192 -1.02604e-17 5.98978 0.11501 -2.03403 2.11909 0.891701 -1.10457e-17 6.50583 -0.443523 -1.60147 2.11074 0.890692 -1.97295e-17 7.60548 -1.50593 -0.877393 2.16126 1.05647 -2.53307e-17 9.49737 -0.914492 0.125827 1.96136 0.939843 -2.90401e-17 10.5513 1.57691 -0.111196 0.937289 0.077832 -1.29193e-17 4.78644 0.715339 -0.67496 5.39322 0.799895 -1.8116e-17 4.82109 0.421791 -1.56952 -4.08533 0.0278383 -2.00958e-17 4.83041 0.765062 -4.19891 -3.92039 -3.12827 1.23299 -7.60731 7.53374 4.57129 -0.0946731 0.0212968 12.9547 3.2495 -3.26872 -76.943 10.3898 -6.51376 29.2081 0.0598081 0.137039 11.9726 -10.7791 -84.548 24.234 0.0496219 0.113701 2.44691 -1.37942 -1.66855 -1.23299 -7.60729 7.53365 -7.08032 -0.319428 0.883543 -12.9547 3.2495 -3.26872 77.8912 9.56608 4.32893 -29.2081 0.0598081 0.137039 -11.5941 -8.78707 74.8287 -24.234 0.0496218 0.113702 0.333053 -1.57539 5.1775 9.23673 -4.20556 2.0327 -21.6975 -7.30789 -25.6847 -0.852353 -38.7721 -0.655187 -0.178887 0.667756 -0.0106131 -2.32622 -40.4017 -6.04875 -0.359274 10.4817 14.3745 0.779096 -9.8844 12.4959 1.16019e-15 -7.47907e-16 -3.48072e-17 -9.23673 -4.20556 2.0327 -18.0847 -11.2224 19.6457 0.852353 -38.7721 -0.655187 17.4805 49.1977 -7.12138 2.32622 -40.4017 -6.04875 8.12638 5.58981 -16.0025 -0.779096 -9.8844 12.4959 1.62931e-16 -5.94785e-16 -1.27706e-14 
18.6817 89.3647 116.374 15.6285 -5.16134 -0.546536 0 5.07867 -1.15138 -2.65114 1.99622 1.24002 0 5.61661 1.07143 -2.43264 1.69761 0.913255 -1.02604e-17 5.98978 0.11501 -2.04883 2.08521 0.918652 -1.10457e-17 6.50583 -0.443523 -1.61243 2.26873 0.916808 -1.97295e-17 7.60548 -1.50593 -0.880697 2.40557 1.08605 -2.53307e-17 9.49737 -0.914492 0.135155 2.26235 0.970096 -2.90401e-17 10.5513 1.57691 -0.110722 0.898209 0.06994 -1.29193e-17 4.78644 0.715339 -0.676253 5.69127 0.775423 -1.8116e-17 4.82109 0.421791 -1.57126 -4.05799 0.0177122 -2.00958e-17 4.83041 0.765062 -4.16614 -4.06359 -3.08061 1.23299 -7.60731 7.53374 4.66982 -0.288725 0.16043 12.9547 3.2495 -3.26872 -77.006 10.4486 -6.43583 29.2081 0.0598081 0.137039 11.9683 -10.738 -84.3495 24.234 0.0496219 0.113701 2.39887 -1.05943 -1.59089 -1.23299 -7.60729 7.53365 -7.03383 -0.482989 0.731463 -12.9547 3.2495 -3.26872 78.198 9.74459 4.2666 -29.2081 0.0598081 0.137039 -11.6092 -8.84164 75.0992 -24.234 0.0496218 0.113702 0.439047 -1.44091 4.97672 9.23673 -4.20556 2.0327 -21.6003 -6.85474 -25.1684 -0.852353 -38.7721 -0.655187 -0.198641 0.741517 -0.0116577 -2.32622 -40.4017 -6.04875 0.446386 9.04987 14.3676 0.779096 -9.8844 12.4959 8.27157e-16 -7.57642e-16 -2.50722e-17 -9.23673 -4.20556 2.0327 -17.935 -10.6935 20.1013 0.852353 -38.7721 -0.655187 17.4867 49.2076 -7.12588 2.32622 -40.4017 -6.04875 8.1903 5.40927 -15.9863 -0.779096 -9.8844 12.4959 1.36998e-15 -6.45154e-16 -1.28329e-14 
18.7865 89.1302 117.036 15.5894 -5.20586 -1.05656 0 5.07867 -1.15138 -2.72759 1.79062 1.28621 0 5.61661 1.07143 -2.5072 1.55667 0.952452 -1.02604e-17 5.98978 0.11501 -2.10853 2.01444 0.958411 -1.10457e-17 6.50583 -0.443523 -1.65945 2.31364 0.955598 -1.97295e-17 7.60548 -1.50593 -0.903893 2.51147 1.13183 -2.53307e-17 9.49737 -0.914492 0.143232 2.39427 1.01664 -2.90401e-17 10.5513 1.57691 -0.110142 0.873672 0.0639116 -1.29193e-17 4.78644 0.715339 -0.690472 5.82016 0.791672 -1.8116e-17 4.82109 0.421791 -1.56125 -3.92475 0.0244569 -2.00958e-17 4.83041 0.765062 -4.04534 -3.93946 -3.00789 1.23299 -7.60731 7.53374 4.80566 -0.369216 0.250334 12.9547 3.2495 -3.26872 -76.9987 10.4715 -6.12651 29.2081 0.0598081 0.137039 11.9652 -10.7087 -84.2079 24.234 0.0496219 0.113701 2.31437 -0.79834 -1.49583 -1.23299 -7.60729 7.53365 -6.99489 -0.534582 0.607849 -12.9547 3.2495 -3.26872 78.6054 10.0131 4.08482 -29.2081 0.0598081 0.137039 -11.6245 -8.89766 75.3765 -24.234 0.0496218 0.113702 0.487082 -1.22825 4.77142 9.23673 -4.20556 2.0327 -21.6125 -6.56417 -24.5389 -0.852353 -38.7721 -0.655187 -0.217035 0.810206 -0.0126075 -2.32622 -40.4017 -6.04875 1.26247 7.70524 14.3667 0.779096 -9.8844 12.4959 1.21039e-15 -7.45667e-16 -3.7048e-17 -9.23673 -4.20556 2.0327 -17.795 -10.6706 20.7726 0.852353 -38.7721 -0.655187 17.7064 49.558 -7.28632 2.32622 -40.4017 -6.04875 8.24225 4.87365 -15.9476 -0.779096 -9.8844 12.4959 2.20297e-16 -5.9725e-16 -1.2773e-14 
18.8777 88.912 117.6 15.724 -5.32182 -1.47904 0 5.07867 -1.15138 -2.86118 1.66016 1.33975 0 5.61661 1.07143 -2.63448 1.45896 0.992267 -1.02604e-17 5.98978 0.11501 -2.21151 1.95526 0.997995 -1.10457e-17 6.50583 -0.443523 -1.73947 2.31337 0.993933 -1.97295e-17 7.60548 -1.50593 -0.947419 2.54847 1.18138 -2.53307e-17 9.49737 -0.914492 0.145609 2.43656 1.06901 -2.90401e-17 10.5513 1.57691 -0.108972 0.861305 0.0588867 -1.29193e-17 4.78644 0.715339 -0.71784 5.90661 0.761606 -1.8116e-17 4.82109 0.421791 -1.5589 -3.78687 0.00716917 -2.00958e-17 4.83041 0.765062 -3.82902 -3.70443 -2.90254 1.23299 -7.60731 7.53374 5.00015 -0.393883 0.329014 12.9547 3.2495 -3.26872 -76.9974 10.624 -5.82713 29.2081 0.0598081 0.137039 11.96 -10.6618 -83.9817 24.234 0.0496219 0.113701 2.22753 -0.560536 -1.37653 -1.23299 -7.60729 7.53365 -7.03004 -0.545013 0.497115 -12.9547 3.2495 -3.26872 79.0662 10.2377 3.86531 -29.2081 0.0598081 0.137039 -11.6284 -8.91239 75.4493 -24.234 0.0496218 0.113702 0.517126 -1.04473 4.70029 9.23673 -4.20556 2.0327 -21.8112 -6.26116 -23.988 -0.852353 -38.7721 -0.655187 -0.243982 0.910841 -0.0139593 -2.32622 -40.4017 -6.04875 1.89677 6.59735 14.3789 0.779096 -9.8844 12.4959 4.63602e-17 -7.94242e-16 1.15277e-17 -9.23673 -4.20556 2.0327 -17.8338 -10.4403 21.4195 0.852353 -38.7721 -0.655187 17.6961 49.5417 -7.27877 2.32622 -40.4017 -6.04875 8.31666 4.36648 -15.926 -0.779096 -9.8844 12.4959 -2.53401e-15 -4.86554e-16 -1.26621e-14 
18.9852 88.6886 118.111 15.8403 -5.38069 -1.7865 0 5.07867 -1.15138 -2.97583 1.50013 1.3835 0 5.61661 1.07143 -2.74349 1.34446 1.02568 -1.02604e-17 5.98978 0.11501 -2.30013 1.89635 1.03126 -1.10457e-17 6.50583 -0.443523 -1.80791 2.34345 1.02631 -1.97295e-17 7.60548 -1.50593 -0.985484 2.63001 1.22362 -2.53307e-17 9.49737 -0.914492 0.147209 2.53459 1.11531 -2.90401e-17 10.5513 1.57691 -0.10644 0.842711 0.0526864 -1.29193e-17 4.78644 0.715339 -0.738276 6.03734 0.727152 -1.8116e-17 4.82109 0.421791 -1.56717 -3.74108 -0.0120951 -2.00958e-17 4.83041 0.765062 -3.64777 -3.59459 -2.87035 1.23299 -7.60731 7.53374 5.21542 -0.456748 0.43694 12.9547 3.2495 -3.26872 -77.081 10.904 -5.64061 29.2081 0.0598081 0.137039 11.9523 -10.5952 -83.6601 24.234 0.0496219 0.113701 2.1622 -0.465219 -1.29592 -1.23299 -7.60729 7.53365 -7.1328 -0.606724 0.37897 -12.9547 3.2495 -3.26872 79.4269 10.3968 3.7509 -29.2081 0.0598081 0.137039 -11.6283 -8.91205 75.4476 -24.234 0.0496218 0.113702 0.555767 -1.03494 4.64825 9.23673 -4.20556 2.0327 -22.0291 -6.03748 -23.6408 -0.852353 -38.7721 -0.655187 -0.284228 1.06115 -0.0158902 -2.32622 -40.4017 -6.04875 2.48169 5.52172 14.4089 0.779096 -9.8844 12.4959 4.15247e-16 -7.82939e-16 2.24085e-19 -9.23673 -4.20556 2.0327 -17.9356 -10.0471 21.8916 0.852353 -38.7721 -0.655187 17.5523 49.3128 -7.1737 2.32622 -40.4017 -6.04875 8.37412 3.87265 -15.9044 -0.779096 -9.8844 12.4959 1.31979e-15 -6.43137e-16 -1.28309e-14 
19.1126 88.4962 118.503 15.7729 -5.37158 -1.96765 0 5.07867 -1.15138 -3.02819 1.33362 1.40535 0 5.61661 1.07143 -2.79175 1.23264 1.04384 -1.02604e-17 5.98978 0.11501 -2.33823 1.8459 1.04984 -1.10457e-17 6.50583 -0.443523 -1.83655 2.39257 1.04445 -1.97295e-17 7.60548 -1.50593 -1.00005 2.73299 1.2462 -2.53307e-17 9.49737 -0.914492 0.151437 2.66165 1.14075 -2.90401e-17 10.5513 1.57691 -0.103605 0.821628 0.0463805 -1.29193e-17 4.78644 0.715339 -0.740326 6.15936 0.682164 -1.8116e-17 4.82109 0.421791 -1.58397 -3.76333 -0.0343299 -2.00958e-17 4.83041 0.765062 -3.52898 -3.57454 -2.87668 1.23299 -7.60731 7.53374 5.36062 -0.534427 0.522838 12.9547 3.2495 -3.26872 -77.165 11.2431 -5.61126 29.2081 0.0598081 0.137039 11.9395 -10.4912 -83.1574 24.234 0.0496219 0.113701 2.11442 -0.542312 -1.27506 -1.23299 -7.60729 7.53365 -7.23657 -0.689882 0.282987 -12.9547 3.2495 -3.26872 79.6239 10.538 3.78453 -29.2081 0.0598081 0.137039 -11.6254 -8.901 75.393 -24.234 0.0496218 0.113702 0.546228 -1.17683 4.58803 9.23673 -4.20556 2.0327 -22.0986 -5.9309 -23.482 -0.852353 -38.7721 -0.655187 -0.345727 1.29086 -0.0186373 -2.32622 -40.4017 -6.04875 3.054 4.53278 14.4456 0.779096 -9.8844 12.4959 3.20188e-17 -7.94915e-16 1.22e-17 -9.23673 -4.20556 2.0327 -17.8328 -9.66459 22.2838 0.852353 -38.7721 -0.655187 17.3876 49.048 -7.0539 2.32622 -40.4017 -6.04875 8.3196 3.35639 -15.8667 -0.779096 -9.8844 12.4959 -1.3413e-15 -5.36251e-16 -1.2712e-14 
19.2166 88.3675 118.725 15.6274 -5.41219 -2.04142 0 5.07867 -1.15138 -3.03928 1.18647 1.41267 0 5.61661 1.07143 -2.79927 1.14549 1.05006 -1.02604e-17 5.98978 0.11501 -2.34268 1.82334 1.05589 -1.10457e-17 6.50583 -0.443523 -1.83946 2.47407 1.04996 -1.97295e-17 7.60548 -1.50593 -1.00096 2.86563 1.25335 -2.53307e-17 9.49737 -0.914492 0.15356 2.82357 1.15032 -2.90401e-17 10.5513 1.57691 -0.101915 0.799709 0.0407387 -1.29193e-17 4.78644 0.715339 -0.736913 6.22503 0.58454 -1.8116e-17 4.82109 0.421791 -1.61761 -3.82471 -0.0801291 -2.00958e-17 4.83041 0.765062 -3.47301 -3.57127 -2.86244 1.23299 -7.60731 7.53374 5.37816 -0.617127 0.557205 12.9547 3.2495 -3.26872 -77.1612 11.5738 -5.73824 29.2081 0.0598081 0.137039 11.9226 -10.364 -82.5418 24.234 0.0496219 0.113701 2.06234 -0.878724 -1.26774 -1.23299 -7.60729 7.53365 -7.25848 -0.789869 0.231725 -12.9547 3.2495 -3.26872 79.6554 10.6128 4.01965 -29.2081 0.0598081 0.137039 -11.616 -8.86664 75.2229 -24.234 0.0496218 0.113702 0.492267 -1.31834 4.52196 9.23673 -4.20556 2.0327 -22.0943 -5.85026 -23.4525 -0.852353 -38.7721 -0.655187 -0.418665 1.56333 -0.0215763 -2.32622 -40.4017 -6.04875 3.47163 3.83096 14.4734 0.779096 -9.8844 12.4959 2.48481e-17 -7.95139e-16 1.2424e-17 -9.23673 -4.20556 2.0327 -17.5468 -9.27292 22.7393 0.852353 -38.7721 -0.655187 17.2092 48.7575 -6.92471 2.32622 -40.4017 -6.04875 8.18821 2.91701 -15.8354 -0.779096 -9.8844 12.4959 -1.78189e-15 -5.09834e-16 -1.26976e-14 
19.3026 88.2649 118.85 15.4714 -5.55179 -2.08867 0 5.07867 -1.15138 -3.04364 0.998644 1.4229 0 5.61661 1.07143 -2.79973 1.04145 1.05794 -1.02604e-17 5.98978 0.11501 -2.34135 1.81318 1.0624 -1.10457e-17 6.50583 -0.443523 -1.83837 2.61513 1.05536 -1.97295e-17 7.60548 -1.50593 -1.00023 3.0765 1.26109 -2.53307e-17 9.49737 -0.914492 0.155094 3.0802 1.16181 -2.90401e-17 10.5513 1.57691 -0.101418 0.768781 0.0350323 -1.29193e-17 4.78644 0.715339 -0.732448 6.27038 0.427633 -1.8116e-17 4.82109 0.421791 -1.6425 -3.90258 -0.153035 -2.00958e-17 4.83041 0.765062 -3.43156 -3.5923 -2.81039 1.23299 -7.60731 7.53374 5.28753 -0.744337 0.571312 12.9547 3.2495 -3.26872 -77.0654 11.9038 -5.94691 29.2081 0.0598081 0.137039 11.9127 -10.294 -82.2028 24.234 0.0496219 0.113701 2.02603 -1.42131 -1.23761 -1.23299 -7.60729 7.53365 -7.19545 -0.932398 0.195642 -12.9547 3.2495 -3.26872 79.612 10.6052 4.39411 -29.2081 0.0598081 0.137039 -11.6039 -8.8224 75.0038 -24.234 0.0496218 0.113702 0.481517 -1.43406 4.43747 9.23673 -4.20556 2.0327 -22.0589 -5.76615 -23.4169 -0.852353 -38.7721 -0.655187 -0.518858 1.93763 -0.0250485 -2.32622 -40.4017 -6.04875 3.82087 3.23519 14.4958 0.779096 -9.8844 12.4959 2.48481e-17 -7.95139e-16 1.2424e-17 -9.23673 -4.20556 2.0327 -17.158 -8.74896 23.3203 0.852353 -38.7721 -0.655187 16.9538 48.3356 -6.74097 2.32622 -40.4017 -6.04875 8.03004 2.52198 -15.8261 -0.779096 -9.8844 12.4959 -6.17866e-16 -5.58186e-16 -1.27462e-14 
19.3246 88.2005 118.947 15.3741 -5.71116 -2.17313 0 5.07867 -1.15138 -3.06501 0.719675 1.44743 0 5.61661 1.07143 -2.81744 0.877783 1.07671 -1.02604e-17 5.98978 0.11501 -2.35464 1.78223 1.0784 -1.10457e-17 6.50583 -0.443523 -1.84986 2.80129 1.06955 -1.97295e-17 7.60548 -1.50593 -1.00763 3.36441 1.28028 -2.53307e-17 9.49737 -0.914492 0.155632 3.43139 1.18734 -2.90401e-17 10.5513 1.57691 -0.103162 0.727592 0.0282654 -1.29193e-17 4.78644 0.715339 -0.733866 6.30875 0.256545 -1.8116e-17 4.82109 0.421791 -1.65557 -3.98483 -0.233709 -2.00958e-17 4.83041 0.765062 -3.38114 -3.60602 -2.75215 1.23299 -7.60731 7.53374 5.20091 -0.936574 0.614434 12.9547 3.2495 -3.26872 -77.0633 12.054 -6.14696 29.2081 0.0598081 0.137039 11.9156 -10.3142 -82.301 24.234 0.0496219 0.113701 2.05696 -0.922167 -1.07166 -1.23299 -7.60729 7.53365 -7.09476 -1.1246 0.12535 -12.9547 3.2495 -3.26872 79.6323 10.5663 4.83806 -29.2081 0.0598081 0.137039 -11.5933 -8.78421 74.8145 -24.234 0.0496218 0.113702 0.54239 -1.42745 4.23533 9.23673 -4.20556 2.0327 -22.0458 -5.66793 -23.2994 -0.852353 -38.7721 -0.655187 -0.608649 2.27308 -0.0276043 -2.32622 -40.4017 -6.04875 4.12558 2.80465 14.505 0.779096 -9.8844 12.4959 -3.65546e-16 -8.07338e-16 2.46239e-17 -9.23673 -4.20556 2.0327 -16.7376 -8.21586 24.0452 0.852353 -38.7721 -0.655187 16.738 47.9732 -6.58679 2.32622 -40.4017 -6.04875 7.89889 2.04391 -15.8256 -0.779096 -9.8844 12.4959 -2.0596e-16 -5.83482e-16 -1.27593e-14 
19.2843 88.1537 119.052 15.3355 -5.85072 -2.3081 0 5.07867 -1.15138 -3.10984 0.370055 1.49339 0 5.61661 1.07143 -2.86029 0.660495 1.11493 -1.02604e-17 5.98978 0.11501 -2.38963 1.72161 1.11398 -1.10457e-17 6.50583 -0.443523 -1.88036 2.99644 1.10325 -1.97295e-17 7.60548 -1.50593 -1.02626 3.68424 1.32209 -2.53307e-17 9.49737 -0.914492 0.15687 3.81938 1.23749 -2.90401e-17 10.5513 1.57691 -0.105026 0.681714 0.0209198 -1.29193e-17 4.78644 0.715339 -0.74593 6.40284 0.0847908 -1.8116e-17 4.82109 0.421791 -1.65844 -4.05981 -0.316148 -2.00958e-17 4.83041 0.765062 -3.27035 -3.61995 -2.72654 1.23299 -7.60731 7.53374 5.23781 -1.17711 0.724653 12.9547 3.2495 -3.26872 -77.1463 12.1371 -6.34635 29.2081 0.0598081 0.137039 11.9183 -10.3333 -82.3933 24.234 0.0496219 0.113701 2.06169 0.0810883 -0.908131 -1.23299 -7.60729 7.53365 -6.99639 -1.33451 0.00783839 -12.9547 3.2495 -3.26872 79.773 10.4998 5.23051 -29.2081 0.0598081 0.137039 -11.5811 -8.74116 74.6009 -24.234 0.0496218 0.113702 0.645082 -1.42722 4.04596 9.23673 -4.20556 2.0327 -22.0582 -5.55177 -23.0795 -0.852353 -38.7721 -0.655187 -0.679643 2.53828 -0.0292529 -2.32622 -40.4017 -6.04875 4.45111 2.44617 14.5072 0.779096 -9.8844 12.4959 1.76726e-17 -7.95363e-16 1.26483e-17 -9.23673 -4.20556 2.0327 -16.3038 -7.69042 24.9132 0.852353 -38.7721 -0.655187 16.5553 47.6621 -6.45705 2.32622 -40.4017 -6.04875 7.80325 1.49197 -15.8224 -0.779096 -9.8844 12.4959 -5.89179e-16 -5.5953e-16 -1.27473e-14 
19.2061 88.1043 119.152 15.4195 -5.95966 -2.44462 0 5.07867 -1.15138 -3.19841 0.0273921 1.55101 0 5.61661 1.07143 -2.94534 0.438651 1.16041 -1.02604e-17 5.98978 0.11501 -2.45986 1.64834 1.15698 -1.10457e-17 6.50583 -0.443523 -1.93877 3.16308 1.14393 -1.97295e-17 7.60548 -1.50593 -1.06278 3.97275 1.37478 -2.53307e-17 9.49737 -0.914492 0.153583 4.16599 1.30095 -2.90401e-17 10.5513 1.57691 -0.105653 0.639594 0.0130435 -1.29193e-17 4.78644 0.715339 -0.770456 6.52719 -0.0705616 -1.8116e-17 4.82109 0.421791 -1.67086 -4.10684 -0.393078 -2.00958e-17 4.83041 0.765062 -3.09752 -3.60215 -2.7225 1.23299 -7.60731 7.53374 5.34998 -1.39786 0.837329 12.9547 3.2495 -3.26872 -77.161 12.3036 -6.49879 29.2081 0.0598081 0.137039 11.9195 -10.3418 -82.4343 24.234 0.0496219 0.113701 1.98042 0.418935 -0.777021 -1.23299 -7.60729 7.53365 -6.94331 -1.5253 -0.110638 -12.9547 3.2495 -3.26872 80.0144 10.3972 5.49749 -29.2081 0.0598081 0.137039 -11.57 -8.70222 74.4075 -24.234 0.0496218 0.113702 0.757116 -1.52847 3.91289 9.23673 -4.20556 2.0327 -22.1762 -5.43607 -22.8118 -0.852353 -38.7721 -0.655187 -0.736085 2.74911 -0.030329 -2.32622 -40.4017 -6.04875 4.7561 2.14392 14.5068 0.779096 -9.8844 12.4959 -3.65546e-16 -8.07338e-16 2.46239e-17 -9.23673 -4.20556 2.0327 -15.9768 -7.22758 25.8383 0.852353 -38.7721 -0.655187 16.426 47.4395 -6.36564 2.32622 -40.4017 -6.04875 7.82679 0.920768 -15.8149 -0.779096 -9.8844 12.4959 -2.0596e-16 -5.83481e-16 -1.27593e-14 
19.1048 88.042 119.22 15.5345 -6.01288 -2.57054 0 5.07867 -1.15138 -3.30859 -0.273714 1.6031 0 5.61661 1.07143 -3.04847 0.238119 1.1981 -1.02604e-17 5.98978 0.11501 -2.54334 1.57518 1.19277 -1.10457e-17 6.50583 -0.443523 -2.00461 3.29456 1.17751 -1.97295e-17 7.60548 -1.50593 -1.10241 4.21104 1.42105 -2.53307e-17 9.49737 -0.914492 0.151499 4.45164 1.35713 -2.90401e-17 10.5513 1.57691 -0.105789 0.602707 0.00536931 -1.29193e-17 4.78644 0.715339 -0.79731 6.62613 -0.173445 -1.8116e-17 4.82109 0.421791 -1.68099 -4.14119 -0.446063 -2.00958e-17 4.83041 0.765062 -2.91469 -3.53241 -2.71323 1.23299 -7.60731 7.53374 5.49491 -1.57355 0.923745 12.9547 3.2495 -3.26872 -77.1339 12.538 -6.58939 29.2081 0.0598081 0.137039 11.9222 -10.3608 -82.5263 24.234 0.0496219 0.113701 1.90237 0.145186 -0.580258 -1.23299 -7.60729 7.53365 -6.91098 -1.68846 -0.187569 -12.9547 3.2495 -3.26872 80.2688 10.2696 5.70151 -29.2081 0.0598081 0.137039 -11.5617 -8.67366 74.2656 -24.234 0.0496218 0.113702 0.869318 -1.69522 3.7995 9.23673 -4.20556 2.0327 -22.3288 -5.36381 -22.5698 -0.852353 -38.7721 -0.655187 -0.784072 2.92834 -0.0310805 -2.32622 -40.4017 -6.04875 5.0566 1.82257 14.5157 0.779096 -9.8844 12.4959 7.9846e-16 -7.58763e-16 -2.39512e-17 -9.23673 -4.20556 2.0327 -15.7152 -6.92085 26.7127 0.852353 -38.7721 -0.655187 16.374 47.3495 -6.32899 2.32622 -40.4017 -6.04875 8.02956 0.417355 -15.7893 -0.779096 -9.8844 12.4959 -9.79572e-16 -5.47331e-16 -1.27229e-14 
19.0063 87.9831 119.251 15.6073 -6.01888 -2.64768 0 5.07867 -1.15138 -3.40043 -0.523374 1.63922 0 5.61661 1.07143 -3.13227 0.0709532 1.22168 -1.02604e-17 5.98978 0.11501 -2.60998 1.51142 1.2153 -1.10457e-17 6.50583 -0.443523 -2.05569 3.39657 1.19829 -1.97295e-17 7.60548 -1.50593 -1.13255 4.40082 1.452 -2.53307e-17 9.49737 -0.914492 0.150655 4.67935 1.39606 -2.90401e-17 10.5513 1.57691 -0.106649 0.573149 -0.00160513 -1.29193e-17 4.78644 0.715339 -0.820975 6.6763 -0.208796 -1.8116e-17 4.82109 0.421791 -1.71152 -4.16076 -0.46718 -2.00958e-17 4.83041 0.765062 -2.78139 -3.4207 -2.74103 1.23299 -7.60731 7.53374 5.6159 -1.70943 0.981424 12.9547 3.2495 -3.26872 -77.1179 12.7582 -6.68701 29.2081 0.0598081 0.137039 11.924 -10.3745 -82.5927 24.234 0.0496219 0.113701 1.8877 -0.216022 -0.424996 -1.23299 -7.60729 7.53365 -6.89137 -1.82212 -0.231577 -12.9547 3.2495 -3.26872 80.4427 10.1506 5.90989 -29.2081 0.0598081 0.137039 -11.5529 -8.64364 74.1163 -24.234 0.0496218 0.113702 0.922178 -1.85997 3.72691 9.23673 -4.20556 2.0327 -22.4615 -5.33909 -22.4407 -0.852353 -38.7721 -0.655187 -0.82928 3.09716 -0.0316509 -2.32622 -40.4017 -6.04875 5.35593 1.53502 14.5293 0.779096 -9.8844 12.4959 4.29593e-16 -7.82266e-16 -4.48466e-19 -9.23673 -4.20556 2.0327 -15.4232 -6.74278 27.5501 0.852353 -38.7721 -0.655187 16.3672 47.3378 -6.32424 2.32622 -40.4017 -6.04875 8.313 0.0461199 -15.7411 -0.779096 -9.8844 12.4959 -6.03529e-16 -5.58858e-16 -1.27466e-14 
18.9318 87.9378 119.258 15.6134 -6.00702 -2.65208 0 5.07867 -1.15138 -3.45333 -0.728908 1.65634 0 5.61661 1.07143 -3.17843 -0.0636151 1.23054 -1.02604e-17 5.98978 0.11501 -2.64559 1.46214 1.22382 -1.10457e-17 6.50583 -0.443523 -2.08216 3.48299 1.20572 -1.97295e-17 7.60548 -1.50593 -1.14808 4.5594 1.46597 -2.53307e-17 9.49737 -0.914492 0.149977 4.87039 1.41645 -2.90401e-17 10.5513 1.57691 -0.108676 0.549308 -0.00766711 -1.29193e-17 4.78644 0.715339 -0.837499 6.69182 -0.226435 -1.8116e-17 4.82109 0.421791 -1.76422 -4.18271 -0.478901 -2.00958e-17 4.83041 0.765062 -2.72117 -3.30509 -2.76478 1.23299 -7.60731 7.53374 5.67583 -1.82458 1.02152 12.9547 3.2495 -3.26872 -77.1253 12.9201 -6.82567 29.2081 0.0598081 0.137039 11.9239 -10.3738 -82.5892 24.234 0.0496219 0.113701 1.90622 -0.310642 -0.379231 -1.23299 -7.60729 7.53365 -6.87784 -1.93467 -0.265354 -12.9547 3.2495 -3.26872 80.5305 10.0178 6.12057 -29.2081 0.0598081 0.137039 -11.5427 -8.60886 73.9431 -24.234 0.0496218 0.113702 0.927388 -1.97632 3.7113 9.23673 -4.20556 2.0327 -22.552 -5.36806 -22.4149 -0.852353 -38.7721 -0.655187 -0.892728 3.33408 -0.0322266 -2.32622 -40.4017 -6.04875 5.62109 1.28733 14.5408 0.779096 -9.8844 12.4959 1.20321e-15 -7.46115e-16 -3.65994e-17 -9.23673 -4.20556 2.0327 -15.0546 -6.63126 28.3698 0.852353 -38.7721 -0.655187 16.3787 47.3577 -6.33234 2.32622 -40.4017 -6.04875 8.58357 -0.180682 -15.6814 -0.779096 -9.8844 12.4959 -5.96354e-16 -5.59082e-16 -1.27471e-14 
18.8836 87.8929 119.28 15.5725 -5.96824 -2.58313 0 5.07867 -1.15138 -3.47509 -0.905932 1.65779 0 5.61661 1.07143 -3.19463 -0.178217 1.22767 -1.02604e-17 5.98978 0.11501 -2.65623 1.41859 1.2213 -1.10457e-17 6.50583 -0.443523 -2.08865 3.55058 1.20278 -1.97295e-17 7.60548 -1.50593 -1.15114 4.68774 1.46656 -2.53307e-17 9.49737 -0.914492 0.15021 5.02696 1.4221 -2.90401e-17 10.5513 1.57691 -0.111292 0.529911 -0.0125747 -1.29193e-17 4.78644 0.715339 -0.847055 6.69525 -0.247716 -1.8116e-17 4.82109 0.421791 -1.82935 -4.20264 -0.491051 -2.00958e-17 4.83041 0.765062 -2.72032 -3.21597 -2.77786 1.23299 -7.60731 7.53374 5.71208 -1.92371 1.06418 12.9547 3.2495 -3.26872 -77.1541 13.0844 -6.95204 29.2081 0.0598081 0.137039 11.9235 -10.3706 -82.5737 24.234 0.0496219 0.113701 1.93024 -0.18657 -0.373211 -1.23299 -7.60729 7.53365 -6.885 -2.02656 -0.302223 -12.9547 3.2495 -3.26872 80.5939 9.84544 6.25704 -29.2081 0.0598081 0.137039 -11.5355 -8.58488 73.8237 -24.234 0.0496218 0.113702 0.933277 -2.04246 3.72719 9.23673 -4.20556 2.0327 -22.609 -5.4232 -22.3864 -0.852353 -38.7721 -0.655187 -0.967536 3.61334 -0.0325677 -2.32622 -40.4017 -6.04875 5.87564 1.00845 14.5484 0.779096 -9.8844 12.4959 -7.34413e-16 -8.30841e-16 4.81265e-17 -9.23673 -4.20556 2.0327 -14.6336 -6.55192 29.1558 0.852353 -38.7721 -0.655187 16.4047 47.4027 -6.35063 2.32622 -40.4017 -6.04875 8.81078 -0.345923 -15.619 -0.779096 -9.8844 12.4959 -1.37714e-15 -5.34682e-16 -1.27105e-14 
18.8556 87.8515 119.316 15.5318 -5.91791 -2.46876 0 5.07867 -1.15138 -3.4908 -1.05655 1.65316 0 5.61661 1.07143 -3.20439 -0.274268 1.21913 -1.02604e-17 5.98978 0.11501 -2.66079 1.38066 1.21332 -1.10457e-17 6.50583 -0.443523 -2.08973 3.60185 1.19453 -1.97295e-17 7.60548 -1.50593 -1.1502 4.7892 1.46083 -2.53307e-17 9.49737 -0.914492 0.151201 5.15035 1.42051 -2.90401e-17 10.5513 1.57691 -0.113837 0.514343 -0.0167275 -1.29193e-17 4.78644 0.715339 -0.854237 6.66531 -0.268636 -1.8116e-17 4.82109 0.421791 -1.88058 -4.23571 -0.50225 -2.00958e-17 4.83041 0.765062 -2.74805 -3.12762 -2.78625 1.23299 -7.60731 7.53374 5.74873 -2.00281 1.10627 12.9547 3.2495 -3.26872 -77.1753 13.2729 -7.04758 29.2081 0.0598081 0.137039 11.9243 -10.3763 -82.6013 24.234 0.0496219 0.113701 1.94193 -0.026061 -0.332505 -1.23299 -7.60729 7.53365 -6.90679 -2.09715 -0.34304 -12.9547 3.2495 -3.26872 80.6752 9.64678 6.31226 -29.2081 0.0598081 0.137039 -11.5346 -8.58178 73.8083 -24.234 0.0496218 0.113702 0.959662 -2.08167 3.7299 9.23673 -4.20556 2.0327 -22.6649 -5.46774 -22.3412 -0.852353 -38.7721 -0.655187 -1.03442 3.86293 -0.0325635 -2.32622 -40.4017 -6.04875 6.09081 0.743648 14.5519 0.779096 -9.8844 12.4959 -7.70291e-16 -8.32411e-16 4.96962e-17 -9.23673 -4.20556 2.0327 -14.1739 -6.50039 29.97 0.852353 -38.7721 -0.655187 16.4444 47.4713 -6.37861 2.32622 -40.4017 -6.04875 9.00365 -0.453698 -15.5694 -0.779096 -9.8844 12.4959 -1.0011e-15 -5.46434e-16 -1.2722e-14 
18.8411 87.8097 119.381 15.5439 -5.80443 -2.38279 0 5.07867 -1.15138 -3.52139 -1.21101 1.64901 0 5.61661 1.07143 -3.22769 -0.376479 1.20949 -1.02604e-17 5.98978 0.11501 -2.67552 1.33444 1.20409 -1.10457e-17 6.50583 -0.443523 -2.09772 3.64305 1.18494 -1.97295e-17 7.60548 -1.50593 -1.15302 4.88112 1.45455 -2.53307e-17 9.49737 -0.914492 0.152076 5.2627 1.41825 -2.90401e-17 10.5513 1.57691 -0.116121 0.498229 -0.020924 -1.29193e-17 4.78644 0.715339 -0.865117 6.61827 -0.278042 -1.8116e-17 4.82109 0.421791 -1.91929 -4.26217 -0.508472 -2.00958e-17 4.83041 0.765062 -2.78317 -3.07744 -2.78165 1.23299 -7.60731 7.53374 5.81019 -2.07473 1.15267 12.9547 3.2495 -3.26872 -77.2102 13.4258 -7.0956 29.2081 0.0598081 0.137039 11.9261 -10.3892 -82.6639 24.234 0.0496219 0.113701 1.94873 0.0879231 -0.28418 -1.23299 -7.60729 7.53365 -6.92941 -2.16261 -0.38181 -12.9547 3.2495 -3.26872 80.8054 9.44503 6.33687 -29.2081 0.0598081 0.137039 -11.5392 -8.59712 73.8846 -24.234 0.0496218 0.113702 1.01582 -2.09882 3.70263 9.23673 -4.20556 2.0327 -22.765 -5.54178 -22.2511 -0.852353 -38.7721 -0.655187 -1.08225 4.04143 -0.0323813 -2.32622 -40.4017 -6.04875 6.28837 0.5018 14.5539 0.779096 -9.8844 12.4959 4.00891e-16 -7.83612e-16 8.96931e-19 -9.23673 -4.20556 2.0327 -13.7564 -6.54833 30.8087 0.852353 -38.7721 -0.655187 16.5086 47.582 -6.42399 2.32622 -40.4017 -6.04875 9.223 -0.554769 -15.5302 -0.779096 -9.8844 12.4959 -6.03529e-16 -5.58858e-16 -1.27466e-14 
18.8468 87.7875 119.448 15.6616 -5.63258 -2.23308 0 5.07867 -1.15138 -3.58038 -1.36063 1.63956 0 5.61661 1.07143 -3.27724 -0.479813 1.19254 -1.02604e-17 5.98978 0.11501 -2.71134 1.28591 1.18706 -1.10457e-17 6.50583 -0.443523 -2.12048 3.68436 1.16738 -1.97295e-17 7.60548 -1.50593 -1.1667 4.97404 1.442 -2.53307e-17 9.49737 -0.914492 0.147091 5.37867 1.41098 -2.90401e-17 10.5513 1.57691 -0.117822 0.480142 -0.0243975 -1.29193e-17 4.78644 0.715339 -0.883452 6.54675 -0.311613 -1.8116e-17 4.82109 0.421791 -1.95929 -4.29762 -0.527944 -2.00958e-17 4.83041 0.765062 -2.78829 -3.02609 -2.76337 1.23299 -7.60731 7.53374 5.84658 -2.14389 1.17239 12.9547 3.2495 -3.26872 -77.2024 13.5421 -7.21175 29.2081 0.0598081 0.137039 11.9272 -10.3975 -82.7039 24.234 0.0496219 0.113701 1.97227 0.18815 -0.232315 -1.23299 -7.60729 7.53365 -6.91588 -2.23423 -0.383952 -12.9547 3.2495 -3.26872 80.9307 9.18421 6.33065 -29.2081 0.0598081 0.137039 -11.5457 -8.61893 73.9933 -24.234 0.0496218 0.113702 1.07221 -2.1427 3.6974 9.23673 -4.20556 2.0327 -22.979 -5.66466 -22.1654 -0.852353 -38.7721 -0.655187 -1.1164 4.16882 -0.0321599 -2.32622 -40.4017 -6.04875 6.39916 0.434964 14.5384 0.779096 -9.8844 12.4959 3.20235e-17 -7.94914e-16 1.21998e-17 -9.23673 -4.20556 2.0327 -13.5038 -6.69037 31.4853 0.852353 -38.7721 -0.655187 16.5881 47.7182 -6.48024 2.32622 -40.4017 -6.04875 9.47773 -0.59851 -15.5002 -0.779096 -9.8844 12.4959 -2.0596e-16 -5.83481e-16 -1.27593e-14 