HIERARCHY
ROOT root
{
  OFFSET 0 93.2929 0
  CHANNELS 6 Xposition Yposition Zposition Zrotation Xrotation Yrotation
  JOINT torso_1
  {
    OFFSET 0 5.07867 -1.15138
    CHANNELS 6 Xposition Yposition Zposition Zrotation Xrotation Yrotation
    JOINT torso_2
    {
      OFFSET 0 5.61661 1.07143
      CHANNELS 6 Xposition Yposition Zposition Zrotation Xrotation Yrotation
      JOINT torso_3
      {
        OFFSET -1.02604e-17 5.98978 0.11501
        CHANNELS 6 Xposition Yposition Zposition Zrotation Xrotation Yrotation
        JOINT torso_4
        {
          OFFSET -1.10457e-17 6.50583 -0.443523
          CHANNELS 6 Xposition Yposition Zposition Zrotation Xrotation Yrotation
          JOINT torso_5
          {
            OFFSET -1.97295e-17 7.60548 -1.50593
            CHANNELS 6 Xposition Yposition Zposition Zrotation Xrotation Yrotation
            JOINT torso_6
            {
              OFFSET -2.53307e-17 9.49737 -0.914492
              CHANNELS 6 Xposition Yposition Zposition Zrotation Xrotation Yrotation
              JOINT torso_7
              {
                OFFSET -2.90401e-17 10.5513 1.57691
                CHANNELS 6 Xposition Yposition Zposition Zrotation Xrotation Yrotation
                JOINT neck_1
                {
                  OFFSET -1.29193e-17 4.78644 0.715339
                  CHANNELS 6 Xposition Yposition Zposition Zrotation Xrotation Yrotation
                  JOINT neck_2
                  {
                    OFFSET -1.8116e-17 4.82109 0.421791
                    CHANNELS 6 Xposition Yposition Zposition Zrotation Xrotation Yrotation
                    JOINT head
                    {
                      OFFSET -2.00958e-17 4.83041 0.765062
                      CHANNELS 6 Xposition Yposition Zposition Zrotation Xrotation Yrotation
                      End Site
                      {
                        OFFSET 0 0.1 0
                      }
                    }
                  }
                }
                JOINT l_shoulder
                {
                  OFFSET 1.23299 -7.60731 7.53374
                  CHANNELS 6 Xposition Yposition Zposition Zrotation Xrotation Yrotation
                  JOINT l_up_arm
                  {
                    OFFSET 12.9547 3.2495 -3.26872
                    CHANNELS 6 Xposition Yposition Zposition Zrotation Xrotation Yrotation
                    JOINT l_low_arm
                    {
                      OFFSET 29.2081 0.0598081 0.137039
                      CHANNELS 6 Xposition Yposition Zposition Zrotation Xrotation Yrotation
                      JOINT l_hand
                      {
                        OFFSET 24.234 0.0496219 0.113701
                        CHANNELS 6 Xposition Yposition Zposition Zrotation Xrotation Yrotation
                        End Site
                        {
                          OFFSET 0.1 0 0
                        }
                      }
                    }
                  }
                }
                JOINT r_shoulder
                {
                  OFFSET -1.23299 -7.60729 7.53365
                  CHANNELS 6 Xposition Yposition Zposition Zrotation Xrotation Yrotation
                  JOINT r_up_arm
                  {
                    OFFSET -12.9547 3.2495 -3.26872
                    CHANNELS 6 Xposition Yposition Zposition Zrotation Xrotation Yrotation
                    JOINT r_low_arm
                    {
                      OFFSET -29.2081 0.0598081 0.137039
                      CHANNELS 6 Xposition Yposition Zposition Zrotation Xrotation Yrotation
                      JOINT r_hand
                      {
                        OFFSET -24.234 0.0496218 0.113702
                        CHANNELS 6 Xposition Yposition Zposition Zrotation Xrotation Yrotation
                        End Site
                        {
                          OFFSET -0.1 0 0
                        }
                      }
                    }
                  }
                }
              }
            }
          }
        }
      }
    }
  }
  JOINT l_up_leg
  {
    OFFSET 9.23673 -4.20556 2.0327
    CHANNELS 6 Xposition Yposition Zposition Zrotation Xrotation Yrotation
    JOINT l_low_leg
    {
      OFFSET -0.852353 -38.7721 -0.655187
      CHANNELS 6 Xposition Yposition Zposition Zrotation Xrotation Yrotation
      JOINT l_foot
      {
        OFFSET -2.32622 -40.4017 -6.04875
        CHANNELS 6 Xposition Yposition Zposition Zrotation Xrotation Yrotation
        JOINT l_toes
        {
          OFFSET 0.779096 -9.8844 12.4959
          CHANNELS 6 Xposition Yposition Zposition Zrotation Xrotation Yrotation
          End Site
          {
            OFFSET 0 0 0.1
          }
        }
      }
    }
  }
  JOINT r_up_leg
  {
    OFFSET -9.23673 -4.20556 2.0327
    CHANNELS 6 Xposition Yposition Zposition Zrotation Xrotation Yrotation
    JOINT r_low_leg
    {
      OFFSET 0.852353 -38.7721 -0.655187
      CHANNELS 6 Xposition Yposition Zposition Zrotation Xrotation Yrotation
      JOINT r_foot
      {
        OFFSET 2.32622 -40.4017 -6.04875
        CHANNELS 6 Xposition Yposition Zposition Zrotation Xrotation Yrotation
        JOINT r_toes
        {
          OFFSET -0.779096 -9.8844 12.4959
          CHANNELS 6 Xposition Yposition Zposition Zrotation Xrotation Yrotation
          End Site
          {
            OFFSET 0 0 0.1
          }
        }
      }
    }
  }
}
MOTION
Frames: 427
Frame Time: 0.016667
0 93.2929 0 -0 0 -0 0 5.07867 -1.15138 -0 0 -0 0 5.61661 1.07143 -0 0 -0 -1.02604e-17 5.98978 0.11501 -0 0 -0 -1.10457e-17 6.50583 -0.443523 -0 0 -0 -1.97295e-17 7.60548 -1.50593 -0 0 -0 -2.53307e-17 9.49737 -0.914492 -0 0 -0 -2.90401e-17 10.5513 1.57691 -0 0 -0 -1.29193e-17 4.78644 0.715339 -0 0 -0 -1.8116e-17 4.82109 0.421791 -0 0 -0 -2.00958e-17 4.83041 0.765062 -0 0 -0 1.23299 -7.60731 7.53374 -0 0 -0 12.9547 3.2495 -3.26872 -0 0 -0 29.2081 0.0598081 0.137039 -0 0 -0 24.234 0.0496219 0.113701 -0 0 -0 -1.23299 -7.60729 7.53365 -0 0 -0 -12.9547 3.2495 -3.26872 -0 0 -0 -29.2081 0.0598081 0.137039 -0 0 -0 -24.234 0.0496218 0.113702 -0 0 -0 9.23673 -4.20556 2.0327 -0 0 -0 -0.852353 -38.7721 -0.655187 -0 0 -0 -2.32622 -40.4017 -6.04875 -0 0 -0 0.779096 -9.8844 12.4959 -0 0 -0 -9.23673 -4.20556 2.0327 -0 0 -0 0.852353 -38.7721 -0.655187 -0 0 -0 2.32622 -40.4017 -6.04875 -0 0 -0 -0.779096 -9.8844 12.4959 -0 0 -0 
2.17252 91.7228 5.59786 7.13142 -6.06858 -1.12385 0 5.07867 -1.15138 -1.96594 0.721129 0.389326 0 5.61661 1.07143 -1.53692 0.571253 0.108258 -1.02604e-17 5.98978 0.11501 -1.17377 0.622042 0.180299 -1.10457e-17 6.50583 -0.443523 -0.79083 0.279918 0.16055 -1.97295e-17 7.60548 -1.50593 -0.333037 0.0788415 0.185472 -2.53307e-17 9.49737 -0.914492 0.19185 -0.729159 -0.0797147 -2.90401e-17 10.5513 1.57691 -0.0310253 0.867676 -0.120121 -1.29193e-17 4.78644 0.715339 0.706066 5.55704 -0.371857 -1.8116e-17 4.82109 0.421791 -0.241561 -3.5555 -0.376609 -2.00958e-17 4.83041 0.765062 -1.18667 -4.17143 1.69038 1.23299 -7.60731 7.53374 5.92194 3.06215 0.428657 12.9547 3.2495 -3.26872 -91.0409 24.3757 5.78468 29.2081 0.0598081 0.137039 2.26592 -0.206073 -10.9828 24.234 0.0496219 0.113701 -4.07662 -21.0845 -1.96092 -1.23299 -7.60729 7.53365 -8.49251 2.76289 -1.95476 -12.9547 3.2495 -3.26872 91.3348 23.8667 -5.14504 -29.2081 0.0598081 0.137039 -3.00651 -0.370314 14.6353 -24.234 0.0496218 0.113702 3.79732 -20.7143 1.85106 9.23673 -4.20556 2.0327 -5.60372 4.6888 -11.7703 -0.852353 -38.7721 -0.655187 -0.197729 0.738113 -0.01161 -2.32622 -40.4017 -6.04875 -0.74053 -0.969859 15.2806 0.779096 -9.8844 12.4959 2.48481e-17 -7.95139e-16 1.2424e-17 -9.23673 -4.20556 2.0327 -9.03427 -2.13278 16.0864 0.852353 -38.7721 -0.655187 2.46404 9.16442 -0.0371903 2.32622 -40.4017 -6.04875 -2.88788 -9.24149 -15.5442 -0.779096 -9.8844 12.4959 -5.08571e-16 -5.71022e-16 -1.27466e-14 
2.19303 91.7238 5.58379 7.12859 -6.1492 -1.12162 0 5.07867 -1.15138 -2.015 0.833771 0.396072 0 5.61661 1.07143 -1.57348 0.641978 0.110344 -1.02604e-17 5.98978 0.11501 -1.19939 0.647714 0.181977 -1.10457e-17 6.50583 -0.443523 -0.804032 0.221311 0.159969 -1.97295e-17 7.60548 -1.50593 -0.333982 -0.0148428 0.186345 -2.53307e-17 9.49737 -0.914492 0.201377 -0.870209 -0.0844976 -2.90401e-17 10.5513 1.57691 -0.0298446 0.874407 -0.124227 -1.29193e-17 4.78644 0.715339 0.724177 5.79437 -0.408564 -1.8116e-17 4.82109 0.421791 -0.236348 -3.6259 -0.393041 -2.00958e-17 4.83041 0.765062 -1.18395 -4.30177 1.7298 1.23299 -7.60731 7.53374 6.49257 3.11834 0.557006 12.9547 3.2495 -3.26872 -91.3554 24.8825 6.14514 29.2081 0.0598081 0.137039 2.27095 -0.207023 -11.0074 24.234 0.0496219 0.113701 -4.4213 -21.421 -2.03674 -1.23299 -7.60729 7.53365 -8.83634 2.79644 -2.0585 -12.9547 3.2495 -3.26872 91.9958 23.8748 -5.31674 -29.2081 0.0598081 0.137039 -2.9851 -0.364862 14.529 -24.234 0.0496218 0.113702 3.71804 -20.709 1.70452 9.23673 -4.20556 2.0327 -5.61877 4.71523 -11.8439 -0.852353 -38.7721 -0.655187 -0.215528 0.80458 -0.0125305 -2.32622 -40.4017 -6.04875 -0.651853 -0.934813 15.2671 0.779096 -9.8844 12.4959 2.48481e-17 -7.95139e-16 1.2424e-17 -9.23673 -4.20556 2.0327 -9.04264 -2.08466 16.2842 0.852353 -38.7721 -0.655187 2.45112 9.11695 -0.0359667 2.32622 -40.4017 -6.04875 -2.82502 -9.19214 -15.54 -0.779096 -9.8844 12.4959 -1.39149e-15 -5.34234e-16 -1.27098e-14 
2.21795 91.7213 5.57502 7.14613 -6.18207 -1.12825 0 5.07867 -1.15138 -2.06112 0.957132 0.384967 0 5.61661 1.07143 -1.60411 0.719282 0.0945053 -1.02604e-17 5.98978 0.11501 -1.2191 0.675042 0.165945 -1.10457e-17 6.50583 -0.443523 -0.810578 0.157962 0.141745 -1.97295e-17 7.60548 -1.50593 -0.331832 -0.116757 0.16804 -2.53307e-17 9.49737 -0.914492 0.207315 -1.02153 -0.108848 -2.90401e-17 10.5513 1.57691 -0.028224 0.880089 -0.127479 -1.29193e-17 4.78644 0.715339 0.74545 5.96002 -0.330649 -1.8116e-17 4.82109 0.421791 -0.247049 -3.67033 -0.357843 -2.00958e-17 4.83041 0.765062 -1.24142 -4.41672 1.71276 1.23299 -7.60731 7.53374 7.05383 3.19979 0.66896 12.9547 3.2495 -3.26872 -91.8506 25.37 6.59089 29.2081 0.0598081 0.137039 2.30885 -0.214254 -11.1933 24.234 0.0496219 0.113701 -4.61134 -21.8281 -2.07953 -1.23299 -7.60729 7.53365 -9.21177 2.85163 -2.12888 -12.9547 3.2495 -3.26872 92.5335 23.799 -5.55615 -29.2081 0.0598081 0.137039 -2.9824 -0.364178 14.5156 -24.234 0.0496218 0.113702 3.76811 -20.5715 1.64256 9.23673 -4.20556 2.0327 -5.65584 4.72771 -11.8685 -0.852353 -38.7721 -0.655187 -0.219349 0.818848 -0.0127254 -2.32622 -40.4017 -6.04875 -0.625226 -0.910008 15.2613 0.779096 -9.8844 12.4959 1.2811e-16 -7.91912e-16 9.1971e-18 -9.23673 -4.20556 2.0327 -9.08466 -2.06106 16.4499 0.852353 -38.7721 -0.655187 2.43118 9.04365 -0.0340991 2.32622 -40.4017 -6.04875 -2.66902 -9.20777 -15.5413 -0.779096 -9.8844 12.4959 -1.49475e-15 -5.2778e-16 -1.27066e-14 
2.25027 91.7088 5.56907 7.16193 -6.13348 -1.11361 0 5.07867 -1.15138 -2.09461 1.01107 0.36386 0 5.61661 1.07143 -1.62466 0.755546 0.0689571 -1.02604e-17 5.98978 0.11501 -1.23166 0.689775 0.140216 -1.10457e-17 6.50583 -0.443523 -0.814068 0.131814 0.115111 -1.97295e-17 7.60548 -1.50593 -0.332791 -0.156456 0.141202 -2.53307e-17 9.49737 -0.914492 0.203382 -1.07733 -0.138485 -2.90401e-17 10.5513 1.57691 -0.0287177 0.879983 -0.127612 -1.29193e-17 4.78644 0.715339 0.743845 5.90394 -0.242254 -1.8116e-17 4.82109 0.421791 -0.307059 -3.68677 -0.319252 -2.00958e-17 4.83041 0.765062 -1.24217 -4.46502 1.70444 1.23299 -7.60731 7.53374 7.29016 3.25891 0.719885 12.9547 3.2495 -3.26872 -92.1229 25.6117 6.94648 29.2081 0.0598081 0.137039 2.35238 -0.222718 -11.4069 24.234 0.0496219 0.113701 -4.67239 -22.075 -2.11364 -1.23299 -7.60729 7.53365 -9.2825 2.909 -2.10367 -12.9547 3.2495 -3.26872 92.7364 23.8167 -5.76282 -29.2081 0.0598081 0.137039 -2.98646 -0.365208 14.5357 -24.234 0.0496218 0.113702 3.76984 -20.6472 1.67603 9.23673 -4.20556 2.0327 -5.69228 4.68941 -11.9466 -0.852353 -38.7721 -0.655187 -0.212846 0.794563 -0.0123931 -2.32622 -40.4017 -6.04875 -0.609937 -0.943277 15.2609 0.779096 -9.8844 12.4959 2.15893e-16 -7.89169e-16 6.45388e-18 -9.23673 -4.20556 2.0327 -9.12841 -2.11048 16.5256 0.852353 -38.7721 -0.655187 2.41523 8.98502 -0.0326245 2.32622 -40.4017 -6.04875 -2.60308 -9.25052 -15.5412 -0.779096 -9.8844 12.4959 -1.58254e-15 -5.19067e-16 -1.27038e-14 
2.28499 91.6927 5.55643 7.17446 -6.04007 -1.11835 0 5.07867 -1.15138 -2.12048 1.03336 0.343295 0 5.61661 1.07143 -1.64092 0.7718 0.0432898 -1.02604e-17 5.98978 0.11501 -1.24161 0.69511 0.114266 -1.10457e-17 6.50583 -0.443523 -0.817745 0.115751 0.0886171 -1.97295e-17 7.60548 -1.50593 -0.336061 -0.1772 0.114742 -2.53307e-17 9.49737 -0.914492 0.195612 -1.09977 -0.166016 -2.90401e-17 10.5513 1.57691 -0.0304954 0.880418 -0.126428 -1.29193e-17 4.78644 0.715339 0.734707 5.74274 -0.157831 -1.8116e-17 4.82109 0.421791 -0.357672 -3.68452 -0.282382 -2.00958e-17 4.83041 0.765062 -1.23778 -4.45791 1.72011 1.23299 -7.60731 7.53374 7.30708 3.30884 0.740748 12.9547 3.2495 -3.26872 -92.1795 25.677 7.22542 29.2081 0.0598081 0.137039 2.39727 -0.231623 -11.6274 24.234 0.0496219 0.113701 -4.70577 -22.176 -2.13246 -1.23299 -7.60729 7.53365 -9.19471 2.96495 -2.05062 -12.9547 3.2495 -3.26872 92.7748 23.8248 -5.90967 -29.2081 0.0598081 0.137039 -2.99534 -0.367466 14.5799 -24.234 0.0496218 0.113702 3.72965 -20.7809 1.66783 9.23673 -4.20556 2.0327 -5.72641 4.60288 -12.0528 -0.852353 -38.7721 -0.655187 -0.205721 0.767957 -0.0120259 -2.32622 -40.4017 -6.04875 -0.576782 -0.997998 15.2599 0.779096 -9.8844 12.4959 -2.69459e-16 -8.04336e-16 2.16211e-17 -9.23673 -4.20556 2.0327 -9.16973 -2.26305 16.5561 0.852353 -38.7721 -0.655187 2.42274 9.01262 -0.0333165 2.32622 -40.4017 -6.04875 -2.5474 -9.30782 -15.5408 -0.779096 -9.8844 12.4959 -6.84137e-16 -5.59566e-16 -1.27351e-14 
2.31405 91.7932 5.64695 7.1783 -5.93327 -1.16632 0 5.07867 -1.15138 -2.14573 0.922526 0.332515 0 5.61661 1.07143 -1.65814 0.70017 0.0283449 -1.02604e-17 5.98978 0.11501 -1.25168 0.662999 0.0989883 -1.10457e-17 6.50583 -0.443523 -0.821211 0.147547 0.0732533 -1.97295e-17 7.60548 -1.50593 -0.336614 -0.105447 0.100006 -2.53307e-17 9.49737 -0.914492 0.195382 -0.99416 -0.182805 -2.90401e-17 10.5513 1.57691 -0.0312802 0.871611 -0.125952 -1.29193e-17 4.78644 0.715339 0.732811 5.63874 -0.103457 -1.8116e-17 4.82109 0.421791 -0.374058 -3.68591 -0.257975 -2.00958e-17 4.83041 0.765062 -1.25158 -4.49791 1.76557 1.23299 -7.60731 7.53374 7.27552 3.27163 0.803178 12.9547 3.2495 -3.26872 -92.1117 25.7444 7.41256 29.2081 0.0598081 0.137039 2.42757 -0.237735 -11.7762 24.234 0.0496219 0.113701 -4.79385 -22.2004 -2.12328 -1.23299 -7.60729 7.53365 -9.04947 2.93981 -2.0358 -12.9547 3.2495 -3.26872 92.7464 23.8128 -6.01546 -29.2081 0.0598081 0.137039 -3.0033 -0.369496 14.6194 -24.234 0.0496218 0.113702 3.67525 -20.9157 1.5528 9.23673 -4.20556 2.0327 -5.75368 4.56587 -12.1081 -0.852353 -38.7721 -0.655187 -0.175867 0.656478 -0.0104512 -2.32622 -40.4017 -6.04875 -0.669487 -0.599057 15.2558 0.779096 -9.8844 12.4959 -7.8414e-17 -7.98366e-16 1.5651e-17 -9.23673 -4.20556 2.0327 -9.20163 -2.3158 16.5881 0.852353 -38.7721 -0.655187 2.38498 8.87376 -0.0298716 2.32622 -40.4017 -6.04875 -2.36663 -8.96665 -15.5194 -0.779096 -9.8844 12.4959 9.55226e-17 -5.93127e-16 -1.27687e-14 
2.33393 92.101 5.94797 7.14839 -5.84757 -1.24333 0 5.07867 -1.15138 -2.16969 0.590061 0.330006 0 5.61661 1.07143 -1.6746 0.483168 0.0238015 -1.02604e-17 5.98978 0.11501 -1.26006 0.572789 0.093856 -1.10457e-17 6.50583 -0.443523 -0.821768 0.26735 0.0680044 -1.97295e-17 7.60548 -1.50593 -0.332266 0.128842 0.0954036 -2.53307e-17 9.49737 -0.914492 0.204482 -0.66803 -0.19109 -2.90401e-17 10.5513 1.57691 -0.0305884 0.843442 -0.129059 -1.29193e-17 4.78644 0.715339 0.744041 5.72888 -0.0745964 -1.8116e-17 4.82109 0.421791 -0.366784 -3.77991 -0.24395 -2.00958e-17 4.83041 0.765062 -1.26066 -4.62032 1.83018 1.23299 -7.60731 7.53374 7.32348 3.07468 0.950131 12.9547 3.2495 -3.26872 -91.9593 25.961 7.55031 29.2081 0.0598081 0.137039 2.44681 -0.241659 -11.8708 24.234 0.0496219 0.113701 -5.033 -22.2639 -2.06829 -1.23299 -7.60729 7.53365 -8.92327 2.7497 -2.09995 -12.9547 3.2495 -3.26872 92.7436 23.8241 -6.11543 -29.2081 0.0598081 0.137039 -3.00507 -0.369948 14.6282 -24.234 0.0496218 0.113702 3.62141 -21.0448 1.308 9.23673 -4.20556 2.0327 -5.75052 4.70786 -12.1011 -0.852353 -38.7721 -0.655187 -0.0931738 0.347746 -0.00578711 -2.32622 -40.4017 -6.04875 -0.992957 0.601546 15.2513 0.779096 -9.8844 12.4959 -3.72721e-16 -8.07563e-16 2.48481e-17 -9.23673 -4.20556 2.0327 -9.20332 -2.04843 16.638 0.852353 -38.7721 -0.655187 2.23443 8.31918 -0.0170485 2.32622 -40.4017 -6.04875 -1.93137 -7.91306 -15.4666 -0.779096 -9.8844 12.4959 -9.55226e-17 -5.87157e-16 -1.27627e-14 
2.35806 92.096 5.94333 7.0875 -5.8033 -1.33115 0 5.07867 -1.15138 -2.16683 0.611809 0.319277 0 5.61661 1.07143 -1.67077 0.493829 0.0155973 -1.02604e-17 5.98978 0.11501 -1.25617 0.569436 0.0863303 -1.10457e-17 6.50583 -0.443523 -0.816649 0.245587 0.0594821 -1.97295e-17 7.60548 -1.50593 -0.328117 0.0973675 0.0849067 -2.53307e-17 9.49737 -0.914492 0.206288 -0.715495 -0.202113 -2.90401e-17 10.5513 1.57691 -0.0287159 0.842344 -0.129275 -1.29193e-17 4.78644 0.715339 0.757785 5.7492 -0.0583428 -1.8116e-17 4.82109 0.421791 -0.337391 -3.83527 -0.234905 -2.00958e-17 4.83041 0.765062 -1.30911 -4.5663 1.90312 1.23299 -7.60731 7.53374 7.49566 3.09119 1.00151 12.9547 3.2495 -3.26872 -91.9861 26.3773 7.77943 29.2081 0.0598081 0.137039 2.49308 -0.251231 -12.0984 24.234 0.0496219 0.113701 -5.2231 -22.5484 -2.07418 -1.23299 -7.60729 7.53365 -9.12049 2.76616 -2.11632 -12.9547 3.2495 -3.26872 92.9502 23.7598 -6.31788 -29.2081 0.0598081 0.137039 -3.01042 -0.371315 14.6548 -24.234 0.0496218 0.113702 3.68059 -21.1269 1.26692 9.23673 -4.20556 2.0327 -5.71797 4.66922 -12.073 -0.852353 -38.7721 -0.655187 -0.0863567 0.322298 -0.0053828 -2.32622 -40.4017 -6.04875 -0.850975 0.581671 15.2289 0.779096 -9.8844 12.4959 -3.72721e-16 -8.07563e-16 2.48481e-17 -9.23673 -4.20556 2.0327 -9.16154 -2.17562 16.6643 0.852353 -38.7721 -0.655187 2.23888 8.33561 -0.017407 2.32622 -40.4017 -6.04875 -1.84881 -7.87455 -15.4572 -0.779096 -9.8844 12.4959 1.98785e-16 -5.96354e-16 -1.27719e-14 
2.37181 92.095 5.94175 7.01608 -5.78236 -1.41512 0 5.07867 -1.15138 -2.16701 0.704539 0.302451 0 5.61661 1.07143 -1.66575 0.552319 -0.00227606 -1.02604e-17 5.98978 0.11501 -1.24979 0.586371 0.0684959 -1.10457e-17 6.50583 -0.443523 -0.808768 0.192923 0.0410715 -1.97295e-17 7.60548 -1.50593 -0.322595 0.0142832 0.0644951 -2.53307e-17 9.49737 -0.914492 0.205593 -0.825335 -0.224785 -2.90401e-17 10.5513 1.57691 -0.0283172 0.850084 -0.126947 -1.29193e-17 4.78644 0.715339 0.760109 5.67196 0.0354801 -1.8116e-17 4.82109 0.421791 -0.358702 -3.77634 -0.191635 -2.00958e-17 4.83041 0.765062 -1.28792 -4.49002 1.88928 1.23299 -7.60731 7.53374 7.57617 3.17895 0.995587 12.9547 3.2495 -3.26872 -92.144 26.645 8.05144 29.2081 0.0598081 0.137039 2.53587 -0.260252 -12.309 24.234 0.0496219 0.113701 -5.16789 -22.7356 -2.09231 -1.23299 -7.60729 7.53365 -9.14137 2.85602 -2.0678 -12.9547 3.2495 -3.26872 93.0322 23.7366 -6.51639 -29.2081 0.0598081 0.137039 -3.01933 -0.373601 14.6991 -24.234 0.0496218 0.113702 3.66162 -21.2653 1.25698 9.23673 -4.20556 2.0327 -5.65762 4.68567 -12.0641 -0.852353 -38.7721 -0.655187 -0.0676053 0.252305 -0.00425512 -2.32622 -40.4017 -6.04875 -0.828463 0.546146 15.2263 0.779096 -9.8844 12.4959 -2.69459e-16 -8.04336e-16 2.16211e-17 -9.23673 -4.20556 2.0327 -9.1054 -2.25889 16.6604 0.852353 -38.7721 -0.655187 2.2385 8.33419 -0.0173759 2.32622 -40.4017 -6.04875 -1.73784 -7.83522 -15.4525 -0.779096 -9.8844 12.4959 -7.73944e-18 -5.86673e-16 -1.27655e-14 
2.38118 92.0949 5.94477 6.95096 -5.7762 -1.46955 0 5.07867 -1.15138 -2.16818 0.752824 0.287778 0 5.61661 1.07143 -1.66325 0.586873 -0.0176542 -1.02604e-17 5.98978 0.11501 -1.24634 0.604792 0.0530455 -1.10457e-17 6.50583 -0.443523 -0.804368 0.184153 0.0256311 -1.97295e-17 7.60548 -1.50593 -0.320667 -0.00858001 0.0481632 -2.53307e-17 9.49737 -0.914492 0.202359 -0.855219 -0.241244 -2.90401e-17 10.5513 1.57691 -0.0287582 0.852802 -0.125033 -1.29193e-17 4.78644 0.715339 0.756475 5.61564 0.0465155 -1.8116e-17 4.82109 0.421791 -0.374611 -3.78101 -0.186219 -2.00958e-17 4.83041 0.765062 -1.23429 -4.45914 1.93535 1.23299 -7.60731 7.53374 7.61927 3.20259 1.01362 12.9547 3.2495 -3.26872 -92.1865 26.7166 8.13954 29.2081 0.0598081 0.137039 2.56225 -0.265898 -12.4389 24.234 0.0496219 0.113701 -5.11526 -22.6491 -2.06511 -1.23299 -7.60729 7.53365 -9.11648 2.89189 -2.04098 -12.9547 3.2495 -3.26872 93.0333 23.7091 -6.61987 -29.2081 0.0598081 0.137039 -3.0165 -0.372874 14.685 -24.234 0.0496218 0.113702 3.65216 -21.4471 1.27221 9.23673 -4.20556 2.0327 -5.60284 4.71297 -12.0933 -0.852353 -38.7721 -0.655187 -0.0522125 0.194852 -0.00331236 -2.32622 -40.4017 -6.04875 -0.793924 0.523727 15.2235 0.779096 -9.8844 12.4959 1.2811e-16 -7.91912e-16 9.1971e-18 -9.23673 -4.20556 2.0327 -9.05269 -2.30656 16.6469 0.852353 -38.7721 -0.655187 2.23455 8.31964 -0.0170585 2.32622 -40.4017 -6.04875 -1.69189 -7.78149 -15.4432 -0.779096 -9.8844 12.4959 -8.02878e-16 -5.52628e-16 -1.27374e-14 
2.38934 92.0965 5.95228 6.87754 -5.76584 -1.49927 0 5.07867 -1.15138 -2.17236 0.826759 0.268591 0 5.61661 1.07143 -1.66104 0.637632 -0.0392168 -1.02604e-17 5.98978 0.11501 -1.24143 0.628252 0.0316453 -1.10457e-17 6.50583 -0.443523 -0.797026 0.159922 0.00415679 -1.97295e-17 7.60548 -1.50593 -0.315138 -0.0580506 0.0252862 -2.53307e-17 9.49737 -0.914492 0.202341 -0.918162 -0.266055 -2.90401e-17 10.5513 1.57691 -0.0294966 0.859052 -0.123257 -1.29193e-17 4.78644 0.715339 0.762312 5.56613 0.0780562 -1.8116e-17 4.82109 0.421791 -0.366456 -3.75612 -0.170475 -2.00958e-17 4.83041 0.765062 -1.21582 -4.43703 1.95234 1.23299 -7.60731 7.53374 7.62145 3.24976 1.0068 12.9547 3.2495 -3.26872 -92.2113 26.7136 8.22088 29.2081 0.0598081 0.137039 2.58246 -0.270264 -12.5385 24.234 0.0496219 0.113701 -5.02457 -22.5135 -2.06119 -1.23299 -7.60729 7.53365 -9.07361 2.94814 -2.00383 -12.9547 3.2495 -3.26872 93.0481 23.6107 -6.72633 -29.2081 0.0598081 0.137039 -3.00525 -0.369994 14.6291 -24.234 0.0496218 0.113702 3.60114 -21.5571 1.31394 9.23673 -4.20556 2.0327 -5.53703 4.73726 -12.1282 -0.852353 -38.7721 -0.655187 -0.0378338 0.141188 -0.00241782 -2.32622 -40.4017 -6.04875 -0.75745 0.498996 15.2202 0.779096 -9.8844 12.4959 2.15893e-16 -7.89169e-16 6.45388e-18 -9.23673 -4.20556 2.0327 -8.99449 -2.30012 16.633 0.852353 -38.7721 -0.655187 2.20821 8.22249 -0.0149655 2.32622 -40.4017 -6.04875 -1.60617 -7.72744 -15.4371 -0.779096 -9.8844 12.4959 -8.75182e-16 -5.56822e-16 -1.27324e-14 
2.39487 92.0921 5.96158 6.80627 -5.72869 -1.51846 0 5.07867 -1.15138 -2.17533 0.886843 0.252145 0 5.61661 1.07143 -1.65847 0.678228 -0.0572297 -1.02604e-17 5.98978 0.11501 -1.23638 0.644918 0.0140663 -1.10457e-17 6.50583 -0.443523 -0.789975 0.135136 -0.0132141 -1.97295e-17 7.60548 -1.50593 -0.309235 -0.104547 0.00678631 -2.53307e-17 9.49737 -0.914492 0.203928 -0.977881 -0.286197 -2.90401e-17 10.5513 1.57691 -0.0299722 0.8651 -0.121315 -1.29193e-17 4.78644 0.715339 0.768997 5.51768 0.0754144 -1.8116e-17 4.82109 0.421791 -0.353973 -3.7308 -0.170173 -2.00958e-17 4.83041 0.765062 -1.20974 -4.41275 1.97451 1.23299 -7.60731 7.53374 7.63624 3.2838 1.01287 12.9547 3.2495 -3.26872 -92.2155 26.6752 8.24079 29.2081 0.0598081 0.137039 2.59402 -0.272778 -12.5955 24.234 0.0496219 0.113701 -4.95443 -22.3034 -2.06719 -1.23299 -7.60729 7.53365 -9.04429 2.99919 -1.97998 -12.9547 3.2495 -3.26872 93.0515 23.4409 -6.82259 -29.2081 0.0598081 0.137039 -2.9912 -0.366411 14.5593 -24.234 0.0496218 0.113702 3.56181 -21.6237 1.35697 9.23673 -4.20556 2.0327 -5.47088 4.74295 -12.1923 -0.852353 -38.7721 -0.655187 -0.0208437 0.0777815 -0.00134353 -2.32622 -40.4017 -6.04875 -0.705546 0.453066 15.2157 0.779096 -9.8844 12.4959 -1.662e-16 -8.01109e-16 1.83943e-17 -9.23673 -4.20556 2.0327 -8.93491 -2.28105 16.6707 0.852353 -38.7721 -0.655187 2.1661 8.06707 -0.011712 2.32622 -40.4017 -6.04875 -1.55922 -7.68764 -15.4298 -0.779096 -9.8844 12.4959 8.00499e-17 -5.98614e-16 -1.27742e-14 
2.39385 92.0755 5.96993 6.72749 -5.63554 -1.56272 0 5.07867 -1.15138 -2.17016 0.928474 0.232249 0 5.61661 1.07143 -1.6491 0.704718 -0.0779352 -1.02604e-17 5.98978 0.11501 -1.22604 0.650124 -0.00611116 -1.10457e-17 6.50583 -0.443523 -0.779157 0.104521 -0.0333422 -1.97295e-17 7.60548 -1.50593 -0.301891 -0.15271 -0.0149201 -2.53307e-17 9.49737 -0.914492 0.203966 -1.03804 -0.309559 -2.90401e-17 10.5513 1.57691 -0.0308567 0.870109 -0.11969 -1.29193e-17 4.78644 0.715339 0.773231 5.45272 0.0975845 -1.8116e-17 4.82109 0.421791 -0.355569 -3.68621 -0.158936 -2.00958e-17 4.83041 0.765062 -1.22217 -4.38398 1.98787 1.23299 -7.60731 7.53374 7.62795 3.31834 1.01867 12.9547 3.2495 -3.26872 -92.2121 26.5767 8.2785 29.2081 0.0598081 0.137039 2.60684 -0.275579 -12.6587 24.234 0.0496219 0.113701 -4.88308 -22.0841 -2.10504 -1.23299 -7.60729 7.53365 -8.98756 3.04665 -1.95881 -12.9547 3.2495 -3.26872 93.0357 23.2301 -6.91149 -29.2081 0.0598081 0.137039 -2.9835 -0.364457 14.521 -24.234 0.0496218 0.113702 3.48959 -21.6119 1.35313 9.23673 -4.20556 2.0327 -5.39189 4.69837 -12.2205 -0.852353 -38.7721 -0.655187 -0.00480159 0.0179172 -0.000311996 -2.32622 -40.4017 -6.04875 -0.6532 0.339386 15.2148 0.779096 -9.8844 12.4959 1.12645e-16 -7.95622e-16 1.29072e-17 -9.23673 -4.20556 2.0327 -8.86357 -2.3141 16.7518 0.852353 -38.7721 -0.655187 2.12205 7.9044 -0.00843143 2.32622 -40.4017 -6.04875 -1.50127 -7.70153 -15.4247 -0.779096 -9.8844 12.4959 -9.78463e-16 -5.50368e-16 -1.27259e-14 
2.38232 92.0409 5.97609 6.61591 -5.45641 -1.6535 0 5.07867 -1.15138 -2.14473 0.939434 0.210911 0 5.61661 1.07143 -1.62387 0.707893 -0.0969175 -1.02604e-17 5.98978 0.11501 -1.20441 0.636841 -0.0244498 -1.10457e-17 6.50583 -0.443523 -0.761522 0.0666862 -0.0517904 -1.97295e-17 7.60548 -1.50593 -0.292268 -0.200702 -0.0359988 -2.53307e-17 9.49737 -0.914492 0.201799 -1.09732 -0.330886 -2.90401e-17 10.5513 1.57691 -0.0315549 0.873557 -0.118092 -1.29193e-17 4.78644 0.715339 0.776812 5.37574 0.135669 -1.8116e-17 4.82109 0.421791 -0.371265 -3.62471 -0.140572 -2.00958e-17 4.83041 0.765062 -1.26328 -4.33518 2.00405 1.23299 -7.60731 7.53374 7.59045 3.34529 1.02519 12.9547 3.2495 -3.26872 -92.1619 26.4617 8.31892 29.2081 0.0598081 0.137039 2.61788 -0.278006 -12.7131 24.234 0.0496219 0.113701 -4.85112 -21.8821 -2.19039 -1.23299 -7.60729 7.53365 -8.95543 3.09153 -1.9541 -12.9547 3.2495 -3.26872 93.0215 23.0095 -7.00509 -29.2081 0.0598081 0.137039 -2.97957 -0.363461 14.5015 -24.234 0.0496218 0.113702 3.42089 -21.5451 1.34301 9.23673 -4.20556 2.0327 -5.27413 4.57317 -12.203 -0.852353 -38.7721 -0.655187 0.00874465 -0.0326298 0.000572047 -2.32622 -40.4017 -6.04875 -0.561983 0.116246 15.215 0.779096 -9.8844 12.4959 -6.67033e-16 -8.25957e-16 4.32426e-17 -9.23673 -4.20556 2.0327 -8.74056 -2.46914 16.8473 0.852353 -38.7721 -0.655187 2.09296 7.79693 -0.00633431 2.32622 -40.4017 -6.04875 -1.51578 -7.75926 -15.4201 -0.779096 -9.8844 12.4959 1.98785e-16 -5.96354e-16 -1.27719e-14 
2.36036 91.9984 5.98178 6.50412 -5.22864 -1.7675 0 5.07867 -1.15138 -2.11816 0.972044 0.188693 0 5.61661 1.07143 -1.59921 0.721348 -0.116549 -1.02604e-17 5.98978 0.11501 -1.18459 0.62114 -0.0435928 -1.10457e-17 6.50583 -0.443523 -0.746907 0.0064466 -0.0716003 -1.97295e-17 7.60548 -1.50593 -0.286745 -0.280977 -0.058416 -2.53307e-17 9.49737 -0.914492 0.194624 -1.19845 -0.351031 -2.90401e-17 10.5513 1.57691 -0.032095 0.880337 -0.117138 -1.29193e-17 4.78644 0.715339 0.783647 5.28894 0.183552 -1.8116e-17 4.82109 0.421791 -0.400035 -3.53935 -0.117416 -2.00958e-17 4.83041 0.765062 -1.2915 -4.24389 2.02125 1.23299 -7.60731 7.53374 7.47403 3.39859 0.990126 12.9547 3.2495 -3.26872 -91.9619 26.3629 8.38098 29.2081 0.0598081 0.137039 2.6299 -0.280658 -12.7724 24.234 0.0496219 0.113701 -4.87034 -21.7677 -2.35365 -1.23299 -7.60729 7.53365 -8.9869 3.16014 -1.94385 -12.9547 3.2495 -3.26872 93.0463 22.8437 -7.13871 -29.2081 0.0598081 0.137039 -2.98573 -0.365021 14.5321 -24.234 0.0496218 0.113702 3.39359 -21.5167 1.34916 9.23673 -4.20556 2.0327 -5.14922 4.39848 -12.1611 -0.852353 -38.7721 -0.655187 0.0208329 -0.0777337 0.00137098 -2.32622 -40.4017 -6.04875 -0.459221 -0.1463 15.2162 0.779096 -9.8844 12.4959 -2.69464e-16 -8.04336e-16 2.16213e-17 -9.23673 -4.20556 2.0327 -8.60529 -2.69593 16.8992 0.852353 -38.7721 -0.655187 2.07317 7.72379 -0.00493865 2.32622 -40.4017 -6.04875 -1.56168 -7.84866 -15.4169 -0.779096 -9.8844 12.4959 1.98785e-16 -5.96354e-16 -1.27719e-14 
2.33068 91.9639 5.98713 6.40682 -5.00124 -1.87918 0 5.07867 -1.15138 -2.09743 1.03355 0.16938 0 5.61661 1.07143 -1.58082 0.752867 -0.133559 -1.02604e-17 5.98978 0.11501 -1.17018 0.612897 -0.0601565 -1.10457e-17 6.50583 -0.443523 -0.736832 -0.062984 -0.0887078 -1.97295e-17 7.60548 -1.50593 -0.283962 -0.379142 -0.0774005 -2.53307e-17 9.49737 -0.914492 0.187088 -1.32511 -0.367324 -2.90401e-17 10.5513 1.57691 -0.03216 0.890545 -0.115214 -1.29193e-17 4.78644 0.715339 0.788226 5.2057 0.208625 -1.8116e-17 4.82109 0.421791 -0.419467 -3.44617 -0.104762 -2.00958e-17 4.83041 0.765062 -1.31884 -4.13687 2.0499 1.23299 -7.60731 7.53374 7.38107 3.46553 0.949166 12.9547 3.2495 -3.26872 -91.7636 26.3238 8.40129 29.2081 0.0598081 0.137039 2.64837 -0.284759 -12.8635 24.234 0.0496219 0.113701 -4.86997 -21.6968 -2.47467 -1.23299 -7.60729 7.53365 -9.02445 3.24689 -1.92181 -12.9547 3.2495 -3.26872 93.0579 22.6715 -7.27096 -29.2081 0.0598081 0.137039 -2.99661 -0.367787 14.5862 -24.234 0.0496218 0.113702 3.38746 -21.5213 1.36133 9.23673 -4.20556 2.0327 -5.03135 4.21847 -12.1214 -0.852353 -38.7721 -0.655187 0.0332239 -0.123965 0.00219977 -2.32622 -40.4017 -6.04875 -0.37727 -0.369877 15.2182 0.779096 -9.8844 12.4959 -7.84092e-17 -7.98365e-16 1.56508e-17 -9.23673 -4.20556 2.0327 -8.47765 -2.93418 16.8888 0.852353 -38.7721 -0.655187 2.05675 7.6631 -0.00380035 2.32622 -40.4017 -6.04875 -1.60694 -7.91481 -15.4138 -0.779096 -9.8844 12.4959 9.55274e-17 -5.93127e-16 -1.27687e-14 
2.29811 91.9429 5.98958 6.31204 -4.79239 -1.97628 0 5.07867 -1.15138 -2.08697 1.11365 0.156867 0 5.61661 1.07143 -1.57197 0.797488 -0.14386 -1.02604e-17 5.98978 0.11501 -1.16329 0.614234 -0.0695706 -1.10457e-17 6.50583 -0.443523 -0.73218 -0.129614 -0.0984261 -1.97295e-17 7.60548 -1.50593 -0.282627 -0.477782 -0.0879819 -2.53307e-17 9.49737 -0.914492 0.1831 -1.4557 -0.375695 -2.90401e-17 10.5513 1.57691 -0.0314128 0.90148 -0.112699 -1.29193e-17 4.78644 0.715339 0.791281 5.15077 0.196011 -1.8116e-17 4.82109 0.421791 -0.418149 -3.36584 -0.108884 -2.00958e-17 4.83041 0.765062 -1.33634 -4.04951 2.07344 1.23299 -7.60731 7.53374 7.39278 3.53306 0.922347 12.9547 3.2495 -3.26872 -91.6281 26.3376 8.37609 29.2081 0.0598081 0.137039 2.67243 -0.29015 -12.9823 24.234 0.0496219 0.113701 -4.8546 -21.6108 -2.5534 -1.23299 -7.60729 7.53365 -9.0966 3.33432 -1.89965 -12.9547 3.2495 -3.26872 93.0321 22.5545 -7.38374 -29.2081 0.0598081 0.137039 -3.00958 -0.371097 14.6506 -24.234 0.0496218 0.113702 3.45358 -21.6616 1.39468 9.23673 -4.20556 2.0327 -4.91141 4.05927 -12.107 -0.852353 -38.7721 -0.655187 0.0505761 -0.188701 0.00337711 -2.32622 -40.4017 -6.04875 -0.317852 -0.527946 15.2189 0.779096 -9.8844 12.4959 -3.72721e-16 -8.07563e-16 2.48481e-17 -9.23673 -4.20556 2.0327 -8.35135 -3.13525 16.918 0.852353 -38.7721 -0.655187 2.0292 7.5612 -0.00192867 2.32622 -40.4017 -6.04875 -1.62214 -7.92749 -15.4093 -0.779096 -9.8844 12.4959 -3.02042e-16 -5.77476e-16 -1.27563e-14 
2.26884 91.9326 5.98947 6.21876 -4.57894 -2.02893 0 5.07867 -1.15138 -2.08617 1.15623 0.144135 0 5.61661 1.07143 -1.56981 0.821678 -0.156344 -1.02604e-17 5.98978 0.11501 -1.16035 0.613829 -0.0813123 -1.10457e-17 6.50583 -0.443523 -0.729024 -0.169662 -0.110294 -1.97295e-17 7.60548 -1.50593 -0.280696 -0.534448 -0.0999883 -2.53307e-17 9.49737 -0.914492 0.181301 -1.5298 -0.387138 -2.90401e-17 10.5513 1.57691 -0.0314216 0.907818 -0.110947 -1.29193e-17 4.78644 0.715339 0.79084 5.10115 0.177075 -1.8116e-17 4.82109 0.421791 -0.415505 -3.31266 -0.116291 -2.00958e-17 4.83041 0.765062 -1.33052 -3.99962 2.08838 1.23299 -7.60731 7.53374 7.43546 3.57397 0.911833 12.9547 3.2495 -3.26872 -91.5513 26.3179 8.27188 29.2081 0.0598081 0.137039 2.69531 -0.295324 -13.0952 24.234 0.0496219 0.113701 -4.75804 -21.4659 -2.5767 -1.23299 -7.60729 7.53365 -9.09381 3.39286 -1.87824 -12.9547 3.2495 -3.26872 93.004 22.4428 -7.41147 -29.2081 0.0598081 0.137039 -3.01429 -0.372305 14.674 -24.234 0.0496218 0.113702 3.42935 -21.846 1.39482 9.23673 -4.20556 2.0327 -4.78802 3.9312 -12.1589 -0.852353 -38.7721 -0.655187 0.0881938 -0.329024 0.00599647 -2.32622 -40.4017 -6.04875 -0.31255 -0.629856 15.2222 0.779096 -9.8844 12.4959 -3.72721e-16 -8.07563e-16 2.48481e-17 -9.23673 -4.20556 2.0327 -8.23338 -3.29197 17.1339 0.852353 -38.7721 -0.655187 1.98062 7.38147 0.00125089 2.32622 -40.4017 -6.04875 -1.5768 -7.90448 -15.4055 -0.779096 -9.8844 12.4959 -8.02869e-16 -5.52628e-16 -1.27374e-14 
2.23712 91.9235 5.98624 6.12011 -4.29642 -2.08126 0 5.07867 -1.15138 -2.07796 1.19551 0.132107 0 5.61661 1.07143 -1.56291 0.839117 -0.16662 -1.02604e-17 5.98978 0.11501 -1.1551 0.601913 -0.0900181 -1.10457e-17 6.50583 -0.443523 -0.725269 -0.226733 -0.119178 -1.97295e-17 7.60548 -1.50593 -0.279709 -0.607822 -0.109102 -2.53307e-17 9.49737 -0.914492 0.178058 -1.62718 -0.39404 -2.90401e-17 10.5513 1.57691 -0.0305488 0.916082 -0.109421 -1.29193e-17 4.78644 0.715339 0.791737 5.03745 0.190371 -1.8116e-17 4.82109 0.421791 -0.404304 -3.25092 -0.108645 -2.00958e-17 4.83041 0.765062 -1.33558 -3.94834 2.0515 1.23299 -7.60731 7.53374 7.52022 3.62673 0.889212 12.9547 3.2495 -3.26872 -91.4562 26.2887 8.16496 29.2081 0.0598081 0.137039 2.71659 -0.300179 -13.2003 24.234 0.0496219 0.113701 -4.73306 -21.309 -2.66085 -1.23299 -7.60729 7.53365 -9.17616 3.46155 -1.8522 -12.9547 3.2495 -3.26872 92.9225 22.3579 -7.46085 -29.2081 0.0598081 0.137039 -3.02124 -0.374087 14.7086 -24.234 0.0496218 0.113702 3.54196 -22.0895 1.46203 9.23673 -4.20556 2.0327 -4.63913 3.79308 -12.4149 -0.852353 -38.7721 -0.655187 0.155242 -0.579059 0.0108924 -2.32622 -40.4017 -6.04875 -0.384902 -0.722192 15.2337 0.779096 -9.8844 12.4959 -2.69464e-16 -8.04336e-16 2.16213e-17 -9.23673 -4.20556 2.0327 -8.10679 -3.53284 17.4313 0.852353 -38.7721 -0.655187 1.93881 7.22669 0.00386487 2.32622 -40.4017 -6.04875 -1.52087 -7.87965 -15.4023 -0.779096 -9.8844 12.4959 -1.08172e-15 -5.47141e-16 -1.27227e-14 
2.20215 91.9159 5.97585 6.01674 -3.98946 -2.09613 0 5.07867 -1.15138 -2.05529 1.2788 0.117563 0 5.61661 1.07143 -1.54747 0.87734 -0.174591 -1.02604e-17 5.98978 0.11501 -1.14755 0.587467 -0.095563 -1.10457e-17 6.50583 -0.443523 -0.723691 -0.319985 -0.125435 -1.97295e-17 7.60548 -1.50593 -0.285383 -0.731833 -0.116411 -2.53307e-17 9.49737 -0.914492 0.165413 -1.79543 -0.392454 -2.90401e-17 10.5513 1.57691 -0.0279981 0.928999 -0.108828 -1.29193e-17 4.78644 0.715339 0.80073 4.99656 0.197614 -1.8116e-17 4.82109 0.421791 -0.405168 -3.17071 -0.102561 -2.00958e-17 4.83041 0.765062 -1.3294 -3.88226 1.97606 1.23299 -7.60731 7.53374 7.61112 3.72337 0.782532 12.9547 3.2495 -3.26872 -91.1799 26.4679 8.11345 29.2081 0.0598081 0.137039 2.74296 -0.306249 -13.3306 24.234 0.0496219 0.113701 -4.90999 -21.4244 -2.90482 -1.23299 -7.60729 7.53365 -9.57115 3.57158 -1.80117 -12.9547 3.2495 -3.26872 92.8284 22.5826 -7.69949 -29.2081 0.0598081 0.137039 -3.0589 -0.383832 14.8959 -24.234 0.0496218 0.113702 3.99175 -22.7272 1.66762 9.23673 -4.20556 2.0327 -4.4659 3.61515 -12.8689 -0.852353 -38.7721 -0.655187 0.218357 -0.814333 0.0157668 -2.32622 -40.4017 -6.04875 -0.482737 -0.819697 15.2474 0.779096 -9.8844 12.4959 2.48481e-17 -7.95139e-16 1.2424e-17 -9.23673 -4.20556 2.0327 -7.97837 -3.84522 17.567 0.852353 -38.7721 -0.655187 1.92292 7.16787 0.0048282 2.32622 -40.4017 -6.04875 -1.47522 -7.85229 -15.3968 -0.779096 -9.8844 12.4959 -1.98785e-16 -5.8393e-16 -1.27595e-14 
2.16899 91.9067 5.95801 5.93429 -3.66947 -2.03386 0 5.07867 -1.15138 -2.05073 1.29404 0.0959196 0 5.61661 1.07143 -1.54502 0.877414 -0.192819 -1.02604e-17 5.98978 0.11501 -1.14752 0.56502 -0.113495 -1.10457e-17 6.50583 -0.443523 -0.725199 -0.374461 -0.143487 -1.97295e-17 7.60548 -1.50593 -0.291924 -0.78885 -0.134427 -2.53307e-17 9.49737 -0.914492 0.151344 -1.86907 -0.404383 -2.90401e-17 10.5513 1.57691 -0.0274339 0.937148 -0.108586 -1.29193e-17 4.78644 0.715339 0.799652 4.95455 0.125714 -1.8116e-17 4.82109 0.421791 -0.418215 -3.15214 -0.134034 -2.00958e-17 4.83041 0.765062 -1.25292 -3.8651 2.02108 1.23299 -7.60731 7.53374 7.62546 3.77707 0.702184 12.9547 3.2495 -3.26872 -90.9581 26.7553 7.96339 29.2081 0.0598081 0.137039 2.78317 -0.315632 -13.5295 24.234 0.0496219 0.113701 -4.8601 -21.709 -3.06395 -1.23299 -7.60729 7.53365 -9.76488 3.64436 -1.74146 -12.9547 3.2495 -3.26872 92.9177 22.8036 -7.83049 -29.2081 0.0598081 0.137039 -3.10532 -0.396021 15.1269 -24.234 0.0496218 0.113702 3.98897 -23.353 1.61198 9.23673 -4.20556 2.0327 -4.30727 3.35865 -13.3314 -0.852353 -38.7721 -0.655187 0.254742 -0.949925 0.0186939 -2.32622 -40.4017 -6.04875 -0.596173 -0.945604 15.2623 0.779096 -9.8844 12.4959 1.28105e-16 -7.91912e-16 9.19725e-18 -9.23673 -4.20556 2.0327 -7.87866 -4.19405 17.5042 0.852353 -38.7721 -0.655187 1.92638 7.18068 0.00461979 2.32622 -40.4017 -6.04875 -1.45602 -7.84038 -15.391 -0.779096 -9.8844 12.4959 -5.08557e-16 -5.71023e-16 -1.27466e-14 
2.13914 91.9034 5.94048 5.89086 -3.35242 -1.90811 0 5.07867 -1.15138 -2.06887 1.27937 0.0847913 0 5.61661 1.07143 -1.56177 0.859566 -0.202832 -1.02604e-17 5.98978 0.11501 -1.16002 0.539873 -0.122859 -1.10457e-17 6.50583 -0.443523 -0.733798 -0.410513 -0.151686 -1.97295e-17 7.60548 -1.50593 -0.29711 -0.816869 -0.140223 -2.53307e-17 9.49737 -0.914492 0.147857 -1.89966 -0.408129 -2.90401e-17 10.5513 1.57691 -0.0258918 0.946141 -0.103965 -1.29193e-17 4.78644 0.715339 0.79128 4.88326 0.00673344 -1.8116e-17 4.82109 0.421791 -0.394185 -3.14115 -0.187437 -2.00958e-17 4.83041 0.765062 -1.19582 -3.87055 2.02437 1.23299 -7.60731 7.53374 7.64726 3.79438 0.707706 12.9547 3.2495 -3.26872 -90.7989 26.9522 7.68274 29.2081 0.0598081 0.137039 2.84186 -0.329588 -13.8199 24.234 0.0496219 0.113701 -4.68258 -21.8315 -3.16016 -1.23299 -7.60729 7.53365 -9.72426 3.70367 -1.68911 -12.9547 3.2495 -3.26872 92.8739 22.7018 -7.8133 -29.2081 0.0598081 0.137039 -3.13957 -0.405146 15.2975 -24.234 0.0496218 0.113702 3.84838 -23.8042 1.4277 9.23673 -4.20556 2.0327 -4.19699 3.0322 -13.7339 -0.852353 -38.7721 -0.655187 0.26102 -0.973318 0.0192076 -2.32622 -40.4017 -6.04875 -0.710189 -1.04726 15.277 0.779096 -9.8844 12.4959 3.1916e-16 -7.85941e-16 3.22679e-18 -9.23673 -4.20556 2.0327 -7.83371 -4.54976 17.3137 0.852353 -38.7721 -0.655187 1.94156 7.23688 0.00369634 2.32622 -40.4017 -6.04875 -1.42978 -7.84397 -15.3849 -0.779096 -9.8844 12.4959 -1.28824e-15 -5.37461e-16 -1.2713e-14 
2.11845 91.9257 5.93226 5.8765 -3.08833 -1.7122 0 5.07867 -1.15138 -2.10661 1.25096 0.0777525 0 5.61661 1.07143 -1.59452 0.833086 -0.211412 -1.02604e-17 5.98978 0.11501 -1.1834 0.514993 -0.130648 -1.10457e-17 6.50583 -0.443523 -0.748601 -0.434261 -0.157878 -1.97295e-17 7.60548 -1.50593 -0.302903 -0.829707 -0.142675 -2.53307e-17 9.49737 -0.914492 0.150342 -1.90548 -0.409627 -2.90401e-17 10.5513 1.57691 -0.0238699 0.955135 -0.0968209 -1.29193e-17 4.78644 0.715339 0.781616 4.83144 -0.114514 -1.8116e-17 4.82109 0.421791 -0.365185 -3.12613 -0.2415 -2.00958e-17 4.83041 0.765062 -1.14186 -3.88874 1.96427 1.23299 -7.60731 7.53374 7.634 3.78394 0.744703 12.9547 3.2495 -3.26872 -90.5831 27.0795 7.3545 29.2081 0.0598081 0.137039 2.92298 -0.349399 -14.222 24.234 0.0496219 0.113701 -4.47395 -21.9522 -3.30803 -1.23299 -7.60729 7.53365 -9.55285 3.75327 -1.62652 -12.9547 3.2495 -3.26872 92.7479 22.413 -7.73384 -29.2081 0.0598081 0.137039 -3.1603 -0.410721 15.4009 -24.234 0.0496218 0.113702 3.65188 -24.1988 1.19261 9.23673 -4.20556 2.0327 -4.13491 2.69852 -14.0933 -0.852353 -38.7721 -0.655187 0.242497 -0.904299 0.0176993 -2.32622 -40.4017 -6.04875 -0.81481 -1.03763 15.2882 0.779096 -9.8844 12.4959 1.28105e-16 -7.91912e-16 9.19725e-18 -9.23673 -4.20556 2.0327 -7.83828 -4.82406 17.0089 0.852353 -38.7721 -0.655187 1.95011 7.26855 0.00316935 2.32622 -40.4017 -6.04875 -1.38053 -7.77153 -15.3756 -0.779096 -9.8844 12.4959 -1.3037e-15 -5.33751e-16 -1.27093e-14 
2.11063 91.9816 5.93154 5.87948 -2.90604 -1.44745 0 5.07867 -1.15138 -2.14525 1.20834 0.0703712 0 5.61661 1.07143 -1.62821 0.798549 -0.220312 -1.02604e-17 5.98978 0.11501 -1.20797 0.492285 -0.139421 -1.10457e-17 6.50583 -0.443523 -0.764335 -0.436339 -0.165028 -1.97295e-17 7.60548 -1.50593 -0.309508 -0.817303 -0.146442 -2.53307e-17 9.49737 -0.914492 0.153168 -1.87768 -0.409675 -2.90401e-17 10.5513 1.57691 -0.0217447 0.962289 -0.0888852 -1.29193e-17 4.78644 0.715339 0.776226 4.88186 -0.267761 -1.8116e-17 4.82109 0.421791 -0.337058 -3.14942 -0.309625 -2.00958e-17 4.83041 0.765062 -1.11557 -3.94509 1.90596 1.23299 -7.60731 7.53374 7.59729 3.72118 0.798454 12.9547 3.2495 -3.26872 -90.2779 27.2168 6.94816 29.2081 0.0598081 0.137039 3.03242 -0.377086 -14.7655 24.234 0.0496219 0.113701 -4.28211 -22.0835 -3.50193 -1.23299 -7.60729 7.53365 -9.45763 3.77068 -1.57943 -12.9547 3.2495 -3.26872 92.5978 22.036 -7.64392 -29.2081 0.0598081 0.137039 -3.16671 -0.412451 15.4328 -24.234 0.0496218 0.113702 3.53942 -24.5945 1.01616 9.23673 -4.20556 2.0327 -4.10772 2.41319 -14.4383 -0.852353 -38.7721 -0.655187 0.214363 -0.799448 0.0154507 -2.32622 -40.4017 -6.04875 -0.953692 -0.879774 15.2985 0.779096 -9.8844 12.4959 3.19161e-16 -7.85941e-16 3.22675e-18 -9.23673 -4.20556 2.0327 -7.87676 -5.00865 16.5856 0.852353 -38.7721 -0.655187 1.95844 7.29938 0.00265164 2.32622 -40.4017 -6.04875 -1.32883 -7.5666 -15.3617 -0.779096 -9.8844 12.4959 -1.77361e-15 -5.13095e-16 -1.26919e-14 
2.11168 92.0553 5.93923 5.91019 -2.71485 -1.12603 0 5.07867 -1.15138 -2.1777 1.17367 0.0575504 0 5.61661 1.07143 -1.65822 0.766681 -0.233959 -1.02604e-17 5.98978 0.11501 -1.23203 0.469697 -0.153798 -1.10457e-17 6.50583 -0.443523 -0.78234 -0.438094 -0.178146 -1.97295e-17 7.60548 -1.50593 -0.321561 -0.808343 -0.157054 -2.53307e-17 9.49737 -0.914492 0.148042 -1.85176 -0.409493 -2.90401e-17 10.5513 1.57691 -0.0200309 0.969702 -0.0813926 -1.29193e-17 4.78644 0.715339 0.782029 4.97247 -0.42219 -1.8116e-17 4.82109 0.421791 -0.327143 -3.17563 -0.377086 -2.00958e-17 4.83041 0.765062 -1.11071 -4.04603 1.83889 1.23299 -7.60731 7.53374 7.39706 3.63885 0.785112 12.9547 3.2495 -3.26872 -89.6799 27.3602 6.4831 29.2081 0.0598081 0.137039 3.18329 -0.417071 -15.5168 24.234 0.0496219 0.113701 -4.10936 -22.1324 -3.8289 -1.23299 -7.60729 7.53365 -9.55638 3.78509 -1.51951 -12.9547 3.2495 -3.26872 92.3936 21.819 -7.63362 -29.2081 0.0598081 0.137039 -3.19271 -0.419515 15.5625 -24.234 0.0496218 0.113702 3.6175 -25.2512 0.989878 9.23673 -4.20556 2.0327 -4.11996 2.13012 -14.7604 -0.852353 -38.7721 -0.655187 0.194172 -0.724191 0.0138685 -2.32622 -40.4017 -6.04875 -1.1208 -0.622916 15.3069 0.779096 -9.8844 12.4959 -7.84045e-17 -7.98365e-16 1.56507e-17 -9.23673 -4.20556 2.0327 -7.9552 -5.17881 16.0733 0.852353 -38.7721 -0.655187 1.96186 7.31206 0.0024374 2.32622 -40.4017 -6.04875 -1.28351 -7.3072 -15.3492 -0.779096 -9.8844 12.4959 -3.89849e-16 -5.68762e-16 -1.27535e-14 
2.10816 92.1293 5.95206 5.94546 -2.4373 -0.801528 0 5.07867 -1.15138 -2.21554 1.06989 0.0395856 0 5.61661 1.07143 -1.69401 0.692414 -0.25645 -1.02604e-17 5.98978 0.11501 -1.26093 0.433575 -0.179009 -1.10457e-17 6.50583 -0.443523 -0.805741 -0.405037 -0.202159 -1.97295e-17 7.60548 -1.50593 -0.340224 -0.74012 -0.177782 -2.53307e-17 9.49737 -0.914492 0.134338 -1.73219 -0.415361 -2.90401e-17 10.5513 1.57691 -0.0214796 0.971787 -0.0744327 -1.29193e-17 4.78644 0.715339 0.784948 4.96103 -0.570408 -1.8116e-17 4.82109 0.421791 -0.336164 -3.22387 -0.441697 -2.00958e-17 4.83041 0.765062 -1.05614 -4.163 1.83605 1.23299 -7.60731 7.53374 6.79943 3.50963 0.692041 12.9547 3.2495 -3.26872 -88.5604 27.3497 5.83394 29.2081 0.0598081 0.137039 3.38399 -0.473566 -16.5204 24.234 0.0496219 0.113701 -3.79979 -21.9004 -4.19911 -1.23299 -7.60729 7.53365 -9.47815 3.77251 -1.42142 -12.9547 3.2495 -3.26872 92.1336 21.6721 -7.53233 -29.2081 0.0598081 0.137039 -3.25151 -0.435726 15.8561 -24.234 0.0496218 0.113702 3.46455 -26.0053 0.921863 9.23673 -4.20556 2.0327 -4.13418 1.76928 -15.0408 -0.852353 -38.7721 -0.655187 0.176939 -0.65995 0.012539 -2.32622 -40.4017 -6.04875 -1.31726 -0.381155 15.3204 0.779096 -9.8844 12.4959 -2.69469e-16 -8.04336e-16 2.16214e-17 -9.23673 -4.20556 2.0327 -8.02785 -5.44941 15.6503 0.852353 -38.7721 -0.655187 1.97272 7.35225 0.00175311 2.32622 -40.4017 -6.04875 -1.29283 -7.04263 -15.3408 -0.779096 -9.8844 12.4959 -7.72048e-18 -5.86674e-16 -1.27655e-14 
2.08766 92.199 5.96007 5.9635 -2.09621 -0.5402 0 5.07867 -1.15138 -2.22437 0.944041 0.0257423 0 5.61661 1.07143 -1.70855 0.598214 -0.269894 -1.02604e-17 5.98978 0.11501 -1.27497 0.37848 -0.194908 -1.10457e-17 6.50583 -0.443523 -0.820348 -0.382848 -0.216688 -1.97295e-17 7.60548 -1.50593 -0.354105 -0.674769 -0.190061 -2.53307e-17 9.49737 -0.914492 0.122666 -1.61627 -0.410536 -2.90401e-17 10.5513 1.57691 -0.0229906 0.973677 -0.063796 -1.29193e-17 4.78644 0.715339 0.780491 4.90566 -0.723913 -1.8116e-17 4.82109 0.421791 -0.345032 -3.22716 -0.510033 -2.00958e-17 4.83041 0.765062 -1.05902 -4.27456 1.87476 1.23299 -7.60731 7.53374 6.22374 3.35447 0.617848 12.9547 3.2495 -3.26872 -87.2423 27.3667 5.04418 29.2081 0.0598081 0.137039 3.66031 -0.557612 -17.9102 24.234 0.0496219 0.113701 -3.54955 -21.4595 -4.47438 -1.23299 -7.60729 7.53365 -9.39612 3.7608 -1.32005 -12.9547 3.2495 -3.26872 91.7045 21.3856 -7.38075 -29.2081 0.0598081 0.137039 -3.3506 -0.463779 16.3517 -24.234 0.0496218 0.113702 3.33026 -26.6163 0.832382 9.23673 -4.20556 2.0327 -4.12873 1.31629 -15.2022 -0.852353 -38.7721 -0.655187 0.145364 -0.542227 0.0101528 -2.32622 -40.4017 -6.04875 -1.4912 -0.182599 15.3352 0.779096 -9.8844 12.4959 2.48481e-17 -7.95139e-16 1.2424e-17 -9.23673 -4.20556 2.0327 -8.06694 -5.847 15.3403 0.852353 -38.7721 -0.655187 2.00385 7.46742 -0.000250331 2.32622 -40.4017 -6.04875 -1.30028 -6.7962 -15.3347 -0.779096 -9.8844 12.4959 -5.96354e-16 -5.59082e-16 -1.27471e-14 
2.04237 92.2677 5.96247 5.9774 -1.75585 -0.377569 0 5.07867 -1.15138 -2.17001 0.904169 0.0263465 0 5.61661 1.07143 -1.67772 0.550955 -0.254683 -1.02604e-17 5.98978 0.11501 -1.25993 0.331875 -0.178282 -1.10457e-17 6.50583 -0.443523 -0.820541 -0.403428 -0.197614 -1.97295e-17 7.60548 -1.50593 -0.362084 -0.679037 -0.171537 -2.53307e-17 9.49737 -0.914492 0.114049 -1.59803 -0.370073 -2.90401e-17 10.5513 1.57691 -0.0208326 0.979239 -0.0430324 -1.29193e-17 4.78644 0.715339 0.750851 4.68335 -0.843927 -1.8116e-17 4.82109 0.421791 -0.380408 -3.16451 -0.564839 -2.00958e-17 4.83041 0.765062 -1.18369 -4.22364 1.79967 1.23299 -7.60731 7.53374 5.85708 3.26533 0.502765 12.9547 3.2495 -3.26872 -85.72 27.763 4.29173 29.2081 0.0598081 0.137039 4.05279 -0.689761 -19.9023 24.234 0.0496219 0.113701 -3.59224 -21.2817 -4.80558 -1.23299 -7.60729 7.53365 -9.37319 3.84471 -1.11214 -12.9547 3.2495 -3.26872 90.5209 21.3214 -7.39368 -29.2081 0.0598081 0.137039 -3.51086 -0.511123 17.1559 -24.234 0.0496218 0.113702 3.83306 -27.6505 1.17124 9.23673 -4.20556 2.0327 -4.11169 0.795562 -15.2693 -0.852353 -38.7721 -0.655187 0.0802753 -0.299489 0.00543748 -2.32622 -40.4017 -6.04875 -1.61708 -0.00575191 15.3469 0.779096 -9.8844 12.4959 2.48481e-17 -7.95139e-16 1.2424e-17 -9.23673 -4.20556 2.0327 -8.07983 -6.32622 15.1087 0.852353 -38.7721 -0.655187 2.06043 7.67671 -0.00405405 2.32622 -40.4017 -6.04875 -1.26069 -6.57505 -15.3359 -0.779096 -9.8844 12.4959 -3.89849e-16 -5.68762e-16 -1.27535e-14 
1.98084 92.3335 5.96918 6.00421 -1.40188 -0.225836 0 5.07867 -1.15138 -1.97183 0.986511 0.0314238 0 5.61661 1.07143 -1.53709 0.572894 -0.204521 -1.02604e-17 5.98978 0.11501 -1.17246 0.29992 -0.121045 -1.10457e-17 6.50583 -0.443523 -0.781298 -0.46817 -0.13539 -1.97295e-17 7.60548 -1.50593 -0.358096 -0.760058 -0.118093 -2.53307e-17 9.49737 -0.914492 0.0976243 -1.70026 -0.282041 -2.90401e-17 10.5513 1.57691 -0.0145909 0.981517 -0.00570004 -1.29193e-17 4.78644 0.715339 0.659602 4.17505 -1.05269 -1.8116e-17 4.82109 0.421791 -0.505761 -3.02104 -0.665656 -2.00958e-17 4.83041 0.765062 -1.5494 -3.94686 1.67346 1.23299 -7.60731 7.53374 6.01095 3.27322 0.303065 12.9547 3.2495 -3.26872 -84.323 29.0396 3.6559 29.2081 0.0598081 0.137039 4.64042 -0.916726 -22.931 24.234 0.0496219 0.113701 -3.87675 -21.9425 -4.99021 -1.23299 -7.60729 7.53365 -9.71477 4.07797 -0.701005 -12.9547 3.2495 -3.26872 88.053 22.0507 -7.86953 -29.2081 0.0598081 0.137039 -3.76388 -0.590892 18.4324 -24.234 0.0496218 0.113702 5.64911 -29.8522 2.50473 9.23673 -4.20556 2.0327 -4.10359 0.155976 -15.3258 -0.852353 -38.7721 -0.655187 -0.038375 0.143208 -0.00245173 -2.32622 -40.4017 -6.04875 -1.69246 0.137961 15.3522 0.779096 -9.8844 12.4959 1.28101e-16 -7.91912e-16 9.1974e-18 -9.23673 -4.20556 2.0327 -8.10419 -6.8542 14.8873 0.852353 -38.7721 -0.655187 2.13531 7.95338 -0.00940581 2.32622 -40.4017 -6.04875 -1.11421 -6.42587 -15.3523 -0.779096 -9.8844 12.4959 9.55321e-17 -5.93127e-16 -1.27687e-14 
1.91289 92.3955 6.00168 6.03915 -1.00577 -0.00401748 0 5.07867 -1.15138 -1.87676 0.955755 0.0446648 0 5.61661 1.07143 -1.47614 0.516354 -0.158746 -1.02604e-17 5.98978 0.11501 -1.13993 0.213351 -0.0765342 -1.10457e-17 6.50583 -0.443523 -0.773231 -0.569931 -0.0887808 -1.97295e-17 7.60548 -1.50593 -0.363225 -0.821499 -0.0755614 -2.53307e-17 9.49737 -0.914492 0.0865302 -1.78621 -0.212936 -2.90401e-17 10.5513 1.57691 -0.0152602 0.973648 0.0199732 -1.29193e-17 4.78644 0.715339 0.552614 4.12203 -1.4965 -1.8116e-17 4.82109 0.421791 -0.654912 -3.0229 -0.87772 -2.00958e-17 4.83041 0.765062 -1.5712 -3.73977 1.9336 1.23299 -7.60731 7.53374 7.05823 3.21121 0.337669 12.9547 3.2495 -3.26872 -83.7026 30.9486 3.32524 29.2081 0.0598081 0.137039 5.39359 -1.26188 -26.9109 24.234 0.0496219 0.113701 -3.61461 -22.9399 -4.46079 -1.23299 -7.60729 7.53365 -10.3998 4.18885 -0.455994 -12.9547 3.2495 -3.26872 87.4547 23.0952 -8.29717 -29.2081 0.0598081 0.137039 -4.08494 -0.701145 20.0652 -24.234 0.0496218 0.113702 5.75359 -31.5831 2.77537 9.23673 -4.20556 2.0327 -4.11447 -0.623204 -15.437 -0.852353 -38.7721 -0.655187 -0.209202 0.780954 -0.0122057 -2.32622 -40.4017 -6.04875 -1.63178 0.254311 15.3416 0.779096 -9.8844 12.4959 3.19165e-16 -7.85941e-16 3.22664e-18 -9.23673 -4.20556 2.0327 -8.1214 -7.28148 14.7826 0.852353 -38.7721 -0.655187 2.15742 8.03501 -0.0110553 2.32622 -40.4017 -6.04875 -1.13577 -6.22297 -15.3556 -0.779096 -9.8844 12.4959 -1.98785e-16 -5.8393e-16 -1.27595e-14 
1.84055 92.4538 6.07737 6.06443 -0.556585 0.318633 0 5.07867 -1.15138 -1.94959 0.705489 0.0266836 0 5.61661 1.07143 -1.53999 0.348066 -0.185352 -1.02604e-17 5.98978 0.11501 -1.18679 0.129324 -0.111236 -1.10457e-17 6.50583 -0.443523 -0.804829 -0.513117 -0.122457 -1.97295e-17 7.60548 -1.50593 -0.38127 -0.653321 -0.101093 -2.53307e-17 9.49737 -0.914492 0.0745793 -1.52885 -0.224703 -2.90401e-17 10.5513 1.57691 -0.023765 0.948317 0.0364134 -1.29193e-17 4.78644 0.715339 0.469887 3.67284 -1.56899 -1.8116e-17 4.82109 0.421791 -0.665843 -3.14149 -0.919346 -2.00958e-17 4.83041 0.765062 -1.35877 -3.405 2.02881 1.23299 -7.60731 7.53374 7.11857 3.05107 0.416201 12.9547 3.2495 -3.26872 -82.9576 31.2896 2.6773 29.2081 0.0598081 0.137039 6.15278 -1.67723 -31.0631 24.234 0.0496219 0.113701 -2.16922 -22.2876 -3.27675 -1.23299 -7.60729 7.53365 -10.0835 4.10724 -0.251592 -12.9547 3.2495 -3.26872 86.8932 23.032 -7.80458 -29.2081 0.0598081 0.137039 -4.3902 -0.815593 21.6327 -24.234 0.0496218 0.113702 4.86648 -31.3817 2.34702 9.23673 -4.20556 2.0327 -4.12407 -1.59194 -15.5995 -0.852353 -38.7721 -0.655187 -0.451763 1.68698 -0.0227956 -2.32622 -40.4017 -6.04875 -1.79687 0.229623 15.3896 0.779096 -9.8844 12.4959 -7.84045e-17 -7.98365e-16 1.56507e-17 -9.23673 -4.20556 2.0327 -8.14881 -7.66668 14.7716 0.852353 -38.7721 -0.655187 2.15772 8.03612 -0.0110779 2.32622 -40.4017 -6.04875 -1.1243 -6.07543 -15.3599 -0.779096 -9.8844 12.4959 -4.0529e-16 -5.7425e-16 -1.27498e-14 
1.76648 92.5018 6.19835 6.04434 -0.0281053 0.70633 0 5.07867 -1.15138 -2.06992 0.228 -0.0144765 0 5.61661 1.07143 -1.63688 0.045995 -0.255638 -1.02604e-17 5.98978 0.11501 -1.25151 0.0109582 -0.190476 -1.10457e-17 6.50583 -0.443523 -0.843033 -0.333476 -0.200729 -1.97295e-17 7.60548 -1.50593 -0.403769 -0.308224 -0.165262 -2.53307e-17 9.49737 -0.914492 0.0557732 -1.00295 -0.277898 -2.90401e-17 10.5513 1.57691 -0.0391275 0.913877 0.0467831 -1.29193e-17 4.78644 0.715339 0.409006 2.79949 -1.50704 -1.8116e-17 4.82109 0.421791 -0.710342 -3.03634 -0.896576 -2.00958e-17 4.83041 0.765062 -1.00443 -3.08578 2.13901 1.23299 -7.60731 7.53374 5.73085 2.79107 0.334797 12.9547 3.2495 -3.26872 -81.1068 29.9618 1.43112 29.2081 0.0598081 0.137039 6.67678 -2.00769 -34.032 24.234 0.0496219 0.113701 -0.908592 -20.0203 -2.98158 -1.23299 -7.60729 7.53365 -8.78328 3.93425 -0.0057706 -12.9547 3.2495 -3.26872 85.776 22.4467 -6.49437 -29.2081 0.0598081 0.137039 -4.59396 -0.897346 22.6879 -24.234 0.0496218 0.113702 3.60808 -30.0744 1.97598 9.23673 -4.20556 2.0327 -4.12403 -2.91584 -15.8562 -0.852353 -38.7721 -0.655187 -0.845428 3.15747 -0.0318223 -2.32622 -40.4017 -6.04875 -1.87272 0.0421 15.4558 0.779096 -9.8844 12.4959 4.0289e-17 -7.91429e-16 8.71487e-18 -9.23673 -4.20556 2.0327 -8.1398 -7.97914 14.706 0.852353 -38.7721 -0.655187 2.11311 7.87139 -0.00778131 2.32622 -40.4017 -6.04875 -1.26457 -5.95592 -15.3535 -0.779096 -9.8844 12.4959 -8.90671e-16 -5.49884e-16 -1.27287e-14 
1.70058 92.5179 6.34285 5.96479 0.613824 1.13761 0 5.07867 -1.15138 -2.1509 -0.32143 -0.0602697 0 5.61661 1.07143 -1.70482 -0.307225 -0.33225 -1.02604e-17 5.98978 0.11501 -1.29485 -0.142382 -0.275507 -1.10457e-17 6.50583 -0.443523 -0.867902 -0.155042 -0.285564 -1.97295e-17 7.60548 -1.50593 -0.423257 0.0391152 -0.235701 -2.53307e-17 9.49737 -0.914492 0.0314605 -0.46253 -0.336281 -2.90401e-17 10.5513 1.57691 -0.0563646 0.889141 0.0564736 -1.29193e-17 4.78644 0.715339 0.366687 1.51143 -1.47453 -1.8116e-17 4.82109 0.421791 -0.738695 -2.79211 -0.885209 -2.00958e-17 4.83041 0.765062 -0.766302 -2.471 2.31012 1.23299 -7.60731 7.53374 3.37523 2.57311 0.0454591 12.9547 3.2495 -3.26872 -78.6192 27.7243 -0.0766904 29.2081 0.0598081 0.137039 7.08158 -2.29006 -36.3952 24.234 0.0496219 0.113701 0.0275837 -16.7708 -3.40189 -1.23299 -7.60729 7.53365 -7.07304 3.78902 0.23278 -12.9547 3.2495 -3.26872 84.1556 21.4164 -4.7284 -29.2081 0.0598081 0.137039 -4.72395 -0.951799 23.3652 -24.234 0.0496218 0.113702 2.53585 -27.9291 1.90655 9.23673 -4.20556 2.0327 -4.12465 -4.7708 -16.3293 -0.852353 -38.7721 -0.655187 -1.44528 5.39424 -0.0261325 -2.32622 -40.4017 -6.04875 -1.68541 -0.311655 15.508 0.779096 -9.8844 12.4959 8.04546e-16 -7.61576e-16 -2.11389e-17 -9.23673 -4.20556 2.0327 -8.06928 -8.43235 14.6022 0.852353 -38.7721 -0.655187 2.09463 7.8031 -0.00645304 2.32622 -40.4017 -6.04875 -1.51575 -5.9382 -15.3567 -0.779096 -9.8844 12.4959 -5.96354e-16 -5.59082e-16 -1.27471e-14 
1.66212 92.4809 6.46516 5.83651 1.36244 1.67788 0 5.07867 -1.15138 -2.15249 -0.692276 -0.0987883 0 5.61661 1.07143 -1.71267 -0.56876 -0.388648 -1.02604e-17 5.98978 0.11501 -1.29852 -0.309114 -0.339791 -1.10457e-17 6.50583 -0.443523 -0.871181 -0.155298 -0.350454 -1.97295e-17 7.60548 -1.50593 -0.435399 0.144062 -0.290045 -2.53307e-17 9.49737 -0.914492 0.00394653 -0.257774 -0.372709 -2.90401e-17 10.5513 1.57691 -0.071424 0.889455 0.0717764 -1.29193e-17 4.78644 0.715339 0.308525 0.0934431 -1.6589 -1.8116e-17 4.82109 0.421791 -0.783237 -2.3475 -0.973725 -2.00958e-17 4.83041 0.765062 -0.703795 -1.58454 2.58191 1.23299 -7.60731 7.53374 1.26728 2.53015 -0.295332 12.9547 3.2495 -3.26872 -76.2664 25.7466 -1.1406 29.2081 0.0598081 0.137039 7.58615 -2.67859 -39.4418 24.234 0.0496219 0.113701 0.500213 -13.6334 -3.94231 -1.23299 -7.60729 7.53365 -5.83925 3.80288 0.468964 -12.9547 3.2495 -3.26872 82.4824 20.3834 -3.2916 -29.2081 0.0598081 0.137039 -4.91131 -1.03349 24.3472 -24.234 0.0496218 0.113702 1.98674 -25.5829 2.09261 9.23673 -4.20556 2.0327 -4.1837 -7.21872 -17.0335 -0.852353 -38.7721 -0.655187 -2.26924 8.44753 0.0198839 -2.32622 -40.4017 -6.04875 -1.29839 -0.72085 15.5313 0.779096 -9.8844 12.4959 -4.75974e-16 -8.14016e-16 3.13014e-17 -9.23673 -4.20556 2.0327 -7.99239 -9.01632 14.2647 0.852353 -38.7721 -0.655187 2.09846 7.81726 -0.00672668 2.32622 -40.4017 -6.04875 -1.86559 -6.1079 -15.3657 -0.779096 -9.8844 12.4959 -4.93101e-16 -5.65535e-16 -1.27503e-14 
1.66807 92.3986 6.54218 5.73443 2.12468 2.38178 0 5.07867 -1.15138 -2.02558 -0.668966 -0.09869 0 5.61661 1.07143 -1.6261 -0.618129 -0.37351 -1.02604e-17 5.98978 0.11501 -1.24264 -0.467843 -0.327352 -1.10457e-17 6.50583 -0.443523 -0.84377 -0.473398 -0.337141 -1.97295e-17 7.60548 -1.50593 -0.430255 -0.19926 -0.273615 -2.53307e-17 9.49737 -0.914492 -0.00761086 -0.695506 -0.331563 -2.90401e-17 10.5513 1.57691 -0.0770325 0.925288 0.102254 -1.29193e-17 4.78644 0.715339 0.192953 -0.65346 -2.11222 -1.8116e-17 4.82109 0.421791 -0.856394 -1.84806 -1.1888 -2.00958e-17 4.83041 0.765062 -0.986699 -0.711582 2.65206 1.23299 -7.60731 7.53374 1.26333 2.61768 -0.258701 12.9547 3.2495 -3.26872 -75.2092 25.7382 -1.20623 29.2081 0.0598081 0.137039 8.42571 -3.42914 -44.8238 24.234 0.0496219 0.113701 0.25349 -11.9821 -3.4872 -1.23299 -7.60729 7.53365 -5.93523 4.0242 0.634816 -12.9547 3.2495 -3.26872 81.0426 19.5509 -2.96563 -29.2081 0.0598081 0.137039 -5.22727 -1.18004 26.0199 -24.234 0.0496218 0.113702 2.33668 -23.4447 2.66052 9.23673 -4.20556 2.0327 -4.43031 -10.1581 -17.9297 -0.852353 -38.7721 -0.655187 -3.30352 12.2241 0.139589 -2.32622 -40.4017 -6.04875 -0.783554 -0.858648 15.502 0.779096 -9.8844 12.4959 -5.63785e-16 -8.22731e-16 4.00162e-17 -9.23673 -4.20556 2.0327 -8.02255 -9.62146 13.5822 0.852353 -38.7721 -0.655187 2.11621 7.88284 -0.00800625 2.32622 -40.4017 -6.04875 -2.1649 -6.5127 -15.3981 -0.779096 -9.8844 12.4959 -4.0529e-16 -5.7425e-16 -1.27498e-14 
1.72643 92.2958 6.58522 5.65268 2.88 3.20764 0 5.07867 -1.15138 -2.02009 -0.576449 -0.136649 0 5.61661 1.07143 -1.62727 -0.589216 -0.425534 -1.02604e-17 5.98978 0.11501 -1.24312 -0.528196 -0.388121 -1.10457e-17 6.50583 -0.443523 -0.845901 -0.69329 -0.398192 -1.97295e-17 7.60548 -1.50593 -0.440459 -0.438138 -0.322742 -2.53307e-17 9.49737 -0.914492 -0.034274 -0.966449 -0.361841 -2.90401e-17 10.5513 1.57691 -0.0922686 0.94581 0.127256 -1.29193e-17 4.78644 0.715339 0.0174291 -2.14326 -2.45057 -1.8116e-17 4.82109 0.421791 -0.97137 -1.56543 -1.35065 -2.00958e-17 4.83041 0.765062 -0.880118 0.526043 2.81499 1.23299 -7.60731 7.53374 0.805652 2.86447 -0.507384 12.9547 3.2495 -3.26872 -74.2117 25.3264 -0.85682 29.2081 0.0598081 0.137039 9.3276 -4.41879 -51.2137 24.234 0.0496219 0.113701 0.752232 -10.0672 -2.81658 -1.23299 -7.60729 7.53365 -5.32528 4.27247 1.12153 -12.9547 3.2495 -3.26872 79.4036 19.1848 -2.29878 -29.2081 0.0598081 0.137039 -5.63934 -1.38844 28.2365 -24.234 0.0496218 0.113702 2.02358 -21.3011 3.18976 9.23673 -4.20556 2.0327 -4.8375 -13.3648 -18.9062 -0.852353 -38.7721 -0.655187 -4.45854 16.3312 0.352828 -2.32622 -40.4017 -6.04875 -0.732491 -0.655806 15.5222 0.779096 -9.8844 12.4959 -7.84045e-17 -7.98365e-16 1.56507e-17 -9.23673 -4.20556 2.0327 -8.13997 -10.1567 12.8522 0.852353 -38.7721 -0.655187 2.11417 7.87529 -0.00785795 2.32622 -40.4017 -6.04875 -2.42355 -7.03903 -15.453 -0.779096 -9.8844 12.4959 -9.93923e-16 -5.46658e-16 -1.27222e-14 
1.83745 92.2301 6.59772 5.50704 3.51528 4.08855 0 5.07867 -1.15138 -1.99069 -0.507765 -0.175083 0 5.61661 1.07143 -1.60403 -0.564992 -0.475686 -1.02604e-17 5.98978 0.11501 -1.22161 -0.565585 -0.4455 -1.10457e-17 6.50583 -0.443523 -0.827951 -0.838215 -0.456377 -1.97295e-17 7.60548 -1.50593 -0.436134 -0.599324 -0.370261 -2.53307e-17 9.49737 -0.914492 -0.0532882 -1.15361 -0.394449 -2.90401e-17 10.5513 1.57691 -0.10843 0.961544 0.144793 -1.29193e-17 4.78644 0.715339 -0.167223 -3.43711 -2.80434 -1.8116e-17 4.82109 0.421791 -1.08588 -1.31088 -1.5221 -2.00958e-17 4.83041 0.765062 -0.803718 1.46104 2.95261 1.23299 -7.60731 7.53374 0.646207 3.00346 -0.676328 12.9547 3.2495 -3.26872 -72.9016 24.8912 -1.02637 29.2081 0.0598081 0.137039 10.0221 -5.36099 -56.7923 24.234 0.0496219 0.113701 0.681248 -8.56331 -2.90397 -1.23299 -7.60729 7.53365 -4.89663 4.38314 1.57578 -12.9547 3.2495 -3.26872 77.5563 18.8755 -1.16781 -29.2081 0.0598081 0.137039 -6.06767 -1.62693 30.5881 -24.234 0.0496218 0.113702 1.93685 -19.102 3.73725 9.23673 -4.20556 2.0327 -5.2984 -16.5701 -19.7263 -0.852353 -38.7721 -0.655187 -5.66471 20.4568 0.661479 -2.32622 -40.4017 -6.04875 -0.989929 0.185472 15.5408 0.779096 -9.8844 12.4959 -1.66219e-16 -8.01109e-16 1.83949e-17 -9.23673 -4.20556 2.0327 -8.25675 -10.5489 11.9738 0.852353 -38.7721 -0.655187 2.09324 7.79795 -0.00635395 2.32622 -40.4017 -6.04875 -2.65666 -7.37591 -15.4806 -0.779096 -9.8844 12.4959 -9.93923e-16 -5.46658e-16 -1.27222e-14 
1.9743 92.2587 6.62457 5.24576 3.85928 4.85292 0 5.07867 -1.15138 -1.90221 -0.595148 -0.192634 0 5.61661 1.07143 -1.52602 -0.596675 -0.49911 -1.02604e-17 5.98978 0.11501 -1.15247 -0.533659 -0.474985 -1.10457e-17 6.50583 -0.443523 -0.773334 -0.718481 -0.484985 -1.97295e-17 7.60548 -1.50593 -0.40614 -0.435995 -0.391008 -2.53307e-17 9.49737 -0.914492 -0.0542571 -0.898558 -0.41325 -2.90401e-17 10.5513 1.57691 -0.12482 0.954005 0.162886 -1.29193e-17 4.78644 0.715339 -0.404758 -5.30036 -3.06979 -1.8116e-17 4.82109 0.421791 -1.20661 -1.19971 -1.64913 -2.00958e-17 4.83041 0.765062 -0.77172 2.48782 2.96726 1.23299 -7.60731 7.53374 -0.36685 3.08852 -1.08454 12.9547 3.2495 -3.26872 -70.9871 24.2627 -1.88832 29.2081 0.0598081 0.137039 10.5654 -6.26053 -61.7981 24.234 0.0496219 0.113701 0.990644 -7.40326 -3.35148 -1.23299 -7.60729 7.53365 -3.32803 4.36853 2.21594 -12.9547 3.2495 -3.26872 74.6853 18.3848 0.770705 -29.2081 0.0598081 0.137039 -6.5586 -1.9297 33.3528 -24.234 0.0496218 0.113702 1.36615 -16.8916 3.98016 9.23673 -4.20556 2.0327 -5.692 -19.2277 -20.5067 -0.852353 -38.7721 -0.655187 -6.75845 24.0257 1.01311 -2.32622 -40.4017 -6.04875 -1.28527 1.41637 15.5221 0.779096 -9.8844 12.4959 2.15922e-16 -7.89168e-16 6.45299e-18 -9.23673 -4.20556 2.0327 -8.18851 -10.6553 11.2466 0.852353 -38.7721 -0.655187 2.04315 7.61282 -0.00287057 2.32622 -40.4017 -6.04875 -2.87579 -7.17918 -15.485 -0.779096 -9.8844 12.4959 -8.90676e-16 -5.49884e-16 -1.27287e-14 
2.11537 92.3557 6.77939 4.88562 3.9796 5.47642 0 5.07867 -1.15138 -1.7429 -0.670055 -0.140455 0 5.61661 1.07143 -1.40293 -0.658478 -0.427334 -1.02604e-17 5.98978 0.11501 -1.05931 -0.580465 -0.405232 -1.10457e-17 6.50583 -0.443523 -0.710108 -0.726671 -0.414986 -1.97295e-17 7.60548 -1.50593 -0.36602 -0.429969 -0.323215 -2.53307e-17 9.49737 -0.914492 -0.0277632 -0.91554 -0.337486 -2.90401e-17 10.5513 1.57691 -0.125026 0.969153 0.162748 -1.29193e-17 4.78644 0.715339 -0.516623 -4.97468 -3.56744 -1.8116e-17 4.82109 0.421791 -1.17797 -1.16475 -1.88198 -2.00958e-17 4.83041 0.765062 -0.994466 2.20053 2.9356 1.23299 -7.60731 7.53374 0.283646 2.82663 -0.888699 12.9547 3.2495 -3.26872 -69.0749 24.8333 -2.63107 29.2081 0.0598081 0.137039 11.0407 -7.23161 -66.9492 24.234 0.0496219 0.113701 0.34375 -8.3536 -3.6714 -1.23299 -7.60729 7.53365 -3.9191 4.01515 2.2031 -12.9547 3.2495 -3.26872 73.2207 18.5912 2.2243 -29.2081 0.0598081 0.137039 -7.1807 -2.36295 36.983 -24.234 0.0496218 0.113702 1.68027 -15.2015 3.81791 9.23673 -4.20556 2.0327 -6.04142 -21.4102 -20.9261 -0.852353 -38.7721 -0.655187 -7.79924 27.2533 1.40697 -2.32622 -40.4017 -6.04875 -0.773284 1.92528 15.3411 0.779096 -9.8844 12.4959 4.02701e-17 -7.9143e-16 8.71561e-18 -9.23673 -4.20556 2.0327 -7.95596 -10.382 10.4634 0.852353 -38.7721 -0.655187 1.92495 7.17537 0.00470626 2.32622 -40.4017 -6.04875 -2.95194 -6.59606 -15.4455 -0.779096 -9.8844 12.4959 -5.96354e-16 -5.59082e-16 -1.27471e-14 
2.22739 92.4674 7.15204 4.43019 4.31997 5.80362 0 5.07867 -1.15138 -1.69371 -0.698115 -0.100951 0 5.61661 1.07143 -1.37291 -0.732688 -0.3835 -1.02604e-17 5.98978 0.11501 -1.03933 -0.714899 -0.367832 -1.10457e-17 6.50583 -0.443523 -0.69492 -0.931649 -0.384118 -1.97295e-17 7.60548 -1.50593 -0.351154 -0.655429 -0.294708 -2.53307e-17 9.49737 -0.914492 -0.00787107 -1.2764 -0.290432 -2.90401e-17 10.5513 1.57691 -0.110904 1.00478 0.116853 -1.29193e-17 4.78644 0.715339 -0.272668 -2.75301 -3.6897 -1.8116e-17 4.82109 0.421791 -0.89778 -1.43511 -1.92985 -2.00958e-17 4.83041 0.765062 -1.16467 0.880186 2.75466 1.23299 -7.60731 7.53374 2.00376 2.45982 -0.409325 12.9547 3.2495 -3.26872 -67.9595 25.8691 -2.24425 29.2081 0.0598081 0.137039 11.4769 -8.39484 -72.8751 24.234 0.0496219 0.113701 0.235408 -9.62988 -3.38872 -1.23299 -7.60729 7.53365 -7.28209 3.33598 1.41236 -12.9547 3.2495 -3.26872 74.179 20.8492 3.12279 -29.2081 0.0598081 0.137039 -8.00467 -3.03497 42.0684 -24.234 0.0496218 0.113702 2.59163 -14.5493 3.23912 9.23673 -4.20556 2.0327 -6.31652 -23.7234 -20.8405 -0.852353 -38.7721 -0.655187 -8.83725 30.2994 1.85323 -2.32622 -40.4017 -6.04875 0.51737 0.796532 15.1332 0.779096 -9.8844 12.4959 5.98069e-16 -7.71254e-16 -1.14602e-17 -9.23673 -4.20556 2.0327 -7.52246 -10.0894 9.83155 0.852353 -38.7721 -0.655187 1.7185 6.40987 0.0157632 2.32622 -40.4017 -6.04875 -2.9436 -5.88188 -15.4003 -0.779096 -9.8844 12.4959 -5.96354e-16 -5.59082e-16 -1.27471e-14 
2.30983 92.6071 7.66265 4.04463 4.96581 5.99666 0 5.07867 -1.15138 -1.69078 -0.885365 -0.114707 0 5.61661 1.07143 -1.36803 -0.840363 -0.415431 -1.02604e-17 5.98978 0.11501 -1.027 -0.733295 -0.40751 -1.10457e-17 6.50583 -0.443523 -0.676618 -0.79561 -0.427927 -1.97295e-17 7.60548 -1.50593 -0.338709 -0.466746 -0.333103 -2.53307e-17 9.49737 -0.914492 -0.00906895 -1.00008 -0.324732 -2.90401e-17 10.5513 1.57691 -0.122609 0.976999 0.094176 -1.29193e-17 4.78644 0.715339 -0.319082 -3.71327 -3.59425 -1.8116e-17 4.82109 0.421791 -0.798155 -1.68493 -1.88253 -2.00958e-17 4.83041 0.765062 -0.894774 1.25473 2.77398 1.23299 -7.60731 7.53374 1.59119 2.38156 -0.725562 12.9547 3.2495 -3.26872 -66.4255 24.8773 -1.95715 29.2081 0.0598081 0.137039 11.7802 -9.54689 -78.5688 24.234 0.0496219 0.113701 0.912673 -8.47596 -3.41167 -1.23299 -7.60729 7.53365 -7.54585 2.94575 1.61856 -12.9547 3.2495 -3.26872 71.7666 22.63 4.8946 -29.2081 0.0598081 0.137039 -8.7904 -3.80297 47.3155 -24.234 0.0496218 0.113702 2.71184 -14.2858 3.5576 9.23673 -4.20556 2.0327 -6.60814 -25.8823 -20.7302 -0.852353 -38.7721 -0.655187 -9.44197 31.9927 2.13619 -2.32622 -40.4017 -6.04875 0.999994 -0.627807 15.2037 0.779096 -9.8844 12.4959 -9.61364e-16 -8.35155e-16 5.24407e-17 -9.23673 -4.20556 2.0327 -7.18517 -10.0192 9.50273 0.852353 -38.7721 -0.655187 1.51244 5.64414 0.0240347 2.32622 -40.4017 -6.04875 -2.53784 -5.39506 -15.3964 -0.779096 -9.8844 12.4959 -5.96354e-16 -5.59082e-16 -1.27471e-14 
2.33879 92.7842 8.29411 3.87669 5.5732 6.07577 0 5.07867 -1.15138 -1.61002 -1.44713 -0.0482929 0 5.61661 1.07143 -1.30935 -1.12403 -0.351186 -1.02604e-17 5.98978 0.11501 -0.978586 -0.701632 -0.346617 -1.10457e-17 6.50583 -0.443523 -0.651079 -0.262937 -0.365314 -1.97295e-17 7.60548 -1.50593 -0.325305 0.259613 -0.26293 -2.53307e-17 9.49737 -0.914492 -0.00181166 0.0489412 -0.265741 -2.90401e-17 10.5513 1.57691 -0.148939 0.886024 0.113169 -1.29193e-17 4.78644 0.715339 -0.8402 -7.96113 -3.84791 -1.8116e-17 4.82109 0.421791 -0.956051 -1.31264 -2.00412 -2.00958e-17 4.83041 0.765062 -0.539112 3.35092 2.84943 1.23299 -7.60731 7.53374 -1.14051 2.50339 -1.84565 12.9547 3.2495 -3.26872 -63.6581 22.6293 -2.99781 29.2081 0.0598081 0.137039 11.9085 -10.2653 -82.0636 24.234 0.0496219 0.113701 1.56901 -5.606 -4.63807 -1.23299 -7.60729 7.53365 -4.07435 2.82486 2.83698 -12.9547 3.2495 -3.26872 65.6266 22.7921 7.80341 -29.2081 0.0598081 0.137039 -9.40858 -4.51918 51.8277 -24.234 0.0496218 0.113702 1.56998 -13.2302 4.00946 9.23673 -4.20556 2.0327 -6.95417 -27.2492 -20.7881 -0.852353 -38.7721 -0.655187 -9.365 31.7805 2.09928 -2.32622 -40.4017 -6.04875 1.00598 -1.36909 15.2719 0.779096 -9.8844 12.4959 -6.29777e-17 -7.94657e-16 1.19421e-17 -9.23673 -4.20556 2.0327 -6.99492 -9.8716 9.48861 0.852353 -38.7721 -0.655187 1.32575 4.94919 0.0291398 2.32622 -40.4017 -6.04875 -2.28155 -4.94633 -15.3956 -0.779096 -9.8844 12.4959 -4.93106e-16 -5.65535e-16 -1.27503e-14 
2.32225 93.0122 8.99533 3.99543 5.76391 6.08442 0 5.07867 -1.15138 -1.70178 -2.09656 0.145236 0 5.61661 1.07143 -1.43244 -1.48818 -0.173634 -1.02604e-17 5.98978 0.11501 -1.08474 -0.752749 -0.176964 -1.10457e-17 6.50583 -0.443523 -0.75572 0.179586 -0.198773 -1.97295e-17 7.60548 -1.50593 -0.377125 0.917839 -0.0774697 -2.53307e-17 9.49737 -0.914492 0.0170257 0.965584 -0.0928736 -2.90401e-17 10.5513 1.57691 -0.143914 0.839813 0.109069 -1.29193e-17 4.78644 0.715339 -1.35741 -11.5251 -4.48715 -1.8116e-17 4.82109 0.421791 -0.880132 -0.599306 -2.29126 -2.00958e-17 4.83041 0.765062 -0.195012 5.54518 2.84943 1.23299 -7.60731 7.53374 -3.76212 2.63836 -2.84778 12.9547 3.2495 -3.26872 -60.2519 20.9275 -4.4474 29.2081 0.0598081 0.137039 11.9637 -10.6954 -84.1435 24.234 0.0496219 0.113701 1.84495 -2.96247 -5.83088 -1.23299 -7.60729 7.53365 -1.71304 2.49199 3.44412 -12.9547 3.2495 -3.26872 61.3514 22.7935 11.7017 -29.2081 0.0598081 0.137039 -9.97865 -5.29605 56.4197 -24.234 0.0496218 0.113702 0.789588 -11.1068 2.5007 9.23673 -4.20556 2.0327 -7.26134 -27.6323 -20.6501 -0.852353 -38.7721 -0.655187 -8.71387 29.9466 1.79753 -2.32622 -40.4017 -6.04875 1.13639 -1.09668 15.1752 0.779096 -9.8844 12.4959 4.06995e-16 -7.77226e-16 -5.48911e-18 -9.23673 -4.20556 2.0327 -7.00193 -9.44125 9.62687 0.852353 -38.7721 -0.655187 1.21598 4.54012 0.0310803 2.32622 -40.4017 -6.04875 -2.21676 -4.31727 -15.3714 -0.779096 -9.8844 12.4959 -3.02032e-16 -5.77477e-16 -1.27563e-14 
2.27505 93.246 9.75569 4.13465 5.62949 5.97876 0 5.07867 -1.15138 -2.16866 -2.71512 0.381433 0 5.61661 1.07143 -1.8871 -1.92434 -0.0142022 -1.02604e-17 5.98978 0.11501 -1.43953 -0.972929 -0.0363205 -1.10457e-17 6.50583 -0.443523 -1.01683 0.292416 -0.0730839 -1.97295e-17 7.60548 -1.50593 -0.487134 1.2203 0.0809142 -2.53307e-17 9.49737 -0.914492 0.0610724 1.33527 0.0458676 -2.90401e-17 10.5513 1.57691 -0.0933192 0.886805 0.0157598 -1.29193e-17 4.78644 0.715339 -1.10093 -9.6099 -4.85043 -1.8116e-17 4.82109 0.421791 -0.25489 -0.539534 -2.46624 -2.00958e-17 4.83041 0.765062 0.345576 4.68803 2.71968 1.23299 -7.60731 7.53374 -3.9411 2.14702 -2.6421 12.9547 3.2495 -3.26872 -57.513 20.7682 -5.02096 29.2081 0.0598081 0.137039 12.0026 -11.121 -86.1965 24.234 0.0496219 0.113701 1.74382 -1.73243 -5.92442 -1.23299 -7.60729 7.53365 -3.81271 1.30568 2.14079 -12.9547 3.2495 -3.26872 63.9676 25.0784 17.4667 -29.2081 0.0598081 0.137039 -10.4154 -5.99383 60.3404 -24.234 0.0496218 0.113702 0.756673 -7.06919 -1.09707 9.23673 -4.20556 2.0327 -7.19558 -27.4203 -20.0763 -0.852353 -38.7721 -0.655187 -7.76862 27.1608 1.3946 -2.32622 -40.4017 -6.04875 1.12785 -0.277436 15.0479 0.779096 -9.8844 12.4959 -5.63795e-16 -8.22731e-16 4.00167e-17 -9.23673 -4.20556 2.0327 -6.95583 -8.79113 9.84862 0.852353 -38.7721 -0.655187 1.15458 4.3112 0.0318228 2.32622 -40.4017 -6.04875 -2.22592 -3.55838 -15.3192 -0.779096 -9.8844 12.4959 -6.99602e-16 -5.55855e-16 -1.27406e-14 
2.2217 93.4566 10.6021 4.07913 5.20695 5.89972 0 5.07867 -1.15138 -2.13647 -2.79051 0.55479 0 5.61661 1.07143 -1.89353 -1.88313 0.177558 -1.02604e-17 5.98978 0.11501 -1.46882 -0.778135 0.155257 -1.10457e-17 6.50583 -0.443523 -1.07156 0.745782 0.12312 -1.97295e-17 7.60548 -1.50593 -0.522491 1.72006 0.278606 -2.53307e-17 9.49737 -0.914492 0.0757747 1.95704 0.237219 -2.90401e-17 10.5513 1.57691 -0.085613 0.835531 0.0318766 -1.29193e-17 4.78644 0.715339 -1.50129 -12.2431 -5.067 -1.8116e-17 4.82109 0.421791 -0.141349 -0.773147 -2.54821 -2.00958e-17 4.83041 0.765062 0.381372 6.73026 2.08267 1.23299 -7.60731 7.53374 -5.02734 2.15688 -3.14481 12.9547 3.2495 -3.26872 -56.3017 20.4511 -5.911 29.2081 0.0598081 0.137039 12.0329 -11.8382 -89.6514 24.234 0.0496219 0.113701 2.53365 0.788664 -5.1871 -1.23299 -7.60729 7.53365 -2.28224 1.1983 2.73074 -12.9547 3.2495 -3.26872 61.1899 24.0997 19.734 -29.2081 0.0598081 0.137039 -10.5913 -6.30807 62.0554 -24.234 0.0496218 0.113702 0.661403 -3.80314 2.04191 9.23673 -4.20556 2.0327 -6.82826 -26.523 -19.7397 -0.852353 -38.7721 -0.655187 -6.63807 23.6415 0.971206 -2.32622 -40.4017 -6.04875 0.0732436 0.76863 15.1632 0.779096 -9.8844 12.4959 2.48481e-17 -7.95139e-16 1.2424e-17 -9.23673 -4.20556 2.0327 -6.70403 -7.97533 10.1579 0.852353 -38.7721 -0.655187 1.1882 4.43655 0.0314467 2.32622 -40.4017 -6.04875 -2.09129 -3.0216 -15.3006 -0.779096 -9.8844 12.4959 -7.87428e-16 -5.56337e-16 -1.27319e-14 
2.19771 93.6199 11.5472 3.80591 4.56348 6.0472 0 5.07867 -1.15138 -1.86804 -2.9407 0.70475 0 5.61661 1.07143 -1.68034 -1.86762 0.362873 -1.02604e-17 5.98978 0.11501 -1.33882 -0.548697 0.329575 -1.10457e-17 6.50583 -0.443523 -1.0271 1.32692 0.291762 -1.97295e-17 7.60548 -1.50593 -0.531578 2.40838 0.438305 -2.53307e-17 9.49737 -0.914492 0.0490924 2.81455 0.409531 -2.90401e-17 10.5513 1.57691 -0.0836664 0.744012 0.030084 -1.29193e-17 4.78644 0.715339 -2.04722 -15.3442 -5.43344 -1.8116e-17 4.82109 0.421791 -0.413179 -0.385134 -2.69338 -2.00958e-17 4.83041 0.765062 0.350225 8.33129 1.6165 1.23299 -7.60731 7.53374 -6.78695 2.38994 -4.19505 12.9547 3.2495 -3.26872 -54.7768 18.562 -6.18564 29.2081 0.0598081 0.137039 12.0307 -12.2364 -91.5715 24.234 0.0496219 0.113701 2.5256 2.46003 -6.19289 -1.23299 -7.60729 7.53365 -0.886769 0.939284 3.43006 -12.9547 3.2495 -3.26872 55.5669 23.3783 23.2124 -29.2081 0.0598081 0.137039 -10.8381 -6.79038 64.6359 -24.234 0.0496218 0.113702 0.202231 -2.94135 3.03283 9.23673 -4.20556 2.0327 -6.42933 -25.2394 -20.5534 -0.852353 -38.7721 -0.655187 -5.52572 19.991 0.621583 -2.32622 -40.4017 -6.04875 -1.44161 2.04499 15.3265 0.779096 -9.8844 12.4959 -2.84895e-16 -8.08045e-16 2.533e-17 -9.23673 -4.20556 2.0327 -6.22982 -6.5945 10.4921 0.852353 -38.7721 -0.655187 1.12235 4.19098 0.0321141 2.32622 -40.4017 -6.04875 -1.85359 -2.43149 -15.29 -0.779096 -9.8844 12.4959 -1.98785e-16 -5.8393e-16 -1.27595e-14 
2.19043 93.7291 12.6038 3.44371 3.9055 6.23029 0 5.07867 -1.15138 -1.77916 -3.3115 0.876921 0 5.61661 1.07143 -1.63923 -2.05964 0.541204 -1.02604e-17 5.98978 0.11501 -1.34236 -0.505697 0.495344 -1.10457e-17 6.50583 -0.443523 -1.08064 1.76085 0.448396 -1.97295e-17 7.60548 -1.50593 -0.591738 3.02453 0.5984 -2.53307e-17 9.49737 -0.914492 0.0155677 3.56591 0.580372 -2.90401e-17 10.5513 1.57691 -0.0502302 0.710883 -0.00867093 -1.29193e-17 4.78644 0.715339 -2.25289 -16.3127 -5.77472 -1.8116e-17 4.82109 0.421791 -0.360041 -0.254804 -2.8452 -2.00958e-17 4.83041 0.765062 0.456661 8.93861 1.09929 1.23299 -7.60731 7.53374 -8.09513 2.42586 -4.85879 12.9547 3.2495 -3.26872 -52.8251 17.7481 -6.91757 29.2081 0.0598081 0.137039 12.0247 -12.4282 -92.4981 24.234 0.0496219 0.113701 2.50543 3.4758 -6.35578 -1.23299 -7.60729 7.53365 -1.16176 0.257798 3.09394 -12.9547 3.2495 -3.26872 52.0735 23.505 26.5779 -29.2081 0.0598081 0.137039 -11.1171 -7.41117 67.8788 -24.234 0.0496218 0.113702 0.135643 -2.46777 2.56584 9.23673 -4.20556 2.0327 -6.27433 -24.0115 -22.4201 -0.852353 -38.7721 -0.655187 -4.58842 16.7841 0.381922 -2.32622 -40.4017 -6.04875 -1.78098 3.80226 15.2557 0.779096 -9.8844 12.4959 -8.58116e-16 -8.31929e-16 4.92142e-17 -9.23673 -4.20556 2.0327 -5.6679 -5.63012 11.0755 0.852353 -38.7721 -0.655187 1.28457 4.79576 0.0299599 2.32622 -40.4017 -6.04875 -1.98703 -1.89177 -15.2489 -0.779096 -9.8844 12.4959 -5.08528e-16 -5.71024e-16 -1.27466e-14 
2.19075 93.8151 13.8037 3.06264 3.22254 6.26175 0 5.07867 -1.15138 -1.63504 -3.50011 1.03256 0 5.61661 1.07143 -1.54397 -2.11903 0.714421 -1.02604e-17 5.98978 0.11501 -1.30529 -0.401793 0.661023 -1.10457e-17 6.50583 -0.443523 -1.1083 2.14378 0.611897 -1.97295e-17 7.60548 -1.50593 -0.641051 3.54442 0.762032 -2.53307e-17 9.49737 -0.914492 -0.0197885 4.1899 0.752941 -2.90401e-17 10.5513 1.57691 -0.0382261 0.671961 -0.0159211 -1.29193e-17 4.78644 0.715339 -2.73026 -18.5858 -6.23499 -1.8116e-17 4.82109 0.421791 -0.373826 -0.00223913 -3.02783 -2.00958e-17 4.83041 0.765062 0.518686 10.6451 0.688931 1.23299 -7.60731 7.53374 -9.17392 2.57363 -5.39256 12.9547 3.2495 -3.26872 -51.1533 17.1133 -7.24188 29.2081 0.0598081 0.137039 12.0091 -12.7257 -93.9377 24.234 0.0496219 0.113701 2.43568 3.95606 -6.16911 -1.23299 -7.60729 7.53365 -0.621111 -0.00753759 3.22084 -12.9547 3.2495 -3.26872 48.5654 22.8452 28.0145 -29.2081 0.0598081 0.137039 -11.3501 -8.01669 70.9719 -24.234 0.0496218 0.113702 -0.36261 -1.548 3.35973 9.23673 -4.20556 2.0327 -6.20368 -22.4798 -24.7262 -0.852353 -38.7721 -0.655187 -3.7739 13.9129 0.216455 -2.32622 -40.4017 -6.04875 -2.39441 5.41071 15.3012 0.779096 -9.8844 12.4959 4.37839e-16 -7.79006e-16 -3.70843e-18 -9.23673 -4.20556 2.0327 -5.09769 -5.06139 11.952 0.852353 -38.7721 -0.655187 1.68304 6.2782 0.0173837 2.32622 -40.4017 -6.04875 -1.99717 -1.5341 -15.2238 -0.779096 -9.8844 12.4959 -1.28824e-15 -5.3746e-16 -1.2713e-14 
2.19768 93.9196 15.1559 2.75126 2.2826 6.08332 0 5.07867 -1.15138 -1.55515 -3.92386 1.16477 0 5.61661 1.07143 -1.48836 -2.36015 0.84583 -1.02604e-17 5.98978 0.11501 -1.2837 -0.396796 0.778931 -1.10457e-17 6.50583 -0.443523 -1.12506 2.55849 0.72225 -1.97295e-17 7.60548 -1.50593 -0.667156 4.18448 0.872604 -2.53307e-17 9.49737 -0.914492 -0.0288377 4.96539 0.870146 -2.90401e-17 10.5513 1.57691 -0.01628 0.63205 -0.0427257 -1.29193e-17 4.78644 0.715339 -2.83458 -19.1115 -6.40392 -1.8116e-17 4.82109 0.421791 -0.247215 0.129191 -3.10145 -2.00958e-17 4.83041 0.765062 0.471463 11.1213 0.440443 1.23299 -7.60731 7.53374 -9.80237 2.39522 -5.49961 12.9547 3.2495 -3.26872 -50.3309 17.0749 -7.4219 29.2081 0.0598081 0.137039 11.9918 -12.9562 -95.0557 24.234 0.0496219 0.113701 2.37551 4.43079 -5.68803 -1.23299 -7.60729 7.53365 -1.11844 -0.685287 2.72296 -12.9547 3.2495 -3.26872 45.7303 22.1846 30.2932 -29.2081 0.0598081 0.137039 -11.5609 -8.67078 74.2515 -24.234 0.0496218 0.113702 0.201983 -1.48401 2.91251 9.23673 -4.20556 2.0327 -6.09409 -20.2727 -26.4776 -0.852353 -38.7721 -0.655187 -3.13435 11.6119 0.115345 -2.32622 -40.4017 -6.04875 -2.60685 6.81285 15.2544 0.779096 -9.8844 12.4959 1.61513e-15 -7.33018e-16 -4.96962e-17 -9.23673 -4.20556 2.0327 -4.51277 -4.80192 13.2209 0.852353 -38.7721 -0.655187 2.36919 8.81564 -0.0284577 2.32622 -40.4017 -6.04875 -2.0259 -0.896203 -15.1724 -0.779096 -9.8844 12.4959 -1.30366e-15 -5.33752e-16 -1.27093e-14 
2.19196 93.9852 16.6165 2.72295 1.30784 5.77017 0 5.07867 -1.15138 -1.47203 -4.29301 1.31206 0 5.61661 1.07143 -1.44491 -2.54957 1.01438 -1.02604e-17 5.98978 0.11501 -1.27681 -0.344669 0.943558 -1.10457e-17 6.50583 -0.443523 -1.16556 3.01916 0.893811 -1.97295e-17 7.60548 -1.50593 -0.712586 4.8665 1.04845 -2.53307e-17 9.49737 -0.914492 -0.0480055 5.7864 1.05325 -2.90401e-17 10.5513 1.57691 -0.025709 0.553544 -0.0236374 -1.29193e-17 4.78644 0.715339 -3.37994 -21.2135 -6.87052 -1.8116e-17 4.82109 0.421791 -0.266707 0.152359 -3.28459 -2.00958e-17 4.83041 0.765062 0.660021 13.0951 0.146248 1.23299 -7.60731 7.53374 -10.0996 2.21435 -5.63883 12.9547 3.2495 -3.26872 -49.6479 16.96 -8.365 29.2081 0.0598081 0.137039 11.9799 -13.0869 -95.6907 24.234 0.0496219 0.113701 2.22137 4.6446 -5.39747 -1.23299 -7.60729 7.53365 0.0432401 -0.921392 2.92716 -12.9547 3.2495 -3.26872 44.5247 21.5265 29.7777 -29.2081 0.0598081 0.137039 -11.7536 -9.42379 77.9663 -24.234 0.0496218 0.113702 0.211044 0.838719 3.39511 9.23673 -4.20556 2.0327 -5.99332 -17.3525 -26.6652 -0.852353 -38.7721 -0.655187 -2.61129 9.70477 0.0518946 -2.32622 -40.4017 -6.04875 -2.33664 8.35781 15.0743 0.779096 -9.8844 12.4959 7.89181e-16 -7.68508e-16 -1.42064e-17 -9.23673 -4.20556 2.0327 -4.16235 -5.44246 14.4955 0.852353 -38.7721 -0.655187 3.53487 13.0572 -0.175662 2.32622 -40.4017 -6.04875 -1.9798 -0.0971806 -15.1049 -0.779096 -9.8844 12.4959 -1.67042e-15 -5.19546e-16 -1.26951e-14 
2.18502 94.0229 18.1303 2.80241 0.6359 5.49087 0 5.07867 -1.15138 -1.46435 -4.57539 1.41797 0 5.61661 1.07143 -1.46337 -2.71942 1.13174 -1.02604e-17 5.98978 0.11501 -1.30448 -0.349323 1.06081 -1.10457e-17 6.50583 -0.443523 -1.20982 3.30641 1.0213 -1.97295e-17 7.60548 -1.50593 -0.738033 5.3038 1.18137 -2.53307e-17 9.49737 -0.914492 -0.0331117 6.32333 1.18456 -2.90401e-17 10.5513 1.57691 -0.0333505 0.494657 0.00941275 -1.29193e-17 4.78644 0.715339 -3.74411 -22.8172 -7.09311 -1.8116e-17 4.82109 0.421791 -0.00406726 0.330857 -3.35979 -2.00958e-17 4.83041 0.765062 0.589199 14.6419 -0.303237 1.23299 -7.60731 7.53374 -9.9402 1.98251 -5.58965 12.9547 3.2495 -3.26872 -49.2697 16.8666 -9.38211 29.2081 0.0598081 0.137039 11.9685 -13.1988 -96.2357 24.234 0.0496219 0.113701 2.09894 4.68268 -5.20826 -1.23299 -7.60729 7.53365 0.964287 -1.12613 3.12088 -12.9547 3.2495 -3.26872 43.5871 20.3078 28.9609 -29.2081 0.0598081 0.137039 -11.9051 -10.2419 81.9506 -24.234 0.0496218 0.113702 1.01462 2.17745 3.56918 9.23673 -4.20556 2.0327 -5.87878 -14.9773 -25.4194 -0.852353 -38.7721 -0.655187 -2.17661 8.10588 0.0125138 -2.32622 -40.4017 -6.04875 -2.42725 9.26997 14.9885 0.779096 -9.8844 12.4959 -9.45971e-16 -8.40646e-16 5.79312e-17 -9.23673 -4.20556 2.0327 -4.02576 -7.25413 15.0774 0.852353 -38.7721 -0.655187 5.12538 18.635 -0.512904 2.32622 -40.4017 -6.04875 -1.0954 1.51441 -15.0763 -0.779096 -9.8844 12.4959 -3.02028e-16 -5.77477e-16 -1.27563e-14 
2.27099 93.9817 19.5064 2.61136 0.747471 5.67476 0 5.07867 -1.15138 -1.58737 -4.8669 1.40824 0 5.61661 1.07143 -1.58401 -3.02484 1.10575 -1.02604e-17 5.98978 0.11501 -1.39631 -0.614945 1.03736 -1.10457e-17 6.50583 -0.443523 -1.26847 3.13864 1.00289 -1.97295e-17 7.60548 -1.50593 -0.763396 5.18937 1.1681 -2.53307e-17 9.49737 -0.914492 -0.0297439 6.22456 1.16681 -2.90401e-17 10.5513 1.57691 -0.018849 0.54438 0.0105634 -1.29193e-17 4.78644 0.715339 -3.23625 -19.3294 -6.74752 -1.8116e-17 4.82109 0.421791 0.314349 0.102979 -3.28235 -2.00958e-17 4.83041 0.765062 1.00159 12.5946 -0.844986 1.23299 -7.60731 7.53374 -8.05613 1.18673 -4.61065 12.9547 3.2495 -3.26872 -48.9242 17.4668 -10.5648 29.2081 0.0598081 0.137039 11.9458 -13.3947 -97.191 24.234 0.0496219 0.113701 1.87587 3.33575 -4.51356 -1.23299 -7.60729 7.53365 -0.534858 -1.76469 2.29168 -12.9547 3.2495 -3.26872 43.9902 19.6479 29.9784 -29.2081 0.0598081 0.137039 -11.991 -10.9743 85.4894 -24.234 0.0496218 0.113702 2.52487 1.36008 2.53704 9.23673 -4.20556 2.0327 -5.81139 -13.6583 -24.8958 -0.852353 -38.7721 -0.655187 -1.86764 6.96308 -0.00805251 -2.32622 -40.4017 -6.04875 -1.8403 8.90983 14.8444 0.779096 -9.8844 12.4959 3.03771e-16 -7.80451e-16 -2.26366e-18 -9.23673 -4.20556 2.0327 -4.01941 -10.9648 14.7089 0.852353 -38.7721 -0.655187 7.25589 25.5895 -1.1944 2.32622 -40.4017 -6.04875 1.01052 4.323 -15.1549 -0.779096 -9.8844 12.4959 -4.93111e-16 -5.65535e-16 -1.27503e-14 
2.53409 93.6177 20.4968 1.66633 3.15691 6.28421 0 5.07867 -1.15138 -1.63804 -4.95115 1.18879 0 5.61661 1.07143 -1.60283 -3.33491 0.869525 -1.02604e-17 5.98978 0.11501 -1.38069 -1.1733 0.819266 -1.10457e-17 6.50583 -0.443523 -1.20351 2.23833 0.786652 -1.97295e-17 7.60548 -1.50593 -0.704641 4.13143 0.935387 -2.53307e-17 9.49737 -0.914492 -0.0154237 5.00705 0.912722 -2.90401e-17 10.5513 1.57691 0.0053257 0.697036 -0.013355 -1.29193e-17 4.78644 0.715339 -2.05605 -12.7257 -5.57494 -1.8116e-17 4.82109 0.421791 0.63036 -0.409082 -2.81603 -2.00958e-17 4.83041 0.765062 1.14917 8.03014 -1.7828 1.23299 -7.60731 7.53374 -4.22825 0.26124 -2.92772 12.9547 3.2495 -3.26872 -48.867 18.2897 -11.4476 29.2081 0.0598081 0.137039 11.8991 -13.7302 -98.8345 24.234 0.0496219 0.113701 2.19729 0.473067 -4.20056 -1.23299 -7.60729 7.53365 -4.12623 -2.20515 1.00494 -12.9547 3.2495 -3.26872 46.2542 19.9588 31.825 -29.2081 0.0598081 0.137039 -12.0296 -11.6629 88.8069 -24.234 0.0496218 0.113702 3.64192 0.587563 1.44533 9.23673 -4.20556 2.0327 -5.64645 -15.2799 -25.6783 -0.852353 -38.7721 -0.655187 -1.7985 6.70671 -0.011807 -2.32622 -40.4017 -6.04875 -0.0421448 6.82806 14.6306 0.779096 -9.8844 12.4959 -7.54888e-16 -8.28703e-16 4.59885e-17 -9.23673 -4.20556 2.0327 -3.55921 -18.7393 14.6161 0.852353 -38.7721 -0.655187 10.5298 34.8875 -2.6847 2.32622 -40.4017 -6.04875 2.98423 6.04158 -15.3563 -0.779096 -9.8844 12.4959 -1.98785e-16 -5.8393e-16 -1.27595e-14 
3.01009 93.0088 20.8954 0.0734339 7.72527 7.53107 0 5.07867 -1.15138 -1.71682 -4.7156 0.620236 0 5.61661 1.07143 -1.5714 -3.41388 0.245513 -1.02604e-17 5.98978 0.11501 -1.29614 -1.68958 0.208276 -1.10457e-17 6.50583 -0.443523 -1.03813 1.05543 0.151208 -1.97295e-17 7.60548 -1.50593 -0.610666 2.70619 0.288564 -2.53307e-17 9.49737 -0.914492 -0.0800352 3.37096 0.259074 -2.90401e-17 10.5513 1.57691 0.00891501 0.838856 -0.0570191 -1.29193e-17 4.78644 0.715339 -1.24496 -11.6864 -4.18 -1.8116e-17 4.82109 0.421791 0.661396 -0.562408 -2.14672 -2.00958e-17 4.83041 0.765062 1.17858 6.83302 -1.85508 1.23299 -7.60731 7.53374 -3.42786 0.866221 -3.44605 12.9547 3.2495 -3.26872 -49.6484 16.1892 -10.7303 29.2081 0.0598081 0.137039 11.8173 -14.1951 -101.128 24.234 0.0496219 0.113701 3.01979 1.98645 -5.48556 -1.23299 -7.60729 7.53365 -6.90433 -1.98563 0.81393 -12.9547 3.2495 -3.26872 46.8107 20.8665 32.625 -29.2081 0.0598081 0.137039 -12.0222 -12.4894 92.7943 -24.234 0.0496218 0.113702 2.47856 0.489405 2.80038 9.23673 -4.20556 2.0327 -5.62952 -19.9917 -27.0728 -0.852353 -38.7721 -0.655187 -1.92492 7.17527 -0.00470743 -2.32622 -40.4017 -6.04875 1.81771 4.42392 14.5691 0.779096 -9.8844 12.4959 1.12688e-16 -7.9562e-16 1.29054e-17 -9.23673 -4.20556 2.0327 -2.58626 -31.6495 15.2062 0.852353 -38.7721 -0.655187 16.6242 47.7798 -6.50585 2.32622 -40.4017 -6.04875 3.29848 5.4489 -15.3608 -0.779096 -9.8844 12.4959 -4.05271e-16 -5.74251e-16 -1.27498e-14 
3.56245 92.7057 20.8772 -1.05619 11.0365 9.53112 0 5.07867 -1.15138 -1.6985 -4.03575 0.0693647 0 5.61661 1.07143 -1.44947 -3.06263 -0.354407 -1.02604e-17 5.98978 0.11501 -1.16056 -1.82569 -0.387383 -1.10457e-17 6.50583 -0.443523 -0.878899 0.0904472 -0.465178 -1.97295e-17 7.60548 -1.50593 -0.567198 1.44538 -0.320096 -2.53307e-17 9.49737 -0.914492 -0.230421 1.86688 -0.327917 -2.90401e-17 10.5513 1.57691 -0.0283524 0.975752 -0.0641699 -1.29193e-17 4.78644 0.715339 -1.05078 -13.6734 -3.48906 -1.8116e-17 4.82109 0.421791 0.20594 -0.274068 -1.8254 -2.00958e-17 4.83041 0.765062 1.18053 7.53874 -1.63822 1.23299 -7.60731 7.53374 -3.51717 1.83748 -4.75553 12.9547 3.2495 -3.26872 -48.9447 12.5493 -11.9244 29.2081 0.0598081 0.137039 11.7393 -14.5587 -102.937 24.234 0.0496219 0.113701 2.86526 3.04815 -6.6891 -1.23299 -7.60729 7.53365 -8.04797 -1.50282 1.64178 -12.9547 3.2495 -3.26872 46.2061 20.7289 32.8141 -29.2081 0.0598081 0.137039 -11.9499 -13.3623 97.033 -24.234 0.0496218 0.113702 1.27225 1.55982 3.7926 9.23673 -4.20556 2.0327 -6.45694 -23.9589 -29.3554 -0.852353 -38.7721 -0.655187 -2.0412 7.60557 0.00273809 -2.32622 -40.4017 -6.04875 1.88147 4.6671 14.5721 0.779096 -9.8844 12.4959 -6.67047e-16 -8.25958e-16 4.32435e-17 -9.23673 -4.20556 2.0327 -2.68036 -45.0293 15.187 0.852353 -38.7721 -0.655187 26.9834 60.4974 -14.7229 2.32622 -40.4017 -6.04875 3.01024 5.27021 -15.2653 -0.779096 -9.8844 12.4959 -9.93923e-16 -5.46658e-16 -1.27222e-14 
3.9088 93.1066 20.9951 -1.06818 10.8464 11.3826 0 5.07867 -1.15138 -1.67658 -3.24525 -0.183785 0 5.61661 1.07143 -1.37853 -2.48104 -0.614709 -1.02604e-17 5.98978 0.11501 -1.09815 -1.51316 -0.642829 -1.10457e-17 6.50583 -0.443523 -0.83101 -0.0747295 -0.718526 -1.97295e-17 7.60548 -1.50593 -0.591488 1.01306 -0.566423 -2.53307e-17 9.49737 -0.914492 -0.358836 1.27369 -0.544721 -2.90401e-17 10.5513 1.57691 -0.0370079 1.10577 -0.0604708 -1.29193e-17 4.78644 0.715339 -0.975959 -11.7252 -3.46001 -1.8116e-17 4.82109 0.421791 0.00481461 -1.22745 -1.84515 -2.00958e-17 4.83041 0.765062 0.785863 5.85464 -1.91791 1.23299 -7.60731 7.53374 -1.55742 1.50101 -4.55468 12.9547 3.2495 -3.26872 -47.2746 10.8251 -17.4196 29.2081 0.0598081 0.137039 11.7093 -14.6848 -103.569 24.234 0.0496219 0.113701 2.11948 1.61391 -5.8855 -1.23299 -7.60729 7.53365 -10.0161 -1.81399 1.34768 -12.9547 3.2495 -3.26872 46.0144 18.4635 34.5878 -29.2081 0.0598081 0.137039 -11.8442 -14.0547 100.433 -24.234 0.0496218 0.113702 2.06541 1.48797 2.99701 9.23673 -4.20556 2.0327 -7.49742 -23.9478 -31.9383 -0.852353 -38.7721 -0.655187 -1.91413 7.1353 -0.005354 -2.32622 -40.4017 -6.04875 0.582038 7.68068 14.4343 0.779096 -9.8844 12.4959 -3.72721e-16 -8.07563e-16 2.48481e-17 -9.23673 -4.20556 2.0327 -2.9669 -54.3982 15.7371 0.852353 -38.7721 -0.655187 42.6332 69.4308 -28.774 2.32622 -40.4017 -6.04875 1.87556 4.8866 -15.2052 -0.779096 -9.8844 12.4959 -6.84194e-16 -5.59563e-16 -1.27351e-14 
3.91072 93.9688 21.4239 -0.488282 8.19564 12.6512 0 5.07867 -1.15138 -1.81013 -2.44591 -0.310794 0 5.61661 1.07143 -1.47341 -1.67747 -0.722999 -1.02604e-17 5.98978 0.11501 -1.17343 -0.615129 -0.737847 -1.10457e-17 6.50583 -0.443523 -0.88357 0.958592 -0.797906 -1.97295e-17 7.60548 -1.50593 -0.659673 1.92247 -0.6443 -2.53307e-17 9.49737 -0.914492 -0.45059 2.33336 -0.597786 -2.90401e-17 10.5513 1.57691 -0.0280237 1.04309 -0.074 -1.29193e-17 4.78644 0.715339 -0.937818 -10.7642 -3.47329 -1.8116e-17 4.82109 0.421791 0.341739 -3.66249 -1.8654 -2.00958e-17 4.83041 0.765062 0.699566 4.5679 -2.60446 1.23299 -7.60731 7.53374 -0.785349 0.685713 -4.95585 12.9547 3.2495 -3.26872 -45.7228 7.63708 -24.3183 29.2081 0.0598081 0.137039 11.7284 -14.6054 -103.171 24.234 0.0496219 0.113701 1.02681 2.07013 -5.6125 -1.23299 -7.60729 7.53365 -10.3117 -2.82445 1.22215 -12.9547 3.2495 -3.26872 46.1062 15.7212 36.6391 -29.2081 0.0598081 0.137039 -11.7092 -14.6857 103.574 -24.234 0.0496218 0.113702 2.78772 4.11512 2.45171 9.23673 -4.20556 2.0327 -7.70226 -20.8586 -33.83 -0.852353 -38.7721 -0.655187 -1.52537 5.69223 -0.0235964 -2.32622 -40.4017 -6.04875 -1.80999 12.0902 14.5176 0.779096 -9.8844 12.4959 4.02511e-17 -7.91431e-16 8.71635e-18 -9.23673 -4.20556 2.0327 -1.36142 -60.5592 18.2362 0.852353 -38.7721 -0.655187 64.2565 74.371 -49.23 2.32622 -40.4017 -6.04875 0.222451 3.35955 -15.1899 -0.779096 -9.8844 12.4959 9.55416e-17 -5.93128e-16 -1.27687e-14 
3.62132 94.9323 22.0979 -0.601346 4.34601 13.2243 0 5.07867 -1.15138 -1.66949 -1.95234 -0.283173 0 5.61661 1.07143 -1.32332 -1.07082 -0.634884 -1.02604e-17 5.98978 0.11501 -1.04656 0.244329 -0.63514 -1.10457e-17 6.50583 -0.443523 -0.772905 2.25604 -0.672455 -1.97295e-17 7.60548 -1.50593 -0.600865 3.25311 -0.552773 -2.53307e-17 9.49737 -0.914492 -0.440476 3.81314 -0.507596 -2.90401e-17 10.5513 1.57691 0.00714974 0.974075 -0.12449 -1.29193e-17 4.78644 0.715339 -0.567218 -4.52671 -3.21552 -1.8116e-17 4.82109 0.421791 0.985741 -6.22034 -1.75738 -2.00958e-17 4.83041 0.765062 0.4564 -1.48367 -3.60201 1.23299 -7.60731 7.53374 3.94505 -1.89468 -2.85805 12.9547 3.2495 -3.26872 -44.908 4.04589 -33.7169 29.2081 0.0598081 0.137039 11.8045 -14.2589 -101.444 24.234 0.0496219 0.113701 -0.218113 -2.07771 -3.6586 -1.23299 -7.60729 7.53365 -13.1355 -4.56616 -0.551426 -12.9547 3.2495 -3.26872 47.5564 12.2539 43.8066 -29.2081 0.0598081 0.137039 -11.6496 -14.9193 104.749 -24.234 0.0496218 0.113702 5.16846 5.27119 -1.28608 9.23673 -4.20556 2.0327 -6.26102 -16.683 -34.6133 -0.852353 -38.7721 -0.655187 -1.17212 4.37661 -0.0316352 -2.32622 -40.4017 -6.04875 -4.22961 15.8896 14.924 0.779096 -9.8844 12.4959 9.07827e-16 -7.58348e-16 -2.43667e-17 -9.23673 -4.20556 2.0327 3.49583 -65.1941 22.5783 0.852353 -38.7721 -0.655187 86.6705 75.9275 -70.8155 2.32622 -40.4017 -6.04875 -1.09909 1.38898 -15.1868 -0.779096 -9.8844 12.4959 -3.02028e-16 -5.77477e-16 -1.27563e-14 
3.2056 95.3374 22.7859 -2.33031 3.77939 13.256 0 5.07867 -1.15138 -1.32979 -2.73065 -0.350688 0 5.61661 1.07143 -1.00262 -1.50952 -0.603254 -1.02604e-17 5.98978 0.11501 -0.78394 0.427459 -0.57081 -1.10457e-17 6.50583 -0.443523 -0.558109 3.48856 -0.588217 -1.97295e-17 7.60548 -1.50593 -0.487414 5.03009 -0.505893 -2.53307e-17 9.49737 -0.914492 -0.434712 5.97971 -0.462444 -2.90401e-17 10.5513 1.57691 0.0686932 0.739547 -0.1971 -1.29193e-17 4.78644 0.715339 -0.232824 -0.858993 -2.81813 -1.8116e-17 4.82109 0.421791 1.39643 -8.76525 -1.54807 -2.00958e-17 4.83041 0.765062 0.697677 -6.62366 -3.96995 1.23299 -7.60731 7.53374 6.41147 -4.24188 -1.44906 12.9547 3.2495 -3.26872 -46.2035 1.72381 -40.4819 29.2081 0.0598081 0.137039 11.8523 -14.0097 -100.211 24.234 0.0496219 0.113701 -0.979194 -1.21843 -3.7667 -1.23299 -7.60729 7.53365 -14.8674 -6.18727 -2.43679 -12.9547 3.2495 -3.26872 48.7819 10.5471 49.008 -29.2081 0.0598081 0.137039 -11.6583 -14.8865 104.584 -24.234 0.0496218 0.113702 5.33772 8.50579 -1.08791 9.23673 -4.20556 2.0327 -4.00116 -16.0963 -34.4186 -0.852353 -38.7721 -0.655187 -1.06929 3.99304 -0.0324455 -2.32622 -40.4017 -6.04875 -3.86186 16.1643 14.843 0.779096 -9.8844 12.4959 -3.88124e-16 -8.14497e-16 3.17821e-17 -9.23673 -4.20556 2.0327 18.3239 -73.2099 36.1032 0.852353 -38.7721 -0.655187 106.382 75.4685 -89.8457 2.32622 -40.4017 -6.04875 -3.94759 -1.93192 -15.1776 -0.779096 -9.8844 12.4959 -6.99597e-16 -5.55856e-16 -1.27406e-14 
2.72341 95.2408 23.1775 -5.56264 5.65351 12.705 0 5.07867 -1.15138 -0.670539 -3.30929 -0.55073 0 5.61661 1.07143 -0.355996 -1.98886 -0.685086 -1.02604e-17 5.98978 0.11501 -0.233617 0.246278 -0.60555 -1.10457e-17 6.50583 -0.443523 -0.102332 3.8213 -0.606246 -1.97295e-17 7.60548 -1.50593 -0.195415 5.69901 -0.587291 -2.53307e-17 9.49737 -0.914492 -0.317658 6.8512 -0.56297 -2.90401e-17 10.5513 1.57691 0.122693 0.568658 -0.234983 -1.29193e-17 4.78644 0.715339 0.0686849 -0.819758 -2.13905 -1.8116e-17 4.82109 0.421791 1.89927 -9.62855 -1.16135 -2.00958e-17 4.83041 0.765062 0.120388 -9.35695 -3.51937 1.23299 -7.60731 7.53374 7.08493 -5.2421 -1.25831 12.9547 3.2495 -3.26872 -48.0503 -0.434377 -42.5128 29.2081 0.0598081 0.137039 11.8198 -14.1823 -101.064 24.234 0.0496219 0.113701 -1.26869 1.42358 -5.14362 -1.23299 -7.60729 7.53365 -15.3078 -6.57495 -3.02239 -12.9547 3.2495 -3.26872 47.689 9.09347 50.8247 -29.2081 0.0598081 0.137039 -11.6379 -14.9629 104.969 -24.234 0.0496218 0.113702 3.28453 11.0002 1.65226 9.23673 -4.20556 2.0327 -0.645666 -18.431 -33.0763 -0.852353 -38.7721 -0.655187 -1.21684 4.54332 -0.0310677 -2.32622 -40.4017 -6.04875 -2.64029 12.5638 14.9311 0.779096 -9.8844 12.4959 -1.15246e-15 -8.50325e-16 6.76102e-17 -9.23673 -4.20556 2.0327 70.1197 -82.0656 84.462 0.852353 -38.7721 -0.655187 119.313 74.1586 -102.268 2.32622 -40.4017 -6.04875 -5.23455 -4.55263 -15.0567 -0.779096 -9.8844 12.4959 -9.93923e-16 -5.46658e-16 -1.27222e-14 
2.51285 95.3759 23.4285 -8.77528 6.84963 12.8916 0 5.07867 -1.15138 0.105672 -3.97904 -0.698514 0 5.61661 1.07143 0.395281 -2.54957 -0.682998 -1.02604e-17 5.98978 0.11501 0.396907 0.0517632 -0.560905 -1.10457e-17 6.50583 -0.443523 0.396092 4.25737 -0.541035 -1.97295e-17 7.60548 -1.50593 0.119346 6.55309 -0.592026 -2.53307e-17 9.49737 -0.914492 -0.192912 7.93555 -0.567619 -2.90401e-17 10.5513 1.57691 0.182746 0.410998 -0.25235 -1.29193e-17 4.78644 0.715339 0.113408 -1.87804 -2.09459 -1.8116e-17 4.82109 0.421791 1.63647 -10.4033 -1.08741 -2.00958e-17 4.83041 0.765062 0.170857 -10.8723 -3.3289 1.23299 -7.60731 7.53374 7.29265 -6.1893 -1.36951 12.9547 3.2495 -3.26872 -49.4463 -1.09272 -45.399 29.2081 0.0598081 0.137039 11.7266 -14.6128 -103.208 24.234 0.0496219 0.113701 -1.67078 4.30033 -4.32313 -1.23299 -7.60729 7.53365 -14.7836 -7.01186 -2.94918 -12.9547 3.2495 -3.26872 46.6392 6.12072 51.0088 -29.2081 0.0598081 0.137039 -11.5662 -15.2158 106.252 -24.234 0.0496218 0.113702 2.77756 12.2482 2.76511 9.23673 -4.20556 2.0327 2.5206 -20.2714 -32.0507 -0.852353 -38.7721 -0.655187 -1.31067 4.89301 -0.0294524 -2.32622 -40.4017 -6.04875 -1.8444 10.6217 14.938 0.779096 -9.8844 12.4959 8.50793e-16 -7.59649e-16 -2.30658e-17 -9.23673 -4.20556 2.0327 160.898 -79.9033 168.696 0.852353 -38.7721 -0.655187 123.987 73.4198 -106.731 2.32622 -40.4017 -6.04875 -4.83346 -6.00108 -14.5892 -0.779096 -9.8844 12.4959 -5.80951e-16 -5.66016e-16 -1.27416e-14 
2.44519 95.9081 23.8267 -11.2824 6.41903 12.7041 0 5.07867 -1.15138 1.04532 -4.55389 -0.787771 0 5.61661 1.07143 1.26857 -2.90374 -0.563166 -1.02604e-17 5.98978 0.11501 1.11782 0.220374 -0.396553 -1.10457e-17 6.50583 -0.443523 0.940018 5.30739 -0.344388 -1.97295e-17 7.60548 -1.50593 0.479023 8.13746 -0.485776 -2.53307e-17 9.49737 -0.914492 -0.0210463 9.76414 -0.453974 -2.90401e-17 10.5513 1.57691 0.217447 0.115882 -0.214245 -1.29193e-17 4.78644 0.715339 -0.061538 -5.64763 -2.34559 -1.8116e-17 4.82109 0.421791 1.32202 -11.6044 -1.14661 -2.00958e-17 4.83041 0.765062 -0.537794 -10.3505 -3.18462 1.23299 -7.60731 7.53374 6.47543 -7.26126 -2.15554 12.9547 3.2495 -3.26872 -51.2786 -0.855249 -49.4836 29.2081 0.0598081 0.137039 11.6352 -14.9723 -105.016 24.234 0.0496219 0.113701 -2.66177 8.32404 -2.99615 -1.23299 -7.60729 7.53365 -12.2572 -7.60071 -1.36728 -12.9547 3.2495 -3.26872 43.5561 0.609015 46.6606 -29.2081 0.0598081 0.137039 -11.4366 -15.6244 108.347 -24.234 0.0496218 0.113702 1.42654 12.3281 5.54034 9.23673 -4.20556 2.0327 5.54308 -19.8676 -31.1619 -0.852353 -38.7721 -0.655187 -1.15419 4.30974 -0.0318262 -2.32622 -40.4017 -6.04875 -1.9339 10.9014 14.9357 0.779096 -9.8844 12.4959 2.06974e-15 -7.06869e-16 -7.58458e-17 -9.23673 -4.20556 2.0327 167.907 -71.6817 172.983 0.852353 -38.7721 -0.655187 120.928 73.922 -103.813 2.32622 -40.4017 -6.04875 -4.94523 -9.65509 -15.1452 -0.779096 -9.8844 12.4959 2.86628e-16 -6.05071e-16 -1.27839e-14 
2.34703 96.5889 24.3926 -13.2395 6.21694 11.2888 0 5.07867 -1.15138 2.09855 -4.58163 -0.791233 0 5.61661 1.07143 2.18004 -2.67139 -0.302679 -1.02604e-17 5.98978 0.11501 1.83897 0.911219 -0.0723328 -1.10457e-17 6.50583 -0.443523 1.42904 6.78717 0.0256469 -1.97295e-17 7.60548 -1.50593 0.808017 10.1012 -0.219515 -2.53307e-17 9.49737 -0.914492 0.171923 11.8231 -0.160865 -2.90401e-17 10.5513 1.57691 0.244967 -0.476701 -0.0556852 -1.29193e-17 4.78644 0.715339 -0.78056 -18.1906 -3.0711 -1.8116e-17 4.82109 0.421791 1.19349 -12.1879 -1.33703 -2.00958e-17 4.83041 0.765062 -2.00791 -4.10134 -2.25557 1.23299 -7.60731 7.53374 1.94567 -7.39976 -5.59911 12.9547 3.2495 -3.26872 -52.9134 -2.10685 -50.8922 29.2081 0.0598081 0.137039 11.4858 -15.4751 -107.577 24.234 0.0496219 0.113701 -4.5448 14.7204 -4.70011 -1.23299 -7.60729 7.53365 -5.60557 -7.46003 3.39179 -12.9547 3.2495 -3.26872 33.6696 -9.46765 31.6186 -29.2081 0.0598081 0.137039 -11.1512 -16.3773 112.289 -24.234 0.0496218 0.113702 -3.7897 8.72593 14.2994 9.23673 -4.20556 2.0327 8.42156 -19.1244 -29.3231 -0.852353 -38.7721 -0.655187 -0.950464 3.54962 -0.032522 -2.32622 -40.4017 -6.04875 -2.05614 12.1793 14.8737 0.779096 -9.8844 12.4959 -2.09701e-15 -8.86775e-16 1.04061e-16 -9.23673 -4.20556 2.0327 172.347 -64.0529 173.639 0.852353 -38.7721 -0.655187 113.163 74.9006 -96.3714 2.32622 -40.4017 -6.04875 -3.01477 -10.0151 -15.1473 -0.779096 -9.8844 12.4959 -9.06069e-16 -5.46177e-16 -1.27342e-14 
2.23468 97.1625 24.9085 -14.2519 7.8231 9.26266 0 5.07867 -1.15138 2.72501 -5.11455 -0.360339 0 5.61661 1.07143 2.6943 -2.97589 0.26189 -1.02604e-17 5.98978 0.11501 2.24538 1.10994 0.550842 -1.10457e-17 6.50583 -0.443523 1.66592 7.8994 0.685075 -1.97295e-17 7.60548 -1.50593 1.00201 11.9722 0.377635 -2.53307e-17 9.49737 -0.914492 0.357243 13.895 0.438687 -2.90401e-17 10.5513 1.57691 0.375695 -0.918444 -0.070299 -1.29193e-17 4.78644 0.715339 -1.67871 -26.9885 -4.22446 -1.8116e-17 4.82109 0.421791 1.04799 -12.5745 -1.61741 -2.00958e-17 4.83041 0.765062 -3.27355 -1.30593 -1.84541 1.23299 -7.60731 7.53374 1.06177 -8.76574 -6.67778 12.9547 3.2495 -3.26872 -53.8063 -3.71349 -53.3798 29.2081 0.0598081 0.137039 11.2135 -16.2257 -111.485 24.234 0.0496219 0.113701 -5.66058 16.1715 -2.63387 -1.23299 -7.60729 7.53365 -2.54806 -8.13587 4.95439 -12.9547 3.2495 -3.26872 33.2545 -19.5683 33.7989 -29.2081 0.0598081 0.137039 -10.7726 -17.1848 116.666 -24.234 0.0496218 0.113702 3.41928 9.02324 8.13475 9.23673 -4.20556 2.0327 10.2012 -20.443 -26.6914 -0.852353 -38.7721 -0.655187 -1.0295 3.84461 -0.0325737 -2.32622 -40.4017 -6.04875 -2.59061 13.3596 14.8647 0.779096 -9.8844 12.4959 -2.16503e-15 -8.9343e-16 1.10716e-16 -9.23673 -4.20556 2.0327 175.451 -55.8961 173.027 0.852353 -38.7721 -0.655187 99.9739 75.7997 -83.6648 2.32622 -40.4017 -6.04875 -1.94238 -10.7458 -14.8363 -0.779096 -9.8844 12.4959 -1.06639e-15 -5.41648e-16 -1.27264e-14 
2.28179 97.6972 25.4163 -13.9624 9.94143 7.05806 0 5.07867 -1.15138 2.68916 -6.47804 0.113284 0 5.61661 1.07143 2.58629 -4.09773 0.747928 -1.02604e-17 5.98978 0.11501 2.1219 0.681484 1.07493 -1.10457e-17 6.50583 -0.443523 1.49218 8.5869 1.22712 -1.97295e-17 7.60548 -1.50593 0.904744 13.5907 0.951651 -2.53307e-17 9.49737 -0.914492 0.376979 15.7772 1.02136 -2.90401e-17 10.5513 1.57691 0.489376 -1.15249 -0.190452 -1.29193e-17 4.78644 0.715339 -2.4919 -28.5258 -5.74163 -1.8116e-17 4.82109 0.421791 1.14284 -13.0491 -2.15167 -2.00958e-17 4.83041 0.765062 -2.8019 -2.8167 -0.814238 1.23299 -7.60731 7.53374 1.11005 -10.3667 -6.12088 12.9547 3.2495 -3.26872 -53.479 -1.75304 -56.9667 29.2081 0.0598081 0.137039 11.1537 -16.371 -112.255 24.234 0.0496219 0.113701 -6.20676 18.8224 0.613659 -1.23299 -7.60729 7.53365 -2.0921 -9.00078 4.24516 -12.9547 3.2495 -3.26872 38.7405 -22.8773 38.3453 -29.2081 0.0598081 0.137039 -10.712 -17.2999 117.306 -24.234 0.0496218 0.113702 9.4801 11.5338 4.37847 9.23673 -4.20556 2.0327 10.6099 -22.1993 -22.6178 -0.852353 -38.7721 -0.655187 -1.17028 4.36976 -0.0316558 -2.32622 -40.4017 -6.04875 -2.50792 15.6474 14.4786 0.779096 -9.8844 12.4959 1.88962e-15 -7.13459e-16 -6.9256e-17 -9.23673 -4.20556 2.0327 175.653 -48.7147 171.535 0.852353 -38.7721 -0.655187 82.1261 75.8034 -66.4274 2.32622 -40.4017 -6.04875 -2.46832 -13.7988 -14.5088 -0.779096 -9.8844 12.4959 6.47781e-17 -5.94912e-16 -1.27705e-14 
2.54123 98.3042 26.0342 -13.0123 10.7779 5.1008 0 5.07867 -1.15138 2.50103 -7.5089 0.561134 0 5.61661 1.07143 2.32483 -4.98474 1.16825 -1.02604e-17 5.98978 0.11501 1.86666 0.351646 1.51461 -1.10457e-17 6.50583 -0.443523 1.22174 9.1508 1.67013 -1.97295e-17 7.60548 -1.50593 0.715496 14.7537 1.46161 -2.53307e-17 9.49737 -0.914492 0.318664 17.1459 1.55736 -2.90401e-17 10.5513 1.57691 0.497471 -1.20992 -0.316821 -1.29193e-17 4.78644 0.715339 -2.83352 -25.8934 -6.57171 -1.8116e-17 4.82109 0.421791 1.02673 -13.9228 -2.52268 -2.00958e-17 4.83041 0.765062 -1.70877 -6.3624 -0.661555 1.23299 -7.60731 7.53374 2.34921 -11.9849 -4.89087 12.9547 3.2495 -3.26872 -54.182 0.591052 -61.0796 29.2081 0.0598081 0.137039 11.357 -15.8511 -109.521 24.234 0.0496219 0.113701 -6.51727 20.914 2.74055 -1.23299 -7.60729 7.53365 -2.7094 -9.5883 2.89616 -12.9547 3.2495 -3.26872 43.8965 -19.7565 45.2146 -29.2081 0.0598081 0.137039 -11.1268 -16.4348 112.596 -24.234 0.0496218 0.113702 12.6457 17.7521 -0.269933 9.23673 -4.20556 2.0327 10.3598 -22.285 -20.031 -0.852353 -38.7721 -0.655187 -1.10045 4.1093 -0.0322728 -2.32622 -40.4017 -6.04875 -4.69164 18.3585 14.9903 0.779096 -9.8844 12.4959 -7.42573e-15 -1.11494e-15 3.32223e-16 -9.23673 -4.20556 2.0327 172.464 -43.296 170.317 0.852353 -38.7721 -0.655187 64.1905 74.3623 -49.1667 2.32622 -40.4017 -6.04875 -3.73526 -18.6215 -14.63 -0.779096 -9.8844 12.4959 -2.17125e-15 -5.00669e-16 -1.26762e-14 
2.92142 98.7699 26.684 -12.6819 10.8801 4.04701 0 5.07867 -1.15138 2.28035 -8.2432 0.887181 0 5.61661 1.07143 2.0921 -5.68766 1.47051 -1.02604e-17 5.98978 0.11501 1.66258 0.0190325 1.82748 -1.10457e-17 6.50583 -0.443523 1.02843 9.40083 1.98534 -1.97295e-17 7.60548 -1.50593 0.59233 15.249 1.83508 -2.53307e-17 9.49737 -0.914492 0.300641 17.8165 1.9293 -2.90401e-17 10.5513 1.57691 0.474915 -1.07457 -0.393189 -1.29193e-17 4.78644 0.715339 -2.36643 -18.0614 -6.95031 -1.8116e-17 4.82109 0.421791 1.24303 -14.6468 -2.86265 -2.00958e-17 4.83041 0.765062 -0.42335 -13.6501 -0.652073 1.23299 -7.60731 7.53374 4.28436 -13.3517 -2.77049 12.9547 3.2495 -3.26872 -53.9284 5.41876 -66.1399 29.2081 0.0598081 0.137039 11.7139 -14.6659 -103.474 24.234 0.0496219 0.113701 -5.07099 24.185 4.42566 -1.23299 -7.60729 7.53365 -4.10498 -9.87376 0.916392 -12.9547 3.2495 -3.26872 48.978 -14.2686 51.008 -29.2081 0.0598081 0.137039 -11.7838 -14.359 101.943 -24.234 0.0496218 0.113702 12.1427 24.8817 -1.4704 9.23673 -4.20556 2.0327 10.1952 -22.1672 -18.7649 -0.852353 -38.7721 -0.655187 -1.19029 4.44436 -0.0314204 -2.32622 -40.4017 -6.04875 -5.35547 20.7213 14.9765 0.779096 -9.8844 12.4959 -5.7893e-15 -1.04767e-15 2.64954e-16 -9.23673 -4.20556 2.0327 170.554 -39.8713 170.2 0.852353 -38.7721 -0.655187 48.7788 71.3786 -34.5173 2.32622 -40.4017 -6.04875 -6.38605 -23.8681 -15.3751 -0.779096 -9.8844 12.4959 -1.2004e-15 -5.36979e-16 -1.27158e-14 
3.31686 98.9653 27.4737 -12.7326 10.4065 3.26606 0 5.07867 -1.15138 2.19083 -7.9659 1.03106 0 5.61661 1.07143 2.00474 -5.55861 1.60797 -1.02604e-17 5.98978 0.11501 1.59138 -0.0634071 1.9726 -1.10457e-17 6.50583 -0.443523 0.985415 8.94709 2.13338 -1.97295e-17 7.60548 -1.50593 0.59126 14.3372 2.01392 -2.53307e-17 9.49737 -0.914492 0.366087 16.9069 2.06394 -2.90401e-17 10.5513 1.57691 0.429646 -0.743903 -0.402472 -1.29193e-17 4.78644 0.715339 -1.70887 -9.72792 -7.25332 -1.8116e-17 4.82109 0.421791 1.19758 -14.9521 -3.1594 -2.00958e-17 4.83041 0.765062 0.855044 -19.9615 0.34339 1.23299 -7.60731 7.53374 6.62639 -13.5703 -0.573738 12.9547 3.2495 -3.26872 -54.9894 10.066 -68.1856 29.2081 0.0598081 0.137039 11.969 -13.1934 -96.2094 24.234 0.0496219 0.113701 -1.96899 26.209 4.03909 -1.23299 -7.60729 7.53365 -5.99572 -9.46792 -0.843813 -12.9547 3.2495 -3.26872 53.2101 -9.94037 53.7614 -29.2081 0.0598081 0.137039 -12.0244 -11.5067 88.056 -24.234 0.0496218 0.113702 7.99131 29.7294 1.64687 9.23673 -4.20556 2.0327 10.2823 -21.3333 -17.9161 -0.852353 -38.7721 -0.655187 -1.34438 5.0186 -0.0287318 -2.32622 -40.4017 -6.04875 -5.22529 21.3069 14.7998 0.779096 -9.8844 12.4959 -3.82129e-15 -9.62762e-16 1.80047e-16 -9.23673 -4.20556 2.0327 168.717 -37.9007 170.506 0.852353 -38.7721 -0.655187 37.0442 67.0633 -23.6343 2.32622 -40.4017 -6.04875 -7.46039 -27.5243 -16.1097 -0.779096 -9.8844 12.4959 -1.16963e-15 -5.38421e-16 -1.27232e-14 
3.86341 98.8606 28.4439 -12.803 9.26878 3.52134 0 5.07867 -1.15138 2.11619 -7.313 1.0596 0 5.61661 1.07143 1.9477 -5.06009 1.63726 -1.02604e-17 5.98978 0.11501 1.559 0.0944533 1.99962 -1.10457e-17 6.50583 -0.443523 1.00068 8.51638 2.16671 -1.97295e-17 7.60548 -1.50593 0.653339 13.4168 2.07237 -2.53307e-17 9.49737 -0.914492 0.495886 15.8831 2.05344 -2.90401e-17 10.5513 1.57691 0.408647 -0.477255 -0.391847 -1.29193e-17 4.78644 0.715339 -1.02394 -3.44872 -7.48867 -1.8116e-17 4.82109 0.421791 1.38185 -15.2583 -3.39341 -2.00958e-17 4.83041 0.765062 1.31356 -24.5577 0.949192 1.23299 -7.60731 7.53374 8.87176 -13.5776 1.68962 12.9547 3.2495 -3.26872 -57.0879 14.4458 -68.9309 29.2081 0.0598081 0.137039 12.0334 -11.8876 -89.8894 24.234 0.0496219 0.113701 0.354096 26.3798 4.22636 -1.23299 -7.60729 7.53365 -7.3754 -9.13177 -2.09734 -12.9547 3.2495 -3.26872 56.8905 -7.88707 53.3186 -29.2081 0.0598081 0.137039 -11.7115 -9.24079 77.0699 -24.234 0.0496218 0.113702 4.28666 32.5976 3.66711 9.23673 -4.20556 2.0327 9.78899 -20.1181 -18.209 -0.852353 -38.7721 -0.655187 -1.65011 6.15591 -0.0188143 -2.32622 -40.4017 -6.04875 -4.43812 20.2769 14.5505 0.779096 -9.8844 12.4959 -2.73137e-15 -7.12004e-16 -7.71626e-17 -9.23673 -4.20556 2.0327 169.35 -37.8809 171.514 0.852353 -38.7721 -0.655187 29.2033 62.2891 -16.637 2.32622 -40.4017 -6.04875 -6.64173 -28.3062 -16.1597 -0.779096 -9.8844 12.4959 6.99592e-16 -6.24428e-16 -1.28e-14 
4.54484 98.5094 29.4876 -13.1992 7.10696 5.09838 0 5.07867 -1.15138 1.95719 -6.39881 0.771445 0 5.61661 1.07143 1.84562 -4.21782 1.30504 -1.02604e-17 5.98978 0.11501 1.51681 0.642457 1.61899 -1.10457e-17 6.50583 -0.443523 1.07872 8.53421 1.76464 -1.97295e-17 7.60548 -1.50593 0.761097 13.0882 1.70625 -2.53307e-17 9.49737 -0.914492 0.614541 15.3833 1.62718 -2.90401e-17 10.5513 1.57691 0.382532 -0.390634 -0.376325 -1.29193e-17 4.78644 0.715339 -0.669784 -2.96245 -6.89686 -1.8116e-17 4.82109 0.421791 1.69274 -15.6785 -3.18704 -2.00958e-17 4.83041 0.765062 1.24377 -24.8857 1.20294 1.23299 -7.60731 7.53374 8.08805 -12.5124 1.56013 12.9547 3.2495 -3.26872 -61.2389 17.6391 -65.0473 29.2081 0.0598081 0.137039 12.0017 -11.1088 -86.138 24.234 0.0496219 0.113701 1.14235 29.306 2.98916 -1.23299 -7.60729 7.53365 -7.70558 -9.27254 -1.82632 -12.9547 3.2495 -3.26872 58.3462 -8.84053 51.0351 -29.2081 0.0598081 0.137039 -11.1887 -7.58716 68.7855 -24.234 0.0496218 0.113702 2.01698 32.5304 3.95743 9.23673 -4.20556 2.0327 9.17939 -18.1794 -19.6698 -0.852353 -38.7721 -0.655187 -2.03419 7.57966 0.00226456 -2.32622 -40.4017 -6.04875 -3.47293 17.7454 14.4644 0.779096 -9.8844 12.4959 9.81515e-15 2.10033e-16 -1.01114e-15 -9.23673 -4.20556 2.0327 171.811 -40.2781 173.799 0.852353 -38.7721 -0.655187 23.3139 56.9408 -11.6531 2.32622 -40.4017 -6.04875 -4.12991 -27.0822 -15.5214 -0.779096 -9.8844 12.4959 4.77732e-16 -6.11043e-16 -1.27866e-14 
5.3159 97.9819 30.565 -13.7607 3.87336 7.6826 0 5.07867 -1.15138 1.17848 -5.4487 -0.116307 0 5.61661 1.07143 1.31219 -3.08443 0.208835 -1.02604e-17 5.98978 0.11501 1.20518 1.85951 0.367252 -1.10457e-17 6.50583 -0.443523 1.12762 9.81278 0.399469 -1.97295e-17 7.60548 -1.50593 0.857922 14.6389 0.397674 -2.53307e-17 9.49737 -0.914492 0.623471 16.8196 0.287029 -2.90401e-17 10.5513 1.57691 0.312897 -0.695365 -0.453588 -1.29193e-17 4.78644 0.715339 -0.208491 -14.8582 -3.92026 -1.8116e-17 4.82109 0.421791 2.5428 -16.5006 -1.72783 -2.00958e-17 4.83041 0.765062 1.12543 -17.2594 2.12877 1.23299 -7.60731 7.53374 0.114021 -9.2461 -3.84967 12.9547 3.2495 -3.26872 -67.5384 15.7103 -55.3595 29.2081 0.0598081 0.137039 11.9409 -10.5022 -83.2106 24.234 0.0496219 0.113701 3.88395 41.3781 -5.82474 -1.23299 -7.60729 7.53365 -6.45836 -10.8525 0.763566 -12.9547 3.2495 -3.26872 57.0382 -11.2535 51.502 -29.2081 0.0598081 0.137039 -10.4473 -6.04931 60.6464 -24.234 0.0496218 0.113702 0.0603557 29.2211 3.95559 9.23673 -4.20556 2.0327 8.71666 -15.4588 -22.1198 -0.852353 -38.7721 -0.655187 -2.46175 9.15601 0.0369731 -2.32622 -40.4017 -6.04875 -3.17379 14.1555 14.8293 0.779096 -9.8844 12.4959 -5.30388e-15 -1.0233e-15 2.40586e-16 -9.23673 -4.20556 2.0327 175.478 -45.1838 177.597 0.852353 -38.7721 -0.655187 18.3701 50.5847 -7.77653 2.32622 -40.4017 -6.04875 -0.538175 -25.455 -14.4962 -0.779096 -9.8844 12.4959 1.27732e-15 -6.43444e-16 -1.28222e-14 
6.06691 97.2796 31.5171 -14.1002 0.392001 10.7302 0 5.07867 -1.15138 0.552431 -4.17006 -1.33289 0 5.61661 1.07143 1.02753 -1.70268 -1.1898 -1.02604e-17 5.98978 0.11501 1.11403 3.23911 -1.204 -1.10457e-17 6.50583 -0.443523 1.39035 11.0627 -1.30168 -1.97295e-17 7.60548 -1.50593 1.07035 16.3019 -1.36266 -2.53307e-17 9.49737 -0.914492 0.512278 18.378 -1.55534 -2.90401e-17 10.5513 1.57691 0.118801 -1.00696 -0.539727 -1.29193e-17 4.78644 0.715339 2.05294 -32.5919 0.512858 -1.8116e-17 4.82109 0.421791 2.58799 -16.644 0.233618 -2.00958e-17 4.83041 0.765062 1.11662 -5.04387 2.62056 1.23299 -7.60731 7.53374 -6.72344 -5.5508 -8.3871 12.9547 3.2495 -3.26872 -71.8145 7.08202 -50.0529 29.2081 0.0598081 0.137039 11.7863 -9.57631 -78.7127 24.234 0.0496219 0.113701 10.8624 47.8839 -15.3086 -1.23299 -7.60729 7.53365 -5.21462 -12.5752 3.8038 -12.9547 3.2495 -3.26872 56.9721 -11.8831 54.0153 -29.2081 0.0598081 0.137039 -9.57861 -4.73761 53.1477 -24.234 0.0496218 0.113702 -0.409009 27.5311 2.22479 9.23673 -4.20556 2.0327 8.17726 -12.8129 -25.5486 -0.852353 -38.7721 -0.655187 -3.00542 11.1437 0.0980862 -2.32622 -40.4017 -6.04875 -2.4669 10.0093 15.0489 0.779096 -9.8844 12.4959 -1.74114e-15 -8.68721e-16 8.60068e-17 -9.23673 -4.20556 2.0327 179.309 -52.0155 -177.189 0.852353 -38.7721 -0.655187 13.8652 42.597 -4.63976 2.32622 -40.4017 -6.04875 3.87703 -24.443 -13.5828 -0.779096 -9.8844 12.4959 5.5846e-15 -8.25819e-16 -1.30138e-14 
6.71116 96.4391 32.3249 -13.7537 -2.09932 13.679 0 5.07867 -1.15138 0.430396 -3.4256 -2.16617 0 5.61661 1.07143 1.11964 -0.89858 -2.10758 -1.02604e-17 5.98978 0.11501 1.2712 4.00997 -2.25497 -1.10457e-17 6.50583 -0.443523 1.71554 11.754 -2.43692 -1.97295e-17 7.60548 -1.50593 1.29932 17.3299 -2.605 -2.53307e-17 9.49737 -0.914492 0.402409 19.2781 -2.9039 -2.90401e-17 10.5513 1.57691 -0.0653228 -1.15744 -0.557052 -1.29193e-17 4.78644 0.715339 5.08615 -45.8466 3.95506 -1.8116e-17 4.82109 0.421791 2.25157 -15.6013 1.24833 -2.00958e-17 4.83041 0.765062 1.07016 3.95936 2.56991 1.23299 -7.60731 7.53374 -10.4679 -3.22853 -10.2795 12.9547 3.2495 -3.26872 -73.7937 1.13088 -49.5691 29.2081 0.0598081 0.137039 11.489 -8.433 -73.0661 24.234 0.0496219 0.113701 15.424 47.973 -17.6378 -1.23299 -7.60729 7.53365 -3.78577 -13.4486 5.88078 -12.9547 3.2495 -3.26872 57.8846 -12.8612 53.9355 -29.2081 0.0598081 0.137039 -8.71504 -3.723 46.7919 -24.234 0.0496218 0.113702 -0.118745 27.0188 -0.185468 9.23673 -4.20556 2.0327 7.06874 -10.7584 -29.1184 -0.852353 -38.7721 -0.655187 -3.44994 12.7519 0.162029 -2.32622 -40.4017 -6.04875 -0.35628 6.37944 14.7505 0.779096 -9.8844 12.4959 1.28086e-16 -7.91912e-16 9.19784e-18 -9.23673 -4.20556 2.0327 -176.986 -58.3785 -170.31 0.852353 -38.7721 -0.655187 10.6514 35.1992 -2.74903 2.32622 -40.4017 -6.04875 7.13722 -23.0507 -12.8117 -0.779096 -9.8844 12.4959 8.48983e-16 -6.23606e-16 -1.28084e-14 
7.27851 95.6337 33.0616 -12.5016 -3.50278 16.4045 0 5.07867 -1.15138 0.664556 -2.65023 -2.5354 0 5.61661 1.07143 1.37904 -0.268527 -2.49911 -1.02604e-17 5.98978 0.11501 1.4701 4.19172 -2.72626 -1.10457e-17 6.50583 -0.443523 1.89027 11.3528 -2.93928 -1.97295e-17 7.60548 -1.50593 1.32408 16.5794 -3.1539 -2.53307e-17 9.49737 -0.914492 0.165855 18.3115 -3.48338 -2.90401e-17 10.5513 1.57691 -0.202565 -1.0042 -0.462858 -1.29193e-17 4.78644 0.715339 4.55717 -49.7513 3.37027 -1.8116e-17 4.82109 0.421791 1.26076 -14.0116 0.835144 -2.00958e-17 4.83041 0.765062 1.60312 7.1589 2.3789 1.23299 -7.60731 7.53374 -11.9889 -1.36729 -10.341 12.9547 3.2495 -3.26872 -74.8077 0.836459 -48.1375 29.2081 0.0598081 0.137039 11.1731 -7.54812 -68.5841 24.234 0.0496219 0.113701 16.8691 45.1419 -13.0722 -1.23299 -7.60729 7.53365 -2.30048 -12.5529 7.0583 -12.9547 3.2495 -3.26872 56.8895 -15.2914 49.181 -29.2081 0.0598081 0.137039 -7.72948 -2.79685 40.3298 -24.234 0.0496218 0.113702 -0.165614 23.6462 -1.38167 9.23673 -4.20556 2.0327 5.22193 -9.08636 -32.0469 -0.852353 -38.7721 -0.655187 -3.68383 13.5911 0.200666 -2.32622 -40.4017 -6.04875 1.44259 3.76356 14.5636 0.779096 -9.8844 12.4959 9.46891e-18 -7.98845e-16 1.61308e-17 -9.23673 -4.20556 2.0327 -172.458 -63.7205 -161.935 0.852353 -38.7721 -0.655187 8.95408 30.6313 -1.90663 2.32622 -40.4017 -6.04875 9.85135 -21.5432 -11.5731 -0.779096 -9.8844 12.4959 4.14372e-15 -7.72075e-16 -1.29476e-14 
7.83409 95.1777 33.9001 -10.0942 -5.13219 19.0517 0 5.07867 -1.15138 0.996975 -2.15485 -2.58424 0 5.61661 1.07143 1.59623 0.105758 -2.51512 -1.02604e-17 5.98978 0.11501 1.5536 4.1094 -2.78684 -1.10457e-17 6.50583 -0.443523 1.8341 10.677 -2.9937 -1.97295e-17 7.60548 -1.50593 1.10543 15.371 -3.20229 -2.53307e-17 9.49737 -0.914492 -0.235638 16.8947 -3.49248 -2.90401e-17 10.5513 1.57691 -0.315769 -0.76299 -0.306867 -1.29193e-17 4.78644 0.715339 1.28262 -47.8895 0.17653 -1.8116e-17 4.82109 0.421791 -0.194545 -12.6519 -0.290214 -2.00958e-17 4.83041 0.765062 2.0714 7.38575 1.41741 1.23299 -7.60731 7.53374 -12.4277 -0.175374 -9.36768 12.9547 3.2495 -3.26872 -76.2391 3.31348 -45.2676 29.2081 0.0598081 0.137039 10.7507 -6.61347 -63.6965 24.234 0.0496219 0.113701 17.5337 40.3143 -7.80816 -1.23299 -7.60729 7.53365 -0.670036 -10.7388 7.33357 -12.9547 3.2495 -3.26872 53.366 -17.9459 40.1399 -29.2081 0.0598081 0.137039 -6.70838 -2.02872 34.2132 -24.234 0.0496218 0.113702 -0.685283 15.9401 -1.06262 9.23673 -4.20556 2.0327 2.73566 -6.33285 -34.6196 -0.852353 -38.7721 -0.655187 -3.63038 13.3998 0.191536 -2.32622 -40.4017 -6.04875 2.18566 3.31937 14.4129 0.779096 -9.8844 12.4959 -9.61393e-16 -8.35157e-16 5.24421e-17 -9.23673 -4.20556 2.0327 -164.896 -69.8024 -151.428 0.852353 -38.7721 -0.655187 8.44125 29.158 -1.67695 2.32622 -40.4017 -6.04875 10.4733 -22.0708 -10.3136 -0.779096 -9.8844 12.4959 -7.91778e-16 -5.57986e-16 -1.27368e-14 
8.42016 95.1897 34.8682 -6.40598 -8.53482 21.5035 0 5.07867 -1.15138 1.2982 -2.05275 -2.36004 0 5.61661 1.07143 1.68383 0.269935 -2.18873 -1.02604e-17 5.98978 0.11501 1.49456 4.07378 -2.46131 -1.10457e-17 6.50583 -0.443523 1.59388 10.3943 -2.6171 -1.97295e-17 7.60548 -1.50593 0.789178 14.7236 -2.80938 -2.53307e-17 9.49737 -0.914492 -0.590166 16.1304 -3.06786 -2.90401e-17 10.5513 1.57691 -0.380169 -0.514188 -0.125337 -1.29193e-17 4.78644 0.715339 -2.48137 -40.4419 -3.9626 -1.8116e-17 4.82109 0.421791 -1.50022 -12.0603 -1.89804 -2.00958e-17 4.83041 0.765062 1.99874 4.20227 0.196508 1.23299 -7.60731 7.53374 -11.4956 -0.368789 -7.1772 12.9547 3.2495 -3.26872 -78.973 7.15071 -41.3859 29.2081 0.0598081 0.137039 10.0775 -5.44509 -57.2719 24.234 0.0496219 0.113701 17.6839 33.6535 -4.26664 -1.23299 -7.60729 7.53365 1.33443 -8.86964 6.46812 -12.9547 3.2495 -3.26872 51.6457 -19.6082 30.6824 -29.2081 0.0598081 0.137039 -5.76137 -1.45404 28.9015 -24.234 0.0496218 0.113702 -2.09922 8.09525 -0.905296 9.23673 -4.20556 2.0327 0.225169 -0.785238 -37.3167 -0.852353 -38.7721 -0.655187 -3.22884 11.9541 0.128664 -2.32622 -40.4017 -6.04875 1.50414 5.23143 14.2323 0.779096 -9.8844 12.4959 -5.79188e-16 -8.17241e-16 3.45262e-17 -9.23673 -4.20556 2.0327 -147.952 -77.9084 -131.927 0.852353 -38.7721 -0.655187 8.95921 30.6457 -1.90898 2.32622 -40.4017 -6.04875 8.52338 -23.8175 -11.5311 -0.779096 -9.8844 12.4959 -6.80813e-15 -2.94126e-16 -1.24789e-14 
9.06457 95.4037 35.9265 -2.69177 -13.3951 24.0562 0 5.07867 -1.15138 1.86483 -1.83381 -2.07428 0 5.61661 1.07143 1.94258 0.589082 -1.71392 -1.02604e-17 5.98978 0.11501 1.57756 4.21686 -1.9521 -1.10457e-17 6.50583 -0.443523 1.45184 10.3153 -2.02726 -1.97295e-17 7.60548 -1.50593 0.58675 14.2272 -2.21276 -2.53307e-17 9.49737 -0.914492 -0.793083 15.4305 -2.45298 -2.90401e-17 10.5513 1.57691 -0.397155 -0.224805 0.077027 -1.29193e-17 4.78644 0.715339 -4.18329 -27.6287 -6.94524 -1.8116e-17 4.82109 0.421791 -2.31811 -11.7477 -3.46002 -2.00958e-17 4.83041 0.765062 1.14329 -3.26396 -1.40353 1.23299 -7.60731 7.53374 -9.18622 -1.40183 -3.9826 12.9547 3.2495 -3.26872 -83.2381 11.3072 -35.4132 29.2081 0.0598081 0.137039 9.35347 -4.45067 -51.4093 24.234 0.0496219 0.113701 16.701 26.888 -1.97423 -1.23299 -7.60729 7.53365 3.75234 -6.96075 5.08787 -12.9547 3.2495 -3.26872 51.0539 -22.7423 20.6963 -29.2081 0.0598081 0.137039 -4.84768 -1.0053 24.0131 -24.234 0.0496218 0.113702 -3.32215 1.91028 0.347731 9.23673 -4.20556 2.0327 -1.21281 6.29777 -40.4645 -0.852353 -38.7721 -0.655187 -2.81328 10.4436 0.0743281 -2.32622 -40.4017 -6.04875 0.53403 7.83853 14.0128 0.779096 -9.8844 12.4959 -2.71636e-15 -9.12582e-16 1.29867e-16 -9.23673 -4.20556 2.0327 -92.7022 -82.7018 -72.0305 0.852353 -38.7721 -0.655187 10.8894 35.8019 -2.87652 2.32622 -40.4017 -6.04875 6.90045 -22.6467 -13.8772 -0.779096 -9.8844 12.4959 -5.02063e-15 -1.66119e-16 -1.23352e-14 
9.56482 95.2367 37.0198 -0.677611 -16.2903 26.3427 0 5.07867 -1.15138 1.97509 -1.90403 -1.86282 0 5.61661 1.07143 1.89214 0.617644 -1.38872 -1.02604e-17 5.98978 0.11501 1.46855 4.17921 -1.56908 -1.10457e-17 6.50583 -0.443523 1.2556 10.1373 -1.58038 -1.97295e-17 7.60548 -1.50593 0.420278 13.7563 -1.73291 -2.53307e-17 9.49737 -0.914492 -0.86257 14.834 -1.93731 -2.90401e-17 10.5513 1.57691 -0.346173 0.0117367 0.181152 -1.29193e-17 4.78644 0.715339 -3.62772 -14.6571 -8.61037 -1.8116e-17 4.82109 0.421791 -2.29882 -11.8783 -4.47478 -2.00958e-17 4.83041 0.765062 1.36882 -12.1831 -2.66602 1.23299 -7.60731 7.53374 -7.71911 -2.20959 -1.1216 12.9547 3.2495 -3.26872 -86.6993 9.77238 -26.6375 29.2081 0.0598081 0.137039 8.62833 -3.6329 -46.1953 24.234 0.0496219 0.113701 14.7405 22.4658 -4.96289 -1.23299 -7.60729 7.53365 4.7329 -5.70986 2.76901 -12.9547 3.2495 -3.26872 51.0915 -25.5795 12.0726 -29.2081 0.0598081 0.137039 -4.0653 -0.694089 19.9651 -24.234 0.0496218 0.113702 -1.42989 -4.2047 1.65399 9.23673 -4.20556 2.0327 -1.45282 10.6977 -42.9122 -0.852353 -38.7721 -0.655187 -2.69411 10.0081 0.060777 -2.32622 -40.4017 -6.04875 0.217854 7.47456 14.134 0.779096 -9.8844 12.4959 -5.37643e-15 -1.02831e-15 2.456e-16 -9.23673 -4.20556 2.0327 -42.7478 -76.4843 -21.0875 0.852353 -38.7721 -0.655187 11.2173 36.6178 -3.05578 2.32622 -40.4017 -6.04875 8.33672 -19.6759 -13.1165 -0.779096 -9.8844 12.4959 -1.12467e-14 6.87029e-16 -1.14605e-14 
9.70991 94.6523 38.0302 0.122515 -17.0009 27.1725 0 5.07867 -1.15138 1.80494 -1.14791 -1.46342 0 5.61661 1.07143 1.6045 0.977654 -0.943725 -1.02604e-17 5.98978 0.11501 1.17588 3.83433 -0.97652 -1.10457e-17 6.50583 -0.443523 0.905239 8.60747 -0.908105 -1.97295e-17 7.60548 -1.50593 0.195204 11.2069 -0.958585 -2.53307e-17 9.49737 -0.914492 -0.756273 12.1779 -1.02923 -2.90401e-17 10.5513 1.57691 -0.206621 0.446693 0.295486 -1.29193e-17 4.78644 0.715339 -2.36929 -2.86769 -10.4041 -1.8116e-17 4.82109 0.421791 -2.18284 -11.2827 -5.27587 -2.00958e-17 4.83041 0.765062 1.85718 -19.537 -2.89353 1.23299 -7.60731 7.53374 -5.79425 -2.42617 1.24429 12.9547 3.2495 -3.26872 -83.8966 6.89238 -16.8647 29.2081 0.0598081 0.137039 8.0735 -3.09696 -42.5118 24.234 0.0496219 0.113701 8.66193 15.8419 -5.4916 -1.23299 -7.60729 7.53365 6.46092 -2.49751 0.743561 -12.9547 3.2495 -3.26872 50.6697 -25.6861 2.01482 -29.2081 0.0598081 0.137039 -3.23936 -0.432332 15.7956 -24.234 0.0496218 0.113702 -0.0565472 -11.2902 4.83358 9.23673 -4.20556 2.0327 -1.4415 12.5731 -43.3608 -0.852353 -38.7721 -0.655187 -2.72811 10.1324 0.0645504 -2.32622 -40.4017 -6.04875 0.393351 4.50202 14.6031 0.779096 -9.8844 12.4959 -4.75955e-16 -8.14015e-16 3.13002e-17 -9.23673 -4.20556 2.0327 -25.728 -67.6555 -3.18075 0.852353 -38.7721 -0.655187 9.43986 31.9869 -2.13518 2.32622 -40.4017 -6.04875 10.5996 -16.5385 -12.6714 -0.779096 -9.8844 12.4959 -1.09013e-14 4.6203e-16 -1.16859e-14 
9.56354 93.9839 38.8297 0.60004 -17.4926 27.0558 0 5.07867 -1.15138 1.27244 0.443255 -1.27378 0 5.61661 1.07143 1.14902 1.82816 -0.833622 -1.02604e-17 5.98978 0.11501 0.827404 3.66415 -0.772933 -1.10457e-17 6.50583 -0.443523 0.635021 6.70108 -0.669577 -1.97295e-17 7.60548 -1.50593 0.0865747 8.11361 -0.66535 -2.53307e-17 9.49737 -0.914492 -0.567559 8.90304 -0.677 -2.90401e-17 10.5513 1.57691 -0.129198 0.830585 0.369999 -1.29193e-17 4.78644 0.715339 -1.48042 1.8732 -10.6796 -1.8116e-17 4.82109 0.421791 -1.99697 -10.2019 -5.21183 -2.00958e-17 4.83041 0.765062 1.5499 -20.94 -1.9753 1.23299 -7.60731 7.53374 -4.56309 -1.65964 2.63425 12.9547 3.2495 -3.26872 -75.5443 7.2689 -7.6951 29.2081 0.0598081 0.137039 7.90044 -2.9432 -41.4058 24.234 0.0496219 0.113701 3.37433 4.58068 -3.14756 -1.23299 -7.60729 7.53365 8.25936 0.828142 0.0301465 -12.9547 3.2495 -3.26872 51.0115 -23.129 -6.14278 -29.2081 0.0598081 0.137039 -2.77603 -0.313809 13.493 -24.234 0.0496218 0.113702 1.48277 -19.1449 6.49054 9.23673 -4.20556 2.0327 -1.14977 14.015 -42.9798 -0.852353 -38.7721 -0.655187 -2.74408 10.1908 0.066348 -2.32622 -40.4017 -6.04875 0.449697 1.0726 15.0571 0.779096 -9.8844 12.4959 -9.76758e-16 -8.42089e-16 5.93743e-17 -9.23673 -4.20556 2.0327 -17.5523 -58.9274 5.2081 0.852353 -38.7721 -0.655187 7.2825 25.6721 -1.20446 2.32622 -40.4017 -6.04875 13.0516 -11.8454 -12.7843 -0.779096 -9.8844 12.4959 -5.21786e-15 -3.6867e-16 -1.25442e-14 
9.30497 93.4276 39.3976 1.39633 -18.4319 26.9978 0 5.07867 -1.15138 0.521548 1.26344 -1.36339 0 5.61661 1.07143 0.637983 2.25667 -1.0986 -1.02604e-17 5.98978 0.11501 0.502343 3.56379 -1.03655 -1.10457e-17 6.50583 -0.443523 0.489447 5.63449 -0.943517 -1.97295e-17 7.60548 -1.50593 0.0812406 6.49918 -0.944358 -2.53307e-17 9.49737 -0.914492 -0.432098 7.19188 -0.976916 -2.90401e-17 10.5513 1.57691 -0.138438 0.966399 0.365723 -1.29193e-17 4.78644 0.715339 -1.09833 2.27229 -9.76572 -1.8116e-17 4.82109 0.421791 -1.76436 -9.53454 -4.68643 -2.00958e-17 4.83041 0.765062 1.01961 -19.2249 -0.223366 1.23299 -7.60731 7.53374 -3.17011 -1.19564 4.03265 12.9547 3.2495 -3.26872 -69.1775 10.1557 0.0169117 29.2081 0.0598081 0.137039 7.72632 -2.79435 -40.311 24.234 0.0496219 0.113701 0.683553 -7.34467 -0.740905 -1.23299 -7.60729 7.53365 9.02114 2.4797 -0.20101 -12.9547 3.2495 -3.26872 53.8247 -17.8205 -10.6581 -29.2081 0.0598081 0.137039 -2.50583 -0.253753 12.16 -24.234 0.0496218 0.113702 1.58381 -26.9882 5.66525 9.23673 -4.20556 2.0327 -0.877819 15.9045 -42.6709 -0.852353 -38.7721 -0.655187 -2.66827 9.9135 0.0579584 -2.32622 -40.4017 -6.04875 0.714117 -1.22589 15.192 0.779096 -9.8844 12.4959 -9.46028e-16 -8.40648e-16 5.79338e-17 -9.23673 -4.20556 2.0327 -12.9411 -50.3307 10.5089 0.852353 -38.7721 -0.655187 5.24462 19.0411 -0.544302 2.32622 -40.4017 -6.04875 14.1246 -5.79922 -13.7369 -0.779096 -9.8844 12.4959 -1.39149e-15 -5.34234e-16 -1.27098e-14 
9.03056 92.8164 39.8862 2.39944 -18.8756 27.5551 0 5.07867 -1.15138 -0.45779 1.19723 -1.45216 0 5.61661 1.07143 -0.02842 2.17835 -1.38479 -1.02604e-17 5.98978 0.11501 0.0724208 3.38078 -1.34514 -1.10457e-17 6.50583 -0.443523 0.302561 5.18454 -1.27519 -1.97295e-17 7.60548 -1.50593 0.0738586 5.97758 -1.27626 -2.53307e-17 9.49737 -0.914492 -0.276908 6.66719 -1.3677 -2.90401e-17 10.5513 1.57691 -0.16046 0.936468 0.311231 -1.29193e-17 4.78644 0.715339 -0.61915 2.26825 -8.47197 -1.8116e-17 4.82109 0.421791 -1.11272 -9.46994 -4.02583 -2.00958e-17 4.83041 0.765062 0.375086 -17.944 0.536115 1.23299 -7.60731 7.53374 -0.308651 -1.14916 5.64079 12.9547 3.2495 -3.26872 -66.0889 13.5144 5.69214 29.2081 0.0598081 0.137039 7.08681 -2.29389 -36.4262 24.234 0.0496219 0.113701 -2.37572 -17.4482 -0.721039 -1.23299 -7.60729 7.53365 8.57907 2.92829 -0.636757 -12.9547 3.2495 -3.26872 58.7164 -11.6998 -13.1978 -29.2081 0.0598081 0.137039 -2.12953 -0.181008 10.3137 -24.234 0.0496218 0.113702 0.703954 -34.3047 3.5157 9.23673 -4.20556 2.0327 -0.890229 17.3456 -42.581 -0.852353 -38.7721 -0.655187 -2.5986 9.65828 0.050573 -2.32622 -40.4017 -6.04875 1.10652 -3.50944 15.2981 0.779096 -9.8844 12.4959 4.07052e-16 -7.77223e-16 -5.49178e-18 -9.23673 -4.20556 2.0327 -11.2185 -43.0804 13.9226 0.852353 -38.7721 -0.655187 3.51903 13.0004 -0.173086 2.32622 -40.4017 -6.04875 14.9861 0.391019 -14.9483 -0.779096 -9.8844 12.4959 -9.78558e-16 -5.50364e-16 -1.27259e-14 
8.64339 92.1511 40.3647 3.38769 -19.0798 27.5509 0 5.07867 -1.15138 -1.49102 1.07284 -1.38367 0 5.61661 1.07143 -0.757299 2.07776 -1.49685 -1.02604e-17 5.98978 0.11501 -0.422433 3.23323 -1.47486 -1.10457e-17 6.50583 -0.443523 0.0470089 4.79387 -1.42868 -1.97295e-17 7.60548 -1.50593 0.0341918 5.57181 -1.41065 -2.53307e-17 9.49737 -0.914492 -0.0888155 6.23203 -1.57945 -2.90401e-17 10.5513 1.57691 -0.173645 0.870887 0.239105 -1.29193e-17 4.78644 0.715339 -0.0645051 2.50779 -7.34386 -1.8116e-17 4.82109 0.421791 -0.407614 -9.72143 -3.44284 -2.00958e-17 4.83041 0.765062 -0.126691 -17.2238 0.78381 1.23299 -7.60731 7.53374 3.5761 -0.711746 6.74375 12.9547 3.2495 -3.26872 -66.0747 17.9372 10.0877 29.2081 0.0598081 0.137039 5.95963 -1.56474 -29.9914 24.234 0.0496219 0.113701 -5.97471 -26.9437 -3.05207 -1.23299 -7.60729 7.53365 6.62769 3.19655 -1.30797 -12.9547 3.2495 -3.26872 65.9572 -3.52511 -15.4372 -29.2081 0.0598081 0.137039 -1.5545 -0.0938692 7.51105 -24.234 0.0496218 0.113702 -0.252821 -43.2395 1.80738 9.23673 -4.20556 2.0327 -1.14662 18.6627 -42.1288 -0.852353 -38.7721 -0.655187 -2.50575 9.31763 0.0412145 -2.32622 -40.4017 -6.04875 2.14134 -5.63882 15.2828 0.779096 -9.8844 12.4959 -8.73524e-16 -8.35637e-16 5.29222e-17 -9.23673 -4.20556 2.0327 -9.76851 -37.6385 17.8057 0.852353 -38.7721 -0.655187 2.2129 8.23976 -0.0153342 2.32622 -40.4017 -6.04875 15.5758 6.6017 -16.3199 -0.779096 -9.8844 12.4959 7.14953e-16 -6.18936e-16 -1.27945e-14 
8.2155 91.4775 40.8355 3.98584 -19.752 27.1191 0 5.07867 -1.15138 -2.19184 1.38852 -1.36648 0 5.61661 1.07143 -1.23835 2.28772 -1.58023 -1.02604e-17 5.98978 0.11501 -0.739844 3.27707 -1.57359 -1.10457e-17 6.50583 -0.443523 -0.100035 4.37204 -1.54935 -1.97295e-17 7.60548 -1.50593 0.0446273 5.01243 -1.52854 -2.53307e-17 9.49737 -0.914492 0.0756755 5.57215 -1.7879 -2.90401e-17 10.5513 1.57691 -0.187246 0.797722 0.183068 -1.29193e-17 4.78644 0.715339 0.281774 2.14287 -6.27786 -1.8116e-17 4.82109 0.421791 -0.076109 -9.78781 -2.9116 -2.00958e-17 4.83041 0.765062 -0.328555 -16.6044 1.05723 1.23299 -7.60731 7.53374 7.03143 0.447646 6.83086 12.9547 3.2495 -3.26872 -68.5739 22.4461 14.9248 29.2081 0.0598081 0.137039 4.95422 -1.05288 -24.5745 24.234 0.0496219 0.113701 -10.354 -37.0616 -6.15179 -1.23299 -7.60729 7.53365 4.55416 3.71533 -1.56481 -12.9547 3.2495 -3.26872 73.2831 4.65912 -18.6529 -29.2081 0.0598081 0.137039 -1.15079 -0.0497507 5.55366 -24.234 0.0496218 0.113702 0.166409 -53.2684 0.727721 9.23673 -4.20556 2.0327 -1.07101 20.0681 -41.1821 -0.852353 -38.7721 -0.655187 -2.52599 9.39193 0.043207 -2.32622 -40.4017 -6.04875 3.49757 -7.76448 15.2708 0.779096 -9.8844 12.4959 -6.51692e-16 -8.22252e-16 3.95379e-17 -9.23673 -4.20556 2.0327 -8.00996 -33.2929 21.1248 0.852353 -38.7721 -0.655187 1.37887 5.14703 0.0279185 2.32622 -40.4017 -6.04875 16.4337 11.6944 -17.5655 -0.779096 -9.8844 12.4959 1.36076e-15 -6.47836e-16 -1.28234e-14 
7.85521 90.7995 41.3515 4.44238 -20.7504 26.9875 0 5.07867 -1.15138 -2.66461 1.39589 -1.45044 0 5.61661 1.07143 -1.54487 2.36446 -1.69541 -1.02604e-17 5.98978 0.11501 -0.928032 3.3434 -1.70148 -1.10457e-17 6.50583 -0.443523 -0.153125 4.26193 -1.69308 -1.97295e-17 7.60548 -1.50593 0.106363 4.93351 -1.68413 -2.53307e-17 9.49737 -0.914492 0.223908 5.43111 -2.0538 -2.90401e-17 10.5513 1.57691 -0.188299 0.697769 0.13091 -1.29193e-17 4.78644 0.715339 0.573816 1.7148 -5.17908 -1.8116e-17 4.82109 0.421791 -0.0355461 -10.0037 -2.3806 -2.00958e-17 4.83041 0.765062 -0.486648 -16.529 1.02105 1.23299 -7.60731 7.53374 9.92475 1.62724 6.38727 12.9547 3.2495 -3.26872 -73.2621 27.2987 19.7653 29.2081 0.0598081 0.137039 4.13132 -0.718059 -20.3038 24.234 0.0496219 0.113701 -15.8335 -48.4308 -10.0356 -1.23299 -7.60729 7.53365 2.46497 3.9363 -1.672 -12.9547 3.2495 -3.26872 81.4926 12.8266 -22.264 -29.2081 0.0598081 0.137039 -0.922149 -0.0309352 4.44782 -24.234 0.0496218 0.113702 0.118827 -64.5633 -0.700349 9.23673 -4.20556 2.0327 -0.818843 21.4373 -40.0598 -0.852353 -38.7721 -0.655187 -2.70486 10.0474 0.0619621 -2.32622 -40.4017 -6.04875 5.02366 -9.95719 15.3324 0.779096 -9.8844 12.4959 7.16753e-16 -7.64319e-16 -1.8396e-17 -9.23673 -4.20556 2.0327 -6.55248 -29.2975 22.2873 0.852353 -38.7721 -0.655187 0.947935 3.54017 0.0325142 2.32622 -40.4017 -6.04875 16.0586 14.3319 -18.0753 -0.779096 -9.8844 12.4959 -1.92303e-15 -5.07945e-16 -1.26835e-14 
7.56168 90.0392 41.9548 4.72433 -21.3997 27.038 0 5.07867 -1.15138 -2.98284 1.12183 -1.60467 0 5.61661 1.07143 -1.73701 2.26615 -1.85633 -1.02604e-17 5.98978 0.11501 -1.03196 3.30794 -1.8738 -1.10457e-17 6.50583 -0.443523 -0.149019 4.20041 -1.87927 -1.97295e-17 7.60548 -1.50593 0.191828 5.00364 -1.89047 -2.53307e-17 9.49737 -0.914492 0.344798 5.4935 -2.37917 -2.90401e-17 10.5513 1.57691 -0.184334 0.626951 0.0888239 -1.29193e-17 4.78644 0.715339 0.811541 0.961617 -4.14597 -1.8116e-17 4.82109 0.421791 -0.114276 -10.1377 -1.88758 -2.00958e-17 4.83041 0.765062 -0.764324 -16.5614 0.995954 1.23299 -7.60731 7.53374 11.6637 2.75517 5.75971 12.9547 3.2495 -3.26872 -78.8135 31.1338 24.7029 29.2081 0.0598081 0.137039 3.5266 -0.516044 -17.2365 24.234 0.0496219 0.113701 -23.7309 -59.9775 -15.6301 -1.23299 -7.60729 7.53365 1.16207 4.06331 -1.61604 -12.9547 3.2495 -3.26872 88.6912 18.9195 -25.8803 -29.2081 0.0598081 0.137039 -0.850624 -0.0259629 4.1022 -24.234 0.0496218 0.113702 -1.73778 -74.4547 -3.58894 9.23673 -4.20556 2.0327 -0.628204 22.2837 -38.9137 -0.852353 -38.7721 -0.655187 -2.98979 11.0869 0.0960652 -2.32622 -40.4017 -6.04875 6.69256 -12.4523 15.5306 0.779096 -9.8844 12.4959 3.19184e-16 -7.85941e-16 3.22605e-18 -9.23673 -4.20556 2.0327 -5.75972 -25.7031 21.1371 0.852353 -38.7721 -0.655187 0.744057 2.77888 0.0304648 2.32622 -40.4017 -6.04875 15.0068 14.0982 -17.7625 -0.779096 -9.8844 12.4959 -1.16534e-15 -5.42742e-16 -1.27183e-14 
7.1404 89.1445 42.711 4.4986 -21.1008 25.3061 0 5.07867 -1.15138 -3.25 0.447052 -1.66824 0 5.61661 1.07143 -1.93341 1.85127 -1.95603 -1.02604e-17 5.98978 0.11501 -1.15831 3.03627 -1.97951 -1.10457e-17 6.50583 -0.443523 -0.186506 4.10409 -2.00414 -1.97295e-17 7.60548 -1.50593 0.229998 5.14133 -2.0252 -2.53307e-17 9.49737 -0.914492 0.421722 5.69379 -2.60872 -2.90401e-17 10.5513 1.57691 -0.17793 0.553928 0.0441124 -1.29193e-17 4.78644 0.715339 1.03187 -0.179594 -2.79359 -1.8116e-17 4.82109 0.421791 -0.118131 -10.3376 -1.26093 -2.00958e-17 4.83041 0.765062 -0.998035 -16.5877 1.56687 1.23299 -7.60731 7.53374 12.4262 3.63483 5.37213 12.9547 3.2495 -3.26872 -84.2586 33.3757 29.5988 29.2081 0.0598081 0.137039 3.04012 -0.379092 -14.8038 24.234 0.0496219 0.113701 -38.2473 -71.1025 -27.4208 -1.23299 -7.60729 7.53365 0.633048 4.04913 -1.66044 -12.9547 3.2495 -3.26872 92.7853 22.2956 -27.9066 -29.2081 0.0598081 0.137039 -0.824153 -0.0242349 3.97432 -24.234 0.0496218 0.113702 -5.83775 -80.2866 -8.21569 9.23673 -4.20556 2.0327 -0.981981 22.261 -37.0541 -0.852353 -38.7721 -0.655187 -3.29123 12.1797 0.137766 -2.32622 -40.4017 -6.04875 8.59148 -15.1217 15.8513 0.779096 -9.8844 12.4959 -1.81617e-16 -8.04817e-16 2.21021e-17 -9.23673 -4.20556 2.0327 -4.51237 -23.6384 20.4535 0.852353 -38.7721 -0.655187 0.774174 2.89137 0.0309383 2.32622 -40.4017 -6.04875 13.4155 12.4009 -17.0275 -0.779096 -9.8844 12.4959 5.96693e-15 -8.46967e-16 -1.30225e-14 
6.63584 88.2489 43.4891 4.66171 -20.2682 22.4596 0 5.07867 -1.15138 -3.51454 -0.262884 -1.6513 0 5.61661 1.07143 -2.18723 1.34332 -2.01486 -1.02604e-17 5.98978 0.11501 -1.36165 2.64256 -2.04371 -1.10457e-17 6.50583 -0.443523 -0.321412 3.91705 -2.09236 -1.97295e-17 7.60548 -1.50593 0.156468 5.1505 -2.10932 -2.53307e-17 9.49737 -0.914492 0.381111 5.79779 -2.72484 -2.90401e-17 10.5513 1.57691 -0.177493 0.488384 0.00412153 -1.29193e-17 4.78644 0.715339 1.137 -1.81726 -1.53221 -1.8116e-17 4.82109 0.421791 -0.307667 -10.3046 -0.694021 -2.00958e-17 4.83041 0.765062 -0.784408 -16.1564 2.87885 1.23299 -7.60731 7.53374 11.8337 4.20243 5.10812 12.9547 3.2495 -3.26872 -88.5634 34.1288 33.912 29.2081 0.0598081 0.137039 2.72569 -0.302284 -13.2453 24.234 0.0496219 0.113701 -71.2676 -79.816 -57.5291 -1.23299 -7.60729 7.53365 0.627862 4.10071 -1.58209 -12.9547 3.2495 -3.26872 92.2256 22.8853 -28.4533 -29.2081 0.0598081 0.137039 -0.870405 -0.0273042 4.19775 -24.234 0.0496218 0.113702 -2.70225 -81.5303 -5.95041 9.23673 -4.20556 2.0327 -2.26126 22.0144 -34.2852 -0.852353 -38.7721 -0.655187 -3.52076 13.0066 0.173366 -2.32622 -40.4017 -6.04875 10.2159 -17.1644 16.1806 0.779096 -9.8844 12.4959 -4.60604e-16 -8.19507e-16 3.67926e-17 -9.23673 -4.20556 2.0327 -3.52591 -22.3111 21.1373 0.852353 -38.7721 -0.655187 0.990782 3.7001 0.0325999 2.32622 -40.4017 -6.04875 11.9189 9.606 -16.2724 -0.779096 -9.8844 12.4959 -1.18503e-15 -5.40686e-16 -1.27195e-14 
6.17954 87.4363 44.1782 5.02352 -19.1133 19.4439 0 5.07867 -1.15138 -3.65702 -0.95202 -1.55689 0 5.61661 1.07143 -2.36524 0.798276 -1.99379 -1.02604e-17 5.98978 0.11501 -1.52205 2.19017 -2.02369 -1.10457e-17 6.50583 -0.443523 -0.462537 3.67405 -2.08958 -1.97295e-17 7.60548 -1.50593 0.0454662 5.05107 -2.09732 -2.53307e-17 9.49737 -0.914492 0.283782 5.78693 -2.7015 -2.90401e-17 10.5513 1.57691 -0.182147 0.44538 -0.024728 -1.29193e-17 4.78644 0.715339 1.13209 -3.21331 -0.536823 -1.8116e-17 4.82109 0.421791 -0.673283 -10.3406 -0.266026 -2.00958e-17 4.83041 0.765062 -0.503353 -15.4061 3.80833 1.23299 -7.60731 7.53374 10.9259 4.32749 5.18871 12.9547 3.2495 -3.26872 -92.3211 34.5779 36.7804 29.2081 0.0598081 0.137039 2.53379 -0.259829 -12.2988 24.234 0.0496219 0.113701 -134.729 -81.1311 -118.886 -1.23299 -7.60729 7.53365 0.784422 4.11221 -1.59965 -12.9547 3.2495 -3.26872 91.0254 23.2204 -27.893 -29.2081 0.0598081 0.137039 -0.877154 -0.0277698 4.23037 -24.234 0.0496218 0.113702 5.01567 -81.5818 2.09219 9.23673 -4.20556 2.0327 -3.82031 21.5817 -31.434 -0.852353 -38.7721 -0.655187 -3.62708 13.388 0.190977 -2.32622 -40.4017 -6.04875 11.6181 -18.7467 16.4857 0.779096 -9.8844 12.4959 9.50191e-18 -7.98844e-16 1.61295e-17 -9.23673 -4.20556 2.0327 -2.98089 -21.172 22.0947 0.852353 -38.7721 -0.655187 1.15278 4.30447 0.0318409 2.32622 -40.4017 -6.04875 10.0893 6.43476 -15.6347 -0.779096 -9.8844 12.4959 -5.96354e-16 -5.59082e-16 -1.27471e-14 
5.8137 86.7927 44.7007 5.22633 -18.3524 16.4666 0 5.07867 -1.15138 -3.51479 -1.22197 -1.38912 0 5.61661 1.07143 -2.31039 0.506045 -1.87382 -1.02604e-17 5.98978 0.11501 -1.51241 1.85395 -1.90545 -1.10457e-17 6.50583 -0.443523 -0.519788 3.27798 -1.98212 -1.97295e-17 7.60548 -1.50593 -0.0376428 4.6014 -1.98801 -2.53307e-17 9.49737 -0.914492 0.16728 5.31638 -2.53499 -2.90401e-17 10.5513 1.57691 -0.195558 0.460787 -0.038325 -1.29193e-17 4.78644 0.715339 1.03695 -4.24927 -0.0297111 -1.8116e-17 4.82109 0.421791 -1.11709 -10.2326 -0.0650433 -2.00958e-17 4.83041 0.765062 -0.305969 -14.1248 4.53487 1.23299 -7.60731 7.53374 9.90877 4.24915 5.42302 12.9547 3.2495 -3.26872 -94.9601 34.0217 37.9877 29.2081 0.0598081 0.137039 2.44491 -0.24129 -11.8615 24.234 0.0496219 0.113701 -168.75 -77.5072 -152.142 -1.23299 -7.60729 7.53365 0.514555 4.15016 -1.82013 -12.9547 3.2495 -3.26872 89.939 22.9938 -26.8355 -29.2081 0.0598081 0.137039 -0.906863 -0.0298533 4.37392 -24.234 0.0496218 0.113702 12.2199 -79.7304 10.3963 9.23673 -4.20556 2.0327 -5.03718 21.4859 -29.0161 -0.852353 -38.7721 -0.655187 -3.60351 13.3035 0.187012 -2.32622 -40.4017 -6.04875 12.8591 -19.9123 16.7437 0.779096 -9.8844 12.4959 -1.06463e-15 -8.41609e-16 5.88943e-17 -9.23673 -4.20556 2.0327 -2.49954 -19.527 22.8342 0.852353 -38.7721 -0.655187 1.11993 4.18197 0.0321332 2.32622 -40.4017 -6.04875 8.27773 3.83358 -15.2288 -0.779096 -9.8844 12.4959 -4.93125e-16 -5.65534e-16 -1.27503e-14 
5.56068 86.2958 45.0792 5.24526 -17.7594 13.7938 0 5.07867 -1.15138 -3.23516 -1.16484 -1.2235 0 5.61661 1.07143 -2.12762 0.414175 -1.73428 -1.02604e-17 5.98978 0.11501 -1.40603 1.61077 -1.77299 -1.10457e-17 6.50583 -0.443523 -0.514623 2.7627 -1.8608 -1.97295e-17 7.60548 -1.50593 -0.088485 3.91204 -1.87303 -2.53307e-17 9.49737 -0.914492 0.0588673 4.48609 -2.34942 -2.90401e-17 10.5513 1.57691 -0.210615 0.500639 -0.0622197 -1.29193e-17 4.78644 0.715339 0.996683 -4.42287 0.31266 -1.8116e-17 4.82109 0.421791 -1.54008 -10.0584 0.0633724 -2.00958e-17 4.83041 0.765062 -0.273975 -12.9518 5.03718 1.23299 -7.60731 7.53374 9.47839 4.17187 5.64634 12.9547 3.2495 -3.26872 -97.1618 32.9666 38.0177 29.2081 0.0598081 0.137039 2.40743 -0.233682 -11.6773 24.234 0.0496219 0.113701 177.497 -74.7163 -166.767 -1.23299 -7.60729 7.53365 -0.995203 4.00798 -2.38124 -12.9547 3.2495 -3.26872 90.9008 22.7096 -25.69 -29.2081 0.0598081 0.137039 -1.03673 -0.0398321 5.00172 -24.234 0.0496218 0.113702 12.6253 -76.5266 12.9024 9.23673 -4.20556 2.0327 -5.93812 21.4929 -27.1068 -0.852353 -38.7721 -0.655187 -3.50964 12.9666 0.171566 -2.32622 -40.4017 -6.04875 13.9603 -20.735 16.9644 0.779096 -9.8844 12.4959 -7.70291e-16 -8.32411e-16 4.96962e-17 -9.23673 -4.20556 2.0327 -2.24119 -17.6994 23.4398 0.852353 -38.7721 -0.655187 0.957468 3.57576 0.0325436 2.32622 -40.4017 -6.04875 6.70929 1.73409 -14.9579 -0.779096 -9.8844 12.4959 2.14131e-16 -6.00059e-16 -1.27788e-14 
5.40904 85.8919 45.4034 5.23321 -16.8847 11.7651 0 5.07867 -1.15138 -2.92907 -0.828193 -1.08301 0 5.61661 1.07143 -1.91568 0.468139 -1.60026 -1.02604e-17 5.98978 0.11501 -1.28458 1.37322 -1.65317 -1.10457e-17 6.50583 -0.443523 -0.503975 1.99795 -1.75539 -1.97295e-17 7.60548 -1.50593 -0.148003 2.87828 -1.77416 -2.53307e-17 9.49737 -0.914492 -0.0694826 3.16111 -2.16709 -2.90401e-17 10.5513 1.57691 -0.223853 0.567041 -0.104303 -1.29193e-17 4.78644 0.715339 1.04146 -3.72749 0.460869 -1.8116e-17 4.82109 0.421791 -1.93351 -9.77251 0.112942 -2.00958e-17 4.83041 0.765062 -0.35558 -11.896 5.28484 1.23299 -7.60731 7.53374 9.78365 4.27302 5.70352 12.9547 3.2495 -3.26872 -98.9161 31.4394 37.2421 29.2081 0.0598081 0.137039 2.38423 -0.229033 -11.5633 24.234 0.0496219 0.113701 171.338 -74.993 -175.125 -1.23299 -7.60729 7.53365 -4.62556 3.8527 -3.36632 -12.9547 3.2495 -3.26872 94.9986 22.4894 -25.3698 -29.2081 0.0598081 0.137039 -1.35619 -0.070484 6.54854 -24.234 0.0496218 0.113702 9.67408 -72.4262 12.5502 9.23673 -4.20556 2.0327 -6.6585 21.1798 -25.7894 -0.852353 -38.7721 -0.655187 -3.38988 12.5357 0.152662 -2.32622 -40.4017 -6.04875 14.8135 -21.4902 17.1885 0.779096 -9.8844 12.4959 -8.73519e-16 -8.35637e-16 5.29221e-17 -9.23673 -4.20556 2.0327 -2.44115 -16.3276 23.622 0.852353 -38.7721 -0.655187 0.834088 3.11512 0.0317042 2.32622 -40.4017 -6.04875 5.20153 -0.155514 -14.7772 -0.779096 -9.8844 12.4959 4.62433e-16 -6.07339e-16 -1.27921e-14 
5.2834 85.5845 45.6776 5.19307 -15.8217 10.0932 0 5.07867 -1.15138 -2.50376 -0.221144 -0.956647 0 5.61661 1.07143 -1.61318 0.672415 -1.44437 -1.02604e-17 5.98978 0.11501 -1.10686 1.18042 -1.5068 -1.10457e-17 6.50583 -0.443523 -0.468586 1.10429 -1.61728 -1.97295e-17 7.60548 -1.50593 -0.208435 1.66389 -1.6457 -2.53307e-17 9.49737 -0.914492 -0.211 1.57007 -1.93972 -2.90401e-17 10.5513 1.57691 -0.2321 0.667527 -0.142207 -1.29193e-17 4.78644 0.715339 1.16746 -3.07737 0.759463 -1.8116e-17 4.82109 0.421791 -2.24257 -9.28879 0.230276 -2.00958e-17 4.83041 0.765062 -0.953071 -10.8919 4.96477 1.23299 -7.60731 7.53374 9.50556 4.39289 5.4363 12.9547 3.2495 -3.26872 -98.5068 28.7209 35.4127 29.2081 0.0598081 0.137039 2.45352 -0.243046 -11.9038 24.234 0.0496219 0.113701 165.276 -79.4693 175.956 -1.23299 -7.60729 7.53365 -8.77667 4.0206 -4.20027 -12.9547 3.2495 -3.26872 98.483 21.8157 -25.5471 -29.2081 0.0598081 0.137039 -1.99072 -0.15737 9.63504 -24.234 0.0496218 0.113702 7.5904 -67.2573 11.8603 9.23673 -4.20556 2.0327 -7.24441 20.4459 -25.1072 -0.852353 -38.7721 -0.655187 -3.35207 12.3993 0.14688 -2.32622 -40.4017 -6.04875 15.2166 -22.1973 17.3818 0.779096 -9.8844 12.4959 -5.48487e-16 -8.19028e-16 3.6313e-17 -9.23673 -4.20556 2.0327 -2.86131 -15.6137 23.4157 0.852353 -38.7721 -0.655187 0.902514 3.37061 0.0322925 2.32622 -40.4017 -6.04875 4.15642 -1.77017 -14.6703 -0.779096 -9.8844 12.4959 -1.77372e-15 -5.13091e-16 -1.26919e-14 
5.1451 85.41 45.8263 4.91131 -14.884 8.46538 0 5.07867 -1.15138 -1.97443 0.395589 -0.826015 0 5.61661 1.07143 -1.23324 0.890794 -1.24426 -1.02604e-17 5.98978 0.11501 -0.87441 1.06397 -1.30243 -1.10457e-17 6.50583 -0.443523 -0.397424 0.394083 -1.40777 -1.97295e-17 7.60548 -1.50593 -0.240796 0.723988 -1.44847 -2.53307e-17 9.49737 -0.914492 -0.311292 0.325451 -1.65176 -2.90401e-17 10.5513 1.57691 -0.236494 0.754924 -0.167203 -1.29193e-17 4.78644 0.715339 1.23404 -2.55352 0.80566 -1.8116e-17 4.82109 0.421791 -2.50628 -8.85655 0.22354 -2.00958e-17 4.83041 0.765062 -1.49201 -10.3937 4.78808 1.23299 -7.60731 7.53374 8.32372 4.27242 4.83097 12.9547 3.2495 -3.26872 -95.6319 25.0022 32.232 29.2081 0.0598081 0.137039 2.60131 -0.274376 -12.6315 24.234 0.0496219 0.113701 129.258 -86.6381 137.14 -1.23299 -7.60729 7.53365 -11.9455 4.24681 -4.67387 -12.9547 3.2495 -3.26872 100.358 21.5108 -25.2696 -29.2081 0.0598081 0.137039 -2.95809 -0.358056 14.3948 -24.234 0.0496218 0.113702 4.90995 -62.2675 9.29763 9.23673 -4.20556 2.0327 -7.52479 19.3249 -24.6424 -0.852353 -38.7721 -0.655187 -3.50498 12.9499 0.170814 -2.32622 -40.4017 -6.04875 15.1616 -22.8187 17.5035 0.779096 -9.8844 12.4959 1.7337e-15 -7.22861e-16 -5.98534e-17 -9.23673 -4.20556 2.0327 -3.01656 -15.7286 23.8202 0.852353 -38.7721 -0.655187 1.37185 5.12088 0.0280905 2.32622 -40.4017 -6.04875 3.76154 -2.86732 -14.5955 -0.779096 -9.8844 12.4959 -3.89896e-16 -5.6876e-16 -1.27535e-14 
5.0139 85.3807 45.8149 4.45447 -14.2685 7.03456 0 5.07867 -1.15138 -1.44447 0.915663 -0.708857 0 5.61661 1.07143 -0.8477 1.08252 -1.04239 -1.02604e-17 5.98978 0.11501 -0.629167 1.02565 -1.08732 -1.10457e-17 6.50583 -0.443523 -0.302761 -0.061551 -1.18 -1.97295e-17 7.60548 -1.50593 -0.240645 0.139468 -1.23108 -2.53307e-17 9.49737 -0.914492 -0.363753 -0.452227 -1.36984 -2.90401e-17 10.5513 1.57691 -0.24415 0.811379 -0.177595 -1.29193e-17 4.78644 0.715339 1.17233 -2.15047 0.602902 -1.8116e-17 4.82109 0.421791 -2.73269 -8.54282 0.0895372 -2.00958e-17 4.83041 0.765062 -1.6704 -10.2541 4.84933 1.23299 -7.60731 7.53374 6.72358 3.98129 4.09734 12.9547 3.2495 -3.26872 -91.4002 20.1533 27.9239 29.2081 0.0598081 0.137039 2.80131 -0.319916 -13.6192 24.234 0.0496219 0.113701 17.7042 -80.9805 23.0714 -1.23299 -7.60729 7.53365 -13.4371 4.29976 -4.86201 -12.9547 3.2495 -3.26872 100.357 20.6249 -23.91 -29.2081 0.0598081 0.137039 -4.112 -0.710927 20.2034 -24.234 0.0496218 0.113702 0.954728 -56.3244 4.50635 9.23673 -4.20556 2.0327 -7.52346 18.0341 -24.1561 -0.852353 -38.7721 -0.655187 -3.83322 14.1244 0.227131 -2.32622 -40.4017 -6.04875 14.6358 -23.2577 17.5403 0.779096 -9.8844 12.4959 2.27634e-15 -6.97185e-16 -8.55296e-17 -9.23673 -4.20556 2.0327 -2.85902 -16.4189 25.3425 0.852353 -38.7721 -0.655187 2.25776 8.40522 -0.0189401 2.32622 -40.4017 -6.04875 4.15104 -3.34137 -14.5275 -0.779096 -9.8844 12.4959 1.98785e-16 -5.96354e-16 -1.27719e-14 
4.85845 85.4919 45.7614 4.0035 -14.0281 5.79449 0 5.07867 -1.15138 -1.03251 1.17057 -0.615622 0 5.61661 1.07143 -0.545337 1.14627 -0.88148 -1.02604e-17 5.98978 0.11501 -0.429024 0.993839 -0.911225 -1.10457e-17 6.50583 -0.443523 -0.209311 -0.276404 -0.990057 -1.97295e-17 7.60548 -1.50593 -0.210742 -0.104 -1.04326 -2.53307e-17 9.49737 -0.914492 -0.361357 -0.780399 -1.15528 -2.90401e-17 10.5513 1.57691 -0.255893 0.831835 -0.182317 -1.29193e-17 4.78644 0.715339 1.07367 -1.6926 0.576053 -1.8116e-17 4.82109 0.421791 -2.81152 -8.2271 0.0310688 -2.00958e-17 4.83041 0.765062 -1.74764 -10.2934 4.80692 1.23299 -7.60731 7.53374 5.26166 3.59179 3.38554 12.9547 3.2495 -3.26872 -87.1971 14.8975 23.1887 29.2081 0.0598081 0.137039 2.92574 -0.350087 -14.2357 24.234 0.0496219 0.113701 7.8346 -69.5444 11.1457 -1.23299 -7.60729 7.53365 -13.3868 4.09263 -4.83938 -12.9547 3.2495 -3.26872 99.3169 18.8956 -21.388 -29.2081 0.0598081 0.137039 -5.13159 -1.13451 25.5109 -24.234 0.0496218 0.113702 -2.8692 -48.5072 -0.396498 9.23673 -4.20556 2.0327 -7.37897 17.075 -23.6393 -0.852353 -38.7721 -0.655187 -4.15418 15.2624 0.288655 -2.32622 -40.4017 -6.04875 13.7778 -23.2823 17.4668 0.779096 -9.8844 12.4959 -8.88866e-16 -8.30144e-16 4.74294e-17 -9.23673 -4.20556 2.0327 -2.39435 -17.1427 28.0148 0.852353 -38.7721 -0.655187 3.38796 12.5287 -0.152365 2.32622 -40.4017 -6.04875 4.94963 -3.16343 -14.5145 -0.779096 -9.8844 12.4959 4.05242e-16 -6.06032e-16 -1.27816e-14 
4.60796 85.6069 45.8251 3.42418 -13.2355 4.1559 0 5.07867 -1.15138 -0.730136 0.892954 -0.542689 0 5.61661 1.07143 -0.319111 0.885161 -0.770003 -1.02604e-17 5.98978 0.11501 -0.267231 0.804078 -0.785601 -1.10457e-17 6.50583 -0.443523 -0.112388 -0.326366 -0.853994 -1.97295e-17 7.60548 -1.50593 -0.152857 -0.0557898 -0.904437 -2.53307e-17 9.49737 -0.914492 -0.31713 -0.717362 -1.02176 -2.90401e-17 10.5513 1.57691 -0.272582 0.807933 -0.194928 -1.29193e-17 4.78644 0.715339 1.02029 -1.12854 1.11043 -1.8116e-17 4.82109 0.421791 -2.61617 -7.94244 0.238859 -2.00958e-17 4.83041 0.765062 -1.93024 -10.5842 4.62115 1.23299 -7.60731 7.53374 4.11953 3.06707 2.88533 12.9547 3.2495 -3.26872 -83.6245 9.42507 18.452 29.2081 0.0598081 0.137039 2.92407 -0.349671 -14.2274 24.234 0.0496219 0.113701 4.1042 -58.2176 5.57322 -1.23299 -7.60729 7.53365 -12.3351 3.59101 -4.91931 -12.9547 3.2495 -3.26872 98.4996 16.4161 -17.6711 -29.2081 0.0598081 0.137039 -5.72053 -1.43192 28.6781 -24.234 0.0496218 0.113702 -5.35083 -38.0896 -2.88684 9.23673 -4.20556 2.0327 -7.12134 15.7694 -22.7066 -0.852353 -38.7721 -0.655187 -4.40903 16.1581 0.342006 -2.32622 -40.4017 -6.04875 12.9608 -23.3285 17.4187 0.779096 -9.8844 12.4959 -1.94765e-15 -8.78402e-16 9.56869e-17 -9.23673 -4.20556 2.0327 -1.42877 -18.194 31.9182 0.852353 -38.7721 -0.655187 4.42936 16.2292 -0.346432 2.32622 -40.4017 -6.04875 5.87887 -2.9905 -14.5285 -0.779096 -9.8844 12.4959 4.77779e-16 -6.11045e-16 -1.27866e-14 
4.35686 85.6787 46.0552 2.93603 -12.2646 2.53423 0 5.07867 -1.15138 -0.435331 0.581861 -0.533513 0 5.61661 1.07143 -0.0844873 0.598084 -0.735945 -1.02604e-17 5.98978 0.11501 -0.0909305 0.561791 -0.7343 -1.10457e-17 6.50583 -0.443523 0.00497797 -0.431853 -0.793667 -1.97295e-17 7.60548 -1.50593 -0.0880893 -0.129831 -0.848102 -2.53307e-17 9.49737 -0.914492 -0.279299 -0.799898 -0.95814 -2.90401e-17 10.5513 1.57691 -0.284162 0.784503 -0.200474 -1.29193e-17 4.78644 0.715339 1.05788 -1.16224 2.10673 -1.8116e-17 4.82109 0.421791 -2.36967 -7.27881 0.672549 -2.00958e-17 4.83041 0.765062 -2.33437 -10.2744 4.27938 1.23299 -7.60731 7.53374 2.45546 2.71661 2.06718 12.9547 3.2495 -3.26872 -80.1248 3.92313 13.9649 29.2081 0.0598081 0.137039 2.87254 -0.33701 -13.972 24.234 0.0496219 0.113701 2.20106 -47.7936 2.12883 -1.23299 -7.60729 7.53365 -11.1266 3.23613 -4.65826 -12.9547 3.2495 -3.26872 96.7546 13.4982 -13.977 -29.2081 0.0598081 0.137039 -5.93985 -1.55337 29.8807 -24.234 0.0496218 0.113702 -4.90634 -26.8651 -2.36793 9.23673 -4.20556 2.0327 -6.8949 14.4343 -21.6145 -0.852353 -38.7721 -0.655187 -4.64929 16.9957 0.395907 -2.32622 -40.4017 -6.04875 12.3265 -23.3297 17.4004 0.779096 -9.8844 12.4959 -8.73519e-16 -8.35637e-16 5.29221e-17 -9.23673 -4.20556 2.0327 -0.817884 -18.2861 35.3793 0.852353 -38.7721 -0.655187 4.73019 17.2763 -0.414838 2.32622 -40.4017 -6.04875 6.42386 -4.01755 -14.5007 -0.779096 -9.8844 12.4959 -8.90694e-16 -5.49884e-16 -1.27287e-14 
4.1433 85.7909 46.5292 2.57859 -11.4771 1.1108 0 5.07867 -1.15138 -0.288528 0.166157 -0.545567 0 5.61661 1.07143 0.0369053 0.259629 -0.750835 -1.02604e-17 5.98978 0.11501 0.00678066 0.306211 -0.737051 -1.10457e-17 6.50583 -0.443523 0.0736916 -0.503893 -0.788146 -1.97295e-17 7.60548 -1.50593 -0.0486432 -0.159465 -0.842404 -2.53307e-17 9.49737 -0.914492 -0.249022 -0.79001 -0.940404 -2.90401e-17 10.5513 1.57691 -0.298139 0.766408 -0.214017 -1.29193e-17 4.78644 0.715339 1.18418 -1.41505 3.08825 -1.8116e-17 4.82109 0.421791 -2.12067 -6.69544 1.12169 -2.00958e-17 4.83041 0.765062 -2.4424 -9.42612 4.06106 1.23299 -7.60731 7.53374 0.319327 2.48276 0.941384 12.9547 3.2495 -3.26872 -76.5454 -1.00641 9.83978 29.2081 0.0598081 0.137039 2.80686 -0.321228 -13.6467 24.234 0.0496219 0.113701 1.36609 -38.9534 -0.377907 -1.23299 -7.60729 7.53365 -10.0127 2.94064 -4.35523 -12.9547 3.2495 -3.26872 96.3828 11.8983 -10.7485 -29.2081 0.0598081 0.137039 -6.01554 -1.59669 30.299 -24.234 0.0496218 0.113702 -5.23004 -16.4313 -1.33195 9.23673 -4.20556 2.0327 -6.70374 13.5756 -20.6735 -0.852353 -38.7721 -0.655187 -4.8075 17.5436 0.433293 -2.32622 -40.4017 -6.04875 11.901 -22.9785 17.3164 0.779096 -9.8844 12.4959 -9.61405e-16 -8.35157e-16 5.24426e-17 -9.23673 -4.20556 2.0327 -0.605893 -17.3063 37.8161 0.852353 -38.7721 -0.655187 4.15674 15.2714 -0.289172 2.32622 -40.4017 -6.04875 5.81557 -5.34924 -14.5258 -0.779096 -9.8844 12.4959 -9.06037e-16 -5.46178e-16 -1.27342e-14 
4.07817 85.888 47.171 2.37541 -10.6601 0.435609 0 5.07867 -1.15138 -0.297323 -0.265615 -0.636693 0 5.61661 1.07143 0.0502433 -0.0743315 -0.867574 -1.02604e-17 5.98978 0.11501 0.0253911 0.0487419 -0.854861 -1.10457e-17 6.50583 -0.443523 0.0947187 -0.595814 -0.903981 -1.97295e-17 7.60548 -1.50593 -0.050924 -0.198618 -0.957262 -2.53307e-17 9.49737 -0.914492 -0.274815 -0.816601 -1.02647 -2.90401e-17 10.5513 1.57691 -0.316402 0.764831 -0.246992 -1.29193e-17 4.78644 0.715339 1.3756 -1.14769 3.76387 -1.8116e-17 4.82109 0.421791 -1.87987 -6.35431 1.44499 -2.00958e-17 4.83041 0.765062 -2.25182 -8.77502 4.17508 1.23299 -7.60731 7.53374 -1.55786 2.28124 -0.186055 12.9547 3.2495 -3.26872 -73.5581 -5.39687 6.154 29.2081 0.0598081 0.137039 2.87236 -0.336966 -13.9711 24.234 0.0496219 0.113701 1.37438 -31.4043 -2.03668 -1.23299 -7.60729 7.53365 -10.745 2.62801 -4.41999 -12.9547 3.2495 -3.26872 98.3211 11.7344 -8.54679 -29.2081 0.0598081 0.137039 -6.24555 -1.73289 31.5805 -24.234 0.0496218 0.113702 -5.73443 -6.9025 -0.75505 9.23673 -4.20556 2.0327 -6.5751 12.8258 -20.1945 -0.852353 -38.7721 -0.655187 -4.94081 18.0029 0.465953 -2.32622 -40.4017 -6.04875 11.5824 -22.6047 17.2434 0.779096 -9.8844 12.4959 2.46624e-16 -7.81757e-16 -9.57951e-19 -9.23673 -4.20556 2.0327 -0.397914 -16.3575 39.0128 0.852353 -38.7721 -0.655187 3.27317 12.1144 -0.135106 2.32622 -40.4017 -6.04875 4.80775 -5.21461 -14.6816 -0.779096 -9.8844 12.4959 -2.09873e-15 -4.96483e-16 -1.26812e-14 
4.08531 86.0728 47.7458 2.25801 -9.87117 1.0331 0 5.07867 -1.15138 -0.403651 -0.549633 -0.87943 0 5.61661 1.07143 0.00550827 -0.310539 -1.15072 -1.02604e-17 5.98978 0.11501 0.00509476 -0.157219 -1.14802 -1.10457e-17 6.50583 -0.443523 0.0998462 -0.713008 -1.19811 -1.97295e-17 7.60548 -1.50593 -0.0888904 -0.287721 -1.25272 -2.53307e-17 9.49737 -0.914492 -0.383863 -0.901459 -1.28121 -2.90401e-17 10.5513 1.57691 -0.339421 0.788168 -0.282838 -1.29193e-17 4.78644 0.715339 1.60653 -0.739953 4.32847 -1.8116e-17 4.82109 0.421791 -1.859 -6.23969 1.71781 -2.00958e-17 4.83041 0.765062 -1.76092 -8.40732 4.2447 1.23299 -7.60731 7.53374 -3.37539 2.22389 -1.40872 12.9547 3.2495 -3.26872 -70.8669 -9.10063 2.84418 29.2081 0.0598081 0.137039 3.13232 -0.403322 -15.2628 24.234 0.0496219 0.113701 1.67269 -25.4202 -3.18914 -1.23299 -7.60729 7.53365 -12.4166 2.36085 -4.36023 -12.9547 3.2495 -3.26872 100.577 12.5187 -7.45917 -29.2081 0.0598081 0.137039 -6.70252 -2.02481 34.1788 -24.234 0.0496218 0.113702 -5.60751 0.696797 -0.566674 9.23673 -4.20556 2.0327 -6.33589 12.0241 -20.8492 -0.852353 -38.7721 -0.655187 -5.09384 18.5273 0.50474 -2.32622 -40.4017 -6.04875 11.0279 -22.071 17.1372 0.779096 -9.8844 12.4959 1.29013e-15 -7.40428e-16 -4.22867e-17 -9.23673 -4.20556 2.0327 -0.835878 -15.4894 38.1945 0.852353 -38.7721 -0.655187 2.62174 9.74309 -0.0529911 2.32622 -40.4017 -6.04875 4.24218 -5.33564 -14.7602 -0.779096 -9.8844 12.4959 -2.36243e-15 -4.85496e-16 -1.26643e-14 
4.02406 86.2408 48.3071 2.31223 -7.77081 2.43922 0 5.07867 -1.15138 -0.481043 -1.14218 -1.23165 0 5.61661 1.07143 -0.0011768 -0.74934 -1.53377 -1.02604e-17 5.98978 0.11501 0.0278796 -0.474764 -1.53039 -1.10457e-17 6.50583 -0.443523 0.152857 -0.741059 -1.5741 -1.97295e-17 7.60548 -1.50593 -0.101774 -0.173947 -1.62701 -2.53307e-17 9.49737 -0.914492 -0.510093 -0.66012 -1.63031 -2.90401e-17 10.5513 1.57691 -0.366177 0.785129 -0.280418 -1.29193e-17 4.78644 0.715339 1.819 -1.77742 4.83585 -1.8116e-17 4.82109 0.421791 -1.92751 -6.13154 1.94947 -2.00958e-17 4.83041 0.765062 -1.46865 -8.07077 4.30037 1.23299 -7.60731 7.53374 -4.85419 2.16829 -2.27828 12.9547 3.2495 -3.26872 -68.1975 -11.9079 -0.273305 29.2081 0.0598081 0.137039 3.65107 -0.554679 -17.8637 24.234 0.0496219 0.113701 0.918414 -21.5349 -4.49115 -1.23299 -7.60729 7.53365 -11.9453 2.15063 -3.61982 -12.9547 3.2495 -3.26872 99.2295 12.6752 -6.75646 -29.2081 0.0598081 0.137039 -7.24219 -2.40903 37.3504 -24.234 0.0496218 0.113702 -4.90751 6.24309 0.795241 9.23673 -4.20556 2.0327 -6.15625 9.71392 -22.678 -0.852353 -38.7721 -0.655187 -5.36994 19.4659 0.57819 -2.32622 -40.4017 -6.04875 9.98377 -21.8869 17.0346 0.779096 -9.8844 12.4959 -8.73515e-16 -8.35637e-16 5.29219e-17 -9.23673 -4.20556 2.0327 -1.63612 -16.2664 35.7623 0.852353 -38.7721 -0.655187 2.22366 8.27946 -0.0161874 2.32622 -40.4017 -6.04875 3.64696 -6.43229 -14.8483 -0.779096 -9.8844 12.4959 -1.11247e-15 -5.39727e-16 -1.27245e-14 
3.65612 86.1208 48.7371 2.26253 -3.0115 2.5968 0 5.07867 -1.15138 -0.56709 -1.77104 -1.51443 0 5.61661 1.07143 -0.0235088 -1.31274 -1.8414 -1.02604e-17 5.98978 0.11501 0.0461243 -1.05426 -1.81652 -1.10457e-17 6.50583 -0.443523 0.207441 -1.23429 -1.85334 -1.97295e-17 7.60548 -1.50593 -0.0834718 -0.483611 -1.8871 -2.53307e-17 9.49737 -0.914492 -0.553506 -0.923648 -1.88304 -2.90401e-17 10.5513 1.57691 -0.374154 0.77965 -0.25613 -1.29193e-17 4.78644 0.715339 2.22729 -4.3047 5.39319 -1.8116e-17 4.82109 0.421791 -1.65374 -5.50422 2.1942 -2.00958e-17 4.83041 0.765062 -1.18363 -7.58987 4.97794 1.23299 -7.60731 7.53374 -5.0891 2.41345 -2.76333 12.9547 3.2495 -3.26872 -64.1249 -11.1164 -1.87522 29.2081 0.0598081 0.137039 4.46001 -0.843229 -21.9948 24.234 0.0496219 0.113701 -1.43147 -23.88 -6.22967 -1.23299 -7.60729 7.53365 -10.5976 2.48053 -2.47447 -12.9547 3.2495 -3.26872 96.1974 12.9537 -6.76962 -29.2081 0.0598081 0.137039 -8.01829 -3.04712 42.1553 -24.234 0.0496218 0.113702 -3.55268 9.89925 2.2284 9.23673 -4.20556 2.0327 -6.12744 4.18948 -23.8163 -0.852353 -38.7721 -0.655187 -5.96724 21.4612 0.752103 -2.32622 -40.4017 -6.04875 9.54719 -22.7028 17.1113 0.779096 -9.8844 12.4959 -7.54963e-16 -8.28706e-16 4.59914e-17 -9.23673 -4.20556 2.0327 -1.81319 -20.5471 34.1568 0.852353 -38.7721 -0.655187 2.08045 7.75068 -0.00544885 2.32622 -40.4017 -6.04875 3.63474 -7.36892 -14.8657 -0.779096 -9.8844 12.4959 -2.1713e-15 -5.00666e-16 -1.26762e-14 
2.96512 86.007 48.9173 1.43638 2.75514 0.136619 0 5.07867 -1.15138 -0.420684 -2.75497 -1.64588 0 5.61661 1.07143 0.155233 -2.14252 -1.95203 -1.02604e-17 5.98978 0.11501 0.233531 -1.78045 -1.88815 -1.10457e-17 6.50583 -0.443523 0.397028 -1.71615 -1.91406 -1.97295e-17 7.60548 -1.50593 0.0730138 -0.628892 -1.94085 -2.53307e-17 9.49737 -0.914492 -0.433263 -0.931028 -1.97449 -2.90401e-17 10.5513 1.57691 -0.355376 0.6985 -0.203829 -1.29193e-17 4.78644 0.715339 3.15781 -9.36082 6.69157 -1.8116e-17 4.82109 0.421791 -0.966736 -4.50246 2.745 -2.00958e-17 4.83041 0.765062 -1.23504 -5.45465 6.13333 1.23299 -7.60731 7.53374 -4.98181 2.69061 -3.124 12.9547 3.2495 -3.26872 -60.4535 -8.29498 -2.48114 29.2081 0.0598081 0.137039 5.67205 -1.40597 -28.4157 24.234 0.0496219 0.113701 -1.79775 -30.1189 -6.78525 -1.23299 -7.60729 7.53365 -7.9797 3.11533 -1.11965 -12.9547 3.2495 -3.26872 93.1274 12.8714 -6.89946 -29.2081 0.0598081 0.137039 -8.94076 -3.96694 48.3764 -24.234 0.0496218 0.113702 -2.24677 13.7345 2.63659 9.23673 -4.20556 2.0327 -5.0739 -2.70604 -22.3623 -0.852353 -38.7721 -0.655187 -6.64873 23.6756 0.974883 -2.32622 -40.4017 -6.04875 9.46111 -24.0943 17.2809 0.779096 -9.8844 12.4959 2.15969e-16 -7.89166e-16 6.45151e-18 -9.23673 -4.20556 2.0327 0.675151 -27.0916 35.8324 0.852353 -38.7721 -0.655187 2.09627 7.80916 -0.00657008 2.32622 -40.4017 -6.04875 4.43982 -4.60259 -15.0096 -0.779096 -9.8844 12.4959 -8.90699e-16 -5.49884e-16 -1.27287e-14 
2.48668 86.4018 48.8988 0.402215 6.34901 -1.9655 0 5.07867 -1.15138 -0.16733 -4.16249 -1.76055 0 5.61661 1.07143 0.424486 -3.17649 -2.01869 -1.02604e-17 5.98978 0.11501 0.484383 -2.34746 -1.9276 -1.10457e-17 6.50583 -0.443523 0.638628 -1.44602 -1.94531 -1.97295e-17 7.60548 -1.50593 0.256455 0.123273 -1.97976 -2.53307e-17 9.49737 -0.914492 -0.318855 0.209835 -2.04748 -2.90401e-17 10.5513 1.57691 -0.328934 0.538541 -0.15427 -1.29193e-17 4.78644 0.715339 4.18133 -15.2114 7.63215 -1.8116e-17 4.82109 0.421791 -0.914718 -3.78919 3.09832 -2.00958e-17 4.83041 0.765062 -0.937668 -2.20872 7.52786 1.23299 -7.60731 7.53374 -5.73369 2.51565 -3.5748 12.9547 3.2495 -3.26872 -57.6406 -6.91813 -3.6669 29.2081 0.0598081 0.137039 6.92892 -2.18066 -35.4963 24.234 0.0496219 0.113701 -0.358066 -33.3823 -5.77107 -1.23299 -7.60729 7.53365 -5.36059 3.20842 -0.0104491 -12.9547 3.2495 -3.26872 89.9797 13.2785 -5.87345 -29.2081 0.0598081 0.137039 -9.50976 -4.64787 52.6076 -24.234 0.0496218 0.113702 -1.63412 15.7479 2.264 9.23673 -4.20556 2.0327 -3.39692 -7.24891 -20.2076 -0.852353 -38.7721 -0.655187 -7.04921 24.9444 1.1175 -2.32622 -40.4017 -6.04875 8.79898 -23.9446 17.1996 0.779096 -9.8844 12.4959 4.01753e-17 -7.91434e-16 8.71931e-18 -9.23673 -4.20556 2.0327 3.64049 -31.2571 38.2318 0.852353 -38.7721 -0.655187 1.94611 7.25374 0.00341633 2.32622 -40.4017 -6.04875 5.36297 -0.649089 -15.2991 -0.779096 -9.8844 12.4959 -4.9313e-16 -5.65533e-16 -1.27503e-14 
2.54795 87.3195 48.9167 0.0905882 5.82108 -1.5342 0 5.07867 -1.15138 -0.33776 -5.15428 -1.95616 0 5.61661 1.07143 0.305743 -3.77216 -2.22248 -1.02604e-17 5.98978 0.11501 0.43562 -2.31726 -2.12451 -1.10457e-17 6.50583 -0.443523 0.670664 -0.350916 -2.14123 -1.97295e-17 7.60548 -1.50593 0.309922 1.57335 -2.16775 -2.53307e-17 9.49737 -0.914492 -0.289317 2.20319 -2.25819 -2.90401e-17 10.5513 1.57691 -0.30525 0.405521 -0.148057 -1.29193e-17 4.78644 0.715339 4.97748 -18.8143 8.36399 -1.8116e-17 4.82109 0.421791 -1.2902 -4.39132 3.39353 -2.00958e-17 4.83041 0.765062 -0.901992 0.474288 7.5987 1.23299 -7.60731 7.53374 -7.73448 2.14848 -4.23835 12.9547 3.2495 -3.26872 -54.4857 -7.2563 -5.95573 29.2081 0.0598081 0.137039 7.90058 -2.9433 -41.4067 24.234 0.0496219 0.113701 0.328704 -32.1952 -5.21433 -1.23299 -7.60729 7.53365 -3.22696 2.56134 0.672742 -12.9547 3.2495 -3.26872 86.6615 14.3766 -2.97264 -29.2081 0.0598081 0.137039 -9.52417 -4.6665 52.72 -24.234 0.0496218 0.113702 -2.46545 14.8756 1.94851 9.23673 -4.20556 2.0327 -3.02827 -7.00388 -20.1449 -0.852353 -38.7721 -0.655187 -6.89407 24.4559 1.06125 -2.32622 -40.4017 -6.04875 6.98358 -21.4513 16.7568 0.779096 -9.8844 12.4959 9.07884e-16 -7.58346e-16 -2.43691e-17 -9.23673 -4.20556 2.0327 3.52295 -30.5636 37.266 0.852353 -38.7721 -0.655187 1.47636 5.5099 0.0251985 2.32622 -40.4017 -6.04875 6.61655 4.15841 -15.6898 -0.779096 -9.8844 12.4959 1.10888e-16 -5.96833e-16 -1.27724e-14 
2.90851 88.4871 49.0254 0.670514 1.85838 0.649259 0 5.07867 -1.15138 -0.782216 -4.96213 -2.19815 0 5.61661 1.07143 -0.0493635 -3.42138 -2.52124 -1.02604e-17 5.98978 0.11501 0.205019 -1.62255 -2.44164 -1.10457e-17 6.50583 -0.443523 0.570333 0.931799 -2.46778 -1.97295e-17 7.60548 -1.50593 0.282694 2.84898 -2.48484 -2.53307e-17 9.49737 -0.914492 -0.306865 3.74861 -2.56781 -2.90401e-17 10.5513 1.57691 -0.28194 0.387723 -0.176907 -1.29193e-17 4.78644 0.715339 4.93047 -17.2912 8.29179 -1.8116e-17 4.82109 0.421791 -1.56656 -5.89212 3.46323 -2.00958e-17 4.83041 0.765062 -1.6753 0.0542487 7.51226 1.23299 -7.60731 7.53374 -8.78703 1.45823 -4.35998 12.9547 3.2495 -3.26872 -53.5177 -6.14417 -8.63373 29.2081 0.0598081 0.137039 8.91316 -3.93653 -48.1817 24.234 0.0496219 0.113701 1.87851 -28.6156 -2.99792 -1.23299 -7.60729 7.53365 -3.95262 1.28936 0.552999 -12.9547 3.2495 -3.26872 83.4093 15.481 0.265955 -29.2081 0.0598081 0.137039 -9.25264 -4.32753 50.6499 -24.234 0.0496218 0.113702 -1.93644 10.9369 1.65012 9.23673 -4.20556 2.0327 -3.84683 -2.53178 -21.7102 -0.852353 -38.7721 -0.655187 -6.24673 22.3777 0.840385 -2.32622 -40.4017 -6.04875 4.84669 -17.168 16.1891 0.779096 -9.8844 12.4959 2.48481e-17 -7.95139e-16 1.2424e-17 -9.23673 -4.20556 2.0327 1.03961 -25.8902 33.2266 0.852353 -38.7721 -0.655187 0.884965 3.30509 0.0321707 2.32622 -40.4017 -6.04875 8.02314 8.96871 -16.1281 -0.779096 -9.8844 12.4959 2.71354e-16 -6.01369e-16 -1.27802e-14 
3.18547 89.1604 49.0727 2.133 -0.063465 3.1087 0 5.07867 -1.15138 -1.19639 -4.46115 -2.42607 0 5.61661 1.07143 -0.383942 -2.98032 -2.80919 -1.02604e-17 5.98978 0.11501 -0.0342239 -1.15156 -2.75538 -1.10457e-17 6.50583 -0.443523 0.439205 1.54739 -2.78315 -1.97295e-17 7.60548 -1.50593 0.19791 3.33718 -2.7827 -2.53307e-17 9.49737 -0.914492 -0.404851 4.10015 -2.80785 -2.90401e-17 10.5513 1.57691 -0.267167 0.456732 -0.23234 -1.29193e-17 4.78644 0.715339 3.69185 -9.73909 6.99848 -1.8116e-17 4.82109 0.421791 -1.64781 -7.89412 3.03721 -2.00958e-17 4.83041 0.765062 -2.59361 -5.35097 8.45651 1.23299 -7.60731 7.53374 -5.9666 -0.271702 -2.66741 12.9547 3.2495 -3.26872 -57.9255 -2.12729 -10.4639 29.2081 0.0598081 0.137039 10.0747 -5.44083 -57.2478 24.234 0.0496219 0.113701 4.21003 -23.2922 0.622934 -1.23299 -7.60729 7.53365 -9.33494 -0.389834 -0.999064 -12.9547 3.2495 -3.26872 83.0658 17.8925 1.31779 -29.2081 0.0598081 0.137039 -9.29148 -4.37453 50.9406 -24.234 0.0496218 0.113702 0.0959314 4.85767 0.274264 9.23673 -4.20556 2.0327 -5.34049 0.0580381 -23.386 -0.852353 -38.7721 -0.655187 -5.69868 20.5702 0.671397 -2.32622 -40.4017 -6.04875 4.08688 -13.7432 15.8051 0.779096 -9.8844 12.4959 2.48481e-17 -7.95139e-16 1.2424e-17 -9.23673 -4.20556 2.0327 -2.07887 -22.7161 28.8825 0.852353 -38.7721 -0.655187 0.277868 1.0374 0.0155926 2.32622 -40.4017 -6.04875 8.87144 11.3585 -16.4558 -0.779096 -9.8844 12.4959 -1.47939e-15 -5.22289e-16 -1.27103e-14 
3.25775 88.9491 49.0067 3.0724 3.21022 4.57168 0 5.07867 -1.15138 -1.97319 -4.42553 -2.55195 0 5.61661 1.07143 -1.07456 -2.99289 -3.02691 -1.02604e-17 5.98978 0.11501 -0.553274 -1.10045 -2.95616 -1.10457e-17 6.50583 -0.443523 0.0939355 1.72022 -2.96818 -1.97295e-17 7.60548 -1.50593 -0.00482013 3.54529 -2.90288 -2.53307e-17 9.49737 -0.914492 -0.488215 4.44232 -2.91782 -2.90401e-17 10.5513 1.57691 -0.250835 0.417419 -0.273431 -1.29193e-17 4.78644 0.715339 3.40539 -7.87664 6.39145 -1.8116e-17 4.82109 0.421791 -1.04383 -9.38335 2.78706 -2.00958e-17 4.83041 0.765062 -1.70426 -7.91471 8.80819 1.23299 -7.60731 7.53374 -4.72474 -0.719484 -2.64892 12.9547 3.2495 -3.26872 -57.6239 -2.59585 -10.6706 29.2081 0.0598081 0.137039 10.6616 -6.44033 -62.7694 24.234 0.0496219 0.113701 2.93233 -17.9668 -3.06203 -1.23299 -7.60729 7.53365 -10.6935 -0.916322 -1.02391 -12.9547 3.2495 -3.26872 83.5813 19.4311 0.605399 -29.2081 0.0598081 0.137039 -9.67778 -4.86989 53.9344 -24.234 0.0496218 0.113702 -0.667185 -0.127461 0.0531711 9.23673 -4.20556 2.0327 -6.58419 -3.23985 -24.6307 -0.852353 -38.7721 -0.655187 -5.76204 20.7813 0.69007 -2.32622 -40.4017 -6.04875 3.66002 -14.2621 15.8349 0.779096 -9.8844 12.4959 3.3452e-16 -7.82236e-16 -4.78976e-19 -9.23673 -4.20556 2.0327 -4.36774 -24.8888 25.8233 0.852353 -38.7721 -0.655187 -0.2229 -0.831266 -0.0161271 2.32622 -40.4017 -6.04875 8.59763 10.7014 -16.361 -0.779096 -9.8844 12.4959 -8.02333e-17 -5.81662e-16 -1.27696e-14 
3.22255 88.6913 48.8969 3.45385 6.63284 5.16519 0 5.07867 -1.15138 -2.58475 -3.80348 -2.75357 0 5.61661 1.07143 -1.57394 -2.60861 -3.35971 -1.02604e-17 5.98978 0.11501 -0.907084 -1.00176 -3.28155 -1.10457e-17 6.50583 -0.443523 -0.130014 1.30915 -3.304 -1.97295e-17 7.60548 -1.50593 -0.145905 2.90003 -3.17593 -2.53307e-17 9.49737 -0.914492 -0.570413 3.82124 -3.19798 -2.90401e-17 10.5513 1.57691 -0.241196 0.429482 -0.275937 -1.29193e-17 4.78644 0.715339 4.23148 -11.1387 7.26426 -1.8116e-17 4.82109 0.421791 -0.577438 -8.06419 3.1173 -2.00958e-17 4.83041 0.765062 -0.541275 -6.40809 8.98111 1.23299 -7.60731 7.53374 -6.579 0.652071 -4.5958 12.9547 3.2495 -3.26872 -53.355 -4.62562 -9.19269 29.2081 0.0598081 0.137039 11.1265 -7.43405 -67.9971 24.234 0.0496219 0.113701 3.48174 -13.3027 -5.98887 -1.23299 -7.60729 7.53365 -9.89412 -0.255812 0.182267 -12.9547 3.2495 -3.26872 83.1455 19.3273 -0.310833 -29.2081 0.0598081 0.137039 -10.0215 -5.35998 56.786 -24.234 0.0496218 0.113702 -0.679281 -2.29539 0.0821669 9.23673 -4.20556 2.0327 -7.18034 -7.03275 -24.6082 -0.852353 -38.7721 -0.655187 -5.93659 21.3601 0.742687 -2.32622 -40.4017 -6.04875 2.33781 -15.7818 15.9713 0.779096 -9.8844 12.4959 1.01111e-15 -7.5512e-16 -2.75949e-17 -9.23673 -4.20556 2.0327 -5.74162 -28.1788 23.8916 0.852353 -38.7721 -0.655187 -0.41797 -1.55777 -0.0328766 2.32622 -40.4017 -6.04875 9.0649 10.161 -16.4194 -0.779096 -9.8844 12.4959 7.72148e-16 -6.20244e-16 -1.2805e-14 
3.07655 88.669 48.8653 4.02596 8.35666 5.44011 0 5.07867 -1.15138 -2.93084 -2.97732 -2.92924 0 5.61661 1.07143 -1.82356 -2.0363 -3.65319 -1.02604e-17 5.98978 0.11501 -1.06684 -0.806248 -3.58428 -1.10457e-17 6.50583 -0.443523 -0.220224 0.859415 -3.63069 -1.97295e-17 7.60548 -1.50593 -0.205971 2.14757 -3.45895 -2.53307e-17 9.49737 -0.914492 -0.621956 2.98274 -3.48545 -2.90401e-17 10.5513 1.57691 -0.236169 0.500118 -0.247451 -1.29193e-17 4.78644 0.715339 5.19867 -15.4806 7.95958 -1.8116e-17 4.82109 0.421791 -0.376061 -5.90608 3.31118 -2.00958e-17 4.83041 0.765062 0.312808 -2.73153 9.88994 1.23299 -7.60731 7.53374 -8.91695 2.4102 -6.32472 12.9547 3.2495 -3.26872 -50.1877 -4.51879 -7.09222 29.2081 0.0598081 0.137039 11.606 -8.83027 -75.0434 24.234 0.0496219 0.113701 5.55818 -7.98532 -6.03894 -1.23299 -7.60729 7.53365 -8.65656 0.567057 1.40462 -12.9547 3.2495 -3.26872 80.8192 19.3118 -0.295483 -29.2081 0.0598081 0.137039 -10.2516 -5.71957 58.8192 -24.234 0.0496218 0.113702 -0.232481 -3.58736 -1.27834 9.23673 -4.20556 2.0327 -7.86036 -9.24321 -24.6677 -0.852353 -38.7721 -0.655187 -6.1247 21.9789 0.801307 -2.32622 -40.4017 -6.04875 1.51941 -15.8529 16.0105 0.779096 -9.8844 12.4959 3.19193e-16 -7.8594e-16 3.22575e-18 -9.23673 -4.20556 2.0327 -6.77034 -30.2948 22.6016 0.852353 -38.7721 -0.655187 -0.395242 -1.47318 -0.0307988 2.32622 -40.4017 -6.04875 9.63707 10.355 -16.6202 -0.779096 -9.8844 12.4959 -1.3036e-15 -5.33755e-16 -1.27093e-14 
2.77255 88.7618 48.9559 4.7591 9.04108 5.26251 0 5.07867 -1.15138 -2.82753 -2.94118 -3.03348 0 5.61661 1.07143 -1.71205 -2.00933 -3.74973 -1.02604e-17 5.98978 0.11501 -0.964457 -0.838567 -3.692 -1.10457e-17 6.50583 -0.443523 -0.109972 0.871026 -3.73829 -1.97295e-17 7.60548 -1.50593 -0.1262 2.14054 -3.57096 -2.53307e-17 9.49737 -0.914492 -0.594825 2.82949 -3.58768 -2.90401e-17 10.5513 1.57691 -0.235148 0.562406 -0.218386 -1.29193e-17 4.78644 0.715339 5.2101 -13.7231 8.62832 -1.8116e-17 4.82109 0.421791 -0.0941305 -5.02239 3.6604 -2.00958e-17 4.83041 0.765062 -0.951422 -2.73215 10.3874 1.23299 -7.60731 7.53374 -7.87417 1.82856 -5.01892 12.9547 3.2495 -3.26872 -54.884 0.571769 -9.46841 29.2081 0.0598081 0.137039 11.9086 -10.2657 -82.0661 24.234 0.0496219 0.113701 7.23694 0.47969 -2.59187 -1.23299 -7.60729 7.53365 -10.6125 0.267585 0.928893 -12.9547 3.2495 -3.26872 77.5755 19.6148 0.969259 -29.2081 0.0598081 0.137039 -10.2032 -5.64168 58.3827 -24.234 0.0496218 0.113702 1.96184 -5.46124 -2.22376 9.23673 -4.20556 2.0327 -8.4339 -9.89402 -24.3872 -0.852353 -38.7721 -0.655187 -6.07089 21.8024 0.784338 -2.32622 -40.4017 -6.04875 1.81651 -14.9861 15.967 0.779096 -9.8844 12.4959 2.48481e-17 -7.95139e-16 1.2424e-17 -9.23673 -4.20556 2.0327 -7.34681 -31.6731 22.2615 0.852353 -38.7721 -0.655187 -0.238239 -0.88843 -0.0173552 2.32622 -40.4017 -6.04875 9.87674 11.1185 -16.7389 -0.779096 -9.8844 12.4959 -1.98019e-15 -5.06639e-16 -1.26822e-14 
2.3992 88.8807 49.1359 5.5918 9.44424 4.72757 0 5.07867 -1.15138 -2.81945 -2.86183 -2.86034 0 5.61661 1.07143 -1.78634 -1.96415 -3.52899 -1.02604e-17 5.98978 0.11501 -1.0697 -0.837414 -3.46724 -1.10457e-17 6.50583 -0.443523 -0.237979 0.921639 -3.50184 -1.97295e-17 7.60548 -1.50593 -0.218042 2.16604 -3.3258 -2.53307e-17 9.49737 -0.914492 -0.624418 2.72092 -3.29359 -2.90401e-17 10.5513 1.57691 -0.213631 0.612139 -0.202352 -1.29193e-17 4.78644 0.715339 4.2484 -9.47892 8.10036 -1.8116e-17 4.82109 0.421791 0.128524 -5.48715 3.52655 -2.00958e-17 4.83041 0.765062 -1.085 -3.48375 10.342 1.23299 -7.60731 7.53374 -5.02325 0.79338 -3.19957 12.9547 3.2495 -3.26872 -58.9924 5.70116 -12.4582 29.2081 0.0598081 0.137039 11.9482 -10.5612 -83.4955 24.234 0.0496219 0.113701 6.11602 6.31482 -3.32493 -1.23299 -7.60729 7.53365 -13.5324 -0.0240981 -0.193576 -12.9547 3.2495 -3.26872 74.9674 21.9592 1.52726 -29.2081 0.0598081 0.137039 -9.89782 -5.17766 55.7368 -24.234 0.0496218 0.113702 2.22224 -9.51332 -1.33124 9.23673 -4.20556 2.0327 -9.09904 -10.2575 -24.3234 -0.852353 -38.7721 -0.655187 -6.04791 21.7269 0.777138 -2.32622 -40.4017 -6.04875 2.56933 -13.5412 15.8255 0.779096 -9.8844 12.4959 -7.83713e-17 -7.98364e-16 1.56496e-17 -9.23673 -4.20556 2.0327 -7.64406 -32.7425 22.809 0.852353 -38.7721 -0.655187 -0.100555 -0.375129 -0.00687671 2.32622 -40.4017 -6.04875 9.52337 12.1493 -16.6816 -0.779096 -9.8844 12.4959 -1.28827e-15 -5.37459e-16 -1.2713e-14 
2.11461 88.9581 49.3405 6.16311 10.2677 4.05747 0 5.07867 -1.15138 -2.87073 -2.72609 -2.68867 0 5.61661 1.07143 -1.9034 -1.88043 -3.30553 -1.02604e-17 5.98978 0.11501 -1.19906 -0.717659 -3.22855 -1.10457e-17 6.50583 -0.443523 -0.372956 1.13176 -3.24898 -1.97295e-17 7.60548 -1.50593 -0.297924 2.39116 -3.07084 -2.53307e-17 9.49737 -0.914492 -0.610449 2.95449 -3.01554 -2.90401e-17 10.5513 1.57691 -0.170118 0.579839 -0.202615 -1.29193e-17 4.78644 0.715339 3.70648 -5.8911 8.08801 -1.8116e-17 4.82109 0.421791 0.577427 -6.09545 3.5982 -2.00958e-17 4.83041 0.765062 -1.35041 -4.54793 9.74284 1.23299 -7.60731 7.53374 -3.05492 0.133479 -2.40962 12.9547 3.2495 -3.26872 -59.6476 8.99455 -14.2278 29.2081 0.0598081 0.137039 11.9563 -10.6299 -83.8277 24.234 0.0496219 0.113701 4.92024 8.69555 -5.11981 -1.23299 -7.60729 7.53365 -15.4217 -0.208605 -0.855201 -12.9547 3.2495 -3.26872 75.7417 22.8735 1.20045 -29.2081 0.0598081 0.137039 -9.73149 -4.94317 54.3674 -24.234 0.0496218 0.113702 1.07236 -10.0714 -1.42275 9.23673 -4.20556 2.0327 -9.5111 -11.3076 -23.8693 -0.852353 -38.7721 -0.655187 -6.16014 22.095 0.812571 -2.32622 -40.4017 -6.04875 2.19028 -12.7981 15.8331 0.779096 -9.8844 12.4959 -6.30631e-17 -7.9466e-16 1.19457e-17 -9.23673 -4.20556 2.0327 -7.68892 -34.315 23.6593 0.852353 -38.7721 -0.655187 0.0600909 0.224258 0.00379731 2.32622 -40.4017 -6.04875 9.5696 13.0884 -16.7186 -0.779096 -9.8844 12.4959 -2.12934e-15 -4.98274e-16 -1.26738e-14 
2.05528 89.0493 49.4377 6.48983 11.3284 3.69966 0 5.07867 -1.15138 -2.51479 -2.33379 -2.67521 0 5.61661 1.07143 -1.60549 -1.61093 -3.21348 -1.02604e-17 5.98978 0.11501 -0.984464 -0.568497 -3.13546 -1.10457e-17 6.50583 -0.443523 -0.227801 1.17102 -3.14757 -1.97295e-17 7.60548 -1.50593 -0.213977 2.31249 -2.99401 -2.53307e-17 9.49737 -0.914492 -0.561494 2.73484 -2.91314 -2.90401e-17 10.5513 1.57691 -0.150817 0.54472 -0.15281 -1.29193e-17 4.78644 0.715339 3.43254 -4.10476 8.29788 -1.8116e-17 4.82109 0.421791 0.664102 -5.52644 3.71605 -2.00958e-17 4.83041 0.765062 -2.37099 -5.06016 9.62326 1.23299 -7.60731 7.53374 -1.59132 -0.103218 -1.65169 12.9547 3.2495 -3.26872 -61.0186 13.7201 -14.8876 29.2081 0.0598081 0.137039 12.0149 -11.3103 -87.1088 24.234 0.0496219 0.113701 4.66987 10.6864 -3.60092 -1.23299 -7.60729 7.53365 -16.5529 -0.130342 -0.619574 -12.9547 3.2495 -3.26872 72.908 21.4781 0.728946 -29.2081 0.0598081 0.137039 -9.68725 -4.88275 54.0106 -24.234 0.0496218 0.113702 2.24727 -11.5661 -1.8047 9.23673 -4.20556 2.0327 -9.8782 -12.9766 -23.1516 -0.852353 -38.7721 -0.655187 -6.44187 23.0107 0.904577 -2.32622 -40.4017 -6.04875 1.71064 -11.9866 15.8601 0.779096 -9.8844 12.4959 6.13548e-16 -7.67543e-16 -1.51713e-17 -9.23673 -4.20556 2.0327 -7.95446 -36.0775 24.0795 0.852353 -38.7721 -0.655187 0.188322 0.702986 0.0111157 2.32622 -40.4017 -6.04875 10.3242 14.1602 -17.0093 -0.779096 -9.8844 12.4959 -4.12855e-15 -4.11907e-16 -1.25907e-14 
2.24704 89.2203 49.4539 6.76803 12.0824 4.14078 0 5.07867 -1.15138 -2.40536 -2.50179 -2.59639 0 5.61661 1.07143 -1.53653 -1.77472 -3.08499 -1.02604e-17 5.98978 0.11501 -0.944603 -0.616045 -2.99979 -1.10457e-17 6.50583 -0.443523 -0.20632 1.33984 -3.00225 -1.97295e-17 7.60548 -1.50593 -0.188296 2.59416 -2.86077 -2.53307e-17 9.49737 -0.914492 -0.512315 3.06462 -2.78014 -2.90401e-17 10.5513 1.57691 -0.119146 0.51216 -0.159027 -1.29193e-17 4.78644 0.715339 2.92569 -1.14784 7.82804 -1.8116e-17 4.82109 0.421791 0.524513 -5.71815 3.52961 -2.00958e-17 4.83041 0.765062 -2.61592 -5.82197 9.39373 1.23299 -7.60731 7.53374 0.236698 -0.667689 -0.768839 12.9547 3.2495 -3.26872 -60.4939 17.1258 -15.2193 29.2081 0.0598081 0.137039 12.012 -11.2622 -86.8768 24.234 0.0496219 0.113701 3.45536 9.85 -4.31191 -1.23299 -7.60729 7.53365 -18.0097 -0.427566 -1.08416 -12.9547 3.2495 -3.26872 75.0455 22.0612 1.10491 -29.2081 0.0598081 0.137039 -9.40852 -4.51911 51.8274 -24.234 0.0496218 0.113702 -0.0796159 -11.6741 -4.31714 9.23673 -4.20556 2.0327 -10.6078 -14.6695 -23.1446 -0.852353 -38.7721 -0.655187 -6.87059 24.3816 1.05284 -2.32622 -40.4017 -6.04875 1.89562 -10.3673 15.7835 0.779096 -9.8844 12.4959 2.48481e-17 -7.95139e-16 1.2424e-17 -9.23673 -4.20556 2.0327 -8.7875 -37.4385 23.8463 0.852353 -38.7721 -0.655187 0.313187 1.16932 0.0172149 2.32622 -40.4017 -6.04875 10.6224 15.6251 -17.2241 -0.779096 -9.8844 12.4959 -1.00923e-15 -5.42954e-16 -1.27277e-14 
2.53681 89.4478 49.5426 6.9484 12.4343 5.01888 0 5.07867 -1.15138 -2.24908 -2.97575 -2.70879 0 5.61661 1.07143 -1.37481 -2.10967 -3.13931 -1.02604e-17 5.98978 0.11501 -0.802477 -0.63144 -3.05161 -1.10457e-17 6.50583 -0.443523 -0.0484424 1.94004 -3.04062 -1.97295e-17 7.60548 -1.50593 -0.0602897 3.44966 -2.9289 -2.53307e-17 9.49737 -0.914492 -0.428582 4.02105 -2.87305 -2.90401e-17 10.5513 1.57691 -0.084013 0.402499 -0.177385 -1.29193e-17 4.78644 0.715339 2.70752 1.67995 8.04666 -1.8116e-17 4.82109 0.421791 0.587854 -6.12673 3.67732 -2.00958e-17 4.83041 0.765062 -4.04632 -7.2198 8.95637 1.23299 -7.60731 7.53374 1.37566 -1.5046 0.114281 12.9547 3.2495 -3.26872 -61.6271 21.1328 -17.4343 29.2081 0.0598081 0.137039 11.9806 -10.8597 -84.9366 24.234 0.0496219 0.113701 3.31429 11.8395 -3.27549 -1.23299 -7.60729 7.53365 -19.5107 -1.33511 -1.51083 -12.9547 3.2495 -3.26872 76.3062 20.9533 2.8626 -29.2081 0.0598081 0.137039 -8.82214 -3.83709 47.5378 -24.234 0.0496218 0.113702 -0.504244 -12.0315 -5.36947 9.23673 -4.20556 2.0327 -11.1858 -15.5446 -22.7674 -0.852353 -38.7721 -0.655187 -7.09121 25.0761 1.13295 -2.32622 -40.4017 -6.04875 1.80223 -8.82073 15.7154 0.779096 -9.8844 12.4959 2.31287e-16 -7.85462e-16 2.74722e-18 -9.23673 -4.20556 2.0327 -9.83246 -38.1721 22.9428 0.852353 -38.7721 -0.655187 0.434489 1.62244 0.0221687 2.32622 -40.4017 -6.04875 10.6973 17.0103 -17.3906 -0.779096 -9.8844 12.4959 2.90634e-16 -6.03407e-16 -1.2779e-14 
2.78898 89.6278 49.7175 7.17044 13.0115 5.91899 0 5.07867 -1.15138 -2.11852 -3.54346 -2.97376 0 5.61661 1.07143 -1.20102 -2.41081 -3.37517 -1.02604e-17 5.98978 0.11501 -0.62538 -0.467589 -3.30185 -1.10457e-17 6.50583 -0.443523 0.158621 2.90472 -3.28941 -1.97295e-17 7.60548 -1.50593 0.0845806 4.78916 -3.19893 -2.53307e-17 9.49737 -0.914492 -0.406452 5.66281 -3.21854 -2.90401e-17 10.5513 1.57691 -0.104724 0.230759 -0.15319 -1.29193e-17 4.78644 0.715339 2.9956 -1.17867 8.1691 -1.8116e-17 4.82109 0.421791 0.137065 -6.21091 3.72461 -2.00958e-17 4.83041 0.765062 -4.43603 -5.67362 9.88487 1.23299 -7.60731 7.53374 -1.7421 -1.26742 -1.31469 12.9547 3.2495 -3.26872 -64.4038 22.2635 -20.0277 29.2081 0.0598081 0.137039 11.8376 -9.83738 -79.9859 24.234 0.0496219 0.113701 4.76976 20.586 -3.75862 -1.23299 -7.60729 7.53365 -15.7037 -2.11867 -0.247319 -12.9547 3.2495 -3.26872 70.3673 19.6707 6.84995 -29.2081 0.0598081 0.137039 -7.96852 -3.00284 41.8375 -24.234 0.0496218 0.113702 -0.972233 -15.7988 -5.00112 9.23673 -4.20556 2.0327 -11.6804 -16.4898 -22.2664 -0.852353 -38.7721 -0.655187 -7.31019 25.7579 1.21497 -2.32622 -40.4017 -6.04875 1.00516 -7.54983 15.6805 0.779096 -9.8844 12.4959 6.13548e-16 -7.67543e-16 -1.51713e-17 -9.23673 -4.20556 2.0327 -11.0232 -38.7811 21.8882 0.852353 -38.7721 -0.655187 0.486674 1.8174 0.024005 2.32622 -40.4017 -6.04875 10.5447 17.8314 -17.4488 -0.779096 -9.8844 12.4959 6.42606e-15 -8.68248e-16 -1.30438e-14 
2.9513 89.7416 49.9509 7.49619 13.744 6.48272 0 5.07867 -1.15138 -2.32024 -4.72234 -2.99154 0 5.61661 1.07143 -1.38812 -3.2289 -3.39244 -1.02604e-17 5.98978 0.11501 -0.758619 -0.618987 -3.3073 -1.10457e-17 6.50583 -0.443523 0.0977476 3.79993 -3.2974 -1.97295e-17 7.60548 -1.50593 0.0637694 6.29825 -3.19931 -2.53307e-17 9.49737 -0.914492 -0.416148 7.64238 -3.28193 -2.90401e-17 10.5513 1.57691 -0.0958071 0.0876952 -0.17738 -1.29193e-17 4.78644 0.715339 3.05953 -2.92332 7.81326 -1.8116e-17 4.82109 0.421791 -0.0980522 -6.67132 3.55379 -2.00958e-17 4.83041 0.765062 -3.97981 -4.54438 10.3264 1.23299 -7.60731 7.53374 -4.46388 -1.41584 -2.42608 12.9547 3.2495 -3.26872 -62.8489 19.9758 -23.1207 29.2081 0.0598081 0.137039 11.236 -7.70821 -69.4042 24.234 0.0496219 0.113701 5.82667 24.5664 -8.43999 -1.23299 -7.60729 7.53365 -12.619 -3.0233 0.0393746 -12.9547 3.2495 -3.26872 67.1838 20.1731 11.5724 -29.2081 0.0598081 0.137039 -6.88058 -2.14663 35.2124 -24.234 0.0496218 0.113702 -2.31147 -20.4652 -5.85029 9.23673 -4.20556 2.0327 -12.1783 -17.7316 -21.4462 -0.852353 -38.7721 -0.655187 -7.61888 26.7063 1.33476 -2.32622 -40.4017 -6.04875 0.475671 -6.18917 15.6221 0.779096 -9.8844 12.4959 -7.83713e-17 -7.98364e-16 1.56496e-17 -9.23673 -4.20556 2.0327 -12.0666 -39.5583 21.5646 0.852353 -38.7721 -0.655187 0.529621 1.97784 0.0253831 2.32622 -40.4017 -6.04875 10.4217 18.3835 -17.4529 -0.779096 -9.8844 12.4959 2.53828e-15 -7.03031e-16 -1.28786e-14 
3.03385 89.8451 50.2432 7.93242 14.1965 6.68251 0 5.07867 -1.15138 -2.32571 -5.46266 -2.9319 0 5.61661 1.07143 -1.42396 -3.79832 -3.30763 -1.02604e-17 5.98978 0.11501 -0.802035 -0.855443 -3.21201 -1.10457e-17 6.50583 -0.443523 0.0639307 4.122 -3.20292 -1.97295e-17 7.60548 -1.50593 0.0407748 6.9588 -3.10859 -2.53307e-17 9.49737 -0.914492 -0.424478 8.48726 -3.19775 -2.90401e-17 10.5513 1.57691 -0.0752474 0.0322124 -0.190337 -1.29193e-17 4.78644 0.715339 2.98564 -2.04118 7.88951 -1.8116e-17 4.82109 0.421791 -0.0839998 -6.56008 3.60292 -2.00958e-17 4.83041 0.765062 -4.73645 -4.9303 9.6154 1.23299 -7.60731 7.53374 -5.20402 -1.79411 -2.3881 12.9547 3.2495 -3.26872 -61.6235 19.9504 -24.4539 29.2081 0.0598081 0.137039 10.7635 -6.63905 -63.8329 24.234 0.0496219 0.113701 4.99432 26.1213 -7.14735 -1.23299 -7.60729 7.53365 -12.6172 -3.53361 -0.378458 -12.9547 3.2495 -3.26872 66.9512 21.0293 13.2373 -29.2081 0.0598081 0.137039 -6.16885 -1.68668 31.1517 -24.234 0.0496218 0.113702 -2.25391 -24.9178 -6.98238 9.23673 -4.20556 2.0327 -12.5348 -18.2543 -20.053 -0.852353 -38.7721 -0.655187 -7.69844 26.9482 1.36641 -2.32622 -40.4017 -6.04875 0.307571 -5.04865 15.5802 0.779096 -9.8844 12.4959 1.43376e-16 -7.88209e-16 5.49445e-18 -9.23673 -4.20556 2.0327 -12.8714 -40.1793 21.4089 0.852353 -38.7721 -0.655187 0.606195 2.26391 0.027542 2.32622 -40.4017 -6.04875 10.6245 18.7767 -17.5617 -0.779096 -9.8844 12.4959 -1.09714e-15 -5.43432e-16 -1.2719e-14 
3.11694 89.9458 50.54 8.41993 14.3336 6.81678 0 5.07867 -1.15138 -2.50711 -5.84701 -2.85588 0 5.61661 1.07143 -1.61421 -4.07756 -3.22789 -1.02604e-17 5.98978 0.11501 -0.966569 -0.944709 -3.12407 -1.10457e-17 6.50583 -0.443523 -0.0721404 4.33906 -3.11688 -1.97295e-17 7.60548 -1.50593 -0.0522309 7.37164 -3.01439 -2.53307e-17 9.49737 -0.914492 -0.463998 9.08279 -3.10051 -2.90401e-17 10.5513 1.57691 -0.0734625 -0.0170731 -0.198339 -1.29193e-17 4.78644 0.715339 2.99016 -2.58688 7.74067 -1.8116e-17 4.82109 0.421791 -0.145641 -6.59979 3.52461 -2.00958e-17 4.83041 0.765062 -4.50724 -4.09431 9.41379 1.23299 -7.60731 7.53374 -6.24712 -1.69761 -2.80068 12.9547 3.2495 -3.26872 -60.732 18.2786 -23.0056 29.2081 0.0598081 0.137039 10.4415 -6.03922 -60.5904 24.234 0.0496219 0.113701 3.28547 27.5695 -5.3372 -1.23299 -7.60729 7.53365 -11.9196 -3.60631 -0.383347 -12.9547 3.2495 -3.26872 67.0365 22.7916 13.4562 -29.2081 0.0598081 0.137039 -5.72984 -1.43691 28.7293 -24.234 0.0496218 0.113702 -2.78613 -29.3335 -7.93617 9.23673 -4.20556 2.0327 -12.8808 -18.608 -18.6969 -0.852353 -38.7721 -0.655187 -7.85586 27.424 1.42997 -2.32622 -40.4017 -6.04875 -0.24406 -3.77771 15.5909 0.779096 -9.8844 12.4959 7.8937e-16 -7.685e-16 -1.42145e-17 -9.23673 -4.20556 2.0327 -13.615 -40.4241 21.2339 0.852353 -38.7721 -0.655187 0.665657 2.48604 0.0289547 2.32622 -40.4017 -6.04875 10.726 19.056 -17.5922 -0.779096 -9.8844 12.4959 -1.18505e-15 -5.40685e-16 -1.27195e-14 
3.25326 90.0141 50.789 8.92353 14.3915 6.97774 0 5.07867 -1.15138 -2.56705 -6.47011 -2.67185 0 5.61661 1.07143 -1.7236 -4.64619 -3.00518 -1.02604e-17 5.98978 0.11501 -1.077 -1.28337 -2.8829 -1.10457e-17 6.50583 -0.443523 -0.183415 4.33616 -2.86415 -1.97295e-17 7.60548 -1.50593 -0.109759 7.55431 -2.76706 -2.53307e-17 9.49737 -0.914492 -0.43278 9.35985 -2.83433 -2.90401e-17 10.5513 1.57691 -0.0707668 -0.0585437 -0.235397 -1.29193e-17 4.78644 0.715339 2.3191 2.34006 7.09861 -1.8116e-17 4.82109 0.421791 -0.0943026 -7.06823 3.25235 -2.00958e-17 4.83041 0.765062 -5.1112 -7.08451 8.60422 1.23299 -7.60731 7.53374 -3.49462 -2.89949 -1.25931 12.9547 3.2495 -3.26872 -60.2796 19.1628 -22.3296 29.2081 0.0598081 0.137039 9.88414 -5.15806 -55.6237 24.234 0.0496219 0.113701 0.634779 23.9051 -3.86748 -1.23299 -7.60729 7.53365 -14.0139 -3.94658 -1.53458 -12.9547 3.2495 -3.26872 73.6579 24.3845 12.1165 -29.2081 0.0598081 0.137039 -5.23681 -1.18463 26.071 -24.234 0.0496218 0.113702 -5.52606 -29.2138 -9.63842 9.23673 -4.20556 2.0327 -13.152 -18.9385 -16.8237 -0.852353 -38.7721 -0.655187 -8.0907 28.1263 1.52706 -2.32622 -40.4017 -6.04875 -0.327199 -2.5344 15.5162 0.779096 -9.8844 12.4959 -1.35899e-15 -8.60006e-16 7.72915e-17 -9.23673 -4.20556 2.0327 -14.397 -40.5149 21.1048 0.852353 -38.7721 -0.655187 0.713956 2.66645 0.0299324 2.32622 -40.4017 -6.04875 10.633 19.2417 -17.5214 -0.779096 -9.8844 12.4959 -1.62855e-15 -5.17149e-16 -1.27019e-14 
3.40445 90.0348 50.9866 9.30347 14.3287 7.06307 0 5.07867 -1.15138 -2.48895 -6.87283 -2.32509 0 5.61661 1.07143 -1.72077 -5.16248 -2.58148 -1.02604e-17 5.98978 0.11501 -1.10928 -1.77056 -2.43925 -1.10457e-17 6.50583 -0.443523 -0.25974 3.84397 -2.40435 -1.97295e-17 7.60548 -1.50593 -0.115799 7.02702 -2.32477 -2.53307e-17 9.49737 -0.914492 -0.285078 8.74118 -2.38837 -2.90401e-17 10.5513 1.57691 -0.0593668 -0.0513856 -0.27976 -1.29193e-17 4.78644 0.715339 1.52793 10.1191 5.83097 -1.8116e-17 4.82109 0.421791 0.227052 -7.50415 2.64857 -2.00958e-17 4.83041 0.765062 -6.22769 -11.1579 7.4738 1.23299 -7.60731 7.53374 2.90596 -4.30601 1.8411 12.9547 3.2495 -3.26872 -60.7915 23.4514 -21.331 29.2081 0.0598081 0.137039 9.2438 -4.31705 -50.5854 24.234 0.0496219 0.113701 -2.32652 15.0408 -3.13359 -1.23299 -7.60729 7.53365 -17.9339 -3.83075 -3.42027 -12.9547 3.2495 -3.26872 88.9078 22.2298 7.50564 -29.2081 0.0598081 0.137039 -4.89841 -1.02774 24.2795 -24.234 0.0496218 0.113702 -10.7476 -20.5254 -11.4463 9.23673 -4.20556 2.0327 -13.0485 -19.3983 -14.3157 -0.852353 -38.7721 -0.655187 -8.66095 29.7945 1.77385 -2.32622 -40.4017 -6.04875 0.113877 -1.896 15.3585 0.779096 -9.8844 12.4959 -4.77548e-17 -8.00155e-16 1.74401e-17 -9.23673 -4.20556 2.0327 -14.8896 -40.592 21.1072 0.852353 -38.7721 -0.655187 0.766822 2.86391 0.0308282 2.32622 -40.4017 -6.04875 10.5935 19.5065 -17.4996 -0.779096 -9.8844 12.4959 -3.12698e-15 -4.58856e-16 -1.26344e-14 
3.47685 90.0071 51.1174 9.39559 14.0646 6.85369 0 5.07867 -1.15138 -1.96129 -6.66882 -2.27654 0 5.61661 1.07143 -1.25635 -5.1408 -2.4094 -1.02604e-17 5.98978 0.11501 -0.781245 -1.94025 -2.26568 -1.10457e-17 6.50583 -0.443523 -0.0450557 3.50486 -2.22421 -1.97295e-17 7.60548 -1.50593 0.0258802 6.46913 -2.19622 -2.53307e-17 9.49737 -0.914492 -0.182486 7.73891 -2.22509 -2.90401e-17 10.5513 1.57691 -0.0262908 -0.092259 -0.288054 -1.29193e-17 4.78644 0.715339 1.39189 13.7321 5.53161 -1.8116e-17 4.82109 0.421791 0.198814 -7.07706 2.47921 -2.00958e-17 4.83041 0.765062 -8.54082 -13.0031 6.5921 1.23299 -7.60731 7.53374 8.273 -4.72674 4.20388 12.9547 3.2495 -3.26872 -68.0953 27.702 -19.7346 29.2081 0.0598081 0.137039 8.98498 -4.01648 -48.6941 24.234 0.0496219 0.113701 -2.28911 9.89643 1.15499 -1.23299 -7.60729 7.53365 -23.16 -3.68372 -4.88225 -12.9547 3.2495 -3.26872 94.5175 18.3801 3.6227 -29.2081 0.0598081 0.137039 -4.80671 -0.98742 23.7983 -24.234 0.0496218 0.113702 -7.44246 -13.9112 -9.81163 9.23673 -4.20556 2.0327 -12.1393 -19.5507 -10.7561 -0.852353 -38.7721 -0.655187 -9.56004 32.3162 2.19332 -2.32622 -40.4017 -6.04875 0.16308 -2.51233 15.4006 0.779096 -9.8844 12.4959 1.29017e-15 -7.40426e-16 -4.22886e-17 -9.23673 -4.20556 2.0327 -14.6797 -40.6606 21.3006 0.852353 -38.7721 -0.655187 0.821446 3.06791 0.0315621 2.32622 -40.4017 -6.04875 10.5917 20.1157 -17.4925 -0.779096 -9.8844 12.4959 -5.54349e-16 -5.65889e-16 -1.27447e-14 
3.45543 89.9463 51.1047 9.13575 13.663 6.41158 0 5.07867 -1.15138 -1.77639 -6.45466 -2.02154 0 5.61661 1.07143 -1.12165 -5.06606 -2.06372 -1.02604e-17 5.98978 0.11501 -0.722551 -2.06141 -1.92447 -1.10457e-17 6.50583 -0.443523 -0.0671846 3.06402 -1.89552 -1.97295e-17 7.60548 -1.50593 0.00506229 5.84282 -1.88241 -2.53307e-17 9.49737 -0.914492 -0.160913 6.79744 -1.89753 -2.90401e-17 10.5513 1.57691 -0.0394534 -0.105066 -0.310082 -1.29193e-17 4.78644 0.715339 1.30692 15.9119 4.14805 -1.8116e-17 4.82109 0.421791 -0.148483 -7.16897 1.8014 -2.00958e-17 4.83041 0.765062 -7.82685 -13.0477 7.22442 1.23299 -7.60731 7.53374 14.0003 -4.47128 5.48096 12.9547 3.2495 -3.26872 -72.0127 28.0042 -17.7729 29.2081 0.0598081 0.137039 8.11694 -3.13649 -42.7923 24.234 0.0496219 0.113701 -3.84347 4.63226 -1.10375 -1.23299 -7.60729 7.53365 -25.8848 -3.0308 -6.11932 -12.9547 3.2495 -3.26872 100.645 16.7557 0.0662564 -29.2081 0.0598081 0.137039 -4.33927 -0.795844 21.3703 -24.234 0.0496218 0.113702 -7.40779 -7.64698 -7.1528 9.23673 -4.20556 2.0327 -10.8878 -19.6897 -8.01097 -0.852353 -38.7721 -0.655187 -10.6492 35.1934 2.74783 -2.32622 -40.4017 -6.04875 -0.504015 -2.39404 15.458 0.779096 -9.8844 12.4959 -4.60647e-16 -8.19509e-16 3.67943e-17 -9.23673 -4.20556 2.0327 -13.6943 -40.8213 22.6564 0.852353 -38.7721 -0.655187 0.864196 3.22755 0.0320007 2.32622 -40.4017 -6.04875 10.9681 21.1136 -17.6503 -0.779096 -9.8844 12.4959 -2.80211e-15 -4.6626e-16 -1.2651e-14 
3.37676 89.8548 50.9171 8.73369 13.1317 5.84077 0 5.07867 -1.15138 -1.94441 -5.99453 -1.61123 0 5.61661 1.07143 -1.25215 -4.80471 -1.59282 -1.02604e-17 5.98978 0.11501 -0.839327 -2.15756 -1.4684 -1.10457e-17 6.50583 -0.443523 -0.17489 2.29219 -1.48492 -1.97295e-17 7.60548 -1.50593 -0.00505925 4.80295 -1.47226 -2.53307e-17 9.49737 -0.914492 -0.01461 5.357 -1.53911 -2.90401e-17 10.5513 1.57691 -0.0445137 -0.066737 -0.379119 -1.29193e-17 4.78644 0.715339 1.30487 18.7716 3.2543 -1.8116e-17 4.82109 0.421791 0.130058 -7.46316 1.35225 -2.00958e-17 4.83041 0.765062 -6.92144 -12.5406 7.02118 1.23299 -7.60731 7.53374 23.2699 -3.44089 7.10726 12.9547 3.2495 -3.26872 -69.947 29.9281 -15.9359 29.2081 0.0598081 0.137039 7.33959 -2.48339 -37.9378 24.234 0.0496219 0.113701 -9.0776 -6.79831 -7.01316 -1.23299 -7.60729 7.53365 -29.8629 -2.09465 -8.1324 -12.9547 3.2495 -3.26872 112.176 11.9465 -2.83928 -29.2081 0.0598081 0.137039 -3.87231 -0.627001 18.9823 -24.234 0.0496218 0.113702 -9.68416 4.31113 -5.41743 9.23673 -4.20556 2.0327 -9.64841 -19.5717 -5.7425 -0.852353 -38.7721 -0.655187 -11.5653 37.4648 3.25038 -2.32622 -40.4017 -6.04875 -0.835752 -2.62935 15.561 0.779096 -9.8844 12.4959 4.22417e-16 -7.82715e-16 2.88531e-33 -9.23673 -4.20556 2.0327 -12.2314 -41.1828 24.7101 0.852353 -38.7721 -0.655187 0.980509 3.66176 0.0325902 2.32622 -40.4017 -6.04875 11.6129 22.4416 -17.9884 -0.779096 -9.8844 12.4959 2.76005e-15 -7.07215e-16 -1.28828e-14 
3.31668 89.7235 50.6019 8.43343 12.4841 5.18706 0 5.07867 -1.15138 -1.52452 -5.56155 -1.85119 0 5.61661 1.07143 -0.77004 -4.44977 -1.74792 -1.02604e-17 5.98978 0.11501 -0.441173 -1.92185 -1.64551 -1.10457e-17 6.50583 -0.443523 0.184273 2.42072 -1.67142 -1.97295e-17 7.60548 -1.50593 0.2453 4.86039 -1.7212 -2.53307e-17 9.49737 -0.914492 0.0817467 5.15123 -1.84422 -2.90401e-17 10.5513 1.57691 -0.00994803 -0.175951 -0.38123 -1.29193e-17 4.78644 0.715339 1.25297 17.9853 4.34109 -1.8116e-17 4.82109 0.421791 -0.0635739 -6.54124 1.81729 -2.00958e-17 4.83041 0.765062 -9.08914 -13.0074 6.65601 1.23299 -7.60731 7.53374 26.4452 -2.47942 6.98526 12.9547 3.2495 -3.26872 -76.0085 32.6256 -10.685 29.2081 0.0598081 0.137039 8.36754 -3.3724 -44.4359 24.234 0.0496219 0.113701 -4.135 -14.2087 0.0945705 -1.23299 -7.60729 7.53365 -32.4451 -1.82732 -8.0398 -12.9547 3.2495 -3.26872 114.058 9.45989 -4.72361 -29.2081 0.0598081 0.137039 -4.37048 -0.807935 21.5311 -24.234 0.0496218 0.113702 -7.49885 13.2357 -3.98053 9.23673 -4.20556 2.0327 -8.95072 -18.829 -4.4709 -0.852353 -38.7721 -0.655187 -12.11 38.7526 3.5637 -2.32622 -40.4017 -6.04875 -0.980981 -3.80584 15.736 0.779096 -9.8844 12.4959 2.15988e-16 -7.89166e-16 6.45092e-18 -9.23673 -4.20556 2.0327 -10.929 -41.4278 26.0324 0.852353 -38.7721 -0.655187 1.13189 4.22656 0.032035 2.32622 -40.4017 -6.04875 12.3273 23.3415 -18.4469 -0.779096 -9.8844 12.4959 -5.54297e-16 -5.65891e-16 -1.27447e-14 
3.34226 89.5057 50.1693 8.33263 11.8607 4.40058 0 5.07867 -1.15138 -1.65155 -5.65373 -1.97244 0 5.61661 1.07143 -0.846086 -4.43389 -1.90932 -1.02604e-17 5.98978 0.11501 -0.481041 -1.77286 -1.83453 -1.10457e-17 6.50583 -0.443523 0.192622 2.78241 -1.8662 -1.97295e-17 7.60548 -1.50593 0.243591 5.37824 -1.90972 -2.53307e-17 9.49737 -0.914492 0.0149828 5.84047 -2.05901 -2.90401e-17 10.5513 1.57691 -0.0505941 -0.280366 -0.384271 -1.29193e-17 4.78644 0.715339 0.909293 16.3931 4.91225 -1.8116e-17 4.82109 0.421791 -0.50303 -6.6074 2.06636 -2.00958e-17 4.83041 0.765062 -8.24163 -12.5818 7.67458 1.23299 -7.60731 7.53374 26.9386 -2.04763 6.69719 12.9547 3.2495 -3.26872 -80.3397 29.209 -5.39576 29.2081 0.0598081 0.137039 8.81121 -3.82539 -47.4622 24.234 0.0496219 0.113701 -1.18312 -14.8145 3.80043 -1.23299 -7.60729 7.53365 -30.7178 -1.93048 -7.78203 -12.9547 3.2495 -3.26872 113.493 10.716 -5.12425 -29.2081 0.0598081 0.137039 -4.70653 -0.944429 23.2745 -24.234 0.0496218 0.113702 -6.35244 18.4426 -3.14291 9.23673 -4.20556 2.0327 -9.05924 -18.3361 -4.82106 -0.852353 -38.7721 -0.655187 -12.6422 39.9668 3.87965 -2.32622 -40.4017 -6.04875 -1.9736 -2.48639 15.7768 0.779096 -9.8844 12.4959 4.01374e-17 -7.91435e-16 8.72079e-18 -9.23673 -4.20556 2.0327 -9.89775 -41.6023 27.873 0.852353 -38.7721 -0.655187 1.25023 4.66779 0.0305592 2.32622 -40.4017 -6.04875 12.7114 23.8842 -18.619 -0.779096 -9.8844 12.4959 -3.73104e-15 -4.27554e-16 -1.26123e-14 
3.45655 89.185 49.6106 8.30106 11.2725 3.50147 0 5.07867 -1.15138 -1.57636 -5.82082 -1.94037 0 5.61661 1.07143 -0.81198 -4.47659 -1.89267 -1.02604e-17 5.98978 0.11501 -0.478452 -1.65939 -1.82993 -1.10457e-17 6.50583 -0.443523 0.165583 3.13341 -1.86671 -1.97295e-17 7.60548 -1.50593 0.18673 5.83618 -1.90391 -2.53307e-17 9.49737 -0.914492 -0.0814966 6.43213 -2.02542 -2.90401e-17 10.5513 1.57691 -0.100958 -0.322862 -0.400853 -1.29193e-17 4.78644 0.715339 0.663931 15.8328 5.13981 -1.8116e-17 4.82109 0.421791 -0.739434 -6.68358 2.16575 -2.00958e-17 4.83041 0.765062 -7.94743 -13.0237 7.93505 1.23299 -7.60731 7.53374 26.358 -2.31845 7.08553 12.9547 3.2495 -3.26872 -82.7475 24.2937 -4.15066 29.2081 0.0598081 0.137039 8.5951 -3.59878 -45.9681 24.234 0.0496219 0.113701 -0.45429 -13.0815 4.88778 -1.23299 -7.60729 7.53365 -29.8481 -2.04518 -8.40285 -12.9547 3.2495 -3.26872 113.356 11.8238 -5.21586 -29.2081 0.0598081 0.137039 -4.70659 -0.944455 23.2748 -24.234 0.0496218 0.113702 -5.92716 23.094 -1.03403 9.23673 -4.20556 2.0327 -9.38463 -17.3304 -5.1925 -0.852353 -38.7721 -0.655187 -12.6897 40.073 3.90829 -2.32622 -40.4017 -6.04875 -1.96741 -1.663 15.6994 0.779096 -9.8844 12.4959 4.95053e-16 -7.77697e-16 -5.01754e-18 -9.23673 -4.20556 2.0327 -8.6873 -41.9978 30.253 0.852353 -38.7721 -0.655187 1.46615 5.47194 0.0255122 2.32622 -40.4017 -6.04875 12.6536 24.1285 -18.661 -0.779096 -9.8844 12.4959 -1.43736e-15 -5.29097e-16 -1.27079e-14 
3.67124 88.7793 48.965 8.21402 10.6417 2.64073 0 5.07867 -1.15138 -1.33121 -5.78703 -1.79373 0 5.61661 1.07143 -0.651578 -4.39754 -1.73376 -1.02604e-17 5.98978 0.11501 -0.395902 -1.58307 -1.6765 -1.10457e-17 6.50583 -0.443523 0.162221 3.20462 -1.71135 -1.97295e-17 7.60548 -1.50593 0.141917 5.88972 -1.75718 -2.53307e-17 9.49737 -0.914492 -0.145325 6.49418 -1.84024 -2.90401e-17 10.5513 1.57691 -0.133294 -0.313846 -0.399835 -1.29193e-17 4.78644 0.715339 0.615112 15.1063 5.23241 -1.8116e-17 4.82109 0.421791 -0.838298 -6.2412 2.21215 -2.00958e-17 4.83041 0.765062 -8.24105 -12.9375 7.42775 1.23299 -7.60731 7.53374 24.8227 -2.57249 7.22329 12.9547 3.2495 -3.26872 -84.2027 19.5199 -2.91351 29.2081 0.0598081 0.137039 8.36467 -3.36961 -44.4168 24.234 0.0496219 0.113701 -0.198114 -10.5869 4.77461 -1.23299 -7.60729 7.53365 -29.1267 -1.72038 -8.75405 -12.9547 3.2495 -3.26872 112.382 13.7517 -5.83104 -29.2081 0.0598081 0.137039 -5.10699 -1.12297 25.3807 -24.234 0.0496218 0.113702 -4.45998 25.6408 -0.78364 9.23673 -4.20556 2.0327 -9.69335 -16.0785 -5.8569 -0.852353 -38.7721 -0.655187 -12.4764 39.5932 3.78021 -2.32622 -40.4017 -6.04875 -1.79003 -1.24829 15.5914 0.779096 -9.8844 12.4959 -1.359e-15 -8.60007e-16 7.72919e-17 -9.23673 -4.20556 2.0327 -7.49974 -42.3343 32.7308 0.852353 -38.7721 -0.655187 1.70584 6.36288 0.016351 2.32622 -40.4017 -6.04875 12.6874 23.8519 -18.74 -0.779096 -9.8844 12.4959 -5.5889e-15 -3.46918e-16 -1.25317e-14 
3.98121 88.3079 48.2619 8.02334 9.90757 2.08518 0 5.07867 -1.15138 -1.01623 -5.75694 -1.59155 0 5.61661 1.07143 -0.467479 -4.36261 -1.50278 -1.02604e-17 5.98978 0.11501 -0.323816 -1.55382 -1.44975 -1.10457e-17 6.50583 -0.443523 0.118002 3.26368 -1.48158 -1.97295e-17 7.60548 -1.50593 0.0447285 5.93439 -1.53311 -2.53307e-17 9.49737 -0.914492 -0.254662 6.53969 -1.54119 -2.90401e-17 10.5513 1.57691 -0.147155 -0.295991 -0.399386 -1.29193e-17 4.78644 0.715339 0.686544 14.5708 4.83331 -1.8116e-17 4.82109 0.421791 -0.896165 -6.11213 2.04425 -2.00958e-17 4.83041 0.765062 -8.35665 -12.6338 6.97702 1.23299 -7.60731 7.53374 22.5665 -2.99994 7.13601 12.9547 3.2495 -3.26872 -84.905 15.1543 -1.92229 29.2081 0.0598081 0.137039 8.32243 -3.32892 -44.1368 24.234 0.0496219 0.113701 0.292719 -7.37721 5.21824 -1.23299 -7.60729 7.53365 -29.2269 -1.4028 -8.98256 -12.9547 3.2495 -3.26872 111.032 16.6758 -6.96464 -29.2081 0.0598081 0.137039 -5.82701 -1.49015 29.2606 -24.234 0.0496218 0.113702 -1.54497 25.323 -1.92111 9.23673 -4.20556 2.0327 -10.0114 -14.6932 -7.02519 -0.852353 -38.7721 -0.655187 -12.049 38.6108 3.52812 -2.32622 -40.4017 -6.04875 -1.59221 -1.20799 15.5231 0.779096 -9.8844 12.4959 -4.60647e-16 -8.19509e-16 3.67943e-17 -9.23673 -4.20556 2.0327 -6.48378 -42.6226 34.853 0.852353 -38.7721 -0.655187 2.02373 7.541 -0.00156355 2.32622 -40.4017 -6.04875 12.516 23.1472 -18.6528 -0.779096 -9.8844 12.4959 -4.67145e-15 -3.89445e-16 -1.2565e-14 
4.38597 87.7829 47.5247 7.71127 9.22917 2.33597 0 5.07867 -1.15138 -0.761945 -5.69554 -1.40725 0 5.61661 1.07143 -0.316169 -4.31335 -1.28537 -1.02604e-17 5.98978 0.11501 -0.263357 -1.53222 -1.23549 -1.10457e-17 6.50583 -0.443523 0.0777071 3.2612 -1.26089 -1.97295e-17 7.60548 -1.50593 -0.0357017 5.9231 -1.31418 -2.53307e-17 9.49737 -0.914492 -0.341569 6.53088 -1.27063 -2.90401e-17 10.5513 1.57691 -0.169819 -0.268857 -0.382826 -1.29193e-17 4.78644 0.715339 0.700941 14.0534 4.27062 -1.8116e-17 4.82109 0.421791 -1.09569 -6.00756 1.78302 -2.00958e-17 4.83041 0.765062 -8.02678 -12.299 6.12312 1.23299 -7.60731 7.53374 21.0926 -3.28716 7.05731 12.9547 3.2495 -3.26872 -85.6549 11.4844 -1.30039 29.2081 0.0598081 0.137039 8.35659 -3.3618 -44.3632 24.234 0.0496219 0.113701 0.493846 -3.96365 5.28522 -1.23299 -7.60729 7.53365 -28.8727 -1.0129 -9.03571 -12.9547 3.2495 -3.26872 110.282 19.2682 -8.64492 -29.2081 0.0598081 0.137039 -6.59762 -1.95523 33.5761 -24.234 0.0496218 0.113702 0.102818 23.9455 -2.81801 9.23673 -4.20556 2.0327 -10.5187 -13.2363 -9.26173 -0.852353 -38.7721 -0.655187 -11.359 36.9651 3.1345 -2.32622 -40.4017 -6.04875 -1.42155 -1.43618 15.5021 0.779096 -9.8844 12.4959 2.15988e-16 -7.89166e-16 6.45092e-18 -9.23673 -4.20556 2.0327 -6.28413 -42.6733 35.8132 0.852353 -38.7721 -0.655187 2.32306 8.64581 -0.0244202 2.32622 -40.4017 -6.04875 12.6102 21.4608 -18.7171 -0.779096 -9.8844 12.4959 2.56891e-15 -7.01242e-16 -1.288e-14 
4.84899 87.2082 46.7684 7.50254 8.88658 3.23628 0 5.07867 -1.15138 -0.661744 -5.74673 -1.24356 0 5.61661 1.07143 -0.281472 -4.37027 -1.10252 -1.02604e-17 5.98978 0.11501 -0.274051 -1.5731 -1.04725 -1.10457e-17 6.50583 -0.443523 0.00933749 3.2485 -1.06082 -1.97295e-17 7.60548 -1.50593 -0.109421 5.95172 -1.10589 -2.53307e-17 9.49737 -0.914492 -0.386328 6.6074 -1.03414 -2.90401e-17 10.5513 1.57691 -0.183263 -0.237523 -0.35466 -1.29193e-17 4.78644 0.715339 0.708092 13.6353 3.78022 -1.8116e-17 4.82109 0.421791 -1.12745 -5.92071 1.54595 -2.00958e-17 4.83041 0.765062 -7.72036 -12.0774 4.67117 1.23299 -7.60731 7.53374 19.8502 -3.5323 7.02541 12.9547 3.2495 -3.26872 -86.467 8.75 -1.11202 29.2081 0.0598081 0.137039 8.48831 -3.49105 -45.2442 24.234 0.0496219 0.113701 0.920125 -0.12407 5.43467 -1.23299 -7.60729 7.53365 -28.0329 -0.723442 -8.89575 -12.9547 3.2495 -3.26872 109.204 21.1459 -10.12 -29.2081 0.0598081 0.137039 -7.33368 -2.47877 37.901 -24.234 0.0496218 0.113702 1.27275 21.7756 -3.55013 9.23673 -4.20556 2.0327 -11.6465 -11.938 -13.0935 -0.852353 -38.7721 -0.655187 -10.4572 34.7002 2.64656 -2.32622 -40.4017 -6.04875 -0.680332 -2.00375 15.4358 0.779096 -9.8844 12.4959 -6.30773e-17 -7.94661e-16 1.19463e-17 -9.23673 -4.20556 2.0327 -7.07406 -42.7774 35.4904 0.852353 -38.7721 -0.655187 2.57102 9.55714 -0.0477346 2.32622 -40.4017 -6.04875 12.6477 19.0525 -18.6762 -0.779096 -9.8844 12.4959 3.04293e-15 -7.1701e-16 -1.2905e-14 
5.3457 86.5982 45.9705 7.57445 8.96689 4.07398 0 5.07867 -1.15138 -0.669066 -5.87891 -1.10297 0 5.61661 1.07143 -0.325179 -4.50055 -0.959098 -1.02604e-17 5.98978 0.11501 -0.331833 -1.68744 -0.893726 -1.10457e-17 6.50583 -0.443523 -0.0752536 3.1621 -0.895185 -1.97295e-17 7.60548 -1.50593 -0.180453 5.92594 -0.923504 -2.53307e-17 9.49737 -0.914492 -0.410235 6.64413 -0.83532 -2.90401e-17 10.5513 1.57691 -0.193944 -0.208814 -0.326018 -1.29193e-17 4.78644 0.715339 0.701645 13.1036 3.33983 -1.8116e-17 4.82109 0.421791 -1.0778 -5.63462 1.32392 -2.00958e-17 4.83041 0.765062 -7.54639 -11.7923 3.31651 1.23299 -7.60731 7.53374 18.7297 -3.6857 6.88578 12.9547 3.2495 -3.26872 -86.9048 6.41491 -1.09628 29.2081 0.0598081 0.137039 8.61715 -3.62139 -46.1188 24.234 0.0496219 0.113701 1.30139 3.56414 5.27919 -1.23299 -7.60729 7.53365 -26.8406 -0.494352 -8.60426 -12.9547 3.2495 -3.26872 107.758 22.4898 -11.3033 -29.2081 0.0598081 0.137039 -8.05888 -3.08364 42.4163 -24.234 0.0496218 0.113702 2.21062 19.6589 -4.49681 9.23673 -4.20556 2.0327 -13.1433 -11.0087 -17.0121 -0.852353 -38.7721 -0.655187 -9.65384 32.5717 2.23913 -2.32622 -40.4017 -6.04875 0.437611 -3.1099 15.3336 0.779096 -9.8844 12.4959 7.16772e-16 -7.64317e-16 -1.83972e-17 -9.23673 -4.20556 2.0327 -8.47831 -43.0289 34.9572 0.852353 -38.7721 -0.655187 2.66169 9.88941 -0.0572471 2.32622 -40.4017 -6.04875 12.8593 16.5007 -18.5848 -0.779096 -9.8844 12.4959 7.44296e-15 -9.06477e-16 -1.30912e-14 
5.81875 86.0203 45.0425 7.82007 9.33947 4.55004 0 5.07867 -1.15138 -0.729774 -6.04165 -0.976024 0 5.61661 1.07143 -0.406683 -4.65731 -0.835524 -1.02604e-17 5.98978 0.11501 -0.40976 -1.84917 -0.756955 -1.10457e-17 6.50583 -0.443523 -0.164548 2.99452 -0.748053 -1.97295e-17 7.60548 -1.50593 -0.244707 5.80317 -0.755454 -2.53307e-17 9.49737 -0.914492 -0.416809 6.56882 -0.65551 -2.90401e-17 10.5513 1.57691 -0.199987 -0.183474 -0.299179 -1.29193e-17 4.78644 0.715339 0.686357 12.4693 2.82936 -1.8116e-17 4.82109 0.421791 -1.00407 -5.26333 1.07116 -2.00958e-17 4.83041 0.765062 -7.36841 -11.2773 2.44633 1.23299 -7.60731 7.53374 17.7576 -3.77636 6.65973 12.9547 3.2495 -3.26872 -87.2484 4.54383 -1.27134 29.2081 0.0598081 0.137039 8.72314 -3.73164 -46.8486 24.234 0.0496219 0.113701 1.93533 7.099 5.16017 -1.23299 -7.60729 7.53365 -25.5112 -0.316509 -8.25924 -12.9547 3.2495 -3.26872 106.18 22.9456 -12.1887 -29.2081 0.0598081 0.137039 -8.64831 -3.65343 46.3311 -24.234 0.0496218 0.113702 2.87276 18.5055 -5.05838 9.23673 -4.20556 2.0327 -14.4299 -10.7413 -19.115 -0.852353 -38.7721 -0.655187 -9.32231 31.6624 2.07891 -2.32622 -40.4017 -6.04875 2.11599 -5.94931 15.3101 0.779096 -9.8844 12.4959 6.28847e-16 -7.73038e-16 -9.67637e-18 -9.23673 -4.20556 2.0327 -10.0613 -43.2897 34.4305 0.852353 -38.7721 -0.655187 2.47994 9.22285 -0.038711 2.32622 -40.4017 -6.04875 13.157 14.9491 -18.5136 -0.779096 -9.8844 12.4959 1.94104e-15 -4.66501e-16 -1.26356e-14 
6.17992 85.5395 43.9241 8.02441 10.0137 4.39385 0 5.07867 -1.15138 -0.787558 -6.28115 -0.844971 0 5.61661 1.07143 -0.479301 -4.86786 -0.710855 -1.02604e-17 5.98978 0.11501 -0.473092 -2.04322 -0.617593 -1.10457e-17 6.50583 -0.443523 -0.23652 2.81671 -0.599633 -1.97295e-17 7.60548 -1.50593 -0.288837 5.67498 -0.586349 -2.53307e-17 9.49737 -0.914492 -0.40121 6.48752 -0.480351 -2.90401e-17 10.5513 1.57691 -0.202228 -0.170985 -0.27564 -1.29193e-17 4.78644 0.715339 0.637255 11.798 2.51998 -1.8116e-17 4.82109 0.421791 -0.892822 -4.90775 0.91761 -2.00958e-17 4.83041 0.765062 -7.24341 -10.7379 1.80541 1.23299 -7.60731 7.53374 16.9212 -3.88166 6.46974 12.9547 3.2495 -3.26872 -87.582 2.64117 -1.55194 29.2081 0.0598081 0.137039 8.78351 -3.79571 -47.2685 24.234 0.0496219 0.113701 2.74766 10.6679 4.7855 -1.23299 -7.60729 7.53365 -24.045 -0.209193 -8.00121 -12.9547 3.2495 -3.26872 104.559 22.839 -12.4402 -29.2081 0.0598081 0.137039 -9.06793 -4.11056 49.2912 -24.234 0.0496218 0.113702 3.26957 18.5385 -5.12177 9.23673 -4.20556 2.0327 -15.4114 -11.2851 -19.7506 -0.852353 -38.7721 -0.655187 -9.45227 32.021 2.14115 -2.32622 -40.4017 -6.04875 4.52226 -11.6416 15.6394 0.779096 -9.8844 12.4959 1.11434e-15 -7.48668e-16 -3.40467e-17 -9.23673 -4.20556 2.0327 -11.2375 -43.6515 34.0865 0.852353 -38.7721 -0.655187 2.00515 7.47224 -0.000335576 2.32622 -40.4017 -6.04875 13.8117 14.7749 -18.7059 -0.779096 -9.8844 12.4959 -1.13345e-14 6.86548e-16 -1.14609e-14 
6.39583 85.3606 42.6222 8.01709 10.7804 3.67985 0 5.07867 -1.15138 -0.802975 -6.69823 -0.723239 0 5.61661 1.07143 -0.511042 -5.20854 -0.594131 -1.02604e-17 5.98978 0.11501 -0.500428 -2.26636 -0.487274 -1.10457e-17 6.50583 -0.443523 -0.276115 2.77281 -0.460568 -1.97295e-17 7.60548 -1.50593 -0.309308 5.73535 -0.429928 -2.53307e-17 9.49737 -0.914492 -0.376568 6.63635 -0.318735 -2.90401e-17 10.5513 1.57691 -0.202373 -0.188925 -0.260725 -1.29193e-17 4.78644 0.715339 0.557958 11.3049 2.35114 -1.8116e-17 4.82109 0.421791 -0.827558 -4.74248 0.835027 -2.00958e-17 4.83041 0.765062 -7.04639 -10.53 1.4859 1.23299 -7.60731 7.53374 16.163 -4.15191 6.35391 12.9547 3.2495 -3.26872 -88.0964 0.379431 -1.93226 29.2081 0.0598081 0.137039 8.85043 -3.86783 -47.7379 24.234 0.0496219 0.113701 3.60466 14.4445 4.40632 -1.23299 -7.60729 7.53365 -22.5704 -0.293211 -7.85047 -12.9547 3.2495 -3.26872 102.884 22.5977 -12.0352 -29.2081 0.0598081 0.137039 -9.35661 -4.45444 51.4318 -24.234 0.0496218 0.113702 3.62319 19.2861 -4.78499 9.23673 -4.20556 2.0327 -15.7265 -11.3406 -19.5045 -0.852353 -38.7721 -0.655187 -8.72118 29.9675 1.80081 -2.32622 -40.4017 -6.04875 5.8549 -14.6287 15.8819 0.779096 -9.8844 12.4959 9.232e-16 -7.54641e-16 -2.80735e-17 -9.23673 -4.20556 2.0327 -11.6775 -43.7831 34.1214 0.852353 -38.7721 -0.655187 1.3527 5.04956 0.0285432 2.32622 -40.4017 -6.04875 14.3117 13.9096 -18.666 -0.779096 -9.8844 12.4959 -8.35188e-15 3.50626e-16 -1.17973e-14 
6.49306 85.4421 41.2274 7.79174 10.7436 2.98018 0 5.07867 -1.15138 -0.824269 -7.17204 -0.609386 0 5.61661 1.07143 -0.54566 -5.56463 -0.487054 -1.02604e-17 5.98978 0.11501 -0.526507 -2.41454 -0.370714 -1.10457e-17 6.50583 -0.443523 -0.310425 2.93541 -0.334671 -1.97295e-17 7.60548 -1.50593 -0.321969 6.02568 -0.289085 -2.53307e-17 9.49737 -0.914492 -0.349091 7.05428 -0.172396 -2.90401e-17 10.5513 1.57691 -0.201375 -0.223851 -0.25232 -1.29193e-17 4.78644 0.715339 0.477995 11.2081 2.20203 -1.8116e-17 4.82109 0.421791 -0.865439 -4.85823 0.76614 -2.00958e-17 4.83041 0.765062 -6.5593 -10.446 1.23092 1.23299 -7.60731 7.53374 15.3455 -4.61999 6.23468 12.9547 3.2495 -3.26872 -88.5385 -2.01895 -2.60897 29.2081 0.0598081 0.137039 8.88285 -3.9032 -47.9668 24.234 0.0496219 0.113701 4.20484 18.3004 4.05881 -1.23299 -7.60729 7.53365 -21.1888 -0.581986 -7.69909 -12.9547 3.2495 -3.26872 101.302 22.5561 -11.2696 -29.2081 0.0598081 0.137039 -9.52087 -4.66227 52.6943 -24.234 0.0496218 0.113702 3.84697 19.8766 -4.24591 9.23673 -4.20556 2.0327 -15.5879 -10.6029 -18.9 -0.852353 -38.7721 -0.655187 -7.8797 27.4957 1.43971 -2.32622 -40.4017 -6.04875 7.12116 -17.3746 16.1814 0.779096 -9.8844 12.4959 1.11435e-15 -7.48668e-16 -3.40468e-17 -9.23673 -4.20556 2.0327 -11.819 -42.341 33.7616 0.852353 -38.7721 -0.655187 0.573568 2.14202 0.0266688 2.32622 -40.4017 -6.04875 13.8443 10.2774 -17.8064 -0.779096 -9.8844 12.4959 4.77874e-16 -6.11049e-16 -1.27866e-14 
6.55305 85.8286 39.7725 7.82132 9.08289 2.73854 0 5.07867 -1.15138 -1.00816 -7.37512 -0.484024 0 5.61661 1.07143 -0.726172 -5.64518 -0.393107 -1.02604e-17 5.98978 0.11501 -0.663245 -2.30419 -0.275263 -1.10457e-17 6.50583 -0.443523 -0.421912 3.28715 -0.232368 -1.97295e-17 7.60548 -1.50593 -0.377296 6.43103 -0.164657 -2.53307e-17 9.49737 -0.914492 -0.334055 7.57228 -0.0422415 -2.90401e-17 10.5513 1.57691 -0.200029 -0.240502 -0.252549 -1.29193e-17 4.78644 0.715339 0.429155 11.6955 1.9198 -1.8116e-17 4.82109 0.421791 -0.933342 -5.26619 0.63963 -2.00958e-17 4.83041 0.765062 -5.76901 -10.3285 0.909913 1.23299 -7.60731 7.53374 14.3056 -5.18483 6.05688 12.9547 3.2495 -3.26872 -88.2934 -4.1773 -3.74366 29.2081 0.0598081 0.137039 8.80689 -3.82078 -47.4321 24.234 0.0496219 0.113701 4.20956 21.4388 3.6006 -1.23299 -7.60729 7.53365 -20.0481 -1.02803 -7.51401 -12.9547 3.2495 -3.26872 99.8966 22.803 -10.2094 -29.2081 0.0598081 0.137039 -9.55961 -4.71268 52.9972 -24.234 0.0496218 0.113702 3.96669 19.8394 -3.74052 9.23673 -4.20556 2.0327 -15.5047 -8.11788 -18.3268 -0.852353 -38.7721 -0.655187 -6.82395 24.2338 1.03624 -2.32622 -40.4017 -6.04875 7.65072 -18.2618 16.29 0.779096 -9.8844 12.4959 1.02641e-15 -7.51416e-16 -3.12987e-17 -9.23673 -4.20556 2.0327 -12.5163 -38.7228 32.3733 0.852353 -38.7721 -0.655187 -0.331279 -1.23503 -0.0251298 2.32622 -40.4017 -6.04875 12.9787 6.75344 -16.9294 -0.779096 -9.8844 12.4959 -7.87504e-16 -5.56334e-16 -1.27319e-14 
6.63402 86.3438 38.2846 8.17749 6.59581 2.60313 0 5.07867 -1.15138 -1.29476 -7.29843 -0.348287 0 5.61661 1.07143 -1.00104 -5.46517 -0.30472 -1.02604e-17 5.98978 0.11501 -0.876115 -1.9854 -0.194423 -1.10457e-17 6.50583 -0.443523 -0.589947 3.74684 -0.149743 -1.97295e-17 7.60548 -1.50593 -0.46942 6.87396 -0.0585512 -2.53307e-17 9.49737 -0.914492 -0.335751 8.07874 0.0727688 -2.90401e-17 10.5513 1.57691 -0.195114 -0.240961 -0.263937 -1.29193e-17 4.78644 0.715339 0.45634 12.6819 1.52857 -1.8116e-17 4.82109 0.421791 -0.88864 -5.82608 0.468576 -2.00958e-17 4.83041 0.765062 -5.12631 -10.6674 0.767532 1.23299 -7.60731 7.53374 13.1422 -5.74948 5.89302 12.9547 3.2495 -3.26872 -88.1194 -5.54207 -4.93312 29.2081 0.0598081 0.137039 8.74791 -3.75783 -47.0206 24.234 0.0496219 0.113701 4.22352 23.3751 3.33345 -1.23299 -7.60729 7.53365 -19.5596 -1.563 -7.45226 -12.9547 3.2495 -3.26872 98.8485 23.2584 -9.01102 -29.2081 0.0598081 0.137039 -9.57302 -4.73026 53.1025 -24.234 0.0496218 0.113702 4.25417 19.4745 -3.33303 9.23673 -4.20556 2.0327 -15.6465 -5.08297 -17.6512 -0.852353 -38.7721 -0.655187 -5.86166 21.1122 0.71989 -2.32622 -40.4017 -6.04875 7.77647 -17.9681 16.2534 0.779096 -9.8844 12.4959 6.86236e-16 -7.71722e-16 -1.09924e-17 -9.23673 -4.20556 2.0327 -13.2822 -34.7488 30.6262 0.852353 -38.7721 -0.655187 -0.972247 -3.61497 -0.0938157 2.32622 -40.4017 -6.04875 12.2133 4.92631 -16.4351 -0.779096 -9.8844 12.4959 -1.98785e-16 -5.8393e-16 -1.27595e-14 
6.82684 86.6725 36.7668 8.29851 6.0438 2.69361 0 5.07867 -1.15138 -1.54178 -7.302 -0.262012 0 5.61661 1.07143 -1.24238 -5.43482 -0.246297 -1.02604e-17 5.98978 0.11501 -1.06811 -1.87845 -0.140005 -1.10457e-17 6.50583 -0.443523 -0.741083 3.96119 -0.093724 -1.97295e-17 7.60548 -1.50593 -0.55903 7.09988 0.0165937 -2.53307e-17 9.49737 -0.914492 -0.34786 8.32987 0.156985 -2.90401e-17 10.5513 1.57691 -0.18188 -0.240738 -0.27263 -1.29193e-17 4.78644 0.715339 0.528619 13.442 1.05268 -1.8116e-17 4.82109 0.421791 -0.70541 -6.19801 0.256168 -2.00958e-17 4.83041 0.765062 -4.6308 -11.737 0.667031 1.23299 -7.60731 7.53374 12.6763 -6.06501 5.88532 12.9547 3.2495 -3.26872 -88.4386 -5.62282 -5.43147 29.2081 0.0598081 0.137039 8.90321 -3.92557 -48.111 24.234 0.0496219 0.113701 4.02597 23.6153 3.36656 -1.23299 -7.60729 7.53365 -19.6932 -1.90465 -7.48102 -12.9547 3.2495 -3.26872 98.3663 23.6429 -8.6452 -29.2081 0.0598081 0.137039 -9.77529 -5.00379 54.7233 -24.234 0.0496218 0.113702 4.49557 18.786 -2.99424 9.23673 -4.20556 2.0327 -15.7332 -4.88774 -17.2563 -0.852353 -38.7721 -0.655187 -5.43431 19.6833 0.595953 -2.32622 -40.4017 -6.04875 8.06454 -17.91 16.2881 0.779096 -9.8844 12.4959 -1.75658e-15 -8.72431e-16 8.97164e-17 -9.23673 -4.20556 2.0327 -14.1264 -33.3896 28.514 0.852353 -38.7721 -0.655187 -1.1516 -4.27775 -0.117735 2.32622 -40.4017 -6.04875 11.7515 3.83457 -16.2156 -0.779096 -9.8844 12.4959 -4.05205e-16 -5.74254e-16 -1.27498e-14 
7.14953 86.9225 35.236 8.00454 6.39386 3.27857 0 5.07867 -1.15138 -1.68662 -7.1604 -0.250447 0 5.61661 1.07143 -1.38503 -5.34488 -0.238068 -1.02604e-17 5.98978 0.11501 -1.18306 -1.86601 -0.128408 -1.10457e-17 6.50583 -0.443523 -0.835551 3.84991 -0.0785696 -1.97295e-17 7.60548 -1.50593 -0.618193 6.92809 0.039683 -2.53307e-17 9.49737 -0.914492 -0.360614 8.12489 0.182216 -2.90401e-17 10.5513 1.57691 -0.165546 -0.212888 -0.260853 -1.29193e-17 4.78644 0.715339 0.594427 13.218 0.773064 -1.8116e-17 4.82109 0.421791 -0.563473 -6.23828 0.132937 -2.00958e-17 4.83041 0.765062 -4.15471 -11.9233 0.165648 1.23299 -7.60731 7.53374 12.1576 -5.93413 5.62891 12.9547 3.2495 -3.26872 -88.7269 -4.44752 -5.42441 29.2081 0.0598081 0.137039 9.15082 -4.20679 -49.8978 24.234 0.0496219 0.113701 3.8865 22.8819 3.68211 -1.23299 -7.60729 7.53365 -19.6574 -1.8977 -7.17803 -12.9547 3.2495 -3.26872 97.7323 23.8365 -9.08378 -29.2081 0.0598081 0.137039 -10.0928 -5.4685 57.4043 -24.234 0.0496218 0.113702 4.60823 17.6595 -3.05218 9.23673 -4.20556 2.0327 -15.5621 -6.18538 -17.6052 -0.852353 -38.7721 -0.655187 -5.36716 19.4565 0.577429 -2.32622 -40.4017 -6.04875 8.23442 -18.0064 16.364 0.779096 -9.8844 12.4959 -6.5181e-16 -8.22258e-16 3.9543e-17 -9.23673 -4.20556 2.0327 -14.8361 -33.4854 25.9362 0.852353 -38.7721 -0.655187 -0.873989 -3.2512 -0.0815797 2.32622 -40.4017 -6.04875 11.1211 3.15101 -16.0756 -0.779096 -9.8844 12.4959 -8.90713e-16 -5.49883e-16 -1.27287e-14 
7.4628 87.42 33.9116 7.43087 5.91656 3.71184 0 5.07867 -1.15138 -1.71236 -7.0546 -0.258051 0 5.61661 1.07143 -1.41343 -5.21676 -0.248005 -1.02604e-17 5.98978 0.11501 -1.20336 -1.74609 -0.137829 -1.10457e-17 6.50583 -0.443523 -0.863193 3.90701 -0.0855309 -1.97295e-17 7.60548 -1.50593 -0.640985 6.95716 0.0329412 -2.53307e-17 9.49737 -0.914492 -0.38253 8.18691 0.167901 -2.90401e-17 10.5513 1.57691 -0.162103 -0.192732 -0.2392 -1.29193e-17 4.78644 0.715339 0.583721 12.3811 0.552942 -1.8116e-17 4.82109 0.421791 -0.545247 -6.33447 0.0371739 -2.00958e-17 4.83041 0.765062 -3.62913 -11.3779 0.0292996 1.23299 -7.60731 7.53374 10.5085 -5.77321 5.13329 12.9547 3.2495 -3.26872 -88.8353 -3.70752 -5.76453 29.2081 0.0598081 0.137039 9.22245 -4.29152 -50.4268 24.234 0.0496219 0.113701 4.34759 22.7662 2.99193 -1.23299 -7.60729 7.53365 -18.2429 -1.9732 -6.7047 -12.9547 3.2495 -3.26872 95.8015 24.1376 -8.7512 -29.2081 0.0598081 0.137039 -10.2874 -5.77818 59.146 -24.234 0.0496218 0.113702 4.44643 16.8088 -3.12138 9.23673 -4.20556 2.0327 -14.9408 -6.61075 -18.1171 -0.852353 -38.7721 -0.655187 -5.25196 19.0661 0.546261 -2.32622 -40.4017 -6.04875 8.08046 -17.2278 16.2988 0.779096 -9.8844 12.4959 4.07147e-16 -7.77218e-16 -5.49622e-18 -9.23673 -4.20556 2.0327 -14.6827 -33.1628 24.4905 0.852353 -38.7721 -0.655187 -0.311894 -1.16284 -0.0234639 2.32622 -40.4017 -6.04875 10.665 3.40927 -16.0221 -0.779096 -9.8844 12.4959 -4.93144e-16 -5.65532e-16 -1.27503e-14 
7.55675 88.1135 32.9097 6.57911 4.81209 2.97829 0 5.07867 -1.15138 -1.54014 -6.98742 -0.139435 0 5.61661 1.07143 -1.28827 -5.09927 -0.108736 -1.02604e-17 5.98978 0.11501 -1.11448 -1.61235 -0.000538519 -1.10457e-17 6.50583 -0.443523 -0.830163 4.00945 0.0480461 -1.97295e-17 7.60548 -1.50593 -0.619839 7.04279 0.158261 -2.53307e-17 9.49737 -0.914492 -0.359273 8.27911 0.284333 -2.90401e-17 10.5513 1.57691 -0.164916 -0.18056 -0.222359 -1.29193e-17 4.78644 0.715339 0.475895 12.2843 0.373437 -1.8116e-17 4.82109 0.421791 -0.424925 -6.45231 -0.0422073 -2.00958e-17 4.83041 0.765062 -3.34666 -11.1133 0.238112 1.23299 -7.60731 7.53374 10.1429 -5.65723 5.13342 12.9547 3.2495 -3.26872 -88.366 -2.72134 -6.12658 29.2081 0.0598081 0.137039 9.14852 -4.2041 -49.881 24.234 0.0496219 0.113701 3.56823 21.0716 2.54662 -1.23299 -7.60729 7.53365 -16.7408 -2.04789 -6.67319 -12.9547 3.2495 -3.26872 93.9415 24.315 -7.62217 -29.2081 0.0598081 0.137039 -10.3139 -5.82197 59.3897 -24.234 0.0496218 0.113702 4.63913 16.8184 -2.97527 9.23673 -4.20556 2.0327 -13.5743 -6.29562 -17.5815 -0.852353 -38.7721 -0.655187 -5.05106 18.381 0.493759 -2.32622 -40.4017 -6.04875 8.0011 -15.8228 16.1304 0.779096 -9.8844 12.4959 -3.57451e-16 -8.13059e-16 3.03443e-17 -9.23673 -4.20556 2.0327 -12.8871 -32.6708 25.7015 0.852353 -38.7721 -0.655187 0.406798 1.519 0.0211222 2.32622 -40.4017 -6.04875 10.7706 4.73671 -16.0582 -0.779096 -9.8844 12.4959 -5.08414e-16 -5.71029e-16 -1.27466e-14 
7.51093 88.8422 32.1571 5.80753 3.89531 1.02525 0 5.07867 -1.15138 -1.29826 -6.9519 0.054397 0 5.61661 1.07143 -1.12104 -5.02419 0.122385 -1.02604e-17 5.98978 0.11501 -1.00606 -1.54019 0.226915 -1.10457e-17 6.50583 -0.443523 -0.799353 4.03689 0.267757 -1.97295e-17 7.60548 -1.50593 -0.600174 7.04511 0.36693 -2.53307e-17 9.49737 -0.914492 -0.320554 8.24373 0.495286 -2.90401e-17 10.5513 1.57691 -0.158837 -0.184416 -0.209317 -1.29193e-17 4.78644 0.715339 0.325755 12.2116 0.471515 -1.8116e-17 4.82109 0.421791 -0.297372 -6.3539 0.00987145 -2.00958e-17 4.83041 0.765062 -3.32028 -10.9056 0.719236 1.23299 -7.60731 7.53374 10.4588 -5.43202 5.25053 12.9547 3.2495 -3.26872 -87.7685 -0.943187 -5.5596 29.2081 0.0598081 0.137039 9.18407 -4.24593 -50.1427 24.234 0.0496219 0.113701 2.81335 17.8036 2.9055 -1.23299 -7.60729 7.53365 -15.7317 -2.02502 -6.79912 -12.9547 3.2495 -3.26872 92.5606 24.411 -6.68997 -29.2081 0.0598081 0.137039 -10.3232 -5.83752 59.4761 -24.234 0.0496218 0.113702 5.23456 17.2987 -2.46739 9.23673 -4.20556 2.0327 -11.9558 -5.94803 -15.5778 -0.852353 -38.7721 -0.655187 -4.73981 17.3096 0.417114 -2.32622 -40.4017 -6.04875 7.80292 -14.2312 15.9392 0.779096 -9.8844 12.4959 6.13567e-16 -7.67542e-16 -1.51722e-17 -9.23673 -4.20556 2.0327 -9.97766 -32.5988 28.8931 0.852353 -38.7721 -0.655187 1.27316 4.75325 0.0301675 2.32622 -40.4017 -6.04875 10.6213 6.53971 -16.1501 -0.779096 -9.8844 12.4959 -1.18507e-15 -5.40684e-16 -1.27195e-14 
7.49833 89.5009 31.4379 5.10548 3.87368 -1.15124 0 5.07867 -1.15138 -1.08917 -6.90172 0.215447 0 5.61661 1.07143 -0.979709 -4.97909 0.318042 -1.02604e-17 5.98978 0.11501 -0.91717 -1.56959 0.420174 -1.10457e-17 6.50583 -0.443523 -0.777391 3.87588 0.454028 -1.97295e-17 7.60548 -1.50593 -0.588878 6.83784 0.544996 -2.53307e-17 9.49737 -0.914492 -0.292623 7.97722 0.674099 -2.90401e-17 10.5513 1.57691 -0.154706 -0.189998 -0.18729 -1.29193e-17 4.78644 0.715339 0.0997708 11.3643 0.770203 -1.8116e-17 4.82109 0.421791 -0.390739 -6.08731 0.145818 -2.00958e-17 4.83041 0.765062 -2.99566 -10.2326 1.30064 1.23299 -7.60731 7.53374 11.0491 -4.96412 5.26364 12.9547 3.2495 -3.26872 -86.9822 1.00935 -4.15104 29.2081 0.0598081 0.137039 9.36747 -4.46802 -51.5157 24.234 0.0496219 0.113701 2.09562 13.6704 3.60153 -1.23299 -7.60729 7.53365 -14.6065 -1.85258 -6.68104 -12.9547 3.2495 -3.26872 91.2582 24.7157 -6.28922 -29.2081 0.0598081 0.137039 -10.3989 -5.96544 60.1839 -24.234 0.0496218 0.113702 5.48464 17.6452 -1.81248 9.23673 -4.20556 2.0327 -10.3773 -6.6382 -12.9274 -0.852353 -38.7721 -0.655187 -4.53178 16.5869 0.36911 -2.32622 -40.4017 -6.04875 7.34747 -12.835 15.8201 0.779096 -9.8844 12.4959 1.28058e-16 -7.91913e-16 9.19873e-18 -9.23673 -4.20556 2.0327 -7.0663 -33.0409 31.7457 0.852353 -38.7721 -0.655187 2.1513 8.01244 -0.010596 2.32622 -40.4017 -6.04875 10.3434 7.91795 -16.2765 -0.779096 -9.8844 12.4959 -8.02774e-16 -5.52631e-16 -1.27374e-14 
7.52767 90.118 30.6569 4.50955 3.81277 -3.15059 0 5.07867 -1.15138 -1.01085 -6.93542 0.338795 0 5.61661 1.07143 -0.944931 -4.96529 0.445218 -1.02604e-17 5.98978 0.11501 -0.904324 -1.56041 0.541059 -1.10457e-17 6.50583 -0.443523 -0.804736 3.8438 0.568773 -1.97295e-17 7.60548 -1.50593 -0.616998 6.79787 0.662167 -2.53307e-17 9.49737 -0.914492 -0.306789 7.95505 0.789089 -2.90401e-17 10.5513 1.57691 -0.155265 -0.202568 -0.160734 -1.29193e-17 4.78644 0.715339 -0.146913 9.52128 1.41817 -1.8116e-17 4.82109 0.421791 -0.591892 -5.94462 0.441768 -2.00958e-17 4.83041 0.765062 -2.21082 -8.87933 1.69102 1.23299 -7.60731 7.53374 10.1489 -4.54124 4.76666 12.9547 3.2495 -3.26872 -85.5389 1.78303 -3.39099 29.2081 0.0598081 0.137039 9.39649 -4.50417 -51.7367 24.234 0.0496219 0.113701 2.14382 10.8576 3.29441 -1.23299 -7.60729 7.53365 -12.3464 -1.80063 -6.08259 -12.9547 3.2495 -3.26872 89.0037 25.3939 -5.30851 -29.2081 0.0598081 0.137039 -10.4492 -6.05261 60.6633 -24.234 0.0496218 0.113702 5.12674 17.5832 -1.18544 9.23673 -4.20556 2.0327 -8.94117 -7.33892 -10.5743 -0.852353 -38.7721 -0.655187 -4.36248 15.995 0.331965 -2.32622 -40.4017 -6.04875 6.74516 -11.4582 15.7159 0.779096 -9.8844 12.4959 3.19208e-16 -7.8594e-16 3.22531e-18 -9.23673 -4.20556 2.0327 -4.66283 -32.9958 33.0234 0.852353 -38.7721 -0.655187 3.01307 11.1715 -0.0990797 2.32622 -40.4017 -6.04875 9.36407 8.54123 -16.2612 -0.779096 -9.8844 12.4959 -1.18507e-15 -5.40684e-16 -1.27195e-14 
7.67049 90.675 29.7872 4.00361 3.59392 -4.54197 0 5.07867 -1.15138 -1.09807 -7.35246 0.387892 0 5.61661 1.07143 -1.04813 -5.16356 0.449987 -1.02604e-17 5.98978 0.11501 -0.985904 -1.49726 0.531535 -1.10457e-17 6.50583 -0.443523 -0.889373 4.25417 0.555569 -1.97295e-17 7.60548 -1.50593 -0.696029 7.37202 0.66685 -2.53307e-17 9.49737 -0.914492 -0.39345 8.75947 0.790102 -2.90401e-17 10.5513 1.57691 -0.166892 -0.244296 -0.141247 -1.29193e-17 4.78644 0.715339 -0.304683 6.80206 1.90947 -1.8116e-17 4.82109 0.421791 -0.756897 -6.11964 0.674407 -2.00958e-17 4.83041 0.765062 -0.946755 -7.56443 2.49255 1.23299 -7.60731 7.53374 6.12031 -4.4982 3.60943 12.9547 3.2495 -3.26872 -82.8592 -0.364023 -4.42515 29.2081 0.0598081 0.137039 9.0591 -4.10056 -49.2287 24.234 0.0496219 0.113701 2.75966 11.3113 0.826888 -1.23299 -7.60729 7.53365 -8.15424 -2.16034 -4.98893 -12.9547 3.2495 -3.26872 84.9491 26.2022 -2.64845 -29.2081 0.0598081 0.137039 -10.3938 -5.95678 60.1363 -24.234 0.0496218 0.113702 4.01153 17.2732 -0.475091 9.23673 -4.20556 2.0327 -7.76619 -7.94517 -9.00941 -0.852353 -38.7721 -0.655187 -4.24359 15.5774 0.306922 -2.32622 -40.4017 -6.04875 6.04837 -10.0764 15.6205 0.779096 -9.8844 12.4959 2.48481e-17 -7.95139e-16 1.2424e-17 -9.23673 -4.20556 2.0327 -3.3548 -32.3843 32.4001 0.852353 -38.7721 -0.655187 3.86997 14.2552 -0.233853 2.32622 -40.4017 -6.04875 7.92882 8.0148 -16.0763 -0.779096 -9.8844 12.4959 -8.02774e-16 -5.52631e-16 -1.27374e-14 
7.93586 91.0961 28.8718 3.63629 3.51137 -5.30733 0 5.07867 -1.15138 -1.08095 -7.66377 0.44731 0 5.61661 1.07143 -1.05777 -5.36489 0.489844 -1.02604e-17 5.98978 0.11501 -0.997257 -1.57509 0.56124 -1.10457e-17 6.50583 -0.443523 -0.916032 4.35942 0.581053 -1.97295e-17 7.60548 -1.50593 -0.722561 7.58912 0.695818 -2.53307e-17 9.49737 -0.914492 -0.421048 9.0908 0.808134 -2.90401e-17 10.5513 1.57691 -0.165182 -0.216073 -0.126804 -1.29193e-17 4.78644 0.715339 -0.305088 5.31239 2.10193 -1.8116e-17 4.82109 0.421791 -0.661583 -5.90822 0.767119 -2.00958e-17 4.83041 0.765062 -0.456495 -6.84996 2.80513 1.23299 -7.60731 7.53374 3.8607 -4.39718 3.10464 12.9547 3.2495 -3.26872 -81.3366 -1.21817 -5.83275 29.2081 0.0598081 0.137039 8.66241 -3.66815 -46.4294 24.234 0.0496219 0.113701 2.37689 11.5038 -0.300528 -1.23299 -7.60729 7.53365 -6.17565 -2.36644 -4.57237 -12.9547 3.2495 -3.26872 82.1266 26.6316 -0.381515 -29.2081 0.0598081 0.137039 -10.2947 -5.79015 59.213 -24.234 0.0496218 0.113702 3.72282 16.4181 -0.0038764 9.23673 -4.20556 2.0327 -6.92895 -8.73399 -8.09895 -0.852353 -38.7721 -0.655187 -4.17914 15.3504 0.293706 -2.32622 -40.4017 -6.04875 5.8483 -8.7472 15.4639 0.779096 -9.8844 12.4959 1.28057e-16 -7.91913e-16 9.19877e-18 -9.23673 -4.20556 2.0327 -3.20126 -31.65 30.1311 0.852353 -38.7721 -0.655187 4.76419 17.3939 -0.422909 2.32622 -40.4017 -6.04875 6.86395 6.12984 -15.8888 -0.779096 -9.8844 12.4959 -8.75449e-16 -5.56811e-16 -1.27324e-14 
8.27881 91.3938 27.9259 3.45658 3.61099 -5.70645 0 5.07867 -1.15138 -1.2586 -8.04521 0.440719 0 5.61661 1.07143 -1.22177 -5.60081 0.435745 -1.02604e-17 5.98978 0.11501 -1.12287 -1.6272 0.49059 -1.10457e-17 6.50583 -0.443523 -1.01483 4.57537 0.503572 -1.97295e-17 7.60548 -1.50593 -0.80363 7.96075 0.633136 -2.53307e-17 9.49737 -0.914492 -0.502451 9.62488 0.748696 -2.90401e-17 10.5513 1.57691 -0.154358 -0.199894 -0.125674 -1.29193e-17 4.78644 0.715339 -0.146051 2.45612 2.43049 -1.8116e-17 4.82109 0.421791 -0.406018 -5.89205 0.929942 -2.00958e-17 4.83041 0.765062 0.148468 -5.19526 3.18216 1.23299 -7.60731 7.53374 -0.137339 -4.07598 1.93429 12.9547 3.2495 -3.26872 -81.2694 -3.3252 -7.18781 29.2081 0.0598081 0.137039 8.34042 -3.34624 -44.2561 24.234 0.0496219 0.113701 4.09096 14.701 -1.72445 -1.23299 -7.60729 7.53365 -4.36994 -2.59647 -3.99802 -12.9547 3.2495 -3.26872 79.2517 26.8904 1.60897 -29.2081 0.0598081 0.137039 -10.3089 -5.81368 59.3439 -24.234 0.0496218 0.113702 3.84509 15.0758 0.253373 9.23673 -4.20556 2.0327 -6.4337 -9.56871 -7.68158 -0.852353 -38.7721 -0.655187 -4.06174 14.9357 0.270286 -2.32622 -40.4017 -6.04875 5.71867 -7.65733 15.3178 0.779096 -9.8844 12.4959 3.19212e-16 -7.8594e-16 3.22516e-18 -9.23673 -4.20556 2.0327 -3.6365 -31.0104 27.5847 0.852353 -38.7721 -0.655187 5.73669 20.6969 -0.682569 2.32622 -40.4017 -6.04875 5.39493 3.8283 -15.69 -0.779096 -9.8844 12.4959 -1.26082e-16 -5.8895e-16 -1.27645e-14 
8.64413 91.6422 26.9813 3.47845 3.53418 -6.08081 0 5.07867 -1.15138 -1.30003 -7.77202 0.585034 0 5.61661 1.07143 -1.29568 -5.38753 0.56466 -1.02604e-17 5.98978 0.11501 -1.18956 -1.62175 0.617132 -1.10457e-17 6.50583 -0.443523 -1.09247 4.26958 0.629707 -1.97295e-17 7.60548 -1.50593 -0.8484 7.52666 0.770183 -2.53307e-17 9.49737 -0.914492 -0.489696 9.1305 0.872004 -2.90401e-17 10.5513 1.57691 -0.151029 -0.106764 -0.0998819 -1.29193e-17 4.78644 0.715339 -0.21414 1.13648 2.13897 -1.8116e-17 4.82109 0.421791 -0.244426 -5.50241 0.786131 -2.00958e-17 4.83041 0.765062 0.67011 -4.09991 3.15317 1.23299 -7.60731 7.53374 -0.90137 -3.64281 1.77615 12.9547 3.2495 -3.26872 -79.4694 -3.59587 -7.93937 29.2081 0.0598081 0.137039 7.88641 -2.93099 -41.317 24.234 0.0496219 0.113701 2.29826 14.367 -2.21457 -1.23299 -7.60729 7.53365 -3.0005 -2.32577 -3.70898 -12.9547 3.2495 -3.26872 76.9539 26.7979 2.09264 -29.2081 0.0598081 0.137039 -10.279 -5.76428 59.0689 -24.234 0.0496218 0.113702 3.37827 13.5442 0.938582 9.23673 -4.20556 2.0327 -6.20904 -10.2479 -7.27195 -0.852353 -38.7721 -0.655187 -3.97196 14.6176 0.252946 -2.32622 -40.4017 -6.04875 5.2524 -6.51812 15.225 0.779096 -9.8844 12.4959 2.48481e-17 -7.95139e-16 1.2424e-17 -9.23673 -4.20556 2.0327 -4.49084 -29.9224 25.4673 0.852353 -38.7721 -0.655187 6.61947 23.582 -0.9648 2.32622 -40.4017 -6.04875 4.80621 1.27313 -15.6519 -0.779096 -9.8844 12.4959 -1.98022e-15 -5.06637e-16 -1.26822e-14 
8.9783 91.8847 26.0589 3.69965 3.16239 -6.56663 0 5.07867 -1.15138 -1.31779 -7.2478 0.715014 0 5.61661 1.07143 -1.33759 -5.00324 0.699223 -1.02604e-17 5.98978 0.11501 -1.22397 -1.52819 0.75832 -1.10457e-17 6.50583 -0.443523 -1.13194 3.91074 0.775254 -1.97295e-17 7.60548 -1.50593 -0.84212 6.94131 0.91779 -2.53307e-17 9.49737 -0.914492 -0.400765 8.39698 0.995218 -2.90401e-17 10.5513 1.57691 -0.125206 -0.0127304 -0.0726801 -1.29193e-17 4.78644 0.715339 -0.209654 1.02125 2.24426 -1.8116e-17 4.82109 0.421791 -0.05652 -5.21161 0.836537 -2.00958e-17 4.83041 0.765062 0.432965 -3.82218 2.53824 1.23299 -7.60731 7.53374 -0.509757 -3.1556 1.93317 12.9547 3.2495 -3.26872 -78.4136 -0.262034 -7.90032 29.2081 0.0598081 0.137039 7.60135 -2.69098 -39.5357 24.234 0.0496219 0.113701 1.91299 11.4695 -1.06796 -1.23299 -7.60729 7.53365 -2.55888 -1.95832 -3.53869 -12.9547 3.2495 -3.26872 75.9642 25.8788 1.46568 -29.2081 0.0598081 0.137039 -10.3169 -5.82703 59.4182 -24.234 0.0496218 0.113702 3.50979 12.9152 1.50591 9.23673 -4.20556 2.0327 -6.20502 -10.431 -6.62757 -0.852353 -38.7721 -0.655187 -3.7869 13.9593 0.218776 -2.32622 -40.4017 -6.04875 4.86338 -5.18604 15.0546 0.779096 -9.8844 12.4959 -1.81562e-16 -8.04814e-16 2.20995e-17 -9.23673 -4.20556 2.0327 -5.24002 -28.4012 24.3905 0.852353 -38.7721 -0.655187 7.41196 26.0722 -1.25392 2.32622 -40.4017 -6.04875 4.2566 -0.747487 -15.6878 -0.779096 -9.8844 12.4959 -1.18508e-15 -5.40684e-16 -1.27195e-14 
9.20868 92.1077 25.1458 4.04207 2.75612 -7.17888 0 5.07867 -1.15138 -1.42994 -6.56891 0.842675 0 5.61661 1.07143 -1.44835 -4.50999 0.822211 -1.02604e-17 5.98978 0.11501 -1.30163 -1.40776 0.890463 -1.10457e-17 6.50583 -0.443523 -1.18814 3.45711 0.914868 -1.97295e-17 7.60548 -1.50593 -0.830746 6.19959 1.06163 -2.53307e-17 9.49737 -0.914492 -0.287411 7.44658 1.10531 -2.90401e-17 10.5513 1.57691 -0.108597 0.0719076 -0.0422453 -1.29193e-17 4.78644 0.715339 -0.283647 0.403215 2.07729 -1.8116e-17 4.82109 0.421791 0.0245524 -4.74336 0.747296 -2.00958e-17 4.83041 0.765062 0.507329 -2.97219 2.46897 1.23299 -7.60731 7.53374 0.649433 -2.55168 2.18587 12.9547 3.2495 -3.26872 -77.9636 3.21167 -7.31802 29.2081 0.0598081 0.137039 7.32962 -2.47575 -37.8779 24.234 0.0496219 0.113701 1.53045 8.26576 0.112796 -1.23299 -7.60729 7.53365 -2.10062 -1.43462 -3.18271 -12.9547 3.2495 -3.26872 75.3785 25.1901 0.498231 -29.2081 0.0598081 0.137039 -10.4018 -5.97037 60.2113 -24.234 0.0496218 0.113702 3.56017 12.3366 1.45127 9.23673 -4.20556 2.0327 -6.2958 -10.4753 -5.83094 -0.852353 -38.7721 -0.655187 -3.5647 13.1643 0.180559 -2.32622 -40.4017 -6.04875 4.26985 -3.83885 14.9424 0.779096 -9.8844 12.4959 -6.67085e-16 -8.2596e-16 4.32458e-17 -9.23673 -4.20556 2.0327 -5.83685 -26.523 24.2607 0.852353 -38.7721 -0.655187 7.98437 27.8094 -1.48277 2.32622 -40.4017 -6.04875 3.93146 -2.44711 -15.7594 -0.779096 -9.8844 12.4959 -6.99559e-16 -5.55857e-16 -1.27406e-14 
9.33188 92.3072 24.2642 4.40178 2.41165 -7.80965 0 5.07867 -1.15138 -1.42327 -6.37994 0.945963 0 5.61661 1.07143 -1.45183 -4.366 0.941792 -1.02604e-17 5.98978 0.11501 -1.29884 -1.35795 1.0216 -1.10457e-17 6.50583 -0.443523 -1.19019 3.36388 1.05945 -1.97295e-17 7.60548 -1.50593 -0.800179 6.03027 1.20955 -2.53307e-17 9.49737 -0.914492 -0.198185 7.20406 1.2271 -2.90401e-17 10.5513 1.57691 -0.0976784 0.0789572 -0.00568153 -1.29193e-17 4.78644 0.715339 -0.412414 -0.626494 2.20682 -1.8116e-17 4.82109 0.421791 -0.0228013 -4.4384 0.791235 -2.00958e-17 4.83041 0.765062 0.331752 -2.15109 1.99324 1.23299 -7.60731 7.53374 2.19423 -2.27719 2.52859 12.9547 3.2495 -3.26872 -80.0923 6.26617 -7.92458 29.2081 0.0598081 0.137039 6.82926 -2.11118 -34.9146 24.234 0.0496219 0.113701 2.36128 6.40382 1.16831 -1.23299 -7.60729 7.53365 -0.785691 -1.1754 -2.61525 -12.9547 3.2495 -3.26872 74.1851 23.9188 0.367116 -29.2081 0.0598081 0.137039 -10.3385 -5.86307 59.6182 -24.234 0.0496218 0.113702 3.23282 12.6171 1.87725 9.23673 -4.20556 2.0327 -6.36817 -10.5031 -5.01258 -0.852353 -38.7721 -0.655187 -3.33703 12.345 0.144606 -2.32622 -40.4017 -6.04875 3.59722 -2.58288 14.8658 0.779096 -9.8844 12.4959 -3.72721e-16 -8.07563e-16 2.48481e-17 -9.23673 -4.20556 2.0327 -6.26475 -24.3794 24.5919 0.852353 -38.7721 -0.655187 8.32274 28.8115 -1.62562 2.32622 -40.4017 -6.04875 3.58295 -3.80699 -15.8434 -0.779096 -9.8844 12.4959 -8.90718e-16 -5.49883e-16 -1.27287e-14 
9.36834 92.4659 23.4454 4.68725 2.20753 -8.32975 0 5.07867 -1.15138 -1.03612 -6.78015 1.05756 0 5.61661 1.07143 -1.13969 -4.61612 1.12921 -1.02604e-17 5.98978 0.11501 -1.06762 -1.39201 1.2258 -1.10457e-17 6.50583 -0.443523 -1.05968 3.67269 1.29255 -1.97295e-17 7.60548 -1.50593 -0.719854 6.52388 1.44075 -2.53307e-17 9.49737 -0.914492 -0.137413 7.81418 1.44701 -2.90401e-17 10.5513 1.57691 -0.098882 0.0129857 0.0730913 -1.29193e-17 4.78644 0.715339 -0.734853 -3.63547 1.98577 -1.8116e-17 4.82109 0.421791 -0.30311 -3.92033 0.65944 -2.00958e-17 4.83041 0.765062 -0.254032 -0.234017 1.42097 1.23299 -7.60731 7.53374 3.38523 -2.28759 2.8323 12.9547 3.2495 -3.26872 -86.5278 7.96421 -9.94569 29.2081 0.0598081 0.137039 6.07522 -1.63149 -30.6316 24.234 0.0496219 0.113701 4.95584 8.04468 2.18327 -1.23299 -7.60729 7.53365 3.02019 -1.02303 -1.44846 -12.9547 3.2495 -3.26872 70.5337 20.5896 1.15368 -29.2081 0.0598081 0.137039 -10.0035 -5.33298 56.6316 -24.234 0.0496218 0.113702 2.34407 14.2597 3.6301 9.23673 -4.20556 2.0327 -6.37191 -10.5429 -4.3864 -0.852353 -38.7721 -0.655187 -3.10316 11.4987 0.111073 -2.32622 -40.4017 -6.04875 2.94282 -1.53789 14.8309 0.779096 -9.8844 12.4959 4.00995e-17 -7.91437e-16 8.72227e-18 -9.23673 -4.20556 2.0327 -6.58765 -21.9823 25.0521 0.852353 -38.7721 -0.655187 8.39975 29.037 -1.6589 2.32622 -40.4017 -6.04875 3.30198 -5.1365 -15.9441 -0.779096 -9.8844 12.4959 -2.86738e-16 -5.75208e-16 -1.276e-14 
9.33266 92.5783 22.6996 4.88384 2.19478 -8.90043 0 5.07867 -1.15138 -0.786668 -6.94353 1.35138 0 5.61661 1.07143 -0.99326 -4.75144 1.48241 -1.02604e-17 5.98978 0.11501 -0.986681 -1.53567 1.60127 -1.10457e-17 6.50583 -0.443523 -1.07014 3.51187 1.68661 -1.97295e-17 7.60548 -1.50593 -0.72864 6.38535 1.84626 -2.53307e-17 9.49737 -0.914492 -0.0789827 7.64417 1.8453 -2.90401e-17 10.5513 1.57691 -0.0799327 0.0507006 0.114345 -1.29193e-17 4.78644 0.715339 -1.09096 -4.4403 1.3966 -1.8116e-17 4.82109 0.421791 -0.297436 -3.21299 0.372666 -2.00958e-17 4.83041 0.765062 -0.208862 0.706152 0.535582 1.23299 -7.60731 7.53374 4.55882 -2.18001 3.08566 12.9547 3.2495 -3.26872 -88.6742 8.12065 -11.4074 29.2081 0.0598081 0.137039 4.74312 -0.960112 -23.4668 24.234 0.0496219 0.113701 4.46342 8.31552 0.922089 -1.23299 -7.60729 7.53365 5.34034 -0.765734 -1.07953 -12.9547 3.2495 -3.26872 67.453 18.4798 1.60464 -29.2081 0.0598081 0.137039 -9.53315 -4.67815 52.7902 -24.234 0.0496218 0.113702 1.71679 13.6456 5.39955 9.23673 -4.20556 2.0327 -6.27847 -10.8334 -4.35483 -0.852353 -38.7721 -0.655187 -2.95258 10.9514 0.0913173 -2.32622 -40.4017 -6.04875 2.61827 -0.678068 14.7655 0.779096 -9.8844 12.4959 9.07941e-16 -7.58343e-16 -2.43715e-17 -9.23673 -4.20556 2.0327 -6.81759 -19.5906 25.459 0.852353 -38.7721 -0.655187 8.25802 28.6213 -1.59787 2.32622 -40.4017 -6.04875 2.65057 -6.14193 -15.9649 -0.779096 -9.8844 12.4959 1.83533e-16 -6.01851e-16 -1.27774e-14 
9.23307 92.6714 21.9874 5.02039 2.19563 -9.65628 0 5.07867 -1.15138 -0.639171 -6.84146 1.50976 0 5.61661 1.07143 -0.89172 -4.72129 1.67877 -1.02604e-17 5.98978 0.11501 -0.915481 -1.65269 1.82267 -1.10457e-17 6.50583 -0.443523 -1.03724 3.14529 1.91535 -1.97295e-17 7.60548 -1.50593 -0.680795 5.91454 2.0704 -2.53307e-17 9.49737 -0.914492 0.0245098 7.0491 2.03193 -2.90401e-17 10.5513 1.57691 -0.0492183 0.110129 0.112873 -1.29193e-17 4.78644 0.715339 -1.1331 -3.98974 1.47076 -1.8116e-17 4.82109 0.421791 -0.21867 -2.70242 0.40774 -2.00958e-17 4.83041 0.765062 -0.589045 1.14635 -0.0891859 1.23299 -7.60731 7.53374 6.08734 -1.7745 3.20281 12.9547 3.2495 -3.26872 -89.7491 10.2666 -11.5841 29.2081 0.0598081 0.137039 3.68142 -0.564339 -18.0169 24.234 0.0496219 0.113701 3.99571 4.31701 1.2382 -1.23299 -7.60729 7.53365 5.77472 -0.51227 -1.1338 -12.9547 3.2495 -3.26872 67.024 17.3716 1.15065 -29.2081 0.0598081 0.137039 -9.2214 -4.29009 50.4176 -24.234 0.0496218 0.113702 1.7458 14.0039 6.02206 9.23673 -4.20556 2.0327 -6.0488 -11.0678 -4.09097 -0.852353 -38.7721 -0.655187 -2.79528 10.3779 0.0722227 -2.32622 -40.4017 -6.04875 2.26487 -0.087116 14.7365 0.779096 -9.8844 12.4959 1.28053e-16 -7.91914e-16 9.19888e-18 -9.23673 -4.20556 2.0327 -6.83084 -17.3614 26.2204 0.852353 -38.7721 -0.655187 7.99982 27.8556 -1.48917 2.32622 -40.4017 -6.04875 2.81178 -6.52002 -16.0263 -0.779096 -9.8844 12.4959 -7.87513e-16 -5.56333e-16 -1.27319e-14 
9.06184 92.7418 21.2714 5.15421 2.16698 -10.5278 0 5.07867 -1.15138 -0.731112 -6.32907 1.59947 0 5.61661 1.07143 -0.952365 -4.40312 1.77745 -1.02604e-17 5.98978 0.11501 -0.9382 -1.69128 1.9492 -1.10457e-17 6.50583 -0.443523 -1.02069 2.51085 2.04404 -1.97295e-17 7.60548 -1.50593 -0.598001 5.01617 2.19459 -2.53307e-17 9.49737 -0.914492 0.195299 5.88029 2.08281 -2.90401e-17 10.5513 1.57691 -0.0131478 0.203037 0.0995029 -1.29193e-17 4.78644 0.715339 -1.08248 -3.87551 1.44666 -1.8116e-17 4.82109 0.421791 -0.0893732 -2.03647 0.395139 -2.00958e-17 4.83041 0.765062 -0.747354 2.25946 0.140929 1.23299 -7.60731 7.53374 8.35193 -0.866897 3.24128 12.9547 3.2495 -3.26872 -91.0401 13.9523 -10.1079 29.2081 0.0598081 0.137039 3.00378 -0.369732 -14.6232 24.234 0.0496219 0.113701 3.51444 -2.60954 2.36062 -1.23299 -7.60729 7.53365 5.17324 -0.0238451 -1.192 -12.9547 3.2495 -3.26872 67.7364 17.7402 0.39154 -29.2081 0.0598081 0.137039 -9.03744 -4.07567 49.0705 -24.234 0.0496218 0.113702 1.812 13.7295 5.45694 9.23673 -4.20556 2.0327 -5.73887 -11.2805 -3.43525 -0.852353 -38.7721 -0.655187 -2.65345 9.85924 0.0563614 -2.32622 -40.4017 -6.04875 1.85823 0.477462 14.7364 0.779096 -9.8844 12.4959 2.16007e-16 -7.89165e-16 6.45032e-18 -9.23673 -4.20556 2.0327 -6.73185 -14.9948 27.4172 0.852353 -38.7721 -0.655187 7.53014 26.4352 -1.29983 2.32622 -40.4017 -6.04875 3.09565 -6.23451 -16.0331 -0.779096 -9.8844 12.4959 -1.98785e-16 -5.8393e-16 -1.27595e-14 
8.82477 92.7495 20.5495 5.28862 2.39914 -11.4421 0 5.07867 -1.15138 -0.929561 -5.97309 1.63624 0 5.61661 1.07143 -1.08439 -4.19897 1.80589 -1.02604e-17 5.98978 0.11501 -1.00971 -1.74354 2.00067 -1.10457e-17 6.50583 -0.443523 -1.02036 2.01056 2.08797 -1.97295e-17 7.60548 -1.50593 -0.529022 4.33891 2.23966 -2.53307e-17 9.49737 -0.914492 0.332904 4.94457 2.04704 -2.90401e-17 10.5513 1.57691 0.0210378 0.252117 0.0684007 -1.29193e-17 4.78644 0.715339 -0.957255 -3.57488 1.90309 -1.8116e-17 4.82109 0.421791 -0.0738725 -1.61744 0.598346 -2.00958e-17 4.83041 0.765062 -0.619504 2.93096 0.166845 1.23299 -7.60731 7.53374 11.5302 0.020394 3.3556 12.9547 3.2495 -3.26872 -93.4119 17.3751 -8.08607 29.2081 0.0598081 0.137039 2.50502 -0.253724 -12.1572 24.234 0.0496219 0.113701 2.79211 -10.1721 3.39482 -1.23299 -7.60729 7.53365 4.08239 0.268569 -1.40522 -12.9547 3.2495 -3.26872 69.0388 18.7656 0.225194 -29.2081 0.0598081 0.137039 -8.78101 -3.79289 47.2498 -24.234 0.0496218 0.113702 1.75258 13.3522 5.05552 9.23673 -4.20556 2.0327 -5.3211 -11.7578 -2.51043 -0.852353 -38.7721 -0.655187 -2.54142 9.44854 0.0447436 -2.32622 -40.4017 -6.04875 1.38423 0.665621 14.7984 0.779096 -9.8844 12.4959 -2.69516e-16 -8.04338e-16 2.16229e-17 -9.23673 -4.20556 2.0327 -6.51771 -12.7058 29.0258 0.852353 -38.7721 -0.655187 6.86211 24.3547 -1.04981 2.32622 -40.4017 -6.04875 3.44724 -5.75233 -16.053 -0.779096 -9.8844 12.4959 -3.0199e-16 -5.7748e-16 -1.27563e-14 
8.55081 92.6857 19.7861 5.49125 2.86266 -12.2488 0 5.07867 -1.15138 -1.17503 -5.43175 1.63657 0 5.61661 1.07143 -1.23399 -3.87557 1.81254 -1.02604e-17 5.98978 0.11501 -1.08156 -1.76696 2.04385 -1.10457e-17 6.50583 -0.443523 -0.990405 1.36384 2.12073 -1.97295e-17 7.60548 -1.50593 -0.416331 3.46873 2.27075 -2.53307e-17 9.49737 -0.914492 0.514217 3.7062 1.95568 -2.90401e-17 10.5513 1.57691 0.0655241 0.305266 0.052649 -1.29193e-17 4.78644 0.715339 -0.87478 -3.46853 2.27199 -1.8116e-17 4.82109 0.421791 -0.128117 -0.99036 0.744967 -2.00958e-17 4.83041 0.765062 -0.530562 3.7194 0.316694 1.23299 -7.60731 7.53374 16.4514 1.32263 3.45751 12.9547 3.2495 -3.26872 -97.5005 21.6107 -5.15664 29.2081 0.0598081 0.137039 2.22212 -0.197878 -10.7682 24.234 0.0496219 0.113701 1.36325 -18.6608 4.06012 -1.23299 -7.60729 7.53365 2.94535 0.799951 -1.45938 -12.9547 3.2495 -3.26872 70.0901 19.6356 -0.0414306 -29.2081 0.0598081 0.137039 -8.4264 -3.42968 44.8273 -24.234 0.0496218 0.113702 1.53528 12.6944 5.28945 9.23673 -4.20556 2.0327 -4.90299 -12.5499 -1.56231 -0.852353 -38.7721 -0.655187 -2.47596 9.20821 0.0383289 -2.32622 -40.4017 -6.04875 0.965811 0.596184 14.8648 0.779096 -9.8844 12.4959 1.28053e-16 -7.91914e-16 9.19888e-18 -9.23673 -4.20556 2.0327 -6.42963 -10.4761 30.6835 0.852353 -38.7721 -0.655187 6.00205 21.576 -0.762861 2.32622 -40.4017 -6.04875 4.2169 -5.77079 -16.1206 -0.779096 -9.8844 12.4959 -5.96354e-16 -5.59082e-16 -1.27471e-14 
8.27853 92.574 18.9407 5.75917 3.48098 -12.8575 0 5.07867 -1.15138 -1.49748 -4.51398 1.60999 0 5.61661 1.07143 -1.43936 -3.28932 1.81315 -1.02604e-17 5.98978 0.11501 -1.19176 -1.6753 2.09538 -1.10457e-17 6.50583 -0.443523 -0.965465 0.546197 2.157 -1.97295e-17 7.60548 -1.50593 -0.28891 2.32438 2.30573 -2.53307e-17 9.49737 -0.914492 0.711291 2.04859 1.83285 -2.90401e-17 10.5513 1.57691 0.13068 0.367103 0.0624545 -1.29193e-17 4.78644 0.715339 -0.809879 -3.91229 2.77852 -1.8116e-17 4.82109 0.421791 -0.366027 -0.321004 0.933982 -2.00958e-17 4.83041 0.765062 -0.220475 4.96575 0.0728866 1.23299 -7.60731 7.53374 22.7702 3.18019 3.1043 12.9547 3.2495 -3.26872 -102.354 26.6998 -1.42402 29.2081 0.0598081 0.137039 2.20853 -0.195369 -10.7016 24.234 0.0496219 0.113701 -1.38906 -27.8193 3.81689 -1.23299 -7.60729 7.53365 1.9494 1.75506 -1.01708 -12.9547 3.2495 -3.26872 70.136 20.1071 -0.699133 -29.2081 0.0598081 0.137039 -8.10717 -3.12743 42.728 -24.234 0.0496218 0.113702 1.63329 10.9923 5.91469 9.23673 -4.20556 2.0327 -4.5148 -13.6683 -0.815035 -0.852353 -38.7721 -0.655187 -2.48059 9.22522 0.0387736 -2.32622 -40.4017 -6.04875 0.447871 0.38548 14.9489 0.779096 -9.8844 12.4959 2.16007e-16 -7.89165e-16 6.45032e-18 -9.23673 -4.20556 2.0327 -6.64135 -8.43149 31.6568 0.852353 -38.7721 -0.655187 5.00033 18.2072 -0.480874 2.32622 -40.4017 -6.04875 5.23725 -6.68018 -16.1942 -0.779096 -9.8844 12.4959 -5.96354e-16 -5.59082e-16 -1.27471e-14 
8.02648 92.442 18.0038 6.03401 4.18885 -13.3048 0 5.07867 -1.15138 -1.88758 -3.59589 1.48214 0 5.61661 1.07143 -1.69312 -2.67003 1.68068 -1.02604e-17 5.98978 0.11501 -1.34051 -1.49724 1.99423 -1.10457e-17 6.50583 -0.443523 -0.965059 -0.0988041 2.02809 -1.97295e-17 7.60548 -1.50593 -0.208474 1.38385 2.17972 -2.53307e-17 9.49737 -0.914492 0.798489 0.667161 1.57437 -2.90401e-17 10.5513 1.57691 0.184492 0.389701 0.064477 -1.29193e-17 4.78644 0.715339 -0.664675 -5.34857 3.63168 -1.8116e-17 4.82109 0.421791 -0.932792 0.132784 1.2667 -2.00958e-17 4.83041 0.765062 0.667036 6.50815 0.0187957 1.23299 -7.60731 7.53374 27.8854 5.02268 2.13074 12.9547 3.2495 -3.26872 -106.447 31.0886 3.08428 29.2081 0.0598081 0.137039 2.45198 -0.242694 -11.8962 24.234 0.0496219 0.113701 -4.39689 -36.6572 2.48745 -1.23299 -7.60729 7.53365 1.1049 2.7697 0.00596939 -12.9547 3.2495 -3.26872 69.4151 21.0477 -1.08704 -29.2081 0.0598081 0.137039 -7.95188 -2.98813 41.7314 -24.234 0.0496218 0.113702 2.11579 8.3343 6.17531 9.23673 -4.20556 2.0327 -4.14268 -14.9796 -0.299991 -0.852353 -38.7721 -0.655187 -2.51995 9.36976 0.0426095 -2.32622 -40.4017 -6.04875 -0.0618766 0.134647 15.025 0.779096 -9.8844 12.4959 4.00946e-17 -7.91437e-16 8.72247e-18 -9.23673 -4.20556 2.0327 -7.14109 -6.51312 31.7599 0.852353 -38.7721 -0.655187 3.75684 13.852 -0.213426 2.32622 -40.4017 -6.04875 6.18577 -7.72066 -16.2307 -0.779096 -9.8844 12.4959 -5.96354e-16 -5.59082e-16 -1.27471e-14 
7.79487 92.3103 17.0313 6.28809 4.83236 -13.58 0 5.07867 -1.15138 -2.33862 -3.28434 1.23433 0 5.61661 1.07143 -1.98958 -2.41726 1.34867 -1.02604e-17 5.98978 0.11501 -1.51857 -1.36853 1.64435 -1.10457e-17 6.50583 -0.443523 -1.00187 -0.1992 1.6431 -1.97295e-17 7.60548 -1.50593 -0.207795 1.21799 1.80594 -2.53307e-17 9.49737 -0.914492 0.73547 0.387488 1.1407 -2.90401e-17 10.5513 1.57691 0.194981 0.345711 0.0266008 -1.29193e-17 4.78644 0.715339 -0.329911 -7.19388 4.76757 -1.8116e-17 4.82109 0.421791 -1.53928 0.0902965 1.73992 -2.00958e-17 4.83041 0.765062 1.94164 7.57717 0.681376 1.23299 -7.60731 7.53374 29.8829 6.12029 1.35244 12.9547 3.2495 -3.26872 -109.329 34.0351 7.58272 29.2081 0.0598081 0.137039 2.84918 -0.331328 -13.8561 24.234 0.0496219 0.113701 -5.08555 -44.4466 2.14282 -1.23299 -7.60729 7.53365 0.487005 3.15088 1.01281 -12.9547 3.2495 -3.26872 69.5368 22.8118 -0.323741 -29.2081 0.0598081 0.137039 -7.91181 -2.95296 41.4767 -24.234 0.0496218 0.113702 2.3703 6.42692 5.35047 9.23673 -4.20556 2.0327 -3.86574 -16.2551 -0.092123 -0.852353 -38.7721 -0.655187 -2.54851 9.47457 0.0454554 -2.32622 -40.4017 -6.04875 -0.227527 0.0620161 15.0395 0.779096 -9.8844 12.4959 8.04754e-16 -7.61568e-16 -2.11471e-17 -9.23673 -4.20556 2.0327 -7.65197 -4.91782 31.539 0.852353 -38.7721 -0.655187 2.4728 9.1966 -0.0380257 2.32622 -40.4017 -6.04875 6.30898 -7.95988 -16.1607 -0.779096 -9.8844 12.4959 -5.96354e-16 -5.59082e-16 -1.27471e-14 
7.55933 92.0943 16.0445 6.59778 5.45152 -13.7366 0 5.07867 -1.15138 -2.77239 -3.18868 1.00415 0 5.61661 1.07143 -2.28867 -2.29516 1.00626 -1.02604e-17 5.98978 0.11501 -1.70144 -1.25782 1.2681 -1.10457e-17 6.50583 -0.443523 -1.05972 -0.080596 1.23787 -1.97295e-17 7.60548 -1.50593 -0.23525 1.33077 1.41099 -2.53307e-17 9.49737 -0.914492 0.650897 0.529926 0.724872 -2.90401e-17 10.5513 1.57691 0.187833 0.301535 -0.0132512 -1.29193e-17 4.78644 0.715339 0.120566 -8.88029 5.84672 -1.8116e-17 4.82109 0.421791 -1.67894 -0.0284689 2.2196 -2.00958e-17 4.83041 0.765062 2.7113 8.06168 1.35923 1.23299 -7.60731 7.53374 30.0537 6.77899 0.987058 12.9547 3.2495 -3.26872 -111.051 35.9641 11.7262 29.2081 0.0598081 0.137039 3.32968 -0.457882 -16.2483 24.234 0.0496219 0.113701 -4.60277 -50.3341 2.86629 -1.23299 -7.60729 7.53365 0.10453 3.22743 1.81402 -12.9547 3.2495 -3.26872 69.5863 24.1817 0.827255 -29.2081 0.0598081 0.137039 -7.82689 -2.87947 40.94 -24.234 0.0496218 0.113702 2.68182 5.11933 4.71026 9.23673 -4.20556 2.0327 -3.68926 -17.6275 -0.08124 -0.852353 -38.7721 -0.655187 -2.61128 9.70473 0.0518933 -2.32622 -40.4017 -6.04875 -0.313621 0.192589 15.0434 0.779096 -9.8844 12.4959 -1.6632e-16 -8.01113e-16 1.83981e-17 -9.23673 -4.20556 2.0327 -8.15953 -3.86377 31.0451 0.852353 -38.7721 -0.655187 1.39408 5.20367 0.0275349 2.32622 -40.4017 -6.04875 5.66516 -9.01227 -15.9483 -0.779096 -9.8844 12.4959 -6.99554e-16 -5.55857e-16 -1.27406e-14 
7.29382 91.7932 15.0301 7.05888 6.46643 -14.0248 0 5.07867 -1.15138 -3.0869 -3.28996 0.850381 0 5.61661 1.07143 -2.51501 -2.32671 0.753364 -1.02604e-17 5.98978 0.11501 -1.84337 -1.23003 0.980045 -1.10457e-17 6.50583 -0.443523 -1.11277 0.101553 0.926417 -1.97295e-17 7.60548 -1.50593 -0.271464 1.56081 1.10561 -2.53307e-17 9.49737 -0.914492 0.573411 0.848446 0.423728 -2.90401e-17 10.5513 1.57691 0.179594 0.258584 -0.0483307 -1.29193e-17 4.78644 0.715339 0.524204 -10.2338 6.63856 -1.8116e-17 4.82109 0.421791 -1.5749 -0.11355 2.58184 -2.00958e-17 4.83041 0.765062 2.94648 7.91751 2.04593 1.23299 -7.60731 7.53374 29.4996 7.1463 0.915699 12.9547 3.2495 -3.26872 -112.257 37.1544 15.5304 29.2081 0.0598081 0.137039 3.79526 -0.601322 -18.5927 24.234 0.0496219 0.113701 -3.96945 -54.1781 3.61811 -1.23299 -7.60729 7.53365 -0.330256 3.11148 2.1904 -12.9547 3.2495 -3.26872 69.5718 25.3309 2.04119 -29.2081 0.0598081 0.137039 -7.68433 -2.75915 40.0484 -24.234 0.0496218 0.113702 2.83332 4.16938 4.43334 9.23673 -4.20556 2.0327 -3.4605 -19.5557 0.0998008 -0.852353 -38.7721 -0.655187 -2.72093 10.1062 0.0637468 -2.32622 -40.4017 -6.04875 -0.366291 0.52882 15.0122 0.779096 -9.8844 12.4959 4.22417e-16 -7.82715e-16 2.88531e-33 -9.23673 -4.20556 2.0327 -8.61155 -3.5705 30.5145 0.852353 -38.7721 -0.655187 0.511472 1.91004 0.0248153 2.32622 -40.4017 -6.04875 4.11297 -12.2861 -15.6352 -0.779096 -9.8844 12.4959 -1.40673e-15 -5.30533e-16 -1.27061e-14 
7.00466 91.8717 13.9333 7.70106 7.93559 -14.5808 0 5.07867 -1.15138 -3.29166 -3.5082 0.79917 0 5.61661 1.07143 -2.69264 -2.47509 0.62437 -1.02604e-17 5.98978 0.11501 -1.97337 -1.2874 0.818878 -1.10457e-17 6.50583 -0.443523 -1.19658 0.254222 0.749893 -1.97295e-17 7.60548 -1.50593 -0.344682 1.7848 0.93597 -2.53307e-17 9.49737 -0.914492 0.48639 1.17686 0.291623 -2.90401e-17 10.5513 1.57691 0.175234 0.230981 -0.0800501 -1.29193e-17 4.78644 0.715339 0.794327 -11.178 7.05221 -1.8116e-17 4.82109 0.421791 -1.41536 -0.324214 2.77938 -2.00958e-17 4.83041 0.765062 3.01093 7.35556 2.70966 1.23299 -7.60731 7.53374 28.3001 7.25753 1.09639 12.9547 3.2495 -3.26872 -112.916 37.9051 18.5845 29.2081 0.0598081 0.137039 4.14072 -0.721453 -20.3518 24.234 0.0496219 0.113701 -3.02627 -56.3124 4.34755 -1.23299 -7.60729 7.53365 -0.925417 2.87859 2.09137 -12.9547 3.2495 -3.26872 69.8785 26.374 3.08431 -29.2081 0.0598081 0.137039 -7.50395 -2.61222 38.936 -24.234 0.0496218 0.113702 2.70273 3.52197 4.42365 9.23673 -4.20556 2.0327 -3.17948 -21.9135 0.523856 -0.852353 -38.7721 -0.655187 -2.77681 10.3105 0.0700846 -2.32622 -40.4017 -6.04875 -0.523838 0.984142 14.989 0.779096 -9.8844 12.4959 9.61565e-18 -7.9884e-16 1.61251e-17 -9.23673 -4.20556 2.0327 -8.71605 -4.97404 30.1744 0.852353 -38.7721 -0.655187 0.00834034 0.0311224 0.000541482 2.32622 -40.4017 -6.04875 3.51632 -12.1081 -15.5443 -0.779096 -9.8844 12.4959 -2.1714e-15 -5.00663e-16 -1.26762e-14 
6.67607 91.8831 12.8362 8.36108 9.34276 -15.4314 0 5.07867 -1.15138 -3.3967 -3.61654 0.851236 0 5.61661 1.07143 -2.81881 -2.56311 0.614248 -1.02604e-17 5.98978 0.11501 -2.08368 -1.33035 0.780886 -1.10457e-17 6.50583 -0.443523 -1.29975 0.323608 0.704147 -1.97295e-17 7.60548 -1.50593 -0.437249 1.86832 0.89815 -2.53307e-17 9.49737 -0.914492 0.408774 1.33468 0.313411 -2.90401e-17 10.5513 1.57691 0.172526 0.232556 -0.109368 -1.29193e-17 4.78644 0.715339 0.998741 -11.7432 7.27552 -1.8116e-17 4.82109 0.421791 -1.20013 -0.552745 2.90216 -2.00958e-17 4.83041 0.765062 2.94332 6.72754 3.16872 1.23299 -7.60731 7.53374 26.487 7.23859 1.37396 12.9547 3.2495 -3.26872 -112.81 37.9394 20.8406 29.2081 0.0598081 0.137039 4.32015 -0.788588 -21.2729 24.234 0.0496219 0.113701 -2.25522 -56.9449 4.71448 -1.23299 -7.60729 7.53365 -1.60556 2.68766 1.68526 -12.9547 3.2495 -3.26872 70.3893 27.3024 3.86399 -29.2081 0.0598081 0.137039 -7.32061 -2.46868 37.8223 -24.234 0.0496218 0.113702 2.50301 3.09859 4.37328 9.23673 -4.20556 2.0327 -2.73238 -24.2017 1.22851 -0.852353 -38.7721 -0.655187 -2.82693 10.4934 0.0759375 -2.32622 -40.4017 -6.04875 -0.754999 1.42163 14.9919 0.779096 -9.8844 12.4959 -1.06466e-15 -8.4161e-16 5.88952e-17 -9.23673 -4.20556 2.0327 -8.64347 -6.70358 30.0976 0.852353 -38.7721 -0.655187 -0.379916 -1.41613 -0.0294164 2.32622 -40.4017 -6.04875 2.66824 -11.8924 -15.4586 -0.779096 -9.8844 12.4959 -5.81122e-16 -5.66008e-16 -1.27416e-14 
6.30323 91.9013 11.7574 8.88289 10.5356 -16.6149 0 5.07867 -1.15138 -3.35981 -3.61108 1.02095 0 5.61661 1.07143 -2.84922 -2.5686 0.753221 -1.02604e-17 5.98978 0.11501 -2.14063 -1.31313 0.898072 -1.10457e-17 6.50583 -0.443523 -1.39573 0.397663 0.819006 -1.97295e-17 7.60548 -1.50593 -0.530415 1.90655 1.01747 -2.53307e-17 9.49737 -0.914492 0.352857 1.41821 0.496985 -2.90401e-17 10.5513 1.57691 0.178046 0.245458 -0.130389 -1.29193e-17 4.78644 0.715339 1.12761 -12.0432 7.3599 -1.8116e-17 4.82109 0.421791 -0.882136 -0.857397 2.96871 -2.00958e-17 4.83041 0.765062 2.62414 6.08618 3.28566 1.23299 -7.60731 7.53374 24.531 7.12898 1.59518 12.9547 3.2495 -3.26872 -111.721 37.499 22.2343 29.2081 0.0598081 0.137039 4.32238 -0.789448 -21.2844 24.234 0.0496219 0.113701 -3.04879 -56.6158 3.57378 -1.23299 -7.60729 7.53365 -2.1366 2.57426 1.09512 -12.9547 3.2495 -3.26872 70.4272 28.0288 4.52109 -29.2081 0.0598081 0.137039 -7.10361 -2.30603 36.5246 -24.234 0.0496218 0.113702 2.31086 2.53953 4.56584 9.23673 -4.20556 2.0327 -1.89894 -26.2281 2.44557 -0.852353 -38.7721 -0.655187 -2.88636 10.7102 0.0830872 -2.32622 -40.4017 -6.04875 -1.0919 1.86864 15.0172 0.779096 -9.8844 12.4959 -1.51088e-16 -8.06611e-16 2.38961e-17 -9.23673 -4.20556 2.0327 -8.0943 -8.89838 30.2897 0.852353 -38.7721 -0.655187 -0.490393 -1.82722 -0.0397196 2.32622 -40.4017 -6.04875 1.50662 -11.4541 -15.4338 -0.779096 -9.8844 12.4959 8.03518e-17 -5.98627e-16 -1.27742e-14 
5.91832 91.9128 10.6643 9.32526 11.7209 -17.9265 0 5.07867 -1.15138 -3.19828 -3.44473 1.28553 0 5.61661 1.07143 -2.79592 -2.45471 1.01748 -1.02604e-17 5.98978 0.11501 -2.15375 -1.21425 1.14743 -1.10457e-17 6.50583 -0.443523 -1.4897 0.473597 1.06971 -1.97295e-17 7.60548 -1.50593 -0.631629 1.87585 1.26862 -2.53307e-17 9.49737 -0.914492 0.302208 1.4086 0.812006 -2.90401e-17 10.5513 1.57691 0.191123 0.260942 -0.135588 -1.29193e-17 4.78644 0.715339 1.16602 -12.6809 7.24961 -1.8116e-17 4.82109 0.421791 -0.589588 -1.19249 2.93193 -2.00958e-17 4.83041 0.765062 2.23836 5.7284 3.04736 1.23299 -7.60731 7.53374 22.3869 7.06347 1.46036 12.9547 3.2495 -3.26872 -109.035 37.5492 23.3404 29.2081 0.0598081 0.137039 4.20559 -0.745349 -20.6842 24.234 0.0496219 0.113701 -7.00444 -56.4343 -0.663777 -1.23299 -7.60729 7.53365 -2.0773 2.71209 0.783361 -12.9547 3.2495 -3.26872 68.8935 28.5864 4.90765 -29.2081 0.0598081 0.137039 -6.87862 -2.14527 35.201 -24.234 0.0496218 0.113702 2.08541 0.863164 5.38102 9.23673 -4.20556 2.0327 -0.763284 -28.1946 4.10062 -0.852353 -38.7721 -0.655187 -2.95989 10.9781 0.092244 -2.32622 -40.4017 -6.04875 -1.57279 2.24713 15.0736 0.779096 -9.8844 12.4959 8.92722e-16 -7.62044e-16 -2.0671e-17 -9.23673 -4.20556 2.0327 -7.17633 -11.5975 30.6359 0.852353 -38.7721 -0.655187 -0.353025 -1.31601 -0.0270275 2.32622 -40.4017 -6.04875 0.561344 -11.0961 -15.4532 -0.779096 -9.8844 12.4959 -1.18509e-15 -5.40684e-16 -1.27195e-14 
5.55684 91.9175 9.57653 9.73996 12.8754 -19.1084 0 5.07867 -1.15138 -3.0509 -3.42664 1.50896 0 5.61661 1.07143 -2.74668 -2.44248 1.24099 -1.02604e-17 5.98978 0.11501 -2.17084 -1.14675 1.35256 -1.10457e-17 6.50583 -0.443523 -1.58678 0.638816 1.27361 -1.97295e-17 7.60548 -1.50593 -0.745544 2.00878 1.47457 -2.53307e-17 9.49737 -0.914492 0.221172 1.6062 1.08174 -2.90401e-17 10.5513 1.57691 0.198539 0.255181 -0.155148 -1.29193e-17 4.78644 0.715339 1.13685 -13.1637 7.04414 -1.8116e-17 4.82109 0.421791 -0.483255 -1.58408 2.84566 -2.00958e-17 4.83041 0.765062 2.21373 5.21193 3.0674 1.23299 -7.60731 7.53374 20.1652 6.90147 1.22982 12.9547 3.2495 -3.26872 -106.252 38.1641 24.1705 29.2081 0.0598081 0.137039 4.03827 -0.684588 -19.8282 24.234 0.0496219 0.113701 -10.9164 -57.0368 -5.18736 -1.23299 -7.60729 7.53365 -2.33898 2.71084 0.416585 -12.9547 3.2495 -3.26872 67.8147 29.5647 5.27073 -29.2081 0.0598081 0.137039 -6.7808 -2.07778 34.632 -24.234 0.0496218 0.113702 1.90864 -0.863437 5.49989 9.23673 -4.20556 2.0327 0.396256 -29.9423 6.01107 -0.852353 -38.7721 -0.655187 -2.97981 11.0505 0.0947828 -2.32622 -40.4017 -6.04875 -1.99272 2.61938 15.1148 0.779096 -9.8844 12.4959 -3.26551e-17 -7.9646e-16 1.3745e-17 -9.23673 -4.20556 2.0327 -6.15273 -14.3092 31.1134 0.852353 -38.7721 -0.655187 -0.146507 -0.546491 -0.0102375 2.32622 -40.4017 -6.04875 -0.29975 -10.6254 -15.4682 -0.779096 -9.8844 12.4959 -1.62836e-15 -5.17157e-16 -1.27019e-14 
5.23154 91.905 8.53392 10.2834 14.0691 -20.0111 0 5.07867 -1.15138 -3.02367 -3.48097 1.66814 0 5.61661 1.07143 -2.78816 -2.48678 1.39248 -1.02604e-17 5.98978 0.11501 -2.24547 -1.10957 1.48804 -1.10457e-17 6.50583 -0.443523 -1.7094 0.808964 1.40983 -1.97295e-17 7.60548 -1.50593 -0.865494 2.19824 1.6207 -2.53307e-17 9.49737 -0.914492 0.139334 1.86372 1.28674 -2.90401e-17 10.5513 1.57691 0.203711 0.2502 -0.181163 -1.29193e-17 4.78644 0.715339 1.0595 -13.1061 6.76827 -1.8116e-17 4.82109 0.421791 -0.337837 -2.07142 2.74011 -2.00958e-17 4.83041 0.765062 2.31678 4.28565 3.20867 1.23299 -7.60731 7.53374 18.3118 6.63682 1.20647 12.9547 3.2495 -3.26872 -104.183 38.6221 24.2334 29.2081 0.0598081 0.137039 3.88723 -0.632153 -19.0592 24.234 0.0496219 0.113701 -12.5751 -57.5364 -7.55309 -1.23299 -7.60729 7.53365 -2.98977 2.56754 -0.131785 -12.9547 3.2495 -3.26872 67.9123 30.4965 5.57289 -29.2081 0.0598081 0.137039 -6.78746 -2.08233 34.6707 -24.234 0.0496218 0.113702 1.71102 -1.94666 4.83116 9.23673 -4.20556 2.0327 1.30698 -31.5954 7.77897 -0.852353 -38.7721 -0.655187 -2.97522 11.0339 0.0941963 -2.32622 -40.4017 -6.04875 -2.34441 2.8707 15.154 0.779096 -9.8844 12.4959 2.7926e-15 -6.77824e-16 -1.0489e-16 -9.23673 -4.20556 2.0327 -5.34574 -16.9236 31.5993 0.852353 -38.7721 -0.655187 0.0417446 0.155784 0.00266295 2.32622 -40.4017 -6.04875 -0.992244 -10.1734 -15.4674 -0.779096 -9.8844 12.4959 -3.84964e-15 -4.26594e-16 -1.26054e-14 
4.95205 91.8734 7.56188 11.119 15.4476 -20.7437 0 5.07867 -1.15138 -3.10015 -3.47323 1.7857 0 5.61661 1.07143 -2.91021 -2.50804 1.49384 -1.02604e-17 5.98978 0.11501 -2.37174 -1.09989 1.57963 -1.10457e-17 6.50583 -0.443523 -1.85277 0.865952 1.50185 -1.97295e-17 7.60548 -1.50593 -0.98555 2.25504 1.72691 -2.53307e-17 9.49737 -0.914492 0.0687137 1.9387 1.44367 -2.90401e-17 10.5513 1.57691 0.209638 0.257029 -0.203111 -1.29193e-17 4.78644 0.715339 1.03535 -12.8016 6.67544 -1.8116e-17 4.82109 0.421791 -0.124429 -2.46119 2.71995 -2.00958e-17 4.83041 0.765062 2.26184 3.19553 3.06938 1.23299 -7.60731 7.53374 17.0156 6.4394 1.27165 12.9547 3.2495 -3.26872 -102.738 38.4103 24.1035 29.2081 0.0598081 0.137039 3.82073 -0.609784 -18.7218 24.234 0.0496219 0.113701 -12.8811 -57.1974 -8.43593 -1.23299 -7.60729 7.53365 -3.85922 2.48043 -0.722006 -12.9547 3.2495 -3.26872 68.7126 31.1426 5.50447 -29.2081 0.0598081 0.137039 -6.80816 -2.09651 34.7909 -24.234 0.0496218 0.113702 1.46607 -2.60037 4.17308 9.23673 -4.20556 2.0327 1.94573 -33.4272 9.32665 -0.852353 -38.7721 -0.655187 -3.01376 11.174 0.09917 -2.32622 -40.4017 -6.04875 -2.65801 2.9879 15.1942 0.779096 -9.8844 12.4959 9.95923e-16 -7.58819e-16 -2.38961e-17 -9.23673 -4.20556 2.0327 -4.90118 -19.6284 31.9151 0.852353 -38.7721 -0.655187 0.189654 0.707959 0.0111861 2.32622 -40.4017 -6.04875 -1.42627 -9.89929 -15.4767 -0.779096 -9.8844 12.4959 -1.68586e-15 -5.15836e-16 -1.27006e-14 
4.76449 91.8585 6.67607 12.2212 16.94 -21.2626 0 5.07867 -1.15138 -3.23931 -3.45119 1.86439 0 5.61661 1.07143 -3.07915 -2.53924 1.55234 -1.02604e-17 5.98978 0.11501 -2.52827 -1.13289 1.63262 -1.10457e-17 6.50583 -0.443523 -2.00613 0.833906 1.55297 -1.97295e-17 7.60548 -1.50593 -1.1076 2.21504 1.79328 -2.53307e-17 9.49737 -0.914492 -0.00351627 1.88051 1.55471 -2.90401e-17 10.5513 1.57691 0.215817 0.267083 -0.222725 -1.29193e-17 4.78644 0.715339 0.995962 -12.3424 6.59348 -1.8116e-17 4.82109 0.421791 0.0539116 -2.80778 2.70001 -2.00958e-17 4.83041 0.765062 2.13932 2.10907 2.85256 1.23299 -7.60731 7.53374 16.1316 6.30794 1.35204 12.9547 3.2495 -3.26872 -101.425 37.7632 23.9257 29.2081 0.0598081 0.137039 3.76914 -0.59273 -18.4604 24.234 0.0496219 0.113701 -13.1698 -55.9361 -9.06448 -1.23299 -7.60729 7.53365 -4.93159 2.47263 -1.35546 -12.9547 3.2495 -3.26872 70.1382 31.6412 4.91872 -29.2081 0.0598081 0.137039 -6.79135 -2.08499 34.6933 -24.234 0.0496218 0.113702 1.07039 -3.06863 3.83451 9.23673 -4.20556 2.0327 2.21075 -35.4926 10.534 -0.852353 -38.7721 -0.655187 -3.07118 11.3827 0.106758 -2.32622 -40.4017 -6.04875 -3.10211 3.51544 15.2439 0.779096 -9.8844 12.4959 -1.51088e-16 -8.06611e-16 2.38961e-17 -9.23673 -4.20556 2.0327 -4.83056 -22.5023 32.1087 0.852353 -38.7721 -0.655187 0.36564 1.36525 0.0194746 2.32622 -40.4017 -6.04875 -1.77412 -9.74896 -15.506 -0.779096 -9.8844 12.4959 -1.80429e-15 -5.14884e-16 -1.26904e-14 
4.61901 91.9139 5.86966 13.1911 18.1635 -21.4915 0 5.07867 -1.15138 -3.36891 -3.3831 1.90009 0 5.61661 1.07143 -3.22615 -2.5294 1.56712 -1.02604e-17 5.98978 0.11501 -2.66242 -1.13829 1.64354 -1.10457e-17 6.50583 -0.443523 -2.13356 0.806596 1.56037 -1.97295e-17 7.60548 -1.50593 -1.21455 2.16664 1.81303 -2.53307e-17 9.49737 -0.914492 -0.0776455 1.81964 1.61573 -2.90401e-17 10.5513 1.57691 0.218915 0.274117 -0.240376 -1.29193e-17 4.78644 0.715339 0.975814 -11.8562 6.54093 -1.8116e-17 4.82109 0.421791 0.152372 -3.17668 2.69064 -2.00958e-17 4.83041 0.765062 2.04846 1.27085 2.61669 1.23299 -7.60731 7.53374 15.0768 6.18208 1.35118 12.9547 3.2495 -3.26872 -99.5615 36.9601 23.6572 29.2081 0.0598081 0.137039 3.71193 -0.57412 -18.1709 24.234 0.0496219 0.113701 -13.7931 -54.2325 -9.69983 -1.23299 -7.60729 7.53365 -5.89376 2.52168 -1.88013 -12.9547 3.2495 -3.26872 71.6981 31.8124 3.93179 -29.2081 0.0598081 0.137039 -6.75657 -2.06129 34.4917 -24.234 0.0496218 0.113702 0.745297 -3.4541 3.65574 9.23673 -4.20556 2.0327 2.22934 -37.3633 11.1743 -0.852353 -38.7721 -0.655187 -3.15402 11.6832 0.118072 -2.32622 -40.4017 -6.04875 -3.62175 4.48864 15.3164 0.779096 -9.8844 12.4959 1.30553e-15 -7.45918e-16 -3.67963e-17 -9.23673 -4.20556 2.0327 -4.86476 -25.1183 32.1938 0.852353 -38.7721 -0.655187 0.593365 2.21598 0.0272069 2.32622 -40.4017 -6.04875 -1.96595 -9.42061 -15.5261 -0.779096 -9.8844 12.4959 -2.77537e-15 -4.69364e-16 -1.26449e-14 
4.42323 92.0569 5.16806 13.8108 18.9595 -21.7151 0 5.07867 -1.15138 -3.44297 -3.39467 1.89784 0 5.61661 1.07143 -3.30679 -2.55034 1.54609 -1.02604e-17 5.98978 0.11501 -2.73637 -1.12577 1.6181 -1.10457e-17 6.50583 -0.443523 -2.20636 0.878801 1.53298 -1.97295e-17 7.60548 -1.50593 -1.28576 2.25576 1.79447 -2.53307e-17 9.49737 -0.914492 -0.139478 1.95553 1.63351 -2.90401e-17 10.5513 1.57691 0.218847 0.269168 -0.259444 -1.29193e-17 4.78644 0.715339 1.05451 -11.3653 6.64834 -1.8116e-17 4.82109 0.421791 0.262154 -3.50263 2.75739 -2.00958e-17 4.83041 0.765062 1.91903 0.638228 2.52217 1.23299 -7.60731 7.53374 13.4989 5.93226 1.33613 12.9547 3.2495 -3.26872 -97.0826 35.9842 22.9192 29.2081 0.0598081 0.137039 3.60335 -0.53968 -17.6229 24.234 0.0496219 0.113701 -14.2321 -52.5534 -9.9305 -1.23299 -7.60729 7.53365 -6.55883 2.51696 -2.34754 -12.9547 3.2495 -3.26872 73.2004 31.7674 2.95908 -29.2081 0.0598081 0.137039 -6.74165 -2.05117 34.4054 -24.234 0.0496218 0.113702 0.549309 -3.48699 3.2351 9.23673 -4.20556 2.0327 2.35091 -38.7223 11.441 -0.852353 -38.7721 -0.655187 -3.30383 12.2252 0.139635 -2.32622 -40.4017 -6.04875 -3.93355 5.47384 15.3771 0.779096 -9.8844 12.4959 8.352e-16 -7.63365e-16 -1.93492e-17 -9.23673 -4.20556 2.0327 -4.60127 -27.2802 32.3941 0.852353 -38.7721 -0.655187 0.869522 3.24743 0.032047 2.32622 -40.4017 -6.04875 -2.19231 -8.61155 -15.5312 -0.779096 -9.8844 12.4959 -1.87704e-15 -5.09861e-16 -1.26854e-14 
4.19558 92.2704 4.59948 13.9955 19.6522 -21.6969 0 5.07867 -1.15138 -3.47848 -3.50607 1.84042 0 5.61661 1.07143 -3.34029 -2.6262 1.47088 -1.02604e-17 5.98978 0.11501 -2.76279 -1.12846 1.54096 -1.10457e-17 6.50583 -0.443523 -2.23188 1.00696 1.45842 -1.97295e-17 7.60548 -1.50593 -1.32283 2.43192 1.7272 -2.53307e-17 9.49737 -0.914492 -0.187733 2.23822 1.60064 -2.90401e-17 10.5513 1.57691 0.216999 0.263226 -0.278256 -1.29193e-17 4.78644 0.715339 1.23233 -10.9598 6.79498 -1.8116e-17 4.82109 0.421791 0.478983 -3.76618 2.84839 -2.00958e-17 4.83041 0.765062 1.81962 0.162174 2.51517 1.23299 -7.60731 7.53374 11.0731 5.53101 1.30778 12.9547 3.2495 -3.26872 -93.3602 34.6165 21.4521 29.2081 0.0598081 0.137039 3.39922 -0.478001 -16.5967 24.234 0.0496219 0.113701 -14.5292 -50.6356 -9.91586 -1.23299 -7.60729 7.53365 -6.90918 2.47389 -2.75363 -12.9547 3.2495 -3.26872 74.4128 31.5483 1.86731 -29.2081 0.0598081 0.137039 -6.76736 -2.06862 34.5542 -24.234 0.0496218 0.113702 0.603756 -3.51844 2.85507 9.23673 -4.20556 2.0327 2.53063 -39.7778 11.0841 -0.852353 -38.7721 -0.655187 -3.55927 13.1448 0.179664 -2.32622 -40.4017 -6.04875 -3.96333 6.17389 15.418 0.779096 -9.8844 12.4959 2.01269e-15 -7.0817e-16 -7.45443e-17 -9.23673 -4.20556 2.0327 -4.05697 -29.0052 32.519 0.852353 -38.7721 -0.655187 1.09359 4.0837 0.0323168 2.32622 -40.4017 -6.04875 -2.28021 -7.37482 -15.5032 -0.779096 -9.8844 12.4959 -9.93923e-16 -5.46658e-16 -1.27222e-14 
3.99734 92.5266 4.17521 13.519 20.5166 -20.524 0 5.07867 -1.15138 -3.34444 -3.63625 1.68753 0 5.61661 1.07143 -3.1996 -2.72727 1.33025 -1.02604e-17 5.98978 0.11501 -2.64438 -1.18108 1.40335 -1.10457e-17 6.50583 -0.443523 -2.12634 1.07585 1.32077 -1.97295e-17 7.60548 -1.50593 -1.27417 2.57218 1.58058 -2.53307e-17 9.49737 -0.914492 -0.21513 2.47053 1.46689 -2.90401e-17 10.5513 1.57691 0.210572 0.256579 -0.28491 -1.29193e-17 4.78644 0.715339 1.26105 -10.217 6.57418 -1.8116e-17 4.82109 0.421791 0.543831 -3.82697 2.77352 -2.00958e-17 4.83041 0.765062 1.83038 -0.398878 2.46437 1.23299 -7.60731 7.53374 9.7843 5.2126 1.48235 12.9547 3.2495 -3.26872 -90.891 33.4917 20.2963 29.2081 0.0598081 0.137039 3.20232 -0.422258 -15.6118 24.234 0.0496219 0.113701 -14.6655 -47.9992 -9.95476 -1.23299 -7.60729 7.53365 -7.47401 2.42845 -3.189 -12.9547 3.2495 -3.26872 75.8157 30.9279 0.157174 -29.2081 0.0598081 0.137039 -6.80815 -2.09651 34.7908 -24.234 0.0496218 0.113702 0.843626 -3.71035 2.6111 9.23673 -4.20556 2.0327 2.24046 -40.6404 9.14974 -0.852353 -38.7721 -0.655187 -3.87579 14.2759 0.234924 -2.32622 -40.4017 -6.04875 -3.77125 6.48708 15.4399 0.779096 -9.8844 12.4959 1.59991e-15 -7.2752e-16 -5.51951e-17 -9.23673 -4.20556 2.0327 -3.65206 -30.0854 31.7049 0.852353 -38.7721 -0.655187 1.14719 4.28365 0.0318955 2.32622 -40.4017 -6.04875 -1.8533 -6.03478 -15.4213 -0.779096 -9.8844 12.4959 -8.90728e-16 -5.49883e-16 -1.27287e-14 
3.72913 92.801 3.82681 13.0176 21.123 -19.555 0 5.07867 -1.15138 -3.15068 -3.7386 1.55753 0 5.61661 1.07143 -2.99982 -2.81028 1.22465 -1.02604e-17 5.98978 0.11501 -2.47846 -1.23163 1.30216 -1.10457e-17 6.50583 -0.443523 -1.98341 1.10685 1.22141 -1.97295e-17 7.60548 -1.50593 -1.19169 2.67255 1.46702 -2.53307e-17 9.49737 -0.914492 -0.211435 2.63634 1.34714 -2.90401e-17 10.5513 1.57691 0.206523 0.249906 -0.280752 -1.29193e-17 4.78644 0.715339 1.32972 -9.72232 6.54547 -1.8116e-17 4.82109 0.421791 0.530048 -3.82671 2.7758 -2.00958e-17 4.83041 0.765062 1.64275 -0.494913 2.20083 1.23299 -7.60731 7.53374 9.26391 5.07459 1.66546 12.9547 3.2495 -3.26872 -90.0615 32.9606 19.7661 29.2081 0.0598081 0.137039 3.11862 -0.399663 -15.1945 24.234 0.0496219 0.113701 -14.3037 -45.926 -10.1015 -1.23299 -7.60729 7.53365 -7.75781 2.46287 -3.49555 -12.9547 3.2495 -3.26872 76.8359 30.4102 -1.25038 -29.2081 0.0598081 0.137039 -6.82801 -2.11017 34.9062 -24.234 0.0496218 0.113702 0.771217 -3.96499 2.13315 9.23673 -4.20556 2.0327 1.64621 -40.8982 6.32843 -0.852353 -38.7721 -0.655187 -4.1742 15.333 0.292703 -2.32622 -40.4017 -6.04875 -3.29752 6.10292 15.4139 0.779096 -9.8844 12.4959 1.86716e-15 -7.18217e-16 -6.44973e-17 -9.23673 -4.20556 2.0327 -3.26804 -30.6829 30.8731 0.852353 -38.7721 -0.655187 1.09264 4.08017 0.0323225 2.32622 -40.4017 -6.04875 -1.35627 -4.56813 -15.3477 -0.779096 -9.8844 12.4959 -9.05941e-16 -5.46182e-16 -1.27342e-14 
3.43117 93.0561 3.45336 12.5509 21.6258 -18.7418 0 5.07867 -1.15138 -2.97499 -3.75618 1.41608 0 5.61661 1.07143 -2.81317 -2.83002 1.10732 -1.02604e-17 5.98978 0.11501 -2.31991 -1.24288 1.19045 -1.10457e-17 6.50583 -0.443523 -1.84257 1.12821 1.11332 -1.97295e-17 7.60548 -1.50593 -1.10784 2.73808 1.3469 -2.53307e-17 9.49737 -0.914492 -0.206963 2.74533 1.21687 -2.90401e-17 10.5513 1.57691 0.20541 0.248013 -0.272254 -1.29193e-17 4.78644 0.715339 1.31515 -9.07432 6.42954 -1.8116e-17 4.82109 0.421791 0.479577 -3.96903 2.73955 -2.00958e-17 4.83041 0.765062 1.4912 -0.7576 2.23295 1.23299 -7.60731 7.53374 9.20672 4.96549 1.92935 12.9547 3.2495 -3.26872 -89.7876 32.8233 19.18 29.2081 0.0598081 0.137039 3.09444 -0.393257 -15.0741 24.234 0.0496219 0.113701 -13.7736 -44.2056 -10.423 -1.23299 -7.60729 7.53365 -7.96579 2.49813 -3.78032 -12.9547 3.2495 -3.26872 77.8044 29.5559 -2.50228 -29.2081 0.0598081 0.137039 -6.84749 -2.12363 35.0196 -24.234 0.0496218 0.113702 0.715904 -3.85145 1.90134 9.23673 -4.20556 2.0327 0.969193 -40.7746 3.58837 -0.852353 -38.7721 -0.655187 -4.39541 16.1104 0.339054 -2.32622 -40.4017 -6.04875 -2.77964 5.33485 15.376 0.779096 -9.8844 12.4959 4.85324e-15 -5.85832e-16 -1.96883e-16 -9.23673 -4.20556 2.0327 -2.97175 -31.1126 30.3972 0.852353 -38.7721 -0.655187 0.980571 3.66199 0.0325903 2.32622 -40.4017 -6.04875 -0.724816 -3.14591 -15.2844 -0.779096 -9.8844 12.4959 -1.37628e-15 -5.28735e-16 -1.27135e-14 
3.17357 93.2385 2.9576 12.0756 22.2395 -18.0842 0 5.07867 -1.15138 -2.76799 -3.62926 1.25819 0 5.61661 1.07143 -2.59183 -2.74534 0.974997 -1.02604e-17 5.98978 0.11501 -2.13396 -1.20168 1.06431 -1.10457e-17 6.50583 -0.443523 -1.67858 1.10541 0.989701 -1.97295e-17 7.60548 -1.50593 -1.00802 2.71171 1.2068 -2.53307e-17 9.49737 -0.914492 -0.197632 2.7305 1.06074 -2.90401e-17 10.5513 1.57691 0.204788 0.253173 -0.26114 -1.29193e-17 4.78644 0.715339 1.33039 -8.61475 6.45222 -1.8116e-17 4.82109 0.421791 0.353362 -4.13693 2.76083 -2.00958e-17 4.83041 0.765062 1.23907 -1.08232 2.30293 1.23299 -7.60731 7.53374 9.42989 4.98856 2.07551 12.9547 3.2495 -3.26872 -90.0904 32.984 18.844 29.2081 0.0598081 0.137039 3.21815 -0.426603 -15.6908 24.234 0.0496219 0.113701 -12.929 -42.8672 -10.9011 -1.23299 -7.60729 7.53365 -8.14615 2.59353 -3.88905 -12.9547 3.2495 -3.26872 78.5917 28.5541 -3.48863 -29.2081 0.0598081 0.137039 -6.92156 -2.17535 35.452 -24.234 0.0496218 0.113702 0.532049 -3.68527 1.60511 9.23673 -4.20556 2.0327 0.558657 -40.5297 1.45504 -0.852353 -38.7721 -0.655187 -4.47356 16.3837 0.35614 -2.32622 -40.4017 -6.04875 -2.50874 4.45482 15.385 0.779096 -9.8844 12.4959 1.71832e-15 -7.26569e-16 -5.61459e-17 -9.23673 -4.20556 2.0327 -2.58062 -31.713 29.9847 0.852353 -38.7721 -0.655187 0.879041 3.28298 0.0321251 2.32622 -40.4017 -6.04875 -0.00655018 -1.92698 -15.2421 -0.779096 -9.8844 12.4959 -3.0198e-16 -5.7748e-16 -1.27563e-14 
2.98526 93.3347 2.41542 11.5355 22.972 -17.5133 0 5.07867 -1.15138 -2.56864 -3.48494 1.08252 0 5.61661 1.07143 -2.38135 -2.64925 0.818283 -1.02604e-17 5.98978 0.11501 -1.95751 -1.15642 0.914223 -1.10457e-17 6.50583 -0.443523 -1.52649 1.06938 0.84522 -1.97295e-17 7.60548 -1.50593 -0.918697 2.65329 1.04672 -2.53307e-17 9.49737 -0.914492 -0.197582 2.69648 0.893014 -2.90401e-17 10.5513 1.57691 0.206831 0.273326 -0.251406 -1.29193e-17 4.78644 0.715339 1.40041 -8.39559 6.54338 -1.8116e-17 4.82109 0.421791 0.258578 -4.34816 2.81703 -2.00958e-17 4.83041 0.765062 1.08101 -1.37198 2.4636 1.23299 -7.60731 7.53374 8.8164 4.91139 2.0418 12.9547 3.2495 -3.26872 -89.3429 32.9263 17.9291 29.2081 0.0598081 0.137039 3.38084 -0.472642 -16.5046 24.234 0.0496219 0.113701 -11.5302 -41.596 -10.8661 -1.23299 -7.60729 7.53365 -8.1778 2.69247 -3.84166 -12.9547 3.2495 -3.26872 79.0861 27.6142 -4.26934 -29.2081 0.0598081 0.137039 -7.03335 -2.25498 36.109 -24.234 0.0496218 0.113702 0.416378 -3.69227 1.33905 9.23673 -4.20556 2.0327 0.458438 -40.151 -0.144379 -0.852353 -38.7721 -0.655187 -4.32596 15.8669 0.324181 -2.32622 -40.4017 -6.04875 -2.53093 3.6439 15.454 0.779096 -9.8844 12.4959 6.71151e-16 -7.66218e-16 -1.64967e-17 -9.23673 -4.20556 2.0327 -1.9741 -32.4751 29.632 0.852353 -38.7721 -0.655187 0.831976 3.10723 0.0316812 2.32622 -40.4017 -6.04875 0.287164 -0.911406 -15.1961 -0.779096 -9.8844 12.4959 -5.96354e-16 -5.59082e-16 -1.27471e-14 
2.82838 93.3613 1.93502 10.9759 23.7929 -16.9387 0 5.07867 -1.15138 -2.44339 -3.42469 0.866883 0 5.61661 1.07143 -2.24485 -2.60629 0.601572 -1.02604e-17 5.98978 0.11501 -1.83616 -1.1288 0.706775 -1.10457e-17 6.50583 -0.443523 -1.42188 1.06394 0.65141 -1.97295e-17 7.60548 -1.50593 -0.863677 2.63177 0.845956 -2.53307e-17 9.49737 -0.914492 -0.21846 2.77756 0.704784 -2.90401e-17 10.5513 1.57691 0.205205 0.313644 -0.248056 -1.29193e-17 4.78644 0.715339 1.63021 -8.695 6.75715 -1.8116e-17 4.82109 0.421791 0.335924 -4.47558 2.93751 -2.00958e-17 4.83041 0.765062 1.04129 -1.57251 2.70085 1.23299 -7.60731 7.53374 5.83363 4.57348 1.63694 12.9547 3.2495 -3.26872 -85.6611 31.4718 15.621 29.2081 0.0598081 0.137039 3.46637 -0.497852 -16.9337 24.234 0.0496219 0.113701 -9.50085 -39.823 -9.8952 -1.23299 -7.60729 7.53365 -7.62889 2.77293 -3.52105 -12.9547 3.2495 -3.26872 78.9676 26.7009 -5.03681 -29.2081 0.0598081 0.137039 -7.24283 -2.4095 37.3547 -24.234 0.0496218 0.113702 0.4991 -3.97072 0.92397 9.23673 -4.20556 2.0327 0.470215 -39.7635 -1.64656 -0.852353 -38.7721 -0.655187 -3.91399 14.4117 0.242014 -2.32622 -40.4017 -6.04875 -2.89106 3.20115 15.5851 0.779096 -9.8844 12.4959 -1.91736e-15 -8.80205e-16 9.74907e-17 -9.23673 -4.20556 2.0327 -1.35242 -33.293 29.2101 0.852353 -38.7721 -0.655187 0.806808 3.01325 0.0313845 2.32622 -40.4017 -6.04875 0.459565 -0.199833 -15.1508 -0.779096 -9.8844 12.4959 -5.96354e-16 -5.59082e-16 -1.27471e-14 
2.72672 93.3239 1.55476 10.5409 24.9007 -16.2919 0 5.07867 -1.15138 -2.15649 -3.46188 0.699713 0 5.61661 1.07143 -1.96532 -2.68347 0.471827 -1.02604e-17 5.98978 0.11501 -1.61122 -1.23304 0.585976 -1.10457e-17 6.50583 -0.443523 -1.2418 0.94898 0.537334 -1.97295e-17 7.60548 -1.50593 -0.759097 2.54635 0.709248 -2.53307e-17 9.49737 -0.914492 -0.209948 2.7055 0.562341 -2.90401e-17 10.5513 1.57691 0.202892 0.341986 -0.237335 -1.29193e-17 4.78644 0.715339 1.66526 -8.17826 6.8145 -1.8116e-17 4.82109 0.421791 0.323887 -4.36453 2.97706 -2.00958e-17 4.83041 0.765062 0.560792 -2.49815 2.68277 1.23299 -7.60731 7.53374 5.57358 4.32058 1.69005 12.9547 3.2495 -3.26872 -83.7415 31.052 13.8541 29.2081 0.0598081 0.137039 3.56562 -0.527979 -17.4328 24.234 0.0496219 0.113701 -9.75328 -37.6231 -10.4945 -1.23299 -7.60729 7.53365 -7.94304 2.81721 -3.54875 -12.9547 3.2495 -3.26872 79.28 25.7485 -5.97373 -29.2081 0.0598081 0.137039 -7.43232 -2.55545 38.4988 -24.234 0.0496218 0.113702 0.649538 -4.32698 0.285047 9.23673 -4.20556 2.0327 0.574312 -39.9837 -2.74298 -0.852353 -38.7721 -0.655187 -3.43522 12.6989 0.159712 -2.32622 -40.4017 -6.04875 -3.24091 3.18389 15.6252 0.779096 -9.8844 12.4959 1.51193e-15 -7.36243e-16 -4.64713e-17 -9.23673 -4.20556 2.0327 -0.915922 -34.4745 28.6353 0.852353 -38.7721 -0.655187 0.821258 3.06721 0.0315599 2.32622 -40.4017 -6.04875 0.778968 0.157849 -15.1407 -0.779096 -9.8844 12.4959 -5.96354e-16 -5.59082e-16 -1.27471e-14 
2.71583 93.291 1.25964 10.3341 26.3095 -15.6954 0 5.07867 -1.15138 -1.95061 -3.40976 0.499793 0 5.61661 1.07143 -1.75293 -2.71943 0.296357 -1.02604e-17 5.98978 0.11501 -1.4328 -1.36862 0.421686 -1.10457e-17 6.50583 -0.443523 -1.08938 0.671536 0.378853 -1.97295e-17 7.60548 -1.50593 -0.669098 2.26197 0.534813 -2.53307e-17 9.49737 -0.914492 -0.209406 2.39455 0.376317 -2.90401e-17 10.5513 1.57691 0.20651 0.385706 -0.219315 -1.29193e-17 4.78644 0.715339 1.80227 -8.52271 7.01258 -1.8116e-17 4.82109 0.421791 0.270749 -4.26438 3.06322 -2.00958e-17 4.83041 0.765062 0.310418 -2.51535 2.58849 1.23299 -7.60731 7.53374 5.15522 4.36185 1.50462 12.9547 3.2495 -3.26872 -82.8716 31.2029 12.8221 29.2081 0.0598081 0.137039 3.80039 -0.603034 -18.6187 24.234 0.0496219 0.113701 -8.66748 -36.4493 -10.8665 -1.23299 -7.60729 7.53365 -7.91631 3.04287 -3.26567 -12.9547 3.2495 -3.26872 79.4236 24.7574 -7.00562 -29.2081 0.0598081 0.137039 -7.62249 -2.70811 39.665 -24.234 0.0496218 0.113702 0.583738 -4.78948 -0.19341 9.23673 -4.20556 2.0327 0.597387 -40.5679 -3.3475 -0.852353 -38.7721 -0.655187 -3.01375 11.174 0.0991696 -2.32622 -40.4017 -6.04875 -3.512 3.1858 15.5923 0.779096 -9.8844 12.4959 1.85599e-16 -7.90591e-16 7.87599e-18 -9.23673 -4.20556 2.0327 -0.66883 -36.1627 28.0795 0.852353 -38.7721 -0.655187 0.871639 3.25534 0.0320649 2.32622 -40.4017 -6.04875 1.17648 0.473569 -15.1796 -0.779096 -9.8844 12.4959 -6.9955e-16 -5.55857e-16 -1.27406e-14 
2.80072 93.3455 0.849676 10.3524 27.7002 -15.0731 0 5.07867 -1.15138 -2.01308 -3.48796 0.214365 0 5.61661 1.07143 -1.78362 -2.80977 -0.0156174 -1.02604e-17 5.98978 0.11501 -1.43386 -1.45888 0.121157 -1.10457e-17 6.50583 -0.443523 -1.06808 0.579493 0.0924178 -1.97295e-17 7.60548 -1.50593 -0.670488 2.2031 0.261584 -2.53307e-17 9.49737 -0.914492 -0.273742 2.45179 0.120538 -2.90401e-17 10.5513 1.57691 0.199504 0.432338 -0.219728 -1.29193e-17 4.78644 0.715339 2.12816 -9.42442 7.33448 -1.8116e-17 4.82109 0.421791 0.343406 -4.51403 3.22399 -2.00958e-17 4.83041 0.765062 0.613558 -2.43575 2.80623 1.23299 -7.60731 7.53374 1.89999 4.05494 0.874055 12.9547 3.2495 -3.26872 -78.4519 29.2266 9.56052 29.2081 0.0598081 0.137039 3.76876 -0.592614 -18.4585 24.234 0.0496219 0.113701 -6.80213 -34.5826 -10.5267 -1.23299 -7.60729 7.53365 -7.22761 3.13341 -2.82541 -12.9547 3.2495 -3.26872 79.5178 24.0294 -7.37382 -29.2081 0.0598081 0.137039 -7.75257 -2.81626 40.4737 -24.234 0.0496218 0.113702 0.283279 -5.31395 -0.166567 9.23673 -4.20556 2.0327 0.325228 -41.5607 -4.14393 -0.852353 -38.7721 -0.655187 -2.68993 9.99279 0.0603182 -2.32622 -40.4017 -6.04875 -4.25588 3.61914 15.7059 0.779096 -9.8844 12.4959 -2.44855e-15 -9.0648e-16 1.23765e-16 -9.23673 -4.20556 2.0327 -0.737533 -38.2283 27.6304 0.852353 -38.7721 -0.655187 1.02026 3.81013 0.0325892 2.32622 -40.4017 -6.04875 1.21796 1.0866 -15.1749 -0.779096 -9.8844 12.4959 -7.87532e-16 -5.56332e-16 -1.27319e-14 
2.97028 93.4721 0.341394 10.2582 28.889 -14.1853 0 5.07867 -1.15138 -1.93149 -3.60587 -0.0783815 0 5.61661 1.07143 -1.66795 -2.93297 -0.313005 -1.02604e-17 5.98978 0.11501 -1.31944 -1.54629 -0.165915 -1.10457e-17 6.50583 -0.443523 -0.950081 0.566552 -0.186929 -1.97295e-17 7.60548 -1.50593 -0.610114 2.25856 -0.0190215 -2.53307e-17 9.49737 -0.914492 -0.311894 2.60454 -0.154986 -2.90401e-17 10.5513 1.57691 0.18368 0.455648 -0.223778 -1.29193e-17 4.78644 0.715339 2.41367 -9.38787 7.76951 -1.8116e-17 4.82109 0.421791 0.325904 -4.58996 3.44074 -2.00958e-17 4.83041 0.765062 0.293385 -3.30258 2.81909 1.23299 -7.60731 7.53374 0.236841 3.72398 0.484339 12.9547 3.2495 -3.26872 -74.5688 27.3431 6.28123 29.2081 0.0598081 0.137039 3.75072 -0.58671 -18.3671 24.234 0.0496219 0.113701 -6.80836 -32.2839 -11.1513 -1.23299 -7.60729 7.53365 -7.32874 3.02921 -2.66366 -12.9547 3.2495 -3.26872 79.7433 23.1062 -7.49204 -29.2081 0.0598081 0.137039 -7.91035 -2.95168 41.4674 -24.234 0.0496218 0.113702 0.421498 -5.86804 -0.558959 9.23673 -4.20556 2.0327 -0.0913489 -42.743 -5.33387 -0.852353 -38.7721 -0.655187 -2.49013 9.26028 0.0396948 -2.32622 -40.4017 -6.04875 -4.95371 4.66664 15.8052 0.779096 -9.8844 12.4959 -2.23885e-16 -8.11635e-16 2.89207e-17 -9.23673 -4.20556 2.0327 -1.10761 -40.1525 26.6721 0.852353 -38.7721 -0.655187 1.16702 4.35758 0.0316922 2.32622 -40.4017 -6.04875 1.75214 1.85732 -15.2011 -0.779096 -9.8844 12.4959 -3.0198e-16 -5.7748e-16 -1.27563e-14 
3.13476 93.6215 -0.127636 9.80977 29.9051 -13.0022 0 5.07867 -1.15138 -2.06982 -3.8452 -0.446476 0 5.61661 1.07143 -1.74885 -3.10725 -0.718553 -1.02604e-17 5.98978 0.11501 -1.34859 -1.58854 -0.562911 -1.10457e-17 6.50583 -0.443523 -0.930669 0.748129 -0.572357 -1.97295e-17 7.60548 -1.50593 -0.614781 2.56085 -0.382747 -2.53307e-17 9.49737 -0.914492 -0.39101 3.1501 -0.5011 -2.90401e-17 10.5513 1.57691 0.174939 0.47044 -0.246909 -1.29193e-17 4.78644 0.715339 3.13316 -10.8718 8.56314 -1.8116e-17 4.82109 0.421791 0.528581 -4.93868 3.82128 -2.00958e-17 4.83041 0.765062 0.553608 -2.94497 2.73902 1.23299 -7.60731 7.53374 -4.61391 3.67809 -1.05978 12.9547 3.2495 -3.26872 -68.1226 23.217 2.35425 29.2081 0.0598081 0.137039 3.5871 -0.534633 -17.541 24.234 0.0496219 0.113701 -4.97716 -29.5293 -11.2271 -1.23299 -7.60729 7.53365 -6.62978 2.85429 -2.08209 -12.9547 3.2495 -3.26872 79.2611 22.9529 -7.43623 -29.2081 0.0598081 0.137039 -8.15969 -3.17564 43.0685 -24.234 0.0496218 0.113702 0.782997 -7.66779 -0.942603 9.23673 -4.20556 2.0327 -0.431724 -43.9198 -6.95605 -0.852353 -38.7721 -0.655187 -2.37089 8.82188 0.0286093 -2.32622 -40.4017 -6.04875 -5.34927 5.86719 15.8802 0.779096 -9.8844 12.4959 2.88061e-15 -6.75074e-16 -1.07641e-16 -9.23673 -4.20556 2.0327 -1.31487 -41.7549 25.3767 0.852353 -38.7721 -0.655187 1.29769 4.84466 0.0297106 2.32622 -40.4017 -6.04875 1.82844 2.92281 -15.181 -0.779096 -9.8844 12.4959 -5.96354e-16 -5.59082e-16 -1.27471e-14 
3.2246 93.7476 -0.425234 9.06448 30.9252 -11.7595 0 5.07867 -1.15138 -2.02836 -4.29954 -0.774596 0 5.61661 1.07143 -1.67308 -3.44303 -1.05745 -1.02604e-17 5.98978 0.11501 -1.26275 -1.68402 -0.896212 -1.10457e-17 6.50583 -0.443523 -0.828831 1.08092 -0.896714 -1.97295e-17 7.60548 -1.50593 -0.571748 3.11434 -0.697784 -2.53307e-17 9.49737 -0.914492 -0.452053 3.9852 -0.802959 -2.90401e-17 10.5513 1.57691 0.153792 0.459323 -0.269363 -1.29193e-17 4.78644 0.715339 3.73885 -11.9533 9.1749 -1.8116e-17 4.82109 0.421791 0.555395 -5.1815 4.12142 -2.00958e-17 4.83041 0.765062 0.596602 -3.30559 2.81437 1.23299 -7.60731 7.53374 -8.50119 3.64035 -2.51806 12.9547 3.2495 -3.26872 -61.3526 18.8234 -1.84104 29.2081 0.0598081 0.137039 3.32704 -0.457151 -16.2352 24.234 0.0496219 0.113701 -5.14905 -26.6383 -12.3891 -1.23299 -7.60729 7.53365 -5.96687 2.47767 -1.72342 -12.9547 3.2495 -3.26872 78.359 23.1729 -7.09862 -29.2081 0.0598081 0.137039 -8.36618 -3.37094 44.4257 -24.234 0.0496218 0.113702 1.05473 -9.72713 -1.23023 9.23673 -4.20556 2.0327 -0.377984 -44.9941 -8.15477 -0.852353 -38.7721 -0.655187 -2.30642 8.58452 0.0229979 -2.32622 -40.4017 -6.04875 -5.71444 6.66448 15.9484 0.779096 -9.8844 12.4959 1.23275e-15 -7.41743e-16 -4.09717e-17 -9.23673 -4.20556 2.0327 -1.29119 -43.0725 24.0704 0.852353 -38.7721 -0.655187 1.37988 5.15077 0.0278936 2.32622 -40.4017 -6.04875 2.2808 3.86168 -15.1953 -0.779096 -9.8844 12.4959 -4.93163e-16 -5.65531e-16 -1.27503e-14 
3.27206 93.8058 -0.566594 8.41234 32.3723 -10.604 0 5.07867 -1.15138 -1.72536 -4.82725 -1.03388 0 5.61661 1.07143 -1.35662 -3.91436 -1.28683 -1.02604e-17 5.98978 0.11501 -0.989156 -1.94824 -1.11744 -1.10457e-17 6.50583 -0.443523 -0.584198 1.19797 -1.1103 -1.97295e-17 7.60548 -1.50593 -0.420984 3.47279 -0.928474 -2.53307e-17 9.49737 -0.914492 -0.431464 4.5101 -1.04893 -2.90401e-17 10.5513 1.57691 0.141942 0.455603 -0.26465 -1.29193e-17 4.78644 0.715339 4.09194 -12.1193 9.63409 -1.8116e-17 4.82109 0.421791 0.490102 -5.21785 4.34699 -2.00958e-17 4.83041 0.765062 -0.254339 -4.02559 2.71865 1.23299 -7.60731 7.53374 -9.39821 3.31293 -2.84596 12.9547 3.2495 -3.26872 -58.4759 18.27 -4.54813 29.2081 0.0598081 0.137039 3.48959 -0.504825 -17.0504 24.234 0.0496219 0.113701 -4.98196 -25.7 -13.1106 -1.23299 -7.60729 7.53365 -5.99897 2.17334 -1.58092 -12.9547 3.2495 -3.26872 77.7157 23.639 -7.09023 -29.2081 0.0598081 0.137039 -8.63978 -3.64453 46.2725 -24.234 0.0496218 0.113702 0.829023 -11.536 -2.38315 9.23673 -4.20556 2.0327 -0.288534 -46.3977 -9.0015 -0.852353 -38.7721 -0.655187 -2.26128 8.41818 0.0192287 -2.32622 -40.4017 -6.04875 -5.55761 7.15394 15.8342 0.779096 -9.8844 12.4959 1.9975e-15 -7.1187e-16 -7.08447e-17 -9.23673 -4.20556 2.0327 -1.30986 -44.6192 22.8373 0.852353 -38.7721 -0.655187 1.41603 5.2854 0.0269547 2.32622 -40.4017 -6.04875 2.82695 4.41051 -15.2696 -0.779096 -9.8844 12.4959 -4.05167e-16 -5.74256e-16 -1.27498e-14 
3.23607 93.7483 -0.648584 7.89807 34.1312 -9.69195 0 5.07867 -1.15138 -1.60839 -5.25549 -1.27438 0 5.61661 1.07143 -1.21554 -4.34607 -1.52216 -1.02604e-17 5.98978 0.11501 -0.854892 -2.24928 -1.34545 -1.10457e-17 6.50583 -0.443523 -0.449556 1.14758 -1.33006 -1.97295e-17 7.60548 -1.50593 -0.34315 3.62815 -1.14541 -2.53307e-17 9.49737 -0.914492 -0.449396 4.80288 -1.27527 -2.90401e-17 10.5513 1.57691 0.136514 0.463585 -0.252864 -1.29193e-17 4.78644 0.715339 4.51731 -13.2572 10.0756 -1.8116e-17 4.82109 0.421791 0.493819 -5.3929 4.5407 -2.00958e-17 4.83041 0.765062 -0.28205 -3.60327 2.63705 1.23299 -7.60731 7.53374 -10.1996 3.13157 -3.17353 12.9547 3.2495 -3.26872 -56.2882 17.1979 -6.69467 29.2081 0.0598081 0.137039 3.84376 -0.617494 -18.8386 24.234 0.0496219 0.113701 -3.58065 -24.2914 -12.8903 -1.23299 -7.60729 7.53365 -5.87513 2.06441 -1.29966 -12.9547 3.2495 -3.26872 77.3156 24.5681 -7.28999 -29.2081 0.0598081 0.137039 -8.93473 -3.96022 48.3337 -24.234 0.0496218 0.113702 0.499171 -13.1204 -3.28545 9.23673 -4.20556 2.0327 -0.0946762 -48.1398 -9.54942 -0.852353 -38.7721 -0.655187 -2.24996 8.37644 0.0183038 -2.32622 -40.4017 -6.04875 -5.39188 7.0471 15.7527 0.779096 -9.8844 12.4959 7.16796e-16 -7.64316e-16 -1.83986e-17 -9.23673 -4.20556 2.0327 -1.1892 -46.541 22.042 0.852353 -38.7721 -0.655187 1.48684 5.54891 0.0248691 2.32622 -40.4017 -6.04875 3.02928 4.53459 -15.3118 -0.779096 -9.8844 12.4959 -8.90732e-16 -5.49883e-16 -1.27287e-14 
3.10769 93.6417 -0.725612 7.45426 35.7983 -9.1392 0 5.07867 -1.15138 -1.4526 -5.45527 -1.47581 0 5.61661 1.07143 -1.03222 -4.62009 -1.72431 -1.02604e-17 5.98978 0.11501 -0.687139 -2.50525 -1.54334 -1.10457e-17 6.50583 -0.443523 -0.290845 0.940238 -1.52271 -1.97295e-17 7.60548 -1.50593 -0.246158 3.53368 -1.34045 -2.53307e-17 9.49737 -0.914492 -0.448321 4.76243 -1.48363 -2.90401e-17 10.5513 1.57691 0.120814 0.483485 -0.231952 -1.29193e-17 4.78644 0.715339 4.8413 -14.0158 10.5167 -1.8116e-17 4.82109 0.421791 0.409141 -5.35388 4.72671 -2.00958e-17 4.83041 0.765062 -0.253442 -3.50691 2.71713 1.23299 -7.60731 7.53374 -9.76515 2.83858 -3.06885 12.9547 3.2495 -3.26872 -55.089 16.5206 -8.17334 29.2081 0.0598081 0.137039 4.41268 -0.824528 -21.7502 24.234 0.0496219 0.113701 -2.72735 -23.1887 -12.3486 -1.23299 -7.60729 7.53365 -5.80006 2.13259 -0.990199 -12.9547 3.2495 -3.26872 77.0749 25.1089 -7.40542 -29.2081 0.0598081 0.137039 -9.15996 -4.21732 49.9636 -24.234 0.0496218 0.113702 0.248674 -13.2177 -3.7135 9.23673 -4.20556 2.0327 0.41053 -49.8809 -9.77107 -0.852353 -38.7721 -0.655187 -2.2947 8.54134 0.0220066 -2.32622 -40.4017 -6.04875 -5.33064 6.57412 15.7385 0.779096 -9.8844 12.4959 5.25608e-16 -7.76265e-16 -6.44943e-18 -9.23673 -4.20556 2.0327 -0.832032 -48.4217 21.6865 0.852353 -38.7721 -0.655187 1.55942 5.81884 0.0223923 2.32622 -40.4017 -6.04875 3.4915 4.45603 -15.3708 -0.779096 -9.8844 12.4959 -3.89972e-16 -5.68756e-16 -1.27535e-14 
2.95487 93.5422 -0.752218 7.07537 37.3378 -8.7443 0 5.07867 -1.15138 -1.42066 -5.68778 -1.65497 0 5.61661 1.07143 -0.965372 -4.89644 -1.91816 -1.02604e-17 5.98978 0.11501 -0.608747 -2.71997 -1.73352 -1.10457e-17 6.50583 -0.443523 -0.195097 0.846689 -1.70853 -1.97295e-17 7.60548 -1.50593 -0.181824 3.5668 -1.51762 -2.53307e-17 9.49737 -0.914492 -0.445964 4.89318 -1.67267 -2.90401e-17 10.5513 1.57691 0.11364 0.476338 -0.216087 -1.29193e-17 4.78644 0.715339 5.4569 -15.7072 11.1509 -1.8116e-17 4.82109 0.421791 0.546869 -5.40188 4.98357 -2.00958e-17 4.83041 0.765062 -0.0859597 -2.68367 2.63449 1.23299 -7.60731 7.53374 -9.88747 2.72238 -3.3373 12.9547 3.2495 -3.26872 -53.676 14.7848 -9.5635 29.2081 0.0598081 0.137039 4.98425 -1.06646 -24.7328 24.234 0.0496219 0.113701 -1.58321 -21.432 -11.8283 -1.23299 -7.60729 7.53365 -5.35259 2.15125 -0.509079 -12.9547 3.2495 -3.26872 76.3822 25.5856 -6.98925 -29.2081 0.0598081 0.137039 -9.34721 -4.44276 51.3607 -24.234 0.0496218 0.113702 0.106908 -12.8388 -3.84581 9.23673 -4.20556 2.0327 0.985207 -51.5763 -9.75665 -0.852353 -38.7721 -0.655187 -2.37091 8.82197 0.0286114 -2.32622 -40.4017 -6.04875 -5.23637 6.14642 15.7216 0.779096 -9.8844 12.4959 7.16796e-16 -7.64316e-16 -1.83986e-17 -9.23673 -4.20556 2.0327 -0.359154 -50.1403 21.6078 0.852353 -38.7721 -0.655187 1.61912 6.04076 0.0200976 2.32622 -40.4017 -6.04875 3.67685 4.43972 -15.3984 -0.779096 -9.8844 12.4959 -7.59726e-18 -5.8668e-16 -1.27655e-14 
2.82369 93.4468 -0.725835 6.6593 38.8087 -8.21008 0 5.07867 -1.15138 -1.64561 -5.82872 -1.89657 0 5.61661 1.07143 -1.13546 -5.0156 -2.20911 -1.02604e-17 5.98978 0.11501 -0.713413 -2.72549 -2.0235 -1.10457e-17 6.50583 -0.443523 -0.227624 1.04814 -2.00227 -1.97295e-17 7.60548 -1.50593 -0.206286 3.88838 -1.77266 -2.53307e-17 9.49737 -0.914492 -0.506679 5.42915 -1.92963 -2.90401e-17 10.5513 1.57691 0.10474 0.429998 -0.215916 -1.29193e-17 4.78644 0.715339 6.90749 -20.4297 12.1952 -1.8116e-17 4.82109 0.421791 0.778185 -5.35301 5.31066 -2.00958e-17 4.83041 0.765062 0.999164 -0.091217 2.51121 1.23299 -7.60731 7.53374 -12.4464 3.52272 -5.12014 12.9547 3.2495 -3.26872 -50.3132 8.72005 -11.5879 29.2081 0.0598081 0.137039 5.34519 -1.23779 -26.6514 24.234 0.0496219 0.113701 -0.192795 -17.5381 -11.9845 -1.23299 -7.60729 7.53365 -3.44394 2.13346 0.600333 -12.9547 3.2495 -3.26872 73.7068 25.5503 -5.3389 -29.2081 0.0598081 0.137039 -9.44951 -4.57075 52.1416 -24.234 0.0496218 0.113702 0.605731 -12.8789 -2.66471 9.23673 -4.20556 2.0327 1.4893 -53.3319 -9.61597 -0.852353 -38.7721 -0.655187 -2.50331 9.30867 0.0409758 -2.32622 -40.4017 -6.04875 -5.69528 5.70565 15.8541 0.779096 -9.8844 12.4959 3.19226e-16 -7.85939e-16 3.22472e-18 -9.23673 -4.20556 2.0327 -0.106625 -51.6482 21.3999 0.852353 -38.7721 -0.655187 1.64171 6.12469 0.0191688 2.32622 -40.4017 -6.04875 4.15069 4.25234 -15.4747 -0.779096 -9.8844 12.4959 -5.96354e-16 -5.59082e-16 -1.27471e-14 
2.71769 93.3638 -0.656825 5.86981 40.1028 -7.10244 0 5.07867 -1.15138 -1.68618 -6.11711 -2.09572 0 5.61661 1.07143 -1.13488 -5.24481 -2.43486 -1.02604e-17 5.98978 0.11501 -0.680942 -2.75167 -2.24972 -1.10457e-17 6.50583 -0.443523 -0.147394 1.38577 -2.23515 -1.97295e-17 7.60548 -1.50593 -0.147157 4.41027 -1.98709 -2.53307e-17 9.49737 -0.914492 -0.5013 6.16322 -2.15616 -2.90401e-17 10.5513 1.57691 0.094268 0.36209 -0.206074 -1.29193e-17 4.78644 0.715339 8.42817 -24.7058 13.2473 -1.8116e-17 4.82109 0.421791 0.904278 -4.98372 5.60024 -2.00958e-17 4.83041 0.765062 1.35863 1.95556 2.07828 1.23299 -7.60731 7.53374 -14.0274 4.01574 -6.48505 12.9547 3.2495 -3.26872 -47.3865 4.39844 -13.8432 29.2081 0.0598081 0.137039 5.83346 -1.49382 -29.2972 24.234 0.0496219 0.113701 0.448058 -14.9517 -11.862 -1.23299 -7.60729 7.53365 -1.66242 1.94815 1.64645 -12.9547 3.2495 -3.26872 70.6532 25.0167 -2.74003 -29.2081 0.0598081 0.137039 -9.44041 -4.55922 52.0716 -24.234 0.0496218 0.113702 0.910398 -12.9633 -1.53567 9.23673 -4.20556 2.0327 1.72215 -55.0123 -9.94421 -0.852353 -38.7721 -0.655187 -2.69674 10.0177 0.061066 -2.32622 -40.4017 -6.04875 -5.80971 5.42304 15.9009 0.779096 -9.8844 12.4959 2.48481e-17 -7.95139e-16 1.2424e-17 -9.23673 -4.20556 2.0327 -0.0935939 -52.7606 20.7166 0.852353 -38.7721 -0.655187 1.62231 6.05261 0.0199685 2.32622 -40.4017 -6.04875 4.59487 3.97467 -15.527 -0.779096 -9.8844 12.4959 -5.96354e-16 -5.59082e-16 -1.27471e-14 
2.56335 93.3179 -0.584074 4.68433 41.0539 -5.68028 0 5.07867 -1.15138 -1.6761 -6.38858 -2.26597 0 5.61661 1.07143 -1.08368 -5.47249 -2.6267 -1.02604e-17 5.98978 0.11501 -0.605311 -2.7856 -2.44684 -1.10457e-17 6.50583 -0.443523 -0.0298754 1.70373 -2.44251 -1.97295e-17 7.60548 -1.50593 -0.0549528 4.91029 -2.18447 -2.53307e-17 9.49737 -0.914492 -0.462328 6.82527 -2.3722 -2.90401e-17 10.5513 1.57691 0.0944778 0.288973 -0.192642 -1.29193e-17 4.78644 0.715339 10.2592 -29.1478 14.4544 -1.8116e-17 4.82109 0.421791 1.24729 -4.61745 5.87638 -2.00958e-17 4.83041 0.765062 1.38139 4.78053 1.51703 1.23299 -7.60731 7.53374 -15.0183 4.28764 -7.38646 12.9547 3.2495 -3.26872 -46.1633 1.44387 -15.5673 29.2081 0.0598081 0.137039 6.58042 -1.94407 -33.4789 24.234 0.0496219 0.113701 1.61562 -12.1318 -10.7922 -1.23299 -7.60729 7.53365 -0.486826 1.69034 2.45242 -12.9547 3.2495 -3.26872 67.9676 24.8539 -0.0356663 -29.2081 0.0598081 0.137039 -9.45465 -4.57727 52.1811 -24.234 0.0496218 0.113702 1.20776 -13.4168 -0.69737 9.23673 -4.20556 2.0327 2.03147 -56.4411 -10.4717 -0.852353 -38.7721 -0.655187 -2.93414 10.8843 0.0889977 -2.32622 -40.4017 -6.04875 -5.41041 5.32143 15.8424 0.779096 -9.8844 12.4959 1.28039e-16 -7.91914e-16 9.19932e-18 -9.23673 -4.20556 2.0327 0.206726 -53.5063 20.0383 0.852353 -38.7721 -0.655187 1.5988 5.96524 0.0209047 2.32622 -40.4017 -6.04875 4.80433 3.95385 -15.5721 -0.779096 -9.8844 12.4959 -3.89972e-16 -5.68756e-16 -1.27535e-14 
2.30576 93.297 -0.420777 3.53107 41.6465 -4.51366 0 5.07867 -1.15138 -1.52285 -6.17867 -2.41286 0 5.61661 1.07143 -0.916418 -5.23178 -2.78371 -1.02604e-17 5.98978 0.11501 -0.467574 -2.46249 -2.6337 -1.10457e-17 6.50583 -0.443523 0.100695 2.2408 -2.65835 -1.97295e-17 7.60548 -1.50593 -0.00139567 5.49596 -2.38788 -2.53307e-17 9.49737 -0.914492 -0.509977 7.52144 -2.57259 -2.90401e-17 10.5513 1.57691 0.074083 0.133666 -0.152047 -1.29193e-17 4.78644 0.715339 14.1581 -38.8517 17.0382 -1.8116e-17 4.82109 0.421791 1.42462 -4.06129 6.13354 -2.00958e-17 4.83041 0.765062 1.95824 11.6352 1.1024 1.23299 -7.60731 7.53374 -16.6121 5.18585 -8.9213 12.9547 3.2495 -3.26872 -46.7133 -4.35347 -18.5441 29.2081 0.0598081 0.137039 7.39792 -2.52866 -38.2911 24.234 0.0496219 0.113701 2.90715 -6.39352 -9.5058 -1.23299 -7.60729 7.53365 2.39367 1.76235 4.11719 -12.9547 3.2495 -3.26872 63.0854 22.1463 3.35132 -29.2081 0.0598081 0.137039 -9.31738 -4.40607 51.1353 -24.234 0.0496218 0.113702 2.46104 -12.9277 2.41926 9.23673 -4.20556 2.0327 2.75502 -57.5783 -10.4049 -0.852353 -38.7721 -0.655187 -3.247 12.0198 0.131287 -2.32622 -40.4017 -6.04875 -5.40923 5.07064 15.884 0.779096 -9.8844 12.4959 3.19226e-16 -7.85939e-16 3.22472e-18 -9.23673 -4.20556 2.0327 0.830859 -53.823 19.8909 0.852353 -38.7721 -0.655187 1.54317 5.75843 0.0229766 2.32622 -40.4017 -6.04875 5.14399 3.98647 -15.6565 -0.779096 -9.8844 12.4959 9.55937e-17 -5.93129e-16 -1.27687e-14 
1.98752 93.2846 -0.124431 2.99114 42.147 -4.21377 0 5.07867 -1.15138 -1.21733 -6.04016 -2.36622 0 5.61661 1.07143 -0.640637 -5.07185 -2.75612 -1.02604e-17 5.98978 0.11501 -0.254205 -2.24986 -2.65213 -1.10457e-17 6.50583 -0.443523 0.278618 2.64158 -2.71584 -1.97295e-17 7.60548 -1.50593 0.103987 5.96663 -2.44747 -2.53307e-17 9.49737 -0.914492 -0.468026 8.02427 -2.63617 -2.90401e-17 10.5513 1.57691 0.0543247 -0.00738025 -0.124053 -1.29193e-17 4.78644 0.715339 19.036 -47.645 20.2618 -1.8116e-17 4.82109 0.421791 1.79232 -3.30659 6.26844 -2.00958e-17 4.83041 0.765062 1.22946 18.3944 1.39088 1.23299 -7.60731 7.53374 -16.8387 5.24793 -9.44609 12.9547 3.2495 -3.26872 -47.6774 -7.14791 -20.2404 29.2081 0.0598081 0.137039 8.28718 -3.29532 -43.9043 24.234 0.0496219 0.113701 2.84107 -3.04698 -9.00578 -1.23299 -7.60729 7.53365 4.22532 1.5927 4.9962 -12.9547 3.2495 -3.26872 58.1412 20.2723 7.34585 -29.2081 0.0598081 0.137039 -9.02087 -4.0568 48.9509 -24.234 0.0496218 0.113702 3.30268 -12.615 5.84357 9.23673 -4.20556 2.0327 3.60771 -58.5424 -10.1073 -0.852353 -38.7721 -0.655187 -3.60292 13.3014 0.186914 -2.32622 -40.4017 -6.04875 -4.64219 4.83159 15.7332 0.779096 -9.8844 12.4959 -7.83429e-17 -7.98363e-16 1.56488e-17 -9.23673 -4.20556 2.0327 1.70421 -53.843 20.6631 0.852353 -38.7721 -0.655187 1.39399 5.20333 0.0275372 2.32622 -40.4017 -6.04875 5.19342 4.1031 -15.7221 -0.779096 -9.8844 12.4959 -6.11549e-16 -5.64582e-16 -1.27434e-14 
1.68795 93.2768 0.272615 2.97141 42.7634 -4.59572 0 5.07867 -1.15138 -1.49173 -5.52848 -2.26953 0 5.61661 1.07143 -0.920853 -4.65597 -2.76725 -1.02604e-17 5.98978 0.11501 -0.476923 -1.9611 -2.70619 -1.10457e-17 6.50583 -0.443523 0.137533 2.86522 -2.81415 -1.97295e-17 7.60548 -1.50593 0.0425359 6.13797 -2.49068 -2.53307e-17 9.49737 -0.914492 -0.432388 8.18024 -2.70419 -2.90401e-17 10.5513 1.57691 0.0917271 -0.138458 -0.173357 -1.29193e-17 4.78644 0.715339 26.7055 -56.3703 25.4896 -1.8116e-17 4.82109 0.421791 3.40527 -3.39223 6.34597 -2.00958e-17 4.83041 0.765062 0.754588 26.3426 1.51054 1.23299 -7.60731 7.53374 -16.7787 5.04306 -9.69903 12.9547 3.2495 -3.26872 -48.3728 -11.5464 -20.1757 29.2081 0.0598081 0.137039 9.01704 -4.05268 -48.9247 24.234 0.0496219 0.113701 1.53979 1.30859 -10.6924 -1.23299 -7.60729 7.53365 4.42808 0.836143 4.68011 -12.9547 3.2495 -3.26872 57.0201 21.5013 10.083 -29.2081 0.0598081 0.137039 -9.12561 -4.17714 49.7115 -24.234 0.0496218 0.113702 2.83615 -12.5025 8.1351 9.23673 -4.20556 2.0327 4.58587 -59.6531 -9.14848 -0.852353 -38.7721 -0.655187 -3.99896 14.7134 0.258108 -2.32622 -40.4017 -6.04875 -3.51686 4.68254 15.5088 0.779096 -9.8844 12.4959 -7.85485e-16 -8.26911e-16 4.41964e-17 -9.23673 -4.20556 2.0327 2.75929 -54.1147 22.5766 0.852353 -38.7721 -0.655187 1.2841 4.79403 0.0299686 2.32622 -40.4017 -6.04875 5.2858 4.21631 -15.9101 -0.779096 -9.8844 12.4959 -1.3763e-15 -5.28734e-16 -1.27135e-14 
1.42545 93.2801 0.725213 2.99432 43.3639 -5.0402 0 5.07867 -1.15138 -1.61186 -4.46827 -2.26927 0 5.61661 1.07143 -1.04186 -3.81229 -2.88697 -1.02604e-17 5.98978 0.11501 -0.571607 -1.46049 -2.89435 -1.10457e-17 6.50583 -0.443523 0.103534 2.93898 -3.059 -1.97295e-17 7.60548 -1.50593 0.0309145 5.94616 -2.68613 -2.53307e-17 9.49737 -0.914492 -0.410471 7.81157 -2.92821 -2.90401e-17 10.5513 1.57691 0.0976523 -0.243492 -0.221239 -1.29193e-17 4.78644 0.715339 37.2803 -63.259 33.6884 -1.8116e-17 4.82109 0.421791 4.53558 -3.47809 6.5776 -2.00958e-17 4.83041 0.765062 0.423036 32.929 2.3603 1.23299 -7.60731 7.53374 -15.8625 4.66046 -9.69139 12.9547 3.2495 -3.26872 -50.1771 -14.3445 -18.8839 29.2081 0.0598081 0.137039 10.1036 -5.48539 -57.5008 24.234 0.0496219 0.113701 0.884445 4.3085 -10.0299 -1.23299 -7.60729 7.53365 4.6041 0.125579 4.70436 -12.9547 3.2495 -3.26872 55.7111 21.6074 12.0753 -29.2081 0.0598081 0.137039 -9.57672 -4.73504 53.1317 -24.234 0.0496218 0.113702 3.25063 -11.6586 9.3169 9.23673 -4.20556 2.0327 5.64311 -60.7462 -7.9835 -0.852353 -38.7721 -0.655187 -4.4396 16.265 0.34867 -2.32622 -40.4017 -6.04875 -3.00223 4.50173 15.5009 0.779096 -9.8844 12.4959 -1.34386e-15 -8.56309e-16 7.35949e-17 -9.23673 -4.20556 2.0327 3.65168 -54.3271 24.21 0.852353 -38.7721 -0.655187 1.18104 4.40985 0.031533 2.32622 -40.4017 -6.04875 5.38357 4.37507 -15.9441 -0.779096 -9.8844 12.4959 -9.55949e-17 -5.87155e-16 -1.27627e-14 
1.23845 93.3119 1.24095 2.94025 43.8689 -5.32868 0 5.07867 -1.15138 -1.15946 -4.14618 -2.22322 0 5.61661 1.07143 -0.620728 -3.55097 -2.85551 -1.02604e-17 5.98978 0.11501 -0.235036 -1.27691 -2.93935 -1.10457e-17 6.50583 -0.443523 0.387101 3.03338 -3.13998 -1.97295e-17 7.60548 -1.50593 0.211287 6.01029 -2.80009 -2.53307e-17 9.49737 -0.914492 -0.324213 7.7555 -3.08021 -2.90401e-17 10.5513 1.57691 0.0172355 -0.273885 -0.213604 -1.29193e-17 4.78644 0.715339 43.7078 -66.6103 38.8063 -1.8116e-17 4.82109 0.421791 4.23421 -3.2276 6.6052 -2.00958e-17 4.83041 0.765062 -0.684227 35.9095 4.81585 1.23299 -7.60731 7.53374 -14.4705 3.92373 -9.13652 12.9547 3.2495 -3.26872 -54.6892 -11.7998 -18.531 29.2081 0.0598081 0.137039 11.0273 -7.20107 -66.7904 24.234 0.0496219 0.113701 2.6454 6.48654 -7.63765 -1.23299 -7.60729 7.53365 5.0953 -0.276681 5.31344 -12.9547 3.2495 -3.26872 52.5514 20.1103 14.5657 -29.2081 0.0598081 0.137039 -9.90977 -5.19492 55.8368 -24.234 0.0496218 0.113702 3.46277 -10.6742 9.53394 9.23673 -4.20556 2.0327 6.35073 -61.7186 -7.54665 -0.852353 -38.7721 -0.655187 -4.89794 17.8554 0.455335 -2.32622 -40.4017 -6.04875 -2.4668 4.44774 15.5291 0.779096 -9.8844 12.4959 -5.06259e-16 -8.21409e-16 3.86948e-17 -9.23673 -4.20556 2.0327 4.32378 -54.3384 24.9686 0.852353 -38.7721 -0.655187 1.07365 4.00933 0.0324256 2.32622 -40.4017 -6.04875 4.83548 4.73845 -15.7099 -0.779096 -9.8844 12.4959 9.55984e-17 -5.93129e-16 -1.27687e-14 
1.17389 93.373 1.82935 2.71104 44.3347 -5.2518 0 5.07867 -1.15138 -1.17521 -3.0529 -2.07123 0 5.61661 1.07143 -0.658249 -2.68478 -2.77699 -1.02604e-17 5.98978 0.11501 -0.279883 -0.81886 -2.91322 -1.10457e-17 6.50583 -0.443523 0.336823 2.85832 -3.15207 -1.97295e-17 7.60548 -1.50593 0.17473 5.4015 -2.78865 -2.53307e-17 9.49737 -0.914492 -0.31963 6.88513 -3.0773 -2.90401e-17 10.5513 1.57691 0.00703503 -0.264367 -0.25054 -1.29193e-17 4.78644 0.715339 50.5741 -69.9113 44.0636 -1.8116e-17 4.82109 0.421791 5.0349 -3.48509 6.34444 -2.00958e-17 4.83041 0.765062 -0.943057 39.1068 5.39815 1.23299 -7.60731 7.53374 -14.0375 3.80408 -8.91926 12.9547 3.2495 -3.26872 -56.5684 -13.059 -18.9385 29.2081 0.0598081 0.137039 11.0252 -7.1962 -66.7651 24.234 0.0496219 0.113701 3.30507 9.88157 -13.9308 -1.23299 -7.60729 7.53365 4.91861 -0.563397 4.97109 -12.9547 3.2495 -3.26872 51.7636 20.2387 16.5483 -29.2081 0.0598081 0.137039 -10.137 -5.537 57.7928 -24.234 0.0496218 0.113702 2.91545 -10.6548 11.5367 9.23673 -4.20556 2.0327 6.72965 -63.0976 -7.54933 -0.852353 -38.7721 -0.655187 -5.51544 19.9565 0.618677 -2.32622 -40.4017 -6.04875 -2.10938 4.76121 15.5724 0.779096 -9.8844 12.4959 -2.12384e-15 -8.86659e-16 1.03945e-16 -9.23673 -4.20556 2.0327 4.6778 -54.2738 25.3671 0.852353 -38.7721 -0.655187 0.962877 3.59595 0.0325577 2.32622 -40.4017 -6.04875 4.62937 4.91215 -15.646 -0.779096 -9.8844 12.4959 -5.08343e-16 -5.71032e-16 -1.27466e-14 
1.23197 93.4686 2.50878 2.44373 44.6642 -4.94528 0 5.07867 -1.15138 -1.17649 -2.2078 -2.03944 0 5.61661 1.07143 -0.648551 -2.0186 -2.84267 -1.02604e-17 5.98978 0.11501 -0.264816 -0.377985 -3.05894 -1.10457e-17 6.50583 -0.443523 0.385642 2.97935 -3.34896 -1.97295e-17 7.60548 -1.50593 0.213684 5.315 -2.96508 -2.53307e-17 9.49737 -0.914492 -0.290186 6.63414 -3.29639 -2.90401e-17 10.5513 1.57691 -0.0131881 -0.345404 -0.318595 -1.29193e-17 4.78644 0.715339 63.7411 -73.0786 55.2552 -1.8116e-17 4.82109 0.421791 5.56058 -3.73495 6.40389 -2.00958e-17 4.83041 0.765062 -1.21117 42.7768 6.72844 1.23299 -7.60731 7.53374 -13.8359 3.54694 -9.11993 12.9547 3.2495 -3.26872 -57.9321 -15.1482 -19.4681 29.2081 0.0598081 0.137039 11.227 -7.68487 -69.2848 24.234 0.0496219 0.113701 3.46935 12.6313 -17.2441 -1.23299 -7.60729 7.53365 4.79308 -1.29334 5.02946 -12.9547 3.2495 -3.26872 52.4693 19.0203 18.7646 -29.2081 0.0598081 0.137039 -10.4651 -6.08052 60.8164 -24.234 0.0496218 0.113702 3.21957 -8.38183 12.596 9.23673 -4.20556 2.0327 6.65066 -64.184 -7.90662 -0.852353 -38.7721 -0.655187 -6.07836 21.827 0.786683 -2.32622 -40.4017 -6.04875 -2.18372 5.05136 15.6566 0.779096 -9.8844 12.4959 2.00869e-16 -7.86888e-16 4.17304e-18 -9.23673 -4.20556 2.0327 4.67255 -54.0752 25.5511 0.852353 -38.7721 -0.655187 0.894725 3.34153 0.0322409 2.32622 -40.4017 -6.04875 4.31907 5.01896 -15.5913 -0.779096 -9.8844 12.4959 -1.08193e-15 -5.47132e-16 -1.27227e-14 
1.39317 93.6215 3.33546 2.23783 44.5368 -4.58777 0 5.07867 -1.15138 -1.13801 -1.60878 -1.93646 0 5.61661 1.07143 -0.612115 -1.52858 -2.81662 -1.02604e-17 5.98978 0.11501 -0.228684 0.0181549 -3.10721 -1.10457e-17 6.50583 -0.443523 0.455036 3.27859 -3.45257 -1.97295e-17 7.60548 -1.50593 0.283759 5.52288 -3.05665 -2.53307e-17 9.49737 -0.914492 -0.195158 6.75484 -3.43399 -2.90401e-17 10.5513 1.57691 -0.00866143 -0.488797 -0.378837 -1.29193e-17 4.78644 0.715339 79.5439 -75.1225 69.2822 -1.8116e-17 4.82109 0.421791 6.27237 -3.7894 6.44782 -2.00958e-17 4.83041 0.765062 -2.55978 45.8375 8.39954 1.23299 -7.60731 7.53374 -13.9402 3.36331 -9.47679 12.9547 3.2495 -3.26872 -58.2582 -16.3544 -17.7541 29.2081 0.0598081 0.137039 11.6284 -8.91261 -75.4509 24.234 0.0496219 0.113701 3.08433 13.9403 -18.4039 -1.23299 -7.60729 7.53365 4.62248 -2.22431 4.73752 -12.9547 3.2495 -3.26872 51.756 17.6114 21.1197 -29.2081 0.0598081 0.137039 -10.7639 -6.63961 63.8353 -24.234 0.0496218 0.113702 3.9309 -7.38145 13.7043 9.23673 -4.20556 2.0327 5.61014 -64.6056 -9.58963 -0.852353 -38.7721 -0.655187 -6.57958 23.4541 0.951124 -2.32622 -40.4017 -6.04875 -1.71019 5.64381 15.4715 0.779096 -9.8844 12.4959 -1.7718e-15 -8.76132e-16 9.34174e-17 -9.23673 -4.20556 2.0327 4.30805 -53.3174 25.2226 0.852353 -38.7721 -0.655187 0.823302 3.07484 0.0315836 2.32622 -40.4017 -6.04875 4.04194 5.02998 -15.6002 -0.779096 -9.8844 12.4959 -4.05157e-16 -5.74256e-16 -1.27498e-14 
1.60596 93.8063 4.27823 1.99131 43.9883 -4.20397 0 5.07867 -1.15138 -1.03645 -1.70964 -1.798 0 5.61661 1.07143 -0.523461 -1.54702 -2.70872 -1.02604e-17 5.98978 0.11501 -0.150034 0.17958 -3.05329 -1.10457e-17 6.50583 -0.443523 0.560197 3.78501 -3.4274 -1.97295e-17 7.60548 -1.50593 0.393915 6.25936 -3.05189 -2.53307e-17 9.49737 -0.914492 -0.0547859 7.5769 -3.47289 -2.90401e-17 10.5513 1.57691 -0.0210409 -0.635661 -0.423316 -1.29193e-17 4.78644 0.715339 91.7125 -76.0887 80.4137 -1.8116e-17 4.82109 0.421791 6.25808 -3.99487 6.40782 -2.00958e-17 4.83041 0.765062 -3.76612 47.569 10.2142 1.23299 -7.60731 7.53374 -13.7939 2.75404 -9.36849 12.9547 3.2495 -3.26872 -58.6982 -15.1977 -16.5651 29.2081 0.0598081 0.137039 11.8915 -10.1539 -81.5237 24.234 0.0496219 0.113701 3.36839 14.6736 -18.3188 -1.23299 -7.60729 7.53365 4.6004 -3.13681 4.57944 -12.9547 3.2495 -3.26872 50.9366 15.5977 23.4209 -29.2081 0.0598081 0.137039 -11.0129 -7.16814 66.6186 -24.234 0.0496218 0.113702 4.82819 -6.24012 14.5046 9.23673 -4.20556 2.0327 3.95381 -64.3625 -12.3137 -0.852353 -38.7721 -0.655187 -7.04572 24.9335 1.11622 -2.32622 -40.4017 -6.04875 -0.978058 5.74235 15.2751 0.779096 -9.8844 12.4959 -1.94782e-15 -8.78408e-16 9.56935e-17 -9.23673 -4.20556 2.0327 3.80486 -51.9378 24.724 0.852353 -38.7721 -0.655187 0.709597 2.65017 0.0298504 2.32622 -40.4017 -6.04875 3.83768 5.05764 -15.5933 -0.779096 -9.8844 12.4959 -9.93923e-16 -5.46658e-16 -1.27222e-14 
1.83457 93.9928 5.21613 1.71149 43.3936 -3.96917 0 5.07867 -1.15138 -0.954118 -0.679303 -1.6584 0 5.61661 1.07143 -0.450084 -0.697236 -2.63497 -1.02604e-17 5.98978 0.11501 -0.0949545 0.794352 -3.04474 -1.10457e-17 6.50583 -0.443523 0.618694 4.08657 -3.47993 -1.97295e-17 7.60548 -1.50593 0.433062 6.26943 -3.10046 -2.53307e-17 9.49737 -0.914492 0.00667914 7.41996 -3.53 -2.90401e-17 10.5513 1.57691 -0.0214501 -0.819479 -0.47099 -1.29193e-17 4.78644 0.715339 106.619 -76.1482 94.1342 -1.8116e-17 4.82109 0.421791 7.04977 -3.89486 6.48019 -2.00958e-17 4.83041 0.765062 -4.79369 48.9445 11.2645 1.23299 -7.60731 7.53374 -14.2344 2.82212 -9.79181 12.9547 3.2495 -3.26872 -58.5643 -16.5132 -15.7973 29.2081 0.0598081 0.137039 11.9675 -10.7312 -84.3167 24.234 0.0496219 0.113701 4.12413 15.5596 -21.788 -1.23299 -7.60729 7.53365 4.45438 -3.83544 4.11316 -12.9547 3.2495 -3.26872 50.6094 13.7254 25.585 -29.2081 0.0598081 0.137039 -11.2785 -7.81988 69.973 -24.234 0.0496218 0.113702 6.11315 -5.63705 16.1032 9.23673 -4.20556 2.0327 2.29548 -64.6923 -15.2722 -0.852353 -38.7721 -0.655187 -7.87334 27.4766 1.43711 -2.32622 -40.4017 -6.04875 0.250585 4.23127 15.1738 0.779096 -9.8844 12.4959 5.51992e-17 -7.9694e-16 1.42259e-17 -9.23673 -4.20556 2.0327 3.61924 -50.5982 24.5005 0.852353 -38.7721 -0.655187 0.614355 2.29439 0.0277495 2.32622 -40.4017 -6.04875 3.72303 5.43595 -15.6041 -0.779096 -9.8844 12.4959 -9.93923e-16 -5.46658e-16 -1.27222e-14 
2.07942 94.1842 6.15214 1.49645 42.9446 -3.9283 0 5.07867 -1.15138 -0.770214 -0.0253295 -1.52571 0 5.61661 1.07143 -0.268292 -0.121147 -2.55315 -1.02604e-17 5.98978 0.11501 0.058216 1.31551 -3.03274 -1.10457e-17 6.50583 -0.443523 0.773002 4.58389 -3.52616 -1.97295e-17 7.60548 -1.50593 0.54592 6.7044 -3.16814 -2.53307e-17 9.49737 -0.914492 0.112102 7.79085 -3.61898 -2.90401e-17 10.5513 1.57691 -0.0331784 -1.07617 -0.528146 -1.29193e-17 4.78644 0.715339 120.362 -75.4097 106.815 -1.8116e-17 4.82109 0.421791 7.60143 -3.79328 6.61547 -2.00958e-17 4.83041 0.765062 -5.95729 49.6059 13.0912 1.23299 -7.60731 7.53374 -14.6394 2.65498 -10.4341 12.9547 3.2495 -3.26872 -58.1404 -18.3794 -15.1521 29.2081 0.0598081 0.137039 12.0211 -11.4321 -87.6953 24.234 0.0496219 0.113701 4.49215 15.4916 -24.2446 -1.23299 -7.60729 7.53365 4.45456 -4.74833 3.84565 -12.9547 3.2495 -3.26872 50.2469 11.7302 28.5777 -29.2081 0.0598081 0.137039 -11.521 -8.53665 73.5832 -24.234 0.0496218 0.113702 7.41762 -4.47352 16.8996 9.23673 -4.20556 2.0327 0.801348 -65.8118 -17.5695 -0.852353 -38.7721 -0.655187 -8.9555 30.6353 1.90728 -2.32622 -40.4017 -6.04875 1.96157 1.17379 15.1526 0.779096 -9.8844 12.4959 2.10071e-15 -7.08645e-16 -7.407e-17 -9.23673 -4.20556 2.0327 3.64219 -49.4327 24.5587 0.852353 -38.7721 -0.655187 0.525824 1.96366 0.0252661 2.32622 -40.4017 -6.04875 3.50413 6.18521 -15.5742 -0.779096 -9.8844 12.4959 -7.87551e-16 -5.56332e-16 -1.27319e-14 
2.32529 94.419 7.16286 1.32731 42.5349 -4.00163 0 5.07867 -1.15138 -0.502737 -0.428662 -1.3097 0 5.61661 1.07143 -0.0264541 -0.316817 -2.30975 -1.02604e-17 5.98978 0.11501 0.260637 1.43787 -2.82558 -1.10457e-17 6.50583 -0.443523 0.966156 5.29849 -3.33 -1.97295e-17 7.60548 -1.50593 0.732562 7.87131 -3.04216 -2.53307e-17 9.49737 -0.914492 0.323284 9.12237 -3.54103 -2.90401e-17 10.5513 1.57691 -0.0388802 -1.27403 -0.575743 -1.29193e-17 4.78644 0.715339 128.122 -75.0583 114.046 -1.8116e-17 4.82109 0.421791 7.56927 -4.12271 6.54927 -2.00958e-17 4.83041 0.765062 -7.88695 48.9975 15.8008 1.23299 -7.60731 7.53374 -14.6958 1.92277 -10.5443 12.9547 3.2495 -3.26872 -58.403 -17.5302 -15.0107 29.2081 0.0598081 0.137039 12.0238 -12.4506 -92.606 24.234 0.0496219 0.113701 4.97341 15.566 -24.413 -1.23299 -7.60729 7.53365 4.3705 -5.72814 3.65234 -12.9547 3.2495 -3.26872 49.5976 9.23097 31.4561 -29.2081 0.0598081 0.137039 -11.7161 -9.2598 77.1615 -24.234 0.0496218 0.113702 8.42604 -3.14017 17.0844 9.23673 -4.20556 2.0327 -0.547845 -66.4002 -19.6299 -0.852353 -38.7721 -0.655187 -9.37712 31.814 2.10507 -2.32622 -40.4017 -6.04875 3.46438 -0.486804 15.0504 0.779096 -9.8844 12.4959 4.95253e-16 -7.77688e-16 -5.02643e-18 -9.23673 -4.20556 2.0327 3.70243 -48.3062 24.7587 0.852353 -38.7721 -0.655187 0.444274 1.659 0.0225265 2.32622 -40.4017 -6.04875 3.54167 6.88719 -15.6229 -0.779096 -9.8844 12.4959 -1.98785e-16 -5.8393e-16 -1.27595e-14 
2.5757 94.6643 8.21567 1.08761 42.1202 -4.02137 0 5.07867 -1.15138 -0.287182 -0.49216 -1.0923 0 5.61661 1.07143 0.159053 -0.277668 -2.0533 -1.02604e-17 5.98978 0.11501 0.405824 1.62422 -2.57947 -1.10457e-17 6.50583 -0.443523 1.07429 5.75358 -3.08198 -1.97295e-17 7.60548 -1.50593 0.841877 8.52137 -2.84961 -2.53307e-17 9.49737 -0.914492 0.473422 9.81824 -3.36255 -2.90401e-17 10.5513 1.57691 -0.0312589 -1.39164 -0.600121 -1.29193e-17 4.78644 0.715339 132.383 -75.2682 118.214 -1.8116e-17 4.82109 0.421791 7.4794 -4.46223 6.28672 -2.00958e-17 4.83041 0.765062 -8.86026 47.7303 17.138 1.23299 -7.60731 7.53374 -14.7513 1.52883 -10.5662 12.9547 3.2495 -3.26872 -58.7631 -16.2766 -15.239 29.2081 0.0598081 0.137039 11.9695 -13.1892 -96.1886 24.234 0.0496219 0.113701 5.82967 16.4602 -25.4745 -1.23299 -7.60729 7.53365 4.1833 -6.25171 3.6132 -12.9547 3.2495 -3.26872 49.7091 7.15268 33.299 -29.2081 0.0598081 0.137039 -11.8798 -10.0799 81.1641 -24.234 0.0496218 0.113702 9.16772 -1.66591 17.4827 9.23673 -4.20556 2.0327 -1.06652 -66.1727 -20.6883 -0.852353 -38.7721 -0.655187 -8.92378 30.5454 1.89272 -2.32622 -40.4017 -6.04875 3.77797 -0.451268 15.0016 0.779096 -9.8844 12.4959 -1.0495e-15 -8.47111e-16 6.43963e-17 -9.23673 -4.20556 2.0327 3.70044 -47.1222 24.897 0.852353 -38.7721 -0.655187 0.34443 1.28602 0.0185825 2.32622 -40.4017 -6.04875 3.89797 7.52658 -15.6961 -0.779096 -9.8844 12.4959 -3.01971e-16 -5.77481e-16 -1.27563e-14 
2.81547 94.8951 9.27675 0.637143 41.63 -3.90427 0 5.07867 -1.15138 -0.0366434 -5.15493 -0.830188 0 5.61661 1.07143 0.328419 -4.15424 -1.51016 -1.02604e-17 5.98978 0.11501 0.542718 -0.290845 -1.88041 -1.10457e-17 6.50583 -0.443523 1.11958 6.69805 -2.20117 -1.97295e-17 7.60548 -1.50593 0.982688 11.4635 -2.09891 -2.53307e-17 9.49737 -0.914492 0.736954 13.8092 -2.59484 -2.90401e-17 10.5513 1.57691 0.032142 -1.32621 -0.556651 -1.29193e-17 4.78644 0.715339 79.2378 -79.1803 68.5574 -1.8116e-17 4.82109 0.421791 5.0732 -5.54079 5.25453 -2.00958e-17 4.83041 0.765062 -7.23066 38.5641 14.2235 1.23299 -7.60731 7.53374 -11.2582 -1.64476 -7.67558 12.9547 3.2495 -3.26872 -59.1615 -5.93746 -19.113 29.2081 0.0598081 0.137039 11.8385 -14.0848 -100.582 24.234 0.0496219 0.113701 5.09824 15.8293 -17.0507 -1.23299 -7.60729 7.53365 3.27112 -7.11878 3.80516 -12.9547 3.2495 -3.26872 50.1359 8.47596 37.7407 -29.2081 0.0598081 0.137039 -12.0018 -11.1096 86.1413 -24.234 0.0496218 0.113702 8.47812 1.21947 8.23175 9.23673 -4.20556 2.0327 -0.762915 -65.0576 -21.3669 -0.852353 -38.7721 -0.655187 -7.74343 27.0846 1.38445 -2.32622 -40.4017 -6.04875 2.7247 0.321447 15.1027 0.779096 -9.8844 12.4959 2.16045e-16 -7.89164e-16 6.44914e-18 -9.23673 -4.20556 2.0327 3.81967 -45.9468 25.0103 0.852353 -38.7721 -0.655187 0.316885 1.18313 0.0173801 2.32622 -40.4017 -6.04875 3.90792 8.33932 -15.5332 -0.779096 -9.8844 12.4959 -8.02726e-16 -5.52633e-16 -1.27374e-14 
3.02827 95.1101 10.402 -0.141184 40.9184 -3.60341 0 5.07867 -1.15138 -0.148665 -13.1519 -0.655474 0 5.61661 1.07143 0.197212 -11.4471 -0.892105 -1.02604e-17 5.98978 0.11501 0.45309 -4.66101 -0.866991 -1.10457e-17 6.50583 -0.443523 0.836963 6.15515 -0.84831 -1.97295e-17 7.60548 -1.50593 0.817328 13.2041 -0.804312 -2.53307e-17 9.49737 -0.914492 0.731919 17.142 -1.08995 -2.90401e-17 10.5513 1.57691 0.180257 -0.78319 -0.371072 -1.29193e-17 4.78644 0.715339 10.6074 -44.4013 10.0786 -1.8116e-17 4.82109 0.421791 1.18436 -6.06128 3.53182 -2.00958e-17 4.83041 0.765062 -3.4634 10.1414 2.97304 1.23299 -7.60731 7.53374 -0.7467 -5.90775 0.445921 12.9547 3.2495 -3.26872 -56.9142 17.2105 -24.2126 29.2081 0.0598081 0.137039 11.6317 -14.9849 -105.08 24.234 0.0496219 0.113701 4.94386 11.9196 3.23554 -1.23299 -7.60729 7.53365 -2.26468 -7.10374 1.35982 -12.9547 3.2495 -3.26872 53.4309 18.311 43.4795 -29.2081 0.0598081 0.137039 -12.0295 -12.2848 91.8054 -24.234 0.0496218 0.113702 7.23274 2.59318 -12.0186 9.23673 -4.20556 2.0327 0.435977 -63.07 -21.2815 -0.852353 -38.7721 -0.655187 -6.10953 21.9292 0.796507 -2.32622 -40.4017 -6.04875 1.20852 2.72574 15.0919 0.779096 -9.8844 12.4959 4.00236e-17 -7.9144e-16 8.72524e-18 -9.23673 -4.20556 2.0327 3.9917 -44.5782 24.6823 0.852353 -38.7721 -0.655187 0.352321 1.3155 0.0189178 2.32622 -40.4017 -6.04875 4.8256 8.87106 -15.4985 -0.779096 -9.8844 12.4959 -6.69189e-16 -5.63255e-16 -1.2742e-14 
3.19671 95.3222 11.6513 -1.14786 39.78 -3.17402 0 5.07867 -1.15138 -0.318599 -10.5244 -0.868991 0 5.61661 1.07143 0.118184 -9.37995 -1.17482 -1.02604e-17 5.98978 0.11501 0.389873 -4.82721 -1.09897 -1.10457e-17 6.50583 -0.443523 0.755322 2.48292 -1.07896 -1.97295e-17 7.60548 -1.50593 0.648694 7.14768 -0.984165 -2.53307e-17 9.49737 -0.914492 0.416434 9.71407 -1.15792 -2.90401e-17 10.5513 1.57691 0.152226 0.076359 -0.392593 -1.29193e-17 4.78644 0.715339 2.72054 -10.3992 6.93172 -1.8116e-17 4.82109 0.421791 0.319803 -7.87608 3.11942 -2.00958e-17 4.83041 0.765062 0.445813 -10.8611 1.47188 1.23299 -7.60731 7.53374 7.80946 -3.93223 4.94348 12.9547 3.2495 -3.26872 -64.9502 24.8062 -16.418 29.2081 0.0598081 0.137039 11.5952 -15.1157 -105.743 24.234 0.0496219 0.113701 5.88857 11.7212 2.23712 -1.23299 -7.60729 7.53365 -12.389 -4.54221 -3.60038 -12.9547 3.2495 -3.26872 65.5279 29.6275 39.6443 -29.2081 0.0598081 0.137039 -12.0246 -12.432 92.5165 -24.234 0.0496218 0.113702 6.60894 4.04965 -8.18269 9.23673 -4.20556 2.0327 2.86454 -60.885 -18.5029 -0.852353 -38.7721 -0.655187 -4.47073 16.3738 0.355515 -2.32622 -40.4017 -6.04875 -2.11609 7.79366 15.4886 0.779096 -9.8844 12.4959 4.95253e-16 -7.77688e-16 -5.02643e-18 -9.23673 -4.20556 2.0327 4.48774 -42.8109 23.3341 0.852353 -38.7721 -0.655187 0.387287 1.44611 0.0203549 2.32622 -40.4017 -6.04875 6.1628 9.24814 -15.8227 -0.779096 -9.8844 12.4959 7.72375e-16 -6.20254e-16 -1.2805e-14 
3.32428 95.5189 13.0305 -2.05161 38.1693 -2.75376 0 5.07867 -1.15138 -0.00530587 -9.71392 -1.30247 0 5.61661 1.07143 0.570126 -9.10521 -1.715 -1.02604e-17 5.98978 0.11501 0.818974 -5.3024 -1.71236 -1.10457e-17 6.50583 -0.443523 1.20874 0.997176 -1.73944 -1.97295e-17 7.60548 -1.50593 0.902785 5.1489 -1.66035 -2.53307e-17 9.49737 -0.914492 0.352566 6.90801 -1.91551 -2.90401e-17 10.5513 1.57691 0.121365 0.50945 -0.691898 -1.29193e-17 4.78644 0.715339 1.4442 4.17546 7.37412 -1.8116e-17 4.82109 0.421791 -0.211888 -10.0192 3.43324 -2.00958e-17 4.83041 0.765062 0.290651 -17.0696 4.31267 1.23299 -7.60731 7.53374 16.1416 -3.26976 8.9186 12.9547 3.2495 -3.26872 -73.5054 22.9807 -11.6347 29.2081 0.0598081 0.137039 11.5836 -15.1557 -105.946 24.234 0.0496219 0.113701 3.33066 7.68248 1.06268 -1.23299 -7.60729 7.53365 -24.4592 -4.13535 -9.00989 -12.9547 3.2495 -3.26872 69.3337 40.54 46.8808 -29.2081 0.0598081 0.137039 -12.0332 -12.0784 90.8096 -24.234 0.0496218 0.113702 4.10748 2.49596 -7.20675 9.23673 -4.20556 2.0327 4.40526 -58.8755 -18.3553 -0.852353 -38.7721 -0.655187 -3.08261 11.4241 0.108292 -2.32622 -40.4017 -6.04875 -7.07833 12.5883 16.6188 0.779096 -9.8844 12.4959 -9.46319e-16 -8.40662e-16 5.79475e-17 -9.23673 -4.20556 2.0327 5.34647 -40.9981 23.2703 0.852353 -38.7721 -0.655187 0.671478 2.50778 0.0290806 2.32622 -40.4017 -6.04875 4.66426 10.4726 -15.3655 -0.779096 -9.8844 12.4959 -3.74813e-16 -5.72454e-16 -1.27512e-14 
3.42551 95.6905 14.5352 -2.73304 36.357 -2.38267 0 5.07867 -1.15138 0.488464 -9.69275 -1.25459 0 5.61661 1.07143 1.03672 -9.21787 -1.58465 -1.02604e-17 5.98978 0.11501 1.16612 -5.39788 -1.60299 -1.10457e-17 6.50583 -0.443523 1.43415 1.02313 -1.6335 -1.97295e-17 7.60548 -1.50593 1.0251 5.16334 -1.61725 -2.53307e-17 9.49737 -0.914492 0.390608 6.74816 -1.87462 -2.90401e-17 10.5513 1.57691 0.188481 0.618729 -0.776815 -1.29193e-17 4.78644 0.715339 1.15951 8.77085 6.4069 -1.8116e-17 4.82109 0.421791 9.00896e-05 -11.6185 3.02029 -2.00958e-17 4.83041 0.765062 -1.1023 -18.9748 5.18737 1.23299 -7.60731 7.53374 18.6913 -3.4279 10.2903 12.9547 3.2495 -3.26872 -77.8239 24.9106 -11.606 29.2081 0.0598081 0.137039 11.5487 -15.2736 -106.546 24.234 0.0496219 0.113701 2.86234 9.19557 -0.0538907 -1.23299 -7.60729 7.53365 -29.0942 -3.98342 -11.2662 -12.9547 3.2495 -3.26872 69.5875 42.985 47.3189 -29.2081 0.0598081 0.137039 -12.0296 -12.2824 91.7938 -24.234 0.0496218 0.113702 2.12251 2.51895 -3.06482 9.23673 -4.20556 2.0327 5.68048 -56.6352 -17.4916 -0.852353 -38.7721 -0.655187 -1.7522 6.53496 -0.0141469 -2.32622 -40.4017 -6.04875 -8.75888 17.7299 16.7144 0.779096 -9.8844 12.4959 8.19987e-16 -7.57867e-16 -2.48481e-17 -9.23673 -4.20556 2.0327 6.1736 -39.4099 23.4009 0.852353 -38.7721 -0.655187 1.18313 4.41765 0.0315081 2.32622 -40.4017 -6.04875 3.27741 11.2802 -15.167 -0.779096 -9.8844 12.4959 5.66041e-16 -6.10582e-16 -1.27986e-14 
3.50861 95.7985 16.102 -3.21564 34.6632 -2.04359 0 5.07867 -1.15138 0.78103 -8.93166 -1.14449 0 5.61661 1.07143 1.26948 -8.39196 -1.42819 -1.02604e-17 5.98978 0.11501 1.30313 -4.84687 -1.47955 -1.10457e-17 6.50583 -0.443523 1.46387 1.09127 -1.52778 -1.97295e-17 7.60548 -1.50593 0.991565 4.87101 -1.54328 -2.53307e-17 9.49737 -0.914492 0.307831 6.24656 -1.74523 -2.90401e-17 10.5513 1.57691 0.167656 0.675766 -0.781226 -1.29193e-17 4.78644 0.715339 1.02071 8.44211 5.13939 -1.8116e-17 4.82109 0.421791 -0.554292 -12.3687 2.40721 -2.00958e-17 4.83041 0.765062 0.110529 -18.7326 6.18019 1.23299 -7.60731 7.53374 18.5226 -3.25244 9.72555 12.9547 3.2495 -3.26872 -79.2713 24.6272 -10.8317 29.2081 0.0598081 0.137039 11.4471 -15.5925 -108.181 24.234 0.0496219 0.113701 2.70446 11.575 -2.75402 -1.23299 -7.60729 7.53365 -28.965 -3.86691 -11.0108 -12.9547 3.2495 -3.26872 67.8132 42.9314 47.8293 -29.2081 0.0598081 0.137039 -11.9826 -13.0586 95.5535 -24.234 0.0496218 0.113702 1.00667 4.19561 -1.9 9.23673 -4.20556 2.0327 6.53381 -54.6972 -16.7252 -0.852353 -38.7721 -0.655187 -0.668053 2.49499 -0.0290063 -2.32622 -40.4017 -6.04875 -11.8029 22.7289 17.8172 0.779096 -9.8844 12.4959 5.10442e-16 -7.70764e-16 -1.19504e-17 -9.23673 -4.20556 2.0327 6.3024 -37.4533 23.4978 0.852353 -38.7721 -0.655187 1.51428 5.651 0.0239729 2.32622 -40.4017 -6.04875 3.32067 11.4419 -15.1692 -0.779096 -9.8844 12.4959 -1.5827e-15 -5.19059e-16 -1.27038e-14 
3.60116 95.8139 17.7053 -3.38074 33.2814 -1.63162 0 5.07867 -1.15138 0.880061 -8.47205 -0.946624 0 5.61661 1.07143 1.30738 -7.79398 -1.17291 -1.02604e-17 5.98978 0.11501 1.29421 -4.3901 -1.22201 -1.10457e-17 6.50583 -0.443523 1.38135 1.24634 -1.27057 -1.97295e-17 7.60548 -1.50593 0.925182 4.75283 -1.31446 -2.53307e-17 9.49737 -0.914492 0.298651 6.08086 -1.47178 -2.90401e-17 10.5513 1.57691 0.145346 0.657139 -0.707542 -1.29193e-17 4.78644 0.715339 0.948064 6.89107 4.25479 -1.8116e-17 4.82109 0.421791 -0.364642 -12.3414 1.997 -2.00958e-17 4.83041 0.765062 0.309979 -18.1069 5.50792 1.23299 -7.60731 7.53374 16.8556 -3.33273 8.64522 12.9547 3.2495 -3.26872 -78.0399 25.6888 -12.0697 29.2081 0.0598081 0.137039 11.2793 -16.059 -110.607 24.234 0.0496219 0.113701 2.65645 14.107 -3.37823 -1.23299 -7.60729 7.53365 -26.557 -3.93519 -9.72576 -12.9547 3.2495 -3.26872 67.2851 40.7598 44.9344 -29.2081 0.0598081 0.137039 -11.8936 -13.7658 99.0092 -24.234 0.0496218 0.113702 1.16397 6.66203 0.247914 9.23673 -4.20556 2.0327 6.44068 -53.4221 -16.4734 -0.852353 -38.7721 -0.655187 0.0196509 -0.0733237 0.00129245 -2.32622 -40.4017 -6.04875 -13.1959 26.7701 18.4585 0.779096 -9.8844 12.4959 -6.82266e-16 -8.23685e-16 4.09702e-17 -9.23673 -4.20556 2.0327 6.18085 -36.0482 23.5184 0.852353 -38.7721 -0.655187 1.99338 7.42871 0.000430269 2.32622 -40.4017 -6.04875 2.59702 11.2038 -14.9512 -0.779096 -9.8844 12.4959 -1.71619e-15 -5.14414e-16 -1.26932e-14 
3.74415 95.7126 19.3494 -3.4217 32.0307 -1.04817 0 5.07867 -1.15138 0.831494 -8.06176 -0.76544 0 5.61661 1.07143 1.2232 -7.27724 -0.965828 -1.02604e-17 5.98978 0.11501 1.20632 -4.05813 -1.01429 -1.10457e-17 6.50583 -0.443523 1.26452 1.244 -1.06608 -1.97295e-17 7.60548 -1.50593 0.853632 4.4812 -1.12386 -2.53307e-17 9.49737 -0.914492 0.302951 5.75612 -1.25484 -2.90401e-17 10.5513 1.57691 0.120614 0.67759 -0.630987 -1.29193e-17 4.78644 0.715339 0.837288 5.40516 3.22998 -1.8116e-17 4.82109 0.421791 -0.0141278 -11.8629 1.51219 -2.00958e-17 4.83041 0.765062 0.637697 -17.1719 5.00102 1.23299 -7.60731 7.53374 15.8111 -3.28807 7.95276 12.9547 3.2495 -3.26872 -75.6918 26.1815 -13.5297 29.2081 0.0598081 0.137039 11.0637 -16.5791 -113.366 24.234 0.0496219 0.113701 2.20606 14.9029 -3.26087 -1.23299 -7.60729 7.53365 -24.4707 -3.89523 -8.72651 -12.9547 3.2495 -3.26872 66.1479 38.6381 44.0453 -29.2081 0.0598081 0.137039 -11.7798 -14.3776 102.035 -24.234 0.0496218 0.113702 1.34095 8.4914 0.7183 9.23673 -4.20556 2.0327 5.66433 -52.3156 -16.3831 -0.852353 -38.7721 -0.655187 0.35308 -1.31622 0.0270329 -2.32622 -40.4017 -6.04875 -13.6267 29.4642 18.629 0.779096 -9.8844 12.4959 -1.87497e-15 -8.82581e-16 9.9866e-17 -9.23673 -4.20556 2.0327 5.8533 -35.3228 23.2191 0.852353 -38.7721 -0.655187 2.76826 10.2792 -0.0691014 2.32622 -40.4017 -6.04875 1.66965 10.6083 -14.6026 -0.779096 -9.8844 12.4959 -4.18963e-15 -4.06295e-16 -1.25911e-14 
3.94731 95.4996 21.0166 -3.63499 30.6927 -0.438234 0 5.07867 -1.15138 0.71506 -7.79419 -0.54444 0 5.61661 1.07143 1.09096 -7.01307 -0.73002 -1.02604e-17 5.98978 0.11501 1.08602 -4.01682 -0.780037 -1.10457e-17 6.50583 -0.443523 1.13633 0.97107 -0.838701 -1.97295e-17 7.60548 -1.50593 0.787489 3.99312 -0.904881 -2.53307e-17 9.49737 -0.914492 0.33018 5.14697 -1.03785 -2.90401e-17 10.5513 1.57691 0.155874 0.802998 -0.623419 -1.29193e-17 4.78644 0.715339 0.670553 6.96996 2.4824 -1.8116e-17 4.82109 0.421791 0.586907 -11.665 1.15685 -2.00958e-17 4.83041 0.765062 0.53306 -17.3972 3.94391 1.23299 -7.60731 7.53374 18.2743 -3.15672 9.01075 12.9547 3.2495 -3.26872 -73.7401 27.3581 -15.5139 29.2081 0.0598081 0.137039 10.8738 -16.9842 -115.562 24.234 0.0496219 0.113701 2.07546 12.6687 -2.41009 -1.23299 -7.60729 7.53365 -25.8116 -3.70079 -9.69699 -12.9547 3.2495 -3.26872 69.1378 37.5971 44.4715 -29.2081 0.0598081 0.137039 -11.6576 -14.8891 104.597 -24.234 0.0496218 0.113702 3.31147 9.4585 -1.03747 9.23673 -4.20556 2.0327 4.81437 -51.045 -16.8313 -0.852353 -38.7721 -0.655187 0.339299 -1.2649 0.0258266 -2.32622 -40.4017 -6.04875 -13.3896 31.152 18.3969 0.779096 -9.8844 12.4959 -3.84963e-16 -8.16198e-16 3.3483e-17 -9.23673 -4.20556 2.0327 5.69192 -35.3721 22.3428 0.852353 -38.7721 -0.655187 3.95242 14.5483 -0.249238 2.32622 -40.4017 -6.04875 1.16963 10.1674 -14.3223 -0.779096 -9.8844 12.4959 -3.6131e-15 -4.34459e-16 -1.26132e-14 
4.26157 95.1203 22.4808 -3.99063 29.8734 0.27065 0 5.07867 -1.15138 0.504941 -7.32302 -0.526587 0 5.61661 1.07143 0.880967 -6.62224 -0.733977 -1.02604e-17 5.98978 0.11501 0.909321 -3.91363 -0.785523 -1.10457e-17 6.50583 -0.443523 0.989326 0.652466 -0.850255 -1.97295e-17 7.60548 -1.50593 0.682492 3.42902 -0.900183 -2.53307e-17 9.49737 -0.914492 0.26945 4.4252 -1.02959 -2.90401e-17 10.5513 1.57691 0.173708 0.94781 -0.631945 -1.29193e-17 4.78644 0.715339 0.666124 7.71624 2.11024 -1.8116e-17 4.82109 0.421791 1.08408 -11.877 0.971793 -2.00958e-17 4.83041 0.765062 1.15075 -17.0324 3.70803 1.23299 -7.60731 7.53374 18.869 -2.9519 9.50455 12.9547 3.2495 -3.26872 -72.4028 27.8629 -16.7683 29.2081 0.0598081 0.137039 10.6799 -17.3591 -117.635 24.234 0.0496219 0.113701 1.45825 13.3471 -2.06316 -1.23299 -7.60729 7.53365 -26.9669 -3.4559 -10.3668 -12.9547 3.2495 -3.26872 70.5979 36.9532 44.4119 -29.2081 0.0598081 0.137039 -11.5416 -15.2975 106.669 -24.234 0.0496218 0.113702 3.22689 9.66413 -0.319302 9.23673 -4.20556 2.0327 3.85784 -50.059 -18.4922 -0.852353 -38.7721 -0.655187 0.122526 -0.457066 0.00846703 -2.32622 -40.4017 -6.04875 -12.5981 30.7995 17.9353 0.779096 -9.8844 12.4959 5.0446e-15 -5.79849e-16 -2.02865e-16 -9.23673 -4.20556 2.0327 5.3415 -37.2438 20.2058 0.852353 -38.7721 -0.655187 5.7519 20.7476 -0.687065 2.32622 -40.4017 -6.04875 1.32034 9.01677 -14.3464 -0.779096 -9.8844 12.4959 1.80422e-15 -6.65397e-16 -1.28502e-14 
4.78474 94.5715 23.4439 -4.31969 30.4401 1.28436 0 5.07867 -1.15138 0.343656 -6.61906 -0.578781 0 5.61661 1.07143 0.733001 -6.0593 -0.826688 -1.02604e-17 5.98978 0.11501 0.784305 -3.72584 -0.871782 -1.10457e-17 6.50583 -0.443523 0.879226 0.196416 -0.934989 -1.97295e-17 7.60548 -1.50593 0.574247 2.66618 -0.956477 -2.53307e-17 9.49737 -0.914492 0.169653 3.47482 -1.0728 -2.90401e-17 10.5513 1.57691 0.169421 1.08014 -0.605882 -1.29193e-17 4.78644 0.715339 0.618229 6.66326 1.88153 -1.8116e-17 4.82109 0.421791 1.21382 -11.6832 0.833184 -2.00958e-17 4.83041 0.765062 1.99137 -16.8059 3.41605 1.23299 -7.60731 7.53374 17.9774 -2.63639 8.95804 12.9547 3.2495 -3.26872 -70.6038 26.9419 -17.7232 29.2081 0.0598081 0.137039 10.5249 -17.6357 -119.194 24.234 0.0496219 0.113701 1.10036 14.432 -3.26302 -1.23299 -7.60729 7.53365 -26.5784 -3.07434 -9.79111 -12.9547 3.2495 -3.26872 70.6301 35.8393 43.6388 -29.2081 0.0598081 0.137039 -11.3869 -15.7679 109.089 -24.234 0.0496218 0.113702 2.33352 10.7604 1.37137 9.23673 -4.20556 2.0327 2.09286 -50.833 -22.7918 -0.852353 -38.7721 -0.655187 -0.387664 1.44752 -0.0203695 -2.32622 -40.4017 -6.04875 -10.7929 27.0815 17.246 0.779096 -9.8844 12.4959 1.63028e-15 -7.26096e-16 -5.66187e-17 -9.23673 -4.20556 2.0327 3.9941 -42.997 16.2517 0.852353 -38.7721 -0.655187 8.96103 30.6509 -1.90982 2.32622 -40.4017 -6.04875 1.16733 4.8783 -14.7011 -0.779096 -9.8844 12.4959 1.64041e-15 -6.62555e-16 -1.28381e-14 
5.50548 94.1623 24.156 -4.23094 31.3528 2.22391 0 5.07867 -1.15138 0.236416 -5.73969 -0.584122 0 5.61661 1.07143 0.637761 -5.36673 -0.864431 -1.02604e-17 5.98978 0.11501 0.692133 -3.51158 -0.892853 -1.10457e-17 6.50583 -0.443523 0.77284 -0.4601 -0.951093 -1.97295e-17 7.60548 -1.50593 0.462394 1.61206 -0.946165 -2.53307e-17 9.49737 -0.914492 0.0747147 2.16257 -1.04361 -2.90401e-17 10.5513 1.57691 0.163272 1.2443 -0.540465 -1.29193e-17 4.78644 0.715339 0.531864 4.865 1.48699 -1.8116e-17 4.82109 0.421791 1.18381 -11.1119 0.608272 -2.00958e-17 4.83041 0.765062 2.25471 -16.4472 2.87722 1.23299 -7.60731 7.53374 16.7553 -2.1137 7.96974 12.9547 3.2495 -3.26872 -68.449 26.6117 -19.1764 29.2081 0.0598081 0.137039 10.4133 -17.824 -120.27 24.234 0.0496219 0.113701 1.30482 14.8056 -4.3853 -1.23299 -7.60729 7.53365 -25.5907 -2.46854 -8.67367 -12.9547 3.2495 -3.26872 70.62 33.8747 41.5059 -29.2081 0.0598081 0.137039 -11.2079 -16.24 111.561 -24.234 0.0496218 0.113702 1.94735 11.2704 3.47307 9.23673 -4.20556 2.0327 -0.493209 -52.536 -27.2128 -0.852353 -38.7721 -0.655187 -0.934414 3.4897 -0.0324617 -2.32622 -40.4017 -6.04875 -9.33019 25.4829 16.6433 0.779096 -9.8844 12.4959 1.98238e-15 -7.06367e-16 -7.63477e-17 -9.23673 -4.20556 2.0327 1.06995 -52.27 11.5704 0.852353 -38.7721 -0.655187 14.8543 44.5694 -5.28638 2.32622 -40.4017 -6.04875 -0.215172 -1.5654 -15.0444 -0.779096 -9.8844 12.4959 -1.56754e-15 -5.22757e-16 -1.26983e-14 
6.25781 94.1715 25.0001 -3.78844 30.6834 2.53681 0 5.07867 -1.15138 0.216319 -5.14603 -0.512718 0 5.61661 1.07143 0.595635 -4.80209 -0.769064 -1.02604e-17 5.98978 0.11501 0.630594 -3.14149 -0.77729 -1.10457e-17 6.50583 -0.443523 0.676963 -0.498049 -0.822404 -1.97295e-17 7.60548 -1.50593 0.378678 1.33272 -0.813606 -2.53307e-17 9.49737 -0.914492 0.0379308 1.83019 -0.894549 -2.90401e-17 10.5513 1.57691 0.15761 1.27927 -0.463606 -1.29193e-17 4.78644 0.715339 0.3775 3.08104 0.831225 -1.8116e-17 4.82109 0.421791 1.16934 -11.2386 0.274349 -2.00958e-17 4.83041 0.765062 1.80608 -15.7864 2.41082 1.23299 -7.60731 7.53374 15.4175 -2.06353 6.82872 12.9547 3.2495 -3.26872 -66.1386 26.2252 -22.2714 29.2081 0.0598081 0.137039 10.349 -17.9289 -120.876 24.234 0.0496219 0.113701 1.02333 14.3808 -3.95176 -1.23299 -7.60729 7.53365 -23.805 -2.34619 -7.47654 -12.9547 3.2495 -3.26872 69.5175 31.1874 40.6921 -29.2081 0.0598081 0.137039 -11.0504 -16.6091 113.528 -24.234 0.0496218 0.113702 2.38937 11.5287 4.19915 9.23673 -4.20556 2.0327 -2.57413 -51.9651 -30.4538 -0.852353 -38.7721 -0.655187 -1.22975 4.59146 -0.0308794 -2.32622 -40.4017 -6.04875 -8.66485 24.8875 16.3735 0.779096 -9.8844 12.4959 -9.9181e-16 -8.36583e-16 5.38679e-17 -9.23673 -4.20556 2.0327 -1.84794 -60.6344 8.5625 0.852353 -38.7721 -0.655187 23.1727 56.7866 -11.5377 2.32622 -40.4017 -6.04875 -1.49731 -5.43289 -15.2496 -0.779096 -9.8844 12.4959 9.56032e-17 -5.9313e-16 -1.27687e-14 
7.00511 94.485 26.0206 -3.50095 29.1718 2.8707 0 5.07867 -1.15138 0.229274 -5.35754 -0.372346 0 5.61661 1.07143 0.554667 -4.81792 -0.555226 -1.02604e-17 5.98978 0.11501 0.562262 -2.8224 -0.539359 -1.10457e-17 6.50583 -0.443523 0.572074 0.335244 -0.56171 -1.97295e-17 7.60548 -1.50593 0.313092 2.33389 -0.565254 -2.53307e-17 9.49737 -0.914492 0.0474148 3.1544 -0.637817 -2.90401e-17 10.5513 1.57691 0.17886 1.10994 -0.420493 -1.29193e-17 4.78644 0.715339 0.197928 2.36838 0.253193 -1.8116e-17 4.82109 0.421791 1.21269 -12.0933 -0.0182144 -2.00958e-17 4.83041 0.765062 1.03058 -16.7322 1.29565 1.23299 -7.60731 7.53374 14.7743 -2.96067 6.36699 12.9547 3.2495 -3.26872 -63.6786 25.6976 -27.6282 29.2081 0.0598081 0.137039 10.3544 -17.9202 -120.825 24.234 0.0496219 0.113701 0.502054 13.7101 -2.49286 -1.23299 -7.60729 7.53365 -21.9408 -3.09864 -6.95578 -12.9547 3.2495 -3.26872 68.5316 27.999 42.2086 -29.2081 0.0598081 0.137039 -10.9601 -16.8057 114.589 -24.234 0.0496218 0.113702 3.65877 12.6289 3.09663 9.23673 -4.20556 2.0327 -3.975 -50.0979 -32.5446 -0.852353 -38.7721 -0.655187 -1.34948 5.03759 -0.0286164 -2.32622 -40.4017 -6.04875 -8.32561 25.2456 16.12 0.779096 -9.8844 12.4959 -4.79597e-15 -1.20958e-15 4.33311e-16 -9.23673 -4.20556 2.0327 -3.00366 -67.5066 7.98964 0.852353 -38.7721 -0.655187 33.5545 65.1925 -20.482 2.32622 -40.4017 -6.04875 -2.88176 -7.52954 -15.3461 -0.779096 -9.8844 12.4959 -4.05148e-16 -5.74257e-16 -1.27498e-14 
7.69098 94.8107 26.9155 -4.10149 28.5874 3.52631 0 5.07867 -1.15138 0.4003 -6.14489 -0.208101 0 5.61661 1.07143 0.663722 -5.39157 -0.294514 -1.02604e-17 5.98978 0.11501 0.61424 -2.8469 -0.252965 -1.10457e-17 6.50583 -0.443523 0.557428 1.21638 -0.251693 -1.97295e-17 7.60548 -1.50593 0.30063 3.6659 -0.278314 -2.53307e-17 9.49737 -0.914492 0.0725577 4.91216 -0.34997 -2.90401e-17 10.5513 1.57691 0.223385 0.903584 -0.423112 -1.29193e-17 4.78644 0.715339 0.0652858 3.07693 -0.295415 -1.8116e-17 4.82109 0.421791 1.32175 -13.3012 -0.292276 -2.00958e-17 4.83041 0.765062 0.485802 -19.1133 0.0525793 1.23299 -7.60731 7.53374 15.9444 -4.30269 7.12831 12.9547 3.2495 -3.26872 -61.8716 25.0401 -33.6428 29.2081 0.0598081 0.137039 10.4273 -17.8009 -120.138 24.234 0.0496219 0.113701 0.403267 12.2989 -1.0682 -1.23299 -7.60729 7.53365 -21.4914 -4.01401 -7.61896 -12.9547 3.2495 -3.26872 69.1996 25.5998 45.2769 -29.2081 0.0598081 0.137039 -10.9602 -16.8055 114.588 -24.234 0.0496218 0.113702 5.32796 14.169 1.30288 9.23673 -4.20556 2.0327 -4.39617 -49.2465 -33.7936 -0.852353 -38.7721 -0.655187 -1.4535 5.42485 -0.0258913 -2.32622 -40.4017 -6.04875 -7.9736 25.7627 15.8662 0.779096 -9.8844 12.4959 -7.12776e-15 -1.68286e-15 9.18541e-16 -9.23673 -4.20556 2.0327 -1.25183 -75.0594 9.56542 0.852353 -38.7721 -0.655187 45.6257 70.4514 -31.5607 2.32622 -40.4017 -6.04875 -4.70623 -9.75227 -15.4282 -0.779096 -9.8844 12.4959 -8.90742e-16 -5.49882e-16 -1.27287e-14 
8.2701 95.0137 27.4242 -5.93237 29.0352 3.91968 0 5.07867 -1.15138 0.831799 -6.81519 -0.114617 0 5.61661 1.07143 1.05972 -5.98979 -0.0928856 -1.02604e-17 5.98978 0.11501 0.912367 -3.06139 -0.0194756 -1.10457e-17 6.50583 -0.443523 0.743488 1.6273 0.00190272 -1.97295e-17 7.60548 -1.50593 0.400749 4.46757 -0.0670781 -2.53307e-17 9.49737 -0.914492 0.123484 5.98266 -0.146925 -2.90401e-17 10.5513 1.57691 0.280751 0.787062 -0.438507 -1.29193e-17 4.78644 0.715339 0.116028 3.86911 -0.64324 -1.8116e-17 4.82109 0.421791 1.54323 -14.3363 -0.441512 -2.00958e-17 4.83041 0.765062 0.313023 -21.1206 -0.201825 1.23299 -7.60731 7.53374 16.9387 -5.28727 7.84758 12.9547 3.2495 -3.26872 -61.6776 24.7733 -37.7143 29.2081 0.0598081 0.137039 10.5531 -17.5867 -118.916 24.234 0.0496219 0.113701 0.128523 12.0976 -0.610566 -1.23299 -7.60729 7.53365 -21.9541 -4.42437 -8.59395 -12.9547 3.2495 -3.26872 69.7122 23.7489 47.3142 -29.2081 0.0598081 0.137039 -11.04 -16.6325 113.654 -24.234 0.0496218 0.113702 5.19386 14.2462 1.94 9.23673 -4.20556 2.0327 -2.88691 -49.7713 -34.0247 -0.852353 -38.7721 -0.655187 -1.69177 6.31062 -0.0169918 -2.32622 -40.4017 -6.04875 -6.97715 24.6753 15.541 0.779096 -9.8844 12.4959 1.77603e-15 -7.1604e-16 -6.6675e-17 -9.23673 -4.20556 2.0327 17.5319 -83.8159 27.157 0.852353 -38.7721 -0.655187 57.5272 73.3331 -42.8014 2.32622 -40.4017 -6.04875 -7.01197 -12.4666 -15.5771 -0.779096 -9.8844 12.4959 -5.96354e-16 -5.59082e-16 -1.27471e-14 
8.77411 94.9456 27.452 -8.88495 30.7088 4.10202 0 5.07867 -1.15138 1.48036 -7.27017 -0.046479 0 5.61661 1.07143 1.71754 -6.54225 0.0809308 -1.02604e-17 5.98978 0.11501 1.45239 -3.46831 0.189018 -1.10457e-17 6.50583 -0.443523 1.14083 1.47745 0.227461 -1.97295e-17 7.60548 -1.50593 0.633477 4.58824 0.0947056 -2.53307e-17 9.49737 -0.914492 0.231866 6.20741 -0.00761401 -2.90401e-17 10.5513 1.57691 0.3642 0.831109 -0.489242 -1.29193e-17 4.78644 0.715339 0.225036 5.12434 -0.759046 -1.8116e-17 4.82109 0.421791 1.57225 -15.0354 -0.454115 -2.00958e-17 4.83041 0.765062 0.575679 -23.208 0.285285 1.23299 -7.60731 7.53374 18.9107 -5.79326 8.89744 12.9547 3.2495 -3.26872 -62.7217 24.7761 -39.8152 29.2081 0.0598081 0.137039 10.6714 -17.3747 -117.723 24.234 0.0496219 0.113701 0.512691 11.449 -0.76884 -1.23299 -7.60729 7.53365 -23.562 -4.26158 -10.0838 -12.9547 3.2495 -3.26872 70.7672 22.302 49.7823 -29.2081 0.0598081 0.137039 -11.1345 -16.4166 112.498 -24.234 0.0496218 0.113702 4.94896 12.7793 2.59749 9.23673 -4.20556 2.0327 0.20166 -52.1257 -33.6854 -0.852353 -38.7721 -0.655187 -2.18722 8.14504 0.01333 -2.32622 -40.4017 -6.04875 -5.37166 21.6942 15.3383 0.779096 -9.8844 12.4959 -2.92186e-15 -9.22217e-16 1.39503e-16 -9.23673 -4.20556 2.0327 142.6 -83.0113 149.812 0.852353 -38.7721 -0.655187 67.7334 74.7847 -52.5648 2.32622 -40.4017 -6.04875 -8.3831 -14.574 -15.6939 -0.779096 -9.8844 12.4959 -6.99531e-16 -5.55858e-16 -1.27406e-14 
9.3925 94.7325 27.321 -11.4132 33.061 4.0603 0 5.07867 -1.15138 2.09278 -7.81991 0.0450141 0 5.61661 1.07143 2.34695 -7.22182 0.277603 -1.02604e-17 5.98978 0.11501 1.97831 -3.99321 0.422325 -1.10457e-17 6.50583 -0.443523 1.54042 1.27047 0.479588 -1.97295e-17 7.60548 -1.50593 0.87865 4.70698 0.284164 -2.53307e-17 9.49737 -0.914492 0.367914 6.47141 0.161821 -2.90401e-17 10.5513 1.57691 0.452301 0.898109 -0.561651 -1.29193e-17 4.78644 0.715339 0.321808 5.75948 -0.970065 -1.8116e-17 4.82109 0.421791 1.21675 -15.5524 -0.51783 -2.00958e-17 4.83041 0.765062 1.04931 -25.0569 0.993952 1.23299 -7.60731 7.53374 20.2732 -6.20477 9.62833 12.9547 3.2495 -3.26872 -64.2881 25.6175 -41.1279 29.2081 0.0598081 0.137039 10.7482 -17.2311 -116.922 24.234 0.0496219 0.113701 0.966621 12.5074 -0.862542 -1.23299 -7.60729 7.53365 -24.6714 -3.90231 -11.3311 -12.9547 3.2495 -3.26872 72.0031 21.487 50.8499 -29.2081 0.0598081 0.137039 -11.17 -16.3324 112.05 -24.234 0.0496218 0.113702 4.838 12.2539 3.78283 9.23673 -4.20556 2.0327 2.98276 -55.1629 -32.7698 -0.852353 -38.7721 -0.655187 -2.68855 9.9877 0.0601661 -2.32622 -40.4017 -6.04875 -3.77306 18.9265 15.1707 0.779096 -9.8844 12.4959 -8.23607e-15 -1.15591e-15 3.73194e-16 -9.23673 -4.20556 2.0327 165.767 -71.1178 169.785 0.852353 -38.7721 -0.655187 75.4176 75.455 -59.957 2.32622 -40.4017 -6.04875 -8.08034 -15.3677 -15.5747 -0.779096 -9.8844 12.4959 -8.90747e-16 -5.49882e-16 -1.27287e-14 
10.2636 94.7615 27.6709 -12.1595 34.2036 4.3616 0 5.07867 -1.15138 2.40676 -8.41127 0.153596 0 5.61661 1.07143 2.65003 -7.85191 0.4672 -1.02604e-17 5.98978 0.11501 2.22795 -4.38617 0.63161 -1.10457e-17 6.50583 -0.443523 1.73033 1.38668 0.702303 -1.97295e-17 7.60548 -1.50593 1.01043 5.16226 0.476801 -2.53307e-17 9.49737 -0.914492 0.474863 7.14278 0.350839 -2.90401e-17 10.5513 1.57691 0.50969 0.913243 -0.646376 -1.29193e-17 4.78644 0.715339 0.343008 6.34976 -1.4654 -1.8116e-17 4.82109 0.421791 0.441695 -15.9969 -0.753914 -2.00958e-17 4.83041 0.765062 1.3083 -26.9524 0.82327 1.23299 -7.60731 7.53374 21.2286 -6.81275 10.2271 12.9547 3.2495 -3.26872 -65.4514 25.608 -42.7423 29.2081 0.0598081 0.137039 10.8042 -17.1228 -116.323 24.234 0.0496219 0.113701 1.19001 13.2657 -0.404424 -1.23299 -7.60729 7.53365 -25.0277 -3.78587 -12.1908 -12.9547 3.2495 -3.26872 73.2107 21.5883 51.3353 -29.2081 0.0598081 0.137039 -11.1723 -16.3268 112.021 -24.234 0.0496218 0.113702 5.18313 14.1967 3.64028 9.23673 -4.20556 2.0327 2.81338 -56.129 -32.7855 -0.852353 -38.7721 -0.655187 -2.81331 10.4437 0.0743311 -2.32622 -40.4017 -6.04875 -3.54855 18.3438 15.1992 0.779096 -9.8844 12.4959 -8.29383e-15 -1.15724e-15 3.74526e-16 -9.23673 -4.20556 2.0327 172.135 -60.371 175.225 0.852353 -38.7721 -0.655187 80.7245 75.7474 -65.0747 2.32622 -40.4017 -6.04875 -5.89866 -13.9584 -15.4588 -0.779096 -9.8844 12.4959 -4.93177e-16 -5.6553e-16 -1.27503e-14 
11.1123 95.0788 28.4617 -11.5806 34.5115 3.82432 0 5.07867 -1.15138 2.54883 -9.0649 0.369409 0 5.61661 1.07143 2.76991 -8.47655 0.76137 -1.02604e-17 5.98978 0.11501 2.32206 -4.72746 0.946352 -1.10457e-17 6.50583 -0.443523 1.78715 1.65727 1.0321 -1.97295e-17 7.60548 -1.50593 1.08151 5.77536 0.782071 -2.53307e-17 9.49737 -0.914492 0.599046 7.99684 0.648925 -2.90401e-17 10.5513 1.57691 0.561445 0.924214 -0.727435 -1.29193e-17 4.78644 0.715339 0.431063 7.49203 -2.19216 -1.8116e-17 4.82109 0.421791 0.0825031 -16.5786 -1.0966 -2.00958e-17 4.83041 0.765062 0.83073 -28.9183 0.489096 1.23299 -7.60731 7.53374 22.5206 -7.55368 11.343 12.9547 3.2495 -3.26872 -66.0795 25.0571 -45.1968 29.2081 0.0598081 0.137039 10.8827 -16.9662 -115.463 24.234 0.0496219 0.113701 1.67423 13.6054 1.15566 -1.23299 -7.60729 7.53365 -25.4348 -3.69548 -13.3521 -12.9547 3.2495 -3.26872 74.8293 21.6924 52.1609 -29.2081 0.0598081 0.137039 -11.2595 -16.1103 110.878 -24.234 0.0496218 0.113702 5.89779 16.8666 3.15674 9.23673 -4.20556 2.0327 1.88613 -55.4249 -33.2523 -0.852353 -38.7721 -0.655187 -2.7068 10.0545 0.0621769 -2.32622 -40.4017 -6.04875 -3.47192 18.964 15.0132 0.779096 -9.8844 12.4959 -5.73234e-15 -1.04637e-15 2.63656e-16 -9.23673 -4.20556 2.0327 174.586 -51.6496 177.13 0.852353 -38.7721 -0.655187 81.2005 75.7674 -65.534 2.32622 -40.4017 -6.04875 -4.04886 -11.8521 -15.2831 -0.779096 -9.8844 12.4959 -4.05138e-16 -5.74257e-16 -1.27498e-14 
11.8452 95.5003 29.2565 -11.1329 34.9123 2.41576 0 5.07867 -1.15138 2.6409 -9.59566 0.590902 0 5.61661 1.07143 2.84702 -8.95529 1.04393 -1.02604e-17 5.98978 0.11501 2.39573 -4.93674 1.25454 -1.10457e-17 6.50583 -0.443523 1.8473 1.99781 1.35401 -1.97295e-17 7.60548 -1.50593 1.17568 6.40537 1.08099 -2.53307e-17 9.49737 -0.914492 0.760776 8.83872 0.929394 -2.90401e-17 10.5513 1.57691 0.617556 0.901677 -0.792121 -1.29193e-17 4.78644 0.715339 0.652993 7.89271 -3.16809 -1.8116e-17 4.82109 0.421791 0.206487 -17.2854 -1.53044 -2.00958e-17 4.83041 0.765062 0.930809 -30.4743 1.68257 1.23299 -7.60731 7.53374 22.5434 -8.26983 11.8543 12.9547 3.2495 -3.26872 -66.7204 23.9513 -46.3015 29.2081 0.0598081 0.137039 11.0105 -16.6969 -114 24.234 0.0496219 0.113701 1.83439 15.8842 1.76255 -1.23299 -7.60729 7.53365 -25.3268 -3.63574 -14.1829 -12.9547 3.2495 -3.26872 75.8292 20.6213 52.6691 -29.2081 0.0598081 0.137039 -11.4361 -15.6257 108.353 -24.234 0.0496218 0.113702 5.27462 18.762 4.87846 9.23673 -4.20556 2.0327 2.53538 -54.8255 -32.4764 -0.852353 -38.7721 -0.655187 -2.61529 9.71943 0.0523133 -2.32622 -40.4017 -6.04875 -3.14924 19.7085 14.6879 0.779096 -9.8844 12.4959 -4.9372e-15 -1.0091e-15 2.26384e-16 -9.23673 -4.20556 2.0327 174.808 -43.8164 176.426 0.852353 -38.7721 -0.655187 76.3557 75.5162 -60.8611 2.32622 -40.4017 -6.04875 -3.29181 -11.4558 -15.1589 -0.779096 -9.8844 12.4959 -6.84393e-16 -5.59555e-16 -1.27351e-14 
12.611 96.0466 30.1872 -10.3012 33.8111 1.11676 0 5.07867 -1.15138 2.5785 -9.69807 0.829007 0 5.61661 1.07143 2.75096 -8.97945 1.3065 -1.02604e-17 5.98978 0.11501 2.31246 -4.8599 1.54316 -1.10457e-17 6.50583 -0.443523 1.77463 2.33207 1.64932 -1.97295e-17 7.60548 -1.50593 1.18087 6.78275 1.36773 -2.53307e-17 9.49737 -0.914492 0.864243 9.2536 1.20399 -2.90401e-17 10.5513 1.57691 0.665346 0.891398 -0.8352 -1.29193e-17 4.78644 0.715339 0.845665 8.86815 -4.13794 -1.8116e-17 4.82109 0.421791 0.218747 -17.6694 -1.96199 -2.00958e-17 4.83041 0.765062 1.3284 -32.054 2.31901 1.23299 -7.60731 7.53374 23.1376 -8.79775 12.4129 12.9547 3.2495 -3.26872 -66.134 19.2792 -45.6566 29.2081 0.0598081 0.137039 11.1655 -16.3428 -112.105 24.234 0.0496219 0.113701 2.47105 13.111 1.40846 -1.23299 -7.60729 7.53365 -25.8946 -3.4749 -14.9282 -12.9547 3.2495 -3.26872 77.003 17.7404 51.5964 -29.2081 0.0598081 0.137039 -11.6104 -15.0623 105.472 -24.234 0.0496218 0.113702 3.6464 18.6331 7.04853 9.23673 -4.20556 2.0327 2.53016 -52.6432 -31.1484 -0.852353 -38.7721 -0.655187 -2.42174 9.00896 0.0332251 -2.32622 -40.4017 -6.04875 -3.62138 21.2774 14.4834 0.779096 -9.8844 12.4959 -5.07065e-15 -1.01374e-15 2.31027e-16 -9.23673 -4.20556 2.0327 174.126 -37.9651 175.831 0.852353 -38.7721 -0.655187 71.0355 75.1113 -55.7381 2.32622 -40.4017 -6.04875 -2.98572 -12.2817 -15.2558 -0.779096 -9.8844 12.4959 3.01961e-16 -6.02803e-16 -1.27784e-14 
13.4675 96.7508 31.4507 -9.16781 31.9153 0.41171 0 5.07867 -1.15138 2.58413 -9.93535 0.895491 0 5.61661 1.07143 2.7258 -9.02864 1.40619 -1.02604e-17 5.98978 0.11501 2.29146 -4.69833 1.64128 -1.10457e-17 6.50583 -0.443523 1.77019 2.89626 1.74195 -1.97295e-17 7.60548 -1.50593 1.21631 7.50292 1.47205 -2.53307e-17 9.49737 -0.914492 0.94186 10.0826 1.31205 -2.90401e-17 10.5513 1.57691 0.676313 0.810534 -0.861271 -1.29193e-17 4.78644 0.715339 0.97196 9.21309 -5.06891 -1.8116e-17 4.82109 0.421791 0.0910623 -17.6122 -2.38524 -2.00958e-17 4.83041 0.765062 1.36957 -33.602 3.15619 1.23299 -7.60731 7.53374 22.6555 -9.14811 12.3451 12.9547 3.2495 -3.26872 -65.8109 20.2674 -45.9579 29.2081 0.0598081 0.137039 11.1891 -16.2856 -111.802 24.234 0.0496219 0.113701 3.17553 16.1257 3.34853 -1.23299 -7.60729 7.53365 -25.3529 -3.76809 -15.01 -12.9547 3.2495 -3.26872 78.3638 17.8957 51.1269 -29.2081 0.0598081 0.137039 -11.6775 -14.8125 104.211 -24.234 0.0496218 0.113702 3.95202 22.4651 6.44108 9.23673 -4.20556 2.0327 1.38364 -49.2574 -30.5576 -0.852353 -38.7721 -0.655187 -2.01283 7.50066 0.000840881 -2.32622 -40.4017 -6.04875 -4.66211 24.1654 14.2174 0.779096 -9.8844 12.4959 -3.72657e-15 -9.57423e-16 1.74709e-16 -9.23673 -4.20556 2.0327 173.505 -33.8934 176.022 0.852353 -38.7721 -0.655187 66.4693 74.6429 -51.3514 2.32622 -40.4017 -6.04875 -3.37968 -14.1231 -15.4889 -0.779096 -9.8844 12.4959 8.04703e-17 -5.98632e-16 -1.27742e-14 
14.2508 97.5293 32.9084 -8.30382 29.965 0.348915 0 5.07867 -1.15138 2.55104 -10.0098 0.981993 0 5.61661 1.07143 2.63581 -8.90998 1.50583 -1.02604e-17 5.98978 0.11501 2.18576 -4.44379 1.72556 -1.10457e-17 6.50583 -0.443523 1.66228 3.38506 1.82372 -1.97295e-17 7.60548 -1.50593 1.15545 7.9907 1.58089 -2.53307e-17 9.49737 -0.914492 0.934683 10.5359 1.43054 -2.90401e-17 10.5513 1.57691 0.625899 0.631672 -0.823843 -1.29193e-17 4.78644 0.715339 0.734706 7.58469 -5.34116 -1.8116e-17 4.82109 0.421791 0.0153806 -17.428 -2.52453 -2.00958e-17 4.83041 0.765062 0.879865 -33.0204 2.32609 1.23299 -7.60731 7.53374 21.4301 -9.47604 11.5391 12.9547 3.2495 -3.26872 -64.6818 17.5731 -44.2443 29.2081 0.0598081 0.137039 11.2696 -16.0839 -110.738 24.234 0.0496219 0.113701 3.09711 15.0284 3.25698 -1.23299 -7.60729 7.53365 -22.958 -4.20372 -13.5901 -12.9547 3.2495 -3.26872 76.4616 14.9084 46.7212 -29.2081 0.0598081 0.137039 -11.7202 -14.6401 103.346 -24.234 0.0496218 0.113702 1.0576 23.1009 8.13775 9.23673 -4.20556 2.0327 -0.0742588 -45.8669 -30.6412 -0.852353 -38.7721 -0.655187 -1.58909 5.92915 -0.0212804 -2.32622 -40.4017 -6.04875 -6.02369 28.0202 14.0417 0.779096 -9.8844 12.4959 8.76126e-15 -2.11806e-16 -5.77357e-16 -9.23673 -4.20556 2.0327 173.691 -30.9379 176.333 0.852353 -38.7721 -0.655187 62.3346 74.1085 -47.3901 2.32622 -40.4017 -6.04875 -3.59972 -15.5485 -15.7303 -0.779096 -9.8844 12.4959 -1.8042e-15 -5.14888e-16 -1.26904e-14 
14.8976 98.2706 34.3968 -7.97124 27.6804 0.675895 0 5.07867 -1.15138 2.79296 -9.6534 1.20544 0 5.61661 1.07143 2.69874 -8.25577 1.77717 -1.02604e-17 5.98978 0.11501 2.12149 -3.64308 2.00977 -1.10457e-17 6.50583 -0.443523 1.44618 4.40941 2.13563 -1.97295e-17 7.60548 -1.50593 0.942081 8.82438 1.89384 -2.53307e-17 9.49737 -0.914492 0.751486 11.0955 1.79599 -2.90401e-17 10.5513 1.57691 0.482306 0.0987319 -0.607725 -1.29193e-17 4.78644 0.715339 -0.298831 1.27752 -5.73938 -1.8116e-17 4.82109 0.421791 -0.400743 -16.6438 -2.73617 -2.00958e-17 4.83041 0.765062 0.650647 -30.1154 0.0402497 1.23299 -7.60731 7.53374 17.2542 -10.3148 8.53955 12.9547 3.2495 -3.26872 -60.2351 5.34403 -39.087 29.2081 0.0598081 0.137039 11.3468 -15.8789 -109.666 24.234 0.0496219 0.113701 1.68838 6.20952 -0.453369 -1.23299 -7.60729 7.53365 -16.2147 -5.0686 -8.12425 -12.9547 3.2495 -3.26872 64.4726 0.381236 30.8111 -29.2081 0.0598081 0.137039 -11.6778 -14.8113 104.205 -24.234 0.0496218 0.113702 -6.93284 12.0327 16.2701 9.23673 -4.20556 2.0327 -0.979309 -42.1934 -30.5594 -0.852353 -38.7721 -0.655187 -1.17093 4.37218 -0.0316485 -2.32622 -40.4017 -6.04875 -7.81409 31.5538 14.4215 0.779096 -9.8844 12.4959 1.84271e-14 7.82329e-16 -1.58989e-15 -9.23673 -4.20556 2.0327 174.336 -29.0514 176.479 0.852353 -38.7721 -0.655187 58.721 73.5427 -43.9389 2.32622 -40.4017 -6.04875 -3.57999 -16.666 -15.8366 -0.779096 -9.8844 12.4959 -2.25953e-15 -4.91932e-16 -1.26675e-14 
15.4754 98.913 35.9698 -7.82273 24.8607 1.39034 0 5.07867 -1.15138 3.26054 -9.93856 1.173 0 5.61661 1.07143 3.03318 -8.07698 1.80878 -1.02604e-17 5.98978 0.11501 2.33748 -2.88736 2.04732 -1.10457e-17 6.50583 -0.443523 1.50288 5.99416 2.19978 -1.97295e-17 7.60548 -1.50593 0.895127 10.79 1.96769 -2.53307e-17 9.49737 -0.914492 0.608252 13.1659 1.9116 -2.90401e-17 10.5513 1.57691 0.404179 -0.513088 -0.383422 -1.29193e-17 4.78644 0.715339 -1.99915 -9.17357 -6.70609 -1.8116e-17 4.82109 0.421791 -0.92112 -14.719 -3.1051 -2.00958e-17 4.83041 0.765062 0.532195 -25.5041 -0.519444 1.23299 -7.60731 7.53374 10.9855 -10.6939 4.52138 12.9547 3.2495 -3.26872 -56.4307 -1.11397 -34.9435 29.2081 0.0598081 0.137039 11.0881 -16.5237 -113.07 24.234 0.0496219 0.113701 0.969665 5.78231 0.0457681 -1.23299 -7.60729 7.53365 -7.66919 -6.26234 -2.4051 -12.9547 3.2495 -3.26872 49.656 -14.3203 22.879 -29.2081 0.0598081 0.137039 -11.6136 -15.0507 105.414 -24.234 0.0496218 0.113702 -6.4656 2.72763 13.3704 9.23673 -4.20556 2.0327 -1.73444 -38.1479 -30.5366 -0.852353 -38.7721 -0.655187 -0.948893 3.54375 -0.0325169 -2.32622 -40.4017 -6.04875 -9.15182 33.3689 14.7971 0.779096 -9.8844 12.4959 1.89049e-14 5.97338e-16 -1.39845e-15 -9.23673 -4.20556 2.0327 174.27 -28.6132 176.977 0.852353 -38.7721 -0.655187 55.4467 72.9383 -40.8225 2.32622 -40.4017 -6.04875 -4.55558 -20.0504 -16.2057 -0.779096 -9.8844 12.4959 1.10746e-16 -5.96827e-16 -1.27724e-14 
16.0203 99.3666 37.5286 -7.67146 21.8417 2.48382 0 5.07867 -1.15138 3.69264 -10.5884 1.11598 0 5.61661 1.07143 3.33928 -8.292 1.86124 -1.02604e-17 5.98978 0.11501 2.52218 -2.44094 2.10145 -1.10457e-17 6.50583 -0.443523 1.539 7.34395 2.28056 -1.97295e-17 7.60548 -1.50593 0.832784 12.8466 2.06649 -2.53307e-17 9.49737 -0.914492 0.460834 15.398 2.00665 -2.90401e-17 10.5513 1.57691 0.343277 -1.03562 -0.195183 -1.29193e-17 4.78644 0.715339 -4.02843 -23.6703 -7.51344 -1.8116e-17 4.82109 0.421791 -0.590259 -12.8938 -3.14088 -2.00958e-17 4.83041 0.765062 -1.48444 -15.6279 -1.94345 1.23299 -7.60731 7.53374 4.65104 -10.8028 1.0337 12.9547 3.2495 -3.26872 -52.9601 -7.029 -33.7052 29.2081 0.0598081 0.137039 10.9863 -16.7494 -114.284 24.234 0.0496219 0.113701 -1.17555 4.92397 0.978947 -1.23299 -7.60729 7.53365 0.250183 -6.40414 1.79583 -12.9547 3.2495 -3.26872 38.8728 -23.7444 16.6587 -29.2081 0.0598081 0.137039 -11.6535 -14.9046 104.675 -24.234 0.0496218 0.113702 -4.79398 -1.19589 11.1152 9.23673 -4.20556 2.0327 -2.77928 -34.1595 -30.3173 -0.852353 -38.7721 -0.655187 -0.998276 3.72807 -0.032602 -2.32622 -40.4017 -6.04875 -8.3136 33.3308 13.8438 0.779096 -9.8844 12.4959 4.33756e-15 -6.05168e-16 -1.77547e-16 -9.23673 -4.20556 2.0327 174.445 -29.0906 177.768 0.852353 -38.7721 -0.655187 52.6078 72.3334 -38.1305 2.32622 -40.4017 -6.04875 -6.00941 -23.7764 -16.7183 -0.779096 -9.8844 12.4959 2.71686e-16 -6.01383e-16 -1.27802e-14 
16.5119 99.5878 39.0599 -7.64447 18.6912 3.96729 0 5.07867 -1.15138 3.81097 -12.0778 1.07669 0 5.61661 1.07143 3.4034 -9.40066 1.86111 -1.02604e-17 5.98978 0.11501 2.54669 -2.6475 2.08961 -1.10457e-17 6.50583 -0.443523 1.51523 8.52137 2.26957 -1.97295e-17 7.60548 -1.50593 0.779013 15.147 2.08422 -2.53307e-17 9.49737 -0.914492 0.386678 18.0922 2.02046 -2.90401e-17 10.5513 1.57691 0.368447 -1.28585 -0.2021 -1.29193e-17 4.78644 0.715339 -5.27086 -32.5214 -8.92541 -1.8116e-17 4.82109 0.421791 0.247419 -11.3854 -3.37759 -2.00958e-17 4.83041 0.765062 -2.83362 -9.48405 -2.47002 1.23299 -7.60731 7.53374 1.18867 -11.4642 0.0813198 12.9547 3.2495 -3.26872 -51.78 -7.72216 -36.7316 29.2081 0.0598081 0.137039 11.0993 -16.4982 -112.933 24.234 0.0496219 0.113701 -3.78563 5.87805 3.82483 -1.23299 -7.60729 7.53365 2.50156 -7.45099 1.42843 -12.9547 3.2495 -3.26872 37.1353 -27.2338 19.5505 -29.2081 0.0598081 0.137039 -11.7969 -14.2961 101.63 -24.234 0.0496218 0.113702 -1.77122 -1.61006 4.84031 9.23673 -4.20556 2.0327 -3.67916 -30.1059 -30.0847 -0.852353 -38.7721 -0.655187 -1.06502 3.97711 -0.0324642 -2.32622 -40.4017 -6.04875 -7.99542 33.1255 13.46 0.779096 -9.8844 12.4959 -1.09496e-15 -8.39805e-16 5.70908e-17 -9.23673 -4.20556 2.0327 173.481 -30.5332 179.257 0.852353 -38.7721 -0.655187 48.9302 71.4197 -34.6598 2.32622 -40.4017 -6.04875 -8.47225 -28.8932 -17.8324 -0.779096 -9.8844 12.4959 -2.30495e-15 -4.86816e-16 -1.26748e-14 
17.0259 99.6305 40.5569 -7.82297 15.0417 6.1138 0 5.07867 -1.15138 3.50134 -13.0471 0.951983 0 5.61661 1.07143 3.12486 -10.1968 1.7194 -1.02604e-17 5.98978 0.11501 2.33745 -3.04565 1.95413 -1.10457e-17 6.50583 -0.443523 1.38309 8.71907 2.12977 -1.97295e-17 7.60548 -1.50593 0.707736 15.8525 1.99494 -2.53307e-17 9.49737 -0.914492 0.376435 19.0208 1.91688 -2.90401e-17 10.5513 1.57691 0.411481 -1.16937 -0.196947 -1.29193e-17 4.78644 0.715339 -5.78297 -34.13 -9.91699 -1.8116e-17 4.82109 0.421791 1.22546 -10.538 -3.70388 -2.00958e-17 4.83041 0.765062 -3.03945 -6.06808 -3.32351 1.23299 -7.60731 7.53374 -0.256366 -11.3998 0.389368 12.9547 3.2495 -3.26872 -49.4697 -4.13375 -38.6553 29.2081 0.0598081 0.137039 11.4304 -15.6421 -108.437 24.234 0.0496219 0.113701 -3.76034 6.2966 5.21518 -1.23299 -7.60729 7.53365 2.89354 -7.85952 0.274419 -12.9547 3.2495 -3.26872 37.8461 -27.4423 20.5985 -29.2081 0.0598081 0.137039 -11.9884 -12.9956 95.2476 -24.234 0.0496218 0.113702 0.051717 -2.54479 1.94089 9.23673 -4.20556 2.0327 -4.42982 -25.5884 -29.9614 -0.852353 -38.7721 -0.655187 -1.1256 4.20311 -0.0320873 -2.32622 -40.4017 -6.04875 -7.65107 33.0541 13.1148 0.779096 -9.8844 12.4959 1.06159e-15 -5.44895e-16 -2.41044e-16 -9.23673 -4.20556 2.0327 174.36 -32.8325 -179.007 0.852353 -38.7721 -0.655187 46.847 70.8272 -32.7037 2.32622 -40.4017 -6.04875 -9.82556 -32.4124 -18.6693 -0.779096 -9.8844 12.4959 -2.74515e-15 -4.67557e-16 -1.26523e-14 
17.5133 99.5837 42.0022 -8.43188 10.8149 8.81975 0 5.07867 -1.15138 3.3159 -12.8813 0.678013 0 5.61661 1.07143 2.9661 -9.95531 1.44403 -1.02604e-17 5.98978 0.11501 2.22354 -3.01659 1.6927 -1.10457e-17 6.50583 -0.443523 1.34367 8.38837 1.86282 -1.97295e-17 7.60548 -1.50593 0.67672 15.2726 1.75862 -2.53307e-17 9.49737 -0.914492 0.319528 18.385 1.6689 -2.90401e-17 10.5513 1.57691 0.369177 -0.98834 -0.128562 -1.29193e-17 4.78644 0.715339 -6.32595 -34.5674 -10.3731 -1.8116e-17 4.82109 0.421791 1.13803 -9.5038 -3.89398 -2.00958e-17 4.83041 0.765062 -2.31596 -2.4716 -4.88339 1.23299 -7.60731 7.53374 -1.24561 -10.6034 0.0856677 12.9547 3.2495 -3.26872 -46.1416 -2.7627 -37.2574 29.2081 0.0598081 0.137039 11.7883 -14.3371 -101.833 24.234 0.0496219 0.113701 -2.32274 2.62914 2.78241 -1.23299 -7.60729 7.53365 3.76586 -7.26787 0.419607 -12.9547 3.2495 -3.26872 37.0512 -26.0816 17.552 -29.2081 0.0598081 0.137039 -12.0216 -11.441 87.7389 -24.234 0.0496218 0.113702 -0.536383 -4.09351 2.15041 9.23673 -4.20556 2.0327 -4.42141 -20.5465 -30.0062 -0.852353 -38.7721 -0.655187 -1.15931 4.32882 -0.0317739 -2.32622 -40.4017 -6.04875 -8.12528 32.953 13.614 0.779096 -9.8844 12.4959 4.98304e-15 -2.01812e-16 -5.86879e-16 -9.23673 -4.20556 2.0327 176.065 -36.0655 -176.456 0.852353 -38.7721 -0.655187 45.5324 70.4218 -31.4735 2.32622 -40.4017 -6.04875 -10.1111 -34.836 -19.1579 -0.779096 -9.8844 12.4959 -1.76148e-15 -5.12527e-16 -1.26881e-14 
17.9157 99.4809 43.3627 -9.35763 6.06187 11.8214 0 5.07867 -1.15138 3.43575 -11.9325 0.189959 0 5.61661 1.07143 3.10894 -8.88915 1.00024 -1.02604e-17 5.98978 0.11501 2.36837 -2.36799 1.24265 -1.10457e-17 6.50583 -0.443523 1.54655 8.36001 1.4033 -1.97295e-17 7.60548 -1.50593 0.805331 14.9261 1.29176 -2.53307e-17 9.49737 -0.914492 0.302494 17.808 1.11829 -2.90401e-17 10.5513 1.57691 0.260429 -0.962733 -0.0397071 -1.29193e-17 4.78644 0.715339 -8.05017 -43.0431 -11.4842 -1.8116e-17 4.82109 0.421791 1.2143 -8.24664 -3.78901 -2.00958e-17 4.83041 0.765062 -3.17184 6.73386 -5.7267 1.23299 -7.60731 7.53374 -4.30099 -9.3773 -1.69438 12.9547 3.2495 -3.26872 -41.1226 -6.40299 -32.3362 29.2081 0.0598081 0.137039 11.9799 -13.0859 -95.6861 24.234 0.0496219 0.113701 -1.46678 -4.51804 -3.00084 -1.23299 -7.60729 7.53365 7.08651 -6.04745 2.03603 -12.9547 3.2495 -3.26872 32.9832 -24.4123 10.7127 -29.2081 0.0598081 0.137039 -11.8854 -10.1146 81.3336 -24.234 0.0496218 0.113702 -3.72731 -7.49106 5.29618 9.23673 -4.20556 2.0327 -3.59532 -15.2737 -30.8279 -0.852353 -38.7721 -0.655187 -1.24805 4.65966 -0.0305942 -2.32622 -40.4017 -6.04875 -8.67863 32.7699 14.1904 0.779096 -9.8844 12.4959 -8.50447e-15 -1.54762e-15 7.67653e-16 -9.23673 -4.20556 2.0327 179.919 -40.2294 -173.502 0.852353 -38.7721 -0.655187 44.8872 70.2132 -30.8711 2.32622 -40.4017 -6.04875 -9.06726 -35.8218 -18.8576 -0.779096 -9.8844 12.4959 -2.72519e-15 -6.76345e-16 -1.28584e-14 
18.2115 99.3516 44.568 -9.61651 0.68854 14.9166 0 5.07867 -1.15138 3.43682 -12.3935 -0.265618 0 5.61661 1.07143 3.21278 -9.10637 0.541586 -1.02604e-17 5.98978 0.11501 2.55618 -2.31768 0.77949 -1.10457e-17 6.50583 -0.443523 1.83561 8.84839 0.938242 -1.97295e-17 7.60548 -1.50593 1.08464 15.8489 0.798078 -2.53307e-17 9.49737 -0.914492 0.475909 18.8395 0.565076 -2.90401e-17 10.5513 1.57691 0.236939 -0.866641 -0.0218131 -1.29193e-17 4.78644 0.715339 -8.72766 -43.3138 -12.9869 -1.8116e-17 4.82109 0.421791 1.86201 -6.87183 -4.2946 -2.00958e-17 4.83041 0.765062 -3.98167 7.99516 -5.41333 1.23299 -7.60731 7.53374 -5.91361 -9.22709 -1.65532 12.9547 3.2495 -3.26872 -39.4302 -4.52644 -32.2058 29.2081 0.0598081 0.137039 12.0226 -12.4786 -92.7418 24.234 0.0496219 0.113701 -1.14626 -7.43946 -2.00239 -1.23299 -7.60729 7.53365 7.14938 -6.60251 1.36303 -12.9547 3.2495 -3.26872 32.4789 -22.8938 11.7333 -29.2081 0.0598081 0.137039 -11.7048 -9.21286 76.9318 -24.234 0.0496218 0.113702 -3.22741 -10.223 -0.751711 9.23673 -4.20556 2.0327 -2.68974 -9.56283 -32.1641 -0.852353 -38.7721 -0.655187 -1.38352 5.16435 -0.0278023 -2.32622 -40.4017 -6.04875 -8.87916 32.2598 14.4134 0.779096 -9.8844 12.4959 9.91486e-15 4.75554e-18 -8.02646e-16 -9.23673 -4.20556 2.0327 -175.558 -45.3808 -169.419 0.852353 -38.7721 -0.655187 43.5521 69.7602 -29.6275 2.32622 -40.4017 -6.04875 -8.13515 -36.6487 -18.3315 -0.779096 -9.8844 12.4959 7.60997e-15 -1.49747e-15 -1.36947e-14 
18.3648 99.1856 45.521 -8.10954 -5.34538 17.684 0 5.07867 -1.15138 2.78631 -11.4833 -0.553828 0 5.61661 1.07143 2.65279 -8.09187 0.155096 -1.02604e-17 5.98978 0.11501 2.15901 -1.77818 0.380131 -1.10457e-17 6.50583 -0.443523 1.63781 8.67963 0.523896 -1.97295e-17 7.60548 -1.50593 1.00875 15.3478 0.421837 -2.53307e-17 9.49737 -0.914492 0.43414 18.1764 0.182104 -2.90401e-17 10.5513 1.57691 0.181274 -0.587015 0.0384175 -1.29193e-17 4.78644 0.715339 -8.75457 -41.7108 -13.0957 -1.8116e-17 4.82109 0.421791 1.97619 -5.97452 -4.47964 -2.00958e-17 4.83041 0.765062 -3.17684 9.70804 -6.61029 1.23299 -7.60731 7.53374 -7.84582 -7.83756 -2.29793 12.9547 3.2495 -3.26872 -37.795 -2.98037 -31.0318 29.2081 0.0598081 0.137039 12.0243 -11.5052 -88.0473 24.234 0.0496219 0.113701 -0.971323 -7.94119 -3.04736 -1.23299 -7.60729 7.53365 8.16975 -5.86339 1.12122 -12.9547 3.2495 -3.26872 32.8676 -20.7455 10.4749 -29.2081 0.0598081 0.137039 -11.2628 -7.77826 69.7619 -24.234 0.0496218 0.113702 -2.97644 -14.0384 -1.68238 9.23673 -4.20556 2.0327 -2.61178 -2.8222 -32.79 -0.852353 -38.7721 -0.655187 -1.45844 5.44324 -0.0257444 -2.32622 -40.4017 -6.04875 -8.89448 32.0496 14.4436 0.779096 -9.8844 12.4959 -1.23845e-14 -1.91847e-15 1.14496e-15 -9.23673 -4.20556 2.0327 -168.967 -51.9892 -164.549 0.852353 -38.7721 -0.655187 40.1546 68.4634 -26.4828 2.32622 -40.4017 -6.04875 -7.47709 -37.5308 -17.0216 -0.779096 -9.8844 12.4959 -3.56255e-15 -2.26997e-16 -1.24053e-14 
18.4723 98.9338 46.2034 -5.11496 -11.6583 21.3922 0 5.07867 -1.15138 1.95523 -7.79994 -0.961304 0 5.61661 1.07143 1.98883 -4.57001 -0.522477 -1.02604e-17 5.98978 0.11501 1.70409 0.557925 -0.458122 -1.10457e-17 6.50583 -0.443523 1.55218 9.18378 -0.422523 -1.97295e-17 7.60548 -1.50593 1.12129 14.8986 -0.564459 -2.53307e-17 9.49737 -0.914492 0.613878 17.2218 -0.960271 -2.90401e-17 10.5513 1.57691 0.018548 -0.531845 -0.0146381 -1.29193e-17 4.78644 0.715339 -14.1644 -58.3427 -18.7773 -1.8116e-17 4.82109 0.421791 2.87349 -5.65602 -4.22647 -2.00958e-17 4.83041 0.765062 -5.1114 23.965 -4.11725 1.23299 -7.60731 7.53374 -13.9081 -4.84193 -5.15025 12.9547 3.2495 -3.26872 -37.2664 -7.73361 -23.3498 29.2081 0.0598081 0.137039 11.9571 -10.6366 -83.86 24.234 0.0496219 0.113701 0.520635 -5.84131 -12.9975 -1.23299 -7.60729 7.53365 9.83262 -4.82627 0.915287 -12.9547 3.2495 -3.26872 35.0429 -19.6317 9.42161 -29.2081 0.0598081 0.137039 -10.5965 -6.31783 62.1086 -24.234 0.0496218 0.113702 -3.82091 -18.8908 4.97147 9.23673 -4.20556 2.0327 -3.12321 4.59275 -33.7206 -0.852353 -38.7721 -0.655187 -1.47253 5.49565 -0.0253165 -2.32622 -40.4017 -6.04875 -11.4215 31.4451 17.1019 0.779096 -9.8844 12.4959 -2.59715e-15 -9.11597e-16 1.28882e-16 -9.23673 -4.20556 2.0327 -155.771 -62.1565 -153.74 0.852353 -38.7721 -0.655187 29.2541 62.3274 -16.6812 2.32622 -40.4017 -6.04875 -6.4846 -43.3297 -14.4461 -0.779096 -9.8844 12.4959 -7.61587e-15 3.24027e-16 -1.18331e-14 
18.5089 98.4965 46.7165 -1.39298 -17.3813 25.8361 0 5.07867 -1.15138 0.519805 -3.97196 -1.05946 0 5.61661 1.07143 1.05008 -1.05779 -1.20153 -1.02604e-17 5.98978 0.11501 1.17855 3.32103 -1.41987 -1.10457e-17 6.50583 -0.443523 1.62595 11.0172 -1.56997 -1.97295e-17 7.60548 -1.50593 1.67932 16.7003 -1.87012 -2.53307e-17 9.49737 -0.914492 1.60867 18.6992 -2.65417 -2.90401e-17 10.5513 1.57691 -0.0199154 -0.671049 -0.343951 -1.29193e-17 4.78644 0.715339 -40.7504 -77.0041 -48.5413 -1.8116e-17 4.82109 0.421791 6.06738 -6.36928 -3.99762 -2.00958e-17 4.83041 0.765062 -9.69253 36.8454 2.45531 1.23299 -7.60731 7.53374 -19.7802 -3.0094 -6.51127 12.9547 3.2495 -3.26872 -38.4571 -15.8874 -16.3558 29.2081 0.0598081 0.137039 11.9196 -10.3426 -82.4381 24.234 0.0496219 0.113701 2.70177 -4.60964 -24.835 -1.23299 -7.60729 7.53365 8.02942 -6.35085 -2.54018 -12.9547 3.2495 -3.26872 48.8354 -18.7911 21.1344 -29.2081 0.0598081 0.137039 -10.0415 -5.39026 56.9593 -24.234 0.0496218 0.113702 -4.47244 -17.6549 6.84999 9.23673 -4.20556 2.0327 -3.5815 11.3861 -34.7127 -0.852353 -38.7721 -0.655187 -1.657 6.18149 -0.0185208 -2.32622 -40.4017 -6.04875 -14.7585 29.167 20.9229 0.779096 -9.8844 12.4959 -3.89037e-15 -9.60265e-16 1.7755e-16 -9.23673 -4.20556 2.0327 -130.741 -74.7538 -124.208 0.852353 -38.7721 -0.655187 17.0579 48.5084 -6.81566 2.32622 -40.4017 -6.04875 -7.40978 -54.0243 -14.7655 -0.779096 -9.8844 12.4959 7.43285e-15 -1.11708e-15 -1.32991e-14 
18.2666 97.7142 47.2171 1.34092 -21.0746 28.5304 0 5.07867 -1.15138 -1.60839 -4.1741 -0.731054 0 5.61661 1.07143 -0.412741 -0.792566 -1.40912 -1.02604e-17 5.98978 0.11501 0.219097 4.33909 -1.80388 -1.10457e-17 6.50583 -0.443523 1.2799 13.3549 -2.08165 -1.97295e-17 7.60548 -1.50593 2.02369 21.0471 -2.47785 -2.53307e-17 9.49737 -0.914492 2.75713 23.3252 -3.63541 -2.90401e-17 10.5513 1.57691 0.0963114 -0.947637 -0.609594 -1.29193e-17 4.78644 0.715339 -73.8144 -80.3366 -83.5923 -1.8116e-17 4.82109 0.421791 8.56922 -5.85816 -3.92184 -2.00958e-17 4.83041 0.765062 -7.56004 37.3929 2.22989 1.23299 -7.60731 7.53374 -23.9983 -1.84805 -7.0114 12.9547 3.2495 -3.26872 -41.0186 -22.1926 -14.3223 29.2081 0.0598081 0.137039 11.9729 -10.7822 -84.5626 24.234 0.0496219 0.113701 3.87239 -2.2609 -29.1336 -1.23299 -7.60729 7.53365 6.50448 -7.95403 -4.77772 -12.9547 3.2495 -3.26872 67.5768 -15.1184 37.6766 -29.2081 0.0598081 0.137039 -9.41354 -4.52549 51.8663 -24.234 0.0496218 0.113702 -6.5139 -10.631 3.13312 9.23673 -4.20556 2.0327 -3.67371 15.582 -33.4046 -0.852353 -38.7721 -0.655187 -2.14399 7.98546 0.0100506 -2.32622 -40.4017 -6.04875 -14.8769 25.075 21.7515 0.779096 -9.8844 12.4959 4.41811e-15 -3.99989e-16 -3.89174e-16 -9.23673 -4.20556 2.0327 -119.696 -81.8536 -96.7118 0.852353 -38.7721 -0.655187 14.55 43.9768 -5.08458 2.32622 -40.4017 -6.04875 -2.19537 -52.0247 -18.2788 -0.779096 -9.8844 12.4959 1.45648e-14 -2.00349e-15 -1.42039e-14 
17.6307 96.6679 47.6548 2.34839 -22.7801 28.7095 0 5.07867 -1.15138 -3.02257 -6.57904 -0.602308 0 5.61661 1.07143 -1.55355 -2.44873 -1.3629 -1.02604e-17 5.98978 0.11501 -0.698633 3.74098 -1.71273 -1.10457e-17 6.50583 -0.443523 0.61921 14.0302 -1.99385 -1.97295e-17 7.60548 -1.50593 1.61791 23.3717 -2.2634 -2.53307e-17 9.49737 -0.914492 2.74696 25.6905 -3.45984 -2.90401e-17 10.5513 1.57691 0.236667 -0.937146 -0.68527 -1.29193e-17 4.78644 0.715339 -60.2813 -79.6223 -70.5682 -1.8116e-17 4.82109 0.421791 8.57199 -5.61966 -3.85261 -2.00958e-17 4.83041 0.765062 -4.38988 36.6625 0.875474 1.23299 -7.60731 7.53374 -23.8206 -1.96931 -7.26445 12.9547 3.2495 -3.26872 -40.9512 -24.0193 -10.9981 29.2081 0.0598081 0.137039 12.0329 -11.8384 -89.6524 24.234 0.0496219 0.113701 2.98681 -3.81953 -20.5951 -1.23299 -7.60729 7.53365 5.88674 -8.2327 -4.05277 -12.9547 3.2495 -3.26872 69.2802 -17.3491 39.713 -29.2081 0.0598081 0.137039 -8.28082 -3.2892 43.8615 -24.234 0.0496218 0.113702 -3.37317 -14.9974 1.23426 9.23673 -4.20556 2.0327 -3.57887 17.2685 -31.9412 -0.852353 -38.7721 -0.655187 -2.87149 10.656 0.0812771 -2.32622 -40.4017 -6.04875 -11.6626 18.5168 19.6821 0.779096 -9.8844 12.4959 9.23e-15 1.82721e-16 -9.83836e-16 -9.23673 -4.20556 2.0327 -104.37 -83.4466 -80.2615 0.852353 -38.7721 -0.655187 12.9441 40.6364 -4.06297 2.32622 -40.4017 -6.04875 3.7338 -48.3842 -17.375 -0.779096 -9.8844 12.4959 4.99333e-15 -1.18087e-15 -1.33652e-14 
16.8637 95.7141 47.8425 4.28093 -24.3814 29.0957 0 5.07867 -1.15138 -4.05929 -7.93811 -0.316693 0 5.61661 1.07143 -2.50904 -3.57821 -1.18447 -1.02604e-17 5.98978 0.11501 -1.59332 3.1316 -1.466 -1.10457e-17 6.50583 -0.443523 -0.189523 13.9167 -1.72758 -1.97295e-17 7.60548 -1.50593 0.802359 23.6267 -1.7666 -2.53307e-17 9.49737 -0.914492 2.09771 25.9637 -2.77754 -2.90401e-17 10.5513 1.57691 0.286818 -0.894937 -0.620908 -1.29193e-17 4.78644 0.715339 -40.0736 -76.6357 -49.7744 -1.8116e-17 4.82109 0.421791 7.60452 -4.91909 -4.05028 -2.00958e-17 4.83041 0.765062 -1.12836 35.4803 -1.50124 1.23299 -7.60731 7.53374 -22.0907 -2.99426 -6.58607 12.9547 3.2495 -3.26872 -43.474 -22.9233 -10.341 29.2081 0.0598081 0.137039 12.0323 -11.7904 -89.4209 24.234 0.0496219 0.113701 1.63586 -3.73316 -12.668 -1.23299 -7.60729 7.53365 6.0294 -7.72577 -3.41419 -12.9547 3.2495 -3.26872 69.8443 -18.7936 33.6832 -29.2081 0.0598081 0.137039 -7.19825 -2.37609 37.0882 -24.234 0.0496218 0.113702 -0.68965 -18.6146 3.68175 9.23673 -4.20556 2.0327 -4.14081 19.9353 -32.9182 -0.852353 -38.7721 -0.655187 -3.05247 11.3147 0.104262 -2.32622 -40.4017 -6.04875 -11.3946 13.0243 19.7958 0.779096 -9.8844 12.4959 -5.20137e-15 -1.02011e-15 2.37391e-16 -9.23673 -4.20556 2.0327 -79.788 -83.6333 -55.1004 0.852353 -38.7721 -0.655187 11.1764 36.5169 -3.03319 2.32622 -40.4017 -6.04875 6.88632 -45.9332 -16.8499 -0.779096 -9.8844 12.4959 -1.4737e-14 4.22142e-16 -1.17323e-14 
16.254 94.8875 47.8184 7.21548 -26.7719 30.9139 0 5.07867 -1.15138 -4.57995 -7.9698 -0.353782 0 5.61661 1.07143 -2.98659 -3.74131 -1.23005 -1.02604e-17 5.98978 0.11501 -2.07851 2.60987 -1.4599 -1.10457e-17 6.50583 -0.443523 -0.661551 12.6939 -1.70294 -1.97295e-17 7.60548 -1.50593 0.194689 21.1398 -1.58597 -2.53307e-17 9.49737 -0.914492 1.31448 23.6094 -2.38617 -2.90401e-17 10.5513 1.57691 0.179542 -0.621299 -0.44118 -1.29193e-17 4.78644 0.715339 -18.3997 -63.6938 -27.0298 -1.8116e-17 4.82109 0.421791 6.64579 -3.04444 -4.83845 -2.00958e-17 4.83041 0.765062 0.744805 27.9143 -1.13873 1.23299 -7.60731 7.53374 -20.9634 -1.99387 -6.26487 12.9547 3.2495 -3.26872 -47.8395 -22.9375 -8.07348 29.2081 0.0598081 0.137039 12.0052 -11.1578 -86.374 24.234 0.0496219 0.113701 -0.877572 -2.63588 -6.39831 -1.23299 -7.60729 7.53365 7.04564 -5.58586 -1.83172 -12.9547 3.2495 -3.26872 67.2522 -18.009 24.4797 -29.2081 0.0598081 0.137039 -6.39459 -1.82495 32.4206 -24.234 0.0496218 0.113702 -1.62124 -22.1498 3.53738 9.23673 -4.20556 2.0327 -4.87159 23.5038 -36.2415 -0.852353 -38.7721 -0.655187 -3.13857 11.6272 0.115928 -2.32622 -40.4017 -6.04875 -12.5736 9.00351 20.3801 0.779096 -9.8844 12.4959 1.63513e-15 -5.24229e-16 -2.64934e-16 -9.23673 -4.20556 2.0327 -53.377 -80.4913 -27.6057 0.852353 -38.7721 -0.655187 9.50834 32.1748 -2.16823 2.32622 -40.4017 -6.04875 10.797 -43.0493 -14.2285 -0.779096 -9.8844 12.4959 6.62361e-15 -1.45745e-15 -1.36514e-14 
15.7342 94.0105 47.6457 8.93615 -28.7611 32.6527 0 5.07867 -1.15138 -4.70083 -8.803 -0.488426 0 5.61661 1.07143 -3.11679 -4.49091 -1.27551 -1.02604e-17 5.98978 0.11501 -2.25603 1.87623 -1.47459 -1.10457e-17 6.50583 -0.443523 -0.894778 11.8314 -1.68614 -1.97295e-17 7.60548 -1.50593 -0.208692 19.5485 -1.48581 -2.53307e-17 9.49737 -0.914492 0.610113 22.1853 -2.11835 -2.90401e-17 10.5513 1.57691 0.0379443 -0.375943 -0.270293 -1.29193e-17 4.78644 0.715339 -10.9701 -43.1981 -19.6233 -1.8116e-17 4.82109 0.421791 5.03444 -2.09625 -6.24069 -2.00958e-17 4.83041 0.765062 4.88073 14.4329 1.66642 1.23299 -7.60731 7.53374 -19.7761 -1.42344 -5.28977 12.9547 3.2495 -3.26872 -54.3729 -22.1828 -5.78725 29.2081 0.0598081 0.137039 11.9544 -10.6128 -83.7449 24.234 0.0496219 0.113701 -1.83821 0.0808037 -0.820116 -1.23299 -7.60729 7.53365 7.15212 -3.98622 -0.824009 -12.9547 3.2495 -3.26872 67.1036 -15.6747 16.3349 -29.2081 0.0598081 0.137039 -5.71553 -1.42923 28.6514 -24.234 0.0496218 0.113702 -4.16985 -26.9989 2.43113 9.23673 -4.20556 2.0327 -4.84224 25.7671 -39.394 -0.852353 -38.7721 -0.655187 -3.46991 12.8238 0.165195 -2.32622 -40.4017 -6.04875 -11.2613 4.96207 19.4897 0.779096 -9.8844 12.4959 9.54217e-15 1.93894e-16 -9.95008e-16 -9.23673 -4.20556 2.0327 -37.6051 -75.7845 -9.44002 0.852353 -38.7721 -0.655187 7.30099 25.7294 -1.21147 2.32622 -40.4017 -6.04875 11.7344 -39.6979 -13.3261 -0.779096 -9.8844 12.4959 -5.81721e-15 -1.3397e-16 -1.23031e-14 
15.3233 93.0236 47.2716 9.72124 -30.0998 34.4196 0 5.07867 -1.15138 -4.17682 -7.74446 -0.738916 0 5.61661 1.07143 -2.84577 -3.81356 -1.26912 -1.02604e-17 5.98978 0.11501 -2.12672 1.56672 -1.36817 -1.10457e-17 6.50583 -0.443523 -0.975583 9.99708 -1.49959 -1.97295e-17 7.60548 -1.50593 -0.504233 15.8396 -1.23382 -2.53307e-17 9.49737 -0.914492 0.0157841 18.1975 -1.59236 -2.90401e-17 10.5513 1.57691 0.00489481 0.116327 -0.109464 -1.29193e-17 4.78644 0.715339 -4.30169 -19.9506 -15.2292 -1.8116e-17 4.82109 0.421791 4.15855 -2.30476 -6.34199 -2.00958e-17 4.83041 0.765062 5.73941 -0.750498 2.84693 1.23299 -7.60731 7.53374 -16.8785 -1.37476 -3.69453 12.9547 3.2495 -3.26872 -56.8814 -21.6052 -0.0629137 29.2081 0.0598081 0.137039 11.8054 -9.66995 -79.17 24.234 0.0496219 0.113701 -3.71585 -2.06333 2.8596 -1.23299 -7.60729 7.53365 7.32908 -1.65028 -0.888831 -12.9547 3.2495 -3.26872 64.4648 -12.6372 6.57774 -29.2081 0.0598081 0.137039 -5.08103 -1.11085 25.2433 -24.234 0.0496218 0.113702 -4.60895 -36.2217 1.48189 9.23673 -4.20556 2.0327 -4.2594 26.6923 -40.591 -0.852353 -38.7721 -0.655187 -3.97469 14.6273 0.253466 -2.32622 -40.4017 -6.04875 -7.36544 0.93451 17.6325 0.779096 -9.8844 12.4959 2.70466e-15 -6.77346e-16 -1.05368e-16 -9.23673 -4.20556 2.0327 -31.6053 -71.163 -0.72723 0.852353 -38.7721 -0.655187 5.49131 19.8753 -0.611878 2.32622 -40.4017 -6.04875 12.7018 -35.391 -12.8851 -0.779096 -9.8844 12.4959 -1.43444e-14 6.11592e-16 -1.15456e-14 
15.0016 91.9327 46.6939 10.8766 -30.5174 36.967 0 5.07867 -1.15138 -3.61666 -5.94667 -0.869313 0 5.61661 1.07143 -2.54126 -2.61806 -1.27189 -1.02604e-17 5.98978 0.11501 -1.95566 1.53476 -1.34169 -1.10457e-17 6.50583 -0.443523 -1.00618 8.03514 -1.41396 -1.97295e-17 7.60548 -1.50593 -0.676473 12.1915 -1.12733 -2.53307e-17 9.49737 -0.914492 -0.375949 14.1501 -1.26743 -2.90401e-17 10.5513 1.57691 -0.0514096 0.650389 0.020029 -1.29193e-17 4.78644 0.715339 -1.60545 -5.98237 -15.1791 -1.8116e-17 4.82109 0.421791 2.73614 -2.41838 -6.82827 -2.00958e-17 4.83041 0.765062 6.17865 -8.18072 3.06741 1.23299 -7.60731 7.53374 -13.0741 -1.82968 -0.669279 12.9547 3.2495 -3.26872 -59.9182 -14.4113 3.97577 29.2081 0.0598081 0.137039 11.2669 -7.78926 -69.8178 24.234 0.0496219 0.113701 -0.333244 -6.23627 2.78789 -1.23299 -7.60729 7.53365 6.03455 -0.055945 -2.21472 -12.9547 3.2495 -3.26872 65.1175 -8.3672 -2.35884 -29.2081 0.0598081 0.137039 -4.44852 -0.838567 21.9343 -24.234 0.0496218 0.113702 -4.58592 -45.3711 1.94146 9.23673 -4.20556 2.0327 -3.99116 27.1256 -40.9683 -0.852353 -38.7721 -0.655187 -4.3149 15.8281 0.32184 -2.32622 -40.4017 -6.04875 -3.67243 -3.2167 16.3914 0.779096 -9.8844 12.4959 7.59588e-16 -7.66674e-16 -1.60408e-17 -9.23673 -4.20556 2.0327 -31.4347 -67.3003 1.55733 0.852353 -38.7721 -0.655187 4.48156 16.4117 -0.35791 2.32622 -40.4017 -6.04875 11.5949 -31.6212 -13.3327 -0.779096 -9.8844 12.4959 8.02689e-16 -6.2765e-16 -1.28064e-14 
14.6665 90.6665 45.8949 12.0681 -30.6608 40.023 0 5.07867 -1.15138 -3.13054 -2.72519 -1.07602 0 5.61661 1.07143 -2.2087 -0.508808 -1.42192 -1.02604e-17 5.98978 0.11501 -1.71447 1.8437 -1.47406 -1.10457e-17 6.50583 -0.443523 -0.93482 5.36955 -1.50974 -1.97295e-17 7.60548 -1.50593 -0.705736 7.57882 -1.24696 -2.53307e-17 9.49737 -0.914492 -0.537236 8.93135 -1.27771 -2.90401e-17 10.5513 1.57691 -0.10418 1.13468 0.135672 -1.29193e-17 4.78644 0.715339 -0.292384 0.306628 -14.8103 -1.8116e-17 4.82109 0.421791 1.99492 -2.15045 -6.71506 -2.00958e-17 4.83041 0.765062 3.55181 -9.02534 0.862092 1.23299 -7.60731 7.53374 -9.42976 -1.03178 1.62998 12.9547 3.2495 -3.26872 -61.9787 -6.81466 8.96279 29.2081 0.0598081 0.137039 10.4565 -6.06545 -60.7344 24.234 0.0496219 0.113701 2.67674 -14.3317 2.32282 -1.23299 -7.60729 7.53365 4.18447 1.98439 -3.14118 -12.9547 3.2495 -3.26872 66.7453 -4.73999 -12.0189 -29.2081 0.0598081 0.137039 -4.38603 -0.813982 21.6116 -24.234 0.0496218 0.113702 -4.86938 -52.1838 -0.152449 9.23673 -4.20556 2.0327 -3.66403 27.0194 -40.9557 -0.852353 -38.7721 -0.655187 -4.74639 17.3323 0.418676 -2.32622 -40.4017 -6.04875 -0.599408 -7.86929 15.7715 0.779096 -9.8844 12.4959 -3.33184e-15 -9.43283e-16 1.60569e-16 -9.23673 -4.20556 2.0327 -34.7549 -64.8567 -2.19581 0.852353 -38.7721 -0.655187 4.79945 17.5158 -0.431354 2.32622 -40.4017 -6.04875 10.3545 -29.0547 -13.4513 -0.779096 -9.8844 12.4959 -1.39402e-15 -5.26763e-16 -1.27115e-14 
14.3297 89.2099 44.9569 12.6861 -30.8033 44.5099 0 5.07867 -1.15138 -2.55581 -0.933927 -1.30771 0 5.61661 1.07143 -1.70811 0.550968 -1.53748 -1.02604e-17 5.98978 0.11501 -1.31223 1.92888 -1.5929 -1.10457e-17 6.50583 -0.443523 -0.69507 3.62564 -1.5918 -1.97295e-17 7.60548 -1.50593 -0.584084 4.97083 -1.39332 -2.53307e-17 9.49737 -0.914492 -0.573417 5.76317 -1.36219 -2.90401e-17 10.5513 1.57691 -0.14105 1.33858 0.220001 -1.29193e-17 4.78644 0.715339 0.677524 4.28152 -15.1556 -1.8116e-17 4.82109 0.421791 1.37437 -2.93938 -6.86431 -2.00958e-17 4.83041 0.765062 0.62056 -9.08824 -1.94486 1.23299 -7.60731 7.53374 -3.63342 -1.06289 4.39837 12.9547 3.2495 -3.26872 -68.0923 1.80839 11.9692 29.2081 0.0598081 0.137039 9.58169 -4.74175 -53.1722 24.234 0.0496219 0.113701 4.67456 -22.4157 3.10696 -1.23299 -7.60729 7.53365 -0.210101 3.12223 -4.27306 -12.9547 3.2495 -3.26872 73.3236 0.71718 -19.6586 -29.2081 0.0598081 0.137039 -4.01903 -0.677687 19.7291 -24.234 0.0496218 0.113702 -7.29002 -60.4135 -2.94975 9.23673 -4.20556 2.0327 -2.23456 26.322 -42.4667 -0.852353 -38.7721 -0.655187 -5.2997 19.2281 0.559083 -2.32622 -40.4017 -6.04875 2.65899 -13.6536 15.6606 0.779096 -9.8844 12.4959 -1.25593e-15 -8.53563e-16 7.08484e-17 -9.23673 -4.20556 2.0327 -41.0333 -62.3166 -9.15875 0.852353 -38.7721 -0.655187 6.14233 22.0367 -0.806901 2.32622 -40.4017 -6.04875 9.09434 -26.857 -13.601 -0.779096 -9.8844 12.4959 -2.75307e-15 -6.73181e-16 -1.28552e-14 
13.8892 87.6176 44.1357 12.5306 -30.5695 49.8928 0 5.07867 -1.15138 -1.61327 0.395728 -1.2947 0 5.61661 1.07143 -0.879304 1.22887 -1.29909 -1.02604e-17 5.98978 0.11501 -0.654622 1.82668 -1.38377 -1.10457e-17 6.50583 -0.443523 -0.271674 1.87531 -1.34255 -1.97295e-17 7.60548 -1.50593 -0.30057 2.82249 -1.22224 -2.53307e-17 9.49737 -0.914492 -0.433037 2.93926 -1.14745 -2.90401e-17 10.5513 1.57691 -0.14808 1.47799 0.314402 -1.29193e-17 4.78644 0.715339 1.46728 6.8076 -17.3262 -1.8116e-17 4.82109 0.421791 0.988475 -3.59419 -7.80217 -2.00958e-17 4.83041 0.765062 -3.1324 -8.46741 -5.4035 1.23299 -7.60731 7.53374 4.28042 -0.391449 7.61655 12.9547 3.2495 -3.26872 -82.1485 10.2318 16.8315 29.2081 0.0598081 0.137039 9.14489 -4.1998 -49.8541 24.234 0.0496219 0.113701 7.70505 -24.7336 4.74024 -1.23299 -7.60729 7.53365 -6.9248 4.40833 -5.89007 -12.9547 3.2495 -3.26872 86.9471 5.33122 -27.4466 -29.2081 0.0598081 0.137039 -3.73366 -0.581047 18.2797 -24.234 0.0496218 0.113702 -17.288 -69.9552 -11.0768 9.23673 -4.20556 2.0327 -0.0305047 24.6096 -45.3761 -0.852353 -38.7721 -0.655187 -5.91899 21.3019 0.737305 -2.32622 -40.4017 -6.04875 6.54137 -19.9669 15.9595 0.779096 -9.8844 12.4959 -6.82223e-16 -8.23683e-16 4.0968e-17 -9.23673 -4.20556 2.0327 -47.9385 -58.8273 -16.548 0.852353 -38.7721 -0.655187 7.61647 26.6989 -1.3338 2.32622 -40.4017 -6.04875 10.3284 -24.4779 -12.9547 -0.779096 -9.8844 12.4959 1.37951e-14 -1.76256e-15 -1.39565e-14 
12.9563 86.1228 43.7317 12.3154 -30.4668 52.5485 0 5.07867 -1.15138 -1.38369 2.84908 -0.969526 0 5.61661 1.07143 -0.665581 2.68029 -0.830839 -1.02604e-17 5.98978 0.11501 -0.500771 2.21835 -0.934777 -1.10457e-17 6.50583 -0.443523 -0.216613 0.0585837 -0.877503 -1.97295e-17 7.60548 -1.50593 -0.243162 0.424685 -0.751132 -2.53307e-17 9.49737 -0.914492 -0.290915 -0.198587 -0.640083 -2.90401e-17 10.5513 1.57691 -0.130716 1.60936 0.366497 -1.29193e-17 4.78644 0.715339 1.15494 5.85694 -17.2061 -1.8116e-17 4.82109 0.421791 0.780284 -3.43637 -7.58476 -2.00958e-17 4.83041 0.765062 -5.02106 -5.66479 -10.242 1.23299 -7.60731 7.53374 11.2087 1.64073 8.59254 12.9547 3.2495 -3.26872 -88.5584 11.9012 22.1837 29.2081 0.0598081 0.137039 8.46939 -3.47223 -45.1168 24.234 0.0496219 0.113701 4.72697 -26.6714 1.27572 -1.23299 -7.60729 7.53365 -11.8412 6.57888 -6.32573 -12.9547 3.2495 -3.26872 98.6333 11.0879 -34.4098 -29.2081 0.0598081 0.137039 -3.60825 -0.541101 17.6464 -24.234 0.0496218 0.113702 -30.0552 -80.39 -26.4345 9.23673 -4.20556 2.0327 1.20416 23.2488 -47.2937 -0.852353 -38.7721 -0.655187 -6.43169 22.9778 0.901174 -2.32622 -40.4017 -6.04875 8.74992 -25.2564 16.6632 0.779096 -9.8844 12.4959 -1.46226e-15 -8.63235e-16 8.05203e-17 -9.23673 -4.20556 2.0327 -48.6028 -56.4816 -17.657 0.852353 -38.7721 -0.655187 8.37109 28.9532 -1.64648 2.32622 -40.4017 -6.04875 11.8753 -21.26 -12.0473 -0.779096 -9.8844 12.4959 2.84146e-15 -5.07182e-16 -1.26763e-14 
11.5051 84.8729 43.8302 12.3626 -30.5785 50.8039 0 5.07867 -1.15138 -1.6233 4.30845 -0.65425 0 5.61661 1.07143 -0.877907 3.5921 -0.468855 -1.02604e-17 5.98978 0.11501 -0.686278 2.69707 -0.577368 -1.10457e-17 6.50583 -0.443523 -0.367358 -0.478005 -0.523709 -1.97295e-17 7.60548 -1.50593 -0.30004 -0.393715 -0.368463 -2.53307e-17 9.49737 -0.914492 -0.214093 -1.38027 -0.268883 -2.90401e-17 10.5513 1.57691 -0.143745 1.55955 0.364933 -1.29193e-17 4.78644 0.715339 0.774615 5.01326 -17.1574 -1.8116e-17 4.82109 0.421791 0.325019 -2.9407 -7.50984 -2.00958e-17 4.83041 0.765062 -4.26438 -6.28473 -9.71775 1.23299 -7.60731 7.53374 16.7689 3.03443 8.43249 12.9547 3.2495 -3.26872 -90.5883 12.696 25.2756 29.2081 0.0598081 0.137039 7.51641 -2.62229 -39.0133 24.234 0.0496219 0.113701 1.77727 -32.0739 -2.77579 -1.23299 -7.60729 7.53365 -15.4366 7.76085 -6.47687 -12.9547 3.2495 -3.26872 107.854 16.7588 -39.1523 -29.2081 0.0598081 0.137039 -3.53628 -0.518868 17.2839 -24.234 0.0496218 0.113702 -47.1426 -86.0989 -46.4498 9.23673 -4.20556 2.0327 1.71642 24.0244 -46.9946 -0.852353 -38.7721 -0.655187 -6.11077 21.9333 0.796898 -2.32622 -40.4017 -6.04875 9.93253 -29.7395 17.3589 0.779096 -9.8844 12.4959 -1.9932e-15 -8.80299e-16 9.7584e-17 -9.23673 -4.20556 2.0327 -43.5377 -58.1922 -12.3043 0.852353 -38.7721 -0.655187 9.28157 31.5494 -2.05956 2.32622 -40.4017 -6.04875 13.5879 -17.5452 -11.703 -0.779096 -9.8844 12.4959 -5.62823e-15 2.37077e-16 -1.19201e-14 
9.9957 83.5368 44.1267 11.4561 -30.5138 47.0456 0 5.07867 -1.15138 -1.77901 4.69113 -0.533293 0 5.61661 1.07143 -1.02734 3.83941 -0.352189 -1.02604e-17 5.98978 0.11501 -0.805363 2.87311 -0.446911 -1.10457e-17 6.50583 -0.443523 -0.443676 -0.577515 -0.40893 -1.97295e-17 7.60548 -1.50593 -0.313687 -0.513198 -0.252934 -2.53307e-17 9.49737 -0.914492 -0.185516 -1.54605 -0.190754 -2.90401e-17 10.5513 1.57691 -0.162728 1.46005 0.345776 -1.29193e-17 4.78644 0.715339 0.209887 3.71284 -16.0465 -1.8116e-17 4.82109 0.421791 -0.244586 -2.8763 -7.05009 -2.00958e-17 4.83041 0.765062 -3.14609 -7.33001 -7.71482 1.23299 -7.60731 7.53374 19.8517 4.14517 7.74129 12.9547 3.2495 -3.26872 -91.5589 13.5414 28.0853 29.2081 0.0598081 0.137039 7.28139 -2.43883 -37.5872 24.234 0.0496219 0.113701 1.74601 -39.74 -1.30204 -1.23299 -7.60729 7.53365 -17.2747 8.09066 -6.43342 -12.9547 3.2495 -3.26872 112.527 19.6119 -41.7813 -29.2081 0.0598081 0.137039 -3.88677 -0.631904 19.0557 -24.234 0.0496218 0.113702 -51.0136 -85.2202 -52.7987 9.23673 -4.20556 2.0327 2.21639 24.6011 -44.2998 -0.852353 -38.7721 -0.655187 -5.63457 20.356 0.652734 -2.32622 -40.4017 -6.04875 12.3763 -33.8174 18.4094 0.779096 -9.8844 12.4959 -3.31674e-15 -9.36364e-16 1.53649e-16 -9.23673 -4.20556 2.0327 -36.1545 -61.3815 -5.28054 0.852353 -38.7721 -0.655187 10.3132 34.3266 -2.57162 2.32622 -40.4017 -6.04875 15.4917 -14.678 -11.5581 -0.779096 -9.8844 12.4959 3.96561e-15 -7.65572e-16 -1.29411e-14 
8.86804 81.8777 44.2265 9.87894 -28.3005 45.6031 0 5.07867 -1.15138 -1.89911 3.997 -0.648935 0 5.61661 1.07143 -1.11119 3.37238 -0.448702 -1.02604e-17 5.98978 0.11501 -0.862626 2.50788 -0.529523 -1.10457e-17 6.50583 -0.443523 -0.455152 -0.646217 -0.507271 -1.97295e-17 7.60548 -1.50593 -0.307862 -0.327739 -0.371655 -2.53307e-17 9.49737 -0.914492 -0.205738 -1.35301 -0.3609 -2.90401e-17 10.5513 1.57691 -0.137672 1.33816 0.323492 -1.29193e-17 4.78644 0.715339 -0.19983 2.27099 -14.6541 -1.8116e-17 4.82109 0.421791 -0.737989 -3.20913 -6.46873 -2.00958e-17 4.83041 0.765062 -3.13658 -8.75884 -7.8437 1.23299 -7.60731 7.53374 22.1642 5.02932 7.06653 12.9547 3.2495 -3.26872 -93.8978 16.0723 29.683 29.2081 0.0598081 0.137039 7.29234 -2.44717 -37.6531 24.234 0.0496219 0.113701 4.26046 -48.2363 3.45056 -1.23299 -7.60729 7.53365 -18.6532 8.09341 -5.98481 -12.9547 3.2495 -3.26872 114.867 21.4537 -43.2172 -29.2081 0.0598081 0.137039 -4.29644 -0.779448 21.1497 -24.234 0.0496218 0.113702 -58.4783 -83.9498 -62.6181 9.23673 -4.20556 2.0327 1.77524 21.9946 -42.4509 -0.852353 -38.7721 -0.655187 -5.71739 20.6326 0.676886 -2.32622 -40.4017 -6.04875 15.6699 -38.6212 20.128 0.779096 -9.8844 12.4959 3.99478e-17 -7.91443e-16 8.7282e-18 -9.23673 -4.20556 2.0327 -34.4871 -63.7835 -2.86255 0.852353 -38.7721 -0.655187 11.1763 36.5167 -3.03314 2.32622 -40.4017 -6.04875 16.2932 -14.1884 -11.545 -0.779096 -9.8844 12.4959 3.25577e-15 -9.39197e-16 -1.3118e-14 
7.95614 80.3367 44.1008 9.34688 -25.1395 45.2675 0 5.07867 -1.15138 -2.37435 3.43161 -0.675997 0 5.61661 1.07143 -1.49937 2.90113 -0.519375 -1.02604e-17 5.98978 0.11501 -1.1668 1.99551 -0.596301 -1.10457e-17 6.50583 -0.443523 -0.658678 -1.18194 -0.590624 -1.97295e-17 7.60548 -1.50593 -0.42139 -0.624242 -0.428985 -2.53307e-17 9.49737 -0.914492 -0.264672 -1.71691 -0.489214 -2.90401e-17 10.5513 1.57691 -0.103909 1.32886 0.286977 -1.29193e-17 4.78644 0.715339 -0.4517 1.50986 -14.1307 -1.8116e-17 4.82109 0.421791 -1.10827 -3.57942 -6.27429 -2.00958e-17 4.83041 0.765062 -3.42264 -9.51323 -7.82053 1.23299 -7.60731 7.53374 24.3445 5.99502 6.6846 12.9547 3.2495 -3.26872 -96.5671 18.6266 30.4344 29.2081 0.0598081 0.137039 7.02457 -2.24877 -36.0583 24.234 0.0496219 0.113701 7.80354 -55.8567 8.91942 -1.23299 -7.60729 7.53365 -18.6878 8.24991 -5.59055 -12.9547 3.2495 -3.26872 115.877 21.9512 -42.7578 -29.2081 0.0598081 0.137039 -4.52168 -0.867869 22.3129 -24.234 0.0496218 0.113702 -60.3631 -81.0804 -65.2426 9.23673 -4.20556 2.0327 -0.163755 18.7607 -42.0324 -0.852353 -38.7721 -0.655187 -5.93328 21.3491 0.741674 -2.32622 -40.4017 -6.04875 18.6318 -42.4158 21.7825 0.779096 -9.8844 12.4959 2.6619e-15 -6.84187e-16 -9.85277e-17 -9.23673 -4.20556 2.0327 -35.3879 -64.673 -2.36611 0.852353 -38.7721 -0.655187 11.3471 36.9359 -3.12784 2.32622 -40.4017 -6.04875 17.1695 -15.6958 -10.8949 -0.779096 -9.8844 12.4959 2.13637e-14 -2.30104e-15 -1.44923e-14 
7.21934 79.1673 43.7482 9.21209 -22.3455 45.2441 0 5.07867 -1.15138 -2.92404 3.10836 -0.709857 0 5.61661 1.07143 -1.95067 2.62063 -0.636829 -1.02604e-17 5.98978 0.11501 -1.51779 1.63499 -0.711076 -1.10457e-17 6.50583 -0.443523 -0.898594 -1.62496 -0.725059 -1.97295e-17 7.60548 -1.50593 -0.566056 -0.959596 -0.527569 -2.53307e-17 9.49737 -0.914492 -0.346038 -2.13154 -0.672128 -2.90401e-17 10.5513 1.57691 -0.075272 1.34698 0.239264 -1.29193e-17 4.78644 0.715339 -0.575979 0.908469 -13.3203 -1.8116e-17 4.82109 0.421791 -1.34248 -4.0397 -5.95363 -2.00958e-17 4.83041 0.765062 -3.62349 -9.62358 -8.33973 1.23299 -7.60731 7.53374 25.4871 6.76009 6.43599 12.9547 3.2495 -3.26872 -97.8697 20.5436 30.5185 29.2081 0.0598081 0.137039 6.57494 -1.94046 -33.4474 24.234 0.0496219 0.113701 10.7824 -63.0521 13.823 -1.23299 -7.60729 7.53365 -17.5804 8.26075 -5.21297 -12.9547 3.2495 -3.26872 113.931 21.5246 -41.0538 -29.2081 0.0598081 0.137039 -4.43431 -0.832936 21.8606 -24.234 0.0496218 0.113702 -48.2654 -79.3211 -53.1433 9.23673 -4.20556 2.0327 -2.54822 15.4921 -42.8346 -0.852353 -38.7721 -0.655187 -6.38237 22.8183 0.884784 -2.32622 -40.4017 -6.04875 20.2747 -44.9598 22.9609 0.779096 -9.8844 12.4959 6.78353e-15 -5.09386e-16 -2.73329e-16 -9.23673 -4.20556 2.0327 -36.2995 -64.6106 -2.34195 0.852353 -38.7721 -0.655187 11.23 36.6491 -3.06282 2.32622 -40.4017 -6.04875 17.3651 -17.2264 -10.2195 -0.779096 -9.8844 12.4959 4.35405e-15 -1.36074e-15 -1.35547e-14 
6.57956 78.515 43.238 8.59106 -20.9712 44.5018 0 5.07867 -1.15138 -3.16245 2.73358 -0.809937 0 5.61661 1.07143 -2.12668 2.32815 -0.785169 -1.02604e-17 5.98978 0.11501 -1.64606 1.32664 -0.853032 -1.10457e-17 6.50583 -0.443523 -0.967723 -1.85495 -0.883489 -1.97295e-17 7.60548 -1.50593 -0.610965 -1.05852 -0.681378 -2.53307e-17 9.49737 -0.914492 -0.408035 -2.29973 -0.906098 -2.90401e-17 10.5513 1.57691 -0.0442228 1.33059 0.187622 -1.29193e-17 4.78644 0.715339 -0.447899 0.958155 -12.1556 -1.8116e-17 4.82109 0.421791 -1.58979 -4.34114 -5.51124 -2.00958e-17 4.83041 0.765062 -3.55603 -9.83161 -8.69729 1.23299 -7.60731 7.53374 26.5829 7.21929 6.42501 12.9547 3.2495 -3.26872 -100.428 22.9354 30.185 29.2081 0.0598081 0.137039 5.95284 -1.56083 -29.9538 24.234 0.0496219 0.113701 16.5578 -70.6173 20.3067 -1.23299 -7.60729 7.53365 -16.8901 7.9282 -4.91975 -12.9547 3.2495 -3.26872 109.584 19.1186 -37.7852 -29.2081 0.0598081 0.137039 -4.30871 -0.784115 21.2128 -24.234 0.0496218 0.113702 -30.181 -75.092 -35.1361 9.23673 -4.20556 2.0327 -3.80389 12.9979 -43.8178 -0.852353 -38.7721 -0.655187 -6.78365 24.1058 1.02198 -2.32622 -40.4017 -6.04875 21.452 -46.2784 23.7591 0.779096 -9.8844 12.4959 6.47403e-15 -5.22282e-16 -2.60433e-16 -9.23673 -4.20556 2.0327 -34.2387 -64.0678 -0.824993 0.852353 -38.7721 -0.655187 10.9744 36.0151 -2.92261 2.32622 -40.4017 -6.04875 18.0454 -17.8132 -9.60874 -0.779096 -9.8844 12.4959 -1.00242e-14 4.52939e-17 -1.21238e-14 
6.02895 78.6024 42.6944 9.33141 -22.022 44.0689 0 5.07867 -1.15138 -3.25507 2.70092 -0.866618 0 5.61661 1.07143 -2.17559 2.33554 -0.874908 -1.02604e-17 5.98978 0.11501 -1.68274 1.35259 -0.953471 -1.10457e-17 6.50583 -0.443523 -0.979482 -1.81105 -1.00153 -1.97295e-17 7.60548 -1.50593 -0.631331 -0.981565 -0.802233 -2.53307e-17 9.49737 -0.914492 -0.472129 -2.26291 -1.06889 -2.90401e-17 10.5513 1.57691 -0.0375097 1.33107 0.140976 -1.29193e-17 4.78644 0.715339 -0.27574 1.77146 -11.5878 -1.8116e-17 4.82109 0.421791 -1.88701 -4.5979 -5.34087 -2.00958e-17 4.83041 0.765062 -3.01329 -9.34131 -8.12734 1.23299 -7.60731 7.53374 27.1176 7.46162 6.51541 12.9547 3.2495 -3.26872 -103.497 24.4433 29.9151 29.2081 0.0598081 0.137039 5.53804 -1.33546 -27.6889 24.234 0.0496219 0.113701 30.8701 -75.2171 34.6381 -1.23299 -7.60729 7.53365 -16.4159 7.42641 -4.78745 -12.9547 3.2495 -3.26872 106.202 16.1762 -34.3598 -29.2081 0.0598081 0.137039 -4.31564 -0.786762 21.2484 -24.234 0.0496218 0.113702 -23.6691 -69.1377 -27.9348 9.23673 -4.20556 2.0327 -4.55034 12.801 -44.8216 -0.852353 -38.7721 -0.655187 -7.41763 26.0897 1.25611 -2.32622 -40.4017 -6.04875 20.9994 -45.1859 23.3356 0.779096 -9.8844 12.4959 5.48765e-15 -5.62306e-16 -2.20409e-16 -9.23673 -4.20556 2.0327 -29.4121 -61.6815 2.08346 0.852353 -38.7721 -0.655187 11.056 36.2186 -2.96708 2.32622 -40.4017 -6.04875 18.5788 -17.4727 -9.11578 -0.779096 -9.8844 12.4959 -8.07404e-15 3.45277e-16 -1.18119e-14 
5.71457 79.2062 42.2002 11.7977 -22.9873 45.5125 0 5.07867 -1.15138 -3.75231 2.47852 -0.856002 0 5.61661 1.07143 -2.59639 2.31923 -0.974559 -1.02604e-17 5.98978 0.11501 -2.02988 1.60203 -1.07977 -1.10457e-17 6.50583 -0.443523 -1.23041 -1.08283 -1.13697 -1.97295e-17 7.60548 -1.50593 -0.816213 -0.304469 -0.906001 -2.53307e-17 9.49737 -0.914492 -0.580605 -1.37816 -1.16472 -2.90401e-17 10.5513 1.57691 -0.0381546 1.32289 0.067215 -1.29193e-17 4.78644 0.715339 0.110532 3.50801 -11.1685 -1.8116e-17 4.82109 0.421791 -1.83256 -5.1465 -5.17361 -2.00958e-17 4.83041 0.765062 -2.47857 -9.64781 -8.91015 1.23299 -7.60731 7.53374 24.6144 6.74094 6.63959 12.9547 3.2495 -3.26872 -102.313 25.1994 28.0892 29.2081 0.0598081 0.137039 5.02522 -1.08515 -24.949 24.234 0.0496219 0.113701 40.3973 -77.2091 43.8527 -1.23299 -7.60729 7.53365 -15.1602 6.45986 -4.61513 -12.9547 3.2495 -3.26872 104.124 15.3165 -31.2099 -29.2081 0.0598081 0.137039 -4.23571 -0.756486 20.8375 -24.234 0.0496218 0.113702 -20.6354 -66.4409 -23.465 9.23673 -4.20556 2.0327 -6.56516 13.1885 -45.9149 -0.852353 -38.7721 -0.655187 -8.37717 28.971 1.64911 -2.32622 -40.4017 -6.04875 18.7089 -41.9238 21.8367 0.779096 -9.8844 12.4959 3.85209e-15 -6.29537e-16 -1.53178e-16 -9.23673 -4.20556 2.0327 -28.4079 -58.6506 1.68388 0.852353 -38.7721 -0.655187 12.0602 38.6368 -3.53463 2.32622 -40.4017 -6.04875 16.8708 -16.5793 -9.52326 -0.779096 -9.8844 12.4959 -7.14615e-16 -5.61362e-16 -1.27369e-14 
5.29245 79.9231 41.9065 12.4464 -22.3032 43.8314 0 5.07867 -1.15138 -4.30595 1.50167 -0.67612 0 5.61661 1.07143 -3.1151 1.70754 -0.924296 -1.02604e-17 5.98978 0.11501 -2.45033 1.45582 -1.03154 -1.10457e-17 6.50583 -0.443523 -1.53253 -0.294643 -1.09363 -1.97295e-17 7.60548 -1.50593 -0.994735 0.64849 -0.823275 -2.53307e-17 9.49737 -0.914492 -0.60648 -0.11166 -1.08869 -2.90401e-17 10.5513 1.57691 -0.0392083 1.24144 -0.0195558 -1.29193e-17 4.78644 0.715339 0.465101 5.34543 -11.2382 -1.8116e-17 4.82109 0.421791 -1.36545 -5.7758 -5.24943 -2.00958e-17 4.83041 0.765062 -1.53251 -11.1748 -8.00747 1.23299 -7.60731 7.53374 22.2553 5.60931 6.97551 12.9547 3.2495 -3.26872 -99.8599 24.6371 25.52 29.2081 0.0598081 0.137039 4.43222 -0.83221 -21.8511 24.234 0.0496219 0.113701 35.9356 -78.9776 39.389 -1.23299 -7.60729 7.53365 -13.9169 5.15478 -5.16994 -12.9547 3.2495 -3.26872 101.757 13.2881 -26.7507 -29.2081 0.0598081 0.137039 -4.13331 -0.718654 20.3126 -24.234 0.0496218 0.113702 -15.1383 -60.1898 -16.1002 9.23673 -4.20556 2.0327 -8.35212 12.2222 -45.0322 -0.852353 -38.7721 -0.655187 -8.66107 29.7948 1.77391 -2.32622 -40.4017 -6.04875 17.0745 -38.89 20.8204 0.779096 -9.8844 12.4959 3.31315e-15 -4.50189e-16 -3.38973e-16 -9.23673 -4.20556 2.0327 -26.533 -59.1972 2.30662 0.852353 -38.7721 -0.655187 13.5608 41.9626 -4.4463 2.32622 -40.4017 -6.04875 15.8493 -13.4728 -10.2571 -0.779096 -9.8844 12.4959 -1.77398e-15 -5.13081e-16 -1.26919e-14 
4.81474 80.8052 41.4795 12.0715 -22.63 40.6746 0 5.07867 -1.15138 -4.4069 0.568292 -0.532533 0 5.61661 1.07143 -3.27665 1.07289 -0.874476 -1.02604e-17 5.98978 0.11501 -2.59568 1.25713 -0.971403 -1.10457e-17 6.50583 -0.443523 -1.65394 0.372437 -1.04094 -1.97295e-17 7.60548 -1.50593 -1.08078 1.47812 -0.770066 -2.53307e-17 9.49737 -0.914492 -0.638043 1.0341 -1.0136 -2.90401e-17 10.5513 1.57691 -0.0503525 1.13368 -0.0824758 -1.29193e-17 4.78644 0.715339 0.505598 6.09305 -10.5005 -1.8116e-17 4.82109 0.421791 -1.21521 -5.99885 -4.99499 -2.00958e-17 4.83041 0.765062 -0.574829 -11.4345 -6.98215 1.23299 -7.60731 7.53374 18.8345 4.51083 6.73622 12.9547 3.2495 -3.26872 -96.6609 23.0223 23.4968 29.2081 0.0598081 0.137039 4.22589 -0.752924 -20.7884 24.234 0.0496219 0.113701 29.6061 -79.3572 32.9648 -1.23299 -7.60729 7.53365 -12.2786 3.83757 -5.20853 -12.9547 3.2495 -3.26872 98.0869 10.7177 -22.4506 -29.2081 0.0598081 0.137039 -4.43171 -0.831906 21.8471 -24.234 0.0496218 0.113702 -11.6672 -51.4852 -12.7659 9.23673 -4.20556 2.0327 -8.54231 11.7561 -42.8163 -0.852353 -38.7721 -0.655187 -8.53543 29.4318 1.71821 -2.32622 -40.4017 -6.04875 16.4953 -35.7101 20.1871 0.779096 -9.8844 12.4959 8.99642e-15 1.69941e-16 -9.71056e-16 -9.23673 -4.20556 2.0327 -21.2917 -59.6066 5.72996 0.852353 -38.7721 -0.655187 15.27 45.3591 -5.56592 2.32622 -40.4017 -6.04875 16.0796 -8.32179 -11.0846 -0.779096 -9.8844 12.4959 6.41596e-16 -6.13887e-16 -1.27986e-14 
4.40806 81.6223 40.8102 10.9471 -22.2644 37.9778 0 5.07867 -1.15138 -4.14945 -0.575267 -0.49965 0 5.61661 1.07143 -3.13759 0.230133 -0.841869 -1.02604e-17 5.98978 0.11501 -2.50719 0.857098 -0.915923 -1.10457e-17 6.50583 -0.443523 -1.61032 0.930972 -0.982914 -1.97295e-17 7.60548 -1.50593 -1.07567 2.30109 -0.733251 -2.53307e-17 9.49737 -0.914492 -0.664588 2.09297 -0.938093 -2.90401e-17 10.5513 1.57691 -0.0474637 0.987799 -0.103151 -1.29193e-17 4.78644 0.715339 0.371169 6.37868 -9.95884 -1.8116e-17 4.82109 0.421791 -1.428 -5.89545 -4.83659 -2.00958e-17 4.83041 0.765062 -0.266563 -11.6381 -6.44874 1.23299 -7.60731 7.53374 16.5562 3.50651 6.26702 12.9547 3.2495 -3.26872 -95.0584 22.6124 20.8492 29.2081 0.0598081 0.137039 4.20532 -0.745263 -20.6829 24.234 0.0496219 0.113701 22.8528 -78.9176 26.0395 -1.23299 -7.60729 7.53365 -11.0894 2.6626 -4.71204 -12.9547 3.2495 -3.26872 94.4293 8.54331 -18.9256 -29.2081 0.0598081 0.137039 -4.83328 -0.999021 23.9374 -24.234 0.0496218 0.113702 -8.84825 -44.0064 -10.6782 9.23673 -4.20556 2.0327 -8.39151 10.166 -40.5567 -0.852353 -38.7721 -0.655187 -8.44161 29.1591 1.67711 -2.32622 -40.4017 -6.04875 15.9828 -32.8616 19.6673 0.779096 -9.8844 12.4959 -5.33804e-16 -8.24549e-16 4.18347e-17 -9.23673 -4.20556 2.0327 -17.1582 -59.5082 8.31167 0.852353 -38.7721 -0.655187 17.1264 48.6215 -6.86498 2.32622 -40.4017 -6.04875 15.8956 -3.02888 -12.2739 -0.779096 -9.8844 12.4959 1.80174e-15 -6.67128e-16 -1.28459e-14 
4.10082 82.4569 39.8989 10.3244 -21.8178 35.8782 0 5.07867 -1.15138 -3.85182 -1.32823 -0.492008 0 5.61661 1.07143 -2.94572 -0.386013 -0.798192 -1.02604e-17 5.98978 0.11501 -2.37387 0.501808 -0.847115 -1.10457e-17 6.50583 -0.443523 -1.53182 1.16437 -0.909078 -1.97295e-17 7.60548 -1.50593 -1.0332 2.72137 -0.676367 -2.53307e-17 9.49737 -0.914492 -0.649091 2.60207 -0.852948 -2.90401e-17 10.5513 1.57691 -0.0428316 0.883757 -0.0809289 -1.29193e-17 4.78644 0.715339 0.0868477 6.0978 -9.32236 -1.8116e-17 4.82109 0.421791 -1.76135 -5.68044 -4.62403 -2.00958e-17 4.83041 0.765062 -0.62412 -10.8803 -6.33035 1.23299 -7.60731 7.53374 16.1761 3.00128 5.73312 12.9547 3.2495 -3.26872 -94.553 23.6143 17.6589 29.2081 0.0598081 0.137039 4.45441 -0.841009 -21.9658 24.234 0.0496219 0.113701 20.9914 -78.4424 24.9201 -1.23299 -7.60729 7.53365 -9.77513 1.98879 -3.71921 -12.9547 3.2495 -3.26872 90.7272 6.03998 -15.7127 -29.2081 0.0598081 0.137039 -5.07233 -1.1068 25.197 -24.234 0.0496218 0.113702 -6.59446 -36.2961 -8.61998 9.23673 -4.20556 2.0327 -8.46432 9.01152 -38.7578 -0.852353 -38.7721 -0.655187 -8.11811 28.2077 1.53857 -2.32622 -40.4017 -6.04875 14.9798 -29.9764 19.0144 0.779096 -9.8844 12.4959 2.3071e-15 -6.9897e-16 -8.37445e-17 -9.23673 -4.20556 2.0327 -14.0133 -57.5932 10.6955 0.852353 -38.7721 -0.655187 18.9653 51.4666 -8.22309 2.32622 -40.4017 -6.04875 16.2388 1.25159 -13.2565 -0.779096 -9.8844 12.4959 -3.83483e-15 -4.21079e-16 -1.26091e-14 
3.96027 83.3471 38.8282 10.3043 -21.6208 34.7966 0 5.07867 -1.15138 -3.69792 -2.01653 -0.467733 0 5.61661 1.07143 -2.85798 -0.907583 -0.788153 -1.02604e-17 5.98978 0.11501 -2.31763 0.283021 -0.836271 -1.10457e-17 6.50583 -0.443523 -1.50357 1.52053 -0.891218 -1.97295e-17 7.60548 -1.50593 -1.01747 3.21967 -0.668183 -2.53307e-17 9.49737 -0.914492 -0.632525 3.25962 -0.802052 -2.90401e-17 10.5513 1.57691 -0.0420774 0.83246 -0.0519768 -1.29193e-17 4.78644 0.715339 -0.143929 5.57828 -8.73829 -1.8116e-17 4.82109 0.421791 -2.06696 -5.53396 -4.40757 -2.00958e-17 4.83041 0.765062 -0.886147 -10.3135 -6.21975 1.23299 -7.60731 7.53374 14.38 2.37952 5.10811 12.9547 3.2495 -3.26872 -93.7128 24.6396 14.0648 29.2081 0.0598081 0.137039 4.75061 -0.963316 -23.5059 24.234 0.0496219 0.113701 21.7444 -77.9855 24.4077 -1.23299 -7.60729 7.53365 -8.05143 1.33612 -2.56391 -12.9547 3.2495 -3.26872 87.4104 2.95224 -11.9495 -29.2081 0.0598081 0.137039 -5.05205 -1.09741 25.0896 -24.234 0.0496218 0.113702 -5.21081 -27.319 -6.42222 9.23673 -4.20556 2.0327 -8.65779 8.73586 -37.7875 -0.852353 -38.7721 -0.655187 -7.55249 26.5036 1.30859 -2.32622 -40.4017 -6.04875 13.3717 -27.0243 18.2372 0.779096 -9.8844 12.4959 1.90953e-15 -7.14618e-16 -6.80966e-17 -9.23673 -4.20556 2.0327 -12.145 -53.9522 12.2905 0.852353 -38.7721 -0.655187 21.3622 54.6786 -10.0807 2.32622 -40.4017 -6.04875 15.506 3.80329 -14.159 -0.779096 -9.8844 12.4959 -4.93191e-16 -5.6553e-16 -1.27503e-14 
3.91417 84.1578 37.6911 10.215 -20.8883 34.6748 0 5.07867 -1.15138 -3.59543 -1.72913 -0.473909 0 5.61661 1.07143 -2.79874 -0.912954 -0.674936 -1.02604e-17 5.98978 0.11501 -2.32467 -0.0028611 -0.687912 -1.10457e-17 6.50583 -0.443523 -1.51719 0.996789 -0.749386 -1.97295e-17 7.60548 -1.50593 -1.01976 2.5433 -0.53282 -2.53307e-17 9.49737 -0.914492 -0.571898 1.9757 -0.577384 -2.90401e-17 10.5513 1.57691 0.0444418 0.782056 -0.0217335 -1.29193e-17 4.78644 0.715339 0.127017 6.71551 -8.80673 -1.8116e-17 4.82109 0.421791 -2.30468 -5.03981 -4.52615 -2.00958e-17 4.83041 0.765062 -1.76531 -9.97187 -6.57653 1.23299 -7.60731 7.53374 20.6614 2.51691 3.71082 12.9547 3.2495 -3.26872 -94.0023 29.2798 9.44209 29.2081 0.0598081 0.137039 5.19199 -1.16324 -25.8334 24.234 0.0496219 0.113701 17.8629 -81.212 23.7811 -1.23299 -7.60729 7.53365 -14.7291 0.981008 -1.58086 -12.9547 3.2495 -3.26872 85.9812 3.86468 -10.3849 -29.2081 0.0598081 0.137039 -5.08158 -1.11111 25.2459 -24.234 0.0496218 0.113702 0.844799 -23.4516 -4.95477 9.23673 -4.20556 2.0327 -9.27209 7.3679 -37.0932 -0.852353 -38.7721 -0.655187 -7.39657 26.0248 1.248 -2.32622 -40.4017 -6.04875 11.6753 -23.5905 17.5688 0.779096 -9.8844 12.4959 2.02778e-15 -7.13675e-16 -6.90391e-17 -9.23673 -4.20556 2.0327 -13.2924 -49.4974 10.1079 0.852353 -38.7721 -0.655187 24.6008 58.283 -12.7144 2.32622 -40.4017 -6.04875 14.5723 2.98526 -14.656 -0.779096 -9.8844 12.4959 -9.56221e-17 -5.87154e-16 -1.27627e-14 
3.84548 84.9137 36.4827 10.1278 -19.9423 35.1284 0 5.07867 -1.15138 -3.53741 1.68946 -0.584464 0 5.61661 1.07143 -2.7424 0.986617 -0.448818 -1.02604e-17 5.98978 0.11501 -2.42263 -0.007296 -0.383095 -1.10457e-17 6.50583 -0.443523 -1.60925 -1.80608 -0.498871 -1.97295e-17 7.60548 -1.50593 -1.08166 -1.34679 -0.314992 -2.53307e-17 9.49737 -0.914492 -0.492444 -4.21688 -0.142715 -2.90401e-17 10.5513 1.57691 0.255793 0.809269 -0.0104727 -1.29193e-17 4.78644 0.715339 1.33393 10.2853 -8.97134 -1.8116e-17 4.82109 0.421791 -2.80688 -4.21593 -4.71984 -2.00958e-17 4.83041 0.765062 -3.54308 -7.56938 -8.07401 1.23299 -7.60731 7.53374 42.7305 3.69406 -0.508022 12.9547 3.2495 -3.26872 -97.0424 45.3842 4.10749 29.2081 0.0598081 0.137039 6.51811 -1.90356 -33.1228 24.234 0.0496219 0.113701 158.148 -81.6659 173.864 -1.23299 -7.60729 7.53365 -38.6809 1.55035 -0.126793 -12.9547 3.2495 -3.26872 91.078 15.5176 -14.8816 -29.2081 0.0598081 0.137039 -5.24404 -1.1882 26.1092 -24.234 0.0496218 0.113702 16.2901 -32.6695 -0.72992 9.23673 -4.20556 2.0327 -10.3512 5.0458 -37.0292 -0.852353 -38.7721 -0.655187 -7.73354 27.0546 1.38048 -2.32622 -40.4017 -6.04875 10.9705 -18.8511 17.0741 0.779096 -9.8844 12.4959 2.99908e-15 -6.68146e-16 -1.14569e-16 -9.23673 -4.20556 2.0327 -16.2517 -44.3544 5.08328 0.852353 -38.7721 -0.655187 28.6657 61.8769 -16.1701 2.32622 -40.4017 -6.04875 15.1978 1.03235 -14.8158 -0.779096 -9.8844 12.4959 9.56221e-17 -5.9313e-16 -1.27687e-14 
3.66203 85.7384 35.2792 10.0027 -19.153 35.4814 0 5.07867 -1.15138 -3.68831 1.97002 -0.512717 0 5.61661 1.07143 -2.81296 1.17726 -0.319848 -1.02604e-17 5.98978 0.11501 -2.45259 0.246366 -0.266481 -1.10457e-17 6.50583 -0.443523 -1.62549 -1.69812 -0.338677 -1.97295e-17 7.60548 -1.50593 -1.01105 -1.19913 -0.178419 -2.53307e-17 9.49737 -0.914492 -0.349282 -3.94179 0.0591378 -2.90401e-17 10.5513 1.57691 0.224803 0.806919 0.0996063 -1.29193e-17 4.78644 0.715339 1.27002 9.39419 -10.3536 -1.8116e-17 4.82109 0.421791 -2.88709 -6.05666 -5.47212 -2.00958e-17 4.83041 0.765062 -2.79115 -6.52653 -6.77513 1.23299 -7.60731 7.53374 45.1038 2.3968 -1.57096 12.9547 3.2495 -3.26872 -92.7803 52.8686 -7.09346 29.2081 0.0598081 0.137039 7.90902 -2.95062 -41.4599 24.234 0.0496219 0.113701 138.574 -73.3375 148.618 -1.23299 -7.60729 7.53365 -39.1281 1.44644 1.63219 -12.9547 3.2495 -3.26872 93.3241 16.0146 -16.2657 -29.2081 0.0598081 0.137039 -5.4831 -1.30713 27.3909 -24.234 0.0496218 0.113702 11.9458 -31.665 3.90287 9.23673 -4.20556 2.0327 -10.5629 4.47207 -38.5179 -0.852353 -38.7721 -0.655187 -7.04623 24.9351 1.11641 -2.32622 -40.4017 -6.04875 8.83233 -16.0275 16.3759 0.779096 -9.8844 12.4959 1.68813e-15 -7.24761e-16 -5.79538e-17 -9.23673 -4.20556 2.0327 -17.3515 -38.6227 2.2517 0.852353 -38.7721 -0.655187 32.9913 64.8559 -19.9785 2.32622 -40.4017 -6.04875 13.5895 -1.51031 -15.0534 -0.779096 -9.8844 12.4959 -1.98785e-16 -5.8393e-16 -1.27595e-14 
3.34162 86.5645 34.1316 9.69143 -18.3079 35.0805 0 5.07867 -1.15138 -4.33446 -1.17683 -0.145305 0 5.61661 1.07143 -3.38837 -0.94903 -0.0474848 -1.02604e-17 5.98978 0.11501 -2.86458 -0.176382 0.0423211 -1.10457e-17 6.50583 -0.443523 -1.8957 0.700809 0.0119122 -1.97295e-17 7.60548 -1.50593 -1.09717 2.1082 0.229104 -2.53307e-17 9.49737 -0.914492 -0.214727 0.635264 0.446339 -2.90401e-17 10.5513 1.57691 0.273968 0.505232 0.12152 -1.29193e-17 4.78644 0.715339 1.10549 10.1107 -10.6211 -1.8116e-17 4.82109 0.421791 -1.52341 -7.26398 -5.62915 -2.00958e-17 4.83041 0.765062 -0.477504 -10.2129 -7.37308 1.23299 -7.60731 7.53374 40.8821 0.437907 -0.500887 12.9547 3.2495 -3.26872 -85.4772 51.0034 -17.9539 29.2081 0.0598081 0.137039 8.32561 -3.33194 -44.1577 24.234 0.0496219 0.113701 104.877 -73.9122 109.658 -1.23299 -7.60729 7.53365 -33.2007 -0.763632 1.4365 -12.9547 3.2495 -3.26872 84.6569 11.8065 -12.2462 -29.2081 0.0598081 0.137039 -6.53378 -1.91366 33.2108 -24.234 0.0496218 0.113702 10.1219 -30.4491 -1.19999 9.23673 -4.20556 2.0327 -10.8467 2.29675 -37.8392 -0.852353 -38.7721 -0.655187 -7.06177 24.9838 1.12211 -2.32622 -40.4017 -6.04875 2.78472 -13.6149 15.4205 0.779096 -9.8844 12.4959 6.58904e-16 -7.65653e-16 -1.70617e-17 -9.23673 -4.20556 2.0327 -17.5832 -32.2206 0.0803808 0.852353 -38.7721 -0.655187 35.994 66.5367 -22.6803 2.32622 -40.4017 -6.04875 10.8099 -5.58501 -15.2848 -0.779096 -9.8844 12.4959 -4.0511e-16 -5.74258e-16 -1.27498e-14 
2.9637 87.3664 33.0647 9.30641 -17.4397 33.9792 0 5.07867 -1.15138 -4.26798 -2.55142 0.263509 0 5.61661 1.07143 -3.44088 -1.90488 0.20599 -1.02604e-17 5.98978 0.11501 -2.90111 -0.481046 0.289857 -1.10457e-17 6.50583 -0.443523 -2.01741 1.3817 0.28464 -1.97295e-17 7.60548 -1.50593 -1.18401 3.03244 0.535789 -2.53307e-17 9.49737 -0.914492 -0.211555 2.27522 0.805596 -2.90401e-17 10.5513 1.57691 0.222818 0.604979 0.160248 -1.29193e-17 4.78644 0.715339 0.971689 10.1926 -11.0495 -1.8116e-17 4.82109 0.421791 -1.64622 -7.03422 -5.73512 -2.00958e-17 4.83041 0.765062 1.24372 -11.631 -7.35765 1.23299 -7.60731 7.53374 32.121 -0.127554 0.495874 12.9547 3.2495 -3.26872 -78.0518 45.5654 -22.991 29.2081 0.0598081 0.137039 8.01324 -3.04269 -42.1244 24.234 0.0496219 0.113701 47.4516 -72.332 51.1047 -1.23299 -7.60729 7.53365 -25.4055 -0.89569 1.29431 -12.9547 3.2495 -3.26872 77.997 5.92668 -8.85799 -29.2081 0.0598081 0.137039 -6.42039 -1.84119 32.5661 -24.234 0.0496218 0.113702 7.10485 -24.1447 -0.0878263 9.23673 -4.20556 2.0327 -11.3663 0.90445 -37.6528 -0.852353 -38.7721 -0.655187 -6.68967 23.8065 0.989071 -2.32622 -40.4017 -6.04875 3.75836 -9.70981 15.5693 0.779096 -9.8844 12.4959 1.84921e-15 -7.20198e-16 -6.25164e-17 -9.23673 -4.20556 2.0327 -15.8395 -26.7351 0.30686 0.852353 -38.7721 -0.655187 37.5218 67.2932 -24.0695 2.32622 -40.4017 -6.04875 8.62063 -5.37507 -15.458 -0.779096 -9.8844 12.4959 -1.50974e-15 -5.24091e-16 -1.26997e-14 
2.48414 88.0616 32.0036 9.1554 -16.5522 32.7716 0 5.07867 -1.15138 -4.23776 -2.95166 0.446388 0 5.61661 1.07143 -3.49164 -2.18429 0.288315 -1.02604e-17 5.98978 0.11501 -2.9074 -0.687494 0.389773 -1.10457e-17 6.50583 -0.443523 -2.05778 1.27807 0.419759 -1.97295e-17 7.60548 -1.50593 -1.16401 2.80765 0.6697 -2.53307e-17 9.49737 -0.914492 -0.126152 2.29181 0.935518 -2.90401e-17 10.5513 1.57691 0.166712 0.771229 0.205371 -1.29193e-17 4.78644 0.715339 0.78812 9.44716 -10.6863 -1.8116e-17 4.82109 0.421791 -1.06823 -6.28582 -5.49279 -2.00958e-17 4.83041 0.765062 1.05264 -11.2207 -7.52547 1.23299 -7.60731 7.53374 26.8926 -0.621868 1.4348 12.9547 3.2495 -3.26872 -73.1203 38.2398 -26.9688 29.2081 0.0598081 0.137039 7.43099 -2.55452 -38.4918 24.234 0.0496219 0.113701 13.6147 -58.6888 18.7305 -1.23299 -7.60729 7.53365 -21.4285 -0.685429 1.10173 -12.9547 3.2495 -3.26872 71.4054 2.32831 -6.12227 -29.2081 0.0598081 0.137039 -6.3582 -1.8022 32.2143 -24.234 0.0496218 0.113702 7.44929 -20.6804 1.96365 9.23673 -4.20556 2.0327 -11.6754 -0.608767 -36.0245 -0.852353 -38.7721 -0.655187 -6.33721 22.6719 0.869889 -2.32622 -40.4017 -6.04875 3.63559 -5.95658 15.4126 0.779096 -9.8844 12.4959 -2.84622e-15 -9.18908e-16 1.36193e-16 -9.23673 -4.20556 2.0327 -14.1415 -20.4914 -0.236519 0.852353 -38.7721 -0.655187 35.6325 66.3486 -22.3529 2.32622 -40.4017 -6.04875 6.20745 -5.02172 -15.5305 -0.779096 -9.8844 12.4959 -2.25963e-15 -4.91928e-16 -1.26675e-14 
1.94503 88.596 30.9345 9.02835 -15.6023 31.4825 0 5.07867 -1.15138 -4.21891 -3.0292 0.641409 0 5.61661 1.07143 -3.53076 -2.36644 0.495047 -1.02604e-17 5.98978 0.11501 -2.9308 -1.00562 0.641507 -1.10457e-17 6.50583 -0.443523 -2.10786 0.767408 0.694492 -1.97295e-17 7.60548 -1.50593 -1.13227 2.03791 0.918042 -2.53307e-17 9.49737 -0.914492 0.0163794 1.32965 1.20117 -2.90401e-17 10.5513 1.57691 0.199534 0.901824 0.224402 -1.29193e-17 4.78644 0.715339 1.38967 11.4225 -10.5097 -1.8116e-17 4.82109 0.421791 -0.458656 -6.27931 -5.36415 -2.00958e-17 4.83041 0.765062 0.148619 -11.3462 -8.30301 1.23299 -7.60731 7.53374 28.5459 -1.5053 2.32519 12.9547 3.2495 -3.26872 -61.9924 36.2439 -39.1015 29.2081 0.0598081 0.137039 6.62851 -1.97562 -33.7544 24.234 0.0496219 0.113701 3.37583 -50.958 10.578 -1.23299 -7.60729 7.53365 -24.2596 -0.774283 0.349225 -12.9547 3.2495 -3.26872 66.4414 2.59613 -4.01311 -29.2081 0.0598081 0.137039 -6.07425 -1.63083 30.6244 -24.234 0.0496218 0.113702 11.2061 -22.1763 4.91933 9.23673 -4.20556 2.0327 -11.9719 -2.25518 -34.6508 -0.852353 -38.7721 -0.655187 -6.06712 21.7901 0.783154 -2.32622 -40.4017 -6.04875 3.72443 -2.23528 15.1308 0.779096 -9.8844 12.4959 -1.55035e-15 -8.62764e-16 8.00496e-17 -9.23673 -4.20556 2.0327 -12.5493 -14.2099 -1.56352 0.852353 -38.7721 -0.655187 31.3604 63.8187 -18.5295 2.32622 -40.4017 -6.04875 5.28435 -3.60062 -15.5749 -0.779096 -9.8844 12.4959 -3.01946e-16 -5.77482e-16 -1.27563e-14 
1.40274 89.0257 29.8709 9.24755 -14.9585 30.4846 0 5.07867 -1.15138 -4.14898 -3.46784 0.708863 0 5.61661 1.07143 -3.48417 -2.51875 0.433046 -1.02604e-17 5.98978 0.11501 -2.86478 -0.843662 0.534404 -1.10457e-17 6.50583 -0.443523 -2.09271 1.36622 0.600334 -1.97295e-17 7.60548 -1.50593 -1.14455 2.73697 0.818434 -2.53307e-17 9.49737 -0.914492 -0.0600916 2.49768 1.14351 -2.90401e-17 10.5513 1.57691 0.107989 0.921977 0.196979 -1.29193e-17 4.78644 0.715339 1.00275 9.28106 -10.0592 -1.8116e-17 4.82109 0.421791 -0.37207 -7.25355 -5.17787 -2.00958e-17 4.83041 0.765062 0.564157 -10.507 -7.64337 1.23299 -7.60731 7.53374 21.2033 -2.59377 2.22388 12.9547 3.2495 -3.26872 -59.1755 30.5151 -41.7445 29.2081 0.0598081 0.137039 6.36687 -1.80768 -32.2648 24.234 0.0496219 0.113701 3.75014 -30.8872 6.39635 -1.23299 -7.60729 7.53365 -20.7161 -1.42524 0.174291 -12.9547 3.2495 -3.26872 63.5971 1.13858 -1.99113 -29.2081 0.0598081 0.137039 -6.52383 -1.90721 33.1539 -24.234 0.0496218 0.113702 6.94526 -20.2428 6.62208 9.23673 -4.20556 2.0327 -12.2494 -2.86036 -34.0631 -0.852353 -38.7721 -0.655187 -5.50093 19.9077 0.614586 -2.32622 -40.4017 -6.04875 3.76524 0.667228 14.8486 0.779096 -9.8844 12.4959 -2.69563e-16 -8.04339e-16 2.16244e-17 -9.23673 -4.20556 2.0327 -10.6865 -7.81518 -2.62877 0.852353 -38.7721 -0.655187 25.9047 59.5355 -13.8071 2.32622 -40.4017 -6.04875 3.91799 -1.21333 -15.4558 -0.779096 -9.8844 12.4959 -5.96354e-16 -5.59082e-16 -1.27471e-14 
0.88632 89.3321 28.8983 9.66075 -14.8723 29.5166 0 5.07867 -1.15138 -4.01177 -4.37559 0.781399 0 5.61661 1.07143 -3.3939 -3.02619 0.439075 -1.02604e-17 5.98978 0.11501 -2.77473 -0.810115 0.518585 -1.10457e-17 6.50583 -0.443523 -2.0441 2.28771 0.587075 -1.97295e-17 7.60548 -1.50593 -1.15216 4.05699 0.813957 -2.53307e-17 9.49737 -0.914492 -0.132046 4.33364 1.11366 -2.90401e-17 10.5513 1.57691 0.0464248 0.828719 0.157142 -1.29193e-17 4.78644 0.715339 0.492651 7.74247 -8.94448 -1.8116e-17 4.82109 0.421791 0.485841 -7.89065 -4.66597 -2.00958e-17 4.83041 0.765062 0.334641 -10.5334 -8.07671 1.23299 -7.60731 7.53374 15.6074 -3.83096 2.47008 12.9547 3.2495 -3.26872 -61.0372 21.7231 -39.1509 29.2081 0.0598081 0.137039 6.60798 -1.96211 -33.6367 24.234 0.0496219 0.113701 1.92286 -10.6237 0.936067 -1.23299 -7.60729 7.53365 -16.7011 -2.78132 -0.264051 -12.9547 3.2495 -3.26872 60.1797 -3.80793 1.05995 -29.2081 0.0598081 0.137039 -7.53907 -2.64041 39.1506 -24.234 0.0496218 0.113702 4.39636 -14.8193 3.48629 9.23673 -4.20556 2.0327 -12.4344 -3.33526 -33.25 -0.852353 -38.7721 -0.655187 -5.21454 18.9388 0.536302 -2.32622 -40.4017 -6.04875 2.05467 2.89723 14.7885 0.779096 -9.8844 12.4959 1.28006e-16 -7.91915e-16 9.20036e-18 -9.23673 -4.20556 2.0327 -9.05016 -0.935753 -4.08585 0.852353 -38.7721 -0.655187 20.3634 53.4029 -9.29582 2.32622 -40.4017 -6.04875 3.162 0.332847 -15.3373 -0.779096 -9.8844 12.4959 -5.96354e-16 -5.59082e-16 -1.27471e-14 
0.418555 89.3943 28.1604 9.41461 -14.4113 27.6864 0 5.07867 -1.15138 -3.58028 -4.36588 0.883068 0 5.61661 1.07143 -3.0792 -2.9448 0.556912 -1.02604e-17 5.98978 0.11501 -2.54543 -0.732182 0.621413 -1.10457e-17 6.50583 -0.443523 -1.94097 2.37224 0.687415 -1.97295e-17 7.60548 -1.50593 -1.13414 4.14775 0.903427 -2.53307e-17 9.49737 -0.914492 -0.201658 4.56263 1.18663 -2.90401e-17 10.5513 1.57691 -0.0142029 0.830423 0.156673 -1.29193e-17 4.78644 0.715339 0.0578203 6.33843 -8.88897 -1.8116e-17 4.82109 0.421791 0.301633 -7.69174 -4.64593 -2.00958e-17 4.83041 0.765062 0.908192 -10.0903 -7.51634 1.23299 -7.60731 7.53374 12.019 -4.10386 2.36783 12.9547 3.2495 -3.26872 -62.2944 14.7896 -34.6994 29.2081 0.0598081 0.137039 7.68261 -2.75785 -40.0387 24.234 0.0496219 0.113701 1.18026 1.97018 -2.46496 -1.23299 -7.60729 7.53365 -13.8763 -3.02125 -0.369506 -12.9547 3.2495 -3.26872 59.3703 -7.67169 1.17511 -29.2081 0.0598081 0.137039 -8.53858 -3.54136 45.5822 -24.234 0.0496218 0.113702 1.67812 -9.30116 3.55278 9.23673 -4.20556 2.0327 -12.3255 -4.36169 -32.2209 -0.852353 -38.7721 -0.655187 -5.04061 18.3452 0.491091 -2.32622 -40.4017 -6.04875 2.6437 4.00959 14.6176 0.779096 -9.8844 12.4959 3.1926e-16 -7.85938e-16 3.22368e-18 -9.23673 -4.20556 2.0327 -6.97069 4.50291 -4.42109 0.852353 -38.7721 -0.655187 15.6233 46.0126 -5.80694 2.32622 -40.4017 -6.04875 2.72335 2.15439 -15.1296 -0.779096 -9.8844 12.4959 -4.93196e-16 -5.65529e-16 -1.27503e-14 
0.00905772 89.1527 27.5686 8.7009 -12.9668 25.083 0 5.07867 -1.15138 -3.15988 -3.84314 0.850757 0 5.61661 1.07143 -2.75586 -2.62766 0.591104 -1.02604e-17 5.98978 0.11501 -2.27965 -0.788258 0.678546 -1.10457e-17 6.50583 -0.443523 -1.76713 1.7263 0.762757 -1.97295e-17 7.60548 -1.50593 -1.00412 3.19163 0.93697 -2.53307e-17 9.49737 -0.914492 -0.1293 3.46893 1.14046 -2.90401e-17 10.5513 1.57691 -0.0460874 0.851574 0.179323 -1.29193e-17 4.78644 0.715339 -0.235227 5.26584 -8.05847 -1.8116e-17 4.82109 0.421791 0.646872 -7.089 -4.20873 -2.00958e-17 4.83041 0.765062 0.0405558 -9.15068 -7.39107 1.23299 -7.60731 7.53374 12.5992 -3.92574 2.93136 12.9547 3.2495 -3.26872 -62.0967 10.5486 -29.8734 29.2081 0.0598081 0.137039 9.1793 -4.24027 -50.1074 24.234 0.0496219 0.113701 0.0415107 4.21234 -1.79412 -1.23299 -7.60729 7.53365 -13.5578 -2.65027 -0.185061 -12.9547 3.2495 -3.26872 58.2377 -9.97324 -0.098567 -29.2081 0.0598081 0.137039 -9.74351 -4.95976 54.4643 -24.234 0.0496218 0.113702 0.972242 -6.92371 2.45088 9.23673 -4.20556 2.0327 -12.1761 -7.05459 -30.1455 -0.852353 -38.7721 -0.655187 -5.19296 18.8654 0.530596 -2.32622 -40.4017 -6.04875 3.45212 3.44984 14.67 0.779096 -9.8844 12.4959 2.48481e-17 -7.95139e-16 1.2424e-17 -9.23673 -4.20556 2.0327 -5.2502 8.58366 -4.54822 0.852353 -38.7721 -0.655187 11.5024 37.3131 -3.21487 2.32622 -40.4017 -6.04875 1.9714 2.14918 -15.0103 -0.779096 -9.8844 12.4959 -6.11416e-16 -5.64588e-16 -1.27434e-14 
-0.452352 88.7793 27.0005 7.678 -11.3352 21.1199 0 5.07867 -1.15138 -2.71817 -3.3669 0.921185 0 5.61661 1.07143 -2.42478 -2.43801 0.734616 -1.02604e-17 5.98978 0.11501 -2.0145 -1.02915 0.857376 -1.10457e-17 6.50583 -0.443523 -1.60086 0.796466 0.960916 -1.97295e-17 7.60548 -1.50593 -0.856919 1.8511 1.07999 -2.53307e-17 9.49737 -0.914492 -0.00952071 1.84708 1.1963 -2.90401e-17 10.5513 1.57691 -0.0419974 0.896657 0.192116 -1.29193e-17 4.78644 0.715339 -0.218342 5.79494 -7.33798 -1.8116e-17 4.82109 0.421791 0.945119 -6.4479 -3.8222 -2.00958e-17 4.83041 0.765062 -0.47574 -8.45983 -6.49477 1.23299 -7.60731 7.53374 16.1701 -3.77482 4.04098 12.9547 3.2495 -3.26872 -58.9534 8.72582 -27.909 29.2081 0.0598081 0.137039 9.94364 -5.24453 -56.1236 24.234 0.0496219 0.113701 0.130689 -1.41564 0.179942 -1.23299 -7.60729 7.53365 -15.8091 -2.18874 -0.578202 -12.9547 3.2495 -3.26872 56.1712 -10.2868 -0.27666 -29.2081 0.0598081 0.137039 -10.3953 -5.95928 60.1494 -24.234 0.0496218 0.113702 2.17175 -8.78293 2.65805 9.23673 -4.20556 2.0327 -11.4295 -10.5449 -26.9749 -0.852353 -38.7721 -0.655187 -5.57075 20.1422 0.63439 -2.32622 -40.4017 -6.04875 4.81022 2.65405 14.7065 0.779096 -9.8844 12.4959 -7.83097e-17 -7.98362e-16 1.56477e-17 -9.23673 -4.20556 2.0327 -3.67374 11.4672 -3.43425 0.852353 -38.7721 -0.655187 8.18308 28.4001 -1.56599 2.32622 -40.4017 -6.04875 1.11286 1.56866 -14.9298 -0.779096 -9.8844 12.4959 -1.78906e-15 -5.09386e-16 -1.26974e-14 
-1.00915 88.247 26.3472 5.85107 -9.52756 14.9692 0 5.07867 -1.15138 -2.08139 -3.3893 1.11352 0 5.61661 1.07143 -1.91458 -2.49645 0.997344 -1.02604e-17 5.98978 0.11501 -1.60051 -1.21587 1.13497 -1.10457e-17 6.50583 -0.443523 -1.32779 0.433392 1.24562 -1.97295e-17 7.60548 -1.50593 -0.643129 1.31294 1.30189 -2.53307e-17 9.49737 -0.914492 0.164546 1.23075 1.3141 -2.90401e-17 10.5513 1.57691 -0.0448297 0.829184 0.167019 -1.29193e-17 4.78644 0.715339 -0.368988 4.26456 -6.08886 -1.8116e-17 4.82109 0.421791 1.36276 -6.28338 -3.17045 -2.00958e-17 4.83041 0.765062 -0.697923 -7.01112 -4.9198 1.23299 -7.60731 7.53374 15.9989 -3.71698 4.1908 12.9547 3.2495 -3.26872 -58.4957 4.02393 -23.5761 29.2081 0.0598081 0.137039 10.2954 -5.79147 -59.2208 24.234 0.0496219 0.113701 2.05071 -1.70065 -1.6412 -1.23299 -7.60729 7.53365 -15.39 -1.93491 -0.964848 -12.9547 3.2495 -3.26872 55.2064 -9.69342 0.576443 -29.2081 0.0598081 0.137039 -11.0168 -7.17695 66.664 -24.234 0.0496218 0.113702 0.86784 -10.4065 3.91935 9.23673 -4.20556 2.0327 -9.14054 -14.967 -22.0239 -0.852353 -38.7721 -0.655187 -6.24025 22.3565 0.838287 -2.32622 -40.4017 -6.04875 6.53213 0.851727 14.9233 0.779096 -9.8844 12.4959 -2.69563e-16 -8.04339e-16 2.16244e-17 -9.23673 -4.20556 2.0327 -1.75495 12.8227 -0.05783 0.852353 -38.7721 -0.655187 5.72757 20.6666 -0.679883 2.32622 -40.4017 -6.04875 -1.47164 -0.545419 -14.6933 -0.779096 -9.8844 12.4959 -1.47959e-15 -5.2228e-16 -1.27103e-14 
-1.35312 87.4749 25.4307 4.64122 -7.52207 9.61142 0 5.07867 -1.15138 -1.41161 -3.15364 1.28689 0 5.61661 1.07143 -1.37102 -2.36046 1.24411 -1.02604e-17 5.98978 0.11501 -1.17669 -1.30207 1.38079 -1.10457e-17 6.50583 -0.443523 -1.05176 0.0418771 1.49333 -1.97295e-17 7.60548 -1.50593 -0.457923 0.639691 1.49136 -2.53307e-17 9.49737 -0.914492 0.289018 0.396531 1.4112 -2.90401e-17 10.5513 1.57691 -0.0410529 0.799384 0.157926 -1.29193e-17 4.78644 0.715339 -0.568158 2.45397 -4.81748 -1.8116e-17 4.82109 0.421791 1.39386 -5.53154 -2.51952 -2.00958e-17 4.83041 0.765062 -1.05696 -5.8035 -3.79848 1.23299 -7.60731 7.53374 15.5438 -3.41539 4.21028 12.9547 3.2495 -3.26872 -57.3001 -1.50138 -18.0283 29.2081 0.0598081 0.137039 10.7375 -6.58754 -63.5581 24.234 0.0496219 0.113701 2.44306 -2.76248 -2.48401 -1.23299 -7.60729 7.53365 -14.6665 -1.64833 -1.33143 -12.9547 3.2495 -3.26872 52.7525 -9.59235 2.16981 -29.2081 0.0598081 0.137039 -11.4547 -8.32524 72.5256 -24.234 0.0496218 0.113702 0.266395 -13.0184 4.35069 9.23673 -4.20556 2.0327 -6.78507 -19.857 -16.7257 -0.852353 -38.7721 -0.655187 -7.16991 25.322 1.16214 -2.32622 -40.4017 -6.04875 7.4782 -0.577086 15.1355 0.779096 -9.8844 12.4959 3.34321e-16 -7.82244e-16 -4.70682e-19 -9.23673 -4.20556 2.0327 -0.716005 14.0288 2.21605 0.852353 -38.7721 -0.655187 3.74763 13.8191 -0.211798 2.32622 -40.4017 -6.04875 -5.59965 -8.09056 -15.0449 -0.779096 -9.8844 12.4959 2.25927e-17 -5.88095e-16 -1.27729e-14 
-1.26606 86.6754 24.3205 4.61002 -6.03931 6.32632 0 5.07867 -1.15138 -0.991785 -2.31613 1.41938 0 5.61661 1.07143 -1.03151 -1.75649 1.41309 -1.02604e-17 5.98978 0.11501 -0.925381 -1.10401 1.54184 -1.10457e-17 6.50583 -0.443523 -0.908832 -0.419097 1.65612 -1.97295e-17 7.60548 -1.50593 -0.374856 -0.26538 1.62089 -2.53307e-17 9.49737 -0.914492 0.328253 -0.796636 1.47995 -2.90401e-17 10.5513 1.57691 -0.05439 0.834283 0.17815 -1.29193e-17 4.78644 0.715339 -0.92421 -0.409115 -4.30711 -1.8116e-17 4.82109 0.421791 0.674941 -4.6321 -2.25962 -2.00958e-17 4.83041 0.765062 -0.885009 -3.72383 -2.95624 1.23299 -7.60731 7.53374 14.8708 -2.71269 3.80228 12.9547 3.2495 -3.26872 -54.7733 -5.79442 -13.6434 29.2081 0.0598081 0.137039 11.0884 -7.343 -67.5268 24.234 0.0496219 0.113701 3.03759 -4.37934 -1.79511 -1.23299 -7.60729 7.53365 -13.5027 -0.971838 -1.24718 -12.9547 3.2495 -3.26872 50.0144 -10.0761 1.79283 -29.2081 0.0598081 0.137039 -11.7615 -9.45941 78.1403 -24.234 0.0496218 0.113702 -0.870791 -15.7244 5.28297 9.23673 -4.20556 2.0327 -5.795 -23.3835 -13.4195 -0.852353 -38.7721 -0.655187 -7.71519 26.999 1.37312 -2.32622 -40.4017 -6.04875 8.43607 -0.330036 14.9756 0.779096 -9.8844 12.4959 9.08083e-16 -7.58337e-16 -2.43774e-17 -9.23673 -4.20556 2.0327 -0.504096 15.2185 5.6936 0.852353 -38.7721 -0.655187 2.3274 8.6618 -0.0247944 2.32622 -40.4017 -6.04875 -11.4783 -20.8617 -16.8526 -0.779096 -9.8844 12.4959 1.37643e-15 -6.51556e-16 -1.28271e-14 
-0.89848 86.5239 23.1017 4.6475 -4.20239 4.71899 0 5.07867 -1.15138 -0.773406 -1.9484 1.42549 0 5.61661 1.07143 -0.825515 -1.45494 1.43871 -1.02604e-17 5.98978 0.11501 -0.744718 -0.973974 1.56727 -1.10457e-17 6.50583 -0.443523 -0.76466 -0.566548 1.68941 -1.97295e-17 7.60548 -1.50593 -0.263295 -0.633968 1.63548 -2.53307e-17 9.49737 -0.914492 0.411664 -1.29807 1.44924 -2.90401e-17 10.5513 1.57691 -0.0573923 0.803217 0.199847 -1.29193e-17 4.78644 0.715339 -1.16512 -2.74522 -4.21361 -1.8116e-17 4.82109 0.421791 0.525947 -3.97369 -2.1948 -2.00958e-17 4.83041 0.765062 -1.06351 -2.35458 -2.33111 1.23299 -7.60731 7.53374 14.5403 -2.35947 3.59293 12.9547 3.2495 -3.26872 -53.9942 -9.58296 -10.842 29.2081 0.0598081 0.137039 11.2753 -7.81175 -69.9322 24.234 0.0496219 0.113701 4.05875 -4.18762 -1.11546 -1.23299 -7.60729 7.53365 -12.0756 -0.656014 -0.857068 -12.9547 3.2495 -3.26872 48.4629 -12.1896 0.543123 -29.2081 0.0598081 0.137039 -11.9862 -10.9201 85.2277 -24.234 0.0496218 0.113702 -1.80342 -16.7446 4.68833 9.23673 -4.20556 2.0327 -5.45414 -26.6191 -11.5039 -0.852353 -38.7721 -0.655187 -7.96234 27.7435 1.47366 -2.32622 -40.4017 -6.04875 8.21804 0.27639 14.7826 0.779096 -9.8844 12.4959 1.28006e-16 -7.91915e-16 9.20036e-18 -9.23673 -4.20556 2.0327 -0.752125 14.288 8.10011 0.852353 -38.7721 -0.655187 1.11796 4.17461 0.0321485 2.32622 -40.4017 -6.04875 -12.0376 -22.0022 -17.0654 -0.779096 -9.8844 12.4959 -1.10689e-16 -5.83459e-16 -1.2759e-14 
-0.683224 86.0786 21.6271 3.51397 1.5413 0.419328 0 5.07867 -1.15138 -0.201243 -2.34903 1.60201 0 5.61661 1.07143 -0.307196 -1.78598 1.69098 -1.02604e-17 5.98978 0.11501 -0.3146 -1.33377 1.8277 -1.10457e-17 6.50583 -0.443523 -0.431996 -0.910764 1.97587 -1.97295e-17 7.60548 -1.50593 -0.000713747 -1.00608 1.8615 -2.53307e-17 9.49737 -0.914492 0.642649 -1.7431 1.58555 -2.90401e-17 10.5513 1.57691 -0.00866816 0.742641 0.239242 -1.29193e-17 4.78644 0.715339 -1.19452 -5.95319 -3.07048 -1.8116e-17 4.82109 0.421791 1.03218 -3.26151 -1.59742 -2.00958e-17 4.83041 0.765062 -2.21743 -1.7544 -1.90353 1.23299 -7.60731 7.53374 15.1281 -2.04947 3.9309 12.9547 3.2495 -3.26872 -54.6795 -13.6769 -7.55204 29.2081 0.0598081 0.137039 11.4065 -8.18004 -71.7968 24.234 0.0496219 0.113701 6.35878 -4.45659 -0.326119 -1.23299 -7.60729 7.53365 -10.4534 -0.270008 -0.966157 -12.9547 3.2495 -3.26872 46.7722 -15.0435 0.593225 -29.2081 0.0598081 0.137039 -12.0316 -12.1931 91.3625 -24.234 0.0496218 0.113702 -2.41782 -17.4717 5.26148 9.23673 -4.20556 2.0327 -2.43309 -34.3236 -7.69714 -0.852353 -38.7721 -0.655187 -8.563 29.5117 1.73037 -2.32622 -40.4017 -6.04875 8.55478 -0.276871 14.7157 0.779096 -9.8844 12.4959 1.12944e-16 -7.95609e-16 1.28947e-17 -9.23673 -4.20556 2.0327 -0.197978 7.45957 13.0916 0.852353 -38.7721 -0.655187 0.716653 2.67653 0.0299825 2.32622 -40.4017 -6.04875 -14.4141 -24.9901 -17.7803 -0.779096 -9.8844 12.4959 -4.78134e-16 -5.69224e-16 -1.27448e-14 
-0.660014 85.7655 19.7103 2.70435 11.4727 -6.18436 0 5.07867 -1.15138 0.576476 -3.57865 1.9441 0 5.61661 1.07143 0.396489 -2.87858 2.12488 -1.02604e-17 5.98978 0.11501 0.22148 -2.30385 2.24999 -1.10457e-17 6.50583 -0.443523 -0.0616168 -1.58242 2.41825 -1.97295e-17 7.60548 -1.50593 0.236796 -1.42434 2.21309 -2.53307e-17 9.49737 -0.914492 0.826635 -2.17673 1.88135 -2.90401e-17 10.5513 1.57691 0.0601538 0.669264 0.272083 -1.29193e-17 4.78644 0.715339 -1.23187 -10.439 -2.0814 -1.8116e-17 4.82109 0.421791 0.851766 -1.92553 -1.11474 -2.00958e-17 4.83041 0.765062 -2.07476 -1.48089 0.395672 1.23299 -7.60731 7.53374 15.8484 -1.71312 4.24227 12.9547 3.2495 -3.26872 -55.2492 -19.4658 -3.22985 29.2081 0.0598081 0.137039 11.4769 -8.39496 -72.8758 24.234 0.0496219 0.113701 8.4565 -5.5808 0.414138 -1.23299 -7.60729 7.53365 -9.54948 0.0412612 -1.99193 -12.9547 3.2495 -3.26872 46.1247 -17.2996 2.23223 -29.2081 0.0598081 0.137039 -11.9884 -12.996 95.2489 -24.234 0.0496218 0.113702 -3.21338 -18.322 7.31587 9.23673 -4.20556 2.0327 5.04863 -45.664 0.810901 -0.852353 -38.7721 -0.655187 -9.04014 30.8742 1.94635 -2.32622 -40.4017 -6.04875 8.5825 -0.722033 14.552 0.779096 -9.8844 12.4959 -5.63975e-16 -8.2274e-16 4.00251e-17 -9.23673 -4.20556 2.0327 1.72538 -5.05881 19.4211 0.852353 -38.7721 -0.655187 0.881393 3.29175 0.0321435 2.32622 -40.4017 -6.04875 -15.7332 -26.9489 -18.2945 -0.779096 -9.8844 12.4959 6.8445e-16 -6.20731e-16 -1.27963e-14 
-0.478077 86.1726 17.4289 4.16135 19.8853 -13.0872 0 5.07867 -1.15138 1.12661 -5.16262 2.34047 0 5.61661 1.07143 0.892645 -4.30619 2.56727 -1.02604e-17 5.98978 0.11501 0.553319 -3.34933 2.65797 -1.10457e-17 6.50583 -0.443523 0.0998202 -1.94216 2.82632 -1.97295e-17 7.60548 -1.50593 0.275635 -1.19903 2.54667 -2.53307e-17 9.49737 -0.914492 0.828687 -1.73914 2.22463 -2.90401e-17 10.5513 1.57691 0.0997562 0.541376 0.243811 -1.29193e-17 4.78644 0.715339 -1.06262 -14.6673 -0.763299 -1.8116e-17 4.82109 0.421791 -0.18339 -0.953006 -0.529797 -2.00958e-17 4.83041 0.765062 -0.555712 -0.091031 2.49132 1.23299 -7.60731 7.53374 15.4346 -1.72502 4.20876 12.9547 3.2495 -3.26872 -54.4908 -26.6751 0.685306 29.2081 0.0598081 0.137039 11.4103 -8.19125 -71.8532 24.234 0.0496219 0.113701 8.16831 -6.55285 0.322649 -1.23299 -7.60729 7.53365 -9.19079 -0.138508 -3.391 -12.9547 3.2495 -3.26872 48.1728 -18.6063 5.27888 -29.2081 0.0598081 0.137039 -11.9463 -13.3914 97.1746 -24.234 0.0496218 0.113702 -3.56825 -17.2112 8.46535 9.23673 -4.20556 2.0327 14.6067 -53.7374 12.4783 -0.852353 -38.7721 -0.655187 -8.66847 29.8161 1.77721 -2.32622 -40.4017 -6.04875 6.68561 0.482416 14.3078 0.779096 -9.8844 12.4959 -6.97256e-16 -8.27375e-16 4.46608e-17 -9.23673 -4.20556 2.0327 3.85635 -16.9184 25.2724 0.852353 -38.7721 -0.655187 1.38113 5.15546 0.0278624 2.32622 -40.4017 -6.04875 -15.1005 -26.0882 -18.1005 -0.779096 -9.8844 12.4959 3.17004e-16 -6.06496e-16 -1.27821e-14 
0.42173 87.6956 15.5655 5.88594 19.7571 -17.2299 0 5.07867 -1.15138 1.28183 -6.47557 2.55058 0 5.61661 1.07143 0.99089 -5.29199 2.77405 -1.02604e-17 5.98978 0.11501 0.568669 -3.51642 2.82391 -1.10457e-17 6.50583 -0.443523 0.0132769 -0.776797 2.9675 -1.97295e-17 7.60548 -1.50593 0.14586 0.757713 2.69825 -2.53307e-17 9.49737 -0.914492 0.68914 0.871903 2.42155 -2.90401e-17 10.5513 1.57691 0.0916794 0.256455 0.134344 -1.29193e-17 4.78644 0.715339 -0.519447 -14.3687 0.852615 -1.8116e-17 4.82109 0.421791 -0.850562 -2.39506 0.20162 -2.00958e-17 4.83041 0.765062 0.597857 0.880461 2.60401 1.23299 -7.60731 7.53374 12.8337 -2.99534 4.18406 12.9547 3.2495 -3.26872 -55.3121 -33.7759 0.139608 29.2081 0.0598081 0.137039 11.0315 -7.21085 -66.8414 24.234 0.0496219 0.113701 5.88284 -3.79797 -2.67043 -1.23299 -7.60729 7.53365 -7.83487 -1.34351 -4.14804 -12.9547 3.2495 -3.26872 53.0085 -19.1052 8.68127 -29.2081 0.0598081 0.137039 -11.9264 -13.5435 97.9185 -24.234 0.0496218 0.113702 -3.05569 -11.9343 7.28642 9.23673 -4.20556 2.0327 16.3899 -52.3824 17.9058 -0.852353 -38.7721 -0.655187 -7.32531 25.8047 1.22072 -2.32622 -40.4017 -6.04875 2.89869 5.03103 14.1935 0.779096 -9.8844 12.4959 -2.44867e-15 -9.06485e-16 1.2377e-16 -9.23673 -4.20556 2.0327 3.57649 -19.8613 28.1822 0.852353 -38.7721 -0.655187 1.76208 6.57162 0.0136597 2.32622 -40.4017 -6.04875 -13.0174 -21.7872 -17.1556 -0.779096 -9.8844 12.4959 1.47959e-15 -6.58004e-16 -1.28336e-14 
1.93894 90.2132 14.7466 4.84693 10.0293 -17.0021 0 5.07867 -1.15138 1.095 -6.75993 2.35936 0 5.61661 1.07143 0.755606 -5.08196 2.51472 -1.02604e-17 5.98978 0.11501 0.36238 -2.27249 2.5131 -1.10457e-17 6.50583 -0.443523 -0.160244 2.00024 2.59814 -1.97295e-17 7.60548 -1.50593 -0.0229736 4.2286 2.43839 -2.53307e-17 9.49737 -0.914492 0.47233 5.16613 2.22071 -2.90401e-17 10.5513 1.57691 0.0752491 -0.0558055 -0.0783711 -1.29193e-17 4.78644 0.715339 0.0347024 -5.01214 2.33488 -1.8116e-17 4.82109 0.421791 -0.582334 -6.54753 0.994606 -2.00958e-17 4.83041 0.765062 1.23462 -3.08251 1.68993 1.23299 -7.60731 7.53374 9.76149 -5.61231 4.82791 12.9547 3.2495 -3.26872 -60.2762 -38.3836 -5.44345 29.2081 0.0598081 0.137039 10.4548 -6.06266 -60.719 24.234 0.0496219 0.113701 4.52649 3.07286 -5.63795 -1.23299 -7.60729 7.53365 -8.58938 -3.91577 -5.46927 -12.9547 3.2495 -3.26872 60.5253 -18.7071 14.2154 -29.2081 0.0598081 0.137039 -11.9532 -13.3353 96.9007 -24.234 0.0496218 0.113702 -0.701266 -6.12768 1.39587 9.23673 -4.20556 2.0327 9.17075 -41.429 12.752 -0.852353 -38.7721 -0.655187 -5.74966 20.7401 0.686403 -2.32622 -40.4017 -6.04875 -0.597265 10.9369 14.4225 0.779096 -9.8844 12.4959 -2.2444e-16 -8.11659e-16 2.89447e-17 -9.23673 -4.20556 2.0327 0.882274 -11.3252 27.6187 0.852353 -38.7721 -0.655187 1.58185 5.90223 0.0215574 2.32622 -40.4017 -6.04875 -9.90796 -13.8437 -15.7123 -0.779096 -9.8844 12.4959 8.05888e-17 -5.98637e-16 -1.27742e-14 
3.73969 92.7385 14.6252 3.64916 -2.02763 -14.2579 0 5.07867 -1.15138 0.806313 -5.42176 1.8819 0 5.61661 1.07143 0.457675 -3.45043 1.97388 -1.02604e-17 5.98978 0.11501 0.158849 -0.090383 1.94253 -1.10457e-17 6.50583 -0.443523 -0.236005 4.73716 1.97216 -1.97295e-17 7.60548 -1.50593 -0.0944447 7.2597 1.91239 -2.53307e-17 9.49737 -0.914492 0.311521 8.56847 1.72077 -2.90401e-17 10.5513 1.57691 0.0456923 -0.287325 -0.24732 -1.29193e-17 4.78644 0.715339 -0.0183777 6.33463 2.88429 -1.8116e-17 4.82109 0.421791 -0.497089 -10.9958 1.35931 -2.00958e-17 4.83041 0.765062 1.17279 -8.82009 1.33101 1.23299 -7.60731 7.53374 7.66682 -7.76462 4.94113 12.9547 3.2495 -3.26872 -66.2796 -39.1791 -10.6386 29.2081 0.0598081 0.137039 10.2402 -5.70142 -58.7181 24.234 0.0496219 0.113701 4.10705 7.08575 -3.51312 -1.23299 -7.60729 7.53365 -9.64678 -6.20016 -5.98815 -12.9547 3.2495 -3.26872 69.2643 -19.7004 17.3863 -29.2081 0.0598081 0.137039 -11.995 -12.9186 94.8731 -24.234 0.0496218 0.113702 2.66942 -0.696172 -2.56773 9.23673 -4.20556 2.0327 1.51458 -28.0923 5.97278 -0.852353 -38.7721 -0.655187 -4.71521 17.2244 0.411302 -2.32622 -40.4017 -6.04875 -2.00641 14.9324 14.355 0.779096 -9.8844 12.4959 3.19036e-15 -6.62168e-16 -1.20547e-16 -9.23673 -4.20556 2.0327 -2.53588 0.757136 25.4682 0.852353 -38.7721 -0.655187 0.99929 3.73185 0.0326026 2.32622 -40.4017 -6.04875 -6.11561 -4.94347 -14.6539 -0.779096 -9.8844 12.4959 -1.18519e-15 -5.40681e-16 -1.27195e-14 
5.4721 93.7051 14.4635 4.46738 -3.69682 -11.6485 0 5.07867 -1.15138 0.941699 -4.37812 1.25015 0 5.61661 1.07143 0.624706 -2.24678 1.36369 -1.02604e-17 5.98978 0.11501 0.351353 1.34653 1.33838 -1.10457e-17 6.50583 -0.443523 0.0142332 6.3671 1.35259 -1.97295e-17 7.60548 -1.50593 0.0539128 9.05211 1.29615 -2.53307e-17 9.49737 -0.914492 0.271246 10.4815 1.11347 -2.90401e-17 10.5513 1.57691 -0.00117216 -0.596261 -0.275843 -1.29193e-17 4.78644 0.715339 0.0128163 8.9191 3.10214 -1.8116e-17 4.82109 0.421791 -1.03292 -12.8823 1.46519 -2.00958e-17 4.83041 0.765062 -0.723683 -13.1446 1.40732 1.23299 -7.60731 7.53374 4.33605 -8.47291 3.38609 12.9547 3.2495 -3.26872 -69.0429 -40.6928 -9.93677 29.2081 0.0598081 0.137039 10.5263 -6.18961 -61.4127 24.234 0.0496219 0.113701 3.51799 2.56525 -0.301635 -1.23299 -7.60729 7.53365 -6.34884 -7.05054 -3.61405 -12.9547 3.2495 -3.26872 72.7523 -23.5899 14.9111 -29.2081 0.0598081 0.137039 -11.9994 -12.8644 94.61 -24.234 0.0496218 0.113702 1.93173 1.11111 0.585375 9.23673 -4.20556 2.0327 -2.88614 -26.0315 0.874836 -0.852353 -38.7721 -0.655187 -4.87886 17.7897 0.450645 -2.32622 -40.4017 -6.04875 -1.2425 14.0897 13.9248 0.779096 -9.8844 12.4959 9.81164e-16 -7.533e-16 -2.94148e-17 -9.23673 -4.20556 2.0327 -4.59624 3.28629 22.7979 0.852353 -38.7721 -0.655187 0.134906 0.503542 0.00819694 2.32622 -40.4017 -6.04875 -3.65767 -1.09652 -14.6365 -0.779096 -9.8844 12.4959 -4.93201e-16 -5.65529e-16 -1.27503e-14 
7.02906 93.6421 13.7874 5.47201 0.957905 -10.5523 0 5.07867 -1.15138 0.72441 -3.84276 0.589342 0 5.61661 1.07143 0.633485 -1.93138 0.622136 -1.02604e-17 5.98978 0.11501 0.491255 1.31416 0.596747 -1.10457e-17 6.50583 -0.443523 0.321791 5.90247 0.593123 -1.97295e-17 7.60548 -1.50593 0.307504 8.22857 0.489774 -2.53307e-17 9.49737 -0.914492 0.359553 9.4741 0.303712 -2.90401e-17 10.5513 1.57691 0.00413465 -0.516293 -0.342226 -1.29193e-17 4.78644 0.715339 0.261878 11.6821 4.33936 -1.8116e-17 4.82109 0.421791 -1.06075 -11.7667 2.0175 -2.00958e-17 4.83041 0.765062 -2.49395 -17.3424 2.57219 1.23299 -7.60731 7.53374 5.13445 -7.87207 3.66344 12.9547 3.2495 -3.26872 -65.9585 -38.5751 -4.39608 29.2081 0.0598081 0.137039 10.2414 -5.70334 -58.7289 24.234 0.0496219 0.113701 3.94499 -6.60401 1.89319 -1.23299 -7.60729 7.53365 -9.70726 -7.2648 -4.40498 -12.9547 3.2495 -3.26872 75.7218 -21.041 12.7845 -29.2081 0.0598081 0.137039 -12.011 -12.6983 93.8045 -24.234 0.0496218 0.113702 0.575885 -4.38158 -2.1498 9.23673 -4.20556 2.0327 -5.17254 -31.3904 -2.98709 -0.852353 -38.7721 -0.655187 -5.92227 21.3128 0.738307 -2.32622 -40.4017 -6.04875 0.849765 10.4577 13.5577 0.779096 -9.8844 12.4959 -1.65354e-15 -8.69213e-16 8.64982e-17 -9.23673 -4.20556 2.0327 -5.47553 -0.97271 20.3394 0.852353 -38.7721 -0.655187 -0.530528 -1.97646 -0.0436572 2.32622 -40.4017 -6.04875 -2.09219 -1.2542 -14.9848 -0.779096 -9.8844 12.4959 -4.05091e-16 -5.74259e-16 -1.27498e-14 
8.34769 93.6556 12.948 5.78051 4.09735 -9.62967 0 5.07867 -1.15138 0.349495 -2.4968 0.0810669 0 5.61661 1.07143 0.488629 -1.21386 0.0166404 -1.02604e-17 5.98978 0.11501 0.48614 1.01503 -3.07432e-05 -1.10457e-17 6.50583 -0.443523 0.49034 4.24686 -0.0172216 -1.97295e-17 7.60548 -1.50593 0.460629 5.6689 -0.134776 -2.53307e-17 9.49737 -0.914492 0.431945 6.31777 -0.311342 -2.90401e-17 10.5513 1.57691 0.0396751 -0.145592 -0.36118 -1.29193e-17 4.78644 0.715339 0.513976 12.7217 5.642 -1.8116e-17 4.82109 0.421791 -0.548095 -9.73558 2.60311 -2.00958e-17 4.83041 0.765062 -2.95783 -15.8719 3.39228 1.23299 -7.60731 7.53374 8.02269 -5.94247 4.89765 12.9547 3.2495 -3.26872 -61.5933 -30.3352 1.02649 29.2081 0.0598081 0.137039 9.2566 -4.33249 -50.6811 24.234 0.0496219 0.113701 4.48774 -16.2773 1.60155 -1.23299 -7.60729 7.53365 -15.3677 -6.13125 -6.06239 -12.9547 3.2495 -3.26872 79.3153 -17.6961 7.53597 -29.2081 0.0598081 0.137039 -12.0322 -11.7825 89.3827 -24.234 0.0496218 0.113702 1.05698 -11.6984 -3.16849 9.23673 -4.20556 2.0327 -7.24673 -34.9869 -7.13425 -0.852353 -38.7721 -0.655187 -6.91736 24.5294 1.06961 -2.32622 -40.4017 -6.04875 2.18711 7.9059 13.5337 0.779096 -9.8844 12.4959 -9.76597e-16 -8.42081e-16 5.93668e-17 -9.23673 -4.20556 2.0327 -5.82487 -5.2361 18.0332 0.852353 -38.7721 -0.655187 -0.53198 -1.98186 -0.0438016 2.32622 -40.4017 -6.04875 -1.41903 -0.963469 -15.0095 -0.779096 -9.8844 12.4959 -9.93923e-16 -5.46658e-16 -1.27222e-14 
9.33316 93.9463 12.2871 5.69963 4.60397 -9.23803 0 5.07867 -1.15138 0.291457 -1.6671 -0.392013 0 5.61661 1.07143 0.554952 -0.670253 -0.464641 -1.02604e-17 5.98978 0.11501 0.594414 1.15505 -0.470954 -1.10457e-17 6.50583 -0.443523 0.663901 3.78988 -0.485477 -1.97295e-17 7.60548 -1.50593 0.574211 4.88838 -0.619028 -2.53307e-17 9.49737 -0.914492 0.423554 5.24935 -0.799622 -2.90401e-17 10.5513 1.57691 0.0338693 -0.0267791 -0.359954 -1.29193e-17 4.78644 0.715339 0.800894 11.6155 6.64242 -1.8116e-17 4.82109 0.421791 -0.591249 -9.01918 3.09448 -2.00958e-17 4.83041 0.765062 -3.20251 -13.0542 4.11982 1.23299 -7.60731 7.53374 7.45715 -4.56385 4.55689 12.9547 3.2495 -3.26872 -62.9463 -24.0892 1.53129 29.2081 0.0598081 0.137039 8.34862 -3.35416 -44.3105 24.234 0.0496219 0.113701 6.27642 -20.5441 0.56562 -1.23299 -7.60729 7.53365 -16.8488 -4.98856 -5.93119 -12.9547 3.2495 -3.26872 83.8646 -12.9597 4.00741 -29.2081 0.0598081 0.137039 -11.9654 -10.7106 84.2168 -24.234 0.0496218 0.113702 -0.484735 -13.6959 -1.89413 9.23673 -4.20556 2.0327 -8.7216 -35.3409 -10.6576 -0.852353 -38.7721 -0.655187 -7.81034 27.2868 1.41147 -2.32622 -40.4017 -6.04875 1.7096 5.35439 14.0182 0.779096 -9.8844 12.4959 -6.37052e-16 -8.27777e-16 4.50624e-17 -9.23673 -4.20556 2.0327 -5.91219 -7.5891 16.3787 0.852353 -38.7721 -0.655187 -0.206427 -0.769868 -0.0148251 2.32622 -40.4017 -6.04875 -1.26301 0.531235 -14.9363 -0.779096 -9.8844 12.4959 -6.84464e-16 -5.59552e-16 -1.27351e-14 
10.1287 94.3207 11.674 5.85903 4.40006 -9.29278 0 5.07867 -1.15138 0.406465 -3.33452 -0.983837 0 5.61661 1.07143 0.697848 -1.56597 -0.917833 -1.02604e-17 5.98978 0.11501 0.736718 1.50896 -0.891042 -1.10457e-17 6.50583 -0.443523 0.798452 5.90605 -0.852575 -1.97295e-17 7.60548 -1.50593 0.63506 8.07934 -1.00893 -2.53307e-17 9.49737 -0.914492 0.318032 9.3324 -1.25389 -2.90401e-17 10.5513 1.57691 -0.0881057 -0.478669 -0.301903 -1.29193e-17 4.78644 0.715339 1.08676 6.68063 6.52503 -1.8116e-17 4.82109 0.421791 -1.01608 -10.065 3.09682 -2.00958e-17 4.83041 0.765062 -3.21909 -11.7824 6.3256 1.23299 -7.60731 7.53374 -3.96998 -5.17702 0.51324 12.9547 3.2495 -3.26872 -72.808 -31.0559 -9.5624 29.2081 0.0598081 0.137039 7.59402 -2.68501 -39.4905 24.234 0.0496219 0.113701 11.6468 -8.30726 -3.42729 -1.23299 -7.60729 7.53365 -5.26432 -4.83167 -1.60218 -12.9547 3.2495 -3.26872 87.0328 -10.4636 5.67046 -29.2081 0.0598081 0.137039 -11.8466 -9.88667 80.2253 -24.234 0.0496218 0.113702 -5.39953 -5.84488 2.72896 9.23673 -4.20556 2.0327 -9.85718 -34.4975 -12.7906 -0.852353 -38.7721 -0.655187 -8.59666 29.6091 1.74527 -2.32622 -40.4017 -6.04875 0.592653 3.26859 14.5381 0.779096 -9.8844 12.4959 1.49693e-15 -7.30735e-16 -5.19795e-17 -9.23673 -4.20556 2.0327 -6.22932 -9.27303 15.9164 0.852353 -38.7721 -0.655187 0.142562 0.532125 0.00862664 2.32622 -40.4017 -6.04875 -1.72603 2.38649 -14.7672 -0.779096 -9.8844 12.4959 -2.13828e-16 -5.80236e-16 -1.27558e-14 
10.8056 94.5985 10.9875 6.24109 4.62599 -9.76325 0 5.07867 -1.15138 0.332929 -3.73735 -1.01274 0 5.61661 1.07143 0.633436 -1.89534 -0.975665 -1.02604e-17 5.98978 0.11501 0.678929 1.29146 -0.956868 -1.10457e-17 6.50583 -0.443523 0.767446 5.92512 -0.925386 -1.97295e-17 7.60548 -1.50593 0.590463 8.24326 -1.07093 -2.53307e-17 9.49737 -0.914492 0.250585 9.5512 -1.31693 -2.90401e-17 10.5513 1.57691 -0.10955 -0.383523 -0.329577 -1.29193e-17 4.78644 0.715339 0.90628 9.03655 7.33215 -1.8116e-17 4.82109 0.421791 -0.533288 -8.56729 3.44657 -2.00958e-17 4.83041 0.765062 -3.97055 -13.9998 5.46238 1.23299 -7.60731 7.53374 -5.34678 -5.19651 0.647104 12.9547 3.2495 -3.26872 -73.4791 -32.6511 -12.1475 29.2081 0.0598081 0.137039 6.59549 -1.95393 -33.5652 24.234 0.0496219 0.113701 7.0424 -3.1777 -3.03587 -1.23299 -7.60729 7.53365 -5.87617 -5.10896 -2.4831 -12.9547 3.2495 -3.26872 88.6498 -9.28424 7.57247 -29.2081 0.0598081 0.137039 -11.415 -8.20467 71.9201 -24.234 0.0496218 0.113702 -4.69067 -5.88812 -0.457563 9.23673 -4.20556 2.0327 -10.4782 -33.5289 -13.3339 -0.852353 -38.7721 -0.655187 -9.20807 31.3449 2.02481 -2.32622 -40.4017 -6.04875 1.51839 2.7022 14.3027 0.779096 -9.8844 12.4959 2.48481e-17 -7.95139e-16 1.2424e-17 -9.23673 -4.20556 2.0327 -6.92057 -10.7051 14.3486 0.852353 -38.7721 -0.655187 0.181409 0.677171 0.0107484 2.32622 -40.4017 -6.04875 0.459114 3.47436 -15.0003 -0.779096 -9.8844 12.4959 -1.08203e-15 -5.47128e-16 -1.27227e-14 
11.459 94.7512 10.2414 6.53416 5.12415 -10.4142 0 5.07867 -1.15138 0.106995 -3.35632 -1.05609 0 5.61661 1.07143 0.439562 -1.77133 -1.07603 -1.02604e-17 5.98978 0.11501 0.5292 1.03503 -1.05127 -1.10457e-17 6.50583 -0.443523 0.682568 5.14678 -1.02957 -1.97295e-17 7.60548 -1.50593 0.542219 7.15937 -1.15807 -2.53307e-17 9.49737 -0.914492 0.245009 8.19274 -1.39197 -2.90401e-17 10.5513 1.57691 -0.0727152 -0.153518 -0.386533 -1.29193e-17 4.78644 0.715339 0.728308 13.2019 8.09815 -1.8116e-17 4.82109 0.421791 0.0710266 -8.38569 3.80301 -2.00958e-17 4.83041 0.765062 -4.28877 -14.9636 5.32714 1.23299 -7.60731 7.53374 -3.77984 -5.01367 2.18568 12.9547 3.2495 -3.26872 -69.4734 -25.7252 -8.38649 29.2081 0.0598081 0.137039 5.84291 -1.49905 -29.3491 24.234 0.0496219 0.113701 3.05617 -6.4944 -0.755923 -1.23299 -7.60729 7.53365 -10.8222 -5.07553 -4.93013 -12.9547 3.2495 -3.26872 91.1316 -7.09572 5.48869 -29.2081 0.0598081 0.137039 -10.7305 -6.57344 63.4821 -24.234 0.0496218 0.113702 -2.29552 -8.16824 -2.30826 9.23673 -4.20556 2.0327 -10.72 -32.185 -13.4564 -0.852353 -38.7721 -0.655187 -9.51867 32.2031 2.17324 -2.32622 -40.4017 -6.04875 3.0789 1.10614 14.1232 0.779096 -9.8844 12.4959 3.34307e-16 -7.82245e-16 -4.70089e-19 -9.23673 -4.20556 2.0327 -7.22421 -12.8396 13.2549 0.852353 -38.7721 -0.655187 0.428439 1.59984 0.0219443 2.32622 -40.4017 -6.04875 0.598705 4.97457 -14.9024 -0.779096 -9.8844 12.4959 -1.98785e-16 -5.8393e-16 -1.27595e-14 
12.1389 94.7848 9.47146 6.62158 5.75283 -10.916 0 5.07867 -1.15138 -0.164277 -2.16404 -1.28657 0 5.61661 1.07143 0.275832 -1.0443 -1.35799 -1.02604e-17 5.98978 0.11501 0.443278 1.0892 -1.31863 -1.10457e-17 6.50583 -0.443523 0.700462 4.2288 -1.29713 -1.97295e-17 7.60548 -1.50593 0.598171 5.67786 -1.4253 -2.53307e-17 9.49737 -0.914492 0.321097 6.25523 -1.67332 -2.90401e-17 10.5513 1.57691 -0.0232842 0.0725935 -0.431396 -1.29193e-17 4.78644 0.715339 0.945578 15.3856 8.1165 -1.8116e-17 4.82109 0.421791 0.545763 -8.15823 3.81663 -2.00958e-17 4.83041 0.765062 -4.23615 -14.8695 7.34414 1.23299 -7.60731 7.53374 -1.12746 -4.16527 3.46188 12.9547 3.2495 -3.26872 -67.8986 -13.1581 -4.65668 29.2081 0.0598081 0.137039 5.39954 -1.26486 -26.9429 24.234 0.0496219 0.113701 1.81637 -15.2198 0.661907 -1.23299 -7.60729 7.53365 -16.3806 -4.29384 -6.55576 -12.9547 3.2495 -3.26872 94.7937 -1.88585 2.47431 -29.2081 0.0598081 0.137039 -10.1022 -5.48297 57.4864 -24.234 0.0496218 0.113702 -1.96062 -10.4756 -4.27456 9.23673 -4.20556 2.0327 -10.335 -31.1543 -12.6163 -0.852353 -38.7721 -0.655187 -9.89148 33.2123 2.35687 -2.32622 -40.4017 -6.04875 2.98362 -0.564799 14.4001 0.779096 -9.8844 12.4959 7.01791e-16 -7.68007e-16 -1.47074e-17 -9.23673 -4.20556 2.0327 -7.44546 -14.7006 12.5988 0.852353 -38.7721 -0.655187 0.566294 2.11485 0.0264647 2.32622 -40.4017 -6.04875 1.6455 5.79925 -15.0583 -0.779096 -9.8844 12.4959 -4.05091e-16 -5.74259e-16 -1.27498e-14 
12.8235 94.7355 8.65086 6.55267 6.39503 -11.1007 0 5.07867 -1.15138 -0.290624 -1.68636 -1.58773 0 5.61661 1.07143 0.234679 -0.712292 -1.6501 -1.02604e-17 5.98978 0.11501 0.438236 1.2375 -1.60025 -1.10457e-17 6.50583 -0.443523 0.746865 4.07605 -1.56481 -1.97295e-17 7.60548 -1.50593 0.635143 5.34342 -1.70234 -2.53307e-17 9.49737 -0.914492 0.307751 5.75944 -1.97034 -2.90401e-17 10.5513 1.57691 -0.0197202 0.127817 -0.444108 -1.29193e-17 4.78644 0.715339 1.15977 15.3021 8.3774 -1.8116e-17 4.82109 0.421791 0.598073 -8.13828 3.95603 -2.00958e-17 4.83041 0.765062 -3.87713 -14.6171 8.65637 1.23299 -7.60731 7.53374 -1.09435 -3.5181 3.03953 12.9547 3.2495 -3.26872 -69.9134 -5.83292 -5.36384 29.2081 0.0598081 0.137039 4.91117 -1.03355 -24.3478 24.234 0.0496219 0.113701 2.41932 -17.3646 0.0665383 -1.23299 -7.60729 7.53365 -18.2962 -3.62706 -6.79786 -12.9547 3.2495 -3.26872 98.8272 3.15133 0.993297 -29.2081 0.0598081 0.137039 -9.26396 -4.34119 50.7343 -24.234 0.0496218 0.113702 -3.95434 -10.2793 -3.63375 9.23673 -4.20556 2.0327 -9.89362 -29.9807 -11.8865 -0.852353 -38.7721 -0.655187 -10.1301 33.8464 2.47749 -2.32622 -40.4017 -6.04875 2.55908 -2.02363 14.6893 0.779096 -9.8844 12.4959 -8.73444e-16 -8.35634e-16 5.29197e-17 -9.23673 -4.20556 2.0327 -7.56345 -16.4789 11.5524 0.852353 -38.7721 -0.655187 0.726721 2.71413 0.0301654 2.32622 -40.4017 -6.04875 1.74402 6.49171 -15.0361 -0.779096 -9.8844 12.4959 -1.30338e-15 -5.33764e-16 -1.27093e-14 
13.5055 94.6771 7.80034 6.32597 6.62433 -11.1157 0 5.07867 -1.15138 -0.268925 -1.22926 -1.61219 0 5.61661 1.07143 0.25625 -0.417887 -1.6582 -1.02604e-17 5.98978 0.11501 0.44474 1.28799 -1.59593 -1.10457e-17 6.50583 -0.443523 0.748833 3.77005 -1.56004 -1.97295e-17 7.60548 -1.50593 0.634301 4.83144 -1.69967 -2.53307e-17 9.49737 -0.914492 0.309487 5.0752 -1.96964 -2.90401e-17 10.5513 1.57691 -0.00809104 0.219704 -0.436048 -1.29193e-17 4.78644 0.715339 1.32542 15.6185 8.17476 -1.8116e-17 4.82109 0.421791 0.976056 -7.51612 3.85749 -2.00958e-17 4.83041 0.765062 -3.58923 -14.5744 8.7458 1.23299 -7.60731 7.53374 -0.783232 -2.987 2.83198 12.9547 3.2495 -3.26872 -69.1905 -0.142445 -6.21584 29.2081 0.0598081 0.137039 4.24285 -0.759272 -20.8755 24.234 0.0496219 0.113701 -1.37476 -16.3661 -2.67753 -1.23299 -7.60729 7.53365 -19.8792 -2.9929 -7.13168 -12.9547 3.2495 -3.26872 99.8307 6.20396 0.315857 -29.2081 0.0598081 0.137039 -8.17467 -3.18953 43.1657 -24.234 0.0496218 0.113702 -3.92738 -11.5715 -3.65747 9.23673 -4.20556 2.0327 -9.61381 -27.9956 -11.8105 -0.852353 -38.7721 -0.655187 -10.0276 33.5752 2.4254 -2.32622 -40.4017 -6.04875 2.33372 -2.8587 14.8376 0.779096 -9.8844 12.4959 -3.42645e-16 -8.09376e-16 2.66618e-17 -9.23673 -4.20556 2.0327 -7.75734 -17.9613 10.175 0.852353 -38.7721 -0.655187 0.978214 3.65319 0.0325871 2.32622 -40.4017 -6.04875 2.19961 7.15442 -15.046 -0.779096 -9.8844 12.4959 -8.45658e-16 -5.54985e-16 -1.27305e-14 
14.1957 94.6374 7.02445 6.11998 6.70224 -10.9397 0 5.07867 -1.15138 -0.144314 -1.19102 -1.74554 0 5.61661 1.07143 0.372594 -0.395735 -1.73367 -1.02604e-17 5.98978 0.11501 0.539911 1.29419 -1.65263 -1.10457e-17 6.50583 -0.443523 0.828414 3.75484 -1.60916 -1.97295e-17 7.60548 -1.50593 0.697773 4.8009 -1.76848 -2.53307e-17 9.49737 -0.914492 0.342756 5.00818 -2.05796 -2.90401e-17 10.5513 1.57691 0.00448278 0.248867 -0.407709 -1.29193e-17 4.78644 0.715339 1.46609 15.746 8.03306 -1.8116e-17 4.82109 0.421791 1.04053 -7.36177 3.79441 -2.00958e-17 4.83041 0.765062 -3.71287 -14.4326 8.65137 1.23299 -7.60731 7.53374 -0.90454 -2.5943 2.39159 12.9547 3.2495 -3.26872 -68.8164 7.78779 -7.88622 29.2081 0.0598081 0.137039 3.99671 -0.669936 -19.6163 24.234 0.0496219 0.113701 -3.24682 -17.0797 -3.98844 -1.23299 -7.60729 7.53365 -20.098 -2.62168 -6.87091 -12.9547 3.2495 -3.26872 100.16 8.78627 0.0393077 -29.2081 0.0598081 0.137039 -7.06842 -2.28038 36.3158 -24.234 0.0496218 0.113702 -4.70874 -12.176 -3.34884 9.23673 -4.20556 2.0327 -9.43776 -25.3424 -11.8725 -0.852353 -38.7721 -0.655187 -9.50632 32.1693 2.16725 -2.32622 -40.4017 -6.04875 2.27021 -3.9065 14.9476 0.779096 -9.8844 12.4959 1.90955e-15 -7.14617e-16 -6.80975e-17 -9.23673 -4.20556 2.0327 -8.08407 -19.4227 8.90473 0.852353 -38.7721 -0.655187 1.33484 4.98306 0.0289438 2.32622 -40.4017 -6.04875 2.5387 8.0177 -15.0614 -0.779096 -9.8844 12.4959 2.36288e-15 -6.94807e-16 -1.28704e-14 
14.8924 94.6194 6.38898 6.00882 6.7821 -10.6448 0 5.07867 -1.15138 0.261505 -2.23511 -2.19449 0 5.61661 1.07143 0.787611 -1.0519 -2.05109 -1.02604e-17 5.98978 0.11501 0.914923 1.18994 -1.95022 -1.10457e-17 6.50583 -0.443523 1.15307 4.51232 -1.86552 -1.97295e-17 7.60548 -1.50593 0.930209 5.99607 -2.08475 -2.53307e-17 9.49737 -0.914492 0.405657 6.41709 -2.45287 -2.90401e-17 10.5513 1.57691 -0.0134093 0.116343 -0.325329 -1.29193e-17 4.78644 0.715339 1.34488 14.9742 8.01268 -1.8116e-17 4.82109 0.421791 0.702525 -7.3963 3.77589 -2.00958e-17 4.83041 0.765062 -5.05548 -14.7433 9.06563 1.23299 -7.60731 7.53374 -0.83673 -3.17398 2.4122 12.9547 3.2495 -3.26872 -76.6633 13.3523 -13.0602 29.2081 0.0598081 0.137039 4.2654 -0.767767 -20.9914 24.234 0.0496219 0.113701 1.25526 -12.7793 0.446111 -1.23299 -7.60729 7.53365 -17.5072 -3.18043 -5.89771 -12.9547 3.2495 -3.26872 99.8768 9.37616 1.62659 -29.2081 0.0598081 0.137039 -6.13445 -1.66623 30.9595 -24.234 0.0496218 0.113702 -7.00236 -8.68366 -3.78479 9.23673 -4.20556 2.0327 -9.38315 -22.4738 -12.0253 -0.852353 -38.7721 -0.655187 -8.69416 29.89 1.7887 -2.32622 -40.4017 -6.04875 1.87317 -4.40017 15.0792 0.779096 -9.8844 12.4959 1.20253e-15 -7.49135e-16 -3.35792e-17 -9.23673 -4.20556 2.0327 -8.51953 -20.6733 8.39597 0.852353 -38.7721 -0.655187 1.64583 6.13999 0.0189959 2.32622 -40.4017 -6.04875 2.56991 8.86755 -15.0537 -0.779096 -9.8844 12.4959 8.06125e-17 -5.98638e-16 -1.27742e-14 
15.5825 94.6273 5.8992 5.92876 6.72558 -10.1935 0 5.07867 -1.15138 0.877434 -2.13902 -2.28852 0 5.61661 1.07143 1.26718 -1.01677 -2.05008 -1.02604e-17 5.98978 0.11501 1.24008 1.0799 -1.93639 -1.10457e-17 6.50583 -0.443523 1.32692 4.36648 -1.83401 -1.97295e-17 7.60548 -1.50593 0.950557 5.75609 -2.07527 -2.53307e-17 9.49737 -0.914492 0.268252 5.89402 -2.40305 -2.90401e-17 10.5513 1.57691 -0.00796227 0.166785 -0.228702 -1.29193e-17 4.78644 0.715339 1.13266 14.1824 8.15096 -1.8116e-17 4.82109 0.421791 0.657824 -6.25406 3.79246 -2.00958e-17 4.83041 0.765062 -6.02831 -14.2488 7.30145 1.23299 -7.60731 7.53374 1.25376 -3.40945 2.9147 12.9547 3.2495 -3.26872 -85.2435 16.8282 -16.6162 29.2081 0.0598081 0.137039 4.2327 -0.755471 -20.8234 24.234 0.0496219 0.113701 1.97747 -3.51174 2.08634 -1.23299 -7.60729 7.53365 -18.0047 -3.23511 -5.26198 -12.9547 3.2495 -3.26872 92.1072 12.1661 3.23906 -29.2081 0.0598081 0.137039 -5.31572 -1.22311 26.4922 -24.234 0.0496218 0.113702 -1.97989 -14.5156 -6.70145 9.23673 -4.20556 2.0327 -9.90288 -18.9532 -14.0598 -0.852353 -38.7721 -0.655187 -7.41699 26.0877 1.25587 -2.32622 -40.4017 -6.04875 1.56028 -3.53574 15.0544 0.779096 -9.8844 12.4959 2.48481e-17 -7.95139e-16 1.2424e-17 -9.23673 -4.20556 2.0327 -9.18953 -21.5428 7.29619 0.852353 -38.7721 -0.655187 1.92328 7.16921 0.00480654 2.32622 -40.4017 -6.04875 2.88777 9.47721 -15.0914 -0.779096 -9.8844 12.4959 -1.59779e-15 -5.24564e-16 -1.27001e-14 
16.2688 94.6461 5.56617 5.79525 6.65067 -9.52836 0 5.07867 -1.15138 1.22487 -2.44272 -2.04571 0 5.61661 1.07143 1.43041 -1.20076 -1.72684 -1.02604e-17 5.98978 0.11501 1.30297 1.05069 -1.59083 -1.10457e-17 6.50583 -0.443523 1.26951 4.55171 -1.48395 -1.97295e-17 7.60548 -1.50593 0.864765 6.13713 -1.71103 -2.53307e-17 9.49737 -0.914492 0.208095 6.58803 -2.03706 -2.90401e-17 10.5513 1.57691 -0.0444433 0.173018 -0.103215 -1.29193e-17 4.78644 0.715339 1.12593 11.687 6.38402 -1.8116e-17 4.82109 0.421791 0.436277 -6.84368 2.93938 -2.00958e-17 4.83041 0.765062 -4.68826 -12.4539 6.84105 1.23299 -7.60731 7.53374 -0.0625266 -2.8245 1.12775 12.9547 3.2495 -3.26872 -82.4244 20.5125 -20.6629 29.2081 0.0598081 0.137039 3.70217 -0.57099 -18.1217 24.234 0.0496219 0.113701 -0.160664 2.70276 -2.71471 -1.23299 -7.60729 7.53365 -12.006 -2.49563 -2.90036 -12.9547 3.2495 -3.26872 81.9477 16.2992 4.93676 -29.2081 0.0598081 0.137039 -4.0064 -0.673222 19.6644 -24.234 0.0496218 0.113702 -0.28127 -24.2508 -4.46402 9.23673 -4.20556 2.0327 -10.6427 -14.9181 -18.3181 -0.852353 -38.7721 -0.655187 -5.70301 20.5847 0.672666 -2.32622 -40.4017 -6.04875 0.455506 -3.15812 15.2155 0.779096 -9.8844 12.4959 -6.9719e-16 -8.27373e-16 4.46579e-17 -9.23673 -4.20556 2.0327 -9.88252 -22.3853 6.23424 0.852353 -38.7721 -0.655187 2.27365 8.46379 -0.0202482 2.32622 -40.4017 -6.04875 3.09514 10.3734 -15.1194 -0.779096 -9.8844 12.4959 -3.21811e-15 -4.51834e-16 -1.26274e-14 
16.8989 94.5679 5.34835 5.56085 6.75238 -9.09352 0 5.07867 -1.15138 1.5117 -2.70516 -1.94015 0 5.61661 1.07143 1.62175 -1.36199 -1.56228 -1.02604e-17 5.98978 0.11501 1.43366 0.993029 -1.40488 -1.10457e-17 6.50583 -0.443523 1.32287 4.65565 -1.29515 -1.97295e-17 7.60548 -1.50593 0.889183 6.40746 -1.52981 -2.53307e-17 9.49737 -0.914492 0.236574 7.12983 -1.87182 -2.90401e-17 10.5513 1.57691 -0.04288 0.236376 0.00872642 -1.29193e-17 4.78644 0.715339 1.24563 9.06073 5.64913 -1.8116e-17 4.82109 0.421791 0.268335 -6.89584 2.59141 -2.00958e-17 4.83041 0.765062 -4.5184 -10.7478 5.94063 1.23299 -7.60731 7.53374 -2.4476 -1.81003 -0.920725 12.9547 3.2495 -3.26872 -73.4877 27.2671 -25.1753 29.2081 0.0598081 0.137039 3.8152 -0.607962 -18.6938 24.234 0.0496219 0.113701 -1.15825 3.18285 -6.5026 -1.23299 -7.60729 7.53365 -7.14561 -1.22611 -0.440037 -12.9547 3.2495 -3.26872 74.1855 19.5592 6.24478 -29.2081 0.0598081 0.137039 -3.13171 -0.403027 15.2584 -24.234 0.0496218 0.113702 1.80646 -32.9284 -2.81662 9.23673 -4.20556 2.0327 -10.8132 -11.7414 -21.8841 -0.852353 -38.7721 -0.655187 -4.11092 15.1096 0.279994 -2.32622 -40.4017 -6.04875 -0.408248 -2.13123 15.3034 0.779096 -9.8844 12.4959 -2.86129e-15 -9.22602e-16 1.39888e-16 -9.23673 -4.20556 2.0327 -10.4407 -23.5889 5.49358 0.852353 -38.7721 -0.655187 2.73987 10.1755 -0.0658725 2.32622 -40.4017 -6.04875 3.55498 10.8993 -15.228 -0.779096 -9.8844 12.4959 -6.88436e-15 -2.90791e-16 -1.24696e-14 
17.4078 94.2759 5.12697 5.47766 6.84958 -9.03391 0 5.07867 -1.15138 1.5438 -2.71251 -1.86906 0 5.61661 1.07143 1.63284 -1.33368 -1.478 -1.02604e-17 5.98978 0.11501 1.44598 0.983601 -1.30807 -1.10457e-17 6.50583 -0.443523 1.31927 4.6287 -1.19909 -1.97295e-17 7.60548 -1.50593 0.887472 6.44784 -1.43261 -2.53307e-17 9.49737 -0.914492 0.259302 7.40079 -1.78929 -2.90401e-17 10.5513 1.57691 -0.0326592 0.338635 0.135841 -1.29193e-17 4.78644 0.715339 1.57206 3.55531 5.51837 -1.8116e-17 4.82109 0.421791 0.118705 -6.19041 2.54383 -2.00958e-17 4.83041 0.765062 -4.126 -6.84909 5.25028 1.23299 -7.60731 7.53374 -5.37926 -0.214636 -3.08036 12.9547 3.2495 -3.26872 -62.4971 33.9154 -28.2885 29.2081 0.0598081 0.137039 5.03264 -1.08858 -24.9883 24.234 0.0496219 0.113701 -0.0479598 2.22747 -7.56614 -1.23299 -7.60729 7.53365 -2.00426 0.720575 2.32532 -12.9547 3.2495 -3.26872 67.2398 23.8694 6.69434 -29.2081 0.0598081 0.137039 -3.08109 -0.389611 15.0063 -24.234 0.0496218 0.113702 2.28901 -42.8342 -3.70001 9.23673 -4.20556 2.0327 -10.5129 -9.65592 -23.5707 -0.852353 -38.7721 -0.655187 -2.83501 10.5229 0.0768964 -2.32622 -40.4017 -6.04875 -1.27241 -0.305336 15.2812 0.779096 -9.8844 12.4959 -2.02108e-15 -8.83452e-16 1.00738e-16 -9.23673 -4.20556 2.0327 -11.0265 -24.97 4.54702 0.852353 -38.7721 -0.655187 3.2999 12.211 -0.139051 2.32622 -40.4017 -6.04875 3.57945 10.3605 -15.2755 -0.779096 -9.8844 12.4959 -6.05716e-15 -3.24497e-16 -1.25093e-14 
17.8656 94.0324 4.89634 5.78296 6.47249 -8.82478 0 5.07867 -1.15138 1.17203 -3.09244 -1.91163 0 5.61661 1.07143 1.32487 -1.51865 -1.56849 -1.02604e-17 5.98978 0.11501 1.23301 1.02051 -1.4044 -1.10457e-17 6.50583 -0.443523 1.2001 5.07581 -1.29674 -1.97295e-17 7.60548 -1.50593 0.836759 7.21946 -1.51601 -2.53307e-17 9.49737 -0.914492 0.266883 8.49034 -1.90162 -2.90401e-17 10.5513 1.57691 -0.0454042 0.324904 0.226362 -1.29193e-17 4.78644 0.715339 1.99815 -2.59359 6.0861 -1.8116e-17 4.82109 0.421791 0.14482 -5.96266 2.8169 -2.00958e-17 4.83041 0.765062 -3.74621 -2.89409 4.62057 1.23299 -7.60731 7.53374 -7.31427 0.482381 -4.26421 12.9547 3.2495 -3.26872 -54.0062 37.1467 -30.753 29.2081 0.0598081 0.137039 6.82964 -2.11144 -34.9167 24.234 0.0496219 0.113701 1.12246 4.10061 -4.84819 -1.23299 -7.60729 7.53365 2.02132 1.76118 4.43111 -12.9547 3.2495 -3.26872 62.3165 27.2485 8.11122 -29.2081 0.0598081 0.137039 -3.11983 -0.399845 15.1992 -24.234 0.0496218 0.113702 1.85837 -50.5397 -5.55461 9.23673 -4.20556 2.0327 -10.507 -8.0714 -24.1196 -0.852353 -38.7721 -0.655187 -2.02993 7.56392 0.00197855 -2.32622 -40.4017 -6.04875 -2.90278 1.27268 15.5333 0.779096 -9.8844 12.4959 1.21756e-15 -7.45443e-16 -3.72721e-17 -9.23673 -4.20556 2.0327 -12.0662 -25.803 3.81953 0.852353 -38.7721 -0.655187 3.84268 14.1581 -0.228852 2.32622 -40.4017 -6.04875 3.46085 9.71011 -15.3134 -0.779096 -9.8844 12.4959 8.45703e-16 -6.25301e-16 -1.28009e-14 
18.3107 93.8886 4.77121 6.38276 5.48571 -8.07358 0 5.07867 -1.15138 0.610026 -3.46348 -2.04305 0 5.61661 1.07143 0.885586 -1.70587 -1.77395 -1.02604e-17 5.98978 0.11501 0.934414 1.09542 -1.62078 -1.10457e-17 6.50583 -0.443523 1.0514 5.60161 -1.51147 -1.97295e-17 7.60548 -1.50593 0.78639 8.10112 -1.71383 -2.53307e-17 9.49737 -0.914492 0.295118 9.63392 -2.15156 -2.90401e-17 10.5513 1.57691 -0.0722074 0.275813 0.279751 -1.29193e-17 4.78644 0.715339 2.43376 -7.35956 6.6743 -1.8116e-17 4.82109 0.421791 0.279065 -5.69852 3.07129 -2.00958e-17 4.83041 0.765062 -3.70973 -0.128126 4.18813 1.23299 -7.60731 7.53374 -7.8252 0.528213 -4.67308 12.9547 3.2495 -3.26872 -49.1101 38.4846 -33.1263 29.2081 0.0598081 0.137039 8.29514 -3.30287 -43.9567 24.234 0.0496219 0.113701 1.65537 7.12675 -1.31855 -1.23299 -7.60729 7.53365 4.48326 2.11467 5.8636 -12.9547 3.2495 -3.26872 59.1448 29.5711 9.92761 -29.2081 0.0598081 0.137039 -3.02812 -0.375825 14.7428 -24.234 0.0496218 0.113702 1.51628 -55.7961 -7.35513 9.23673 -4.20556 2.0327 -11.0672 -6.53384 -24.8812 -0.852353 -38.7721 -0.655187 -1.50265 5.60772 -0.0243583 -2.32622 -40.4017 -6.04875 -4.06372 3.40866 15.7189 0.779096 -9.8844 12.4959 9.08111e-16 -7.58336e-16 -2.43786e-17 -9.23673 -4.20556 2.0327 -13.6799 -25.3707 2.65209 0.852353 -38.7721 -0.655187 4.19348 15.401 -0.296623 2.32622 -40.4017 -6.04875 3.54545 8.8113 -15.4239 -0.779096 -9.8844 12.4959 -3.49751e-15 -4.37126e-16 -1.26159e-14 
18.7188 93.9072 4.59152 7.07143 4.43224 -6.84928 0 5.07867 -1.15138 0.0875788 -4.00544 -2.14412 0 5.61661 1.07143 0.46948 -2.06771 -1.91933 -1.02604e-17 5.98978 0.11501 0.645275 1.06503 -1.76293 -1.10457e-17 6.50583 -0.443523 0.900285 6.07613 -1.64148 -1.97295e-17 7.60548 -1.50593 0.742311 8.98377 -1.82461 -2.53307e-17 9.49737 -0.914492 0.360707 10.7577 -2.32825 -2.90401e-17 10.5513 1.57691 -0.0850144 0.231959 0.314222 -1.29193e-17 4.78644 0.715339 2.51527 -8.84585 6.80561 -1.8116e-17 4.82109 0.421791 0.486826 -5.79777 3.12501 -2.00958e-17 4.83041 0.765062 -4.06321 0.398246 3.49495 1.23299 -7.60731 7.53374 -7.0512 -0.0863785 -4.3553 12.9547 3.2495 -3.26872 -44.6986 39.4415 -37.4652 29.2081 0.0598081 0.137039 8.87135 -3.89063 -47.8854 24.234 0.0496219 0.113701 1.81922 8.0386 -0.904727 -1.23299 -7.60729 7.53365 5.98516 2.03169 6.6019 -12.9547 3.2495 -3.26872 57.8859 30.7228 11.0272 -29.2081 0.0598081 0.137039 -2.76452 -0.311108 13.4358 -24.234 0.0496218 0.113702 1.58954 -58.8908 -7.97672 9.23673 -4.20556 2.0327 -11.8979 -5.32493 -26.212 -0.852353 -38.7721 -0.655187 -1.23303 4.60367 -0.03083 -2.32622 -40.4017 -6.04875 -4.21031 5.14034 15.6632 0.779096 -9.8844 12.4959 -1.72867e-15 -8.725e-16 8.65619e-17 -9.23673 -4.20556 2.0327 -15.4069 -24.3833 1.23973 0.852353 -38.7721 -0.655187 4.34284 15.9262 -0.32777 2.32622 -40.4017 -6.04875 3.605 8.58583 -15.4998 -0.779096 -9.8844 12.4959 -5.58851e-15 -3.46934e-16 -1.25317e-14 
19.0435 93.9961 4.23909 7.71057 3.3807 -6.09659 0 5.07867 -1.15138 -0.381722 -4.27304 -2.20779 0 5.61661 1.07143 0.0969795 -2.24132 -2.0185 -1.02604e-17 5.98978 0.11501 0.382614 1.08935 -1.86032 -1.10457e-17 6.50583 -0.443523 0.754947 6.38464 -1.72881 -1.97295e-17 7.60548 -1.50593 0.696 9.54347 -1.89511 -2.53307e-17 9.49737 -0.914492 0.423615 11.4781 -2.46159 -2.90401e-17 10.5513 1.57691 -0.0950587 0.198399 0.334922 -1.29193e-17 4.78644 0.715339 2.52339 -9.19753 6.8705 -1.8116e-17 4.82109 0.421791 0.730197 -5.92044 3.15638 -2.00958e-17 4.83041 0.765062 -4.65204 0.41835 3.26222 1.23299 -7.60731 7.53374 -6.40279 -0.517131 -4.20973 12.9547 3.2495 -3.26872 -41.6191 39.3524 -41.7466 29.2081 0.0598081 0.137039 9.07234 -4.11572 -49.3246 24.234 0.0496219 0.113701 2.49831 7.85585 -1.19079 -1.23299 -7.60729 7.53365 6.951 1.99257 7.02137 -12.9547 3.2495 -3.26872 58.4445 30.6779 11.2632 -29.2081 0.0598081 0.137039 -2.5368 -0.260293 12.3121 -24.234 0.0496218 0.113702 1.13588 -59.0277 -8.21233 9.23673 -4.20556 2.0327 -12.5977 -4.50283 -26.8797 -0.852353 -38.7721 -0.655187 -1.1222 4.19045 -0.0321147 -2.32622 -40.4017 -6.04875 -4.41253 6.57074 15.6313 0.779096 -9.8844 12.4959 -6.21809e-15 -1.07075e-15 2.78837e-16 -9.23673 -4.20556 2.0327 -16.6873 -23.5232 0.712821 0.852353 -38.7721 -0.655187 4.39073 16.094 -0.338042 2.32622 -40.4017 -6.04875 3.85559 9.00918 -15.5836 -0.779096 -9.8844 12.4959 -6.32355e-15 -3.18456e-16 -1.2494e-14 
19.3834 94.0504 3.85839 7.97651 2.85051 -5.11821 0 5.07867 -1.15138 -0.748729 -4.3799 -2.30544 0 5.61661 1.07143 -0.187646 -2.32584 -2.14403 -1.02604e-17 5.98978 0.11501 0.182778 1.10292 -1.99251 -1.10457e-17 6.50583 -0.443523 0.650966 6.54024 -1.85564 -1.97295e-17 7.60548 -1.50593 0.65642 9.83513 -2.00623 -2.53307e-17 9.49737 -0.914492 0.445858 11.8552 -2.61993 -2.90401e-17 10.5513 1.57691 -0.107167 0.171567 0.345182 -1.29193e-17 4.78644 0.715339 2.3922 -8.93108 6.69758 -1.8116e-17 4.82109 0.421791 0.829416 -6.17581 3.07355 -2.00958e-17 4.83041 0.765062 -4.84193 0.0526508 3.47547 1.23299 -7.60731 7.53374 -5.65504 -0.918597 -3.92085 12.9547 3.2495 -3.26872 -40.1752 38.9759 -45.188 29.2081 0.0598081 0.137039 9.22086 -4.28959 -50.4148 24.234 0.0496219 0.113701 3.21881 7.60212 -0.936438 -1.23299 -7.60729 7.53365 7.51387 1.85333 7.19373 -12.9547 3.2495 -3.26872 59.8417 29.2369 10.8562 -29.2081 0.0598081 0.137039 -2.41209 -0.234443 11.6987 -24.234 0.0496218 0.113702 1.31793 -56.7724 -7.83348 9.23673 -4.20556 2.0327 -13.025 -4.4051 -27.3413 -0.852353 -38.7721 -0.655187 -1.15616 4.31709 -0.0318062 -2.32622 -40.4017 -6.04875 -4.58862 7.39595 15.6325 0.779096 -9.8844 12.4959 -4.02395e-15 -9.74114e-16 1.91399e-16 -9.23673 -4.20556 2.0327 -17.6521 -22.9355 -0.0988514 0.852353 -38.7721 -0.655187 4.37728 16.0469 -0.335143 2.32622 -40.4017 -6.04875 4.22466 9.52838 -15.6848 -0.779096 -9.8844 12.4959 -2.14156e-15 -4.9884e-16 -1.26776e-14 
19.7084 93.9803 3.62056 7.57963 3.17714 -3.60146 0 5.07867 -1.15138 -0.856759 -4.52367 -2.46214 0 5.61661 1.07143 -0.248674 -2.48214 -2.30137 -1.02604e-17 5.98978 0.11501 0.154112 1.00529 -2.16129 -1.10457e-17 6.50583 -0.443523 0.666324 6.53317 -2.02042 -1.97295e-17 7.60548 -1.50593 0.671198 9.9089 -2.16627 -2.53307e-17 9.49737 -0.914492 0.439399 11.9473 -2.82069 -2.90401e-17 10.5513 1.57691 -0.123093 0.162065 0.350644 -1.29193e-17 4.78644 0.715339 2.26822 -8.31536 6.65216 -1.8116e-17 4.82109 0.421791 0.76224 -6.29129 3.04785 -2.00958e-17 4.83041 0.765062 -4.92294 -0.710564 3.22985 1.23299 -7.60731 7.53374 -4.9094 -1.25326 -3.55415 12.9547 3.2495 -3.26872 -40.1829 38.7786 -47.7849 29.2081 0.0598081 0.137039 9.30924 -4.39631 -51.0754 24.234 0.0496219 0.113701 3.95387 7.64602 -0.699876 -1.23299 -7.60729 7.53365 7.7945 1.71429 7.23297 -12.9547 3.2495 -3.26872 61.4202 27.7435 10.0227 -29.2081 0.0598081 0.137039 -2.37203 -0.226432 11.5019 -24.234 0.0496218 0.113702 1.61237 -54.1446 -7.13124 9.23673 -4.20556 2.0327 -12.8957 -4.95199 -28.3597 -0.852353 -38.7721 -0.655187 -1.24982 4.66625 -0.0305654 -2.32622 -40.4017 -6.04875 -4.42878 6.98436 15.6202 0.779096 -9.8844 12.4959 -1.65355e-15 -8.69213e-16 8.64988e-17 -9.23673 -4.20556 2.0327 -18.1721 -22.7141 -1.88368 0.852353 -38.7721 -0.655187 4.34608 15.9375 -0.328459 2.32622 -40.4017 -6.04875 4.44478 9.65722 -15.7547 -0.779096 -9.8844 12.4959 2.56861e-16 -5.97699e-16 -1.27825e-14 
19.9197 93.742 3.50039 6.87166 3.88468 -2.10994 0 5.07867 -1.15138 -0.752577 -4.42403 -2.61381 0 5.61661 1.07143 -0.130914 -2.4915 -2.44956 -1.02604e-17 5.98978 0.11501 0.255725 0.85205 -2.32436 -1.10457e-17 6.50583 -0.443523 0.756992 6.17944 -2.1827 -1.97295e-17 7.60548 -1.50593 0.706431 9.41192 -2.32857 -2.53307e-17 9.49737 -0.914492 0.39189 11.346 -3.00289 -2.90401e-17 10.5513 1.57691 -0.142435 0.220995 0.358691 -1.29193e-17 4.78644 0.715339 2.15132 -7.7671 6.54625 -1.8116e-17 4.82109 0.421791 0.552375 -6.07504 2.97902 -2.00958e-17 4.83041 0.765062 -4.97646 -1.02199 3.01639 1.23299 -7.60731 7.53374 -4.33999 -1.21003 -3.29272 12.9547 3.2495 -3.26872 -41.1356 39.1206 -49.3248 29.2081 0.0598081 0.137039 9.31654 -4.40524 -51.1303 24.234 0.0496219 0.113701 5.02314 7.56472 -0.863395 -1.23299 -7.60729 7.53365 7.77806 1.96093 7.24025 -12.9547 3.2495 -3.26872 63.2607 26.5254 8.6367 -29.2081 0.0598081 0.137039 -2.37025 -0.226076 11.4932 -24.234 0.0496218 0.113702 1.55932 -51.4647 -6.41462 9.23673 -4.20556 2.0327 -12.4433 -5.66829 -29.608 -0.852353 -38.7721 -0.655187 -1.34735 5.02964 -0.0286649 -2.32622 -40.4017 -6.04875 -3.89938 5.50312 15.5404 0.779096 -9.8844 12.4959 -5.63996e-16 -8.22741e-16 4.00261e-17 -9.23673 -4.20556 2.0327 -18.3963 -22.9466 -3.81964 0.852353 -38.7721 -0.655187 4.42965 16.2302 -0.346495 2.32622 -40.4017 -6.04875 4.38037 9.16164 -15.7522 -0.779096 -9.8844 12.4959 -1.53771e-15 -5.20933e-16 -1.26997e-14 
19.8689 93.4659 3.50297 5.89076 4.52772 -1.28908 0 5.07867 -1.15138 -0.526886 -4.18886 -2.68658 0 5.61661 1.07143 0.0803679 -2.38896 -2.51718 -1.02604e-17 5.98978 0.11501 0.420307 0.709476 -2.40569 -1.10457e-17 6.50583 -0.443523 0.870242 5.67551 -2.26649 -1.97295e-17 7.60548 -1.50593 0.744558 8.6404 -2.41512 -2.53307e-17 9.49737 -0.914492 0.336009 10.3966 -3.08281 -2.90401e-17 10.5513 1.57691 -0.156465 0.308346 0.369445 -1.29193e-17 4.78644 0.715339 2.05427 -7.19343 6.43542 -1.8116e-17 4.82109 0.421791 0.384433 -5.72619 2.91185 -2.00958e-17 4.83041 0.765062 -5.11951 -1.07646 2.97061 1.23299 -7.60731 7.53374 -3.86408 -0.999838 -3.04727 12.9547 3.2495 -3.26872 -42.8257 39.6632 -49.8019 29.2081 0.0598081 0.137039 9.30294 -4.38861 -51.0279 24.234 0.0496219 0.113701 6.07812 7.58184 -1.16184 -1.23299 -7.60729 7.53365 7.62124 2.41671 7.12436 -12.9547 3.2495 -3.26872 65.1752 24.9834 7.16139 -29.2081 0.0598081 0.137039 -2.3978 -0.231562 11.6285 -24.234 0.0496218 0.113702 1.16752 -48.0093 -6.04391 9.23673 -4.20556 2.0327 -11.5216 -6.26949 -30.4152 -0.852353 -38.7721 -0.655187 -1.44164 5.38072 -0.0262376 -2.32622 -40.4017 -6.04875 -3.19882 3.509 15.4548 0.779096 -9.8844 12.4959 -2.84583e-16 -8.08032e-16 2.5317e-17 -9.23673 -4.20556 2.0327 -17.9406 -23.4739 -5.00787 0.852353 -38.7721 -0.655187 4.57975 16.754 -0.379948 2.32622 -40.4017 -6.04875 4.18669 8.62415 -15.7011 -0.779096 -9.8844 12.4959 5.21329e-16 -6.08719e-16 -1.27935e-14 
19.5692 93.222 3.70997 4.82481 4.87333 -0.884073 0 5.07867 -1.15138 -0.35724 -4.01543 -2.69419 0 5.61661 1.07143 0.235429 -2.31171 -2.52582 -1.02604e-17 5.98978 0.11501 0.535719 0.589184 -2.42744 -1.10457e-17 6.50583 -0.443523 0.940062 5.24637 -2.29304 -1.97295e-17 7.60548 -1.50593 0.759832 7.98912 -2.44106 -2.53307e-17 9.49737 -0.914492 0.288834 9.58915 -3.08993 -2.90401e-17 10.5513 1.57691 -0.164727 0.379028 0.376839 -1.29193e-17 4.78644 0.715339 1.94577 -6.64647 6.26302 -1.8116e-17 4.82109 0.421791 0.241689 -5.51823 2.8194 -2.00958e-17 4.83041 0.765062 -5.03186 -1.088 3.07956 1.23299 -7.60731 7.53374 -3.32537 -0.883324 -2.69331 12.9547 3.2495 -3.26872 -44.9138 40.0592 -49.5733 29.2081 0.0598081 0.137039 9.30631 -4.39272 -51.0532 24.234 0.0496219 0.113701 6.67317 7.93924 -1.32505 -1.23299 -7.60729 7.53365 7.46275 2.76489 6.88445 -12.9547 3.2495 -3.26872 67.0244 22.7991 6.02871 -29.2081 0.0598081 0.137039 -2.41611 -0.235244 11.7185 -24.234 0.0496218 0.113702 0.787053 -43.6323 -5.89668 9.23673 -4.20556 2.0327 -10.3539 -6.55176 -30.7959 -0.852353 -38.7721 -0.655187 -1.53279 5.71983 -0.0233403 -2.32622 -40.4017 -6.04875 -2.44477 1.55043 15.3928 0.779096 -9.8844 12.4959 -7.55286e-16 -8.28719e-16 4.6004e-17 -9.23673 -4.20556 2.0327 -17.056 -23.887 -5.51045 0.852353 -38.7721 -0.655187 4.77819 17.4423 -0.426253 2.32622 -40.4017 -6.04875 4.00458 8.08565 -15.6472 -0.779096 -9.8844 12.4959 -3.61375e-15 -4.34432e-16 -1.26132e-14 
19.1182 93.0429 4.09164 4.1623 4.61008 -0.47239 0 5.07867 -1.15138 -0.395235 -3.86615 -2.6556 0 5.61661 1.07143 0.207771 -2.22908 -2.50882 -1.02604e-17 5.98978 0.11501 0.506554 0.538859 -2.42509 -1.10457e-17 6.50583 -0.443523 0.90755 4.96873 -2.29571 -1.97295e-17 7.60548 -1.50593 0.723493 7.56457 -2.43257 -2.53307e-17 9.49737 -0.914492 0.252566 9.07539 -3.06634 -2.90401e-17 10.5513 1.57691 -0.169746 0.43125 0.379665 -1.29193e-17 4.78644 0.715339 1.78971 -6.0476 5.97302 -1.8116e-17 4.82109 0.421791 0.102727 -5.516 2.66858 -2.00958e-17 4.83041 0.765062 -4.67848 -1.23623 3.14409 1.23299 -7.60731 7.53374 -2.71056 -0.874755 -2.27066 12.9547 3.2495 -3.26872 -46.8117 40.2803 -49.1718 29.2081 0.0598081 0.137039 9.29293 -4.37641 -50.9527 24.234 0.0496219 0.113701 6.81683 8.35096 -1.56236 -1.23299 -7.60729 7.53365 7.43874 2.94703 6.64079 -12.9547 3.2495 -3.26872 68.7321 20.0106 5.28976 -29.2081 0.0598081 0.137039 -2.38649 -0.229299 11.573 -24.234 0.0496218 0.113702 0.415302 -38.8288 -5.72843 9.23673 -4.20556 2.0327 -9.5165 -6.14431 -31.1648 -0.852353 -38.7721 -0.655187 -1.57882 5.89098 -0.0216714 -2.32622 -40.4017 -6.04875 -1.94799 0.230865 15.3819 0.779096 -9.8844 12.4959 9.84314e-18 -7.98831e-16 1.61162e-17 -9.23673 -4.20556 2.0327 -16.4826 -23.7054 -5.78473 0.852353 -38.7721 -0.655187 5.04219 18.3506 -0.491493 2.32622 -40.4017 -6.04875 3.84421 7.40609 -15.6144 -0.779096 -9.8844 12.4959 1.5377e-16 -5.94478e-16 -1.27792e-14 
18.6052 92.8775 4.61773 4.02429 4.05635 -0.0581993 0 5.07867 -1.15138 -0.638788 -3.73093 -2.58935 0 5.61661 1.07143 0.00314263 -2.14785 -2.48747 -1.02604e-17 5.98978 0.11501 0.341978 0.527725 -2.41769 -1.10457e-17 6.50583 -0.443523 0.785672 4.78712 -2.29242 -1.97295e-17 7.60548 -1.50593 0.647432 7.28481 -2.40786 -2.53307e-17 9.49737 -0.914492 0.235369 8.76435 -3.03501 -2.90401e-17 10.5513 1.57691 -0.17136 0.470071 0.380041 -1.29193e-17 4.78644 0.715339 1.62007 -5.2286 5.68532 -1.8116e-17 4.82109 0.421791 0.0609672 -5.64634 2.51646 -2.00958e-17 4.83041 0.765062 -4.33188 -1.75427 3.11294 1.23299 -7.60731 7.53374 -1.97145 -0.950612 -1.73329 12.9547 3.2495 -3.26872 -48.3637 40.5145 -48.7108 29.2081 0.0598081 0.137039 9.27339 -4.35271 -50.8063 24.234 0.0496219 0.113701 6.78408 8.56356 -1.83077 -1.23299 -7.60729 7.53365 7.53432 2.999 6.40963 -12.9547 3.2495 -3.26872 70.296 16.6931 4.86664 -29.2081 0.0598081 0.137039 -2.31695 -0.215646 11.2316 -24.234 0.0496218 0.113702 0.0291244 -33.7236 -5.33004 9.23673 -4.20556 2.0327 -9.16397 -5.373 -31.5745 -0.852353 -38.7721 -0.655187 -1.5961 5.95521 -0.0210094 -2.32622 -40.4017 -6.04875 -1.64907 -0.651981 15.4006 0.779096 -9.8844 12.4959 -6.52142e-16 -8.22272e-16 3.95576e-17 -9.23673 -4.20556 2.0327 -16.478 -23.3285 -6.06152 0.852353 -38.7721 -0.655187 5.42799 19.662 -0.594198 2.32622 -40.4017 -6.04875 3.66743 6.43253 -15.6053 -0.779096 -9.8844 12.4959 -2.55419e-15 -4.82721e-16 -1.26583e-14 
18.0973 92.6488 5.1927 4.14564 3.85353 0.214968 0 5.07867 -1.15138 -1.14802 -3.49163 -2.49583 0 5.61661 1.07143 -0.426232 -1.97625 -2.4727 -1.02604e-17 5.98978 0.11501 0.000323471 0.583764 -2.4072 -1.10457e-17 6.50583 -0.443523 0.539073 4.62291 -2.29334 -1.97295e-17 7.60548 -1.50593 0.500059 6.99592 -2.37196 -2.53307e-17 9.49737 -0.914492 0.213009 8.51528 -2.98054 -2.90401e-17 10.5513 1.57691 -0.159535 0.503865 0.366861 -1.29193e-17 4.78644 0.715339 1.68829 -5.97827 5.44111 -1.8116e-17 4.82109 0.421791 0.215601 -5.68424 2.38768 -2.00958e-17 4.83041 0.765062 -3.50146 -1.44874 3.29716 1.23299 -7.60731 7.53374 -3.00658 -0.382464 -2.24574 12.9547 3.2495 -3.26872 -49.1118 38.9708 -45.501 29.2081 0.0598081 0.137039 9.22914 -4.29947 -50.4762 24.234 0.0496219 0.113701 6.94157 9.59012 -3.88126 -1.23299 -7.60729 7.53365 7.70192 3.28071 6.40162 -12.9547 3.2495 -3.26872 71.8566 13.9031 4.82038 -29.2081 0.0598081 0.137039 -2.2748 -0.20758 11.0249 -24.234 0.0496218 0.113702 -0.152969 -29.5021 -4.17254 9.23673 -4.20556 2.0327 -9.04634 -4.98021 -31.8302 -0.852353 -38.7721 -0.655187 -1.64211 6.12618 -0.0191515 -2.32622 -40.4017 -6.04875 -1.60793 -1.80569 15.5004 0.779096 -9.8844 12.4959 7.16843e-16 -7.64313e-16 -1.84016e-17 -9.23673 -4.20556 2.0327 -16.8765 -23.6281 -6.341 0.852353 -38.7721 -0.655187 6.00265 21.578 -0.763048 2.32622 -40.4017 -6.04875 3.64591 5.19674 -15.652 -0.779096 -9.8844 12.4959 7.50247e-18 -5.936e-16 -1.27692e-14 
17.6224 92.3509 5.74954 4.06577 4.0587 0.199821 0 5.07867 -1.15138 -2.0741 -2.54211 -2.40794 0 5.61661 1.07143 -1.18412 -1.20997 -2.54215 -1.02604e-17 5.98978 0.11501 -0.600951 1.01519 -2.4698 -1.10457e-17 6.50583 -0.443523 0.107791 4.46395 -2.40032 -1.97295e-17 7.60548 -1.50593 0.227282 6.47555 -2.42681 -2.53307e-17 9.49737 -0.914492 0.133969 8.11329 -2.96371 -2.90401e-17 10.5513 1.57691 -0.124186 0.548113 0.317237 -1.29193e-17 4.78644 0.715339 2.71239 -12.9002 5.59495 -1.8116e-17 4.82109 0.421791 0.695051 -4.93296 2.42032 -2.00958e-17 4.83041 0.765062 -1.28872 2.77085 4.06643 1.23299 -7.60731 7.53374 -9.61532 2.70518 -6.21829 12.9547 3.2495 -3.26872 -46.8953 31.1129 -34.9058 29.2081 0.0598081 0.137039 9.29906 -4.38387 -50.9987 24.234 0.0496219 0.113701 7.50718 13.0862 -9.92305 -1.23299 -7.60729 7.53365 8.18537 4.58286 7.24052 -12.9547 3.2495 -3.26872 73.2502 12.992 5.74837 -29.2081 0.0598081 0.137039 -2.38335 -0.22867 11.5576 -24.234 0.0496218 0.113702 0.260563 -27.6476 -1.76447 9.23673 -4.20556 2.0327 -8.68321 -5.19268 -31.7262 -0.852353 -38.7721 -0.655187 -1.78664 6.66273 -0.0124196 -2.32622 -40.4017 -6.04875 -2.38544 -3.8671 15.8363 0.779096 -9.8844 12.4959 7.31848e-16 -7.69822e-16 -1.28929e-17 -9.23673 -4.20556 2.0327 -17.2054 -24.7322 -6.48983 0.852353 -38.7721 -0.655187 6.74584 23.9855 -1.00868 2.32622 -40.4017 -6.04875 4.43139 3.96386 -15.8771 -0.779096 -9.8844 12.4959 6.99498e-16 -6.24425e-16 -1.28e-14 
17.2316 92.0664 6.30003 3.66373 4.39661 0.161534 0 5.07867 -1.15138 -2.7869 -1.347 -2.54082 0 5.61661 1.07143 -1.70169 -0.271407 -2.87341 -1.02604e-17 5.98978 0.11501 -0.981534 1.5891 -2.8245 -1.10457e-17 6.50583 -0.443523 -0.113161 4.46767 -2.82225 -1.97295e-17 7.60548 -1.50593 0.0888111 6.13083 -2.82849 -2.53307e-17 9.49737 -0.914492 0.0638039 7.86192 -3.30444 -2.90401e-17 10.5513 1.57691 -0.102461 0.506949 0.261111 -1.29193e-17 4.78644 0.715339 5.16976 -24.7536 7.19313 -1.8116e-17 4.82109 0.421791 1.24274 -2.86753 2.89361 -2.00958e-17 4.83041 0.765062 0.036558 9.79849 4.81071 1.23299 -7.60731 7.53374 -15.8484 6.47397 -10.2164 12.9547 3.2495 -3.26872 -43.1099 20.9419 -24.8745 29.2081 0.0598081 0.137039 10.0754 -5.44191 -57.2538 24.234 0.0496219 0.113701 6.41917 15.9833 -10.3973 -1.23299 -7.60729 7.53365 8.99108 5.65025 8.21477 -12.9547 3.2495 -3.26872 73.3598 10.9258 8.02019 -29.2081 0.0598081 0.137039 -2.76638 -0.311525 13.4451 -24.234 0.0496218 0.113702 0.613313 -23.7705 -0.930362 9.23673 -4.20556 2.0327 -8.04842 -5.64938 -30.9421 -0.852353 -38.7721 -0.655187 -1.99707 7.44237 -0.000190361 -2.32622 -40.4017 -6.04875 -3.04454 -6.15086 16.1677 0.779096 -9.8844 12.4959 1.40884e-15 -7.39465e-16 -4.32497e-17 -9.23673 -4.20556 2.0327 -17.267 -25.9693 -6.60341 0.852353 -38.7721 -0.655187 7.48586 26.2994 -1.28254 2.32622 -40.4017 -6.04875 5.85334 3.02199 -16.207 -0.779096 -9.8844 12.4959 1.09707e-15 -6.36849e-16 -1.28156e-14 
16.9265 91.8888 6.83412 3.16412 4.50958 0.09424 0 5.07867 -1.15138 -3.26683 -0.916085 -2.60889 0 5.61661 1.07143 -2.03565 0.159512 -3.10104 -1.02604e-17 5.98978 0.11501 -1.21322 2.01684 -3.09137 -1.10457e-17 6.50583 -0.443523 -0.212775 4.96378 -3.15214 -1.97295e-17 7.60548 -1.50593 0.0610637 6.71028 -3.14894 -2.53307e-17 9.49737 -0.914492 0.106534 8.62016 -3.61931 -2.90401e-17 10.5513 1.57691 -0.0608262 0.33255 0.203445 -1.29193e-17 4.78644 0.715339 9.41543 -39.7364 10.1021 -1.8116e-17 4.82109 0.421791 1.98032 -0.864644 3.37755 -2.00958e-17 4.83041 0.765062 0.335899 19.6187 4.94702 1.23299 -7.60731 7.53374 -19.3327 8.99445 -12.7316 12.9547 3.2495 -3.26872 -40.2602 13.1108 -18.8589 29.2081 0.0598081 0.137039 10.7663 -6.64447 -63.8617 24.234 0.0496219 0.113701 4.708 18.0904 -8.09636 -1.23299 -7.60729 7.53365 9.70915 5.39382 8.56995 -12.9547 3.2495 -3.26872 72.3744 9.96588 11.3251 -29.2081 0.0598081 0.137039 -3.21348 -0.425157 15.6661 -24.234 0.0496218 0.113702 0.799403 -21.4327 -1.63636 9.23673 -4.20556 2.0327 -7.37948 -5.66017 -30.112 -0.852353 -38.7721 -0.655187 -2.08058 7.75119 0.00545904 -2.32622 -40.4017 -6.04875 -2.546 -7.44778 16.1931 0.779096 -9.8844 12.4959 5.10556e-16 -7.7076e-16 -1.19551e-17 -9.23673 -4.20556 2.0327 -16.9023 -26.9091 -6.13012 0.852353 -38.7721 -0.655187 8.09727 28.1458 -1.52982 2.32622 -40.4017 -6.04875 6.19279 2.93267 -16.2931 -0.779096 -9.8844 12.4959 1.18521e-15 -6.39604e-16 -1.28244e-14 
16.6503 91.8317 7.37376 2.7872 3.9901 -0.066748 0 5.07867 -1.15138 -3.67067 -1.19146 -2.57886 0 5.61661 1.07143 -2.3379 0.111982 -3.16762 -1.02604e-17 5.98978 0.11501 -1.4217 2.24323 -3.18427 -1.10457e-17 6.50583 -0.443523 -0.297799 5.69754 -3.27999 -1.97295e-17 7.60548 -1.50593 0.0742873 7.85266 -3.27356 -2.53307e-17 9.49737 -0.914492 0.227394 10.0151 -3.77579 -2.90401e-17 10.5513 1.57691 -0.0262603 0.163969 0.152015 -1.29193e-17 4.78644 0.715339 14.3679 -51.2487 13.8939 -1.8116e-17 4.82109 0.421791 2.56352 0.0636816 3.74034 -2.00958e-17 4.83041 0.765062 0.324022 27.7248 4.82485 1.23299 -7.60731 7.53374 -20.5434 9.54793 -13.374 12.9547 3.2495 -3.26872 -38.2711 8.69901 -17.8057 29.2081 0.0598081 0.137039 10.8534 -6.82226 -64.8048 24.234 0.0496219 0.113701 3.76176 18.633 -7.23937 -1.23299 -7.60729 7.53365 10.0689 4.4132 8.31347 -12.9547 3.2495 -3.26872 71.9034 9.72509 14.9783 -29.2081 0.0598081 0.137039 -3.41247 -0.481726 16.6618 -24.234 0.0496218 0.113702 0.309299 -20.1543 -2.21254 9.23673 -4.20556 2.0327 -6.81267 -4.73497 -29.1406 -0.852353 -38.7721 -0.655187 -1.99234 7.42484 -0.000497356 -2.32622 -40.4017 -6.04875 -1.73963 -7.78903 16.0904 0.779096 -9.8844 12.4959 -2.69578e-16 -8.04339e-16 2.16248e-17 -9.23673 -4.20556 2.0327 -16.24 -27.1182 -4.88073 0.852353 -38.7721 -0.655187 8.57408 29.5438 -1.73526 2.32622 -40.4017 -6.04875 5.91364 2.9763 -16.2711 -0.779096 -9.8844 12.4959 5.96354e-16 -6.21202e-16 -1.27968e-14 
16.3085 91.8274 8.03093 2.54849 3.1661 -0.447537 0 5.07867 -1.15138 -3.9908 -1.41126 -2.49302 0 5.61661 1.07143 -2.59728 0.0641278 -3.14685 -1.02604e-17 5.98978 0.11501 -1.61356 2.39234 -3.17928 -1.10457e-17 6.50583 -0.443523 -0.403408 6.20405 -3.29311 -1.97295e-17 7.60548 -1.50593 0.051949 8.66191 -3.28177 -2.53307e-17 9.49737 -0.914492 0.300575 10.9841 -3.8002 -2.90401e-17 10.5513 1.57691 -0.00667537 0.0673633 0.110701 -1.29193e-17 4.78644 0.715339 17.9892 -57.0055 16.8719 -1.8116e-17 4.82109 0.421791 2.96474 0.103009 3.92525 -2.00958e-17 4.83041 0.765062 0.357938 32.0932 4.89876 1.23299 -7.60731 7.53374 -20.8122 9.3041 -13.1785 12.9547 3.2495 -3.26872 -37.2219 6.41132 -18.0133 29.2081 0.0598081 0.137039 10.6716 -6.4594 -62.8718 24.234 0.0496219 0.113701 3.52228 18.5584 -7.29182 -1.23299 -7.60729 7.53365 10.0649 3.50541 7.88086 -12.9547 3.2495 -3.26872 71.8709 10.0899 17.5695 -29.2081 0.0598081 0.137039 -3.53679 -0.518976 17.2863 -24.234 0.0496218 0.113702 -0.267232 -19.8687 -2.02078 9.23673 -4.20556 2.0327 -6.29544 -3.24018 -28.3185 -0.852353 -38.7721 -0.655187 -1.79693 6.7009 -0.0118884 -2.32622 -40.4017 -6.04875 -1.2512 -7.71063 16.0121 0.779096 -9.8844 12.4959 -7.82955e-17 -7.98362e-16 1.56473e-17 -9.23673 -4.20556 2.0327 -15.4103 -27.2475 -3.21755 0.852353 -38.7721 -0.655187 9.17025 31.2393 -2.00703 2.32622 -40.4017 -6.04875 5.11243 1.87597 -16.1239 -0.779096 -9.8844 12.4959 -5.38225e-16 -5.6963e-16 -1.27484e-14 
15.9176 91.7706 8.82424 2.27689 2.86425 -1.01659 0 5.07867 -1.15138 -4.10606 -1.8062 -2.43508 0 5.61661 1.07143 -2.71292 -0.184158 -3.11733 -1.02604e-17 5.98978 0.11501 -1.70454 2.35713 -3.1569 -1.10457e-17 6.50583 -0.443523 -0.45206 6.53779 -3.28058 -1.97295e-17 7.60548 -1.50593 0.039506 9.28189 -3.26491 -2.53307e-17 9.49737 -0.914492 0.329848 11.7224 -3.79013 -2.90401e-17 10.5513 1.57691 0.00498723 -0.0223499 0.0793408 -1.29193e-17 4.78644 0.715339 19.9095 -59.1261 18.5353 -1.8116e-17 4.82109 0.421791 3.2732 -0.440807 4.03152 -2.00958e-17 4.83041 0.765062 -0.0291689 33.9402 5.45253 1.23299 -7.60731 7.53374 -20.5137 8.43661 -12.5007 12.9547 3.2495 -3.26872 -37.5086 5.48432 -18.2699 29.2081 0.0598081 0.137039 10.5874 -6.30092 -62.0171 24.234 0.0496219 0.113701 2.77048 18.6103 -5.63491 -1.23299 -7.60729 7.53365 9.79843 2.46646 7.33937 -12.9547 3.2495 -3.26872 71.8411 10.2514 18.7929 -29.2081 0.0598081 0.137039 -3.79516 -0.601149 18.5907 -24.234 0.0496218 0.113702 -0.384234 -19.5883 -1.47338 9.23673 -4.20556 2.0327 -5.71337 -2.18722 -27.4697 -0.852353 -38.7721 -0.655187 -1.61848 6.03838 -0.0201229 -2.32622 -40.4017 -6.04875 -0.827222 -7.86971 15.9771 0.779096 -9.8844 12.4959 -1.66434e-16 -8.01116e-16 1.84016e-17 -9.23673 -4.20556 2.0327 -14.4433 -28.4654 -1.38339 0.852353 -38.7721 -0.655187 10.0147 33.5408 -2.41884 2.32622 -40.4017 -6.04875 4.09988 -0.599274 -15.9874 -0.779096 -9.8844 12.4959 -2.64233e-15 -4.73989e-16 -1.26588e-14 
15.5108 91.6492 9.72425 1.90789 3.03319 -1.37012 0 5.07867 -1.15138 -4.05959 -2.28346 -2.39597 0 5.61661 1.07143 -2.70749 -0.575615 -3.08236 -1.02604e-17 5.98978 0.11501 -1.70688 2.09981 -3.1212 -1.10457e-17 6.50583 -0.443523 -0.457032 6.49992 -3.24334 -1.97295e-17 7.60548 -1.50593 0.0315722 9.38004 -3.22355 -2.53307e-17 9.49737 -0.914492 0.312914 11.8747 -3.74725 -2.90401e-17 10.5513 1.57691 -0.00335608 -0.0316575 0.0669004 -1.29193e-17 4.78644 0.715339 18.786 -58.1173 17.595 -1.8116e-17 4.82109 0.421791 3.18504 -0.763727 3.91746 -2.00958e-17 4.83041 0.765062 -0.0126417 33.5004 5.99888 1.23299 -7.60731 7.53374 -19.9889 7.55218 -11.583 12.9547 3.2495 -3.26872 -38.8226 6.1878 -18.6443 29.2081 0.0598081 0.137039 10.4612 -6.07378 -60.78 24.234 0.0496219 0.113701 2.21673 18.9315 -3.2169 -1.23299 -7.60729 7.53365 9.52525 1.89385 6.96861 -12.9547 3.2495 -3.26872 71.6902 10.3339 18.4873 -29.2081 0.0598081 0.137039 -4.17168 -0.732664 20.5089 -24.234 0.0496218 0.113702 -0.42128 -19.9289 -0.90628 9.23673 -4.20556 2.0327 -5.03578 -1.55723 -26.7466 -0.852353 -38.7721 -0.655187 -1.47325 5.49835 -0.0252942 -2.32622 -40.4017 -6.04875 -0.327036 -8.46517 15.9549 0.779096 -9.8844 12.4959 3.19275e-16 -7.85938e-16 3.2232e-18 -9.23673 -4.20556 2.0327 -13.4368 -29.8637 0.210033 0.852353 -38.7721 -0.655187 10.5548 34.9517 -2.69787 2.32622 -40.4017 -6.04875 3.34426 -2.75732 -15.9476 -0.779096 -9.8844 12.4959 2.86927e-16 -6.05086e-16 -1.27839e-14 
15.1247 91.5203 10.6886 1.52319 3.50813 -1.39686 0 5.07867 -1.15138 -3.86189 -2.7815 -2.37811 0 5.61661 1.07143 -2.57102 -1.01748 -3.04051 -1.02604e-17 5.98978 0.11501 -1.60486 1.70812 -3.06946 -1.10457e-17 6.50583 -0.443523 -0.399987 6.16983 -3.17848 -1.97295e-17 7.60548 -1.50593 0.0531774 9.04493 -3.16274 -2.53307e-17 9.49737 -0.914492 0.279391 11.5248 -3.67826 -2.90401e-17 10.5513 1.57691 -0.0265351 0.0379441 0.0685769 -1.29193e-17 4.78644 0.715339 15.9276 -54.5495 15.2753 -1.8116e-17 4.82109 0.421791 2.75028 -0.761438 3.7618 -2.00958e-17 4.83041 0.765062 0.0995944 31.0644 6.25043 1.23299 -7.60731 7.53374 -19.4719 6.8775 -10.6045 12.9547 3.2495 -3.26872 -40.3403 7.92605 -19.3636 29.2081 0.0598081 0.137039 10.1237 -5.51645 -57.6769 24.234 0.0496219 0.113701 2.36279 18.9233 -1.66839 -1.23299 -7.60729 7.53365 9.34828 1.83867 6.79899 -12.9547 3.2495 -3.26872 71.3292 10.1841 17.4507 -29.2081 0.0598081 0.137039 -4.59743 -0.898749 22.7059 -24.234 0.0496218 0.113702 -0.764369 -20.6425 -0.640027 9.23673 -4.20556 2.0327 -4.39045 -1.31792 -26.3988 -0.852353 -38.7721 -0.655187 -1.38224 5.15959 -0.0278342 -2.32622 -40.4017 -6.04875 0.0564621 -9.18371 15.9554 0.779096 -9.8844 12.4959 2.48481e-17 -7.95139e-16 1.2424e-17 -9.23673 -4.20556 2.0327 -12.5455 -30.9073 1.44867 0.852353 -38.7721 -0.655187 10.5647 34.9771 -2.70309 2.32622 -40.4017 -6.04875 2.79765 -3.97988 -15.9374 -0.779096 -9.8844 12.4959 -5.96354e-16 -5.59082e-16 -1.27471e-14 
14.7851 91.3819 11.6106 1.24175 4.19626 -1.22021 0 5.07867 -1.15138 -3.57527 -3.32819 -2.37844 0 5.61661 1.07143 -2.35357 -1.49599 -2.99361 -1.02604e-17 5.98978 0.11501 -1.43748 1.27128 -3.00675 -1.10457e-17 6.50583 -0.443523 -0.300354 5.76333 -3.0962 -1.97295e-17 7.60548 -1.50593 0.0984274 8.61577 -3.0904 -2.53307e-17 9.49737 -0.914492 0.243835 11.0463 -3.59652 -2.90401e-17 10.5513 1.57691 -0.0517917 0.129788 0.0726264 -1.29193e-17 4.78644 0.715339 12.7939 -49.5765 12.7797 -1.8116e-17 4.82109 0.421791 2.20626 -0.813974 3.56387 -2.00958e-17 4.83041 0.765062 0.032296 27.4518 6.52312 1.23299 -7.60731 7.53374 -18.9514 6.24595 -9.60314 12.9547 3.2495 -3.26872 -41.7734 10.129 -20.3781 29.2081 0.0598081 0.137039 9.61875 -4.79081 -53.465 24.234 0.0496219 0.113701 2.85148 18.3374 -0.766747 -1.23299 -7.60729 7.53365 9.07381 1.87704 6.63268 -12.9547 3.2495 -3.26872 70.9079 9.94126 16.3458 -29.2081 0.0598081 0.137039 -5.02831 -1.08643 24.964 -24.234 0.0496218 0.113702 -1.32888 -21.1742 -0.757017 9.23673 -4.20556 2.0327 -3.92514 -1.52075 -26.3543 -0.852353 -38.7721 -0.655187 -1.3883 5.18213 -0.0276821 -2.32622 -40.4017 -6.04875 0.446373 -9.87717 15.952 0.779096 -9.8844 12.4959 2.48481e-17 -7.95139e-16 1.2424e-17 -9.23673 -4.20556 2.0327 -11.9156 -31.751 2.42993 0.852353 -38.7721 -0.655187 10.1752 33.965 -2.50052 2.32622 -40.4017 -6.04875 2.44384 -4.37811 -15.9144 -0.779096 -9.8844 12.4959 -3.90076e-16 -5.68751e-16 -1.27535e-14 
14.4928 91.2681 12.4656 1.01246 4.81046 -0.860883 0 5.07867 -1.15138 -3.24925 -3.75315 -2.37778 0 5.61661 1.07143 -2.10176 -1.87922 -2.93616 -1.02604e-17 5.98978 0.11501 -1.24748 0.888567 -2.932 -1.10457e-17 6.50583 -0.443523 -0.192149 5.33891 -3.0012 -1.97295e-17 7.60548 -1.50593 0.141658 8.1326 -3.00467 -2.53307e-17 9.49737 -0.914492 0.199346 10.4683 -3.49572 -2.90401e-17 10.5513 1.57691 -0.0726466 0.22708 0.075762 -1.29193e-17 4.78644 0.715339 10.009 -44.0154 10.5673 -1.8116e-17 4.82109 0.421791 1.68254 -0.990135 3.30383 -2.00958e-17 4.83041 0.765062 -0.0806024 23.3845 6.73534 1.23299 -7.60731 7.53374 -18.3618 5.68143 -8.65096 12.9547 3.2495 -3.26872 -43.0946 12.6126 -21.4447 29.2081 0.0598081 0.137039 9.00199 -4.03563 -48.8163 24.234 0.0496219 0.113701 3.40969 17.1619 -0.136157 -1.23299 -7.60729 7.53365 8.64957 1.91075 6.39737 -12.9547 3.2495 -3.26872 70.6508 9.65071 15.2758 -29.2081 0.0598081 0.137039 -5.39759 -1.26374 26.931 -24.234 0.0496218 0.113702 -1.90509 -21.2952 -0.905392 9.23673 -4.20556 2.0327 -3.58608 -1.87241 -26.5491 -0.852353 -38.7721 -0.655187 -1.48293 5.53435 -0.0249924 -2.32622 -40.4017 -6.04875 0.847113 -10.4288 15.945 0.779096 -9.8844 12.4959 2.48481e-17 -7.95139e-16 1.2424e-17 -9.23673 -4.20556 2.0327 -11.4848 -32.2027 3.22749 0.852353 -38.7721 -0.655187 9.4816 32.1015 -2.1553 2.32622 -40.4017 -6.04875 2.41798 -4.09991 -15.8938 -0.779096 -9.8844 12.4959 -7.49299e-18 -5.86685e-16 -1.27655e-14 
14.2311 91.2091 13.2693 0.793774 5.05767 -0.268359 0 5.07867 -1.15138 -2.92111 -4.01739 -2.37978 0 5.61661 1.07143 -1.84237 -2.12385 -2.88024 -1.02604e-17 5.98978 0.11501 -1.05304 0.623935 -2.8603 -1.10457e-17 6.50583 -0.443523 -0.0808217 4.9953 -2.91068 -1.97295e-17 7.60548 -1.50593 0.185781 7.71427 -2.92471 -2.53307e-17 9.49737 -0.914492 0.159064 9.92609 -3.40063 -2.90401e-17 10.5513 1.57691 -0.0876715 0.31271 0.073452 -1.29193e-17 4.78644 0.715339 7.76179 -38.3108 8.75228 -1.8116e-17 4.82109 0.421791 1.23815 -1.38725 3.0075 -2.00958e-17 4.83041 0.765062 -0.266144 19.2583 6.87851 1.23299 -7.60731 7.53374 -17.6363 5.09704 -7.70833 12.9547 3.2495 -3.26872 -44.3908 15.2416 -22.572 29.2081 0.0598081 0.137039 8.26199 -3.2714 -43.7384 24.234 0.0496219 0.113701 3.99736 15.3885 0.0328014 -1.23299 -7.60729 7.53365 8.09034 1.82609 6.05108 -12.9547 3.2495 -3.26872 70.685 9.27997 14.3809 -29.2081 0.0598081 0.137039 -5.67572 -1.40779 28.4341 -24.234 0.0496218 0.113702 -2.48159 -21.051 -0.756152 9.23673 -4.20556 2.0327 -3.30745 -1.99724 -27.0046 -0.852353 -38.7721 -0.655187 -1.62885 6.07692 -0.0197011 -2.32622 -40.4017 -6.04875 1.16948 -10.7289 15.934 0.779096 -9.8844 12.4959 2.48481e-17 -7.95139e-16 1.2424e-17 -9.23673 -4.20556 2.0327 -11.152 -31.9648 3.96547 0.852353 -38.7721 -0.655187 8.55178 29.4792 -1.72542 2.32622 -40.4017 -6.04875 2.64465 -3.22038 -15.8739 -0.779096 -9.8844 12.4959 -3.90076e-16 -5.68751e-16 -1.27535e-14 
13.9407 91.1956 14.0472 0.617666 4.86524 0.389938 0 5.07867 -1.15138 -2.61195 -4.11248 -2.37055 0 5.61661 1.07143 -1.59502 -2.2184 -2.81705 -1.02604e-17 5.98978 0.11501 -0.869074 0.490294 -2.78319 -1.10457e-17 6.50583 -0.443523 0.023468 4.7532 -2.81727 -1.97295e-17 7.60548 -1.50593 0.227569 7.37508 -2.84338 -2.53307e-17 9.49737 -0.914492 0.129052 9.44035 -3.30569 -2.90401e-17 10.5513 1.57691 -0.0962659 0.378188 0.062949 -1.29193e-17 4.78644 0.715339 6.01201 -32.6176 7.27312 -1.8116e-17 4.82109 0.421791 0.936755 -2.0053 2.69241 -2.00958e-17 4.83041 0.765062 -0.573652 15.1979 7.00183 1.23299 -7.60731 7.53374 -16.7606 4.49529 -6.79298 12.9547 3.2495 -3.26872 -45.8522 17.7429 -23.64 29.2081 0.0598081 0.137039 7.41938 -2.54543 -38.4213 24.234 0.0496219 0.113701 4.5071 13.117 -0.265782 -1.23299 -7.60729 7.53365 7.3986 1.59572 5.57604 -12.9547 3.2495 -3.26872 71.0748 8.84597 13.6256 -29.2081 0.0598081 0.137039 -5.88994 -1.52516 29.6059 -24.234 0.0496218 0.113702 -3.05359 -20.4172 -0.304294 9.23673 -4.20556 2.0327 -3.05408 -1.72104 -27.5965 -0.852353 -38.7721 -0.655187 -1.78941 6.673 -0.0122774 -2.32622 -40.4017 -6.04875 1.41906 -10.7806 15.913 0.779096 -9.8844 12.4959 2.48481e-17 -7.95139e-16 1.2424e-17 -9.23673 -4.20556 2.0327 -10.7169 -31.0684 5.05979 0.852353 -38.7721 -0.655187 7.4723 26.2578 -1.27727 2.32622 -40.4017 -6.04875 3.04274 -1.73858 -15.8591 -0.779096 -9.8844 12.4959 -3.16909e-16 -5.73792e-16 -1.27526e-14 
13.576 91.1726 14.8169 0.59458 4.56435 0.997414 0 5.07867 -1.15138 -2.35835 -4.102 -2.32185 0 5.61661 1.07143 -1.40485 -2.23363 -2.72156 -1.02604e-17 5.98978 0.11501 -0.734081 0.407094 -2.67033 -1.10457e-17 6.50583 -0.443523 0.0875948 4.51908 -2.68868 -1.97295e-17 7.60548 -1.50593 0.247938 7.017 -2.72022 -2.53307e-17 9.49737 -0.914492 0.110473 8.92211 -3.16666 -2.90401e-17 10.5513 1.57691 -0.0947955 0.428192 0.0464207 -1.29193e-17 4.78644 0.715339 4.5359 -26.5876 5.87983 -1.8116e-17 4.82109 0.421791 0.810768 -2.79102 2.30657 -2.00958e-17 4.83041 0.765062 -0.920087 10.9088 7.08996 1.23299 -7.60731 7.53374 -15.5026 3.78951 -5.78724 12.9547 3.2495 -3.26872 -47.4192 20.2344 -24.317 29.2081 0.0598081 0.137039 6.568 -1.93595 -33.4078 24.234 0.0496219 0.113701 4.53015 10.3017 -0.880447 -1.23299 -7.60729 7.53365 6.56073 1.26474 4.93526 -12.9547 3.2495 -3.26872 71.8664 8.31749 12.6756 -29.2081 0.0598081 0.137039 -6.08969 -1.6398 30.7104 -24.234 0.0496218 0.113702 -3.52335 -19.4443 0.317193 9.23673 -4.20556 2.0327 -2.90687 -1.33347 -28.1335 -0.852353 -38.7721 -0.655187 -1.95611 7.29076 -0.00279624 -2.32622 -40.4017 -6.04875 1.72026 -10.718 15.8771 0.779096 -9.8844 12.4959 2.48481e-17 -7.95139e-16 1.2424e-17 -9.23673 -4.20556 2.0327 -10.1865 -29.9861 6.76699 0.852353 -38.7721 -0.655187 6.34724 22.7045 -0.873188 2.32622 -40.4017 -6.04875 3.58319 0.206517 -15.8643 -0.779096 -9.8844 12.4959 -1.17023e-15 -5.38394e-16 -1.27232e-14 
13.1375 91.0813 15.5782 0.692063 4.4283 1.55607 0 5.07867 -1.15138 -2.17114 -3.9219 -2.20955 0 5.61661 1.07143 -1.29103 -2.15305 -2.5694 -1.02604e-17 5.98978 0.11501 -0.66538 0.319143 -2.49119 -1.10457e-17 6.50583 -0.443523 0.0931029 4.12343 -2.49151 -1.97295e-17 7.60548 -1.50593 0.237943 6.40883 -2.51556 -2.53307e-17 9.49737 -0.914492 0.11021 8.11071 -2.93574 -2.90401e-17 10.5513 1.57691 -0.0787921 0.489153 0.0317295 -1.29193e-17 4.78644 0.715339 3.24727 -19.652 4.49447 -1.8116e-17 4.82109 0.421791 0.870904 -3.60642 1.84227 -2.00958e-17 4.83041 0.765062 -1.20513 6.0259 6.96028 1.23299 -7.60731 7.53374 -13.6147 2.99113 -4.57114 12.9547 3.2495 -3.26872 -48.6569 23.2343 -24.0519 29.2081 0.0598081 0.137039 5.82942 -1.49158 -29.2751 24.234 0.0496219 0.113701 3.65891 6.51567 -1.75516 -1.23299 -7.60729 7.53365 5.5723 1.04082 4.16955 -12.9547 3.2495 -3.26872 72.9699 7.70905 11.0893 -29.2081 0.0598081 0.137039 -6.2914 -1.76085 31.8381 -24.234 0.0496218 0.113702 -3.73245 -18.3524 0.918495 9.23673 -4.20556 2.0327 -2.84783 -1.12524 -28.5829 -0.852353 -38.7721 -0.655187 -2.14264 7.98044 0.00994961 -2.32622 -40.4017 -6.04875 2.12659 -10.8129 15.8478 0.779096 -9.8844 12.4959 2.48481e-17 -7.95139e-16 1.2424e-17 -9.23673 -4.20556 2.0327 -9.6723 -29.1055 8.76756 0.852353 -38.7721 -0.655187 5.26739 19.1184 -0.55039 2.32622 -40.4017 -6.04875 4.29816 2.45355 -15.8967 -0.779096 -9.8844 12.4959 1.83799e-16 -6.01864e-16 -1.27774e-14 
12.6477 90.9181 16.3205 0.842463 4.4582 2.10796 0 5.07867 -1.15138 -2.11742 -3.59136 -2.12404 0 5.61661 1.07143 -1.2753 -1.96678 -2.46469 -1.02604e-17 5.98978 0.11501 -0.665065 0.295703 -2.3644 -1.10457e-17 6.50583 -0.443523 0.0636334 3.73361 -2.35088 -1.97295e-17 7.60548 -1.50593 0.215208 5.78398 -2.36465 -2.53307e-17 9.49737 -0.914492 0.114289 7.2868 -2.76806 -2.90401e-17 10.5513 1.57691 -0.0635044 0.527314 0.0112942 -1.29193e-17 4.78644 0.715339 2.52007 -14.4118 3.55254 -1.8116e-17 4.82109 0.421791 1.01094 -4.30141 1.48191 -2.00958e-17 4.83041 0.765062 -1.20185 2.37659 6.82532 1.23299 -7.60731 7.53374 -11.8917 2.52985 -3.65529 12.9547 3.2495 -3.26872 -50.377 25.5588 -23.3623 29.2081 0.0598081 0.137039 5.24587 -1.18916 -26.1205 24.234 0.0496219 0.113701 2.97055 3.19835 -2.03022 -1.23299 -7.60729 7.53365 4.46777 0.909271 3.53437 -12.9547 3.2495 -3.26872 74.4631 7.12091 9.43222 -29.2081 0.0598081 0.137039 -6.54418 -1.92031 33.2703 -24.234 0.0496218 0.113702 -3.63147 -17.0614 1.39304 9.23673 -4.20556 2.0327 -2.82826 -1.18066 -28.857 -0.852353 -38.7721 -0.655187 -2.38224 8.86366 0.0296253 -2.32622 -40.4017 -6.04875 2.3445 -11.2672 15.8753 0.779096 -9.8844 12.4959 2.48481e-17 -7.95139e-16 1.2424e-17 -9.23673 -4.20556 2.0327 -9.19913 -28.5423 10.8413 0.852353 -38.7721 -0.655187 4.32425 15.8609 -0.323819 2.32622 -40.4017 -6.04875 5.16645 4.90718 -15.9675 -0.779096 -9.8844 12.4959 -7.87646e-16 -5.56327e-16 -1.27319e-14 
12.1628 90.7392 17.0868 0.959749 4.47494 2.7597 0 5.07867 -1.15138 -2.03292 -3.32846 -2.08997 0 5.61661 1.07143 -1.21533 -1.82219 -2.41103 -1.02604e-17 5.98978 0.11501 -0.625281 0.277988 -2.29811 -1.10457e-17 6.50583 -0.443523 0.0736508 3.43505 -2.27345 -1.97295e-17 7.60548 -1.50593 0.213402 5.31176 -2.2856 -2.53307e-17 9.49737 -0.914492 0.104122 6.62777 -2.68501 -2.90401e-17 10.5513 1.57691 -0.0598461 0.539622 -0.00906767 -1.29193e-17 4.78644 0.715339 2.05888 -10.6594 2.90314 -1.8116e-17 4.82109 0.421791 0.98521 -4.84572 1.20199 -2.00958e-17 4.83041 0.765062 -1.12585 -0.174692 6.74612 1.23299 -7.60731 7.53374 -10.05 2.12724 -2.78053 12.9547 3.2495 -3.26872 -53.3034 27.3689 -22.8343 29.2081 0.0598081 0.137039 4.7542 -0.964858 -23.5247 24.234 0.0496219 0.113701 2.51747 0.611739 -1.58665 -1.23299 -7.60729 7.53365 3.30775 0.703287 2.96767 -12.9547 3.2495 -3.26872 75.8089 6.81042 8.09532 -29.2081 0.0598081 0.137039 -6.77929 -2.07673 34.6229 -24.234 0.0496218 0.113702 -3.49398 -15.9794 1.48146 9.23673 -4.20556 2.0327 -2.80128 -1.28317 -29.1571 -0.852353 -38.7721 -0.655187 -2.66363 9.8965 0.0574566 -2.32622 -40.4017 -6.04875 2.53101 -11.7633 15.9086 0.779096 -9.8844 12.4959 2.48481e-17 -7.95139e-16 1.2424e-17 -9.23673 -4.20556 2.0327 -8.71446 -28.1648 12.831 0.852353 -38.7721 -0.655187 3.67521 13.5603 -0.19918 2.32622 -40.4017 -6.04875 5.79845 7.36419 -16.0174 -0.779096 -9.8844 12.4959 4.20048e-16 -6.09715e-16 -1.27853e-14 
11.7059 90.6013 17.9305 1.05332 4.378 3.53425 0 5.07867 -1.15138 -1.92408 -3.09572 -2.05738 0 5.61661 1.07143 -1.13768 -1.69947 -2.35105 -1.02604e-17 5.98978 0.11501 -0.578616 0.261094 -2.23092 -1.10457e-17 6.50583 -0.443523 0.083015 3.17222 -2.19686 -1.97295e-17 7.60548 -1.50593 0.201434 4.91073 -2.20837 -2.53307e-17 9.49737 -0.914492 0.07289 6.05029 -2.60395 -2.90401e-17 10.5513 1.57691 -0.059814 0.552175 -0.0243771 -1.29193e-17 4.78644 0.715339 1.68483 -7.57409 2.36049 -1.8116e-17 4.82109 0.421791 0.816386 -5.32682 0.945583 -2.00958e-17 4.83041 0.765062 -0.911044 -2.13404 6.49392 1.23299 -7.60731 7.53374 -8.22364 1.83735 -1.97889 12.9547 3.2495 -3.26872 -56.6442 28.603 -22.1609 29.2081 0.0598081 0.137039 4.233 -0.755592 -20.825 24.234 0.0496219 0.113701 2.08619 -1.27979 -1.49559 -1.23299 -7.60729 7.53365 2.2293 0.494996 2.413 -12.9547 3.2495 -3.26872 76.9307 6.48449 6.80837 -29.2081 0.0598081 0.137039 -6.93568 -2.18528 35.5344 -24.234 0.0496218 0.113702 -3.15734 -15.2605 1.59743 9.23673 -4.20556 2.0327 -2.78753 -1.31158 -29.6063 -0.852353 -38.7721 -0.655187 -2.97625 11.0376 0.0943271 -2.32622 -40.4017 -6.04875 2.58051 -11.9866 15.9342 0.779096 -9.8844 12.4959 2.48481e-17 -7.95139e-16 1.2424e-17 -9.23673 -4.20556 2.0327 -8.42007 -27.8074 13.7784 0.852353 -38.7721 -0.655187 3.60224 13.299 -0.186799 2.32622 -40.4017 -6.04875 5.74101 7.9273 -15.9306 -0.779096 -9.8844 12.4959 1.67094e-15 -6.60761e-16 -1.28363e-14 
11.2711 90.4875 18.8155 1.13327 4.32293 4.35565 0 5.07867 -1.15138 -1.81614 -2.80124 -2.03919 0 5.61661 1.07143 -1.06067 -1.54851 -2.3067 -1.02604e-17 5.98978 0.11501 -0.533708 0.244375 -2.18269 -1.10457e-17 6.50583 -0.443523 0.0904387 2.85623 -2.13917 -1.97295e-17 7.60548 -1.50593 0.184012 4.43638 -2.14907 -2.53307e-17 9.49737 -0.914492 0.0306137 5.38739 -2.54172 -2.90401e-17 10.5513 1.57691 -0.0589742 0.586611 -0.0348825 -1.29193e-17 4.78644 0.715339 1.41634 -4.73456 2.03788 -1.8116e-17 4.82109 0.421791 0.607666 -5.69327 0.780214 -2.00958e-17 4.83041 0.765062 -0.693403 -3.87862 6.0775 1.23299 -7.60731 7.53374 -6.54146 1.70343 -1.25627 12.9547 3.2495 -3.26872 -60.1142 29.4842 -21.0031 29.2081 0.0598081 0.137039 3.75727 -0.588854 -18.4003 24.234 0.0496219 0.113701 1.7764 -2.77645 -1.54296 -1.23299 -7.60729 7.53365 1.1674 0.375939 1.92326 -12.9547 3.2495 -3.26872 77.9763 6.07409 5.46482 -29.2081 0.0598081 0.137039 -6.99526 -2.22762 35.8843 -24.234 0.0496218 0.113702 -2.47679 -14.7191 1.97268 9.23673 -4.20556 2.0327 -2.79028 -1.4931 -30.0605 -0.852353 -38.7721 -0.655187 -3.3483 12.3857 0.146308 -2.32622 -40.4017 -6.04875 2.38962 -11.9795 15.9662 0.779096 -9.8844 12.4959 2.48481e-17 -7.95139e-16 1.2424e-17 -9.23673 -4.20556 2.0327 -8.68261 -27.1856 12.23 0.852353 -38.7721 -0.655187 3.97614 14.6324 -0.253741 2.32622 -40.4017 -6.04875 4.44015 4.65758 -15.6085 -0.779096 -9.8844 12.4959 9.56458e-17 -5.93131e-16 -1.27687e-14 
10.813 90.4027 19.7564 1.21711 4.4743 5.11531 0 5.07867 -1.15138 -1.69226 -2.58354 -1.98927 0 5.61661 1.07143 -0.967343 -1.44021 -2.23672 -1.02604e-17 5.98978 0.11501 -0.476412 0.22331 -2.11161 -1.10457e-17 6.50583 -0.443523 0.106182 2.60247 -2.06302 -1.97295e-17 7.60548 -1.50593 0.178339 4.06592 -2.07405 -2.53307e-17 9.49737 -0.914492 0.00753022 4.85856 -2.46697 -2.90401e-17 10.5513 1.57691 -0.0539604 0.612253 -0.0467534 -1.29193e-17 4.78644 0.715339 1.30134 -2.94352 1.78482 -1.8116e-17 4.82109 0.421791 0.558212 -5.95393 0.647994 -2.00958e-17 4.83041 0.765062 -0.799776 -5.02722 5.61246 1.23299 -7.60731 7.53374 -5.42472 1.74266 -0.795588 12.9547 3.2495 -3.26872 -63.2447 29.9417 -19.5609 29.2081 0.0598081 0.137039 3.37978 -0.472342 -16.4993 24.234 0.0496219 0.113701 1.67511 -3.93705 -1.62955 -1.23299 -7.60729 7.53365 0.234932 0.359969 1.43219 -12.9547 3.2495 -3.26872 78.6593 6.16165 4.4111 -29.2081 0.0598081 0.137039 -7.00245 -2.23276 35.9266 -24.234 0.0496218 0.113702 -1.942 -14.9008 2.28411 9.23673 -4.20556 2.0327 -2.81425 -1.98513 -30.557 -0.852353 -38.7721 -0.655187 -3.77914 13.9316 0.21739 -2.32622 -40.4017 -6.04875 2.35485 -11.8054 15.9571 0.779096 -9.8844 12.4959 2.48481e-17 -7.95139e-16 1.2424e-17 -9.23673 -4.20556 2.0327 -8.85732 -27.0534 11.0134 0.852353 -38.7721 -0.655187 4.28811 15.734 -0.316199 2.32622 -40.4017 -6.04875 3.43475 2.95573 -15.4786 -0.779096 -9.8844 12.4959 -4.05062e-16 -5.74261e-16 -1.27498e-14 
10.3023 90.3484 20.7112 1.37953 4.74317 5.79271 0 5.07867 -1.15138 -1.59219 -2.23678 -1.92653 0 5.61661 1.07143 -0.899179 -1.24867 -2.16217 -1.02604e-17 5.98978 0.11501 -0.441196 0.217278 -2.03677 -1.10457e-17 6.50583 -0.443523 0.104655 2.27077 -1.98642 -1.97295e-17 7.60548 -1.50593 0.160957 3.58019 -1.99569 -2.53307e-17 9.49737 -0.914492 -0.0210243 4.18339 -2.3831 -2.90401e-17 10.5513 1.57691 -0.0503216 0.647786 -0.054074 -1.29193e-17 4.78644 0.715339 1.16333 -1.61367 1.34671 -1.8116e-17 4.82109 0.421791 0.4964 -6.04533 0.425119 -2.00958e-17 4.83041 0.765062 -0.709157 -5.83924 5.51082 1.23299 -7.60731 7.53374 -4.04626 1.86975 -0.26668 12.9547 3.2495 -3.26872 -66.2234 30.5594 -17.9277 29.2081 0.0598081 0.137039 3.12144 -0.400422 -15.2086 24.234 0.0496219 0.113701 1.36895 -5.38223 -1.52276 -1.23299 -7.60729 7.53365 -0.643332 0.498946 0.997013 -12.9547 3.2495 -3.26872 79.4386 6.30811 3.3474 -29.2081 0.0598081 0.137039 -6.99915 -2.2304 35.9072 -24.234 0.0496218 0.113702 -1.40731 -15.0854 2.37265 9.23673 -4.20556 2.0327 -2.93917 -2.78705 -30.8545 -0.852353 -38.7721 -0.655187 -4.30675 15.7995 0.32012 -2.32622 -40.4017 -6.04875 2.1753 -11.3849 15.9293 0.779096 -9.8844 12.4959 2.48481e-17 -7.95139e-16 1.2424e-17 -9.23673 -4.20556 2.0327 -8.95336 -27.2383 10.7417 0.852353 -38.7721 -0.655187 4.63172 16.9347 -0.391847 2.32622 -40.4017 -6.04875 2.61024 1.45968 -15.4232 -0.779096 -9.8844 12.4959 -8.90786e-16 -5.49881e-16 -1.27287e-14 
9.73764 90.3392 21.6894 1.48924 5.24102 6.32858 0 5.07867 -1.15138 -1.49057 -1.82798 -1.86343 0 5.61661 1.07143 -0.827927 -1.02213 -2.08462 -1.02604e-17 5.98978 0.11501 -0.400266 0.20614 -1.95645 -1.10457e-17 6.50583 -0.443523 0.111159 1.87523 -1.90336 -1.97295e-17 7.60548 -1.50593 0.154152 3.0098 -1.91057 -2.53307e-17 9.49737 -0.914492 -0.0371407 3.38953 -2.29667 -2.90401e-17 10.5513 1.57691 -0.0443359 0.687001 -0.0537097 -1.29193e-17 4.78644 0.715339 1.06092 -0.630538 1.18473 -1.8116e-17 4.82109 0.421791 0.477836 -6.05399 0.333338 -2.00958e-17 4.83041 0.765062 -0.685215 -6.32292 5.1526 1.23299 -7.60731 7.53374 -2.22877 2.05012 0.398654 12.9547 3.2495 -3.26872 -69.6858 31.399 -15.9332 29.2081 0.0598081 0.137039 2.98359 -0.364592 -14.5228 24.234 0.0496219 0.113701 1.17867 -7.09584 -1.18443 -1.23299 -7.60729 7.53365 -1.35358 0.77084 0.666435 -12.9547 3.2495 -3.26872 80.1776 6.41393 2.31697 -29.2081 0.0598081 0.137039 -6.97785 -2.21519 35.7819 -24.234 0.0496218 0.113702 -0.912305 -15.0345 2.35431 9.23673 -4.20556 2.0327 -3.05157 -4.01912 -30.9385 -0.852353 -38.7721 -0.655187 -4.92795 17.9586 0.462756 -2.32622 -40.4017 -6.04875 1.80941 -10.6465 15.9018 0.779096 -9.8844 12.4959 2.48481e-17 -7.95139e-16 1.2424e-17 -9.23673 -4.20556 2.0327 -8.91132 -27.6481 10.2546 0.852353 -38.7721 -0.655187 4.90165 17.8682 -0.456249 2.32622 -40.4017 -6.04875 1.66093 0.400608 -15.3797 -0.779096 -9.8844 12.4959 -4.9322e-16 -5.65528e-16 -1.27503e-14 
9.17118 90.4146 22.7457 1.34284 5.95625 6.60004 0 5.07867 -1.15138 -1.28991 -1.53999 -1.79762 0 5.61661 1.07143 -0.665059 -0.878956 -1.98812 -1.02604e-17 5.98978 0.11501 -0.283984 0.158281 -1.85437 -1.10457e-17 6.50583 -0.443523 0.177005 1.52253 -1.79813 -1.97295e-17 7.60548 -1.50593 0.191553 2.52826 -1.81107 -2.53307e-17 9.49737 -0.914492 -0.0251558 2.68957 -2.20374 -2.90401e-17 10.5513 1.57691 -0.0355628 0.709005 -0.0481438 -1.29193e-17 4.78644 0.715339 0.976874 0.105337 1.1679 -1.8116e-17 4.82109 0.421791 0.451494 -6.04212 0.312965 -2.00958e-17 4.83041 0.765062 -0.84305 -6.68014 4.77748 1.23299 -7.60731 7.53374 -0.0116088 2.18764 1.20883 12.9547 3.2495 -3.26872 -73.7049 32.1556 -13.7273 29.2081 0.0598081 0.137039 2.91271 -0.346853 -14.1711 24.234 0.0496219 0.113701 1.01212 -9.05447 -0.840332 -1.23299 -7.60729 7.53365 -1.9059 1.04608 0.31414 -12.9547 3.2495 -3.26872 80.6925 6.6554 1.52249 -29.2081 0.0598081 0.137039 -6.91431 -2.17024 35.4093 -24.234 0.0496218 0.113702 -0.524381 -14.7248 2.40224 9.23673 -4.20556 2.0327 -2.93662 -5.58395 -30.6995 -0.852353 -38.7721 -0.655187 -5.60084 20.2431 0.643008 -2.32622 -40.4017 -6.04875 1.47712 -9.41602 15.8418 0.779096 -9.8844 12.4959 2.48481e-17 -7.95139e-16 1.2424e-17 -9.23673 -4.20556 2.0327 -8.48718 -28.1601 9.78016 0.852353 -38.7721 -0.655187 5.0199 18.2743 -0.485827 2.32622 -40.4017 -6.04875 0.795907 -0.0928208 -15.3325 -0.779096 -9.8844 12.4959 -1.98785e-16 -5.8393e-16 -1.27595e-14 
8.6601 90.6305 23.9344 1.14797 6.31477 6.89171 0 5.07867 -1.15138 -1.06102 -1.3277 -1.73989 0 5.61661 1.07143 -0.471521 -0.765324 -1.89281 -1.02604e-17 5.98978 0.11501 -0.14064 0.147578 -1.75457 -1.10457e-17 6.50583 -0.443523 0.268727 1.31551 -1.69706 -1.97295e-17 7.60548 -1.50593 0.249299 2.23718 -1.72112 -2.53307e-17 9.49737 -0.914492 -0.0010255 2.22674 -2.12431 -2.90401e-17 10.5513 1.57691 -0.0262424 0.712475 -0.0417999 -1.29193e-17 4.78644 0.715339 0.875615 0.668275 1.07823 -1.8116e-17 4.82109 0.421791 0.283752 -6.06158 0.258766 -2.00958e-17 4.83041 0.765062 -0.951394 -6.85598 4.52728 1.23299 -7.60731 7.53374 2.19405 2.33127 1.96358 12.9547 3.2495 -3.26872 -77.5261 32.8098 -11.6074 29.2081 0.0598081 0.137039 2.85768 -0.333399 -13.8983 24.234 0.0496219 0.113701 0.693568 -11.4362 -0.600764 -1.23299 -7.60729 7.53365 -2.20718 1.25208 -0.00825927 -12.9547 3.2495 -3.26872 80.913 6.83617 0.981555 -29.2081 0.0598081 0.137039 -6.79189 -2.08535 34.6961 -24.234 0.0496218 0.113702 -0.15353 -14.3044 2.6023 9.23673 -4.20556 2.0327 -2.70511 -6.74809 -30.2338 -0.852353 -38.7721 -0.655187 -6.22867 22.3188 0.83455 -2.32622 -40.4017 -6.04875 0.843419 -7.32962 15.748 0.779096 -9.8844 12.4959 2.48481e-17 -7.95139e-16 1.2424e-17 -9.23673 -4.20556 2.0327 -7.93746 -27.9861 9.50584 0.852353 -38.7721 -0.655187 4.95746 18.0601 -0.470107 2.32622 -40.4017 -6.04875 0.271854 -0.128371 -15.2869 -0.779096 -9.8844 12.4959 -4.05053e-16 -5.74261e-16 -1.27498e-14 
8.18547 90.9878 25.2795 1.19566 5.81524 7.35879 0 5.07867 -1.15138 -0.917279 -0.979104 -1.68231 0 5.61661 1.07143 -0.346576 -0.518543 -1.80655 -1.02604e-17 5.98978 0.11501 -0.0446124 0.280582 -1.66569 -1.10457e-17 6.50583 -0.443523 0.335981 1.26581 -1.60923 -1.97295e-17 7.60548 -1.50593 0.30328 2.08235 -1.64493 -2.53307e-17 9.49737 -0.914492 0.038825 1.94011 -2.06175 -2.90401e-17 10.5513 1.57691 -0.0164373 0.712853 -0.0353173 -1.29193e-17 4.78644 0.715339 0.772038 1.30986 0.899335 -1.8116e-17 4.82109 0.421791 0.0619682 -6.20477 0.164717 -2.00958e-17 4.83041 0.765062 -1.01667 -6.90766 4.26951 1.23299 -7.60731 7.53374 4.26944 2.53198 2.59719 12.9547 3.2495 -3.26872 -80.3052 33.836 -9.74054 29.2081 0.0598081 0.137039 2.82601 -0.325778 -13.7414 24.234 0.0496219 0.113701 -0.162677 -14.6841 -0.614461 -1.23299 -7.60729 7.53365 -2.17226 1.40863 -0.183176 -12.9547 3.2495 -3.26872 80.8683 6.76839 0.690444 -29.2081 0.0598081 0.137039 -6.60316 -1.95881 33.6079 -24.234 0.0496218 0.113702 0.19293 -13.9117 2.95467 9.23673 -4.20556 2.0327 -2.53976 -6.84998 -29.7362 -0.852353 -38.7721 -0.655187 -6.71958 23.9019 0.999495 -2.32622 -40.4017 -6.04875 -0.297356 -4.23457 15.6625 0.779096 -9.8844 12.4959 3.3425e-16 -7.82247e-16 -4.6772e-19 -9.23673 -4.20556 2.0327 -7.56773 -26.5778 9.20598 0.852353 -38.7721 -0.655187 4.76199 17.3863 -0.422386 2.32622 -40.4017 -6.04875 0.010411 0.157004 -15.2347 -0.779096 -9.8844 12.4959 -9.93923e-16 -5.46658e-16 -1.27222e-14 
7.72302 91.3798 26.7536 1.54367 4.75232 7.86233 0 5.07867 -1.15138 -0.893749 -0.604066 -1.64561 0 5.61661 1.07143 -0.316485 -0.215732 -1.75951 -1.02604e-17 5.98978 0.11501 -0.0111579 0.519192 -1.62036 -1.10457e-17 6.50583 -0.443523 0.375049 1.40621 -1.56686 -1.97295e-17 7.60548 -1.50593 0.355663 2.13186 -1.61476 -2.53307e-17 9.49737 -0.914492 0.0963389 1.92253 -2.05404 -2.90401e-17 10.5513 1.57691 -0.00879395 0.692999 -0.0341141 -1.29193e-17 4.78644 0.715339 0.695966 1.91214 0.681929 -1.8116e-17 4.82109 0.421791 -0.0764302 -6.41069 0.057068 -2.00958e-17 4.83041 0.765062 -1.12601 -7.0583 4.25217 1.23299 -7.60731 7.53374 5.94207 2.72139 3.06581 12.9547 3.2495 -3.26872 -82.4083 35.0958 -8.01392 29.2081 0.0598081 0.137039 2.86141 -0.3343 -13.9168 24.234 0.0496219 0.113701 -0.890181 -18.5524 -0.647564 -1.23299 -7.60729 7.53365 -1.88062 1.44276 -0.206048 -12.9547 3.2495 -3.26872 80.7055 6.59617 0.726109 -29.2081 0.0598081 0.137039 -6.41806 -1.83966 32.5532 -24.234 0.0496218 0.113702 0.498572 -13.2903 3.28671 9.23673 -4.20556 2.0327 -2.44329 -6.13618 -28.9565 -0.852353 -38.7721 -0.655187 -7.06606 24.9973 1.12369 -2.32622 -40.4017 -6.04875 -1.76794 -0.530331 15.6425 0.779096 -9.8844 12.4959 7.01886e-16 -7.68003e-16 -1.47115e-17 -9.23673 -4.20556 2.0327 -7.39901 -24.3296 8.97915 0.852353 -38.7721 -0.655187 4.50615 16.4975 -0.363375 2.32622 -40.4017 -6.04875 -0.121679 0.346621 -15.2043 -0.779096 -9.8844 12.4959 -6.84521e-16 -5.5955e-16 -1.27351e-14 
7.3066 91.6302 28.2613 1.85004 4.20654 8.53221 0 5.07867 -1.15138 -0.917551 -0.608565 -1.65902 0 5.61661 1.07143 -0.320699 -0.176646 -1.7691 -1.02604e-17 5.98978 0.11501 0.0030217 0.641172 -1.6339 -1.10457e-17 6.50583 -0.443523 0.414046 1.68825 -1.58242 -1.97295e-17 7.60548 -1.50593 0.410935 2.46085 -1.64147 -2.53307e-17 9.49737 -0.914492 0.15051 2.28208 -2.10832 -2.90401e-17 10.5513 1.57691 -0.00374793 0.631278 -0.0415174 -1.29193e-17 4.78644 0.715339 0.634256 2.24243 0.474725 -1.8116e-17 4.82109 0.421791 -0.155526 -6.62822 -0.0436674 -2.00958e-17 4.83041 0.765062 -1.18136 -7.44344 4.36981 1.23299 -7.60731 7.53374 7.20792 2.73269 3.47632 12.9547 3.2495 -3.26872 -84.2785 36.0261 -6.41295 29.2081 0.0598081 0.137039 2.98096 -0.363919 -14.5098 24.234 0.0496219 0.113701 -1.12955 -21.9883 -0.541988 -1.23299 -7.60729 7.53365 -1.5554 1.25482 -0.206121 -12.9547 3.2495 -3.26872 80.5722 6.64477 0.950352 -29.2081 0.0598081 0.137039 -6.33285 -1.78641 32.0717 -24.234 0.0496218 0.113702 0.72557 -12.5123 3.37531 9.23673 -4.20556 2.0327 -2.3135 -6.04955 -27.9046 -0.852353 -38.7721 -0.655187 -7.48222 26.2883 1.28113 -2.32622 -40.4017 -6.04875 -3.17195 2.96843 15.7093 0.779096 -9.8844 12.4959 -8.73425e-16 -8.35634e-16 5.29191e-17 -9.23673 -4.20556 2.0327 -7.3519 -22.412 8.60499 0.852353 -38.7721 -0.655187 4.25327 15.6115 -0.308928 2.32622 -40.4017 -6.04875 -0.447947 -0.153557 -15.1976 -0.779096 -9.8844 12.4959 9.56506e-17 -5.93131e-16 -1.27687e-14 
6.93662 91.6593 29.7108 2.05016 4.45604 9.37602 0 5.07867 -1.15138 -0.956076 -0.654909 -1.68066 0 5.61661 1.07143 -0.341326 -0.212415 -1.79425 -1.02604e-17 5.98978 0.11501 5.86125e-06 0.634677 -1.66169 -1.10457e-17 6.50583 -0.443523 0.434403 1.75759 -1.6139 -1.97295e-17 7.60548 -1.50593 0.441758 2.57297 -1.67568 -2.53307e-17 9.49737 -0.914492 0.176059 2.38774 -2.15916 -2.90401e-17 10.5513 1.57691 0.00122255 0.590901 -0.0465929 -1.29193e-17 4.78644 0.715339 0.56955 2.06225 0.308569 -1.8116e-17 4.82109 0.421791 -0.221935 -6.60052 -0.125909 -2.00958e-17 4.83041 0.765062 -1.07679 -7.48025 4.28244 1.23299 -7.60731 7.53374 8.24813 2.89384 3.74513 12.9547 3.2495 -3.26872 -85.778 36.7839 -4.58657 29.2081 0.0598081 0.137039 3.19316 -0.41975 -15.5661 24.234 0.0496219 0.113701 -1.22954 -24.7657 -0.585297 -1.23299 -7.60729 7.53365 -1.29577 1.25334 -0.101582 -12.9547 3.2495 -3.26872 80.4569 6.92636 0.836072 -29.2081 0.0598081 0.137039 -6.36761 -1.80801 32.2678 -24.234 0.0496218 0.113702 0.915535 -11.8173 3.35891 9.23673 -4.20556 2.0327 -2.25866 -7.14147 -26.9098 -0.852353 -38.7721 -0.655187 -8.1638 28.3431 1.55783 -2.32622 -40.4017 -6.04875 -4.19511 5.69881 15.7771 0.779096 -9.8844 12.4959 -2.39653e-16 -8.0616e-16 2.34449e-17 -9.23673 -4.20556 2.0327 -7.46272 -21.333 7.9115 0.852353 -38.7721 -0.655187 4.07219 14.9727 -0.272335 2.32622 -40.4017 -6.04875 -0.993275 -1.51216 -15.228 -0.779096 -9.8844 12.4959 -3.01919e-16 -5.77484e-16 -1.27563e-14 
6.61698 91.5669 31.0769 2.36605 4.80746 10.2651 0 5.07867 -1.15138 -1.03481 -0.395633 -1.6863 0 5.61661 1.07143 -0.404064 -0.0554754 -1.82114 -1.02604e-17 5.98978 0.11501 -0.0436184 0.671901 -1.69405 -1.10457e-17 6.50583 -0.443523 0.410263 1.61559 -1.65221 -1.97295e-17 7.60548 -1.50593 0.429188 2.35712 -1.70761 -2.53307e-17 9.49737 -0.914492 0.16508 2.09706 -2.18708 -2.90401e-17 10.5513 1.57691 0.00283069 0.600717 -0.0453363 -1.29193e-17 4.78644 0.715339 0.502598 1.28804 0.0853201 -1.8116e-17 4.82109 0.421791 -0.285724 -6.35805 -0.233512 -2.00958e-17 4.83041 0.765062 -0.79066 -6.92452 4.17644 1.23299 -7.60731 7.53374 8.44305 3.29683 3.66963 12.9547 3.2495 -3.26872 -86.5677 37.4121 -2.78041 29.2081 0.0598081 0.137039 3.43955 -0.489868 -16.799 24.234 0.0496219 0.113701 -0.834164 -26.9672 -0.615314 -1.23299 -7.60729 7.53365 -0.951058 1.57099 0.236887 -12.9547 3.2495 -3.26872 80.2419 7.24587 0.534615 -29.2081 0.0598081 0.137039 -6.46022 -1.86638 32.7924 -24.234 0.0496218 0.113702 1.04488 -11.0545 3.40554 9.23673 -4.20556 2.0327 -2.56142 -8.83391 -26.2474 -0.852353 -38.7721 -0.655187 -9.31791 31.6502 2.07682 -2.32622 -40.4017 -6.04875 -4.70975 7.14077 15.7735 0.779096 -9.8844 12.4959 1.68833e-15 -7.24753e-16 -5.79618e-17 -9.23673 -4.20556 2.0327 -7.77858 -20.4714 7.01244 0.852353 -38.7721 -0.655187 3.94983 14.5391 -0.248749 2.32622 -40.4017 -6.04875 -1.66776 -3.16695 -15.2751 -0.779096 -9.8844 12.4959 -5.96354e-16 -5.59082e-16 -1.27471e-14 
6.37924 91.4328 32.3902 2.82821 5.05984 11.103 0 5.07867 -1.15138 -1.1478 -0.156979 -1.66674 0 5.61661 1.07143 -0.505396 0.090298 -1.82814 -1.02604e-17 5.98978 0.11501 -0.12251 0.716128 -1.70869 -1.10457e-17 6.50583 -0.443523 0.353032 1.50474 -1.67168 -1.97295e-17 7.60548 -1.50593 0.392109 2.18446 -1.7152 -2.53307e-17 9.49737 -0.914492 0.146632 1.87275 -2.18132 -2.90401e-17 10.5513 1.57691 0.00264562 0.62058 -0.0478312 -1.29193e-17 4.78644 0.715339 0.445937 0.724392 -0.214236 -1.8116e-17 4.82109 0.421791 -0.310077 -6.16007 -0.375376 -2.00958e-17 4.83041 0.765062 -0.532125 -6.60777 4.04101 1.23299 -7.60731 7.53374 8.22911 3.58807 3.5496 12.9547 3.2495 -3.26872 -86.8734 37.7785 -1.47399 29.2081 0.0598081 0.137039 3.65085 -0.554604 -17.8624 24.234 0.0496219 0.113701 -0.378141 -28.2801 -0.62848 -1.23299 -7.60729 7.53365 -0.831981 1.79071 0.479922 -12.9547 3.2495 -3.26872 80.1878 7.76006 0.458548 -29.2081 0.0598081 0.137039 -6.55823 -1.92945 33.3508 -24.234 0.0496218 0.113702 1.08027 -10.1735 3.28596 9.23673 -4.20556 2.0327 -3.40053 -11.0363 -25.9679 -0.852353 -38.7721 -0.655187 -11.1499 36.4515 3.01861 -2.32622 -40.4017 -6.04875 -4.6308 7.31175 15.6585 0.779096 -9.8844 12.4959 -4.75855e-16 -8.14009e-16 3.1294e-17 -9.23673 -4.20556 2.0327 -8.22913 -19.4838 5.99725 0.852353 -38.7721 -0.655187 3.82098 14.0808 -0.224909 2.32622 -40.4017 -6.04875 -2.50198 -4.78267 -15.326 -0.779096 -9.8844 12.4959 -5.96354e-16 -5.59082e-16 -1.27471e-14 
6.20895 91.2703 33.6888 3.28209 5.3638 11.8308 0 5.07867 -1.15138 -1.27026 -0.0562019 -1.62179 0 5.61661 1.07143 -0.619405 0.129815 -1.80616 -1.02604e-17 5.98978 0.11501 -0.215403 0.685366 -1.69662 -1.10457e-17 6.50583 -0.443523 0.283672 1.37428 -1.66431 -1.97295e-17 7.60548 -1.50593 0.348027 2.03469 -1.69382 -2.53307e-17 9.49737 -0.914492 0.131099 1.64804 -2.14759 -2.90401e-17 10.5513 1.57691 0.00638257 0.643774 -0.0656543 -1.29193e-17 4.78644 0.715339 0.443967 1.00811 -0.537112 -1.8116e-17 4.82109 0.421791 -0.197645 -6.03216 -0.525868 -2.00958e-17 4.83041 0.765062 -0.484196 -6.82826 3.85941 1.23299 -7.60731 7.53374 8.52549 3.72465 3.67032 12.9547 3.2495 -3.26872 -88.2957 37.846 -0.0317829 29.2081 0.0598081 0.137039 3.85057 -0.619766 -18.8731 24.234 0.0496219 0.113701 0.374776 -28.3554 -0.384093 -1.23299 -7.60729 7.53365 -1.87384 1.73029 0.200288 -12.9547 3.2495 -3.26872 81.3093 8.82929 0.36765 -29.2081 0.0598081 0.137039 -6.68725 -2.01456 34.0912 -24.234 0.0496218 0.113702 1.12827 -9.20024 2.68294 9.23673 -4.20556 2.0327 -4.47765 -13.4699 -25.7965 -0.852353 -38.7721 -0.655187 -13.2331 41.2649 4.24118 -2.32622 -40.4017 -6.04875 -4.17059 7.65538 15.4562 0.779096 -9.8844 12.4959 -2.5462e-16 -8.0985e-16 2.71356e-17 -9.23673 -4.20556 2.0327 -8.6337 -18.5011 5.03895 0.852353 -38.7721 -0.655187 3.67136 13.5465 -0.198519 2.32622 -40.4017 -6.04875 -3.44771 -6.4611 -15.4116 -0.779096 -9.8844 12.4959 -9.05756e-16 -5.4619e-16 -1.27342e-14 
6.06959 91.1028 35.0148 3.68807 5.58005 12.5055 0 5.07867 -1.15138 -1.34702 0.0876703 -1.52487 0 5.61661 1.07143 -0.702959 0.191973 -1.71571 -1.02604e-17 5.98978 0.11501 -0.292818 0.644004 -1.61555 -1.10457e-17 6.50583 -0.443523 0.214776 1.17544 -1.58631 -1.97295e-17 7.60548 -1.50593 0.303724 1.79927 -1.602 -2.53307e-17 9.49737 -0.914492 0.123984 1.28416 -2.04237 -2.90401e-17 10.5513 1.57691 0.0155326 0.680385 -0.083752 -1.29193e-17 4.78644 0.715339 0.446888 1.89121 -1.02144 -1.8116e-17 4.82109 0.421791 -0.00398738 -5.98284 -0.74971 -2.00958e-17 4.83041 0.765062 -0.603157 -7.23892 3.51626 1.23299 -7.60731 7.53374 9.50046 3.81833 4.03402 12.9547 3.2495 -3.26872 -91.1943 37.3183 1.65936 29.2081 0.0598081 0.137039 4.06272 -0.693291 -19.953 24.234 0.0496219 0.113701 1.36171 -26.7828 0.103108 -1.23299 -7.60729 7.53365 -3.62577 1.61202 -0.48175 -12.9547 3.2495 -3.26872 83.1746 9.94169 -0.047214 -29.2081 0.0598081 0.137039 -6.8279 -2.11009 34.9054 -24.234 0.0496218 0.113702 1.25055 -8.28653 2.0587 9.23673 -4.20556 2.0327 -5.50671 -15.6938 -25.5742 -0.852353 -38.7721 -0.655187 -15.2658 45.3512 5.56307 -2.32622 -40.4017 -6.04875 -3.73225 8.32065 15.2703 0.779096 -9.8844 12.4959 9.08154e-16 -7.58334e-16 -2.43804e-17 -9.23673 -4.20556 2.0327 -8.92653 -17.3879 4.20797 0.852353 -38.7721 -0.655187 3.49783 12.9242 -0.169661 2.32622 -40.4017 -6.04875 -4.31978 -8.11989 -15.5325 -0.779096 -9.8844 12.4959 -1.37653e-15 -5.28723e-16 -1.27135e-14 
5.91256 90.9504 36.3611 3.96837 5.6492 13.1828 0 5.07867 -1.15138 -1.38834 0.440717 -1.39402 0 5.61661 1.07143 -0.766696 0.409499 -1.58358 -1.02604e-17 5.98978 0.11501 -0.361815 0.706839 -1.48928 -1.10457e-17 6.50583 -0.443523 0.136933 0.974829 -1.46244 -1.97295e-17 7.60548 -1.50593 0.249026 1.4881 -1.46497 -2.53307e-17 9.49737 -0.914492 0.117217 0.859666 -1.87591 -2.90401e-17 10.5513 1.57691 0.0238941 0.729307 -0.0933283 -1.29193e-17 4.78644 0.715339 0.441297 2.62385 -1.6365 -1.8116e-17 4.82109 0.421791 0.139867 -6.05768 -1.02513 -2.00958e-17 4.83041 0.765062 -0.525485 -7.50432 3.0172 1.23299 -7.60731 7.53374 9.79316 3.91861 4.15663 12.9547 3.2495 -3.26872 -92.53 35.9616 2.95903 29.2081 0.0598081 0.137039 4.24854 -0.761403 -20.9047 24.234 0.0496219 0.113701 1.51044 -24.576 -0.175647 -1.23299 -7.60729 7.53365 -4.90015 1.67164 -0.98226 -12.9547 3.2495 -3.26872 84.3905 10.8205 -0.567616 -29.2081 0.0598081 0.137039 -6.9446 -2.1916 35.5869 -24.234 0.0496218 0.113702 1.50002 -7.92131 2.08718 9.23673 -4.20556 2.0327 -6.29557 -17.6695 -25.3052 -0.852353 -38.7721 -0.655187 -17.1954 48.7349 6.91475 -2.32622 -40.4017 -6.04875 -3.57209 8.75025 15.1586 0.779096 -9.8844 12.4959 2.48481e-17 -7.95139e-16 1.2424e-17 -9.23673 -4.20556 2.0327 -9.00535 -16.0927 3.45032 0.852353 -38.7721 -0.655187 3.29376 12.1888 -0.13814 2.32622 -40.4017 -6.04875 -5.06044 -9.58686 -15.6594 -0.779096 -9.8844 12.4959 -4.0505e-16 -5.74261e-16 -1.27498e-14 
5.67624 90.8109 37.6898 4.12688 5.77109 13.6582 0 5.07867 -1.15138 -1.33861 0.810918 -1.28406 0 5.61661 1.07143 -0.746674 0.649203 -1.4683 -1.02604e-17 5.98978 0.11501 -0.364221 0.797847 -1.379 -1.10457e-17 6.50583 -0.443523 0.10713 0.815265 -1.3549 -1.97295e-17 7.60548 -1.50593 0.219751 1.20511 -1.35361 -2.53307e-17 9.49737 -0.914492 0.112137 0.484674 -1.72912 -2.90401e-17 10.5513 1.57691 0.0273702 0.769471 -0.0963076 -1.29193e-17 4.78644 0.715339 0.444289 3.03141 -2.17324 -1.8116e-17 4.82109 0.421791 0.209314 -5.98493 -1.26133 -2.00958e-17 4.83041 0.765062 -0.56344 -7.81129 2.62764 1.23299 -7.60731 7.53374 9.39927 3.99107 4.03468 12.9547 3.2495 -3.26872 -92.6324 34.6043 3.86711 29.2081 0.0598081 0.137039 4.43929 -0.834998 -21.8876 24.234 0.0496219 0.113701 1.27255 -23.1626 -0.811027 -1.23299 -7.60729 7.53365 -5.81032 1.80659 -1.21071 -12.9547 3.2495 -3.26872 84.7596 11.5879 -0.972245 -29.2081 0.0598081 0.137039 -7.09063 -2.29654 36.4477 -24.234 0.0496218 0.113702 1.92114 -7.59353 2.41137 9.23673 -4.20556 2.0327 -6.87672 -19.637 -24.9016 -0.852353 -38.7721 -0.655187 -18.9118 51.3888 8.18274 -2.32622 -40.4017 -6.04875 -3.48903 8.58024 15.104 0.779096 -9.8844 12.4959 -7.82813e-17 -7.98361e-16 1.56468e-17 -9.23673 -4.20556 2.0327 -8.85245 -14.9108 2.95166 0.852353 -38.7721 -0.655187 3.07732 11.4049 -0.10758 2.32622 -40.4017 -6.04875 -5.64771 -10.8844 -15.7774 -0.779096 -9.8844 12.4959 -9.93923e-16 -5.46658e-16 -1.27222e-14 
5.36685 90.6996 39.0033 4.35335 6.01076 13.877 0 5.07867 -1.15138 -1.30226 1.03671 -1.13924 0 5.61661 1.07143 -0.743166 0.785838 -1.31356 -1.02604e-17 5.98978 0.11501 -0.37926 0.829431 -1.2267 -1.10457e-17 6.50583 -0.443523 0.0708559 0.671461 -1.20406 -1.97295e-17 7.60548 -1.50593 0.195723 0.991239 -1.19821 -2.53307e-17 9.49737 -0.914492 0.130345 0.20782 -1.54672 -2.90401e-17 10.5513 1.57691 0.0322265 0.794974 -0.0902709 -1.29193e-17 4.78644 0.715339 0.410649 3.23276 -2.7537 -1.8116e-17 4.82109 0.421791 0.288354 -5.76588 -1.52543 -2.00958e-17 4.83041 0.765062 -0.682624 -7.95652 2.22784 1.23299 -7.60731 7.53374 9.28418 4.05572 3.9282 12.9547 3.2495 -3.26872 -92.8957 33.8196 4.77064 29.2081 0.0598081 0.137039 4.71022 -0.946071 -23.2948 24.234 0.0496219 0.113701 1.05712 -22.3507 -1.09828 -1.23299 -7.60729 7.53365 -6.43439 1.93201 -1.28885 -12.9547 3.2495 -3.26872 84.7378 12.3503 -1.23143 -29.2081 0.0598081 0.137039 -7.33858 -2.4825 37.9307 -24.234 0.0496218 0.113702 2.201 -7.24644 2.16373 9.23673 -4.20556 2.0327 -7.60807 -21.5497 -24.5255 -0.852353 -38.7721 -0.655187 -20.1675 53.1425 9.14364 -2.32622 -40.4017 -6.04875 -3.26551 8.07245 15.0669 0.779096 -9.8844 12.4959 -4.75851e-16 -8.14008e-16 3.12937e-17 -9.23673 -4.20556 2.0327 -8.69716 -13.941 2.73675 0.852353 -38.7721 -0.655187 2.87553 10.6707 -0.0817663 2.32622 -40.4017 -6.04875 -6.12816 -12.0438 -15.8857 -0.779096 -9.8844 12.4959 -5.81406e-16 -5.65995e-16 -1.27416e-14 
5.03236 90.651 40.2843 4.86878 6.17823 14.0162 0 5.07867 -1.15138 -1.36783 1.16208 -0.942898 0 5.61661 1.07143 -0.832293 0.847288 -1.10419 -1.02604e-17 5.98978 0.11501 -0.466418 0.808434 -1.01738 -1.10457e-17 6.50583 -0.443523 -0.00885771 0.517567 -0.99669 -1.97295e-17 7.60548 -1.50593 0.162331 0.818089 -0.979857 -2.53307e-17 9.49737 -0.914492 0.17775 -0.0550848 -1.31913 -2.90401e-17 10.5513 1.57691 0.0471434 0.810615 -0.0830615 -1.29193e-17 4.78644 0.715339 0.37294 3.87158 -3.36754 -1.8116e-17 4.82109 0.421791 0.446665 -5.54145 -1.81665 -2.00958e-17 4.83041 0.765062 -0.938248 -8.13606 1.5391 1.23299 -7.60731 7.53374 10.8052 4.17179 4.20001 12.9547 3.2495 -3.26872 -95.0204 33.8304 6.1415 29.2081 0.0598081 0.137039 5.10928 -1.12411 -25.394 24.234 0.0496219 0.113701 0.939702 -21.4666 -0.700344 -1.23299 -7.60729 7.53365 -7.63748 1.92866 -1.61242 -12.9547 3.2495 -3.26872 85.3654 13.0567 -1.37915 -29.2081 0.0598081 0.137039 -7.63712 -2.72014 39.7555 -24.234 0.0496218 0.113702 2.48941 -6.73761 1.30765 9.23673 -4.20556 2.0327 -8.66451 -23.0876 -24.1949 -0.852353 -38.7721 -0.655187 -20.6864 53.8248 9.54803 -2.32622 -40.4017 -6.04875 -2.87951 7.42119 15.0235 0.779096 -9.8844 12.4959 -2.54644e-16 -8.09851e-16 2.71366e-17 -9.23673 -4.20556 2.0327 -8.819 -12.9344 2.65871 0.852353 -38.7721 -0.655187 2.70009 10.03 -0.0614349 2.32622 -40.4017 -6.04875 -6.38346 -13.0606 -15.9836 -0.779096 -9.8844 12.4959 -4.3494e-16 -5.76083e-16 -1.27516e-14 
4.70148 90.655 41.5226 5.45355 6.2506 14.2148 0 5.07867 -1.15138 -1.53939 1.31446 -0.759601 0 5.61661 1.07143 -1.01306 0.947391 -0.921765 -1.02604e-17 5.98978 0.11501 -0.622282 0.858204 -0.833465 -1.10457e-17 6.50583 -0.443523 -0.136182 0.465891 -0.813052 -1.97295e-17 7.60548 -1.50593 0.101935 0.742199 -0.779639 -2.53307e-17 9.49737 -0.914492 0.217686 -0.169904 -1.10726 -2.90401e-17 10.5513 1.57691 0.0608286 0.812742 -0.0749775 -1.29193e-17 4.78644 0.715339 0.319859 4.26163 -3.95335 -1.8116e-17 4.82109 0.421791 0.611744 -5.537 -2.09104 -2.00958e-17 4.83041 0.765062 -0.889104 -8.08819 0.82105 1.23299 -7.60731 7.53374 11.7147 4.25087 4.31714 12.9547 3.2495 -3.26872 -96.6057 33.366 7.27505 29.2081 0.0598081 0.137039 5.50741 -1.31965 -27.5235 24.234 0.0496219 0.113701 1.25754 -20.0998 -0.18893 -1.23299 -7.60729 7.53365 -8.44887 1.87716 -1.78195 -12.9547 3.2495 -3.26872 85.581 13.694 -1.23382 -29.2081 0.0598081 0.137039 -7.91084 -2.95213 41.4705 -24.234 0.0496218 0.113702 2.87069 -6.5411 0.9697 9.23673 -4.20556 2.0327 -9.87644 -24.3061 -24.0635 -0.852353 -38.7721 -0.655187 -20.4944 53.5752 9.39797 -2.32622 -40.4017 -6.04875 -2.49318 6.32492 15.0132 0.779096 -9.8844 12.4959 1.0113e-15 -7.55111e-16 -2.76037e-17 -9.23673 -4.20556 2.0327 -9.02679 -11.8687 2.61388 0.852353 -38.7721 -0.655187 2.54367 9.45682 -0.044969 2.32622 -40.4017 -6.04875 -6.5929 -13.8341 -16.0636 -0.779096 -9.8844 12.4959 -3.37934e-15 -4.47266e-16 -1.26228e-14 
4.38493 90.6894 42.7097 5.8829 6.29262 14.3415 0 5.07867 -1.15138 -1.62633 1.39538 -0.607438 0 5.61661 1.07143 -1.11557 1.02605 -0.773496 -1.02604e-17 5.98978 0.11501 -0.71346 0.957672 -0.682654 -1.10457e-17 6.50583 -0.443523 -0.220092 0.571178 -0.659602 -1.97295e-17 7.60548 -1.50593 0.0610353 0.829729 -0.616136 -2.53307e-17 9.49737 -0.914492 0.250462 -0.03008 -0.92769 -2.90401e-17 10.5513 1.57691 0.0620194 0.794861 -0.058503 -1.29193e-17 4.78644 0.715339 0.208285 4.16364 -4.51661 -1.8116e-17 4.82109 0.421791 0.631686 -5.58828 -2.35488 -2.00958e-17 4.83041 0.765062 -0.734367 -8.01577 0.303856 1.23299 -7.60731 7.53374 11.2646 4.13632 4.14814 12.9547 3.2495 -3.26872 -96.3827 32.3711 7.33925 29.2081 0.0598081 0.137039 5.76428 -1.45576 -28.9184 24.234 0.0496219 0.113701 1.34713 -18.7016 -0.0836309 -1.23299 -7.60729 7.53365 -8.07717 1.79025 -1.56072 -12.9547 3.2495 -3.26872 84.5798 13.9674 -0.483584 -29.2081 0.0598081 0.137039 -8.10128 -3.12207 42.6899 -24.234 0.0496218 0.113702 2.97723 -6.14879 1.38684 9.23673 -4.20556 2.0327 -10.8501 -25.3613 -23.8975 -0.852353 -38.7721 -0.655187 -19.7286 52.5464 8.80482 -2.32622 -40.4017 -6.04875 -2.20358 4.46798 15.0593 0.779096 -9.8844 12.4959 4.22417e-16 -7.82715e-16 2.88531e-33 -9.23673 -4.20556 2.0327 -9.08795 -10.9434 2.65748 0.852353 -38.7721 -0.655187 2.43602 9.06146 -0.0345506 2.32622 -40.4017 -6.04875 -6.82884 -14.3412 -16.1132 -0.779096 -9.8844 12.4959 -2.34805e-15 -4.92385e-16 -1.26679e-14 
4.09474 90.7362 43.8451 6.18171 6.35046 14.4676 0 5.07867 -1.15138 -1.58722 1.31762 -0.449126 0 5.61661 1.07143 -1.11151 1.0125 -0.606991 -1.02604e-17 5.98978 0.11501 -0.72008 1.0374 -0.510808 -1.10457e-17 6.50583 -0.443523 -0.249161 0.77513 -0.480509 -1.97295e-17 7.60548 -1.50593 0.0525003 1.04861 -0.433663 -2.53307e-17 9.49737 -0.914492 0.296763 0.315301 -0.732669 -2.90401e-17 10.5513 1.57691 0.058377 0.764925 -0.025234 -1.29193e-17 4.78644 0.715339 -0.00774571 3.44389 -5.21584 -1.8116e-17 4.82109 0.421791 0.539029 -5.52308 -2.68965 -2.00958e-17 4.83041 0.765062 -0.692273 -7.70429 -0.135255 1.23299 -7.60731 7.53374 9.7797 3.90374 3.75281 12.9547 3.2495 -3.26872 -95.2036 31.5579 6.5931 29.2081 0.0598081 0.137039 5.90849 -1.53572 -29.7093 24.234 0.0496219 0.113701 1.53768 -17.3622 0.0133138 -1.23299 -7.60729 7.53365 -6.44239 1.72771 -0.916564 -12.9547 3.2495 -3.26872 82.2567 13.5232 0.768111 -29.2081 0.0598081 0.137039 -8.26887 -3.27778 43.7824 -24.234 0.0496218 0.113702 2.75277 -5.44679 1.85124 9.23673 -4.20556 2.0327 -11.6329 -26.356 -23.7689 -0.852353 -38.7721 -0.655187 -18.5478 50.8518 7.90919 -2.32622 -40.4017 -6.04875 -1.85276 2.20724 15.1303 0.779096 -9.8844 12.4959 -1.96359e-16 -8.08497e-16 2.57823e-17 -9.23673 -4.20556 2.0327 -9.07059 -10.2144 2.7116 0.852353 -38.7721 -0.655187 2.39492 8.91033 -0.0307697 2.32622 -40.4017 -6.04875 -7.08341 -14.6968 -16.1495 -0.779096 -9.8844 12.4959 9.05742e-16 -6.34093e-16 -1.28097e-14 
3.83 90.7883 44.9342 6.34409 6.40433 14.6661 0 5.07867 -1.15138 -1.56549 1.16804 -0.27484 0 5.61661 1.07143 -1.12462 0.929758 -0.421104 -1.02604e-17 5.98978 0.11501 -0.740218 1.02778 -0.320339 -1.10457e-17 6.50583 -0.443523 -0.283958 0.872105 -0.285735 -1.97295e-17 7.60548 -1.50593 0.0467655 1.17383 -0.235393 -2.53307e-17 9.49737 -0.914492 0.352236 0.500237 -0.53221 -2.90401e-17 10.5513 1.57691 0.0665728 0.752788 -0.00747586 -1.29193e-17 4.78644 0.715339 -0.119333 3.23936 -5.87893 -1.8116e-17 4.82109 0.421791 0.548887 -5.36229 -3.01032 -2.00958e-17 4.83041 0.765062 -0.743121 -7.49848 -0.702987 1.23299 -7.60731 7.53374 9.09931 3.71049 3.5536 12.9547 3.2495 -3.26872 -94.587 31.3405 5.95923 29.2081 0.0598081 0.137039 5.95725 -1.56336 -29.9781 24.234 0.0496219 0.113701 1.51745 -16.0834 0.0351059 -1.23299 -7.60729 7.53365 -5.97953 1.55873 -0.677247 -12.9547 3.2495 -3.26872 80.8647 13.37 2.16339 -29.2081 0.0598081 0.137039 -8.49204 -3.49466 45.2681 -24.234 0.0496218 0.113702 2.91514 -4.89985 1.45845 9.23673 -4.20556 2.0327 -12.2082 -27.34 -23.6662 -0.852353 -38.7721 -0.655187 -17.1143 48.6016 6.85627 -2.32622 -40.4017 -6.04875 -1.21322 0.0374915 15.1812 0.779096 -9.8844 12.4959 -1.65361e-15 -8.69216e-16 8.65012e-17 -9.23673 -4.20556 2.0327 -8.96625 -9.62394 2.72292 0.852353 -38.7721 -0.655187 2.40239 8.9378 -0.0314488 2.32622 -40.4017 -6.04875 -7.38116 -14.9005 -16.1727 -0.779096 -9.8844 12.4959 1.27342e-15 -6.48339e-16 -1.28239e-14 
3.55409 90.8384 45.9977 6.42885 6.42563 14.8258 0 5.07867 -1.15138 -1.47012 1.12181 -0.0621937 0 5.61661 1.07143 -1.07687 0.923603 -0.180723 -1.02604e-17 5.98978 0.11501 -0.71382 1.05944 -0.0713177 -1.10457e-17 6.50583 -0.443523 -0.286808 0.942488 -0.0294012 -1.97295e-17 7.60548 -1.50593 0.0684445 1.24147 0.0196682 -2.53307e-17 9.49737 -0.914492 0.434105 0.604653 -0.290125 -2.90401e-17 10.5513 1.57691 0.0794265 0.745191 0.0239066 -1.29193e-17 4.78644 0.715339 -0.296057 2.90525 -6.55942 -1.8116e-17 4.82109 0.421791 0.577567 -5.36427 -3.3423 -2.00958e-17 4.83041 0.765062 -0.993274 -7.13121 -1.45845 1.23299 -7.60731 7.53374 9.02198 3.63048 3.42464 12.9547 3.2495 -3.26872 -94.6682 31.6324 5.40236 29.2081 0.0598081 0.137039 6.03476 -1.6079 -30.4068 24.234 0.0496219 0.113701 1.47188 -14.8086 0.0940676 -1.23299 -7.60729 7.53365 -5.095 1.50974 -0.333584 -12.9547 3.2495 -3.26872 79.1845 12.7194 3.52134 -29.2081 0.0598081 0.137039 -8.66295 -3.66856 46.4318 -24.234 0.0496218 0.113702 2.74189 -4.11927 1.61958 9.23673 -4.20556 2.0327 -12.6329 -28.2135 -23.7158 -0.852353 -38.7721 -0.655187 -15.5123 45.8091 5.73091 -2.32622 -40.4017 -6.04875 -0.63701 -2.05076 15.2701 0.779096 -9.8844 12.4959 -3.57773e-16 -8.13074e-16 3.03594e-17 -9.23673 -4.20556 2.0327 -8.78706 -9.13166 2.85759 0.852353 -38.7721 -0.655187 2.45536 9.13255 -0.0363674 2.32622 -40.4017 -6.04875 -7.46041 -15.1054 -16.193 -0.779096 -9.8844 12.4959 -7.14431e-16 -5.6137e-16 -1.27369e-14 
3.22972 90.8803 47.0841 6.54415 6.43511 14.5527 0 5.07867 -1.15138 -1.12469 1.2403 0.232695 0 5.61661 1.07143 -0.828935 1.05751 0.187431 -1.02604e-17 5.98978 0.11501 -0.542443 1.2055 0.319382 -1.10457e-17 6.50583 -0.443523 -0.206041 1.07292 0.38031 -1.97295e-17 7.60548 -1.50593 0.140117 1.32334 0.417536 -2.53307e-17 9.49737 -0.914492 0.54946 0.757992 0.0847626 -2.90401e-17 10.5513 1.57691 0.0918066 0.719945 0.115482 -1.29193e-17 4.78644 0.715339 -0.882776 1.28525 -7.39016 -1.8116e-17 4.82109 0.421791 0.33279 -5.25809 -3.75415 -2.00958e-17 4.83041 0.765062 -1.54127 -6.20937 -2.38858 1.23299 -7.60731 7.53374 9.28837 3.74521 3.17587 12.9547 3.2495 -3.26872 -95.1386 32.8902 4.79594 29.2081 0.0598081 0.137039 6.25604 -1.73938 -31.6408 24.234 0.0496219 0.113701 1.21927 -14.2607 0.226115 -1.23299 -7.60729 7.53365 -1.77516 1.93712 0.934891 -12.9547 3.2495 -3.26872 74.5553 10.2884 4.41173 -29.2081 0.0598081 0.137039 -8.72683 -3.7354 46.8729 -24.234 0.0496218 0.113702 2.12258 -3.23806 3.57298 9.23673 -4.20556 2.0327 -12.8579 -28.9274 -23.7121 -0.852353 -38.7721 -0.655187 -13.824 42.512 4.61344 -2.32622 -40.4017 -6.04875 -0.314389 -3.82187 15.3864 0.779096 -9.8844 12.4959 5.10599e-16 -7.70758e-16 -1.19569e-17 -9.23673 -4.20556 2.0327 -8.54042 -8.74336 3.43647 0.852353 -38.7721 -0.655187 2.53324 9.41855 -0.0439271 2.32622 -40.4017 -6.04875 -7.41779 -15.3767 -16.2092 -0.779096 -9.8844 12.4959 -1.67098e-15 -5.19521e-16 -1.26951e-14 
2.85301 90.9154 48.2224 6.79237 6.41044 13.3236 0 5.07867 -1.15138 -0.973468 1.37639 0.554952 0 5.61661 1.07143 -0.765513 1.20024 0.555548 -1.02604e-17 5.98978 0.11501 -0.527701 1.34789 0.704785 -1.10457e-17 6.50583 -0.443523 -0.254576 1.16944 0.779722 -1.97295e-17 7.60548 -1.50593 0.119362 1.35802 0.820184 -2.53307e-17 9.49737 -0.914492 0.611513 0.849207 0.483581 -2.90401e-17 10.5513 1.57691 0.10971 0.689711 0.18097 -1.29193e-17 4.78644 0.715339 -1.51243 -0.761473 -7.80771 -1.8116e-17 4.82109 0.421791 0.075981 -4.92494 -3.95286 -2.00958e-17 4.83041 0.765062 -1.56935 -4.8645 -2.90213 1.23299 -7.60731 7.53374 8.91626 3.94338 2.60934 12.9547 3.2495 -3.26872 -94.8219 33.9413 4.75712 29.2081 0.0598081 0.137039 6.5175 -1.90321 -33.1195 24.234 0.0496219 0.113701 1.67598 -14.7337 0.554366 -1.23299 -7.60729 7.53365 0.707712 2.3544 2.14288 -12.9547 3.2495 -3.26872 70.178 8.82458 5.14422 -29.2081 0.0598081 0.137039 -9.0318 -4.06926 49.0299 -24.234 0.0496218 0.113702 2.33709 -3.44874 4.11798 9.23673 -4.20556 2.0327 -12.6705 -29.5294 -23.0131 -0.852353 -38.7721 -0.655187 -12.128 38.7944 3.57422 -2.32622 -40.4017 -6.04875 0.26139 -4.94579 15.4174 0.779096 -9.8844 12.4959 -6.33332e-17 -7.94672e-16 1.19569e-17 -9.23673 -4.20556 2.0327 -8.19236 -8.43378 4.99429 0.852353 -38.7721 -0.655187 2.58741 9.61724 -0.0494149 2.32622 -40.4017 -6.04875 -7.63457 -15.5227 -16.218 -0.779096 -9.8844 12.4959 -6.11302e-16 -5.64593e-16 -1.27434e-14 
2.5137 90.9595 49.3951 7.0943 6.25903 11.5946 0 5.07867 -1.15138 -0.877046 1.24791 0.904084 0 5.61661 1.07143 -0.764855 1.1883 0.942623 -1.02604e-17 5.98978 0.11501 -0.571709 1.46855 1.10289 -1.10457e-17 6.50583 -0.443523 -0.359615 1.47675 1.19303 -1.97295e-17 7.60548 -1.50593 0.057418 1.69692 1.24509 -2.53307e-17 9.49737 -0.914492 0.653641 1.33084 0.908911 -2.90401e-17 10.5513 1.57691 0.123401 0.62595 0.227214 -1.29193e-17 4.78644 0.715339 -2.15308 -3.16808 -8.00163 -1.8116e-17 4.82109 0.421791 -0.0834118 -4.78934 -4.04087 -2.00958e-17 4.83041 0.765062 -1.49966 -3.2613 -3.27413 1.23299 -7.60731 7.53374 8.12553 3.86346 1.99996 12.9547 3.2495 -3.26872 -93.6738 34.5294 3.88339 29.2081 0.0598081 0.137039 6.67433 -2.00606 -34.0178 24.234 0.0496219 0.113701 2.14825 -15.427 1.14417 -1.23299 -7.60729 7.53365 3.15487 2.60887 3.25854 -12.9547 3.2495 -3.26872 66.4183 8.03542 6.18104 -29.2081 0.0598081 0.137039 -9.38699 -4.49215 51.6629 -24.234 0.0496218 0.113702 1.99159 -3.6391 3.94041 9.23673 -4.20556 2.0327 -12.1273 -29.8733 -21.7555 -0.852353 -38.7721 -0.655187 -10.4337 34.6396 2.6343 -2.32622 -40.4017 -6.04875 0.639545 -5.50417 15.4357 0.779096 -9.8844 12.4959 6.13728e-16 -7.67535e-16 -1.51797e-17 -9.23673 -4.20556 2.0327 -7.86138 -8.11211 6.99271 0.852353 -38.7721 -0.655187 2.6688 9.91543 -0.058015 2.32622 -40.4017 -6.04875 -7.67213 -15.6264 -16.1978 -0.779096 -9.8844 12.4959 -1.37654e-15 -5.28722e-16 -1.27135e-14 
2.26229 91.0219 50.5921 7.31338 5.98668 10.0368 0 5.07867 -1.15138 -0.734763 0.984714 1.26 0 5.61661 1.07143 -0.733662 1.09555 1.33903 -1.02604e-17 5.98978 0.11501 -0.600669 1.57161 1.50624 -1.10457e-17 6.50583 -0.443523 -0.466477 1.88808 1.61299 -1.97295e-17 7.60548 -1.50593 -0.0169807 2.18814 1.67901 -2.53307e-17 9.49737 -0.914492 0.677373 1.99116 1.34579 -2.90401e-17 10.5513 1.57691 0.14091 0.567967 0.260313 -1.29193e-17 4.78644 0.715339 -2.76438 -5.53657 -8.23536 -1.8116e-17 4.82109 0.421791 -0.212613 -4.63492 -4.14228 -2.00958e-17 4.83041 0.765062 -1.43746 -1.81791 -3.73554 1.23299 -7.60731 7.53374 7.09377 3.63039 1.44154 12.9547 3.2495 -3.26872 -92.2091 35.4008 2.22623 29.2081 0.0598081 0.137039 6.64962 -1.98962 -33.8757 24.234 0.0496219 0.113701 2.78311 -16.2212 1.67258 -1.23299 -7.60729 7.53365 5.32566 2.76642 4.23779 -12.9547 3.2495 -3.26872 62.8062 7.27622 7.67436 -29.2081 0.0598081 0.137039 -9.60361 -4.77057 53.344 -24.234 0.0496218 0.113702 1.38717 -4.03375 4.08669 9.23673 -4.20556 2.0327 -11.4093 -29.8638 -20.4617 -0.852353 -38.7721 -0.655187 -8.75789 30.0728 1.81733 -2.32622 -40.4017 -6.04875 0.685617 -5.15426 15.3876 0.779096 -9.8844 12.4959 2.48481e-17 -7.95139e-16 1.2424e-17 -9.23673 -4.20556 2.0327 -7.52079 -7.47023 8.70363 0.852353 -38.7721 -0.655187 2.68493 9.97447 -0.05977 2.32622 -40.4017 -6.04875 -7.73529 -15.5527 -16.1471 -0.779096 -9.8844 12.4959 -4.05043e-16 -5.74262e-16 -1.27498e-14 
2.10997 91.0881 51.8224 7.3954 5.66033 8.59277 0 5.07867 -1.15138 -0.559644 0.767485 1.61219 0 5.61661 1.07143 -0.673294 1.02818 1.7318 -1.02604e-17 5.98978 0.11501 -0.608192 1.67442 1.9049 -1.10457e-17 6.50583 -0.443523 -0.559978 2.25876 2.02943 -1.97295e-17 7.60548 -1.50593 -0.0847524 2.62481 2.10859 -2.53307e-17 9.49737 -0.914492 0.701664 2.55938 1.77531 -2.90401e-17 10.5513 1.57691 0.164441 0.530182 0.279642 -1.29193e-17 4.78644 0.715339 -3.27531 -7.69484 -8.44683 -1.8116e-17 4.82109 0.421791 -0.256439 -4.50654 -4.2185 -2.00958e-17 4.83041 0.765062 -1.52121 -0.475649 -4.23535 1.23299 -7.60731 7.53374 5.85356 3.40994 0.846978 12.9547 3.2495 -3.26872 -90.5965 36.1091 0.203582 29.2081 0.0598081 0.137039 6.44055 -1.85403 -32.6819 24.234 0.0496219 0.113701 3.38734 -16.8405 1.77708 -1.23299 -7.60729 7.53365 7.06496 2.89171 5.04484 -12.9547 3.2495 -3.26872 59.949 6.47182 9.39729 -29.2081 0.0598081 0.137039 -9.76811 -4.99378 54.665 -24.234 0.0496218 0.113702 0.643848 -4.06553 4.11011 9.23673 -4.20556 2.0327 -10.489 -29.4863 -19.1894 -0.852353 -38.7721 -0.655187 -7.09875 25.0997 1.13573 -2.32622 -40.4017 -6.04875 0.44624 -4.18868 15.3013 0.779096 -9.8844 12.4959 2.48481e-17 -7.95139e-16 1.2424e-17 -9.23673 -4.20556 2.0327 -7.13072 -6.66567 10.2333 0.852353 -38.7721 -0.655187 2.66649 9.90697 -0.0577652 2.32622 -40.4017 -6.04875 -7.80089 -15.3431 -16.089 -0.779096 -9.8844 12.4959 -1.09705e-15 -5.43435e-16 -1.2719e-14 
2.05582 91.1244 53.0875 7.2943 5.40465 7.23649 0 5.07867 -1.15138 -0.365376 0.63643 1.96032 0 5.61661 1.07143 -0.58737 0.988103 2.12501 -1.02604e-17 5.98978 0.11501 -0.590046 1.73684 2.30664 -1.10457e-17 6.50583 -0.443523 -0.62258 2.47392 2.44955 -1.97295e-17 7.60548 -1.50593 -0.12179 2.87152 2.53611 -2.53307e-17 9.49737 -0.914492 0.752956 2.86056 2.18512 -2.90401e-17 10.5513 1.57691 0.198458 0.518703 0.290349 -1.29193e-17 4.78644 0.715339 -3.6086 -8.97462 -8.63945 -1.8116e-17 4.82109 0.421791 -0.196918 -4.37322 -4.28308 -2.00958e-17 4.83041 0.765062 -1.7697 0.319711 -4.72922 1.23299 -7.60731 7.53374 5.53846 3.25158 0.426108 12.9547 3.2495 -3.26872 -89.7162 37.1318 -1.50464 29.2081 0.0598081 0.137039 6.20807 -1.71034 -31.372 24.234 0.0496219 0.113701 3.64258 -17.6149 1.8363 -1.23299 -7.60729 7.53365 8.03841 2.94666 5.55121 -12.9547 3.2495 -3.26872 58.2714 5.7735 11.0301 -29.2081 0.0598081 0.137039 -9.92073 -5.21089 55.9292 -24.234 0.0496218 0.113702 -0.0872002 -3.66637 3.88581 9.23673 -4.20556 2.0327 -9.3065 -28.9903 -17.7907 -0.852353 -38.7721 -0.655187 -5.5255 19.9903 0.621521 -2.32622 -40.4017 -6.04875 -0.138059 -2.82341 15.2107 0.779096 -9.8844 12.4959 2.48481e-17 -7.95139e-16 1.2424e-17 -9.23673 -4.20556 2.0327 -6.69157 -5.87578 11.5631 0.852353 -38.7721 -0.655187 2.63802 9.80272 -0.054713 2.32622 -40.4017 -6.04875 -7.70753 -15.1873 -16.033 -0.779096 -9.8844 12.4959 -1.08212e-15 -5.47124e-16 -1.27227e-14 
2.08583 91.1038 54.3989 7.04847 5.28009 5.97193 0 5.07867 -1.15138 -0.144007 0.747671 2.27938 0 5.61661 1.07143 -0.468441 1.08286 2.49703 -1.02604e-17 5.98978 0.11501 -0.54348 1.82102 2.69442 -1.10457e-17 6.50583 -0.443523 -0.655392 2.51219 2.85825 -1.97295e-17 7.60548 -1.50593 -0.137756 2.85244 2.94535 -2.53307e-17 9.49737 -0.914492 0.809613 2.81847 2.56396 -2.90401e-17 10.5513 1.57691 0.236597 0.532445 0.307609 -1.29193e-17 4.78644 0.715339 -3.9137 -10.0273 -8.76911 -1.8116e-17 4.82109 0.421791 -0.193168 -4.24199 -4.30835 -2.00958e-17 4.83041 0.765062 -2.06459 1.0312 -5.25478 1.23299 -7.60731 7.53374 5.76113 3.29275 -0.0333352 12.9547 3.2495 -3.26872 -89.3215 38.4567 -2.61847 29.2081 0.0598081 0.137039 6.06318 -1.62444 -30.5645 24.234 0.0496219 0.113701 3.81642 -18.702 1.95905 -1.23299 -7.60729 7.53365 8.76901 3.1814 6.09352 -12.9547 3.2495 -3.26872 56.7113 5.03005 12.0169 -29.2081 0.0598081 0.137039 -10.0662 -5.42773 57.1729 -24.234 0.0496218 0.113702 -0.859084 -3.46094 4.0584 9.23673 -4.20556 2.0327 -7.97425 -28.4768 -16.4732 -0.852353 -38.7721 -0.655187 -4.05227 14.9022 0.268433 -2.32622 -40.4017 -6.04875 -1.05928 -1.42433 15.1512 0.779096 -9.8844 12.4959 2.48481e-17 -7.95139e-16 1.2424e-17 -9.23673 -4.20556 2.0327 -6.22198 -5.19622 12.7257 0.852353 -38.7721 -0.655187 2.63093 9.77675 -0.0539609 2.32622 -40.4017 -6.04875 -7.57377 -15.199 -16.0043 -0.779096 -9.8844 12.4959 -5.08158e-16 -5.71039e-16 -1.27466e-14 
2.16499 91.0517 55.8151 6.75065 5.1379 4.73129 0 5.07867 -1.15138 0.0131528 0.961749 2.56667 0 5.61661 1.07143 -0.389666 1.23314 2.82908 -1.02604e-17 5.98978 0.11501 -0.519451 1.9179 3.04462 -1.10457e-17 6.50583 -0.443523 -0.688527 2.4845 3.22829 -1.97295e-17 7.60548 -1.50593 -0.144806 2.73438 3.31583 -2.53307e-17 9.49737 -0.914492 0.874986 2.64111 2.89238 -2.90401e-17 10.5513 1.57691 0.275397 0.547411 0.32445 -1.29193e-17 4.78644 0.715339 -4.20813 -10.9944 -8.84754 -1.8116e-17 4.82109 0.421791 -0.246599 -4.10079 -4.30595 -2.00958e-17 4.83041 0.765062 -2.16075 1.69456 -5.65033 1.23299 -7.60731 7.53374 6.41971 3.43015 -0.54177 12.9547 3.2495 -3.26872 -88.5124 39.8881 -3.45576 29.2081 0.0598081 0.137039 5.99403 -1.58441 -30.1814 24.234 0.0496219 0.113701 3.51542 -20.4854 2.01528 -1.23299 -7.60729 7.53365 9.41018 3.50208 6.73854 -12.9547 3.2495 -3.26872 55.55 4.42107 12.935 -29.2081 0.0598081 0.137039 -10.228 -5.68134 58.6054 -24.234 0.0496218 0.113702 -1.7328 -3.13936 3.90632 9.23673 -4.20556 2.0327 -6.54129 -27.7764 -15.2748 -0.852353 -38.7721 -0.655187 -2.666 9.90516 0.0577122 -2.32622 -40.4017 -6.04875 -2.32081 -0.24647 15.134 0.779096 -9.8844 12.4959 2.48481e-17 -7.95139e-16 1.2424e-17 -9.23673 -4.20556 2.0327 -5.76525 -4.41617 13.8502 0.852353 -38.7721 -0.655187 2.63167 9.77946 -0.0540392 2.32622 -40.4017 -6.04875 -7.333 -15.2945 -15.9902 -0.779096 -9.8844 12.4959 -1.18524e-15 -5.40679e-16 -1.27195e-14 
2.27142 91.0104 57.394 6.47901 4.87364 3.36845 0 5.07867 -1.15138 0.143744 1.01968 2.78532 0 5.61661 1.07143 -0.317908 1.28916 3.07776 -1.02604e-17 5.98978 0.11501 -0.491465 1.98738 3.30666 -1.10457e-17 6.50583 -0.443523 -0.709407 2.55168 3.50766 -1.97295e-17 7.60548 -1.50593 -0.148327 2.77755 3.59833 -2.53307e-17 9.49737 -0.914492 0.923984 2.67975 3.14288 -2.90401e-17 10.5513 1.57691 0.304063 0.540865 0.33683 -1.29193e-17 4.78644 0.715339 -4.48207 -12.4347 -8.7375 -1.8116e-17 4.82109 0.421791 -0.197218 -3.91363 -4.20702 -2.00958e-17 4.83041 0.765062 -2.32188 2.62067 -5.74163 1.23299 -7.60731 7.53374 6.61857 3.53002 -1.07726 12.9547 3.2495 -3.26872 -88.2141 41.0914 -4.11484 29.2081 0.0598081 0.137039 5.94134 -1.55432 -29.8904 24.234 0.0496219 0.113701 4.16809 -22.2089 2.8186 -1.23299 -7.60729 7.53365 10.0997 3.78251 7.39766 -12.9547 3.2495 -3.26872 54.3839 4.01155 13.779 -29.2081 0.0598081 0.137039 -10.3812 -5.93523 60.0176 -24.234 0.0496218 0.113702 -2.34478 -2.75633 3.91377 9.23673 -4.20556 2.0327 -5.02443 -26.7359 -13.9439 -0.852353 -38.7721 -0.655187 -1.36799 5.1065 -0.0281832 -2.32622 -40.4017 -6.04875 -3.59322 0.638223 15.1373 0.779096 -9.8844 12.4959 2.48481e-17 -7.95139e-16 1.2424e-17 -9.23673 -4.20556 2.0327 -5.36635 -3.42395 15.1366 0.852353 -38.7721 -0.655187 2.63777 9.80181 -0.0546866 2.32622 -40.4017 -6.04875 -6.98983 -15.3012 -15.973 -0.779096 -9.8844 12.4959 -5.96354e-16 -5.59082e-16 -1.27471e-14 
2.42288 90.9999 59.1368 6.26333 4.40981 1.9511 0 5.07867 -1.15138 0.151921 0.850873 2.95512 0 5.61661 1.07143 -0.348386 1.22431 3.2453 -1.02604e-17 5.98978 0.11501 -0.54129 2.0561 3.47235 -1.10457e-17 6.50583 -0.443523 -0.794354 2.84977 3.6837 -1.97295e-17 7.60548 -1.50593 -0.210138 3.1546 3.79502 -2.53307e-17 9.49737 -0.914492 0.917662 3.13611 3.34121 -2.90401e-17 10.5513 1.57691 0.310781 0.497042 0.331184 -1.29193e-17 4.78644 0.715339 -4.82514 -15.0264 -8.5603 -1.8116e-17 4.82109 0.421791 -0.0755169 -3.75103 -4.05543 -2.00958e-17 4.83041 0.765062 -2.05833 4.25414 -5.59314 1.23299 -7.60731 7.53374 5.28196 3.53754 -1.79242 12.9547 3.2495 -3.26872 -86.3164 40.5817 -5.44061 29.2081 0.0598081 0.137039 5.72082 -1.43217 -28.6812 24.234 0.0496219 0.113701 4.71671 -23.1293 3.3313 -1.23299 -7.60729 7.53365 11.0172 3.93464 8.07326 -12.9547 3.2495 -3.26872 53.1498 3.86097 15.2342 -29.2081 0.0598081 0.137039 -10.5123 -6.16432 61.2746 -24.234 0.0496218 0.113702 -2.81372 -2.55868 3.84456 9.23673 -4.20556 2.0327 -3.62247 -25.3064 -12.7001 -0.852353 -38.7721 -0.655187 -0.19535 0.729229 -0.0114854 -2.32622 -40.4017 -6.04875 -4.79742 1.16448 15.1898 0.779096 -9.8844 12.4959 2.48481e-17 -7.95139e-16 1.2424e-17 -9.23673 -4.20556 2.0327 -5.08444 -2.1301 16.6153 0.852353 -38.7721 -0.655187 2.64606 9.83217 -0.0555696 2.32622 -40.4017 -6.04875 -6.69545 -15.0667 -15.9281 -0.779096 -9.8844 12.4959 -4.93229e-16 -5.65527e-16 -1.27503e-14 
2.66336 91.0104 61.0056 6.14165 3.77339 0.575787 0 5.07867 -1.15138 0.103015 0.400997 3.08531 0 5.61661 1.07143 -0.423812 1.0069 3.34979 -1.02604e-17 5.98978 0.11501 -0.621029 2.10553 3.56306 -1.10457e-17 6.50583 -0.443523 -0.904491 3.38214 3.78006 -1.97295e-17 7.60548 -1.50593 -0.298804 3.88974 3.92548 -2.53307e-17 9.49737 -0.914492 0.882432 4.02965 3.49761 -2.90401e-17 10.5513 1.57691 0.300451 0.423795 0.310295 -1.29193e-17 4.78644 0.715339 -5.15647 -18.4172 -8.38301 -1.8116e-17 4.82109 0.421791 0.213546 -3.54986 -3.88778 -2.00958e-17 4.83041 0.765062 -1.76689 6.24794 -5.30855 1.23299 -7.60731 7.53374 2.74545 3.39795 -2.54202 12.9547 3.2495 -3.26872 -82.9293 38.9035 -7.91471 29.2081 0.0598081 0.137039 5.22435 -1.17877 -26.0057 24.234 0.0496219 0.113701 4.82843 -23.6518 3.3407 -1.23299 -7.60729 7.53365 12.1337 3.92249 8.66057 -12.9547 3.2495 -3.26872 52.0242 3.69624 17.3433 -29.2081 0.0598081 0.137039 -10.5796 -6.28653 61.9389 -24.234 0.0496218 0.113702 -3.08091 -2.12555 3.99122 9.23673 -4.20556 2.0327 -2.55852 -23.7578 -11.3892 -0.852353 -38.7721 -0.655187 0.720344 -2.68153 0.0636819 -2.32622 -40.4017 -6.04875 -5.51426 1.46383 15.2592 0.779096 -9.8844 12.4959 2.48481e-17 -7.95139e-16 1.2424e-17 -9.23673 -4.20556 2.0327 -5.01573 -0.662174 18.2882 0.852353 -38.7721 -0.655187 2.69818 10.023 -0.0612238 2.32622 -40.4017 -6.04875 -6.27864 -14.6799 -15.8813 -0.779096 -9.8844 12.4959 -1.98785e-16 -5.8393e-16 -1.27595e-14 
3.04158 90.9987 62.9371 6.09285 3.14636 -0.661066 0 5.07867 -1.15138 0.185807 0.0803583 3.30802 0 5.61661 1.07143 -0.396542 0.836099 3.5919 -1.02604e-17 5.98978 0.11501 -0.618583 2.10167 3.81517 -1.10457e-17 6.50583 -0.443523 -0.947066 3.6633 4.05552 -1.97295e-17 7.60548 -1.50593 -0.309281 4.30899 4.22544 -2.53307e-17 9.49737 -0.914492 0.949137 4.49702 3.76533 -2.90401e-17 10.5513 1.57691 0.313642 0.398365 0.324939 -1.29193e-17 4.78644 0.715339 -5.48075 -20.037 -8.61103 -1.8116e-17 4.82109 0.421791 0.556516 -3.16939 -3.94793 -2.00958e-17 4.83041 0.765062 -2.06071 7.23814 -5.41369 1.23299 -7.60731 7.53374 2.89181 3.1464 -2.54252 12.9547 3.2495 -3.26872 -81.1011 39.6192 -10.1877 29.2081 0.0598081 0.137039 4.78079 -0.9763 -23.6637 24.234 0.0496219 0.113701 3.55237 -25.3674 3.23859 -1.23299 -7.60729 7.53365 13.3593 4.02522 8.9464 -12.9547 3.2495 -3.26872 51.0882 2.97317 18.3446 -29.2081 0.0598081 0.137039 -10.6028 -6.32939 62.1709 -24.234 0.0496218 0.113702 -3.36168 -1.30641 4.36287 9.23673 -4.20556 2.0327 -1.94427 -22.5394 -9.83489 -0.852353 -38.7721 -0.655187 1.22559 -4.55068 0.128196 -2.32622 -40.4017 -6.04875 -5.31787 1.57525 15.2962 0.779096 -9.8844 12.4959 2.48481e-17 -7.95139e-16 1.2424e-17 -9.23673 -4.20556 2.0327 -5.16872 0.720812 19.8875 0.852353 -38.7721 -0.655187 2.81413 10.4467 -0.0744274 2.32622 -40.4017 -6.04875 -5.74611 -14.3057 -15.8646 -0.779096 -9.8844 12.4959 -3.01909e-16 -5.77485e-16 -1.27563e-14 
3.57362 90.9417 64.8768 6.13414 2.58592 -1.72728 0 5.07867 -1.15138 0.163268 0.0167063 3.54359 0 5.61661 1.07143 -0.463709 0.856681 3.8313 -1.02604e-17 5.98978 0.11501 -0.697098 2.22219 4.06616 -1.10457e-17 6.50583 -0.443523 -1.05404 3.9403 4.33159 -1.97295e-17 7.60548 -1.50593 -0.364538 4.65792 4.54628 -2.53307e-17 9.49737 -0.914492 1.00665 4.84316 4.0729 -2.90401e-17 10.5513 1.57691 0.329362 0.340925 0.345986 -1.29193e-17 4.78644 0.715339 -6.20569 -23.3068 -9.09346 -1.8116e-17 4.82109 0.421791 0.71759 -2.94721 -4.06084 -2.00958e-17 4.83041 0.765062 -2.10498 9.69075 -5.75027 1.23299 -7.60731 7.53374 2.26458 3.31227 -3.12288 12.9547 3.2495 -3.26872 -79.6729 40.6929 -11.8372 29.2081 0.0598081 0.137039 4.46976 -0.847117 -22.0452 24.234 0.0496219 0.113701 4.04058 -27.0415 3.60198 -1.23299 -7.60729 7.53365 14.9173 4.51178 9.72948 -12.9547 3.2495 -3.26872 50.3444 1.6941 18.8872 -29.2081 0.0598081 0.137039 -10.6982 -6.51048 63.1457 -24.234 0.0496218 0.113702 -4.03595 -0.20229 4.47433 9.23673 -4.20556 2.0327 -1.69602 -21.7995 -8.57903 -0.852353 -38.7721 -0.655187 1.27015 -4.71489 0.134663 -2.32622 -40.4017 -6.04875 -4.84882 1.86228 15.2699 0.779096 -9.8844 12.4959 -7.82765e-17 -7.98361e-16 1.56467e-17 -9.23673 -4.20556 2.0327 -5.5143 1.84778 21.6487 0.852353 -38.7721 -0.655187 3.03562 11.2535 -0.102033 2.32622 -40.4017 -6.04875 -4.9476 -14.0776 -15.9301 -0.779096 -9.8844 12.4959 -5.96354e-16 -5.59082e-16 -1.27471e-14 
4.22835 90.824 66.8032 6.16339 2.24055 -2.75623 0 5.07867 -1.15138 0.0725901 0.0228154 3.67789 0 5.61661 1.07143 -0.580019 0.960397 3.94078 -1.02604e-17 5.98978 0.11501 -0.819652 2.42175 4.17546 -1.10457e-17 6.50583 -0.443523 -1.2 4.34344 4.45376 -1.97295e-17 7.60548 -1.50593 -0.486046 5.13928 4.72312 -2.53307e-17 9.49737 -0.914492 0.967986 5.3279 4.28636 -2.90401e-17 10.5513 1.57691 0.318425 0.242199 0.34939 -1.29193e-17 4.78644 0.715339 -7.3324 -29.3563 -9.62486 -1.8116e-17 4.82109 0.421791 0.641222 -2.55877 -4.07328 -2.00958e-17 4.83041 0.765062 -1.87345 13.94 -5.81832 1.23299 -7.60731 7.53374 -0.522238 3.87863 -4.44495 12.9547 3.2495 -3.26872 -75.1893 39.4035 -14.4551 29.2081 0.0598081 0.137039 4.017 -0.677079 -19.7198 24.234 0.0496219 0.113701 3.68339 -28.5841 3.01564 -1.23299 -7.60729 7.53365 16.692 5.217 10.8091 -12.9547 3.2495 -3.26872 49.0032 0.733998 19.5916 -29.2081 0.0598081 0.137039 -10.809 -6.73057 64.3193 -24.234 0.0496218 0.113702 -4.95639 0.483081 4.8365 9.23673 -4.20556 2.0327 -1.50292 -21.5654 -7.83848 -0.852353 -38.7721 -0.655187 0.971879 -3.61361 0.0937694 -2.32622 -40.4017 -6.04875 -4.78576 2.24536 15.2589 0.779096 -9.8844 12.4959 -1.66472e-16 -8.01117e-16 1.84028e-17 -9.23673 -4.20556 2.0327 -5.92721 2.37342 23.3458 0.852353 -38.7721 -0.655187 3.44504 12.7343 -0.161256 2.32622 -40.4017 -6.04875 -4.09339 -13.9299 -15.9925 -0.779096 -9.8844 12.4959 -6.99479e-16 -5.55859e-16 -1.27406e-14 
4.99862 90.6084 68.7098 6.16508 3.05606 -3.85888 0 5.07867 -1.15138 0.152155 -0.351626 3.72475 0 5.61661 1.07143 -0.535013 0.757773 3.98045 -1.02604e-17 5.98978 0.11501 -0.8094 2.36717 4.20986 -1.10457e-17 6.50583 -0.443523 -1.24106 4.62083 4.49679 -1.97295e-17 7.60548 -1.50593 -0.556025 5.58741 4.78801 -2.53307e-17 9.49737 -0.914492 0.906935 5.85087 4.39356 -2.90401e-17 10.5513 1.57691 0.30847 0.157277 0.344908 -1.29193e-17 4.78644 0.715339 -8.30937 -35.9249 -9.83349 -1.8116e-17 4.82109 0.421791 0.591535 -1.66454 -3.87616 -2.00958e-17 4.83041 0.765062 -2.4783 18.1389 -5.76602 1.23299 -7.60731 7.53374 -2.94903 4.45326 -5.47092 12.9547 3.2495 -3.26872 -71.7053 38.164 -16.6075 29.2081 0.0598081 0.137039 3.61237 -0.542503 -17.6684 24.234 0.0496219 0.113701 3.02182 -30.4132 2.33747 -1.23299 -7.60729 7.53365 17.9565 5.66397 11.4022 -12.9547 3.2495 -3.26872 47.5203 0.274227 20.401 -29.2081 0.0598081 0.137039 -10.9074 -6.9361 65.4047 -24.234 0.0496218 0.113702 -5.35516 1.09923 5.02551 9.23673 -4.20556 2.0327 -1.18226 -22.507 -7.9157 -0.852353 -38.7721 -0.655187 0.635546 -2.36672 0.0544506 -2.32622 -40.4017 -6.04875 -4.94404 2.08727 15.2527 0.779096 -9.8844 12.4959 3.19293e-16 -7.85937e-16 3.22264e-18 -9.23673 -4.20556 2.0327 -6.25974 1.11692 24.3441 0.852353 -38.7721 -0.655187 4.14969 15.2465 -0.287751 2.32622 -40.4017 -6.04875 -3.14507 -13.9476 -16.0797 -0.779096 -9.8844 12.4959 -7.87674e-16 -5.56326e-16 -1.27319e-14 
5.90907 90.335 70.5678 6.45236 6.18 -4.90746 0 5.07867 -1.15138 0.167112 -1.02996 3.77712 0 5.61661 1.07143 -0.548931 0.229055 4.0446 -1.02604e-17 5.98978 0.11501 -0.843245 1.95843 4.27297 -1.10457e-17 6.50583 -0.443523 -1.30789 4.50489 4.57239 -1.97295e-17 7.60548 -1.50593 -0.623022 5.64327 4.85092 -2.53307e-17 9.49737 -0.914492 0.874008 5.95137 4.49075 -2.90401e-17 10.5513 1.57691 0.321229 0.106255 0.348171 -1.29193e-17 4.78644 0.715339 -9.43722 -42.356 -10.3396 -1.8116e-17 4.82109 0.421791 0.586426 -0.575605 -3.72237 -2.00958e-17 4.83041 0.765062 -3.55986 21.9584 -5.58285 1.23299 -7.60731 7.53374 -4.54305 5.09504 -6.163 12.9547 3.2495 -3.26872 -69.487 37.5279 -17.6542 29.2081 0.0598081 0.137039 3.29165 -0.447096 -16.0581 24.234 0.0496219 0.113701 1.95079 -32.1544 0.622014 -1.23299 -7.60729 7.53365 18.7609 6.05775 11.5968 -12.9547 3.2495 -3.26872 46.4322 0.376334 20.5949 -29.2081 0.0598081 0.137039 -11.0205 -7.1852 66.7078 -24.234 0.0496218 0.113702 -6.28464 1.61933 5.36978 9.23673 -4.20556 2.0327 -1.15793 -26.1264 -9.17185 -0.852353 -38.7721 -0.655187 0.208655 -0.778176 0.0150008 -2.32622 -40.4017 -6.04875 -4.59214 1.5766 15.2152 0.779096 -9.8844 12.4959 2.48481e-17 -7.95139e-16 1.2424e-17 -9.23673 -4.20556 2.0327 -6.67602 -3.36164 24.4162 0.852353 -38.7721 -0.655187 5.28751 19.1867 -0.555796 2.32622 -40.4017 -6.04875 -1.96057 -14.0137 -16.1847 -0.779096 -9.8844 12.4959 -3.01909e-16 -5.77485e-16 -1.27563e-14 
6.9827 90.0885 72.346 7.24981 10.94 -5.68363 0 5.07867 -1.15138 0.00109285 -1.87902 3.77667 0 5.61661 1.07143 -0.713604 -0.511714 4.04333 -1.02604e-17 5.98978 0.11501 -0.987121 1.31295 4.26894 -1.10457e-17 6.50583 -0.443523 -1.43642 4.09152 4.57408 -1.97295e-17 7.60548 -1.50593 -0.713405 5.3933 4.81959 -2.53307e-17 9.49737 -0.914492 0.837369 5.70965 4.50544 -2.90401e-17 10.5513 1.57691 0.340877 0.0816165 0.356434 -1.29193e-17 4.78644 0.715339 -10.9518 -48.1717 -11.4525 -1.8116e-17 4.82109 0.421791 0.430848 0.466572 -3.71867 -2.00958e-17 4.83041 0.765062 -4.52981 25.1793 -4.89196 1.23299 -7.60731 7.53374 -5.629 5.68585 -6.63977 12.9547 3.2495 -3.26872 -68.1949 37.437 -18.1553 29.2081 0.0598081 0.137039 3.04745 -0.380966 -14.8402 24.234 0.0496219 0.113701 1.27907 -33.9384 -1.22088 -1.23299 -7.60729 7.53365 18.9375 6.35112 11.6718 -12.9547 3.2495 -3.26872 46.1072 0.412127 20.5809 -29.2081 0.0598081 0.137039 -11.1317 -7.44617 68.0595 -24.234 0.0496218 0.113702 -7.02475 2.08418 5.85608 9.23673 -4.20556 2.0327 -1.82472 -31.7681 -10.0678 -0.852353 -38.7721 -0.655187 -0.288024 1.07533 -0.0160669 -2.32622 -40.4017 -6.04875 -4.04013 2.30301 15.2114 0.779096 -9.8844 12.4959 1.27971e-16 -7.91916e-16 9.20144e-18 -9.23673 -4.20556 2.0327 -7.5903 -10.4139 23.4842 0.852353 -38.7721 -0.655187 6.87142 24.3842 -1.05314 2.32622 -40.4017 -6.04875 -0.112492 -13.4032 -16.2156 -0.779096 -9.8844 12.4959 -5.96354e-16 -5.59082e-16 -1.27471e-14 
8.24065 89.8311 74.1145 8.30747 14.9606 -5.46168 0 5.07867 -1.15138 -0.274873 -2.61764 3.72284 0 5.61661 1.07143 -0.979619 -1.18177 3.9722 -1.02604e-17 5.98978 0.11501 -1.21369 0.745865 4.18974 -1.10457e-17 6.50583 -0.443523 -1.62474 3.7481 4.48531 -1.97295e-17 7.60548 -1.50593 -0.8571 5.21845 4.71001 -2.53307e-17 9.49737 -0.914492 0.738747 5.54522 4.46099 -2.90401e-17 10.5513 1.57691 0.355053 0.0894318 0.361122 -1.29193e-17 4.78644 0.715339 -12.5142 -51.7117 -12.8624 -1.8116e-17 4.82109 0.421791 0.121429 0.84724 -3.8934 -2.00958e-17 4.83041 0.765062 -4.90664 27.1462 -4.67854 1.23299 -7.60731 7.53374 -6.25899 5.93584 -6.76907 12.9547 3.2495 -3.26872 -67.5437 38.0659 -19.2397 29.2081 0.0598081 0.137039 2.82741 -0.326112 -13.7484 24.234 0.0496219 0.113701 1.77611 -35.0188 -1.63986 -1.23299 -7.60729 7.53365 18.475 6.19875 11.5028 -12.9547 3.2495 -3.26872 46.6867 -0.446039 20.624 -29.2081 0.0598081 0.137039 -11.1901 -7.59047 68.8014 -24.234 0.0496218 0.113702 -6.89869 2.03538 6.51056 9.23673 -4.20556 2.0327 -3.72157 -36.83 -11.7185 -0.852353 -38.7721 -0.655187 -0.677627 2.53075 -0.0292107 -2.32622 -40.4017 -6.04875 -4.67453 6.45002 15.395 0.779096 -9.8844 12.4959 -1.96302e-16 -8.08495e-16 2.578e-17 -9.23673 -4.20556 2.0327 -9.34956 -17.1518 21.2855 0.852353 -38.7721 -0.655187 8.81002 30.2218 -1.84088 2.32622 -40.4017 -6.04875 1.69188 -11.2211 -16.0658 -0.779096 -9.8844 12.4959 -6.99474e-16 -5.55859e-16 -1.27406e-14 
9.51397 90.0388 76.0798 8.92225 15.5601 -4.24756 0 5.07867 -1.15138 -0.484983 -2.81199 3.64776 0 5.61661 1.07143 -1.18771 -1.31876 3.86369 -1.02604e-17 5.98978 0.11501 -1.40441 0.747186 4.05712 -1.10457e-17 6.50583 -0.443523 -1.7951 4.02585 4.32178 -1.97295e-17 7.60548 -1.50593 -1.03168 5.6503 4.56613 -2.53307e-17 9.49737 -0.914492 0.555422 6.05725 4.40307 -2.90401e-17 10.5513 1.57691 0.347119 0.0633718 0.338322 -1.29193e-17 4.78644 0.715339 -13.4978 -52.6429 -13.9365 -1.8116e-17 4.82109 0.421791 -0.158071 -0.0166266 -4.15351 -2.00958e-17 4.83041 0.765062 -4.63842 27.7763 -5.23837 1.23299 -7.60731 7.53374 -7.21009 5.82951 -6.91878 12.9547 3.2495 -3.26872 -65.711 38.2537 -21.6393 29.2081 0.0598081 0.137039 2.54779 -0.262784 -12.3677 24.234 0.0496219 0.113701 2.59058 -35.2989 -0.991557 -1.23299 -7.60729 7.53365 17.6344 5.44043 11.2324 -12.9547 3.2495 -3.26872 47.6797 -2.35852 21.3065 -29.2081 0.0598081 0.137039 -11.2027 -7.62244 68.9652 -24.234 0.0496218 0.113702 -5.66704 1.42066 6.93766 9.23673 -4.20556 2.0327 -6.25877 -37.9906 -14.3466 -0.852353 -38.7721 -0.655187 -0.806351 3.01154 -0.0313783 -2.32622 -40.4017 -6.04875 -6.22568 11.8234 15.7429 0.779096 -9.8844 12.4959 -6.2244e-16 -8.24102e-16 4.13874e-17 -9.23673 -4.20556 2.0327 -11.4789 -19.4007 18.5435 0.852353 -38.7721 -0.655187 10.2532 34.1697 -2.5406 2.32622 -40.4017 -6.04875 3.31373 -6.10594 -15.8664 -0.779096 -9.8844 12.4959 -3.75204e-16 -5.72438e-16 -1.27512e-14 
10.6623 90.5404 78.4273 9.0597 12.1449 -2.85765 0 5.07867 -1.15138 -0.491989 -2.54824 3.57636 0 5.61661 1.07143 -1.1988 -0.931641 3.75194 -1.02604e-17 5.98978 0.11501 -1.43333 1.35475 3.90278 -1.10457e-17 6.50583 -0.443523 -1.8374 5.05837 4.12557 -1.97295e-17 7.60548 -1.50593 -1.15199 6.88702 4.42382 -2.53307e-17 9.49737 -0.914492 0.356443 7.46983 4.34011 -2.90401e-17 10.5513 1.57691 0.31316 -0.0328806 0.286912 -1.29193e-17 4.78644 0.715339 -13.5802 -51.5614 -14.2704 -1.8116e-17 4.82109 0.421791 -0.199187 -1.70047 -4.39126 -2.00958e-17 4.83041 0.765062 -4.19076 27.2624 -5.84704 1.23299 -7.60731 7.53374 -8.42006 5.32378 -7.09609 12.9547 3.2495 -3.26872 -62.9635 37.4249 -24.9914 29.2081 0.0598081 0.137039 2.21182 -0.195985 -10.7177 24.234 0.0496219 0.113701 2.9889 -35.0337 0.186085 -1.23299 -7.60729 7.53365 16.8944 4.17757 10.8931 -12.9547 3.2495 -3.26872 48.7613 -4.48192 22.597 -29.2081 0.0598081 0.137039 -11.2208 -7.66873 69.2021 -24.234 0.0496218 0.113702 -3.48872 1.10375 6.69686 9.23673 -4.20556 2.0327 -8.05214 -34.2712 -16.1717 -0.852353 -38.7721 -0.655187 -0.701282 2.61911 -0.0296901 -2.32622 -40.4017 -6.04875 -7.98348 17.5867 16.2029 0.779096 -9.8844 12.4959 2.6898e-15 -6.81032e-16 -1.01683e-16 -9.23673 -4.20556 2.0327 -13.0533 -16.2469 16.9052 0.852353 -38.7721 -0.655187 11.079 36.2758 -2.97969 2.32622 -40.4017 -6.04875 4.52506 -0.656122 -15.7204 -0.779096 -9.8844 12.4959 1.39149e-15 -6.4605e-16 -1.2834e-14 
11.6918 91.2644 80.9751 8.94471 6.3276 -1.50171 0 5.07867 -1.15138 -0.490243 -2.2129 3.47795 0 5.61661 1.07143 -1.1745 -0.384529 3.59003 -1.02604e-17 5.98978 0.11501 -1.4168 2.2227 3.68865 -1.10457e-17 6.50583 -0.443523 -1.8184 6.46508 3.86213 -1.97295e-17 7.60548 -1.50593 -1.23472 8.60049 4.23708 -2.53307e-17 9.49737 -0.914492 0.169212 9.3752 4.23539 -2.90401e-17 10.5513 1.57691 0.263958 -0.16865 0.203315 -1.29193e-17 4.78644 0.715339 -12.7303 -48.2468 -13.8834 -1.8116e-17 4.82109 0.421791 0.0194308 -3.63817 -4.62202 -2.00958e-17 4.83041 0.765062 -3.08289 25.287 -6.16578 1.23299 -7.60731 7.53374 -9.51904 4.45931 -7.27249 12.9547 3.2495 -3.26872 -60.851 35.3417 -27.5147 29.2081 0.0598081 0.137039 1.90867 -0.144278 -9.23604 24.234 0.0496219 0.113701 3.31403 -33.8275 1.54819 -1.23299 -7.60729 7.53365 15.4816 2.32737 10.2871 -12.9547 3.2495 -3.26872 50.6224 -5.36819 24.4207 -29.2081 0.0598081 0.137039 -11.3067 -7.89613 70.3609 -24.234 0.0496218 0.113702 -1.0877 0.673322 4.77564 9.23673 -4.20556 2.0327 -8.92887 -27.4231 -16.7984 -0.852353 -38.7721 -0.655187 -0.537515 2.00733 -0.0256228 -2.32622 -40.4017 -6.04875 -9.06981 21.1634 16.5276 0.779096 -9.8844 12.4959 8.05077e-16 -7.61555e-16 -2.11596e-17 -9.23673 -4.20556 2.0327 -13.8059 -10.0328 16.6667 0.852353 -38.7721 -0.655187 11.6346 37.6312 -3.28966 2.32622 -40.4017 -6.04875 5.44528 3.70885 -15.576 -0.779096 -9.8844 12.4959 7.72773e-16 -6.2027e-16 -1.2805e-14 
12.6109 91.6455 83.3515 8.49975 1.66339 -0.598279 0 5.07867 -1.15138 -0.939942 -2.79548 3.30773 0 5.61661 1.07143 -1.47822 -0.637035 3.2962 -1.02604e-17 5.98978 0.11501 -1.60587 2.47344 3.34181 -1.10457e-17 6.50583 -0.443523 -1.87816 7.40928 3.44987 -1.97295e-17 7.60548 -1.50593 -1.29177 9.97233 3.8889 -2.53307e-17 9.49737 -0.914492 0.0761955 10.9378 3.98285 -2.90401e-17 10.5513 1.57691 0.228358 -0.257257 0.0529646 -1.29193e-17 4.78644 0.715339 -9.16663 -38.1084 -11.2983 -1.8116e-17 4.82109 0.421791 0.954126 -5.40027 -4.49814 -2.00958e-17 4.83041 0.765062 -0.612442 17.994 -6.38715 1.23299 -7.60731 7.53374 -9.18666 2.81724 -6.6996 12.9547 3.2495 -3.26872 -62.7194 32.1936 -26.3103 29.2081 0.0598081 0.137039 1.66663 -0.108754 -8.05723 24.234 0.0496219 0.113701 4.39985 -30.8666 2.81543 -1.23299 -7.60729 7.53365 10.7673 -0.63383 8.24225 -12.9547 3.2495 -3.26872 55.3263 -1.51902 27.2412 -29.2081 0.0598081 0.137039 -11.5129 -8.50978 73.4493 -24.234 0.0496218 0.113702 0.686122 -1.37847 -0.942614 9.23673 -4.20556 2.0327 -8.97751 -21.2386 -16.4705 -0.852353 -38.7721 -0.655187 -0.415597 1.55187 -0.0214596 -2.32622 -40.4017 -6.04875 -8.7415 21.0051 16.3947 0.779096 -9.8844 12.4959 -1.61016e-15 -8.62345e-16 7.96305e-17 -9.23673 -4.20556 2.0327 -13.6591 -5.47426 17.0435 0.852353 -38.7721 -0.655187 12.3727 39.3573 -3.71845 2.32622 -40.4017 -6.04875 6.24932 7.21748 -15.4114 -0.779096 -9.8844 12.4959 -1.4064e-15 -5.30545e-16 -1.27061e-14 
13.4891 91.1722 85.3948 7.9167 2.47528 -0.462568 0 5.07867 -1.15138 -1.30349 -3.29617 3.10239 0 5.61661 1.07143 -1.69763 -1.13672 3.02562 -1.02604e-17 5.98978 0.11501 -1.70663 2.07093 3.05351 -1.10457e-17 6.50583 -0.443523 -1.83345 7.07165 3.12377 -1.97295e-17 7.60548 -1.50593 -1.18606 9.64152 3.52651 -2.53307e-17 9.49737 -0.914492 0.178019 10.6553 3.59715 -2.90401e-17 10.5513 1.57691 0.211861 -0.21604 -0.0509297 -1.29193e-17 4.78644 0.715339 -5.98428 -27.1848 -9.16506 -1.8116e-17 4.82109 0.421791 1.76064 -6.59075 -4.1122 -2.00958e-17 4.83041 0.765062 -0.101121 9.39286 -5.49787 1.23299 -7.60731 7.53374 -7.45304 1.53041 -5.64692 12.9547 3.2495 -3.26872 -68.6692 28.6761 -22.4675 29.2081 0.0598081 0.137039 1.6652 -0.108557 -8.05029 24.234 0.0496219 0.113701 5.04902 -25.9856 1.53572 -1.23299 -7.60729 7.53365 6.12542 -2.26048 6.24185 -12.9547 3.2495 -3.26872 60.4578 3.52883 28.6184 -29.2081 0.0598081 0.137039 -11.574 -8.71622 74.4772 -24.234 0.0496218 0.113702 -0.102112 -1.13928 -3.00987 9.23673 -4.20556 2.0327 -8.87734 -20.0815 -15.8087 -0.852353 -38.7721 -0.655187 -0.303521 1.13321 -0.0167785 -2.32622 -40.4017 -6.04875 -6.22552 15.9225 15.5598 0.779096 -9.8844 12.4959 -3.69987e-15 -9.57544e-16 1.74829e-16 -9.23673 -4.20556 2.0327 -12.9087 -7.8291 17.2565 0.852353 -38.7721 -0.655187 14.036 42.9474 -4.74951 2.32622 -40.4017 -6.04875 7.14259 8.77734 -15.374 -0.779096 -9.8844 12.4959 -1.86236e-15 -5.1354e-16 -1.26891e-14 
14.3231 90.4904 87.0706 7.51089 5.31528 -0.455847 0 5.07867 -1.15138 -1.74683 -2.97064 2.85917 0 5.61661 1.07143 -1.98793 -1.23395 2.74119 -1.02604e-17 5.98978 0.11501 -1.85681 1.44297 2.7716 -1.10457e-17 6.50583 -0.443523 -1.81338 5.57246 2.81675 -1.97295e-17 7.60548 -1.50593 -1.06295 7.61338 3.14432 -2.53307e-17 9.49737 -0.914492 0.30734 8.42448 3.1181 -2.90401e-17 10.5513 1.57691 0.202379 0.0239153 -0.107884 -1.29193e-17 4.78644 0.715339 -3.94037 -18.2433 -7.77169 -1.8116e-17 4.82109 0.421791 1.99837 -6.27032 -3.70675 -2.00958e-17 4.83041 0.765062 0.335576 3.03029 -4.64865 1.23299 -7.60731 7.53374 -5.89047 1.67988 -4.832 12.9547 3.2495 -3.26872 -75.0709 24.134 -16.8738 29.2081 0.0598081 0.137039 1.91535 -0.145328 -9.26863 24.234 0.0496219 0.113701 5.70213 -19.9992 -0.511217 -1.23299 -7.60729 7.53365 1.90876 -2.39854 4.37141 -12.9547 3.2495 -3.26872 65.5347 7.91688 27.964 -29.2081 0.0598081 0.137039 -11.5224 -8.54097 73.605 -24.234 0.0496218 0.113702 -1.08427 -0.819804 -1.98665 9.23673 -4.20556 2.0327 -9.14316 -21.3554 -15.5936 -0.852353 -38.7721 -0.655187 -0.250524 0.935273 -0.0142803 -2.32622 -40.4017 -6.04875 -3.44639 10.7502 14.9709 0.779096 -9.8844 12.4959 3.19298e-16 -7.85937e-16 3.2225e-18 -9.23673 -4.20556 2.0327 -12.3683 -12.9393 16.9507 0.852353 -38.7721 -0.655187 15.9336 46.5737 -6.02117 2.32622 -40.4017 -6.04875 7.53822 8.74457 -15.3113 -0.779096 -9.8844 12.4959 -1.10575e-16 -5.83464e-16 -1.2759e-14 
15.1317 90.0323 88.4386 7.37295 7.92105 -0.0932974 0 5.07867 -1.15138 -2.08957 -2.74742 2.54583 0 5.61661 1.07143 -2.21241 -1.37006 2.38519 -1.02604e-17 5.98978 0.11501 -1.9712 0.835306 2.41348 -1.10457e-17 6.50583 -0.443523 -1.78894 4.20683 2.4356 -1.97295e-17 7.60548 -1.50593 -0.992958 5.88583 2.70103 -2.53307e-17 9.49737 -0.914492 0.32239 6.48555 2.60962 -2.90401e-17 10.5513 1.57691 0.190229 0.249851 -0.154262 -1.29193e-17 4.78644 0.715339 -2.67737 -12.0381 -6.7328 -1.8116e-17 4.82109 0.421791 1.8747 -5.77799 -3.31478 -2.00958e-17 4.83041 0.765062 0.90731 -0.931462 -3.92356 1.23299 -7.60731 7.53374 -4.87804 1.87742 -3.99139 12.9547 3.2495 -3.26872 -79.2199 19.161 -12.682 29.2081 0.0598081 0.137039 2.27311 -0.20742 -11.018 24.234 0.0496219 0.113701 5.69207 -14.1486 -1.99586 -1.23299 -7.60729 7.53365 -1.63676 -2.36489 2.55117 -12.9547 3.2495 -3.26872 69.9775 11.2034 27.0625 -29.2081 0.0598081 0.137039 -11.4635 -8.35241 72.6622 -24.234 0.0496218 0.113702 -1.14115 -0.765633 -0.616973 9.23673 -4.20556 2.0327 -9.87995 -23.0051 -16.0427 -0.852353 -38.7721 -0.655187 -0.289453 1.08067 -0.0161332 -2.32622 -40.4017 -6.04875 -1.68406 7.5321 14.7755 0.779096 -9.8844 12.4959 2.48481e-17 -7.95139e-16 1.2424e-17 -9.23673 -4.20556 2.0327 -12.396 -18.0575 15.9754 0.852353 -38.7721 -0.655187 17.4611 49.1665 -7.1073 2.32622 -40.4017 -6.04875 7.14139 8.15779 -15.2398 -0.779096 -9.8844 12.4959 -8.90803e-16 -5.4988e-16 -1.27287e-14 
15.9224 89.8456 89.5041 7.1105 9.96063 0.683835 0 5.07867 -1.15138 -2.24393 -2.79907 2.17184 0 5.61661 1.07143 -2.27341 -1.60146 1.9772 -1.02604e-17 5.98978 0.11501 -1.96287 0.382393 2.00058 -1.10457e-17 6.50583 -0.443523 -1.68701 3.39926 2.00648 -1.97295e-17 7.60548 -1.50593 -0.90811 4.97505 2.22147 -2.53307e-17 9.49737 -0.914492 0.297257 5.49309 2.0844 -2.90401e-17 10.5513 1.57691 0.180763 0.379703 -0.197001 -1.29193e-17 4.78644 0.715339 -1.76176 -7.73809 -5.76885 -1.8116e-17 4.82109 0.421791 1.8353 -5.90432 -2.90361 -2.00958e-17 4.83041 0.765062 1.08488 -3.71875 -3.34174 1.23299 -7.60731 7.53374 -4.26313 1.63181 -3.08318 12.9547 3.2495 -3.26872 -81.5555 14.7828 -10.5907 29.2081 0.0598081 0.137039 2.66692 -0.288897 -12.955 24.234 0.0496219 0.113701 5.28657 -9.27262 -2.7824 -1.23299 -7.60729 7.53365 -4.5026 -2.58753 0.951949 -12.9547 3.2495 -3.26872 73.3395 13.3729 27.0592 -29.2081 0.0598081 0.137039 -11.4255 -8.23633 72.0796 -24.234 0.0496218 0.113702 -0.579931 -0.632941 0.118844 9.23673 -4.20556 2.0327 -10.6317 -24.6706 -17.1099 -0.852353 -38.7721 -0.655187 -0.452382 1.68929 -0.0228177 -2.32622 -40.4017 -6.04875 -0.849395 5.83302 14.73 0.779096 -9.8844 12.4959 2.48481e-17 -7.95139e-16 1.2424e-17 -9.23673 -4.20556 2.0327 -12.6614 -22.5318 14.5205 0.852353 -38.7721 -0.655187 18.2483 50.3998 -7.68595 2.32622 -40.4017 -6.04875 6.30727 6.94303 -15.1931 -0.779096 -9.8844 12.4959 -6.99474e-16 -5.55859e-16 -1.27406e-14 
16.6047 89.9527 90.3143 6.43141 10.7598 1.72133 0 5.07867 -1.15138 -2.20386 -2.85163 1.81447 0 5.61661 1.07143 -2.16328 -1.71935 1.60431 -1.02604e-17 5.98978 0.11501 -1.83192 0.210537 1.61993 -1.10457e-17 6.50583 -0.443523 -1.51678 3.13922 1.61595 -1.97295e-17 7.60548 -1.50593 -0.805982 4.71716 1.79183 -2.53307e-17 9.49737 -0.914492 0.255643 5.25418 1.62493 -2.90401e-17 10.5513 1.57691 0.172316 0.431417 -0.233844 -1.29193e-17 4.78644 0.715339 -1.11068 -4.33124 -5.10262 -1.8116e-17 4.82109 0.421791 1.82332 -6.53285 -2.61302 -2.00958e-17 4.83041 0.765062 1.33561 -6.04788 -2.70631 1.23299 -7.60731 7.53374 -4.03039 1.10324 -2.33899 12.9547 3.2495 -3.26872 -82.6076 11.3334 -10.3305 29.2081 0.0598081 0.137039 2.98905 -0.365969 -14.55 24.234 0.0496219 0.113701 4.82701 -5.65041 -3.06388 -1.23299 -7.60729 7.53365 -6.709 -3.02051 -0.351773 -12.9547 3.2495 -3.26872 75.6687 14.6416 27.9132 -29.2081 0.0598081 0.137039 -11.3738 -8.08418 71.313 -24.234 0.0496218 0.113702 0.0473047 -0.541104 0.545083 9.23673 -4.20556 2.0327 -10.8871 -25.4285 -18.4958 -0.852353 -38.7721 -0.655187 -0.673248 2.5144 -0.0291179 -2.32622 -40.4017 -6.04875 -0.547942 5.29425 14.729 0.779096 -9.8844 12.4959 -1.81392e-16 -8.04806e-16 2.20915e-17 -9.23673 -4.20556 2.0327 -12.6388 -25.3893 13.0419 0.852353 -38.7721 -0.655187 17.9435 49.9302 -7.46046 2.32622 -40.4017 -6.04875 5.00362 5.05206 -15.1469 -0.779096 -9.8844 12.4959 -9.93923e-16 -5.46658e-16 -1.27222e-14 
17.1673 90.2804 91.0257 5.67782 10.199 2.93132 0 5.07867 -1.15138 -2.07498 -2.83405 1.51963 0 5.61661 1.07143 -1.97891 -1.67881 1.30831 -1.02604e-17 5.98978 0.11501 -1.65334 0.32691 1.31393 -1.10457e-17 6.50583 -0.443523 -1.33114 3.36694 1.30503 -1.97295e-17 7.60548 -1.50593 -0.703194 4.99144 1.45291 -2.53307e-17 9.49737 -0.914492 0.221077 5.6252 1.26782 -2.90401e-17 10.5513 1.57691 0.163377 0.417 -0.262409 -1.29193e-17 4.78644 0.715339 -0.65371 -1.57655 -4.80447 -1.8116e-17 4.82109 0.421791 1.8466 -7.45421 -2.49011 -2.00958e-17 4.83041 0.765062 1.65587 -8.07156 -2.07619 1.23299 -7.60731 7.53374 -4.10334 0.415228 -1.82563 12.9547 3.2495 -3.26872 -82.8724 8.88931 -11.3513 29.2081 0.0598081 0.137039 3.22357 -0.428091 -15.7179 24.234 0.0496219 0.113701 4.41084 -3.1423 -3.11494 -1.23299 -7.60729 7.53365 -8.16982 -3.61105 -1.27573 -12.9547 3.2495 -3.26872 77.1765 15.0784 29.1923 -29.2081 0.0598081 0.137039 -11.3213 -7.93614 70.5639 -24.234 0.0496218 0.113702 0.53388 -0.341644 0.5759 9.23673 -4.20556 2.0327 -10.8559 -24.7901 -19.8118 -0.852353 -38.7721 -0.655187 -0.846304 3.16074 -0.0318312 -2.32622 -40.4017 -6.04875 -0.72871 5.6189 14.7434 0.779096 -9.8844 12.4959 -2.54691e-16 -8.09853e-16 2.71387e-17 -9.23673 -4.20556 2.0327 -12.3808 -26.3414 11.9284 0.852353 -38.7721 -0.655187 16.6716 47.8605 -6.5395 2.32622 -40.4017 -6.04875 3.59763 2.68909 -15.1339 -0.779096 -9.8844 12.4959 -7.87684e-16 -5.56325e-16 -1.27319e-14 
17.6349 90.7376 91.784 5.19722 8.32511 4.20713 0 5.07867 -1.15138 -1.967 -2.67392 1.32175 0 5.61661 1.07143 -1.82634 -1.44702 1.1139 -1.02604e-17 5.98978 0.11501 -1.50924 0.694804 1.10857 -1.10457e-17 6.50583 -0.443523 -1.18844 3.93272 1.09789 -1.97295e-17 7.60548 -1.50593 -0.623314 5.60349 1.22989 -2.53307e-17 9.49737 -0.914492 0.205721 6.36135 1.03373 -2.90401e-17 10.5513 1.57691 0.153952 0.362605 -0.277518 -1.29193e-17 4.78644 0.715339 -0.340531 0.588339 -4.89906 -1.8116e-17 4.82109 0.421791 1.93597 -8.42511 -2.55407 -2.00958e-17 4.83041 0.765062 2.04926 -9.66848 -1.52408 1.23299 -7.60731 7.53374 -4.37954 -0.301628 -1.53879 12.9547 3.2495 -3.26872 -82.4769 7.49418 -13.1214 29.2081 0.0598081 0.137039 3.41319 -0.482089 -16.6668 24.234 0.0496219 0.113701 3.96692 -1.55813 -2.85442 -1.23299 -7.60729 7.53365 -8.88892 -4.265 -1.80969 -12.9547 3.2495 -3.26872 78.1838 14.7227 30.4422 -29.2081 0.0598081 0.137039 -11.2679 -7.79167 69.8295 -24.234 0.0496218 0.113702 0.872508 0.0054693 0.287902 9.23673 -4.20556 2.0327 -10.7902 -22.5261 -20.8466 -0.852353 -38.7721 -0.655187 -0.901203 3.36572 -0.0322836 -2.32622 -40.4017 -6.04875 -1.19621 6.53709 14.7648 0.779096 -9.8844 12.4959 1.21756e-15 -7.45443e-16 -3.72721e-17 -9.23673 -4.20556 2.0327 -12.0219 -25.3357 11.3774 0.852353 -38.7721 -0.655187 14.7569 44.3811 -5.22154 2.32622 -40.4017 -6.04875 2.18666 0.101039 -15.1707 -0.779096 -9.8844 12.4959 -3.01905e-16 -5.77485e-16 -1.27563e-14 
18.0175 91.135 92.6353 5.04379 6.21729 5.27979 0 5.07867 -1.15138 -1.92319 -2.57339 1.2031 0 5.61661 1.07143 -1.74541 -1.22926 0.996008 -1.02604e-17 5.98978 0.11501 -1.42619 1.1043 0.982401 -1.10457e-17 6.50583 -0.443523 -1.1002 4.62163 0.971504 -1.97295e-17 7.60548 -1.50593 -0.567332 6.37845 1.09698 -2.53307e-17 9.49737 -0.914492 0.213606 7.27151 0.890703 -2.90401e-17 10.5513 1.57691 0.148696 0.281443 -0.28576 -1.29193e-17 4.78644 0.715339 -0.0771523 2.35724 -5.15984 -1.8116e-17 4.82109 0.421791 2.12841 -9.25976 -2.69534 -2.00958e-17 4.83041 0.765062 2.39736 -11.1817 -1.01891 1.23299 -7.60731 7.53374 -4.50499 -1.05729 -1.27373 12.9547 3.2495 -3.26872 -81.7959 7.06139 -14.9107 29.2081 0.0598081 0.137039 3.63363 -0.549164 -17.7756 24.234 0.0496219 0.113701 3.432 -0.864138 -2.48057 -1.23299 -7.60729 7.53365 -9.19118 -4.93773 -2.1691 -12.9547 3.2495 -3.26872 78.9503 14.0545 31.5551 -29.2081 0.0598081 0.137039 -11.2267 -7.68383 69.2792 -24.234 0.0496218 0.113702 1.10695 0.458865 -0.237105 9.23673 -4.20556 2.0327 -10.7849 -19.713 -21.4169 -0.852353 -38.7721 -0.655187 -0.878516 3.28101 -0.0321205 -2.32622 -40.4017 -6.04875 -1.46196 7.25989 14.7635 0.779096 -9.8844 12.4959 1.01132e-15 -7.5511e-16 -2.76048e-17 -9.23673 -4.20556 2.0327 -11.5645 -23.6771 11.5486 0.852353 -38.7721 -0.655187 12.6956 40.0862 -3.91186 2.32622 -40.4017 -6.04875 0.81429 -2.57851 -15.2674 -0.779096 -9.8844 12.4959 -5.96354e-16 -5.59082e-16 -1.27471e-14 
18.3293 91.2618 93.5202 5.02901 5.59811 6.07843 0 5.07867 -1.15138 -1.99051 -2.67319 1.09983 0 5.61661 1.07143 -1.77421 -1.23081 0.887121 -1.02604e-17 5.98978 0.11501 -1.42656 1.26156 0.875943 -1.10457e-17 6.50583 -0.443523 -1.07067 5.00615 0.867627 -1.97295e-17 7.60548 -1.50593 -0.535168 6.86029 0.99251 -2.53307e-17 9.49737 -0.914492 0.238195 7.84628 0.770262 -2.90401e-17 10.5513 1.57691 0.154648 0.216356 -0.291739 -1.29193e-17 4.78644 0.715339 0.163187 3.72474 -5.32714 -1.8116e-17 4.82109 0.421791 2.4034 -9.70005 -2.7798 -2.00958e-17 4.83041 0.765062 2.65831 -12.637 -0.623525 1.23299 -7.60731 7.53374 -4.14096 -1.67479 -0.859465 12.9547 3.2495 -3.26872 -81.3596 7.37803 -15.76 29.2081 0.0598081 0.137039 3.97493 -0.662324 -19.5054 24.234 0.0496219 0.113701 2.96865 -0.906155 -2.349 -1.23299 -7.60729 7.53365 -9.49563 -5.38624 -2.54871 -12.9547 3.2495 -3.26872 79.8187 13.6543 32.0882 -29.2081 0.0598081 0.137039 -11.2275 -7.68595 69.29 -24.234 0.0496218 0.113702 1.16382 0.89716 -0.759834 9.23673 -4.20556 2.0327 -11.0118 -18.2632 -21.5283 -0.852353 -38.7721 -0.655187 -0.871545 3.25499 -0.0320636 -2.32622 -40.4017 -6.04875 -1.02355 6.92279 14.696 0.779096 -9.8844 12.4959 9.95689e-18 -7.98826e-16 1.61117e-17 -9.23673 -4.20556 2.0327 -11.2056 -23.4679 12.1406 0.852353 -38.7721 -0.655187 10.8805 35.7797 -2.87174 2.32622 -40.4017 -6.04875 -0.42371 -5.48542 -15.4383 -0.779096 -9.8844 12.4959 -5.96354e-16 -5.59082e-16 -1.27471e-14 
18.5507 91.1421 94.2596 4.74902 6.63819 6.56334 0 5.07867 -1.15138 -2.09071 -2.5738 0.962501 0 5.61661 1.07143 -1.83557 -1.2047 0.743789 -1.02604e-17 5.98978 0.11501 -1.44638 1.17143 0.749377 -1.10457e-17 6.50583 -0.443523 -1.04945 4.71511 0.747384 -1.97295e-17 7.60548 -1.50593 -0.497232 6.47557 0.868226 -2.53307e-17 9.49737 -0.914492 0.274035 7.3917 0.62105 -2.90401e-17 10.5513 1.57691 0.167497 0.241203 -0.288456 -1.29193e-17 4.78644 0.715339 0.327215 4.2683 -5.25704 -1.8116e-17 4.82109 0.421791 2.65216 -9.5268 -2.72598 -2.00958e-17 4.83041 0.765062 2.77412 -13.1707 -0.395288 1.23299 -7.60731 7.53374 -3.45399 -1.68438 -0.497118 12.9547 3.2495 -3.26872 -81.4181 8.03059 -15.1587 29.2081 0.0598081 0.137039 4.45128 -0.839752 -21.9496 24.234 0.0496219 0.113701 2.9413 -1.4572 -2.51845 -1.23299 -7.60729 7.53365 -9.91357 -5.20702 -2.83993 -12.9547 3.2495 -3.26872 80.8421 13.6245 31.6148 -29.2081 0.0598081 0.137039 -11.2491 -7.74201 69.5763 -24.234 0.0496218 0.113702 1.12575 1.17542 -0.728291 9.23673 -4.20556 2.0327 -11.1543 -18.6175 -21.401 -0.852353 -38.7721 -0.655187 -0.921599 3.44186 -0.0324015 -2.32622 -40.4017 -6.04875 0.00200334 5.47717 14.6139 0.779096 -9.8844 12.4959 -9.6163e-16 -8.35168e-16 5.24532e-17 -9.23673 -4.20556 2.0327 -10.6372 -25.2149 13.1911 0.852353 -38.7721 -0.655187 9.32074 31.658 -2.07816 2.32622 -40.4017 -6.04875 -1.42883 -7.9436 -15.63 -0.779096 -9.8844 12.4959 -4.93239e-16 -5.65527e-16 -1.27503e-14 
18.6852 91.0472 94.8384 4.37027 7.75469 7.08929 0 5.07867 -1.15138 -2.17019 -2.35775 0.808101 0 5.61661 1.07143 -1.87878 -1.12081 0.582251 -1.02604e-17 5.98978 0.11501 -1.45507 1.04296 0.606105 -1.10457e-17 6.50583 -0.443523 -1.02453 4.23468 0.609403 -1.97295e-17 7.60548 -1.50593 -0.466816 5.83886 0.727085 -2.53307e-17 9.49737 -0.914492 0.285185 6.62407 0.465203 -2.90401e-17 10.5513 1.57691 0.175934 0.299853 -0.284171 -1.29193e-17 4.78644 0.715339 0.398193 4.34069 -5.17313 -1.8116e-17 4.82109 0.421791 2.73747 -9.14017 -2.66126 -2.00958e-17 4.83041 0.765062 3.06685 -12.9898 -0.24496 1.23299 -7.60731 7.53374 -2.78087 -1.46215 -0.249418 12.9547 3.2495 -3.26872 -81.7256 8.26794 -14.3466 29.2081 0.0598081 0.137039 4.88498 -1.02189 -24.2101 24.234 0.0496219 0.113701 3.07679 -1.48766 -2.62111 -1.23299 -7.60729 7.53365 -10.3529 -4.8218 -3.06247 -12.9547 3.2495 -3.26872 81.8684 13.6283 30.8676 -29.2081 0.0598081 0.137039 -11.2443 -7.72943 69.5122 -24.234 0.0496218 0.113702 1.06495 1.32579 -0.417988 9.23673 -4.20556 2.0327 -11.2059 -19.16 -21.4493 -0.852353 -38.7721 -0.655187 -0.956873 3.57354 -0.0325414 -2.32622 -40.4017 -6.04875 0.786788 4.24266 14.5833 0.779096 -9.8844 12.4959 -2.69606e-16 -8.0434e-16 2.16257e-17 -9.23673 -4.20556 2.0327 -9.92223 -27.0851 14.728 0.852353 -38.7721 -0.655187 7.81602 27.3039 -1.41377 2.32622 -40.4017 -6.04875 -1.88333 -8.83892 -15.7284 -0.779096 -9.8844 12.4959 -3.019e-16 -5.77485e-16 -1.27563e-14 
18.7475 91.0603 95.3571 4.04453 8.17033 7.87521 0 5.07867 -1.15138 -2.19482 -2.26885 0.658568 0 5.61661 1.07143 -1.86906 -1.07907 0.429909 -1.02604e-17 5.98978 0.11501 -1.42447 1.0015 0.466484 -1.10457e-17 6.50583 -0.443523 -0.972943 4.0479 0.473512 -1.97295e-17 7.60548 -1.50593 -0.427453 5.59652 0.588357 -2.53307e-17 9.49737 -0.914492 0.289737 6.32458 0.321314 -2.90401e-17 10.5513 1.57691 0.178324 0.320765 -0.28959 -1.29193e-17 4.78644 0.715339 0.462356 4.51962 -5.19221 -1.8116e-17 4.82109 0.421791 2.77485 -9.06857 -2.65264 -2.00958e-17 4.83041 0.765062 3.39107 -12.9498 -0.142703 1.23299 -7.60731 7.53374 -2.22734 -1.48776 -0.0177146 12.9547 3.2495 -3.26872 -81.9596 8.1837 -14.3454 29.2081 0.0598081 0.137039 5.1632 -1.14953 -25.6803 24.234 0.0496219 0.113701 3.05696 -0.923392 -2.63356 -1.23299 -7.60729 7.53365 -10.7531 -4.71821 -3.27339 -12.9547 3.2495 -3.26872 82.7271 13.3397 30.6612 -29.2081 0.0598081 0.137039 -11.2109 -7.64331 69.0719 -24.234 0.0496218 0.113702 1.04175 1.58709 -0.351661 9.23673 -4.20556 2.0327 -11.2269 -19.0449 -21.9159 -0.852353 -38.7721 -0.655187 -0.965734 3.60662 -0.0325638 -2.32622 -40.4017 -6.04875 1.08567 3.61597 14.596 0.779096 -9.8844 12.4959 1.27963e-16 -7.91916e-16 9.20169e-18 -9.23673 -4.20556 2.0327 -9.22459 -27.9916 16.4802 0.852353 -38.7721 -0.655187 6.31588 22.6027 -0.862893 2.32622 -40.4017 -6.04875 -1.54314 -7.61249 -15.6758 -0.779096 -9.8844 12.4959 -6.99469e-16 -5.5586e-16 -1.27406e-14 
18.7672 91.1757 95.9014 3.76249 7.85223 8.9095 0 5.07867 -1.15138 -2.17154 -2.26289 0.520246 0 5.61661 1.07143 -1.80955 -1.04392 0.294863 -1.02604e-17 5.98978 0.11501 -1.35331 1.07114 0.338986 -1.10457e-17 6.50583 -0.443523 -0.888963 4.16493 0.349514 -1.97295e-17 7.60548 -1.50593 -0.365896 5.73709 0.459473 -2.53307e-17 9.49737 -0.914492 0.30991 6.48226 0.189865 -2.90401e-17 10.5513 1.57691 0.175041 0.303084 -0.302413 -1.29193e-17 4.78644 0.715339 0.548786 4.8859 -5.32906 -1.8116e-17 4.82109 0.421791 2.82677 -9.26826 -2.70465 -2.00958e-17 4.83041 0.765062 3.65159 -13.2256 -0.0743278 1.23299 -7.60731 7.53374 -1.90583 -1.74141 0.140226 12.9547 3.2495 -3.26872 -82.0214 7.97578 -15.04 29.2081 0.0598081 0.137039 5.31593 -1.22332 -26.4947 24.234 0.0496219 0.113701 2.96198 -0.0236965 -2.55458 -1.23299 -7.60729 7.53365 -11.0335 -4.89814 -3.37943 -12.9547 3.2495 -3.26872 83.487 12.7224 30.7882 -29.2081 0.0598081 0.137039 -11.1683 -7.53598 68.5214 -24.234 0.0496218 0.113702 1.0249 2.12774 -0.507311 9.23673 -4.20556 2.0327 -11.1771 -18.1505 -22.6794 -0.852353 -38.7721 -0.655187 -0.940062 3.51079 -0.0324849 -2.32622 -40.4017 -6.04875 1.15111 3.52315 14.6066 0.779096 -9.8844 12.4959 3.19302e-16 -7.85937e-16 3.22235e-18 -9.23673 -4.20556 2.0327 -8.60992 -27.726 18.1283 0.852353 -38.7721 -0.655187 4.80727 17.5428 -0.433237 2.32622 -40.4017 -6.04875 -0.230495 -4.16304 -15.5177 -0.779096 -9.8844 12.4959 -7.87693e-16 -5.56325e-16 -1.27319e-14 
18.7645 91.321 96.5668 3.61775 7.26707 10.1135 0 5.07867 -1.15138 -2.15551 -2.23251 0.409756 0 5.61661 1.07143 -1.75742 -0.974866 0.190814 -1.02604e-17 5.98978 0.11501 -1.28692 1.1911 0.243428 -1.10457e-17 6.50583 -0.443523 -0.807391 4.36239 0.259577 -1.97295e-17 7.60548 -1.50593 -0.296655 5.96282 0.366323 -2.53307e-17 9.49737 -0.914492 0.353561 6.73301 0.0926307 -2.90401e-17 10.5513 1.57691 0.170954 0.278672 -0.312137 -1.29193e-17 4.78644 0.715339 0.643145 5.36362 -5.63577 -1.8116e-17 4.82109 0.421791 2.89369 -9.46112 -2.8384 -2.00958e-17 4.83041 0.765062 3.84737 -13.6874 -0.10284 1.23299 -7.60731 7.53374 -1.51185 -2.04531 0.297197 12.9547 3.2495 -3.26872 -81.7172 8.18393 -15.9105 29.2081 0.0598081 0.137039 5.43026 -1.28032 -27.1079 24.234 0.0496219 0.113701 2.58892 0.530967 -2.30027 -1.23299 -7.60729 7.53365 -11.1385 -5.12453 -3.32567 -12.9547 3.2495 -3.26872 84.1253 11.7512 30.6143 -29.2081 0.0598081 0.137039 -11.14 -7.46656 68.1643 -24.234 0.0496218 0.113702 0.922885 2.82666 -0.639466 9.23673 -4.20556 2.0327 -11.2118 -16.9169 -23.5555 -0.852353 -38.7721 -0.655187 -0.910695 3.40116 -0.0323418 -2.32622 -40.4017 -6.04875 1.17926 3.64887 14.6056 0.779096 -9.8844 12.4959 1.27963e-16 -7.91916e-16 9.20169e-18 -9.23673 -4.20556 2.0327 -8.24058 -26.8806 19.531 0.852353 -38.7721 -0.655187 3.39792 12.5646 -0.153901 2.32622 -40.4017 -6.04875 1.76166 0.742488 -15.414 -0.779096 -9.8844 12.4959 -1.98785e-16 -5.8393e-16 -1.27595e-14 
18.741 91.4288 97.3484 3.59804 6.912 11.3523 0 5.07867 -1.15138 -2.17723 -2.04711 0.327204 0 5.61661 1.07143 -1.74647 -0.820958 0.117841 -1.02604e-17 5.98978 0.11501 -1.25179 1.29425 0.189412 -1.10457e-17 6.50583 -0.443523 -0.748126 4.38162 0.215759 -1.97295e-17 7.60548 -1.50593 -0.226385 5.92745 0.322402 -2.53307e-17 9.49737 -0.914492 0.427084 6.65281 0.0390812 -2.90401e-17 10.5513 1.57691 0.173343 0.282651 -0.307283 -1.29193e-17 4.78644 0.715339 0.750463 5.97181 -6.07943 -1.8116e-17 4.82109 0.421791 3.00748 -9.46129 -3.03074 -2.00958e-17 4.83041 0.765062 3.90748 -14.1442 -0.268327 1.23299 -7.60731 7.53374 -0.563865 -2.19808 0.597874 12.9547 3.2495 -3.26872 -80.6748 9.59209 -16.4681 29.2081 0.0598081 0.137039 5.59751 -1.36649 -28.0109 24.234 0.0496219 0.113701 1.71839 -0.397166 -1.70443 -1.23299 -7.60729 7.53365 -11.1365 -5.12701 -3.11095 -12.9547 3.2495 -3.26872 84.4082 10.2343 29.4559 -29.2081 0.0598081 0.137039 -11.1498 -7.49045 68.2872 -24.234 0.0496218 0.113702 0.904656 3.163 -0.399694 9.23673 -4.20556 2.0327 -11.3863 -15.8663 -24.4199 -0.852353 -38.7721 -0.655187 -0.905284 3.38095 -0.0323093 -2.32622 -40.4017 -6.04875 1.28846 3.65186 14.6018 0.779096 -9.8844 12.4959 3.19302e-16 -7.85937e-16 3.22235e-18 -9.23673 -4.20556 2.0327 -8.094 -26.2933 20.7712 0.852353 -38.7721 -0.655187 2.27189 8.45728 -0.0201021 2.32622 -40.4017 -6.04875 3.91327 5.67195 -15.4852 -0.779096 -9.8844 12.4959 -1.98785e-16 -5.8393e-16 -1.27595e-14 
18.6862 91.5129 98.2296 3.5862 6.64308 12.4398 0 5.07867 -1.15138 -2.22791 -1.93563 0.224889 0 5.61661 1.07143 -1.75354 -0.727847 0.0129097 -1.02604e-17 5.98978 0.11501 -1.22927 1.35502 0.0961877 -1.10457e-17 6.50583 -0.443523 -0.693722 4.39034 0.128732 -1.97295e-17 7.60548 -1.50593 -0.162541 5.90459 0.233714 -2.53307e-17 9.49737 -0.914492 0.48713 6.60629 -0.0592969 -2.90401e-17 10.5513 1.57691 0.172303 0.274403 -0.303317 -1.29193e-17 4.78644 0.715339 0.812537 6.10235 -6.44066 -1.8116e-17 4.82109 0.421791 3.11528 -9.32591 -3.18848 -2.00958e-17 4.83041 0.765062 3.97642 -14.1456 -0.175559 1.23299 -7.60731 7.53374 -0.148938 -2.17105 0.626989 12.9547 3.2495 -3.26872 -80.3624 10.7901 -16.6161 29.2081 0.0598081 0.137039 5.77823 -1.46339 -28.9947 24.234 0.0496219 0.113701 2.07209 -0.849558 -1.08056 -1.23299 -7.60729 7.53365 -11.0851 -5.11276 -2.78996 -12.9547 3.2495 -3.26872 84.7411 8.97233 28.451 -29.2081 0.0598081 0.137039 -11.1973 -7.60871 68.8947 -24.234 0.0496218 0.113702 1.07376 3.65733 -0.668775 9.23673 -4.20556 2.0327 -11.4709 -14.905 -25.0642 -0.852353 -38.7721 -0.655187 -0.922592 3.44557 -0.0324066 -2.32622 -40.4017 -6.04875 1.4254 3.39172 14.6039 0.779096 -9.8844 12.4959 2.48481e-17 -7.95139e-16 1.2424e-17 -9.23673 -4.20556 2.0327 -7.86387 -26.0324 22.0142 0.852353 -38.7721 -0.655187 1.60192 5.97683 0.0207826 2.32622 -40.4017 -6.04875 5.6346 9.40635 -15.6593 -0.779096 -9.8844 12.4959 -5.0813e-16 -5.71041e-16 -1.27466e-14 
18.6068 91.5895 99.2137 3.53479 6.26978 13.437 0 5.07867 -1.15138 -2.26829 -1.93248 0.171692 0 5.61661 1.07143 -1.76812 -0.71454 -0.0388096 -1.02604e-17 5.98978 0.11501 -1.22576 1.36986 0.0503486 -1.10457e-17 6.50583 -0.443523 -0.671588 4.41398 0.0874063 -1.97295e-17 7.60548 -1.50593 -0.133513 5.93072 0.191897 -2.53307e-17 9.49737 -0.914492 0.51715 6.6306 -0.103221 -2.90401e-17 10.5513 1.57691 0.16408 0.259593 -0.292702 -1.29193e-17 4.78644 0.715339 0.80103 6.04121 -6.83945 -1.8116e-17 4.82109 0.421791 3.16337 -9.14891 -3.37528 -2.00958e-17 4.83041 0.765062 4.28979 -13.7611 -0.174827 1.23299 -7.60731 7.53374 0.0299364 -2.17539 0.587668 12.9547 3.2495 -3.26872 -79.9969 11.1221 -16.9713 29.2081 0.0598081 0.137039 5.79776 -1.4741 -29.1015 24.234 0.0496219 0.113701 2.13662 -0.381529 -0.754408 -1.23299 -7.60729 7.53365 -10.7765 -5.08764 -2.48857 -12.9547 3.2495 -3.26872 84.9431 7.84082 27.5126 -29.2081 0.0598081 0.137039 -11.2199 -7.66619 69.189 -24.234 0.0496218 0.113702 1.03884 4.1781 -0.866218 9.23673 -4.20556 2.0327 -11.416 -13.8669 -25.6103 -0.852353 -38.7721 -0.655187 -0.970278 3.62357 -0.0325733 -2.32622 -40.4017 -6.04875 1.56649 2.92507 14.6332 0.779096 -9.8844 12.4959 -7.82671e-17 -7.98361e-16 1.56464e-17 -9.23673 -4.20556 2.0327 -7.5738 -25.5727 22.6938 0.852353 -38.7721 -0.655187 1.33708 4.99139 0.0288947 2.32622 -40.4017 -6.04875 6.46894 11.4196 -15.7499 -0.779096 -9.8844 12.4959 -1.18526e-15 -5.40678e-16 -1.27195e-14 
18.5027 91.6218 100.232 3.3618 6.03231 14.3486 0 5.07867 -1.15138 -2.26312 -1.98596 0.134867 0 5.61661 1.07143 -1.75184 -0.751246 -0.0688932 -1.02604e-17 5.98978 0.11501 -1.2039 1.34186 0.0243124 -1.10457e-17 6.50583 -0.443523 -0.643389 4.40421 0.0648818 -1.97295e-17 7.60548 -1.50593 -0.105344 5.93336 0.165395 -2.53307e-17 9.49737 -0.914492 0.541547 6.63825 -0.133832 -2.90401e-17 10.5513 1.57691 0.156338 0.255225 -0.27886 -1.29193e-17 4.78644 0.715339 0.80838 6.0569 -7.1357 -1.8116e-17 4.82109 0.421791 3.23038 -8.96271 -3.51689 -2.00958e-17 4.83041 0.765062 4.53207 -13.4324 -0.276788 1.23299 -7.60731 7.53374 0.0482225 -2.17431 0.571882 12.9547 3.2495 -3.26872 -79.5855 11.2965 -17.3608 29.2081 0.0598081 0.137039 5.69599 -1.4188 -28.5459 24.234 0.0496219 0.113701 2.23474 0.232106 -0.821793 -1.23299 -7.60729 7.53365 -10.4322 -5.06158 -2.26356 -12.9547 3.2495 -3.26872 84.9519 6.70555 26.7469 -29.2081 0.0598081 0.137039 -11.207 -7.63328 69.0205 -24.234 0.0496218 0.113702 1.00368 4.55418 -0.731163 9.23673 -4.20556 2.0327 -11.2109 -13.0345 -26.1435 -0.852353 -38.7721 -0.655187 -1.05075 3.9239 -0.0325181 -2.32622 -40.4017 -6.04875 1.76167 2.10414 14.687 0.779096 -9.8844 12.4959 -3.72721e-16 -8.07563e-16 2.48481e-17 -9.23673 -4.20556 2.0327 -7.31145 -24.9034 22.4187 0.852353 -38.7721 -0.655187 1.34402 5.01724 0.0287405 2.32622 -40.4017 -6.04875 6.59054 11.7396 -15.723 -0.779096 -9.8844 12.4959 -6.99469e-16 -5.5586e-16 -1.27406e-14 
18.39 91.5961 101.2 3.21092 5.84172 15.256 0 5.07867 -1.15138 -2.25135 -1.95214 0.0995269 0 5.61661 1.07143 -1.73275 -0.741511 -0.098954 -1.02604e-17 5.98978 0.11501 -1.18063 1.30147 -0.00142764 -1.10457e-17 6.50583 -0.443523 -0.615672 4.28382 0.0432589 -1.97295e-17 7.60548 -1.50593 -0.0771949 5.77932 0.138972 -2.53307e-17 9.49737 -0.914492 0.565948 6.46168 -0.167199 -2.90401e-17 10.5513 1.57691 0.15094 0.278266 -0.260161 -1.29193e-17 4.78644 0.715339 0.828481 6.08001 -7.37384 -1.8116e-17 4.82109 0.421791 3.29169 -8.67638 -3.6313 -2.00958e-17 4.83041 0.765062 4.68692 -12.9926 -0.456035 1.23299 -7.60731 7.53374 -0.0501608 -2.05707 0.548875 12.9547 3.2495 -3.26872 -79.0802 11.4848 -17.4718 29.2081 0.0598081 0.137039 5.57386 -1.35411 -27.8828 24.234 0.0496219 0.113701 2.26519 0.709307 -0.947514 -1.23299 -7.60729 7.53365 -10.0751 -4.93647 -2.01758 -12.9547 3.2495 -3.26872 84.8967 5.55452 25.7094 -29.2081 0.0598081 0.137039 -11.1956 -7.60455 68.8733 -24.234 0.0496218 0.113702 1.01593 4.82119 -0.428709 9.23673 -4.20556 2.0327 -11.0437 -12.3842 -26.7171 -0.852353 -38.7721 -0.655187 -1.17927 4.40325 -0.0315533 -2.32622 -40.4017 -6.04875 2.00788 1.24425 14.7381 0.779096 -9.8844 12.4959 -3.72721e-16 -8.07563e-16 2.48481e-17 -9.23673 -4.20556 2.0327 -7.36785 -23.6183 21.026 0.852353 -38.7721 -0.655187 1.38013 5.15172 0.0278873 2.32622 -40.4017 -6.04875 5.72701 9.47248 -15.4861 -0.779096 -9.8844 12.4959 -7.87693e-16 -5.56325e-16 -1.27319e-14 
18.277 91.559 102.132 3.19223 5.54688 16.26 0 5.07867 -1.15138 -2.25023 -1.91915 0.0625702 0 5.61661 1.07143 -1.71754 -0.725089 -0.13565 -1.02604e-17 5.98978 0.11501 -1.15787 1.27406 -0.0328565 -1.10457e-17 6.50583 -0.443523 -0.585533 4.18015 0.015597 -1.97295e-17 7.60548 -1.50593 -0.0435366 5.64439 0.10756 -2.53307e-17 9.49737 -0.914492 0.599014 6.30511 -0.208007 -2.90401e-17 10.5513 1.57691 0.14733 0.302549 -0.243099 -1.29193e-17 4.78644 0.715339 0.869954 6.01998 -7.62452 -1.8116e-17 4.82109 0.421791 3.38926 -8.39546 -3.74679 -2.00958e-17 4.83041 0.765062 4.72403 -12.4639 -0.666015 1.23299 -7.60731 7.53374 -0.233443 -1.903 0.5301 12.9547 3.2495 -3.26872 -78.4292 11.9871 -17.482 29.2081 0.0598081 0.137039 5.47023 -1.30062 -27.3231 24.234 0.0496219 0.113701 2.24868 0.729757 -0.870883 -1.23299 -7.60729 7.53365 -9.67297 -4.77328 -1.77684 -12.9547 3.2495 -3.26872 84.6598 4.4878 24.5605 -29.2081 0.0598081 0.137039 -11.1987 -7.61228 68.9129 -24.234 0.0496218 0.113702 0.984821 4.99708 -0.195419 9.23673 -4.20556 2.0327 -10.9872 -11.6928 -27.426 -0.852353 -38.7721 -0.655187 -1.32684 4.95326 -0.029116 -2.32622 -40.4017 -6.04875 2.16672 0.760109 14.7539 0.779096 -9.8844 12.4959 -3.72721e-16 -8.07563e-16 2.48481e-17 -9.23673 -4.20556 2.0327 -7.61891 -21.8154 19.8928 0.852353 -38.7721 -0.655187 1.33676 4.99019 0.0289018 2.32622 -40.4017 -6.04875 4.2487 5.07957 -15.2232 -0.779096 -9.8844 12.4959 -3.01899e-16 -5.77485e-16 -1.27563e-14 
18.1847 91.6055 103.106 3.12936 5.45674 17.3469 0 5.07867 -1.15138 -2.26082 -1.96994 -0.000704204 0 5.61661 1.07143 -1.70866 -0.767564 -0.198996 -1.02604e-17 5.98978 0.11501 -1.13666 1.21945 -0.0893394 -1.10457e-17 6.50583 -0.443523 -0.550406 4.10508 -0.0372686 -1.97295e-17 7.60548 -1.50593 -0.00678599 5.57137 0.0507851 -2.53307e-17 9.49737 -0.914492 0.631144 6.22879 -0.275362 -2.90401e-17 10.5513 1.57691 0.143113 0.310195 -0.231279 -1.29193e-17 4.78644 0.715339 0.9052 5.885 -7.91026 -1.8116e-17 4.82109 0.421791 3.53071 -8.14396 -3.87732 -2.00958e-17 4.83041 0.765062 4.82936 -12.0284 -0.702858 1.23299 -7.60731 7.53374 -0.423213 -1.76623 0.520664 12.9547 3.2495 -3.26872 -77.7367 12.5045 -17.4077 29.2081 0.0598081 0.137039 5.35929 -1.24476 -26.7269 24.234 0.0496219 0.113701 2.22482 0.403151 -0.865165 -1.23299 -7.60729 7.53365 -9.27054 -4.63325 -1.55246 -12.9547 3.2495 -3.26872 84.5708 3.50418 23.2902 -29.2081 0.0598081 0.137039 -11.2359 -7.70759 69.4005 -24.234 0.0496218 0.113702 1.08131 5.29101 -0.0486514 9.23673 -4.20556 2.0327 -10.9633 -11.2558 -28.1897 -0.852353 -38.7721 -0.655187 -1.50063 5.60022 -0.0244243 -2.32622 -40.4017 -6.04875 2.29414 0.28915 14.7776 0.779096 -9.8844 12.4959 -1.665e-16 -8.01118e-16 1.84037e-17 -9.23673 -4.20556 2.0327 -7.75316 -20.8031 19.4485 0.852353 -38.7721 -0.655187 1.29995 4.85307 0.0296666 2.32622 -40.4017 -6.04875 3.81781 4.02947 -15.1915 -0.779096 -9.8844 12.4959 -5.96354e-16 -5.59082e-16 -1.27471e-14 
18.0572 91.643 104.071 2.87628 5.67347 18.2947 0 5.07867 -1.15138 -2.25657 -2.02126 -0.0751457 0 5.61661 1.07143 -1.6912 -0.828322 -0.269893 -1.02604e-17 5.98978 0.11501 -1.10964 1.11626 -0.151859 -1.10457e-17 6.50583 -0.443523 -0.512437 3.9338 -0.0950563 -1.97295e-17 7.60548 -1.50593 0.0280232 5.38632 -0.0114257 -2.53307e-17 9.49737 -0.914492 0.654017 6.02828 -0.347005 -2.90401e-17 10.5513 1.57691 0.137656 0.323977 -0.2172 -1.29193e-17 4.78644 0.715339 0.889653 5.54844 -8.0817 -1.8116e-17 4.82109 0.421791 3.66281 -7.79786 -3.95437 -2.00958e-17 4.83041 0.765062 4.99769 -11.4716 -0.750676 1.23299 -7.60731 7.53374 -0.621672 -1.53162 0.464687 12.9547 3.2495 -3.26872 -77.1158 12.8801 -17.0801 29.2081 0.0598081 0.137039 5.23852 -1.1856 -26.0813 24.234 0.0496219 0.113701 2.27233 -0.139324 -0.954276 -1.23299 -7.60729 7.53365 -8.78082 -4.39172 -1.26619 -12.9547 3.2495 -3.26872 84.4972 2.62924 21.7855 -29.2081 0.0598081 0.137039 -11.3021 -7.88353 70.2967 -24.234 0.0496218 0.113702 1.31759 5.6613 0.0851914 9.23673 -4.20556 2.0327 -10.8326 -11.3178 -28.8069 -0.852353 -38.7721 -0.655187 -1.73915 6.4865 -0.0147817 -2.32622 -40.4017 -6.04875 2.42598 -0.489068 14.8385 0.779096 -9.8844 12.4959 3.19307e-16 -7.85937e-16 3.2222e-18 -9.23673 -4.20556 2.0327 -7.68826 -20.3279 18.669 0.852353 -38.7721 -0.655187 1.30298 4.86435 0.029607 2.32622 -40.4017 -6.04875 3.14674 3.00887 -15.1466 -0.779096 -9.8844 12.4959 -5.96354e-16 -5.59082e-16 -1.27471e-14 
17.9037 91.6961 105.018 2.47058 5.82711 19.0302 0 5.07867 -1.15138 -2.18616 -2.07917 -0.137909 0 5.61661 1.07143 -1.61946 -0.89337 -0.321345 -1.02604e-17 5.98978 0.11501 -1.04338 1.00799 -0.195336 -1.10457e-17 6.50583 -0.443523 -0.451402 3.75306 -0.133387 -1.97295e-17 7.60548 -1.50593 0.075261 5.1902 -0.0575277 -2.53307e-17 9.49737 -0.914492 0.678698 5.81597 -0.402894 -2.90401e-17 10.5513 1.57691 0.130802 0.341255 -0.199311 -1.29193e-17 4.78644 0.715339 0.840777 5.01572 -8.22906 -1.8116e-17 4.82109 0.421791 3.8023 -7.4434 -4.02174 -2.00958e-17 4.83041 0.765062 5.11516 -10.7283 -0.760164 1.23299 -7.60731 7.53374 -0.902306 -1.26638 0.389235 12.9547 3.2495 -3.26872 -76.5381 13.2125 -16.7628 29.2081 0.0598081 0.137039 5.08196 -1.11137 -25.2493 24.234 0.0496219 0.113701 2.3569 -0.876886 -0.983004 -1.23299 -7.60729 7.53365 -8.15438 -4.08575 -0.971895 -12.9547 3.2495 -3.26872 84.1604 1.98447 20.3078 -29.2081 0.0598081 0.137039 -11.363 -8.05332 71.157 -24.234 0.0496218 0.113702 1.49327 6.0702 0.318508 9.23673 -4.20556 2.0327 -10.5033 -11.5185 -29.2491 -0.852353 -38.7721 -0.655187 -2.01917 7.52412 0.00126057 -2.32622 -40.4017 -6.04875 2.62345 -1.26673 14.8904 0.779096 -9.8844 12.4959 1.27958e-16 -7.91916e-16 9.20184e-18 -9.23673 -4.20556 2.0327 -7.32145 -20.0875 17.6236 0.852353 -38.7721 -0.655187 1.335 4.98364 0.0289404 2.32622 -40.4017 -6.04875 2.47069 2.50011 -15.1125 -0.779096 -9.8844 12.4959 -5.96354e-16 -5.59082e-16 -1.27471e-14 
17.7502 91.7983 105.971 2.13398 5.70959 19.5437 0 5.07867 -1.15138 -2.08301 -2.13609 -0.179728 0 5.61661 1.07143 -1.52228 -0.938552 -0.347039 -1.02604e-17 5.98978 0.11501 -0.96003 0.946134 -0.214349 -1.10457e-17 6.50583 -0.443523 -0.382438 3.65933 -0.147844 -1.97295e-17 7.60548 -1.50593 0.127669 5.09425 -0.080932 -2.53307e-17 9.49737 -0.914492 0.708317 5.7192 -0.436022 -2.90401e-17 10.5513 1.57691 0.122008 0.349614 -0.181205 -1.29193e-17 4.78644 0.715339 0.766031 4.38791 -8.40882 -1.8116e-17 4.82109 0.421791 3.93705 -7.1508 -4.10727 -2.00958e-17 4.83041 0.765062 5.22433 -9.96252 -0.658999 1.23299 -7.60731 7.53374 -1.27417 -1.03819 0.30174 12.9547 3.2495 -3.26872 -75.8875 13.5199 -16.6352 29.2081 0.0598081 0.137039 4.86826 -1.0145 -24.1223 24.234 0.0496219 0.113701 2.38732 -1.85945 -1.00968 -1.23299 -7.60729 7.53365 -7.37684 -3.79817 -0.689637 -12.9547 3.2495 -3.26872 83.6332 1.5255 19.0171 -29.2081 0.0598081 0.137039 -11.4166 -8.20954 71.9447 -24.234 0.0496218 0.113702 1.64303 6.60224 0.572725 9.23673 -4.20556 2.0327 -10.082 -11.4961 -29.432 -0.852353 -38.7721 -0.655187 -2.29656 8.54822 0.022164 -2.32622 -40.4017 -6.04875 2.75632 -1.76924 14.9181 0.779096 -9.8844 12.4959 3.19307e-16 -7.85937e-16 3.2222e-18 -9.23673 -4.20556 2.0327 -6.81514 -19.7416 16.8632 0.852353 -38.7721 -0.655187 1.37418 5.12958 0.0280336 2.32622 -40.4017 -6.04875 1.97828 2.42609 -15.0877 -0.779096 -9.8844 12.4959 -5.96354e-16 -5.59082e-16 -1.27471e-14 
17.6235 91.9384 106.971 2.01779 5.33881 19.9145 0 5.07867 -1.15138 -1.998 -2.20185 -0.204313 0 5.61661 1.07143 -1.4436 -0.971014 -0.355737 -1.02604e-17 5.98978 0.11501 -0.892255 0.929988 -0.217387 -1.10457e-17 6.50583 -0.443523 -0.326481 3.66292 -0.146944 -1.97295e-17 7.60548 -1.50593 0.174245 5.11368 -0.0874233 -2.53307e-17 9.49737 -0.914492 0.742075 5.75799 -0.452342 -2.90401e-17 10.5513 1.57691 0.11196 0.344664 -0.164784 -1.29193e-17 4.78644 0.715339 0.678246 3.75417 -8.59145 -1.8116e-17 4.82109 0.421791 4.05875 -6.92794 -4.19695 -2.00958e-17 4.83041 0.765062 5.32177 -9.21263 -0.534133 1.23299 -7.60731 7.53374 -1.67183 -0.864826 0.207391 12.9547 3.2495 -3.26872 -75.1566 13.9502 -16.6279 29.2081 0.0598081 0.137039 4.62909 -0.912005 -22.872 24.234 0.0496219 0.113701 2.31695 -3.13259 -0.952156 -1.23299 -7.60729 7.53365 -6.50197 -3.56271 -0.408574 -12.9547 3.2495 -3.26872 83.0649 1.22821 17.8312 -29.2081 0.0598081 0.137039 -11.4694 -8.37077 72.7541 -24.234 0.0496218 0.113702 1.74317 7.34754 0.739315 9.23673 -4.20556 2.0327 -9.70626 -11.0971 -29.3296 -0.852353 -38.7721 -0.655187 -2.5322 9.41471 0.0438234 -2.32622 -40.4017 -6.04875 2.7076 -1.9692 14.9337 0.779096 -9.8844 12.4959 3.34179e-16 -7.8225e-16 -4.64757e-19 -9.23673 -4.20556 2.0327 -6.36551 -19.0957 16.4055 0.852353 -38.7721 -0.655187 1.40187 5.23265 0.0273328 2.32622 -40.4017 -6.04875 1.5897 2.50024 -15.0639 -0.779096 -9.8844 12.4959 -5.96354e-16 -5.59082e-16 -1.27471e-14 
17.5218 92.0527 108 1.96474 5.00253 20.0733 0 5.07867 -1.15138 -1.90876 -2.32819 -0.220263 0 5.61661 1.07143 -1.3623 -1.04286 -0.354457 -1.02604e-17 5.98978 0.11501 -0.821709 0.903789 -0.210084 -1.10457e-17 6.50583 -0.443523 -0.267481 3.7043 -0.135751 -1.97295e-17 7.60548 -1.50593 0.226608 5.19483 -0.0842356 -2.53307e-17 9.49737 -0.914492 0.785784 5.87244 -0.462084 -2.90401e-17 10.5513 1.57691 0.102988 0.328129 -0.150478 -1.29193e-17 4.78644 0.715339 0.596645 3.1448 -8.72542 -1.8116e-17 4.82109 0.421791 4.18074 -6.73137 -4.26206 -2.00958e-17 4.83041 0.765062 5.31042 -8.52646 -0.362955 1.23299 -7.60731 7.53374 -1.9698 -0.740184 0.166445 12.9547 3.2495 -3.26872 -74.5535 14.6009 -16.4884 29.2081 0.0598081 0.137039 4.41266 -0.824507 -21.75 24.234 0.0496219 0.113701 2.18876 -4.71355 -0.84919 -1.23299 -7.60729 7.53365 -5.62637 -3.36256 -0.160715 -12.9547 3.2495 -3.26872 82.5229 1.15582 16.7305 -29.2081 0.0598081 0.137039 -11.5261 -8.55332 73.6665 -24.234 0.0496218 0.113702 1.77021 8.36158 0.803961 9.23673 -4.20556 2.0327 -9.33728 -10.6473 -28.9696 -0.852353 -38.7721 -0.655187 -2.73869 10.1711 0.06574 -2.32622 -40.4017 -6.04875 2.6436 -2.17617 14.9555 0.779096 -9.8844 12.4959 9.08225e-16 -7.58331e-16 -2.43833e-17 -9.23673 -4.20556 2.0327 -5.91094 -18.4503 16.2429 0.852353 -38.7721 -0.655187 1.42371 5.31399 0.0267442 2.32622 -40.4017 -6.04875 1.19665 2.45917 -15.0396 -0.779096 -9.8844 12.4959 -5.96354e-16 -5.59082e-16 -1.27471e-14 
17.4349 92.1159 108.996 1.83162 4.89191 20.1358 0 5.07867 -1.15138 -1.81736 -2.41979 -0.246333 0 5.61661 1.07143 -1.27919 -1.10535 -0.364026 -1.02604e-17 5.98978 0.11501 -0.74957 0.85167 -0.212344 -1.10457e-17 6.50583 -0.443523 -0.206324 3.66388 -0.134243 -1.97295e-17 7.60548 -1.50593 0.2788 5.17089 -0.0909858 -2.53307e-17 9.49737 -0.914492 0.824802 5.85997 -0.48259 -2.90401e-17 10.5513 1.57691 0.0953436 0.319278 -0.136669 -1.29193e-17 4.78644 0.715339 0.505559 2.50038 -8.7703 -1.8116e-17 4.82109 0.421791 4.25624 -6.4683 -4.28199 -2.00958e-17 4.83041 0.765062 5.27797 -7.78589 -0.230783 1.23299 -7.60731 7.53374 -2.15381 -0.551689 0.138481 12.9547 3.2495 -3.26872 -74.1499 15.3816 -16.0724 29.2081 0.0598081 0.137039 4.23193 -0.755184 -20.8194 24.234 0.0496219 0.113701 2.08982 -6.35081 -0.779539 -1.23299 -7.60729 7.53365 -4.82116 -3.10552 0.0794675 -12.9547 3.2495 -3.26872 82.0738 1.27062 15.5198 -29.2081 0.0598081 0.137039 -11.5872 -8.76245 74.7067 -24.234 0.0496218 0.113702 1.68465 9.27491 0.936406 9.23673 -4.20556 2.0327 -8.97155 -10.4582 -28.4849 -0.852353 -38.7721 -0.655187 -2.9488 10.9377 0.0908407 -2.32622 -40.4017 -6.04875 2.67794 -2.50442 14.9835 0.779096 -9.8844 12.4959 1.27958e-16 -7.91916e-16 9.20184e-18 -9.23673 -4.20556 2.0327 -5.45182 -18.0448 16.1583 0.852353 -38.7721 -0.655187 1.44688 5.4002 0.0260864 2.32622 -40.4017 -6.04875 0.820842 2.21568 -15.0179 -0.779096 -9.8844 12.4959 -5.96354e-16 -5.59082e-16 -1.27471e-14 
17.3586 92.1797 109.932 1.74758 4.82561 20.2704 0 5.07867 -1.15138 -1.76157 -2.37099 -0.282697 0 5.61661 1.07143 -1.22584 -1.07599 -0.390524 -1.02604e-17 5.98978 0.11501 -0.701127 0.826828 -0.231374 -1.10457e-17 6.50583 -0.443523 -0.162588 3.5459 -0.150113 -1.97295e-17 7.60548 -1.50593 0.316073 5.0158 -0.112385 -2.53307e-17 9.49737 -0.914492 0.848855 5.68242 -0.515913 -2.90401e-17 10.5513 1.57691 0.0879929 0.328025 -0.122368 -1.29193e-17 4.78644 0.715339 0.390606 1.76401 -8.76832 -1.8116e-17 4.82109 0.421791 4.28113 -6.15033 -4.2795 -2.00958e-17 4.83041 0.765062 5.31566 -6.88105 -0.211859 1.23299 -7.60731 7.53374 -2.32316 -0.247554 0.053945 12.9547 3.2495 -3.26872 -73.7647 16.2603 -15.5959 29.2081 0.0598081 0.137039 4.06125 -0.692774 -19.9455 24.234 0.0496219 0.113701 2.05284 -7.84494 -0.700456 -1.23299 -7.60729 7.53365 -4.05478 -2.77066 0.361282 -12.9547 3.2495 -3.26872 81.6295 1.4321 14.2128 -29.2081 0.0598081 0.137039 -11.6442 -8.97169 75.7425 -24.234 0.0496218 0.113702 1.45593 9.76594 1.21325 9.23673 -4.20556 2.0327 -8.7007 -10.3298 -28.1296 -0.852353 -38.7721 -0.655187 -3.14956 11.667 0.117451 -2.32622 -40.4017 -6.04875 2.66152 -2.68828 15.0048 0.779096 -9.8844 12.4959 1.13086e-16 -7.95603e-16 1.28888e-17 -9.23673 -4.20556 2.0327 -5.11091 -17.6843 15.9598 0.852353 -38.7721 -0.655187 1.47024 5.48716 0.0253872 2.32622 -40.4017 -6.04875 0.500661 1.97444 -14.9994 -0.779096 -9.8844 12.4959 -4.93244e-16 -5.65526e-16 -1.27503e-14 
17.3047 92.2686 110.809 1.93639 4.54107 20.5084 0 5.07867 -1.15138 -1.76553 -2.27438 -0.320829 0 5.61661 1.07143 -1.22214 -0.999333 -0.426627 -1.02604e-17 5.98978 0.11501 -0.691102 0.85617 -0.261493 -1.10457e-17 6.50583 -0.443523 -0.146028 3.4921 -0.177886 -1.97295e-17 7.60548 -1.50593 0.335403 4.92423 -0.141737 -2.53307e-17 9.49737 -0.914492 0.864799 5.57529 -0.556286 -2.90401e-17 10.5513 1.57691 0.0803757 0.335273 -0.110988 -1.29193e-17 4.78644 0.715339 0.28176 1.10552 -8.79978 -1.8116e-17 4.82109 0.421791 4.29328 -5.88168 -4.2979 -2.00958e-17 4.83041 0.765062 5.38762 -6.01952 -0.204069 1.23299 -7.60731 7.53374 -2.51614 0.0406804 -0.0530633 12.9547 3.2495 -3.26872 -73.2675 17.2488 -15.3761 29.2081 0.0598081 0.137039 3.86748 -0.625469 -18.959 24.234 0.0496219 0.113701 1.9788 -9.12983 -0.524392 -1.23299 -7.60729 7.53365 -3.33017 -2.49436 0.645311 -12.9547 3.2495 -3.26872 81.1647 1.5595 13.0152 -29.2081 0.0598081 0.137039 -11.694 -9.16794 76.71 -24.234 0.0496218 0.113702 1.21264 9.9442 1.46589 9.23673 -4.20556 2.0327 -8.64937 -9.91082 -28.009 -0.852353 -38.7721 -0.655187 -3.32387 12.2975 0.142627 -2.32622 -40.4017 -6.04875 2.48464 -2.52999 15.0088 0.779096 -9.8844 12.4959 -4.60959e-16 -8.19522e-16 3.68074e-17 -9.23673 -4.20556 2.0327 -5.02422 -17.0433 15.6978 0.852353 -38.7721 -0.655187 1.49687 5.58623 0.0245472 2.32622 -40.4017 -6.04875 0.208805 1.78941 -14.9826 -0.779096 -9.8844 12.4959 -3.01895e-16 -5.77486e-16 -1.27563e-14 
17.282 92.332 111.662 2.33933 4.21015 20.8082 0 5.07867 -1.15138 -1.81985 -2.22492 -0.365164 0 5.61661 1.07143 -1.25932 -0.948314 -0.474593 -1.02604e-17 5.98978 0.11501 -0.710598 0.894846 -0.304079 -1.10457e-17 6.50583 -0.443523 -0.147195 3.5039 -0.218291 -1.97295e-17 7.60548 -1.50593 0.34552 4.92562 -0.181194 -2.53307e-17 9.49737 -0.914492 0.88074 5.58063 -0.608788 -2.90401e-17 10.5513 1.57691 0.0732283 0.333303 -0.104779 -1.29193e-17 4.78644 0.715339 0.209015 0.64007 -8.83322 -1.8116e-17 4.82109 0.421791 4.31906 -5.67962 -4.32128 -2.00958e-17 4.83041 0.765062 5.40504 -5.36705 -0.168511 1.23299 -7.60731 7.53374 -2.65704 0.260126 -0.125514 12.9547 3.2495 -3.26872 -72.8173 18.3252 -15.2983 29.2081 0.0598081 0.137039 3.65771 -0.556785 -17.8971 24.234 0.0496219 0.113701 1.875 -10.2002 -0.32491 -1.23299 -7.60729 7.53365 -2.72131 -2.3229 0.888693 -12.9547 3.2495 -3.26872 80.7536 1.68745 11.9366 -29.2081 0.0598081 0.137039 -11.7439 -9.38015 77.7522 -24.234 0.0496218 0.113702 1.0718 10.0166 1.5706 9.23673 -4.20556 2.0327 -8.82051 -9.35353 -28.0171 -0.852353 -38.7721 -0.655187 -3.48589 12.8813 0.167746 -2.32622 -40.4017 -6.04875 2.2574 -2.25287 15.0087 0.779096 -9.8844 12.4959 1.13086e-16 -7.95603e-16 1.28888e-17 -9.23673 -4.20556 2.0327 -5.17643 -16.1973 15.3566 0.852353 -38.7721 -0.655187 1.50796 5.62747 0.0241839 2.32622 -40.4017 -6.04875 -0.150322 1.40206 -14.9752 -0.779096 -9.8844 12.4959 -5.96354e-16 -5.59082e-16 -1.27471e-14 
17.2802 92.3114 112.48 2.68887 4.10705 21.0797 0 5.07867 -1.15138 -1.88533 -2.2736 -0.418638 0 5.61661 1.07143 -1.3042 -0.975831 -0.533468 -1.02604e-17 5.98978 0.11501 -0.734162 0.883285 -0.357116 -1.10457e-17 6.50583 -0.443523 -0.148151 3.51225 -0.26914 -1.97295e-17 7.60548 -1.50593 0.356123 4.95299 -0.231139 -2.53307e-17 9.49737 -0.914492 0.896996 5.62315 -0.674306 -2.90401e-17 10.5513 1.57691 0.0679277 0.32463 -0.104155 -1.29193e-17 4.78644 0.715339 0.178896 0.329392 -8.80614 -1.8116e-17 4.82109 0.421791 4.36482 -5.50948 -4.31553 -2.00958e-17 4.83041 0.765062 5.34309 -4.9038 -0.12089 1.23299 -7.60731 7.53374 -2.68369 0.423939 -0.143277 12.9547 3.2495 -3.26872 -72.6107 19.3722 -15.1389 29.2081 0.0598081 0.137039 3.45446 -0.4943 -16.8739 24.234 0.0496219 0.113701 1.81076 -11.0357 -0.159715 -1.23299 -7.60729 7.53365 -2.30681 -2.2228 1.04205 -12.9547 3.2495 -3.26872 80.4837 1.93922 10.9199 -29.2081 0.0598081 0.137039 -11.7942 -9.61389 78.8958 -24.234 0.0496218 0.113702 1.02418 10.1566 1.57617 9.23673 -4.20556 2.0327 -9.05659 -9.04794 -28.0199 -0.852353 -38.7721 -0.655187 -3.6696 13.5402 0.198218 -2.32622 -40.4017 -6.04875 2.2001 -2.22917 15.0126 0.779096 -9.8844 12.4959 -8.73401e-16 -8.35633e-16 5.29184e-17 -9.23673 -4.20556 2.0327 -5.36884 -15.5104 14.9916 0.852353 -38.7721 -0.655187 1.50524 5.61735 0.0242738 2.32622 -40.4017 -6.04875 -0.638453 0.669827 -14.9831 -0.779096 -9.8844 12.4959 -5.96354e-16 -5.59082e-16 -1.27471e-14 
17.2878 92.215 113.228 2.8212 4.17463 21.2563 0 5.07867 -1.15138 -1.90893 -2.29627 -0.478931 0 5.61661 1.07143 -1.31197 -0.99977 -0.597236 -1.02604e-17 5.98978 0.11501 -0.729718 0.842757 -0.415018 -1.10457e-17 6.50583 -0.443523 -0.129733 3.43961 -0.325498 -1.97295e-17 7.60548 -1.50593 0.375115 4.87647 -0.289543 -2.53307e-17 9.49737 -0.914492 0.907186 5.53688 -0.748149 -2.90401e-17 10.5513 1.57691 0.063476 0.325811 -0.105727 -1.29193e-17 4.78644 0.715339 0.160424 0.0281063 -8.72828 -1.8116e-17 4.82109 0.421791 4.3839 -5.28863 -4.28164 -2.00958e-17 4.83041 0.765062 5.23882 -4.40956 -0.05355 1.23299 -7.60731 7.53374 -2.64714 0.638117 -0.169068 12.9547 3.2495 -3.26872 -72.6941 20.2817 -14.7795 29.2081 0.0598081 0.137039 3.26139 -0.438598 -15.9068 24.234 0.0496219 0.113701 1.8659 -11.7003 -0.0365287 -1.23299 -7.60729 7.53365 -2.07544 -2.08966 1.13135 -12.9547 3.2495 -3.26872 80.3266 2.33173 9.94546 -29.2081 0.0598081 0.137039 -11.8374 -9.83607 79.9792 -24.234 0.0496218 0.113702 1.02307 10.3224 1.64101 9.23673 -4.20556 2.0327 -9.17362 -9.04637 -27.9606 -0.852353 -38.7721 -0.655187 -3.88727 14.3168 0.237046 -2.32622 -40.4017 -6.04875 2.35123 -2.55741 15.0238 0.779096 -9.8844 12.4959 -1.06475e-15 -8.41613e-16 5.8898e-17 -9.23673 -4.20556 2.0327 -5.40089 -15.0963 14.7392 0.852353 -38.7721 -0.655187 1.50612 5.62063 0.0242446 2.32622 -40.4017 -6.04875 -1.18084 -0.226625 -15.0014 -0.779096 -9.8844 12.4959 -5.96354e-16 -5.59082e-16 -1.27471e-14 
17.3053 92.1017 113.911 2.83413 4.23557 21.3499 0 5.07867 -1.15138 -1.8844 -2.16819 -0.540637 0 5.61661 1.07143 -1.27833 -0.925368 -0.660844 -1.02604e-17 5.98978 0.11501 -0.696024 0.827729 -0.473637 -1.10457e-17 6.50583 -0.443523 -0.0940672 3.27411 -0.383669 -1.97295e-17 7.60548 -1.50593 0.398931 4.64444 -0.352425 -2.53307e-17 9.49737 -0.914492 0.905366 5.24874 -0.823379 -2.90401e-17 10.5513 1.57691 0.058194 0.347217 -0.106762 -1.29193e-17 4.78644 0.715339 0.132848 -0.310244 -8.62676 -1.8116e-17 4.82109 0.421791 4.3342 -4.99111 -4.23302 -2.00958e-17 4.83041 0.765062 5.11692 -3.81145 0.00978024 1.23299 -7.60731 7.53374 -2.6124 0.967985 -0.255199 12.9547 3.2495 -3.26872 -72.9673 21.036 -14.2617 29.2081 0.0598081 0.137039 3.07031 -0.386922 -14.9539 24.234 0.0496219 0.113701 2.0125 -12.3346 0.0273106 -1.23299 -7.60729 7.53365 -1.96009 -1.87067 1.21299 -12.9547 3.2495 -3.26872 80.1823 2.7908 9.03711 -29.2081 0.0598081 0.137039 -11.8702 -10.0219 80.8826 -24.234 0.0496218 0.113702 1.01075 10.4309 1.82764 9.23673 -4.20556 2.0327 -9.18509 -9.12774 -27.8662 -0.852353 -38.7721 -0.655187 -4.11376 15.1197 0.280559 -2.32622 -40.4017 -6.04875 2.54461 -2.98372 15.0408 0.779096 -9.8844 12.4959 -7.70291e-16 -8.32411e-16 4.96962e-17 -9.23673 -4.20556 2.0327 -5.3067 -14.8003 14.6183 0.852353 -38.7721 -0.655187 1.51518 5.65433 0.0239428 2.32622 -40.4017 -6.04875 -1.67947 -1.0476 -15.0227 -0.779096 -9.8844 12.4959 -5.96354e-16 -5.59082e-16 -1.27471e-14 
17.3335 92.0023 114.571 2.89547 4.21872 21.3526 0 5.07867 -1.15138 -1.85323 -2.03094 -0.594828 0 5.61661 1.07143 -1.24013 -0.840055 -0.716921 -1.02604e-17 5.98978 0.11501 -0.661038 0.829092 -0.526206 -1.10457e-17 6.50583 -0.443523 -0.0603077 3.13337 -0.436633 -1.97295e-17 7.60548 -1.50593 0.418654 4.43914 -0.409943 -2.53307e-17 9.49737 -0.914492 0.89793 4.98848 -0.890581 -2.90401e-17 10.5513 1.57691 0.0522868 0.367001 -0.110084 -1.29193e-17 4.78644 0.715339 0.116603 -0.569397 -8.50583 -1.8116e-17 4.82109 0.421791 4.25501 -4.71502 -4.17591 -2.00958e-17 4.83041 0.765062 4.98587 -3.29231 0.0987707 1.23299 -7.60731 7.53374 -2.58961 1.27933 -0.350727 12.9547 3.2495 -3.26872 -73.3057 21.6001 -13.739 29.2081 0.0598081 0.137039 2.88117 -0.339107 -14.0147 24.234 0.0496219 0.113701 2.12881 -12.9634 0.104323 -1.23299 -7.60729 7.53365 -1.90344 -1.68296 1.25806 -12.9547 3.2495 -3.26872 80.0605 3.31001 8.27163 -29.2081 0.0598081 0.137039 -11.897 -10.1884 81.6909 -24.234 0.0496218 0.113702 1.00184 10.5738 1.99675 9.23673 -4.20556 2.0327 -9.20067 -9.0965 -27.7496 -0.852353 -38.7721 -0.655187 -4.31903 15.8426 0.322714 -2.32622 -40.4017 -6.04875 2.67919 -3.30876 15.0548 0.779096 -9.8844 12.4959 -4.60974e-16 -8.19523e-16 3.6808e-17 -9.23673 -4.20556 2.0327 -5.21505 -14.4451 14.6067 0.852353 -38.7721 -0.655187 1.52191 5.67937 0.0237151 2.32622 -40.4017 -6.04875 -2.12259 -1.776 -15.0471 -0.779096 -9.8844 12.4959 -6.9946e-16 -5.5586e-16 -1.27406e-14 
17.3684 91.8902 115.22 3.0209 4.24247 21.296 0 5.07867 -1.15138 -1.84826 -1.96176 -0.641194 0 5.61661 1.07143 -1.22628 -0.801014 -0.767617 -1.02604e-17 5.98978 0.11501 -0.64534 0.81586 -0.574083 -1.10457e-17 6.50583 -0.443523 -0.0407116 3.03038 -0.48514 -1.97295e-17 7.60548 -1.50593 0.42991 4.2997 -0.461006 -2.53307e-17 9.49737 -0.914492 0.890114 4.81166 -0.950812 -2.90401e-17 10.5513 1.57691 0.0467839 0.37782 -0.116265 -1.29193e-17 4.78644 0.715339 0.1149 -0.752141 -8.37743 -1.8116e-17 4.82109 0.421791 4.19663 -4.49237 -4.11642 -2.00958e-17 4.83041 0.765062 4.85885 -2.87458 0.213476 1.23299 -7.60731 7.53374 -2.55047 1.52458 -0.410014 12.9547 3.2495 -3.26872 -73.7028 21.9766 -13.1638 29.2081 0.0598081 0.137039 2.7103 -0.298728 -13.1692 24.234 0.0496219 0.113701 2.2035 -13.5789 0.196678 -1.23299 -7.60729 7.53365 -1.90089 -1.55884 1.25276 -12.9547 3.2495 -3.26872 80.0229 3.85524 7.57766 -29.2081 0.0598081 0.137039 -11.9219 -10.3582 82.5132 -24.234 0.0496218 0.113702 1.03652 10.7243 2.10178 9.23673 -4.20556 2.0327 -9.28381 -9.05024 -27.5878 -0.852353 -38.7721 -0.655187 -4.50992 16.5106 0.364215 -2.32622 -40.4017 -6.04875 2.79865 -3.60797 15.0703 0.779096 -9.8844 12.4959 2.16206e-16 -7.89159e-16 6.4441e-18 -9.23673 -4.20556 2.0327 -5.19724 -14.0956 14.6273 0.852353 -38.7721 -0.655187 1.52159 5.67816 0.0237262 2.32622 -40.4017 -6.04875 -2.55569 -2.57563 -15.0823 -0.779096 -9.8844 12.4959 -8.90818e-16 -5.4988e-16 -1.27287e-14 
17.4099 91.7734 115.838 3.1688 4.32937 21.2492 0 5.07867 -1.15138 -1.8641 -1.90238 -0.68232 0 5.61661 1.07143 -1.23174 -0.771514 -0.815365 -1.02604e-17 5.98978 0.11501 -0.6449 0.795983 -0.619149 -1.10457e-17 6.50583 -0.443523 -0.0324639 2.92553 -0.530943 -1.97295e-17 7.60548 -1.50593 0.434491 4.16213 -0.507756 -2.53307e-17 9.49737 -0.914492 0.881475 4.63859 -1.00648 -2.90401e-17 10.5513 1.57691 0.0423555 0.387863 -0.12262 -1.29193e-17 4.78644 0.715339 0.11799 -0.918468 -8.24829 -1.8116e-17 4.82109 0.421791 4.15097 -4.30128 -4.05659 -2.00958e-17 4.83041 0.765062 4.76387 -2.48255 0.291423 1.23299 -7.60731 7.53374 -2.49868 1.75217 -0.451418 12.9547 3.2495 -3.26872 -74.1225 22.3099 -12.5298 29.2081 0.0598081 0.137039 2.56705 -0.266921 -12.4625 24.234 0.0496219 0.113701 2.25108 -14.3177 0.279435 -1.23299 -7.60729 7.53365 -1.92762 -1.44427 1.23411 -12.9547 3.2495 -3.26872 80.0581 4.34761 6.8797 -29.2081 0.0598081 0.137039 -11.9435 -10.5224 83.3075 -24.234 0.0496218 0.113702 1.07938 10.7512 2.22312 9.23673 -4.20556 2.0327 -9.41654 -9.02739 -27.4204 -0.852353 -38.7721 -0.655187 -4.68087 17.1053 0.403249 -2.32622 -40.4017 -6.04875 2.90916 -3.87388 15.0864 0.779096 -9.8844 12.4959 -6.82038e-16 -8.23673e-16 4.09583e-17 -9.23673 -4.20556 2.0327 -5.24513 -13.7937 14.6191 0.852353 -38.7721 -0.655187 1.51434 5.65119 0.0239712 2.32622 -40.4017 -6.04875 -2.95703 -3.39561 -15.1254 -0.779096 -9.8844 12.4959 -3.90143e-16 -5.68748e-16 -1.27535e-14 
17.4562 91.6667 116.404 3.3204 4.43799 21.2535 0 5.07867 -1.15138 -1.88407 -1.82475 -0.721422 0 5.61661 1.07143 -1.24082 -0.730243 -0.861842 -1.02604e-17 5.98978 0.11501 -0.647463 0.781747 -0.663349 -1.10457e-17 6.50583 -0.443523 -0.0267189 2.81632 -0.576017 -1.97295e-17 7.60548 -1.50593 0.437488 4.01456 -0.553504 -2.53307e-17 9.49737 -0.914492 0.87222 4.45201 -1.06077 -2.90401e-17 10.5513 1.57691 0.0389668 0.400471 -0.128095 -1.29193e-17 4.78644 0.715339 0.126204 -1.05208 -8.13871 -1.8116e-17 4.82109 0.421791 4.11233 -4.13217 -4.0061 -2.00958e-17 4.83041 0.765062 4.69677 -2.13986 0.345709 1.23299 -7.60731 7.53374 -2.44682 1.97416 -0.48403 12.9547 3.2495 -3.26872 -74.5566 22.6606 -11.8876 29.2081 0.0598081 0.137039 2.44981 -0.242263 -11.8855 24.234 0.0496219 0.113701 2.28812 -15.1736 0.335926 -1.23299 -7.60729 7.53365 -1.98603 -1.33067 1.21145 -12.9547 3.2495 -3.26872 80.1213 4.74446 6.20841 -29.2081 0.0598081 0.137039 -11.9611 -10.6707 84.0243 -24.234 0.0496218 0.113702 1.12555 10.5973 2.36548 9.23673 -4.20556 2.0327 -9.56741 -8.98517 -27.2953 -0.852353 -38.7721 -0.655187 -4.81918 17.5839 0.436113 -2.32622 -40.4017 -6.04875 2.98867 -4.08212 15.1003 0.779096 -9.8844 12.4959 -1.15301e-15 -8.50351e-16 6.7636e-17 -9.23673 -4.20556 2.0327 -5.32832 -13.5214 14.5515 0.852353 -38.7721 -0.655187 1.50253 5.60727 0.0243628 2.32622 -40.4017 -6.04875 -3.34012 -4.14191 -15.1709 -0.779096 -9.8844 12.4959 -7.42664e-18 -5.86688e-16 -1.27655e-14 
17.495 91.5859 116.912 3.43373 4.48864 21.2612 0 5.07867 -1.15138 -1.88554 -1.74969 -0.754192 0 5.61661 1.07143 -1.23419 -0.68629 -0.898954 -1.02604e-17 5.98978 0.11501 -0.638467 0.780076 -0.698965 -1.10457e-17 6.50583 -0.443523 -0.0136967 2.73618 -0.612577 -1.97295e-17 7.60548 -1.50593 0.445528 3.90107 -0.592011 -2.53307e-17 9.49737 -0.914492 0.866953 4.30532 -1.10713 -2.90401e-17 10.5513 1.57691 0.0370376 0.410071 -0.133157 -1.29193e-17 4.78644 0.715339 0.1437 -1.11955 -8.05465 -1.8116e-17 4.82109 0.421791 4.09097 -4.012 -3.96701 -2.00958e-17 4.83041 0.765062 4.63326 -1.88896 0.40408 1.23299 -7.60731 7.53374 -2.40445 2.15809 -0.50535 12.9547 3.2495 -3.26872 -74.9739 23.01 -11.3002 29.2081 0.0598081 0.137039 2.35775 -0.223763 -11.4332 24.234 0.0496219 0.113701 2.30523 -16.0644 0.363826 -1.23299 -7.60729 7.53365 -2.06177 -1.24291 1.17828 -12.9547 3.2495 -3.26872 80.1891 5.04312 5.6479 -29.2081 0.0598081 0.137039 -11.9754 -10.8056 84.6755 -24.234 0.0496218 0.113702 1.20222 10.2562 2.47051 9.23673 -4.20556 2.0327 -9.66878 -8.94072 -27.2068 -0.852353 -38.7721 -0.655187 -4.95488 18.0512 0.469461 -2.32622 -40.4017 -6.04875 3.02244 -4.21156 15.1098 0.779096 -9.8844 12.4959 2.31059e-16 -7.85473e-16 2.75789e-18 -9.23673 -4.20556 2.0327 -5.35138 -13.2586 14.4766 0.852353 -38.7721 -0.655187 1.49251 5.57002 0.0246878 2.32622 -40.4017 -6.04875 -3.6962 -4.69928 -15.2095 -0.779096 -9.8844 12.4959 -4.93248e-16 -5.65526e-16 -1.27503e-14 
17.5175 91.5273 117.381 3.52687 4.41885 21.2042 0 5.07867 -1.15138 -1.86356 -1.66776 -0.774178 0 5.61661 1.07143 -1.20894 -0.631385 -0.91946 -1.02604e-17 5.98978 0.11501 -0.616687 0.796207 -0.718959 -1.10457e-17 6.50583 -0.443523 0.00592846 2.68537 -0.633702 -1.97295e-17 7.60548 -1.50593 0.458054 3.81826 -0.616501 -2.53307e-17 9.49737 -0.914492 0.865929 4.19381 -1.1378 -2.90401e-17 10.5513 1.57691 0.0359916 0.417691 -0.137301 -1.29193e-17 4.78644 0.715339 0.167856 -1.12436 -7.98972 -1.8116e-17 4.82109 0.421791 4.07883 -3.91694 -3.93577 -2.00958e-17 4.83041 0.765062 4.56755 -1.70044 0.487792 1.23299 -7.60731 7.53374 -2.38409 2.30666 -0.521814 12.9547 3.2495 -3.26872 -75.3567 23.3387 -10.7586 29.2081 0.0598081 0.137039 2.28945 -0.210524 -11.0981 24.234 0.0496219 0.113701 2.30813 -16.8843 0.368578 -1.23299 -7.60729 7.53365 -2.13308 -1.17263 1.13276 -12.9547 3.2495 -3.26872 80.2381 5.29541 5.19666 -29.2081 0.0598081 0.137039 -11.9869 -10.9275 85.2636 -24.234 0.0496218 0.113702 1.29729 9.76606 2.5333 9.23673 -4.20556 2.0327 -9.69079 -8.8032 -27.0779 -0.852353 -38.7721 -0.655187 -5.07909 18.4769 0.500941 -2.32622 -40.4017 -6.04875 3.03044 -4.2825 15.1151 0.779096 -9.8844 12.4959 7.16881e-16 -7.64311e-16 -1.8404e-17 -9.23673 -4.20556 2.0327 -5.29017 -12.9652 14.4751 0.852353 -38.7721 -0.655187 1.49384 5.57495 0.0246452 2.32622 -40.4017 -6.04875 -4.00561 -5.08488 -15.2388 -0.779096 -9.8844 12.4959 -9.5679e-17 -5.87152e-16 -1.27627e-14 
17.5293 91.4636 117.847 3.54705 4.33379 21.1016 0 5.07867 -1.15138 -1.81291 -1.6145 -0.788455 0 5.61661 1.07143 -1.15951 -0.594268 -0.929867 -1.02604e-17 5.98978 0.11501 -0.576725 0.807711 -0.729187 -1.10457e-17 6.50583 -0.443523 0.0376996 2.65355 -0.644863 -1.97295e-17 7.60548 -1.50593 0.478644 3.76448 -0.633054 -2.53307e-17 9.49737 -0.914492 0.869681 4.1179 -1.15988 -2.90401e-17 10.5513 1.57691 0.0356631 0.422039 -0.140498 -1.29193e-17 4.78644 0.715339 0.200338 -1.06848 -7.93162 -1.8116e-17 4.82109 0.421791 4.07758 -3.84457 -3.90656 -2.00958e-17 4.83041 0.765062 4.48856 -1.60103 0.592091 1.23299 -7.60731 7.53374 -2.3337 2.4016 -0.498484 12.9547 3.2495 -3.26872 -75.7849 23.6273 -10.2138 29.2081 0.0598081 0.137039 2.25187 -0.203417 -10.9139 24.234 0.0496219 0.113701 2.31738 -17.4573 0.32824 -1.23299 -7.60729 7.53365 -2.21699 -1.12683 1.05831 -12.9547 3.2495 -3.26872 80.2596 5.54602 4.82005 -29.2081 0.0598081 0.137039 -11.9968 -11.0438 85.8243 -24.234 0.0496218 0.113702 1.39064 9.224 2.57163 9.23673 -4.20556 2.0327 -9.62281 -8.67645 -26.8721 -0.852353 -38.7721 -0.655187 -5.20382 18.9024 0.533466 -2.32622 -40.4017 -6.04875 3.06131 -4.41685 15.1265 0.779096 -9.8844 12.4959 2.16206e-16 -7.89159e-16 6.4441e-18 -9.23673 -4.20556 2.0327 -5.13868 -12.7118 14.5412 0.852353 -38.7721 -0.655187 1.4986 5.59265 0.0244911 2.32622 -40.4017 -6.04875 -4.3111 -5.42103 -15.267 -0.779096 -9.8844 12.4959 -1.10532e-16 -5.83466e-16 -1.2759e-14 
17.5454 91.3886 118.266 3.47574 4.27861 21.0053 0 5.07867 -1.15138 -1.73182 -1.57638 -0.799769 0 5.61661 1.07143 -1.08405 -0.568269 -0.933283 -1.02604e-17 5.98978 0.11501 -0.517313 0.812874 -0.732784 -1.10457e-17 6.50583 -0.443523 0.0822584 2.62507 -0.649274 -1.97295e-17 7.60548 -1.50593 0.506497 3.71824 -0.644788 -2.53307e-17 9.49737 -0.914492 0.875316 4.05053 -1.17562 -2.90401e-17 10.5513 1.57691 0.03595 0.425277 -0.142462 -1.29193e-17 4.78644 0.715339 0.232336 -1.00094 -7.87473 -1.8116e-17 4.82109 0.421791 4.07189 -3.79588 -3.87675 -2.00958e-17 4.83041 0.765062 4.42624 -1.55087 0.660048 1.23299 -7.60731 7.53374 -2.25425 2.45812 -0.442496 12.9547 3.2495 -3.26872 -76.2759 23.8663 -9.66214 29.2081 0.0598081 0.137039 2.24995 -0.203058 -10.9045 24.234 0.0496219 0.113701 2.3823 -17.6411 0.263442 -1.23299 -7.60729 7.53365 -2.32708 -1.09023 0.964684 -12.9547 3.2495 -3.26872 80.2544 5.78663 4.50802 -29.2081 0.0598081 0.137039 -12.005 -11.1535 86.3529 -24.234 0.0496218 0.113702 1.45288 8.67227 2.6105 9.23673 -4.20556 2.0327 -9.48843 -8.64416 -26.6427 -0.852353 -38.7721 -0.655187 -5.34149 19.3697 0.570418 -2.32622 -40.4017 -6.04875 3.11408 -4.63782 15.1483 0.779096 -9.8844 12.4959 -3.72721e-16 -8.07563e-16 2.48481e-17 -9.23673 -4.20556 2.0327 -4.90703 -12.5115 14.6894 0.852353 -38.7721 -0.655187 1.49427 5.57655 0.0246313 2.32622 -40.4017 -6.04875 -4.63014 -5.73302 -15.299 -0.779096 -9.8844 12.4959 -9.93923e-16 -5.46658e-16 -1.27222e-14 
17.5482 91.3155 118.659 3.37055 4.27459 20.949 0 5.07867 -1.15138 -1.63903 -1.51732 -0.808783 0 5.61661 1.07143 -0.9991 -0.530441 -0.933559 -1.02604e-17 5.98978 0.11501 -0.451123 0.818659 -0.733581 -1.10457e-17 6.50583 -0.443523 0.130796 2.58034 -0.650887 -1.97295e-17 7.60548 -1.50593 0.536053 3.64751 -0.654225 -2.53307e-17 9.49737 -0.914492 0.880207 3.95145 -1.1874 -2.90401e-17 10.5513 1.57691 0.0368187 0.43267 -0.143002 -1.29193e-17 4.78644 0.715339 0.261096 -0.916018 -7.84957 -1.8116e-17 4.82109 0.421791 4.06328 -3.75746 -3.8612 -2.00958e-17 4.83041 0.765062 4.38537 -1.54527 0.712362 1.23299 -7.60731 7.53374 -2.1506 2.50537 -0.362455 12.9547 3.2495 -3.26872 -76.7901 24.0824 -9.10914 29.2081 0.0598081 0.137039 2.27952 -0.208634 -11.0494 24.234 0.0496219 0.113701 2.48921 -17.4677 0.158001 -1.23299 -7.60729 7.53365 -2.47253 -1.0443 0.858674 -12.9547 3.2495 -3.26872 80.2474 5.99965 4.25536 -29.2081 0.0598081 0.137039 -12.0114 -11.2507 86.8212 -24.234 0.0496218 0.113702 1.47701 8.17198 2.66845 9.23673 -4.20556 2.0327 -9.34631 -8.70179 -26.4393 -0.852353 -38.7721 -0.655187 -5.48506 19.8543 0.610123 -2.32622 -40.4017 -6.04875 3.14748 -4.85395 15.1736 0.779096 -9.8844 12.4959 3.97014e-17 -7.91452e-16 8.73782e-18 -9.23673 -4.20556 2.0327 -4.66716 -12.3873 14.899 0.852353 -38.7721 -0.655187 1.49066 5.56313 0.0247472 2.32622 -40.4017 -6.04875 -4.93672 -6.01754 -15.3331 -0.779096 -9.8844 12.4959 -8.90818e-16 -5.4988e-16 -1.27287e-14 
17.5296 91.2552 119.039 3.31135 4.31924 20.9311 0 5.07867 -1.15138 -1.5671 -1.45021 -0.811382 0 5.61661 1.07143 -0.934376 -0.490266 -0.929603 -1.02604e-17 5.98978 0.11501 -0.401391 0.821273 -0.730412 -1.10457e-17 6.50583 -0.443523 0.166447 2.52396 -0.648488 -1.97295e-17 7.60548 -1.50593 0.557328 3.56289 -0.657664 -2.53307e-17 9.49737 -0.914492 0.882849 3.8374 -1.1914 -2.90401e-17 10.5513 1.57691 0.0379373 0.442968 -0.142384 -1.29193e-17 4.78644 0.715339 0.285629 -0.800768 -7.8534 -1.8116e-17 4.82109 0.421791 4.05979 -3.71308 -3.85974 -2.00958e-17 4.83041 0.765062 4.38317 -1.57293 0.733474 1.23299 -7.60731 7.53374 -2.03188 2.54166 -0.264581 12.9547 3.2495 -3.26872 -77.2691 24.2337 -8.56508 29.2081 0.0598081 0.137039 2.33567 -0.219436 -11.3248 24.234 0.0496219 0.113701 2.61574 -17.0021 0.0340043 -1.23299 -7.60729 7.53365 -2.62881 -0.994178 0.750661 -12.9547 3.2495 -3.26872 80.265 6.16324 4.02725 -29.2081 0.0598081 0.137039 -12.0165 -11.3382 87.2428 -24.234 0.0496218 0.113702 1.48397 7.75909 2.71348 9.23673 -4.20556 2.0327 -9.25918 -8.78477 -26.2808 -0.852353 -38.7721 -0.655187 -5.6156 20.2925 0.647256 -2.32622 -40.4017 -6.04875 3.12 -4.99002 15.1977 0.779096 -9.8844 12.4959 1.01134e-15 -7.55109e-16 -2.7606e-17 -9.23673 -4.20556 2.0327 -4.49865 -12.3244 15.0913 0.852353 -38.7721 -0.655187 1.49889 5.59373 0.0244817 2.32622 -40.4017 -6.04875 -5.19386 -6.2984 -15.3658 -0.779096 -9.8844 12.4959 -6.9946e-16 -5.5586e-16 -1.27406e-14 
17.4891 91.2119 119.414 3.32457 4.37205 20.9321 0 5.07867 -1.15138 -1.52648 -1.39857 -0.805636 0 5.61661 1.07143 -0.899269 -0.461666 -0.920109 -1.02604e-17 5.98978 0.11501 -0.375229 0.819149 -0.721946 -1.10457e-17 6.50583 -0.443523 0.184268 2.47442 -0.640596 -1.97295e-17 7.60548 -1.50593 0.568116 3.49247 -0.653045 -2.53307e-17 9.49737 -0.914492 0.884686 3.74496 -1.18637 -2.90401e-17 10.5513 1.57691 0.0390645 0.45241 -0.140905 -1.29193e-17 4.78644 0.715339 0.307621 -0.652188 -7.88051 -1.8116e-17 4.82109 0.421791 4.07434 -3.67495 -3.87023 -2.00958e-17 4.83041 0.765062 4.40718 -1.61043 0.737551 1.23299 -7.60731 7.53374 -1.90438 2.54999 -0.145317 12.9547 3.2495 -3.26872 -77.6777 24.3035 -8.05458 29.2081 0.0598081 0.137039 2.4121 -0.234591 -11.7002 24.234 0.0496219 0.113701 2.7264 -16.379 -0.0654954 -1.23299 -7.60729 7.53365 -2.76907 -0.954571 0.637609 -12.9547 3.2495 -3.26872 80.3083 6.28631 3.79884 -29.2081 0.0598081 0.137039 -12.0206 -11.4171 87.6229 -24.234 0.0496218 0.113702 1.49725 7.43843 2.74399 9.23673 -4.20556 2.0327 -9.23401 -8.83521 -26.1602 -0.852353 -38.7721 -0.655187 -5.72743 20.6661 0.679841 -2.32622 -40.4017 -6.04875 3.0417 -5.02103 15.2151 0.779096 -9.8844 12.4959 3.19312e-16 -7.85937e-16 3.22205e-18 -9.23673 -4.20556 2.0327 -4.40574 -12.2865 15.2269 0.852353 -38.7721 -0.655187 1.52373 5.68612 0.0236532 2.32622 -40.4017 -6.04875 -5.42555 -6.55863 -15.3939 -0.779096 -9.8844 12.4959 -1.30324e-15 -5.3377e-16 -1.27093e-14 
17.491 91.3902 119.388 3.35465 4.39971 20.9318 0 5.07867 -1.15138 -1.46806 -1.43364 -0.803987 0 5.61661 1.07143 -0.849431 -0.471205 -0.908986 -1.02604e-17 5.98978 0.11501 -0.337295 0.852663 -0.712783 -1.10457e-17 6.50583 -0.443523 0.21062 2.58662 -0.630672 -1.97295e-17 7.60548 -1.50593 0.585019 3.63265 -0.648421 -2.53307e-17 9.49737 -0.914492 0.892571 3.9166 -1.17995 -2.90401e-17 10.5513 1.57691 0.0399474 0.434095 -0.140208 -1.29193e-17 4.78644 0.715339 0.318975 -0.575278 -7.90793 -1.8116e-17 4.82109 0.421791 4.12063 -3.89962 -3.88422 -2.00958e-17 4.83041 0.765062 4.411 -1.81263 0.796984 1.23299 -7.60731 7.53374 -1.96997 2.41687 -0.0513534 12.9547 3.2495 -3.26872 -77.8222 24.1566 -8.07685 29.2081 0.0598081 0.137039 2.49644 -0.25192 -12.1149 24.234 0.0496219 0.113701 2.87869 -15.7183 -0.0729599 -1.23299 -7.60729 7.53365 -2.79816 -1.04262 0.562109 -12.9547 3.2495 -3.26872 80.1617 6.30079 4.01337 -29.2081 0.0598081 0.137039 -12.0231 -11.4727 87.8905 -24.234 0.0496218 0.113702 1.53021 7.22057 2.74919 9.23673 -4.20556 2.0327 -9.30384 -9.05115 -26.1001 -0.852353 -38.7721 -0.655187 -5.76889 20.8041 0.692103 -2.32622 -40.4017 -6.04875 2.61777 -4.18922 15.1763 0.779096 -9.8844 12.4959 1.27953e-16 -7.91917e-16 9.20203e-18 -9.23673 -4.20556 2.0327 -4.41085 -12.6062 15.3583 0.852353 -38.7721 -0.655187 1.59921 5.96677 0.0208886 2.32622 -40.4017 -6.04875 -5.32651 -5.79346 -15.332 -0.779096 -9.8844 12.4959 -1.77421e-15 -5.13072e-16 -1.26919e-14 
17.5803 91.9607 118.621 3.37979 4.40747 20.9105 0 5.07867 -1.15138 -1.34388 -1.65606 -0.815093 0 5.61661 1.07143 -0.743709 -0.569286 -0.896553 -1.02604e-17 5.98978 0.11501 -0.256127 0.944303 -0.704069 -1.10457e-17 6.50583 -0.443523 0.267429 3.00734 -0.619039 -1.97295e-17 7.60548 -1.50593 0.620031 4.18061 -0.647272 -2.53307e-17 9.49737 -0.914492 0.909646 4.59924 -1.1734 -2.90401e-17 10.5513 1.57691 0.040135 0.363319 -0.142137 -1.29193e-17 4.78644 0.715339 0.309572 -0.656037 -7.9011 -1.8116e-17 4.82109 0.421791 4.17499 -4.53553 -3.88845 -2.00958e-17 4.83041 0.765062 4.37154 -2.42631 0.934343 1.23299 -7.60731 7.53374 -2.43831 2.03561 -0.0436315 12.9547 3.2495 -3.26872 -77.4084 23.681 -9.18739 29.2081 0.0598081 0.137039 2.55738 -0.26484 -12.4149 24.234 0.0496219 0.113701 3.03506 -15.1 0.0253842 -1.23299 -7.60729 7.53365 -2.61358 -1.37484 0.564374 -12.9547 3.2495 -3.26872 79.5555 6.17092 5.17019 -29.2081 0.0598081 0.137039 -12.0234 -11.4813 87.9319 -24.234 0.0496218 0.113702 1.52943 7.09737 2.64583 9.23673 -4.20556 2.0327 -9.54009 -9.6779 -26.1165 -0.852353 -38.7721 -0.655187 -5.71904 20.6381 0.677371 -2.32622 -40.4017 -6.04875 1.59064 -1.82101 15.0632 0.779096 -9.8844 12.4959 5.25518e-16 -7.76271e-16 -6.44381e-18 -9.23673 -4.20556 2.0327 -4.57903 -13.6169 15.478 0.852353 -38.7721 -0.655187 1.7643 6.57985 0.0135494 2.32622 -40.4017 -6.04875 -4.61067 -3.19217 -15.13 -0.779096 -9.8844 12.4959 -5.96354e-16 -5.59082e-16 -1.27471e-14 
17.5381 91.9501 118.876 3.40063 4.42989 20.8886 0 5.07867 -1.15138 -1.27865 -1.77437 -0.799351 0 5.61661 1.07143 -0.69353 -0.652653 -0.871079 -1.02604e-17 5.98978 0.11501 -0.221832 0.90522 -0.680061 -1.10457e-17 6.50583 -0.443523 0.286383 3.04688 -0.595022 -1.97295e-17 7.60548 -1.50593 0.627651 4.26394 -0.625511 -2.53307e-17 9.49737 -0.914492 0.909451 4.70926 -1.146 -2.90401e-17 10.5513 1.57691 0.0393919 0.359717 -0.139968 -1.29193e-17 4.78644 0.715339 0.330358 -0.457489 -7.88586 -1.8116e-17 4.82109 0.421791 4.13942 -4.39526 -3.88346 -2.00958e-17 4.83041 0.765062 4.39635 -2.75659 0.840205 1.23299 -7.60731 7.53374 -2.44473 1.93324 0.0533171 12.9547 3.2495 -3.26872 -77.3039 23.6236 -9.22588 29.2081 0.0598081 0.137039 2.59363 -0.272681 -12.5935 24.234 0.0496219 0.113701 2.84539 -14.7931 -0.18289 -1.23299 -7.60729 7.53365 -2.64753 -1.42553 0.441175 -12.9547 3.2495 -3.26872 79.2761 6.38008 5.33005 -29.2081 0.0598081 0.137039 -12.0228 -11.4669 87.8629 -24.234 0.0496218 0.113702 1.46532 6.76194 2.49015 9.23673 -4.20556 2.0327 -9.53051 -9.79781 -25.9891 -0.852353 -38.7721 -0.655187 -5.83817 21.0343 0.712809 -2.32622 -40.4017 -6.04875 1.51904 -1.7159 15.057 0.779096 -9.8844 12.4959 3.04482e-16 -7.8042e-16 -2.29476e-18 -9.23673 -4.20556 2.0327 -4.5104 -13.7619 15.3873 0.852353 -38.7721 -0.655187 1.85867 6.92981 0.00855794 2.32622 -40.4017 -6.04875 -4.69468 -3.33192 -15.1303 -0.779096 -9.8844 12.4959 -4.93253e-16 -5.65526e-16 -1.27503e-14 