HIERARCHY
ROOT root
{
  OFFSET 0 93.2929 0
  CHANNELS 6 Xposition Yposition Zposition Zrotation Xrotation Yrotation
  JOINT torso_1
  {
    OFFSET 0 5.07867 -1.15138
    CHANNELS 6 Xposition Yposition Zposition Zrotation Xrotation Yrotation
    JOINT torso_2
    {
      OFFSET 0 5.61661 1.07143
      CHANNELS 6 Xposition Yposition Zposition Zrotation Xrotation Yrotation
      JOINT torso_3
      {
        OFFSET -1.02604e-17 5.98978 0.11501
        CHANNELS 6 Xposition Yposition Zposition Zrotation Xrotation Yrotation
        JOINT torso_4
        {
          OFFSET -1.10457e-17 6.50583 -0.443523
          CHANNELS 6 Xposition Yposition Zposition Zrotation Xrotation Yrotation
          JOINT torso_5
          {
            OFFSET -1.97295e-17 7.60548 -1.50593
            CHANNELS 6 Xposition Yposition Zposition Zrotation Xrotation Yrotation
            JOINT torso_6
            {
              OFFSET -2.53307e-17 9.49737 -0.914492
              CHANNELS 6 Xposition Yposition Zposition Zrotation Xrotation Yrotation
              JOINT torso_7
              {
                OFFSET -2.90401e-17 10.5513 1.57691
                CHANNELS 6 Xposition Yposition Zposition Zrotation Xrotation Yrotation
                JOINT neck_1
                {
                  OFFSET -1.29193e-17 4.78644 0.715339
                  CHANNELS 6 Xposition Yposition Zposition Zrotation Xrotation Yrotation
                  JOINT neck_2
                  {
                    OFFSET -1.8116e-17 4.82109 0.421791
                    CHANNELS 6 Xposition Yposition Zposition Zrotation Xrotation Yrotation
                    JOINT head
                    {
                      OFFSET -2.00958e-17 4.83041 0.765062
                      CHANNELS 6 Xposition Yposition Zposition Zrotation Xrotation Yrotation
                      End Site
                      {
                        OFFSET 0 0.1 0
                      }
                    }
                  }
                }
                JOINT l_shoulder
                {
                  OFFSET 1.23299 -7.60731 7.53374
                  CHANNELS 6 Xposition Yposition Zposition Zrotation Xrotation Yrotation
                  JOINT l_up_arm
                  {
                    OFFSET 12.9547 3.2495 -3.26872
                    CHANNELS 6 Xposition Yposition Zposition Zrotation Xrotation Yrotation
                    JOINT l_low_arm
                    {
                      OFFSET 29.2081 0.0598081 0.137039
                      CHANNELS 6 Xposition Yposition Zposition Zrotation Xrotation Yrotation
                      JOINT l_hand
                      {
                        OFFSET 24.234 0.0496219 0.113701
                        CHANNELS 6 Xposition Yposition Zposition Zrotation Xrotation Yrotation
                        End Site
                        {
                          OFFSET 0.1 0 0
                        }
                      }
                    }
                  }
                }
                JOINT r_shoulder
                {
                  OFFSET -1.23299 -7.60729 7.53365
                  CHANNELS 6 Xposition Yposition Zposition Zrotation Xrotation Yrotation
                  JOINT r_up_arm
                  {
                    OFFSET -12.9547 3.2495 -3.26872
                    CHANNELS 6 Xposition Yposition Zposition Zrotation Xrotation Yrotation
                    JOINT r_low_arm
                    {
                      OFFSET -29.2081 0.0598081 0.137039
                      CHANNELS 6 Xposition Yposition Zposition Zrotation Xrotation Yrotation
                      JOINT r_hand
                      {
                        OFFSET -24.234 0.0496218 0.113702
                        CHANNELS 6 Xposition Yposition Zposition Zrotation Xrotation Yrotation
                        End Site
                        {
                          OFFSET -0.1 0 0
                        }
                      }
                    }
                  }
                }
              }
            }
          }
        }
      }
    }
  }
  JOINT l_up_leg
  {
    OFFSET 9.23673 -4.20556 2.0327
    CHANNELS 6 Xposition Yposition Zposition Zrotation Xrotation Yrotation
    JOINT l_low_leg
    {
      OFFSET -0.852353 -38.7721 -0.655187
      CHANNELS 6 Xposition Yposition Zposition Zrotation Xrotation Yrotation
      JOINT l_foot
      {
        OFFSET -2.32622 -40.4017 -6.04875
        CHANNELS 6 Xposition Yposition Zposition Zrotation Xrotation Yrotation
        JOINT l_toes
        {
          OFFSET 0.779096 -9.8844 12.4959
          CHANNELS 6 Xposition Yposition Zposition Zrotation Xrotation Yrotation
          End Site
          {
            OFFSET 0 0 0.1
          }
        }
      }
    }
  }
  JOINT r_up_leg
  {
    OFFSET -9.23673 -4.20556 2.0327
    CHANNELS 6 Xposition Yposition Zposition Zrotation Xrotation Yrotation
    JOINT r_low_leg
    {
      OFFSET 0.852353 -38.7721 -0.655187
      CHANNELS 6 Xposition Yposition Zposition Zrotation Xrotation Yrotation
      JOINT r_foot
      {
        OFFSET 2.32622 -40.4017 -6.04875
        CHANNELS 6 Xposition Yposition Zposition Zrotation Xrotation Yrotation
        JOINT r_toes
        {
          OFFSET -0.779096 -9.8844 12.4959
          CHANNELS 6 Xposition Yposition Zposition Zrotation Xrotation Yrotation
          End Site
          {
            OFFSET 0 0 0.1
          }
        }
      }
    }
  }
}
MOTION
Frames: 427
Frame Time: 0.016667
0 93.2929 0 -0 0 -0 0 5.07867 -1.15138 -0 0 -0 0 5.61661 1.07143 -0 0 -0 -1.02604e-17 5.98978 0.11501 -0 0 -0 -1.10457e-17 6.50583 -0.443523 -0 0 -0 -1.97295e-17 7.60548 -1.50593 -0 0 -0 -2.53307e-17 9.49737 -0.914492 -0 0 -0 -2.90401e-17 10.5513 1.57691 -0 0 -0 -1.29193e-17 4.78644 0.715339 -0 0 -0 -1.8116e-17 4.82109 0.421791 -0 0 -0 -2.00958e-17 4.83041 0.765062 -0 0 -0 1.23299 -7.60731 7.53374 -0 0 -0 12.9547 3.2495 -3.26872 -0 0 -0 29.2081 0.0598081 0.137039 -0 0 -0 24.234 0.0496219 0.113701 -0 0 -0 -1.23299 -7.60729 7.53365 -0 0 -0 -12.9547 3.2495 -3.26872 -0 0 -0 -29.2081 0.0598081 0.137039 -0 0 -0 -24.234 0.0496218 0.113702 -0 0 -0 9.23673 -4.20556 2.0327 -0 0 -0 -0.852353 -38.7721 -0.655187 -0 0 -0 -2.32622 -40.4017 -6.04875 -0 0 -0 0.779096 -9.8844 12.4959 -0 0 -0 -9.23673 -4.20556 2.0327 -0 0 -0 0.852353 -38.7721 -0.655187 -0 0 -0 2.32622 -40.4017 -6.04875 -0 0 -0 -0.779096 -9.8844 12.4959 -0 0 -0 
8.17406 92.3707 135.098 7.6725 -2.09626 4.28592 0 5.07867 -1.15138 -1.99408 -0.18035 1.37078 0 5.61661 1.07143 -1.85851 0.0440264 1.10079 -1.02604e-17 5.98978 0.11501 -1.57457 0.683481 1.16837 -1.10457e-17 6.50583 -0.443523 -1.33281 1.34752 1.18392 -1.97295e-17 7.60548 -1.50593 -0.785549 1.58198 1.32983 -2.53307e-17 9.49737 -0.914492 0.0539575 1.46553 1.17898 -2.90401e-17 10.5513 1.57691 -0.0123185 0.89665 -0.00775649 -1.29193e-17 4.78644 0.715339 0.0488302 3.01811 6.28204 -1.8116e-17 4.82109 0.421791 -0.916849 -2.41611 2.67481 -2.00958e-17 4.83041 0.765062 -1.6054 -2.39039 1.83103 1.23299 -7.60731 7.53374 0.186958 1.95856 0.00622913 12.9547 3.2495 -3.26872 -80.3679 11.7972 -2.14766 29.2081 0.0598081 0.137039 2.87254 -0.337016 -13.9719 24.234 0.0496219 0.113701 2.47984 -1.15365 -3.4531 -1.23299 -7.60729 7.53365 1.77377 2.81185 -0.217013 -12.9547 3.2495 -3.26872 82.5867 20.8516 1.27648 -29.2081 0.0598081 0.137039 -3.42817 -0.486394 16.7406 -24.234 0.0496218 0.113702 1.51308 -11.3218 3.45527 9.23673 -4.20556 2.0327 -7.03201 0.714067 -16.9253 -0.852353 -38.7721 -0.655187 -0.0243441 0.0908444 -0.00156639 -2.32622 -40.4017 -6.04875 -1.46492 1.87784 15.2147 0.779096 -9.8844 12.4959 3.18411e-16 -7.85965e-16 3.25019e-18 -9.23673 -4.20556 2.0327 -11.7076 -6.83448 8.36185 0.852353 -38.7721 -0.655187 2.3373 8.69827 -0.0256524 2.32622 -40.4017 -6.04875 -0.932453 -5.72594 -15.3845 -0.779096 -9.8844 12.4959 -8.04366e-16 -5.52582e-16 -1.27373e-14 
8.17523 92.371 135.092 7.6636 -2.12169 4.32674 0 5.07867 -1.15138 -1.98599 -0.181468 1.37095 0 5.61661 1.07143 -1.85221 0.0462359 1.10105 -1.02604e-17 5.98978 0.11501 -1.57068 0.689948 1.16785 -1.10457e-17 6.50583 -0.443523 -1.33115 1.36019 1.18315 -1.97295e-17 7.60548 -1.50593 -0.786467 1.60007 1.3292 -2.53307e-17 9.49737 -0.914492 0.0507369 1.48902 1.17972 -2.90401e-17 10.5513 1.57691 -0.0122068 0.896555 -0.00891331 -1.29193e-17 4.78644 0.715339 0.0560509 2.97138 6.24123 -1.8116e-17 4.82109 0.421791 -0.915439 -2.40946 2.65639 -2.00958e-17 4.83041 0.765062 -1.58348 -2.36734 1.82427 1.23299 -7.60731 7.53374 0.0220846 1.97942 -0.0507222 12.9547 3.2495 -3.26872 -80.4092 11.8528 -2.15765 29.2081 0.0598081 0.137039 2.87218 -0.336928 -13.9701 24.234 0.0496219 0.113701 2.4577 -1.32704 -3.47277 -1.23299 -7.60729 7.53365 1.76359 2.79887 -0.202748 -12.9547 3.2495 -3.26872 82.5769 20.9952 1.3392 -29.2081 0.0598081 0.137039 -3.45358 -0.493923 16.8681 -24.234 0.0496218 0.113702 1.51106 -11.4549 3.4468 9.23673 -4.20556 2.0327 -7.02841 0.73904 -16.9707 -0.852353 -38.7721 -0.655187 -0.0219168 0.081786 -0.00141194 -2.32622 -40.4017 -6.04875 -1.42538 1.89474 15.21 0.779096 -9.8844 12.4959 4.22417e-16 -7.82715e-16 2.88531e-33 -9.23673 -4.20556 2.0327 -11.7062 -6.8069 8.3316 0.852353 -38.7721 -0.655187 2.33807 8.70108 -0.0257187 2.32622 -40.4017 -6.04875 -0.913511 -5.71554 -15.3821 -0.779096 -9.8844 12.4959 -1.18348e-15 -5.40734e-16 -1.27195e-14 
8.17512 92.3705 135.086 7.65879 -2.1396 4.34735 0 5.07867 -1.15138 -1.98097 -0.182883 1.36944 0 5.61661 1.07143 -1.84809 0.0484152 1.09912 -1.02604e-17 5.98978 0.11501 -1.56806 0.696185 1.1652 -1.10457e-17 6.50583 -0.443523 -1.32989 1.37241 1.18023 -1.97295e-17 7.60548 -1.50593 -0.787326 1.6173 1.32646 -2.53307e-17 9.49737 -0.914492 0.0476366 1.51121 1.17808 -2.90401e-17 10.5513 1.57691 -0.0120896 0.896274 -0.010274 -1.29193e-17 4.78644 0.715339 0.0641047 2.92552 6.20445 -1.8116e-17 4.82109 0.421791 -0.913639 -2.40084 2.6398 -2.00958e-17 4.83041 0.765062 -1.57094 -2.34994 1.82557 1.23299 -7.60731 7.53374 -0.13672 2.0029 -0.108185 12.9547 3.2495 -3.26872 -80.4683 11.9359 -2.17659 29.2081 0.0598081 0.137039 2.86871 -0.336086 -13.953 24.234 0.0496219 0.113701 2.42229 -1.53158 -3.49861 -1.23299 -7.60729 7.53365 1.75081 2.7854 -0.187637 -12.9547 3.2495 -3.26872 82.5661 21.1528 1.41436 -29.2081 0.0598081 0.137039 -3.47695 -0.500903 16.9855 -24.234 0.0496218 0.113702 1.50506 -11.5803 3.44642 9.23673 -4.20556 2.0327 -7.02808 0.75759 -16.9968 -0.852353 -38.7721 -0.655187 -0.0193097 0.072057 -0.00124562 -2.32622 -40.4017 -6.04875 -1.38769 1.9086 15.2056 0.779096 -9.8844 12.4959 -1.64709e-16 -8.01062e-16 1.83477e-17 -9.23673 -4.20556 2.0327 -11.7069 -6.79024 8.31934 0.852353 -38.7721 -0.655187 2.33823 8.70168 -0.0257328 2.32622 -40.4017 -6.04875 -0.888706 -5.71348 -15.3803 -0.779096 -9.8844 12.4959 -5.10803e-16 -5.70929e-16 -1.27465e-14 
8.17442 92.3695 135.08 7.65348 -2.15158 4.35323 0 5.07867 -1.15138 -1.97858 -0.18732 1.36634 0 5.61661 1.07143 -1.84599 0.0481517 1.09531 -1.02604e-17 5.98978 0.11501 -1.56682 0.700047 1.16074 -1.10457e-17 6.50583 -0.443523 -1.32933 1.38257 1.17545 -1.97295e-17 7.60548 -1.50593 -0.788574 1.63267 1.32191 -2.53307e-17 9.49737 -0.914492 0.0441804 1.53105 1.17455 -2.90401e-17 10.5513 1.57691 -0.0119164 0.895837 -0.0118744 -1.29193e-17 4.78644 0.715339 0.0728261 2.87829 6.17138 -1.8116e-17 4.82109 0.421791 -0.911307 -2.38675 2.62486 -2.00958e-17 4.83041 0.765062 -1.55488 -2.32515 1.82636 1.23299 -7.60731 7.53374 -0.292231 2.02988 -0.1695 12.9547 3.2495 -3.26872 -80.5406 12.0419 -2.20034 29.2081 0.0598081 0.137039 2.86182 -0.334413 -13.9188 24.234 0.0496219 0.113701 2.38205 -1.74836 -3.52147 -1.23299 -7.60729 7.53365 1.73107 2.77223 -0.17138 -12.9547 3.2495 -3.26872 82.5636 21.3263 1.48865 -29.2081 0.0598081 0.137039 -3.49955 -0.507705 17.0991 -24.234 0.0496218 0.113702 1.50231 -11.7015 3.44995 9.23673 -4.20556 2.0327 -7.02697 0.771696 -17.0124 -0.852353 -38.7721 -0.655187 -0.0160826 0.0600141 -0.00103913 -2.32622 -40.4017 -6.04875 -1.35069 1.91871 15.2015 0.779096 -9.8844 12.4959 -3.72721e-16 -8.07563e-16 2.48481e-17 -9.23673 -4.20556 2.0327 -11.7061 -6.78541 8.3168 0.852353 -38.7721 -0.655187 2.33925 8.70543 -0.0258215 2.32622 -40.4017 -6.04875 -0.86362 -5.714 -15.3782 -0.779096 -9.8844 12.4959 -7.85911e-16 -5.56408e-16 -1.2732e-14 
8.17344 92.3698 135.075 7.64986 -2.17964 4.35107 0 5.07867 -1.15138 -1.98008 -0.187642 1.3628 0 5.61661 1.07143 -1.84695 0.0508433 1.09047 -1.02604e-17 5.98978 0.11501 -1.5678 0.705225 1.15527 -1.10457e-17 6.50583 -0.443523 -1.33019 1.39113 1.16963 -1.97295e-17 7.60548 -1.50593 -0.790595 1.64486 1.31658 -2.53307e-17 9.49737 -0.914492 0.0404791 1.54652 1.17018 -2.90401e-17 10.5513 1.57691 -0.0117783 0.895744 -0.0135265 -1.29193e-17 4.78644 0.715339 0.0823602 2.82068 6.13859 -1.8116e-17 4.82109 0.421791 -0.909158 -2.36384 2.60996 -2.00958e-17 4.83041 0.765062 -1.52831 -2.27855 1.82779 1.23299 -7.60731 7.53374 -0.448393 2.06369 -0.236353 12.9547 3.2495 -3.26872 -80.616 12.155 -2.23003 29.2081 0.0598081 0.137039 2.85031 -0.33163 -13.8618 24.234 0.0496219 0.113701 2.34446 -1.95177 -3.53107 -1.23299 -7.60729 7.53365 1.71476 2.76272 -0.151301 -12.9547 3.2495 -3.26872 82.5611 21.5017 1.55764 -29.2081 0.0598081 0.137039 -3.52181 -0.51445 17.211 -24.234 0.0496218 0.113702 1.5013 -11.8173 3.45406 9.23673 -4.20556 2.0327 -7.02638 0.794454 -17.0263 -0.852353 -38.7721 -0.655187 -0.0161003 0.0600802 -0.00104026 -2.32622 -40.4017 -6.04875 -1.31335 1.93374 15.1973 0.779096 -9.8844 12.4959 -7.91581e-17 -7.98389e-16 1.56742e-17 -9.23673 -4.20556 2.0327 -11.704 -6.77119 8.32542 0.852353 -38.7721 -0.655187 2.3418 8.71481 -0.0260436 2.32622 -40.4017 -6.04875 -0.842495 -5.70577 -15.3758 -0.779096 -9.8844 12.4959 -4.06797e-16 -5.74179e-16 -1.27497e-14 
8.17251 92.3704 135.07 7.64713 -2.21348 4.34711 0 5.07867 -1.15138 -1.98374 -0.185877 1.3583 0 5.61661 1.07143 -1.84948 0.055175 1.0843 -1.02604e-17 5.98978 0.11501 -1.56983 0.711188 1.14844 -1.10457e-17 6.50583 -0.443523 -1.33156 1.3991 1.16241 -1.97295e-17 7.60548 -1.50593 -0.792899 1.65555 1.30995 -2.53307e-17 9.49737 -0.914492 0.0364621 1.55972 1.16444 -2.90401e-17 10.5513 1.57691 -0.0118054 0.895667 -0.0153309 -1.29193e-17 4.78644 0.715339 0.0909559 2.76552 6.10001 -1.8116e-17 4.82109 0.421791 -0.907079 -2.33978 2.59226 -2.00958e-17 4.83041 0.765062 -1.50551 -2.2303 1.83138 1.23299 -7.60731 7.53374 -0.594219 2.09867 -0.301838 12.9547 3.2495 -3.26872 -80.7036 12.2676 -2.26624 29.2081 0.0598081 0.137039 2.83385 -0.327672 -13.7803 24.234 0.0496219 0.113701 2.31534 -2.11747 -3.54067 -1.23299 -7.60729 7.53365 1.69389 2.75252 -0.133316 -12.9547 3.2495 -3.26872 82.5655 21.6748 1.62447 -29.2081 0.0598081 0.137039 -3.54176 -0.520536 17.3114 -24.234 0.0496218 0.113702 1.49688 -11.9057 3.46324 9.23673 -4.20556 2.0327 -7.02641 0.818418 -17.0345 -0.852353 -38.7721 -0.655187 -0.0186156 0.0694665 -0.00120126 -2.32622 -40.4017 -6.04875 -1.27765 1.94703 15.1936 0.779096 -9.8844 12.4959 -2.68715e-16 -8.04313e-16 2.15979e-17 -9.23673 -4.20556 2.0327 -11.7021 -6.7551 8.3425 0.852353 -38.7721 -0.655187 2.34607 8.73054 -0.026417 2.32622 -40.4017 -6.04875 -0.821932 -5.69647 -15.3738 -0.779096 -9.8844 12.4959 -1.98785e-16 -5.8393e-16 -1.27595e-14 
8.17128 92.3708 135.065 7.64214 -2.24677 4.33488 0 5.07867 -1.15138 -1.98761 -0.183602 1.35374 0 5.61661 1.07143 -1.85209 0.0596037 1.07801 -1.02604e-17 5.98978 0.11501 -1.57178 0.716482 1.1415 -1.10457e-17 6.50583 -0.443523 -1.33274 1.40521 1.15507 -1.97295e-17 7.60548 -1.50593 -0.79487 1.66362 1.30314 -2.53307e-17 9.49737 -0.914492 0.0328 1.56926 1.15835 -2.90401e-17 10.5513 1.57691 -0.0119114 0.89562 -0.0172829 -1.29193e-17 4.78644 0.715339 0.0987962 2.71696 6.05692 -1.8116e-17 4.82109 0.421791 -0.901995 -2.31279 2.57243 -2.00958e-17 4.83041 0.765062 -1.48614 -2.18224 1.83093 1.23299 -7.60731 7.53374 -0.725545 2.13267 -0.364038 12.9547 3.2495 -3.26872 -80.809 12.3631 -2.30143 29.2081 0.0598081 0.137039 2.81365 -0.322846 -13.6803 24.234 0.0496219 0.113701 2.29823 -2.22668 -3.55138 -1.23299 -7.60729 7.53365 1.6637 2.74053 -0.120773 -12.9547 3.2495 -3.26872 82.58 21.8395 1.68583 -29.2081 0.0598081 0.137039 -3.56026 -0.526213 17.4045 -24.234 0.0496218 0.113702 1.48756 -11.95 3.47336 9.23673 -4.20556 2.0327 -7.02423 0.845324 -17.0313 -0.852353 -38.7721 -0.655187 -0.0195337 0.0728927 -0.00125992 -2.32622 -40.4017 -6.04875 -1.23962 1.959 15.1896 0.779096 -9.8844 12.4959 -7.91581e-17 -7.98389e-16 1.56742e-17 -9.23673 -4.20556 2.0327 -11.6954 -6.74147 8.37386 0.852353 -38.7721 -0.655187 2.34982 8.74436 -0.0267461 2.32622 -40.4017 -6.04875 -0.80663 -5.68471 -15.372 -0.779096 -9.8844 12.4959 -4.92348e-16 -5.65582e-16 -1.27503e-14 
8.17033 92.3715 135.059 7.63633 -2.27989 4.31971 0 5.07867 -1.15138 -1.9931 -0.179836 1.34919 0 5.61661 1.07143 -1.85603 0.0645434 1.07153 -1.02604e-17 5.98978 0.11501 -1.57472 0.721112 1.13437 -1.10457e-17 6.50583 -0.443523 -1.33454 1.40876 1.1475 -1.97295e-17 7.60548 -1.50593 -0.797162 1.66804 1.29615 -2.53307e-17 9.49737 -0.914492 0.0290701 1.57379 1.15206 -2.90401e-17 10.5513 1.57691 -0.0121009 0.895736 -0.0194251 -1.29193e-17 4.78644 0.715339 0.104997 2.67634 6.00885 -1.8116e-17 4.82109 0.421791 -0.895756 -2.28489 2.55018 -2.00958e-17 4.83041 0.765062 -1.46267 -2.13477 1.82696 1.23299 -7.60731 7.53374 -0.839426 2.16503 -0.422316 12.9547 3.2495 -3.26872 -80.9257 12.4331 -2.33249 29.2081 0.0598081 0.137039 2.79016 -0.317284 -13.5641 24.234 0.0496219 0.113701 2.28774 -2.30144 -3.55609 -1.23299 -7.60729 7.53365 1.623 2.72653 -0.112667 -12.9547 3.2495 -3.26872 82.6082 21.9909 1.73649 -29.2081 0.0598081 0.137039 -3.57794 -0.531673 17.4935 -24.234 0.0496218 0.113702 1.47765 -11.9556 3.4826 9.23673 -4.20556 2.0327 -7.02161 0.880507 -17.0195 -0.852353 -38.7721 -0.655187 -0.0162559 0.0606607 -0.00105023 -2.32622 -40.4017 -6.04875 -1.20244 1.97595 15.1851 0.779096 -9.8844 12.4959 6.11974e-16 -7.67617e-16 -1.50975e-17 -9.23673 -4.20556 2.0327 -11.6877 -6.72636 8.41519 0.852353 -38.7721 -0.655187 2.35211 8.75279 -0.026947 2.32622 -40.4017 -6.04875 -0.787501 -5.67152 -15.3702 -0.779096 -9.8844 12.4959 -5.96354e-16 -5.59082e-16 -1.27471e-14 
8.16844 92.3713 135.054 7.63092 -2.30646 4.28851 0 5.07867 -1.15138 -1.99977 -0.174887 1.3463 0 5.61661 1.07143 -1.86137 0.069415 1.06669 -1.02604e-17 5.98978 0.11501 -1.57885 0.72412 1.12893 -1.10457e-17 6.50583 -0.443523 -1.33737 1.40817 1.14165 -1.97295e-17 7.60548 -1.50593 -0.799847 1.66708 1.29098 -2.53307e-17 9.49737 -0.914492 0.0257832 1.57108 1.14744 -2.90401e-17 10.5513 1.57691 -0.0121394 0.896226 -0.0216456 -1.29193e-17 4.78644 0.715339 0.109867 2.64368 5.96322 -1.8116e-17 4.82109 0.421791 -0.887137 -2.25645 2.52897 -2.00958e-17 4.83041 0.765062 -1.44194 -2.08893 1.8151 1.23299 -7.60731 7.53374 -0.930261 2.19671 -0.473335 12.9547 3.2495 -3.26872 -81.0526 12.4953 -2.35073 29.2081 0.0598081 0.137039 2.76499 -0.311376 -13.4395 24.234 0.0496219 0.113701 2.26881 -2.41309 -3.56871 -1.23299 -7.60729 7.53365 1.57567 2.71336 -0.110763 -12.9547 3.2495 -3.26872 82.6473 22.1307 1.77548 -29.2081 0.0598081 0.137039 -3.59571 -0.537188 17.5831 -24.234 0.0496218 0.113702 1.46546 -11.932 3.49526 9.23673 -4.20556 2.0327 -7.01736 0.914991 -16.9984 -0.852353 -38.7721 -0.655187 -0.0102829 0.0383713 -0.000666329 -2.32622 -40.4017 -6.04875 -1.17389 1.98809 15.1816 0.779096 -9.8844 12.4959 1.11355e-15 -7.48693e-16 -3.40219e-17 -9.23673 -4.20556 2.0327 -11.6778 -6.72595 8.46744 0.852353 -38.7721 -0.655187 2.35599 8.76706 -0.0272885 2.32622 -40.4017 -6.04875 -0.775911 -5.66016 -15.3684 -0.779096 -9.8844 12.4959 -8.89917e-16 -5.49908e-16 -1.27287e-14 
8.16681 92.3704 135.049 7.61226 -2.33455 4.25548 0 5.07867 -1.15138 -2.0039 -0.168533 1.34339 0 5.61661 1.07143 -1.86459 0.0747676 1.06239 -1.02604e-17 5.98978 0.11501 -1.58136 0.726463 1.12414 -1.10457e-17 6.50583 -0.443523 -1.33902 1.40496 1.13647 -1.97295e-17 7.60548 -1.50593 -0.801675 1.66262 1.28627 -2.53307e-17 9.49737 -0.914492 0.0229898 1.56385 1.14315 -2.90401e-17 10.5513 1.57691 -0.0120962 0.896727 -0.0237599 -1.29193e-17 4.78644 0.715339 0.11295 2.61917 5.90641 -1.8116e-17 4.82109 0.421791 -0.879504 -2.22775 2.50249 -2.00958e-17 4.83041 0.765062 -1.41817 -2.04333 1.80308 1.23299 -7.60731 7.53374 -1.00386 2.22655 -0.517643 12.9547 3.2495 -3.26872 -81.1835 12.5639 -2.35534 29.2081 0.0598081 0.137039 2.74117 -0.30584 -13.3218 24.234 0.0496219 0.113701 2.24245 -2.57949 -3.58336 -1.23299 -7.60729 7.53365 1.52204 2.70057 -0.113604 -12.9547 3.2495 -3.26872 82.6908 22.255 1.8004 -29.2081 0.0598081 0.137039 -3.61551 -0.543367 17.6828 -24.234 0.0496218 0.113702 1.45753 -11.8983 3.50665 9.23673 -4.20556 2.0327 -7.00072 0.941865 -16.9723 -0.852353 -38.7721 -0.655187 -0.00890689 0.0332366 -0.000577563 -2.32622 -40.4017 -6.04875 -1.13854 1.98415 15.1783 0.779096 -9.8844 12.4959 6.3043e-16 -7.72964e-16 -9.75058e-18 -9.23673 -4.20556 2.0327 -11.6534 -6.72088 8.52047 0.852353 -38.7721 -0.655187 2.35725 8.77172 -0.0274 2.32622 -40.4017 -6.04875 -0.764323 -5.64284 -15.3661 -0.779096 -9.8844 12.4959 -1.58105e-15 -5.19136e-16 -1.27039e-14 
8.16478 92.3676 135.043 7.59563 -2.34604 4.21119 0 5.07867 -1.15138 -2.00932 -0.162496 1.34154 0 5.61661 1.07143 -1.86935 0.0788678 1.05932 -1.02604e-17 5.98978 0.11501 -1.58521 0.726341 1.12069 -1.10457e-17 6.50583 -0.443523 -1.34183 1.39727 1.13267 -1.97295e-17 7.60548 -1.50593 -0.804052 1.6532 1.28305 -2.53307e-17 9.49737 -0.914492 0.0203695 1.55031 1.14029 -2.90401e-17 10.5513 1.57691 -0.0118813 0.897567 -0.0256549 -1.29193e-17 4.78644 0.715339 0.114944 2.5949 5.85318 -1.8116e-17 4.82109 0.421791 -0.876282 -2.1976 2.47739 -2.00958e-17 4.83041 0.765062 -1.40127 -1.99885 1.78411 1.23299 -7.60731 7.53374 -1.06053 2.25687 -0.553951 12.9547 3.2495 -3.26872 -81.3039 12.6503 -2.34443 29.2081 0.0598081 0.137039 2.72139 -0.301283 -13.224 24.234 0.0496219 0.113701 2.20005 -2.78238 -3.60907 -1.23299 -7.60729 7.53365 1.47042 2.6917 -0.118646 -12.9547 3.2495 -3.26872 82.733 22.3673 1.81449 -29.2081 0.0598081 0.137039 -3.63803 -0.550443 17.7964 -24.234 0.0496218 0.113702 1.4417 -11.8638 3.51228 9.23673 -4.20556 2.0327 -6.98726 0.949267 -16.9392 -0.852353 -38.7721 -0.655187 -0.00934579 0.0348744 -0.00060589 -2.32622 -40.4017 -6.04875 -1.1001 1.97041 15.1749 0.779096 -9.8844 12.4959 4.22417e-16 -7.82715e-16 2.88531e-33 -9.23673 -4.20556 2.0327 -11.6316 -6.74134 8.57843 0.852353 -38.7721 -0.655187 2.36176 8.78829 -0.027798 2.32622 -40.4017 -6.04875 -0.754157 -5.63644 -15.3645 -0.779096 -9.8844 12.4959 -9.08372e-16 -5.46081e-16 -1.27341e-14 
8.16366 92.3642 135.037 7.57481 -2.34682 4.17241 0 5.07867 -1.15138 -2.01476 -0.159396 1.33875 0 5.61661 1.07143 -1.87411 0.0801514 1.05556 -1.02604e-17 5.98978 0.11501 -1.58901 0.723203 1.1166 -1.10457e-17 6.50583 -0.443523 -1.34449 1.38648 1.12827 -1.97295e-17 7.60548 -1.50593 -0.806314 1.64118 1.27914 -2.53307e-17 9.49737 -0.914492 0.0176296 1.53399 1.13676 -2.90401e-17 10.5513 1.57691 -0.0117184 0.89847 -0.0272299 -1.29193e-17 4.78644 0.715339 0.11614 2.56454 5.79837 -1.8116e-17 4.82109 0.421791 -0.876048 -2.16985 2.45143 -2.00958e-17 4.83041 0.765062 -1.3849 -1.9533 1.76788 1.23299 -7.60731 7.53374 -1.10296 2.28434 -0.581641 12.9547 3.2495 -3.26872 -81.4201 12.729 -2.32165 29.2081 0.0598081 0.137039 2.70801 -0.29822 -13.1579 24.234 0.0496219 0.113701 2.1709 -2.92675 -3.62048 -1.23299 -7.60729 7.53365 1.42069 2.68482 -0.123629 -12.9547 3.2495 -3.26872 82.7751 22.4534 1.8158 -29.2081 0.0598081 0.137039 -3.66282 -0.558291 17.9215 -24.234 0.0496218 0.113702 1.42839 -11.8325 3.50896 9.23673 -4.20556 2.0327 -6.97056 0.942971 -16.9091 -0.852353 -38.7721 -0.655187 -0.0114231 0.0426263 -0.000739795 -2.32622 -40.4017 -6.04875 -1.06576 1.94621 15.1727 0.779096 -9.8844 12.4959 -1.64702e-16 -8.01062e-16 1.83475e-17 -9.23673 -4.20556 2.0327 -11.6084 -6.76661 8.62242 0.852353 -38.7721 -0.655187 2.36426 8.7975 -0.0280198 2.32622 -40.4017 -6.04875 -0.739701 -5.63387 -15.3631 -0.779096 -9.8844 12.4959 -9.23461e-18 -5.86603e-16 -1.27654e-14 
8.16218 92.3618 135.032 7.55371 -2.35909 4.12935 0 5.07867 -1.15138 -2.02029 -0.153988 1.33711 0 5.61661 1.07143 -1.87905 0.0829387 1.05296 -1.02604e-17 5.98978 0.11501 -1.59298 0.720697 1.1137 -1.10457e-17 6.50583 -0.443523 -1.34741 1.37486 1.12511 -1.97295e-17 7.60548 -1.50593 -0.808587 1.62746 1.2765 -2.53307e-17 9.49737 -0.914492 0.0152718 1.51535 1.13444 -2.90401e-17 10.5513 1.57691 -0.0116304 0.899641 -0.0284513 -1.29193e-17 4.78644 0.715339 0.116308 2.53177 5.74907 -1.8116e-17 4.82109 0.421791 -0.87823 -2.14253 2.42794 -2.00958e-17 4.83041 0.765062 -1.37049 -1.90175 1.74785 1.23299 -7.60731 7.53374 -1.12935 2.30908 -0.602332 12.9547 3.2495 -3.26872 -81.5248 12.7936 -2.29435 29.2081 0.0598081 0.137039 2.69709 -0.295732 -13.104 24.234 0.0496219 0.113701 2.14619 -3.00851 -3.61509 -1.23299 -7.60729 7.53365 1.38101 2.68068 -0.127137 -12.9547 3.2495 -3.26872 82.8074 22.5228 1.81356 -29.2081 0.0598081 0.137039 -3.68601 -0.565683 18.0386 -24.234 0.0496218 0.113702 1.41873 -11.8132 3.50628 9.23673 -4.20556 2.0327 -6.95268 0.945455 -16.874 -0.852353 -38.7721 -0.655187 -0.0145839 0.0544213 -0.000943 -2.32622 -40.4017 -6.04875 -1.02967 1.92637 15.1698 0.779096 -9.8844 12.4959 2.14396e-16 -7.89215e-16 6.50068e-18 -9.23673 -4.20556 2.0327 -11.5817 -6.78396 8.66259 0.852353 -38.7721 -0.655187 2.36738 8.80898 -0.0282967 2.32622 -40.4017 -6.04875 -0.737129 -5.62101 -15.361 -0.779096 -9.8844 12.4959 -6.81891e-16 -5.59659e-16 -1.27352e-14 
8.15902 92.3605 135.027 7.53803 -2.383 4.06796 0 5.07867 -1.15138 -2.02727 -0.145602 1.33796 0 5.61661 1.07143 -1.88548 0.0879415 1.05263 -1.02604e-17 5.98978 0.11501 -1.59816 0.720346 1.11306 -1.10457e-17 6.50583 -0.443523 -1.35133 1.36505 1.1242 -1.97295e-17 7.60548 -1.50593 -0.8111 1.61483 1.27629 -2.53307e-17 9.49737 -0.914492 0.0138283 1.49723 1.13437 -2.90401e-17 10.5513 1.57691 -0.0113928 0.900729 -0.0296362 -1.29193e-17 4.78644 0.715339 0.114757 2.51646 5.70764 -1.8116e-17 4.82109 0.421791 -0.880246 -2.12181 2.40816 -2.00958e-17 4.83041 0.765062 -1.36603 -1.86486 1.73051 1.23299 -7.60731 7.53374 -1.13106 2.32785 -0.613529 12.9547 3.2495 -3.26872 -81.6188 12.8686 -2.26748 29.2081 0.0598081 0.137039 2.68755 -0.293568 -13.0569 24.234 0.0496219 0.113701 2.11236 -3.09818 -3.61358 -1.23299 -7.60729 7.53365 1.34247 2.67429 -0.13403 -12.9547 3.2495 -3.26872 82.8372 22.5764 1.81927 -29.2081 0.0598081 0.137039 -3.70724 -0.572497 18.1459 -24.234 0.0496218 0.113702 1.40757 -11.7822 3.50715 9.23673 -4.20556 2.0327 -6.93724 0.965982 -16.8266 -0.852353 -38.7721 -0.655187 -0.0143229 0.0534474 -0.000926245 -2.32622 -40.4017 -6.04875 -1.00054 1.91693 15.1673 0.779096 -9.8844 12.4959 1.28859e-16 -7.91888e-16 9.1737e-18 -9.23673 -4.20556 2.0327 -11.5552 -6.79655 8.72493 0.852353 -38.7721 -0.655187 2.37095 8.82211 -0.0286142 2.32622 -40.4017 -6.04875 -0.735382 -5.60367 -15.3593 -0.779096 -9.8844 12.4959 -7.00365e-16 -5.55832e-16 -1.27406e-14 
8.15663 92.3584 135.021 7.52197 -2.39634 4.00888 0 5.07867 -1.15138 -2.03299 -0.139254 1.33831 0 5.61661 1.07143 -1.89094 0.0910927 1.0522 -1.02604e-17 5.98978 0.11501 -1.60263 0.718427 1.11241 -1.10457e-17 6.50583 -0.443523 -1.35469 1.35457 1.12328 -1.97295e-17 7.60548 -1.50593 -0.813313 1.60197 1.2759 -2.53307e-17 9.49737 -0.914492 0.012379 1.47858 1.13414 -2.90401e-17 10.5513 1.57691 -0.0112082 0.901508 -0.0307908 -1.29193e-17 4.78644 0.715339 0.110696 2.51759 5.66745 -1.8116e-17 4.82109 0.421791 -0.884993 -2.10319 2.38878 -2.00958e-17 4.83041 0.765062 -1.36343 -1.84129 1.71684 1.23299 -7.60731 7.53374 -1.11032 2.33883 -0.613978 12.9547 3.2495 -3.26872 -81.7119 12.9346 -2.23579 29.2081 0.0598081 0.137039 2.68167 -0.292238 -13.0279 24.234 0.0496219 0.113701 2.08247 -3.17829 -3.60967 -1.23299 -7.60729 7.53365 1.29399 2.66363 -0.146048 -12.9547 3.2495 -3.26872 82.87 22.6192 1.8199 -29.2081 0.0598081 0.137039 -3.73023 -0.579927 18.2621 -24.234 0.0496218 0.113702 1.39982 -11.7254 3.51404 9.23673 -4.20556 2.0327 -6.92308 0.979713 -16.7717 -0.852353 -38.7721 -0.655187 -0.0124836 0.0465836 -0.000808045 -2.32622 -40.4017 -6.04875 -0.972758 1.90497 15.1648 0.779096 -9.8844 12.4959 3.18407e-16 -7.85965e-16 3.25034e-18 -9.23673 -4.20556 2.0327 -11.5304 -6.81713 8.78494 0.852353 -38.7721 -0.655187 2.37375 8.83244 -0.0288647 2.32622 -40.4017 -6.04875 -0.729243 -5.59168 -15.3579 -0.779096 -9.8844 12.4959 -5.96354e-16 -5.59082e-16 -1.27471e-14 
8.15425 92.3552 135.015 7.51814 -2.39801 3.946 0 5.07867 -1.15138 -2.04132 -0.131394 1.3397 0 5.61661 1.07143 -1.89903 0.094066 1.0528 -1.02604e-17 5.98978 0.11501 -1.6093 0.714391 1.11297 -1.10457e-17 6.50583 -0.443523 -1.35988 1.33874 1.12363 -1.97295e-17 7.60548 -1.50593 -0.816527 1.58273 1.27693 -2.53307e-17 9.49737 -0.914492 0.0109225 1.45166 1.1353 -2.90401e-17 10.5513 1.57691 -0.0109986 0.902817 -0.031809 -1.29193e-17 4.78644 0.715339 0.105851 2.51948 5.63677 -1.8116e-17 4.82109 0.421791 -0.893802 -2.07845 2.37347 -2.00958e-17 4.83041 0.765062 -1.36369 -1.80986 1.6923 1.23299 -7.60731 7.53374 -1.0739 2.35176 -0.610496 12.9547 3.2495 -3.26872 -81.7885 13.0074 -2.19232 29.2081 0.0598081 0.137039 2.67999 -0.291859 -13.0196 24.234 0.0496219 0.113701 2.0471 -3.25666 -3.60038 -1.23299 -7.60729 7.53365 1.24443 2.65764 -0.157976 -12.9547 3.2495 -3.26872 82.9037 22.6727 1.80288 -29.2081 0.0598081 0.137039 -3.75822 -0.589041 18.4037 -24.234 0.0496218 0.113702 1.39 -11.6485 3.52998 9.23673 -4.20556 2.0327 -6.92139 0.983095 -16.7198 -0.852353 -38.7721 -0.655187 -0.0100664 0.0375634 -0.000652371 -2.32622 -40.4017 -6.04875 -0.947621 1.89687 15.1619 0.779096 -9.8844 12.4959 1.28859e-16 -7.91888e-16 9.1737e-18 -9.23673 -4.20556 2.0327 -11.518 -6.85082 8.85309 0.852353 -38.7721 -0.655187 2.3774 8.84585 -0.0291906 2.32622 -40.4017 -6.04875 -0.729607 -5.59104 -15.3575 -0.779096 -9.8844 12.4959 -5.96354e-16 -5.59082e-16 -1.27471e-14 
8.15218 92.3523 135.01 7.50593 -2.40421 3.88736 0 5.07867 -1.15138 -2.0458 -0.119884 1.34025 0 5.61661 1.07143 -1.90387 0.0990435 1.05337 -1.02604e-17 5.98978 0.11501 -1.61352 0.710464 1.11369 -1.10457e-17 6.50583 -0.443523 -1.36335 1.32004 1.12422 -1.97295e-17 7.60548 -1.50593 -0.818823 1.55968 1.2779 -2.53307e-17 9.49737 -0.914492 0.00948425 1.41985 1.13634 -2.90401e-17 10.5513 1.57691 -0.0109296 0.904266 -0.0326631 -1.29193e-17 4.78644 0.715339 0.0998041 2.52393 5.60752 -1.8116e-17 4.82109 0.421791 -0.90616 -2.05367 2.35876 -2.00958e-17 4.83041 0.765062 -1.36538 -1.7724 1.67171 1.23299 -7.60731 7.53374 -1.02308 2.36413 -0.603224 12.9547 3.2495 -3.26872 -81.8531 13.0862 -2.14313 29.2081 0.0598081 0.137039 2.68265 -0.29246 -13.0327 24.234 0.0496219 0.113701 2.01306 -3.32989 -3.57635 -1.23299 -7.60729 7.53365 1.19037 2.65305 -0.170351 -12.9547 3.2495 -3.26872 82.9355 22.7381 1.76937 -29.2081 0.0598081 0.137039 -3.79398 -0.600799 18.5849 -24.234 0.0496218 0.113702 1.39451 -11.5495 3.55506 9.23673 -4.20556 2.0327 -6.91057 0.983481 -16.6737 -0.852353 -38.7721 -0.655187 -0.0113051 0.0421857 -0.000732192 -2.32622 -40.4017 -6.04875 -0.92579 1.87865 15.1602 0.779096 -9.8844 12.4959 -1.14939e-15 -8.50181e-16 6.74663e-17 -9.23673 -4.20556 2.0327 -11.4978 -6.87544 8.91734 0.852353 -38.7721 -0.655187 2.37892 8.85145 -0.0293269 2.32622 -40.4017 -6.04875 -0.722501 -5.58627 -15.3568 -0.779096 -9.8844 12.4959 -5.96354e-16 -5.59082e-16 -1.27471e-14 
8.14897 92.3492 135.004 7.4712 -2.41558 3.8183 0 5.07867 -1.15138 -2.04064 -0.106592 1.33996 0 5.61661 1.07143 -1.90043 0.105243 1.05453 -1.02604e-17 5.98978 0.11501 -1.61135 0.706644 1.11523 -1.10457e-17 6.50583 -0.443523 -1.36226 1.29979 1.12577 -1.97295e-17 7.60548 -1.50593 -0.818359 1.53494 1.27913 -2.53307e-17 9.49737 -0.914492 0.00890135 1.38602 1.13728 -2.90401e-17 10.5513 1.57691 -0.0109134 0.905578 -0.0334736 -1.29193e-17 4.78644 0.715339 0.0945149 2.52921 5.58982 -1.8116e-17 4.82109 0.421791 -0.919948 -2.02893 2.34954 -2.00958e-17 4.83041 0.765062 -1.37632 -1.73342 1.64762 1.23299 -7.60731 7.53374 -0.962376 2.37517 -0.592605 12.9547 3.2495 -3.26872 -81.9105 13.1591 -2.08647 29.2081 0.0598081 0.137039 2.68836 -0.293751 -13.0609 24.234 0.0496219 0.113701 1.98455 -3.39079 -3.54196 -1.23299 -7.60729 7.53365 1.13599 2.64668 -0.185963 -12.9547 3.2495 -3.26872 82.958 22.8151 1.72628 -29.2081 0.0598081 0.137039 -3.84164 -0.616662 18.8265 -24.234 0.0496218 0.113702 1.39607 -11.4088 3.58547 9.23673 -4.20556 2.0327 -6.8758 0.985739 -16.6241 -0.852353 -38.7721 -0.655187 -0.0143478 0.0535403 -0.000927845 -2.32622 -40.4017 -6.04875 -0.892306 1.84295 15.1577 0.779096 -9.8844 12.4959 -9.78312e-16 -8.42162e-16 5.94472e-17 -9.23673 -4.20556 2.0327 -11.4506 -6.89728 8.98745 0.852353 -38.7721 -0.655187 2.37885 8.85118 -0.0293204 2.32622 -40.4017 -6.04875 -0.716545 -5.5665 -15.3553 -0.779096 -9.8844 12.4959 -3.02796e-16 -5.77429e-16 -1.27562e-14 
8.1437 92.3461 134.999 7.44816 -2.43111 3.72532 0 5.07867 -1.15138 -2.0362 -0.0939196 1.34171 0 5.61661 1.07143 -1.89824 0.110979 1.05788 -1.02604e-17 5.98978 0.11501 -1.61046 0.702736 1.11894 -1.10457e-17 6.50583 -0.443523 -1.36258 1.28 1.12945 -1.97295e-17 7.60548 -1.50593 -0.818864 1.5117 1.28272 -2.53307e-17 9.49737 -0.914492 0.00804714 1.35314 1.14074 -2.90401e-17 10.5513 1.57691 -0.0109681 0.906475 -0.0346079 -1.29193e-17 4.78644 0.715339 0.0877554 2.53836 5.57724 -1.8116e-17 4.82109 0.421791 -0.937588 -2.00117 2.34256 -2.00958e-17 4.83041 0.765062 -1.3929 -1.70022 1.6312 1.23299 -7.60731 7.53374 -0.892454 2.3831 -0.577502 12.9547 3.2495 -3.26872 -81.9462 13.2193 -2.03083 29.2081 0.0598081 0.137039 2.69555 -0.295382 -13.0964 24.234 0.0496219 0.113701 1.9539 -3.44909 -3.50111 -1.23299 -7.60729 7.53365 1.0737 2.6339 -0.207832 -12.9547 3.2495 -3.26872 82.984 22.9085 1.68157 -29.2081 0.0598081 0.137039 -3.90308 -0.637442 19.1385 -24.234 0.0496218 0.113702 1.38689 -11.1907 3.61968 9.23673 -4.20556 2.0327 -6.85079 0.995639 -16.5486 -0.852353 -38.7721 -0.655187 -0.0155964 0.0581998 -0.00100796 -2.32622 -40.4017 -6.04875 -0.861945 1.81679 15.1547 0.779096 -9.8844 12.4959 -1.83174e-16 -8.0489e-16 2.21751e-17 -9.23673 -4.20556 2.0327 -11.4103 -6.92253 9.08906 0.852353 -38.7721 -0.655187 2.37953 8.8537 -0.0293818 2.32622 -40.4017 -6.04875 -0.711429 -5.55208 -15.3543 -0.779096 -9.8844 12.4959 -4.92343e-16 -5.65583e-16 -1.27503e-14 
8.13803 92.3418 134.993 7.44944 -2.43531 3.61948 0 5.07867 -1.15138 -2.03917 -0.0852619 1.34491 0 5.61661 1.07143 -1.90305 0.11326 1.06222 -1.02604e-17 5.98978 0.11501 -1.61509 0.696092 1.12373 -1.10457e-17 6.50583 -0.443523 -1.367 1.25871 1.13422 -1.97295e-17 7.60548 -1.50593 -0.821643 1.4889 1.288 -2.53307e-17 9.49737 -0.914492 0.00691501 1.31996 1.14587 -2.90401e-17 10.5513 1.57691 -0.0110035 0.906823 -0.0361146 -1.29193e-17 4.78644 0.715339 0.0792931 2.55256 5.56723 -1.8116e-17 4.82109 0.421791 -0.955456 -1.96803 2.33661 -2.00958e-17 4.83041 0.765062 -1.40464 -1.66706 1.62215 1.23299 -7.60731 7.53374 -0.810999 2.38847 -0.555548 12.9547 3.2495 -3.26872 -81.9603 13.2808 -1.97345 29.2081 0.0598081 0.137039 2.70591 -0.297741 -13.1476 24.234 0.0496219 0.113701 1.9153 -3.51138 -3.4513 -1.23299 -7.60729 7.53365 1.00348 2.61355 -0.234293 -12.9547 3.2495 -3.26872 83.0213 23.0116 1.629 -29.2081 0.0598081 0.137039 -3.98384 -0.665324 19.5494 -24.234 0.0496218 0.113702 1.36145 -10.8457 3.6566 9.23673 -4.20556 2.0327 -6.85153 0.992712 -16.448 -0.852353 -38.7721 -0.655187 -0.0177394 0.0661968 -0.00114522 -2.32622 -40.4017 -6.04875 -0.838583 1.79943 15.1522 0.779096 -9.8844 12.4959 2.48481e-17 -7.95139e-16 1.2424e-17 -9.23673 -4.20556 2.0327 -11.3949 -6.95792 9.20139 0.852353 -38.7721 -0.655187 2.37966 8.85417 -0.0293933 2.32622 -40.4017 -6.04875 -0.701651 -5.56148 -15.3549 -0.779096 -9.8844 12.4959 -5.96354e-16 -5.59082e-16 -1.27471e-14 
8.13322 92.3369 134.988 7.45054 -2.43073 3.52153 0 5.07867 -1.15138 -2.0429 -0.0784309 1.3478 0 5.61661 1.07143 -1.90875 0.113472 1.06661 -1.02604e-17 5.98978 0.11501 -1.62045 0.686752 1.12877 -1.10457e-17 6.50583 -0.443523 -1.37191 1.23374 1.13928 -1.97295e-17 7.60548 -1.50593 -0.824653 1.46363 1.29362 -2.53307e-17 9.49737 -0.914492 0.0058001 1.28336 1.15124 -2.90401e-17 10.5513 1.57691 -0.0109948 0.907036 -0.0378903 -1.29193e-17 4.78644 0.715339 0.0714728 2.56134 5.56042 -1.8116e-17 4.82109 0.421791 -0.971444 -1.92962 2.33218 -2.00958e-17 4.83041 0.765062 -1.41194 -1.61773 1.60625 1.23299 -7.60731 7.53374 -0.727906 2.3951 -0.534285 12.9547 3.2495 -3.26872 -81.9551 13.3461 -1.91422 29.2081 0.0598081 0.137039 2.7204 -0.301055 -13.2192 24.234 0.0496219 0.113701 1.88016 -3.56343 -3.38386 -1.23299 -7.60729 7.53365 0.920796 2.58804 -0.261566 -12.9547 3.2495 -3.26872 83.0642 23.131 1.56392 -29.2081 0.0598081 0.137039 -4.08809 -0.702279 20.0813 -24.234 0.0496218 0.113702 1.32574 -10.3603 3.69302 9.23673 -4.20556 2.0327 -6.85379 0.982962 -16.3479 -0.852353 -38.7721 -0.655187 -0.0190383 0.0710441 -0.00122827 -2.32622 -40.4017 -6.04875 -0.811588 1.78019 15.1493 0.779096 -9.8844 12.4959 6.11965e-16 -7.67618e-16 -1.50971e-17 -9.23673 -4.20556 2.0327 -11.3824 -6.99802 9.30553 0.852353 -38.7721 -0.655187 2.3793 8.85285 -0.029361 2.32622 -40.4017 -6.04875 -0.686 -5.57696 -15.3557 -0.779096 -9.8844 12.4959 -8.89912e-16 -5.49908e-16 -1.27287e-14 
8.12628 92.3317 134.983 7.44709 -2.41426 3.40005 0 5.07867 -1.15138 -2.04446 -0.0743531 1.35263 0 5.61661 1.07143 -1.91337 0.111162 1.07362 -1.02604e-17 5.98978 0.11501 -1.62525 0.674612 1.1366 -1.10457e-17 6.50583 -0.443523 -1.37692 1.20555 1.1472 -1.97295e-17 7.60548 -1.50593 -0.827684 1.43668 1.3021 -2.53307e-17 9.49737 -0.914492 0.00502352 1.24409 1.1594 -2.90401e-17 10.5513 1.57691 -0.0108466 0.906935 -0.0400802 -1.29193e-17 4.78644 0.715339 0.0649282 2.55916 5.56457 -1.8116e-17 4.82109 0.421791 -0.986762 -1.88393 2.33292 -2.00958e-17 4.83041 0.765062 -1.4277 -1.55987 1.58738 1.23299 -7.60731 7.53374 -0.646287 2.40446 -0.514778 12.9547 3.2495 -3.26872 -81.9273 13.4033 -1.8533 29.2081 0.0598081 0.137039 2.73717 -0.304916 -13.302 24.234 0.0496219 0.113701 1.8442 -3.60398 -3.31506 -1.23299 -7.60729 7.53365 0.829032 2.55762 -0.293193 -12.9547 3.2495 -3.26872 83.1026 23.2741 1.4974 -29.2081 0.0598081 0.137039 -4.2184 -0.750011 20.7486 -24.234 0.0496218 0.113702 1.2762 -9.76046 3.72544 9.23673 -4.20556 2.0327 -6.84975 0.961576 -16.2347 -0.852353 -38.7721 -0.655187 -0.0201283 0.0751118 -0.00129788 -2.32622 -40.4017 -6.04875 -0.78222 1.75431 15.1459 0.779096 -9.8844 12.4959 5.26428e-16 -7.76214e-16 -6.50068e-18 -9.23673 -4.20556 2.0327 -11.3613 -7.05546 9.43268 0.852353 -38.7721 -0.655187 2.37799 8.84803 -0.0292436 2.32622 -40.4017 -6.04875 -0.669727 -5.59216 -15.3564 -0.779096 -9.8844 12.4959 -7.00365e-16 -5.55832e-16 -1.27406e-14 
8.11875 92.3287 134.978 7.4651 -2.42086 3.2688 0 5.07867 -1.15138 -2.05217 -0.065382 1.3598 0 5.61661 1.07143 -1.92407 0.111968 1.08255 -1.02604e-17 5.98978 0.11501 -1.63526 0.664012 1.1463 -1.10457e-17 6.50583 -0.443523 -1.3863 1.1761 1.15689 -1.97295e-17 7.60548 -1.50593 -0.833682 1.40821 1.31307 -2.53307e-17 9.49737 -0.914492 0.00307714 1.2012 1.17056 -2.90401e-17 10.5513 1.57691 -0.0107691 0.906923 -0.0428174 -1.29193e-17 4.78644 0.715339 0.0567839 2.55241 5.56498 -1.8116e-17 4.82109 0.421791 -1.00579 -1.82843 2.33177 -2.00958e-17 4.83041 0.765062 -1.42997 -1.48862 1.57865 1.23299 -7.60731 7.53374 -0.5719 2.41891 -0.5026 12.9547 3.2495 -3.26872 -81.8661 13.4477 -1.79952 29.2081 0.0598081 0.137039 2.75344 -0.308685 -13.3825 24.234 0.0496219 0.113701 1.80693 -3.63298 -3.22364 -1.23299 -7.60729 7.53365 0.717655 2.52135 -0.326241 -12.9547 3.2495 -3.26872 83.1461 23.4391 1.42059 -29.2081 0.0598081 0.137039 -4.37373 -0.809176 21.5477 -24.234 0.0496218 0.113702 1.22889 -9.1097 3.75671 9.23673 -4.20556 2.0327 -6.86541 0.962804 -16.1043 -0.852353 -38.7721 -0.655187 -0.0204757 0.0764084 -0.00132006 -2.32622 -40.4017 -6.04875 -0.765345 1.75433 15.1429 0.779096 -9.8844 12.4959 4.22417e-16 -7.82715e-16 2.88531e-33 -9.23673 -4.20556 2.0327 -11.3609 -7.09428 9.58081 0.852353 -38.7721 -0.655187 2.37762 8.84668 -0.0292109 2.32622 -40.4017 -6.04875 -0.64097 -5.61085 -15.3569 -0.779096 -9.8844 12.4959 -8.89912e-16 -5.49908e-16 -1.27287e-14 
8.11153 92.325 134.974 7.48677 -2.42335 3.13706 0 5.07867 -1.15138 -2.06195 -0.0518766 1.36703 0 5.61661 1.07143 -1.9368 0.115295 1.09158 -1.02604e-17 5.98978 0.11501 -1.64682 0.653425 1.15631 -1.10457e-17 6.50583 -0.443523 -1.39667 1.1427 1.16689 -1.97295e-17 7.60548 -1.50593 -0.840033 1.37482 1.32446 -2.53307e-17 9.49737 -0.914492 0.00146387 1.15087 1.18185 -2.90401e-17 10.5513 1.57691 -0.0105593 0.907198 -0.0460756 -1.29193e-17 4.78644 0.715339 0.0492719 2.55256 5.57039 -1.8116e-17 4.82109 0.421791 -1.01927 -1.77075 2.33302 -2.00958e-17 4.83041 0.765062 -1.43461 -1.41709 1.56623 1.23299 -7.60731 7.53374 -0.490871 2.43797 -0.492963 12.9547 3.2495 -3.26872 -81.7952 13.5011 -1.74616 29.2081 0.0598081 0.137039 2.7687 -0.312242 -13.4579 24.234 0.0496219 0.113701 1.76859 -3.66376 -3.1254 -1.23299 -7.60729 7.53365 0.582811 2.47964 -0.361699 -12.9547 3.2495 -3.26872 83.1881 23.6179 1.3354 -29.2081 0.0598081 0.137039 -4.55227 -0.880271 22.4714 -24.234 0.0496218 0.113702 1.18501 -8.48662 3.79163 9.23673 -4.20556 2.0327 -6.88617 0.963963 -15.9703 -0.852353 -38.7721 -0.655187 -0.0191498 0.0714604 -0.0012354 -2.32622 -40.4017 -6.04875 -0.742703 1.75631 15.139 0.779096 -9.8844 12.4959 1.59664e-15 -7.27673e-16 -5.50416e-17 -9.23673 -4.20556 2.0327 -11.3641 -7.13724 9.73261 0.852353 -38.7721 -0.655187 2.37751 8.84626 -0.0292005 2.32622 -40.4017 -6.04875 -0.613438 -5.6351 -15.3584 -0.779096 -9.8844 12.4959 -2.16814e-15 -5.0079e-16 -1.26764e-14 
8.10471 92.3185 134.969 7.52039 -2.39187 2.99594 0 5.07867 -1.15138 -2.07826 -0.0419567 1.37506 0 5.61661 1.07143 -1.95546 0.114706 1.101 -1.02604e-17 5.98978 0.11501 -1.66281 0.63791 1.16688 -1.10457e-17 6.50583 -0.443523 -1.41004 1.10281 1.17744 -1.97295e-17 7.60548 -1.50593 -0.84756 1.33551 1.33675 -2.53307e-17 9.49737 -0.914492 0.000551694 1.09215 1.19375 -2.90401e-17 10.5513 1.57691 -0.0100821 0.907532 -0.0498875 -1.29193e-17 4.78644 0.715339 0.0432709 2.5558 5.58202 -1.8116e-17 4.82109 0.421791 -1.02457 -1.7031 2.33717 -2.00958e-17 4.83041 0.765062 -1.43753 -1.35 1.55405 1.23299 -7.60731 7.53374 -0.400087 2.46034 -0.481666 12.9547 3.2495 -3.26872 -81.7215 13.5451 -1.69038 29.2081 0.0598081 0.137039 2.78159 -0.315262 -13.5216 24.234 0.0496219 0.113701 1.73512 -3.68283 -3.03844 -1.23299 -7.60729 7.53365 0.420062 2.43434 -0.403056 -12.9547 3.2495 -3.26872 83.2415 23.7874 1.24063 -29.2081 0.0598081 0.137039 -4.75058 -0.963186 23.5043 -24.234 0.0496218 0.113702 1.13216 -7.91951 3.8104 9.23673 -4.20556 2.0327 -6.92332 0.936963 -15.8243 -0.852353 -38.7721 -0.655187 -0.0154907 0.0578054 -0.00100118 -2.32622 -40.4017 -6.04875 -0.703663 1.7586 15.1325 0.779096 -9.8844 12.4959 1.42559e-15 -7.35691e-16 -4.70236e-17 -9.23673 -4.20556 2.0327 -11.3807 -7.21651 9.8956 0.852353 -38.7721 -0.655187 2.3784 8.84953 -0.0292802 2.32622 -40.4017 -6.04875 -0.590357 -5.68158 -15.361 -0.779096 -9.8844 12.4959 -1.11643e-15 -5.39579e-16 -1.27243e-14 
8.104 92.3123 134.963 7.55652 -2.37508 2.8486 0 5.07867 -1.15138 -2.10012 -0.0254319 1.38473 0 5.61661 1.07143 -1.97893 0.117918 1.11151 -1.02604e-17 5.98978 0.11501 -1.68238 0.623507 1.17862 -1.10457e-17 6.50583 -0.443523 -1.42578 1.05906 1.18913 -1.97295e-17 7.60548 -1.50593 -0.855857 1.29001 1.35051 -2.53307e-17 9.49737 -0.914492 0.000772317 1.02476 1.20691 -2.90401e-17 10.5513 1.57691 -0.00928273 0.908546 -0.0538956 -1.29193e-17 4.78644 0.715339 0.0391914 2.55867 5.59434 -1.8116e-17 4.82109 0.421791 -1.01942 -1.6252 2.34205 -2.00958e-17 4.83041 0.765062 -1.41588 -1.26002 1.55226 1.23299 -7.60731 7.53374 -0.314779 2.49081 -0.479247 12.9547 3.2495 -3.26872 -81.6396 13.5762 -1.63679 29.2081 0.0598081 0.137039 2.78986 -0.317209 -13.5626 24.234 0.0496219 0.113701 1.71358 -3.68664 -2.95239 -1.23299 -7.60729 7.53365 0.241865 2.39185 -0.441485 -12.9547 3.2495 -3.26872 83.2951 23.9222 1.14291 -29.2081 0.0598081 0.137039 -4.95721 -1.05409 24.5888 -24.234 0.0496218 0.113702 1.08179 -7.41005 3.80479 9.23673 -4.20556 2.0327 -6.96792 0.920488 -15.6704 -0.852353 -38.7721 -0.655187 -0.0127887 0.0477221 -0.000827666 -2.32622 -40.4017 -6.04875 -0.657977 1.76778 15.1253 0.779096 -9.8844 12.4959 6.30449e-16 -7.72963e-16 -9.75146e-18 -9.23673 -4.20556 2.0327 -11.4046 -7.29049 10.0537 0.852353 -38.7721 -0.655187 2.38212 8.86324 -0.0296144 2.32622 -40.4017 -6.04875 -0.557264 -5.72552 -15.3625 -0.779096 -9.8844 12.4959 -1.18346e-15 -5.40735e-16 -1.27195e-14 
8.11559 92.3059 134.954 7.59827 -2.38142 2.709 0 5.07867 -1.15138 -2.12683 -0.000270252 1.39573 0 5.61661 1.07143 -2.00634 0.127287 1.12258 -1.02604e-17 5.98978 0.11501 -1.70488 0.613321 1.1908 -1.10457e-17 6.50583 -0.443523 -1.4433 1.01604 1.20117 -1.97295e-17 7.60548 -1.50593 -0.864728 1.24212 1.36495 -2.53307e-17 9.49737 -0.914492 0.00187806 0.95348 1.22069 -2.90401e-17 10.5513 1.57691 -0.00805123 0.910463 -0.0580634 -1.29193e-17 4.78644 0.715339 0.0355817 2.58251 5.60693 -1.8116e-17 4.82109 0.421791 -1.00406 -1.54952 2.34765 -2.00958e-17 4.83041 0.765062 -1.37313 -1.17076 1.5533 1.23299 -7.60731 7.53374 -0.231363 2.52353 -0.479748 12.9547 3.2495 -3.26872 -81.5626 13.5914 -1.59014 29.2081 0.0598081 0.137039 2.79114 -0.317511 -13.5689 24.234 0.0496219 0.113701 1.70002 -3.6868 -2.88317 -1.23299 -7.60729 7.53365 0.0438046 2.34869 -0.481762 -12.9547 3.2495 -3.26872 83.3429 24.0073 1.05816 -29.2081 0.0598081 0.137039 -5.15725 -1.14661 25.6473 -24.234 0.0496218 0.113702 1.04077 -7.01766 3.79057 9.23673 -4.20556 2.0327 -7.02495 0.917964 -15.5255 -0.852353 -38.7721 -0.655187 -0.0140149 0.0522982 -0.000906471 -2.32622 -40.4017 -6.04875 -0.614547 1.77922 15.1184 0.779096 -9.8844 12.4959 1.28864e-16 -7.91888e-16 9.17355e-18 -9.23673 -4.20556 2.0327 -11.4443 -7.34049 10.1562 0.852353 -38.7721 -0.655187 2.38631 8.87864 -0.0299912 2.32622 -40.4017 -6.04875 -0.524375 -5.76664 -15.3627 -0.779096 -9.8844 12.4959 -1.39149e-15 -5.34234e-16 -1.27098e-14 
8.14602 92.2976 134.943 7.6488 -2.38158 2.57586 0 5.07867 -1.15138 -2.15596 0.0252465 1.40789 0 5.61661 1.07143 -2.03575 0.136986 1.13431 -1.02604e-17 5.98978 0.11501 -1.72888 0.604374 1.20358 -1.10457e-17 6.50583 -0.443523 -1.46181 0.97568 1.21366 -1.97295e-17 7.60548 -1.50593 -0.873812 1.19579 1.37984 -2.53307e-17 9.49737 -0.914492 0.00372161 0.883715 1.23493 -2.90401e-17 10.5513 1.57691 -0.00642653 0.912514 -0.0625966 -1.29193e-17 4.78644 0.715339 0.0329226 2.64675 5.62341 -1.8116e-17 4.82109 0.421791 -0.976297 -1.48086 2.35549 -2.00958e-17 4.83041 0.765062 -1.33162 -1.11031 1.54958 1.23299 -7.60731 7.53374 -0.147743 2.55311 -0.480577 12.9547 3.2495 -3.26872 -81.5008 13.6092 -1.5486 29.2081 0.0598081 0.137039 2.78756 -0.316666 -13.5512 24.234 0.0496219 0.113701 1.68755 -3.68883 -2.85061 -1.23299 -7.60729 7.53365 -0.189233 2.30379 -0.533741 -12.9547 3.2495 -3.26872 83.388 24.0884 0.989135 -29.2081 0.0598081 0.137039 -5.33965 -1.23492 26.6203 -24.234 0.0496218 0.113702 1.02875 -6.8456 3.79638 9.23673 -4.20556 2.0327 -7.10313 0.905015 -15.394 -0.852353 -38.7721 -0.655187 -0.0172739 0.0644597 -0.00111543 -2.32622 -40.4017 -6.04875 -0.561149 1.7894 15.1088 0.779096 -9.8844 12.4959 2.48481e-17 -7.95139e-16 1.2424e-17 -9.23673 -4.20556 2.0327 -11.5068 -7.39555 10.2402 0.852353 -38.7721 -0.655187 2.3909 8.89553 -0.0304056 2.32622 -40.4017 -6.04875 -0.491482 -5.81606 -15.3637 -0.779096 -9.8844 12.4959 -5.10832e-16 -5.70928e-16 -1.27465e-14 
8.20513 92.2871 134.929 7.71037 -2.36112 2.48784 0 5.07867 -1.15138 -2.18773 0.0495481 1.41687 0 5.61661 1.07143 -2.06691 0.145617 1.14249 -1.02604e-17 5.98978 0.11501 -1.75419 0.595079 1.21271 -1.10457e-17 6.50583 -0.443523 -1.48095 0.936494 1.2224 -1.97295e-17 7.60548 -1.50593 -0.883668 1.1503 1.39085 -2.53307e-17 9.49737 -0.914492 0.00420729 0.815843 1.24586 -2.90401e-17 10.5513 1.57691 -0.00503504 0.9148 -0.0671114 -1.29193e-17 4.78644 0.715339 0.030027 2.72899 5.62019 -1.8116e-17 4.82109 0.421791 -0.941658 -1.41245 2.35418 -2.00958e-17 4.83041 0.765062 -1.26577 -1.05855 1.55176 1.23299 -7.60731 7.53374 -0.0817861 2.58163 -0.487802 12.9547 3.2495 -3.26872 -81.4534 13.6018 -1.50898 29.2081 0.0598081 0.137039 2.78409 -0.315849 -13.534 24.234 0.0496219 0.113701 1.69208 -3.64061 -2.84266 -1.23299 -7.60729 7.53365 -0.452721 2.26303 -0.58831 -12.9547 3.2495 -3.26872 83.433 24.1845 0.905922 -29.2081 0.0598081 0.137039 -5.50445 -1.31802 27.5062 -24.234 0.0496218 0.113702 1.06833 -6.95087 3.81772 9.23673 -4.20556 2.0327 -7.21241 0.87043 -15.2995 -0.852353 -38.7721 -0.655187 -0.0206685 0.0771276 -0.00133235 -2.32622 -40.4017 -6.04875 -0.507385 1.80066 15.0982 0.779096 -9.8844 12.4959 1.49262e-15 -7.30924e-16 -5.17908e-17 -9.23673 -4.20556 2.0327 -11.6086 -7.46471 10.2894 0.852353 -38.7721 -0.655187 2.39838 8.92304 -0.0310834 2.32622 -40.4017 -6.04875 -0.448321 -5.88023 -15.3664 -0.779096 -9.8844 12.4959 -1.373e-15 -5.28889e-16 -1.27136e-14 
8.29408 92.2716 134.911 7.78355 -2.30507 2.43753 0 5.07867 -1.15138 -2.22138 0.0727108 1.42333 0 5.61661 1.07143 -2.09925 0.152826 1.14797 -1.02604e-17 5.98978 0.11501 -1.78016 0.584235 1.21931 -1.10457e-17 6.50583 -0.443523 -1.50027 0.895672 1.22876 -1.97295e-17 7.60548 -1.50593 -0.893568 1.10286 1.39923 -2.53307e-17 9.49737 -0.914492 0.00440905 0.747333 1.25426 -2.90401e-17 10.5513 1.57691 -0.00394321 0.917731 -0.0710224 -1.29193e-17 4.78644 0.715339 0.0301401 2.8006 5.61035 -1.8116e-17 4.82109 0.421791 -0.895082 -1.34746 2.34995 -2.00958e-17 4.83041 0.765062 -1.18355 -1.00531 1.53366 1.23299 -7.60731 7.53374 -0.0392359 2.61436 -0.502284 12.9547 3.2495 -3.26872 -81.4184 13.5686 -1.4657 29.2081 0.0598081 0.137039 2.78364 -0.315744 -13.5318 24.234 0.0496219 0.113701 1.71005 -3.53639 -2.8531 -1.23299 -7.60729 7.53365 -0.71522 2.2363 -0.636651 -12.9547 3.2495 -3.26872 83.4582 24.3094 0.796364 -29.2081 0.0598081 0.137039 -5.65174 -1.39504 28.3038 -24.234 0.0496218 0.113702 1.15028 -7.33859 3.84719 9.23673 -4.20556 2.0327 -7.35494 0.798026 -15.2547 -0.852353 -38.7721 -0.655187 -0.0249012 0.0929236 -0.00160179 -2.32622 -40.4017 -6.04875 -0.441047 1.80175 15.0856 0.779096 -9.8844 12.4959 8.3848e-16 -7.63212e-16 -1.95029e-17 -9.23673 -4.20556 2.0327 -11.7512 -7.56927 10.2978 0.852353 -38.7721 -0.655187 2.41102 8.96954 -0.0322379 2.32622 -40.4017 -6.04875 -0.401634 -5.97047 -15.3711 -0.779096 -9.8844 12.4959 -1.49551e-15 -5.27733e-16 -1.27065e-14 
8.41235 92.2512 134.888 7.87498 -2.22622 2.42884 0 5.07867 -1.15138 -2.25912 0.0937204 1.42844 0 5.61661 1.07143 -2.13484 0.158382 1.15172 -1.02604e-17 5.98978 0.11501 -1.80844 0.57289 1.22427 -1.10457e-17 6.50583 -0.443523 -1.52108 0.856186 1.23364 -1.97295e-17 7.60548 -1.50593 -0.904242 1.05734 1.40623 -2.53307e-17 9.49737 -0.914492 0.00441318 0.683022 1.26143 -2.90401e-17 10.5513 1.57691 -0.00308142 0.921238 -0.0739994 -1.29193e-17 4.78644 0.715339 0.0318685 2.85873 5.58207 -1.8116e-17 4.82109 0.421791 -0.837084 -1.28681 2.33728 -2.00958e-17 4.83041 0.765062 -1.08384 -0.955303 1.5056 1.23299 -7.60731 7.53374 -0.019047 2.64831 -0.519862 12.9547 3.2495 -3.26872 -81.3921 13.5212 -1.42938 29.2081 0.0598081 0.137039 2.78486 -0.316029 -13.5378 24.234 0.0496219 0.113701 1.73712 -3.38597 -2.87974 -1.23299 -7.60729 7.53365 -0.96218 2.22368 -0.678559 -12.9547 3.2495 -3.26872 83.4677 24.4443 0.651338 -29.2081 0.0598081 0.137039 -5.7776 -1.46293 28.9899 -24.234 0.0496218 0.113702 1.26881 -8.01387 3.8816 9.23673 -4.20556 2.0327 -7.53678 0.703115 -15.2483 -0.852353 -38.7721 -0.655187 -0.0284782 0.106273 -0.00182858 -2.32622 -40.4017 -6.04875 -0.3647 1.80161 15.0705 0.779096 -9.8844 12.4959 1.28864e-16 -7.91888e-16 9.17355e-18 -9.23673 -4.20556 2.0327 -11.9423 -7.7023 10.2688 0.852353 -38.7721 -0.655187 2.43235 9.04795 -0.0342081 2.32622 -40.4017 -6.04875 -0.350848 -6.08858 -15.3773 -0.779096 -9.8844 12.4959 -8.04385e-16 -5.52581e-16 -1.27373e-14 
8.15431 92.2739 134.898 7.95768 -2.14701 2.48409 0 5.07867 -1.15138 -2.40889 0.0737317 1.46422 0 5.61661 1.07143 -2.26892 0.139033 1.17211 -1.02604e-17 5.98978 0.11501 -1.91062 0.562181 1.24466 -1.10457e-17 6.50583 -0.443523 -1.59349 0.855108 1.25342 -1.97295e-17 7.60548 -1.50593 -0.939432 1.06432 1.43711 -2.53307e-17 9.49737 -0.914492 0.0122446 0.686079 1.29262 -2.90401e-17 10.5513 1.57691 -0.000976976 0.919036 -0.0780954 -1.29193e-17 4.78644 0.715339 0.0275443 2.92395 5.45969 -1.8116e-17 4.82109 0.421791 -0.648355 -1.32717 2.28487 -2.00958e-17 4.83041 0.765062 -0.733726 -0.970778 1.46461 1.23299 -7.60731 7.53374 0.0297438 2.6505 -0.533798 12.9547 3.2495 -3.26872 -80.9538 13.4373 -1.55792 29.2081 0.0598081 0.137039 2.77458 -0.313616 -13.487 24.234 0.0496219 0.113701 1.6954 -3.10637 -2.94031 -1.23299 -7.60729 7.53365 -0.985094 2.20036 -0.693139 -12.9547 3.2495 -3.26872 83.6745 24.6611 0.603591 -29.2081 0.0598081 0.137039 -5.87007 -1.51406 29.4967 -24.234 0.0496218 0.113702 1.2478 -9.09881 3.83274 9.23673 -4.20556 2.0327 -7.4964 0.560368 -15.2421 -0.852353 -38.7721 -0.655187 -0.0507449 0.189375 -0.00322167 -2.32622 -40.4017 -6.04875 -0.286139 1.96277 15.0631 0.779096 -9.8844 12.4959 -5.62259e-16 -8.22659e-16 3.99447e-17 -9.23673 -4.20556 2.0327 -11.8974 -7.73797 10.2479 0.852353 -38.7721 -0.655187 2.42012 9.003 -0.033075 2.32622 -40.4017 -6.04875 -0.28851 -6.13659 -15.3663 -0.779096 -9.8844 12.4959 5.77861e-16 -6.14123e-16 -1.27929e-14 
8.09514 92.2787 134.895 8.04746 -2.05659 2.63135 0 5.07867 -1.15138 -2.50452 0.0228453 1.46855 0 5.61661 1.07143 -2.35067 0.103404 1.16731 -1.02604e-17 5.98978 0.11501 -1.97076 0.547583 1.24074 -1.10457e-17 6.50583 -0.443523 -1.63256 0.873809 1.24972 -1.97295e-17 7.60548 -1.50593 -0.956335 1.1021 1.43937 -2.53307e-17 9.49737 -0.914492 0.0178537 0.733942 1.29324 -2.90401e-17 10.5513 1.57691 0.000489974 0.915291 -0.0792862 -1.29193e-17 4.78644 0.715339 0.0379941 2.93885 5.37653 -1.8116e-17 4.82109 0.421791 -0.521849 -1.32138 2.2493 -2.00958e-17 4.83041 0.765062 -0.55081 -0.993502 1.43512 1.23299 -7.60731 7.53374 0.065358 2.62342 -0.505632 12.9547 3.2495 -3.26872 -80.7692 13.5128 -1.68741 29.2081 0.0598081 0.137039 2.78697 -0.316526 -13.5482 24.234 0.0496219 0.113701 1.73202 -3.00211 -2.8788 -1.23299 -7.60729 7.53365 -1.01861 2.18143 -0.687018 -12.9547 3.2495 -3.26872 83.7659 24.5719 0.515128 -29.2081 0.0598081 0.137039 -5.91728 -1.54058 29.7564 -24.234 0.0496218 0.113702 1.38429 -10.0074 3.8843 9.23673 -4.20556 2.0327 -7.57775 0.437413 -15.2959 -0.852353 -38.7721 -0.655187 -0.0594966 0.22204 -0.0037604 -2.32622 -40.4017 -6.04875 -0.277154 2.05949 15.0618 0.779096 -9.8844 12.4959 1.10371e-16 -7.95717e-16 1.3002e-17 -9.23673 -4.20556 2.0327 -12.0177 -7.8175 10.1284 0.852353 -38.7721 -0.655187 2.4363 9.06247 -0.0345762 2.32622 -40.4017 -6.04875 -0.151792 -6.23841 -15.3601 -0.779096 -9.8844 12.4959 -7.67399e-16 -5.60238e-16 -1.27358e-14 
8.18564 92.2735 134.882 8.15999 -1.96907 2.85477 0 5.07867 -1.15138 -2.54549 0.0149956 1.4585 0 5.61661 1.07143 -2.38374 0.095307 1.1543 -1.02604e-17 5.98978 0.11501 -1.99427 0.542056 1.2293 -1.10457e-17 6.50583 -0.443523 -1.64637 0.872221 1.23902 -1.97295e-17 7.60548 -1.50593 -0.962123 1.10613 1.43053 -2.53307e-17 9.49737 -0.914492 0.0189435 0.742284 1.28327 -2.90401e-17 10.5513 1.57691 0.000859915 0.916635 -0.0769821 -1.29193e-17 4.78644 0.715339 0.0416798 2.91227 5.32067 -1.8116e-17 4.82109 0.421791 -0.494507 -1.2943 2.2231 -2.00958e-17 4.83041 0.765062 -0.465605 -0.943918 1.35521 1.23299 -7.60731 7.53374 0.0541687 2.62633 -0.484853 12.9547 3.2495 -3.26872 -80.7193 13.6152 -1.70328 29.2081 0.0598081 0.137039 2.80361 -0.320458 -13.6306 24.234 0.0496219 0.113701 1.74111 -2.91875 -2.92056 -1.23299 -7.60729 7.53365 -1.01146 2.19952 -0.654936 -12.9547 3.2495 -3.26872 83.6709 24.5413 0.343256 -29.2081 0.0598081 0.137039 -5.9277 -1.54647 29.8138 -24.234 0.0496218 0.113702 1.49457 -11.1467 3.94303 9.23673 -4.20556 2.0327 -7.7743 0.333901 -15.4724 -0.852353 -38.7721 -0.655187 -0.0637527 0.237925 -0.0040206 -2.32622 -40.4017 -6.04875 -0.236084 2.15293 15.0483 0.779096 -9.8844 12.4959 -1.6469e-16 -8.01062e-16 1.83471e-17 -9.23673 -4.20556 2.0327 -12.2573 -7.85603 9.87997 0.852353 -38.7721 -0.655187 2.44612 9.09856 -0.0354957 2.32622 -40.4017 -6.04875 -0.082386 -6.34046 -15.3625 -0.779096 -9.8844 12.4959 -1.09794e-15 -5.43407e-16 -1.2719e-14 
8.31757 92.2647 134.867 8.28436 -1.85688 3.16057 0 5.07867 -1.15138 -2.5679 0.00266434 1.43852 0 5.61661 1.07143 -2.40032 0.0844448 1.13264 -1.02604e-17 5.98978 0.11501 -2.00574 0.53636 1.20879 -1.10457e-17 6.50583 -0.443523 -1.65196 0.875585 1.21895 -1.97295e-17 7.60548 -1.50593 -0.966203 1.1166 1.41085 -2.53307e-17 9.49737 -0.914492 0.0140444 0.763237 1.2637 -2.90401e-17 10.5513 1.57691 0.00019924 0.91823 -0.0745989 -1.29193e-17 4.78644 0.715339 0.0403912 2.94941 5.28127 -1.8116e-17 4.82109 0.421791 -0.487581 -1.31541 2.20347 -2.00958e-17 4.83041 0.765062 -0.437625 -0.947243 1.26387 1.23299 -7.60731 7.53374 0.00132928 2.62017 -0.464861 12.9547 3.2495 -3.26872 -80.7433 13.7039 -1.70053 29.2081 0.0598081 0.137039 2.82365 -0.325226 -13.7298 24.234 0.0496219 0.113701 1.79875 -2.79832 -2.97339 -1.23299 -7.60729 7.53365 -1.00898 2.21359 -0.632721 -12.9547 3.2495 -3.26872 83.5835 24.5119 0.14415 -29.2081 0.0598081 0.137039 -5.90279 -1.53241 29.6766 -24.234 0.0496218 0.113702 1.65681 -12.5051 3.98419 9.23673 -4.20556 2.0327 -8.01321 0.20143 -15.767 -0.852353 -38.7721 -0.655187 -0.0722739 0.269731 -0.00453801 -2.32622 -40.4017 -6.04875 -0.164524 2.24229 15.0287 0.779096 -9.8844 12.4959 -9.59829e-16 -8.35083e-16 5.23687e-17 -9.23673 -4.20556 2.0327 -12.5545 -7.91606 9.58175 0.852353 -38.7721 -0.655187 2.46811 9.17937 -0.0375776 2.32622 -40.4017 -6.04875 0.0150817 -6.46692 -15.3682 -0.779096 -9.8844 12.4959 -4.06816e-16 -5.74179e-16 -1.27497e-14 
8.4821 92.2519 134.849 8.40528 -1.72728 3.50454 0 5.07867 -1.15138 -2.57078 0.00122657 1.41436 0 5.61661 1.07143 -2.39904 0.0795534 1.1094 -1.02604e-17 5.98978 0.11501 -2.00345 0.531084 1.18691 -1.10457e-17 6.50583 -0.443523 -1.64759 0.870221 1.19779 -1.97295e-17 7.60548 -1.50593 -0.964621 1.11449 1.38823 -2.53307e-17 9.49737 -0.914492 0.00986851 0.770362 1.2409 -2.90401e-17 10.5513 1.57691 -0.00105833 0.922386 -0.0711284 -1.29193e-17 4.78644 0.715339 0.0416346 3.00592 5.24291 -1.8116e-17 4.82109 0.421791 -0.48911 -1.32611 2.184 -2.00958e-17 4.83041 0.765062 -0.474337 -0.981617 1.19149 1.23299 -7.60731 7.53374 -0.0561011 2.61937 -0.447318 12.9547 3.2495 -3.26872 -80.8067 13.8206 -1.683 29.2081 0.0598081 0.137039 2.84006 -0.32916 -13.8111 24.234 0.0496219 0.113701 1.84685 -2.7053 -3.06808 -1.23299 -7.60729 7.53365 -1.02979 2.25479 -0.617919 -12.9547 3.2495 -3.26872 83.5523 24.5529 -0.132986 -29.2081 0.0598081 0.137039 -5.83639 -1.49531 29.3118 -24.234 0.0496218 0.113702 1.89307 -14.2575 4.11416 9.23673 -4.20556 2.0327 -8.27413 0.0560994 -16.0996 -0.852353 -38.7721 -0.655187 -0.0808193 0.301629 -0.00505217 -2.32622 -40.4017 -6.04875 -0.0723881 2.32637 15.0047 0.779096 -9.8844 12.4959 2.99909e-16 -7.8062e-16 -2.09467e-18 -9.23673 -4.20556 2.0327 -12.8779 -7.98933 9.25835 0.852353 -38.7721 -0.655187 2.49517 9.27879 -0.0401829 2.32622 -40.4017 -6.04875 0.0962421 -6.59715 -15.374 -0.779096 -9.8844 12.4959 -7.85892e-16 -5.56409e-16 -1.2732e-14 
8.67158 92.2393 134.829 8.51226 -1.62091 3.86875 0 5.07867 -1.15138 -2.54957 0.0188612 1.38628 0 5.61661 1.07143 -2.37669 0.0882855 1.08538 -1.02604e-17 5.98978 0.11501 -1.98577 0.534331 1.16452 -1.10457e-17 6.50583 -0.443523 -1.63315 0.864455 1.17636 -1.97295e-17 7.60548 -1.50593 -0.958917 1.10703 1.36374 -2.53307e-17 9.49737 -0.914492 0.00374855 0.77226 1.21635 -2.90401e-17 10.5513 1.57691 -0.0031771 0.927748 -0.0664953 -1.29193e-17 4.78644 0.715339 0.0426932 3.06182 5.23811 -1.8116e-17 4.82109 0.421791 -0.516205 -1.35334 2.1793 -2.00958e-17 4.83041 0.765062 -0.548772 -0.999135 1.1057 1.23299 -7.60731 7.53374 -0.127402 2.62723 -0.44221 12.9547 3.2495 -3.26872 -80.9142 13.9554 -1.63309 29.2081 0.0598081 0.137039 2.86231 -0.334529 -13.9213 24.234 0.0496219 0.113701 1.90205 -2.65838 -3.16872 -1.23299 -7.60729 7.53365 -1.02562 2.31937 -0.597154 -12.9547 3.2495 -3.26872 83.5362 24.6851 -0.479878 -29.2081 0.0598081 0.137039 -5.74803 -1.44681 28.8282 -24.234 0.0496218 0.113702 2.21851 -16.4729 4.26655 9.23673 -4.20556 2.0327 -8.53597 -0.0630967 -16.4555 -0.852353 -38.7721 -0.655187 -0.0891317 0.332657 -0.00554775 -2.32622 -40.4017 -6.04875 0.0164113 2.4077 14.9806 0.779096 -9.8844 12.4959 5.26437e-16 -7.76213e-16 -6.5012e-18 -9.23673 -4.20556 2.0327 -13.2067 -8.06226 8.93493 0.852353 -38.7721 -0.655187 2.53476 9.42412 -0.0440784 2.32622 -40.4017 -6.04875 0.185115 -6.70529 -15.3812 -0.779096 -9.8844 12.4959 -4.06823e-16 -5.74178e-16 -1.27497e-14 
8.88155 92.2263 134.804 8.58778 -1.53082 4.24606 0 5.07867 -1.15138 -2.50254 0.0563987 1.35283 0 5.61661 1.07143 -2.33099 0.111019 1.05968 -1.02604e-17 5.98978 0.11501 -1.95015 0.545288 1.14101 -1.10457e-17 6.50583 -0.443523 -1.60585 0.856125 1.15426 -1.97295e-17 7.60548 -1.50593 -0.946336 1.09264 1.33661 -2.53307e-17 9.49737 -0.914492 -0.00167991 0.766687 1.18845 -2.90401e-17 10.5513 1.57691 -0.00588386 0.93417 -0.0606175 -1.29193e-17 4.78644 0.715339 0.045638 3.12546 5.26548 -1.8116e-17 4.82109 0.421791 -0.55579 -1.38184 2.1893 -2.00958e-17 4.83041 0.765062 -0.66743 -1.02422 1.01733 1.23299 -7.60731 7.53374 -0.196042 2.64096 -0.440666 12.9547 3.2495 -3.26872 -81.0513 14.1336 -1.55132 29.2081 0.0598081 0.137039 2.89048 -0.341393 -14.0608 24.234 0.0496219 0.113701 1.94307 -2.69229 -3.28007 -1.23299 -7.60729 7.53365 -1.01199 2.40561 -0.57399 -12.9547 3.2495 -3.26872 83.5535 24.9314 -0.920763 -29.2081 0.0598081 0.137039 -5.65208 -1.39522 28.3056 -24.234 0.0496218 0.113702 2.6129 -19.078 4.43378 9.23673 -4.20556 2.0327 -8.77855 -0.157233 -16.8355 -0.852353 -38.7721 -0.655187 -0.0946087 0.353102 -0.00587183 -2.32622 -40.4017 -6.04875 0.115152 2.47627 14.9551 0.779096 -9.8844 12.4959 7.15966e-16 -7.64368e-16 -1.83468e-17 -9.23673 -4.20556 2.0327 -13.5199 -8.13887 8.62882 0.852353 -38.7721 -0.655187 2.58404 9.60489 -0.0490681 2.32622 -40.4017 -6.04875 0.289816 -6.7868 -15.3891 -0.779096 -9.8844 12.4959 -1.37298e-15 -5.2889e-16 -1.27136e-14 
9.10868 92.21 134.773 8.61994 -1.43657 4.62527 0 5.07867 -1.15138 -2.43288 0.108809 1.3124 0 5.61661 1.07143 -2.2642 0.144085 1.03025 -1.02604e-17 5.98978 0.11501 -1.89773 0.560594 1.11441 -1.10457e-17 6.50583 -0.443523 -1.56587 0.841932 1.1295 -1.97295e-17 7.60548 -1.50593 -0.92636 1.06847 1.30478 -2.53307e-17 9.49737 -0.914492 -0.00577566 0.750702 1.15468 -2.90401e-17 10.5513 1.57691 -0.00940896 0.941449 -0.0539017 -1.29193e-17 4.78644 0.715339 0.053769 3.18358 5.32408 -1.8116e-17 4.82109 0.421791 -0.598757 -1.41011 2.21382 -2.00958e-17 4.83041 0.765062 -0.812557 -1.05547 0.938002 1.23299 -7.60731 7.53374 -0.261007 2.66327 -0.441731 12.9547 3.2495 -3.26872 -81.2244 14.3187 -1.42322 29.2081 0.0598081 0.137039 2.92584 -0.350113 -14.2362 24.234 0.0496219 0.113701 1.99704 -2.78786 -3.4048 -1.23299 -7.60729 7.53365 -0.996749 2.51417 -0.554928 -12.9547 3.2495 -3.26872 83.6283 25.3095 -1.45512 -29.2081 0.0598081 0.137039 -5.55137 -1.34228 27.7596 -24.234 0.0496218 0.113702 3.03369 -21.8579 4.62282 9.23673 -4.20556 2.0327 -8.9916 -0.259693 -17.2197 -0.852353 -38.7721 -0.655187 -0.103111 0.384843 -0.00637109 -2.32622 -40.4017 -6.04875 0.240325 2.50797 14.9283 0.779096 -9.8844 12.4959 2.32889e-16 -7.85387e-16 2.67213e-18 -9.23673 -4.20556 2.0327 -13.8035 -8.23724 8.35551 0.852353 -38.7721 -0.655187 2.6397 9.80888 -0.0548917 2.32622 -40.4017 -6.04875 0.421184 -6.85181 -15.3979 -0.779096 -9.8844 12.4959 -6.14866e-16 -5.64426e-16 -1.27432e-14 
9.35509 92.187 134.731 8.60808 -1.29607 5.02196 0 5.07867 -1.15138 -2.34588 0.166454 1.26292 0 5.61661 1.07143 -2.18046 0.178894 0.99486 -1.02604e-17 5.98978 0.11501 -1.83094 0.571396 1.08276 -1.10457e-17 6.50583 -0.443523 -1.51398 0.812832 1.10024 -1.97295e-17 7.60548 -1.50593 -0.898331 1.02709 1.26638 -2.53307e-17 9.49737 -0.914492 -0.00686012 0.714989 1.11266 -2.90401e-17 10.5513 1.57691 -0.013242 0.950016 -0.0463835 -1.29193e-17 4.78644 0.715339 0.0708112 3.23395 5.40267 -1.8116e-17 4.82109 0.421791 -0.628855 -1.4263 2.24813 -2.00958e-17 4.83041 0.765062 -0.967028 -1.09351 0.860832 1.23299 -7.60731 7.53374 -0.307933 2.69276 -0.433581 12.9547 3.2495 -3.26872 -81.4408 14.5203 -1.23846 29.2081 0.0598081 0.137039 2.96673 -0.360339 -14.4391 24.234 0.0496219 0.113701 2.05336 -2.94608 -3.56158 -1.23299 -7.60729 7.53365 -1.00937 2.64508 -0.549572 -12.9547 3.2495 -3.26872 83.7944 25.7847 -2.10645 -29.2081 0.0598081 0.137039 -5.44942 -1.28992 27.2096 -24.234 0.0496218 0.113702 3.45712 -24.6013 4.83443 9.23673 -4.20556 2.0327 -9.18303 -0.41649 -17.6103 -0.852353 -38.7721 -0.655187 -0.115909 0.432619 -0.00711372 -2.32622 -40.4017 -6.04875 0.407464 2.49175 14.8986 0.779096 -9.8844 12.4959 3.18397e-16 -7.85965e-16 3.25064e-18 -9.23673 -4.20556 2.0327 -14.0639 -8.38491 8.09757 0.852353 -38.7721 -0.655187 2.69723 10.0195 -0.0611196 2.32622 -40.4017 -6.04875 0.567424 -6.91593 -15.4084 -0.779096 -9.8844 12.4959 -1.07943e-15 -5.47236e-16 -1.27228e-14 
8.89923 92.2038 134.721 8.57355 -1.11007 5.4693 0 5.07867 -1.15138 -2.45524 0.2268 1.25617 0 5.61661 1.07143 -2.26775 0.212677 0.97921 -1.02604e-17 5.98978 0.11501 -1.89105 0.587712 1.07055 -1.10457e-17 6.50583 -0.443523 -1.54787 0.790248 1.08968 -1.97295e-17 7.60548 -1.50593 -0.907772 0.989088 1.26071 -2.53307e-17 9.49737 -0.914492 0.00968394 0.681407 1.09983 -2.90401e-17 10.5513 1.57691 -0.0140924 0.955894 -0.042066 -1.29193e-17 4.78644 0.715339 0.0884396 3.30081 5.37781 -1.8116e-17 4.82109 0.421791 -0.424311 -1.57766 2.24084 -2.00958e-17 4.83041 0.765062 -0.689657 -1.21057 0.779312 1.23299 -7.60731 7.53374 -0.212761 2.72723 -0.414887 12.9547 3.2495 -3.26872 -80.9994 14.7435 -1.22391 29.2081 0.0598081 0.137039 2.99287 -0.366958 -14.569 24.234 0.0496219 0.113701 1.9576 -3.07561 -3.78397 -1.23299 -7.60729 7.53365 -0.779726 2.79284 -0.524494 -12.9547 3.2495 -3.26872 84.4703 26.4681 -2.69027 -29.2081 0.0598081 0.137039 -5.34261 -1.23638 26.6361 -24.234 0.0496218 0.113702 3.59904 -27.5031 4.93071 9.23673 -4.20556 2.0327 -8.96911 -0.75132 -17.8993 -0.852353 -38.7721 -0.655187 -0.175666 0.655729 -0.0104404 -2.32622 -40.4017 -6.04875 0.647499 2.57078 14.8796 0.779096 -9.8844 12.4959 1.28868e-16 -7.91888e-16 9.17341e-18 -9.23673 -4.20556 2.0327 -13.8711 -8.47669 7.93395 0.852353 -38.7721 -0.655187 2.70867 10.0613 -0.0623825 2.32622 -40.4017 -6.04875 0.685625 -7.03394 -15.392 -0.779096 -9.8844 12.4959 -1.09794e-15 -5.43407e-16 -1.2719e-14 
8.77628 92.1947 134.702 8.53983 -0.833346 6.04799 0 5.07867 -1.15138 -2.47744 0.21921 1.19052 0 5.61661 1.07143 -2.26812 0.203742 0.915508 -1.02604e-17 5.98978 0.11501 -1.87901 0.577881 1.01218 -1.10457e-17 6.50583 -0.443523 -1.52208 0.773806 1.03456 -1.97295e-17 7.60548 -1.50593 -0.881227 0.979384 1.20125 -2.53307e-17 9.49737 -0.914492 0.027788 0.69264 1.02759 -2.90401e-17 10.5513 1.57691 -0.0159766 0.959554 -0.0337109 -1.29193e-17 4.78644 0.715339 0.143122 3.24805 5.40746 -1.8116e-17 4.82109 0.421791 -0.298423 -1.59024 2.25766 -2.00958e-17 4.83041 0.765062 -0.654585 -1.31955 0.746297 1.23299 -7.60731 7.53374 -0.106929 2.72498 -0.307367 12.9547 3.2495 -3.26872 -81.0257 15.2019 -1.1148 29.2081 0.0598081 0.137039 3.06079 -0.384447 -14.9066 24.234 0.0496219 0.113701 1.98731 -3.48606 -3.79054 -1.23299 -7.60729 7.53365 -0.647818 2.95009 -0.497662 -12.9547 3.2495 -3.26872 85.0283 26.6372 -3.44908 -29.2081 0.0598081 0.137039 -5.21885 -1.176 25.975 -24.234 0.0496218 0.113702 3.97571 -29.5588 5.1675 9.23673 -4.20556 2.0327 -8.95831 -1.09993 -18.2205 -0.852353 -38.7721 -0.655187 -0.210031 0.78405 -0.0122484 -2.32622 -40.4017 -6.04875 0.754107 2.55674 14.8765 0.779096 -9.8844 12.4959 -1.14935e-15 -8.50179e-16 6.74645e-17 -9.23673 -4.20556 2.0327 -13.9448 -8.63688 7.67584 0.852353 -38.7721 -0.655187 2.7395 10.1741 -0.0658302 2.32622 -40.4017 -6.04875 0.946735 -7.22635 -15.3855 -0.779096 -9.8844 12.4959 4.73822e-16 -6.10872e-16 -1.27864e-14 
8.8789 92.1581 134.676 8.50199 -0.408553 6.74986 0 5.07867 -1.15138 -2.4219 0.25013 1.09473 0 5.61661 1.07143 -2.19833 0.211652 0.832371 -1.02604e-17 5.98978 0.11501 -1.81193 0.551221 0.936776 -1.10457e-17 6.50583 -0.443523 -1.45609 0.687869 0.963982 -1.97295e-17 7.60548 -1.50593 -0.833921 0.884787 1.11952 -2.53307e-17 9.49737 -0.914492 0.0434773 0.60121 0.931708 -2.90401e-17 10.5513 1.57691 -0.0188231 0.971962 -0.0203745 -1.29193e-17 4.78644 0.715339 0.20088 3.06755 5.4569 -1.8116e-17 4.82109 0.421791 -0.277914 -1.52725 2.27968 -2.00958e-17 4.83041 0.765062 -0.721543 -1.26096 0.613766 1.23299 -7.60731 7.53374 -0.0328263 2.78618 -0.190753 12.9547 3.2495 -3.26872 -81.277 15.6799 -0.727781 29.2081 0.0598081 0.137039 3.1393 -0.405198 -15.2975 24.234 0.0496219 0.113701 1.95752 -3.90394 -3.98279 -1.23299 -7.60729 7.53365 -0.518051 3.17401 -0.451163 -12.9547 3.2495 -3.26872 85.3914 26.9401 -4.47991 -29.2081 0.0598081 0.137039 -5.10149 -1.12037 25.3513 -24.234 0.0496218 0.113702 4.28708 -31.5502 5.42985 9.23673 -4.20556 2.0327 -9.11134 -1.54784 -18.7141 -0.852353 -38.7721 -0.655187 -0.237237 0.885649 -0.0136253 -2.32622 -40.4017 -6.04875 0.940958 2.47005 14.8564 0.779096 -9.8844 12.4959 -3.91233e-16 -8.14643e-16 3.19279e-17 -9.23673 -4.20556 2.0327 -14.1675 -8.80858 7.2742 0.852353 -38.7721 -0.655187 2.73344 10.1519 -0.065148 2.32622 -40.4017 -6.04875 1.05171 -7.45902 -15.3961 -0.779096 -9.8844 12.4959 7.00374e-16 -6.24453e-16 -1.28e-14 
8.98236 92.1131 134.646 8.42819 0.0440619 7.49756 0 5.07867 -1.15138 -2.35445 0.285698 0.98729 0 5.61661 1.07143 -2.1172 0.219524 0.73816 -1.02604e-17 5.98978 0.11501 -1.73594 0.516274 0.849662 -1.10457e-17 6.50583 -0.443523 -1.38341 0.578847 0.881186 -1.97295e-17 7.60548 -1.50593 -0.784777 0.764421 1.02455 -2.53307e-17 9.49737 -0.914492 0.054436 0.480296 0.823258 -2.90401e-17 10.5513 1.57691 -0.0223462 0.98742 -0.00780379 -1.29193e-17 4.78644 0.715339 0.262418 2.9063 5.50227 -1.8116e-17 4.82109 0.421791 -0.241649 -1.48419 2.30026 -2.00958e-17 4.83041 0.765062 -0.806089 -1.16085 0.476321 1.23299 -7.60731 7.53374 -0.0251031 2.87197 -0.0940483 12.9547 3.2495 -3.26872 -81.5895 16.0737 -0.245819 29.2081 0.0598081 0.137039 3.2212 -0.427456 -15.706 24.234 0.0496219 0.113701 2.00473 -4.25148 -4.1586 -1.23299 -7.60729 7.53365 -0.439046 3.40786 -0.425067 -12.9547 3.2495 -3.26872 85.8501 27.1641 -5.59265 -29.2081 0.0598081 0.137039 -4.98354 -1.06602 24.7276 -24.234 0.0496218 0.113702 4.56951 -33.2396 5.5653 9.23673 -4.20556 2.0327 -9.24297 -2.03286 -19.3433 -0.852353 -38.7721 -0.655187 -0.269849 1.00745 -0.0152124 -2.32622 -40.4017 -6.04875 1.15197 2.31949 14.8363 0.779096 -9.8844 12.4959 -1.14935e-15 -8.50179e-16 6.74645e-17 -9.23673 -4.20556 2.0327 -14.3771 -9.03177 6.89166 0.852353 -38.7721 -0.655187 2.74375 10.1896 -0.0663102 2.32622 -40.4017 -6.04875 1.17011 -7.70822 -15.4027 -0.779096 -9.8844 12.4959 3.02805e-16 -6.02855e-16 -1.27784e-14 
9.06303 92.0754 134.614 8.35196 0.390963 8.21844 0 5.07867 -1.15138 -2.29278 0.353534 0.884612 0 5.61661 1.07143 -2.03951 0.252096 0.647773 -1.02604e-17 5.98978 0.11501 -1.66215 0.498274 0.765295 -1.10457e-17 6.50583 -0.443523 -1.31224 0.470842 0.800966 -1.97295e-17 7.60548 -1.50593 -0.735594 0.637973 0.932976 -2.53307e-17 9.49737 -0.914492 0.0671142 0.347342 0.718485 -2.90401e-17 10.5513 1.57691 -0.0253286 1.00629 0.00448516 -1.29193e-17 4.78644 0.715339 0.323871 2.76832 5.49713 -1.8116e-17 4.82109 0.421791 -0.196303 -1.42547 2.2991 -2.00958e-17 4.83041 0.765062 -0.89919 -1.07946 0.401374 1.23299 -7.60731 7.53374 -0.00715873 2.96218 0.00848137 12.9547 3.2495 -3.26872 -81.8718 16.4403 0.195152 29.2081 0.0598081 0.137039 3.27581 -0.442649 -15.9789 24.234 0.0496219 0.113701 2.02138 -4.56444 -4.35692 -1.23299 -7.60729 7.53365 -0.420504 3.64973 -0.426646 -12.9547 3.2495 -3.26872 86.4365 27.2552 -6.75025 -29.2081 0.0598081 0.137039 -4.85134 -1.00693 24.032 -24.234 0.0496218 0.113702 4.82926 -34.6574 5.74972 9.23673 -4.20556 2.0327 -9.34862 -2.41837 -19.9767 -0.852353 -38.7721 -0.655187 -0.301308 1.12495 -0.0166778 -2.32622 -40.4017 -6.04875 1.31484 2.20315 14.8234 0.779096 -9.8844 12.4959 -3.91233e-16 -8.14643e-16 3.19279e-17 -9.23673 -4.20556 2.0327 -14.5542 -9.17527 6.50275 0.852353 -38.7721 -0.655187 2.75917 10.246 -0.0680614 2.32622 -40.4017 -6.04875 1.22107 -7.89265 -15.405 -0.779096 -9.8844 12.4959 -3.88313e-16 -5.68834e-16 -1.27536e-14 
9.10598 92.0491 134.582 8.30695 0.622125 8.86368 0 5.07867 -1.15138 -2.2389 0.464812 0.79224 0 5.61661 1.07143 -1.96951 0.32011 0.566146 -1.02604e-17 5.98978 0.11501 -1.59557 0.51154 0.688536 -1.10457e-17 6.50583 -0.443523 -1.24785 0.385367 0.727771 -1.97295e-17 7.60548 -1.50593 -0.691334 0.522581 0.849853 -2.53307e-17 9.49737 -0.914492 0.0782855 0.22066 0.622934 -2.90401e-17 10.5513 1.57691 -0.0281698 1.02468 0.0152872 -1.29193e-17 4.78644 0.715339 0.376146 2.69633 5.49683 -1.8116e-17 4.82109 0.421791 -0.149688 -1.42237 2.30096 -2.00958e-17 4.83041 0.765062 -1.01926 -1.05029 0.330678 1.23299 -7.60731 7.53374 0.0423676 3.04785 0.106593 12.9547 3.2495 -3.26872 -82.1559 16.7691 0.607865 29.2081 0.0598081 0.137039 3.31864 -0.454758 -16.1931 24.234 0.0496219 0.113701 2.02995 -4.84448 -4.54706 -1.23299 -7.60729 7.53365 -0.429075 3.87484 -0.442129 -12.9547 3.2495 -3.26872 87.0465 27.3182 -7.80873 -29.2081 0.0598081 0.137039 -4.70347 -0.943105 23.2582 -24.234 0.0496218 0.113702 5.05019 -35.74 5.84495 9.23673 -4.20556 2.0327 -9.44116 -2.69894 -20.5799 -0.852353 -38.7721 -0.655187 -0.333862 1.24654 -0.0181265 -2.32622 -40.4017 -6.04875 1.40862 2.1387 14.8175 0.779096 -9.8844 12.4959 -5.6225e-16 -8.22659e-16 3.99443e-17 -9.23673 -4.20556 2.0327 -14.7125 -9.24298 6.14054 0.852353 -38.7721 -0.655187 2.78024 10.323 -0.0704791 2.32622 -40.4017 -6.04875 1.26414 -8.02804 -15.4057 -0.779096 -9.8844 12.4959 -9.25605e-18 -5.86602e-16 -1.27654e-14 
9.10309 92.0295 134.553 8.25552 0.805953 9.39362 0 5.07867 -1.15138 -2.19063 0.607263 0.711233 0 5.61661 1.07143 -1.90527 0.412669 0.495226 -1.02604e-17 5.98978 0.11501 -1.53385 0.545073 0.621947 -1.10457e-17 6.50583 -0.443523 -1.18765 0.313341 0.664445 -1.97295e-17 7.60548 -1.50593 -0.648573 0.410721 0.777319 -2.53307e-17 9.49737 -0.914492 0.0924943 0.0910295 0.538074 -2.90401e-17 10.5513 1.57691 -0.0303883 1.04125 0.0252087 -1.29193e-17 4.78644 0.715339 0.423019 2.6781 5.49512 -1.8116e-17 4.82109 0.421791 -0.0869326 -1.43287 2.30325 -2.00958e-17 4.83041 0.765062 -1.1654 -1.10309 0.292855 1.23299 -7.60731 7.53374 0.143031 3.1288 0.201345 12.9547 3.2495 -3.26872 -82.4403 17.0907 0.988431 29.2081 0.0598081 0.137039 3.34846 -0.463295 -16.3424 24.234 0.0496219 0.113701 2.02816 -5.13675 -4.73112 -1.23299 -7.60729 7.53365 -0.481531 4.09056 -0.466069 -12.9547 3.2495 -3.26872 87.6887 27.4109 -8.76987 -29.2081 0.0598081 0.137039 -4.54218 -0.87616 22.419 -24.234 0.0496218 0.113702 5.26293 -36.6699 5.8286 9.23673 -4.20556 2.0327 -9.48998 -2.94043 -21.0943 -0.852353 -38.7721 -0.655187 -0.366264 1.36758 -0.0194999 -2.32622 -40.4017 -6.04875 1.51028 2.08972 14.8114 0.779096 -9.8844 12.4959 -1.06384e-15 -8.41584e-16 5.88696e-17 -9.23673 -4.20556 2.0327 -14.8101 -9.30657 5.85089 0.852353 -38.7721 -0.655187 2.80093 10.3986 -0.072881 2.32622 -40.4017 -6.04875 1.29878 -8.12902 -15.4034 -0.779096 -9.8844 12.4959 4.92334e-16 -6.14701e-16 -1.27903e-14 
9.055 92.0197 134.526 8.17232 0.946848 9.79515 0 5.07867 -1.15138 -2.14823 0.766414 0.641139 0 5.61661 1.07143 -1.84736 0.521102 0.434439 -1.02604e-17 5.98978 0.11501 -1.47777 0.595714 0.565079 -1.10457e-17 6.50583 -0.443523 -1.13314 0.259556 0.610565 -1.97295e-17 7.60548 -1.50593 -0.609353 0.310492 0.715132 -2.53307e-17 9.49737 -0.914492 0.106869 -0.0282333 0.464565 -2.90401e-17 10.5513 1.57691 -0.03251 1.05506 0.0342117 -1.29193e-17 4.78644 0.715339 0.469207 2.64848 5.52438 -1.8116e-17 4.82109 0.421791 -0.0207671 -1.46119 2.32095 -2.00958e-17 4.83041 0.765062 -1.27213 -1.18376 0.266963 1.23299 -7.60731 7.53374 0.245463 3.21041 0.267415 12.9547 3.2495 -3.26872 -82.685 17.3271 1.31692 29.2081 0.0598081 0.137039 3.36627 -0.46843 -16.4316 24.234 0.0496219 0.113701 2.05457 -5.38858 -4.89887 -1.23299 -7.60729 7.53365 -0.528267 4.30376 -0.48778 -12.9547 3.2495 -3.26872 88.3566 27.588 -9.64638 -29.2081 0.0598081 0.137039 -4.36946 -0.807513 21.5256 -24.234 0.0496218 0.113702 5.44757 -37.4073 5.76827 9.23673 -4.20556 2.0327 -9.46744 -3.15147 -21.4955 -0.852353 -38.7721 -0.655187 -0.397235 1.48327 -0.0207487 -2.32622 -40.4017 -6.04875 1.61656 2.0481 14.807 0.779096 -9.8844 12.4959 -8.74311e-16 -8.35661e-16 5.29468e-17 -9.23673 -4.20556 2.0327 -14.818 -9.38608 5.65016 0.852353 -38.7721 -0.655187 2.82188 10.475 -0.0753399 2.32622 -40.4017 -6.04875 1.33456 -8.16911 -15.3986 -0.779096 -9.8844 12.4959 -1.16494e-15 -5.38641e-16 -1.27234e-14 
8.96921 92.0244 134.501 8.04884 1.01684 10.0821 0 5.07867 -1.15138 -2.11829 0.930736 0.578925 0 5.61661 1.07143 -1.80051 0.639537 0.379123 -1.02604e-17 5.98978 0.11501 -1.43017 0.663393 0.51277 -1.10457e-17 6.50583 -0.443523 -1.08509 0.234118 0.560682 -1.97295e-17 7.60548 -1.50593 -0.573492 0.236998 0.658375 -2.53307e-17 9.49737 -0.914492 0.121792 -0.11732 0.397116 -2.90401e-17 10.5513 1.57691 -0.0337939 1.06527 0.0419067 -1.29193e-17 4.78644 0.715339 0.516583 2.6108 5.57327 -1.8116e-17 4.82109 0.421791 0.0637436 -1.51168 2.34997 -2.00958e-17 4.83041 0.765062 -1.32416 -1.29446 0.281713 1.23299 -7.60731 7.53374 0.333761 3.27448 0.333478 12.9547 3.2495 -3.26872 -82.8612 17.4441 1.57773 29.2081 0.0598081 0.137039 3.36902 -0.469228 -16.4454 24.234 0.0496219 0.113701 2.10531 -5.56266 -5.0477 -1.23299 -7.60729 7.53365 -0.553713 4.48905 -0.519379 -12.9547 3.2495 -3.26872 88.9748 27.613 -10.4142 -29.2081 0.0598081 0.137039 -4.20007 -0.743187 20.6544 -24.234 0.0496218 0.113702 5.50244 -37.5736 5.5557 9.23673 -4.20556 2.0327 -9.36217 -3.30485 -21.7987 -0.852353 -38.7721 -0.655187 -0.425469 1.58875 -0.0218328 -2.32622 -40.4017 -6.04875 1.71892 2.02551 14.8042 0.779096 -9.8844 12.4959 -4.76745e-16 -8.14064e-16 3.13496e-17 -9.23673 -4.20556 2.0327 -14.7242 -9.45243 5.52559 0.852353 -38.7721 -0.655187 2.84137 10.5461 -0.0776533 2.32622 -40.4017 -6.04875 1.35879 -8.11232 -15.3924 -0.779096 -9.8844 12.4959 2.65756e-16 -6.01119e-16 -1.27799e-14 
8.85666 92.0392 134.477 7.85911 1.05591 10.2577 0 5.07867 -1.15138 -2.08734 1.07979 0.519908 0 5.61661 1.07143 -1.75332 0.753442 0.326311 -1.02604e-17 5.98978 0.11501 -1.38242 0.737993 0.46208 -1.10457e-17 6.50583 -0.443523 -1.0373 0.236553 0.511797 -1.97295e-17 7.60548 -1.50593 -0.538114 0.194688 0.602905 -2.53307e-17 9.49737 -0.914492 0.136043 -0.169663 0.331928 -2.90401e-17 10.5513 1.57691 -0.0341682 1.07112 0.0478877 -1.29193e-17 4.78644 0.715339 0.562944 2.59976 5.63632 -1.8116e-17 4.82109 0.421791 0.160601 -1.58699 2.38771 -2.00958e-17 4.83041 0.765062 -1.35639 -1.47319 0.355363 1.23299 -7.60731 7.53374 0.408566 3.30819 0.414856 12.9547 3.2495 -3.26872 -82.9971 17.4545 1.78573 29.2081 0.0598081 0.137039 3.35843 -0.466166 -16.3923 24.234 0.0496219 0.113701 2.17465 -5.68387 -5.19838 -1.23299 -7.60729 7.53365 -0.59472 4.63187 -0.578272 -12.9547 3.2495 -3.26872 89.4991 27.4475 -11.0612 -29.2081 0.0598081 0.137039 -4.03177 -0.682174 19.7936 -24.234 0.0496218 0.113702 5.50593 -37.3623 5.31581 9.23673 -4.20556 2.0327 -9.162 -3.4393 -21.9972 -0.852353 -38.7721 -0.655187 -0.450285 1.68145 -0.0227427 -2.32622 -40.4017 -6.04875 1.83269 1.98991 14.8041 0.779096 -9.8844 12.4959 8.01456e-16 -7.61696e-16 -2.10182e-17 -9.23673 -4.20556 2.0327 -14.521 -9.54011 5.43083 0.852353 -38.7721 -0.655187 2.85672 10.6022 -0.0794929 2.32622 -40.4017 -6.04875 1.38495 -7.96913 -15.3832 -0.779096 -9.8844 12.4959 -1.94152e-15 -5.05201e-16 -1.26808e-14 
8.73267 92.0641 134.449 7.63633 1.06919 10.3335 0 5.07867 -1.15138 -2.05157 1.21736 0.462577 0 5.61661 1.07143 -1.70343 0.863173 0.275397 -1.02604e-17 5.98978 0.11501 -1.33379 0.815799 0.412553 -1.10457e-17 6.50583 -0.443523 -0.990563 0.256811 0.46348 -1.97295e-17 7.60548 -1.50593 -0.50553 0.172424 0.548049 -2.53307e-17 9.49737 -0.914492 0.145927 -0.199047 0.269536 -2.90401e-17 10.5513 1.57691 -0.0342643 1.07373 0.0523235 -1.29193e-17 4.78644 0.715339 0.605918 2.60419 5.72245 -1.8116e-17 4.82109 0.421791 0.241881 -1.66585 2.43686 -2.00958e-17 4.83041 0.765062 -1.38281 -1.67319 0.468354 1.23299 -7.60731 7.53374 0.449171 3.3247 0.489425 12.9547 3.2495 -3.26872 -83.0931 17.3818 1.96912 29.2081 0.0598081 0.137039 3.33963 -0.460758 -16.2982 24.234 0.0496219 0.113701 2.25609 -5.77049 -5.33297 -1.23299 -7.60729 7.53365 -0.668539 4.74598 -0.649116 -12.9547 3.2495 -3.26872 89.9608 27.2201 -11.6389 -29.2081 0.0598081 0.137039 -3.86882 -0.625801 18.9643 -24.234 0.0496218 0.113702 5.5411 -37.3562 5.11735 9.23673 -4.20556 2.0327 -8.90735 -3.54843 -22.1046 -0.852353 -38.7721 -0.655187 -0.467543 1.74593 -0.0233519 -2.32622 -40.4017 -6.04875 1.93717 1.96905 14.805 0.779096 -9.8844 12.4959 3.36923e-16 -7.82136e-16 -5.79095e-19 -9.23673 -4.20556 2.0327 -14.2575 -9.64557 5.36662 0.852353 -38.7721 -0.655187 2.86916 10.6475 -0.080994 2.32622 -40.4017 -6.04875 1.42662 -7.7558 -15.3709 -0.779096 -9.8844 12.4959 -9.2696e-16 -5.51422e-16 -1.2727e-14 
8.61374 92.0986 134.418 7.4449 1.06701 10.3383 0 5.07867 -1.15138 -2.02203 1.34054 0.404771 0 5.61661 1.07143 -1.66026 0.96517 0.222702 -1.02604e-17 5.98978 0.11501 -1.29155 0.892711 0.360438 -1.10457e-17 6.50583 -0.443523 -0.949992 0.28893 0.411996 -1.97295e-17 7.60548 -1.50593 -0.479165 0.166962 0.490881 -2.53307e-17 9.49737 -0.914492 0.149262 -0.208123 0.206975 -2.90401e-17 10.5513 1.57691 -0.0349447 1.07371 0.055496 -1.29193e-17 4.78644 0.715339 0.642903 2.60896 5.83021 -1.8116e-17 4.82109 0.421791 0.289438 -1.73364 2.49522 -2.00958e-17 4.83041 0.765062 -1.41519 -1.86011 0.621804 1.23299 -7.60731 7.53374 0.455011 3.3311 0.559458 12.9547 3.2495 -3.26872 -83.1629 17.2374 2.14612 29.2081 0.0598081 0.137039 3.31842 -0.454696 -16.192 24.234 0.0496219 0.113701 2.34886 -5.81296 -5.42677 -1.23299 -7.60729 7.53365 -0.754484 4.83712 -0.723133 -12.9547 3.2495 -3.26872 90.3928 26.972 -12.1913 -29.2081 0.0598081 0.137039 -3.71955 -0.576464 18.208 -24.234 0.0496218 0.113702 5.60642 -37.8215 4.96132 9.23673 -4.20556 2.0327 -8.67399 -3.63235 -22.1457 -0.852353 -38.7721 -0.655187 -0.477358 1.78259 -0.0236896 -2.32622 -40.4017 -6.04875 1.99432 2.00409 14.8067 0.779096 -9.8844 12.4959 -2.68696e-16 -8.04312e-16 2.15973e-17 -9.23673 -4.20556 2.0327 -14.015 -9.7536 5.34774 0.852353 -38.7721 -0.655187 2.87951 10.6853 -0.0822511 2.32622 -40.4017 -6.04875 1.4873 -7.51075 -15.359 -0.779096 -9.8844 12.4959 -1.07942e-15 -5.47237e-16 -1.27228e-14 
8.51232 92.139 134.388 7.29878 1.07253 10.2304 0 5.07867 -1.15138 -1.99393 1.42614 0.34663 0 5.61661 1.07143 -1.61938 1.04293 0.168488 -1.02604e-17 5.98978 0.11501 -1.25167 0.958062 0.306026 -1.10457e-17 6.50583 -0.443523 -0.912034 0.332023 0.357641 -1.97295e-17 7.60548 -1.50593 -0.456028 0.184854 0.431258 -2.53307e-17 9.49737 -0.914492 0.148251 -0.187561 0.143002 -2.90401e-17 10.5513 1.57691 -0.0362188 1.06938 0.0574043 -1.29193e-17 4.78644 0.715339 0.676788 2.62241 5.99011 -1.8116e-17 4.82109 0.421791 0.303335 -1.77641 2.57641 -2.00958e-17 4.83041 0.765062 -1.50474 -2.02754 0.816772 1.23299 -7.60731 7.53374 0.441966 3.31641 0.649768 12.9547 3.2495 -3.26872 -83.2466 17.0101 2.33919 29.2081 0.0598081 0.137039 3.29516 -0.448101 -16.0757 24.234 0.0496219 0.113701 2.4318 -5.82798 -5.48712 -1.23299 -7.60729 7.53365 -0.83708 4.89371 -0.816584 -12.9547 3.2495 -3.26872 90.7785 26.6152 -12.705 -29.2081 0.0598081 0.137039 -3.58717 -0.534523 17.5399 -24.234 0.0496218 0.113702 5.60848 -38.5122 4.75834 9.23673 -4.20556 2.0327 -8.48262 -3.7083 -22.1025 -0.852353 -38.7721 -0.655187 -0.480945 1.79599 -0.0238115 -2.32622 -40.4017 -6.04875 2.00982 2.08239 14.8085 0.779096 -9.8844 12.4959 -6.66265e-16 -8.25909e-16 4.31946e-17 -9.23673 -4.20556 2.0327 -13.8092 -9.89414 5.42945 0.852353 -38.7721 -0.655187 2.88953 10.7218 -0.0834735 2.32622 -40.4017 -6.04875 1.54983 -7.25574 -15.3499 -0.779096 -9.8844 12.4959 7.62285e-17 -5.98447e-16 -1.2774e-14 
8.44666 92.1814 134.369 7.1996 1.12535 10.0406 0 5.07867 -1.15138 -1.96692 1.45545 0.282329 0 5.61661 1.07143 -1.57979 1.08096 0.107094 -1.02604e-17 5.98978 0.11501 -1.21298 0.9982 0.24375 -1.10457e-17 6.50583 -0.443523 -0.874963 0.376143 0.294721 -1.97295e-17 7.60548 -1.50593 -0.435202 0.220341 0.363252 -2.53307e-17 9.49737 -0.914492 0.142256 -0.143831 0.0715473 -2.90401e-17 10.5513 1.57691 -0.0375578 1.06077 0.0579811 -1.29193e-17 4.78644 0.715339 0.709108 2.65033 6.20243 -1.8116e-17 4.82109 0.421791 0.277948 -1.77927 2.68019 -2.00958e-17 4.83041 0.765062 -1.64288 -2.16022 1.05585 1.23299 -7.60731 7.53374 0.410223 3.2789 0.771612 12.9547 3.2495 -3.26872 -83.3703 16.717 2.56985 29.2081 0.0598081 0.137039 3.26662 -0.440073 -15.9329 24.234 0.0496219 0.113701 2.50068 -5.8311 -5.52778 -1.23299 -7.60729 7.53365 -0.936433 4.91043 -0.936017 -12.9547 3.2495 -3.26872 91.1014 26.0405 -13.1951 -29.2081 0.0598081 0.137039 -3.47186 -0.499371 16.9598 -24.234 0.0496218 0.113702 5.4976 -39.121 4.43923 9.23673 -4.20556 2.0327 -8.35748 -3.80197 -21.977 -0.852353 -38.7721 -0.655187 -0.476947 1.78106 -0.0236756 -2.32622 -40.4017 -6.04875 2.00446 2.19435 14.8082 0.779096 -9.8844 12.4959 4.03886e-16 -7.77371e-16 -5.34338e-18 -9.23673 -4.20556 2.0327 -13.6653 -10.0742 5.57215 0.852353 -38.7721 -0.655187 2.89435 10.7393 -0.084064 2.32622 -40.4017 -6.04875 1.62081 -7.02501 -15.3448 -0.779096 -9.8844 12.4959 -1.16491e-15 -5.38643e-16 -1.27234e-14 
9.62474 92.1616 134.384 7.13197 1.23873 9.81419 0 5.07867 -1.15138 -1.62186 1.41471 0.144436 0 5.61661 1.07143 -1.26149 1.06722 0.0114648 -1.02604e-17 5.98978 0.11501 -0.963306 0.977473 0.147537 -1.10457e-17 6.50583 -0.443523 -0.692767 0.364556 0.200116 -1.97295e-17 7.60548 -1.50593 -0.347459 0.219885 0.240568 -2.53307e-17 9.49737 -0.914492 0.114781 -0.156949 -0.0477516 -2.90401e-17 10.5513 1.57691 -0.0423399 1.05997 0.066978 -1.29193e-17 4.78644 0.715339 0.767921 2.58438 6.56913 -1.8116e-17 4.82109 0.421791 -0.10508 -1.44343 2.84394 -2.00958e-17 4.83041 0.765062 -2.46252 -2.07412 1.27448 1.23299 -7.60731 7.53374 0.152714 3.2303 0.916305 12.9547 3.2495 -3.26872 -84.5636 16.4632 3.26078 29.2081 0.0598081 0.137039 3.26254 -0.438932 -15.9125 24.234 0.0496219 0.113701 2.71329 -5.9595 -5.5233 -1.23299 -7.60729 7.53365 -1.50127 4.92399 -1.10741 -12.9547 3.2495 -3.26872 90.7596 25.0867 -14.1469 -29.2081 0.0598081 0.137039 -3.3839 -0.47341 16.5185 -24.234 0.0496218 0.113702 5.69238 -39.3329 4.40536 9.23673 -4.20556 2.0327 -8.93514 -3.55076 -22.0613 -0.852353 -38.7721 -0.655187 -0.367002 1.37034 -0.0195304 -2.32622 -40.4017 -6.04875 1.91324 2.17569 14.7822 0.779096 -9.8844 12.4959 -3.5419e-16 -8.12906e-16 3.01915e-17 -9.23673 -4.20556 2.0327 -14.3133 -10.1868 5.47072 0.852353 -38.7721 -0.655187 2.90884 10.7922 -0.0858495 2.32622 -40.4017 -6.04875 1.77182 -6.73868 -15.392 -0.779096 -9.8844 12.4959 -6.14885e-16 -5.64425e-16 -1.27432e-14 
10.0643 92.1473 134.384 7.07575 1.38728 9.56023 0 5.07867 -1.15138 -1.48656 1.53739 0.0785536 0 5.61661 1.07143 -1.13897 1.14976 -0.0349872 -1.02604e-17 5.98978 0.11501 -0.869068 1.00046 0.101408 -1.10457e-17 6.50583 -0.443523 -0.627653 0.292395 0.15421 -1.97295e-17 7.60548 -1.50593 -0.323503 0.105843 0.184009 -2.53307e-17 9.49737 -0.914492 0.0894949 -0.309411 -0.0994409 -2.90401e-17 10.5513 1.57691 -0.0429969 1.06848 0.069138 -1.29193e-17 4.78644 0.715339 0.788637 2.61014 6.79512 -1.8116e-17 4.82109 0.421791 -0.242719 -1.43113 2.94874 -2.00958e-17 4.83041 0.765062 -2.78407 -1.88835 1.39313 1.23299 -7.60731 7.53374 -0.0713118 3.29702 0.934414 12.9547 3.2495 -3.26872 -84.8932 16.0554 3.83047 29.2081 0.0598081 0.137039 3.2038 -0.422679 -15.6192 24.234 0.0496219 0.113701 2.75916 -5.85861 -5.93763 -1.23299 -7.60729 7.53365 -1.88835 5.00337 -1.26948 -12.9547 3.2495 -3.26872 91.0945 25.108 -15.1203 -29.2081 0.0598081 0.137039 -3.33933 -0.460538 16.2952 -24.234 0.0496218 0.113702 5.78927 -40.9349 4.46851 9.23673 -4.20556 2.0327 -9.14813 -3.60064 -22.08 -0.852353 -38.7721 -0.655187 -0.341479 1.275 -0.0184555 -2.32622 -40.4017 -6.04875 2.0705 2.12485 14.7472 0.779096 -9.8844 12.4959 -7.70291e-16 -8.32411e-16 4.96962e-17 -9.23673 -4.20556 2.0327 -14.4799 -10.3957 5.48184 0.852353 -38.7721 -0.655187 2.90522 10.779 -0.0854017 2.32622 -40.4017 -6.04875 1.54514 -6.55651 -15.4122 -0.779096 -9.8844 12.4959 -1.07942e-15 -5.47237e-16 -1.27228e-14 
10.0599 92.1495 134.379 7.0077 1.5521 9.26312 0 5.07867 -1.15138 -1.48147 1.6071 0.0394336 0 5.61661 1.07143 -1.12903 1.20207 -0.0709141 -1.02604e-17 5.98978 0.11501 -0.85989 1.026 0.0633834 -1.10457e-17 6.50583 -0.443523 -0.620124 0.266837 0.114905 -1.97295e-17 7.60548 -1.50593 -0.324825 0.0590199 0.143517 -2.53307e-17 9.49737 -0.914492 0.0712451 -0.370734 -0.139257 -2.90401e-17 10.5513 1.57691 -0.0436309 1.06988 0.0656236 -1.29193e-17 4.78644 0.715339 0.806779 2.70513 6.91893 -1.8116e-17 4.82109 0.421791 -0.221737 -1.44938 3.01196 -2.00958e-17 4.83041 0.765062 -2.90115 -1.92739 1.61317 1.23299 -7.60731 7.53374 -0.215919 3.31838 0.986733 12.9547 3.2495 -3.26872 -84.9812 15.6103 4.10971 29.2081 0.0598081 0.137039 3.15194 -0.408594 -15.3605 24.234 0.0496219 0.113701 2.88554 -5.65688 -6.15083 -1.23299 -7.60729 7.53365 -2.21934 5.05987 -1.4766 -12.9547 3.2495 -3.26872 91.8006 24.7039 -15.7999 -29.2081 0.0598081 0.137039 -3.29749 -0.448623 16.0858 -24.234 0.0496218 0.113702 5.83422 -42.0831 4.50755 9.23673 -4.20556 2.0327 -9.08023 -3.7713 -21.9095 -0.852353 -38.7721 -0.655187 -0.332612 1.24187 -0.0180721 -2.32622 -40.4017 -6.04875 2.06318 2.04279 14.7551 0.779096 -9.8844 12.4959 -4.76746e-16 -8.14064e-16 3.13497e-17 -9.23673 -4.20556 2.0327 -14.4127 -10.7709 5.63454 0.852353 -38.7721 -0.655187 2.94568 10.9263 -0.0904467 2.32622 -40.4017 -6.04875 1.60477 -6.50869 -15.4104 -0.779096 -9.8844 12.4959 -5.1086e-16 -5.70927e-16 -1.27465e-14 
10.0233 92.1602 134.378 6.91908 1.66491 8.88988 0 5.07867 -1.15138 -1.47741 1.66407 0.0160755 0 5.61661 1.07143 -1.12037 1.24863 -0.0891817 -1.02604e-17 5.98978 0.11501 -0.851003 1.05463 0.0441576 -1.10457e-17 6.50583 -0.443523 -0.612862 0.257768 0.0956505 -1.97295e-17 7.60548 -1.50593 -0.322289 0.0389846 0.123446 -2.53307e-17 9.49737 -0.914492 0.0627351 -0.397982 -0.161089 -2.90401e-17 10.5513 1.57691 -0.0427734 1.06898 0.0646271 -1.29193e-17 4.78644 0.715339 0.829703 2.66119 7.02401 -1.8116e-17 4.82109 0.421791 -0.227023 -1.38511 3.06619 -2.00958e-17 4.83041 0.765062 -2.97936 -1.91256 1.781 1.23299 -7.60731 7.53374 -0.265212 3.32978 1.06313 12.9547 3.2495 -3.26872 -85.0521 15.3371 4.3802 29.2081 0.0598081 0.137039 3.12418 -0.401159 -15.2222 24.234 0.0496219 0.113701 2.89772 -5.59456 -6.29486 -1.23299 -7.60729 7.53365 -2.42729 5.11854 -1.6477 -12.9547 3.2495 -3.26872 92.4678 24.4841 -16.4995 -29.2081 0.0598081 0.137039 -3.30393 -0.450446 16.1181 -24.234 0.0496218 0.113702 5.91079 -43.5068 4.56297 9.23673 -4.20556 2.0327 -8.9558 -3.88291 -21.6171 -0.852353 -38.7721 -0.655187 -0.317629 1.18591 -0.0174127 -2.32622 -40.4017 -6.04875 2.06022 1.99947 14.7636 0.779096 -9.8844 12.4959 -7.9177e-17 -7.98389e-16 1.56748e-17 -9.23673 -4.20556 2.0327 -14.2601 -11.0518 5.78689 0.852353 -38.7721 -0.655187 2.95161 10.9479 -0.091194 2.32622 -40.4017 -6.04875 1.58292 -6.40007 -15.4054 -0.779096 -9.8844 12.4959 -1.07942e-15 -5.47237e-16 -1.27228e-14 
9.96625 92.1736 134.379 6.79226 1.75196 8.45916 0 5.07867 -1.15138 -1.46955 1.69446 -0.00670652 0 5.61661 1.07143 -1.11094 1.28001 -0.105928 -1.02604e-17 5.98978 0.11501 -0.842344 1.08033 0.0269205 -1.10457e-17 6.50583 -0.443523 -0.60634 0.26886 0.0782304 -1.97295e-17 7.60548 -1.50593 -0.321355 0.0498664 0.105291 -2.53307e-17 9.49737 -0.914492 0.0523701 -0.385338 -0.181155 -2.90401e-17 10.5513 1.57691 -0.0421442 1.06274 0.0638393 -1.29193e-17 4.78644 0.715339 0.842995 2.60666 7.17536 -1.8116e-17 4.82109 0.421791 -0.242998 -1.37212 3.14032 -2.00958e-17 4.83041 0.765062 -3.02276 -1.86175 1.89658 1.23299 -7.60731 7.53374 -0.288812 3.32108 1.15395 12.9547 3.2495 -3.26872 -85.1623 15.1428 4.70317 29.2081 0.0598081 0.137039 3.14119 -0.405707 -15.3069 24.234 0.0496219 0.113701 2.91884 -5.65969 -6.28962 -1.23299 -7.60729 7.53365 -2.52274 5.13265 -1.79388 -12.9547 3.2495 -3.26872 93.0397 24.501 -17.1197 -29.2081 0.0598081 0.137039 -3.35539 -0.465154 16.3756 -24.234 0.0496218 0.113702 6.05657 -45.1524 4.53576 9.23673 -4.20556 2.0327 -8.76814 -3.97853 -21.2657 -0.852353 -38.7721 -0.655187 -0.305157 1.13933 -0.0168527 -2.32622 -40.4017 -6.04875 2.07205 1.91524 14.7712 0.779096 -9.8844 12.4959 -2.68696e-16 -8.04312e-16 2.15973e-17 -9.23673 -4.20556 2.0327 -14.0381 -11.3362 6.00892 0.852353 -38.7721 -0.655187 2.95778 10.9704 -0.0919754 2.32622 -40.4017 -6.04875 1.63316 -6.26924 -15.4004 -0.779096 -9.8844 12.4959 -8.04404e-16 -5.5258e-16 -1.27373e-14 
9.89858 92.1807 134.377 6.6429 1.86502 8.00757 0 5.07867 -1.15138 -1.46016 1.69544 -0.0266947 0 5.61661 1.07143 -1.10062 1.29207 -0.119854 -1.02604e-17 5.98978 0.11501 -0.832868 1.09607 0.0128144 -1.10457e-17 6.50583 -0.443523 -0.599084 0.288803 0.0642422 -1.97295e-17 7.60548 -1.50593 -0.319411 0.0788747 0.0900796 -2.53307e-17 9.49737 -0.914492 0.0437794 -0.349153 -0.198202 -2.90401e-17 10.5513 1.57691 -0.0422002 1.05363 0.0627205 -1.29193e-17 4.78644 0.715339 0.853503 2.54548 7.32473 -1.8116e-17 4.82109 0.421791 -0.260596 -1.34057 3.21318 -2.00958e-17 4.83041 0.765062 -3.07741 -1.84212 1.98522 1.23299 -7.60731 7.53374 -0.278679 3.29974 1.23872 12.9547 3.2495 -3.26872 -85.2816 15.0497 4.97328 29.2081 0.0598081 0.137039 3.16229 -0.411386 -15.4121 24.234 0.0496219 0.113701 2.91876 -5.83735 -6.24986 -1.23299 -7.60729 7.53365 -2.61203 5.13663 -1.91527 -12.9547 3.2495 -3.26872 93.6824 24.8091 -17.6788 -29.2081 0.0598081 0.137039 -3.411 -0.481331 16.6544 -24.234 0.0496218 0.113702 6.37831 -46.9763 4.7463 9.23673 -4.20556 2.0327 -8.55404 -4.08038 -20.85 -0.852353 -38.7721 -0.655187 -0.28307 1.05683 -0.0158361 -2.32622 -40.4017 -6.04875 2.1086 1.80208 14.7798 0.779096 -9.8844 12.4959 -3.72721e-16 -8.07563e-16 2.48481e-17 -9.23673 -4.20556 2.0327 -13.7821 -11.6536 6.25992 0.852353 -38.7721 -0.655187 2.96373 10.9921 -0.0927311 2.32622 -40.4017 -6.04875 1.66574 -6.15034 -15.3936 -0.779096 -9.8844 12.4959 -5.96354e-16 -5.59082e-16 -1.27471e-14 
9.82912 92.1787 134.366 6.45487 2.03598 7.56237 0 5.07867 -1.15138 -1.4368 1.67913 -0.0461984 0 5.61661 1.07143 -1.07913 1.29255 -0.132379 -1.02604e-17 5.98978 0.11501 -0.815136 1.10541 0.000715712 -1.10457e-17 6.50583 -0.443523 -0.586701 0.311114 0.0526728 -1.97295e-17 7.60548 -1.50593 -0.315423 0.114011 0.0764955 -2.53307e-17 9.49737 -0.914492 0.0343388 -0.30202 -0.213755 -2.90401e-17 10.5513 1.57691 -0.0437427 1.04383 0.0616971 -1.29193e-17 4.78644 0.715339 0.864659 2.41404 7.47008 -1.8116e-17 4.82109 0.421791 -0.287625 -1.31958 3.28264 -2.00958e-17 4.83041 0.765062 -3.12019 -1.79227 2.03821 1.23299 -7.60731 7.53374 -0.301109 3.29595 1.26996 12.9547 3.2495 -3.26872 -85.4064 14.9605 5.18035 29.2081 0.0598081 0.137039 3.18731 -0.418172 -15.5369 24.234 0.0496219 0.113701 2.95866 -6.02776 -6.2074 -1.23299 -7.60729 7.53365 -2.58676 5.14846 -1.98092 -12.9547 3.2495 -3.26872 94.3043 25.3809 -18.1063 -29.2081 0.0598081 0.137039 -3.46732 -0.498012 16.937 -24.234 0.0496218 0.113702 6.80249 -48.8059 5.1516 9.23673 -4.20556 2.0327 -8.30724 -4.24167 -20.4372 -0.852353 -38.7721 -0.655187 -0.260584 0.972845 -0.0147686 -2.32622 -40.4017 -6.04875 2.14813 1.62391 14.7955 0.779096 -9.8844 12.4959 -3.72721e-16 -8.07563e-16 2.48481e-17 -9.23673 -4.20556 2.0327 -13.4953 -12.0345 6.48171 0.852353 -38.7721 -0.655187 2.9712 11.0192 -0.0936823 2.32622 -40.4017 -6.04875 1.71785 -6.05558 -15.3885 -0.779096 -9.8844 12.4959 -5.96354e-16 -5.59082e-16 -1.27471e-14 
9.76488 92.1793 134.347 6.25232 2.20899 7.14739 0 5.07867 -1.15138 -1.40349 1.64327 -0.0565018 0 5.61661 1.07143 -1.05059 1.27976 -0.134362 -1.02604e-17 5.98978 0.11501 -0.792528 1.1091 -0.000149533 -1.10457e-17 6.50583 -0.443523 -0.571835 0.34065 0.0529558 -1.97295e-17 7.60548 -1.50593 -0.309175 0.161866 0.074573 -2.53307e-17 9.49737 -0.914492 0.0290087 -0.237226 -0.217886 -2.90401e-17 10.5513 1.57691 -0.0455253 1.03385 0.0608266 -1.29193e-17 4.78644 0.715339 0.874398 2.2561 7.55927 -1.8116e-17 4.82109 0.421791 -0.301214 -1.28923 3.32585 -2.00958e-17 4.83041 0.765062 -3.14987 -1.72619 2.04541 1.23299 -7.60731 7.53374 -0.359003 3.29618 1.25665 12.9547 3.2495 -3.26872 -85.5004 14.9089 5.28182 29.2081 0.0598081 0.137039 3.1987 -0.421281 -15.5937 24.234 0.0496219 0.113701 3.01306 -6.16908 -6.17675 -1.23299 -7.60729 7.53365 -2.48947 5.1562 -2.01303 -12.9547 3.2495 -3.26872 94.9316 26.171 -18.4091 -29.2081 0.0598081 0.137039 -3.52442 -0.515236 17.224 -24.234 0.0496218 0.113702 7.30273 -50.5195 5.63902 9.23673 -4.20556 2.0327 -8.04939 -4.41721 -20.0708 -0.852353 -38.7721 -0.655187 -0.242018 0.903505 -0.0138623 -2.32622 -40.4017 -6.04875 2.18812 1.44981 14.8093 0.779096 -9.8844 12.4959 -3.72721e-16 -8.07563e-16 2.48481e-17 -9.23673 -4.20556 2.0327 -13.1968 -12.4117 6.67494 0.852353 -38.7721 -0.655187 2.97739 11.0418 -0.0944736 2.32622 -40.4017 -6.04875 1.74573 -5.92709 -15.3829 -0.779096 -9.8844 12.4959 -5.96354e-16 -5.59082e-16 -1.27471e-14 
9.70674 92.1898 134.325 6.03739 2.35814 6.73311 0 5.07867 -1.15138 -1.36076 1.59325 -0.0556481 0 5.61661 1.07143 -1.01542 1.25873 -0.123645 -1.02604e-17 5.98978 0.11501 -0.764928 1.11262 0.0123137 -1.10457e-17 6.50583 -0.443523 -0.553924 0.382527 0.0671758 -1.97295e-17 7.60548 -1.50593 -0.299092 0.22635 0.0862304 -2.53307e-17 9.49737 -0.914492 0.0302812 -0.149841 -0.20961 -2.90401e-17 10.5513 1.57691 -0.0474662 1.02335 0.0600014 -1.29193e-17 4.78644 0.715339 0.882256 2.10346 7.58553 -1.8116e-17 4.82109 0.421791 -0.286163 -1.26307 3.34068 -2.00958e-17 4.83041 0.765062 -3.17231 -1.65749 2.03192 1.23299 -7.60731 7.53374 -0.448054 3.29485 1.20951 12.9547 3.2495 -3.26872 -85.5737 14.8699 5.30895 29.2081 0.0598081 0.137039 3.20165 -0.422089 -15.6085 24.234 0.0496219 0.113701 3.0705 -6.26918 -6.16828 -1.23299 -7.60729 7.53365 -2.32676 5.15308 -2.03309 -12.9547 3.2495 -3.26872 95.5851 27.1563 -18.6236 -29.2081 0.0598081 0.137039 -3.58259 -0.533102 17.5168 -24.234 0.0496218 0.113702 7.86123 -52.0942 6.21259 9.23673 -4.20556 2.0327 -7.77369 -4.58161 -19.721 -0.852353 -38.7721 -0.655187 -0.227241 0.848321 -0.013125 -2.32622 -40.4017 -6.04875 2.19993 1.29932 14.8232 0.779096 -9.8844 12.4959 -7.91818e-17 -7.9839e-16 1.5675e-17 -9.23673 -4.20556 2.0327 -12.8804 -12.7645 6.87919 0.852353 -38.7721 -0.655187 2.97987 11.0508 -0.0947905 2.32622 -40.4017 -6.04875 1.79998 -5.74135 -15.3783 -0.779096 -9.8844 12.4959 -1.18343e-15 -5.40736e-16 -1.27195e-14 
9.66037 92.2111 134.302 5.81868 2.49145 6.33445 0 5.07867 -1.15138 -1.31187 1.51901 -0.0460285 0 5.61661 1.07143 -0.976249 1.22281 -0.102727 -1.02604e-17 5.98978 0.11501 -0.734597 1.11317 0.0351336 -1.10457e-17 6.50583 -0.443523 -0.53461 0.441508 0.0922388 -1.97295e-17 7.60548 -1.50593 -0.286886 0.31609 0.108601 -2.53307e-17 9.49737 -0.914492 0.0361649 -0.030206 -0.190863 -2.90401e-17 10.5513 1.57691 -0.0493208 1.01076 0.0589721 -1.29193e-17 4.78644 0.715339 0.884664 1.98693 7.56524 -1.8116e-17 4.82109 0.421791 -0.252962 -1.25165 3.33482 -2.00958e-17 4.83041 0.765062 -3.18041 -1.61595 1.98136 1.23299 -7.60731 7.53374 -0.534918 3.2708 1.15836 12.9547 3.2495 -3.26872 -85.6567 14.8661 5.27557 29.2081 0.0598081 0.137039 3.1984 -0.4212 -15.5923 24.234 0.0496219 0.113701 3.13055 -6.32735 -6.17131 -1.23299 -7.60729 7.53365 -2.1568 5.12758 -2.05873 -12.9547 3.2495 -3.26872 96.304 28.2828 -18.7917 -29.2081 0.0598081 0.137039 -3.63915 -0.550787 17.802 -24.234 0.0496218 0.113702 8.54577 -53.5725 6.96643 9.23673 -4.20556 2.0327 -7.49702 -4.72346 -19.3822 -0.852353 -38.7721 -0.655187 -0.209122 0.780655 -0.0122016 -2.32622 -40.4017 -6.04875 2.19415 1.19431 14.8343 0.779096 -9.8844 12.4959 3.18388e-16 -7.85966e-16 3.25093e-18 -9.23673 -4.20556 2.0327 -12.5621 -13.0909 7.07852 0.852353 -38.7721 -0.655187 2.97907 11.0478 -0.0946875 2.32622 -40.4017 -6.04875 1.85791 -5.49807 -15.3742 -0.779096 -9.8844 12.4959 -1.09795e-15 -5.43407e-16 -1.2719e-14 
9.63089 92.242 134.287 5.61903 2.60958 5.96023 0 5.07867 -1.15138 -1.26207 1.43007 -0.0306061 0 5.61661 1.07143 -0.937002 1.17752 -0.0753572 -1.02604e-17 5.98978 0.11501 -0.70437 1.11212 0.064498 -1.10457e-17 6.50583 -0.443523 -0.515689 0.510791 0.124236 -1.97295e-17 7.60548 -1.50593 -0.273898 0.422155 0.138034 -2.53307e-17 9.49737 -0.914492 0.045101 0.11123 -0.165473 -2.90401e-17 10.5513 1.57691 -0.0512324 0.99719 0.0579317 -1.29193e-17 4.78644 0.715339 0.883171 1.89319 7.5113 -1.8116e-17 4.82109 0.421791 -0.209988 -1.24879 3.31377 -2.00958e-17 4.83041 0.765062 -3.17818 -1.58788 1.90327 1.23299 -7.60731 7.53374 -0.628734 3.23421 1.10421 12.9547 3.2495 -3.26872 -85.7512 14.891 5.22384 29.2081 0.0598081 0.137039 3.19641 -0.420656 -15.5823 24.234 0.0496219 0.113701 3.19154 -6.34719 -6.1906 -1.23299 -7.60729 7.53365 -1.97419 5.08821 -2.08572 -12.9547 3.2495 -3.26872 97.0828 29.5226 -18.9668 -29.2081 0.0598081 0.137039 -3.70271 -0.571029 18.1229 -24.234 0.0496218 0.113702 9.35909 -55.0413 7.92213 9.23673 -4.20556 2.0327 -7.24577 -4.83486 -19.0669 -0.852353 -38.7721 -0.655187 -0.186303 0.695444 -0.0110082 -2.32622 -40.4017 -6.04875 2.15712 1.14452 14.8437 0.779096 -9.8844 12.4959 -1.64662e-16 -8.01061e-16 1.83462e-17 -9.23673 -4.20556 2.0327 -12.2728 -13.3711 7.2653 0.852353 -38.7721 -0.655187 2.97132 11.0197 -0.0936971 2.32622 -40.4017 -6.04875 1.9397 -5.22734 -15.3719 -0.779096 -9.8844 12.4959 -9.93923e-16 -5.46658e-16 -1.27222e-14 
9.62439 92.2763 134.285 5.44008 2.73623 5.62591 0 5.07867 -1.15138 -1.21271 1.32142 -0.0133567 0 5.61661 1.07143 -0.898136 1.11852 -0.0459136 -1.02604e-17 5.98978 0.11501 -0.674208 1.10481 0.0958648 -1.10457e-17 6.50583 -0.443523 -0.496537 0.585516 0.158529 -1.97295e-17 7.60548 -1.50593 -0.259864 0.541202 0.169931 -2.53307e-17 9.49737 -0.914492 0.0562162 0.270442 -0.13795 -2.90401e-17 10.5513 1.57691 -0.0531907 0.982634 0.0570646 -1.29193e-17 4.78644 0.715339 0.878708 1.81374 7.42136 -1.8116e-17 4.82109 0.421791 -0.16054 -1.25552 3.27624 -2.00958e-17 4.83041 0.765062 -3.1663 -1.57686 1.8074 1.23299 -7.60731 7.53374 -0.726397 3.18236 1.06186 12.9547 3.2495 -3.26872 -85.8579 14.9319 5.17155 29.2081 0.0598081 0.137039 3.20025 -0.421705 -15.6015 24.234 0.0496219 0.113701 3.2503 -6.31308 -6.21449 -1.23299 -7.60729 7.53365 -1.78283 5.03332 -2.11817 -12.9547 3.2495 -3.26872 97.8963 30.7829 -19.1619 -29.2081 0.0598081 0.137039 -3.77968 -0.596072 18.5123 -24.234 0.0496218 0.113702 10.2344 -56.4027 8.99869 9.23673 -4.20556 2.0327 -7.03034 -4.93913 -18.7874 -0.852353 -38.7721 -0.655187 -0.162181 0.605375 -0.00970993 -2.32622 -40.4017 -6.04875 2.09928 1.1205 14.8517 0.779096 -9.8844 12.4959 -3.72721e-16 -8.07563e-16 2.48481e-17 -9.23673 -4.20556 2.0327 -12.0225 -13.6057 7.41242 0.852353 -38.7721 -0.655187 2.95204 10.9495 -0.0912494 2.32622 -40.4017 -6.04875 2.01895 -4.96293 -15.3715 -0.779096 -9.8844 12.4959 -4.06844e-16 -5.74177e-16 -1.27497e-14 
9.63892 92.3078 134.301 5.26023 2.88243 5.29562 0 5.07867 -1.15138 -1.16084 1.2001 0.007327 0 5.61661 1.07143 -0.857309 1.04898 -0.0127883 -1.02604e-17 5.98978 0.11501 -0.642413 1.08929 0.130882 -1.10457e-17 6.50583 -0.443523 -0.476187 0.654723 0.196587 -1.97295e-17 7.60548 -1.50593 -0.244164 0.659162 0.205589 -2.53307e-17 9.49737 -0.914492 0.0699871 0.42989 -0.107062 -2.90401e-17 10.5513 1.57691 -0.05491 0.968404 0.0566287 -1.29193e-17 4.78644 0.715339 0.876804 1.72959 7.33036 -1.8116e-17 4.82109 0.421791 -0.104372 -1.25936 3.23811 -2.00958e-17 4.83041 0.765062 -3.16102 -1.56401 1.69167 1.23299 -7.60731 7.53374 -0.83423 3.12603 1.02975 12.9547 3.2495 -3.26872 -85.9714 14.951 5.15037 29.2081 0.0598081 0.137039 3.21343 -0.42532 -15.6673 24.234 0.0496219 0.113701 3.32206 -6.22603 -6.24889 -1.23299 -7.60729 7.53365 -1.57448 4.97342 -2.15874 -12.9547 3.2495 -3.26872 98.7198 32.0006 -19.3867 -29.2081 0.0598081 0.137039 -3.87431 -0.627651 18.9922 -24.234 0.0496218 0.113702 11.0945 -57.5926 10.1056 9.23673 -4.20556 2.0327 -6.82431 -5.03467 -18.5257 -0.852353 -38.7721 -0.655187 -0.13197 0.492581 -0.00803064 -2.32622 -40.4017 -6.04875 2.04899 1.08326 14.8583 0.779096 -9.8844 12.4959 -6.66261e-16 -8.25909e-16 4.31943e-17 -9.23673 -4.20556 2.0327 -11.7802 -13.825 7.54655 0.852353 -38.7721 -0.655187 2.92559 10.8532 -0.0879292 2.32622 -40.4017 -6.04875 2.0866 -4.7168 -15.3723 -0.779096 -9.8844 12.4959 -1.98785e-16 -5.8393e-16 -1.27595e-14 
9.67342 92.3296 134.336 5.06014 3.05955 4.98102 0 5.07867 -1.15138 -1.11044 1.06556 0.0281064 0 5.61661 1.07143 -0.81738 0.967321 0.020093 -1.02604e-17 5.98978 0.11501 -0.611014 1.06201 0.165454 -1.10457e-17 6.50583 -0.443523 -0.455551 0.712069 0.234075 -1.97295e-17 7.60548 -1.50593 -0.227548 0.769243 0.240859 -2.53307e-17 9.49737 -0.914492 0.0853827 0.580716 -0.0766658 -2.90401e-17 10.5513 1.57691 -0.0561009 0.955199 0.0565401 -1.29193e-17 4.78644 0.715339 0.87651 1.6471 7.22564 -1.8116e-17 4.82109 0.421791 -0.0385214 -1.2468 3.19387 -2.00958e-17 4.83041 0.765062 -3.13261 -1.53647 1.58087 1.23299 -7.60731 7.53374 -0.942721 3.06377 1.02079 12.9547 3.2495 -3.26872 -86.0884 14.928 5.17737 29.2081 0.0598081 0.137039 3.236 -0.431548 -15.78 24.234 0.0496219 0.113701 3.40815 -6.07742 -6.29321 -1.23299 -7.60729 7.53365 -1.37173 4.90808 -2.21462 -12.9547 3.2495 -3.26872 99.5403 33.0868 -19.6545 -29.2081 0.0598081 0.137039 -3.98918 -0.667178 19.5765 -24.234 0.0496218 0.113702 11.8955 -58.5907 11.1606 9.23673 -4.20556 2.0327 -6.61319 -5.13091 -18.2876 -0.852353 -38.7721 -0.655187 -0.0959176 0.357988 -0.00594899 -2.32622 -40.4017 -6.04875 2.03575 0.998471 14.8643 0.779096 -9.8844 12.4959 -1.83212e-16 -8.04891e-16 2.21768e-17 -9.23673 -4.20556 2.0327 -11.5317 -14.0358 7.65045 0.852353 -38.7721 -0.655187 2.89202 10.7308 -0.0837783 2.32622 -40.4017 -6.04875 2.14255 -4.51232 -15.3726 -0.779096 -9.8844 12.4959 -1.98785e-16 -5.8393e-16 -1.27595e-14 
9.73147 92.3385 134.388 4.867 3.26971 4.74221 0 5.07867 -1.15138 -1.0703 0.932405 0.0431903 0 5.61661 1.07143 -0.784716 0.88282 0.0456624 -1.02604e-17 5.98978 0.11501 -0.584335 1.02626 0.192429 -1.10457e-17 6.50583 -0.443523 -0.436689 0.750519 0.263766 -1.97295e-17 7.60548 -1.50593 -0.211182 0.859703 0.268831 -2.53307e-17 9.49737 -0.914492 0.101143 0.70732 -0.0540129 -2.90401e-17 10.5513 1.57691 -0.056609 0.945339 0.0568823 -1.29193e-17 4.78644 0.715339 0.878851 1.57079 7.09891 -1.8116e-17 4.82109 0.421791 0.0391446 -1.22051 3.13984 -2.00958e-17 4.83041 0.765062 -3.0659 -1.48927 1.46204 1.23299 -7.60731 7.53374 -1.04871 3.00364 1.04227 12.9547 3.2495 -3.26872 -86.223 14.8841 5.26027 29.2081 0.0598081 0.137039 3.26898 -0.440735 -15.9448 24.234 0.0496219 0.113701 3.51941 -5.85399 -6.3444 -1.23299 -7.60729 7.53365 -1.19208 4.84616 -2.28316 -12.9547 3.2495 -3.26872 100.339 33.9566 -19.9758 -29.2081 0.0598081 0.137039 -4.12244 -0.714682 20.2568 -24.234 0.0496218 0.113702 12.5821 -59.4138 12.1209 9.23673 -4.20556 2.0327 -6.43323 -5.23118 -18.1199 -0.852353 -38.7721 -0.655187 -0.0541716 0.202164 -0.0034332 -2.32622 -40.4017 -6.04875 2.03658 0.877235 14.8715 0.779096 -9.8844 12.4959 3.18388e-16 -7.85966e-16 3.25093e-18 -9.23673 -4.20556 2.0327 -11.3257 -14.2254 7.66556 0.852353 -38.7721 -0.655187 2.85385 10.5917 -0.0791473 2.32622 -40.4017 -6.04875 2.18298 -4.38287 -15.3718 -0.779096 -9.8844 12.4959 -4.92324e-16 -5.65584e-16 -1.27503e-14 
9.80791 92.3382 134.453 4.67243 3.48497 4.50097 0 5.07867 -1.15138 -1.02628 0.812024 0.0557504 0 5.61661 1.07143 -0.747573 0.805023 0.0682543 -1.02604e-17 5.98978 0.11501 -0.553336 0.990513 0.21633 -1.10457e-17 6.50583 -0.443523 -0.413453 0.777418 0.290286 -1.97295e-17 7.60548 -1.50593 -0.190931 0.934317 0.293098 -2.53307e-17 9.49737 -0.914492 0.119727 0.813916 -0.0361455 -2.90401e-17 10.5513 1.57691 -0.0566422 0.937656 0.0580811 -1.29193e-17 4.78644 0.715339 0.886085 1.49614 6.97706 -1.8116e-17 4.82109 0.421791 0.129559 -1.19348 3.08837 -2.00958e-17 4.83041 0.765062 -3.0107 -1.43788 1.34133 1.23299 -7.60731 7.53374 -1.15385 2.94791 1.085 12.9547 3.2495 -3.26872 -86.3736 14.8092 5.38743 29.2081 0.0598081 0.137039 3.3115 -0.452727 -16.1574 24.234 0.0496219 0.113701 3.62329 -5.57864 -6.40648 -1.23299 -7.60729 7.53365 -0.998418 4.79118 -2.35721 -12.9547 3.2495 -3.26872 101.021 34.5957 -20.287 -29.2081 0.0598081 0.137039 -4.26138 -0.766125 20.9692 -24.234 0.0496218 0.113702 13.1062 -60.0263 12.957 9.23673 -4.20556 2.0327 -6.25868 -5.31534 -17.9822 -0.852353 -38.7721 -0.655187 -0.00893085 0.033326 -0.00057911 -2.32622 -40.4017 -6.04875 2.05496 0.718918 14.8785 0.779096 -9.8844 12.4959 1.28878e-16 -7.91888e-16 9.17311e-18 -9.23673 -4.20556 2.0327 -11.1223 -14.4017 7.67715 0.852353 -38.7721 -0.655187 2.81351 10.4445 -0.0743543 2.32622 -40.4017 -6.04875 2.19152 -4.28696 -15.3706 -0.779096 -9.8844 12.4959 -5.96354e-16 -5.59082e-16 -1.27471e-14 
9.90392 92.3306 134.526 4.48637 3.70539 4.29186 0 5.07867 -1.15138 -0.981999 0.700456 0.0614115 0 5.61661 1.07143 -0.709348 0.731979 0.0831315 -1.02604e-17 5.98978 0.11501 -0.521339 0.955302 0.232166 -1.10457e-17 6.50583 -0.443523 -0.388768 0.799081 0.308404 -1.97295e-17 7.60548 -1.50593 -0.170632 1.00045 0.30885 -2.53307e-17 9.49737 -0.914492 0.135933 0.909062 -0.0264113 -2.90401e-17 10.5513 1.57691 -0.0566296 0.930904 0.0597912 -1.29193e-17 4.78644 0.715339 0.888753 1.42258 6.84574 -1.8116e-17 4.82109 0.421791 0.205634 -1.17029 3.03184 -2.00958e-17 4.83041 0.765062 -2.94844 -1.39617 1.24404 1.23299 -7.60731 7.53374 -1.25667 2.89335 1.14045 12.9547 3.2495 -3.26872 -86.5196 14.7017 5.51168 29.2081 0.0598081 0.137039 3.35845 -0.466172 -16.3925 24.234 0.0496219 0.113701 3.72873 -5.22462 -6.45737 -1.23299 -7.60729 7.53365 -0.786396 4.73594 -2.42201 -12.9547 3.2495 -3.26872 101.541 35.0006 -20.5395 -29.2081 0.0598081 0.137039 -4.40031 -0.819539 21.6848 -24.234 0.0496218 0.113702 13.5178 -60.4473 13.6805 9.23673 -4.20556 2.0327 -6.10615 -5.38795 -17.8699 -0.852353 -38.7721 -0.655187 0.0403073 -0.150392 0.00267802 -2.32622 -40.4017 -6.04875 2.07288 0.544006 14.8861 0.779096 -9.8844 12.4959 3.18388e-16 -7.85966e-16 3.25093e-18 -9.23673 -4.20556 2.0327 -10.9465 -14.5653 7.66801 0.852353 -38.7721 -0.655187 2.7743 10.3013 -0.0697946 2.32622 -40.4017 -6.04875 2.19724 -4.23051 -15.3708 -0.779096 -9.8844 12.4959 -5.96354e-16 -5.59082e-16 -1.27471e-14 
10.0092 92.3108 134.605 4.29949 3.95714 4.11203 0 5.07867 -1.15138 -0.943108 0.597171 0.0628598 0 5.61661 1.07143 -0.67541 0.662165 0.0922829 -1.02604e-17 5.98978 0.11501 -0.492489 0.916948 0.242293 -1.10457e-17 6.50583 -0.443523 -0.365719 0.808466 0.320547 -1.97295e-17 7.60548 -1.50593 -0.151695 1.04985 0.318948 -2.53307e-17 9.49737 -0.914492 0.150529 0.983297 -0.0223513 -2.90401e-17 10.5513 1.57691 -0.0563554 0.926039 0.0620353 -1.29193e-17 4.78644 0.715339 0.892164 1.33071 6.73403 -1.8116e-17 4.82109 0.421791 0.279074 -1.14186 2.98367 -2.00958e-17 4.83041 0.765062 -2.88021 -1.33813 1.13517 1.23299 -7.60731 7.53374 -1.3571 2.85055 1.19691 12.9547 3.2495 -3.26872 -86.6393 14.564 5.6327 29.2081 0.0598081 0.137039 3.40885 -0.480832 -16.645 24.234 0.0496219 0.113701 3.84105 -4.80666 -6.49429 -1.23299 -7.60729 7.53365 -0.536567 4.69065 -2.4664 -12.9547 3.2495 -3.26872 101.897 35.2366 -20.7319 -29.2081 0.0598081 0.137039 -4.53796 -0.874437 22.3971 -24.234 0.0496218 0.113702 13.9066 -60.8129 14.3837 9.23673 -4.20556 2.0327 -5.96304 -5.48298 -17.7915 -0.852353 -38.7721 -0.655187 0.0895264 -0.333994 0.00609094 -2.32622 -40.4017 -6.04875 2.11552 0.325588 14.8935 0.779096 -9.8844 12.4959 4.22417e-16 -7.82715e-16 2.88531e-33 -9.23673 -4.20556 2.0327 -10.7825 -14.7458 7.62099 0.852353 -38.7721 -0.655187 2.73773 10.1676 -0.0656304 2.32622 -40.4017 -6.04875 2.17276 -4.22679 -15.3709 -0.779096 -9.8844 12.4959 -1.18343e-15 -5.40736e-16 -1.27195e-14 
10.1182 92.2744 134.688 4.1227 4.25804 3.95867 0 5.07867 -1.15138 -0.916827 0.499568 0.0624139 0 5.61661 1.07143 -0.652257 0.592865 0.0973301 -1.02604e-17 5.98978 0.11501 -0.471912 0.872946 0.248377 -1.10457e-17 6.50583 -0.443523 -0.348024 0.803257 0.32836 -1.97295e-17 7.60548 -1.50593 -0.135938 1.08089 0.32552 -2.53307e-17 9.49737 -0.914492 0.163805 1.03437 -0.021612 -2.90401e-17 10.5513 1.57691 -0.0556938 0.923058 0.0643464 -1.29193e-17 4.78644 0.715339 0.896151 1.22861 6.62523 -1.8116e-17 4.82109 0.421791 0.360184 -1.10556 2.93671 -2.00958e-17 4.83041 0.765062 -2.79078 -1.27123 1.0338 1.23299 -7.60731 7.53374 -1.43978 2.8169 1.25935 12.9547 3.2495 -3.26872 -86.7221 14.4071 5.7405 29.2081 0.0598081 0.137039 3.45991 -0.495934 -16.9013 24.234 0.0496219 0.113701 3.9453 -4.35283 -6.52715 -1.23299 -7.60729 7.53365 -0.288119 4.65591 -2.49905 -12.9547 3.2495 -3.26872 102.111 35.327 -20.8626 -29.2081 0.0598081 0.137039 -4.67707 -0.931945 23.1204 -24.234 0.0496218 0.113702 14.2794 -61.0822 15.0519 9.23673 -4.20556 2.0327 -5.83797 -5.63041 -17.7365 -0.852353 -38.7721 -0.655187 0.133777 -0.499024 0.00929332 -2.32622 -40.4017 -6.04875 2.17636 0.0461816 14.9026 0.779096 -9.8844 12.4959 1.28878e-16 -7.91888e-16 9.17311e-18 -9.23673 -4.20556 2.0327 -10.6445 -14.9652 7.53978 0.852353 -38.7721 -0.655187 2.70559 10.0501 -0.0620419 2.32622 -40.4017 -6.04875 2.13121 -4.30708 -15.3699 -0.779096 -9.8844 12.4959 -8.04414e-16 -5.5258e-16 -1.27373e-14 
10.228 92.222 134.763 3.93938 4.61613 3.81974 0 5.07867 -1.15138 -0.893199 0.410623 0.0592605 0 5.61661 1.07143 -0.631181 0.526025 0.0983526 -1.02604e-17 5.98978 0.11501 -0.452869 0.823873 0.250496 -1.10457e-17 6.50583 -0.443523 -0.330721 0.781869 0.331842 -1.97295e-17 7.60548 -1.50593 -0.120433 1.09116 0.327753 -2.53307e-17 9.49737 -0.914492 0.176401 1.05811 -0.0251113 -2.90401e-17 10.5513 1.57691 -0.0545249 0.921856 0.0663584 -1.29193e-17 4.78644 0.715339 0.902491 1.11855 6.51959 -1.8116e-17 4.82109 0.421791 0.445817 -1.06912 2.89099 -2.00958e-17 4.83041 0.765062 -2.70093 -1.20333 0.945555 1.23299 -7.60731 7.53374 -1.49498 2.79513 1.32654 12.9547 3.2495 -3.26872 -86.794 14.249 5.84135 29.2081 0.0598081 0.137039 3.51414 -0.512245 -17.1738 24.234 0.0496219 0.113701 4.0374 -3.93315 -6.55324 -1.23299 -7.60729 7.53365 -0.0594642 4.62899 -2.52429 -12.9547 3.2495 -3.26872 102.159 35.2378 -20.8933 -29.2081 0.0598081 0.137039 -4.82353 -0.994732 23.8861 -24.234 0.0496218 0.113702 14.4014 -61.0951 15.4139 9.23673 -4.20556 2.0327 -5.70904 -5.84098 -17.7016 -0.852353 -38.7721 -0.655187 0.175727 -0.65543 0.0124462 -2.32622 -40.4017 -6.04875 2.24144 -0.303877 14.9164 0.779096 -9.8844 12.4959 2.48481e-17 -7.95139e-16 1.2424e-17 -9.23673 -4.20556 2.0327 -10.5109 -15.2462 7.44298 0.852353 -38.7721 -0.655187 2.67769 9.94798 -0.0589804 2.32622 -40.4017 -6.04875 2.07827 -4.45291 -15.368 -0.779096 -9.8844 12.4959 -3.02818e-16 -5.77428e-16 -1.27562e-14 
10.3366 92.1662 134.828 3.76213 4.9772 3.70573 0 5.07867 -1.15138 -0.87018 0.330684 0.0554249 0 5.61661 1.07143 -0.610494 0.463508 0.0972724 -1.02604e-17 5.98978 0.11501 -0.434455 0.774878 0.250254 -1.10457e-17 6.50583 -0.443523 -0.313777 0.754113 0.332505 -1.97295e-17 7.60548 -1.50593 -0.105732 1.09106 0.327183 -2.53307e-17 9.49737 -0.914492 0.187609 1.06693 -0.0305866 -2.90401e-17 10.5513 1.57691 -0.0529934 0.921688 0.0678954 -1.29193e-17 4.78644 0.715339 0.90798 1.00473 6.41066 -1.8116e-17 4.82109 0.421791 0.517419 -1.04889 2.84301 -2.00958e-17 4.83041 0.765062 -2.60903 -1.14554 0.860063 1.23299 -7.60731 7.53374 -1.52904 2.78027 1.391 12.9547 3.2495 -3.26872 -86.8575 14.1137 5.91315 29.2081 0.0598081 0.137039 3.56709 -0.528443 -17.4403 24.234 0.0496219 0.113701 4.11741 -3.5765 -6.56632 -1.23299 -7.60729 7.53365 0.154747 4.60335 -2.53439 -12.9547 3.2495 -3.26872 102.029 34.9814 -20.7787 -29.2081 0.0598081 0.137039 -4.968 -1.05896 24.6455 -24.234 0.0496218 0.113702 14.2176 -60.8623 15.4002 9.23673 -4.20556 2.0327 -5.58601 -6.06354 -17.7052 -0.852353 -38.7721 -0.655187 0.217817 -0.812321 0.015724 -2.32622 -40.4017 -6.04875 2.29613 -0.654322 14.9321 0.779096 -9.8844 12.4959 2.48481e-17 -7.95139e-16 1.2424e-17 -9.23673 -4.20556 2.0327 -10.3871 -15.5295 7.33975 0.852353 -38.7721 -0.655187 2.64952 9.84483 -0.0559392 2.32622 -40.4017 -6.04875 2.00524 -4.60627 -15.3654 -0.779096 -9.8844 12.4959 -1.98785e-16 -5.8393e-16 -1.27595e-14 
10.4387 92.1181 134.883 3.57724 5.31813 3.5966 0 5.07867 -1.15138 -0.839393 0.253956 0.0546651 0 5.61661 1.07143 -0.58367 0.403804 0.0991189 -1.02604e-17 5.98978 0.11501 -0.41183 0.73018 0.252836 -1.10457e-17 6.50583 -0.443523 -0.294182 0.734184 0.335745 -1.97295e-17 7.60548 -1.50593 -0.0896933 1.09672 0.328758 -2.53307e-17 9.49737 -0.914492 0.199652 1.08102 -0.0330682 -2.90401e-17 10.5513 1.57691 -0.0513724 0.9205 0.0691212 -1.29193e-17 4.78644 0.715339 0.909802 0.89879 6.28621 -1.8116e-17 4.82109 0.421791 0.580668 -1.0602 2.78739 -2.00958e-17 4.83041 0.765062 -2.54762 -1.12276 0.788209 1.23299 -7.60731 7.53374 -1.54488 2.76421 1.44227 12.9547 3.2495 -3.26872 -86.9019 14.0226 5.92903 29.2081 0.0598081 0.137039 3.61621 -0.543711 -17.6878 24.234 0.0496219 0.113701 4.16091 -3.2961 -6.57283 -1.23299 -7.60729 7.53365 0.38285 4.57078 -2.52215 -12.9547 3.2495 -3.26872 101.743 34.6722 -20.4833 -29.2081 0.0598081 0.137039 -5.09419 -1.11695 25.3126 -24.234 0.0496218 0.113702 13.9275 -60.6022 15.2305 9.23673 -4.20556 2.0327 -5.4472 -6.28389 -17.7451 -0.852353 -38.7721 -0.655187 0.25697 -0.958229 0.018876 -2.32622 -40.4017 -6.04875 2.34133 -0.974358 14.947 0.779096 -9.8844 12.4959 2.48481e-17 -7.95139e-16 1.2424e-17 -9.23673 -4.20556 2.0327 -10.2478 -15.8092 7.25433 0.852353 -38.7721 -0.655187 2.62388 9.75091 -0.0532159 2.32622 -40.4017 -6.04875 1.93378 -4.71097 -15.3634 -0.779096 -9.8844 12.4959 9.47501e-17 -5.93103e-16 -1.27687e-14 
10.5297 92.0857 134.931 3.37196 5.62198 3.48256 0 5.07867 -1.15138 -0.796465 0.176293 0.0606831 0 5.61661 1.07143 -0.547615 0.345258 0.108691 -1.02604e-17 5.98978 0.11501 -0.383017 0.691244 0.263216 -1.10457e-17 6.50583 -0.443523 -0.271312 0.729113 0.346744 -1.97295e-17 7.60548 -1.50593 -0.0719597 1.11592 0.337432 -2.53307e-17 9.49737 -0.914492 0.213487 1.11041 -0.0268661 -2.90401e-17 10.5513 1.57691 -0.0499443 0.917134 0.0702298 -1.29193e-17 4.78644 0.715339 0.906317 0.803052 6.13654 -1.8116e-17 4.82109 0.421791 0.63384 -1.09136 2.71988 -2.00958e-17 4.83041 0.765062 -2.5131 -1.12333 0.718607 1.23299 -7.60731 7.53374 -1.54805 2.74321 1.46497 12.9547 3.2495 -3.26872 -86.9196 13.9904 5.88212 29.2081 0.0598081 0.137039 3.66128 -0.557922 -17.9151 24.234 0.0496219 0.113701 4.17572 -3.09441 -6.5669 -1.23299 -7.60729 7.53365 0.613972 4.53274 -2.48261 -12.9547 3.2495 -3.26872 101.388 34.4862 -20.0493 -29.2081 0.0598081 0.137039 -5.19391 -1.16403 25.8421 -24.234 0.0496218 0.113702 13.8108 -60.5266 15.1937 9.23673 -4.20556 2.0327 -5.27552 -6.48886 -17.7887 -0.852353 -38.7721 -0.655187 0.29124 -1.0859 0.021716 -2.32622 -40.4017 -6.04875 2.37941 -1.24472 14.959 0.779096 -9.8844 12.4959 2.48481e-17 -7.95139e-16 1.2424e-17 -9.23673 -4.20556 2.0327 -10.07 -16.0549 7.19487 0.852353 -38.7721 -0.655187 2.59213 9.63454 -0.0499019 2.32622 -40.4017 -6.04875 1.87662 -4.72967 -15.3621 -0.779096 -9.8844 12.4959 -9.75354e-16 -5.50489e-16 -1.2726e-14 
10.6103 92.0731 134.977 3.17436 5.8888 3.38903 0 5.07867 -1.15138 -0.750942 0.0925859 0.0734111 0 5.61661 1.07143 -0.510601 0.284337 0.12525 -1.02604e-17 5.98978 0.11501 -0.354246 0.656173 0.280683 -1.10457e-17 6.50583 -0.443523 -0.249478 0.739775 0.364853 -1.97295e-17 7.60548 -1.50593 -0.0547914 1.15136 0.353183 -2.53307e-17 9.49737 -0.914492 0.228768 1.15884 -0.0120406 -2.90401e-17 10.5513 1.57691 -0.0487451 0.911703 0.0711057 -1.29193e-17 4.78644 0.715339 0.89605 0.718167 5.93352 -1.8116e-17 4.82109 0.421791 0.682001 -1.13118 2.6278 -2.00958e-17 4.83041 0.765062 -2.48851 -1.13177 0.655546 1.23299 -7.60731 7.53374 -1.54079 2.71564 1.46032 12.9547 3.2495 -3.26872 -86.9061 14.0494 5.78489 29.2081 0.0598081 0.137039 3.70256 -0.571114 -18.1236 24.234 0.0496219 0.113701 4.14827 -2.96261 -6.54262 -1.23299 -7.60729 7.53365 0.828756 4.48853 -2.41721 -12.9547 3.2495 -3.26872 101.026 34.5027 -19.525 -29.2081 0.0598081 0.137039 -5.26934 -1.2004 26.2442 -24.234 0.0496218 0.113702 13.8035 -60.6054 15.1901 9.23673 -4.20556 2.0327 -5.10412 -6.67995 -17.8237 -0.852353 -38.7721 -0.655187 0.319218 -1.19012 0.0240909 -2.32622 -40.4017 -6.04875 2.38006 -1.4371 14.9676 0.779096 -9.8844 12.4959 2.48481e-17 -7.95139e-16 1.2424e-17 -9.23673 -4.20556 2.0327 -9.89149 -16.2446 7.14937 0.852353 -38.7721 -0.655187 2.54973 9.47906 -0.045578 2.32622 -40.4017 -6.04875 1.84804 -4.67352 -15.3614 -0.779096 -9.8844 12.4959 -8.04423e-16 -5.5258e-16 -1.27373e-14 
10.6668 92.0785 135.02 2.98061 6.14358 3.2983 0 5.07867 -1.15138 -0.70856 0.00185501 0.0944357 0 5.61661 1.07143 -0.47745 0.219482 0.149642 -1.02604e-17 5.98978 0.11501 -0.328779 0.621632 0.305658 -1.10457e-17 6.50583 -0.443523 -0.23045 0.759597 0.390277 -1.97295e-17 7.60548 -1.50593 -0.0381478 1.19619 0.376555 -2.53307e-17 9.49737 -0.914492 0.247188 1.21692 0.0112082 -2.90401e-17 10.5513 1.57691 -0.0471734 0.904777 0.0715368 -1.29193e-17 4.78644 0.715339 0.881136 0.656044 5.67395 -1.8116e-17 4.82109 0.421791 0.741578 -1.17567 2.51038 -2.00958e-17 4.83041 0.765062 -2.49379 -1.15347 0.613016 1.23299 -7.60731 7.53374 -1.5006 2.67809 1.45312 12.9547 3.2495 -3.26872 -86.909 14.1995 5.67937 29.2081 0.0598081 0.137039 3.74096 -0.583536 -18.3178 24.234 0.0496219 0.113701 4.11866 -2.87996 -6.52106 -1.23299 -7.60729 7.53365 0.99473 4.43475 -2.35575 -12.9547 3.2495 -3.26872 100.691 34.6139 -18.9184 -29.2081 0.0598081 0.137039 -5.31643 -1.22344 26.4959 -24.234 0.0496218 0.113702 13.7192 -60.8301 14.9866 9.23673 -4.20556 2.0327 -4.92304 -6.88005 -17.8145 -0.852353 -38.7721 -0.655187 0.341384 -1.27266 0.0260083 -2.32622 -40.4017 -6.04875 2.3611 -1.56402 14.9725 0.779096 -9.8844 12.4959 2.48481e-17 -7.95139e-16 1.2424e-17 -9.23673 -4.20556 2.0327 -9.69497 -16.4139 7.12989 0.852353 -38.7721 -0.655187 2.4999 9.29614 -0.0406425 2.32622 -40.4017 -6.04875 1.82238 -4.54578 -15.3605 -0.779096 -9.8844 12.4959 -5.96354e-16 -5.59082e-16 -1.27471e-14 
10.691 92.091 135.063 2.80851 6.45605 3.22855 0 5.07867 -1.15138 -0.68637 -0.099394 0.12092 0 5.61661 1.07143 -0.462386 0.143415 0.177108 -1.02604e-17 5.98978 0.11501 -0.317552 0.574293 0.332963 -1.10457e-17 6.50583 -0.443523 -0.22168 0.76431 0.417401 -1.97295e-17 7.60548 -1.50593 -0.0269606 1.22534 0.403052 -2.53307e-17 9.49737 -0.914492 0.265579 1.253 0.038663 -2.90401e-17 10.5513 1.57691 -0.0445736 0.89911 0.0709575 -1.29193e-17 4.78644 0.715339 0.863808 0.642231 5.39458 -1.8116e-17 4.82109 0.421791 0.805658 -1.21089 2.38423 -2.00958e-17 4.83041 0.765062 -2.49353 -1.2044 0.566854 1.23299 -7.60731 7.53374 -1.37743 2.63041 1.4833 12.9547 3.2495 -3.26872 -86.9736 14.4216 5.62521 29.2081 0.0598081 0.137039 3.77611 -0.595029 -18.4957 24.234 0.0496219 0.113701 4.095 -2.81025 -6.53017 -1.23299 -7.60729 7.53365 1.038 4.37907 -2.33876 -12.9547 3.2495 -3.26872 100.466 34.6637 -18.2981 -29.2081 0.0598081 0.137039 -5.32647 -1.22839 26.5496 -24.234 0.0496218 0.113702 13.4722 -61.107 14.5167 9.23673 -4.20556 2.0327 -4.75878 -7.14905 -17.7516 -0.852353 -38.7721 -0.655187 0.360372 -1.34337 0.0276761 -2.32622 -40.4017 -6.04875 2.34781 -1.64819 14.9747 0.779096 -9.8844 12.4959 2.48481e-17 -7.95139e-16 1.2424e-17 -9.23673 -4.20556 2.0327 -9.51097 -16.6257 7.09747 0.852353 -38.7721 -0.655187 2.44622 9.09895 -0.0355058 2.32622 -40.4017 -6.04875 1.79352 -4.41973 -15.3578 -0.779096 -9.8844 12.4959 -5.96354e-16 -5.59082e-16 -1.27471e-14 
10.6917 92.1116 135.104 2.6698 6.82708 3.18628 0 5.07867 -1.15138 -0.689382 -0.211831 0.148243 0 5.61661 1.07143 -0.469212 0.053947 0.202701 -1.02604e-17 5.98978 0.11501 -0.323612 0.509816 0.3576 -1.10457e-17 6.50583 -0.443523 -0.225487 0.7454 0.441155 -1.97295e-17 7.60548 -1.50593 -0.0237972 1.23065 0.427682 -2.53307e-17 9.49737 -0.914492 0.280217 1.25793 0.0655665 -2.90401e-17 10.5513 1.57691 -0.0412376 0.8956 0.0691414 -1.29193e-17 4.78644 0.715339 0.850888 0.660332 5.14645 -1.8116e-17 4.82109 0.421791 0.868569 -1.24611 2.27298 -2.00958e-17 4.83041 0.765062 -2.47583 -1.28003 0.493868 1.23299 -7.60731 7.53374 -1.17955 2.57682 1.55213 12.9547 3.2495 -3.26872 -87.1009 14.657 5.66112 29.2081 0.0598081 0.137039 3.81473 -0.6078 -18.6914 24.234 0.0496219 0.113701 4.08228 -2.71167 -6.54515 -1.23299 -7.60729 7.53365 0.927795 4.33364 -2.37345 -12.9547 3.2495 -3.26872 100.41 34.6418 -17.7654 -29.2081 0.0598081 0.137039 -5.29951 -1.21513 26.4054 -24.234 0.0496218 0.113702 13.0333 -61.2521 13.7856 9.23673 -4.20556 2.0327 -4.62663 -7.47701 -17.656 -0.852353 -38.7721 -0.655187 0.383093 -1.42796 0.0297022 -2.32622 -40.4017 -6.04875 2.3174 -1.67208 14.9739 0.779096 -9.8844 12.4959 2.48481e-17 -7.95139e-16 1.2424e-17 -9.23673 -4.20556 2.0327 -9.3597 -16.8866 7.04448 0.852353 -38.7721 -0.655187 2.39108 8.89619 -0.0304218 2.32622 -40.4017 -6.04875 1.75458 -4.29195 -15.3542 -0.779096 -9.8844 12.4959 -5.96354e-16 -5.59082e-16 -1.27471e-14 
10.6861 92.1633 135.154 2.58702 7.11502 3.16213 0 5.07867 -1.15138 -0.717507 -0.33575 0.176013 0 5.61661 1.07143 -0.498178 -0.0436616 0.226404 -1.02604e-17 5.98978 0.11501 -0.348202 0.443229 0.378996 -1.10457e-17 6.50583 -0.443523 -0.244739 0.733247 0.460962 -1.97295e-17 7.60548 -1.50593 -0.0330078 1.24747 0.450096 -2.53307e-17 9.49737 -0.914492 0.285077 1.27785 0.0934353 -2.90401e-17 10.5513 1.57691 -0.0385557 0.891583 0.0653597 -1.29193e-17 4.78644 0.715339 0.835996 0.734055 4.94802 -1.8116e-17 4.82109 0.421791 0.904713 -1.31179 2.1853 -2.00958e-17 4.83041 0.765062 -2.4215 -1.39008 0.409359 1.23299 -7.60731 7.53374 -0.967351 2.49943 1.6401 12.9547 3.2495 -3.26872 -87.2177 14.822 5.75854 29.2081 0.0598081 0.137039 3.85407 -0.620955 -18.8909 24.234 0.0496219 0.113701 4.06057 -2.5461 -6.53566 -1.23299 -7.60729 7.53365 0.658048 4.28115 -2.4594 -12.9547 3.2495 -3.26872 100.586 34.7042 -17.4311 -29.2081 0.0598081 0.137039 -5.24714 -1.18963 26.1257 -24.234 0.0496218 0.113702 12.7017 -61.3126 13.1644 9.23673 -4.20556 2.0327 -4.54286 -7.69847 -17.5716 -0.852353 -38.7721 -0.655187 0.420827 -1.5684 0.0331406 -2.32622 -40.4017 -6.04875 2.21083 -1.52382 14.9679 0.779096 -9.8844 12.4959 2.48481e-17 -7.95139e-16 1.2424e-17 -9.23673 -4.20556 2.0327 -9.25777 -17.0542 6.98871 0.852353 -38.7721 -0.655187 2.33388 8.68566 -0.0253551 2.32622 -40.4017 -6.04875 1.71362 -4.0639 -15.3498 -0.779096 -9.8844 12.4959 -3.02819e-16 -5.77428e-16 -1.27562e-14 
10.6874 92.2476 135.218 2.522 7.32747 3.13219 0 5.07867 -1.15138 -0.745739 -0.481311 0.196095 0 5.61661 1.07143 -0.526922 -0.152916 0.243509 -1.02604e-17 5.98978 0.11501 -0.374119 0.379205 0.392645 -1.10457e-17 6.50583 -0.443523 -0.267343 0.747216 0.472594 -1.97295e-17 7.60548 -1.50593 -0.049126 1.30226 0.464118 -2.53307e-17 9.49737 -0.914492 0.277636 1.34703 0.116521 -2.90401e-17 10.5513 1.57691 -0.0375558 0.883676 0.0587158 -1.29193e-17 4.78644 0.715339 0.819609 0.90562 4.82221 -1.8116e-17 4.82109 0.421791 0.903129 -1.42887 2.13178 -2.00958e-17 4.83041 0.765062 -2.39385 -1.59893 0.347455 1.23299 -7.60731 7.53374 -0.778433 2.38008 1.74324 12.9547 3.2495 -3.26872 -87.2905 14.8967 5.89253 29.2081 0.0598081 0.137039 3.89978 -0.636435 -19.123 24.234 0.0496219 0.113701 3.99214 -2.37941 -6.51377 -1.23299 -7.60729 7.53365 0.197763 4.19579 -2.61136 -12.9547 3.2495 -3.26872 101.034 34.9949 -17.3837 -29.2081 0.0598081 0.137039 -5.21118 -1.1723 25.9341 -24.234 0.0496218 0.113702 12.6788 -61.339 12.9349 9.23673 -4.20556 2.0327 -4.47417 -7.82104 -17.5102 -0.852353 -38.7721 -0.655187 0.470219 -1.75218 0.03778 -2.32622 -40.4017 -6.04875 2.06107 -1.22315 14.9571 0.779096 -9.8844 12.4959 2.48481e-17 -7.95139e-16 1.2424e-17 -9.23673 -4.20556 2.0327 -9.16593 -17.1346 6.94373 0.852353 -38.7721 -0.655187 2.27121 8.45477 -0.0200459 2.32622 -40.4017 -6.04875 1.69996 -3.708 -15.3471 -0.779096 -9.8844 12.4959 -4.92319e-16 -5.65584e-16 -1.27503e-14 
10.7044 92.3537 135.281 2.40407 7.54332 3.09834 0 5.07867 -1.15138 -0.747753 -0.64719 0.198785 0 5.61661 1.07143 -0.531611 -0.275144 0.248101 -1.02604e-17 5.98978 0.11501 -0.382612 0.31142 0.393481 -1.10457e-17 6.50583 -0.443523 -0.279039 0.773732 0.471392 -1.97295e-17 7.60548 -1.50593 -0.0641659 1.38252 0.462924 -2.53307e-17 9.49737 -0.914492 0.258117 1.45066 0.127226 -2.90401e-17 10.5513 1.57691 -0.0379244 0.872577 0.0494374 -1.29193e-17 4.78644 0.715339 0.80999 1.14276 4.7781 -1.8116e-17 4.82109 0.421791 0.864826 -1.56849 2.11646 -2.00958e-17 4.83041 0.765062 -2.41802 -1.88669 0.32866 1.23299 -7.60731 7.53374 -0.656287 2.23444 1.84205 12.9547 3.2495 -3.26872 -87.3153 14.8971 6.06571 29.2081 0.0598081 0.137039 3.96314 -0.658235 -19.4453 24.234 0.0496219 0.113701 3.8932 -2.29057 -6.46084 -1.23299 -7.60729 7.53365 -0.469894 4.08738 -2.82083 -12.9547 3.2495 -3.26872 101.748 35.5506 -17.7095 -29.2081 0.0598081 0.137039 -5.25241 -1.19218 26.1538 -24.234 0.0496218 0.113702 12.8249 -61.3538 12.9438 9.23673 -4.20556 2.0327 -4.3613 -7.95419 -17.4562 -0.852353 -38.7721 -0.655187 0.519715 -1.93626 0.0425866 -2.32622 -40.4017 -6.04875 1.91457 -0.861686 14.9434 0.779096 -9.8844 12.4959 2.48481e-17 -7.95139e-16 1.2424e-17 -9.23673 -4.20556 2.0327 -9.02793 -17.2354 6.8963 0.852353 -38.7721 -0.655187 2.2088 8.22463 -0.0150111 2.32622 -40.4017 -6.04875 1.73827 -3.22502 -15.3475 -0.779096 -9.8844 12.4959 -5.96354e-16 -5.59082e-16 -1.27471e-14 
10.7439 92.4904 135.321 2.25988 7.68927 3.11518 0 5.07867 -1.15138 -0.73313 -0.799748 0.184952 0 5.61661 1.07143 -0.520224 -0.385863 0.239968 -1.02604e-17 5.98978 0.11501 -0.379494 0.255136 0.381662 -1.10457e-17 6.50583 -0.443523 -0.283497 0.810771 0.457785 -1.97295e-17 7.60548 -1.50593 -0.0792713 1.47806 0.447824 -2.53307e-17 9.49737 -0.914492 0.227847 1.57551 0.125875 -2.90401e-17 10.5513 1.57691 -0.0390545 0.862151 0.0383213 -1.29193e-17 4.78644 0.715339 0.805984 1.41056 4.75558 -1.8116e-17 4.82109 0.421791 0.799578 -1.70926 2.11174 -2.00958e-17 4.83041 0.765062 -2.43801 -2.1887 0.36008 1.23299 -7.60731 7.53374 -0.658324 2.08733 1.90514 12.9547 3.2495 -3.26872 -87.2415 14.8352 6.22639 29.2081 0.0598081 0.137039 4.03769 -0.684397 -19.8253 24.234 0.0496219 0.113701 3.80024 -2.25684 -6.36029 -1.23299 -7.60729 7.53365 -1.29068 3.97529 -3.05195 -12.9547 3.2495 -3.26872 102.648 36.3134 -18.407 -29.2081 0.0598081 0.137039 -5.40038 -1.26515 26.9458 -24.234 0.0496218 0.113702 12.9178 -61.4449 12.9321 9.23673 -4.20556 2.0327 -4.2384 -8.06452 -17.4475 -0.852353 -38.7721 -0.655187 0.560386 -2.08746 0.0466542 -2.32622 -40.4017 -6.04875 1.71132 -0.389218 14.9289 0.779096 -9.8844 12.4959 2.48481e-17 -7.95139e-16 1.2424e-17 -9.23673 -4.20556 2.0327 -8.89334 -17.2947 6.80411 0.852353 -38.7721 -0.655187 2.15075 8.01041 -0.0105548 2.32622 -40.4017 -6.04875 1.85108 -2.58345 -15.3514 -0.779096 -9.8844 12.4959 -5.96354e-16 -5.59082e-16 -1.27471e-14 
10.7975 92.6597 135.343 2.10876 7.76799 3.18611 0 5.07867 -1.15138 -0.701997 -0.936054 0.16026 0 5.61661 1.07143 -0.493101 -0.48183 0.224639 -1.02604e-17 5.98978 0.11501 -0.363913 0.214844 0.363314 -1.10457e-17 6.50583 -0.443523 -0.278742 0.865474 0.438387 -1.97295e-17 7.60548 -1.50593 -0.0899428 1.59508 0.425665 -2.53307e-17 9.49737 -0.914492 0.1949 1.72876 0.116684 -2.90401e-17 10.5513 1.57691 -0.0401588 0.852786 0.0264667 -1.29193e-17 4.78644 0.715339 0.806812 1.7169 4.70512 -1.8116e-17 4.82109 0.421791 0.741638 -1.85696 2.09506 -2.00958e-17 4.83041 0.765062 -2.47502 -2.5365 0.429354 1.23299 -7.60731 7.53374 -0.762015 1.93942 1.94215 12.9547 3.2495 -3.26872 -87.0771 14.7612 6.31959 29.2081 0.0598081 0.137039 4.11202 -0.711035 -20.205 24.234 0.0496219 0.113701 3.68991 -2.26476 -6.25327 -1.23299 -7.60729 7.53365 -2.17092 3.85753 -3.29188 -12.9547 3.2495 -3.26872 103.598 37.1791 -19.3589 -29.2081 0.0598081 0.137039 -5.64423 -1.39103 28.2628 -24.234 0.0496218 0.113702 12.7863 -61.6084 12.7385 9.23673 -4.20556 2.0327 -4.11755 -8.17131 -17.5052 -0.852353 -38.7721 -0.655187 0.582688 -2.17034 0.0489298 -2.32622 -40.4017 -6.04875 1.43682 0.196138 14.9147 0.779096 -9.8844 12.4959 2.48481e-17 -7.95139e-16 1.2424e-17 -9.23673 -4.20556 2.0327 -8.77628 -17.2956 6.65084 0.852353 -38.7721 -0.655187 2.09124 7.79058 -0.0062121 2.32622 -40.4017 -6.04875 2.04758 -1.79656 -15.3641 -0.779096 -9.8844 12.4959 -5.96354e-16 -5.59082e-16 -1.27471e-14 
10.8487 92.846 135.378 1.96683 7.82613 3.27533 0 5.07867 -1.15138 -0.661681 -1.06555 0.132235 0 5.61661 1.07143 -0.457019 -0.572721 0.20852 -1.02604e-17 5.98978 0.11501 -0.340442 0.180461 0.34528 -1.10457e-17 6.50583 -0.443523 -0.267191 0.927776 0.420104 -1.97295e-17 7.60548 -1.50593 -0.0948324 1.72348 0.403915 -2.53307e-17 9.49737 -0.914492 0.166003 1.89757 0.105292 -2.90401e-17 10.5513 1.57691 -0.0401575 0.844793 0.01478 -1.29193e-17 4.78644 0.715339 0.816588 2.03811 4.62886 -1.8116e-17 4.82109 0.421791 0.706591 -1.98918 2.0667 -2.00958e-17 4.83041 0.765062 -2.52329 -2.91214 0.50434 1.23299 -7.60731 7.53374 -0.928517 1.79863 1.96171 12.9547 3.2495 -3.26872 -86.8591 14.734 6.35585 29.2081 0.0598081 0.137039 4.1776 -0.735003 -20.5408 24.234 0.0496219 0.113701 3.56405 -2.33947 -6.16801 -1.23299 -7.60729 7.53365 -3.04765 3.74325 -3.52838 -12.9547 3.2495 -3.26872 104.517 38.0474 -20.473 -29.2081 0.0598081 0.137039 -5.96507 -1.56769 30.0198 -24.234 0.0496218 0.113702 12.3075 -61.8416 12.2116 9.23673 -4.20556 2.0327 -4.00553 -8.27757 -17.5904 -0.852353 -38.7721 -0.655187 0.594461 -2.21409 0.0501439 -2.32622 -40.4017 -6.04875 1.15453 0.84651 14.8983 0.779096 -9.8844 12.4959 2.48481e-17 -7.95139e-16 1.2424e-17 -9.23673 -4.20556 2.0327 -8.67324 -17.2516 6.48122 0.852353 -38.7721 -0.655187 2.02449 7.54379 -0.00161389 2.32622 -40.4017 -6.04875 2.31611 -0.964708 -15.3869 -0.779096 -9.8844 12.4959 -5.96354e-16 -5.59082e-16 -1.27471e-14 
10.8866 93.0247 135.448 1.84148 7.93535 3.34796 0 5.07867 -1.15138 -0.620219 -1.20172 0.106873 0 5.61661 1.07143 -0.420071 -0.672475 0.19649 -1.02604e-17 5.98978 0.11501 -0.315393 0.135718 0.332734 -1.10457e-17 6.50583 -0.443523 -0.253582 0.978488 0.408066 -1.97295e-17 7.60548 -1.50593 -0.0958167 1.84435 0.388461 -2.53307e-17 9.49737 -0.914492 0.14335 2.05959 0.0971613 -2.90401e-17 10.5513 1.57691 -0.0385102 0.839168 0.00441164 -1.29193e-17 4.78644 0.715339 0.835701 2.32008 4.53406 -1.8116e-17 4.82109 0.421791 0.695962 -2.07971 2.02934 -2.00958e-17 4.83041 0.765062 -2.5645 -3.25386 0.574574 1.23299 -7.60731 7.53374 -1.12584 1.67727 1.97231 12.9547 3.2495 -3.26872 -86.6179 14.7732 6.38812 29.2081 0.0598081 0.137039 4.23381 -0.75589 -20.8291 24.234 0.0496219 0.113701 3.43274 -2.47767 -6.13855 -1.23299 -7.60729 7.53365 -3.85775 3.6494 -3.7511 -12.9547 3.2495 -3.26872 105.378 38.8793 -21.7169 -29.2081 0.0598081 0.137039 -6.34045 -1.79112 32.1141 -24.234 0.0496218 0.113702 11.4831 -62.1815 11.3406 9.23673 -4.20556 2.0327 -3.90391 -8.41038 -17.6462 -0.852353 -38.7721 -0.655187 0.605291 -2.25433 0.0512686 -2.32622 -40.4017 -6.04875 0.903504 1.46741 14.8816 0.779096 -9.8844 12.4959 2.48481e-17 -7.95139e-16 1.2424e-17 -9.23673 -4.20556 2.0327 -8.57723 -17.2208 6.32181 0.852353 -38.7721 -0.655187 1.95182 7.27489 0.00306314 2.32622 -40.4017 -6.04875 2.60044 -0.205794 -15.4167 -0.779096 -9.8844 12.4959 -5.96354e-16 -5.59082e-16 -1.27471e-14 
10.9153 93.176 135.555 1.7169 8.11641 3.43322 0 5.07867 -1.15138 -0.577628 -1.34867 0.0843155 0 5.61661 1.07143 -0.381894 -0.786258 0.18854 -1.02604e-17 5.98978 0.11501 -0.28813 0.0726547 0.325721 -1.10457e-17 6.50583 -0.443523 -0.237026 1.00505 0.402324 -1.97295e-17 7.60548 -1.50593 -0.0918457 1.94428 0.37926 -2.53307e-17 9.49737 -0.914492 0.128519 2.19851 0.0920638 -2.90401e-17 10.5513 1.57691 -0.0350188 0.836903 -0.00350923 -1.29193e-17 4.78644 0.715339 0.86325 2.53676 4.41859 -1.8116e-17 4.82109 0.421791 0.709044 -2.11901 1.98212 -2.00958e-17 4.83041 0.765062 -2.57662 -3.50512 0.619715 1.23299 -7.60731 7.53374 -1.31334 1.58102 1.99409 12.9547 3.2495 -3.26872 -86.4233 14.9118 6.47966 29.2081 0.0598081 0.137039 4.2867 -0.775839 -21.1008 24.234 0.0496219 0.113701 3.31811 -2.62392 -6.1393 -1.23299 -7.60729 7.53365 -4.57268 3.58727 -3.95608 -12.9547 3.2495 -3.26872 106.18 39.6215 -23.0822 -29.2081 0.0598081 0.137039 -6.74551 -2.05378 34.4271 -24.234 0.0496218 0.113702 10.3523 -62.5924 10.1616 9.23673 -4.20556 2.0327 -3.80546 -8.57173 -17.69 -0.852353 -38.7721 -0.655187 0.620876 -2.31223 0.0529004 -2.32622 -40.4017 -6.04875 0.698323 1.97528 14.8681 0.779096 -9.8844 12.4959 -2.68682e-16 -8.04311e-16 2.15969e-17 -9.23673 -4.20556 2.0327 -8.48559 -17.2089 6.1365 0.852353 -38.7721 -0.655187 1.87307 6.98319 0.00774518 2.32622 -40.4017 -6.04875 2.86998 0.399529 -15.4493 -0.779096 -9.8844 12.4959 -3.02824e-16 -5.77428e-16 -1.27562e-14 
10.9406 93.2838 135.671 1.56896 8.35486 3.511 0 5.07867 -1.15138 -0.522789 -1.47867 0.0667977 0 5.61661 1.07143 -0.332646 -0.893452 0.188 -1.02604e-17 5.98978 0.11501 -0.251006 0.00237405 0.327325 -1.10457e-17 6.50583 -0.443523 -0.212022 1.00239 0.405941 -1.97295e-17 7.60548 -1.50593 -0.0791711 2.00915 0.378447 -2.53307e-17 9.49737 -0.914492 0.124044 2.29366 0.0917967 -2.90401e-17 10.5513 1.57691 -0.0293179 0.839052 -0.00834416 -1.29193e-17 4.78644 0.715339 0.898567 2.70194 4.30019 -1.8116e-17 4.82109 0.421791 0.748571 -2.13038 1.93381 -2.00958e-17 4.83041 0.765062 -2.59029 -3.67108 0.618547 1.23299 -7.60731 7.53374 -1.4233 1.51333 2.05914 12.9547 3.2495 -3.26872 -86.3696 15.1955 6.68523 29.2081 0.0598081 0.137039 4.34308 -0.797424 -21.3911 24.234 0.0496219 0.113701 3.22822 -2.77026 -6.17881 -1.23299 -7.60729 7.53365 -5.20762 3.56653 -4.15886 -12.9547 3.2495 -3.26872 106.908 40.2032 -24.5244 -29.2081 0.0598081 0.137039 -7.15372 -2.3429 36.8219 -24.234 0.0496218 0.113702 8.9327 -62.8693 8.69354 9.23673 -4.20556 2.0327 -3.68376 -8.76238 -17.7478 -0.852353 -38.7721 -0.655187 0.638862 -2.37903 0.0548029 -2.32622 -40.4017 -6.04875 0.576993 2.29396 14.857 0.779096 -9.8844 12.4959 2.14339e-16 -7.89217e-16 6.50246e-18 -9.23673 -4.20556 2.0327 -8.36864 -17.2474 5.94953 0.852353 -38.7721 -0.655187 1.79936 6.70991 0.0117625 2.32622 -40.4017 -6.04875 3.08308 0.82596 -15.4793 -0.779096 -9.8844 12.4959 -1.98785e-16 -5.8393e-16 -1.27595e-14 
10.9691 93.3395 135.771 1.40399 8.58509 3.5911 0 5.07867 -1.15138 -0.456241 -1.5404 0.0543435 0 5.61661 1.07143 -0.272993 -0.955077 0.195072 -1.02604e-17 5.98978 0.11501 -0.205255 -0.0520087 0.337041 -1.10457e-17 6.50583 -0.443523 -0.18011 0.966459 0.418191 -1.97295e-17 7.60548 -1.50593 -0.0599453 2.01961 0.385264 -2.53307e-17 9.49737 -0.914492 0.127022 2.31649 0.096687 -2.90401e-17 10.5513 1.57691 -0.0218012 0.847275 -0.00958123 -1.29193e-17 4.78644 0.715339 0.931822 2.83363 4.16648 -1.8116e-17 4.82109 0.421791 0.790544 -2.13029 1.87831 -2.00958e-17 4.83041 0.765062 -2.61061 -3.77062 0.570662 1.23299 -7.60731 7.53374 -1.39778 1.48514 2.18291 12.9547 3.2495 -3.26872 -86.5262 15.6368 7.04212 29.2081 0.0598081 0.137039 4.41118 -0.823929 -21.7424 24.234 0.0496219 0.113701 3.17825 -2.89803 -6.24431 -1.23299 -7.60729 7.53365 -5.80539 3.60416 -4.3647 -12.9547 3.2495 -3.26872 107.583 40.5805 -26.0382 -29.2081 0.0598081 0.137039 -7.54377 -2.64415 39.1795 -24.234 0.0496218 0.113702 7.38686 -62.8774 7.10185 9.23673 -4.20556 2.0327 -3.54982 -8.95565 -17.822 -0.852353 -38.7721 -0.655187 0.646753 -2.40834 0.0556442 -2.32622 -40.4017 -6.04875 0.55294 2.39433 14.8473 0.779096 -9.8844 12.4959 1.28887e-16 -7.91887e-16 9.17281e-18 -9.23673 -4.20556 2.0327 -8.23851 -17.303 5.76782 0.852353 -38.7721 -0.655187 1.74064 6.49206 0.0147099 2.32622 -40.4017 -6.04875 3.23475 1.05187 -15.5037 -0.779096 -9.8844 12.4959 -4.92315e-16 -5.65584e-16 -1.27503e-14 
10.9958 93.3332 135.834 1.24468 8.84243 3.69004 0 5.07867 -1.15138 -0.389722 -1.50034 0.0444726 0 5.61661 1.07143 -0.21363 -0.946228 0.206147 -1.02604e-17 5.98978 0.11501 -0.159527 -0.0779429 0.350923 -1.10457e-17 6.50583 -0.443523 -0.147585 0.88897 0.435049 -1.97295e-17 7.60548 -1.50593 -0.0390571 1.9572 0.396556 -2.53307e-17 9.49737 -0.914492 0.133307 2.24226 0.10414 -2.90401e-17 10.5513 1.57691 -0.0130705 0.862523 -0.0066756 -1.29193e-17 4.78644 0.715339 0.955431 2.89869 4.02286 -1.8116e-17 4.82109 0.421791 0.823473 -2.13463 1.81779 -2.00958e-17 4.83041 0.765062 -2.65848 -3.82809 0.471657 1.23299 -7.60731 7.53374 -1.2015 1.51694 2.3599 12.9547 3.2495 -3.26872 -86.9134 16.2209 7.55049 29.2081 0.0598081 0.137039 4.50399 -0.860833 -22.2225 24.234 0.0496219 0.113701 3.1697 -3.01926 -6.31839 -1.23299 -7.60729 7.53365 -6.35796 3.718 -4.55347 -12.9547 3.2495 -3.26872 108.205 40.753 -27.5949 -29.2081 0.0598081 0.137039 -7.9004 -2.943 41.4038 -24.234 0.0496218 0.113702 5.78088 -62.5772 5.46725 9.23673 -4.20556 2.0327 -3.43177 -9.20737 -17.9134 -0.852353 -38.7721 -0.655187 0.638979 -2.37947 0.0548154 -2.32622 -40.4017 -6.04875 0.616619 2.2507 14.8416 0.779096 -9.8844 12.4959 2.48481e-17 -7.95139e-16 1.2424e-17 -9.23673 -4.20556 2.0327 -8.12647 -17.4261 5.56299 0.852353 -38.7721 -0.655187 1.70438 6.35745 0.0164183 2.32622 -40.4017 -6.04875 3.30432 1.02133 -15.5213 -0.779096 -9.8844 12.4959 -3.02824e-16 -5.77428e-16 -1.27562e-14 
11.0045 93.2732 135.849 1.06821 9.12275 3.79301 0 5.07867 -1.15138 -0.316897 -1.35822 0.0342883 0 5.61661 1.07143 -0.148658 -0.863269 0.218129 -1.02604e-17 5.98978 0.11501 -0.109189 -0.0678433 0.366088 -1.10457e-17 6.50583 -0.443523 -0.111323 0.781605 0.453566 -1.97295e-17 7.60548 -1.50593 -0.0156748 1.83287 0.408982 -2.53307e-17 9.49737 -0.914492 0.141076 2.08649 0.111568 -2.90401e-17 10.5513 1.57691 -0.0048891 0.881934 0.000942527 -1.29193e-17 4.78644 0.715339 0.965669 2.82669 3.88696 -1.8116e-17 4.82109 0.421791 0.836609 -2.1489 1.76017 -2.00958e-17 4.83041 0.765062 -2.73304 -3.83333 0.338864 1.23299 -7.60731 7.53374 -0.887898 1.62397 2.53099 12.9547 3.2495 -3.26872 -87.4721 16.858 8.1319 29.2081 0.0598081 0.137039 4.62487 -0.910253 -22.8501 24.234 0.0496219 0.113701 3.22152 -3.16895 -6.34867 -1.23299 -7.60729 7.53365 -6.77645 3.90391 -4.67349 -12.9547 3.2495 -3.26872 108.718 40.8377 -29.0976 -29.2081 0.0598081 0.137039 -8.19927 -3.21239 43.326 -24.234 0.0496218 0.113702 4.33756 -62.3213 4.06785 9.23673 -4.20556 2.0327 -3.28988 -9.52449 -18.0191 -0.852353 -38.7721 -0.655187 0.616168 -2.29474 0.0524059 -2.32622 -40.4017 -6.04875 0.732965 1.87438 14.8459 0.779096 -9.8844 12.4959 2.48481e-17 -7.95139e-16 1.2424e-17 -9.23673 -4.20556 2.0327 -7.99675 -17.6325 5.35661 0.852353 -38.7721 -0.655187 1.69083 6.30715 0.0170344 2.32622 -40.4017 -6.04875 3.31105 0.787966 -15.5317 -0.779096 -9.8844 12.4959 -1.98785e-16 -5.8393e-16 -1.27595e-14 
10.9849 93.1755 135.807 0.910756 9.42461 3.85399 0 5.07867 -1.15138 -0.248065 -1.17502 0.0192502 0 5.61661 1.07143 -0.0865895 -0.744458 0.222708 -1.02604e-17 5.98978 0.11501 -0.0604364 -0.0313064 0.373995 -1.10457e-17 6.50583 -0.443523 -0.0756936 0.681442 0.464491 -1.97295e-17 7.60548 -1.50593 0.00628026 1.69969 0.414555 -2.53307e-17 9.49737 -0.914492 0.145749 1.91903 0.111881 -2.90401e-17 10.5513 1.57691 0.00129598 0.898828 0.0112428 -1.29193e-17 4.78644 0.715339 0.95892 2.60657 3.79944 -1.8116e-17 4.82109 0.421791 0.812345 -2.17576 1.72308 -2.00958e-17 4.83041 0.765062 -2.81505 -3.81818 0.222077 1.23299 -7.60731 7.53374 -0.568787 1.78037 2.65231 12.9547 3.2495 -3.26872 -88.0224 17.433 8.63966 29.2081 0.0598081 0.137039 4.74788 -0.962144 -23.4916 24.234 0.0496219 0.113701 3.28511 -3.41211 -6.35803 -1.23299 -7.60729 7.53365 -6.94339 4.10317 -4.70075 -12.9547 3.2495 -3.26872 108.995 40.8887 -30.3191 -29.2081 0.0598081 0.137039 -8.41998 -3.42339 44.784 -24.234 0.0496218 0.113702 3.03809 -62.3358 2.89324 9.23673 -4.20556 2.0327 -3.14459 -9.91487 -18.0937 -0.852353 -38.7721 -0.655187 0.578408 -2.15444 0.0484906 -2.32622 -40.4017 -6.04875 0.854673 1.34479 14.861 0.779096 -9.8844 12.4959 3.18378e-16 -7.85966e-16 3.25123e-18 -9.23673 -4.20556 2.0327 -7.86583 -17.944 5.21397 0.852353 -38.7721 -0.655187 1.702 6.34862 0.0165273 2.32622 -40.4017 -6.04875 3.24153 0.418794 -15.5327 -0.779096 -9.8844 12.4959 -4.92315e-16 -5.65584e-16 -1.27503e-14 
10.9393 93.0448 135.701 0.734912 9.85223 3.94345 0 5.07867 -1.15138 -0.1867 -1.03498 -0.0134774 0 5.61661 1.07143 -0.0286542 -0.651676 0.205206 -1.02604e-17 5.98978 0.11501 -0.0130861 -0.00345853 0.359949 -1.10457e-17 6.50583 -0.443523 -0.0383652 0.601896 0.45279 -1.97295e-17 7.60548 -1.50593 0.0279045 1.59296 0.398465 -2.53307e-17 9.49737 -0.914492 0.145298 1.78558 0.0900649 -2.90401e-17 10.5513 1.57691 0.00545451 0.909136 0.0215684 -1.29193e-17 4.78644 0.715339 0.940993 2.2817 3.75101 -1.8116e-17 4.82109 0.421791 0.774193 -2.21679 1.70276 -2.00958e-17 4.83041 0.765062 -2.90503 -3.82935 0.173702 1.23299 -7.60731 7.53374 -0.295752 1.94116 2.73416 12.9547 3.2495 -3.26872 -88.4533 17.9196 8.95562 29.2081 0.0598081 0.137039 4.84876 -1.00591 -24.0199 24.234 0.0496219 0.113701 3.34616 -3.78539 -6.35386 -1.23299 -7.60729 7.53365 -6.86304 4.26387 -4.65064 -12.9547 3.2495 -3.26872 108.922 40.811 -31.043 -29.2081 0.0598081 0.137039 -8.55008 -3.55292 45.6603 -24.234 0.0496218 0.113702 1.96948 -62.5061 1.93054 9.23673 -4.20556 2.0327 -2.98976 -10.5149 -18.1595 -0.852353 -38.7721 -0.655187 0.517539 -1.92817 0.042372 -2.32622 -40.4017 -6.04875 1.00027 0.668323 14.8864 0.779096 -9.8844 12.4959 4.22417e-16 -7.82715e-16 2.88531e-33 -9.23673 -4.20556 2.0327 -7.73402 -18.4594 5.0495 0.852353 -38.7721 -0.655187 1.73704 6.47867 0.0148837 2.32622 -40.4017 -6.04875 3.11705 -0.0620442 -15.5268 -0.779096 -9.8844 12.4959 -5.96354e-16 -5.59082e-16 -1.27471e-14 
10.8527 92.9049 135.544 0.482815 10.3296 4.0173 0 5.07867 -1.15138 -0.127486 -0.933165 -0.0507544 0 5.61661 1.07143 0.028714 -0.583457 0.178895 -1.02604e-17 5.98978 0.11501 0.035214 0.0134705 0.337145 -1.10457e-17 6.50583 -0.443523 0.00159977 0.533709 0.43157 -1.97295e-17 7.60548 -1.50593 0.0516888 1.49974 0.373352 -2.53307e-17 9.49737 -0.914492 0.1462 1.66915 0.0582898 -2.90401e-17 10.5513 1.57691 0.00881609 0.915738 0.0306626 -1.29193e-17 4.78644 0.715339 0.927748 1.88179 3.76681 -1.8116e-17 4.82109 0.421791 0.758952 -2.26455 1.71207 -2.00958e-17 4.83041 0.765062 -2.98934 -3.80337 0.140334 1.23299 -7.60731 7.53374 -0.0822567 2.10255 2.76829 12.9547 3.2495 -3.26872 -88.713 18.3333 9.08769 29.2081 0.0598081 0.137039 4.91038 -1.0332 -24.3436 24.234 0.0496219 0.113701 3.41086 -4.29953 -6.35802 -1.23299 -7.60729 7.53365 -6.58697 4.39384 -4.54746 -12.9547 3.2495 -3.26872 108.522 40.6021 -31.2189 -29.2081 0.0598081 0.137039 -8.57888 -3.58213 45.8561 -24.234 0.0496218 0.113702 1.20468 -62.6399 1.18061 9.23673 -4.20556 2.0327 -2.73815 -11.2442 -18.2129 -0.852353 -38.7721 -0.655187 0.437187 -1.62928 0.0346599 -2.32622 -40.4017 -6.04875 1.19806 -0.0927332 14.9152 0.779096 -9.8844 12.4959 1.28887e-16 -7.91887e-16 9.17281e-18 -9.23673 -4.20556 2.0327 -7.50139 -19.1108 4.91673 0.852353 -38.7721 -0.655187 1.78742 6.66563 0.01238 2.32622 -40.4017 -6.04875 2.94436 -0.497313 -15.512 -0.779096 -9.8844 12.4959 -5.96354e-16 -5.59082e-16 -1.27471e-14 
10.727 92.8075 135.363 0.183646 10.6488 4.00875 0 5.07867 -1.15138 -0.0717404 -0.842478 -0.0781193 0 5.61661 1.07143 0.0815482 -0.515112 0.158919 -1.02604e-17 5.98978 0.11501 0.0797697 0.0448965 0.319515 -1.10457e-17 6.50583 -0.443523 0.0385242 0.504203 0.414575 -1.97295e-17 7.60548 -1.50593 0.0747214 1.44053 0.352996 -2.53307e-17 9.49737 -0.914492 0.150084 1.59103 0.0314864 -2.90401e-17 10.5513 1.57691 0.0115957 0.918487 0.0372429 -1.29193e-17 4.78644 0.715339 0.914139 1.52733 3.79193 -1.8116e-17 4.82109 0.421791 0.773563 -2.34595 1.727 -2.00958e-17 4.83041 0.765062 -3.03639 -3.77549 0.164831 1.23299 -7.60731 7.53374 0.0889458 2.23097 2.77536 12.9547 3.2495 -3.26872 -88.8103 18.6497 9.05134 29.2081 0.0598081 0.137039 4.91913 -1.03711 -24.3897 24.234 0.0496219 0.113701 3.46001 -4.87788 -6.40803 -1.23299 -7.60729 7.53365 -6.21059 4.47813 -4.43717 -12.9547 3.2495 -3.26872 107.9 40.2799 -30.8833 -29.2081 0.0598081 0.137039 -8.4944 -3.49699 45.2836 -24.234 0.0496218 0.113702 0.863581 -62.6191 0.748661 9.23673 -4.20556 2.0327 -2.38001 -11.8489 -18.1833 -0.852353 -38.7721 -0.655187 0.356837 -1.3302 0.0273638 -2.32622 -40.4017 -6.04875 1.35816 -0.718107 14.9418 0.779096 -9.8844 12.4959 2.48481e-17 -7.95139e-16 1.2424e-17 -9.23673 -4.20556 2.0327 -7.14895 -19.6784 4.9097 0.852353 -38.7721 -0.655187 1.84033 6.86185 0.00957295 2.32622 -40.4017 -6.04875 2.78819 -0.665521 -15.4916 -0.779096 -9.8844 12.4959 -5.96354e-16 -5.59082e-16 -1.27471e-14 
10.5984 92.7621 135.184 -0.0797703 10.8571 4.03452 0 5.07867 -1.15138 -0.0386758 -0.770465 -0.106527 0 5.61661 1.07143 0.11403 -0.45462 0.133171 -1.02604e-17 5.98978 0.11501 0.108608 0.0825463 0.29441 -1.10457e-17 6.50583 -0.443523 0.0649993 0.507781 0.389213 -1.97295e-17 7.60548 -1.50593 0.0916711 1.41438 0.3258 -2.53307e-17 9.49737 -0.914492 0.151749 1.54879 -0.00121124 -2.90401e-17 10.5513 1.57691 0.0136495 0.91855 0.0411166 -1.29193e-17 4.78644 0.715339 0.8938 1.28697 3.77736 -1.8116e-17 4.82109 0.421791 0.794809 -2.45012 1.72469 -2.00958e-17 4.83041 0.765062 -3.02995 -3.81638 0.229119 1.23299 -7.60731 7.53374 0.257233 2.31217 2.79976 12.9547 3.2495 -3.26872 -88.8273 18.9216 8.92756 29.2081 0.0598081 0.137039 4.89604 -1.02681 -24.2682 24.234 0.0496219 0.113701 3.47614 -5.4401 -6.48545 -1.23299 -7.60729 7.53365 -5.84919 4.51723 -4.3385 -12.9547 3.2495 -3.26872 107.202 39.8231 -30.222 -29.2081 0.0598081 0.137039 -8.31332 -3.32007 44.075 -24.234 0.0496218 0.113702 0.985512 -62.5327 0.770914 9.23673 -4.20556 2.0327 -2.05793 -12.3381 -18.1216 -0.852353 -38.7721 -0.655187 0.289427 -1.07915 0.0215639 -2.32622 -40.4017 -6.04875 1.41902 -1.08693 14.963 0.779096 -9.8844 12.4959 2.48481e-17 -7.95139e-16 1.2424e-17 -9.23673 -4.20556 2.0327 -6.83189 -20.1062 4.88409 0.852353 -38.7721 -0.655187 1.87643 6.99563 0.00755379 2.32622 -40.4017 -6.04875 2.69992 -0.6275 -15.4736 -0.779096 -9.8844 12.4959 -5.96354e-16 -5.59082e-16 -1.27471e-14 
10.4839 92.7485 135.007 -0.364262 11.1012 4.1489 0 5.07867 -1.15138 -0.00688823 -0.724949 -0.146422 0 5.61661 1.07143 0.147724 -0.41374 0.0937248 -1.02604e-17 5.98978 0.11501 0.139755 0.108319 0.255036 -1.10457e-17 6.50583 -0.443523 0.0954725 0.514559 0.349236 -1.97295e-17 7.60548 -1.50593 0.11102 1.39616 0.283384 -2.53307e-17 9.49737 -0.914492 0.152686 1.5155 -0.04884 -2.90401e-17 10.5513 1.57691 0.014832 0.917367 0.0441284 -1.29193e-17 4.78644 0.715339 0.879601 1.07949 3.76729 -1.8116e-17 4.82109 0.421791 0.812955 -2.55154 1.7253 -2.00958e-17 4.83041 0.765062 -3.02042 -3.86372 0.267642 1.23299 -7.60731 7.53374 0.39917 2.37382 2.82396 12.9547 3.2495 -3.26872 -88.8123 19.222 8.81773 29.2081 0.0598081 0.137039 4.88417 -1.02154 -24.2058 24.234 0.0496219 0.113701 3.47744 -6.03058 -6.51163 -1.23299 -7.60729 7.53365 -5.51518 4.54292 -4.2202 -12.9547 3.2495 -3.26872 106.518 39.3298 -29.462 -29.2081 0.0598081 0.137039 -8.07994 -3.10265 42.5517 -24.234 0.0496218 0.113702 1.44554 -62.494 1.21207 9.23673 -4.20556 2.0327 -1.75052 -12.8677 -18.117 -0.852353 -38.7721 -0.655187 0.230144 -0.858264 0.0167057 -2.32622 -40.4017 -6.04875 1.44478 -1.30334 14.9795 0.779096 -9.8844 12.4959 2.48481e-17 -7.95139e-16 1.2424e-17 -9.23673 -4.20556 2.0327 -6.53053 -20.5149 4.76809 0.852353 -38.7721 -0.655187 1.8892 7.04296 0.00681898 2.32622 -40.4017 -6.04875 2.65526 -0.451715 -15.4603 -0.779096 -9.8844 12.4959 -5.96354e-16 -5.59082e-16 -1.27471e-14 
10.3729 92.7619 134.834 -0.669821 11.2991 4.22903 0 5.07867 -1.15138 0.033047 -0.687822 -0.185984 0 5.61661 1.07143 0.189504 -0.377817 0.0539462 -1.02604e-17 5.98978 0.11501 0.177616 0.134338 0.215275 -1.10457e-17 6.50583 -0.443523 0.130754 0.529257 0.308606 -1.97295e-17 7.60548 -1.50593 0.133309 1.38771 0.239182 -2.53307e-17 9.49737 -0.914492 0.155059 1.49641 -0.0972356 -2.90401e-17 10.5513 1.57691 0.0153 0.914844 0.047112 -1.29193e-17 4.78644 0.715339 0.872081 0.866581 3.77264 -1.8116e-17 4.82109 0.421791 0.817618 -2.63317 1.73334 -2.00958e-17 4.83041 0.765062 -3.00956 -3.85883 0.303011 1.23299 -7.60731 7.53374 0.470243 2.42913 2.81148 12.9547 3.2495 -3.26872 -88.7055 19.5315 8.73897 29.2081 0.0598081 0.137039 4.88739 -1.02297 -24.2228 24.234 0.0496219 0.113701 3.44528 -6.67993 -6.48433 -1.23299 -7.60729 7.53365 -5.18268 4.56469 -4.07699 -12.9547 3.2495 -3.26872 105.903 38.9695 -28.7566 -29.2081 0.0598081 0.137039 -7.84077 -2.89138 41.027 -24.234 0.0496218 0.113702 2.01301 -62.5544 1.78851 9.23673 -4.20556 2.0327 -1.40539 -13.3288 -18.1073 -0.852353 -38.7721 -0.655187 0.184173 -0.686916 0.0130947 -2.32622 -40.4017 -6.04875 1.45001 -1.4144 14.9898 0.779096 -9.8844 12.4959 2.48481e-17 -7.95139e-16 1.2424e-17 -9.23673 -4.20556 2.0327 -6.18582 -20.8769 4.69736 0.852353 -38.7721 -0.655187 1.89224 7.05422 0.00664265 2.32622 -40.4017 -6.04875 2.62972 -0.126194 -15.4466 -0.779096 -9.8844 12.4959 -3.02829e-16 -5.77427e-16 -1.27562e-14 
10.2692 92.8051 134.694 -0.954862 11.3714 4.29197 0 5.07867 -1.15138 0.0722428 -0.656065 -0.22582 0 5.61661 1.07143 0.230875 -0.341434 0.0133146 -1.02604e-17 5.98978 0.11501 0.215005 0.169616 0.174018 -1.10457e-17 6.50583 -0.443523 0.165009 0.567972 0.266089 -1.97295e-17 7.60548 -1.50593 0.154157 1.40629 0.192726 -2.53307e-17 9.49737 -0.914492 0.155201 1.5109 -0.145977 -2.90401e-17 10.5513 1.57691 0.0149046 0.910754 0.0490541 -1.29193e-17 4.78644 0.715339 0.860277 0.724589 3.7495 -1.8116e-17 4.82109 0.421791 0.798425 -2.70575 1.72804 -2.00958e-17 4.83041 0.765062 -2.98223 -3.85865 0.381962 1.23299 -7.60731 7.53374 0.501558 2.45717 2.7922 12.9547 3.2495 -3.26872 -88.5374 19.8282 8.66398 29.2081 0.0598081 0.137039 4.89252 -1.02525 -24.2497 24.234 0.0496219 0.113701 3.39261 -7.30402 -6.40502 -1.23299 -7.60729 7.53365 -4.9102 4.55968 -3.94631 -12.9547 3.2495 -3.26872 105.393 38.7256 -28.1579 -29.2081 0.0598081 0.137039 -7.62212 -2.70781 39.6623 -24.234 0.0496218 0.113702 2.69752 -62.5727 2.45044 9.23673 -4.20556 2.0327 -1.06518 -13.6096 -18.0625 -0.852353 -38.7721 -0.655187 0.157198 -0.58635 0.0110395 -2.32622 -40.4017 -6.04875 1.39177 -1.39596 14.996 0.779096 -9.8844 12.4959 2.48481e-17 -7.95139e-16 1.2424e-17 -9.23673 -4.20556 2.0327 -5.8433 -21.0769 4.65357 0.852353 -38.7721 -0.655187 1.88381 7.02297 0.00713067 2.32622 -40.4017 -6.04875 2.64036 0.310505 -15.4339 -0.779096 -9.8844 12.4959 -4.9231e-16 -5.65585e-16 -1.27503e-14 
10.1755 92.8595 134.593 -1.21394 11.4801 4.39463 0 5.07867 -1.15138 0.10681 -0.650003 -0.272207 0 5.61661 1.07143 0.269263 -0.32489 -0.0340867 -1.02604e-17 5.98978 0.11501 0.250173 0.19262 0.125345 -1.10457e-17 6.50583 -0.443523 0.198117 0.609265 0.21594 -1.97295e-17 7.60548 -1.50593 0.173288 1.43775 0.138586 -2.53307e-17 9.49737 -0.914492 0.151526 1.54076 -0.20121 -2.90401e-17 10.5513 1.57691 0.0143418 0.906357 0.0491757 -1.29193e-17 4.78644 0.715339 0.849778 0.665211 3.72249 -1.8116e-17 4.82109 0.421791 0.765405 -2.76667 1.72081 -2.00958e-17 4.83041 0.765062 -2.99975 -3.91681 0.455112 1.23299 -7.60731 7.53374 0.556846 2.4573 2.80993 12.9547 3.2495 -3.26872 -88.4083 20.1361 8.62832 29.2081 0.0598081 0.137039 4.9048 -1.03071 -24.3143 24.234 0.0496219 0.113701 3.34084 -7.86126 -6.31227 -1.23299 -7.60729 7.53365 -4.78487 4.53443 -3.85885 -12.9547 3.2495 -3.26872 105.041 38.5342 -27.7234 -29.2081 0.0598081 0.137039 -7.45072 -2.56994 38.6105 -24.234 0.0496218 0.113702 3.40697 -62.3163 3.13053 9.23673 -4.20556 2.0327 -0.76881 -13.8638 -18.0151 -0.852353 -38.7721 -0.655187 0.151094 -0.563592 0.010581 -2.32622 -40.4017 -6.04875 1.29805 -1.30092 14.9987 0.779096 -9.8844 12.4959 2.48481e-17 -7.95139e-16 1.2424e-17 -9.23673 -4.20556 2.0327 -5.54772 -21.2497 4.55209 0.852353 -38.7721 -0.655187 1.86332 6.94705 0.00829686 2.32622 -40.4017 -6.04875 2.66573 0.743378 -15.4253 -0.779096 -9.8844 12.4959 -5.96354e-16 -5.59082e-16 -1.27471e-14 
10.0751 92.9123 134.508 -1.44678 11.684 4.47609 0 5.07867 -1.15138 0.13083 -0.668417 -0.317845 0 5.61661 1.07143 0.298546 -0.331857 -0.0809128 -1.02604e-17 5.98978 0.11501 0.277531 0.195337 0.0770395 -1.10457e-17 6.50583 -0.443523 0.224797 0.635023 0.166151 -1.97295e-17 7.60548 -1.50593 0.187591 1.46548 0.0854596 -2.53307e-17 9.49737 -0.914492 0.144396 1.56846 -0.254232 -2.90401e-17 10.5513 1.57691 0.0142283 0.902357 0.0474563 -1.29193e-17 4.78644 0.715339 0.848139 0.633936 3.73217 -1.8116e-17 4.82109 0.421791 0.729777 -2.81432 1.73054 -2.00958e-17 4.83041 0.765062 -3.04123 -3.996 0.500295 1.23299 -7.60731 7.53374 0.628731 2.4473 2.84869 12.9547 3.2495 -3.26872 -88.3093 20.4077 8.65967 29.2081 0.0598081 0.137039 4.93108 -1.04246 -24.4526 24.234 0.0496219 0.113701 3.29709 -8.36595 -6.21299 -1.23299 -7.60729 7.53365 -4.82896 4.5143 -3.8198 -12.9547 3.2495 -3.26872 104.931 38.4503 -27.5644 -29.2081 0.0598081 0.137039 -7.35753 -2.49712 38.0448 -24.234 0.0496218 0.113702 4.073 -61.9105 3.82828 9.23673 -4.20556 2.0327 -0.495126 -14.1691 -17.9617 -0.852353 -38.7721 -0.655187 0.160875 -0.600059 0.0113169 -2.32622 -40.4017 -6.04875 1.20821 -1.18299 14.9989 0.779096 -9.8844 12.4959 2.48481e-17 -7.95139e-16 1.2424e-17 -9.23673 -4.20556 2.0327 -5.27536 -21.5014 4.4573 0.852353 -38.7721 -0.655187 1.83974 6.85965 0.0096054 2.32622 -40.4017 -6.04875 2.6919 1.13707 -15.4187 -0.779096 -9.8844 12.4959 -3.02829e-16 -5.77427e-16 -1.27562e-14 
9.96456 92.9851 134.413 -1.62573 11.8144 4.45512 0 5.07867 -1.15138 0.137846 -0.702339 -0.353429 0 5.61661 1.07143 0.310831 -0.3494 -0.117473 -1.02604e-17 5.98978 0.11501 0.289767 0.198618 0.0386517 -1.10457e-17 6.50583 -0.443523 0.237405 0.676776 0.126438 -1.97295e-17 7.60548 -1.50593 0.192132 1.52129 0.0439059 -2.53307e-17 9.49737 -0.914492 0.132616 1.63635 -0.294085 -2.90401e-17 10.5513 1.57691 0.0142629 0.896233 0.0435618 -1.29193e-17 4.78644 0.715339 0.847555 0.642513 3.76709 -1.8116e-17 4.82109 0.421791 0.689448 -2.88031 1.75223 -2.00958e-17 4.83041 0.765062 -3.04924 -4.092 0.555056 1.23299 -7.60731 7.53374 0.649223 2.41289 2.8844 12.9547 3.2495 -3.26872 -88.1337 20.5596 8.70393 29.2081 0.0598081 0.137039 4.95979 -1.05538 -24.6038 24.234 0.0496219 0.113701 3.24255 -8.79815 -6.09608 -1.23299 -7.60729 7.53365 -4.98225 4.48364 -3.83152 -12.9547 3.2495 -3.26872 105.07 38.54 -27.7372 -29.2081 0.0598081 0.137039 -7.36134 -2.50007 38.0678 -24.234 0.0496218 0.113702 4.6168 -61.4382 4.48519 9.23673 -4.20556 2.0327 -0.23068 -14.3753 -17.8662 -0.852353 -38.7721 -0.655187 0.183898 -0.685891 0.0130735 -2.32622 -40.4017 -6.04875 1.07092 -0.957132 14.9963 0.779096 -9.8844 12.4959 2.48481e-17 -7.95139e-16 1.2424e-17 -9.23673 -4.20556 2.0327 -5.00804 -21.71 4.47908 0.852353 -38.7721 -0.655187 1.81672 6.77428 0.0108483 2.32622 -40.4017 -6.04875 2.75007 1.61974 -15.414 -0.779096 -9.8844 12.4959 -4.9231e-16 -5.65585e-16 -1.27503e-14 
9.85716 93.0977 134.342 -1.716 11.7775 4.34373 0 5.07867 -1.15138 0.125375 -0.767536 -0.380285 0 5.61661 1.07143 0.303131 -0.38258 -0.144744 -1.02604e-17 5.98978 0.11501 0.284537 0.212302 0.00878809 -1.10457e-17 6.50583 -0.443523 0.234097 0.771317 0.0955029 -1.97295e-17 7.60548 -1.50593 0.185617 1.64851 0.0129049 -2.53307e-17 9.49737 -0.914492 0.114798 1.79822 -0.322256 -2.90401e-17 10.5513 1.57691 0.0140977 0.884658 0.0368306 -1.29193e-17 4.78644 0.715339 0.838092 0.756996 3.80649 -1.8116e-17 4.82109 0.421791 0.640146 -2.99387 1.77603 -2.00958e-17 4.83041 0.765062 -3.04415 -4.27841 0.644033 1.23299 -7.60731 7.53374 0.590396 2.3208 2.93127 12.9547 3.2495 -3.26872 -87.8497 20.5989 8.70176 29.2081 0.0598081 0.137039 4.98058 -1.06479 -24.7134 24.234 0.0496219 0.113701 3.15246 -9.15803 -5.97229 -1.23299 -7.60729 7.53365 -5.19336 4.40009 -3.89875 -12.9547 3.2495 -3.26872 105.366 38.7578 -28.1791 -29.2081 0.0598081 0.137039 -7.46375 -2.58024 38.6899 -24.234 0.0496218 0.113702 4.91053 -60.8649 4.92746 9.23673 -4.20556 2.0327 -0.0143494 -14.3523 -17.7274 -0.852353 -38.7721 -0.655187 0.228421 -0.85184 0.0165678 -2.32622 -40.4017 -6.04875 0.834719 -0.52982 14.9915 0.779096 -9.8844 12.4959 2.48481e-17 -7.95139e-16 1.2424e-17 -9.23673 -4.20556 2.0327 -4.78475 -21.7348 4.59703 0.852353 -38.7721 -0.655187 1.78579 6.65956 0.0124638 2.32622 -40.4017 -6.04875 2.87839 2.23597 -15.4163 -0.779096 -9.8844 12.4959 -9.30344e-18 -5.866e-16 -1.27654e-14 
9.77112 93.2339 134.317 -1.75789 11.7154 4.28417 0 5.07867 -1.15138 0.0983538 -0.882469 -0.411286 0 5.61661 1.07143 0.282243 -0.450684 -0.175458 -1.02604e-17 5.98978 0.11501 0.268539 0.214218 -0.0247817 -1.10457e-17 6.50583 -0.443523 0.222469 0.894529 0.0612553 -1.97295e-17 7.60548 -1.50593 0.172799 1.82718 -0.0200023 -2.53307e-17 9.49737 -0.914492 0.0915759 2.02789 -0.352263 -2.90401e-17 10.5513 1.57691 0.0146105 0.869941 0.0278924 -1.29193e-17 4.78644 0.715339 0.822103 0.959271 3.81994 -1.8116e-17 4.82109 0.421791 0.593032 -3.12952 1.7874 -2.00958e-17 4.83041 0.765062 -3.04031 -4.56025 0.747388 1.23299 -7.60731 7.53374 0.468962 2.18103 3.00577 12.9547 3.2495 -3.26872 -87.5161 20.5934 8.66277 29.2081 0.0598081 0.137039 5.00116 -1.07415 -24.822 24.234 0.0496219 0.113701 3.06392 -9.42831 -5.832 -1.23299 -7.60729 7.53365 -5.4667 4.26811 -4.00514 -12.9547 3.2495 -3.26872 105.699 38.9657 -28.8292 -29.2081 0.0598081 0.137039 -7.66792 -2.74553 39.946 -24.234 0.0496218 0.113702 4.83189 -60.2005 4.93739 9.23673 -4.20556 2.0327 0.126135 -14.2511 -17.6716 -0.852353 -38.7721 -0.655187 0.289634 -1.07992 0.0215813 -2.32622 -40.4017 -6.04875 0.551451 0.0402405 14.9879 0.779096 -9.8844 12.4959 2.48481e-17 -7.95139e-16 1.2424e-17 -9.23673 -4.20556 2.0327 -4.6439 -21.6495 4.64278 0.852353 -38.7721 -0.655187 1.73608 6.47514 0.0149294 2.32622 -40.4017 -6.04875 3.07568 2.87777 -15.4312 -0.779096 -9.8844 12.4959 -3.88266e-16 -5.68836e-16 -1.27536e-14 
9.70421 93.3714 134.326 -1.76805 11.6764 4.2705 0 5.07867 -1.15138 0.0614761 -1.02122 -0.441355 0 5.61661 1.07143 0.252522 -0.54069 -0.205046 -1.02604e-17 5.98978 0.11501 0.245265 0.199917 -0.0566337 -1.10457e-17 6.50583 -0.443523 0.204947 1.01083 0.0291442 -1.97295e-17 7.60548 -1.50593 0.155823 2.01137 -0.0494713 -2.53307e-17 9.49737 -0.914492 0.0666681 2.26868 -0.379287 -2.90401e-17 10.5513 1.57691 0.0167041 0.857173 0.0184562 -1.29193e-17 4.78644 0.715339 0.807992 1.16866 3.81508 -1.8116e-17 4.82109 0.421791 0.560787 -3.24562 1.78931 -2.00958e-17 4.83041 0.765062 -3.02947 -4.83394 0.799744 1.23299 -7.60731 7.53374 0.267287 2.039 3.07237 12.9547 3.2495 -3.26872 -87.1292 20.5749 8.61947 29.2081 0.0598081 0.137039 5.02344 -1.08434 -24.9397 24.234 0.0496219 0.113701 2.99655 -9.62608 -5.69785 -1.23299 -7.60729 7.53365 -5.75531 4.13335 -4.11431 -12.9547 3.2495 -3.26872 105.984 39.1379 -29.6484 -29.2081 0.0598081 0.137039 -7.95703 -2.99267 41.7638 -24.234 0.0496218 0.113702 4.27153 -59.5518 4.38283 9.23673 -4.20556 2.0327 0.214553 -14.1349 -17.8185 -0.852353 -38.7721 -0.655187 0.361621 -1.34802 0.0277866 -2.32622 -40.4017 -6.04875 0.26707 0.653091 14.9874 0.779096 -9.8844 12.4959 -2.68677e-16 -8.04311e-16 2.15967e-17 -9.23673 -4.20556 2.0327 -4.57047 -21.5296 4.62021 0.852353 -38.7721 -0.655187 1.67821 6.26029 0.0175977 2.32622 -40.4017 -6.04875 3.2963 3.46616 -15.4542 -0.779096 -9.8844 12.4959 -9.30344e-18 -5.866e-16 -1.27654e-14 
9.65811 93.5127 134.36 -1.75838 11.5648 4.28182 0 5.07867 -1.15138 0.0305389 -1.15401 -0.46802 0 5.61661 1.07143 0.227838 -0.628143 -0.229678 -1.02604e-17 5.98978 0.11501 0.225474 0.186393 -0.0829618 -1.10457e-17 6.50583 -0.443523 0.188852 1.12407 0.00288638 -1.97295e-17 7.60548 -1.50593 0.139268 2.19367 -0.0732081 -2.53307e-17 9.49737 -0.914492 0.0424336 2.50782 -0.400469 -2.90401e-17 10.5513 1.57691 0.0201164 0.847268 0.0094631 -1.29193e-17 4.78644 0.715339 0.793183 1.39626 3.76022 -1.8116e-17 4.82109 0.421791 0.534364 -3.34343 1.76698 -2.00958e-17 4.83041 0.765062 -3.00001 -5.08138 0.833755 1.23299 -7.60731 7.53374 -0.000221778 1.90222 3.12121 12.9547 3.2495 -3.26872 -86.7119 20.5755 8.55601 29.2081 0.0598081 0.137039 5.03335 -1.08889 -24.992 24.234 0.0496219 0.113701 2.93434 -9.77109 -5.59623 -1.23299 -7.60729 7.53365 -6.05763 4.00356 -4.22323 -12.9547 3.2495 -3.26872 106.167 39.274 -30.574 -29.2081 0.0598081 0.137039 -8.29294 -3.30062 43.9406 -24.234 0.0496218 0.113702 3.43522 -58.9677 3.48129 9.23673 -4.20556 2.0327 0.277855 -13.936 -18.152 -0.852353 -38.7721 -0.655187 0.432377 -1.61139 0.0342115 -2.32622 -40.4017 -6.04875 -0.0192595 1.2909 14.9897 0.779096 -9.8844 12.4959 -7.9196e-17 -7.9839e-16 1.56754e-17 -9.23673 -4.20556 2.0327 -4.5343 -21.3072 4.56069 0.852353 -38.7721 -0.655187 1.61857 6.03871 0.0201199 2.32622 -40.4017 -6.04875 3.51973 4.04585 -15.481 -0.779096 -9.8844 12.4959 4.9231e-16 -6.14699e-16 -1.27903e-14 
9.63511 93.6488 134.413 -1.72779 11.4041 4.31121 0 5.07867 -1.15138 0.0150243 -1.27685 -0.493815 0 5.61661 1.07143 0.217041 -0.710432 -0.250819 -1.02604e-17 5.98978 0.11501 0.216456 0.172015 -0.105478 -1.10457e-17 6.50583 -0.443523 0.180369 1.2279 -0.0193618 -1.97295e-17 7.60548 -1.50593 0.127463 2.36441 -0.0940703 -2.53307e-17 9.49737 -0.914492 0.0206642 2.72993 -0.419074 -2.90401e-17 10.5513 1.57691 0.0247762 0.83983 0.00131819 -1.29193e-17 4.78644 0.715339 0.779748 1.66111 3.66863 -1.8116e-17 4.82109 0.421791 0.504396 -3.41031 1.726 -2.00958e-17 4.83041 0.765062 -2.99778 -5.31712 0.854304 1.23299 -7.60731 7.53374 -0.260901 1.77121 3.18473 12.9547 3.2495 -3.26872 -86.3681 20.6347 8.51853 29.2081 0.0598081 0.137039 5.03203 -1.08829 -24.9851 24.234 0.0496219 0.113701 2.86312 -9.87951 -5.54876 -1.23299 -7.60729 7.53365 -6.40963 3.88259 -4.35066 -12.9547 3.2495 -3.26872 106.239 39.3377 -31.5735 -29.2081 0.0598081 0.137039 -8.65475 -3.66004 46.375 -24.234 0.0496218 0.113702 2.446 -58.4161 2.355 9.23673 -4.20556 2.0327 0.305282 -13.7199 -18.5658 -0.852353 -38.7721 -0.655187 0.481031 -1.79239 0.0388165 -2.32622 -40.4017 -6.04875 -0.273673 1.90195 14.9903 0.779096 -9.8844 12.4959 2.48481e-17 -7.95139e-16 1.2424e-17 -9.23673 -4.20556 2.0327 -4.53507 -21.0193 4.47717 0.852353 -38.7721 -0.655187 1.56215 5.829 0.0222923 2.32622 -40.4017 -6.04875 3.73206 4.58159 -15.5131 -0.779096 -9.8844 12.4959 -2.84222e-16 -5.75339e-16 -1.27601e-14 
9.6331 93.7538 134.482 -1.71436 11.2788 4.37861 0 5.07867 -1.15138 0.0172209 -1.38363 -0.521575 0 5.61661 1.07143 0.223044 -0.788795 -0.270417 -1.02604e-17 5.98978 0.11501 0.220761 0.14421 -0.126195 -1.10457e-17 6.50583 -0.443523 0.182154 1.29168 -0.0396442 -1.97295e-17 7.60548 -1.50593 0.122368 2.49045 -0.114584 -2.53307e-17 9.49737 -0.914492 0.00207082 2.89387 -0.437733 -2.90401e-17 10.5513 1.57691 0.0311386 0.836315 -0.00488802 -1.29193e-17 4.78644 0.715339 0.773098 1.9212 3.57161 -1.8116e-17 4.82109 0.421791 0.461471 -3.41863 1.68105 -2.00958e-17 4.83041 0.765062 -3.03666 -5.48109 0.85432 1.23299 -7.60731 7.53374 -0.437084 1.66364 3.2927 12.9547 3.2495 -3.26872 -86.2145 20.7868 8.62211 29.2081 0.0598081 0.137039 5.03925 -1.09161 -25.0233 24.234 0.0496219 0.113701 2.81361 -9.93871 -5.51328 -1.23299 -7.60729 7.53365 -6.87183 3.80388 -4.50673 -12.9547 3.2495 -3.26872 106.294 39.3059 -32.7592 -29.2081 0.0598081 0.137039 -9.0431 -4.08211 49.1111 -24.234 0.0496218 0.113702 1.39074 -57.8815 1.1024 9.23673 -4.20556 2.0327 0.315531 -13.5905 -18.9775 -0.852353 -38.7721 -0.655187 0.494497 -1.84248 0.040118 -2.32622 -40.4017 -6.04875 -0.424927 2.35174 14.9861 0.779096 -9.8844 12.4959 -2.68677e-16 -8.04311e-16 2.15967e-17 -9.23673 -4.20556 2.0327 -4.54547 -20.7522 4.3714 0.852353 -38.7721 -0.655187 1.51378 5.64912 0.0239899 2.32622 -40.4017 -6.04875 3.91036 4.96549 -15.548 -0.779096 -9.8844 12.4959 -8.89879e-16 -5.49909e-16 -1.27287e-14 
9.64575 93.803 134.581 -1.6802 11.2607 4.41645 0 5.07867 -1.15138 0.025203 -1.46653 -0.544923 0 5.61661 1.07143 0.234166 -0.862161 -0.282591 -1.02604e-17 5.98978 0.11501 0.228462 0.095228 -0.139289 -1.10457e-17 6.50583 -0.443523 0.185817 1.2932 -0.0522768 -1.97295e-17 7.60548 -1.50593 0.118707 2.54857 -0.127983 -2.53307e-17 9.49737 -0.914492 -0.0147556 2.97386 -0.449072 -2.90401e-17 10.5513 1.57691 0.0395819 0.838034 -0.00782242 -1.29193e-17 4.78644 0.715339 0.770907 2.11854 3.5058 -1.8116e-17 4.82109 0.421791 0.388074 -3.34328 1.64914 -2.00958e-17 4.83041 0.765062 -3.13444 -5.51573 0.826162 1.23299 -7.60731 7.53374 -0.472278 1.59866 3.46682 12.9547 3.2495 -3.26872 -86.3102 21.027 8.98185 29.2081 0.0598081 0.137039 5.07384 -1.1076 -25.2062 24.234 0.0496219 0.113701 2.7748 -9.95423 -5.50189 -1.23299 -7.60729 7.53365 -7.4565 3.80201 -4.69919 -12.9547 3.2495 -3.26872 106.461 39.2249 -34.2948 -29.2081 0.0598081 0.137039 -9.46292 -4.58783 52.2446 -24.234 0.0496218 0.113702 0.214182 -57.3102 -0.289072 9.23673 -4.20556 2.0327 0.287627 -13.5609 -19.2946 -0.852353 -38.7721 -0.655187 0.487722 -1.81728 0.0394618 -2.32622 -40.4017 -6.04875 -0.464659 2.55482 14.9765 0.779096 -9.8844 12.4959 -7.9196e-17 -7.9839e-16 1.56754e-17 -9.23673 -4.20556 2.0327 -4.58293 -20.5791 4.30493 0.852353 -38.7721 -0.655187 1.4803 5.52457 0.0250755 2.32622 -40.4017 -6.04875 4.01809 5.053 -15.5801 -0.779096 -9.8844 12.4959 -7.00398e-16 -5.55831e-16 -1.27406e-14 
9.67026 93.7899 134.69 -1.64272 11.2714 4.39832 0 5.07867 -1.15138 0.0473479 -1.48746 -0.56016 0 5.61661 1.07143 0.256817 -0.897137 -0.281872 -1.02604e-17 5.98978 0.11501 0.244042 0.0532524 -0.139434 -1.10457e-17 6.50583 -0.443523 0.193629 1.24983 -0.0518286 -1.97295e-17 7.60548 -1.50593 0.117707 2.54554 -0.129568 -2.53307e-17 9.49737 -0.914492 -0.0286919 2.97655 -0.447766 -2.90401e-17 10.5513 1.57691 0.0498662 0.843707 -0.00631171 -1.29193e-17 4.78644 0.715339 0.764756 2.24102 3.46226 -1.8116e-17 4.82109 0.421791 0.282809 -3.23817 1.62699 -2.00958e-17 4.83041 0.765062 -3.28869 -5.41248 0.792429 1.23299 -7.60731 7.53374 -0.338152 1.58249 3.69667 12.9547 3.2495 -3.26872 -86.6967 21.3624 9.58963 29.2081 0.0598081 0.137039 5.15048 -1.14352 -25.6127 24.234 0.0496219 0.113701 2.77275 -9.93649 -5.46278 -1.23299 -7.60729 7.53365 -8.13 3.8811 -4.91044 -12.9547 3.2495 -3.26872 106.755 39.132 -36.1642 -29.2081 0.0598081 0.137039 -9.89626 -5.17537 55.7233 -24.234 0.0496218 0.113702 -1.03806 -56.6964 -1.75707 9.23673 -4.20556 2.0327 0.258117 -13.541 -19.5138 -0.852353 -38.7721 -0.655187 0.469695 -1.75023 0.03773 -2.32622 -40.4017 -6.04875 -0.420525 2.47117 14.9693 0.779096 -9.8844 12.4959 -2.68674e-16 -8.04311e-16 2.15966e-17 -9.23673 -4.20556 2.0327 -4.61686 -20.4516 4.28562 0.852353 -38.7721 -0.655187 1.46737 5.47646 0.0254752 2.32622 -40.4017 -6.04875 4.06433 4.84659 -15.6063 -0.779096 -9.8844 12.4959 2.84211e-16 -6.04945e-16 -1.27838e-14 
9.69444 93.736 134.771 -1.59626 11.2352 4.35076 0 5.07867 -1.15138 0.0733781 -1.41922 -0.566991 0 5.61661 1.07143 0.281732 -0.863377 -0.271259 -1.02604e-17 5.98978 0.11501 0.260962 0.0512611 -0.130021 -1.10457e-17 6.50583 -0.443523 0.201555 1.19495 -0.0419732 -1.97295e-17 7.60548 -1.50593 0.11755 2.50303 -0.121893 -2.53307e-17 9.49737 -0.914492 -0.0391053 2.92673 -0.436999 -2.90401e-17 10.5513 1.57691 0.0607686 0.850982 -0.00114232 -1.29193e-17 4.78644 0.715339 0.744421 2.2885 3.43293 -1.8116e-17 4.82109 0.421791 0.163518 -3.17146 1.61087 -2.00958e-17 4.83041 0.765062 -3.43476 -5.24453 0.746732 1.23299 -7.60731 7.53374 -0.0648751 1.61811 3.94582 12.9547 3.2495 -3.26872 -87.2936 21.7154 10.2893 29.2081 0.0598081 0.137039 5.26078 -1.19638 -26.2 24.234 0.0496219 0.113701 2.82362 -9.85915 -5.38909 -1.23299 -7.60729 7.53365 -8.72839 4.0045 -5.09841 -12.9547 3.2495 -3.26872 106.99 38.9957 -38.0187 -29.2081 0.0598081 0.137039 -10.3019 -5.80201 59.2788 -24.234 0.0496218 0.113702 -2.42116 -55.6677 -3.39815 9.23673 -4.20556 2.0327 0.229778 -13.4934 -19.7092 -0.852353 -38.7721 -0.655187 0.440433 -1.64136 0.0349634 -2.32622 -40.4017 -6.04875 -0.357174 2.21004 14.9701 0.779096 -9.8844 12.4959 -7.92007e-17 -7.9839e-16 1.56756e-17 -9.23673 -4.20556 2.0327 -4.64896 -20.3203 4.29927 0.852353 -38.7721 -0.655187 1.4727 5.4963 0.0253117 2.32622 -40.4017 -6.04875 4.05697 4.47665 -15.6249 -0.779096 -9.8844 12.4959 5.96354e-16 -6.21202e-16 -1.27968e-14 
9.68593 93.6647 134.817 -1.5481 11.1689 4.26142 0 5.07867 -1.15138 0.0892282 -1.30531 -0.56627 0 5.61661 1.07143 0.29604 -0.785077 -0.25712 -1.02604e-17 5.98978 0.11501 0.270047 0.0875616 -0.117621 -1.10457e-17 6.50583 -0.443523 0.204374 1.16348 -0.0297137 -1.97295e-17 7.60548 -1.50593 0.116127 2.46099 -0.110333 -2.53307e-17 9.49737 -0.914492 -0.0455172 2.87494 -0.423426 -2.90401e-17 10.5513 1.57691 0.0697454 0.854255 0.00501899 -1.29193e-17 4.78644 0.715339 0.705984 2.27035 3.40277 -1.8116e-17 4.82109 0.421791 0.0806638 -3.16535 1.5944 -2.00958e-17 4.83041 0.765062 -3.54066 -5.12538 0.750367 1.23299 -7.60731 7.53374 0.261123 1.68189 4.16358 12.9547 3.2495 -3.26872 -87.9195 21.9567 10.8571 29.2081 0.0598081 0.137039 5.37097 -1.25058 -26.7895 24.234 0.0496219 0.113701 2.90551 -9.73983 -5.30893 -1.23299 -7.60729 7.53365 -9.04081 4.10531 -5.22083 -12.9547 3.2495 -3.26872 106.906 38.7528 -39.2952 -29.2081 0.0598081 0.137039 -10.6089 -6.34084 62.2323 -24.234 0.0496218 0.113702 -3.77766 -53.7574 -5.16356 9.23673 -4.20556 2.0327 0.232294 -13.4551 -19.8726 -0.852353 -38.7721 -0.655187 0.397072 -1.47999 0.0309654 -2.32622 -40.4017 -6.04875 -0.312027 1.85544 14.9812 0.779096 -9.8844 12.4959 2.48481e-17 -7.95139e-16 1.2424e-17 -9.23673 -4.20556 2.0327 -4.64381 -20.2058 4.39044 0.852353 -38.7721 -0.655187 1.48794 5.55299 0.0248342 2.32622 -40.4017 -6.04875 3.98982 4.06943 -15.6305 -0.779096 -9.8844 12.4959 -5.77728e-16 -5.66167e-16 -1.27417e-14 
9.62854 93.5848 134.836 -1.53792 11.1199 4.08755 0 5.07867 -1.15138 0.105678 -1.21019 -0.547718 0 5.61661 1.07143 0.306271 -0.711238 -0.228813 -1.02604e-17 5.98978 0.11501 0.274511 0.133822 -0.0902041 -1.10457e-17 6.50583 -0.443523 0.201973 1.16507 -0.0024934 -1.97295e-17 7.60548 -1.50593 0.112587 2.44262 -0.0826143 -2.53307e-17 9.49737 -0.914492 -0.047034 2.85155 -0.392943 -2.90401e-17 10.5513 1.57691 0.0748673 0.851497 0.0108445 -1.29193e-17 4.78644 0.715339 0.657469 2.20901 3.35122 -1.8116e-17 4.82109 0.421791 0.0465727 -3.18846 1.56841 -2.00958e-17 4.83041 0.765062 -3.61813 -5.11157 0.791172 1.23299 -7.60731 7.53374 0.579288 1.74461 4.28625 12.9547 3.2495 -3.26872 -88.4345 22.0554 11.1438 29.2081 0.0598081 0.137039 5.44095 -1.28574 -27.1654 24.234 0.0496219 0.113701 2.98967 -9.6435 -5.27892 -1.23299 -7.60729 7.53365 -9.05676 4.16154 -5.2671 -12.9547 3.2495 -3.26872 106.647 38.6412 -39.8185 -29.2081 0.0598081 0.137039 -10.7499 -6.61185 63.6872 -24.234 0.0496218 0.113702 -4.57497 -52.0474 -6.23771 9.23673 -4.20556 2.0327 0.321132 -13.4479 -19.928 -0.852353 -38.7721 -0.655187 0.348722 -1.29999 0.0266501 -2.32622 -40.4017 -6.04875 -0.243521 1.42344 14.9981 0.779096 -9.8844 12.4959 2.48481e-17 -7.95139e-16 1.2424e-17 -9.23673 -4.20556 2.0327 -4.53468 -20.1452 4.61057 0.852353 -38.7721 -0.655187 1.50198 5.60525 0.0243806 2.32622 -40.4017 -6.04875 3.87691 3.68761 -15.622 -0.779096 -9.8844 12.4959 -4.06882e-16 -5.74175e-16 -1.27497e-14 
9.54457 93.4954 134.839 -1.51405 11.1044 3.89847 0 5.07867 -1.15138 0.107197 -1.15238 -0.513633 0 5.61661 1.07143 0.298436 -0.66301 -0.189807 -1.02604e-17 5.98978 0.11501 0.262378 0.167823 -0.0506725 -1.10457e-17 6.50583 -0.443523 0.184322 1.17643 0.0370376 -1.97295e-17 7.60548 -1.50593 0.0982081 2.43526 -0.0403347 -2.53307e-17 9.49737 -0.914492 -0.0515517 2.84193 -0.345355 -2.90401e-17 10.5513 1.57691 0.0756661 0.847321 0.0158235 -1.29193e-17 4.78644 0.715339 0.605558 2.11259 3.30154 -1.8116e-17 4.82109 0.421791 0.00387345 -3.21399 1.54204 -2.00958e-17 4.83041 0.765062 -3.6264 -5.12895 0.772889 1.23299 -7.60731 7.53374 0.850522 1.80356 4.30381 12.9547 3.2495 -3.26872 -88.767 22.1064 11.2173 29.2081 0.0598081 0.137039 5.46766 -1.29931 -27.3092 24.234 0.0496219 0.113701 3.03979 -9.6396 -5.31784 -1.23299 -7.60729 7.53365 -8.90595 4.19642 -5.24777 -12.9547 3.2495 -3.26872 106.531 38.8204 -39.8684 -29.2081 0.0598081 0.137039 -10.7383 -6.58886 63.5645 -24.234 0.0496218 0.113702 -4.75616 -51.7235 -6.2551 9.23673 -4.20556 2.0327 0.40027 -13.4872 -19.9189 -0.852353 -38.7721 -0.655187 0.297082 -1.10767 0.0222077 -2.32622 -40.4017 -6.04875 -0.118919 0.97861 15.0136 0.779096 -9.8844 12.4959 2.48481e-17 -7.95139e-16 1.2424e-17 -9.23673 -4.20556 2.0327 -4.42543 -20.1349 4.87435 0.852353 -38.7721 -0.655187 1.5194 5.67004 0.0238003 2.32622 -40.4017 -6.04875 3.74143 3.26482 -15.6037 -0.779096 -9.8844 12.4959 -1.98785e-16 -5.8393e-16 -1.27595e-14 
9.45819 93.3793 134.825 -1.48973 11.1965 3.78383 0 5.07867 -1.15138 0.0862292 -1.1431 -0.485642 0 5.61661 1.07143 0.271204 -0.656226 -0.162343 -1.02604e-17 5.98978 0.11501 0.235648 0.167837 -0.0226972 -1.10457e-17 6.50583 -0.443523 0.157723 1.16716 0.0648076 -1.97295e-17 7.60548 -1.50593 0.0776402 2.4205 -0.00796029 -2.53307e-17 9.49737 -0.914492 -0.0611039 2.82416 -0.308273 -2.90401e-17 10.5513 1.57691 0.0741424 0.843217 0.0196754 -1.29193e-17 4.78644 0.715339 0.557777 1.95729 3.29087 -1.8116e-17 4.82109 0.421791 -0.0432849 -3.24705 1.53291 -2.00958e-17 4.83041 0.765062 -3.59763 -5.10095 0.717014 1.23299 -7.60731 7.53374 1.09383 1.86249 4.30542 12.9547 3.2495 -3.26872 -88.9797 22.189 11.2684 29.2081 0.0598081 0.137039 5.49299 -1.31226 -27.4458 24.234 0.0496219 0.113701 3.0463 -9.7756 -5.35548 -1.23299 -7.60729 7.53365 -8.67089 4.22194 -5.19381 -12.9547 3.2495 -3.26872 106.399 38.9298 -39.6232 -29.2081 0.0598081 0.137039 -10.6609 -6.4388 62.7605 -24.234 0.0496218 0.113702 -4.62232 -52.1344 -5.89121 9.23673 -4.20556 2.0327 0.437897 -13.6848 -19.9212 -0.852353 -38.7721 -0.655187 0.227666 -0.849029 0.0165076 -2.32622 -40.4017 -6.04875 0.0906411 0.44901 15.0267 0.779096 -9.8844 12.4959 2.48481e-17 -7.95139e-16 1.2424e-17 -9.23673 -4.20556 2.0327 -4.35778 -20.2386 5.03494 0.852353 -38.7721 -0.655187 1.54581 5.76824 0.0228828 2.32622 -40.4017 -6.04875 3.5706 2.70898 -15.5789 -0.779096 -9.8844 12.4959 -4.92305e-16 -5.65585e-16 -1.27503e-14 
9.36816 93.2538 134.79 -1.52563 11.3511 3.65048 0 5.07867 -1.15138 0.0599143 -1.15719 -0.465211 0 5.61661 1.07143 0.241709 -0.670282 -0.14594 -1.02604e-17 5.98978 0.11501 0.209361 0.149122 -0.0069703 -1.10457e-17 6.50583 -0.443523 0.134999 1.14106 0.0796994 -1.97295e-17 7.60548 -1.50593 0.0613923 2.39597 0.0116472 -2.53307e-17 9.49737 -0.914492 -0.0686742 2.79597 -0.287513 -2.90401e-17 10.5513 1.57691 0.0723899 0.837601 0.022585 -1.29193e-17 4.78644 0.715339 0.519415 1.73958 3.35546 -1.8116e-17 4.82109 0.421791 -0.0601869 -3.31131 1.55914 -2.00958e-17 4.83041 0.765062 -3.58101 -5.01877 0.693029 1.23299 -7.60731 7.53374 1.33189 1.92426 4.33313 12.9547 3.2495 -3.26872 -89.141 22.2856 11.358 29.2081 0.0598081 0.137039 5.53561 -1.33422 -27.6758 24.234 0.0496219 0.113701 3.03512 -10.0759 -5.35919 -1.23299 -7.60729 7.53365 -8.32125 4.23562 -5.12837 -12.9547 3.2495 -3.26872 105.99 38.6941 -39.0525 -29.2081 0.0598081 0.137039 -10.5731 -6.27461 61.8739 -24.234 0.0496218 0.113702 -4.51551 -52.098 -5.79007 9.23673 -4.20556 2.0327 0.538046 -13.9793 -19.846 -0.852353 -38.7721 -0.655187 0.149025 -0.555878 0.0104261 -2.32622 -40.4017 -6.04875 0.351115 -0.154777 15.0381 0.779096 -9.8844 12.4959 2.48481e-17 -7.95139e-16 1.2424e-17 -9.23673 -4.20556 2.0327 -4.2217 -20.4462 5.18757 0.852353 -38.7721 -0.655187 1.57785 5.88739 0.0217084 2.32622 -40.4017 -6.04875 3.37867 2.17648 -15.5497 -0.779096 -9.8844 12.4959 -9.31292e-18 -5.86599e-16 -1.27654e-14 
9.2868 93.168 134.74 -1.53769 11.3664 3.49186 0 5.07867 -1.15138 0.0133052 -1.14228 -0.442443 0 5.61661 1.07143 0.193241 -0.656844 -0.131018 -1.02604e-17 5.98978 0.11501 0.168233 0.1553 0.00585472 -1.10457e-17 6.50583 -0.443523 0.101919 1.13295 0.0910378 -1.97295e-17 7.60548 -1.50593 0.0396122 2.37799 0.0294168 -2.53307e-17 9.49737 -0.914492 -0.0776324 2.77245 -0.269501 -2.90401e-17 10.5513 1.57691 0.0702485 0.83122 0.0244268 -1.29193e-17 4.78644 0.715339 0.473727 1.55525 3.42191 -1.8116e-17 4.82109 0.421791 -0.0683326 -3.40266 1.5866 -2.00958e-17 4.83041 0.765062 -3.51857 -4.94744 0.726398 1.23299 -7.60731 7.53374 1.5652 1.97613 4.36185 12.9547 3.2495 -3.26872 -89.2315 22.3499 11.3665 29.2081 0.0598081 0.137039 5.56437 -1.34916 -27.8314 24.234 0.0496219 0.113701 3.0122 -10.3991 -5.39223 -1.23299 -7.60729 7.53365 -7.86885 4.2283 -5.04982 -12.9547 3.2495 -3.26872 105.397 38.2142 -38.1434 -29.2081 0.0598081 0.137039 -10.4456 -6.04621 60.6281 -24.234 0.0496218 0.113702 -4.38253 -51.5512 -5.68575 9.23673 -4.20556 2.0327 0.626898 -14.1375 -19.669 -0.852353 -38.7721 -0.655187 0.079862 -0.297947 0.00540841 -2.32622 -40.4017 -6.04875 0.49912 -0.58486 15.0501 0.779096 -9.8844 12.4959 2.48481e-17 -7.95139e-16 1.2424e-17 -9.23673 -4.20556 2.0327 -4.1002 -20.5346 5.36553 0.852353 -38.7721 -0.655187 1.60502 5.98835 0.0206606 2.32622 -40.4017 -6.04875 3.2351 1.83803 -15.5218 -0.779096 -9.8844 12.4959 -6.81777e-16 -5.59664e-16 -1.27352e-14 
9.23692 93.1199 134.697 -1.55083 11.2934 3.49081 0 5.07867 -1.15138 -0.034526 -1.1105 -0.425773 0 5.61661 1.07143 0.144207 -0.625842 -0.123355 -1.02604e-17 5.98978 0.11501 0.127328 0.177639 0.011238 -1.10457e-17 6.50583 -0.443523 0.0706992 1.14076 0.0951723 -1.97295e-17 7.60548 -1.50593 0.01951 2.36679 0.0397011 -2.53307e-17 9.49737 -0.914492 -0.0855697 2.75096 -0.259039 -2.90401e-17 10.5513 1.57691 0.0664538 0.825774 0.0262282 -1.29193e-17 4.78644 0.715339 0.423344 1.45484 3.41251 -1.8116e-17 4.82109 0.421791 -0.0665509 -3.48178 1.58021 -2.00958e-17 4.83041 0.765062 -3.42837 -4.93132 0.748375 1.23299 -7.60731 7.53374 1.80325 2.01383 4.37615 12.9547 3.2495 -3.26872 -89.3315 22.4269 11.2798 29.2081 0.0598081 0.137039 5.58222 -1.35848 -27.928 24.234 0.0496219 0.113701 3.00919 -10.6005 -5.43699 -1.23299 -7.60729 7.53365 -7.40171 4.2042 -4.94136 -12.9547 3.2495 -3.26872 104.802 37.7089 -36.9986 -29.2081 0.0598081 0.137039 -10.237 -5.6959 58.6866 -24.234 0.0496218 0.113702 -3.94726 -51.2274 -5.07167 9.23673 -4.20556 2.0327 0.65571 -14.2249 -19.5492 -0.852353 -38.7721 -0.655187 0.0152039 -0.0567311 0.000997775 -2.32622 -40.4017 -6.04875 0.548474 -0.835372 15.0627 0.779096 -9.8844 12.4959 2.48481e-17 -7.95139e-16 1.2424e-17 -9.23673 -4.20556 2.0327 -4.04977 -20.4672 5.37882 0.852353 -38.7721 -0.655187 1.61002 6.00693 0.0204625 2.32622 -40.4017 -6.04875 3.15869 1.63688 -15.5029 -0.779096 -9.8844 12.4959 -4.06882e-16 -5.74175e-16 -1.27497e-14 
9.19499 93.0939 134.666 -1.66565 11.2397 3.47903 0 5.07867 -1.15138 -0.0403041 -1.09077 -0.408078 0 5.61661 1.07143 0.134179 -0.603407 -0.112773 -1.02604e-17 5.98978 0.11501 0.118502 0.194303 0.0203854 -1.10457e-17 6.50583 -0.443523 0.0644366 1.14858 0.103263 -1.97295e-17 7.60548 -1.50593 0.0169996 2.35508 0.0498265 -2.53307e-17 9.49737 -0.914492 -0.081936 2.72849 -0.250025 -2.90401e-17 10.5513 1.57691 0.0615591 0.82012 0.0285002 -1.29193e-17 4.78644 0.715339 0.395011 1.36502 3.4308 -1.8116e-17 4.82109 0.421791 -0.0409777 -3.52192 1.58794 -2.00958e-17 4.83041 0.765062 -3.39999 -4.87632 0.718383 1.23299 -7.60731 7.53374 1.98265 2.04911 4.34419 12.9547 3.2495 -3.26872 -89.4233 22.5038 11.2117 29.2081 0.0598081 0.137039 5.61304 -1.37467 -28.0951 24.234 0.0496219 0.113701 3.01007 -10.7671 -5.46632 -1.23299 -7.60729 7.53365 -6.92126 4.17143 -4.80739 -12.9547 3.2495 -3.26872 104.197 37.3355 -35.7476 -29.2081 0.0598081 0.137039 -9.97471 -5.29015 56.3855 -24.234 0.0496218 0.113702 -3.39813 -51.3162 -4.29225 9.23673 -4.20556 2.0327 0.791219 -14.3041 -19.4295 -0.852353 -38.7721 -0.655187 -0.0368873 0.137656 -0.00235846 -2.32622 -40.4017 -6.04875 0.654868 -1.04058 15.0666 0.779096 -9.8844 12.4959 2.48481e-17 -7.95139e-16 1.2424e-17 -9.23673 -4.20556 2.0327 -3.87674 -20.4051 5.44998 0.852353 -38.7721 -0.655187 1.59891 5.96567 0.0209002 2.32622 -40.4017 -6.04875 3.0868 1.61683 -15.4866 -0.779096 -9.8844 12.4959 -1.98785e-16 -5.8393e-16 -1.27595e-14 
9.15826 93.0971 134.647 -1.78433 11.1519 3.39821 0 5.07867 -1.15138 -0.0387301 -1.07435 -0.392366 0 5.61661 1.07143 0.131985 -0.58369 -0.105163 -1.02604e-17 5.98978 0.11501 0.116589 0.209174 0.0268139 -1.10457e-17 6.50583 -0.443523 0.0641339 1.15702 0.108093 -1.97295e-17 7.60548 -1.50593 0.0191357 2.34247 0.0551172 -2.53307e-17 9.49737 -0.914492 -0.0746299 2.70447 -0.245044 -2.90401e-17 10.5513 1.57691 0.0569561 0.814768 0.0304428 -1.29193e-17 4.78644 0.715339 0.378531 1.29234 3.42922 -1.8116e-17 4.82109 0.421791 -0.017858 -3.50338 1.5869 -2.00958e-17 4.83041 0.765062 -3.34171 -4.75237 0.754655 1.23299 -7.60731 7.53374 2.08684 2.0752 4.27861 12.9547 3.2495 -3.26872 -89.429 22.564 11.1594 29.2081 0.0598081 0.137039 5.6421 -1.39003 -28.2528 24.234 0.0496219 0.113701 2.98869 -10.9177 -5.47568 -1.23299 -7.60729 7.53365 -6.50364 4.13082 -4.66501 -12.9547 3.2495 -3.26872 103.616 37.0399 -34.5391 -29.2081 0.0598081 0.137039 -9.70451 -4.9062 54.149 -24.234 0.0496218 0.113702 -2.89466 -51.5624 -3.73267 9.23673 -4.20556 2.0327 0.952413 -14.2844 -19.2084 -0.852353 -38.7721 -0.655187 -0.0614464 0.229317 -0.00387975 -2.32622 -40.4017 -6.04875 0.741222 -1.11447 15.0634 0.779096 -9.8844 12.4959 2.48481e-17 -7.95139e-16 1.2424e-17 -9.23673 -4.20556 2.0327 -3.67412 -20.3223 5.65534 0.852353 -38.7721 -0.655187 1.58552 5.91588 0.0214176 2.32622 -40.4017 -6.04875 3.05613 1.7471 -15.472 -0.779096 -9.8844 12.4959 9.47359e-17 -5.93102e-16 -1.27687e-14 
9.1405 93.1159 134.651 -1.80728 11.0348 3.38716 0 5.07867 -1.15138 -0.0682782 -1.05059 -0.387374 0 5.61661 1.07143 0.104279 -0.559405 -0.111459 -1.02604e-17 5.98978 0.11501 0.0959793 0.224584 0.019297 -1.10457e-17 6.50583 -0.443523 0.0524457 1.16115 0.0987474 -1.97295e-17 7.60548 -1.50593 0.0148848 2.32248 0.0476292 -2.53307e-17 9.49737 -0.914492 -0.0704182 2.66931 -0.252496 -2.90401e-17 10.5513 1.57691 0.0530252 0.812253 0.0320727 -1.29193e-17 4.78644 0.715339 0.36506 1.27148 3.38465 -1.8116e-17 4.82109 0.421791 0.00845056 -3.44152 1.56682 -2.00958e-17 4.83041 0.765062 -3.23634 -4.61656 0.799981 1.23299 -7.60731 7.53374 2.18221 2.09277 4.22353 12.9547 3.2495 -3.26872 -89.3985 22.6579 11.1042 29.2081 0.0598081 0.137039 5.66098 -1.40007 -28.3554 24.234 0.0496219 0.113701 2.9551 -10.9737 -5.44842 -1.23299 -7.60729 7.53365 -6.20895 4.09801 -4.52941 -12.9547 3.2495 -3.26872 103.178 36.7692 -33.4934 -29.2081 0.0598081 0.137039 -9.42712 -4.54246 51.9693 -24.234 0.0496218 0.113702 -2.35627 -51.8248 -3.18237 9.23673 -4.20556 2.0327 0.9815 -14.1999 -18.9829 -0.852353 -38.7721 -0.655187 -0.0701345 0.261745 -0.00440855 -2.32622 -40.4017 -6.04875 0.741506 -1.0505 15.0599 0.779096 -9.8844 12.4959 2.48481e-17 -7.95139e-16 1.2424e-17 -9.23673 -4.20556 2.0327 -3.61385 -20.1682 5.78047 0.852353 -38.7721 -0.655187 1.5704 5.85968 0.0219876 2.32622 -40.4017 -6.04875 3.04108 1.85107 -15.4613 -0.779096 -9.8844 12.4959 -6.81777e-16 -5.59664e-16 -1.27352e-14 
9.13664 93.1354 134.682 -1.76311 10.9622 3.46508 0 5.07867 -1.15138 -0.117698 -1.02271 -0.389735 0 5.61661 1.07143 0.0614986 -0.535896 -0.125771 -1.02604e-17 5.98978 0.11501 0.0650763 0.233337 0.00413986 -1.10457e-17 6.50583 -0.443523 0.0355608 1.1502 0.082236 -1.97295e-17 7.60548 -1.50593 0.00915582 2.28676 0.033414 -2.53307e-17 9.49737 -0.914492 -0.0650078 2.61315 -0.267621 -2.90401e-17 10.5513 1.57691 0.0499993 0.812638 0.0337541 -1.29193e-17 4.78644 0.715339 0.36427 1.27249 3.33367 -1.8116e-17 4.82109 0.421791 0.0593863 -3.36671 1.54552 -2.00958e-17 4.83041 0.765062 -3.15003 -4.50074 0.78683 1.23299 -7.60731 7.53374 2.32478 2.11158 4.19392 12.9547 3.2495 -3.26872 -89.4228 22.7983 11.0616 29.2081 0.0598081 0.137039 5.67015 -1.40497 -28.4053 24.234 0.0496219 0.113701 2.92829 -10.9458 -5.39211 -1.23299 -7.60729 7.53365 -6.08531 4.09404 -4.41844 -12.9547 3.2495 -3.26872 102.972 36.5635 -32.6912 -29.2081 0.0598081 0.137039 -9.14407 -4.19872 49.8466 -24.234 0.0496218 0.113702 -1.69168 -52.1308 -2.44229 9.23673 -4.20556 2.0327 0.902686 -14.1349 -18.8258 -0.852353 -38.7721 -0.655187 -0.0694714 0.25927 -0.00436836 -2.32622 -40.4017 -6.04875 0.727461 -0.922954 15.0528 0.779096 -9.8844 12.4959 2.48481e-17 -7.95139e-16 1.2424e-17 -9.23673 -4.20556 2.0327 -3.66726 -20.0042 5.78447 0.852353 -38.7721 -0.655187 1.55148 5.78932 0.02268 2.32622 -40.4017 -6.04875 3.0036 1.87124 -15.4538 -0.779096 -9.8844 12.4959 -4.06889e-16 -5.74175e-16 -1.27497e-14 
9.13071 93.1541 134.734 -1.75244 10.9875 3.48878 0 5.07867 -1.15138 -0.146033 -1.00147 -0.392157 0 5.61661 1.07143 0.0380966 -0.522813 -0.135453 -1.02604e-17 5.98978 0.11501 0.0492276 0.229222 -0.00550014 -1.10457e-17 6.50583 -0.443523 0.0289501 1.122 0.0719342 -1.97295e-17 7.60548 -1.50593 0.00978663 2.23795 0.0232984 -2.53307e-17 9.49737 -0.914492 -0.0568268 2.54358 -0.278641 -2.90401e-17 10.5513 1.57691 0.0477592 0.813645 0.0355689 -1.29193e-17 4.78644 0.715339 0.380004 1.241 3.33851 -1.8116e-17 4.82109 0.421791 0.107316 -3.29775 1.55122 -2.00958e-17 4.83041 0.765062 -3.12588 -4.4063 0.75331 1.23299 -7.60731 7.53374 2.48008 2.13884 4.1597 12.9547 3.2495 -3.26872 -89.4828 22.9304 11.059 29.2081 0.0598081 0.137039 5.67266 -1.40631 -28.4189 24.234 0.0496219 0.113701 2.89547 -10.9995 -5.3614 -1.23299 -7.60729 7.53365 -6.1057 4.1244 -4.34108 -12.9547 3.2495 -3.26872 103.017 36.555 -32.2366 -29.2081 0.0598081 0.137039 -8.89483 -3.91619 48.0499 -24.234 0.0496218 0.113702 -0.958979 -52.5231 -1.62169 9.23673 -4.20556 2.0327 0.874219 -14.1296 -18.6456 -0.852353 -38.7721 -0.655187 -0.059661 0.222653 -0.00377047 -2.32622 -40.4017 -6.04875 0.755 -0.823356 15.0413 0.779096 -9.8844 12.4959 2.48481e-17 -7.95139e-16 1.2424e-17 -9.23673 -4.20556 2.0327 -3.66766 -19.9406 5.82051 0.852353 -38.7721 -0.655187 1.53304 5.72074 0.0233323 2.32622 -40.4017 -6.04875 2.9764 1.89896 -15.451 -0.779096 -9.8844 12.4959 -1.07933e-15 -5.4724e-16 -1.27228e-14 
9.1289 93.1895 134.798 -1.77483 11.0235 3.45444 0 5.07867 -1.15138 -0.153372 -0.998864 -0.396594 0 5.61661 1.07143 0.0326875 -0.524498 -0.141626 -1.02604e-17 5.98978 0.11501 0.0459437 0.219607 -0.0108951 -1.10457e-17 6.50583 -0.443523 0.0283433 1.10218 0.0665347 -1.97295e-17 7.60548 -1.50593 0.0109371 2.20788 0.0166541 -2.53307e-17 9.49737 -0.914492 -0.053777 2.50312 -0.28371 -2.90401e-17 10.5513 1.57691 0.0457749 0.813441 0.037157 -1.29193e-17 4.78644 0.715339 0.400435 1.17177 3.39445 -1.8116e-17 4.82109 0.421791 0.100561 -3.25198 1.58024 -2.00958e-17 4.83041 0.765062 -3.10827 -4.32342 0.735636 1.23299 -7.60731 7.53374 2.54319 2.15419 4.09339 12.9547 3.2495 -3.26872 -89.4696 23.017 11.0578 29.2081 0.0598081 0.137039 5.67029 -1.40504 -28.406 24.234 0.0496219 0.113701 2.86661 -11.2197 -5.32638 -1.23299 -7.60729 7.53365 -6.22137 4.16704 -4.28635 -12.9547 3.2495 -3.26872 103.329 36.8542 -32.2419 -29.2081 0.0598081 0.137039 -8.72676 -3.73531 46.8721 -24.234 0.0496218 0.113702 -0.220983 -53.1856 -0.79529 9.23673 -4.20556 2.0327 0.896718 -14.1143 -18.4175 -0.852353 -38.7721 -0.655187 -0.0444311 0.16581 -0.00282992 -2.32622 -40.4017 -6.04875 0.764829 -0.691247 15.0298 0.779096 -9.8844 12.4959 2.48481e-17 -7.95139e-16 1.2424e-17 -9.23673 -4.20556 2.0327 -3.61959 -19.9023 5.89108 0.852353 -38.7721 -0.655187 1.51482 5.65299 0.023955 2.32622 -40.4017 -6.04875 2.99991 2.0222 -15.4523 -0.779096 -9.8844 12.4959 -8.04461e-16 -5.52579e-16 -1.27373e-14 
9.14629 93.2522 134.868 -1.79759 10.9759 3.44618 0 5.07867 -1.15138 -0.149248 -1.02147 -0.407879 0 5.61661 1.07143 0.0373618 -0.538959 -0.150303 -1.02604e-17 5.98978 0.11501 0.0497985 0.218014 -0.018376 -1.10457e-17 6.50583 -0.443523 0.0304822 1.12333 0.0598597 -1.97295e-17 7.60548 -1.50593 0.0105125 2.23384 0.00807506 -2.53307e-17 9.49737 -0.914492 -0.0581828 2.53769 -0.289014 -2.90401e-17 10.5513 1.57691 0.0435267 0.810761 0.0379135 -1.29193e-17 4.78644 0.715339 0.417092 1.13058 3.46835 -1.8116e-17 4.82109 0.421791 0.0449079 -3.26242 1.61725 -2.00958e-17 4.83041 0.765062 -3.10794 -4.31496 0.735266 1.23299 -7.60731 7.53374 2.4647 2.12581 4.01371 12.9547 3.2495 -3.26872 -89.3194 23.0745 10.9971 29.2081 0.0598081 0.137039 5.66467 -1.40204 -28.3755 24.234 0.0496219 0.113701 2.83277 -11.5618 -5.2692 -1.23299 -7.60729 7.53365 -6.3813 4.18325 -4.25589 -12.9547 3.2495 -3.26872 103.835 37.4199 -32.6723 -29.2081 0.0598081 0.137039 -8.6601 -3.66559 46.4118 -24.234 0.0496218 0.113702 0.478805 -53.9999 0.0358324 9.23673 -4.20556 2.0327 0.904676 -14.0259 -18.2195 -0.852353 -38.7721 -0.655187 -0.0306498 0.114377 -0.00196586 -2.32622 -40.4017 -6.04875 0.718307 -0.455744 15.0197 0.779096 -9.8844 12.4959 2.48481e-17 -7.95139e-16 1.2424e-17 -9.23673 -4.20556 2.0327 -3.59137 -19.776 5.90555 0.852353 -38.7721 -0.655187 1.49405 5.57573 0.0246384 2.32622 -40.4017 -6.04875 3.07302 2.26276 -15.4586 -0.779096 -9.8844 12.4959 2.84193e-16 -6.04944e-16 -1.27838e-14 
9.18558 93.3397 134.946 -1.76861 10.8509 3.46038 0 5.07867 -1.15138 -0.144699 -1.06848 -0.420837 0 5.61661 1.07143 0.0417642 -0.565741 -0.157742 -1.02604e-17 5.98978 0.11501 0.0529696 0.224836 -0.0243971 -1.10457e-17 6.50583 -0.443523 0.0303155 1.18694 0.0553916 -1.97295e-17 7.60548 -1.50593 0.00719757 2.31789 0.00197464 -2.53307e-17 9.49737 -0.914492 -0.0670147 2.64811 -0.291713 -2.90401e-17 10.5513 1.57691 0.0416055 0.805667 0.0373586 -1.29193e-17 4.78644 0.715339 0.427636 1.16743 3.53839 -1.8116e-17 4.82109 0.421791 -0.0302834 -3.32718 1.65171 -2.00958e-17 4.83041 0.765062 -3.17429 -4.4366 0.746503 1.23299 -7.60731 7.53374 2.28752 2.04886 3.9466 12.9547 3.2495 -3.26872 -89.0535 23.1241 10.8544 29.2081 0.0598081 0.137039 5.65572 -1.39727 -28.3268 24.234 0.0496219 0.113701 2.77913 -11.941 -5.21625 -1.23299 -7.60729 7.53365 -6.58118 4.15995 -4.26502 -12.9547 3.2495 -3.26872 104.441 38.1211 -33.4231 -29.2081 0.0598081 0.137039 -8.70083 -3.70805 46.6926 -24.234 0.0496218 0.113702 1.03206 -54.7314 0.730213 9.23673 -4.20556 2.0327 0.845479 -13.8537 -18.0696 -0.852353 -38.7721 -0.655187 -0.0117186 0.0437289 -0.000758818 -2.32622 -40.4017 -6.04875 0.614334 -0.0849411 15.0061 0.779096 -9.8844 12.4959 2.48481e-17 -7.95139e-16 1.2424e-17 -9.23673 -4.20556 2.0327 -3.63687 -19.5526 5.87008 0.852353 -38.7721 -0.655187 1.46832 5.47999 0.0254462 2.32622 -40.4017 -6.04875 3.19629 2.5721 -15.4748 -0.779096 -9.8844 12.4959 3.02838e-16 -6.02857e-16 -1.27784e-14 
9.23724 93.4387 135.041 -1.69994 10.7251 3.49022 0 5.07867 -1.15138 -0.144113 -1.14 -0.434865 0 5.61661 1.07143 0.0422567 -0.61089 -0.164223 -1.02604e-17 5.98978 0.11501 0.0528391 0.225598 -0.0292792 -1.10457e-17 6.50583 -0.443523 0.0269111 1.26538 0.052441 -1.97295e-17 7.60548 -1.50593 0.00137747 2.43115 -0.00189882 -2.53307e-17 9.49737 -0.914492 -0.0783417 2.79839 -0.292761 -2.90401e-17 10.5513 1.57691 0.0409232 0.799561 0.0357388 -1.29193e-17 4.78644 0.715339 0.432875 1.26362 3.59539 -1.8116e-17 4.82109 0.421791 -0.114168 -3.41228 1.6787 -2.00958e-17 4.83041 0.765062 -3.28184 -4.64246 0.778933 1.23299 -7.60731 7.53374 2.06224 1.94396 3.90057 12.9547 3.2495 -3.26872 -88.728 23.1852 10.6766 29.2081 0.0598081 0.137039 5.65018 -1.39433 -28.2967 24.234 0.0496219 0.113701 2.72831 -12.3029 -5.17121 -1.23299 -7.60729 7.53365 -6.82329 4.11174 -4.31126 -12.9547 3.2495 -3.26872 105.078 38.8185 -34.4424 -29.2081 0.0598081 0.137039 -8.85395 -3.87151 47.7611 -24.234 0.0496218 0.113702 1.28274 -55.231 1.05172 9.23673 -4.20556 2.0327 0.73625 -13.6631 -17.9452 -0.852353 -38.7721 -0.655187 0.0120584 -0.0449944 0.000790118 -2.32622 -40.4017 -6.04875 0.483302 0.357615 14.9891 0.779096 -9.8844 12.4959 3.18364e-16 -7.85966e-16 3.25167e-18 -9.23673 -4.20556 2.0327 -3.73687 -19.2938 5.80658 0.852353 -38.7721 -0.655187 1.43435 5.35356 0.0264466 2.32622 -40.4017 -6.04875 3.36141 2.8856 -15.5021 -0.779096 -9.8844 12.4959 -9.75279e-16 -5.50492e-16 -1.27261e-14 
9.29272 93.5387 135.154 -1.59858 10.6422 3.54394 0 5.07867 -1.15138 -0.158339 -1.23645 -0.448946 0 5.61661 1.07143 0.0296933 -0.679091 -0.170425 -1.02604e-17 5.98978 0.11501 0.0425273 0.208915 -0.0335335 -1.10457e-17 6.50583 -0.443523 0.0159168 1.33654 0.0502219 -1.97295e-17 7.60548 -1.50593 -0.00883832 2.54974 -0.00354733 -2.53307e-17 9.49737 -0.914492 -0.0911024 2.95967 -0.292218 -2.90401e-17 10.5513 1.57691 0.0421804 0.794429 0.0337281 -1.29193e-17 4.78644 0.715339 0.434968 1.37947 3.62843 -1.8116e-17 4.82109 0.421791 -0.197069 -3.47747 1.69331 -2.00958e-17 4.83041 0.765062 -3.38055 -4.84726 0.814961 1.23299 -7.60731 7.53374 1.80229 1.82927 3.87152 12.9547 3.2495 -3.26872 -88.3634 23.2522 10.5082 29.2081 0.0598081 0.137039 5.65031 -1.39439 -28.2974 24.234 0.0496219 0.113701 2.69598 -12.5977 -5.12597 -1.23299 -7.60729 7.53365 -7.10239 4.05896 -4.38179 -12.9547 3.2495 -3.26872 105.742 39.4725 -35.7321 -29.2081 0.0598081 0.137039 -9.10669 -4.1552 49.5731 -24.234 0.0496218 0.113702 1.12498 -55.572 0.867072 9.23673 -4.20556 2.0327 0.583807 -13.4868 -17.8443 -0.852353 -38.7721 -0.655187 0.0456092 -0.170172 0.00303812 -2.32622 -40.4017 -6.04875 0.341683 0.833464 14.9709 0.779096 -9.8844 12.4959 -1.64614e-16 -8.01059e-16 1.83447e-17 -9.23673 -4.20556 2.0327 -3.88421 -19.0413 5.71793 0.852353 -38.7721 -0.655187 1.39301 5.19966 0.0275625 2.32622 -40.4017 -6.04875 3.54546 3.15726 -15.5365 -0.779096 -9.8844 12.4959 -1.09798e-15 -5.43406e-16 -1.2719e-14 
9.34714 93.6374 135.279 -1.48749 10.5489 3.61364 0 5.07867 -1.15138 -0.182647 -1.34141 -0.460188 0 5.61661 1.07143 0.00841417 -0.756625 -0.173413 -1.02604e-17 5.98978 0.11501 0.0256167 0.184225 -0.0342421 -1.10457e-17 6.50583 -0.443523 1.50908e-05 1.40196 0.0515477 -1.97295e-17 7.60548 -1.50593 -0.0211431 2.66854 -0.000779674 -2.53307e-17 9.49737 -0.914492 -0.10254 3.12391 -0.287976 -2.90401e-17 10.5513 1.57691 0.0455614 0.790903 0.0319695 -1.29193e-17 4.78644 0.715339 0.434472 1.52478 3.62812 -1.8116e-17 4.82109 0.421791 -0.268201 -3.51842 1.6921 -2.00958e-17 4.83041 0.765062 -3.4597 -5.01304 0.841049 1.23299 -7.60731 7.53374 1.52873 1.70998 3.86181 12.9547 3.2495 -3.26872 -87.9904 23.3294 10.3725 29.2081 0.0598081 0.137039 5.65089 -1.3947 -28.3005 24.234 0.0496219 0.113701 2.67357 -12.8164 -5.10042 -1.23299 -7.60729 7.53365 -7.41126 4.00823 -4.4767 -12.9547 3.2495 -3.26872 106.415 40.0691 -37.2524 -29.2081 0.0598081 0.137039 -9.42134 -4.53518 51.9249 -24.234 0.0496218 0.113702 0.616719 -55.8784 0.264511 9.23673 -4.20556 2.0327 0.420435 -13.2827 -17.7911 -0.852353 -38.7721 -0.655187 0.0847526 -0.316189 0.00575304 -2.32622 -40.4017 -6.04875 0.202245 1.31708 14.9537 0.779096 -9.8844 12.4959 2.1431e-16 -7.89218e-16 6.50335e-18 -9.23673 -4.20556 2.0327 -4.04457 -18.7611 5.60708 0.852353 -38.7721 -0.655187 1.34958 5.03794 0.0286147 2.32622 -40.4017 -6.04875 3.72824 3.4078 -15.5724 -0.779096 -9.8844 12.4959 -1.13376e-16 -5.83347e-16 -1.27589e-14 
9.39699 93.7268 135.414 -1.38072 10.4055 3.63974 0 5.07867 -1.15138 -0.201622 -1.4425 -0.46503 0 5.61661 1.07143 -0.00812779 -0.832599 -0.168014 -1.02604e-17 5.98978 0.11501 0.0123474 0.159554 -0.0265147 -1.10457e-17 6.50583 -0.443523 -0.0135352 1.46598 0.0611361 -1.97295e-17 7.60548 -1.50593 -0.0305834 2.78656 0.00958184 -2.53307e-17 9.49737 -0.914492 -0.109137 3.28588 -0.276441 -2.90401e-17 10.5513 1.57691 0.0514313 0.788298 0.0306371 -1.29193e-17 4.78644 0.715339 0.435664 1.73241 3.6035 -1.8116e-17 4.82109 0.421791 -0.327478 -3.52876 1.67978 -2.00958e-17 4.83041 0.765062 -3.54611 -5.15095 0.859656 1.23299 -7.60731 7.53374 1.30292 1.585 3.89094 12.9547 3.2495 -3.26872 -87.6985 23.4381 10.3174 29.2081 0.0598081 0.137039 5.64777 -1.39305 -28.2836 24.234 0.0496219 0.113701 2.6374 -12.959 -5.12267 -1.23299 -7.60729 7.53365 -7.80607 3.96304 -4.6161 -12.9547 3.2495 -3.26872 107.098 40.5979 -38.9614 -29.2081 0.0598081 0.137039 -9.76301 -4.98668 54.623 -24.234 0.0496218 0.113702 -0.0946908 -56.1858 -0.594164 9.23673 -4.20556 2.0327 0.282961 -13.0018 -17.7485 -0.852353 -38.7721 -0.655187 0.128465 -0.479212 0.00890214 -2.32622 -40.4017 -6.04875 0.0926573 1.75758 14.9352 0.779096 -9.8844 12.4959 1.28902e-16 -7.91887e-16 9.17237e-18 -9.23673 -4.20556 2.0327 -4.17391 -18.4293 5.53298 0.852353 -38.7721 -0.655187 1.30661 4.87788 0.0295347 2.32622 -40.4017 -6.04875 3.89386 3.63198 -15.6073 -0.779096 -9.8844 12.4959 -9.47311e-17 -5.87182e-16 -1.27627e-14 
9.44899 93.7858 135.568 -1.26272 10.2622 3.61252 0 5.07867 -1.15138 -0.21591 -1.5352 -0.468676 0 5.61661 1.07143 -0.0194129 -0.90702 -0.159436 -1.02604e-17 5.98978 0.11501 0.00330086 0.127728 -0.0159637 -1.10457e-17 6.50583 -0.443523 -0.0232556 1.51168 0.0730941 -1.97295e-17 7.60548 -1.50593 -0.0363662 2.88514 0.0211354 -2.53307e-17 9.49737 -0.914492 -0.111494 3.42032 -0.263174 -2.90401e-17 10.5513 1.57691 0.0602192 0.787062 0.0301514 -1.29193e-17 4.78644 0.715339 0.444221 1.97734 3.56951 -1.8116e-17 4.82109 0.421791 -0.39186 -3.48814 1.66326 -2.00958e-17 4.83041 0.765062 -3.64101 -5.24289 0.882336 1.23299 -7.60731 7.53374 1.18745 1.46545 3.98603 12.9547 3.2495 -3.26872 -87.603 23.6062 10.4481 29.2081 0.0598081 0.137039 5.65474 -1.39675 -28.3215 24.234 0.0496219 0.113701 2.603 -13.0405 -5.15948 -1.23299 -7.60729 7.53365 -8.38003 3.94521 -4.80654 -12.9547 3.2495 -3.26872 107.846 41.0217 -40.9184 -29.2081 0.0598081 0.137039 -10.1216 -5.51305 57.657 -24.234 0.0496218 0.113702 -0.927398 -56.374 -1.63748 9.23673 -4.20556 2.0327 0.14689 -12.6784 -17.6834 -0.852353 -38.7721 -0.655187 0.175931 -0.656192 0.0124618 -2.32622 -40.4017 -6.04875 0.0437946 2.07788 14.9153 0.779096 -9.8844 12.4959 2.48481e-17 -7.95139e-16 1.2424e-17 -9.23673 -4.20556 2.0327 -4.29525 -18.0803 5.50816 0.852353 -38.7721 -0.655187 1.2652 4.72359 0.0303074 2.32622 -40.4017 -6.04875 4.03457 3.71174 -15.6407 -0.779096 -9.8844 12.4959 -1.98785e-16 -5.8393e-16 -1.27595e-14 
9.51674 93.7894 135.735 -1.10077 10.2073 3.61181 0 5.07867 -1.15138 -0.241281 -1.6125 -0.480203 0 5.61661 1.07143 -0.0376246 -0.979001 -0.158552 -1.02604e-17 5.98978 0.11501 -0.0100246 0.0806433 -0.013448 -1.10457e-17 6.50583 -0.443523 -0.0334343 1.51632 0.0766072 -1.97295e-17 7.60548 -1.50593 -0.0409646 2.94003 0.0240107 -2.53307e-17 9.49737 -0.914492 -0.111649 3.49874 -0.258136 -2.90401e-17 10.5513 1.57691 0.0722759 0.789319 0.0317882 -1.29193e-17 4.78644 0.715339 0.460416 2.19065 3.52121 -1.8116e-17 4.82109 0.421791 -0.469528 -3.39342 1.64077 -2.00958e-17 4.83041 0.765062 -3.72401 -5.2531 0.892068 1.23299 -7.60731 7.53374 1.20732 1.37327 4.16444 12.9547 3.2495 -3.26872 -87.7638 23.8596 10.8384 29.2081 0.0598081 0.137039 5.69337 -1.4174 -28.5316 24.234 0.0496219 0.113701 2.60232 -13.031 -5.15115 -1.23299 -7.60729 7.53365 -9.15303 3.98356 -5.0318 -12.9547 3.2495 -3.26872 108.718 41.3073 -43.2215 -29.2081 0.0598081 0.137039 -10.4975 -6.13783 61.1296 -24.234 0.0496218 0.113702 -1.88306 -56.3264 -2.80306 9.23673 -4.20556 2.0327 -0.0591271 -12.4175 -17.6619 -0.852353 -38.7721 -0.655187 0.221781 -0.827097 0.0160386 -2.32622 -40.4017 -6.04875 0.0532914 2.20482 14.8996 0.779096 -9.8844 12.4959 -2.68668e-16 -8.04311e-16 2.15964e-17 -9.23673 -4.20556 2.0327 -4.49086 -17.7771 5.4411 0.852353 -38.7721 -0.655187 1.22635 4.57879 0.0309305 2.32622 -40.4017 -6.04875 4.13354 3.48568 -15.6694 -0.779096 -9.8844 12.4959 3.88247e-16 -6.11447e-16 -1.2787e-14 
9.58771 93.7483 135.879 -0.905966 10.1875 3.56572 0 5.07867 -1.15138 -0.279542 -1.63646 -0.491309 0 5.61661 1.07143 -0.0658195 -1.01299 -0.159468 -1.02604e-17 5.98978 0.11501 -0.0299443 0.0493913 -0.0134548 -1.10457e-17 6.50583 -0.443523 -0.0465369 1.49702 0.0769505 -1.97295e-17 7.60548 -1.50593 -0.0451986 2.95383 0.0243763 -2.53307e-17 9.49737 -0.914492 -0.107982 3.52595 -0.256557 -2.90401e-17 10.5513 1.57691 0.0864335 0.793459 0.0354684 -1.29193e-17 4.78644 0.715339 0.475257 2.32549 3.49131 -1.8116e-17 4.82109 0.421791 -0.534192 -3.31222 1.62756 -2.00958e-17 4.83041 0.765062 -3.8036 -5.18671 0.894578 1.23299 -7.60731 7.53374 1.3273 1.32452 4.39216 12.9547 3.2495 -3.26872 -88.0894 24.1232 11.397 29.2081 0.0598081 0.137039 5.76503 -1.45619 -28.9226 24.234 0.0496219 0.113701 2.62424 -12.961 -5.08618 -1.23299 -7.60729 7.53365 -9.91893 4.06274 -5.25746 -12.9547 3.2495 -3.26872 109.42 41.3785 -45.5324 -29.2081 0.0598081 0.137039 -10.8661 -6.84852 64.9428 -24.234 0.0496218 0.113702 -3.11123 -55.4744 -4.33447 9.23673 -4.20556 2.0327 -0.290119 -12.2092 -17.6872 -0.852353 -38.7721 -0.655187 0.255814 -0.95392 0.0187815 -2.32622 -40.4017 -6.04875 0.097827 2.15343 14.8914 0.779096 -9.8844 12.4959 -7.92055e-17 -7.9839e-16 1.56757e-17 -9.23673 -4.20556 2.0327 -4.71254 -17.5302 5.41112 0.852353 -38.7721 -0.655187 1.19693 4.46911 0.0313369 2.32622 -40.4017 -6.04875 4.16334 3.06413 -15.6857 -0.779096 -9.8844 12.4959 -2.84193e-16 -5.7534e-16 -1.27601e-14 
9.63635 93.6934 135.977 -0.756069 10.1425 3.44196 0 5.07867 -1.15138 -0.311482 -1.61135 -0.497146 0 5.61661 1.07143 -0.0896245 -1.00164 -0.157092 -1.02604e-17 5.98978 0.11501 -0.0464361 0.0535522 -0.011023 -1.10457e-17 6.50583 -0.443523 -0.0570245 1.49178 0.0790872 -1.97295e-17 7.60548 -1.50593 -0.0470232 2.95822 0.0270086 -2.53307e-17 9.49737 -0.914492 -0.101332 3.53885 -0.253553 -2.90401e-17 10.5513 1.57691 0.0994723 0.794301 0.0396054 -1.29193e-17 4.78644 0.715339 0.471427 2.41758 3.44837 -1.8116e-17 4.82109 0.421791 -0.566134 -3.28358 1.6088 -2.00958e-17 4.83041 0.765062 -3.85377 -5.15488 0.964967 1.23299 -7.60731 7.53374 1.52263 1.30463 4.61761 12.9547 3.2495 -3.26872 -88.4829 24.2661 11.8763 29.2081 0.0598081 0.137039 5.83268 -1.49338 -29.2928 24.234 0.0496219 0.113701 2.67665 -12.7836 -4.97851 -1.23299 -7.60729 7.53365 -10.4575 4.12458 -5.45225 -12.9547 3.2495 -3.26872 109.675 41.2563 -47.2918 -29.2081 0.0598081 0.137039 -11.1641 -7.52572 68.4685 -24.234 0.0496218 0.113702 -4.31007 -53.7982 -5.96961 9.23673 -4.20556 2.0327 -0.437722 -12.0332 -17.6838 -0.852353 -38.7721 -0.655187 0.270461 -1.00849 0.0199849 -2.32622 -40.4017 -6.04875 0.137262 1.98255 14.895 0.779096 -9.8844 12.4959 -2.68668e-16 -8.04311e-16 2.15964e-17 -9.23673 -4.20556 2.0327 -4.84992 -17.3426 5.48627 0.852353 -38.7721 -0.655187 1.18319 4.41788 0.0315074 2.32622 -40.4017 -6.04875 4.14493 2.66416 -15.6893 -0.779096 -9.8844 12.4959 -1.18339e-15 -5.40737e-16 -1.27195e-14 
9.64215 93.64 136.023 -0.657748 10.1093 3.24801 0 5.07867 -1.15138 -0.341021 -1.56531 -0.493385 0 5.61661 1.07143 -0.115034 -0.963901 -0.14935 -1.02604e-17 5.98978 0.11501 -0.0659021 0.0835105 -0.00366087 -1.10457e-17 6.50583 -0.443523 -0.0715584 1.50711 0.085736 -1.97295e-17 7.60548 -1.50593 -0.0527977 2.96274 0.0359292 -2.53307e-17 9.49737 -0.914492 -0.0974383 3.54872 -0.243919 -2.90401e-17 10.5513 1.57691 0.108115 0.791226 0.0419224 -1.29193e-17 4.78644 0.715339 0.447763 2.46935 3.40468 -1.8116e-17 4.82109 0.421791 -0.567001 -3.29923 1.58898 -2.00958e-17 4.83041 0.765062 -3.83084 -5.19642 1.06151 1.23299 -7.60731 7.53374 1.72868 1.30632 4.772 12.9547 3.2495 -3.26872 -88.8026 24.2173 12.0917 29.2081 0.0598081 0.137039 5.85666 -1.5067 -29.4244 24.234 0.0496219 0.113701 2.75758 -12.506 -4.8974 -1.23299 -7.60729 7.53365 -10.6623 4.14413 -5.57854 -12.9547 3.2495 -3.26872 109.531 41.0941 -48.1544 -29.2081 0.0598081 0.137039 -11.343 -7.99666 70.8703 -24.234 0.0496218 0.113702 -5.16149 -51.8074 -7.20412 9.23673 -4.20556 2.0327 -0.490516 -11.9324 -17.5976 -0.852353 -38.7721 -0.655187 0.268636 -1.00169 0.0198342 -2.32622 -40.4017 -6.04875 0.155867 1.75953 14.9086 0.779096 -9.8844 12.4959 2.14303e-16 -7.89218e-16 6.50356e-18 -9.23673 -4.20556 2.0327 -4.88728 -17.2516 5.68606 0.852353 -38.7721 -0.655187 1.17974 4.40501 0.0315483 2.32622 -40.4017 -6.04875 4.08361 2.35741 -15.6804 -0.779096 -9.8844 12.4959 -8.04468e-16 -5.52578e-16 -1.27373e-14 
9.60279 93.5889 136.031 -0.650759 10.0672 2.98313 0 5.07867 -1.15138 -0.353908 -1.52344 -0.475745 0 5.61661 1.07143 -0.130251 -0.921963 -0.130401 -1.02604e-17 5.98978 0.11501 -0.0802012 0.123898 0.0149059 -1.10457e-17 6.50583 -0.443523 -0.0855802 1.54091 0.103682 -1.97295e-17 7.60548 -1.50593 -0.0609724 2.97723 0.0563814 -2.53307e-17 9.49737 -0.914492 -0.0973479 3.56596 -0.22152 -2.90401e-17 10.5513 1.57691 0.110727 0.784964 0.0413399 -1.29193e-17 4.78644 0.715339 0.419126 2.49661 3.37246 -1.8116e-17 4.82109 0.421791 -0.544481 -3.34244 1.57342 -2.00958e-17 4.83041 0.765062 -3.74506 -5.27174 1.14698 1.23299 -7.60731 7.53374 1.89903 1.31095 4.82521 12.9547 3.2495 -3.26872 -88.9842 24.013 12.0305 29.2081 0.0598081 0.137039 5.82436 -1.48877 -29.2472 24.234 0.0496219 0.113701 2.83819 -12.2223 -4.86014 -1.23299 -7.60729 7.53365 -10.6244 4.12794 -5.63718 -12.9547 3.2495 -3.26872 109.169 40.9885 -48.1129 -29.2081 0.0598081 0.137039 -11.3956 -8.14743 71.6319 -24.234 0.0496218 0.113702 -5.37613 -50.2733 -7.54067 9.23673 -4.20556 2.0327 -0.408017 -11.8712 -17.4221 -0.852353 -38.7721 -0.655187 0.254013 -0.947211 0.0186345 -2.32622 -40.4017 -6.04875 0.205717 1.4716 14.9275 0.779096 -9.8844 12.4959 1.28906e-16 -7.91887e-16 9.17222e-18 -9.23673 -4.20556 2.0327 -4.77678 -17.2272 5.9874 0.852353 -38.7721 -0.655187 1.18351 4.41908 0.0315036 2.32622 -40.4017 -6.04875 3.98729 2.16592 -15.66 -0.779096 -9.8844 12.4959 2.84179e-16 -6.04943e-16 -1.27838e-14 
9.54296 93.52 136.003 -0.674733 10.039 2.71161 0 5.07867 -1.15138 -0.359285 -1.49084 -0.451387 0 5.61661 1.07143 -0.141462 -0.888016 -0.10628 -1.02604e-17 5.98978 0.11501 -0.0933008 0.156726 0.0385582 -1.10457e-17 6.50583 -0.443523 -0.100243 1.56942 0.126959 -1.97295e-17 7.60548 -1.50593 -0.0715729 2.98773 0.0820452 -2.53307e-17 9.49737 -0.914492 -0.101092 3.57225 -0.193409 -2.90401e-17 10.5513 1.57691 0.109221 0.778204 0.0386053 -1.29193e-17 4.78644 0.715339 0.395502 2.50612 3.34456 -1.8116e-17 4.82109 0.421791 -0.518463 -3.37691 1.55847 -2.00958e-17 4.83041 0.765062 -3.64224 -5.32296 1.18904 1.23299 -7.60731 7.53374 2.06396 1.3177 4.82175 12.9547 3.2495 -3.26872 -89.0828 23.79 11.8318 29.2081 0.0598081 0.137039 5.7539 -1.45012 -28.8617 24.234 0.0496219 0.113701 2.879 -12.0132 -4.86187 -1.23299 -7.60729 7.53365 -10.5165 4.10793 -5.64873 -12.9547 3.2495 -3.26872 108.767 40.8757 -47.4814 -29.2081 0.0598081 0.137039 -11.3612 -8.04818 71.131 -24.234 0.0496218 0.113702 -5.19006 -49.297 -7.29743 9.23673 -4.20556 2.0327 -0.289234 -11.8607 -17.1904 -0.852353 -38.7721 -0.655187 0.230215 -0.858528 0.0167114 -2.32622 -40.4017 -6.04875 0.332582 1.10977 14.9418 0.779096 -9.8844 12.4959 2.48481e-17 -7.95139e-16 1.2424e-17 -9.23673 -4.20556 2.0327 -4.62327 -17.258 6.29028 0.852353 -38.7721 -0.655187 1.19537 4.46331 0.0313569 2.32622 -40.4017 -6.04875 3.87591 1.93168 -15.6346 -0.779096 -9.8844 12.4959 -2.84179e-16 -5.75341e-16 -1.27601e-14 
9.47701 93.4236 135.931 -0.72554 10.1065 2.4453 0 5.07867 -1.15138 -0.351817 -1.4571 -0.429028 0 5.61661 1.07143 -0.141838 -0.859688 -0.0836781 -1.02604e-17 5.98978 0.11501 -0.0979059 0.174517 0.0606266 -1.10457e-17 6.50583 -0.443523 -0.107899 1.56939 0.148925 -1.97295e-17 7.60548 -1.50593 -0.0781972 2.9707 0.105416 -2.53307e-17 9.49737 -0.914492 -0.10489 3.54334 -0.170014 -2.90401e-17 10.5513 1.57691 0.105258 0.772091 0.0362871 -1.29193e-17 4.78644 0.715339 0.374101 2.45748 3.34766 -1.8116e-17 4.82109 0.421791 -0.483208 -3.41152 1.55689 -2.00958e-17 4.83041 0.765062 -3.58737 -5.3164 1.18456 1.23299 -7.60731 7.53374 2.25885 1.35014 4.8041 12.9547 3.2495 -3.26872 -89.1734 23.6128 11.6462 29.2081 0.0598081 0.137039 5.69325 -1.41733 -28.531 24.234 0.0496219 0.113701 2.86142 -11.9518 -4.84717 -1.23299 -7.60729 7.53365 -10.3122 4.10634 -5.61694 -12.9547 3.2495 -3.26872 108.298 40.6722 -46.5325 -29.2081 0.0598081 0.137039 -11.2831 -7.83222 70.0358 -24.234 0.0496218 0.113702 -4.97071 -48.6315 -6.98543 9.23673 -4.20556 2.0327 -0.15094 -11.9991 -16.9155 -0.852353 -38.7721 -0.655187 0.192174 -0.716743 0.0137134 -2.32622 -40.4017 -6.04875 0.536999 0.637831 14.9522 0.779096 -9.8844 12.4959 2.48481e-17 -7.95139e-16 1.2424e-17 -9.23673 -4.20556 2.0327 -4.45112 -17.4471 6.56765 0.852353 -38.7721 -0.655187 1.22525 4.57469 0.0309468 2.32622 -40.4017 -6.04875 3.76321 1.60132 -15.6112 -0.779096 -9.8844 12.4959 -8.89865e-16 -5.4991e-16 -1.27287e-14 
9.41342 93.3188 135.817 -0.792908 10.1637 2.20069 0 5.07867 -1.15138 -0.340449 -1.39087 -0.402539 0 5.61661 1.07143 -0.139772 -0.808204 -0.0572678 -1.02604e-17 5.98978 0.11501 -0.100843 0.202407 0.0862805 -1.10457e-17 6.50583 -0.443523 -0.114611 1.5556 0.174524 -1.97295e-17 7.60548 -1.50593 -0.0842376 2.92953 0.132491 -2.53307e-17 9.49737 -0.914492 -0.107856 3.48401 -0.144212 -2.90401e-17 10.5513 1.57691 0.100049 0.766857 0.0353704 -1.29193e-17 4.78644 0.715339 0.342359 2.35235 3.34474 -1.8116e-17 4.82109 0.421791 -0.451929 -3.46808 1.55216 -2.00958e-17 4.83041 0.765062 -3.54215 -5.26187 1.1547 1.23299 -7.60731 7.53374 2.48549 1.41496 4.76243 12.9547 3.2495 -3.26872 -89.2708 23.5183 11.4778 29.2081 0.0598081 0.137039 5.64907 -1.39374 -28.2907 24.234 0.0496219 0.113701 2.83329 -12.0194 -4.81749 -1.23299 -7.60729 7.53365 -9.96794 4.11898 -5.53292 -12.9547 3.2495 -3.26872 107.809 40.4304 -45.3823 -29.2081 0.0598081 0.137039 -11.171 -7.54291 68.5568 -24.234 0.0496218 0.113702 -4.91785 -48.0765 -6.874 9.23673 -4.20556 2.0327 0.000164231 -12.1798 -16.6314 -0.852353 -38.7721 -0.655187 0.143856 -0.536606 0.0100404 -2.32622 -40.4017 -6.04875 0.733312 0.133316 14.9654 0.779096 -9.8844 12.4959 2.48481e-17 -7.95139e-16 1.2424e-17 -9.23673 -4.20556 2.0327 -4.27676 -17.681 6.80967 0.852353 -38.7721 -0.655187 1.2694 4.73925 0.0302341 2.32622 -40.4017 -6.04875 3.65753 1.26359 -15.5873 -0.779096 -9.8844 12.4959 -7.00412e-16 -5.5583e-16 -1.27406e-14 
9.35736 93.2167 135.685 -0.879958 10.2245 1.94597 0 5.07867 -1.15138 -0.321299 -1.30699 -0.371221 0 5.61661 1.07143 -0.131564 -0.742287 -0.027896 -1.02604e-17 5.98978 0.11501 -0.0994324 0.23742 0.114236 -1.10457e-17 6.50583 -0.443523 -0.118383 1.53567 0.201805 -1.97295e-17 7.60548 -1.50593 -0.0888786 2.87375 0.161166 -2.53307e-17 9.49737 -0.914492 -0.110373 3.40417 -0.116631 -2.90401e-17 10.5513 1.57691 0.093621 0.762127 0.0344419 -1.29193e-17 4.78644 0.715339 0.305847 2.23336 3.34787 -1.8116e-17 4.82109 0.421791 -0.437646 -3.51807 1.54951 -2.00958e-17 4.83041 0.765062 -3.52914 -5.21759 1.12555 1.23299 -7.60731 7.53374 2.74778 1.50263 4.70656 12.9547 3.2495 -3.26872 -89.3895 23.4484 11.328 29.2081 0.0598081 0.137039 5.61454 -1.37546 -28.1032 24.234 0.0496219 0.113701 2.7862 -12.1633 -4.86095 -1.23299 -7.60729 7.53365 -9.53459 4.12734 -5.42897 -12.9547 3.2495 -3.26872 107.215 40.1176 -43.9202 -29.2081 0.0598081 0.137039 -11.0093 -7.15995 66.5758 -24.234 0.0496218 0.113702 -4.75945 -47.2214 -6.75775 9.23673 -4.20556 2.0327 0.175545 -12.3885 -16.3258 -0.852353 -38.7721 -0.655187 0.0893392 -0.333296 0.00607766 -2.32622 -40.4017 -6.04875 0.898416 -0.378148 14.9823 0.779096 -9.8844 12.4959 2.48481e-17 -7.95139e-16 1.2424e-17 -9.23673 -4.20556 2.0327 -4.07913 -17.9424 7.0775 0.852353 -38.7721 -0.655187 1.31646 4.91457 0.0293345 2.32622 -40.4017 -6.04875 3.5429 0.975305 -15.5642 -0.779096 -9.8844 12.4959 -5.96354e-16 -5.59082e-16 -1.27471e-14 
9.3136 93.1302 135.555 -1.01138 10.3236 1.6572 0 5.07867 -1.15138 -0.286164 -1.22529 -0.337935 0 5.61661 1.07143 -0.109085 -0.679905 0.00281436 -1.02604e-17 5.98978 0.11501 -0.0872849 0.264382 0.142947 -1.10457e-17 6.50583 -0.443523 -0.113728 1.50301 0.229132 -1.97295e-17 7.60548 -1.50593 -0.088186 2.80243 0.188355 -2.53307e-17 9.49737 -0.914492 -0.109743 3.30061 -0.0892533 -2.90401e-17 10.5513 1.57691 0.0870697 0.757721 0.0331119 -1.29193e-17 4.78644 0.715339 0.28405 2.10011 3.37228 -1.8116e-17 4.82109 0.421791 -0.42648 -3.52096 1.55716 -2.00958e-17 4.83041 0.765062 -3.57366 -5.1372 1.11327 1.23299 -7.60731 7.53374 3.02176 1.60107 4.63284 12.9547 3.2495 -3.26872 -89.5619 23.3941 11.2338 29.2081 0.0598081 0.137039 5.59262 -1.36393 -27.9843 24.234 0.0496219 0.113701 2.76329 -12.3593 -4.94423 -1.23299 -7.60729 7.53365 -9.16106 4.14177 -5.31484 -12.9547 3.2495 -3.26872 106.585 39.7325 -42.2217 -29.2081 0.0598081 0.137039 -10.7845 -6.68093 64.0551 -24.234 0.0496218 0.113702 -4.34887 -45.9593 -6.51287 9.23673 -4.20556 2.0327 0.399297 -12.6342 -15.9701 -0.852353 -38.7721 -0.655187 0.0357705 -0.133466 0.00237133 -2.32622 -40.4017 -6.04875 1.06423 -0.854662 14.9981 0.779096 -9.8844 12.4959 2.48481e-17 -7.95139e-16 1.2424e-17 -9.23673 -4.20556 2.0327 -3.82698 -18.2448 7.40259 0.852353 -38.7721 -0.655187 1.35655 5.06393 0.028454 2.32622 -40.4017 -6.04875 3.44863 0.803052 -15.5433 -0.779096 -9.8844 12.4959 -5.96354e-16 -5.59082e-16 -1.27471e-14 
9.28316 93.0902 135.435 -1.16414 10.3355 1.34044 0 5.07867 -1.15138 -0.243677 -1.12695 -0.302785 0 5.61661 1.07143 -0.08004 -0.604666 0.0347099 -1.02604e-17 5.98978 0.11501 -0.0701699 0.298383 0.172557 -1.10457e-17 6.50583 -0.443523 -0.105431 1.46827 0.256845 -1.97295e-17 7.60548 -1.50593 -0.0851062 2.72183 0.214748 -2.53307e-17 9.49737 -0.914492 -0.106736 3.18255 -0.0615425 -2.90401e-17 10.5513 1.57691 0.0805987 0.755263 0.0324138 -1.29193e-17 4.78644 0.715339 0.275171 1.97441 3.41975 -1.8116e-17 4.82109 0.421791 -0.418858 -3.48727 1.57696 -2.00958e-17 4.83041 0.765062 -3.61345 -4.9809 1.10129 1.23299 -7.60731 7.53374 3.23688 1.70004 4.52974 12.9547 3.2495 -3.26872 -89.7105 23.302 11.1955 29.2081 0.0598081 0.137039 5.57894 -1.35677 -27.9103 24.234 0.0496219 0.113701 2.75996 -12.525 -5.04634 -1.23299 -7.60729 7.53365 -8.84359 4.16536 -5.19513 -12.9547 3.2495 -3.26872 106.017 39.3532 -40.5273 -29.2081 0.0598081 0.137039 -10.4942 -6.13197 61.0977 -24.234 0.0496218 0.113702 -3.80121 -45.0384 -6.03032 9.23673 -4.20556 2.0327 0.648576 -12.7727 -15.5947 -0.852353 -38.7721 -0.655187 -0.00542685 0.0202504 -0.000352514 -2.32622 -40.4017 -6.04875 1.19166 -1.14407 15.0082 0.779096 -9.8844 12.4959 2.48481e-17 -7.95139e-16 1.2424e-17 -9.23673 -4.20556 2.0327 -3.54093 -18.4594 7.79614 0.852353 -38.7721 -0.655187 1.3874 5.17878 0.0277054 2.32622 -40.4017 -6.04875 3.39549 0.870387 -15.5264 -0.779096 -9.8844 12.4959 -5.96354e-16 -5.59082e-16 -1.27471e-14 
9.28396 93.1007 135.341 -1.20255 10.2066 1.0913 0 5.07867 -1.15138 -0.234195 -1.01403 -0.276876 0 5.61661 1.07143 -0.0790178 -0.514441 0.0536629 -1.02604e-17 5.98978 0.11501 -0.0740767 0.348201 0.188641 -1.10457e-17 6.50583 -0.443523 -0.111263 1.4517 0.27069 -1.97295e-17 7.60548 -1.50593 -0.0912641 2.65614 0.229047 -2.53307e-17 9.49737 -0.914492 -0.109437 3.08035 -0.045149 -2.90401e-17 10.5513 1.57691 0.074053 0.754674 0.0322321 -1.29193e-17 4.78644 0.715339 0.263299 1.91582 3.45771 -1.8116e-17 4.82109 0.421791 -0.430814 -3.43469 1.59382 -2.00958e-17 4.83041 0.765062 -3.59792 -4.82632 1.10402 1.23299 -7.60731 7.53374 3.37384 1.77477 4.43353 12.9547 3.2495 -3.26872 -89.7626 23.1806 11.1643 29.2081 0.0598081 0.137039 5.56569 -1.34985 -27.8385 24.234 0.0496219 0.113701 2.72541 -12.6115 -5.16747 -1.23299 -7.60729 7.53365 -8.58562 4.18402 -5.08058 -12.9547 3.2495 -3.26872 105.607 38.9867 -39.0501 -29.2081 0.0598081 0.137039 -10.159 -5.57155 57.9877 -24.234 0.0496218 0.113702 -3.23958 -44.8345 -5.30552 9.23673 -4.20556 2.0327 0.74468 -12.7464 -15.2774 -0.852353 -38.7721 -0.655187 -0.0302081 0.112729 -0.00193796 -2.32622 -40.4017 -6.04875 1.20308 -1.13437 15.0095 0.779096 -9.8844 12.4959 2.48481e-17 -7.95139e-16 1.2424e-17 -9.23673 -4.20556 2.0327 -3.41407 -18.4862 8.14139 0.852353 -38.7721 -0.655187 1.40869 5.25807 0.0271522 2.32622 -40.4017 -6.04875 3.38677 1.06891 -15.5162 -0.779096 -9.8844 12.4959 -5.96354e-16 -5.59082e-16 -1.27471e-14 
9.32854 93.1338 135.285 -1.14237 10.0554 1.06083 0 5.07867 -1.15138 -0.25471 -0.908117 -0.277773 0 5.61661 1.07143 -0.0994843 -0.428262 0.0435563 -1.02604e-17 5.98978 0.11501 -0.0912355 0.39805 0.175874 -1.10457e-17 6.50583 -0.443523 -0.122199 1.44371 0.256212 -1.97295e-17 7.60548 -1.50593 -0.100058 2.60416 0.215904 -2.53307e-17 9.49737 -0.914492 -0.116609 2.99656 -0.0575131 -2.90401e-17 10.5513 1.57691 0.0674285 0.756252 0.0335044 -1.29193e-17 4.78644 0.715339 0.250658 1.89764 3.47305 -1.8116e-17 4.82109 0.421791 -0.4473 -3.37777 1.60262 -2.00958e-17 4.83041 0.765062 -3.56696 -4.70988 1.10764 1.23299 -7.60731 7.53374 3.43583 1.82693 4.36338 12.9547 3.2495 -3.26872 -89.7642 23.1104 11.1425 29.2081 0.0598081 0.137039 5.571 -1.35262 -27.8673 24.234 0.0496219 0.113701 2.69918 -12.6521 -5.21448 -1.23299 -7.60729 7.53365 -8.39346 4.20339 -4.95885 -12.9547 3.2495 -3.26872 105.396 38.6558 -37.9722 -29.2081 0.0598081 0.137039 -9.82156 -5.06865 55.1029 -24.234 0.0496218 0.113702 -2.63994 -45.279 -4.34894 9.23673 -4.20556 2.0327 0.650501 -12.694 -15.1393 -0.852353 -38.7721 -0.655187 -0.0465966 0.173892 -0.00296457 -2.32622 -40.4017 -6.04875 1.14197 -0.932631 15.0048 0.779096 -9.8844 12.4959 2.48481e-17 -7.95139e-16 1.2424e-17 -9.23673 -4.20556 2.0327 -3.49536 -18.3842 8.22815 0.852353 -38.7721 -0.655187 1.41347 5.27585 0.0270241 2.32622 -40.4017 -6.04875 3.41234 1.23117 -15.5165 -0.779096 -9.8844 12.4959 -5.96354e-16 -5.59082e-16 -1.27471e-14 
9.39853 93.1665 135.262 -1.07654 10.004 1.15435 0 5.07867 -1.15138 -0.269301 -0.843965 -0.299494 0 5.61661 1.07143 -0.10954 -0.376094 0.0144342 -1.02604e-17 5.98978 0.11501 -0.0968564 0.42544 0.14551 -1.10457e-17 6.50583 -0.443523 -0.121672 1.43245 0.225184 -1.97295e-17 7.60548 -1.50593 -0.100957 2.56507 0.184739 -2.53307e-17 9.49737 -0.914492 -0.122456 2.93751 -0.0896905 -2.90401e-17 10.5513 1.57691 0.0615361 0.759133 0.0363551 -1.29193e-17 4.78644 0.715339 0.251667 1.84495 3.54861 -1.8116e-17 4.82109 0.421791 -0.477411 -3.32007 1.6405 -2.00958e-17 4.83041 0.765062 -3.59399 -4.61255 1.07013 1.23299 -7.60731 7.53374 3.4015 1.86519 4.29967 12.9547 3.2495 -3.26872 -89.7073 23.1274 11.1525 29.2081 0.0598081 0.137039 5.59952 -1.36755 -28.0218 24.234 0.0496219 0.113701 2.67076 -12.8089 -5.20854 -1.23299 -7.60729 7.53365 -8.24023 4.22842 -4.83647 -12.9547 3.2495 -3.26872 105.397 38.5167 -37.4193 -29.2081 0.0598081 0.137039 -9.54548 -4.69419 52.8863 -24.234 0.0496218 0.113702 -2.05849 -46.1488 -3.34634 9.23673 -4.20556 2.0327 0.502569 -12.7039 -15.153 -0.852353 -38.7721 -0.655187 -0.048169 0.179761 -0.00306216 -2.32622 -40.4017 -6.04875 1.1007 -0.700508 14.9935 0.779096 -9.8844 12.4959 2.48481e-17 -7.95139e-16 1.2424e-17 -9.23673 -4.20556 2.0327 -3.63725 -18.3012 8.1443 0.852353 -38.7721 -0.655187 1.4032 5.23763 0.0272977 2.32622 -40.4017 -6.04875 3.42615 1.34172 -15.5218 -0.779096 -9.8844 12.4959 -3.02843e-16 -5.77426e-16 -1.27562e-14 
9.48069 93.2016 135.261 -1.08314 10.0642 1.28389 0 5.07867 -1.15138 -0.251673 -0.843712 -0.339729 0 5.61661 1.07143 -0.0872992 -0.374406 -0.0277218 -1.02604e-17 5.98978 0.11501 -0.0754209 0.422454 0.103593 -1.10457e-17 6.50583 -0.443523 -0.100656 1.42471 0.183503 -1.97295e-17 7.60548 -1.50593 -0.0904505 2.5542 0.140051 -2.53307e-17 9.49737 -0.914492 -0.128647 2.92357 -0.135603 -2.90401e-17 10.5513 1.57691 0.056939 0.761065 0.0396048 -1.29193e-17 4.78644 0.715339 0.267214 1.74236 3.69512 -1.8116e-17 4.82109 0.421791 -0.547019 -3.27495 1.71089 -2.00958e-17 4.83041 0.765062 -3.67816 -4.5459 1.07554 1.23299 -7.60731 7.53374 3.24378 1.87836 4.23713 12.9547 3.2495 -3.26872 -89.5642 23.1899 11.1714 29.2081 0.0598081 0.137039 5.64056 -1.38922 -28.2444 24.234 0.0496219 0.113701 2.65383 -13.1607 -5.18402 -1.23299 -7.60729 7.53365 -8.13819 4.24515 -4.73762 -12.9547 3.2495 -3.26872 105.559 38.5928 -37.4185 -29.2081 0.0598081 0.137039 -9.39245 -4.49895 51.7041 -24.234 0.0496218 0.113702 -1.52739 -47.1485 -2.50231 9.23673 -4.20556 2.0327 0.416501 -12.794 -15.2281 -0.852353 -38.7721 -0.655187 -0.0406841 0.151826 -0.00259621 -2.32622 -40.4017 -6.04875 1.08094 -0.501723 14.98 0.779096 -9.8844 12.4959 3.18359e-16 -7.85966e-16 3.25182e-18 -9.23673 -4.20556 2.0327 -3.72424 -18.3006 8.02151 0.852353 -38.7721 -0.655187 1.38536 5.17121 0.0277566 2.32622 -40.4017 -6.04875 3.46702 1.48384 -15.5322 -0.779096 -9.8844 12.4959 -1.07932e-15 -5.47241e-16 -1.27228e-14 
9.57894 93.2554 135.272 -1.126 10.1267 1.48835 0 5.07867 -1.15138 -0.216187 -0.894445 -0.394416 0 5.61661 1.07143 -0.0469732 -0.409985 -0.0792614 -1.02604e-17 5.98978 0.11501 -0.039016 0.403857 0.0533788 -1.10457e-17 6.50583 -0.443523 -0.0691725 1.43726 0.134431 -1.97295e-17 7.60548 -1.50593 -0.0754259 2.58611 0.0866049 -2.53307e-17 9.49737 -0.914492 -0.138626 2.97009 -0.189947 -2.90401e-17 10.5513 1.57691 0.0538865 0.762393 0.0425508 -1.29193e-17 4.78644 0.715339 0.287035 1.64587 3.86844 -1.8116e-17 4.82109 0.421791 -0.658234 -3.26238 1.79289 -2.00958e-17 4.83041 0.765062 -3.77733 -4.52819 1.11539 1.23299 -7.60731 7.53374 2.96097 1.85207 4.1825 12.9547 3.2495 -3.26872 -89.3143 23.298 11.1447 29.2081 0.0598081 0.137039 5.67857 -1.40947 -28.4511 24.234 0.0496219 0.113701 2.65153 -13.6174 -5.15544 -1.23299 -7.60729 7.53365 -8.09322 4.24231 -4.67143 -12.9547 3.2495 -3.26872 105.893 38.8713 -37.9494 -29.2081 0.0598081 0.137039 -9.37482 -4.47698 51.5699 -24.234 0.0496218 0.113702 -1.13218 -48.1076 -1.86307 9.23673 -4.20556 2.0327 0.343512 -12.8865 -15.3739 -0.852353 -38.7721 -0.655187 -0.0296212 0.110538 -0.00190088 -2.32622 -40.4017 -6.04875 1.01584 -0.246486 14.9668 0.779096 -9.8844 12.4959 -1.64598e-16 -8.01059e-16 1.83442e-17 -9.23673 -4.20556 2.0327 -3.81226 -18.292 7.81742 0.852353 -38.7721 -0.655187 1.36642 5.10067 0.0282212 2.32622 -40.4017 -6.04875 3.54737 1.70877 -15.5478 -0.779096 -9.8844 12.4959 -5.1097e-16 -5.70922e-16 -1.27465e-14 
9.68424 93.3314 135.297 -1.13275 10.1372 1.73597 0 5.07867 -1.15138 -0.183624 -0.976882 -0.449272 0 5.61661 1.07143 -0.00937699 -0.46645 -0.128071 -1.02604e-17 5.98978 0.11501 -0.00462372 0.383465 0.00654635 -1.10457e-17 6.50583 -0.443523 -0.0403944 1.47932 0.089517 -1.97295e-17 7.60548 -1.50593 -0.062255 2.66456 0.0377537 -2.53307e-17 9.49737 -0.914492 -0.150079 3.07864 -0.240443 -2.90401e-17 10.5513 1.57691 0.0524475 0.763352 0.0446663 -1.29193e-17 4.78644 0.715339 0.302366 1.62936 4.02284 -1.8116e-17 4.82109 0.421791 -0.773213 -3.28592 1.86571 -2.00958e-17 4.83041 0.765062 -3.90988 -4.59463 1.15928 1.23299 -7.60731 7.53374 2.60819 1.78364 4.15054 12.9547 3.2495 -3.26872 -88.9783 23.4561 11.0548 29.2081 0.0598081 0.137039 5.70711 -1.42478 -28.6065 24.234 0.0496219 0.113701 2.62926 -14.082 -5.1669 -1.23299 -7.60729 7.53365 -8.09973 4.21303 -4.65409 -12.9547 3.2495 -3.26872 106.37 39.3018 -38.8738 -29.2081 0.0598081 0.137039 -9.4648 -4.59023 52.2592 -24.234 0.0496218 0.113702 -0.911223 -48.9309 -1.39306 9.23673 -4.20556 2.0327 0.225465 -12.9129 -15.5966 -0.852353 -38.7721 -0.655187 -0.0102788 0.038356 -0.000666066 -2.32622 -40.4017 -6.04875 0.885577 0.122862 14.9509 0.779096 -9.8844 12.4959 -7.92149e-17 -7.98391e-16 1.5676e-17 -9.23673 -4.20556 2.0327 -3.95533 -18.2244 7.55509 0.852353 -38.7721 -0.655187 1.35058 5.04168 0.0285918 2.32622 -40.4017 -6.04875 3.64652 1.99159 -15.5698 -0.779096 -9.8844 12.4959 -4.92291e-16 -5.65586e-16 -1.27503e-14 
9.78699 93.4158 135.342 -1.12137 10.1555 2.00291 0 5.07867 -1.15138 -0.156046 -1.0834 -0.50061 0 5.61661 1.07143 0.0233196 -0.542104 -0.170664 -1.02604e-17 5.98978 0.11501 0.0260145 0.355336 -0.0336061 -1.10457e-17 6.50583 -0.443523 -0.0147828 1.53386 0.0517768 -1.97295e-17 7.60548 -1.50593 -0.0498282 2.76917 -0.00339218 -2.53307e-17 9.49737 -0.914492 -0.159516 3.22228 -0.28458 -2.90401e-17 10.5513 1.57691 0.053217 0.763715 0.0462618 -1.29193e-17 4.78644 0.715339 0.31191 1.68803 4.12885 -1.8116e-17 4.82109 0.421791 -0.869328 -3.32226 1.91584 -2.00958e-17 4.83041 0.765062 -4.06319 -4.72833 1.21937 1.23299 -7.60731 7.53374 2.25395 1.68935 4.15243 12.9547 3.2495 -3.26872 -88.6358 23.6712 10.9499 29.2081 0.0598081 0.137039 5.73537 -1.44005 -28.7606 24.234 0.0496219 0.113701 2.6104 -14.4993 -5.20538 -1.23299 -7.60729 7.53365 -8.17686 4.16911 -4.68562 -12.9547 3.2495 -3.26872 106.929 39.7736 -40.1033 -29.2081 0.0598081 0.137039 -9.64963 -4.83193 53.7091 -24.234 0.0496218 0.113702 -0.892841 -49.5655 -1.21382 9.23673 -4.20556 2.0327 0.0864702 -12.9305 -15.8525 -0.852353 -38.7721 -0.655187 0.0133014 -0.0496324 0.000872101 -2.32622 -40.4017 -6.04875 0.75362 0.540269 14.9313 0.779096 -9.8844 12.4959 3.18354e-16 -7.85967e-16 3.25197e-18 -9.23673 -4.20556 2.0327 -4.12451 -18.1483 7.26784 0.852353 -38.7721 -0.655187 1.33486 4.98311 0.0289435 2.32622 -40.4017 -6.04875 3.78727 2.26973 -15.6016 -0.779096 -9.8844 12.4959 -5.96354e-16 -5.59082e-16 -1.27471e-14 
9.88365 93.5057 135.397 -1.12094 10.1345 2.30319 0 5.07867 -1.15138 -0.132554 -1.19158 -0.550478 0 5.61661 1.07143 0.0528765 -0.619469 -0.209961 -1.02604e-17 5.98978 0.11501 0.0546785 0.329479 -0.0701244 -1.10457e-17 6.50583 -0.443523 0.00948567 1.59672 0.0178505 -1.97295e-17 7.60548 -1.50593 -0.0369977 2.88711 -0.0404999 -2.53307e-17 9.49737 -0.914492 -0.166489 3.38374 -0.325729 -2.90401e-17 10.5513 1.57691 0.0561872 0.764406 0.0479115 -1.29193e-17 4.78644 0.715339 0.316109 1.79961 4.1856 -1.8116e-17 4.82109 0.421791 -0.955995 -3.36149 1.94291 -2.00958e-17 4.83041 0.765062 -4.18277 -4.85545 1.26645 1.23299 -7.60731 7.53374 1.88823 1.58205 4.17174 12.9547 3.2495 -3.26872 -88.3009 23.9234 10.861 29.2081 0.0598081 0.137039 5.7686 -1.45813 -28.9421 24.234 0.0496219 0.113701 2.62793 -14.8168 -5.21409 -1.23299 -7.60729 7.53365 -8.31337 4.1184 -4.74838 -12.9547 3.2495 -3.26872 107.566 40.2681 -41.6338 -29.2081 0.0598081 0.137039 -9.91187 -5.198 55.8543 -24.234 0.0496218 0.113702 -1.14674 -50.1505 -1.39265 9.23673 -4.20556 2.0327 -0.0449322 -12.9103 -16.1484 -0.852353 -38.7721 -0.655187 0.0350389 -0.130736 0.002322 -2.32622 -40.4017 -6.04875 0.628834 0.978936 14.9115 0.779096 -9.8844 12.4959 4.22417e-16 -7.82715e-16 2.88531e-33 -9.23673 -4.20556 2.0327 -4.28941 -18.0294 6.95786 0.852353 -38.7721 -0.655187 1.32248 4.937 0.029209 2.32622 -40.4017 -6.04875 3.94582 2.5628 -15.6367 -0.779096 -9.8844 12.4959 -5.96354e-16 -5.59082e-16 -1.27471e-14 
9.96781 93.5951 135.457 -1.13709 10.0308 2.58159 0 5.07867 -1.15138 -0.103427 -1.29264 -0.599217 0 5.61661 1.07143 0.0885974 -0.688942 -0.246773 -1.02604e-17 5.98978 0.11501 0.0890978 0.314903 -0.104056 -1.10457e-17 6.50583 -0.443523 0.0387106 1.67581 -0.0137282 -1.97295e-17 7.60548 -1.50593 -0.0194063 3.02175 -0.0762166 -2.53307e-17 9.49737 -0.914492 -0.168709 3.56373 -0.366429 -2.90401e-17 10.5513 1.57691 0.0610875 0.764699 0.0492244 -1.29193e-17 4.78644 0.715339 0.318312 1.99584 4.19828 -1.8116e-17 4.82109 0.421791 -1.03599 -3.40145 1.9498 -2.00958e-17 4.83041 0.765062 -4.28899 -5.00667 1.31377 1.23299 -7.60731 7.53374 1.54092 1.45721 4.22321 12.9547 3.2495 -3.26872 -88.0012 24.1933 10.8108 29.2081 0.0598081 0.137039 5.79868 -1.47461 -29.1066 24.234 0.0496219 0.113701 2.63145 -15.0533 -5.22631 -1.23299 -7.60729 7.53365 -8.53087 4.05145 -4.85791 -12.9547 3.2495 -3.26872 108.226 40.7606 -43.3801 -29.2081 0.0598081 0.137039 -10.2174 -5.66428 58.5094 -24.234 0.0496218 0.113702 -1.59324 -50.629 -1.8302 9.23673 -4.20556 2.0327 -0.138346 -12.8043 -16.4518 -0.852353 -38.7721 -0.655187 0.0535253 -0.199704 0.00357915 -2.32622 -40.4017 -6.04875 0.509673 1.39601 14.8932 0.779096 -9.8844 12.4959 1.28911e-16 -7.91887e-16 9.17207e-18 -9.23673 -4.20556 2.0327 -4.41494 -17.84 6.68836 0.852353 -38.7721 -0.655187 1.31569 4.9117 0.0293504 2.32622 -40.4017 -6.04875 4.10147 2.87198 -15.6724 -0.779096 -9.8844 12.4959 -2.06389e-15 -5.04049e-16 -1.26829e-14 
10.0324 93.6687 135.507 -1.14194 9.88045 2.80582 0 5.07867 -1.15138 -0.0788665 -1.38001 -0.647943 0 5.61661 1.07143 0.121681 -0.747572 -0.28342 -1.02604e-17 5.98978 0.11501 0.122321 0.308142 -0.138225 -1.10457e-17 6.50583 -0.443523 0.068812 1.75919 -0.0461356 -1.97295e-17 7.60548 -1.50593 0.000945693 3.1575 -0.113214 -2.53307e-17 9.49737 -0.914492 -0.166103 3.73981 -0.408904 -2.90401e-17 10.5513 1.57691 0.0688334 0.764656 0.0498256 -1.29193e-17 4.78644 0.715339 0.324641 2.26171 4.17575 -1.8116e-17 4.82109 0.421791 -1.10151 -3.43309 1.94075 -2.00958e-17 4.83041 0.765062 -4.39457 -5.19794 1.37564 1.23299 -7.60731 7.53374 1.28042 1.32352 4.33266 12.9547 3.2495 -3.26872 -87.8096 24.4892 10.8431 29.2081 0.0598081 0.137039 5.82471 -1.48897 -29.2492 24.234 0.0496219 0.113701 2.61507 -15.2653 -5.24968 -1.23299 -7.60729 7.53365 -8.90176 3.9841 -5.02441 -12.9547 3.2495 -3.26872 108.891 41.1629 -45.2866 -29.2081 0.0598081 0.137039 -10.5473 -6.22742 61.6177 -24.234 0.0496218 0.113702 -2.16667 -50.8633 -2.51566 9.23673 -4.20556 2.0327 -0.21359 -12.6595 -16.7286 -0.852353 -38.7721 -0.655187 0.0641633 -0.239388 0.00431263 -2.32622 -40.4017 -6.04875 0.418265 1.74489 14.8761 0.779096 -9.8844 12.4959 2.48481e-17 -7.95139e-16 1.2424e-17 -9.23673 -4.20556 2.0327 -4.51651 -17.6255 6.49261 0.852353 -38.7721 -0.655187 1.31547 4.91088 0.0293549 2.32622 -40.4017 -6.04875 4.23787 3.11971 -15.7074 -0.779096 -9.8844 12.4959 -5.29656e-16 -5.67086e-16 -1.27426e-14 
10.0707 93.7086 135.573 -1.0654 9.74617 2.94104 0 5.07867 -1.15138 -0.0872491 -1.45248 -0.693224 0 5.61661 1.07143 0.126261 -0.798701 -0.319639 -1.02604e-17 5.98978 0.11501 0.133683 0.298759 -0.172745 -1.10457e-17 6.50583 -0.443523 0.0846826 1.82509 -0.07983 -1.97295e-17 7.60548 -1.50593 0.0149202 3.271 -0.149586 -2.53307e-17 9.49737 -0.914492 -0.161327 3.8861 -0.450631 -2.90401e-17 10.5513 1.57691 0.079691 0.765369 0.0504854 -1.29193e-17 4.78644 0.715339 0.334198 2.53155 4.14662 -1.8116e-17 4.82109 0.421791 -1.15463 -3.43573 1.92896 -2.00958e-17 4.83041 0.765062 -4.48091 -5.38443 1.44564 1.23299 -7.60731 7.53374 1.14289 1.20109 4.51222 12.9547 3.2495 -3.26872 -87.7569 24.8085 11.0377 29.2081 0.0598081 0.137039 5.85622 -1.50645 -29.422 24.234 0.0496219 0.113701 2.5768 -15.4821 -5.27387 -1.23299 -7.60729 7.53365 -9.41144 3.94351 -5.23539 -12.9547 3.2495 -3.26872 109.59 41.4291 -47.3685 -29.2081 0.0598081 0.137039 -10.8803 -6.87851 65.101 -24.234 0.0496218 0.113702 -2.90451 -50.7875 -3.45077 9.23673 -4.20556 2.0327 -0.33604 -12.4973 -16.95 -0.852353 -38.7721 -0.655187 0.0736105 -0.274628 0.00497013 -2.32622 -40.4017 -6.04875 0.364301 1.988 14.8615 0.779096 -9.8844 12.4959 3.18354e-16 -7.85967e-16 3.25197e-18 -9.23673 -4.20556 2.0327 -4.65681 -17.4143 6.38352 0.852353 -38.7721 -0.655187 1.31987 4.9273 0.0292636 2.32622 -40.4017 -6.04875 4.32753 3.15972 -15.7355 -0.779096 -9.8844 12.4959 -3.88228e-16 -5.68838e-16 -1.27536e-14 
10.089 93.7053 135.658 -0.946722 9.67485 2.9647 0 5.07867 -1.15138 -0.113816 -1.51287 -0.735135 0 5.61661 1.07143 0.114642 -0.844704 -0.354212 -1.02604e-17 5.98978 0.11501 0.132341 0.283892 -0.206321 -1.10457e-17 6.50583 -0.443523 0.0922948 1.86977 -0.113384 -1.97295e-17 7.60548 -1.50593 0.0253237 3.35716 -0.184663 -2.53307e-17 9.49737 -0.914492 -0.154645 3.99837 -0.490349 -2.90401e-17 10.5513 1.57691 0.0926863 0.765599 0.0523547 -1.29193e-17 4.78644 0.715339 0.343157 2.75175 4.12743 -1.8116e-17 4.82109 0.421791 -1.20102 -3.42129 1.92252 -2.00958e-17 4.83041 0.765062 -4.56446 -5.53543 1.54909 1.23299 -7.60731 7.53374 1.12863 1.10003 4.75035 12.9547 3.2495 -3.26872 -87.8692 25.1271 11.4039 29.2081 0.0598081 0.137039 5.90261 -1.53243 -29.6771 24.234 0.0496219 0.113701 2.54002 -15.7053 -5.26255 -1.23299 -7.60729 7.53365 -9.98937 3.93363 -5.4693 -12.9547 3.2495 -3.26872 110.223 41.5451 -49.5183 -29.2081 0.0598081 0.137039 -11.1872 -7.58332 68.7643 -24.234 0.0496218 0.113702 -3.67162 -50.3102 -4.45868 9.23673 -4.20556 2.0327 -0.466786 -12.356 -17.0889 -0.852353 -38.7721 -0.655187 0.082222 -0.30675 0.00557452 -2.32622 -40.4017 -6.04875 0.362464 2.04837 14.8543 0.779096 -9.8844 12.4959 4.22417e-16 -7.82715e-16 2.88531e-33 -9.23673 -4.20556 2.0327 -4.79574 -17.2539 6.36261 0.852353 -38.7721 -0.655187 1.32756 4.95595 0.0291011 2.32622 -40.4017 -6.04875 4.35961 2.97672 -15.7522 -0.779096 -9.8844 12.4959 -8.8986e-16 -5.4991e-16 -1.27287e-14 
10.0943 93.6704 135.734 -0.841229 9.65162 2.90843 0 5.07867 -1.15138 -0.143622 -1.55267 -0.77468 0 5.61661 1.07143 0.0992482 -0.874885 -0.388214 -1.02604e-17 5.98978 0.11501 0.127432 0.274748 -0.240205 -1.10457e-17 6.50583 -0.443523 0.0973476 1.9027 -0.148109 -1.97295e-17 7.60548 -1.50593 0.0340468 3.41866 -0.220211 -2.53307e-17 9.49737 -0.914492 -0.148224 4.07941 -0.52922 -2.90401e-17 10.5513 1.57691 0.106184 0.764104 0.0548266 -1.29193e-17 4.78644 0.715339 0.344517 2.90576 4.12498 -1.8116e-17 4.82109 0.421791 -1.24652 -3.41538 1.924 -2.00958e-17 4.83041 0.765062 -4.62254 -5.63671 1.67978 1.23299 -7.60731 7.53374 1.19894 1.02968 5.00365 12.9547 3.2495 -3.26872 -88.1094 25.41 11.8449 29.2081 0.0598081 0.137039 5.95676 -1.56309 -29.9755 24.234 0.0496219 0.113701 2.55234 -15.8949 -5.19971 -1.23299 -7.60729 7.53365 -10.509 3.93165 -5.68913 -12.9547 3.2495 -3.26872 110.575 41.5014 -51.4099 -29.2081 0.0598081 0.137039 -11.443 -8.28925 72.3452 -24.234 0.0496218 0.113702 -4.44076 -49.3742 -5.56364 9.23673 -4.20556 2.0327 -0.558779 -12.2591 -17.1524 -0.852353 -38.7721 -0.655187 0.085123 -0.31757 0.00577921 -2.32622 -40.4017 -6.04875 0.382727 1.94178 14.8579 0.779096 -9.8844 12.4959 1.28911e-16 -7.91887e-16 9.17207e-18 -9.23673 -4.20556 2.0327 -4.89219 -17.166 6.4064 0.852353 -38.7721 -0.655187 1.34178 5.00889 0.0287907 2.32622 -40.4017 -6.04875 4.33726 2.68221 -15.755 -0.779096 -9.8844 12.4959 -4.06911e-16 -5.74174e-16 -1.27497e-14 
10.0845 93.6317 135.784 -0.744025 9.58714 2.83357 0 5.07867 -1.15138 -0.187173 -1.56453 -0.806287 0 5.61661 1.07143 0.068814 -0.876824 -0.418921 -1.02604e-17 5.98978 0.11501 0.108931 0.288185 -0.271871 -1.10457e-17 6.50583 -0.443523 0.0906438 1.94386 -0.181249 -1.97295e-17 7.60548 -1.50593 0.0337657 3.46984 -0.251868 -2.53307e-17 9.49737 -0.914492 -0.147333 4.14553 -0.56229 -2.90401e-17 10.5513 1.57691 0.117107 0.760536 0.0558925 -1.29193e-17 4.78644 0.715339 0.327342 3.03147 4.11244 -1.8116e-17 4.82109 0.421791 -1.27698 -3.43723 1.9208 -2.00958e-17 4.83041 0.765062 -4.59238 -5.7218 1.81433 1.23299 -7.60731 7.53374 1.31272 0.982971 5.22044 12.9547 3.2495 -3.26872 -88.3424 25.575 12.1655 29.2081 0.0598081 0.137039 5.98837 -1.58116 -30.1501 24.234 0.0496219 0.113701 2.5917 -15.9383 -5.08765 -1.23299 -7.60729 7.53365 -10.8379 3.90633 -5.8593 -12.9547 3.2495 -3.26872 110.563 41.3478 -52.6614 -29.2081 0.0598081 0.137039 -11.6183 -8.87481 75.2634 -24.234 0.0496218 0.113702 -5.08319 -48.092 -6.54781 9.23673 -4.20556 2.0327 -0.625012 -12.1551 -17.1981 -0.852353 -38.7721 -0.655187 0.0791362 -0.29524 0.0053574 -2.32622 -40.4017 -6.04875 0.361035 1.79418 14.8733 0.779096 -9.8844 12.4959 3.18354e-16 -7.85967e-16 3.25197e-18 -9.23673 -4.20556 2.0327 -4.9626 -17.068 6.47906 0.852353 -38.7721 -0.655187 1.3594 5.07453 0.0283875 2.32622 -40.4017 -6.04875 4.26491 2.40966 -15.7437 -0.779096 -9.8844 12.4959 -1.0793e-15 -5.47242e-16 -1.27228e-14 
10.0523 93.5951 135.797 -0.690291 9.51041 2.79381 0 5.07867 -1.15138 -0.231571 -1.55769 -0.827224 0 5.61661 1.07143 0.0340681 -0.85841 -0.442071 -1.02604e-17 5.98978 0.11501 0.0846446 0.319163 -0.296552 -1.10457e-17 6.50583 -0.443523 0.0774115 1.99418 -0.207098 -1.97295e-17 7.60548 -1.50593 0.027512 3.51621 -0.274912 -2.53307e-17 9.49737 -0.914492 -0.15116 4.20047 -0.585464 -2.90401e-17 10.5513 1.57691 0.123252 0.754853 0.0542521 -1.29193e-17 4.78644 0.715339 0.301564 3.13868 4.05387 -1.8116e-17 4.82109 0.421791 -1.26542 -3.48938 1.8967 -2.00958e-17 4.83041 0.765062 -4.50352 -5.84263 1.93129 1.23299 -7.60731 7.53374 1.46897 0.952739 5.37178 12.9547 3.2495 -3.26872 -88.5307 25.6338 12.2358 29.2081 0.0598081 0.137039 5.97519 -1.57362 -30.0773 24.234 0.0496219 0.113701 2.64838 -15.8417 -4.97071 -1.23299 -7.60729 7.53365 -10.9905 3.86179 -5.96342 -12.9547 3.2495 -3.26872 110.274 41.1396 -53.0589 -29.2081 0.0598081 0.137039 -11.7051 -9.21378 76.9354 -24.234 0.0496218 0.113702 -5.37596 -46.7336 -7.05178 9.23673 -4.20556 2.0327 -0.642102 -12.1014 -17.2494 -0.852353 -38.7721 -0.655187 0.0576264 -0.215003 0.00386105 -2.32622 -40.4017 -6.04875 0.319619 1.62211 14.8958 0.779096 -9.8844 12.4959 -4.58102e-16 -8.19403e-16 3.66883e-17 -9.23673 -4.20556 2.0327 -4.98116 -16.9774 6.5336 0.852353 -38.7721 -0.655187 1.37304 5.12533 0.0280615 2.32622 -40.4017 -6.04875 4.16751 2.19829 -15.7256 -0.779096 -9.8844 12.4959 -8.0448e-16 -5.52578e-16 -1.27373e-14 
9.98709 93.5531 135.771 -0.67996 9.4604 2.74367 0 5.07867 -1.15138 -0.270226 -1.53776 -0.829041 0 5.61661 1.07143 -0.000152572 -0.830455 -0.447606 -1.02604e-17 5.98978 0.11501 0.0577806 0.354061 -0.303425 -1.10457e-17 6.50583 -0.443523 0.0588402 2.03619 -0.214423 -1.97295e-17 7.60548 -1.50593 0.0165741 3.54688 -0.278695 -2.53307e-17 9.49737 -0.914492 -0.156711 4.23254 -0.588808 -2.90401e-17 10.5513 1.57691 0.124584 0.748654 0.0502235 -1.29193e-17 4.78644 0.715339 0.279203 3.2041 3.97991 -1.8116e-17 4.82109 0.421791 -1.2153 -3.55129 1.86442 -2.00958e-17 4.83041 0.765062 -4.40215 -5.96383 1.97138 1.23299 -7.60731 7.53374 1.65648 0.944659 5.43784 12.9547 3.2495 -3.26872 -88.6549 25.6031 12.0827 29.2081 0.0598081 0.137039 5.92054 -1.54254 -29.7758 24.234 0.0496219 0.113701 2.69565 -15.6751 -4.85922 -1.23299 -7.60729 7.53365 -11.0111 3.82608 -6.00244 -12.9547 3.2495 -3.26872 109.946 40.9654 -52.7537 -29.2081 0.0598081 0.137039 -11.7225 -9.28696 77.295 -24.234 0.0496218 0.113702 -5.40399 -45.6537 -7.0929 9.23673 -4.20556 2.0327 -0.595317 -12.1209 -17.2607 -0.852353 -38.7721 -0.655187 0.0257142 -0.0959463 0.00169629 -2.32622 -40.4017 -6.04875 0.317479 1.40447 14.9151 0.779096 -9.8844 12.4959 -4.76784e-16 -8.14067e-16 3.1352e-17 -9.23673 -4.20556 2.0327 -4.93081 -16.9543 6.59938 0.852353 -38.7721 -0.655187 1.38864 5.1834 0.0276739 2.32622 -40.4017 -6.04875 4.06212 2.00887 -15.7054 -0.779096 -9.8844 12.4959 -3.02848e-16 -5.77426e-16 -1.27562e-14 
9.89104 93.4944 135.724 -0.711125 9.43925 2.64314 0 5.07867 -1.15138 -0.294792 -1.50737 -0.812085 0 5.61661 1.07143 -0.0259768 -0.799202 -0.433182 -1.02604e-17 5.98978 0.11501 0.034843 0.384791 -0.29 -1.10457e-17 6.50583 -0.443523 0.0398618 2.06076 -0.200885 -1.97295e-17 7.60548 -1.50593 0.00465519 3.55752 -0.261936 -2.53307e-17 9.49737 -0.914492 -0.161142 4.23816 -0.571607 -2.90401e-17 10.5513 1.57691 0.122662 0.742202 0.0455054 -1.29193e-17 4.78644 0.715339 0.260127 3.22284 3.90143 -1.8116e-17 4.82109 0.421791 -1.15017 -3.61278 1.82833 -2.00958e-17 4.83041 0.765062 -4.32676 -6.04408 1.95592 1.23299 -7.60731 7.53374 1.89614 0.958753 5.44719 12.9547 3.2495 -3.26872 -88.7602 25.5581 11.8412 29.2081 0.0598081 0.137039 5.84701 -1.50133 -29.3715 24.234 0.0496219 0.113701 2.68453 -15.5603 -4.77278 -1.23299 -7.60729 7.53365 -10.9425 3.81297 -5.99257 -12.9547 3.2495 -3.26872 109.693 40.8257 -52.0313 -29.2081 0.0598081 0.137039 -11.6953 -9.17316 76.7357 -24.234 0.0496218 0.113702 -5.35729 -44.9324 -6.99327 9.23673 -4.20556 2.0327 -0.478918 -12.1789 -17.173 -0.852353 -38.7721 -0.655187 -0.00818373 0.030538 -0.000530862 -2.32622 -40.4017 -6.04875 0.388506 1.09872 14.9283 0.779096 -9.8844 12.4959 -7.92149e-17 -7.98391e-16 1.5676e-17 -9.23673 -4.20556 2.0327 -4.80324 -16.9997 6.70564 0.852353 -38.7721 -0.655187 1.40987 5.26245 0.0271208 2.32622 -40.4017 -6.04875 3.94996 1.78429 -15.6832 -0.779096 -9.8844 12.4959 -4.92291e-16 -5.65586e-16 -1.27503e-14 
9.77906 93.4028 135.641 -0.760636 9.53446 2.52446 0 5.07867 -1.15138 -0.307296 -1.46959 -0.788356 0 5.61661 1.07143 -0.0432873 -0.770386 -0.410575 -1.02604e-17 5.98978 0.11501 0.0171197 0.400425 -0.268239 -1.10457e-17 6.50583 -0.443523 0.0234189 2.05174 -0.178902 -1.97295e-17 7.60548 -1.50593 -0.00648283 3.53279 -0.236993 -2.53307e-17 9.49737 -0.914492 -0.165467 4.20048 -0.546614 -2.90401e-17 10.5513 1.57691 0.119117 0.736481 0.0419281 -1.29193e-17 4.78644 0.715339 0.238289 3.16164 3.81998 -1.8116e-17 4.82109 0.421791 -1.09467 -3.66191 1.78906 -2.00958e-17 4.83041 0.765062 -4.29675 -6.07998 1.90797 1.23299 -7.60731 7.53374 2.19969 1.01146 5.43513 12.9547 3.2495 -3.26872 -88.9136 25.5498 11.6404 29.2081 0.0598081 0.137039 5.7886 -1.46908 -29.0515 24.234 0.0496219 0.113701 2.63446 -15.55 -4.70833 -1.23299 -7.60729 7.53365 -10.7925 3.83118 -5.93954 -12.9547 3.2495 -3.26872 109.498 40.6755 -51.1009 -29.2081 0.0598081 0.137039 -11.6428 -8.96645 75.7166 -24.234 0.0496218 0.113702 -5.38949 -44.4999 -7.00308 9.23673 -4.20556 2.0327 -0.340481 -12.376 -16.9906 -0.852353 -38.7721 -0.655187 -0.0472972 0.176507 -0.00300807 -2.32622 -40.4017 -6.04875 0.527982 0.664168 14.94 0.779096 -9.8844 12.4959 2.48481e-17 -7.95139e-16 1.2424e-17 -9.23673 -4.20556 2.0327 -4.65433 -17.2058 6.82947 0.852353 -38.7721 -0.655187 1.44325 5.38671 0.0261917 2.32622 -40.4017 -6.04875 3.8411 1.42701 -15.6621 -0.779096 -9.8844 12.4959 -5.96354e-16 -5.59082e-16 -1.27471e-14 
9.66345 93.2939 135.518 -0.834331 9.71759 2.40816 0 5.07867 -1.15138 -0.315653 -1.41243 -0.764043 0 5.61661 1.07143 -0.0577601 -0.731856 -0.388397 -1.02604e-17 5.98978 0.11501 0.00110832 0.410491 -0.247316 -1.10457e-17 6.50583 -0.443523 0.00782958 2.01146 -0.158174 -1.97295e-17 7.60548 -1.50593 -0.0183834 3.46912 -0.212846 -2.53307e-17 9.49737 -0.914492 -0.172342 4.11688 -0.52297 -2.90401e-17 10.5513 1.57691 0.114098 0.732357 0.0399108 -1.29193e-17 4.78644 0.715339 0.206986 2.99156 3.76829 -1.8116e-17 4.82109 0.421791 -1.05449 -3.71735 1.76206 -2.00958e-17 4.83041 0.765062 -4.26729 -6.04253 1.83162 1.23299 -7.60731 7.53374 2.519 1.11241 5.40052 12.9547 3.2495 -3.26872 -89.0768 25.5472 11.5044 29.2081 0.0598081 0.137039 5.75839 -1.45256 -28.8862 24.234 0.0496219 0.113701 2.58914 -15.6178 -4.6447 -1.23299 -7.60729 7.53365 -10.4783 3.87135 -5.83689 -12.9547 3.2495 -3.26872 109.188 40.4374 -49.9333 -29.2081 0.0598081 0.137039 -11.5687 -8.69762 74.3847 -24.234 0.0496218 0.113702 -5.52424 -44.0784 -7.16929 9.23673 -4.20556 2.0327 -0.179968 -12.7088 -16.7807 -0.852353 -38.7721 -0.655187 -0.0972715 0.363042 -0.00602869 -2.32622 -40.4017 -6.04875 0.682134 0.153911 14.9559 0.779096 -9.8844 12.4959 -2.68654e-16 -8.04311e-16 2.1596e-17 -9.23673 -4.20556 2.0327 -4.48883 -17.555 6.95814 0.852353 -38.7721 -0.655187 1.49031 5.56182 0.0247585 2.32622 -40.4017 -6.04875 3.71989 1.02807 -15.6391 -0.779096 -9.8844 12.4959 -5.96354e-16 -5.59082e-16 -1.27471e-14 
9.54858 93.2031 135.379 -0.936863 9.84768 2.24713 0 5.07867 -1.15138 -0.321921 -1.32215 -0.730992 0 5.61661 1.07143 -0.0718588 -0.666198 -0.359539 -1.02604e-17 5.98978 0.11501 -0.0154915 0.436379 -0.220619 -1.10457e-17 6.50583 -0.443523 -0.00934562 1.96563 -0.132293 -1.97295e-17 7.60548 -1.50593 -0.0317738 3.38713 -0.183335 -2.53307e-17 9.49737 -0.914492 -0.179559 4.00869 -0.493593 -2.90401e-17 10.5513 1.57691 0.107807 0.729381 0.0381596 -1.29193e-17 4.78644 0.715339 0.172384 2.77454 3.73659 -1.8116e-17 4.82109 0.421791 -1.01114 -3.78031 1.74416 -2.00958e-17 4.83041 0.765062 -4.22774 -5.96525 1.77327 1.23299 -7.60731 7.53374 2.83519 1.24009 5.33982 12.9547 3.2495 -3.26872 -89.2185 25.5199 11.3849 29.2081 0.0598081 0.137039 5.73398 -1.4393 -28.753 24.234 0.0496219 0.113701 2.55358 -15.7205 -4.65198 -1.23299 -7.60729 7.53365 -10.0488 3.91741 -5.70934 -12.9547 3.2495 -3.26872 108.669 40.0714 -48.4072 -29.2081 0.0598081 0.137039 -11.4518 -8.31624 72.4807 -24.234 0.0496218 0.113702 -5.52473 -43.5095 -7.23874 9.23673 -4.20556 2.0327 0.0292952 -13.0099 -16.5382 -0.852353 -38.7721 -0.655187 -0.150779 0.562804 -0.00908311 -2.32622 -40.4017 -6.04875 0.796716 -0.30914 14.9747 0.779096 -9.8844 12.4959 -7.92197e-17 -7.98391e-16 1.56762e-17 -9.23673 -4.20556 2.0327 -4.27143 -17.8787 7.1376 0.852353 -38.7721 -0.655187 1.5353 5.72916 0.0232534 2.32622 -40.4017 -6.04875 3.59224 0.76794 -15.6136 -0.779096 -9.8844 12.4959 -3.02852e-16 -5.77426e-16 -1.27562e-14 
9.44617 93.1409 135.254 -1.07087 9.93812 2.0496 0 5.07867 -1.15138 -0.312955 -1.2173 -0.692087 0 5.61661 1.07143 -0.0736578 -0.588584 -0.324591 -1.02604e-17 5.98978 0.11501 -0.0235166 0.468195 -0.188479 -1.10457e-17 6.50583 -0.443523 -0.0209941 1.91762 -0.101411 -1.97295e-17 7.60548 -1.50593 -0.042168 3.29693 -0.150183 -2.53307e-17 9.49737 -0.914492 -0.185058 3.88499 -0.45932 -2.90401e-17 10.5513 1.57691 0.100792 0.72738 0.0364383 -1.29193e-17 4.78644 0.715339 0.146717 2.56918 3.72035 -1.8116e-17 4.82109 0.421791 -0.971781 -3.81193 1.73378 -2.00958e-17 4.83041 0.765062 -4.22055 -5.88464 1.73722 1.23299 -7.60731 7.53374 3.14886 1.37519 5.25961 12.9547 3.2495 -3.26872 -89.3887 25.4746 11.2991 29.2081 0.0598081 0.137039 5.71156 -1.42719 -28.6307 24.234 0.0496219 0.113701 2.5314 -15.8276 -4.75381 -1.23299 -7.60729 7.53365 -9.64769 3.97 -5.57926 -12.9547 3.2495 -3.26872 108.064 39.6166 -46.6433 -29.2081 0.0598081 0.137039 -11.2714 -7.80104 69.8771 -24.234 0.0496218 0.113702 -5.2518 -43.1881 -6.94417 9.23673 -4.20556 2.0327 0.280154 -13.2589 -16.2497 -0.852353 -38.7721 -0.655187 -0.199968 0.746471 -0.0117269 -2.32622 -40.4017 -6.04875 0.874704 -0.680861 14.9915 0.779096 -9.8844 12.4959 2.48481e-17 -7.95139e-16 1.2424e-17 -9.23673 -4.20556 2.0327 -4.00758 -18.1497 7.3667 0.852353 -38.7721 -0.655187 1.56796 5.8506 0.0220782 2.32622 -40.4017 -6.04875 3.50564 0.669891 -15.594 -0.779096 -9.8844 12.4959 9.47169e-17 -5.93102e-16 -1.27687e-14 
9.3648 93.1103 135.147 -1.23101 9.997 1.83735 0 5.07867 -1.15138 -0.28571 -1.10744 -0.651589 0 5.61661 1.07143 -0.0594956 -0.507955 -0.286797 -1.02604e-17 5.98978 0.11501 -0.0192538 0.499648 -0.153275 -1.10457e-17 6.50583 -0.443523 -0.0238678 1.86583 -0.067539 -1.97295e-17 7.60548 -1.50593 -0.0470298 3.20066 -0.11606 -2.53307e-17 9.49737 -0.914492 -0.186823 3.75144 -0.423033 -2.90401e-17 10.5513 1.57691 0.0935702 0.726766 0.0360402 -1.29193e-17 4.78644 0.715339 0.134645 2.36665 3.73412 -1.8116e-17 4.82109 0.421791 -0.943676 -3.80524 1.73825 -2.00958e-17 4.83041 0.765062 -4.24053 -5.74781 1.69168 1.23299 -7.60731 7.53374 3.39849 1.5077 5.14571 12.9547 3.2495 -3.26872 -89.5551 25.4203 11.2875 29.2081 0.0598081 0.137039 5.7078 -1.42516 -28.6102 24.234 0.0496219 0.113701 2.53409 -15.9139 -4.87358 -1.23299 -7.60729 7.53365 -9.30273 4.03292 -5.43389 -12.9547 3.2495 -3.26872 107.565 39.2324 -44.9541 -29.2081 0.0598081 0.137039 -11.031 -7.20932 66.8329 -24.234 0.0496218 0.113702 -4.89069 -43.3862 -6.43099 9.23673 -4.20556 2.0327 0.550762 -13.454 -15.9395 -0.852353 -38.7721 -0.655187 -0.240556 0.898047 -0.01379 -2.32622 -40.4017 -6.04875 0.948415 -0.930405 15.0016 0.779096 -9.8844 12.4959 2.48481e-17 -7.95139e-16 1.2424e-17 -9.23673 -4.20556 2.0327 -3.71709 -18.3661 7.63663 0.852353 -38.7721 -0.655187 1.58764 5.92376 0.0213365 2.32622 -40.4017 -6.04875 3.47226 0.731937 -15.5818 -0.779096 -9.8844 12.4959 -3.88219e-16 -5.68838e-16 -1.27536e-14 
9.31137 93.1159 135.059 -1.36145 9.98167 1.66946 0 5.07867 -1.15138 -0.258644 -0.99687 -0.616167 0 5.61661 1.07143 -0.0444704 -0.425111 -0.254593 -1.02604e-17 5.98978 0.11501 -0.013304 0.535366 -0.123079 -1.10457e-17 6.50583 -0.443523 -0.0248286 1.82256 -0.038618 -1.97295e-17 7.60548 -1.50593 -0.0505175 3.11273 -0.0876233 -2.53307e-17 9.49737 -0.914492 -0.18735 3.62861 -0.391906 -2.90401e-17 10.5513 1.57691 0.0864255 0.727721 0.0375128 -1.29193e-17 4.78644 0.715339 0.127225 2.18575 3.7561 -1.8116e-17 4.82109 0.421791 -0.933177 -3.77208 1.74786 -2.00958e-17 4.83041 0.765062 -4.24899 -5.57319 1.65342 1.23299 -7.60731 7.53374 3.54275 1.6236 5.00856 12.9547 3.2495 -3.26872 -89.6525 25.3624 11.3247 29.2081 0.0598081 0.137039 5.72405 -1.43392 -28.6988 24.234 0.0496219 0.113701 2.54416 -15.9582 -4.97069 -1.23299 -7.60729 7.53365 -8.98492 4.09053 -5.27833 -12.9547 3.2495 -3.26872 107.243 39.0027 -43.5479 -29.2081 0.0598081 0.137039 -10.7522 -6.61642 63.7117 -24.234 0.0496218 0.113702 -4.54904 -44.2495 -5.86719 9.23673 -4.20556 2.0327 0.76289 -13.5573 -15.6655 -0.852353 -38.7721 -0.655187 -0.270331 1.00925 -0.0152354 -2.32622 -40.4017 -6.04875 0.972384 -0.995501 15.0057 0.779096 -9.8844 12.4959 2.48481e-17 -7.95139e-16 1.2424e-17 -9.23673 -4.20556 2.0327 -3.48565 -18.4788 7.88618 0.852353 -38.7721 -0.655187 1.59929 5.96707 0.0208854 2.32622 -40.4017 -6.04875 3.48042 0.92759 -15.5758 -0.779096 -9.8844 12.4959 -5.96354e-16 -5.59082e-16 -1.27471e-14 
9.29151 93.1466 135 -1.43588 9.91805 1.62006 0 5.07867 -1.15138 -0.23789 -0.900054 -0.595609 0 5.61661 1.07143 -0.0323361 -0.350296 -0.237691 -1.02604e-17 5.98978 0.11501 -0.00762684 0.570568 -0.107397 -1.10457e-17 6.50583 -0.443523 -0.0241028 1.79258 -0.0238288 -1.97295e-17 7.60548 -1.50593 -0.0531439 3.04298 -0.0736249 -2.53307e-17 9.49737 -0.914492 -0.189336 3.5299 -0.375167 -2.90401e-17 10.5513 1.57691 0.0795801 0.730349 0.0406614 -1.29193e-17 4.78644 0.715339 0.121378 2.03746 3.7821 -1.8116e-17 4.82109 0.421791 -0.947922 -3.7263 1.7607 -2.00958e-17 4.83041 0.765062 -4.26251 -5.42224 1.62023 1.23299 -7.60731 7.53374 3.58759 1.71369 4.87003 12.9547 3.2495 -3.26872 -89.683 25.3458 11.3705 29.2081 0.0598081 0.137039 5.75191 -1.44903 -28.8509 24.234 0.0496219 0.113701 2.55816 -15.9883 -5.02892 -1.23299 -7.60729 7.53365 -8.7079 4.13666 -5.12187 -12.9547 3.2495 -3.26872 107.139 38.9486 -42.5325 -29.2081 0.0598081 0.137039 -10.458 -6.06797 60.7475 -24.234 0.0496218 0.113702 -4.16706 -45.7708 -5.19633 9.23673 -4.20556 2.0327 0.865073 -13.5898 -15.4963 -0.852353 -38.7721 -0.655187 -0.287753 1.07432 -0.0160543 -2.32622 -40.4017 -6.04875 0.931575 -0.902573 15.0055 0.779096 -9.8844 12.4959 2.48481e-17 -7.95139e-16 1.2424e-17 -9.23673 -4.20556 2.0327 -3.37237 -18.477 8.00504 0.852353 -38.7721 -0.655187 1.59988 5.96926 0.0208624 2.32622 -40.4017 -6.04875 3.51174 1.1605 -15.5765 -0.779096 -9.8844 12.4959 -5.96354e-16 -5.59082e-16 -1.27471e-14 
9.30135 93.184 134.986 -1.47281 9.92242 1.7054 0 5.07867 -1.15138 -0.216255 -0.850269 -0.596232 0 5.61661 1.07143 -0.0150693 -0.312925 -0.241087 -1.02604e-17 5.98978 0.11501 0.00472564 0.581208 -0.110979 -1.10457e-17 6.50583 -0.443523 -0.0156686 1.76194 -0.0276904 -1.97295e-17 7.60548 -1.50593 -0.0511472 2.98848 -0.0791167 -2.53307e-17 9.49737 -0.914492 -0.192585 3.45475 -0.378509 -2.90401e-17 10.5513 1.57691 0.073606 0.734436 0.0449943 -1.29193e-17 4.78644 0.715339 0.126062 1.87769 3.84642 -1.8116e-17 4.82109 0.421791 -0.991016 -3.67353 1.79216 -2.00958e-17 4.83041 0.765062 -4.31696 -5.31109 1.57641 1.23299 -7.60731 7.53374 3.54659 1.78118 4.74942 12.9547 3.2495 -3.26872 -89.6778 25.3969 11.4381 29.2081 0.0598081 0.137039 5.78576 -1.46752 -29.0359 24.234 0.0496219 0.113701 2.57698 -16.0864 -5.07496 -1.23299 -7.60729 7.53365 -8.50294 4.17929 -4.97694 -12.9547 3.2495 -3.26872 107.247 39.048 -41.9744 -29.2081 0.0598081 0.137039 -10.185 -5.61254 58.2187 -24.234 0.0496218 0.113702 -3.69356 -47.6932 -4.40218 9.23673 -4.20556 2.0327 0.871385 -13.654 -15.4654 -0.852353 -38.7721 -0.655187 -0.292461 1.0919 -0.0162723 -2.32622 -40.4017 -6.04875 0.871849 -0.740124 15.0016 0.779096 -9.8844 12.4959 2.48481e-17 -7.95139e-16 1.2424e-17 -9.23673 -4.20556 2.0327 -3.36267 -18.452 7.95649 0.852353 -38.7721 -0.655187 1.58571 5.91658 0.0214104 2.32622 -40.4017 -6.04875 3.54164 1.34144 -15.5823 -0.779096 -9.8844 12.4959 -8.89856e-16 -5.4991e-16 -1.27287e-14 
9.3282 93.2226 135.016 -1.5275 10.037 1.85653 0 5.07867 -1.15138 -0.181772 -0.866365 -0.614516 0 5.61661 1.07143 0.0174619 -0.329472 -0.259361 -1.02604e-17 5.98978 0.11501 0.0310953 0.555695 -0.128562 -1.10457e-17 6.50583 -0.443523 0.00476577 1.72643 -0.0449937 -1.97295e-17 7.60548 -1.50593 -0.042148 2.95241 -0.0994936 -2.53307e-17 9.49737 -0.914492 -0.196476 3.41038 -0.397339 -2.90401e-17 10.5513 1.57691 0.0691677 0.738772 0.0497186 -1.29193e-17 4.78644 0.715339 0.145454 1.68034 3.97104 -1.8116e-17 4.82109 0.421791 -1.06056 -3.6221 1.85192 -2.00958e-17 4.83041 0.765062 -4.42609 -5.21234 1.54606 1.23299 -7.60731 7.53374 3.40604 1.82341 4.64981 12.9547 3.2495 -3.26872 -89.6138 25.4918 11.5411 29.2081 0.0598081 0.137039 5.8234 -1.48824 -29.242 24.234 0.0496219 0.113701 2.60456 -16.3232 -5.13394 -1.23299 -7.60729 7.53365 -8.37103 4.21979 -4.8602 -12.9547 3.2495 -3.26872 107.51 39.2554 -41.8918 -29.2081 0.0598081 0.137039 -9.98009 -5.29813 56.4314 -24.234 0.0496218 0.113702 -3.17924 -49.4775 -3.63921 9.23673 -4.20556 2.0327 0.865638 -13.7848 -15.53 -0.852353 -38.7721 -0.655187 -0.286095 1.06812 -0.0159772 -2.32622 -40.4017 -6.04875 0.839707 -0.580096 14.9939 0.779096 -9.8844 12.4959 -2.68654e-16 -8.04311e-16 2.1596e-17 -9.23673 -4.20556 2.0327 -3.36605 -18.4693 7.82186 0.852353 -38.7721 -0.655187 1.55844 5.81522 0.0224278 2.32622 -40.4017 -6.04875 3.56249 1.49635 -15.5902 -0.779096 -9.8844 12.4959 -1.13419e-16 -5.83346e-16 -1.27589e-14 
9.37117 93.2682 135.073 -1.58553 10.1785 2.04874 0 5.07867 -1.15138 -0.139537 -0.931425 -0.642449 0 5.61661 1.07143 0.0585519 -0.38438 -0.283483 -1.02604e-17 5.98978 0.11501 0.064853 0.510102 -0.151197 -1.10457e-17 6.50583 -0.443523 0.0302816 1.70186 -0.0665843 -1.97295e-17 7.60548 -1.50593 -0.030986 2.94756 -0.124911 -2.53307e-17 9.49737 -0.914492 -0.20257 3.41134 -0.420947 -2.90401e-17 10.5513 1.57691 0.0665213 0.743009 0.0545585 -1.29193e-17 4.78644 0.715339 0.169436 1.48581 4.10401 -1.8116e-17 4.82109 0.421791 -1.15583 -3.59293 1.91587 -2.00958e-17 4.83041 0.765062 -4.56314 -5.14195 1.538 1.23299 -7.60731 7.53374 3.16789 1.82896 4.56605 12.9547 3.2495 -3.26872 -89.4671 25.6383 11.6375 29.2081 0.0598081 0.137039 5.85822 -1.50757 -29.433 24.234 0.0496219 0.113701 2.6257 -16.701 -5.20907 -1.23299 -7.60729 7.53365 -8.33133 4.25363 -4.78138 -12.9547 3.2495 -3.26872 107.999 39.6179 -42.3324 -29.2081 0.0598081 0.137039 -9.86651 -5.13259 55.4752 -24.234 0.0496218 0.113702 -2.68327 -51.0125 -2.92156 9.23673 -4.20556 2.0327 0.841703 -13.9108 -15.6525 -0.852353 -38.7721 -0.655187 -0.268824 1.00362 -0.0151636 -2.32622 -40.4017 -6.04875 0.802895 -0.38836 14.9841 0.779096 -9.8844 12.4959 2.14282e-16 -7.89219e-16 6.50423e-18 -9.23673 -4.20556 2.0327 -3.39369 -18.4951 7.60836 0.852353 -38.7721 -0.655187 1.53267 5.71938 0.023345 2.32622 -40.4017 -6.04875 3.58838 1.65985 -15.5984 -0.779096 -9.8844 12.4959 -9.75222e-16 -5.50494e-16 -1.27261e-14 
9.43507 93.3324 135.143 -1.63004 10.2329 2.30751 0 5.07867 -1.15138 -0.0888236 -1.01624 -0.67516 0 5.61661 1.07143 0.108035 -0.450317 -0.30809 -1.02604e-17 5.98978 0.11501 0.105737 0.47039 -0.173577 -1.10457e-17 6.50583 -0.443523 0.0602514 1.71016 -0.0869729 -1.97295e-17 7.60548 -1.50593 -0.0173816 2.98856 -0.150013 -2.53307e-17 9.49737 -0.914492 -0.208919 3.47189 -0.444429 -2.90401e-17 10.5513 1.57691 0.0652435 0.746702 0.0594271 -1.29193e-17 4.78644 0.715339 0.187172 1.3722 4.18561 -1.8116e-17 4.82109 0.421791 -1.26806 -3.60667 1.95655 -2.00958e-17 4.83041 0.765062 -4.71783 -5.14229 1.52495 1.23299 -7.60731 7.53374 2.85147 1.78993 4.49778 12.9547 3.2495 -3.26872 -89.2674 25.8553 11.6954 29.2081 0.0598081 0.137039 5.89321 -1.52715 -29.6253 24.234 0.0496219 0.113701 2.65682 -17.1265 -5.27878 -1.23299 -7.60729 7.53365 -8.37929 4.26544 -4.74576 -12.9547 3.2495 -3.26872 108.729 40.1547 -43.265 -29.2081 0.0598081 0.137039 -9.84582 -5.10305 55.3034 -24.234 0.0496218 0.113702 -2.24488 -52.5106 -2.21044 9.23673 -4.20556 2.0327 0.779173 -13.9436 -15.872 -0.852353 -38.7721 -0.655187 -0.246118 0.918817 -0.0140644 -2.32622 -40.4017 -6.04875 0.713669 -0.106098 14.9732 0.779096 -9.8844 12.4959 1.28916e-16 -7.91887e-16 9.17192e-18 -9.23673 -4.20556 2.0327 -3.47171 -18.4193 7.3021 0.852353 -38.7721 -0.655187 1.50771 5.62654 0.0241921 2.32622 -40.4017 -6.04875 3.64926 1.87833 -15.6122 -0.779096 -9.8844 12.4959 -5.10988e-16 -5.70922e-16 -1.27465e-14 
9.50718 93.4102 135.228 -1.64097 10.2173 2.59388 0 5.07867 -1.15138 -0.0413425 -1.11083 -0.707422 0 5.61661 1.07143 0.155341 -0.519792 -0.330348 -1.02604e-17 5.98978 0.11501 0.145821 0.440232 -0.193177 -1.10457e-17 6.50583 -0.443523 0.0897913 1.74872 -0.104072 -1.97295e-17 7.60548 -1.50593 -0.00264583 3.06921 -0.171815 -2.53307e-17 9.49737 -0.914492 -0.212773 3.5826 -0.465925 -2.90401e-17 10.5513 1.57691 0.0655656 0.749553 0.0634567 -1.29193e-17 4.78644 0.715339 0.197796 1.36453 4.20564 -1.8116e-17 4.82109 0.421791 -1.37365 -3.65666 1.96871 -2.00958e-17 4.83041 0.765062 -4.88144 -5.24249 1.50155 1.23299 -7.60731 7.53374 2.50318 1.71396 4.45596 12.9547 3.2495 -3.26872 -89.0356 26.128 11.7201 29.2081 0.0598081 0.137039 5.93182 -1.54892 -29.8379 24.234 0.0496219 0.113701 2.68744 -17.5063 -5.33694 -1.23299 -7.60729 7.53365 -8.50746 4.24874 -4.75999 -12.9547 3.2495 -3.26872 109.629 40.7986 -44.5671 -29.2081 0.0598081 0.137039 -9.92011 -5.20998 55.9236 -24.234 0.0496218 0.113702 -1.97245 -54.0041 -1.66657 9.23673 -4.20556 2.0327 0.675296 -13.9002 -16.1663 -0.852353 -38.7721 -0.655187 -0.221924 0.828463 -0.0128562 -2.32622 -40.4017 -6.04875 0.601347 0.254318 14.9585 0.779096 -9.8844 12.4959 2.48481e-17 -7.95139e-16 1.2424e-17 -9.23673 -4.20556 2.0327 -3.59498 -18.2565 6.98727 0.852353 -38.7721 -0.655187 1.48178 5.53008 0.025029 2.32622 -40.4017 -6.04875 3.73938 2.1213 -15.6339 -0.779096 -9.8844 12.4959 -4.92286e-16 -5.65586e-16 -1.27503e-14 
9.5714 93.4926 135.326 -1.63476 10.1818 2.86619 0 5.07867 -1.15138 -0.0074174 -1.21617 -0.741217 0 5.61661 1.07143 0.192372 -0.595792 -0.355071 -1.02604e-17 5.98978 0.11501 0.179547 0.412785 -0.215264 -1.10457e-17 6.50583 -0.443523 0.116602 1.80426 -0.12386 -1.97295e-17 7.60548 -1.50593 0.012942 3.17441 -0.195667 -2.53307e-17 9.49737 -0.914492 -0.213068 3.72481 -0.491542 -2.90401e-17 10.5513 1.57691 0.0676335 0.75111 0.0659712 -1.29193e-17 4.78644 0.715339 0.20503 1.44458 4.17658 -1.8116e-17 4.82109 0.421791 -1.45423 -3.71934 1.95805 -2.00958e-17 4.83041 0.765062 -5.01494 -5.41649 1.5016 1.23299 -7.60731 7.53374 2.14608 1.61252 4.45046 12.9547 3.2495 -3.26872 -88.7864 26.3891 11.7392 29.2081 0.0598081 0.137039 5.97546 -1.57377 -30.0787 24.234 0.0496219 0.113701 2.74022 -17.7796 -5.35195 -1.23299 -7.60729 7.53365 -8.69439 4.20415 -4.82251 -12.9547 3.2495 -3.26872 110.556 41.4098 -46.0968 -29.2081 0.0598081 0.137039 -10.0873 -5.46 57.3561 -24.234 0.0496218 0.113702 -1.99978 -55.2425 -1.52588 9.23673 -4.20556 2.0327 0.564339 -13.8349 -16.4752 -0.852353 -38.7721 -0.655187 -0.201751 0.753131 -0.0118198 -2.32622 -40.4017 -6.04875 0.495121 0.636319 14.9426 0.779096 -9.8844 12.4959 2.48481e-17 -7.95139e-16 1.2424e-17 -9.23673 -4.20556 2.0327 -3.72408 -18.0686 6.7291 0.852353 -38.7721 -0.655187 1.45653 5.43614 0.0258017 2.32622 -40.4017 -6.04875 3.85438 2.3642 -15.6618 -0.779096 -9.8844 12.4959 -9.35783e-18 -5.86597e-16 -1.27654e-14 
9.6178 93.5836 135.421 -1.58066 10.0674 3.0421 0 5.07867 -1.15138 0.00307752 -1.31385 -0.769574 0 5.61661 1.07143 0.20912 -0.662554 -0.37703 -1.02604e-17 5.98978 0.11501 0.198231 0.399386 -0.234932 -1.10457e-17 6.50583 -0.443523 0.133496 1.87981 -0.141901 -1.97295e-17 7.60548 -1.50593 0.0250879 3.29916 -0.216293 -2.53307e-17 9.49737 -0.914492 -0.210044 3.8901 -0.515491 -2.90401e-17 10.5513 1.57691 0.0717516 0.750887 0.06659 -1.29193e-17 4.78644 0.715339 0.209513 1.61637 4.12241 -1.8116e-17 4.82109 0.421791 -1.5031 -3.78699 1.9354 -2.00958e-17 4.83041 0.765062 -5.10161 -5.63144 1.52332 1.23299 -7.60731 7.53374 1.80736 1.4891 4.48308 12.9547 3.2495 -3.26872 -88.5115 26.5955 11.7447 29.2081 0.0598081 0.137039 6.00839 -1.59267 -30.2608 24.234 0.0496219 0.113701 2.75916 -17.9558 -5.36082 -1.23299 -7.60729 7.53365 -8.92296 4.13337 -4.93398 -12.9547 3.2495 -3.26872 111.374 41.9102 -47.6945 -29.2081 0.0598081 0.137039 -10.3188 -5.83006 59.4348 -24.234 0.0496218 0.113702 -2.4003 -55.8719 -1.91239 9.23673 -4.20556 2.0327 0.446939 -13.6837 -16.7409 -0.852353 -38.7721 -0.655187 -0.182476 0.681154 -0.0108048 -2.32622 -40.4017 -6.04875 0.368285 1.06428 14.9279 0.779096 -9.8844 12.4959 2.48481e-17 -7.95139e-16 1.2424e-17 -9.23673 -4.20556 2.0327 -3.85592 -17.8394 6.59532 0.852353 -38.7721 -0.655187 1.44105 5.3785 0.0262552 2.32622 -40.4017 -6.04875 3.9698 2.63852 -15.6898 -0.779096 -9.8844 12.4959 -6.81706e-16 -5.59667e-16 -1.27352e-14 
9.64652 93.6781 135.512 -1.46955 9.87019 3.10006 0 5.07867 -1.15138 -0.00514551 -1.39025 -0.789658 0 5.61661 1.07143 0.208776 -0.710453 -0.392617 -1.02604e-17 5.98978 0.11501 0.203575 0.403005 -0.248453 -1.10457e-17 6.50583 -0.443523 0.141253 1.96878 -0.154444 -1.97295e-17 7.60548 -1.50593 0.0341438 3.43032 -0.230486 -2.53307e-17 9.49737 -0.914492 -0.202705 4.05888 -0.533478 -2.90401e-17 10.5513 1.57691 0.0777683 0.748989 0.0657634 -1.29193e-17 4.78644 0.715339 0.213727 1.88257 4.03808 -1.8116e-17 4.82109 0.421791 -1.52282 -3.84392 1.89847 -2.00958e-17 4.83041 0.765062 -5.15059 -5.88955 1.57126 1.23299 -7.60731 7.53374 1.55263 1.3543 4.55629 12.9547 3.2495 -3.26872 -88.2935 26.7727 11.755 29.2081 0.0598081 0.137039 6.0224 -1.60077 -30.3384 24.234 0.0496219 0.113701 2.72759 -18.0741 -5.39361 -1.23299 -7.60729 7.53365 -9.23485 4.04993 -5.09124 -12.9547 3.2495 -3.26872 112.076 42.3096 -49.277 -29.2081 0.0598081 0.137039 -10.571 -6.2707 61.8527 -24.234 0.0496218 0.113702 -2.88722 -56.0655 -2.46211 9.23673 -4.20556 2.0327 0.317627 -13.4412 -16.9255 -0.852353 -38.7721 -0.655187 -0.165373 0.617295 -0.00988393 -2.32622 -40.4017 -6.04875 0.227221 1.52157 14.9148 0.779096 -9.8844 12.4959 2.48481e-17 -7.95139e-16 1.2424e-17 -9.23673 -4.20556 2.0327 -3.99486 -17.5597 6.58078 0.852353 -38.7721 -0.655187 1.43286 5.34802 0.0264888 2.32622 -40.4017 -6.04875 4.10098 2.91479 -15.721 -0.779096 -9.8844 12.4959 -1.28742e-15 -5.37486e-16 -1.2713e-14 
9.67363 93.7532 135.617 -1.37414 9.71664 3.19258 0 5.07867 -1.15138 -0.0218848 -1.4638 -0.818856 0 5.61661 1.07143 0.203674 -0.760134 -0.418607 -1.02604e-17 5.98978 0.11501 0.206529 0.397465 -0.273091 -1.10457e-17 6.50583 -0.443523 0.150784 2.03911 -0.178812 -1.97295e-17 7.60548 -1.50593 0.0461317 3.5399 -0.256638 -2.53307e-17 9.49737 -0.914492 -0.192505 4.19665 -0.563648 -2.90401e-17 10.5513 1.57691 0.0857355 0.747072 0.0641787 -1.29193e-17 4.78644 0.715339 0.225689 2.16796 3.92506 -1.8116e-17 4.82109 0.421791 -1.52743 -3.86884 1.8485 -2.00958e-17 4.83041 0.765062 -5.13454 -6.11862 1.63102 1.23299 -7.60731 7.53374 1.40601 1.22847 4.68787 12.9547 3.2495 -3.26872 -88.2501 26.9516 11.85 29.2081 0.0598081 0.137039 6.03256 -1.60664 -30.3947 24.234 0.0496219 0.113701 2.73751 -18.0995 -5.37715 -1.23299 -7.60729 7.53365 -9.66213 3.97376 -5.27131 -12.9547 3.2495 -3.26872 112.589 42.5033 -50.7846 -29.2081 0.0598081 0.137039 -10.8366 -6.7873 64.6193 -24.234 0.0496218 0.113702 -3.44468 -55.7918 -3.22852 9.23673 -4.20556 2.0327 0.188903 -13.2422 -17.1195 -0.852353 -38.7721 -0.655187 -0.155057 0.578778 -0.0093193 -2.32622 -40.4017 -6.04875 0.129685 1.89111 14.9056 0.779096 -9.8844 12.4959 3.18345e-16 -7.85967e-16 3.25227e-18 -9.23673 -4.20556 2.0327 -4.13187 -17.293 6.51625 0.852353 -38.7721 -0.655187 1.42191 5.30727 0.026794 2.32622 -40.4017 -6.04875 4.23562 3.08843 -15.7528 -0.779096 -9.8844 12.4959 -2.17505e-16 -5.80093e-16 -1.27557e-14 
9.70711 93.7974 135.732 -1.26436 9.62034 3.40372 0 5.07867 -1.15138 -0.0629871 -1.53221 -0.860323 0 5.61661 1.07143 0.180521 -0.81049 -0.461074 -1.02604e-17 5.98978 0.11501 0.197293 0.380104 -0.31508 -1.10457e-17 6.50583 -0.443523 0.155252 2.0795 -0.22117 -1.97295e-17 7.60548 -1.50593 0.056323 3.61455 -0.299325 -2.53307e-17 9.49737 -0.914492 -0.18292 4.29133 -0.611278 -2.90401e-17 10.5513 1.57691 0.0948683 0.747811 0.062534 -1.29193e-17 4.78644 0.715339 0.241918 2.41282 3.79401 -1.8116e-17 4.82109 0.421791 -1.51253 -3.85984 1.791 -2.00958e-17 4.83041 0.765062 -5.04097 -6.25397 1.6595 1.23299 -7.60731 7.53374 1.30651 1.12598 4.85973 12.9547 3.2495 -3.26872 -88.2968 27.1013 12.0203 29.2081 0.0598081 0.137039 6.04147 -1.61181 -30.4441 24.234 0.0496219 0.113701 2.78395 -17.9778 -5.2947 -1.23299 -7.60729 7.53365 -10.1009 3.91471 -5.44235 -12.9547 3.2495 -3.26872 112.873 42.4786 -52.1635 -29.2081 0.0598081 0.137039 -11.0969 -7.36288 67.629 -24.234 0.0496218 0.113702 -4.20698 -55.1068 -4.25123 9.23673 -4.20556 2.0327 0.00496195 -13.1068 -17.4203 -0.852353 -38.7721 -0.655187 -0.150589 0.562094 -0.00907259 -2.32622 -40.4017 -6.04875 0.0563638 2.15548 14.9019 0.779096 -9.8844 12.4959 -1.64576e-16 -8.01058e-16 1.83436e-17 -9.23673 -4.20556 2.0327 -4.32819 -17.0301 6.32143 0.852353 -38.7721 -0.655187 1.40817 5.25613 0.0271661 2.32622 -40.4017 -6.04875 4.30719 3.08504 -15.7723 -0.779096 -9.8844 12.4959 -3.88209e-16 -5.68839e-16 -1.27536e-14 
9.71924 93.8156 135.845 -1.16108 9.53886 3.49375 0 5.07867 -1.15138 -0.105019 -1.58167 -0.895108 0 5.61661 1.07143 0.155822 -0.84564 -0.499435 -1.02604e-17 5.98978 0.11501 0.186724 0.369509 -0.35402 -1.10457e-17 6.50583 -0.443523 0.158735 2.10916 -0.261196 -1.97295e-17 7.60548 -1.50593 0.0666474 3.66703 -0.339171 -2.53307e-17 9.49737 -0.914492 -0.172049 4.36021 -0.65718 -2.90401e-17 10.5513 1.57691 0.103321 0.747917 0.0601262 -1.29193e-17 4.78644 0.715339 0.256072 2.63253 3.70161 -1.8116e-17 4.82109 0.421791 -1.46063 -3.84835 1.75137 -2.00958e-17 4.83041 0.765062 -4.95864 -6.34669 1.71026 1.23299 -7.60731 7.53374 1.25501 1.04792 5.04728 12.9547 3.2495 -3.26872 -88.3394 27.1372 12.2043 29.2081 0.0598081 0.137039 6.03904 -1.6104 -30.4306 24.234 0.0496219 0.113701 2.75538 -17.8099 -5.23976 -1.23299 -7.60729 7.53365 -10.4103 3.85579 -5.61395 -12.9547 3.2495 -3.26872 112.642 42.2233 -53.057 -29.2081 0.0598081 0.137039 -11.3181 -7.92726 70.5186 -24.234 0.0496218 0.113702 -4.91993 -53.7973 -5.30336 9.23673 -4.20556 2.0327 -0.120205 -12.9637 -17.6755 -0.852353 -38.7721 -0.655187 -0.146664 0.547441 -0.00885483 -2.32622 -40.4017 -6.04875 0.0100191 2.27073 14.9027 0.779096 -9.8844 12.4959 -3.72721e-16 -8.07563e-16 2.48481e-17 -9.23673 -4.20556 2.0327 -4.45689 -16.8053 6.23983 0.852353 -38.7721 -0.655187 1.39769 5.21712 0.0274416 2.32622 -40.4017 -6.04875 4.28997 3.00758 -15.7758 -0.779096 -9.8844 12.4959 -8.89851e-16 -5.4991e-16 -1.27287e-14 
9.70387 93.819 135.932 -1.08458 9.42578 3.42018 0 5.07867 -1.15138 -0.138595 -1.59672 -0.916405 0 5.61661 1.07143 0.134303 -0.851487 -0.523822 -1.02604e-17 5.98978 0.11501 0.175478 0.378871 -0.380269 -1.10457e-17 6.50583 -0.443523 0.158697 2.14194 -0.288996 -1.97295e-17 7.60548 -1.50593 0.073273 3.70569 -0.366568 -2.53307e-17 9.49737 -0.914492 -0.163465 4.4076 -0.688711 -2.90401e-17 10.5513 1.57691 0.110556 0.744266 0.0561723 -1.29193e-17 4.78644 0.715339 0.262202 2.83043 3.62026 -1.8116e-17 4.82109 0.421791 -1.3895 -3.84954 1.71568 -2.00958e-17 4.83041 0.765062 -4.85685 -6.42416 1.82329 1.23299 -7.60731 7.53374 1.30133 0.990369 5.22411 12.9547 3.2495 -3.26872 -88.4156 27.0859 12.3097 29.2081 0.0598081 0.137039 6.01333 -1.59552 -30.2882 24.234 0.0496219 0.113701 2.70093 -17.642 -5.20323 -1.23299 -7.60729 7.53365 -10.6331 3.79666 -5.76673 -12.9547 3.2495 -3.26872 111.932 41.7726 -53.2881 -29.2081 0.0598081 0.137039 -11.4833 -8.4148 72.9745 -24.234 0.0496218 0.113702 -5.33665 -51.8377 -6.20977 9.23673 -4.20556 2.0327 -0.153447 -12.7809 -17.7582 -0.852353 -38.7721 -0.655187 -0.142484 0.531834 -0.00862179 -2.32622 -40.4017 -6.04875 -0.0271717 2.27455 14.9096 0.779096 -9.8844 12.4959 2.14272e-16 -7.89219e-16 6.50453e-18 -9.23673 -4.20556 2.0327 -4.48981 -16.6168 6.32786 0.852353 -38.7721 -0.655187 1.39566 5.20955 0.0274942 2.32622 -40.4017 -6.04875 4.25793 2.92725 -15.7718 -0.779096 -9.8844 12.4959 -1.58092e-15 -5.19143e-16 -1.27039e-14 
9.66459 93.8037 135.994 -1.01709 9.30799 3.22983 0 5.07867 -1.15138 -0.168796 -1.57763 -0.920003 0 5.61661 1.07143 0.110169 -0.830289 -0.530547 -1.02604e-17 5.98978 0.11501 0.158338 0.402342 -0.389317 -1.10457e-17 6.50583 -0.443523 0.150067 2.16688 -0.299631 -1.97295e-17 7.60548 -1.50593 0.0722822 3.71987 -0.375885 -2.53307e-17 9.49737 -0.914492 -0.15884 4.42225 -0.699893 -2.90401e-17 10.5513 1.57691 0.114856 0.738765 0.051844 -1.29193e-17 4.78644 0.715339 0.258701 2.96574 3.56001 -1.8116e-17 4.82109 0.421791 -1.30711 -3.85685 1.68811 -2.00958e-17 4.83041 0.765062 -4.71134 -6.47298 1.92458 1.23299 -7.60731 7.53374 1.42516 0.96613 5.35479 12.9547 3.2495 -3.26872 -88.5105 26.9225 12.3376 29.2081 0.0598081 0.137039 5.97497 -1.57349 -30.076 24.234 0.0496219 0.113701 2.6459 -17.4069 -5.14823 -1.23299 -7.60729 7.53365 -10.7201 3.75121 -5.86695 -12.9547 3.2495 -3.26872 111.039 41.295 -52.9797 -29.2081 0.0598081 0.137039 -11.5811 -8.74112 74.6007 -24.234 0.0496218 0.113702 -5.51928 -49.6968 -6.81221 9.23673 -4.20556 2.0327 -0.137097 -12.5869 -17.6884 -0.852353 -38.7721 -0.655187 -0.13704 0.511509 -0.0083166 -2.32622 -40.4017 -6.04875 -0.0358691 2.18541 14.9205 0.779096 -9.8844 12.4959 -1.64576e-16 -8.01058e-16 1.83436e-17 -9.23673 -4.20556 2.0327 -4.46458 -16.4701 6.53797 0.852353 -38.7721 -0.655187 1.39919 5.2227 0.0274026 2.32622 -40.4017 -6.04875 4.20433 2.80328 -15.7603 -0.779096 -9.8844 12.4959 -1.78906e-15 -5.09386e-16 -1.26974e-14 
9.61084 93.754 136.032 -0.999841 9.3084 3.01731 0 5.07867 -1.15138 -0.179753 -1.5524 -0.912178 0 5.61661 1.07143 0.0993022 -0.809005 -0.524158 -1.02604e-17 5.98978 0.11501 0.149137 0.415912 -0.384469 -1.10457e-17 6.50583 -0.443523 0.144392 2.16761 -0.295635 -1.97295e-17 7.60548 -1.50593 0.0715252 3.70453 -0.371178 -2.53307e-17 9.49737 -0.914492 -0.154715 4.39983 -0.695918 -2.90401e-17 10.5513 1.57691 0.115655 0.733184 0.0488578 -1.29193e-17 4.78644 0.715339 0.252578 3.00653 3.4822 -1.8116e-17 4.82109 0.421791 -1.2123 -3.86942 1.65186 -2.00958e-17 4.83041 0.765062 -4.54354 -6.50084 2.00332 1.23299 -7.60731 7.53374 1.61359 0.978394 5.43315 12.9547 3.2495 -3.26872 -88.6603 26.7302 12.3131 29.2081 0.0598081 0.137039 5.93651 -1.55158 -29.8638 24.234 0.0496219 0.113701 2.62444 -17.1516 -5.06182 -1.23299 -7.60729 7.53365 -10.6969 3.73355 -5.9038 -12.9547 3.2495 -3.26872 110.217 40.9121 -52.3242 -29.2081 0.0598081 0.137039 -11.6132 -8.8562 75.1713 -24.234 0.0496218 0.113702 -5.50743 -48.044 -6.9324 9.23673 -4.20556 2.0327 -0.0688126 -12.5211 -17.5291 -0.852353 -38.7721 -0.655187 -0.135843 0.507038 -0.0082492 -2.32622 -40.4017 -6.04875 0.0333469 1.92773 14.9328 0.779096 -9.8844 12.4959 -3.72721e-16 -8.07563e-16 2.48481e-17 -9.23673 -4.20556 2.0327 -4.38232 -16.4664 6.76366 0.852353 -38.7721 -0.655187 1.40785 5.25494 0.0271746 2.32622 -40.4017 -6.04875 4.12703 2.55758 -15.7437 -0.779096 -9.8844 12.4959 -6.15075e-16 -5.64416e-16 -1.27432e-14 
9.55417 93.6695 136.034 -0.99779 9.38748 2.8341 0 5.07867 -1.15138 -0.182322 -1.50935 -0.89676 0 5.61661 1.07143 0.0940049 -0.779646 -0.510554 -1.02604e-17 5.98978 0.11501 0.143011 0.423145 -0.371696 -1.10457e-17 6.50583 -0.443523 0.139083 2.13732 -0.283287 -1.97295e-17 7.60548 -1.50593 0.0696365 3.65154 -0.358161 -2.53307e-17 9.49737 -0.914492 -0.151821 4.33175 -0.683206 -2.90401e-17 10.5513 1.57691 0.113626 0.730399 0.0474312 -1.29193e-17 4.78644 0.715339 0.245715 2.94522 3.40399 -1.8116e-17 4.82109 0.421791 -1.12564 -3.87045 1.6145 -2.00958e-17 4.83041 0.765062 -4.37185 -6.44512 2.01973 1.23299 -7.60731 7.53374 1.81316 1.0353 5.45099 12.9547 3.2495 -3.26872 -88.8276 26.5646 12.2858 29.2081 0.0598081 0.137039 5.90373 -1.53306 -29.6832 24.234 0.0496219 0.113701 2.63505 -16.9501 -4.96952 -1.23299 -7.60729 7.53365 -10.5722 3.75056 -5.87707 -12.9547 3.2495 -3.26872 109.548 40.6099 -51.4683 -29.2081 0.0598081 0.137039 -11.5975 -8.79917 74.8887 -24.234 0.0496218 0.113702 -5.54434 -47.0805 -6.91493 9.23673 -4.20556 2.0327 -0.000301864 -12.5618 -17.3467 -0.852353 -38.7721 -0.655187 -0.140391 0.524018 -0.00850465 -2.32622 -40.4017 -6.04875 0.165908 1.53926 14.9442 0.779096 -9.8844 12.4959 2.14272e-16 -7.89219e-16 6.50453e-18 -9.23673 -4.20556 2.0327 -4.30352 -16.5709 6.94761 0.852353 -38.7721 -0.655187 1.42727 5.32721 0.0266456 2.32622 -40.4017 -6.04875 4.02381 2.16866 -15.7206 -0.779096 -9.8844 12.4959 -1.95977e-15 -5.10556e-16 -1.26861e-14 
9.51142 93.5606 135.992 -0.991081 9.49503 2.77868 0 5.07867 -1.15138 -0.184028 -1.43269 -0.880376 0 5.61661 1.07143 0.0893278 -0.7285 -0.496248 -1.02604e-17 5.98978 0.11501 0.137041 0.434591 -0.358069 -1.10457e-17 6.50583 -0.443523 0.133832 2.08158 -0.269638 -1.97295e-17 7.60548 -1.50593 0.067235 3.56299 -0.34379 -2.53307e-17 9.49737 -0.914492 -0.14964 4.21667 -0.669105 -2.90401e-17 10.5513 1.57691 0.110039 0.731441 0.0474674 -1.29193e-17 4.78644 0.715339 0.236971 2.83224 3.27294 -1.8116e-17 4.82109 0.421791 -1.04002 -3.85391 1.55326 -2.00958e-17 4.83041 0.765062 -4.23259 -6.32819 1.9876 1.23299 -7.60731 7.53374 2.06352 1.13014 5.43918 12.9547 3.2495 -3.26872 -89.0471 26.5012 12.2561 29.2081 0.0598081 0.137039 5.87658 -1.51782 -29.5339 24.234 0.0496219 0.113701 2.65634 -16.7932 -4.90005 -1.23299 -7.60729 7.53365 -10.4274 3.80382 -5.80065 -12.9547 3.2495 -3.26872 109.044 40.3018 -50.4529 -29.2081 0.0598081 0.137039 -11.539 -8.59627 73.8805 -24.234 0.0496218 0.113702 -5.63783 -46.8146 -6.88391 9.23673 -4.20556 2.0327 0.0170208 -12.6983 -17.2349 -0.852353 -38.7721 -0.655187 -0.158681 0.592309 -0.00951844 -2.32622 -40.4017 -6.04875 0.308695 1.08968 14.9575 0.779096 -9.8844 12.4959 -1.64576e-16 -8.01058e-16 1.83436e-17 -9.23673 -4.20556 2.0327 -4.28598 -16.7144 6.9805 0.852353 -38.7721 -0.655187 1.4537 5.42561 0.0258858 2.32622 -40.4017 -6.04875 3.90323 1.66856 -15.6946 -0.779096 -9.8844 12.4959 -1.41021e-15 -5.30396e-16 -1.2706e-14 
9.47641 93.4393 135.91 -1.00782 9.58392 2.76856 0 5.07867 -1.15138 -0.171787 -1.30473 -0.853528 0 5.61661 1.07143 0.0958176 -0.639489 -0.470389 -1.02604e-17 5.98978 0.11501 0.139048 0.464711 -0.332991 -1.10457e-17 6.50583 -0.443523 0.133336 2.00939 -0.244171 -1.97295e-17 7.60548 -1.50593 0.0682279 3.44191 -0.318471 -2.53307e-17 9.49737 -0.914492 -0.14349 4.05747 -0.644497 -2.90401e-17 10.5513 1.57691 0.105373 0.735447 0.0486604 -1.29193e-17 4.78644 0.715339 0.232043 2.68103 3.14842 -1.8116e-17 4.82109 0.421791 -0.945102 -3.83837 1.49542 -2.00958e-17 4.83041 0.765062 -4.17767 -6.18105 1.87623 1.23299 -7.60731 7.53374 2.38214 1.26469 5.39368 12.9547 3.2495 -3.26872 -89.3408 26.5227 12.2341 29.2081 0.0598081 0.137039 5.85817 -1.50754 -29.4328 24.234 0.0496219 0.113701 2.68047 -16.6913 -4.89766 -1.23299 -7.60729 7.53365 -10.2622 3.89565 -5.68825 -12.9547 3.2495 -3.26872 108.678 39.9926 -49.2453 -29.2081 0.0598081 0.137039 -11.4286 -8.24548 72.1254 -24.234 0.0496218 0.113702 -5.73611 -46.826 -6.85636 9.23673 -4.20556 2.0327 0.0432346 -12.8686 -17.1687 -0.852353 -38.7721 -0.655187 -0.18767 0.700549 -0.0110807 -2.32622 -40.4017 -6.04875 0.47347 0.597634 14.9693 0.779096 -9.8844 12.4959 -7.92244e-17 -7.98391e-16 1.56763e-17 -9.23673 -4.20556 2.0327 -4.26059 -16.8675 6.96342 0.852353 -38.7721 -0.655187 1.4848 5.54132 0.0249337 2.32622 -40.4017 -6.04875 3.76593 1.154 -15.6684 -0.779096 -9.8844 12.4959 -7.00426e-16 -5.5583e-16 -1.27406e-14 
9.44703 93.327 135.811 -1.0784 9.64445 2.70883 0 5.07867 -1.15138 -0.131674 -1.14223 -0.811824 0 5.61661 1.07143 0.124432 -0.524208 -0.427102 -1.02604e-17 5.98978 0.11501 0.1567 0.509194 -0.290426 -1.10457e-17 6.50583 -0.443523 0.141979 1.93053 -0.201108 -1.97295e-17 7.60548 -1.50593 0.074904 3.30246 -0.277385 -2.53307e-17 9.49737 -0.914492 -0.132104 3.87124 -0.603345 -2.90401e-17 10.5513 1.57691 0.0996116 0.740363 0.0508757 -1.29193e-17 4.78644 0.715339 0.23301 2.49912 3.04256 -1.8116e-17 4.82109 0.421791 -0.854379 -3.8189 1.44604 -2.00958e-17 4.83041 0.765062 -4.19022 -6.03812 1.75977 1.23299 -7.60731 7.53374 2.73958 1.42491 5.30212 12.9547 3.2495 -3.26872 -89.6895 26.545 12.2203 29.2081 0.0598081 0.137039 5.8489 -1.50238 -29.3819 24.234 0.0496219 0.113701 2.70531 -16.6443 -4.96589 -1.23299 -7.60729 7.53365 -10.0857 4.01138 -5.55412 -12.9547 3.2495 -3.26872 108.432 39.7349 -47.8683 -29.2081 0.0598081 0.137039 -11.252 -7.74963 69.6151 -24.234 0.0496218 0.113702 -5.68959 -46.9526 -6.73656 9.23673 -4.20556 2.0327 0.138698 -13.0289 -17.0562 -0.852353 -38.7721 -0.655187 -0.220731 0.824008 -0.0127957 -2.32622 -40.4017 -6.04875 0.645449 0.110019 14.9792 0.779096 -9.8844 12.4959 2.48481e-17 -7.95139e-16 1.2424e-17 -9.23673 -4.20556 2.0327 -4.15979 -17.0219 7.02014 0.852353 -38.7721 -0.655187 1.51374 5.64896 0.0239912 2.32622 -40.4017 -6.04875 3.63987 0.750617 -15.6457 -0.779096 -9.8844 12.4959 -1.18335e-15 -5.40738e-16 -1.27196e-14 
9.42673 93.2333 135.716 -1.21717 9.70777 2.58796 0 5.07867 -1.15138 -0.0614993 -0.977447 -0.762812 0 5.61661 1.07143 0.178075 -0.407574 -0.374449 -1.02604e-17 5.98978 0.11501 0.1929 0.55253 -0.238229 -1.10457e-17 6.50583 -0.443523 0.162716 1.84735 -0.148685 -1.97295e-17 7.60548 -1.50593 0.0884167 3.15591 -0.229059 -2.53307e-17 9.49737 -0.914492 -0.117058 3.67439 -0.55368 -2.90401e-17 10.5513 1.57691 0.0929012 0.745297 0.0542524 -1.29193e-17 4.78644 0.715339 0.24136 2.28481 2.9857 -1.8116e-17 4.82109 0.421791 -0.786763 -3.78212 1.4191 -2.00958e-17 4.83041 0.765062 -4.24149 -5.88759 1.66537 1.23299 -7.60731 7.53374 3.06687 1.59443 5.16473 12.9547 3.2495 -3.26872 -90.0468 26.5293 12.2575 29.2081 0.0598081 0.137039 5.85719 -1.50699 -29.4274 24.234 0.0496219 0.113701 2.74056 -16.6802 -5.08703 -1.23299 -7.60729 7.53365 -9.87893 4.13104 -5.40018 -12.9547 3.2495 -3.26872 108.267 39.5703 -46.4247 -29.2081 0.0598081 0.137039 -11.0049 -7.15013 66.5246 -24.234 0.0496218 0.113702 -5.48279 -47.169 -6.54781 9.23673 -4.20556 2.0327 0.316804 -13.1788 -16.8678 -0.852353 -38.7721 -0.655187 -0.248973 0.92948 -0.0142044 -2.32622 -40.4017 -6.04875 0.821929 -0.346004 14.9882 0.779096 -9.8844 12.4959 2.48481e-17 -7.95139e-16 1.2424e-17 -9.23673 -4.20556 2.0327 -3.96757 -17.1848 7.17348 0.852353 -38.7721 -0.655187 1.53306 5.72084 0.0233314 2.32622 -40.4017 -6.04875 3.54798 0.497124 -15.6283 -0.779096 -9.8844 12.4959 -5.11013e-16 -5.7092e-16 -1.27465e-14 
9.42257 93.1701 135.633 -1.38015 9.78391 2.47425 0 5.07867 -1.15138 0.0251672 -0.834487 -0.715879 0 5.61661 1.07143 0.245838 -0.307219 -0.323011 -1.02604e-17 5.98978 0.11501 0.24011 0.585703 -0.186381 -1.10457e-17 6.50583 -0.443523 0.19105 1.76705 -0.0966153 -1.97295e-17 7.60548 -1.50593 0.105508 3.01725 -0.182289 -2.53307e-17 9.49737 -0.914492 -0.101498 3.48815 -0.504587 -2.90401e-17 10.5513 1.57691 0.085499 0.750771 0.0595764 -1.29193e-17 4.78644 0.715339 0.254236 2.03909 2.97057 -1.8116e-17 4.82109 0.421791 -0.747045 -3.73133 1.41202 -2.00958e-17 4.83041 0.765062 -4.30761 -5.72603 1.58485 1.23299 -7.60731 7.53374 3.29274 1.75428 4.98961 12.9547 3.2495 -3.26872 -90.3348 26.4922 12.3327 29.2081 0.0598081 0.137039 5.88416 -1.52206 -29.5755 24.234 0.0496219 0.113701 2.78125 -16.7851 -5.23591 -1.23299 -7.60729 7.53365 -9.62569 4.2436 -5.227 -12.9547 3.2495 -3.26872 108.264 39.5921 -45.1206 -29.2081 0.0598081 0.137039 -10.6873 -6.48941 63.0323 -24.234 0.0496218 0.113702 -5.15012 -48.1272 -6.13319 9.23673 -4.20556 2.0327 0.50745 -13.3373 -16.6706 -0.852353 -38.7721 -0.655187 -0.272898 1.01884 -0.0153573 -2.32622 -40.4017 -6.04875 0.963233 -0.688854 14.9969 0.779096 -9.8844 12.4959 2.48481e-17 -7.95139e-16 1.2424e-17 -9.23673 -4.20556 2.0327 -3.76221 -17.3503 7.34389 0.852353 -38.7721 -0.655187 1.54482 5.76457 0.022918 2.32622 -40.4017 -6.04875 3.49892 0.392299 -15.6161 -0.779096 -9.8844 12.4959 6.81692e-16 -6.20616e-16 -1.27962e-14 
9.44564 93.1486 135.578 -1.51085 9.77125 2.48684 0 5.07867 -1.15138 0.108055 -0.709874 -0.681971 0 5.61661 1.07143 0.31231 -0.216649 -0.285963 -1.02604e-17 5.98978 0.11501 0.288097 0.619764 -0.148206 -1.10457e-17 6.50583 -0.443523 0.221206 1.70506 -0.0579898 -1.97295e-17 7.60548 -1.50593 0.122754 2.90221 -0.149061 -2.53307e-17 9.49737 -0.914492 -0.0885611 3.33348 -0.468983 -2.90401e-17 10.5513 1.57691 0.0773788 0.757658 0.0667356 -1.29193e-17 4.78644 0.715339 0.265341 1.79562 2.9744 -1.8116e-17 4.82109 0.421791 -0.741952 -3.68891 1.41487 -2.00958e-17 4.83041 0.765062 -4.35182 -5.55808 1.50713 1.23299 -7.60731 7.53374 3.36661 1.88781 4.79454 12.9547 3.2495 -3.26872 -90.4826 26.4812 12.4189 29.2081 0.0598081 0.137039 5.922 -1.54336 -29.7838 24.234 0.0496219 0.113701 2.82403 -16.9028 -5.38883 -1.23299 -7.60729 7.53365 -9.30412 4.33437 -5.03629 -12.9547 3.2495 -3.26872 108.419 39.7816 -44.0822 -29.2081 0.0598081 0.137039 -10.3177 -5.82823 59.4246 -24.234 0.0496218 0.113702 -4.69971 -49.9654 -5.47118 9.23673 -4.20556 2.0327 0.617679 -13.4149 -16.6103 -0.852353 -38.7721 -0.655187 -0.294987 1.10134 -0.0163886 -2.32622 -40.4017 -6.04875 1.02886 -0.827902 15.0028 0.779096 -9.8844 12.4959 2.48481e-17 -7.95139e-16 1.2424e-17 -9.23673 -4.20556 2.0327 -3.64313 -17.3707 7.39879 0.852353 -38.7721 -0.655187 1.54506 5.76547 0.0229094 2.32622 -40.4017 -6.04875 3.48214 0.422492 -15.6081 -0.779096 -9.8844 12.4959 -1.80045e-16 -5.78596e-16 -1.27633e-14 
9.50366 93.1559 135.571 -1.56866 9.74497 2.67129 0 5.07867 -1.15138 0.177339 -0.627367 -0.665885 0 5.61661 1.07143 0.37053 -0.155867 -0.268612 -1.02604e-17 5.98978 0.11501 0.332523 0.639726 -0.129099 -1.10457e-17 6.50583 -0.443523 0.251685 1.65659 -0.0379683 -1.97295e-17 7.60548 -1.50593 0.140467 2.81446 -0.134096 -2.53307e-17 9.49737 -0.914492 -0.0773795 3.21598 -0.452527 -2.90401e-17 10.5513 1.57691 0.0691001 0.765988 0.0748824 -1.29193e-17 4.78644 0.715339 0.278564 1.57782 2.97256 -1.8116e-17 4.82109 0.421791 -0.754798 -3.64271 1.41642 -2.00958e-17 4.83041 0.765062 -4.41567 -5.43405 1.42883 1.23299 -7.60731 7.53374 3.32299 1.98757 4.61344 12.9547 3.2495 -3.26872 -90.514 26.5456 12.5037 29.2081 0.0598081 0.137039 5.96761 -1.56928 -30.0354 24.234 0.0496219 0.113701 2.85668 -17.0031 -5.54946 -1.23299 -7.60729 7.53365 -8.98922 4.4026 -4.85028 -12.9547 3.2495 -3.26872 108.747 40.1153 -43.3755 -29.2081 0.0598081 0.137039 -9.93222 -5.22765 56.0256 -24.234 0.0496218 0.113702 -3.96774 -52.3136 -4.47674 9.23673 -4.20556 2.0327 0.584305 -13.4642 -16.7271 -0.852353 -38.7721 -0.655187 -0.309992 1.15738 -0.017071 -2.32622 -40.4017 -6.04875 1.03682 -0.783601 15.002 0.779096 -9.8844 12.4959 2.48481e-17 -7.95139e-16 1.2424e-17 -9.23673 -4.20556 2.0327 -3.67217 -17.2775 7.27641 0.852353 -38.7721 -0.655187 1.52891 5.70539 0.0234753 2.32622 -40.4017 -6.04875 3.47814 0.478948 -15.6069 -0.779096 -9.8844 12.4959 -3.02862e-16 -5.77425e-16 -1.27562e-14 
9.58414 93.1723 135.609 -1.62497 9.79974 2.99205 0 5.07867 -1.15138 0.244712 -0.608528 -0.670746 0 5.61661 1.07143 0.432482 -0.14584 -0.272254 -1.02604e-17 5.98978 0.11501 0.38342 0.62623 -0.130252 -1.10457e-17 6.50583 -0.443523 0.290572 1.60458 -0.0377025 -1.97295e-17 7.60548 -1.50593 0.164192 2.74475 -0.139704 -2.53307e-17 9.49737 -0.914492 -0.0654917 3.12819 -0.457823 -2.90401e-17 10.5513 1.57691 0.0616407 0.775473 0.0834485 -1.29193e-17 4.78644 0.715339 0.304712 1.3541 2.98679 -1.8116e-17 4.82109 0.421791 -0.774986 -3.5752 1.42685 -2.00958e-17 4.83041 0.765062 -4.50857 -5.31258 1.34734 1.23299 -7.60731 7.53374 3.15903 2.06013 4.44654 12.9547 3.2495 -3.26872 -90.4664 26.6825 12.6364 29.2081 0.0598081 0.137039 6.03317 -1.60699 -30.3981 24.234 0.0496219 0.113701 2.92904 -17.1344 -5.64172 -1.23299 -7.60729 7.53365 -8.74897 4.46106 -4.68275 -12.9547 3.2495 -3.26872 109.323 40.6025 -43.1724 -29.2081 0.0598081 0.137039 -9.60236 -4.76892 53.3338 -24.234 0.0496218 0.113702 -2.91959 -54.9919 -3.15252 9.23673 -4.20556 2.0327 0.494808 -13.5763 -16.9869 -0.852353 -38.7721 -0.655187 -0.321328 1.19973 -0.0175769 -2.32622 -40.4017 -6.04875 1.05999 -0.685783 14.9944 0.779096 -9.8844 12.4959 -2.68644e-16 -8.0431e-16 2.15957e-17 -9.23673 -4.20556 2.0327 -3.75747 -17.1773 7.00312 0.852353 -38.7721 -0.655187 1.49695 5.58652 0.0245446 2.32622 -40.4017 -6.04875 3.47568 0.523399 -15.6102 -0.779096 -9.8844 12.4959 -4.92277e-16 -5.65587e-16 -1.27503e-14 
9.67496 93.2077 135.675 -1.70228 9.85655 3.40555 0 5.07867 -1.15138 0.307159 -0.649493 -0.70014 0 5.61661 1.07143 0.496161 -0.180091 -0.300149 -1.02604e-17 5.98978 0.11501 0.438939 0.591394 -0.156 -1.10457e-17 6.50583 -0.443523 0.336201 1.56829 -0.0619741 -1.97295e-17 7.60548 -1.50593 0.192054 2.71473 -0.170491 -2.53307e-17 9.49737 -0.914492 -0.0567094 3.09533 -0.489152 -2.90401e-17 10.5513 1.57691 0.0561302 0.784256 0.0902558 -1.29193e-17 4.78644 0.715339 0.344856 1.15993 3.04191 -1.8116e-17 4.82109 0.421791 -0.8148 -3.52568 1.45719 -2.00958e-17 4.83041 0.765062 -4.57571 -5.19834 1.28801 1.23299 -7.60731 7.53374 2.86462 2.08295 4.32185 12.9547 3.2495 -3.26872 -90.3071 26.8312 12.7761 29.2081 0.0598081 0.137039 6.10456 -1.64869 -30.7945 24.234 0.0496219 0.113701 3.03332 -17.2958 -5.66689 -1.23299 -7.60729 7.53365 -8.63641 4.49236 -4.56907 -12.9547 3.2495 -3.26872 110.063 41.0875 -43.4952 -29.2081 0.0598081 0.137039 -9.4061 -4.51604 51.8084 -24.234 0.0496218 0.113702 -1.79621 -57.435 -1.77596 9.23673 -4.20556 2.0327 0.40023 -13.6624 -17.3499 -0.852353 -38.7721 -0.655187 -0.319662 1.1935 -0.0175031 -2.32622 -40.4017 -6.04875 1.05253 -0.512764 14.9835 0.779096 -9.8844 12.4959 -7.92291e-17 -7.98391e-16 1.56765e-17 -9.23673 -4.20556 2.0327 -3.85202 -17.0465 6.64846 0.852353 -38.7721 -0.655187 1.46164 5.45513 0.0256489 2.32622 -40.4017 -6.04875 3.46671 0.641824 -15.6127 -0.779096 -9.8844 12.4959 -3.02862e-16 -5.77425e-16 -1.27562e-14 
9.76749 93.2791 135.746 -1.77861 9.80496 3.83777 0 5.07867 -1.15138 0.370327 -0.721315 -0.748918 0 5.61661 1.07143 0.564487 -0.229892 -0.345305 -1.02604e-17 5.98978 0.11501 0.500377 0.566191 -0.200178 -1.10457e-17 6.50583 -0.443523 0.38862 1.58268 -0.104561 -1.97295e-17 7.60548 -1.50593 0.224574 2.75338 -0.220626 -2.53307e-17 9.49737 -0.914492 -0.0503028 3.14697 -0.541618 -2.90401e-17 10.5513 1.57691 0.0527144 0.78905 0.0936793 -1.29193e-17 4.78644 0.715339 0.39264 1.09998 3.11096 -1.8116e-17 4.82109 0.421791 -0.847342 -3.5438 1.49525 -2.00958e-17 4.83041 0.765062 -4.64463 -5.21755 1.29628 1.23299 -7.60731 7.53374 2.49041 2.02969 4.27124 12.9547 3.2495 -3.26872 -90.0463 26.934 12.8176 29.2081 0.0598081 0.137039 6.16175 -1.68258 -31.1132 24.234 0.0496219 0.113701 3.11943 -17.4442 -5.68612 -1.23299 -7.60729 7.53365 -8.66771 4.47259 -4.53993 -12.9547 3.2495 -3.26872 110.715 41.3851 -44.0958 -29.2081 0.0598081 0.137039 -9.35407 -4.45127 51.4124 -24.234 0.0496218 0.113702 -0.862012 -58.9409 -0.617643 9.23673 -4.20556 2.0327 0.31324 -13.6367 -17.766 -0.852353 -38.7721 -0.655187 -0.3108 1.1604 -0.0171074 -2.32622 -40.4017 -6.04875 0.954102 -0.198737 14.9724 0.779096 -9.8844 12.4959 2.48481e-17 -7.95139e-16 1.2424e-17 -9.23673 -4.20556 2.0327 -3.94486 -16.8271 6.29657 0.852353 -38.7721 -0.655187 1.43106 5.34133 0.0265394 2.32622 -40.4017 -6.04875 3.48668 0.924485 -15.6206 -0.779096 -9.8844 12.4959 -7.85769e-16 -5.56415e-16 -1.2732e-14 
9.84414 93.3768 135.84 -1.81754 9.68685 4.1929 0 5.07867 -1.15138 0.431693 -0.811048 -0.797701 0 5.61661 1.07143 0.63062 -0.287657 -0.387295 -1.02604e-17 5.98978 0.11501 0.560146 0.553423 -0.24154 -1.10457e-17 6.50583 -0.443523 0.439783 1.64465 -0.143932 -1.97295e-17 7.60548 -1.50593 0.257838 2.85227 -0.267659 -2.53307e-17 9.49737 -0.914492 -0.0423344 3.27197 -0.592719 -2.90401e-17 10.5513 1.57691 0.0514463 0.788762 0.0942588 -1.29193e-17 4.78644 0.715339 0.438159 1.20361 3.15784 -1.8116e-17 4.82109 0.421791 -0.853419 -3.61414 1.52331 -2.00958e-17 4.83041 0.765062 -4.73346 -5.4188 1.34624 1.23299 -7.60731 7.53374 2.12519 1.91352 4.27475 12.9547 3.2495 -3.26872 -89.7372 27.0249 12.7381 29.2081 0.0598081 0.137039 6.2002 -1.7056 -31.328 24.234 0.0496219 0.113701 3.14059 -17.5936 -5.74735 -1.23299 -7.60729 7.53365 -8.81009 4.40846 -4.58216 -12.9547 3.2495 -3.26872 111.262 41.5964 -44.8385 -29.2081 0.0598081 0.137039 -9.41354 -4.52538 51.8652 -24.234 0.0496218 0.113702 -0.282715 -59.6844 0.190922 9.23673 -4.20556 2.0327 0.230802 -13.5063 -18.1336 -0.852353 -38.7721 -0.655187 -0.292394 1.09165 -0.0162692 -2.32622 -40.4017 -6.04875 0.804948 0.221541 14.9585 0.779096 -9.8844 12.4959 -2.68644e-16 -8.0431e-16 2.15957e-17 -9.23673 -4.20556 2.0327 -4.03605 -16.5578 6.01868 0.852353 -38.7721 -0.655187 1.40636 5.2494 0.0272141 2.32622 -40.4017 -6.04875 3.56623 1.29007 -15.6412 -0.779096 -9.8844 12.4959 -9.93923e-16 -5.46658e-16 -1.27222e-14 
9.90063 93.4901 135.966 -1.74989 9.58349 4.41775 0 5.07867 -1.15138 0.462534 -0.937898 -0.837372 0 5.61661 1.07143 0.667086 -0.370976 -0.422111 -1.02604e-17 5.98978 0.11501 0.595437 0.537023 -0.275944 -1.10457e-17 6.50583 -0.443523 0.471789 1.74155 -0.176789 -1.97295e-17 7.60548 -1.50593 0.28013 3.00132 -0.305193 -2.53307e-17 9.49737 -0.914492 -0.0367718 3.4613 -0.635039 -2.90401e-17 10.5513 1.57691 0.0516838 0.782551 0.0920571 -1.29193e-17 4.78644 0.715339 0.466961 1.42611 3.17282 -1.8116e-17 4.82109 0.421791 -0.853214 -3.69805 1.53431 -2.00958e-17 4.83041 0.765062 -4.79733 -5.71823 1.42693 1.23299 -7.60731 7.53374 1.77336 1.75403 4.30775 12.9547 3.2495 -3.26872 -89.3717 27.0895 12.5846 29.2081 0.0598081 0.137039 6.22877 -1.72283 -31.4879 24.234 0.0496219 0.113701 3.09868 -17.7275 -5.81022 -1.23299 -7.60729 7.53365 -8.94396 4.29145 -4.66252 -12.9547 3.2495 -3.26872 111.63 41.7699 -45.578 -29.2081 0.0598081 0.137039 -9.5642 -4.71865 53.033 -24.234 0.0496218 0.113702 -0.381212 -59.8753 0.20916 9.23673 -4.20556 2.0327 0.0896989 -13.3212 -18.3922 -0.852353 -38.7721 -0.655187 -0.257128 0.959937 -0.0146016 -2.32622 -40.4017 -6.04875 0.614227 0.745141 14.9422 0.779096 -9.8844 12.4959 -7.92291e-17 -7.98391e-16 1.56765e-17 -9.23673 -4.20556 2.0327 -4.18996 -16.3115 5.86674 0.852353 -38.7721 -0.655187 1.38891 5.1844 0.0276671 2.32622 -40.4017 -6.04875 3.68639 1.64095 -15.6702 -0.779096 -9.8844 12.4959 -4.06939e-16 -5.74173e-16 -1.27497e-14 
9.94619 93.611 136.095 -1.61864 9.45438 4.66051 0 5.07867 -1.15138 0.457037 -1.07928 -0.873788 0 5.61661 1.07143 0.66974 -0.461827 -0.457245 -1.02604e-17 5.98978 0.11501 0.603416 0.526805 -0.310929 -1.10457e-17 6.50583 -0.443523 0.4835 1.86784 -0.210674 -1.97295e-17 7.60548 -1.50593 0.290083 3.18514 -0.340357 -2.53307e-17 9.49737 -0.914492 -0.0356476 3.69251 -0.67484 -2.90401e-17 10.5513 1.57691 0.0529981 0.772451 0.0876236 -1.29193e-17 4.78644 0.715339 0.471381 1.74728 3.08857 -1.8116e-17 4.82109 0.421791 -0.842041 -3.79689 1.49771 -2.00958e-17 4.83041 0.765062 -4.77937 -6.01883 1.51615 1.23299 -7.60731 7.53374 1.44246 1.56423 4.35657 12.9547 3.2495 -3.26872 -88.9676 27.1678 12.3238 29.2081 0.0598081 0.137039 6.24199 -1.73085 -31.5621 24.234 0.0496219 0.113701 3.06044 -17.7317 -5.79303 -1.23299 -7.60729 7.53365 -9.04046 4.126 -4.74541 -12.9547 3.2495 -3.26872 111.746 41.8722 -46.1548 -29.2081 0.0598081 0.137039 -9.76131 -4.98433 54.6091 -24.234 0.0496218 0.113702 -0.921527 -59.6625 -0.3506 9.23673 -4.20556 2.0327 -0.115447 -13.116 -18.6551 -0.852353 -38.7721 -0.655187 -0.223179 0.83315 -0.0129198 -2.32622 -40.4017 -6.04875 0.382163 1.33764 14.9319 0.779096 -9.8844 12.4959 2.48481e-17 -7.95139e-16 1.2424e-17 -9.23673 -4.20556 2.0327 -4.4139 -16.0353 5.66278 0.852353 -38.7721 -0.655187 1.37566 5.13507 0.0279976 2.32622 -40.4017 -6.04875 3.82286 1.96909 -15.6994 -0.779096 -9.8844 12.4959 9.47074e-17 -5.93102e-16 -1.27687e-14 
9.9651 93.7396 136.198 -1.46318 9.25348 4.89351 0 5.07867 -1.15138 0.427428 -1.19204 -0.897679 0 5.61661 1.07143 0.64904 -0.527949 -0.48303 -1.02604e-17 5.98978 0.11501 0.592161 0.537588 -0.336374 -1.10457e-17 6.50583 -0.443523 0.480203 2.0061 -0.235266 -1.97295e-17 7.60548 -1.50593 0.292013 3.37036 -0.364022 -2.53307e-17 9.49737 -0.914492 -0.0335046 3.92227 -0.703329 -2.90401e-17 10.5513 1.57691 0.0550031 0.762069 0.0813636 -1.29193e-17 4.78644 0.715339 0.468795 2.14173 2.96079 -1.8116e-17 4.82109 0.421791 -0.800663 -3.88273 1.43949 -2.00958e-17 4.83041 0.765062 -4.73594 -6.28692 1.52005 1.23299 -7.60731 7.53374 1.16393 1.3748 4.40059 12.9547 3.2495 -3.26872 -88.5368 27.2092 11.9542 29.2081 0.0598081 0.137039 6.22329 -1.71952 -31.4573 24.234 0.0496219 0.113701 3.00215 -17.5457 -5.73904 -1.23299 -7.60729 7.53365 -9.12033 3.9452 -4.82942 -12.9547 3.2495 -3.26872 111.651 41.9448 -46.5018 -29.2081 0.0598081 0.137039 -9.957 -5.26401 56.2351 -24.234 0.0496218 0.113702 -1.50287 -59.2095 -1.0089 9.23673 -4.20556 2.0327 -0.323597 -12.8915 -18.9549 -0.852353 -38.7721 -0.655187 -0.204213 0.762324 -0.0119477 -2.32622 -40.4017 -6.04875 0.15732 1.98041 14.9213 0.779096 -9.8844 12.4959 -2.68644e-16 -8.0431e-16 2.15957e-17 -9.23673 -4.20556 2.0327 -4.63646 -15.7103 5.44068 0.852353 -38.7721 -0.655187 1.36386 5.09113 0.0282823 2.32622 -40.4017 -6.04875 3.95305 2.33605 -15.7265 -0.779096 -9.8844 12.4959 1.98785e-16 -5.96354e-16 -1.27719e-14 
9.94828 93.8589 136.277 -1.32388 9.03506 4.98059 0 5.07867 -1.15138 0.396723 -1.282 -0.904925 0 5.61661 1.07143 0.625099 -0.578203 -0.492609 -1.02604e-17 5.98978 0.11501 0.576764 0.555825 -0.345462 -1.10457e-17 6.50583 -0.443523 0.472425 2.13743 -0.243931 -1.97295e-17 7.60548 -1.50593 0.292484 3.53936 -0.371739 -2.53307e-17 9.49737 -0.914492 -0.0270106 4.12807 -0.715183 -2.90401e-17 10.5513 1.57691 0.0578951 0.750537 0.0733025 -1.29193e-17 4.78644 0.715339 0.474998 2.57583 2.8474 -1.8116e-17 4.82109 0.421791 -0.740481 -3.93304 1.38612 -2.00958e-17 4.83041 0.765062 -4.72364 -6.54355 1.50424 1.23299 -7.60731 7.53374 1.00633 1.19769 4.4558 12.9547 3.2495 -3.26872 -88.168 27.1828 11.5693 29.2081 0.0598081 0.137039 6.16995 -1.68747 -31.159 24.234 0.0496219 0.113701 2.88889 -17.3081 -5.69313 -1.23299 -7.60729 7.53365 -9.27997 3.7728 -4.93701 -12.9547 3.2495 -3.26872 111.397 41.9832 -46.6664 -29.2081 0.0598081 0.137039 -10.146 -5.55107 57.8719 -24.234 0.0496218 0.113702 -1.93088 -58.591 -1.62606 9.23673 -4.20556 2.0327 -0.455778 -12.6759 -19.1543 -0.852353 -38.7721 -0.655187 -0.199692 0.745441 -0.0117125 -2.32622 -40.4017 -6.04875 0.00240343 2.55777 14.9056 0.779096 -9.8844 12.4959 -3.72721e-16 -8.07563e-16 2.48481e-17 -9.23673 -4.20556 2.0327 -4.77348 -15.4136 5.36323 0.852353 -38.7721 -0.655187 1.35266 5.04942 0.0285441 2.32622 -40.4017 -6.04875 4.08902 2.70611 -15.7542 -0.779096 -9.8844 12.4959 -9.75184e-16 -5.50496e-16 -1.27261e-14 
9.91028 93.9417 136.364 -1.19537 8.85425 4.90326 0 5.07867 -1.15138 0.366783 -1.35972 -0.899242 0 5.61661 1.07143 0.600026 -0.626852 -0.488554 -1.02604e-17 5.98978 0.11501 0.558364 0.561831 -0.341003 -1.10457e-17 6.50583 -0.443523 0.460695 2.2354 -0.239734 -1.97295e-17 7.60548 -1.50593 0.290311 3.66963 -0.366669 -2.53307e-17 9.49737 -0.914492 -0.0195349 4.28526 -0.712202 -2.90401e-17 10.5513 1.57691 0.0623129 0.739185 0.0647863 -1.29193e-17 4.78644 0.715339 0.490264 2.96908 2.77968 -1.8116e-17 4.82109 0.421791 -0.703711 -3.93736 1.35156 -2.00958e-17 4.83041 0.765062 -4.71218 -6.73366 1.5048 1.23299 -7.60731 7.53374 0.977295 1.0516 4.53174 12.9547 3.2495 -3.26872 -87.9559 27.1361 11.3224 29.2081 0.0598081 0.137039 6.09976 -1.64587 -30.7678 24.234 0.0496219 0.113701 2.75304 -17.1528 -5.63478 -1.23299 -7.60729 7.53365 -9.55988 3.63999 -5.06457 -12.9547 3.2495 -3.26872 111.133 41.9948 -46.8778 -29.2081 0.0598081 0.137039 -10.3457 -5.87519 59.685 -24.234 0.0496218 0.113702 -2.38139 -57.8732 -2.36531 9.23673 -4.20556 2.0327 -0.528987 -12.4633 -19.1702 -0.852353 -38.7721 -0.655187 -0.197237 0.736274 -0.0115842 -2.32622 -40.4017 -6.04875 -0.0579419 2.95416 14.8877 0.779096 -9.8844 12.4959 -6.6621e-16 -8.25906e-16 4.31911e-17 -9.23673 -4.20556 2.0327 -4.84158 -15.1612 5.45552 0.852353 -38.7721 -0.655187 1.33828 4.99585 0.0288684 2.32622 -40.4017 -6.04875 4.21771 2.93227 -15.7799 -0.779096 -9.8844 12.4959 3.69439e-16 -6.07606e-16 -1.27832e-14 
9.87751 93.9806 136.461 -1.07446 8.7454 4.72715 0 5.07867 -1.15138 0.335989 -1.41821 -0.888415 0 5.61661 1.07143 0.573344 -0.669276 -0.479101 -1.02604e-17 5.98978 0.11501 0.537409 0.55548 -0.331411 -1.10457e-17 6.50583 -0.443523 0.446065 2.29122 -0.230987 -1.97295e-17 7.60548 -1.50593 0.2855 3.75024 -0.356886 -2.53307e-17 9.49737 -0.914492 -0.0135363 4.38324 -0.702845 -2.90401e-17 10.5513 1.57691 0.0680014 0.7303 0.0572849 -1.29193e-17 4.78644 0.715339 0.509233 3.25654 2.75787 -1.8116e-17 4.82109 0.421791 -0.69106 -3.92332 1.33719 -2.00958e-17 4.83041 0.765062 -4.68023 -6.82771 1.53408 1.23299 -7.60731 7.53374 1.01105 0.948736 4.62484 12.9547 3.2495 -3.26872 -87.8936 27.0576 11.2565 29.2081 0.0598081 0.137039 6.03454 -1.60779 -30.4057 24.234 0.0496219 0.113701 2.63694 -17.0951 -5.54339 -1.23299 -7.60729 7.53365 -9.89212 3.55816 -5.19627 -12.9547 3.2495 -3.26872 110.834 41.944 -47.1949 -29.2081 0.0598081 0.137039 -10.5582 -6.24723 61.7252 -24.234 0.0496218 0.113702 -2.93508 -56.9162 -3.23398 9.23673 -4.20556 2.0327 -0.580185 -12.274 -19.05 -0.852353 -38.7721 -0.655187 -0.188984 0.705456 -0.0111502 -2.32622 -40.4017 -6.04875 -0.0614587 3.1452 14.8747 0.779096 -9.8844 12.4959 -1.83316e-16 -8.04896e-16 2.21817e-17 -9.23673 -4.20556 2.0327 -4.88174 -14.9619 5.64316 0.852353 -38.7721 -0.655187 1.31768 4.91913 0.0293092 2.32622 -40.4017 -6.04875 4.30801 2.97539 -15.7989 -0.779096 -9.8844 12.4959 1.5809e-15 -6.61141e-16 -1.28367e-14 
9.8632 93.9856 136.545 -0.988894 8.61082 4.54016 0 5.07867 -1.15138 0.312814 -1.43173 -0.875042 0 5.61661 1.07143 0.552627 -0.679124 -0.465693 -1.02604e-17 5.98978 0.11501 0.520363 0.562769 -0.318193 -1.10457e-17 6.50583 -0.443523 0.433301 2.32757 -0.218686 -1.97295e-17 7.60548 -1.50593 0.281196 3.79602 -0.344009 -2.53307e-17 9.49737 -0.914492 -0.00764291 4.43737 -0.689362 -2.90401e-17 10.5513 1.57691 0.074448 0.723964 0.0513226 -1.29193e-17 4.78644 0.715339 0.526727 3.45412 2.74272 -1.8116e-17 4.82109 0.421791 -0.677113 -3.92883 1.32636 -2.00958e-17 4.83041 0.765062 -4.61528 -6.86341 1.58352 1.23299 -7.60731 7.53374 1.06813 0.879667 4.72049 12.9547 3.2495 -3.26872 -87.9437 26.9364 11.2771 29.2081 0.0598081 0.137039 5.97372 -1.57277 -30.0692 24.234 0.0496219 0.113701 2.57631 -17.0099 -5.4064 -1.23299 -7.60729 7.53365 -10.2171 3.51342 -5.31826 -12.9547 3.2495 -3.26872 110.417 41.7995 -47.5044 -29.2081 0.0598081 0.137039 -10.7642 -6.64031 63.8389 -24.234 0.0496218 0.113702 -3.53579 -55.6028 -4.19652 9.23673 -4.20556 2.0327 -0.601377 -12.0432 -18.9115 -0.852353 -38.7721 -0.655187 -0.177064 0.660947 -0.0105154 -2.32622 -40.4017 -6.04875 -0.0415752 3.16937 14.8712 0.779096 -9.8844 12.4959 2.48481e-17 -7.95139e-16 1.2424e-17 -9.23673 -4.20556 2.0327 -4.89143 -14.7345 5.82963 0.852353 -38.7721 -0.655187 1.29523 4.8355 0.0297581 2.32622 -40.4017 -6.04875 4.35078 2.914 -15.807 -0.779096 -9.8844 12.4959 -1.14581e-15 -5.42498e-16 -1.27181e-14 
9.86491 93.9604 136.61 -0.934807 8.42898 4.41111 0 5.07867 -1.15138 0.30097 -1.40021 -0.860989 0 5.61661 1.07143 0.541185 -0.652593 -0.450005 -1.02604e-17 5.98978 0.11501 0.510037 0.591266 -0.303016 -1.10457e-17 6.50583 -0.443523 0.42469 2.35823 -0.204227 -1.97295e-17 7.60548 -1.50593 0.278778 3.81982 -0.329542 -2.53307e-17 9.49737 -0.914492 -0.00160934 4.46095 -0.67359 -2.90401e-17 10.5513 1.57691 0.080663 0.719746 0.0466916 -1.29193e-17 4.78644 0.715339 0.53846 3.6115 2.69715 -1.8116e-17 4.82109 0.421791 -0.655424 -3.95224 1.30203 -2.00958e-17 4.83041 0.765062 -4.52307 -6.90948 1.62948 1.23299 -7.60731 7.53374 1.16513 0.834171 4.81404 12.9547 3.2495 -3.26872 -88.0851 26.7818 11.2957 29.2081 0.0598081 0.137039 5.90983 -1.53649 -29.7168 24.234 0.0496219 0.113701 2.55205 -16.7917 -5.26835 -1.23299 -7.60729 7.53365 -10.5058 3.48641 -5.42475 -12.9547 3.2495 -3.26872 109.879 41.5771 -47.6719 -29.2081 0.0598081 0.137039 -10.9362 -6.99818 65.7301 -24.234 0.0496218 0.113702 -4.0463 -54.1273 -5.07291 9.23673 -4.20556 2.0327 -0.610466 -11.7653 -18.8209 -0.852353 -38.7721 -0.655187 -0.163549 0.610482 -0.00978456 -2.32622 -40.4017 -6.04875 -0.00437642 3.062 14.875 0.779096 -9.8844 12.4959 3.18335e-16 -7.85967e-16 3.25256e-18 -9.23673 -4.20556 2.0327 -4.88698 -14.446 5.94584 0.852353 -38.7721 -0.655187 1.27029 4.74254 0.0302185 2.32622 -40.4017 -6.04875 4.3335 2.76041 -15.8034 -0.779096 -9.8844 12.4959 -4.25707e-16 -5.70333e-16 -1.27459e-14 
9.86361 93.8971 136.656 -0.913966 8.34052 4.33076 0 5.07867 -1.15138 0.295549 -1.35963 -0.850465 0 5.61661 1.07143 0.535338 -0.620853 -0.437973 -1.02604e-17 5.98978 0.11501 0.504005 0.614959 -0.292048 -1.10457e-17 6.50583 -0.443523 0.41974 2.3683 -0.193961 -1.97295e-17 7.60548 -1.50593 0.277898 3.81617 -0.319163 -2.53307e-17 9.49737 -0.914492 0.00312943 4.45025 -0.662071 -2.90401e-17 10.5513 1.57691 0.0856275 0.716566 0.0429359 -1.29193e-17 4.78644 0.715339 0.54461 3.69984 2.64066 -1.8116e-17 4.82109 0.421791 -0.616534 -3.97681 1.27305 -2.00958e-17 4.83041 0.765062 -4.41838 -6.96712 1.66943 1.23299 -7.60731 7.53374 1.30053 0.817788 4.90741 12.9547 3.2495 -3.26872 -88.2885 26.5704 11.308 29.2081 0.0598081 0.137039 5.85125 -1.50369 -29.3948 24.234 0.0496219 0.113701 2.56466 -16.4506 -5.13355 -1.23299 -7.60729 7.53365 -10.7008 3.47341 -5.5046 -12.9547 3.2495 -3.26872 109.173 41.2232 -47.5384 -29.2081 0.0598081 0.137039 -11.0628 -7.28254 67.213 -24.234 0.0496218 0.113702 -4.45378 -52.3637 -5.87298 9.23673 -4.20556 2.0327 -0.602957 -11.5886 -18.7526 -0.852353 -38.7721 -0.655187 -0.153413 0.572637 -0.00922864 -2.32622 -40.4017 -6.04875 0.0768635 2.78455 14.8831 0.779096 -9.8844 12.4959 -4.58045e-16 -8.19401e-16 3.66859e-17 -9.23673 -4.20556 2.0327 -4.86287 -14.2427 6.00958 0.852353 -38.7721 -0.655187 1.2461 4.65241 0.030626 2.32622 -40.4017 -6.04875 4.24674 2.46 -15.7888 -0.779096 -9.8844 12.4959 1.98785e-16 -5.96354e-16 -1.27719e-14 
9.83128 93.8029 136.668 -0.88964 8.36091 4.19599 0 5.07867 -1.15138 0.272873 -1.319 -0.830036 0 5.61661 1.07143 0.511329 -0.591507 -0.418674 -1.02604e-17 5.98978 0.11501 0.482166 0.629723 -0.274371 -1.10457e-17 6.50583 -0.443523 0.401934 2.35877 -0.177061 -1.97295e-17 7.60548 -1.50593 0.268747 3.78841 -0.299593 -2.53307e-17 9.49737 -0.914492 0.00544599 4.41288 -0.64134 -2.90401e-17 10.5513 1.57691 0.0892372 0.712517 0.0396765 -1.29193e-17 4.78644 0.715339 0.541273 3.68824 2.58762 -1.8116e-17 4.82109 0.421791 -0.531363 -4.00591 1.24645 -2.00958e-17 4.83041 0.765062 -4.29556 -6.99794 1.7177 1.23299 -7.60731 7.53374 1.46748 0.829922 4.98053 12.9547 3.2495 -3.26872 -88.4621 26.3 11.2689 29.2081 0.0598081 0.137039 5.79384 -1.47195 -29.0801 24.234 0.0496219 0.113701 2.59092 -16.0654 -5.02636 -1.23299 -7.60729 7.53365 -10.7367 3.47945 -5.54162 -12.9547 3.2495 -3.26872 108.313 40.723 -46.9735 -29.2081 0.0598081 0.137039 -11.1268 -7.43453 67.9989 -24.234 0.0496218 0.113702 -4.81402 -50.0359 -6.723 9.23673 -4.20556 2.0327 -0.578308 -11.5405 -18.626 -0.852353 -38.7721 -0.655187 -0.148652 0.554862 -0.00896524 -2.32622 -40.4017 -6.04875 0.195011 2.37851 14.8949 0.779096 -9.8844 12.4959 -4.76803e-16 -8.14068e-16 3.13532e-17 -9.23673 -4.20556 2.0327 -4.82057 -14.1965 6.12865 0.852353 -38.7721 -0.655187 1.23401 4.60732 0.0308156 2.32622 -40.4017 -6.04875 4.08932 2.03592 -15.7596 -0.779096 -9.8844 12.4959 -9.47027e-17 -5.87183e-16 -1.27627e-14 
9.76332 93.6839 136.646 -0.844297 8.46235 3.96666 0 5.07867 -1.15138 0.23938 -1.27402 -0.785789 0 5.61661 1.07143 0.471578 -0.562809 -0.376377 -1.02604e-17 5.98978 0.11501 0.444349 0.636383 -0.233075 -1.10457e-17 6.50583 -0.443523 0.367817 2.32919 -0.136202 -1.97295e-17 7.60548 -1.50593 0.248217 3.73604 -0.253658 -2.53307e-17 9.49737 -0.914492 0.00562105 4.34816 -0.592325 -2.90401e-17 10.5513 1.57691 0.0906573 0.708626 0.0382395 -1.29193e-17 4.78644 0.715339 0.5258 3.60844 2.51734 -1.8116e-17 4.82109 0.421791 -0.426322 -4.02346 1.21206 -2.00958e-17 4.83041 0.765062 -4.16617 -7.01862 1.73595 1.23299 -7.60731 7.53374 1.70803 0.874889 5.00651 12.9547 3.2495 -3.26872 -88.627 26.046 11.1852 29.2081 0.0598081 0.137039 5.73541 -1.44007 -28.7608 24.234 0.0496219 0.113701 2.59664 -15.7223 -4.98563 -1.23299 -7.60729 7.53365 -10.6656 3.52088 -5.54095 -12.9547 3.2495 -3.26872 107.627 40.3097 -46.1551 -29.2081 0.0598081 0.137039 -11.0958 -7.36017 67.615 -24.234 0.0496218 0.113702 -4.87604 -48.3234 -6.97665 9.23673 -4.20556 2.0327 -0.54249 -11.6025 -18.3996 -0.852353 -38.7721 -0.655187 -0.154533 0.576819 -0.00929041 -2.32622 -40.4017 -6.04875 0.349816 1.87643 14.9096 0.779096 -9.8844 12.4959 -7.92339e-17 -7.98391e-16 1.56766e-17 -9.23673 -4.20556 2.0327 -4.76882 -14.3006 6.32692 0.852353 -38.7721 -0.655187 1.2403 4.63078 0.0307181 2.32622 -40.4017 -6.04875 3.90784 1.50007 -15.7252 -0.779096 -9.8844 12.4959 -4.92272e-16 -5.65587e-16 -1.27503e-14 
9.68706 93.5443 136.596 -0.749454 8.5807 3.68247 0 5.07867 -1.15138 0.199123 -1.20379 -0.727609 0 5.61661 1.07143 0.422142 -0.518353 -0.321515 -1.02604e-17 5.98978 0.11501 0.396457 0.645283 -0.178867 -1.10457e-17 6.50583 -0.443523 0.323038 2.27855 -0.0824475 -1.97295e-17 7.60548 -1.50593 0.218907 3.65446 -0.19352 -2.53307e-17 9.49737 -0.914492 0.00137864 4.24653 -0.527019 -2.90401e-17 10.5513 1.57691 0.0896873 0.706984 0.0386398 -1.29193e-17 4.78644 0.715339 0.500828 3.45838 2.46535 -1.8116e-17 4.82109 0.421791 -0.360577 -4.03693 1.18475 -2.00958e-17 4.83041 0.765062 -4.0376 -6.96983 1.6846 1.23299 -7.60731 7.53374 1.99205 0.960538 4.98312 12.9547 3.2495 -3.26872 -88.8271 25.8803 11.1498 29.2081 0.0598081 0.137039 5.6943 -1.41789 -28.5367 24.234 0.0496219 0.113701 2.60595 -15.5196 -4.97696 -1.23299 -7.60729 7.53365 -10.5492 3.59773 -5.50104 -12.9547 3.2495 -3.26872 107.207 40.0296 -45.253 -29.2081 0.0598081 0.137039 -10.988 -7.1121 66.3262 -24.234 0.0496218 0.113702 -4.80552 -47.6355 -6.80104 9.23673 -4.20556 2.0327 -0.546846 -11.717 -18.1238 -0.852353 -38.7721 -0.655187 -0.17343 0.647377 -0.0103201 -2.32622 -40.4017 -6.04875 0.542561 1.32623 14.9231 0.779096 -9.8844 12.4959 3.18335e-16 -7.85967e-16 3.25256e-18 -9.23673 -4.20556 2.0327 -4.76056 -14.4815 6.57371 0.852353 -38.7721 -0.655187 1.267 4.73031 0.030276 2.32622 -40.4017 -6.04875 3.71795 0.856561 -15.6891 -0.779096 -9.8844 12.4959 -5.96354e-16 -5.59082e-16 -1.27471e-14 
9.6285 93.3887 136.525 -0.637397 8.71356 3.41592 0 5.07867 -1.15138 0.155523 -1.11442 -0.675368 0 5.61661 1.07143 0.370634 -0.46148 -0.274607 -1.02604e-17 5.98978 0.11501 0.347515 0.655372 -0.133188 -1.10457e-17 6.50583 -0.443523 0.278823 2.21119 -0.0376713 -1.97295e-17 7.60548 -1.50593 0.189074 3.55045 -0.142409 -2.53307e-17 9.49737 -0.914492 -0.00587039 4.11393 -0.470934 -2.90401e-17 10.5513 1.57691 0.0872273 0.706828 0.040131 -1.29193e-17 4.78644 0.715339 0.470809 3.25618 2.4385 -1.8116e-17 4.82109 0.421791 -0.321547 -4.05144 1.16864 -2.00958e-17 4.83041 0.765062 -3.93798 -6.86066 1.61815 1.23299 -7.60731 7.53374 2.30241 1.07534 4.95221 12.9547 3.2495 -3.26872 -89.0706 25.786 11.1931 29.2081 0.0598081 0.137039 5.68484 -1.41282 -28.4852 24.234 0.0496219 0.113701 2.61185 -15.465 -4.95674 -1.23299 -7.60729 7.53365 -10.3987 3.68674 -5.43017 -12.9547 3.2495 -3.26872 106.816 39.7018 -44.2376 -29.2081 0.0598081 0.137039 -10.8383 -6.79067 64.6371 -24.234 0.0496218 0.113702 -4.68998 -47.3412 -6.63351 9.23673 -4.20556 2.0327 -0.588135 -11.8873 -17.8491 -0.852353 -38.7721 -0.655187 -0.205874 0.768526 -0.0120338 -2.32622 -40.4017 -6.04875 0.751633 0.729375 14.9385 0.779096 -9.8844 12.4959 -1.64557e-16 -8.01058e-16 1.8343e-17 -9.23673 -4.20556 2.0327 -4.79305 -14.7169 6.7837 0.852353 -38.7721 -0.655187 1.31095 4.89404 0.0294473 2.32622 -40.4017 -6.04875 3.51749 0.143834 -15.6538 -0.779096 -9.8844 12.4959 -3.02867e-16 -5.77425e-16 -1.27562e-14 
9.58472 93.2271 136.437 -0.597238 8.89347 3.18002 0 5.07867 -1.15138 0.126233 -1.00712 -0.630406 0 5.61661 1.07143 0.333574 -0.393103 -0.2353 -1.02604e-17 5.98978 0.11501 0.311306 0.665275 -0.0954579 -1.10457e-17 6.50583 -0.443523 0.246078 2.12421 -0.00112391 -1.97295e-17 7.60548 -1.50593 0.166764 3.41914 -0.100924 -2.53307e-17 9.49737 -0.914492 -0.010821 3.94581 -0.425914 -2.90401e-17 10.5513 1.57691 0.0842346 0.708569 0.0427835 -1.29193e-17 4.78644 0.715339 0.442599 3.00553 2.44105 -1.8116e-17 4.82109 0.421791 -0.2788 -4.06088 1.16698 -2.00958e-17 4.83041 0.765062 -3.89408 -6.71776 1.55022 1.23299 -7.60731 7.53374 2.63482 1.22105 4.91014 12.9547 3.2495 -3.26872 -89.3677 25.7522 11.2843 29.2081 0.0598081 0.137039 5.70094 -1.42146 -28.5729 24.234 0.0496219 0.113701 2.64676 -15.5237 -4.94754 -1.23299 -7.60729 7.53365 -10.1878 3.78807 -5.32777 -12.9547 3.2495 -3.26872 106.373 39.3015 -43.0726 -29.2081 0.0598081 0.137039 -10.6484 -6.41509 62.6328 -24.234 0.0496218 0.113702 -4.54331 -47.1321 -6.53555 9.23673 -4.20556 2.0327 -0.572967 -12.1438 -17.5976 -0.852353 -38.7721 -0.655187 -0.249647 0.931996 -0.0142374 -2.32622 -40.4017 -6.04875 0.980283 0.0662817 14.9582 0.779096 -9.8844 12.4959 -7.92339e-17 -7.98391e-16 1.56766e-17 -9.23673 -4.20556 2.0327 -4.77127 -15.0365 6.94773 0.852353 -38.7721 -0.655187 1.36502 5.09545 0.0282547 2.32622 -40.4017 -6.04875 3.3132 -0.537066 -15.6207 -0.779096 -9.8844 12.4959 -1.98785e-16 -5.8393e-16 -1.27595e-14 
9.55142 93.1073 136.341 -0.635446 8.97172 2.95574 0 5.07867 -1.15138 0.110706 -0.873692 -0.584684 0 5.61661 1.07143 0.308877 -0.300025 -0.196246 -1.02604e-17 5.98978 0.11501 0.285053 0.695992 -0.0583728 -1.10457e-17 6.50583 -0.443523 0.220457 2.04727 0.0343823 -1.97295e-17 7.60548 -1.50593 0.148624 3.28717 -0.0613682 -2.53307e-17 9.49737 -0.914492 -0.0144022 3.77414 -0.38266 -2.90401e-17 10.5513 1.57691 0.0801504 0.711521 0.0453179 -1.29193e-17 4.78644 0.715339 0.414288 2.76442 2.45937 -1.8116e-17 4.82109 0.421791 -0.249964 -4.07542 1.17318 -2.00958e-17 4.83041 0.765062 -3.86191 -6.56381 1.48661 1.23299 -7.60731 7.53374 2.92643 1.37143 4.82984 12.9547 3.2495 -3.26872 -89.6368 25.6796 11.3328 29.2081 0.0598081 0.137039 5.71464 -1.42884 -28.6475 24.234 0.0496219 0.113701 2.7134 -15.5651 -4.98483 -1.23299 -7.60729 7.53365 -9.90078 3.877 -5.20641 -12.9547 3.2495 -3.26872 105.911 38.8979 -41.7299 -29.2081 0.0598081 0.137039 -10.3988 -5.96533 60.1832 -24.234 0.0496218 0.113702 -4.29209 -47.1089 -6.32582 9.23673 -4.20556 2.0327 -0.474359 -12.3258 -17.377 -0.852353 -38.7721 -0.655187 -0.295076 1.10167 -0.0163927 -2.32622 -40.4017 -6.04875 1.1576 -0.47416 14.9785 0.779096 -9.8844 12.4959 2.48481e-17 -7.95139e-16 1.2424e-17 -9.23673 -4.20556 2.0327 -4.66545 -15.2771 7.13682 0.852353 -38.7721 -0.655187 1.41369 5.27667 0.0270181 2.32622 -40.4017 -6.04875 3.1399 -0.954187 -15.5903 -0.779096 -9.8844 12.4959 -7.85759e-16 -5.56416e-16 -1.2732e-14 
9.54004 93.0386 136.247 -0.685968 8.88207 2.7838 0 5.07867 -1.15138 0.101458 -0.73135 -0.541912 0 5.61661 1.07143 0.290402 -0.191928 -0.161338 -1.02604e-17 5.98978 0.11501 0.263902 0.7489 -0.0259811 -1.10457e-17 6.50583 -0.443523 0.198876 2.00303 0.0648012 -1.97295e-17 7.60548 -1.50593 0.132565 3.18421 -0.0277994 -2.53307e-17 9.49737 -0.914492 -0.018188 3.6311 -0.344146 -2.90401e-17 10.5513 1.57691 0.074982 0.714073 0.0462505 -1.29193e-17 4.78644 0.715339 0.390689 2.63739 2.47806 -1.8116e-17 4.82109 0.421791 -0.249922 -4.08256 1.17993 -2.00958e-17 4.83041 0.765062 -3.85485 -6.46179 1.43571 1.23299 -7.60731 7.53374 3.19474 1.48728 4.74086 12.9547 3.2495 -3.26872 -89.878 25.5832 11.3156 29.2081 0.0598081 0.137039 5.71436 -1.42869 -28.646 24.234 0.0496219 0.113701 2.7446 -15.519 -5.07978 -1.23299 -7.60729 7.53365 -9.66737 3.92955 -5.09687 -12.9547 3.2495 -3.26872 105.543 38.5347 -40.2864 -29.2081 0.0598081 0.137039 -10.0831 -5.45353 57.3192 -24.234 0.0496218 0.113702 -3.77558 -47.312 -5.78929 9.23673 -4.20556 2.0327 -0.377788 -12.3437 -17.1942 -0.852353 -38.7721 -0.655187 -0.332348 1.24089 -0.0180607 -2.32622 -40.4017 -6.04875 1.2559 -0.794982 14.9933 0.779096 -9.8844 12.4959 2.48481e-17 -7.95139e-16 1.2424e-17 -9.23673 -4.20556 2.0327 -4.5571 -15.3289 7.31982 0.852353 -38.7721 -0.655187 1.44765 5.40306 0.026064 2.32622 -40.4017 -6.04875 3.00703 -1.11735 -15.5651 -0.779096 -9.8844 12.4959 -7.00436e-16 -5.55829e-16 -1.27406e-14 
9.54993 93.0154 136.181 -0.755067 8.70455 2.66157 0 5.07867 -1.15138 0.10864 -0.593642 -0.507611 0 5.61661 1.07143 0.2887 -0.0844685 -0.133984 -1.02604e-17 5.98978 0.11501 0.25729 0.806403 -0.00119114 -1.10457e-17 6.50583 -0.443523 0.189693 1.9731 0.0875751 -1.97295e-17 7.60548 -1.50593 0.124815 3.09691 -0.00432617 -2.53307e-17 9.49737 -0.914492 -0.018592 3.50387 -0.315696 -2.90401e-17 10.5513 1.57691 0.069241 0.716954 0.0465738 -1.29193e-17 4.78644 0.715339 0.38185 2.59948 2.53168 -1.8116e-17 4.82109 0.421791 -0.268827 -4.06132 1.20373 -2.00958e-17 4.83041 0.765062 -3.91887 -6.37011 1.38699 1.23299 -7.60731 7.53374 3.42752 1.57652 4.65111 12.9547 3.2495 -3.26872 -90.1361 25.5065 11.3302 29.2081 0.0598081 0.137039 5.72457 -1.43421 -28.7017 24.234 0.0496219 0.113701 2.75742 -15.4338 -5.14084 -1.23299 -7.60729 7.53365 -9.53893 3.96398 -4.99993 -12.9547 3.2495 -3.26872 105.358 38.2892 -38.986 -29.2081 0.0598081 0.137039 -9.74034 -4.95533 54.4387 -24.234 0.0496218 0.113702 -3.03837 -47.9269 -4.95815 9.23673 -4.20556 2.0327 -0.282198 -12.2407 -17.043 -0.852353 -38.7721 -0.655187 -0.35353 1.32001 -0.0189683 -2.32622 -40.4017 -6.04875 1.3183 -0.920477 14.998 0.779096 -9.8844 12.4959 2.48481e-17 -7.95139e-16 1.2424e-17 -9.23673 -4.20556 2.0327 -4.44163 -15.2316 7.48196 0.852353 -38.7721 -0.655187 1.45745 5.43954 0.0257746 2.32622 -40.4017 -6.04875 2.93892 -1.07577 -15.5502 -0.779096 -9.8844 12.4959 -5.96354e-16 -5.59082e-16 -1.27471e-14 
9.57209 93.0185 136.169 -0.811833 8.53128 2.59568 0 5.07867 -1.15138 0.111287 -0.482952 -0.486318 0 5.61661 1.07143 0.286538 0.000129094 -0.119595 -1.02604e-17 5.98978 0.11501 0.25263 0.847825 0.0110997 -1.10457e-17 6.50583 -0.443523 0.184506 1.9393 0.0980992 -1.97295e-17 7.60548 -1.50593 0.120662 3.01577 0.00599045 -2.53307e-17 9.49737 -0.914492 -0.0173781 3.38861 -0.301119 -2.90401e-17 10.5513 1.57691 0.064051 0.721234 0.0472466 -1.29193e-17 4.78644 0.715339 0.385869 2.57885 2.62248 -1.8116e-17 4.82109 0.421791 -0.29875 -4.00375 1.24599 -2.00958e-17 4.83041 0.765062 -3.96634 -6.25105 1.36051 1.23299 -7.60731 7.53374 3.58293 1.64756 4.56823 12.9547 3.2495 -3.26872 -90.3452 25.4373 11.42 29.2081 0.0598081 0.137039 5.75422 -1.45029 -28.8635 24.234 0.0496219 0.113701 2.76505 -15.3539 -5.13525 -1.23299 -7.60729 7.53365 -9.49021 3.99964 -4.91398 -12.9547 3.2495 -3.26872 105.434 38.2263 -38.1301 -29.2081 0.0598081 0.137039 -9.44599 -4.56632 52.1142 -24.234 0.0496218 0.113702 -2.28342 -49.0619 -4.04714 9.23673 -4.20556 2.0327 -0.21784 -12.0703 -16.9173 -0.852353 -38.7721 -0.655187 -0.351576 1.31271 -0.0188858 -2.32622 -40.4017 -6.04875 1.34936 -0.920041 14.9949 0.779096 -9.8844 12.4959 2.48481e-17 -7.95139e-16 1.2424e-17 -9.23673 -4.20556 2.0327 -4.35621 -15.0463 7.61532 0.852353 -38.7721 -0.655187 1.44355 5.38782 0.026183 2.32622 -40.4017 -6.04875 2.92138 -0.964071 -15.5436 -0.779096 -9.8844 12.4959 -5.96354e-16 -5.59082e-16 -1.27471e-14 
9.60468 93.0299 136.215 -0.836931 8.44087 2.65228 0 5.07867 -1.15138 0.0911354 -0.431555 -0.488602 0 5.61661 1.07143 0.269567 0.0370274 -0.129413 -1.02604e-17 5.98978 0.11501 0.239829 0.858119 -0.000232137 -1.10457e-17 6.50583 -0.443523 0.177283 1.90302 0.085632 -1.97295e-17 7.60548 -1.50593 0.116099 2.95513 -0.00605827 -2.53307e-17 9.49737 -0.914492 -0.0189071 3.30852 -0.310822 -2.90401e-17 10.5513 1.57691 0.0599535 0.726421 0.0484706 -1.29193e-17 4.78644 0.715339 0.397602 2.52218 2.72685 -1.8116e-17 4.82109 0.421791 -0.31982 -3.93467 1.29663 -2.00958e-17 4.83041 0.765062 -3.92308 -6.13482 1.37819 1.23299 -7.60731 7.53374 3.60579 1.69183 4.51192 12.9547 3.2495 -3.26872 -90.4203 25.3449 11.5515 29.2081 0.0598081 0.137039 5.80048 -1.4756 -29.1164 24.234 0.0496219 0.113701 2.77956 -15.281 -5.0583 -1.23299 -7.60729 7.53365 -9.46627 4.03562 -4.84202 -12.9547 3.2495 -3.26872 105.714 38.2715 -37.8565 -29.2081 0.0598081 0.137039 -9.26057 -4.3371 50.709 -24.234 0.0496218 0.113702 -1.61821 -50.3654 -3.15911 9.23673 -4.20556 2.0327 -0.222482 -11.9175 -16.8712 -0.852353 -38.7721 -0.655187 -0.329 1.22838 -0.0179145 -2.32622 -40.4017 -6.04875 1.33238 -0.861386 14.992 0.779096 -9.8844 12.4959 2.48481e-17 -7.95139e-16 1.2424e-17 -9.23673 -4.20556 2.0327 -4.34586 -14.836 7.63666 0.852353 -38.7721 -0.655187 1.40998 5.26288 0.0271177 2.32622 -40.4017 -6.04875 2.92915 -0.899401 -15.5438 -0.779096 -9.8844 12.4959 -5.96354e-16 -5.59082e-16 -1.27471e-14 
9.64856 93.0471 136.297 -0.840845 8.44383 2.81966 0 5.07867 -1.15138 0.0630892 -0.450885 -0.510866 0 5.61661 1.07143 0.249974 0.0197652 -0.156689 -1.02604e-17 5.98978 0.11501 0.228005 0.839067 -0.0277407 -1.10457e-17 6.50583 -0.443523 0.173378 1.87967 0.0584209 -1.97295e-17 7.60548 -1.50593 0.114541 2.9363 -0.0329655 -2.53307e-17 9.49737 -0.914492 -0.021208 3.29084 -0.338081 -2.90401e-17 10.5513 1.57691 0.0573825 0.730891 0.0505662 -1.29193e-17 4.78644 0.715339 0.418884 2.4185 2.83948 -1.8116e-17 4.82109 0.421791 -0.316331 -3.89367 1.35331 -2.00958e-17 4.83041 0.765062 -3.8273 -6.07256 1.39702 1.23299 -7.60731 7.53374 3.47461 1.69578 4.47942 12.9547 3.2495 -3.26872 -90.3359 25.2715 11.6503 29.2081 0.0598081 0.137039 5.85064 -1.50334 -29.3914 24.234 0.0496219 0.113701 2.78284 -15.3005 -4.96612 -1.23299 -7.60729 7.53365 -9.45294 4.06787 -4.78938 -12.9547 3.2495 -3.26872 106.131 38.4363 -38.1667 -29.2081 0.0598081 0.137039 -9.19724 -4.26136 50.2383 -24.234 0.0496218 0.113702 -1.04782 -51.3498 -2.26568 9.23673 -4.20556 2.0327 -0.284208 -11.8251 -16.938 -0.852353 -38.7721 -0.655187 -0.29511 1.1018 -0.0163942 -2.32622 -40.4017 -6.04875 1.29154 -0.759839 14.9881 0.779096 -9.8844 12.4959 2.48481e-17 -7.95139e-16 1.2424e-17 -9.23673 -4.20556 2.0327 -4.39817 -14.6516 7.53502 0.852353 -38.7721 -0.655187 1.36714 5.10335 0.028204 2.32622 -40.4017 -6.04875 2.94364 -0.873965 -15.5499 -0.779096 -9.8844 12.4959 -3.02871e-16 -5.77425e-16 -1.27562e-14 
9.70835 93.0868 136.385 -0.813211 8.45051 3.03361 0 5.07867 -1.15138 0.0440129 -0.520772 -0.541566 0 5.61661 1.07143 0.239175 -0.0320109 -0.187061 -1.02604e-17 5.98978 0.11501 0.224139 0.812735 -0.0566082 -1.10457e-17 6.50583 -0.443523 0.17471 1.89502 0.031558 -1.97295e-17 7.60548 -1.50593 0.116207 2.98066 -0.0601305 -2.53307e-17 9.49737 -0.914492 -0.0236603 3.3585 -0.367613 -2.90401e-17 10.5513 1.57691 0.0563746 0.732846 0.0532747 -1.29193e-17 4.78644 0.715339 0.439612 2.32489 2.92044 -1.8116e-17 4.82109 0.421791 -0.303634 -3.91191 1.39593 -2.00958e-17 4.83041 0.765062 -3.73532 -6.11089 1.41372 1.23299 -7.60731 7.53374 3.19311 1.6485 4.44614 12.9547 3.2495 -3.26872 -90.0925 25.2724 11.6305 29.2081 0.0598081 0.137039 5.89179 -1.52634 -29.6175 24.234 0.0496219 0.113701 2.75894 -15.4753 -4.91009 -1.23299 -7.60729 7.53365 -9.43904 4.07553 -4.76067 -12.9547 3.2495 -3.26872 106.625 38.7876 -38.966 -29.2081 0.0598081 0.137039 -9.2508 -4.32533 50.6361 -24.234 0.0496218 0.113702 -0.624445 -51.9797 -1.49216 9.23673 -4.20556 2.0327 -0.39506 -11.7357 -17.1006 -0.852353 -38.7721 -0.655187 -0.256023 0.955812 -0.014548 -2.32622 -40.4017 -6.04875 1.20705 -0.540539 14.9789 0.779096 -9.8844 12.4959 3.18331e-16 -7.85967e-16 3.25271e-18 -9.23673 -4.20556 2.0327 -4.51046 -14.4725 7.37504 0.852353 -38.7721 -0.655187 1.32916 4.96191 0.0290668 2.32622 -40.4017 -6.04875 3.00173 -0.793038 -15.5643 -0.779096 -9.8844 12.4959 -4.92267e-16 -5.65587e-16 -1.27503e-14 
9.79024 93.1618 136.467 -0.734197 8.36479 3.29836 0 5.07867 -1.15138 0.0224464 -0.618775 -0.57693 0 5.61661 1.07143 0.225866 -0.0978185 -0.219222 -1.02604e-17 5.98978 0.11501 0.218565 0.796862 -0.0865697 -1.10457e-17 6.50583 -0.443523 0.173686 1.96169 0.00438655 -1.97295e-17 7.60548 -1.50593 0.115539 3.0932 -0.0867752 -2.53307e-17 9.49737 -0.914492 -0.029593 3.51249 -0.397943 -2.90401e-17 10.5513 1.57691 0.0569232 0.731621 0.0553335 -1.29193e-17 4.78644 0.715339 0.44327 2.31729 2.93106 -1.8116e-17 4.82109 0.421791 -0.302066 -3.99262 1.40435 -2.00958e-17 4.83041 0.765062 -3.62607 -6.24745 1.43635 1.23299 -7.60731 7.53374 2.80285 1.54782 4.42003 12.9547 3.2495 -3.26872 -89.7218 25.3492 11.4638 29.2081 0.0598081 0.137039 5.91871 -1.5415 -29.7657 24.234 0.0496219 0.113701 2.73297 -15.7281 -4.87263 -1.23299 -7.60729 7.53365 -9.39018 4.02806 -4.75927 -12.9547 3.2495 -3.26872 107.019 39.186 -40.0197 -29.2081 0.0598081 0.137039 -9.41403 -4.52599 51.869 -24.234 0.0496218 0.113702 -0.514858 -52.3692 -1.16782 9.23673 -4.20556 2.0327 -0.576572 -11.588 -17.3604 -0.852353 -38.7721 -0.655187 -0.222366 0.830116 -0.0128787 -2.32622 -40.4017 -6.04875 1.05773 -0.139199 14.9632 0.779096 -9.8844 12.4959 1.28935e-16 -7.91886e-16 9.17133e-18 -9.23673 -4.20556 2.0327 -4.7031 -14.2213 7.13643 0.852353 -38.7721 -0.655187 1.30003 4.85338 0.0296649 2.32622 -40.4017 -6.04875 3.10594 -0.594744 -15.5857 -0.779096 -9.8844 12.4959 -3.02871e-16 -5.77425e-16 -1.27562e-14 
9.88158 93.2615 136.553 -0.634365 8.20668 3.61628 0 5.07867 -1.15138 -0.00831378 -0.741802 -0.612686 0 5.61661 1.07143 0.20405 -0.176425 -0.251299 -1.02604e-17 5.98978 0.11501 0.206405 0.788045 -0.116889 -1.10457e-17 6.50583 -0.443523 0.167498 2.06921 -0.0232805 -1.97295e-17 7.60548 -1.50593 0.111486 3.2594 -0.112514 -2.53307e-17 9.49737 -0.914492 -0.0380606 3.73179 -0.428677 -2.90401e-17 10.5513 1.57691 0.0590993 0.726931 0.0558273 -1.29193e-17 4.78644 0.715339 0.427967 2.42713 2.87218 -1.8116e-17 4.82109 0.421791 -0.300917 -4.11154 1.3786 -2.00958e-17 4.83041 0.765062 -3.52102 -6.46304 1.45622 1.23299 -7.60731 7.53374 2.39331 1.40082 4.43385 12.9547 3.2495 -3.26872 -89.2861 25.4909 11.1959 29.2081 0.0598081 0.137039 5.93047 -1.54815 -29.8305 24.234 0.0496219 0.113701 2.70051 -15.9523 -4.88343 -1.23299 -7.60729 7.53365 -9.30237 3.92217 -4.79282 -12.9547 3.2495 -3.26872 107.145 39.4484 -41.0526 -29.2081 0.0598081 0.137039 -9.64773 -4.8294 53.694 -24.234 0.0496218 0.113702 -0.770693 -52.3801 -1.39583 9.23673 -4.20556 2.0327 -0.793956 -11.4051 -17.6936 -0.852353 -38.7721 -0.655187 -0.201716 0.752999 -0.011818 -2.32622 -40.4017 -6.04875 0.894545 0.378072 14.9428 0.779096 -9.8844 12.4959 2.48481e-17 -7.95139e-16 1.2424e-17 -9.23673 -4.20556 2.0327 -4.92944 -13.8969 6.828 0.852353 -38.7721 -0.655187 1.27382 4.75571 0.0301558 2.32622 -40.4017 -6.04875 3.21956 -0.300883 -15.6105 -0.779096 -9.8844 12.4959 -1.98785e-16 -5.8393e-16 -1.27595e-14 
9.96031 93.3645 136.649 -0.533313 8.06334 3.90913 0 5.07867 -1.15138 -0.0362987 -0.873935 -0.640565 0 5.61661 1.07143 0.182576 -0.261168 -0.274515 -1.02604e-17 5.98978 0.11501 0.193232 0.779138 -0.13865 -1.10457e-17 6.50583 -0.443523 0.15902 2.18888 -0.0427642 -1.97295e-17 7.60548 -1.50593 0.105594 3.44132 -0.12947 -2.53307e-17 9.49737 -0.914492 -0.0467606 3.96888 -0.450471 -2.90401e-17 10.5513 1.57691 0.0624352 0.719937 0.0555944 -1.29193e-17 4.78644 0.715339 0.400629 2.60284 2.77684 -1.8116e-17 4.82109 0.421791 -0.300839 -4.22941 1.33409 -2.00958e-17 4.83041 0.765062 -3.48485 -6.71498 1.46705 1.23299 -7.60731 7.53374 2.02456 1.23963 4.47363 12.9547 3.2495 -3.26872 -88.8472 25.6736 10.9004 29.2081 0.0598081 0.137039 5.93409 -1.55021 -29.8505 24.234 0.0496219 0.113701 2.6482 -16.1077 -4.96471 -1.23299 -7.60729 7.53365 -9.1974 3.79355 -4.84741 -12.9547 3.2495 -3.26872 107.031 39.6021 -41.9606 -29.2081 0.0598081 0.137039 -9.89667 -5.17599 55.7268 -24.234 0.0496218 0.113702 -1.24948 -52.0879 -1.95415 9.23673 -4.20556 2.0327 -0.998424 -11.2478 -18.0243 -0.852353 -38.7721 -0.655187 -0.191475 0.714757 -0.0112816 -2.32622 -40.4017 -6.04875 0.746975 0.893446 14.9223 0.779096 -9.8844 12.4959 3.18331e-16 -7.85967e-16 3.25271e-18 -9.23673 -4.20556 2.0327 -5.14276 -13.5912 6.54128 0.852353 -38.7721 -0.655187 1.25022 4.66775 0.0305594 2.32622 -40.4017 -6.04875 3.34939 -0.00289265 -15.6379 -0.779096 -9.8844 12.4959 -4.92267e-16 -5.65587e-16 -1.27503e-14 
10.0251 93.4623 136.751 -0.390006 7.98128 4.15232 0 5.07867 -1.15138 -0.0652683 -1.00105 -0.65924 0 5.61661 1.07143 0.157985 -0.346866 -0.288588 -1.02604e-17 5.98978 0.11501 0.175811 0.762084 -0.15065 -1.10457e-17 6.50583 -0.443523 0.145217 2.29115 -0.0528356 -1.97295e-17 7.60548 -1.50593 0.0952039 3.60162 -0.136426 -2.53307e-17 9.49737 -0.914492 -0.0565435 4.17895 -0.459928 -2.90401e-17 10.5513 1.57691 0.0662354 0.713632 0.0562755 -1.29193e-17 4.78644 0.715339 0.367553 2.77345 2.66697 -1.8116e-17 4.82109 0.421791 -0.330839 -4.30337 1.28065 -2.00958e-17 4.83041 0.765062 -3.4884 -6.93137 1.4513 1.23299 -7.60731 7.53374 1.69767 1.09968 4.49551 12.9547 3.2495 -3.26872 -88.4278 25.9175 10.6495 29.2081 0.0598081 0.137039 5.93973 -1.55341 -29.8816 24.234 0.0496219 0.113701 2.58922 -16.2173 -5.06199 -1.23299 -7.60729 7.53365 -9.11885 3.68113 -4.8906 -12.9547 3.2495 -3.26872 106.907 39.8483 -42.8979 -29.2081 0.0598081 0.137039 -10.1271 -5.52158 57.7052 -24.234 0.0496218 0.113702 -1.72583 -52.1536 -2.46012 9.23673 -4.20556 2.0327 -1.23055 -11.1548 -18.3248 -0.852353 -38.7721 -0.655187 -0.188153 0.702353 -0.0111062 -2.32622 -40.4017 -6.04875 0.603746 1.40057 14.9024 0.779096 -9.8844 12.4959 1.28935e-16 -7.91886e-16 9.17133e-18 -9.23673 -4.20556 2.0327 -5.38752 -13.3522 6.29882 0.852353 -38.7721 -0.655187 1.23007 4.59264 0.0308752 2.32622 -40.4017 -6.04875 3.49863 0.230959 -15.6681 -0.779096 -9.8844 12.4959 -5.96354e-16 -5.59082e-16 -1.27471e-14 
10.0778 93.5451 136.801 -0.297836 7.89583 4.34723 0 5.07867 -1.15138 -0.0734183 -1.11311 -0.674847 0 5.61661 1.07143 0.151675 -0.421723 -0.298309 -1.02604e-17 5.98978 0.11501 0.172306 0.749599 -0.157774 -1.10457e-17 6.50583 -0.443523 0.140827 2.38713 -0.0582835 -1.97295e-17 7.60548 -1.50593 0.0902539 3.74856 -0.140599 -2.53307e-17 9.49737 -0.914492 -0.0636429 4.3691 -0.464897 -2.90401e-17 10.5513 1.57691 0.0704024 0.707206 0.0573613 -1.29193e-17 4.78644 0.715339 0.339864 2.9441 2.57502 -1.8116e-17 4.82109 0.421791 -0.380327 -4.36923 1.2349 -2.00958e-17 4.83041 0.765062 -3.50488 -7.08878 1.42434 1.23299 -7.60731 7.53374 1.41617 0.974671 4.50388 12.9547 3.2495 -3.26872 -88.0814 26.1993 10.4565 29.2081 0.0598081 0.137039 5.955 -1.56209 -29.9658 24.234 0.0496219 0.113701 2.58209 -16.2748 -5.07681 -1.23299 -7.60729 7.53365 -9.1086 3.57616 -4.93372 -12.9547 3.2495 -3.26872 106.793 40.1925 -43.8656 -29.2081 0.0598081 0.137039 -10.3427 -5.87016 59.6572 -24.234 0.0496218 0.113702 -2.10569 -52.7194 -2.84647 9.23673 -4.20556 2.0327 -1.3954 -11.1219 -18.6207 -0.852353 -38.7721 -0.655187 -0.203468 0.759541 -0.011909 -2.32622 -40.4017 -6.04875 0.511561 1.81249 14.8843 0.779096 -9.8844 12.4959 -2.68635e-16 -8.0431e-16 2.15954e-17 -9.23673 -4.20556 2.0327 -5.56168 -13.182 6.11071 0.852353 -38.7721 -0.655187 1.22114 4.55937 0.0310066 2.32622 -40.4017 -6.04875 3.62332 0.465953 -15.6941 -0.779096 -9.8844 12.4959 -5.96354e-16 -5.59082e-16 -1.27471e-14 
10.1164 93.6032 136.799 -0.233319 7.66695 4.43039 0 5.07867 -1.15138 -0.0759397 -1.18162 -0.679934 0 5.61661 1.07143 0.150847 -0.461156 -0.297854 -1.02604e-17 5.98978 0.11501 0.172956 0.761122 -0.155225 -1.10457e-17 6.50583 -0.443523 0.139515 2.48467 -0.0547495 -1.97295e-17 7.60548 -1.50593 0.0892996 3.88293 -0.137229 -2.53307e-17 9.49737 -0.914492 -0.0640519 4.53589 -0.461164 -2.90401e-17 10.5513 1.57691 0.0765891 0.701125 0.0570304 -1.29193e-17 4.78644 0.715339 0.33062 3.16568 2.51318 -1.8116e-17 4.82109 0.421791 -0.419814 -4.42088 1.20348 -2.00958e-17 4.83041 0.765062 -3.51102 -7.21785 1.40697 1.23299 -7.60731 7.53374 1.25233 0.855099 4.54609 12.9547 3.2495 -3.26872 -87.871 26.4918 10.3598 29.2081 0.0598081 0.137039 5.9607 -1.56534 -29.9972 24.234 0.0496219 0.113701 2.57647 -16.2774 -5.06076 -1.23299 -7.60729 7.53365 -9.2932 3.48355 -5.02616 -12.9547 3.2495 -3.26872 106.693 40.5011 -44.8378 -29.2081 0.0598081 0.137039 -10.5579 -6.24675 61.7226 -24.234 0.0496218 0.113702 -2.43999 -53.2548 -3.33573 9.23673 -4.20556 2.0327 -1.48867 -10.9919 -18.8558 -0.852353 -38.7721 -0.655187 -0.234173 0.87421 -0.0134727 -2.32622 -40.4017 -6.04875 0.478198 2.10488 14.8653 0.779096 -9.8844 12.4959 -7.92386e-17 -7.98391e-16 1.56768e-17 -9.23673 -4.20556 2.0327 -5.65949 -12.953 6.05821 0.852353 -38.7721 -0.655187 1.22595 4.57731 0.0309364 2.32622 -40.4017 -6.04875 3.70403 0.679372 -15.7111 -0.779096 -9.8844 12.4959 -8.89837e-16 -5.49911e-16 -1.27287e-14 
10.1395 93.6153 136.802 -0.245978 7.41658 4.39441 0 5.07867 -1.15138 -0.058277 -1.21335 -0.677961 0 5.61661 1.07143 0.168489 -0.477487 -0.286871 -1.02604e-17 5.98978 0.11501 0.188127 0.776262 -0.142887 -1.10457e-17 6.50583 -0.443523 0.150313 2.55487 -0.0418045 -1.97295e-17 7.60548 -1.50593 0.0992772 3.97745 -0.12746 -2.53307e-17 9.49737 -0.914492 -0.0534668 4.64688 -0.450978 -2.90401e-17 10.5513 1.57691 0.0855378 0.695867 0.0564268 -1.29193e-17 4.78644 0.715339 0.346692 3.40697 2.46766 -1.8116e-17 4.82109 0.421791 -0.422257 -4.44127 1.1818 -2.00958e-17 4.83041 0.765062 -3.53066 -7.35249 1.44776 1.23299 -7.60731 7.53374 1.30032 0.755527 4.66725 12.9547 3.2495 -3.26872 -87.9537 26.793 10.4767 29.2081 0.0598081 0.137039 5.96837 -1.56972 -30.0396 24.234 0.0496219 0.113701 2.57244 -16.2584 -5.05566 -1.23299 -7.60729 7.53365 -9.73466 3.43728 -5.18422 -12.9547 3.2495 -3.26872 106.657 40.6718 -45.8751 -29.2081 0.0598081 0.137039 -10.7723 -6.65641 63.9246 -24.234 0.0496218 0.113702 -2.70861 -53.371 -3.91961 9.23673 -4.20556 2.0327 -1.46353 -10.8018 -18.9428 -0.852353 -38.7721 -0.655187 -0.264252 0.986545 -0.014945 -2.32622 -40.4017 -6.04875 0.537267 2.13895 14.8514 0.779096 -9.8844 12.4959 -2.68635e-16 -8.0431e-16 2.15954e-17 -9.23673 -4.20556 2.0327 -5.62825 -12.7019 6.13628 0.852353 -38.7721 -0.655187 1.22472 4.57269 0.0309546 2.32622 -40.4017 -6.04875 3.76394 0.76212 -15.7266 -0.779096 -9.8844 12.4959 -4.06958e-16 -5.74172e-16 -1.27497e-14 
10.1492 93.5728 136.819 -0.294216 7.26805 4.34562 0 5.07867 -1.15138 -0.0457192 -1.21247 -0.672646 0 5.61661 1.07143 0.181879 -0.477788 -0.271464 -1.02604e-17 5.98978 0.11501 0.19988 0.783043 -0.126625 -1.10457e-17 6.50583 -0.443523 0.159915 2.57738 -0.0250471 -1.97295e-17 7.60548 -1.50593 0.110648 4.01114 -0.113941 -2.53307e-17 9.49737 -0.914492 -0.0378485 4.68381 -0.437174 -2.90401e-17 10.5513 1.57691 0.0962013 0.693232 0.0576424 -1.29193e-17 4.78644 0.715339 0.368968 3.54999 2.41485 -1.8116e-17 4.82109 0.421791 -0.398013 -4.44443 1.15903 -2.00958e-17 4.83041 0.765062 -3.48586 -7.43455 1.49804 1.23299 -7.60731 7.53374 1.5063 0.7058 4.82839 12.9547 3.2495 -3.26872 -88.294 27.0788 10.7974 29.2081 0.0598081 0.137039 5.99723 -1.58625 -30.1991 24.234 0.0496219 0.113701 2.64079 -16.1749 -4.99291 -1.23299 -7.60729 7.53365 -10.2589 3.45894 -5.34244 -12.9547 3.2495 -3.26872 106.832 40.7711 -47.0352 -29.2081 0.0598081 0.137039 -10.9757 -7.0848 66.1836 -24.234 0.0496218 0.113702 -3.26305 -53.1092 -4.77095 9.23673 -4.20556 2.0327 -1.39882 -10.6495 -18.9302 -0.852353 -38.7721 -0.655187 -0.280518 1.0473 -0.0157166 -2.32622 -40.4017 -6.04875 0.658771 1.92452 14.8485 0.779096 -9.8844 12.4959 -7.92386e-17 -7.98391e-16 1.56768e-17 -9.23673 -4.20556 2.0327 -5.55668 -12.5215 6.24168 0.852353 -38.7721 -0.655187 1.22155 4.56089 0.0310007 2.32622 -40.4017 -6.04875 3.78995 0.60685 -15.7362 -0.779096 -9.8844 12.4959 -1.07923e-15 -5.47245e-16 -1.27228e-14 
10.1366 93.4922 136.809 -0.37543 7.21167 4.3198 0 5.07867 -1.15138 -0.0476436 -1.18504 -0.663881 0 5.61661 1.07143 0.181625 -0.458033 -0.255401 -1.02604e-17 5.98978 0.11501 0.200925 0.796606 -0.110067 -1.10457e-17 6.50583 -0.443523 0.161952 2.5806 -0.00803401 -1.97295e-17 7.60548 -1.50593 0.117898 4.01198 -0.0982355 -2.53307e-17 9.49737 -0.914492 -0.0226038 4.68432 -0.421732 -2.90401e-17 10.5513 1.57691 0.105204 0.691402 0.0601023 -1.29193e-17 4.78644 0.715339 0.377931 3.58214 2.33369 -1.8116e-17 4.82109 0.421791 -0.332478 -4.48215 1.12578 -2.00958e-17 4.83041 0.765062 -3.35178 -7.50647 1.55623 1.23299 -7.60731 7.53374 1.75939 0.698152 4.97465 12.9547 3.2495 -3.26872 -88.6897 27.2185 11.1199 29.2081 0.0598081 0.137039 6.04009 -1.61101 -30.4364 24.234 0.0496219 0.113701 2.77136 -15.9633 -4.856 -1.23299 -7.60729 7.53365 -10.6113 3.5039 -5.45989 -12.9547 3.2495 -3.26872 107.072 40.8277 -47.9909 -29.2081 0.0598081 0.137039 -11.1288 -7.4393 68.0235 -24.234 0.0496218 0.113702 -4.04075 -52.545 -5.75336 9.23673 -4.20556 2.0327 -1.29814 -10.5975 -18.9049 -0.852353 -38.7721 -0.655187 -0.297203 1.10961 -0.0164903 -2.32622 -40.4017 -6.04875 0.780217 1.52713 14.8632 0.779096 -9.8844 12.4959 2.48481e-17 -7.95139e-16 1.2424e-17 -9.23673 -4.20556 2.0327 -5.4522 -12.4612 6.33052 0.852353 -38.7721 -0.655187 1.2302 4.59315 0.0308732 2.32622 -40.4017 -6.04875 3.73483 0.30966 -15.731 -0.779096 -9.8844 12.4959 -8.04534e-16 -5.52576e-16 -1.27373e-14 
10.0901 93.3922 136.748 -0.421741 7.19419 4.27811 0 5.07867 -1.15138 -0.0902615 -1.15893 -0.644945 0 5.61661 1.07143 0.142636 -0.433286 -0.236072 -1.02604e-17 5.98978 0.11501 0.169914 0.819902 -0.0913207 -1.10457e-17 6.50583 -0.443523 0.139466 2.59776 0.0107214 -1.97295e-17 7.60548 -1.50593 0.109274 4.02176 -0.075991 -2.53307e-17 9.49737 -0.914492 -0.0137575 4.69492 -0.398656 -2.90401e-17 10.5513 1.57691 0.111811 0.685958 0.0604128 -1.29193e-17 4.78644 0.715339 0.373395 3.56867 2.23617 -1.8116e-17 4.82109 0.421791 -0.213458 -4.55403 1.08626 -2.00958e-17 4.83041 0.765062 -3.14275 -7.64107 1.61372 1.23299 -7.60731 7.53374 2.04916 0.696096 5.09662 12.9547 3.2495 -3.26872 -88.9949 27.1769 11.2366 29.2081 0.0598081 0.137039 6.05737 -1.62105 -30.5323 24.234 0.0496219 0.113701 2.89655 -15.6381 -4.72456 -1.23299 -7.60729 7.53365 -10.7863 3.52897 -5.5442 -12.9547 3.2495 -3.26872 107.194 40.7425 -48.3276 -29.2081 0.0598081 0.137039 -11.203 -7.62318 68.9686 -24.234 0.0496218 0.113702 -4.72322 -51.3665 -6.74904 9.23673 -4.20556 2.0327 -1.21448 -10.6354 -18.8607 -0.852353 -38.7721 -0.655187 -0.325079 1.21373 -0.0177424 -2.32622 -40.4017 -6.04875 0.874082 1.07047 14.8879 0.779096 -9.8844 12.4959 2.48481e-17 -7.95139e-16 1.2424e-17 -9.23673 -4.20556 2.0327 -5.36874 -12.5133 6.42621 0.852353 -38.7721 -0.655187 1.26179 4.71087 0.0303661 2.32622 -40.4017 -6.04875 3.59322 -0.0700285 -15.7102 -0.779096 -9.8844 12.4959 -8.89832e-16 -5.49911e-16 -1.27287e-14 
10.0058 93.2724 136.679 -0.364849 7.28642 4.14378 0 5.07867 -1.15138 -0.170195 -1.16274 -0.605759 0 5.61661 1.07143 0.0651028 -0.432618 -0.201613 -1.02604e-17 5.98978 0.11501 0.104895 0.82641 -0.0577553 -1.10457e-17 6.50583 -0.443523 0.088619 2.61237 0.0442432 -1.97295e-17 7.60548 -1.50593 0.0813397 4.03452 -0.0343546 -2.53307e-17 9.49737 -0.914492 -0.0124911 4.70837 -0.353948 -2.90401e-17 10.5513 1.57691 0.115085 0.677174 0.0589068 -1.29193e-17 4.78644 0.715339 0.362389 3.51858 2.14687 -1.8116e-17 4.82109 0.421791 -0.0677001 -4.62489 1.04985 -2.00958e-17 4.83041 0.765062 -2.9642 -7.84191 1.62553 1.23299 -7.60731 7.53374 2.41473 0.69867 5.18457 12.9547 3.2495 -3.26872 -89.2242 27.0408 11.166 29.2081 0.0598081 0.137039 6.03807 -1.60984 -30.4252 24.234 0.0496219 0.113701 2.953 -15.3007 -4.67298 -1.23299 -7.60729 7.53365 -10.873 3.558 -5.59745 -12.9547 3.2495 -3.26872 107.38 40.6271 -48.0923 -29.2081 0.0598081 0.137039 -11.1697 -7.53956 68.5396 -24.234 0.0496218 0.113702 -4.99164 -50.3028 -7.15172 9.23673 -4.20556 2.0327 -1.20587 -10.7885 -18.7117 -0.852353 -38.7721 -0.655187 -0.358877 1.33998 -0.0191928 -2.32622 -40.4017 -6.04875 0.966626 0.585284 14.9144 0.779096 -9.8844 12.4959 3.18326e-16 -7.85967e-16 3.25286e-18 -9.23673 -4.20556 2.0327 -5.36269 -12.7092 6.5877 0.852353 -38.7721 -0.655187 1.30868 4.88561 0.0294931 2.32622 -40.4017 -6.04875 3.41697 -0.611805 -15.6846 -0.779096 -9.8844 12.4959 -1.2874e-15 -5.37487e-16 -1.2713e-14 
9.90706 93.1347 136.585 -0.227044 7.47228 3.88149 0 5.07867 -1.15138 -0.253252 -1.18095 -0.548328 0 5.61661 1.07143 -0.0204698 -0.448198 -0.150013 -1.02604e-17 5.98978 0.11501 0.0297742 0.816505 -0.00656736 -1.10457e-17 6.50583 -0.443523 0.0256366 2.61164 0.0955965 -1.97295e-17 7.60548 -1.50593 0.0427267 4.03542 0.0266414 -2.53307e-17 9.49737 -0.914492 -0.0176695 4.70682 -0.287278 -2.90401e-17 10.5513 1.57691 0.114825 0.667041 0.0573204 -1.29193e-17 4.78644 0.715339 0.34563 3.40838 2.10127 -1.8116e-17 4.82109 0.421791 0.0321265 -4.70714 1.03083 -2.00958e-17 4.83041 0.765062 -2.88418 -8.01246 1.56701 1.23299 -7.60731 7.53374 2.81653 0.720227 5.21227 12.9547 3.2495 -3.26872 -89.4317 26.9395 11.0404 29.2081 0.0598081 0.137039 6.00731 -1.59205 -30.2549 24.234 0.0496219 0.113701 2.95241 -15.1214 -4.67108 -1.23299 -7.60729 7.53365 -10.9187 3.60974 -5.60837 -12.9547 3.2495 -3.26872 107.78 40.6401 -47.5686 -29.2081 0.0598081 0.137039 -11.0414 -7.23318 66.9567 -24.234 0.0496218 0.113702 -4.95225 -50.0345 -6.91136 9.23673 -4.20556 2.0327 -1.25689 -11.054 -18.4509 -0.852353 -38.7721 -0.655187 -0.399822 1.49294 -0.0208502 -2.32622 -40.4017 -6.04875 1.10257 0.0764804 14.9367 0.779096 -9.8844 12.4959 1.2894e-16 -7.91886e-16 9.17118e-18 -9.23673 -4.20556 2.0327 -5.41907 -13.075 6.83706 0.852353 -38.7721 -0.655187 1.37851 5.14568 0.0279275 2.32622 -40.4017 -6.04875 3.22838 -1.27587 -15.6582 -0.779096 -9.8844 12.4959 -8.04537e-16 -5.52576e-16 -1.27373e-14 
9.81871 92.9786 136.458 -0.0799785 7.70002 3.60689 0 5.07867 -1.15138 -0.33497 -1.16421 -0.492907 0 5.61661 1.07143 -0.105457 -0.445526 -0.101487 -1.02604e-17 5.98978 0.11501 -0.0459068 0.801248 0.041445 -1.10457e-17 6.50583 -0.443523 -0.0383372 2.56738 0.143283 -1.97295e-17 7.60548 -1.50593 0.000943635 3.98011 0.08385 -2.53307e-17 9.49737 -0.914492 -0.0283479 4.63405 -0.223071 -2.90401e-17 10.5513 1.57691 0.113003 0.660527 0.0564509 -1.29193e-17 4.78644 0.715339 0.32589 3.19816 2.11318 -1.8116e-17 4.82109 0.421791 0.0686161 -4.77318 1.035 -2.00958e-17 4.83041 0.765062 -2.86701 -8.03778 1.46938 1.23299 -7.60731 7.53374 3.23129 0.796773 5.18972 12.9547 3.2495 -3.26872 -89.6452 26.9028 10.9678 29.2081 0.0598081 0.137039 5.99491 -1.58492 -30.1863 24.234 0.0496219 0.113701 2.94918 -15.1155 -4.59481 -1.23299 -7.60729 7.53365 -10.9521 3.69886 -5.56499 -12.9547 3.2495 -3.26872 108.194 40.6209 -46.8887 -29.2081 0.0598081 0.137039 -10.8765 -6.87049 65.0586 -24.234 0.0496218 0.113702 -4.84838 -50.1299 -6.7699 9.23673 -4.20556 2.0327 -1.33031 -11.4253 -18.1608 -0.852353 -38.7721 -0.655187 -0.461349 1.72279 -0.0231355 -2.32622 -40.4017 -6.04875 1.29834 -0.489155 14.9559 0.779096 -9.8844 12.4959 2.48481e-17 -7.95139e-16 1.2424e-17 -9.23673 -4.20556 2.0327 -5.5022 -13.5493 7.06228 0.852353 -38.7721 -0.655187 1.46964 5.48492 0.0254057 2.32622 -40.4017 -6.04875 3.06091 -2.01808 -15.6341 -0.779096 -9.8844 12.4959 -5.96354e-16 -5.59082e-16 -1.27471e-14 
9.76668 92.8518 136.314 -0.023341 7.92049 3.50755 0 5.07867 -1.15138 -0.394871 -1.08007 -0.454828 0 5.61661 1.07143 -0.167892 -0.396539 -0.0691278 -1.02604e-17 5.98978 0.11501 -0.10174 0.798685 0.0735233 -1.10457e-17 6.50583 -0.443523 -0.0850703 2.47848 0.175259 -1.97295e-17 7.60548 -1.50593 -0.0306351 3.85603 0.12291 -2.53307e-17 9.49737 -0.914492 -0.0383436 4.476 -0.179017 -2.90401e-17 10.5513 1.57691 0.109791 0.662827 0.0581354 -1.29193e-17 4.78644 0.715339 0.304235 2.91329 2.12704 -1.8116e-17 4.82109 0.421791 0.0748578 -4.81181 1.03982 -2.00958e-17 4.83041 0.765062 -2.89798 -7.93236 1.33439 1.23299 -7.60731 7.53374 3.60958 0.935687 5.12337 12.9547 3.2495 -3.26872 -89.8988 26.9136 10.9327 29.2081 0.0598081 0.137039 5.99707 -1.58616 -30.1982 24.234 0.0496219 0.113701 3.03272 -15.1271 -4.46614 -1.23299 -7.60729 7.53365 -10.9114 3.82913 -5.4609 -12.9547 3.2495 -3.26872 108.618 40.5995 -46.21 -29.2081 0.0598081 0.137039 -10.6884 -6.49162 63.0441 -24.234 0.0496218 0.113702 -4.7182 -50.6211 -6.6469 9.23673 -4.20556 2.0327 -1.3724 -11.8717 -18.0003 -0.852353 -38.7721 -0.655187 -0.541034 2.02048 -0.0257286 -2.32622 -40.4017 -6.04875 1.4519 -0.971418 14.9763 0.779096 -9.8844 12.4959 3.18326e-16 -7.85967e-16 3.25286e-18 -9.23673 -4.20556 2.0327 -5.5588 -14.0125 7.08905 0.852353 -38.7721 -0.655187 1.55721 5.81065 0.0224726 2.32622 -40.4017 -6.04875 2.94123 -2.57911 -15.6154 -0.779096 -9.8844 12.4959 -5.96354e-16 -5.59082e-16 -1.27471e-14 
9.74277 92.8176 136.159 -0.0238707 7.87315 3.43294 0 5.07867 -1.15138 -0.422817 -0.94477 -0.413709 0 5.61661 1.07143 -0.200971 -0.294918 -0.0337819 -1.02604e-17 5.98978 0.11501 -0.13331 0.849622 0.108981 -1.10457e-17 6.50583 -0.443523 -0.115218 2.43302 0.210928 -1.97295e-17 7.60548 -1.50593 -0.0519643 3.76012 0.163335 -2.53307e-17 9.49737 -0.914492 -0.0443368 4.35087 -0.13521 -2.90401e-17 10.5513 1.57691 0.103535 0.668094 0.0593463 -1.29193e-17 4.78644 0.715339 0.280369 2.72873 2.15555 -1.8116e-17 4.82109 0.421791 0.0471868 -4.88618 1.05163 -2.00958e-17 4.83041 0.765062 -2.96686 -7.87175 1.15953 1.23299 -7.60731 7.53374 3.85008 1.05549 4.99867 12.9547 3.2495 -3.26872 -90.0163 26.8324 10.7834 29.2081 0.0598081 0.137039 5.97432 -1.57311 -30.0724 24.234 0.0496219 0.113701 3.08103 -15.092 -4.4393 -1.23299 -7.60729 7.53365 -10.7381 3.92065 -5.35448 -12.9547 3.2495 -3.26872 109.095 40.8076 -45.5138 -29.2081 0.0598081 0.137039 -10.4568 -6.06583 60.7356 -24.234 0.0496218 0.113702 -4.33999 -51.6208 -6.0236 9.23673 -4.20556 2.0327 -1.3483 -12.069 -17.9668 -0.852353 -38.7721 -0.655187 -0.608917 2.27408 -0.0276112 -2.32622 -40.4017 -6.04875 1.4616 -1.10511 14.9862 0.779096 -9.8844 12.4959 1.2894e-16 -7.91886e-16 9.17118e-18 -9.23673 -4.20556 2.0327 -5.54548 -14.2084 7.13196 0.852353 -38.7721 -0.655187 1.62168 6.05029 0.0199938 2.32622 -40.4017 -6.04875 2.87074 -2.64508 -15.6029 -0.779096 -9.8844 12.4959 -5.96354e-16 -5.59082e-16 -1.27471e-14 
9.73607 92.8458 136.045 -0.0481626 7.60563 3.29647 0 5.07867 -1.15138 -0.417574 -0.827784 -0.373751 0 5.61661 1.07143 -0.203192 -0.194542 0.00216293 -1.02604e-17 5.98978 0.11501 -0.13989 0.925026 0.144814 -1.10457e-17 6.50583 -0.443523 -0.126861 2.45175 0.246729 -1.97295e-17 7.60548 -1.50593 -0.0612629 3.73816 0.200358 -2.53307e-17 9.49737 -0.914492 -0.0452318 4.31074 -0.0942652 -2.90401e-17 10.5513 1.57691 0.0962699 0.669431 0.0569739 -1.29193e-17 4.78644 0.715339 0.273938 2.73964 2.19017 -1.8116e-17 4.82109 0.421791 -0.0151041 -4.97204 1.0658 -2.00958e-17 4.83041 0.765062 -3.07669 -7.97037 1.05024 1.23299 -7.60731 7.53374 4.01052 1.10167 4.87576 12.9547 3.2495 -3.26872 -90.0524 26.7285 10.5808 29.2081 0.0598081 0.137039 5.93436 -1.55036 -29.8519 24.234 0.0496219 0.113701 3.02957 -15.1361 -4.52044 -1.23299 -7.60729 7.53365 -10.6946 3.93843 -5.30791 -12.9547 3.2495 -3.26872 109.618 41.177 -44.8825 -29.2081 0.0598081 0.137039 -10.2344 -5.69178 58.6634 -24.234 0.0496218 0.113702 -3.36187 -52.7496 -4.79478 9.23673 -4.20556 2.0327 -1.27421 -11.9759 -17.9084 -0.852353 -38.7721 -0.655187 -0.652115 2.43545 -0.0286527 -2.32622 -40.4017 -6.04875 1.41936 -1.00069 14.9828 0.779096 -9.8844 12.4959 2.48481e-17 -7.95139e-16 1.2424e-17 -9.23673 -4.20556 2.0327 -5.46664 -14.1077 7.29105 0.852353 -38.7721 -0.655187 1.64573 6.13961 0.0190002 2.32622 -40.4017 -6.04875 2.88718 -2.40289 -15.6014 -0.779096 -9.8844 12.4959 -5.96354e-16 -5.59082e-16 -1.27471e-14 
9.74181 92.9053 136.008 -0.106582 7.37467 3.1579 0 5.07867 -1.15138 -0.399196 -0.776601 -0.359039 0 5.61661 1.07143 -0.188376 -0.146965 0.0151399 -1.02604e-17 5.98978 0.11501 -0.129454 0.966961 0.157305 -1.10457e-17 6.50583 -0.443523 -0.12061 2.47551 0.258775 -1.97295e-17 7.60548 -1.50593 -0.0573351 3.74611 0.210653 -2.53307e-17 9.49737 -0.914492 -0.0417915 4.31136 -0.0827611 -2.90401e-17 10.5513 1.57691 0.0913412 0.668644 0.0534494 -1.29193e-17 4.78644 0.715339 0.291546 2.78203 2.28538 -1.8116e-17 4.82109 0.421791 -0.0731736 -5.02466 1.10848 -2.00958e-17 4.83041 0.765062 -3.17977 -8.07617 1.02325 1.23299 -7.60731 7.53374 4.04367 1.10685 4.798 12.9547 3.2495 -3.26872 -90.0589 26.6276 10.5402 29.2081 0.0598081 0.137039 5.93861 -1.55277 -29.8753 24.234 0.0496219 0.113701 2.98123 -15.282 -4.49661 -1.23299 -7.60729 7.53365 -10.7586 3.92374 -5.29821 -12.9547 3.2495 -3.26872 110.129 41.5031 -44.6961 -29.2081 0.0598081 0.137039 -10.1479 -5.55408 57.8889 -24.234 0.0496218 0.113702 -2.53798 -53.6792 -3.94713 9.23673 -4.20556 2.0327 -1.17594 -11.812 -17.7848 -0.852353 -38.7721 -0.655187 -0.665951 2.48714 -0.0289606 -2.32622 -40.4017 -6.04875 1.4053 -0.78431 14.9691 0.779096 -9.8844 12.4959 2.48481e-17 -7.95139e-16 1.2424e-17 -9.23673 -4.20556 2.0327 -5.34753 -13.8985 7.48005 0.852353 -38.7721 -0.655187 1.61976 6.04312 0.0200719 2.32622 -40.4017 -6.04875 3.00144 -2.04698 -15.6124 -0.779096 -9.8844 12.4959 -3.02876e-16 -5.77424e-16 -1.27562e-14 
9.76212 92.9799 136.043 -0.177907 7.15814 3.10495 0 5.07867 -1.15138 -0.385299 -0.793055 -0.372506 0 5.61661 1.07143 -0.172201 -0.151287 0.00175333 -1.02604e-17 5.98978 0.11501 -0.113668 0.980626 0.144074 -1.10457e-17 6.50583 -0.443523 -0.106058 2.5135 0.245611 -1.97295e-17 7.60548 -1.50593 -0.0468324 3.7951 0.19495 -2.53307e-17 9.49737 -0.914492 -0.0381038 4.37406 -0.101059 -2.90401e-17 10.5513 1.57691 0.0887416 0.66691 0.0520464 -1.29193e-17 4.78644 0.715339 0.309194 2.80046 2.39742 -1.8116e-17 4.82109 0.421791 -0.115625 -5.08686 1.16128 -2.00958e-17 4.83041 0.765062 -3.15817 -8.16449 1.08718 1.23299 -7.60731 7.53374 3.87021 1.06093 4.76414 12.9547 3.2495 -3.26872 -89.9008 26.5013 10.578 29.2081 0.0598081 0.137039 5.97837 -1.57543 -30.0948 24.234 0.0496219 0.113701 2.95278 -15.4189 -4.34274 -1.23299 -7.60729 7.53365 -10.7306 3.88277 -5.29728 -12.9547 3.2495 -3.26872 110.666 41.8261 -45.1886 -29.2081 0.0598081 0.137039 -10.2001 -5.63664 58.3541 -24.234 0.0496218 0.113702 -2.30147 -54.4669 -3.59557 9.23673 -4.20556 2.0327 -1.09017 -11.5571 -17.693 -0.852353 -38.7721 -0.655187 -0.647436 2.41797 -0.0285458 -2.32622 -40.4017 -6.04875 1.35836 -0.513204 14.9563 0.779096 -9.8844 12.4959 2.48481e-17 -7.95139e-16 1.2424e-17 -9.23673 -4.20556 2.0327 -5.23899 -13.5693 7.6114 0.852353 -38.7721 -0.655187 1.55966 5.81975 0.0223834 2.32622 -40.4017 -6.04875 3.13552 -1.65973 -15.6259 -0.779096 -9.8844 12.4959 -7.8574e-16 -5.56416e-16 -1.2732e-14 
9.79851 93.0504 136.139 -0.161571 6.92619 3.13371 0 5.07867 -1.15138 -0.389708 -0.872184 -0.39844 0 5.61661 1.07143 -0.170201 -0.198375 -0.0229548 -1.02604e-17 5.98978 0.11501 -0.106584 0.981151 0.121024 -1.10457e-17 6.50583 -0.443523 -0.0965473 2.58959 0.223699 -1.97295e-17 7.60548 -1.50593 -0.0384977 3.90814 0.172007 -2.53307e-17 9.49737 -0.914492 -0.0353861 4.52342 -0.129671 -2.90401e-17 10.5513 1.57691 0.0878172 0.663221 0.0526593 -1.29193e-17 4.78644 0.715339 0.313805 2.86002 2.46179 -1.8116e-17 4.82109 0.421791 -0.132224 -5.17654 1.19381 -2.00958e-17 4.83041 0.765062 -3.03605 -8.36435 1.20962 1.23299 -7.60731 7.53374 3.56239 0.953504 4.77116 12.9547 3.2495 -3.26872 -89.5618 26.3971 10.5372 29.2081 0.0598081 0.137039 6.00697 -1.59185 -30.253 24.234 0.0496219 0.113701 2.87242 -15.5276 -4.24344 -1.23299 -7.60729 7.53365 -10.5845 3.80233 -5.32406 -12.9547 3.2495 -3.26872 111.231 42.2058 -46.1984 -29.2081 0.0598081 0.137039 -10.3212 -5.83415 59.4574 -24.234 0.0496218 0.113702 -2.34957 -55.1173 -3.32336 9.23673 -4.20556 2.0327 -1.11496 -11.1922 -17.688 -0.852353 -38.7721 -0.655187 -0.602673 2.25075 -0.0274505 -2.32622 -40.4017 -6.04875 1.2535 -0.210071 14.9462 0.779096 -9.8844 12.4959 2.48481e-17 -7.95139e-16 1.2424e-17 -9.23673 -4.20556 2.0327 -5.24699 -13.1098 7.66195 0.852353 -38.7721 -0.655187 1.4817 5.52977 0.0250316 2.32622 -40.4017 -6.04875 3.25767 -1.38477 -15.6424 -0.779096 -9.8844 12.4959 -7.00445e-16 -5.55829e-16 -1.27406e-14 
9.85874 93.0948 136.26 -0.0424706 6.80245 3.28635 0 5.07867 -1.15138 -0.429747 -1.02169 -0.434326 0 5.61661 1.07143 -0.198055 -0.299916 -0.0586114 -1.02604e-17 5.98978 0.11501 -0.121388 0.950699 0.0878774 -1.10457e-17 6.50583 -0.443523 -0.101219 2.67864 0.192146 -1.97295e-17 7.60548 -1.50593 -0.0383443 4.05962 0.142433 -2.53307e-17 9.49737 -0.914492 -0.0358507 4.72412 -0.166625 -2.90401e-17 10.5513 1.57691 0.0896691 0.657597 0.0536714 -1.29193e-17 4.78644 0.715339 0.308794 2.94814 2.48147 -1.8116e-17 4.82109 0.421791 -0.124374 -5.27619 1.20533 -2.00958e-17 4.83041 0.765062 -2.86163 -8.64163 1.31921 1.23299 -7.60731 7.53374 3.2214 0.811034 4.8208 12.9547 3.2495 -3.26872 -89.157 26.4119 10.4307 29.2081 0.0598081 0.137039 6.02627 -1.603 -30.3599 24.234 0.0496219 0.113701 2.79695 -15.6375 -4.16905 -1.23299 -7.60729 7.53365 -10.4173 3.69211 -5.37463 -12.9547 3.2495 -3.26872 111.712 42.5189 -47.4676 -29.2081 0.0598081 0.137039 -10.4967 -6.13637 61.1216 -24.234 0.0496218 0.113702 -2.50657 -55.4657 -3.21289 9.23673 -4.20556 2.0327 -1.2955 -10.9172 -17.812 -0.852353 -38.7721 -0.655187 -0.557341 2.0814 -0.0262082 -2.32622 -40.4017 -6.04875 1.17651 0.0673094 14.9317 0.779096 -9.8844 12.4959 2.48481e-17 -7.95139e-16 1.2424e-17 -9.23673 -4.20556 2.0327 -5.41467 -12.6811 7.55302 0.852353 -38.7721 -0.655187 1.40023 5.22656 0.0273756 2.32622 -40.4017 -6.04875 3.35858 -1.32974 -15.6615 -0.779096 -9.8844 12.4959 -5.96354e-16 -5.59082e-16 -1.27471e-14 
9.93603 93.1305 136.372 0.13301 6.78529 3.51964 0 5.07867 -1.15138 -0.500316 -1.21314 -0.474045 0 5.61661 1.07143 -0.25194 -0.437035 -0.100514 -1.02604e-17 5.98978 0.11501 -0.155766 0.894602 0.0487071 -1.10457e-17 6.50583 -0.443523 -0.119376 2.76108 0.154414 -1.97295e-17 7.60548 -1.50593 -0.0465219 4.21837 0.109498 -2.53307e-17 9.49737 -0.914492 -0.0400305 4.93804 -0.207889 -2.90401e-17 10.5513 1.57691 0.0938775 0.652047 0.0547357 -1.29193e-17 4.78644 0.715339 0.293684 3.02334 2.48279 -1.8116e-17 4.82109 0.421791 -0.109069 -5.37752 1.20702 -2.00958e-17 4.83041 0.765062 -2.68364 -8.88236 1.38907 1.23299 -7.60731 7.53374 2.8483 0.660363 4.89623 12.9547 3.2495 -3.26872 -88.7045 26.5197 10.3087 29.2081 0.0598081 0.137039 6.04173 -1.61196 -30.4455 24.234 0.0496219 0.113701 2.75272 -15.7412 -4.09533 -1.23299 -7.60729 7.53365 -10.2155 3.56751 -5.43488 -12.9547 3.2495 -3.26872 112.015 42.7263 -48.8401 -29.2081 0.0598081 0.137039 -10.716 -6.54515 63.3308 -24.234 0.0496218 0.113702 -2.94565 -55.6526 -3.50294 9.23673 -4.20556 2.0327 -1.57323 -10.7835 -18.0475 -0.852353 -38.7721 -0.655187 -0.522695 1.95197 -0.0251685 -2.32622 -40.4017 -6.04875 1.12454 0.361553 14.9125 0.779096 -9.8844 12.4959 2.48481e-17 -7.95139e-16 1.2424e-17 -9.23673 -4.20556 2.0327 -5.68085 -12.3548 7.32036 0.852353 -38.7721 -0.655187 1.32636 4.95147 0.0291268 2.32622 -40.4017 -6.04875 3.42254 -1.35606 -15.6754 -0.779096 -9.8844 12.4959 -3.02876e-16 -5.77424e-16 -1.27562e-14 
10.0202 93.1968 136.462 0.317209 6.74539 3.6975 0 5.07867 -1.15138 -0.564362 -1.40309 -0.510497 0 5.61661 1.07143 -0.300824 -0.571592 -0.139417 -1.02604e-17 5.98978 0.11501 -0.186876 0.843495 0.0124051 -1.10457e-17 6.50583 -0.443523 -0.136797 2.85136 0.119007 -1.97295e-17 7.60548 -1.50593 -0.0555762 4.38364 0.0788729 -2.53307e-17 9.49737 -0.914492 -0.0464634 5.15941 -0.245981 -2.90401e-17 10.5513 1.57691 0.098647 0.645827 0.0552577 -1.29193e-17 4.78644 0.715339 0.269401 3.13654 2.48438 -1.8116e-17 4.82109 0.421791 -0.123209 -5.48301 1.20673 -2.00958e-17 4.83041 0.765062 -2.57047 -9.10555 1.47078 1.23299 -7.60731 7.53374 2.45484 0.502053 4.98014 12.9547 3.2495 -3.26872 -88.2149 26.6163 10.1574 29.2081 0.0598081 0.137039 6.03821 -1.60992 -30.426 24.234 0.0496219 0.113701 2.69168 -15.8228 -4.07241 -1.23299 -7.60729 7.53365 -9.99888 3.42193 -5.51881 -12.9547 3.2495 -3.26872 112.014 42.8539 -50.121 -29.2081 0.0598081 0.137039 -10.9397 -7.00577 65.7699 -24.234 0.0496218 0.113702 -3.50008 -55.8049 -3.98874 9.23673 -4.20556 2.0327 -1.84842 -10.6731 -18.2984 -0.852353 -38.7721 -0.655187 -0.499034 1.86357 -0.0244134 -2.32622 -40.4017 -6.04875 1.02196 0.775028 14.8908 0.779096 -9.8844 12.4959 -2.68626e-16 -8.0431e-16 2.15951e-17 -9.23673 -4.20556 2.0327 -5.95007 -12.0757 7.12254 0.852353 -38.7721 -0.655187 1.26598 4.72648 0.0302939 2.32622 -40.4017 -6.04875 3.4988 -1.2295 -15.689 -0.779096 -9.8844 12.4959 -4.92259e-16 -5.65588e-16 -1.27503e-14 
10.1062 93.2857 136.529 0.453165 6.63446 3.75056 0 5.07867 -1.15138 -0.592294 -1.57192 -0.541649 0 5.61661 1.07143 -0.319396 -0.688873 -0.169368 -1.02604e-17 5.98978 0.11501 -0.196213 0.804731 -0.0151631 -1.10457e-17 6.50583 -0.443523 -0.140603 2.94709 0.0917343 -1.97295e-17 7.60548 -1.50593 -0.0577136 4.54575 0.0534352 -2.53307e-17 9.49737 -0.914492 -0.0514279 5.36915 -0.275762 -2.90401e-17 10.5513 1.57691 0.104601 0.638203 0.0547699 -1.29193e-17 4.78644 0.715339 0.252614 3.31825 2.50212 -1.8116e-17 4.82109 0.421791 -0.181089 -5.56299 1.21156 -2.00958e-17 4.83041 0.765062 -2.54666 -9.31536 1.57097 1.23299 -7.60731 7.53374 2.11495 0.340173 5.06668 12.9547 3.2495 -3.26872 -87.8031 26.7145 10.0182 29.2081 0.0598081 0.137039 6.01252 -1.59505 -30.2837 24.234 0.0496219 0.113701 2.62438 -15.9082 -4.09747 -1.23299 -7.60729 7.53365 -9.93855 3.27217 -5.63372 -12.9547 3.2495 -3.26872 111.719 42.9253 -51.252 -29.2081 0.0598081 0.137039 -11.1476 -7.48496 68.2587 -24.234 0.0496218 0.113702 -3.84305 -55.9469 -4.4204 9.23673 -4.20556 2.0327 -2.04108 -10.5303 -18.48 -0.852353 -38.7721 -0.655187 -0.487587 1.82081 -0.024035 -2.32622 -40.4017 -6.04875 0.908542 1.23104 14.8668 0.779096 -9.8844 12.4959 -3.72721e-16 -8.07563e-16 2.48481e-17 -9.23673 -4.20556 2.0327 -6.13913 -11.8184 7.03858 0.852353 -38.7721 -0.655187 1.22009 4.55546 0.0310217 2.32622 -40.4017 -6.04875 3.60572 -0.940332 -15.7069 -0.779096 -9.8844 12.4959 -3.02881e-16 -5.77424e-16 -1.27562e-14 
10.2005 93.3596 136.609 0.541738 6.58711 3.77532 0 5.07867 -1.15138 -0.597604 -1.74817 -0.57478 0 5.61661 1.07143 -0.317112 -0.820299 -0.198655 -1.02604e-17 5.98978 0.11501 -0.189669 0.743025 -0.0418842 -1.10457e-17 6.50583 -0.443523 -0.132012 3.01099 0.0647804 -1.97295e-17 7.60548 -1.50593 -0.0514681 4.67501 0.0252917 -2.53307e-17 9.49737 -0.914492 -0.0511085 5.5344 -0.305094 -2.90401e-17 10.5513 1.57691 0.113338 0.631957 0.0542332 -1.29193e-17 4.78644 0.715339 0.259205 3.5247 2.52173 -1.8116e-17 4.82109 0.421791 -0.273786 -5.55807 1.21621 -2.00958e-17 4.83041 0.765062 -2.57021 -9.44316 1.65251 1.23299 -7.60731 7.53374 1.86391 0.19193 5.17062 12.9547 3.2495 -3.26872 -87.5828 26.8854 10.0342 29.2081 0.0598081 0.137039 5.9873 -1.58055 -30.1442 24.234 0.0496219 0.113701 2.60236 -15.9814 -4.10291 -1.23299 -7.60729 7.53365 -10.1599 3.151 -5.76751 -12.9547 3.2495 -3.26872 111.339 42.9904 -52.4699 -29.2081 0.0598081 0.137039 -11.3487 -8.0128 70.9519 -24.234 0.0496218 0.113702 -4.00989 -56.0291 -4.8422 9.23673 -4.20556 2.0327 -2.19098 -10.4417 -18.6174 -0.852353 -38.7721 -0.655187 -0.480279 1.7935 -0.0237889 -2.32622 -40.4017 -6.04875 0.857273 1.5931 14.8415 0.779096 -9.8844 12.4959 2.14225e-16 -7.89221e-16 6.50601e-18 -9.23673 -4.20556 2.0327 -6.28475 -11.6292 6.9811 0.852353 -38.7721 -0.655187 1.17695 4.39462 0.0315807 2.32622 -40.4017 -6.04875 3.73826 -0.698425 -15.7293 -0.779096 -9.8844 12.4959 -1.98785e-16 -5.8393e-16 -1.27595e-14 
10.2985 93.3935 136.676 0.570534 6.52951 3.78484 0 5.07867 -1.15138 -0.58478 -1.88911 -0.604592 0 5.61661 1.07143 -0.297585 -0.93008 -0.222766 -1.02604e-17 5.98978 0.11501 -0.169141 0.684382 -0.0631399 -1.10457e-17 6.50583 -0.443523 -0.112193 3.04719 0.0430546 -1.97295e-17 7.60548 -1.50593 -0.035542 4.76261 -0.000383236 -2.53307e-17 9.49737 -0.914492 -0.0407601 5.64527 -0.330425 -2.90401e-17 10.5513 1.57691 0.12567 0.629165 0.0548106 -1.29193e-17 4.78644 0.715339 0.28848 3.73204 2.51884 -1.8116e-17 4.82109 0.421791 -0.359678 -5.50587 1.21157 -2.00958e-17 4.83041 0.765062 -2.63423 -9.43967 1.71271 1.23299 -7.60731 7.53374 1.68568 0.0642346 5.28855 12.9547 3.2495 -3.26872 -87.5502 27.1157 10.2244 29.2081 0.0598081 0.137039 5.97873 -1.57564 -30.0968 24.234 0.0496219 0.113701 2.62932 -16.0066 -4.02376 -1.23299 -7.60729 7.53365 -10.6327 3.07113 -5.91859 -12.9547 3.2495 -3.26872 110.945 43.0675 -53.8847 -29.2081 0.0598081 0.137039 -11.547 -8.62337 74.0153 -24.234 0.0496218 0.113702 -4.1969 -55.7181 -5.44548 9.23673 -4.20556 2.0327 -2.2792 -10.3501 -18.762 -0.852353 -38.7721 -0.655187 -0.480481 1.79426 -0.0237958 -2.32622 -40.4017 -6.04875 0.885744 1.75156 14.8213 0.779096 -9.8844 12.4959 1.28944e-16 -7.91886e-16 9.17104e-18 -9.23673 -4.20556 2.0327 -6.3667 -11.4637 6.94453 0.852353 -38.7721 -0.655187 1.14672 4.28187 0.0319001 2.32622 -40.4017 -6.04875 3.80746 -0.571668 -15.7421 -0.779096 -9.8844 12.4959 -1.98785e-16 -5.8393e-16 -1.27595e-14 
10.3653 93.3998 136.668 0.59243 6.29981 3.63523 0 5.07867 -1.15138 -0.573076 -1.92333 -0.610097 0 5.61661 1.07143 -0.282018 -0.953115 -0.223384 -1.02604e-17 5.98978 0.11501 -0.153359 0.683816 -0.0614563 -1.10457e-17 6.50583 -0.443523 -0.0981734 3.08532 0.0437383 -1.97295e-17 7.60548 -1.50593 -0.0203347 4.81442 -0.00375798 -2.53307e-17 9.49737 -0.914492 -0.0212284 5.70539 -0.331515 -2.90401e-17 10.5513 1.57691 0.140896 0.627916 0.0553726 -1.29193e-17 4.78644 0.715339 0.324921 3.98568 2.49403 -1.8116e-17 4.82109 0.421791 -0.406907 -5.45502 1.19774 -2.00958e-17 4.83041 0.765062 -2.71458 -9.40323 1.79254 1.23299 -7.60731 7.53374 1.64457 -0.0388639 5.416 12.9547 3.2495 -3.26872 -87.6457 27.2999 10.4618 29.2081 0.0598081 0.137039 5.96827 -1.56966 -30.039 24.234 0.0496219 0.113701 2.63 -15.958 -3.94184 -1.23299 -7.60729 7.53365 -11.2574 3.02256 -6.10136 -12.9547 3.2495 -3.26872 110.404 43.1133 -55.2179 -29.2081 0.0598081 0.137039 -11.7221 -9.28528 77.2866 -24.234 0.0496218 0.113702 -4.39579 -54.9337 -6.25057 9.23673 -4.20556 2.0327 -2.2935 -10.1361 -18.8044 -0.852353 -38.7721 -0.655187 -0.491953 1.83712 -0.0241803 -2.32622 -40.4017 -6.04875 0.920213 1.78219 14.8094 0.779096 -9.8844 12.4959 2.48481e-17 -7.95139e-16 1.2424e-17 -9.23673 -4.20556 2.0327 -6.37897 -11.2771 7.07551 0.852353 -38.7721 -0.655187 1.15017 4.29474 0.0318667 2.32622 -40.4017 -6.04875 3.79439 -0.483147 -15.7421 -0.779096 -9.8844 12.4959 -4.92258e-16 -5.65588e-16 -1.27503e-14 
10.3752 93.4029 136.644 0.632812 5.95976 3.2937 0 5.07867 -1.15138 -0.592742 -1.89162 -0.591485 0 5.61661 1.07143 -0.298994 -0.919034 -0.204391 -1.02604e-17 5.98978 0.11501 -0.166366 0.726294 -0.04285 -1.10457e-17 6.50583 -0.443523 -0.107922 3.13481 0.0601085 -1.97295e-17 7.60548 -1.50593 -0.0192352 4.84992 0.0118713 -2.53307e-17 9.49737 -0.914492 -0.00307007 5.74171 -0.310341 -2.90401e-17 10.5513 1.57691 0.156288 0.622208 0.0532382 -1.29193e-17 4.78644 0.715339 0.35044 4.27464 2.46946 -1.8116e-17 4.82109 0.421791 -0.406256 -5.41669 1.18453 -2.00958e-17 4.83041 0.765062 -2.69882 -9.41023 1.94249 1.23299 -7.60731 7.53374 1.78549 -0.122036 5.57107 12.9547 3.2495 -3.26872 -87.8397 27.3104 10.6788 29.2081 0.0598081 0.137039 5.94358 -1.55559 -29.9028 24.234 0.0496219 0.113701 2.60403 -15.7864 -3.88857 -1.23299 -7.60729 7.53365 -11.8771 2.97436 -6.3053 -12.9547 3.2495 -3.26872 109.402 42.9215 -55.9418 -29.2081 0.0598081 0.137039 -11.8547 -9.93214 80.4464 -24.234 0.0496218 0.113702 -4.47152 -53.1264 -7.28691 9.23673 -4.20556 2.0327 -2.24304 -9.7945 -18.6324 -0.852353 -38.7721 -0.655187 -0.498923 1.86316 -0.0244097 -2.32622 -40.4017 -6.04875 0.903779 1.77616 14.8106 0.779096 -9.8844 12.4959 2.48481e-17 -7.95139e-16 1.2424e-17 -9.23673 -4.20556 2.0327 -6.32641 -11.0507 7.42435 0.852353 -38.7721 -0.655187 1.16377 4.34545 0.0317273 2.32622 -40.4017 -6.04875 3.75039 -0.385147 -15.7356 -0.779096 -9.8844 12.4959 -8.89827e-16 -5.49911e-16 -1.27287e-14 
10.3353 93.3816 136.635 0.715299 5.75645 2.85268 0 5.07867 -1.15138 -0.657819 -1.87353 -0.557512 0 5.61661 1.07143 -0.361305 -0.898014 -0.175903 -1.02604e-17 5.98978 0.11501 -0.218929 0.754589 -0.0171901 -1.10457e-17 6.50583 -0.443523 -0.149001 3.16918 0.0827722 -1.97295e-17 7.60548 -1.50593 -0.0396888 4.86648 0.0388728 -2.53307e-17 9.49737 -0.914492 0.00417897 5.75713 -0.273881 -2.90401e-17 10.5513 1.57691 0.169403 0.611316 0.0481526 -1.29193e-17 4.78644 0.715339 0.364105 4.4854 2.45918 -1.8116e-17 4.82109 0.421791 -0.352931 -5.37473 1.17847 -2.00958e-17 4.83041 0.765062 -2.5468 -9.44575 2.12325 1.23299 -7.60731 7.53374 2.05973 -0.179625 5.73259 12.9547 3.2495 -3.26872 -88.0804 27.1407 10.8409 29.2081 0.0598081 0.137039 5.91079 -1.53704 -29.7221 24.234 0.0496219 0.113701 2.58583 -15.5146 -3.82999 -1.23299 -7.60729 7.53365 -12.4083 2.93577 -6.48106 -12.9547 3.2495 -3.26872 108.135 42.5224 -55.9346 -29.2081 0.0598081 0.137039 -11.9339 -10.4475 82.9456 -24.234 0.0496218 0.113702 -4.28376 -50.2687 -8.07781 9.23673 -4.20556 2.0327 -2.19955 -9.5373 -18.2561 -0.852353 -38.7721 -0.655187 -0.494533 1.84676 -0.0242656 -2.32622 -40.4017 -6.04875 0.860806 1.66705 14.8301 0.779096 -9.8844 12.4959 2.48481e-17 -7.95139e-16 1.2424e-17 -9.23673 -4.20556 2.0327 -6.27777 -10.9373 7.87982 0.852353 -38.7721 -0.655187 1.17063 4.37104 0.0316525 2.32622 -40.4017 -6.04875 3.67111 -0.440672 -15.7201 -0.779096 -9.8844 12.4959 -7.0045e-16 -5.55829e-16 -1.27406e-14 
10.2669 93.3362 136.614 0.855029 5.85324 2.36972 0 5.07867 -1.15138 -0.766261 -1.88167 -0.512515 0 5.61661 1.07143 -0.466543 -0.909626 -0.144082 -1.02604e-17 5.98978 0.11501 -0.308094 0.740975 0.0110292 -1.10457e-17 6.50583 -0.443523 -0.219125 3.14935 0.107723 -1.97295e-17 7.60548 -1.50593 -0.0812456 4.82915 0.0730163 -2.53307e-17 9.49737 -0.914492 -0.00146417 5.71562 -0.227256 -2.90401e-17 10.5513 1.57691 0.178477 0.601365 0.0415275 -1.29193e-17 4.78644 0.715339 0.371368 4.50868 2.50423 -1.8116e-17 4.82109 0.421791 -0.261678 -5.33326 1.19735 -2.00958e-17 4.83041 0.765062 -2.30781 -9.43987 2.24533 1.23299 -7.60731 7.53374 2.32861 -0.177837 5.8371 12.9547 3.2495 -3.26872 -88.2347 26.8304 10.9438 29.2081 0.0598081 0.137039 5.88577 -1.52297 -29.5844 24.234 0.0496219 0.113701 2.59318 -15.2612 -3.75139 -1.23299 -7.60729 7.53365 -12.7739 2.93666 -6.58605 -12.9547 3.2495 -3.26872 106.78 42.0525 -55.3087 -29.2081 0.0598081 0.137039 -11.9717 -10.7695 84.501 -24.234 0.0496218 0.113702 -3.79931 -46.762 -8.25959 9.23673 -4.20556 2.0327 -2.21184 -9.58497 -17.7747 -0.852353 -38.7721 -0.655187 -0.490689 1.8324 -0.0241384 -2.32622 -40.4017 -6.04875 0.814651 1.47751 14.8585 0.779096 -9.8844 12.4959 3.18321e-16 -7.85968e-16 3.25301e-18 -9.23673 -4.20556 2.0327 -6.28844 -11.1207 8.31379 0.852353 -38.7721 -0.655187 1.17558 4.38951 0.0315965 2.32622 -40.4017 -6.04875 3.58846 -0.675019 -15.701 -0.779096 -9.8844 12.4959 -3.02881e-16 -5.77424e-16 -1.27562e-14 
10.1898 93.2979 136.58 1.04513 6.00017 1.83904 0 5.07867 -1.15138 -0.899709 -1.90085 -0.447238 0 5.61661 1.07143 -0.59831 -0.935247 -0.0980885 -1.02604e-17 5.98978 0.11501 -0.42079 0.71238 0.0534131 -1.10457e-17 6.50583 -0.443523 -0.310849 3.11045 0.146611 -1.97295e-17 7.60548 -1.50593 -0.139008 4.77509 0.124497 -2.53307e-17 9.49737 -0.914492 -0.0154054 5.65766 -0.160775 -2.90401e-17 10.5513 1.57691 0.183593 0.592802 0.0337322 -1.29193e-17 4.78644 0.715339 0.371695 4.41916 2.58304 -1.8116e-17 4.82109 0.421791 -0.16266 -5.32777 1.22957 -2.00958e-17 4.83041 0.765062 -2.03165 -9.38355 2.28337 1.23299 -7.60731 7.53374 2.53179 -0.15023 5.86775 12.9547 3.2495 -3.26872 -88.21 26.4374 10.9535 29.2081 0.0598081 0.137039 5.85815 -1.50753 -29.4327 24.234 0.0496219 0.113701 2.54391 -15.0488 -3.65299 -1.23299 -7.60729 7.53365 -12.9759 2.94861 -6.64208 -12.9547 3.2495 -3.26872 105.39 41.6132 -54.2674 -29.2081 0.0598081 0.137039 -11.9875 -10.9335 85.2924 -24.234 0.0496218 0.113702 -3.11867 -43.1119 -8.0118 9.23673 -4.20556 2.0327 -2.26241 -9.69856 -17.2872 -0.852353 -38.7721 -0.655187 -0.485281 1.81219 -0.0239577 -2.32622 -40.4017 -6.04875 0.762486 1.34602 14.8817 0.779096 -9.8844 12.4959 4.22417e-16 -7.82715e-16 2.88531e-33 -9.23673 -4.20556 2.0327 -6.34154 -11.3888 8.73694 0.852353 -38.7721 -0.655187 1.18602 4.42844 0.0314733 2.32622 -40.4017 -6.04875 3.50287 -0.908238 -15.6777 -0.779096 -9.8844 12.4959 -4.92258e-16 -5.65588e-16 -1.27503e-14 
10.1138 93.2738 136.55 1.17076 6.01721 1.23869 0 5.07867 -1.15138 -1.00186 -1.91539 -0.367463 0 5.61661 1.07143 -0.70529 -0.954578 -0.0360152 -1.02604e-17 5.98978 0.11501 -0.515946 0.695371 0.111951 -1.10457e-17 6.50583 -0.443523 -0.393731 3.0891 0.201602 -1.97295e-17 7.60548 -1.50593 -0.193488 4.74138 0.190683 -2.53307e-17 9.49737 -0.914492 -0.0296444 5.62072 -0.0792068 -2.90401e-17 10.5513 1.57691 0.185463 0.583085 0.0249678 -1.29193e-17 4.78644 0.715339 0.364434 4.35282 2.67371 -1.8116e-17 4.82109 0.421791 -0.0935359 -5.38416 1.26405 -2.00958e-17 4.83041 0.765062 -1.80531 -9.34737 2.30284 1.23299 -7.60731 7.53374 2.71936 -0.132206 5.86752 12.9547 3.2495 -3.26872 -88.1241 26.0057 10.9058 29.2081 0.0598081 0.137039 5.82941 -1.49157 -29.275 24.234 0.0496219 0.113701 2.41705 -14.8789 -3.55742 -1.23299 -7.60729 7.53365 -13.0702 2.93443 -6.69718 -12.9547 3.2495 -3.26872 104.005 41.2475 -53.011 -29.2081 0.0598081 0.137039 -11.9945 -11.0162 85.6912 -24.234 0.0496218 0.113702 -2.28265 -39.7825 -7.51759 9.23673 -4.20556 2.0327 -2.22806 -9.67899 -16.7875 -0.852353 -38.7721 -0.655187 -0.479148 1.78928 -0.0237506 -2.32622 -40.4017 -6.04875 0.763511 1.23495 14.8948 0.779096 -9.8844 12.4959 1.28944e-16 -7.91886e-16 9.17104e-18 -9.23673 -4.20556 2.0327 -6.30325 -11.5645 9.21555 0.852353 -38.7721 -0.655187 1.20033 4.48179 0.0312929 2.32622 -40.4017 -6.04875 3.44548 -1.02024 -15.6556 -0.779096 -9.8844 12.4959 -5.96354e-16 -5.59082e-16 -1.27471e-14 
10.0413 93.2623 136.528 1.24038 5.92323 0.489515 0 5.07867 -1.15138 -1.06689 -1.91453 -0.279917 0 5.61661 1.07143 -0.781354 -0.958751 0.0367506 -1.02604e-17 5.98978 0.11501 -0.587873 0.693079 0.181259 -1.10457e-17 6.50583 -0.443523 -0.462193 3.08077 0.267088 -1.97295e-17 7.60548 -1.50593 -0.240402 4.71845 0.265291 -2.53307e-17 9.49737 -0.914492 -0.0420501 5.59381 0.00940127 -2.90401e-17 10.5513 1.57691 0.185305 0.572427 0.015972 -1.29193e-17 4.78644 0.715339 0.346914 4.32971 2.84004 -1.8116e-17 4.82109 0.421791 -0.0829894 -5.47521 1.32937 -2.00958e-17 4.83041 0.765062 -1.68482 -9.34688 2.31815 1.23299 -7.60731 7.53374 2.91169 -0.11844 5.85636 12.9547 3.2495 -3.26872 -88.0503 25.5358 10.8785 29.2081 0.0598081 0.137039 5.81662 -1.4845 -29.2049 24.234 0.0496219 0.113701 2.22002 -14.7774 -3.45669 -1.23299 -7.60729 7.53365 -13.0594 2.89269 -6.75485 -12.9547 3.2495 -3.26872 102.759 41.034 -51.7873 -29.2081 0.0598081 0.137039 -12.0018 -11.1091 86.1387 -24.234 0.0496218 0.113702 -1.52592 -36.9506 -7.05281 9.23673 -4.20556 2.0327 -2.10852 -9.51495 -16.1616 -0.852353 -38.7721 -0.655187 -0.4648 1.73568 -0.0232563 -2.32622 -40.4017 -6.04875 0.823422 1.14337 14.8959 0.779096 -9.8844 12.4959 3.18321e-16 -7.85968e-16 3.25301e-18 -9.23673 -4.20556 2.0327 -6.16767 -11.6722 9.85748 0.852353 -38.7721 -0.655187 1.21679 4.54313 0.0310689 2.32622 -40.4017 -6.04875 3.43116 -1.0174 -15.6386 -0.779096 -9.8844 12.4959 -5.96354e-16 -5.59082e-16 -1.27471e-14 
9.99843 93.2498 136.51 1.29807 5.83548 -0.141735 0 5.07867 -1.15138 -1.14243 -1.91164 -0.208944 0 5.61661 1.07143 -0.864595 -0.961683 0.0926188 -1.02604e-17 5.98978 0.11501 -0.663576 0.687212 0.233877 -1.10457e-17 6.50583 -0.443523 -0.530499 3.06463 0.315879 -1.97295e-17 7.60548 -1.50593 -0.287344 4.68606 0.323779 -2.53307e-17 9.49737 -0.914492 -0.0565517 5.55556 0.0804315 -2.90401e-17 10.5513 1.57691 0.184789 0.562925 0.00843292 -1.29193e-17 4.78644 0.715339 0.313147 4.3101 2.97963 -1.8116e-17 4.82109 0.421791 -0.100666 -5.55322 1.38235 -2.00958e-17 4.83041 0.765062 -1.52662 -9.34258 2.37414 1.23299 -7.60731 7.53374 3.11814 -0.102235 5.86024 12.9547 3.2495 -3.26872 -88.0104 25.0596 10.876 29.2081 0.0598081 0.137039 5.83172 -1.49285 -29.2877 24.234 0.0496219 0.113701 2.06476 -14.5795 -3.27357 -1.23299 -7.60729 7.53365 -12.9582 2.83342 -6.7801 -12.9547 3.2495 -3.26872 101.728 40.883 -50.772 -29.2081 0.0598081 0.137039 -12.0122 -11.263 86.8806 -24.234 0.0496218 0.113702 -0.942284 -34.5798 -6.72339 9.23673 -4.20556 2.0327 -2.02863 -9.36154 -15.5544 -0.852353 -38.7721 -0.655187 -0.451064 1.68436 -0.0227706 -2.32622 -40.4017 -6.04875 0.895037 1.06811 14.8955 0.779096 -9.8844 12.4959 1.28944e-16 -7.91886e-16 9.17104e-18 -9.23673 -4.20556 2.0327 -6.06716 -11.7287 10.3989 0.852353 -38.7721 -0.655187 1.22103 4.55894 0.0310083 2.32622 -40.4017 -6.04875 3.46522 -1.0299 -15.6279 -0.779096 -9.8844 12.4959 -1.77025e-15 -5.13227e-16 -1.2692e-14 
10.0028 93.2452 136.502 1.3181 5.75747 -0.532319 0 5.07867 -1.15138 -1.21987 -1.92435 -0.163324 0 5.61661 1.07143 -0.944215 -0.972546 0.122754 -1.02604e-17 5.98978 0.11501 -0.732638 0.678176 0.260879 -1.10457e-17 6.50583 -0.443523 -0.589022 3.05457 0.339489 -1.97295e-17 7.60548 -1.50593 -0.327772 4.66479 0.356839 -2.53307e-17 9.49737 -0.914492 -0.0720627 5.53336 0.122626 -2.90401e-17 10.5513 1.57691 0.183323 0.554683 0.00241184 -1.29193e-17 4.78644 0.715339 0.267775 4.29347 3.08825 -1.8116e-17 4.82109 0.421791 -0.112437 -5.62992 1.42367 -2.00958e-17 4.83041 0.765062 -1.34152 -9.31883 2.4058 1.23299 -7.60731 7.53374 3.29169 -0.0950825 5.89101 12.9547 3.2495 -3.26872 -87.9914 24.612 10.8819 29.2081 0.0598081 0.137039 5.86594 -1.51188 -29.4754 24.234 0.0496219 0.113701 1.96604 -14.2415 -3.05788 -1.23299 -7.60729 7.53365 -12.7148 2.74399 -6.78061 -12.9547 3.2495 -3.26872 100.773 40.689 -49.8675 -29.2081 0.0598081 0.137039 -12.0217 -11.4415 87.7403 -24.234 0.0496218 0.113702 -0.519149 -32.2978 -6.46365 9.23673 -4.20556 2.0327 -1.99061 -9.24101 -15.1523 -0.852353 -38.7721 -0.655187 -0.442258 1.65147 -0.0224528 -2.32622 -40.4017 -6.04875 0.935073 1.0262 14.9005 0.779096 -9.8844 12.4959 2.48481e-17 -7.95139e-16 1.2424e-17 -9.23673 -4.20556 2.0327 -6.00532 -11.6867 10.6925 0.852353 -38.7721 -0.655187 1.19978 4.47973 0.0313001 2.32622 -40.4017 -6.04875 3.47689 -0.991421 -15.6157 -0.779096 -9.8844 12.4959 -1.01275e-15 -5.42816e-16 -1.27275e-14 
10.0417 93.2599 136.482 1.27575 5.59745 -0.851204 0 5.07867 -1.15138 -1.2615 -1.94246 -0.132231 0 5.61661 1.07143 -0.987934 -0.979429 0.140598 -1.02604e-17 5.98978 0.11501 -0.771338 0.68299 0.275703 -1.10457e-17 6.50583 -0.443523 -0.622779 3.07358 0.351316 -1.97295e-17 7.60548 -1.50593 -0.35272 4.67691 0.374876 -2.53307e-17 9.49737 -0.914492 -0.0843518 5.54807 0.147392 -2.90401e-17 10.5513 1.57691 0.180604 0.545783 -0.00452839 -1.29193e-17 4.78644 0.715339 0.231137 4.3393 3.20114 -1.8116e-17 4.82109 0.421791 -0.127684 -5.71527 1.4685 -2.00958e-17 4.83041 0.765062 -1.21495 -9.32382 2.46151 1.23299 -7.60731 7.53374 3.42129 -0.114558 5.92762 12.9547 3.2495 -3.26872 -87.988 24.2337 10.8285 29.2081 0.0598081 0.137039 5.88671 -1.5235 -29.5896 24.234 0.0496219 0.113701 1.86918 -13.9424 -2.91678 -1.23299 -7.60729 7.53365 -12.4636 2.6223 -6.7947 -12.9547 3.2495 -3.26872 99.8305 40.4705 -48.8819 -29.2081 0.0598081 0.137039 -12.0268 -11.5687 88.3529 -24.234 0.0496218 0.113702 -0.0791674 -29.869 -6.07469 9.23673 -4.20556 2.0327 -1.91913 -9.05999 -14.8618 -0.852353 -38.7721 -0.655187 -0.436503 1.62997 -0.0222423 -2.32622 -40.4017 -6.04875 0.942227 1.03745 14.9038 0.779096 -9.8844 12.4959 2.48481e-17 -7.95139e-16 1.2424e-17 -9.23673 -4.20556 2.0327 -5.90789 -11.536 10.9253 0.852353 -38.7721 -0.655187 1.16347 4.34436 0.0317305 2.32622 -40.4017 -6.04875 3.48018 -0.799394 -15.6037 -0.779096 -9.8844 12.4959 -9.41719e-18 -5.86595e-16 -1.27654e-14 
10.0986 93.2846 136.472 1.23997 5.34311 -1.22905 0 5.07867 -1.15138 -1.28091 -1.94891 -0.103796 0 5.61661 1.07143 -1.01012 -0.975261 0.157664 -1.02604e-17 5.98978 0.11501 -0.792319 0.698449 0.290111 -1.10457e-17 6.50583 -0.443523 -0.64236 3.10244 0.362994 -1.97295e-17 7.60548 -1.50593 -0.367649 4.69754 0.390155 -2.53307e-17 9.49737 -0.914492 -0.0910784 5.56796 0.168056 -2.90401e-17 10.5513 1.57691 0.177349 0.537241 -0.0125793 -1.29193e-17 4.78644 0.715339 0.213389 4.44324 3.34961 -1.8116e-17 4.82109 0.421791 -0.149973 -5.77457 1.52987 -2.00958e-17 4.83041 0.765062 -1.13617 -9.34637 2.55312 1.23299 -7.60731 7.53374 3.54079 -0.143906 5.94779 12.9547 3.2495 -3.26872 -88.0022 23.9334 10.7432 29.2081 0.0598081 0.137039 5.88853 -1.52452 -29.5996 24.234 0.0496219 0.113701 1.73355 -13.8006 -2.84208 -1.23299 -7.60729 7.53365 -12.3098 2.50141 -6.81822 -12.9547 3.2495 -3.26872 99.0003 40.2767 -47.8803 -29.2081 0.0598081 0.137039 -12.0292 -11.6466 88.728 -24.234 0.0496218 0.113702 0.423856 -27.3918 -5.58683 9.23673 -4.20556 2.0327 -1.8552 -8.75591 -14.5294 -0.852353 -38.7721 -0.655187 -0.421449 1.57373 -0.0216816 -2.32622 -40.4017 -6.04875 0.949956 1.10611 14.8978 0.779096 -9.8844 12.4959 -2.6862e-16 -8.0431e-16 2.15949e-17 -9.23673 -4.20556 2.0327 -5.81635 -11.2832 11.245 0.852353 -38.7721 -0.655187 1.11892 4.17819 0.0321411 2.32622 -40.4017 -6.04875 3.53066 -0.5567 -15.5995 -0.779096 -9.8844 12.4959 -3.88152e-16 -5.68841e-16 -1.27536e-14 
10.1687 93.2909 136.493 1.23702 5.12771 -1.55961 0 5.07867 -1.15138 -1.30777 -1.95525 -0.0825734 0 5.61661 1.07143 -1.03695 -0.97628 0.169009 -1.02604e-17 5.98978 0.11501 -0.815076 0.701678 0.299695 -1.10457e-17 6.50583 -0.443523 -0.660211 3.11142 0.370493 -1.97295e-17 7.60548 -1.50593 -0.378491 4.69839 0.400541 -2.53307e-17 9.49737 -0.914492 -0.0915939 5.56397 0.181455 -2.90401e-17 10.5513 1.57691 0.175033 0.530466 -0.0190174 -1.29193e-17 4.78644 0.715339 0.20868 4.52605 3.48976 -1.8116e-17 4.82109 0.421791 -0.146743 -5.79601 1.58889 -2.00958e-17 4.83041 0.765062 -1.03734 -9.33471 2.65894 1.23299 -7.60731 7.53374 3.67763 -0.162541 5.96829 12.9547 3.2495 -3.26872 -88.0528 23.7285 10.7085 29.2081 0.0598081 0.137039 5.89856 -1.53015 -29.6548 24.234 0.0496219 0.113701 1.59538 -13.7559 -2.75398 -1.23299 -7.60729 7.53365 -12.2125 2.40911 -6.82044 -12.9547 3.2495 -3.26872 98.3801 40.0997 -47.084 -29.2081 0.0598081 0.137039 -12.0312 -11.7275 89.1179 -24.234 0.0496218 0.113702 0.853015 -25.0117 -5.16991 9.23673 -4.20556 2.0327 -1.85086 -8.45194 -14.1902 -0.852353 -38.7721 -0.655187 -0.398623 1.48846 -0.0208032 -2.32622 -40.4017 -6.04875 1.00837 1.13488 14.8859 0.779096 -9.8844 12.4959 2.14216e-16 -7.89221e-16 6.50631e-18 -9.23673 -4.20556 2.0327 -5.78319 -11.0078 11.5422 0.852353 -38.7721 -0.655187 1.06459 3.97553 0.0324665 2.32622 -40.4017 -6.04875 3.5989 -0.440708 -15.5997 -0.779096 -9.8844 12.4959 -5.96354e-16 -5.59082e-16 -1.27471e-14 
10.2509 93.2633 136.523 1.30108 5.00273 -1.78361 0 5.07867 -1.15138 -1.36485 -1.95948 -0.0644165 0 5.61661 1.07143 -1.08947 -0.980806 0.176078 -1.02604e-17 5.98978 0.11501 -0.856009 0.692764 0.306037 -1.10457e-17 6.50583 -0.443523 -0.689177 3.09545 0.375477 -1.97295e-17 7.60548 -1.50593 -0.393461 4.67238 0.410186 -2.53307e-17 9.49737 -0.914492 -0.0891433 5.53268 0.191314 -2.90401e-17 10.5513 1.57691 0.173632 0.527169 -0.0223677 -1.29193e-17 4.78644 0.715339 0.203 4.54117 3.61259 -1.8116e-17 4.82109 0.421791 -0.101186 -5.79667 1.64213 -2.00958e-17 4.83041 0.765062 -0.884641 -9.28015 2.73216 1.23299 -7.60731 7.53374 3.80968 -0.157504 5.98911 12.9547 3.2495 -3.26872 -88.0892 23.597 10.7286 29.2081 0.0598081 0.137039 5.92624 -1.54577 -29.8072 24.234 0.0496219 0.113701 1.46526 -13.7073 -2.6417 -1.23299 -7.60729 7.53365 -12.0474 2.35109 -6.79171 -12.9547 3.2495 -3.26872 98.0042 39.9887 -46.5715 -29.2081 0.0598081 0.137039 -12.0327 -11.813 89.5296 -24.234 0.0496218 0.113702 1.07595 -22.7119 -4.88854 9.23673 -4.20556 2.0327 -1.94571 -8.2211 -13.9131 -0.852353 -38.7721 -0.655187 -0.369767 1.38066 -0.0196443 -2.32622 -40.4017 -6.04875 1.09476 1.08241 14.8749 0.779096 -9.8844 12.4959 4.22417e-16 -7.82715e-16 2.88531e-33 -9.23673 -4.20556 2.0327 -5.85507 -10.7766 11.7482 0.852353 -38.7721 -0.655187 1.01056 3.77393 0.032599 2.32622 -40.4017 -6.04875 3.63182 -0.53659 -15.5956 -0.779096 -9.8844 12.4959 -3.02886e-16 -5.77424e-16 -1.27562e-14 
10.3479 93.2105 136.545 1.40183 4.95764 -1.8882 0 5.07867 -1.15138 -1.44059 -1.95826 -0.0493546 0 5.61661 1.07143 -1.15783 -0.983309 0.179231 -1.02604e-17 5.98978 0.11501 -0.90832 0.680259 0.308954 -1.10457e-17 6.50583 -0.443523 -0.725514 3.06655 0.377604 -1.97295e-17 7.60548 -1.50593 -0.41229 4.63177 0.418335 -2.53307e-17 9.49737 -0.914492 -0.0876713 5.48692 0.198329 -2.90401e-17 10.5513 1.57691 0.17212 0.526488 -0.0235257 -1.29193e-17 4.78644 0.715339 0.190794 4.50506 3.68441 -1.8116e-17 4.82109 0.421791 -0.0297021 -5.79549 1.67379 -2.00958e-17 4.83041 0.765062 -0.687116 -9.21931 2.80047 1.23299 -7.60731 7.53374 3.93678 -0.132822 6.00871 12.9547 3.2495 -3.26872 -88.1197 23.5217 10.7478 29.2081 0.0598081 0.137039 5.95717 -1.56333 -29.9778 24.234 0.0496219 0.113701 1.38069 -13.6338 -2.54341 -1.23299 -7.60729 7.53365 -11.8181 2.31768 -6.74642 -12.9547 3.2495 -3.26872 97.7717 39.876 -46.1801 -29.2081 0.0598081 0.137039 -12.0333 -11.8646 89.7786 -24.234 0.0496218 0.113702 1.20147 -20.5046 -4.66835 9.23673 -4.20556 2.0327 -2.10684 -8.08224 -13.7379 -0.852353 -38.7721 -0.655187 -0.341461 1.27493 -0.0184547 -2.32622 -40.4017 -6.04875 1.17485 0.958613 14.8707 0.779096 -9.8844 12.4959 -1.64519e-16 -8.01056e-16 1.83418e-17 -9.23673 -4.20556 2.0327 -6.00379 -10.6135 11.8342 0.852353 -38.7721 -0.655187 0.965568 3.60599 0.0325639 2.32622 -40.4017 -6.04875 3.63112 -0.778034 -15.5866 -0.779096 -9.8844 12.4959 -4.92253e-16 -5.65588e-16 -1.27503e-14 
10.4648 93.1506 136.547 1.51419 4.95645 -1.88112 0 5.07867 -1.15138 -1.51554 -1.95037 -0.042088 0 5.61661 1.07143 -1.22422 -0.981327 0.175122 -1.02604e-17 5.98978 0.11501 -0.958691 0.668571 0.304504 -1.10457e-17 6.50583 -0.443523 -0.759778 3.03242 0.372665 -1.97295e-17 7.60548 -1.50593 -0.431017 4.58568 0.419254 -2.53307e-17 9.49737 -0.914492 -0.0898932 5.43386 0.19776 -2.90401e-17 10.5513 1.57691 0.169923 0.527548 -0.0239555 -1.29193e-17 4.78644 0.715339 0.17765 4.43666 3.74512 -1.8116e-17 4.82109 0.421791 0.0329896 -5.79679 1.70091 -2.00958e-17 4.83041 0.765062 -0.486547 -9.15894 2.8302 1.23299 -7.60731 7.53374 4.04821 -0.0947257 6.02144 12.9547 3.2495 -3.26872 -88.1722 23.5097 10.7438 29.2081 0.0598081 0.137039 5.98126 -1.57709 -30.1108 24.234 0.0496219 0.113701 1.34928 -13.5915 -2.48234 -1.23299 -7.60729 7.53365 -11.5814 2.3016 -6.68944 -12.9547 3.2495 -3.26872 97.5904 39.6811 -45.7651 -29.2081 0.0598081 0.137039 -12.0332 -11.8596 89.7544 -24.234 0.0496218 0.113702 1.29411 -18.4822 -4.48719 9.23673 -4.20556 2.0327 -2.30918 -8.0276 -13.6823 -0.852353 -38.7721 -0.655187 -0.321558 1.20058 -0.0175871 -2.32622 -40.4017 -6.04875 1.24278 0.826512 14.8692 0.779096 -9.8844 12.4959 -7.92528e-17 -7.98392e-16 1.56772e-17 -9.23673 -4.20556 2.0327 -6.20136 -10.5111 11.7933 0.852353 -38.7721 -0.655187 0.934331 3.48939 0.0324619 2.32622 -40.4017 -6.04875 3.60713 -1.0595 -15.5753 -0.779096 -9.8844 12.4959 -5.96354e-16 -5.59082e-16 -1.27471e-14 
10.5925 93.105 136.534 1.62279 4.89101 -1.84405 0 5.07867 -1.15138 -1.57784 -1.92344 -0.0388809 0 5.61661 1.07143 -1.27829 -0.962592 0.16776 -1.02604e-17 5.98978 0.11501 -0.999351 0.670336 0.296438 -1.10457e-17 6.50583 -0.443523 -0.786978 3.00427 0.364218 -1.97295e-17 7.60548 -1.50593 -0.44654 4.54253 0.415547 -2.53307e-17 9.49737 -0.914492 -0.0941042 5.38154 0.192091 -2.90401e-17 10.5513 1.57691 0.166298 0.529672 -0.0244837 -1.29193e-17 4.78644 0.715339 0.168981 4.35757 3.8302 -1.8116e-17 4.82109 0.421791 0.0832635 -5.80868 1.73931 -2.00958e-17 4.83041 0.765062 -0.326249 -9.09445 2.83735 1.23299 -7.60731 7.53374 4.11331 -0.053478 6.01666 12.9547 3.2495 -3.26872 -88.2054 23.4921 10.6964 29.2081 0.0598081 0.137039 5.99101 -1.58268 -30.1647 24.234 0.0496219 0.113701 1.33204 -13.6102 -2.44447 -1.23299 -7.60729 7.53365 -11.3394 2.29511 -6.62638 -12.9547 3.2495 -3.26872 97.3853 39.402 -45.2494 -29.2081 0.0598081 0.137039 -12.0322 -11.7832 89.3861 -24.234 0.0496218 0.113702 1.36777 -16.7468 -4.32466 9.23673 -4.20556 2.0327 -2.51742 -7.95337 -13.6957 -0.852353 -38.7721 -0.655187 -0.313661 1.17109 -0.0172357 -2.32622 -40.4017 -6.04875 1.29383 0.761034 14.8634 0.779096 -9.8844 12.4959 -2.6862e-16 -8.0431e-16 2.15949e-17 -9.23673 -4.20556 2.0327 -6.40631 -10.3905 11.7221 0.852353 -38.7721 -0.655187 0.918853 3.43161 0.0323877 2.32622 -40.4017 -6.04875 3.56799 -1.26408 -15.5653 -0.779096 -9.8844 12.4959 -5.96354e-16 -5.59082e-16 -1.27471e-14 
10.7157 93.0646 136.522 1.71101 4.80065 -1.84445 0 5.07867 -1.15138 -1.62137 -1.88114 -0.0346936 0 5.61661 1.07143 -1.31603 -0.933183 0.164234 -1.02604e-17 5.98978 0.11501 -1.02764 0.677718 0.292188 -1.10457e-17 6.50583 -0.443523 -0.805657 2.97322 0.359925 -1.97295e-17 7.60548 -1.50593 -0.456796 4.49397 0.41438 -2.53307e-17 9.49737 -0.914492 -0.0964395 5.32031 0.188147 -2.90401e-17 10.5513 1.57691 0.162012 0.532379 -0.0247495 -1.29193e-17 4.78644 0.715339 0.167264 4.28211 3.93319 -1.8116e-17 4.82109 0.421791 0.132913 -5.82391 1.78597 -2.00958e-17 4.83041 0.765062 -0.219105 -9.05623 2.86258 1.23299 -7.60731 7.53374 4.18007 -0.00678289 6.00333 12.9547 3.2495 -3.26872 -88.2402 23.4812 10.6218 29.2081 0.0598081 0.137039 5.98563 -1.5796 -30.135 24.234 0.0496219 0.113701 1.29484 -13.7516 -2.47785 -1.23299 -7.60729 7.53365 -11.1221 2.30826 -6.56493 -12.9547 3.2495 -3.26872 97.1762 39.0622 -44.672 -29.2081 0.0598081 0.137039 -12.0292 -11.6448 88.7194 -24.234 0.0496218 0.113702 1.44442 -15.3651 -4.14801 9.23673 -4.20556 2.0327 -2.69459 -7.85722 -13.6813 -0.852353 -38.7721 -0.655187 -0.309029 1.15378 -0.0170277 -2.32622 -40.4017 -6.04875 1.35629 0.700285 14.854 0.779096 -9.8844 12.4959 2.14216e-16 -7.89221e-16 6.50631e-18 -9.23673 -4.20556 2.0327 -6.57939 -10.2787 11.6849 0.852353 -38.7721 -0.655187 0.914179 3.41416 0.0323622 2.32622 -40.4017 -6.04875 3.54456 -1.43705 -15.5602 -0.779096 -9.8844 12.4959 -3.02886e-16 -5.77424e-16 -1.27562e-14 
10.8222 93.0166 136.514 1.7696 4.7269 -1.94044 0 5.07867 -1.15138 -1.64373 -1.82531 -0.0221369 0 5.61661 1.07143 -1.3376 -0.896815 0.1727 -1.02604e-17 5.98978 0.11501 -1.04478 0.684892 0.300272 -1.10457e-17 6.50583 -0.443523 -0.818744 2.92983 0.368331 -1.97295e-17 7.60548 -1.50593 -0.463977 4.42959 0.424832 -2.53307e-17 9.49737 -0.914492 -0.0967998 5.241 0.195504 -2.90401e-17 10.5513 1.57691 0.157248 0.535759 -0.0235971 -1.29193e-17 4.78644 0.715339 0.166612 4.17381 4.08648 -1.8116e-17 4.82109 0.421791 0.172747 -5.83815 1.85468 -2.00958e-17 4.83041 0.765062 -0.166018 -9.01697 2.8761 1.23299 -7.60731 7.53374 4.24097 0.0569838 5.96411 12.9547 3.2495 -3.26872 -88.2726 23.4519 10.559 29.2081 0.0598081 0.137039 5.98559 -1.57957 -30.1348 24.234 0.0496219 0.113701 1.24586 -14.0226 -2.52818 -1.23299 -7.60729 7.53365 -10.8672 2.34804 -6.49051 -12.9547 3.2495 -3.26872 97.0019 38.7611 -44.1285 -29.2081 0.0598081 0.137039 -12.0231 -11.473 87.8918 -24.234 0.0496218 0.113702 1.48968 -14.3987 -4.00319 9.23673 -4.20556 2.0327 -2.81468 -7.75976 -13.574 -0.852353 -38.7721 -0.655187 -0.30344 1.13291 -0.0167748 -2.32622 -40.4017 -6.04875 1.45384 0.575862 14.8442 0.779096 -9.8844 12.4959 1.28949e-16 -7.91886e-16 9.17089e-18 -9.23673 -4.20556 2.0327 -6.69229 -10.2253 11.7416 0.852353 -38.7721 -0.655187 0.921181 3.4403 0.0323999 2.32622 -40.4017 -6.04875 3.52853 -1.62897 -15.5572 -0.779096 -9.8844 12.4959 -4.92253e-16 -5.65588e-16 -1.27503e-14 
10.9146 92.967 136.505 1.80488 4.64618 -2.10436 0 5.07867 -1.15138 -1.65107 -1.7596 -0.00134651 0 5.61661 1.07143 -1.34872 -0.85325 0.191473 -1.02604e-17 5.98978 0.11501 -1.05559 0.696643 0.319112 -1.10457e-17 6.50583 -0.443523 -0.830513 2.88553 0.387583 -1.97295e-17 7.60548 -1.50593 -0.472044 4.36143 0.446021 -2.53307e-17 9.49737 -0.914492 -0.0985583 5.15866 0.214785 -2.90401e-17 10.5513 1.57691 0.151676 0.539038 -0.0208837 -1.29193e-17 4.78644 0.715339 0.155687 4.03307 4.25462 -1.8116e-17 4.82109 0.421791 0.176302 -5.85811 1.92843 -2.00958e-17 4.83041 0.765062 -0.135685 -8.97114 2.90229 1.23299 -7.60731 7.53374 4.26974 0.128348 5.89215 12.9547 3.2495 -3.26872 -88.2616 23.3883 10.4887 29.2081 0.0598081 0.137039 5.99433 -1.58459 -30.1831 24.234 0.0496219 0.113701 1.18977 -14.3691 -2.57215 -1.23299 -7.60729 7.53365 -10.5236 2.39199 -6.39376 -12.9547 3.2495 -3.26872 96.8365 38.576 -43.6324 -29.2081 0.0598081 0.137039 -12.0137 -11.2885 87.0033 -24.234 0.0496218 0.113702 1.49992 -13.8556 -3.91627 9.23673 -4.20556 2.0327 -2.89209 -7.64822 -13.3835 -0.852353 -38.7721 -0.655187 -0.297836 1.11198 -0.0165193 -2.32622 -40.4017 -6.04875 1.55737 0.418923 14.8376 0.779096 -9.8844 12.4959 -5.62089e-16 -8.22651e-16 3.99367e-17 -9.23673 -4.20556 2.0327 -6.76167 -10.2039 11.8799 0.852353 -38.7721 -0.655187 0.93887 3.50634 0.0324807 2.32622 -40.4017 -6.04875 3.52043 -1.81705 -15.5544 -0.779096 -9.8844 12.4959 -5.96354e-16 -5.59082e-16 -1.27471e-14 
10.3562 93.0254 136.484 1.82622 4.51938 -2.26009 0 5.07867 -1.15138 -1.79827 -1.72314 0.0550512 0 5.61661 1.07143 -1.48691 -0.823751 0.226584 -1.02604e-17 5.98978 0.11501 -1.16527 0.72031 0.353108 -1.10457e-17 6.50583 -0.443523 -0.915077 2.88625 0.42012 -1.97295e-17 7.60548 -1.50593 -0.523394 4.35 0.494049 -2.53307e-17 9.49737 -0.914492 -0.108236 5.15143 0.261974 -2.90401e-17 10.5513 1.57691 0.145635 0.535501 -0.0243717 -1.29193e-17 4.78644 0.715339 0.11128 3.89402 4.36912 -1.8116e-17 4.82109 0.421791 0.31104 -6.01645 1.98123 -2.00958e-17 4.83041 0.765062 0.241676 -8.95772 3.00984 1.23299 -7.60731 7.53374 4.32024 0.16783 5.80057 12.9547 3.2495 -3.26872 -87.6232 23.1871 10.1986 29.2081 0.0598081 0.137039 5.97439 -1.57316 -30.0729 24.234 0.0496219 0.113701 1.00112 -14.6391 -2.76044 -1.23299 -7.60729 7.53365 -9.85325 2.3755 -6.28798 -12.9547 3.2495 -3.26872 97.0212 38.5532 -42.9992 -29.2081 0.0598081 0.137039 -11.9993 -11.0756 85.9774 -24.234 0.0496218 0.113702 1.35161 -13.3791 -3.9956 9.23673 -4.20556 2.0327 -2.57469 -7.58873 -13.0732 -0.852353 -38.7721 -0.655187 -0.320714 1.19743 -0.0175497 -2.32622 -40.4017 -6.04875 1.60075 0.626125 14.8419 0.779096 -9.8844 12.4959 4.03583e-16 -7.77385e-16 -5.32916e-18 -9.23673 -4.20556 2.0327 -6.41836 -10.079 12.1971 0.852353 -38.7721 -0.655187 0.920565 3.438 0.0323967 2.32622 -40.4017 -6.04875 3.53726 -1.72098 -15.5306 -0.779096 -9.8844 12.4959 -5.96354e-16 -5.59082e-16 -1.27471e-14 
10.1795 93.0445 136.461 1.8593 4.39879 -2.39301 0 5.07867 -1.15138 -1.84634 -1.71484 0.0793364 0 5.61661 1.07143 -1.5337 -0.816498 0.243314 -1.02604e-17 5.98978 0.11501 -1.20404 0.725218 0.369368 -1.10457e-17 6.50583 -0.443523 -0.946468 2.88566 0.435963 -1.97295e-17 7.60548 -1.50593 -0.544272 4.34475 0.515463 -2.53307e-17 9.49737 -0.914492 -0.115245 5.14283 0.282854 -2.90401e-17 10.5513 1.57691 0.139165 0.530923 -0.024555 -1.29193e-17 4.78644 0.715339 0.0951891 3.78556 4.57877 -1.8116e-17 4.82109 0.421791 0.334244 -6.04127 2.07441 -2.00958e-17 4.83041 0.765062 0.274625 -9.03595 3.05085 1.23299 -7.60731 7.53374 4.37885 0.19862 5.72924 12.9547 3.2495 -3.26872 -87.3868 23.2119 9.97229 29.2081 0.0598081 0.137039 5.98548 -1.57951 -30.1342 24.234 0.0496219 0.113701 0.923571 -15.0457 -2.66934 -1.23299 -7.60729 7.53365 -9.41298 2.36644 -6.16486 -12.9547 3.2495 -3.26872 96.879 38.2719 -42.2769 -29.2081 0.0598081 0.137039 -11.9793 -10.8459 84.8699 -24.234 0.0496218 0.113702 1.60189 -12.6133 -3.89558 9.23673 -4.20556 2.0327 -2.49403 -7.5008 -12.8215 -0.852353 -38.7721 -0.655187 -0.327614 1.2232 -0.0178538 -2.32622 -40.4017 -6.04875 1.59882 0.726738 14.8436 0.779096 -9.8844 12.4959 2.3305e-16 -7.85379e-16 2.66458e-18 -9.23673 -4.20556 2.0327 -6.3501 -10.0255 12.4149 0.852353 -38.7721 -0.655187 0.935346 3.49318 0.0324662 2.32622 -40.4017 -6.04875 3.68232 -1.73332 -15.5281 -0.779096 -9.8844 12.4959 -8.89822e-16 -5.49911e-16 -1.27287e-14 
10.2234 93.0401 136.449 1.92697 4.35214 -2.52611 0 5.07867 -1.15138 -1.84302 -1.67657 0.095168 0 5.61661 1.07143 -1.53501 -0.794628 0.254353 -1.02604e-17 5.98978 0.11501 -1.20699 0.720048 0.382064 -1.10457e-17 6.50583 -0.443523 -0.952781 2.83588 0.448739 -1.97295e-17 7.60548 -1.50593 -0.551064 4.27551 0.529533 -2.53307e-17 9.49737 -0.914492 -0.119592 5.05968 0.296484 -2.90401e-17 10.5513 1.57691 0.130891 0.533455 -0.021121 -1.29193e-17 4.78644 0.715339 0.0815711 3.58145 4.81792 -1.8116e-17 4.82109 0.421791 0.23135 -6.05291 2.17701 -2.00958e-17 4.83041 0.765062 0.214145 -8.98881 3.04568 1.23299 -7.60731 7.53374 4.38022 0.289241 5.59057 12.9547 3.2495 -3.26872 -87.2378 23.2997 9.8658 29.2081 0.0598081 0.137039 6.00049 -1.58813 -30.2171 24.234 0.0496219 0.113701 0.812801 -15.4789 -2.62118 -1.23299 -7.60729 7.53365 -8.91419 2.37589 -5.97752 -12.9547 3.2495 -3.26872 96.6336 38.3529 -41.638 -29.2081 0.0598081 0.137039 -11.9488 -10.5655 83.516 -24.234 0.0496218 0.113702 1.58378 -11.9583 -3.62171 9.23673 -4.20556 2.0327 -2.58212 -7.45316 -12.6503 -0.852353 -38.7721 -0.655187 -0.323728 1.20869 -0.0176829 -2.32622 -40.4017 -6.04875 1.65719 0.788385 14.8281 0.779096 -9.8844 12.4959 2.48481e-17 -7.95139e-16 1.2424e-17 -9.23673 -4.20556 2.0327 -6.43425 -10.0164 12.5114 0.852353 -38.7721 -0.655187 0.938667 3.50558 0.0324799 2.32622 -40.4017 -6.04875 3.74769 -1.77871 -15.5348 -0.779096 -9.8844 12.4959 -7.00458e-16 -5.55829e-16 -1.27406e-14 
10.2638 93.0303 136.448 2.06113 4.35685 -2.70091 0 5.07867 -1.15138 -1.85496 -1.69858 0.123027 0 5.61661 1.07143 -1.55292 -0.816678 0.273939 -1.02604e-17 5.98978 0.11501 -1.22409 0.694404 0.404106 -1.10457e-17 6.50583 -0.443523 -0.972079 2.80325 0.471066 -1.97295e-17 7.60548 -1.50593 -0.566898 4.2409 0.555498 -2.53307e-17 9.49737 -0.914492 -0.127132 5.02096 0.324226 -2.90401e-17 10.5513 1.57691 0.122379 0.53436 -0.0201068 -1.29193e-17 4.78644 0.715339 0.0713027 3.42559 5.07285 -1.8116e-17 4.82109 0.421791 0.132236 -6.11742 2.28621 -2.00958e-17 4.83041 0.765062 0.120259 -8.99556 3.01869 1.23299 -7.60731 7.53374 4.31036 0.333994 5.42695 12.9547 3.2495 -3.26872 -87.0022 23.3641 9.55555 29.2081 0.0598081 0.137039 5.97101 -1.57123 -30.0542 24.234 0.0496219 0.113701 0.730057 -15.8027 -2.55545 -1.23299 -7.60729 7.53365 -8.43587 2.34964 -5.80473 -12.9547 3.2495 -3.26872 96.3937 38.6728 -40.9176 -29.2081 0.0598081 0.137039 -11.9102 -10.2764 82.1175 -24.234 0.0496218 0.113702 1.63549 -11.5379 -3.34626 9.23673 -4.20556 2.0327 -2.72477 -7.44948 -12.4912 -0.852353 -38.7721 -0.655187 -0.317599 1.1858 -0.0174114 -2.32622 -40.4017 -6.04875 1.70091 0.836203 14.8137 0.779096 -9.8844 12.4959 2.48481e-17 -7.95139e-16 1.2424e-17 -9.23673 -4.20556 2.0327 -6.57767 -10.0629 12.6656 0.852353 -38.7721 -0.655187 0.943412 3.52329 0.0324981 2.32622 -40.4017 -6.04875 3.79578 -1.89367 -15.537 -0.779096 -9.8844 12.4959 -5.96354e-16 -5.59082e-16 -1.27471e-14 
10.295 93.0252 136.451 2.22982 4.3481 -2.94323 0 5.07867 -1.15138 -1.8716 -1.71342 0.163368 0 5.61661 1.07143 -1.57583 -0.836784 0.306484 -1.02604e-17 5.98978 0.11501 -1.24533 0.665738 0.440322 -1.10457e-17 6.50583 -0.443523 -0.995567 2.75679 0.508035 -1.97295e-17 7.60548 -1.50593 -0.58292 4.18792 0.596479 -2.53307e-17 9.49737 -0.914492 -0.127896 4.96062 0.366725 -2.90401e-17 10.5513 1.57691 0.115231 0.537782 -0.0194509 -1.29193e-17 4.78644 0.715339 0.0756354 3.26359 5.31619 -1.8116e-17 4.82109 0.421791 0.0460421 -6.11749 2.38952 -2.00958e-17 4.83041 0.765062 -0.06908 -8.98934 3.01655 1.23299 -7.60731 7.53374 4.24683 0.386196 5.23467 12.9547 3.2495 -3.26872 -86.7424 23.4286 9.18037 29.2081 0.0598081 0.137039 5.89975 -1.53082 -29.6613 24.234 0.0496219 0.113701 0.573921 -16.0867 -2.56409 -1.23299 -7.60729 7.53365 -8.02208 2.34403 -5.63242 -12.9547 3.2495 -3.26872 96.2611 39.1236 -40.3161 -29.2081 0.0598081 0.137039 -11.8713 -10.0286 80.9154 -24.234 0.0496218 0.113702 1.79986 -11.353 -3.13232 9.23673 -4.20556 2.0327 -2.89048 -7.42134 -12.2707 -0.852353 -38.7721 -0.655187 -0.306157 1.14306 -0.016898 -2.32622 -40.4017 -6.04875 1.76537 0.935104 14.7907 0.779096 -9.8844 12.4959 -2.68616e-16 -8.04309e-16 2.15948e-17 -9.23673 -4.20556 2.0327 -6.73907 -10.0737 12.8611 0.852353 -38.7721 -0.655187 0.931069 3.47722 0.0324476 2.32622 -40.4017 -6.04875 3.85545 -2.001 -15.5386 -0.779096 -9.8844 12.4959 -5.96354e-16 -5.59082e-16 -1.27471e-14 
10.3164 93.0279 136.454 2.37568 4.26416 -3.25218 0 5.07867 -1.15138 -1.87219 -1.71289 0.218444 0 5.61661 1.07143 -1.58775 -0.846988 0.358945 -1.02604e-17 5.98978 0.11501 -1.26053 0.643196 0.496854 -1.10457e-17 6.50583 -0.443523 -1.01811 2.7097 0.565828 -1.97295e-17 7.60548 -1.50593 -0.598556 4.13047 0.657807 -2.53307e-17 9.49737 -0.914492 -0.125671 4.89045 0.430402 -2.90401e-17 10.5513 1.57691 0.110053 0.541235 -0.0188619 -1.29193e-17 4.78644 0.715339 0.0824348 3.14101 5.59409 -1.8116e-17 4.82109 0.421791 -0.0555318 -6.12879 2.50774 -2.00958e-17 4.83041 0.765062 -0.317515 -8.92539 2.96573 1.23299 -7.60731 7.53374 4.28094 0.438031 5.05505 12.9547 3.2495 -3.26872 -86.6233 23.5538 8.8203 29.2081 0.0598081 0.137039 5.80821 -1.47987 -29.1588 24.234 0.0496219 0.113701 0.42998 -16.2927 -2.54348 -1.23299 -7.60729 7.53365 -7.73101 2.35778 -5.49064 -12.9547 3.2495 -3.26872 96.3351 39.7028 -39.9094 -29.2081 0.0598081 0.137039 -11.8367 -9.83222 79.9604 -24.234 0.0496218 0.113702 2.00059 -11.3989 -2.93685 9.23673 -4.20556 2.0327 -3.02092 -7.315 -11.9924 -0.852353 -38.7721 -0.655187 -0.293794 1.09688 -0.0163337 -2.32622 -40.4017 -6.04875 1.84266 1.05737 14.764 0.779096 -9.8844 12.4959 5.0767e-16 -7.7088e-16 -1.18349e-17 -9.23673 -4.20556 2.0327 -6.8582 -10.0166 13.1037 0.852353 -38.7721 -0.655187 0.911546 3.40433 0.0323473 2.32622 -40.4017 -6.04875 3.92133 -2.04373 -15.539 -0.779096 -9.8844 12.4959 -5.96354e-16 -5.59082e-16 -1.27471e-14 
10.3294 93.036 136.452 2.51606 4.11903 -3.62213 0 5.07867 -1.15138 -1.8696 -1.68396 0.280248 0 5.61661 1.07143 -1.59748 -0.836036 0.419698 -1.02604e-17 5.98978 0.11501 -1.27467 0.633854 0.561673 -1.10457e-17 6.50583 -0.443523 -1.0407 2.6607 0.631942 -1.97295e-17 7.60548 -1.50593 -0.613411 4.0627 0.72703 -2.53307e-17 9.49737 -0.914492 -0.1206 4.80468 0.501949 -2.90401e-17 10.5513 1.57691 0.106371 0.546015 -0.0192137 -1.29193e-17 4.78644 0.715339 0.0912067 3.06882 5.88959 -1.8116e-17 4.82109 0.421791 -0.17282 -6.14594 2.63373 -2.00958e-17 4.83041 0.765062 -0.560339 -8.86017 2.94409 1.23299 -7.60731 7.53374 4.3861 0.493628 4.90126 12.9547 3.2495 -3.26872 -86.6222 23.6514 8.5209 29.2081 0.0598081 0.137039 5.70428 -1.42327 -28.5911 24.234 0.0496219 0.113701 0.307312 -16.4101 -2.52012 -1.23299 -7.60729 7.53365 -7.57517 2.3846 -5.39505 -12.9547 3.2495 -3.26872 96.6253 40.4181 -39.7313 -29.2081 0.0598081 0.137039 -11.8133 -9.7097 79.3634 -24.234 0.0496218 0.113702 2.18591 -11.6115 -2.78394 9.23673 -4.20556 2.0327 -3.13338 -7.13893 -11.6522 -0.852353 -38.7721 -0.655187 -0.277097 1.03452 -0.0155558 -2.32622 -40.4017 -6.04875 1.89919 1.20038 14.7377 0.779096 -9.8844 12.4959 2.33059e-16 -7.85379e-16 2.66414e-18 -9.23673 -4.20556 2.0327 -6.95959 -9.9018 13.4119 0.852353 -38.7721 -0.655187 0.884255 3.30244 0.0321654 2.32622 -40.4017 -6.04875 4.0098 -2.04705 -15.5385 -0.779096 -9.8844 12.4959 -3.0289e-16 -5.77423e-16 -1.27562e-14 
10.3284 93.0396 136.442 2.62957 3.99365 -4.05636 0 5.07867 -1.15138 -1.86422 -1.64282 0.341517 0 5.61661 1.07143 -1.60378 -0.815588 0.480847 -1.02604e-17 5.98978 0.11501 -1.2854 0.631402 0.627013 -1.10457e-17 6.50583 -0.443523 -1.05955 2.61247 0.698644 -1.97295e-17 7.60548 -1.50593 -0.624184 3.99209 0.796151 -2.53307e-17 9.49737 -0.914492 -0.111187 4.71541 0.572065 -2.90401e-17 10.5513 1.57691 0.103953 0.550221 -0.0204423 -1.29193e-17 4.78644 0.715339 0.108497 3.01926 6.2246 -1.8116e-17 4.82109 0.421791 -0.272578 -6.17767 2.77897 -2.00958e-17 4.83041 0.765062 -0.780591 -8.82902 2.94312 1.23299 -7.60731 7.53374 4.53249 0.54935 4.77195 12.9547 3.2495 -3.26872 -86.6967 23.673 8.28094 29.2081 0.0598081 0.137039 5.60214 -1.36894 -28.036 24.234 0.0496219 0.113701 0.194812 -16.4859 -2.49245 -1.23299 -7.60729 7.53365 -7.49297 2.41831 -5.33228 -12.9547 3.2495 -3.26872 97.0641 41.1978 -39.7247 -29.2081 0.0598081 0.137039 -11.8037 -9.66091 79.1254 -24.234 0.0496218 0.113702 2.34337 -11.843 -2.70299 9.23673 -4.20556 2.0327 -3.20072 -6.98042 -11.2576 -0.852353 -38.7721 -0.655187 -0.261216 0.975205 -0.014799 -2.32622 -40.4017 -6.04875 1.95784 1.29478 14.7178 0.779096 -9.8844 12.4959 2.48481e-17 -7.95139e-16 1.2424e-17 -9.23673 -4.20556 2.0327 -7.01352 -9.81219 13.7732 0.852353 -38.7721 -0.655187 0.850673 3.17705 0.0318749 2.32622 -40.4017 -6.04875 4.11626 -2.04528 -15.5381 -0.779096 -9.8844 12.4959 -4.92248e-16 -5.65588e-16 -1.27503e-14 
10.3352 93.045 136.432 2.70967 3.875 -4.53889 0 5.07867 -1.15138 -1.84704 -1.61252 0.396967 0 5.61661 1.07143 -1.59743 -0.80026 0.53744 -1.02604e-17 5.98978 0.11501 -1.28508 0.631632 0.687823 -1.10457e-17 6.50583 -0.443523 -1.06848 2.57891 0.760777 -1.97295e-17 7.60548 -1.50593 -0.627397 3.9398 0.859255 -2.53307e-17 9.49737 -0.914492 -0.0973278 4.64911 0.635075 -2.90401e-17 10.5513 1.57691 0.102865 0.552077 -0.022356 -1.29193e-17 4.78644 0.715339 0.138239 2.97902 6.58104 -1.8116e-17 4.82109 0.421791 -0.353774 -6.21555 2.93561 -2.00958e-17 4.83041 0.765062 -0.968599 -8.83229 2.98497 1.23299 -7.60731 7.53374 4.65388 0.590743 4.65742 12.9547 3.2495 -3.26872 -86.8151 23.6498 8.08793 29.2081 0.0598081 0.137039 5.50257 -1.31718 -27.4975 24.234 0.0496219 0.113701 0.104916 -16.5947 -2.4705 -1.23299 -7.60729 7.53365 -7.4585 2.44245 -5.29214 -12.9547 3.2495 -3.26872 97.5365 41.9976 -39.8163 -29.2081 0.0598081 0.137039 -11.8056 -9.67038 79.1716 -24.234 0.0496218 0.113702 2.47121 -11.9978 -2.74223 9.23673 -4.20556 2.0327 -3.2342 -6.82281 -10.8257 -0.852353 -38.7721 -0.655187 -0.245288 0.915718 -0.0140236 -2.32622 -40.4017 -6.04875 2.01278 1.36711 14.7028 0.779096 -9.8844 12.4959 2.48481e-17 -7.95139e-16 1.2424e-17 -9.23673 -4.20556 2.0327 -7.02835 -9.73579 14.1692 0.852353 -38.7721 -0.655187 0.81408 3.0404 0.0314745 2.32622 -40.4017 -6.04875 4.21179 -1.99932 -15.5366 -0.779096 -9.8844 12.4959 -5.96354e-16 -5.59082e-16 -1.27471e-14 
10.3389 93.0679 136.416 2.75651 3.6649 -5.048 0 5.07867 -1.15138 -1.82208 -1.57512 0.447064 0 5.61661 1.07143 -1.58236 -0.773245 0.588855 -1.02604e-17 5.98978 0.11501 -1.27735 0.649998 0.742785 -1.10457e-17 6.50583 -0.443523 -1.07089 2.57247 0.816767 -1.97295e-17 7.60548 -1.50593 -0.626667 3.91434 0.915427 -2.53307e-17 9.49737 -0.914492 -0.0829811 4.61367 0.690902 -2.90401e-17 10.5513 1.57691 0.102564 0.552302 -0.0253489 -1.29193e-17 4.78644 0.715339 0.173227 2.97193 6.94103 -1.8116e-17 4.82109 0.421791 -0.414393 -6.28027 3.09644 -2.00958e-17 4.83041 0.765062 -1.08703 -8.86186 3.08997 1.23299 -7.60731 7.53374 4.71104 0.607468 4.55554 12.9547 3.2495 -3.26872 -86.897 23.5496 7.90008 29.2081 0.0598081 0.137039 5.39849 -1.26435 -26.9372 24.234 0.0496219 0.113701 0.0103171 -16.7081 -2.47351 -1.23299 -7.60729 7.53365 -7.45415 2.44694 -5.28199 -12.9547 3.2495 -3.26872 97.9785 42.7427 -39.9227 -29.2081 0.0598081 0.137039 -11.8118 -9.70171 79.3244 -24.234 0.0496218 0.113702 2.57592 -11.8784 -2.82646 9.23673 -4.20556 2.0327 -3.23567 -6.57668 -10.3813 -0.852353 -38.7721 -0.655187 -0.228292 0.852244 -0.0131779 -2.32622 -40.4017 -6.04875 2.02944 1.49607 14.6904 0.779096 -9.8844 12.4959 6.11775e-16 -7.67626e-16 -1.50882e-17 -9.23673 -4.20556 2.0327 -7.0058 -9.59029 14.5799 0.852353 -38.7721 -0.655187 0.779863 2.91262 0.0310211 2.32622 -40.4017 -6.04875 4.29359 -1.84324 -15.5347 -0.779096 -9.8844 12.4959 -5.96354e-16 -5.59082e-16 -1.27471e-14 
10.3501 93.1058 136.396 2.76949 3.37892 -5.53594 0 5.07867 -1.15138 -1.78774 -1.53334 0.484662 0 5.61661 1.07143 -1.55606 -0.737602 0.628381 -1.02604e-17 5.98978 0.11501 -1.25969 0.682689 0.784864 -1.10457e-17 6.50583 -0.443523 -1.06349 2.59041 0.859544 -1.97295e-17 7.60548 -1.50593 -0.6198 3.91469 0.956799 -2.53307e-17 9.49737 -0.914492 -0.0684443 4.60662 0.731333 -2.90401e-17 10.5513 1.57691 0.102858 0.550933 -0.0296913 -1.29193e-17 4.78644 0.715339 0.214349 3.02968 7.29545 -1.8116e-17 4.82109 0.421791 -0.450405 -6.36096 3.2578 -2.00958e-17 4.83041 0.765062 -1.15277 -8.94374 3.25424 1.23299 -7.60731 7.53374 4.72721 0.594447 4.48588 12.9547 3.2495 -3.26872 -86.9831 23.3997 7.72769 29.2081 0.0598081 0.137039 5.29413 -1.21264 -26.3782 24.234 0.0496219 0.113701 -0.0706633 -16.8153 -2.4945 -1.23299 -7.60729 7.53365 -7.54406 2.43427 -5.3122 -12.9547 3.2495 -3.26872 98.3595 43.3302 -40.0132 -29.2081 0.0598081 0.137039 -11.8188 -9.73767 79.4998 -24.234 0.0496218 0.113702 2.71709 -11.2949 -2.85504 9.23673 -4.20556 2.0327 -3.21973 -6.26022 -9.95843 -0.852353 -38.7721 -0.655187 -0.211384 0.789104 -0.012318 -2.32622 -40.4017 -6.04875 2.02031 1.68104 14.6775 0.779096 -9.8844 12.4959 -6.04043e-17 -7.9455e-16 1.18349e-17 -9.23673 -4.20556 2.0327 -6.96292 -9.37276 14.9578 0.852353 -38.7721 -0.655187 0.745962 2.786 0.0304965 2.32622 -40.4017 -6.04875 4.38062 -1.596 -15.5365 -0.779096 -9.8844 12.4959 -8.89818e-16 -5.49911e-16 -1.27287e-14 
10.3875 93.1414 136.378 2.75603 3.11032 -5.95734 0 5.07867 -1.15138 -1.74953 -1.49173 0.505308 0 5.61661 1.07143 -1.52289 -0.701963 0.652165 -1.02604e-17 5.98978 0.11501 -1.23444 0.715033 0.81071 -1.10457e-17 6.50583 -0.443523 -1.04672 2.60989 0.886138 -1.97295e-17 7.60548 -1.50593 -0.605689 3.91865 0.980294 -2.53307e-17 9.49737 -0.914492 -0.05179 4.60435 0.751728 -2.90401e-17 10.5513 1.57691 0.10412 0.5498 -0.033854 -1.29193e-17 4.78644 0.715339 0.26297 3.1168 7.62958 -1.8116e-17 4.82109 0.421791 -0.448135 -6.43097 3.41231 -2.00958e-17 4.83041 0.765062 -1.15943 -9.04131 3.45154 1.23299 -7.60731 7.53374 4.71745 0.569124 4.45201 12.9547 3.2495 -3.26872 -87.0977 23.2333 7.61616 29.2081 0.0598081 0.137039 5.20645 -1.17018 -25.9104 24.234 0.0496219 0.113701 -0.121541 -16.8988 -2.5151 -1.23299 -7.60729 7.53365 -7.70171 2.4248 -5.3661 -12.9547 3.2495 -3.26872 98.6968 43.7285 -40.176 -29.2081 0.0598081 0.137039 -11.8292 -9.79198 79.7645 -24.234 0.0496218 0.113702 2.84647 -10.2675 -2.84706 9.23673 -4.20556 2.0327 -3.20751 -5.95471 -9.60019 -0.852353 -38.7721 -0.655187 -0.191877 0.71626 -0.0113028 -2.32622 -40.4017 -6.04875 2.03683 1.86007 14.6601 0.779096 -9.8844 12.4959 2.14206e-16 -7.89221e-16 6.5066e-18 -9.23673 -4.20556 2.0327 -6.921 -9.14712 15.2661 0.852353 -38.7721 -0.655187 0.708018 2.64427 0.0298204 2.32622 -40.4017 -6.04875 4.46884 -1.33997 -15.5423 -0.779096 -9.8844 12.4959 -7.0046e-16 -5.55829e-16 -1.27406e-14 
10.4648 93.1547 136.361 2.75082 2.93178 -6.23893 0 5.07867 -1.15138 -1.72643 -1.46058 0.506941 0 5.61661 1.07143 -1.49953 -0.676064 0.656981 -1.02604e-17 5.98978 0.11501 -1.21402 0.737584 0.8174 -1.10457e-17 6.50583 -0.443523 -1.02916 2.62238 0.893838 -1.97295e-17 7.60548 -1.50593 -0.589256 3.92027 0.984608 -2.53307e-17 9.49737 -0.914492 -0.0346481 4.6026 0.750714 -2.90401e-17 10.5513 1.57691 0.106647 0.549522 -0.0364937 -1.29193e-17 4.78644 0.715339 0.31327 3.19565 7.8999 -1.8116e-17 4.82109 0.421791 -0.398208 -6.4855 3.53969 -2.00958e-17 4.83041 0.765062 -1.07664 -9.14011 3.66382 1.23299 -7.60731 7.53374 4.68392 0.537641 4.45831 12.9547 3.2495 -3.26872 -87.2231 23.0736 7.56561 29.2081 0.0598081 0.137039 5.14611 -1.14146 -25.5895 24.234 0.0496219 0.113701 -0.12985 -16.9052 -2.53463 -1.23299 -7.60729 7.53365 -7.86967 2.42655 -5.42764 -12.9547 3.2495 -3.26872 99.0248 43.9375 -40.4894 -29.2081 0.0598081 0.137039 -11.8452 -9.87852 80.1857 -24.234 0.0496218 0.113702 2.89841 -8.88619 -2.86746 9.23673 -4.20556 2.0327 -3.24275 -5.74058 -9.3561 -0.852353 -38.7721 -0.655187 -0.172771 0.644917 -0.0102846 -2.32622 -40.4017 -6.04875 2.08074 1.96157 14.6439 0.779096 -9.8844 12.4959 1.28954e-16 -7.91885e-16 9.17074e-18 -9.23673 -4.20556 2.0327 -6.93348 -8.97521 15.4474 0.852353 -38.7721 -0.655187 0.671402 2.5075 0.0290789 2.32622 -40.4017 -6.04875 4.5415 -1.19219 -15.5474 -0.779096 -9.8844 12.4959 -5.96354e-16 -5.59082e-16 -1.27471e-14 
10.5846 93.1491 136.35 2.79791 2.80297 -6.33917 0 5.07867 -1.15138 -1.73193 -1.43142 0.492413 0 5.61661 1.07143 -1.49835 -0.650622 0.64394 -1.02604e-17 5.98978 0.11501 -1.2086 0.761067 0.805628 -1.10457e-17 6.50583 -0.443523 -1.01927 2.63943 0.883224 -1.97295e-17 7.60548 -1.50593 -0.57696 3.92938 0.971912 -2.53307e-17 9.49737 -0.914492 -0.0212545 4.61239 0.731516 -2.90401e-17 10.5513 1.57691 0.109822 0.549914 -0.0372601 -1.29193e-17 4.78644 0.715339 0.353821 3.26077 8.0788 -1.8116e-17 4.82109 0.421791 -0.31322 -6.53562 3.62712 -2.00958e-17 4.83041 0.765062 -0.914849 -9.24249 3.87321 1.23299 -7.60731 7.53374 4.6156 0.498475 4.49833 12.9547 3.2495 -3.26872 -87.3206 22.94 7.5361 29.2081 0.0598081 0.137039 5.11422 -1.12645 -25.4203 24.234 0.0496219 0.113701 -0.108626 -16.8086 -2.55968 -1.23299 -7.60729 7.53365 -7.99172 2.43314 -5.48574 -12.9547 3.2495 -3.26872 99.31 43.939 -40.9063 -29.2081 0.0598081 0.137039 -11.8638 -9.9842 80.6996 -24.234 0.0496218 0.113702 2.85434 -7.20443 -2.94297 9.23673 -4.20556 2.0327 -3.37536 -5.59101 -9.26675 -0.852353 -38.7721 -0.655187 -0.155456 0.580266 -0.00934125 -2.32622 -40.4017 -6.04875 2.10074 2.02374 14.6343 0.779096 -9.8844 12.4959 3.18312e-16 -7.85968e-16 3.2533e-18 -9.23673 -4.20556 2.0327 -7.05648 -8.81725 15.4591 0.852353 -38.7721 -0.655187 0.63974 2.38922 0.0283673 2.32622 -40.4017 -6.04875 4.57462 -1.16986 -15.5481 -0.779096 -9.8844 12.4959 -3.0289e-16 -5.77423e-16 -1.27562e-14 
10.7411 93.1374 136.346 2.9094 2.65734 -6.28469 0 5.07867 -1.15138 -1.75629 -1.40068 0.464686 0 5.61661 1.07143 -1.5114 -0.620245 0.615929 -1.02604e-17 5.98978 0.11501 -1.21304 0.793329 0.777906 -1.10457e-17 6.50583 -0.443523 -1.01461 2.67225 0.856519 -1.97295e-17 7.60548 -1.50593 -0.568878 3.95683 0.944129 -2.53307e-17 9.49737 -0.914492 -0.0138455 4.64417 0.69722 -2.90401e-17 10.5513 1.57691 0.112623 0.549969 -0.0369907 -1.29193e-17 4.78644 0.715339 0.380836 3.33541 8.18737 -1.8116e-17 4.82109 0.421791 -0.223817 -6.58544 3.6837 -2.00958e-17 4.83041 0.765062 -0.721245 -9.35838 4.06946 1.23299 -7.60731 7.53374 4.50976 0.448445 4.55945 12.9547 3.2495 -3.26872 -87.385 22.8614 7.50247 29.2081 0.0598081 0.137039 5.10438 -1.12185 -25.3681 24.234 0.0496219 0.113701 -0.0848554 -16.6746 -2.59113 -1.23299 -7.60729 7.53365 -8.07565 2.43238 -5.53973 -12.9547 3.2495 -3.26872 99.4806 43.7326 -41.2944 -29.2081 0.0598081 0.137039 -11.8785 -10.0719 81.1258 -24.234 0.0496218 0.113702 2.77053 -5.3052 -3.02053 9.23673 -4.20556 2.0327 -3.61169 -5.44504 -9.32638 -0.852353 -38.7721 -0.655187 -0.140519 0.524498 -0.00851186 -2.32622 -40.4017 -6.04875 2.0615 2.11016 14.6297 0.779096 -9.8844 12.4959 4.22417e-16 -7.82715e-16 2.88531e-33 -9.23673 -4.20556 2.0327 -7.29686 -8.619 15.3317 0.852353 -38.7721 -0.655187 0.613863 2.29256 0.0277371 2.32622 -40.4017 -6.04875 4.569 -1.22058 -15.5464 -0.779096 -9.8844 12.4959 -4.92245e-16 -5.65589e-16 -1.27503e-14 
10.9276 93.1251 136.345 3.04808 2.48442 -6.10517 0 5.07867 -1.15138 -1.78113 -1.37432 0.423824 0 5.61661 1.07143 -1.52281 -0.589557 0.574532 -1.02604e-17 5.98978 0.11501 -1.21552 0.831328 0.73593 -1.10457e-17 6.50583 -0.443523 -1.00708 2.72119 0.815378 -1.97295e-17 7.60548 -1.50593 -0.560645 4.00474 0.901508 -2.53307e-17 9.49737 -0.914492 -0.0116381 4.69936 0.648462 -2.90401e-17 10.5513 1.57691 0.114518 0.548786 -0.0364355 -1.29193e-17 4.78644 0.715339 0.398479 3.42925 8.24525 -1.8116e-17 4.82109 0.421791 -0.146782 -6.63474 3.71773 -2.00958e-17 4.83041 0.765062 -0.529471 -9.48787 4.26135 1.23299 -7.60731 7.53374 4.36601 0.386094 4.6249 12.9547 3.2495 -3.26872 -87.4282 22.8553 7.44442 29.2081 0.0598081 0.137039 5.10887 -1.12395 -25.3919 24.234 0.0496219 0.113701 -0.0465362 -16.565 -2.61453 -1.23299 -7.60729 7.53365 -8.1545 2.41891 -5.58479 -12.9547 3.2495 -3.26872 99.4941 43.3514 -41.5667 -29.2081 0.0598081 0.137039 -11.8861 -10.1187 81.3528 -24.234 0.0496218 0.113702 2.70064 -3.35365 -3.06286 9.23673 -4.20556 2.0327 -3.90713 -5.29049 -9.51543 -0.852353 -38.7721 -0.655187 -0.130133 0.485721 -0.00792659 -2.32622 -40.4017 -6.04875 1.99717 2.22591 14.624 0.779096 -9.8844 12.4959 -1.645e-16 -8.01056e-16 1.83412e-17 -9.23673 -4.20556 2.0327 -7.60469 -8.38577 15.1184 0.852353 -38.7721 -0.655187 0.597662 2.23203 0.0273203 2.32622 -40.4017 -6.04875 4.53946 -1.29557 -15.5463 -0.779096 -9.8844 12.4959 -5.96354e-16 -5.59082e-16 -1.27471e-14 
11.1327 93.113 136.342 3.19629 2.30133 -5.85193 0 5.07867 -1.15138 -1.80074 -1.35703 0.375296 0 5.61661 1.07143 -1.52862 -0.563318 0.525707 -1.02604e-17 5.98978 0.11501 -1.21329 0.870049 0.686086 -1.10457e-17 6.50583 -0.443523 -0.995509 2.78058 0.766382 -1.97295e-17 7.60548 -1.50593 -0.551058 4.06785 0.850474 -2.53307e-17 9.49737 -0.914492 -0.0123326 4.7723 0.591334 -2.90401e-17 10.5513 1.57691 0.115291 0.546363 -0.0356578 -1.29193e-17 4.78644 0.715339 0.411247 3.52797 8.27479 -1.8116e-17 4.82109 0.421791 -0.0754923 -6.67886 3.73909 -2.00958e-17 4.83041 0.765062 -0.356418 -9.62486 4.43821 1.23299 -7.60731 7.53374 4.1835 0.315063 4.68139 12.9547 3.2495 -3.26872 -87.4349 22.8694 7.34287 29.2081 0.0598081 0.137039 5.11897 -1.12868 -25.4455 24.234 0.0496219 0.113701 0.0103386 -16.4791 -2.6295 -1.23299 -7.60729 7.53365 -8.20472 2.39428 -5.6145 -12.9547 3.2495 -3.26872 99.3535 42.8663 -41.7043 -29.2081 0.0598081 0.137039 -11.8863 -10.1202 81.36 -24.234 0.0496218 0.113702 2.62374 -1.53904 -3.10849 9.23673 -4.20556 2.0327 -4.22934 -5.13996 -9.79457 -0.852353 -38.7721 -0.655187 -0.124236 0.463705 -0.00759117 -2.32622 -40.4017 -6.04875 1.93538 2.36217 14.614 0.779096 -9.8844 12.4959 -7.92623e-17 -7.98392e-16 1.56775e-17 -9.23673 -4.20556 2.0327 -7.94271 -8.15636 14.8838 0.852353 -38.7721 -0.655187 0.595031 2.2222 0.027251 2.32622 -40.4017 -6.04875 4.49286 -1.37689 -15.5489 -0.779096 -9.8844 12.4959 -3.02895e-16 -5.77423e-16 -1.27562e-14 
11.3427 93.1034 136.333 3.34232 2.10532 -5.57764 0 5.07867 -1.15138 -1.81204 -1.34655 0.325637 0 5.61661 1.07143 -1.52763 -0.540282 0.476559 -1.02604e-17 5.98978 0.11501 -1.2062 0.909888 0.635747 -1.10457e-17 6.50583 -0.443523 -0.981148 2.84864 0.717018 -1.97295e-17 7.60548 -1.50593 -0.54096 4.143 0.798799 -2.53307e-17 9.49737 -0.914492 -0.0151978 4.85966 0.533699 -2.90401e-17 10.5513 1.57691 0.114865 0.542455 -0.0345048 -1.29193e-17 4.78644 0.715339 0.418587 3.62012 8.28857 -1.8116e-17 4.82109 0.421791 -0.00684796 -6.72108 3.75329 -2.00958e-17 4.83041 0.765062 -0.204984 -9.76765 4.60873 1.23299 -7.60731 7.53374 3.96417 0.239115 4.71974 12.9547 3.2495 -3.26872 -87.3858 22.8826 7.18363 29.2081 0.0598081 0.137039 5.12531 -1.13166 -25.4791 24.234 0.0496219 0.113701 0.0641965 -16.4379 -2.67269 -1.23299 -7.60729 7.53365 -8.19085 2.36173 -5.62515 -12.9547 3.2495 -3.26872 99.0624 42.3249 -41.6973 -29.2081 0.0598081 0.137039 -11.8782 -10.07 81.1163 -24.234 0.0496218 0.113702 2.5264 0.0152115 -3.17058 9.23673 -4.20556 2.0327 -4.55092 -4.99942 -10.0945 -0.852353 -38.7721 -0.655187 -0.127959 0.477603 -0.00780318 -2.32622 -40.4017 -6.04875 1.87599 2.50873 14.6011 0.779096 -9.8844 12.4959 2.48481e-17 -7.95139e-16 1.2424e-17 -9.23673 -4.20556 2.0327 -8.28232 -7.95371 14.6808 0.852353 -38.7721 -0.655187 0.610924 2.28158 0.0276627 2.32622 -40.4017 -6.04875 4.43685 -1.44916 -15.5544 -0.779096 -9.8844 12.4959 -1.98785e-16 -5.8393e-16 -1.27595e-14 
11.5492 93.1006 136.312 3.45545 1.87933 -5.29991 0 5.07867 -1.15138 -1.80878 -1.33671 0.277942 0 5.61661 1.07143 -1.51531 -0.516028 0.431072 -1.02604e-17 5.98978 0.11501 -1.19148 0.953205 0.588901 -1.10457e-17 6.50583 -0.443523 -0.962883 2.92411 0.671234 -1.97295e-17 7.60548 -1.50593 -0.530088 4.22669 0.750247 -2.53307e-17 9.49737 -0.914492 -0.0201726 4.9563 0.479959 -2.90401e-17 10.5513 1.57691 0.113471 0.537303 -0.0330956 -1.29193e-17 4.78644 0.715339 0.421054 3.70062 8.28009 -1.8116e-17 4.82109 0.421791 0.0570305 -6.76445 3.75724 -2.00958e-17 4.83041 0.765062 -0.0644569 -9.89937 4.78414 1.23299 -7.60731 7.53374 3.70882 0.162559 4.73016 12.9547 3.2495 -3.26872 -87.2854 22.8907 6.96423 29.2081 0.0598081 0.137039 5.12241 -1.1303 -25.4637 24.234 0.0496219 0.113701 0.118721 -16.4468 -2.74614 -1.23299 -7.60729 7.53365 -8.12331 2.32423 -5.61727 -12.9547 3.2495 -3.26872 98.6124 41.7327 -41.5237 -29.2081 0.0598081 0.137039 -11.8596 -9.95979 80.581 -24.234 0.0496218 0.113702 2.43481 1.32523 -3.23558 9.23673 -4.20556 2.0327 -4.83399 -4.85031 -10.3808 -0.852353 -38.7721 -0.655187 -0.14089 0.525881 -0.00853261 -2.32622 -40.4017 -6.04875 1.8086 2.66093 14.5882 0.779096 -9.8844 12.4959 3.18307e-16 -7.85968e-16 3.25345e-18 -9.23673 -4.20556 2.0327 -8.58589 -7.76904 14.5213 0.852353 -38.7721 -0.655187 0.645136 2.40938 0.0284932 2.32622 -40.4017 -6.04875 4.38966 -1.47486 -15.5641 -0.779096 -9.8844 12.4959 -4.92244e-16 -5.65589e-16 -1.27503e-14 
11.7493 93.1086 136.275 3.53992 1.59825 -4.9778 0 5.07867 -1.15138 -1.79726 -1.31868 0.230854 0 5.61661 1.07143 -1.49693 -0.484293 0.387094 -1.02604e-17 5.98978 0.11501 -1.17339 1.00242 0.543134 -1.10457e-17 6.50583 -0.443523 -0.943681 3.00316 0.626436 -1.97295e-17 7.60548 -1.50593 -0.52075 4.31197 0.702528 -2.53307e-17 9.49737 -0.914492 -0.029146 5.05244 0.428523 -2.90401e-17 10.5513 1.57691 0.111252 0.531993 -0.0317336 -1.29193e-17 4.78644 0.715339 0.4189 3.76798 8.24944 -1.8116e-17 4.82109 0.421791 0.105654 -6.80798 3.75085 -2.00958e-17 4.83041 0.765062 0.0809022 -10.0045 4.94693 1.23299 -7.60731 7.53374 3.42938 0.0883716 4.71532 12.9547 3.2495 -3.26872 -87.1437 22.8895 6.6915 29.2081 0.0598081 0.137039 5.1064 -1.12279 -25.3788 24.234 0.0496219 0.113701 0.185434 -16.4567 -2.82808 -1.23299 -7.60729 7.53365 -8.03383 2.28564 -5.5907 -12.9547 3.2495 -3.26872 98.0322 41.0627 -41.1988 -29.2081 0.0598081 0.137039 -11.8286 -9.78892 79.7495 -24.234 0.0496218 0.113702 2.3413 2.48088 -3.29861 9.23673 -4.20556 2.0327 -5.08668 -4.678 -10.677 -0.852353 -38.7721 -0.655187 -0.164963 0.615763 -0.0098616 -2.32622 -40.4017 -6.04875 1.71857 2.84543 14.5757 0.779096 -9.8844 12.4959 7.15876e-16 -7.64373e-16 -1.83412e-17 -9.23673 -4.20556 2.0327 -8.86168 -7.56027 14.3577 0.852353 -38.7721 -0.655187 0.69272 2.58713 0.0295213 2.32622 -40.4017 -6.04875 4.342 -1.43479 -15.5778 -0.779096 -9.8844 12.4959 -3.02895e-16 -5.77423e-16 -1.27562e-14 
11.9346 93.121 136.223 3.5994 1.30263 -4.62496 0 5.07867 -1.15138 -1.77859 -1.29246 0.184469 0 5.61661 1.07143 -1.47327 -0.447084 0.344568 -1.02604e-17 5.98978 0.11501 -1.15206 1.05287 0.498464 -1.10457e-17 6.50583 -0.443523 -0.92297 3.07704 0.582669 -1.97295e-17 7.60548 -1.50593 -0.511682 4.3895 0.655518 -2.53307e-17 9.49737 -0.914492 -0.0404122 5.13753 0.378366 -2.90401e-17 10.5513 1.57691 0.108352 0.527184 -0.0304102 -1.29193e-17 4.78644 0.715339 0.41483 3.82768 8.2212 -1.8116e-17 4.82109 0.421791 0.147862 -6.84717 3.74544 -2.00958e-17 4.83041 0.765062 0.207572 -10.092 5.09025 1.23299 -7.60731 7.53374 3.15632 0.0226675 4.68941 12.9547 3.2495 -3.26872 -86.9833 22.8789 6.39381 29.2081 0.0598081 0.137039 5.08063 -1.11077 -25.2422 24.234 0.0496219 0.113701 0.255325 -16.4589 -2.93281 -1.23299 -7.60729 7.53365 -7.93229 2.25163 -5.55241 -12.9547 3.2495 -3.26872 97.3371 40.2931 -40.7383 -29.2081 0.0598081 0.137039 -11.7837 -9.56309 78.6476 -24.234 0.0496218 0.113702 2.23016 3.50908 -3.32111 9.23673 -4.20556 2.0327 -5.3037 -4.50911 -10.9808 -0.852353 -38.7721 -0.655187 -0.195751 0.730724 -0.0115064 -2.32622 -40.4017 -6.04875 1.62261 3.03334 14.5636 0.779096 -9.8844 12.4959 2.33069e-16 -7.85378e-16 2.66369e-18 -9.23673 -4.20556 2.0327 -9.10204 -7.35055 14.1804 0.852353 -38.7721 -0.655187 0.746533 2.78813 0.0305059 2.32622 -40.4017 -6.04875 4.29942 -1.35886 -15.5954 -0.779096 -9.8844 12.4959 9.46743e-17 -5.93101e-16 -1.27687e-14 
12.0963 93.1289 136.16 3.65888 1.03524 -4.25808 0 5.07867 -1.15138 -1.75711 -1.25702 0.139631 0 5.61661 1.07143 -1.44829 -0.406404 0.304326 -1.02604e-17 5.98978 0.11501 -1.13044 1.09877 0.456005 -1.10457e-17 6.50583 -0.443523 -0.902717 3.13469 0.541149 -1.97295e-17 7.60548 -1.50593 -0.50351 4.44689 0.610648 -2.53307e-17 9.49737 -0.914492 -0.0529616 5.19755 0.330598 -2.90401e-17 10.5513 1.57691 0.105138 0.52361 -0.0285755 -1.29193e-17 4.78644 0.715339 0.410427 3.86448 8.20421 -1.8116e-17 4.82109 0.421791 0.182833 -6.86975 3.74434 -2.00958e-17 4.83041 0.765062 0.310675 -10.1549 5.20593 1.23299 -7.60731 7.53374 2.9107 -0.0244343 4.6568 12.9547 3.2495 -3.26872 -86.8248 22.8711 6.10071 29.2081 0.0598081 0.137039 5.05152 -1.09728 -25.0882 24.234 0.0496219 0.113701 0.320205 -16.4865 -3.05311 -1.23299 -7.60729 7.53365 -7.8228 2.23345 -5.49793 -12.9547 3.2495 -3.26872 96.5903 39.4501 -40.2167 -29.2081 0.0598081 0.137039 -11.7256 -9.30028 77.3603 -24.234 0.0496218 0.113702 2.07929 4.28923 -3.30378 9.23673 -4.20556 2.0327 -5.50184 -4.37873 -11.2852 -0.852353 -38.7721 -0.655187 -0.230867 0.86186 -0.0133072 -2.32622 -40.4017 -6.04875 1.53103 3.19756 14.5535 0.779096 -9.8844 12.4959 2.48481e-17 -7.95139e-16 1.2424e-17 -9.23673 -4.20556 2.0327 -9.32536 -7.16677 13.9862 0.852353 -38.7721 -0.655187 0.800062 2.98805 0.031298 2.32622 -40.4017 -6.04875 4.26436 -1.30537 -15.614 -0.779096 -9.8844 12.4959 -3.88133e-16 -5.68842e-16 -1.27536e-14 
12.228 93.1293 136.082 3.7303 0.795774 -3.90015 0 5.07867 -1.15138 -1.73528 -1.20295 0.0982874 0 5.61661 1.07143 -1.42418 -0.35584 0.267798 -1.02604e-17 5.98978 0.11501 -1.11006 1.14272 0.417516 -1.10457e-17 6.50583 -0.443523 -0.884088 3.17147 0.503634 -1.97295e-17 7.60548 -1.50593 -0.496402 4.47567 0.569912 -2.53307e-17 9.49737 -0.914492 -0.0655088 5.22321 0.286837 -2.90401e-17 10.5513 1.57691 0.101742 0.521872 -0.0257163 -1.29193e-17 4.78644 0.715339 0.407357 3.85635 8.20388 -1.8116e-17 4.82109 0.421791 0.211625 -6.87456 3.74962 -2.00958e-17 4.83041 0.765062 0.389761 -10.173 5.28599 1.23299 -7.60731 7.53374 2.68758 -0.0408756 4.6086 12.9547 3.2495 -3.26872 -86.6604 22.8891 5.83018 29.2081 0.0598081 0.137039 5.02407 -1.08465 -24.943 24.234 0.0496219 0.113701 0.364625 -16.5822 -3.18862 -1.23299 -7.60729 7.53365 -7.67895 2.23761 -5.41779 -12.9547 3.2495 -3.26872 95.8002 38.576 -39.6656 -29.2081 0.0598081 0.137039 -11.6549 -9.01266 75.9447 -24.234 0.0496218 0.113702 1.88904 4.70636 -3.27643 9.23673 -4.20556 2.0327 -5.68704 -4.29304 -11.5799 -0.852353 -38.7721 -0.655187 -0.272324 1.01669 -0.0153301 -2.32622 -40.4017 -6.04875 1.44499 3.32895 14.5463 0.779096 -9.8844 12.4959 6.11766e-16 -7.67627e-16 -1.50877e-17 -9.23673 -4.20556 2.0327 -9.53842 -7.01578 13.8072 0.852353 -38.7721 -0.655187 0.853177 3.1864 0.0318991 2.32622 -40.4017 -6.04875 4.23177 -1.29371 -15.6313 -0.779096 -9.8844 12.4959 -3.02895e-16 -5.77423e-16 -1.27562e-14 
12.3234 93.1247 135.99 3.81965 0.54618 -3.59714 0 5.07867 -1.15138 -1.7179 -1.12828 0.0677081 0 5.61661 1.07143 -1.40608 -0.292639 0.241213 -1.02604e-17 5.98978 0.11501 -1.09562 1.18902 0.38901 -1.10457e-17 6.50583 -0.443523 -0.871567 3.19336 0.475914 -1.97295e-17 7.60548 -1.50593 -0.493193 4.48102 0.539884 -2.53307e-17 9.49737 -0.914492 -0.0779207 5.21961 0.254743 -2.90401e-17 10.5513 1.57691 0.0983346 0.521326 -0.0222902 -1.29193e-17 4.78644 0.715339 0.403639 3.81097 8.21216 -1.8116e-17 4.82109 0.421791 0.235337 -6.8629 3.75768 -2.00958e-17 4.83041 0.765062 0.449975 -10.1461 5.34284 1.23299 -7.60731 7.53374 2.49937 -0.0294618 4.54204 12.9547 3.2495 -3.26872 -86.4873 22.9311 5.57744 29.2081 0.0598081 0.137039 4.99523 -1.07146 -24.7907 24.234 0.0496219 0.113701 0.387558 -16.7404 -3.33663 -1.23299 -7.60729 7.53365 -7.51359 2.26009 -5.31838 -12.9547 3.2495 -3.26872 94.9754 37.6939 -39.0563 -29.2081 0.0598081 0.137039 -11.5686 -8.69726 74.3829 -24.234 0.0496218 0.113702 1.69702 4.75064 -3.2589 9.23673 -4.20556 2.0327 -5.85794 -4.21467 -11.8316 -0.852353 -38.7721 -0.655187 -0.319919 1.19446 -0.0175145 -2.32622 -40.4017 -6.04875 1.34862 3.4377 14.5437 0.779096 -9.8844 12.4959 -3.53849e-16 -8.1289e-16 3.01755e-17 -9.23673 -4.20556 2.0327 -9.73803 -6.86939 13.6836 0.852353 -38.7721 -0.655187 0.90459 3.37836 0.0323055 2.32622 -40.4017 -6.04875 4.18638 -1.30956 -15.6447 -0.779096 -9.8844 12.4959 -4.92244e-16 -5.65589e-16 -1.27503e-14 
12.384 93.114 135.888 3.92169 0.306289 -3.32905 0 5.07867 -1.15138 -1.70781 -1.04869 0.0476514 0 5.61661 1.07143 -1.3964 -0.228792 0.224009 -1.02604e-17 5.98978 0.11501 -1.08919 1.23064 0.369683 -1.10457e-17 6.50583 -0.443523 -0.866426 3.20233 0.457009 -1.97295e-17 7.60548 -1.50593 -0.494792 4.4696 0.519783 -2.53307e-17 9.49737 -0.914492 -0.0907256 5.19435 0.234504 -2.90401e-17 10.5513 1.57691 0.0951397 0.52081 -0.0188573 -1.29193e-17 4.78644 0.715339 0.397558 3.74775 8.20728 -1.8116e-17 4.82109 0.421791 0.249411 -6.83631 3.75854 -2.00958e-17 4.83041 0.765062 0.497144 -10.094 5.38628 1.23299 -7.60731 7.53374 2.37889 -0.00180623 4.47428 12.9547 3.2495 -3.26872 -86.3457 23.0042 5.35544 29.2081 0.0598081 0.137039 4.96479 -1.05764 -24.6302 24.234 0.0496219 0.113701 0.409252 -16.8982 -3.4866 -1.23299 -7.60729 7.53365 -7.37267 2.29276 -5.21143 -12.9547 3.2495 -3.26872 94.148 36.793 -38.3839 -29.2081 0.0598081 0.137039 -11.464 -8.354 72.67 -24.234 0.0496218 0.113702 1.53125 4.49091 -3.22118 9.23673 -4.20556 2.0327 -6.01612 -4.16421 -12.0283 -0.852353 -38.7721 -0.655187 -0.375681 1.40275 -0.0198862 -2.32622 -40.4017 -6.04875 1.26389 3.5184 14.5432 0.779096 -9.8844 12.4959 1.10086e-16 -7.95728e-16 1.30138e-17 -9.23673 -4.20556 2.0327 -9.92183 -6.72047 13.5799 0.852353 -38.7721 -0.655187 0.945992 3.53292 0.0325074 2.32622 -40.4017 -6.04875 4.13104 -1.35567 -15.6543 -0.779096 -9.8844 12.4959 -3.02895e-16 -5.77423e-16 -1.27562e-14 
12.4141 93.101 135.778 4.03513 0.0516672 -3.08272 0 5.07867 -1.15138 -1.70877 -0.964826 0.0392808 0 5.61661 1.07143 -1.39818 -0.164516 0.21634 -1.02604e-17 5.98978 0.11501 -1.09311 1.26821 0.359619 -1.10457e-17 6.50583 -0.443523 -0.870417 3.19941 0.44687 -1.97295e-17 7.60548 -1.50593 -0.502343 4.44264 0.509842 -2.53307e-17 9.49737 -0.914492 -0.104195 5.14898 0.226633 -2.90401e-17 10.5513 1.57691 0.0921537 0.520861 -0.0158045 -1.29193e-17 4.78644 0.715339 0.389677 3.67318 8.19493 -1.8116e-17 4.82109 0.421791 0.250733 -6.79758 3.75493 -2.00958e-17 4.83041 0.765062 0.533082 -9.99913 5.38924 1.23299 -7.60731 7.53374 2.31984 0.0389088 4.40187 12.9547 3.2495 -3.26872 -86.2377 23.0985 5.17713 29.2081 0.0598081 0.137039 4.93363 -1.04361 -24.466 24.234 0.0496219 0.113701 0.432046 -17.018 -3.59683 -1.23299 -7.60729 7.53365 -7.26762 2.33159 -5.09713 -12.9547 3.2495 -3.26872 93.3674 35.9078 -37.6736 -29.2081 0.0598081 0.137039 -11.3398 -7.98769 70.8249 -24.234 0.0496218 0.113702 1.37438 4.00431 -3.13683 9.23673 -4.20556 2.0327 -6.16645 -4.10397 -12.19 -0.852353 -38.7721 -0.655187 -0.432453 1.61484 -0.0220929 -2.32622 -40.4017 -6.04875 1.18802 3.59843 14.5426 0.779096 -9.8844 12.4959 1.30279e-15 -7.46032e-16 -3.66824e-17 -9.23673 -4.20556 2.0327 -10.0935 -6.5285 13.4693 0.852353 -38.7721 -0.655187 0.971006 3.62629 0.0325752 2.32622 -40.4017 -6.04875 4.06878 -1.40999 -15.6596 -0.779096 -9.8844 12.4959 -4.92244e-16 -5.65589e-16 -1.27503e-14 
12.4193 93.0853 135.665 4.15585 -0.223518 -2.84181 0 5.07867 -1.15138 -1.71718 -0.874045 0.0393868 0 5.61661 1.07143 -1.40745 -0.0973741 0.214832 -1.02604e-17 5.98978 0.11501 -1.10387 1.30369 0.355525 -1.10457e-17 6.50583 -0.443523 -0.880323 3.18543 0.442154 -1.97295e-17 7.60548 -1.50593 -0.513697 4.39997 0.506143 -2.53307e-17 9.49737 -0.914492 -0.117779 5.08283 0.226952 -2.90401e-17 10.5513 1.57691 0.089225 0.521816 -0.0135535 -1.29193e-17 4.78644 0.715339 0.381071 3.60093 8.17079 -1.8116e-17 4.82109 0.421791 0.234283 -6.74985 3.74468 -2.00958e-17 4.83041 0.765062 0.54838 -9.8738 5.36353 1.23299 -7.60731 7.53374 2.32303 0.0900489 4.32809 12.9547 3.2495 -3.26872 -86.1704 23.211 5.04072 29.2081 0.0598081 0.137039 4.8991 -1.02818 -24.2843 24.234 0.0496219 0.113701 0.450298 -17.0789 -3.67484 -1.23299 -7.60729 7.53365 -7.21665 2.37195 -4.97974 -12.9547 3.2495 -3.26872 92.6528 35.0495 -36.9337 -29.2081 0.0598081 0.137039 -11.1977 -7.60985 68.9002 -24.234 0.0496218 0.113702 1.23263 3.42492 -2.99943 9.23673 -4.20556 2.0327 -6.30874 -4.01612 -12.34 -0.852353 -38.7721 -0.655187 -0.486085 1.8152 -0.0239847 -2.32622 -40.4017 -6.04875 1.11127 3.67518 14.5439 0.779096 -9.8844 12.4959 1.47831e-16 -7.88042e-16 5.32738e-18 -9.23673 -4.20556 2.0327 -10.2535 -6.27964 13.3469 0.852353 -38.7721 -0.655187 0.979037 3.65627 0.0325883 2.32622 -40.4017 -6.04875 3.9963 -1.47078 -15.6606 -0.779096 -9.8844 12.4959 -5.96354e-16 -5.59082e-16 -1.27471e-14 
12.4031 93.0619 135.547 4.28985 -0.475767 -2.623 0 5.07867 -1.15138 -1.72904 -0.780471 0.0448639 0 5.61661 1.07143 -1.42034 -0.0313639 0.216882 -1.02604e-17 5.98978 0.11501 -1.11794 1.33271 0.355125 -1.10457e-17 6.50583 -0.443523 -0.892923 3.15605 0.440718 -1.97295e-17 7.60548 -1.50593 -0.526395 4.33779 0.506057 -2.53307e-17 9.49737 -0.914492 -0.130237 4.99249 0.232008 -2.90401e-17 10.5513 1.57691 0.0863469 0.523704 -0.0120798 -1.29193e-17 4.78644 0.715339 0.374881 3.52939 8.15222 -1.8116e-17 4.82109 0.421791 0.202167 -6.69244 3.7356 -2.00958e-17 4.83041 0.765062 0.526607 -9.73747 5.31196 1.23299 -7.60731 7.53374 2.37807 0.155264 4.25262 12.9547 3.2495 -3.26872 -86.1424 23.3362 4.94711 29.2081 0.0598081 0.137039 4.86354 -1.01243 -24.0975 24.234 0.0496219 0.113701 0.446596 -17.1293 -3.73833 -1.23299 -7.60729 7.53365 -7.21203 2.41567 -4.86072 -12.9547 3.2495 -3.26872 92.011 34.2459 -36.1816 -29.2081 0.0598081 0.137039 -11.0434 -7.23776 66.9805 -24.234 0.0496218 0.113702 1.10978 2.87552 -2.81964 9.23673 -4.20556 2.0327 -6.44657 -3.95236 -12.4735 -0.852353 -38.7721 -0.655187 -0.541518 2.02229 -0.0257431 -2.32622 -40.4017 -6.04875 1.03777 3.72054 14.5481 0.779096 -9.8844 12.4959 8.011e-16 -7.6171e-16 -2.10043e-17 -9.23673 -4.20556 2.0327 -10.4091 -6.03044 13.224 0.852353 -38.7721 -0.655187 0.974907 3.64085 0.0325821 2.32622 -40.4017 -6.04875 3.92287 -1.56858 -15.6579 -0.779096 -9.8844 12.4959 -9.44314e-18 -5.86593e-16 -1.27654e-14 
12.3668 93.0295 135.426 4.42584 -0.674047 -2.43718 0 5.07867 -1.15138 -1.74214 -0.69342 0.0528112 0 5.61661 1.07143 -1.43446 0.0261209 0.219973 -1.02604e-17 5.98978 0.11501 -1.13285 1.34972 0.356284 -1.10457e-17 6.50583 -0.443523 -0.905987 3.10897 0.440576 -1.97295e-17 7.60548 -1.50593 -0.5387 4.25598 0.507293 -2.53307e-17 9.49737 -0.914492 -0.140693 4.87997 0.238844 -2.90401e-17 10.5513 1.57691 0.0836534 0.526547 -0.0110209 -1.29193e-17 4.78644 0.715339 0.375117 3.43961 8.15777 -1.8116e-17 4.82109 0.421791 0.158688 -6.62347 3.73647 -2.00958e-17 4.83041 0.765062 0.475464 -9.58543 5.23969 1.23299 -7.60731 7.53374 2.45405 0.236449 4.16813 12.9547 3.2495 -3.26872 -86.1309 23.4609 4.89231 29.2081 0.0598081 0.137039 4.83026 -0.997817 -23.9229 24.234 0.0496219 0.113701 0.429729 -17.2119 -3.77672 -1.23299 -7.60729 7.53365 -7.22126 2.46354 -4.73555 -12.9547 3.2495 -3.26872 91.4337 33.5297 -35.4478 -29.2081 0.0598081 0.137039 -10.8862 -6.891 65.1668 -24.234 0.0496218 0.113702 1.01146 2.4315 -2.6233 9.23673 -4.20556 2.0327 -6.56883 -3.94055 -12.5886 -0.852353 -38.7721 -0.655187 -0.597764 2.23241 -0.0273225 -2.32622 -40.4017 -6.04875 0.982465 3.71645 14.5539 0.779096 -9.8844 12.4959 9.24102e-16 -7.54613e-16 -2.81017e-17 -9.23673 -4.20556 2.0327 -10.5468 -5.82502 13.1107 0.852353 -38.7721 -0.655187 0.962755 3.5955 0.0325574 2.32622 -40.4017 -6.04875 3.84112 -1.70502 -15.6517 -0.779096 -9.8844 12.4959 -3.88124e-16 -5.68843e-16 -1.27536e-14 
12.3103 92.9962 135.299 4.55635 -0.869785 -2.29093 0 5.07867 -1.15138 -1.75906 -0.613379 0.0652024 0 5.61661 1.07143 -1.45232 0.0776834 0.225881 -1.02604e-17 5.98978 0.11501 -1.15072 1.36157 0.360679 -1.10457e-17 6.50583 -0.443523 -0.921666 3.05686 0.443463 -1.97295e-17 7.60548 -1.50593 -0.552297 4.16922 0.512081 -2.53307e-17 9.49737 -0.914492 -0.150137 4.76295 0.249545 -2.90401e-17 10.5513 1.57691 0.0809677 0.529955 -0.0104561 -1.29193e-17 4.78644 0.715339 0.378267 3.33417 8.17889 -1.8116e-17 4.82109 0.421791 0.110679 -6.55541 3.7439 -2.00958e-17 4.83041 0.765062 0.422693 -9.41762 5.16619 1.23299 -7.60731 7.53374 2.52485 0.323826 4.07259 12.9547 3.2495 -3.26872 -86.0988 23.5586 4.84434 29.2081 0.0598081 0.137039 4.79349 -0.981808 -23.7302 24.234 0.0496219 0.113701 0.399256 -17.3067 -3.78121 -1.23299 -7.60729 7.53365 -7.21105 2.50741 -4.61085 -12.9547 3.2495 -3.26872 90.919 32.9297 -34.742 -29.2081 0.0598081 0.137039 -10.7324 -6.57719 63.5021 -24.234 0.0496218 0.113702 0.94214 2.15692 -2.41791 9.23673 -4.20556 2.0327 -6.66917 -3.93271 -12.6832 -0.852353 -38.7721 -0.655187 -0.654307 2.44364 -0.0287023 -2.32622 -40.4017 -6.04875 0.932975 3.69919 14.5607 0.779096 -9.8844 12.4959 2.33078e-16 -7.85378e-16 2.66325e-18 -9.23673 -4.20556 2.0327 -10.6589 -5.64791 13.0367 0.852353 -38.7721 -0.655187 0.956033 3.5704 0.0325395 2.32622 -40.4017 -6.04875 3.7384 -1.83885 -15.6418 -0.779096 -9.8844 12.4959 -5.96354e-16 -5.59082e-16 -1.27471e-14 
12.2352 92.9636 135.169 4.68664 -1.06313 -2.17075 0 5.07867 -1.15138 -1.7817 -0.542803 0.0808827 0 5.61661 1.07143 -1.47578 0.122758 0.233851 -1.02604e-17 5.98978 0.11501 -1.17305 1.37067 0.367429 -1.10457e-17 6.50583 -0.443523 -0.941069 3.00743 0.448553 -1.97295e-17 7.60548 -1.50593 -0.568242 4.08767 0.51982 -2.53307e-17 9.49737 -0.914492 -0.159863 4.65309 0.263417 -2.90401e-17 10.5513 1.57691 0.0783039 0.53331 -0.0106197 -1.29193e-17 4.78644 0.715339 0.378286 3.23709 8.20319 -1.8116e-17 4.82109 0.421791 0.0577159 -6.49963 3.75238 -2.00958e-17 4.83041 0.765062 0.370059 -9.269 5.10451 1.23299 -7.60731 7.53374 2.6025 0.408084 3.98052 12.9547 3.2495 -3.26872 -86.0463 23.6453 4.78703 29.2081 0.0598081 0.137039 4.75031 -0.963197 -23.5043 24.234 0.0496219 0.113701 0.339513 -17.4132 -3.78166 -1.23299 -7.60729 7.53365 -7.18471 2.54068 -4.49717 -12.9547 3.2495 -3.26872 90.4729 32.4402 -34.0745 -29.2081 0.0598081 0.137039 -10.5877 -6.30144 62.0192 -24.234 0.0496218 0.113702 0.901143 2.07401 -2.16851 9.23673 -4.20556 2.0327 -6.75516 -3.92856 -12.757 -0.852353 -38.7721 -0.655187 -0.710651 2.65411 -0.0298699 -2.32622 -40.4017 -6.04875 0.878832 3.68104 14.5695 0.779096 -9.8844 12.4959 2.48481e-17 -7.95139e-16 1.2424e-17 -9.23673 -4.20556 2.0327 -10.7555 -5.50287 12.982 0.852353 -38.7721 -0.655187 0.958398 3.57923 0.0325461 2.32622 -40.4017 -6.04875 3.63186 -1.9737 -15.6309 -0.779096 -9.8844 12.4959 -3.029e-16 -5.77423e-16 -1.27562e-14 
12.1411 92.9311 135.035 4.80509 -1.25519 -2.10017 0 5.07867 -1.15138 -1.80426 -0.479285 0.10055 0 5.61661 1.07143 -1.49996 0.163238 0.245567 -1.02604e-17 5.98978 0.11501 -1.19606 1.3786 0.378312 -1.10457e-17 6.50583 -0.443523 -0.961647 2.96144 0.457804 -1.97295e-17 7.60548 -1.50593 -0.584736 4.01207 0.53204 -2.53307e-17 9.49737 -0.914492 -0.168757 4.55178 0.281295 -2.90401e-17 10.5513 1.57691 0.0756466 0.536436 -0.0112232 -1.29193e-17 4.78644 0.715339 0.376743 3.14566 8.25494 -1.8116e-17 4.82109 0.421791 0.00381343 -6.45742 3.77316 -2.00958e-17 4.83041 0.765062 0.303928 -9.13332 5.03695 1.23299 -7.60731 7.53374 2.67929 0.491459 3.89133 12.9547 3.2495 -3.26872 -85.9856 23.7265 4.73509 29.2081 0.0598081 0.137039 4.70669 -0.944598 -23.2765 24.234 0.0496219 0.113701 0.264372 -17.5319 -3.76725 -1.23299 -7.60729 7.53365 -7.12781 2.56705 -4.39432 -12.9547 3.2495 -3.26872 90.0834 32.0713 -33.4629 -29.2081 0.0598081 0.137039 -10.4617 -6.0744 60.7825 -24.234 0.0496218 0.113702 0.881781 2.12266 -1.8896 9.23673 -4.20556 2.0327 -6.81354 -3.92413 -12.8071 -0.852353 -38.7721 -0.655187 -0.766036 2.86098 -0.0308157 -2.32622 -40.4017 -6.04875 0.835202 3.65183 14.5784 0.779096 -9.8844 12.4959 -5.6206e-16 -8.2265e-16 3.99354e-17 -9.23673 -4.20556 2.0327 -10.8235 -5.40823 12.9709 0.852353 -38.7721 -0.655187 0.975891 3.64453 0.0325837 2.32622 -40.4017 -6.04875 3.52905 -2.10998 -15.6194 -0.779096 -9.8844 12.4959 -4.92239e-16 -5.65589e-16 -1.27503e-14 
12.294 92.9148 135.488 4.91799 -1.4399 -2.06911 0 5.07867 -1.15138 -1.76234 -0.650362 0.107483 0 5.61661 1.07143 -1.4637 0.0271215 0.251559 -1.02604e-17 5.98978 0.11501 -1.17087 1.27945 0.383096 -1.10457e-17 6.50583 -0.443523 -0.947419 2.92652 0.460944 -1.97295e-17 7.60548 -1.50593 -0.581388 4.02335 0.533033 -2.53307e-17 9.49737 -0.914492 -0.175151 4.57676 0.288902 -2.90401e-17 10.5513 1.57691 0.0708645 0.534602 -0.00985748 -1.29193e-17 4.78644 0.715339 0.380305 3.07416 8.35124 -1.8116e-17 4.82109 0.421791 -0.196179 -6.25284 3.81216 -2.00958e-17 4.83041 0.765062 0.194594 -8.85431 4.97754 1.23299 -7.60731 7.53374 2.59843 0.50143 3.8409 12.9547 3.2495 -3.26872 -86.1543 23.8181 5.08568 29.2081 0.0598081 0.137039 4.66089 -0.925292 -23.0376 24.234 0.0496219 0.113701 0.204751 -17.6277 -3.72381 -1.23299 -7.60729 7.53365 -7.00913 2.52693 -4.32475 -12.9547 3.2495 -3.26872 89.5349 31.8153 -33.2428 -29.2081 0.0598081 0.137039 -10.3627 -5.90373 59.843 -24.234 0.0496218 0.113702 1.03605 2.24478 -1.59473 9.23673 -4.20556 2.0327 -7.03466 -3.23996 -12.863 -0.852353 -38.7721 -0.655187 -0.681276 2.54438 -0.029287 -2.32622 -40.4017 -6.04875 0.810224 3.53444 14.5839 0.779096 -9.8844 12.4959 -7.70291e-16 -8.32411e-16 4.96962e-17 -9.23673 -4.20556 2.0327 -11.0409 -4.69885 12.9144 0.852353 -38.7721 -0.655187 0.876598 3.27385 0.0321056 2.32622 -40.4017 -6.04875 3.48841 -2.34684 -15.6258 -0.779096 -9.8844 12.4959 -5.96354e-16 -5.59082e-16 -1.27471e-14 
12.3162 92.8992 135.63 5.01489 -1.59415 -2.07694 0 5.07867 -1.15138 -1.73902 -0.746231 0.127916 0 5.61661 1.07143 -1.45142 -0.0434779 0.271625 -1.02604e-17 5.98978 0.11501 -1.16663 1.23533 0.40237 -1.10457e-17 6.50583 -0.443523 -0.952953 2.93094 0.479538 -1.97295e-17 7.60548 -1.50593 -0.592639 4.05415 0.55342 -2.53307e-17 9.49737 -0.914492 -0.189024 4.61926 0.313993 -2.90401e-17 10.5513 1.57691 0.0670665 0.530774 -0.00969412 -1.29193e-17 4.78644 0.715339 0.357908 2.96499 8.33202 -1.8116e-17 4.82109 0.421791 -0.275125 -6.30212 3.79858 -2.00958e-17 4.83041 0.765062 0.0977485 -8.60984 5.05892 1.23299 -7.60731 7.53374 2.43713 0.487668 3.76371 12.9547 3.2495 -3.26872 -85.9847 23.7523 5.12532 29.2081 0.0598081 0.137039 4.61786 -0.907358 -22.8136 24.234 0.0496219 0.113701 0.0616051 -17.575 -3.68074 -1.23299 -7.60729 7.53365 -6.68605 2.466 -4.2411 -12.9547 3.2495 -3.26872 89.1266 31.7299 -32.926 -29.2081 0.0598081 0.137039 -10.2905 -5.78324 59.1742 -24.234 0.0496218 0.113702 0.911112 2.2736 -1.33629 9.23673 -4.20556 2.0327 -7.14973 -2.90208 -12.8952 -0.852353 -38.7721 -0.655187 -0.645165 2.40949 -0.0284933 -2.32622 -40.4017 -6.04875 0.810182 3.50039 14.5823 0.779096 -9.8844 12.4959 4.03526e-16 -7.77388e-16 -5.32649e-18 -9.23673 -4.20556 2.0327 -11.1391 -4.36569 13.0163 0.852353 -38.7721 -0.655187 0.831178 3.10425 0.0316725 2.32622 -40.4017 -6.04875 3.31239 -2.43543 -15.6125 -0.779096 -9.8844 12.4959 -8.89808e-16 -5.49911e-16 -1.27287e-14 
12.256 92.8724 135.586 5.09358 -1.73495 -2.10723 0 5.07867 -1.15138 -1.73591 -0.750001 0.148871 0 5.61661 1.07143 -1.45477 -0.0488178 0.28583 -1.02604e-17 5.98978 0.11501 -1.17241 1.22048 0.417093 -1.10457e-17 6.50583 -0.443523 -0.96319 2.89845 0.493296 -1.97295e-17 7.60548 -1.50593 -0.603195 4.01239 0.56945 -2.53307e-17 9.49737 -0.914492 -0.196033 4.57524 0.332566 -2.90401e-17 10.5513 1.57691 0.0626927 0.533892 -0.00989265 -1.29193e-17 4.78644 0.715339 0.355036 2.83388 8.4497 -1.8116e-17 4.82109 0.421791 -0.352949 -6.25472 3.84835 -2.00958e-17 4.83041 0.765062 -0.00755116 -8.45263 4.98385 1.23299 -7.60731 7.53374 2.24241 0.559382 3.62265 12.9547 3.2495 -3.26872 -85.7894 23.7366 5.1057 29.2081 0.0598081 0.137039 4.57539 -0.889847 -22.5928 24.234 0.0496219 0.113701 0.0548997 -17.634 -3.61069 -1.23299 -7.60729 7.53365 -6.31841 2.45639 -4.11906 -12.9547 3.2495 -3.26872 88.7098 31.7319 -32.4947 -29.2081 0.0598081 0.137039 -10.2295 -5.6838 58.6186 -24.234 0.0496218 0.113702 0.815086 2.20066 -1.02718 9.23673 -4.20556 2.0327 -7.17799 -2.78895 -12.9011 -0.852353 -38.7721 -0.655187 -0.654581 2.44466 -0.0287085 -2.32622 -40.4017 -6.04875 0.747129 3.41848 14.598 0.779096 -9.8844 12.4959 -3.5383e-16 -8.12889e-16 3.01746e-17 -9.23673 -4.20556 2.0327 -11.1821 -4.30146 13.1348 0.852353 -38.7721 -0.655187 0.850252 3.17548 0.0318708 2.32622 -40.4017 -6.04875 3.27312 -2.57926 -15.61 -0.779096 -9.8844 12.4959 -9.93923e-16 -5.46658e-16 -1.27222e-14 
12.1928 92.8418 135.543 5.16613 -1.89674 -2.13972 0 5.07867 -1.15138 -1.71661 -0.772959 0.171971 0 5.61661 1.07143 -1.44489 -0.0680273 0.30657 -1.02604e-17 5.98978 0.11501 -1.16922 1.19825 0.438869 -1.10457e-17 6.50583 -0.443523 -0.968201 2.87257 0.5145 -1.97295e-17 7.60548 -1.50593 -0.611177 3.98498 0.592235 -2.53307e-17 9.49737 -0.914492 -0.202082 4.5425 0.3596 -2.90401e-17 10.5513 1.57691 0.0598455 0.535133 -0.0102099 -1.29193e-17 4.78644 0.715339 0.351526 2.71294 8.50468 -1.8116e-17 4.82109 0.421791 -0.443685 -6.17521 3.86725 -2.00958e-17 4.83041 0.765062 -0.113113 -8.28017 4.96162 1.23299 -7.60731 7.53374 2.16553 0.609508 3.52105 12.9547 3.2495 -3.26872 -85.6591 23.7958 5.02011 29.2081 0.0598081 0.137039 4.50984 -0.863198 -22.2528 24.234 0.0496219 0.113701 -0.03897 -17.6678 -3.56608 -1.23299 -7.60729 7.53365 -6.06882 2.43631 -4.0295 -12.9547 3.2495 -3.26872 88.294 31.7244 -32.1156 -29.2081 0.0598081 0.137039 -10.2115 -5.65493 58.4567 -24.234 0.0496218 0.113702 0.941548 1.9834 -0.89034 9.23673 -4.20556 2.0327 -7.20394 -2.67164 -12.9131 -0.852353 -38.7721 -0.655187 -0.673619 2.51578 -0.0291258 -2.32622 -40.4017 -6.04875 0.731951 3.33465 14.6062 0.779096 -9.8844 12.4959 -4.76836e-16 -8.1407e-16 3.13553e-17 -9.23673 -4.20556 2.0327 -11.2079 -4.25067 13.2593 0.852353 -38.7721 -0.655187 0.886354 3.31028 0.0321811 2.32622 -40.4017 -6.04875 3.12411 -2.72001 -15.6045 -0.779096 -9.8844 12.4959 -7.00469e-16 -5.55828e-16 -1.27406e-14 
12.1256 92.805 135.502 5.23548 -2.04587 -2.18692 0 5.07867 -1.15138 -1.69365 -0.799718 0.190139 0 5.61661 1.07143 -1.43123 -0.0917127 0.323704 -1.02604e-17 5.98978 0.11501 -1.16224 1.17219 0.457606 -1.10457e-17 6.50583 -0.443523 -0.969423 2.84289 0.532859 -1.97295e-17 7.60548 -1.50593 -0.616123 3.9559 0.611535 -2.53307e-17 9.49737 -0.914492 -0.206833 4.51015 0.381044 -2.90401e-17 10.5513 1.57691 0.0571224 0.536521 -0.0108506 -1.29193e-17 4.78644 0.715339 0.343071 2.64355 8.59178 -1.8116e-17 4.82109 0.421791 -0.536504 -6.11572 3.90097 -2.00958e-17 4.83041 0.765062 -0.231065 -8.10002 4.9197 1.23299 -7.60731 7.53374 2.11809 0.663993 3.43077 12.9547 3.2495 -3.26872 -85.5986 23.8862 4.98018 29.2081 0.0598081 0.137039 4.44776 -0.838377 -21.9314 24.234 0.0496219 0.113701 -0.113877 -17.7134 -3.51787 -1.23299 -7.60729 7.53365 -5.8118 2.41821 -3.94971 -12.9547 3.2495 -3.26872 87.9847 31.8416 -31.8365 -29.2081 0.0598081 0.137039 -10.2067 -5.64718 58.4133 -24.234 0.0496218 0.113702 0.979291 1.63498 -0.732395 9.23673 -4.20556 2.0327 -7.22139 -2.56006 -12.9064 -0.852353 -38.7721 -0.655187 -0.691514 2.58263 -0.0294965 -2.32622 -40.4017 -6.04875 0.718573 3.21521 14.6161 0.779096 -9.8844 12.4959 -6.66175e-16 -8.25904e-16 4.3189e-17 -9.23673 -4.20556 2.0327 -11.2327 -4.21843 13.4004 0.852353 -38.7721 -0.655187 0.924543 3.45285 0.0324168 2.32622 -40.4017 -6.04875 3.04799 -2.90883 -15.6045 -0.779096 -9.8844 12.4959 -5.96354e-16 -5.59082e-16 -1.27471e-14 
12.0528 92.7654 135.46 5.30072 -2.16379 -2.25843 0 5.07867 -1.15138 -1.67178 -0.831952 0.210163 0 5.61661 1.07143 -1.41845 -0.120007 0.343976 -1.02604e-17 5.98978 0.11501 -1.15575 1.14272 0.479477 -1.10457e-17 6.50583 -0.443523 -0.9706 2.81257 0.554749 -1.97295e-17 7.60548 -1.50593 -0.619725 3.92914 0.634206 -2.53307e-17 9.49737 -0.914492 -0.208804 4.4793 0.405401 -2.90401e-17 10.5513 1.57691 0.0551709 0.537853 -0.0114711 -1.29193e-17 4.78644 0.715339 0.334565 2.59688 8.63987 -1.8116e-17 4.82109 0.421791 -0.611135 -6.05539 3.91678 -2.00958e-17 4.83041 0.765062 -0.348473 -7.92306 4.91539 1.23299 -7.60731 7.53374 2.1295 0.707258 3.37259 12.9547 3.2495 -3.26872 -85.6283 24.0035 4.94636 29.2081 0.0598081 0.137039 4.38356 -0.813131 -21.5998 24.234 0.0496219 0.113701 -0.167945 -17.7129 -3.46298 -1.23299 -7.60729 7.53365 -5.63579 2.40667 -3.89778 -12.9547 3.2495 -3.26872 87.8 31.9882 -31.6324 -29.2081 0.0598081 0.137039 -10.215 -5.66049 58.4879 -24.234 0.0496218 0.113702 0.997032 1.23062 -0.552844 9.23673 -4.20556 2.0327 -7.23171 -2.46347 -12.8833 -0.852353 -38.7721 -0.655187 -0.701553 2.62012 -0.0296953 -2.32622 -40.4017 -6.04875 0.713326 3.0777 14.6281 0.779096 -9.8844 12.4959 -1.83382e-16 -8.04899e-16 2.21848e-17 -9.23673 -4.20556 2.0327 -11.2444 -4.22835 13.5464 0.852353 -38.7721 -0.655187 0.964355 3.60147 0.0325612 2.32622 -40.4017 -6.04875 2.93999 -3.10233 -15.601 -0.779096 -9.8844 12.4959 -5.96354e-16 -5.59082e-16 -1.27471e-14 
12.0089 92.7456 135.47 5.35804 -2.26547 -2.32953 0 5.07867 -1.15138 -1.63877 -0.906819 0.222979 0 5.61661 1.07143 -1.39414 -0.177677 0.358431 -1.02604e-17 5.98978 0.11501 -1.13964 1.10189 0.495046 -1.10457e-17 6.50583 -0.443523 -0.963975 2.79978 0.570163 -1.97295e-17 7.60548 -1.50593 -0.619112 3.9362 0.649498 -2.53307e-17 9.49737 -0.914492 -0.211715 4.4931 0.422169 -2.90401e-17 10.5513 1.57691 0.0530825 0.535618 -0.0127682 -1.29193e-17 4.78644 0.715339 0.322118 2.58328 8.6981 -1.8116e-17 4.82109 0.421791 -0.707843 -5.98522 3.93759 -2.00958e-17 4.83041 0.765062 -0.474048 -7.75602 4.89968 1.23299 -7.60731 7.53374 2.11965 0.725431 3.33581 12.9547 3.2495 -3.26872 -85.7373 24.0764 4.98861 29.2081 0.0598081 0.137039 4.32847 -0.791807 -21.3158 24.234 0.0496219 0.113701 -0.18877 -17.6402 -3.39205 -1.23299 -7.60729 7.53365 -5.44758 2.36775 -3.85933 -12.9547 3.2495 -3.26872 87.5848 32.0995 -31.4908 -29.2081 0.0598081 0.137039 -10.2472 -5.71238 58.7787 -24.234 0.0496218 0.113702 1.05924 0.871099 -0.509783 9.23673 -4.20556 2.0327 -7.25311 -2.31551 -12.8605 -0.852353 -38.7721 -0.655187 -0.692316 2.58562 -0.0295126 -2.32622 -40.4017 -6.04875 0.67369 3.00972 14.6402 0.779096 -9.8844 12.4959 -5.6206e-16 -8.2265e-16 3.99354e-17 -9.23673 -4.20556 2.0327 -11.268 -4.17774 13.6643 0.852353 -38.7721 -0.655187 0.9805 3.66173 0.0325902 2.32622 -40.4017 -6.04875 2.88593 -3.22443 -15.6031 -0.779096 -9.8844 12.4959 -5.96354e-16 -5.59082e-16 -1.27471e-14 
11.9535 92.7217 135.464 5.40957 -2.35931 -2.42738 0 5.07867 -1.15138 -1.60776 -0.964625 0.239836 0 5.61661 1.07143 -1.37244 -0.222554 0.377266 -1.02604e-17 5.98978 0.11501 -1.12593 1.06853 0.514893 -1.10457e-17 6.50583 -0.443523 -0.95948 2.78606 0.589901 -1.97295e-17 7.60548 -1.50593 -0.619314 3.9368 0.669495 -2.53307e-17 9.49737 -0.914492 -0.21341 4.49683 0.443567 -2.90401e-17 10.5513 1.57691 0.0518354 0.534098 -0.014204 -1.29193e-17 4.78644 0.715339 0.308288 2.58204 8.72242 -1.8116e-17 4.82109 0.421791 -0.779837 -5.93273 3.94262 -2.00958e-17 4.83041 0.765062 -0.59302 -7.58218 4.89949 1.23299 -7.60731 7.53374 2.12697 0.740443 3.31037 12.9547 3.2495 -3.26872 -85.8409 24.1185 5.02646 29.2081 0.0598081 0.137039 4.27647 -0.77197 -21.0483 24.234 0.0496219 0.113701 -0.228404 -17.5146 -3.32028 -1.23299 -7.60729 7.53365 -5.29226 2.33388 -3.83566 -12.9547 3.2495 -3.26872 87.4434 32.2138 -31.3525 -29.2081 0.0598081 0.137039 -10.2834 -5.77158 59.1092 -24.234 0.0496218 0.113702 1.08139 0.526041 -0.529213 9.23673 -4.20556 2.0327 -7.25888 -2.19306 -12.8259 -0.852353 -38.7721 -0.655187 -0.686887 2.56534 -0.0294027 -2.32622 -40.4017 -6.04875 0.644725 2.92051 14.6519 0.779096 -9.8844 12.4959 -1.06374e-15 -8.41581e-16 5.88665e-17 -9.23673 -4.20556 2.0327 -11.2717 -4.1638 13.8054 0.852353 -38.7721 -0.655187 1.00081 3.73754 0.0326026 2.32622 -40.4017 -6.04875 2.7912 -3.34282 -15.5998 -0.779096 -9.8844 12.4959 -5.96354e-16 -5.59082e-16 -1.27471e-14 
11.8873 92.6945 135.445 5.45831 -2.44379 -2.55973 0 5.07867 -1.15138 -1.58393 -0.989923 0.258061 0 5.61661 1.07143 -1.35645 -0.24526 0.3958 -1.02604e-17 5.98978 0.11501 -1.11627 1.04459 0.53429 -1.10457e-17 6.50583 -0.443523 -0.956879 2.7595 0.608919 -1.97295e-17 7.60548 -1.50593 -0.619296 3.91256 0.6888 -2.53307e-17 9.49737 -0.914492 -0.212491 4.46873 0.463795 -2.90401e-17 10.5513 1.57691 0.0509484 0.534556 -0.0160208 -1.29193e-17 4.78644 0.715339 0.301017 2.58954 8.75807 -1.8116e-17 4.82109 0.421791 -0.833859 -5.85916 3.9534 -2.00958e-17 4.83041 0.765062 -0.701682 -7.41557 4.88421 1.23299 -7.60731 7.53374 2.14999 0.774832 3.28221 12.9547 3.2495 -3.26872 -85.9809 24.1453 5.09543 29.2081 0.0598081 0.137039 4.22822 -0.753809 -20.8004 24.234 0.0496219 0.113701 -0.246806 -17.3997 -3.27174 -1.23299 -7.60729 7.53365 -5.18307 2.31837 -3.81768 -12.9547 3.2495 -3.26872 87.3535 32.2867 -31.1776 -29.2081 0.0598081 0.137039 -10.3118 -5.81842 59.37 -24.234 0.0496218 0.113702 1.09723 0.253478 -0.550107 9.23673 -4.20556 2.0327 -7.25078 -2.09208 -12.7586 -0.852353 -38.7721 -0.655187 -0.683955 2.55439 -0.0293425 -2.32622 -40.4017 -6.04875 0.601233 2.80685 14.6686 0.779096 -9.8844 12.4959 -5.80961e-16 -8.17324e-16 3.46093e-17 -9.23673 -4.20556 2.0327 -11.2654 -4.18971 13.9727 0.852353 -38.7721 -0.655187 1.02754 3.83726 0.0325779 2.32622 -40.4017 -6.04875 2.71993 -3.48004 -15.5967 -0.779096 -9.8844 12.4959 -5.96354e-16 -5.59082e-16 -1.27471e-14 
11.8175 92.6685 135.427 5.49047 -2.5366 -2.73485 0 5.07867 -1.15138 -1.55782 -1.00179 0.278989 0 5.61661 1.07143 -1.33859 -0.258223 0.417021 -1.02604e-17 5.98978 0.11501 -1.1056 1.02621 0.556025 -1.10457e-17 6.50583 -0.443523 -0.953594 2.73155 0.630069 -1.97295e-17 7.60548 -1.50593 -0.618572 3.88212 0.70996 -2.53307e-17 9.49737 -0.914492 -0.210279 4.43021 0.48666 -2.90401e-17 10.5513 1.57691 0.0505036 0.534962 -0.0182185 -1.29193e-17 4.78644 0.715339 0.297539 2.60701 8.78679 -1.8116e-17 4.82109 0.421791 -0.876725 -5.77595 3.96152 -2.00958e-17 4.83041 0.765062 -0.799334 -7.24758 4.87645 1.23299 -7.60731 7.53374 2.19928 0.808524 3.25978 12.9547 3.2495 -3.26872 -86.1586 24.137 5.18004 29.2081 0.0598081 0.137039 4.181 -0.736265 -20.5582 24.234 0.0496219 0.113701 -0.26419 -17.2724 -3.23437 -1.23299 -7.60729 7.53365 -5.14401 2.3084 -3.81401 -12.9547 3.2495 -3.26872 87.2923 32.3138 -30.9678 -29.2081 0.0598081 0.137039 -10.3318 -5.85189 59.5558 -24.234 0.0496218 0.113702 1.14558 0.0704587 -0.588393 9.23673 -4.20556 2.0327 -7.22205 -1.98077 -12.6584 -0.852353 -38.7721 -0.655187 -0.680648 2.54204 -0.0292739 -2.32622 -40.4017 -6.04875 0.558217 2.68527 14.6866 0.779096 -9.8844 12.4959 -9.5962e-16 -8.35074e-16 5.2359e-17 -9.23673 -4.20556 2.0327 -11.2325 -4.2227 14.1661 0.852353 -38.7721 -0.655187 1.05565 3.94216 0.0325016 2.32622 -40.4017 -6.04875 2.62174 -3.5934 -15.592 -0.779096 -9.8844 12.4959 -5.96354e-16 -5.59082e-16 -1.27471e-14 
11.747 92.644 135.41 5.51671 -2.63338 -2.92207 0 5.07867 -1.15138 -1.53379 -0.99978 0.299437 0 5.61661 1.07143 -1.32211 -0.261582 0.437082 -1.02604e-17 5.98978 0.11501 -1.09606 1.01285 0.576275 -1.10457e-17 6.50583 -0.443523 -0.95065 2.70049 0.649475 -1.97295e-17 7.60548 -1.50593 -0.617849 3.84356 0.729171 -2.53307e-17 9.49737 -0.914492 -0.207737 4.38029 0.508154 -2.90401e-17 10.5513 1.57691 0.0502141 0.535899 -0.0208639 -1.29193e-17 4.78644 0.715339 0.296761 2.64011 8.81003 -1.8116e-17 4.82109 0.421791 -0.914725 -5.69054 3.96762 -2.00958e-17 4.83041 0.765062 -0.871814 -7.08211 4.87306 1.23299 -7.60731 7.53374 2.25254 0.843418 3.23521 12.9547 3.2495 -3.26872 -86.3538 24.0912 5.28212 29.2081 0.0598081 0.137039 4.13731 -0.720233 -20.3344 24.234 0.0496219 0.113701 -0.268671 -17.1287 -3.20587 -1.23299 -7.60729 7.53365 -5.16446 2.30486 -3.81841 -12.9547 3.2495 -3.26872 87.2785 32.3239 -30.7422 -29.2081 0.0598081 0.137039 -10.3391 -5.8641 59.6235 -24.234 0.0496218 0.113702 1.18544 -0.0391839 -0.622615 9.23673 -4.20556 2.0327 -7.18765 -1.86701 -12.5388 -0.852353 -38.7721 -0.655187 -0.678337 2.5334 -0.0292256 -2.32622 -40.4017 -6.04875 0.514366 2.56648 14.7048 0.779096 -9.8844 12.4959 5.93788e-18 -7.98983e-16 1.62687e-17 -9.23673 -4.20556 2.0327 -11.192 -4.2399 14.3606 0.852353 -38.7721 -0.655187 1.07675 4.02089 0.0324104 2.32622 -40.4017 -6.04875 2.53278 -3.6944 -15.5874 -0.779096 -9.8844 12.4959 -5.96354e-16 -5.59082e-16 -1.27471e-14 
11.6765 92.6207 135.394 5.54027 -2.72943 -3.11788 0 5.07867 -1.15138 -1.51483 -0.987618 0.320723 0 5.61661 1.07143 -1.30965 -0.257655 0.457131 -1.02604e-17 5.98978 0.11501 -1.0895 1.00383 0.596205 -1.10457e-17 6.50583 -0.443523 -0.949315 2.66863 0.668446 -1.97295e-17 7.60548 -1.50593 -0.617433 3.80082 0.748005 -2.53307e-17 9.49737 -0.914492 -0.204041 4.32378 0.529446 -2.90401e-17 10.5513 1.57691 0.0500955 0.537236 -0.0237793 -1.29193e-17 4.78644 0.715339 0.299879 2.68498 8.82767 -1.8116e-17 4.82109 0.421791 -0.934946 -5.60477 3.9721 -2.00958e-17 4.83041 0.765062 -0.925269 -6.92744 4.8723 1.23299 -7.60731 7.53374 2.30787 0.875148 3.21136 12.9547 3.2495 -3.26872 -86.5549 24.004 5.38457 29.2081 0.0598081 0.137039 4.09733 -0.705734 -20.1299 24.234 0.0496219 0.113701 -0.265913 -16.9602 -3.18009 -1.23299 -7.60729 7.53365 -5.23399 2.30701 -3.83133 -12.9547 3.2495 -3.26872 87.3125 32.3066 -30.5003 -29.2081 0.0598081 0.137039 -10.3327 -5.85335 59.5639 -24.234 0.0496218 0.113702 1.2106 -0.0882966 -0.641618 9.23673 -4.20556 2.0327 -7.15221 -1.74813 -12.4079 -0.852353 -38.7721 -0.655187 -0.673386 2.51491 -0.0291208 -2.32622 -40.4017 -6.04875 0.476551 2.45379 14.7217 0.779096 -9.8844 12.4959 4.22417e-16 -7.82715e-16 2.88531e-33 -9.23673 -4.20556 2.0327 -11.1473 -4.24183 14.5634 0.852353 -38.7721 -0.655187 1.0893 4.06772 0.0323424 2.32622 -40.4017 -6.04875 2.44286 -3.78308 -15.5822 -0.779096 -9.8844 12.4959 -5.96354e-16 -5.59082e-16 -1.27471e-14 
11.6071 92.5987 135.38 5.57863 -2.82307 -3.31174 0 5.07867 -1.15138 -1.50718 -0.963739 0.34359 0 5.61661 1.07143 -1.30703 -0.245403 0.477363 -1.02604e-17 5.98978 0.11501 -1.09065 0.999874 0.615923 -1.10457e-17 6.50583 -0.443523 -0.953337 2.63611 0.687058 -1.97295e-17 7.60548 -1.50593 -0.619985 3.75382 0.76716 -2.53307e-17 9.49737 -0.914492 -0.200682 4.26076 0.551465 -2.90401e-17 10.5513 1.57691 0.0500719 0.5391 -0.0269138 -1.29193e-17 4.78644 0.715339 0.303973 2.7337 8.834 -1.8116e-17 4.82109 0.421791 -0.942136 -5.52126 3.97194 -2.00958e-17 4.83041 0.765062 -0.957561 -6.78953 4.87114 1.23299 -7.60731 7.53374 2.36035 0.905638 3.18485 12.9547 3.2495 -3.26872 -86.7413 23.8787 5.47829 29.2081 0.0598081 0.137039 4.06119 -0.692767 -19.9453 24.234 0.0496219 0.113701 -0.257794 -16.7501 -3.16344 -1.23299 -7.60729 7.53365 -5.33485 2.31558 -3.84727 -12.9547 3.2495 -3.26872 87.3953 32.262 -30.2519 -29.2081 0.0598081 0.137039 -10.3153 -5.82433 59.4028 -24.234 0.0496218 0.113702 1.22245 -0.120087 -0.657408 9.23673 -4.20556 2.0327 -7.13309 -1.62513 -12.267 -0.852353 -38.7721 -0.655187 -0.664324 2.48106 -0.028925 -2.32622 -40.4017 -6.04875 0.427869 2.35986 14.7382 0.779096 -9.8844 12.4959 -4.57931e-16 -8.19396e-16 3.66812e-17 -9.23673 -4.20556 2.0327 -11.1185 -4.23587 14.7641 0.852353 -38.7721 -0.655187 1.09716 4.09702 0.0322946 2.32622 -40.4017 -6.04875 2.35357 -3.87177 -15.5768 -0.779096 -9.8844 12.4959 -5.96354e-16 -5.59082e-16 -1.27471e-14 
11.5387 92.5769 135.364 5.61856 -2.89897 -3.50734 0 5.07867 -1.15138 -1.50624 -0.931577 0.368337 0 5.61661 1.07143 -1.31057 -0.227474 0.498764 -1.02604e-17 5.98978 0.11501 -1.09674 0.998995 0.636544 -1.10457e-17 6.50583 -0.443523 -0.960983 2.60233 0.706554 -1.97295e-17 7.60548 -1.50593 -0.624561 3.70286 0.787689 -2.53307e-17 9.49737 -0.914492 -0.197444 4.19238 0.57504 -2.90401e-17 10.5513 1.57691 0.0500771 0.54127 -0.0299171 -1.29193e-17 4.78644 0.715339 0.308748 2.78018 8.84365 -1.8116e-17 4.82109 0.421791 -0.936004 -5.44403 3.97387 -2.00958e-17 4.83041 0.765062 -0.977096 -6.6716 4.86147 1.23299 -7.60731 7.53374 2.41017 0.935185 3.1567 12.9547 3.2495 -3.26872 -86.9133 23.7059 5.5584 29.2081 0.0598081 0.137039 4.03131 -0.682142 -19.7928 24.234 0.0496219 0.113701 -0.239887 -16.4925 -3.15331 -1.23299 -7.60729 7.53365 -5.44271 2.3302 -3.86471 -12.9547 3.2495 -3.26872 87.5046 32.189 -29.9958 -29.2081 0.0598081 0.137039 -10.2898 -5.78218 59.1683 -24.234 0.0496218 0.113702 1.22991 -0.161164 -0.67382 9.23673 -4.20556 2.0327 -7.11576 -1.51328 -12.1139 -0.852353 -38.7721 -0.655187 -0.652094 2.43537 -0.0286522 -2.32622 -40.4017 -6.04875 0.373385 2.26593 14.7553 0.779096 -9.8844 12.4959 6.96957e-16 -7.68219e-16 -1.44959e-17 -9.23673 -4.20556 2.0327 -11.0901 -4.24339 14.9582 0.852353 -38.7721 -0.655187 1.10262 4.11738 0.032259 2.32622 -40.4017 -6.04875 2.26069 -3.95752 -15.5711 -0.779096 -9.8844 12.4959 -5.96354e-16 -5.59082e-16 -1.27471e-14 
11.4716 92.5557 135.349 5.66441 -2.96133 -3.69731 0 5.07867 -1.15138 -1.51318 -0.893462 0.394924 0 5.61661 1.07143 -1.32117 -0.205701 0.521154 -1.02604e-17 5.98978 0.11501 -1.10833 0.999808 0.658058 -1.10457e-17 6.50583 -0.443523 -0.972652 2.56655 0.726967 -1.97295e-17 7.60548 -1.50593 -0.631304 3.64776 0.809698 -2.53307e-17 9.49737 -0.914492 -0.1941 4.11884 0.600233 -2.90401e-17 10.5513 1.57691 0.0501401 0.544056 -0.0326201 -1.29193e-17 4.78644 0.715339 0.315105 2.81774 8.85787 -1.8116e-17 4.82109 0.421791 -0.91936 -5.36742 3.97833 -2.00958e-17 4.83041 0.765062 -0.973229 -6.56472 4.84281 1.23299 -7.60731 7.53374 2.45205 0.965221 3.12426 12.9547 3.2495 -3.26872 -87.0591 23.4949 5.6229 29.2081 0.0598081 0.137039 4.00709 -0.673598 -19.6693 24.234 0.0496219 0.113701 -0.217252 -16.2086 -3.14738 -1.23299 -7.60729 7.53365 -5.54902 2.35155 -3.88006 -12.9547 3.2495 -3.26872 87.6377 32.1119 -29.7424 -29.2081 0.0598081 0.137039 -10.2579 -5.72991 58.8767 -24.234 0.0496218 0.113702 1.23216 -0.235037 -0.690159 9.23673 -4.20556 2.0327 -7.10592 -1.40895 -11.9593 -0.852353 -38.7721 -0.655187 -0.636198 2.37599 -0.0282831 -2.32622 -40.4017 -6.04875 0.315427 2.18075 14.7719 0.779096 -9.8844 12.4959 6.30657e-16 -7.72953e-16 -9.76124e-18 -9.23673 -4.20556 2.0327 -11.0684 -4.26279 15.148 0.852353 -38.7721 -0.655187 1.1075 4.13561 0.0322255 2.32622 -40.4017 -6.04875 2.16717 -4.0429 -15.5653 -0.779096 -9.8844 12.4959 -5.96354e-16 -5.59082e-16 -1.27471e-14 
11.4097 92.5356 135.332 5.71938 -3.02034 -3.86242 0 5.07867 -1.15138 -1.5257 -0.849179 0.421098 0 5.61661 1.07143 -1.3365 -0.179691 0.542595 -1.02604e-17 5.98978 0.11501 -1.1234 1.00284 0.678632 -1.10457e-17 6.50583 -0.443523 -0.986575 2.52975 0.746527 -1.97295e-17 7.60548 -1.50593 -0.639194 3.58986 0.831156 -2.53307e-17 9.49737 -0.914492 -0.190735 4.0419 0.624723 -2.90401e-17 10.5513 1.57691 0.0501212 0.54772 -0.0347527 -1.29193e-17 4.78644 0.715339 0.321261 2.85089 8.86708 -1.8116e-17 4.82109 0.421791 -0.8948 -5.28773 3.98079 -2.00958e-17 4.83041 0.765062 -0.946839 -6.45939 4.8183 1.23299 -7.60731 7.53374 2.48193 0.995651 3.08879 12.9547 3.2495 -3.26872 -87.1783 23.2687 5.67334 29.2081 0.0598081 0.137039 3.98877 -0.667173 -19.5759 24.234 0.0496219 0.113701 -0.196426 -15.9176 -3.15759 -1.23299 -7.60729 7.53365 -5.64329 2.37818 -3.89006 -12.9547 3.2495 -3.26872 87.7792 32.0312 -29.5001 -29.2081 0.0598081 0.137039 -10.2202 -5.6688 58.5346 -24.234 0.0496218 0.113702 1.22918 -0.322586 -0.690113 9.23673 -4.20556 2.0327 -7.11025 -1.30725 -11.8242 -0.852353 -38.7721 -0.655187 -0.618728 2.31073 -0.0278584 -2.32622 -40.4017 -6.04875 0.249811 2.11067 14.7887 0.779096 -9.8844 12.4959 -1.64481e-16 -8.01055e-16 1.83406e-17 -9.23673 -4.20556 2.0327 -11.0619 -4.28329 15.3126 0.852353 -38.7721 -0.655187 1.11389 4.15945 0.0321793 2.32622 -40.4017 -6.04875 2.07587 -4.12853 -15.5598 -0.779096 -9.8844 12.4959 -5.96354e-16 -5.59082e-16 -1.27471e-14 
11.3637 92.5144 135.313 5.78382 -3.05967 -3.98704 0 5.07867 -1.15138 -1.53987 -0.800543 0.444093 0 5.61661 1.07143 -1.35271 -0.151374 0.560926 -1.02604e-17 5.98978 0.11501 -1.13868 1.00549 0.696241 -1.10457e-17 6.50583 -0.443523 -1.00001 2.48867 0.763289 -1.97295e-17 7.60548 -1.50593 -0.646493 3.52624 0.849621 -2.53307e-17 9.49737 -0.914492 -0.187086 3.95846 0.645767 -2.90401e-17 10.5513 1.57691 0.0500637 0.55262 -0.0360305 -1.29193e-17 4.78644 0.715339 0.328407 2.87628 8.87348 -1.8116e-17 4.82109 0.421791 -0.86667 -5.2021 3.98204 -2.00958e-17 4.83041 0.765062 -0.914326 -6.35108 4.78107 1.23299 -7.60731 7.53374 2.49877 1.02922 3.05175 12.9547 3.2495 -3.26872 -87.2819 23.0525 5.71791 29.2081 0.0598081 0.137039 3.97834 -0.663528 -19.5227 24.234 0.0496219 0.113701 -0.179337 -15.6382 -3.18547 -1.23299 -7.60729 7.53365 -5.72724 2.41182 -3.89229 -12.9547 3.2495 -3.26872 87.9157 31.9453 -29.2826 -29.2081 0.0598081 0.137039 -10.1791 -5.60332 58.1666 -24.234 0.0496218 0.113702 1.21762 -0.39142 -0.668856 9.23673 -4.20556 2.0327 -7.13575 -1.2251 -11.7279 -0.852353 -38.7721 -0.655187 -0.60001 2.2408 -0.0273813 -2.32622 -40.4017 -6.04875 0.188469 2.0482 14.8034 0.779096 -9.8844 12.4959 2.14178e-16 -7.89222e-16 6.50749e-18 -9.23673 -4.20556 2.0327 -11.0778 -4.31684 15.4263 0.852353 -38.7721 -0.655187 1.12175 4.18876 0.0321188 2.32622 -40.4017 -6.04875 1.98821 -4.22249 -15.5556 -0.779096 -9.8844 12.4959 -8.89803e-16 -5.49912e-16 -1.27287e-14 
11.3386 92.4927 135.293 5.84528 -3.08201 -4.05672 0 5.07867 -1.15138 -1.5521 -0.749372 0.461534 0 5.61661 1.07143 -1.36621 -0.121636 0.574174 -1.02604e-17 5.98978 0.11501 -1.15109 1.00783 0.70894 -1.10457e-17 6.50583 -0.443523 -1.01047 2.44487 0.775363 -1.97295e-17 7.60548 -1.50593 -0.651738 3.45931 0.862859 -2.53307e-17 9.49737 -0.914492 -0.183222 3.87214 0.660865 -2.90401e-17 10.5513 1.57691 0.0499432 0.558722 -0.0363873 -1.29193e-17 4.78644 0.715339 0.336427 2.8938 8.8745 -1.8116e-17 4.82109 0.421791 -0.837507 -5.11367 3.98093 -2.00958e-17 4.83041 0.765062 -0.878395 -6.2346 4.73214 1.23299 -7.60731 7.53374 2.49778 1.06468 3.01417 12.9547 3.2495 -3.26872 -87.3716 22.8563 5.75764 29.2081 0.0598081 0.137039 3.97629 -0.662814 -19.5123 24.234 0.0496219 0.113701 -0.158832 -15.3795 -3.22091 -1.23299 -7.60729 7.53365 -5.79292 2.45017 -3.88559 -12.9547 3.2495 -3.26872 88.037 31.8547 -29.1001 -29.2081 0.0598081 0.137039 -10.1381 -5.53873 57.8022 -24.234 0.0496218 0.113702 1.19044 -0.417083 -0.631702 9.23673 -4.20556 2.0327 -7.17296 -1.15926 -11.6883 -0.852353 -38.7721 -0.655187 -0.580187 2.16675 -0.0268511 -2.32622 -40.4017 -6.04875 0.133353 1.98924 14.8156 0.779096 -9.8844 12.4959 -1.64481e-16 -8.01055e-16 1.83406e-17 -9.23673 -4.20556 2.0327 -11.1073 -4.35438 15.4802 0.852353 -38.7721 -0.655187 1.12941 4.21731 0.0320561 2.32622 -40.4017 -6.04875 1.90173 -4.31057 -15.5526 -0.779096 -9.8844 12.4959 -4.07024e-16 -5.74169e-16 -1.27497e-14 
11.3327 92.4732 135.269 5.90306 -3.11432 -4.07992 0 5.07867 -1.15138 -1.56376 -0.692729 0.474876 0 5.61661 1.07143 -1.3784 -0.0870494 0.583463 -1.02604e-17 5.98978 0.11501 -1.16198 1.01423 0.717697 -1.10457e-17 6.50583 -0.443523 -1.01931 2.40372 0.783641 -1.97295e-17 7.60548 -1.50593 -0.656118 3.3944 0.872095 -2.53307e-17 9.49737 -0.914492 -0.180037 3.78879 0.671468 -2.90401e-17 10.5513 1.57691 0.0495663 0.565694 -0.03614 -1.29193e-17 4.78644 0.715339 0.342721 2.91024 8.87002 -1.8116e-17 4.82109 0.421791 -0.810534 -5.02592 3.97747 -2.00958e-17 4.83041 0.765062 -0.840308 -6.11616 4.67818 1.23299 -7.60731 7.53374 2.47921 1.09881 2.97772 12.9547 3.2495 -3.26872 -87.4372 22.6642 5.78053 29.2081 0.0598081 0.137039 3.9787 -0.663656 -19.5246 24.234 0.0496219 0.113701 -0.131094 -15.1193 -3.25997 -1.23299 -7.60729 7.53365 -5.83692 2.48883 -3.87398 -12.9547 3.2495 -3.26872 88.1427 31.7595 -28.9417 -29.2081 0.0598081 0.137039 -10.0972 -5.47525 57.4426 -24.234 0.0496218 0.113702 1.1489 -0.365162 -0.586944 9.23673 -4.20556 2.0327 -7.2207 -1.09269 -11.7068 -0.852353 -38.7721 -0.655187 -0.563083 2.10285 -0.026373 -2.32622 -40.4017 -6.04875 0.0808848 1.94653 14.8259 0.779096 -9.8844 12.4959 -6.66171e-16 -8.25903e-16 4.31887e-17 -9.23673 -4.20556 2.0327 -11.1498 -4.38217 15.4937 0.852353 -38.7721 -0.655187 1.14118 4.26122 0.0319521 2.32622 -40.4017 -6.04875 1.81989 -4.38181 -15.5504 -0.779096 -9.8844 12.4959 -4.92234e-16 -5.65589e-16 -1.27503e-14 
11.2134 92.4649 135.251 5.95566 -3.15429 -4.05737 0 5.07867 -1.15138 -1.61729 -0.643872 0.494789 0 5.61661 1.07143 -1.42686 -0.0565729 0.594154 -1.02604e-17 5.98978 0.11501 -1.20007 1.02257 0.727524 -1.10457e-17 6.50583 -0.443523 -1.04679 2.37258 0.792708 -1.97295e-17 7.60548 -1.50593 -0.670339 3.34351 0.885643 -2.53307e-17 9.49737 -0.914492 -0.176979 3.72425 0.685497 -2.90401e-17 10.5513 1.57691 0.0492157 0.571894 -0.0368429 -1.29193e-17 4.78644 0.715339 0.340624 2.93875 8.83738 -1.8116e-17 4.82109 0.421791 -0.74047 -4.97246 3.96264 -2.00958e-17 4.83041 0.765062 -0.70705 -6.02867 4.63739 1.23299 -7.60731 7.53374 2.47487 1.1243 2.94867 12.9547 3.2495 -3.26872 -87.3262 22.4491 5.74732 29.2081 0.0598081 0.137039 3.97763 -0.663281 -19.5191 24.234 0.0496219 0.113701 -0.140746 -14.8224 -3.33043 -1.23299 -7.60729 7.53365 -5.79025 2.51594 -3.86067 -12.9547 3.2495 -3.26872 88.3503 31.6751 -28.7745 -29.2081 0.0598081 0.137039 -10.053 -5.40766 57.058 -24.234 0.0496218 0.113702 1.0421 -0.243973 -0.566073 9.23673 -4.20556 2.0327 -7.20001 -1.03129 -11.7525 -0.852353 -38.7721 -0.655187 -0.555247 2.07358 -0.0261476 -2.32622 -40.4017 -6.04875 0.0482774 1.93394 14.8357 0.779096 -9.8844 12.4959 4.03507e-16 -7.77389e-16 -5.32561e-18 -9.23673 -4.20556 2.0327 -11.1237 -4.36398 15.5006 0.852353 -38.7721 -0.655187 1.14547 4.27722 0.031912 2.32622 -40.4017 -6.04875 1.73644 -4.44508 -15.5434 -0.779096 -9.8844 12.4959 -8.89803e-16 -5.49912e-16 -1.27287e-14 
11.1342 92.4542 135.23 6.00256 -3.18812 -4.00696 0 5.07867 -1.15138 -1.66043 -0.59583 0.505352 0 5.61661 1.07143 -1.46429 -0.0256571 0.596952 -1.02604e-17 5.98978 0.11501 -1.22857 1.03167 0.72954 -1.10457e-17 6.50583 -0.443523 -1.06558 2.34405 0.79412 -1.97295e-17 7.60548 -1.50593 -0.678659 3.29537 0.889935 -2.53307e-17 9.49737 -0.914492 -0.172606 3.6621 0.688927 -2.90401e-17 10.5513 1.57691 0.0489598 0.577675 -0.0369981 -1.29193e-17 4.78644 0.715339 0.343984 2.98001 8.8391 -1.8116e-17 4.82109 0.421791 -0.670147 -4.89657 3.96417 -2.00958e-17 4.83041 0.765062 -0.621651 -5.96124 4.58381 1.23299 -7.60731 7.53374 2.48478 1.14712 2.9363 12.9547 3.2495 -3.26872 -87.2783 22.2883 5.72112 29.2081 0.0598081 0.137039 3.98567 -0.66609 -19.5601 24.234 0.0496219 0.113701 -0.124557 -14.593 -3.37342 -1.23299 -7.60729 7.53365 -5.76716 2.54408 -3.84723 -12.9547 3.2495 -3.26872 88.5043 31.4857 -28.6067 -29.2081 0.0598081 0.137039 -10.0074 -5.33883 56.6647 -24.234 0.0496218 0.113702 1.00553 -0.000921954 -0.505735 9.23673 -4.20556 2.0327 -7.19703 -0.980815 -11.8115 -0.852353 -38.7721 -0.655187 -0.548694 2.04909 -0.025956 -2.32622 -40.4017 -6.04875 0.00128193 1.91122 14.8473 0.779096 -9.8844 12.4959 2.33095e-16 -7.85377e-16 2.66247e-18 -9.23673 -4.20556 2.0327 -11.1212 -4.35713 15.4823 0.852353 -38.7721 -0.655187 1.15437 4.31041 0.0318249 2.32622 -40.4017 -6.04875 1.67419 -4.50818 -15.5385 -0.779096 -9.8844 12.4959 -7.00477e-16 -5.55828e-16 -1.27406e-14 
11.0961 92.4372 135.21 6.04576 -3.18999 -3.93737 0 5.07867 -1.15138 -1.68832 -0.532651 0.509244 0 5.61661 1.07143 -1.48742 0.0142481 0.594924 -1.02604e-17 5.98978 0.11501 -1.24534 1.0414 0.72729 -1.10457e-17 6.50583 -0.443523 -1.07516 2.30301 0.791528 -1.97295e-17 7.60548 -1.50593 -0.681228 3.22892 0.888587 -2.53307e-17 9.49737 -0.914492 -0.16672 3.57819 0.68609 -2.90401e-17 10.5513 1.57691 0.0487587 0.584946 -0.0358346 -1.29193e-17 4.78644 0.715339 0.354062 2.98358 8.85822 -1.8116e-17 4.82109 0.421791 -0.620038 -4.80661 3.97311 -2.00958e-17 4.83041 0.765062 -0.557981 -5.85964 4.5231 1.23299 -7.60731 7.53374 2.48209 1.1895 2.91234 12.9547 3.2495 -3.26872 -87.2554 22.1692 5.72967 29.2081 0.0598081 0.137039 4.00235 -0.671933 -19.6451 24.234 0.0496219 0.113701 -0.115193 -14.4379 -3.43689 -1.23299 -7.60729 7.53365 -5.73713 2.58692 -3.81628 -12.9547 3.2495 -3.26872 88.5935 31.3238 -28.4663 -29.2081 0.0598081 0.137039 -9.96059 -5.2693 56.2655 -24.234 0.0496218 0.113702 0.9383 0.168967 -0.430117 9.23673 -4.20556 2.0327 -7.21361 -0.963439 -11.8891 -0.852353 -38.7721 -0.655187 -0.544476 2.03334 -0.0258313 -2.32622 -40.4017 -6.04875 -0.0303134 1.86172 14.8553 0.779096 -9.8844 12.4959 6.11738e-16 -7.67628e-16 -1.50864e-17 -9.23673 -4.20556 2.0327 -11.1377 -4.36887 15.4293 0.852353 -38.7721 -0.655187 1.15947 4.32942 0.0317727 2.32622 -40.4017 -6.04875 1.60341 -4.57999 -15.5371 -0.779096 -9.8844 12.4959 -3.02909e-16 -5.77422e-16 -1.27562e-14 
11.0704 92.4198 135.194 6.07373 -3.19105 -3.84378 0 5.07867 -1.15138 -1.70846 -0.473506 0.509205 0 5.61661 1.07143 -1.50352 0.0522435 0.58966 -1.02604e-17 5.98978 0.11501 -1.25657 1.05156 0.721817 -1.10457e-17 6.50583 -0.443523 -1.08066 2.26659 0.785775 -1.97295e-17 7.60548 -1.50593 -0.682043 3.16862 0.883433 -2.53307e-17 9.49737 -0.914492 -0.162129 3.50242 0.67959 -2.90401e-17 10.5513 1.57691 0.0483844 0.592148 -0.0345038 -1.29193e-17 4.78644 0.715339 0.363281 2.99424 8.88852 -1.8116e-17 4.82109 0.421791 -0.574216 -4.73059 3.98765 -2.00958e-17 4.83041 0.765062 -0.486574 -5.76298 4.4649 1.23299 -7.60731 7.53374 2.4612 1.22604 2.88587 12.9547 3.2495 -3.26872 -87.2341 22.0597 5.72135 29.2081 0.0598081 0.137039 4.02019 -0.678212 -19.7361 24.234 0.0496219 0.113701 -0.0854806 -14.3095 -3.48409 -1.23299 -7.60729 7.53365 -5.70408 2.62391 -3.78381 -12.9547 3.2495 -3.26872 88.6516 31.1729 -28.3162 -29.2081 0.0598081 0.137039 -9.91001 -5.19531 55.8386 -24.234 0.0496218 0.113702 0.879095 0.245149 -0.351101 9.23673 -4.20556 2.0327 -7.22344 -0.94107 -11.9959 -0.852353 -38.7721 -0.655187 -0.53941 2.01441 -0.0256799 -2.32622 -40.4017 -6.04875 -0.0575047 1.79834 14.8637 0.779096 -9.8844 12.4959 5.26542e-16 -7.76207e-16 -6.50779e-18 -9.23673 -4.20556 2.0327 -11.1483 -4.38269 15.3595 0.852353 -38.7721 -0.655187 1.1688 4.36422 0.0316727 2.32622 -40.4017 -6.04875 1.53007 -4.6429 -15.5354 -0.779096 -9.8844 12.4959 -4.92229e-16 -5.6559e-16 -1.27503e-14 
11.0518 92.4049 135.18 6.10977 -3.20249 -3.72781 0 5.07867 -1.15138 -1.72722 -0.411945 0.508517 0 5.61661 1.07143 -1.51801 0.0924386 0.583975 -1.02604e-17 5.98978 0.11501 -1.26638 1.06415 0.715954 -1.10457e-17 6.50583 -0.443523 -1.08487 2.23284 0.779681 -1.97295e-17 7.60548 -1.50593 -0.681778 3.1109 0.877696 -2.53307e-17 9.49737 -0.914492 -0.156851 3.42909 0.672341 -2.90401e-17 10.5513 1.57691 0.0480928 0.599837 -0.0331734 -1.29193e-17 4.78644 0.715339 0.372608 3.01476 8.90125 -1.8116e-17 4.82109 0.421791 -0.525392 -4.65102 3.99436 -2.00958e-17 4.83041 0.765062 -0.421106 -5.68153 4.42674 1.23299 -7.60731 7.53374 2.44492 1.2599 2.86238 12.9547 3.2495 -3.26872 -87.2133 21.9701 5.70203 29.2081 0.0598081 0.137039 4.03344 -0.682894 -19.8036 24.234 0.0496219 0.113701 -0.0666873 -14.187 -3.54914 -1.23299 -7.60729 7.53365 -5.69293 2.66056 -3.75493 -12.9547 3.2495 -3.26872 88.7074 31.025 -28.1681 -29.2081 0.0598081 0.137039 -9.8542 -5.115 55.3728 -24.234 0.0496218 0.113702 0.824851 0.203336 -0.263047 9.23673 -4.20556 2.0327 -7.24794 -0.907075 -12.1215 -0.852353 -38.7721 -0.655187 -0.53349 1.9923 -0.0255008 -2.32622 -40.4017 -6.04875 -0.0868676 1.75728 14.8706 0.779096 -9.8844 12.4959 -1.04481e-15 -8.46906e-16 6.4191e-17 -9.23673 -4.20556 2.0327 -11.1751 -4.38215 15.2744 0.852353 -38.7721 -0.655187 1.17932 4.40344 0.0315532 2.32622 -40.4017 -6.04875 1.45882 -4.7004 -15.534 -0.779096 -9.8844 12.4959 -3.02909e-16 -5.77422e-16 -1.27562e-14 
11.0346 92.3946 135.167 6.13594 -3.23482 -3.61639 0 5.07867 -1.15138 -1.7387 -0.34552 0.509419 0 5.61661 1.07143 -1.52653 0.13671 0.581024 -1.02604e-17 5.98978 0.11501 -1.27186 1.08116 0.712794 -1.10457e-17 6.50583 -0.443523 -1.08632 2.20372 0.776365 -1.97295e-17 7.60548 -1.50593 -0.679843 3.05721 0.874284 -2.53307e-17 9.49737 -0.914492 -0.150743 3.35966 0.667336 -2.90401e-17 10.5513 1.57691 0.0479054 0.607132 -0.0318494 -1.29193e-17 4.78644 0.715339 0.380262 3.05357 8.9136 -1.8116e-17 4.82109 0.421791 -0.472835 -4.58497 4.00123 -2.00958e-17 4.83041 0.765062 -0.372219 -5.61115 4.38266 1.23299 -7.60731 7.53374 2.44524 1.28972 2.84192 12.9547 3.2495 -3.26872 -87.2103 21.9046 5.68383 29.2081 0.0598081 0.137039 4.04635 -0.687476 -19.8695 24.234 0.0496219 0.113701 -0.0523215 -14.0797 -3.6109 -1.23299 -7.60729 7.53365 -5.70026 2.69588 -3.73154 -12.9547 3.2495 -3.26872 88.7624 30.8744 -28.016 -29.2081 0.0598081 0.137039 -9.79313 -5.02868 54.8691 -24.234 0.0496218 0.113702 0.782867 0.0881454 -0.165435 9.23673 -4.20556 2.0327 -7.26398 -0.851478 -12.2445 -0.852353 -38.7721 -0.655187 -0.527119 1.9685 -0.0253056 -2.32622 -40.4017 -6.04875 -0.116092 1.73261 14.8761 0.779096 -9.8844 12.4959 -3.9165e-16 -8.14662e-16 3.19474e-17 -9.23673 -4.20556 2.0327 -11.1922 -4.36666 15.1938 0.852353 -38.7721 -0.655187 1.19114 4.44754 0.0314102 2.32622 -40.4017 -6.04875 1.39149 -4.73179 -15.533 -0.779096 -9.8844 12.4959 -1.07912e-15 -5.47249e-16 -1.27228e-14 
10.9488 92.3832 135.118 6.16743 -3.27669 -3.50522 0 5.07867 -1.15138 -1.77145 -0.256087 0.517715 0 5.61661 1.07143 -1.55452 0.19742 0.583284 -1.02604e-17 5.98978 0.11501 -1.29275 1.10866 0.714768 -1.10457e-17 6.50583 -0.443523 -1.09914 2.17393 0.778013 -1.97295e-17 7.60548 -1.50593 -0.684016 2.99616 0.877665 -2.53307e-17 9.49737 -0.914492 -0.144228 3.2786 0.669037 -2.90401e-17 10.5513 1.57691 0.0481816 0.614834 -0.0311288 -1.29193e-17 4.78644 0.715339 0.383134 3.09994 8.90394 -1.8116e-17 4.82109 0.421791 -0.398359 -4.54547 3.99794 -2.00958e-17 4.83041 0.765062 -0.281685 -5.56527 4.34587 1.23299 -7.60731 7.53374 2.49337 1.32681 2.82236 12.9547 3.2495 -3.26872 -87.1461 21.8668 5.63657 29.2081 0.0598081 0.137039 4.05891 -0.69195 -19.9336 24.234 0.0496219 0.113701 -0.0609027 -13.9828 -3.67823 -1.23299 -7.60729 7.53365 -5.71309 2.73714 -3.70975 -12.9547 3.2495 -3.26872 88.8985 30.753 -27.8488 -29.2081 0.0598081 0.137039 -9.73314 -4.94542 54.3803 -24.234 0.0496218 0.113702 0.722136 -0.10164 -0.0999032 9.23673 -4.20556 2.0327 -7.24322 -0.827106 -12.3465 -0.852353 -38.7721 -0.655187 -0.529907 1.97891 -0.0253913 -2.32622 -40.4017 -6.04875 -0.136916 1.71239 14.882 0.779096 -9.8844 12.4959 3.18293e-16 -7.85969e-16 3.25389e-18 -9.23673 -4.20556 2.0327 -11.1716 -4.38503 15.1452 0.852353 -38.7721 -0.655187 1.21391 4.53241 0.0311093 2.32622 -40.4017 -6.04875 1.31585 -4.77582 -15.5291 -0.779096 -9.8844 12.4959 -5.11159e-16 -5.70914e-16 -1.27465e-14 
10.8871 92.3745 135.083 6.19227 -3.31656 -3.39616 0 5.07867 -1.15138 -1.79381 -0.180431 0.520669 0 5.61661 1.07143 -1.57241 0.248824 0.5813 -1.02604e-17 5.98978 0.11501 -1.30555 1.13171 0.712423 -1.10457e-17 6.50583 -0.443523 -1.10555 2.14819 0.775297 -1.97295e-17 7.60548 -1.50593 -0.684713 2.94402 0.875627 -2.53307e-17 9.49737 -0.914492 -0.138296 3.20911 0.665224 -2.90401e-17 10.5513 1.57691 0.0481454 0.621228 -0.0301796 -1.29193e-17 4.78644 0.715339 0.385614 3.15241 8.91597 -1.8116e-17 4.82109 0.421791 -0.347267 -4.48867 4.00419 -2.00958e-17 4.83041 0.765062 -0.219979 -5.54044 4.2982 1.23299 -7.60731 7.53374 2.56242 1.35927 2.81685 12.9547 3.2495 -3.26872 -87.1527 21.8494 5.63013 29.2081 0.0598081 0.137039 4.0784 -0.698925 -20.0332 24.234 0.0496219 0.113701 -0.0473798 -13.9215 -3.70365 -1.23299 -7.60729 7.53365 -5.73663 2.77302 -3.68933 -12.9547 3.2495 -3.26872 88.9917 30.5967 -27.6994 -29.2081 0.0598081 0.137039 -9.67757 -4.8696 53.9324 -24.234 0.0496218 0.113702 0.716204 -0.262873 -0.0295815 9.23673 -4.20556 2.0327 -7.22936 -0.780016 -12.4393 -0.852353 -38.7721 -0.655187 -0.524799 1.95983 -0.0252338 -2.32622 -40.4017 -6.04875 -0.185217 1.69485 14.8917 0.779096 -9.8844 12.4959 1.28973e-16 -7.91885e-16 9.17015e-18 -9.23673 -4.20556 2.0327 -11.1624 -4.40031 15.092 0.852353 -38.7721 -0.655187 1.23798 4.62212 0.0307544 2.32622 -40.4017 -6.04875 1.2709 -4.81431 -15.5276 -0.779096 -9.8844 12.4959 -1.98785e-16 -5.8393e-16 -1.27595e-14 
10.8441 92.3665 135.057 6.22292 -3.3452 -3.27636 0 5.07867 -1.15138 -1.80937 -0.116679 0.520845 0 5.61661 1.07143 -1.5842 0.291717 0.577587 -1.02604e-17 5.98978 0.11501 -1.31377 1.15028 0.708466 -1.10457e-17 6.50583 -0.443523 -1.10894 2.12539 0.771009 -1.97295e-17 7.60548 -1.50593 -0.684494 2.89914 0.871568 -2.53307e-17 9.49737 -0.914492 -0.133901 3.14912 0.659935 -2.90401e-17 10.5513 1.57691 0.0479717 0.626615 -0.0289673 -1.29193e-17 4.78644 0.715339 0.386356 3.18992 8.92452 -1.8116e-17 4.82109 0.421791 -0.319187 -4.43925 4.00809 -2.00958e-17 4.83041 0.765062 -0.169223 -5.50464 4.25879 1.23299 -7.60731 7.53374 2.63529 1.38654 2.8169 12.9547 3.2495 -3.26872 -87.1693 21.8355 5.64486 29.2081 0.0598081 0.137039 4.09936 -0.706465 -20.1403 24.234 0.0496219 0.113701 -0.0457689 -13.8644 -3.7154 -1.23299 -7.60729 7.53365 -5.75587 2.80247 -3.6654 -12.9547 3.2495 -3.26872 89.0605 30.4764 -27.5798 -29.2081 0.0598081 0.137039 -9.62722 -4.80197 53.5307 -24.234 0.0496218 0.113702 0.698357 -0.467743 0.0353875 9.23673 -4.20556 2.0327 -7.23551 -0.730138 -12.5437 -0.852353 -38.7721 -0.655187 -0.51559 1.92542 -0.0249455 -2.32622 -40.4017 -6.04875 -0.21782 1.69088 14.8975 0.779096 -9.8844 12.4959 9.05182e-16 -7.58458e-16 -2.42565e-17 -9.23673 -4.20556 2.0327 -11.1719 -4.40515 15.0194 0.852353 -38.7721 -0.655187 1.25615 4.68987 0.0304613 2.32622 -40.4017 -6.04875 1.22578 -4.8515 -15.5269 -0.779096 -9.8844 12.4959 -1.07912e-15 -5.47249e-16 -1.27228e-14 
10.8017 92.358 135.032 6.25656 -3.367 -3.15587 0 5.07867 -1.15138 -1.82598 -0.0610556 0.520067 0 5.61661 1.07143 -1.59684 0.329362 0.572565 -1.02604e-17 5.98978 0.11501 -1.32251 1.16692 0.70322 -1.10457e-17 6.50583 -0.443523 -1.11268 2.10599 0.765403 -1.97295e-17 7.60548 -1.50593 -0.684746 2.86037 0.866287 -2.53307e-17 9.49737 -0.914492 -0.130428 3.09764 0.653273 -2.90401e-17 10.5513 1.57691 0.0476115 0.631475 -0.0280818 -1.29193e-17 4.78644 0.715339 0.386361 3.22896 8.94443 -1.8116e-17 4.82109 0.421791 -0.292388 -4.40649 4.01736 -2.00958e-17 4.83041 0.765062 -0.128269 -5.48443 4.2161 1.23299 -7.60731 7.53374 2.69992 1.4112 2.81805 12.9547 3.2495 -3.26872 -87.179 21.8203 5.6596 29.2081 0.0598081 0.137039 4.11907 -0.713597 -20.2411 24.234 0.0496219 0.113701 -0.0387701 -13.8177 -3.70846 -1.23299 -7.60729 7.53365 -5.75989 2.82568 -3.64285 -12.9547 3.2495 -3.26872 89.124 30.3788 -27.4588 -29.2081 0.0598081 0.137039 -9.57889 -4.73795 53.1485 -24.234 0.0496218 0.113702 0.673246 -0.656661 0.111183 9.23673 -4.20556 2.0327 -7.24418 -0.690769 -12.6608 -0.852353 -38.7721 -0.655187 -0.507898 1.89669 -0.0247005 -2.32622 -40.4017 -6.04875 -0.24555 1.6843 14.9027 0.779096 -9.8844 12.4959 4.37772e-17 -7.91293e-16 8.57861e-18 -9.23673 -4.20556 2.0327 -11.1858 -4.41556 14.9514 0.852353 -38.7721 -0.655187 1.27398 4.75632 0.0301528 2.32622 -40.4017 -6.04875 1.18989 -4.89506 -15.5263 -0.779096 -9.8844 12.4959 -8.04603e-16 -5.52574e-16 -1.27373e-14 
10.7597 92.3492 135.008 6.28474 -3.3762 -3.04181 0 5.07867 -1.15138 -1.83986 -0.0161549 0.519177 0 5.61661 1.07143 -1.60723 0.359904 0.567969 -1.02604e-17 5.98978 0.11501 -1.32962 1.18039 0.698407 -1.10457e-17 6.50583 -0.443523 -1.11546 2.09039 0.760256 -1.97295e-17 7.60548 -1.50593 -0.6847 2.82909 0.861359 -2.53307e-17 9.49737 -0.914492 -0.127439 3.05532 0.647174 -2.90401e-17 10.5513 1.57691 0.0472976 0.635407 -0.0275256 -1.29193e-17 4.78644 0.715339 0.386975 3.26216 8.96221 -1.8116e-17 4.82109 0.421791 -0.268802 -4.38215 4.0257 -2.00958e-17 4.83041 0.765062 -0.102553 -5.48694 4.18918 1.23299 -7.60731 7.53374 2.77048 1.43024 2.82588 12.9547 3.2495 -3.26872 -87.1902 21.8081 5.66597 29.2081 0.0598081 0.137039 4.13273 -0.718563 -20.311 24.234 0.0496219 0.113701 -0.0356761 -13.7812 -3.69973 -1.23299 -7.60729 7.53365 -5.77404 2.84324 -3.62747 -12.9547 3.2495 -3.26872 89.186 30.2898 -27.3413 -29.2081 0.0598081 0.137039 -9.5366 -4.68264 52.8168 -24.234 0.0496218 0.113702 0.66549 -0.806493 0.184384 9.23673 -4.20556 2.0327 -7.24759 -0.667034 -12.7772 -0.852353 -38.7721 -0.655187 -0.502107 1.87505 -0.0245135 -2.32622 -40.4017 -6.04875 -0.261967 1.67133 14.9069 0.779096 -9.8844 12.4959 -7.92765e-17 -7.98393e-16 1.56779e-17 -9.23673 -4.20556 2.0327 -11.1921 -4.44914 14.8882 0.852353 -38.7721 -0.655187 1.29661 4.84063 0.0297315 2.32622 -40.4017 -6.04875 1.14272 -4.93752 -15.5258 -0.779096 -9.8844 12.4959 -5.96354e-16 -5.59082e-16 -1.27471e-14 
10.7177 92.341 134.985 6.32262 -3.3807 -2.93833 0 5.07867 -1.15138 -1.85553 0.0209033 0.519343 0 5.61661 1.07143 -1.61967 0.385015 0.56443 -1.02604e-17 5.98978 0.11501 -1.33872 1.19155 0.694579 -1.10457e-17 6.50583 -0.443523 -1.1203 2.07751 0.756036 -1.97295e-17 7.60548 -1.50593 -0.686565 2.8034 0.857736 -2.53307e-17 9.49737 -0.914492 -0.126137 3.02017 0.642802 -2.90401e-17 10.5513 1.57691 0.0470287 0.638592 -0.0273662 -1.29193e-17 4.78644 0.715339 0.38654 3.28742 8.98952 -1.8116e-17 4.82109 0.421791 -0.253552 -4.37161 4.03829 -2.00958e-17 4.83041 0.765062 -0.0849009 -5.50365 4.16271 1.23299 -7.60731 7.53374 2.83907 1.44737 2.8357 12.9547 3.2495 -3.26872 -87.1962 21.7919 5.67516 29.2081 0.0598081 0.137039 4.14244 -0.722103 -20.3607 24.234 0.0496219 0.113701 -0.0363283 -13.7531 -3.6853 -1.23299 -7.60729 7.53365 -5.78202 2.85659 -3.61527 -12.9547 3.2495 -3.26872 89.2454 30.211 -27.2354 -29.2081 0.0598081 0.137039 -9.50268 -4.63877 52.5526 -24.234 0.0496218 0.113702 0.661166 -0.900009 0.231698 9.23673 -4.20556 2.0327 -7.25976 -0.651249 -12.8897 -0.852353 -38.7721 -0.655187 -0.497028 1.85608 -0.0243477 -2.32622 -40.4017 -6.04875 -0.281848 1.66573 14.9109 0.779096 -9.8844 12.4959 3.18293e-16 -7.85969e-16 3.25389e-18 -9.23673 -4.20556 2.0327 -11.2077 -4.49377 14.8288 0.852353 -38.7721 -0.655187 1.32087 4.93103 0.0292427 2.32622 -40.4017 -6.04875 1.10033 -4.98634 -15.526 -0.779096 -9.8844 12.4959 -3.02909e-16 -5.77422e-16 -1.27562e-14 
10.6751 92.3346 134.962 6.34975 -3.40037 -2.8515 0 5.07867 -1.15138 -1.86888 0.0551275 0.521548 0 5.61661 1.07143 -1.63055 0.408878 0.563368 -1.02604e-17 5.98978 0.11501 -1.34692 1.20375 0.693171 -1.10457e-17 6.50583 -0.443523 -1.12504 2.06924 0.754237 -1.97295e-17 7.60548 -1.50593 -0.688653 2.78379 0.856585 -2.53307e-17 9.49737 -0.914492 -0.125128 2.99224 0.64112 -2.90401e-17 10.5513 1.57691 0.0468057 0.640998 -0.0275282 -1.29193e-17 4.78644 0.715339 0.384999 3.31427 9.01612 -1.8116e-17 4.82109 0.421791 -0.240053 -4.37364 4.05073 -2.00958e-17 4.83041 0.765062 -0.0713115 -5.52953 4.14974 1.23299 -7.60731 7.53374 2.91052 1.46019 2.84888 12.9547 3.2495 -3.26872 -87.2067 21.7733 5.68532 29.2081 0.0598081 0.137039 4.14692 -0.72374 -20.3836 24.234 0.0496219 0.113701 -0.0327073 -13.7151 -3.65861 -1.23299 -7.60729 7.53365 -5.79585 2.86544 -3.61028 -12.9547 3.2495 -3.26872 89.308 30.1494 -27.1349 -29.2081 0.0598081 0.137039 -9.47319 -4.60094 52.324 -24.234 0.0496218 0.113702 0.667524 -0.940676 0.27452 9.23673 -4.20556 2.0327 -7.26147 -0.62919 -12.9873 -0.852353 -38.7721 -0.655187 -0.496216 1.85304 -0.024321 -2.32622 -40.4017 -6.04875 -0.294429 1.66012 14.9145 0.779096 -9.8844 12.4959 7.15862e-16 -7.64374e-16 -1.83403e-17 -9.23673 -4.20556 2.0327 -11.2107 -4.52913 14.7786 0.852353 -38.7721 -0.655187 1.34535 5.02221 0.0287105 2.32622 -40.4017 -6.04875 1.05742 -5.0188 -15.5255 -0.779096 -9.8844 12.4959 -7.85674e-16 -5.5642e-16 -1.2732e-14 
10.634 92.3296 134.94 6.36895 -3.43466 -2.75897 0 5.07867 -1.15138 -1.87977 0.0931893 0.524064 0 5.61661 1.07143 -1.63943 0.435992 0.563081 -1.02604e-17 5.98978 0.11501 -1.35383 1.21899 0.692497 -1.10457e-17 6.50583 -0.443523 -1.12912 2.06322 0.753169 -1.97295e-17 7.60548 -1.50593 -0.690647 2.76587 0.856093 -2.53307e-17 9.49737 -0.914492 -0.124548 2.96587 0.640326 -2.90401e-17 10.5513 1.57691 0.0466072 0.643425 -0.0279504 -1.29193e-17 4.78644 0.715339 0.382406 3.34375 9.03036 -1.8116e-17 4.82109 0.421791 -0.230553 -4.38506 4.05739 -2.00958e-17 4.83041 0.765062 -0.0550438 -5.56439 4.14246 1.23299 -7.60731 7.53374 2.98093 1.47261 2.86148 12.9547 3.2495 -3.26872 -87.2269 21.7567 5.69808 29.2081 0.0598081 0.137039 4.1471 -0.723805 -20.3845 24.234 0.0496219 0.113701 -0.0205403 -13.6593 -3.63268 -1.23299 -7.60729 7.53365 -5.8227 2.87301 -3.6102 -12.9547 3.2495 -3.26872 89.381 30.1016 -27.0465 -29.2081 0.0598081 0.137039 -9.44829 -4.56926 52.1319 -24.234 0.0496218 0.113702 0.680965 -0.975675 0.315664 9.23673 -4.20556 2.0327 -7.25686 -0.594637 -13.0827 -0.852353 -38.7721 -0.655187 -0.496825 1.85532 -0.024341 -2.32622 -40.4017 -6.04875 -0.308852 1.65565 14.9184 0.779096 -9.8844 12.4959 2.33104e-16 -7.85377e-16 2.66203e-18 -9.23673 -4.20556 2.0327 -11.2091 -4.54673 14.7232 0.852353 -38.7721 -0.655187 1.3691 5.11065 0.028157 2.32622 -40.4017 -6.04875 1.02929 -5.04309 -15.5249 -0.779096 -9.8844 12.4959 -7.00482e-16 -5.55828e-16 -1.27406e-14 
10.5933 92.3234 134.918 6.37096 -3.45468 -2.67487 0 5.07867 -1.15138 -1.884 0.130634 0.526053 0 5.61661 1.07143 -1.64265 0.462716 0.563174 -1.02604e-17 5.98978 0.11501 -1.35641 1.23377 0.692292 -1.10457e-17 6.50583 -0.443523 -1.13022 2.05667 0.752632 -1.97295e-17 7.60548 -1.50593 -0.690971 2.74759 0.855703 -2.53307e-17 9.49737 -0.914492 -0.123798 2.93951 0.639483 -2.90401e-17 10.5513 1.57691 0.0464217 0.645753 -0.0285004 -1.29193e-17 4.78644 0.715339 0.380387 3.37115 9.04501 -1.8116e-17 4.82109 0.421791 -0.223432 -4.40064 4.06407 -2.00958e-17 4.83041 0.765062 -0.0547369 -5.6082 4.1277 1.23299 -7.60731 7.53374 3.04898 1.48683 2.87305 12.9547 3.2495 -3.26872 -87.2563 21.7431 5.72101 29.2081 0.0598081 0.137039 4.14593 -0.723379 -20.3786 24.234 0.0496219 0.113701 -0.0146827 -13.6054 -3.60975 -1.23299 -7.60729 7.53365 -5.84974 2.88078 -3.61238 -12.9547 3.2495 -3.26872 89.4526 30.0698 -26.9664 -29.2081 0.0598081 0.137039 -9.42851 -4.54423 51.9799 -24.234 0.0496218 0.113702 0.693415 -1.02135 0.352387 9.23673 -4.20556 2.0327 -7.23317 -0.57333 -13.1709 -0.852353 -38.7721 -0.655187 -0.498622 1.86203 -0.0243999 -2.32622 -40.4017 -6.04875 -0.31946 1.62884 14.9226 0.779096 -9.8844 12.4959 2.48481e-17 -7.95139e-16 1.2424e-17 -9.23673 -4.20556 2.0327 -11.188 -4.5702 14.6703 0.852353 -38.7721 -0.655187 1.38826 5.18201 0.0276834 2.32622 -40.4017 -6.04875 1.00212 -5.06041 -15.5244 -0.779096 -9.8844 12.4959 -8.89794e-16 -5.49912e-16 -1.27287e-14 
10.5516 92.3165 134.897 6.36244 -3.46707 -2.61234 0 5.07867 -1.15138 -1.88423 0.165245 0.527903 0 5.61661 1.07143 -1.6425 0.487484 0.563593 -1.02604e-17 5.98978 0.11501 -1.3564 1.24729 0.69249 -1.10457e-17 6.50583 -0.443523 -1.12969 2.04982 0.752528 -1.97295e-17 7.60548 -1.50593 -0.690468 2.72991 0.855533 -2.53307e-17 9.49737 -0.914492 -0.123134 2.91462 0.638809 -2.90401e-17 10.5513 1.57691 0.0462069 0.647915 -0.0290779 -1.29193e-17 4.78644 0.715339 0.379648 3.38664 9.06135 -1.8116e-17 4.82109 0.421791 -0.222166 -4.41148 4.07116 -2.00958e-17 4.83041 0.765062 -0.0597476 -5.6447 4.11724 1.23299 -7.60731 7.53374 3.10222 1.50405 2.87969 12.9547 3.2495 -3.26872 -87.2826 21.7318 5.75564 29.2081 0.0598081 0.137039 4.14386 -0.72262 -20.3679 24.234 0.0496219 0.113701 -0.0125136 -13.5724 -3.58556 -1.23299 -7.60729 7.53365 -5.86591 2.88884 -3.61286 -12.9547 3.2495 -3.26872 89.5132 30.0575 -26.8946 -29.2081 0.0598081 0.137039 -9.41603 -4.52851 51.8843 -24.234 0.0496218 0.113702 0.706583 -1.08393 0.369955 9.23673 -4.20556 2.0327 -7.19731 -0.55609 -13.2429 -0.852353 -38.7721 -0.655187 -0.499498 1.86531 -0.0244286 -2.32622 -40.4017 -6.04875 -0.325693 1.58936 14.9273 0.779096 -9.8844 12.4959 3.18288e-16 -7.85969e-16 3.25404e-18 -9.23673 -4.20556 2.0327 -11.1528 -4.60738 14.6381 0.852353 -38.7721 -0.655187 1.40778 5.25466 0.0271766 2.32622 -40.4017 -6.04875 0.975106 -5.07466 -15.5236 -0.779096 -9.8844 12.4959 -9.93923e-16 -5.46658e-16 -1.27222e-14 
10.5102 92.31 134.877 6.36076 -3.48435 -2.55767 0 5.07867 -1.15138 -1.88583 0.198734 0.529414 0 5.61661 1.07143 -1.6437 0.511934 0.563476 -1.02604e-17 5.98978 0.11501 -1.35759 1.2613 0.692107 -1.10457e-17 6.50583 -0.443523 -1.1303 2.04481 0.751783 -1.97295e-17 7.60548 -1.50593 -0.691177 2.71488 0.854968 -2.53307e-17 9.49737 -0.914492 -0.123867 2.89321 0.637931 -2.90401e-17 10.5513 1.57691 0.0458602 0.649973 -0.0297174 -1.29193e-17 4.78644 0.715339 0.377398 3.39459 9.07279 -1.8116e-17 4.82109 0.421791 -0.228957 -4.41688 4.07557 -2.00958e-17 4.83041 0.765062 -0.0632147 -5.67126 4.11451 1.23299 -7.60731 7.53374 3.13937 1.52264 2.88297 12.9547 3.2495 -3.26872 -87.2968 21.7194 5.79263 29.2081 0.0598081 0.137039 4.14002 -0.721219 -20.3483 24.234 0.0496219 0.113701 -0.0174082 -13.5574 -3.55538 -1.23299 -7.60729 7.53365 -5.86742 2.89474 -3.61118 -12.9547 3.2495 -3.26872 89.5634 30.0547 -26.8307 -29.2081 0.0598081 0.137039 -9.41044 -4.5215 51.8415 -24.234 0.0496218 0.113702 0.719923 -1.15736 0.371865 9.23673 -4.20556 2.0327 -7.16856 -0.535374 -13.3041 -0.852353 -38.7721 -0.655187 -0.500642 1.86958 -0.0244658 -2.32622 -40.4017 -6.04875 -0.337537 1.55574 14.9328 0.779096 -9.8844 12.4959 4.22417e-16 -7.82715e-16 2.88531e-33 -9.23673 -4.20556 2.0327 -11.125 -4.65156 14.6168 0.852353 -38.7721 -0.655187 1.43219 5.34555 0.0265075 2.32622 -40.4017 -6.04875 0.949918 -5.0938 -15.523 -0.779096 -9.8844 12.4959 -4.07043e-16 -5.74168e-16 -1.27497e-14 
10.4694 92.3049 134.857 6.35315 -3.51688 -2.51205 0 5.07867 -1.15138 -1.88517 0.234767 0.531142 0 5.61661 1.07143 -1.64295 0.53885 0.563702 -1.02604e-17 5.98978 0.11501 -1.35728 1.27797 0.692066 -1.10457e-17 6.50583 -0.443523 -1.12995 2.04244 0.751371 -1.97295e-17 7.60548 -1.50593 -0.691399 2.70212 0.854646 -2.53307e-17 9.49737 -0.914492 -0.124582 2.87473 0.637199 -2.90401e-17 10.5513 1.57691 0.0454696 0.652016 -0.0303974 -1.29193e-17 4.78644 0.715339 0.374091 3.40568 9.0817 -1.8116e-17 4.82109 0.421791 -0.23859 -4.42131 4.07881 -2.00958e-17 4.83041 0.765062 -0.0754226 -5.68917 4.1115 1.23299 -7.60731 7.53374 3.1647 1.54157 2.88274 12.9547 3.2495 -3.26872 -87.3085 21.721 5.83163 29.2081 0.0598081 0.137039 4.13446 -0.719192 -20.3198 24.234 0.0496219 0.113701 -0.0270792 -13.5718 -3.53287 -1.23299 -7.60729 7.53365 -5.85986 2.8983 -3.6084 -12.9547 3.2495 -3.26872 89.6006 30.0622 -26.7659 -29.2081 0.0598081 0.137039 -9.40779 -4.51816 51.8212 -24.234 0.0496218 0.113702 0.733093 -1.22214 0.381412 9.23673 -4.20556 2.0327 -7.13501 -0.499738 -13.3539 -0.852353 -38.7721 -0.655187 -0.502014 1.8747 -0.0245105 -2.32622 -40.4017 -6.04875 -0.346037 1.52575 14.9379 0.779096 -9.8844 12.4959 7.15857e-16 -7.64375e-16 -1.834e-17 -9.23673 -4.20556 2.0327 -11.0909 -4.68129 14.5972 0.852353 -38.7721 -0.655187 1.45593 5.43388 0.0258199 2.32622 -40.4017 -6.04875 0.925962 -5.10264 -15.5223 -0.779096 -9.8844 12.4959 -1.0791e-15 -5.4725e-16 -1.27228e-14 
10.4292 92.2997 134.839 6.35551 -3.54792 -2.47648 0 5.07867 -1.15138 -1.88586 0.271127 0.533875 0 5.61661 1.07143 -1.64363 0.566143 0.564783 -1.02604e-17 5.98978 0.11501 -1.35819 1.29519 0.692861 -1.10457e-17 6.50583 -0.443523 -1.13065 2.04097 0.751783 -1.97295e-17 7.60548 -1.50593 -0.692245 2.69031 0.855317 -2.53307e-17 9.49737 -0.914492 -0.125335 2.857 0.637541 -2.90401e-17 10.5513 1.57691 0.0451149 0.654029 -0.0312366 -1.29193e-17 4.78644 0.715339 0.370287 3.42023 9.08526 -1.8116e-17 4.82109 0.421791 -0.24799 -4.42451 4.07937 -2.00958e-17 4.83041 0.765062 -0.0931589 -5.71006 4.10883 1.23299 -7.60731 7.53374 3.18579 1.56037 2.88282 12.9547 3.2495 -3.26872 -87.3232 21.7251 5.86913 29.2081 0.0598081 0.137039 4.12786 -0.716788 -20.286 24.234 0.0496219 0.113701 -0.0391008 -13.5892 -3.51767 -1.23299 -7.60729 7.53365 -5.85812 2.90043 -3.60936 -12.9547 3.2495 -3.26872 89.6379 30.0803 -26.7004 -29.2081 0.0598081 0.137039 -9.40954 -4.52037 51.8346 -24.234 0.0496218 0.113702 0.74542 -1.25746 0.386566 9.23673 -4.20556 2.0327 -7.11136 -0.469421 -13.3943 -0.852353 -38.7721 -0.655187 -0.504816 1.88517 -0.0246013 -2.32622 -40.4017 -6.04875 -0.355016 1.50127 14.9423 0.779096 -9.8844 12.4959 -6.03332e-17 -7.94547e-16 1.18319e-17 -9.23673 -4.20556 2.0327 -11.0664 -4.71925 14.5879 0.852353 -38.7721 -0.655187 1.48195 5.53071 0.0250237 2.32622 -40.4017 -6.04875 0.901844 -5.11864 -15.522 -0.779096 -9.8844 12.4959 -8.04613e-16 -5.52574e-16 -1.27373e-14 
10.3908 92.2947 134.821 6.35642 -3.57206 -2.43307 0 5.07867 -1.15138 -1.88741 0.308686 0.535502 0 5.61661 1.07143 -1.64484 0.593925 0.564727 -1.02604e-17 5.98978 0.11501 -1.35929 1.31216 0.692574 -1.10457e-17 6.50583 -0.443523 -1.13122 2.03801 0.751167 -1.97295e-17 7.60548 -1.50593 -0.692812 2.67652 0.85491 -2.53307e-17 9.49737 -0.914492 -0.125828 2.83732 0.636684 -2.90401e-17 10.5513 1.57691 0.0448393 0.65632 -0.0320292 -1.29193e-17 4.78644 0.715339 0.36702 3.43318 9.07835 -1.8116e-17 4.82109 0.421791 -0.254202 -4.42694 4.07518 -2.00958e-17 4.83041 0.765062 -0.104243 -5.72776 4.10777 1.23299 -7.60731 7.53374 3.19732 1.58085 2.8787 12.9547 3.2495 -3.26872 -87.3371 21.7375 5.90838 29.2081 0.0598081 0.137039 4.12252 -0.714849 -20.2587 24.234 0.0496219 0.113701 -0.0449328 -13.6072 -3.50076 -1.23299 -7.60729 7.53365 -5.85579 2.90367 -3.60686 -12.9547 3.2495 -3.26872 89.6762 30.1066 -26.6474 -29.2081 0.0598081 0.137039 -9.41585 -4.52828 51.8829 -24.234 0.0496218 0.113702 0.757348 -1.27284 0.386913 9.23673 -4.20556 2.0327 -7.08707 -0.443404 -13.4366 -0.852353 -38.7721 -0.655187 -0.506564 1.8917 -0.0246576 -2.32622 -40.4017 -6.04875 -0.367369 1.4749 14.9472 0.779096 -9.8844 12.4959 2.14159e-16 -7.89223e-16 6.50808e-18 -9.23673 -4.20556 2.0327 -11.0425 -4.74932 14.5617 0.852353 -38.7721 -0.655187 1.50217 5.60595 0.0243744 2.32622 -40.4017 -6.04875 0.882904 -5.13335 -15.522 -0.779096 -9.8844 12.4959 -5.96354e-16 -5.59082e-16 -1.27471e-14 
10.3535 92.2883 134.803 6.35126 -3.57759 -2.38958 0 5.07867 -1.15138 -1.88737 0.341118 0.537076 0 5.61661 1.07143 -1.64466 0.617707 0.564855 -1.02604e-17 5.98978 0.11501 -1.35925 1.3261 0.692533 -1.10457e-17 6.50583 -0.443523 -1.13097 2.03373 0.750858 -1.97295e-17 7.60548 -1.50593 -0.692777 2.66272 0.854691 -2.53307e-17 9.49737 -0.914492 -0.125938 2.81828 0.636032 -2.90401e-17 10.5513 1.57691 0.0446956 0.658776 -0.0327954 -1.29193e-17 4.78644 0.715339 0.365185 3.44282 9.06859 -1.8116e-17 4.82109 0.421791 -0.259204 -4.42511 4.06964 -2.00958e-17 4.83041 0.765062 -0.119167 -5.74361 4.09832 1.23299 -7.60731 7.53374 3.20259 1.60044 2.8734 12.9547 3.2495 -3.26872 -87.3542 21.7529 5.94882 29.2081 0.0598081 0.137039 4.11785 -0.713154 -20.2349 24.234 0.0496219 0.113701 -0.0467326 -13.617 -3.49103 -1.23299 -7.60729 7.53365 -5.8553 2.90703 -3.60416 -12.9547 3.2495 -3.26872 89.7147 30.1432 -26.6014 -29.2081 0.0598081 0.137039 -9.4254 -4.54031 51.9561 -24.234 0.0496218 0.113702 0.768011 -1.28678 0.378235 9.23673 -4.20556 2.0327 -7.0571 -0.424101 -13.483 -0.852353 -38.7721 -0.655187 -0.503259 1.87936 -0.0245509 -2.32622 -40.4017 -6.04875 -0.374692 1.44028 14.9518 0.779096 -9.8844 12.4959 7.15857e-16 -7.64375e-16 -1.834e-17 -9.23673 -4.20556 2.0327 -11.012 -4.78342 14.5245 0.852353 -38.7721 -0.655187 1.51582 5.65673 0.0239211 2.32622 -40.4017 -6.04875 0.860538 -5.14688 -15.5215 -0.779096 -9.8844 12.4959 -8.89794e-16 -5.49912e-16 -1.27287e-14 
10.3166 92.2817 134.786 6.34274 -3.57953 -2.35255 0 5.07867 -1.15138 -1.88635 0.372022 0.539143 0 5.61661 1.07143 -1.64381 0.640014 0.565571 -1.02604e-17 5.98978 0.11501 -1.35879 1.33839 0.693077 -1.10457e-17 6.50583 -0.443523 -1.13064 2.02761 0.751125 -1.97295e-17 7.60548 -1.50593 -0.692774 2.6473 0.855025 -2.53307e-17 9.49737 -0.914492 -0.126109 2.79763 0.636082 -2.90401e-17 10.5513 1.57691 0.044581 0.661454 -0.0335616 -1.29193e-17 4.78644 0.715339 0.364169 3.44712 9.05517 -1.8116e-17 4.82109 0.421791 -0.264865 -4.416 4.06226 -2.00958e-17 4.83041 0.765062 -0.13649 -5.74937 4.0885 1.23299 -7.60731 7.53374 3.19878 1.62131 2.86471 12.9547 3.2495 -3.26872 -87.3712 21.7615 5.9944 29.2081 0.0598081 0.137039 4.11351 -0.711581 -20.2127 24.234 0.0496219 0.113701 -0.0475313 -13.6211 -3.48075 -1.23299 -7.60729 7.53365 -5.85517 2.91183 -3.60126 -12.9547 3.2495 -3.26872 89.7539 30.1835 -26.5597 -29.2081 0.0598081 0.137039 -9.43634 -4.55412 52.04 -24.234 0.0496218 0.113702 0.781739 -1.31401 0.353046 9.23673 -4.20556 2.0327 -7.02326 -0.406534 -13.5246 -0.852353 -38.7721 -0.655187 -0.499241 1.86435 -0.0244202 -2.32622 -40.4017 -6.04875 -0.38155 1.40223 14.9563 0.779096 -9.8844 12.4959 -3.53773e-16 -8.12887e-16 3.01719e-17 -9.23673 -4.20556 2.0327 -10.9775 -4.81859 14.4951 0.852353 -38.7721 -0.655187 1.52737 5.69968 0.0235282 2.32622 -40.4017 -6.04875 0.837839 -5.15763 -15.5201 -0.779096 -9.8844 12.4959 -4.07043e-16 -5.74168e-16 -1.27497e-14 
10.2802 92.2754 134.769 6.33353 -3.58234 -2.31734 0 5.07867 -1.15138 -1.88487 0.404053 0.542017 0 5.61661 1.07143 -1.64284 0.662773 0.567276 -1.02604e-17 5.98978 0.11501 -1.35844 1.35031 0.694549 -1.10457e-17 6.50583 -0.443523 -1.13064 2.01988 0.75231 -1.97295e-17 7.60548 -1.50593 -0.693049 2.62977 0.856298 -2.53307e-17 9.49737 -0.914492 -0.126361 2.77412 0.637368 -2.90401e-17 10.5513 1.57691 0.0445264 0.664391 -0.034259 -1.29193e-17 4.78644 0.715339 0.362728 3.4511 9.02716 -1.8116e-17 4.82109 0.421791 -0.270704 -4.40317 4.04801 -2.00958e-17 4.83041 0.765062 -0.15456 -5.74814 4.07954 1.23299 -7.60731 7.53374 3.19361 1.64249 2.85472 12.9547 3.2495 -3.26872 -87.3929 21.7705 6.04112 29.2081 0.0598081 0.137039 4.10864 -0.709815 -20.1877 24.234 0.0496219 0.113701 -0.046451 -13.6184 -3.4795 -1.23299 -7.60729 7.53365 -5.8659 2.91868 -3.60029 -12.9547 3.2495 -3.26872 89.7997 30.223 -26.5193 -29.2081 0.0598081 0.137039 -9.44545 -4.56566 52.1101 -24.234 0.0496218 0.113702 0.799904 -1.37305 0.323493 9.23673 -4.20556 2.0327 -6.98875 -0.390072 -13.5593 -0.852353 -38.7721 -0.655187 -0.496103 1.85262 -0.0243173 -2.32622 -40.4017 -6.04875 -0.391564 1.36373 14.9612 0.779096 -9.8844 12.4959 1.10029e-16 -7.95731e-16 1.30162e-17 -9.23673 -4.20556 2.0327 -10.9423 -4.85365 14.4665 0.852353 -38.7721 -0.655187 1.53899 5.74287 0.0231242 2.32622 -40.4017 -6.04875 0.812599 -5.16503 -15.5185 -0.779096 -9.8844 12.4959 -1.0791e-15 -5.4725e-16 -1.27228e-14 
10.2437 92.2686 134.752 6.32695 -3.57598 -2.2926 0 5.07867 -1.15138 -1.88349 0.435092 0.546393 0 5.61661 1.07143 -1.64242 0.68427 0.570529 -1.02604e-17 5.98978 0.11501 -1.35883 1.3606 0.697449 -1.10457e-17 6.50583 -0.443523 -1.13154 2.01006 0.75487 -1.97295e-17 7.60548 -1.50593 -0.694034 2.61019 0.859046 -2.53307e-17 9.49737 -0.914492 -0.126905 2.74792 0.640463 -2.90401e-17 10.5513 1.57691 0.0445284 0.667392 -0.0349574 -1.29193e-17 4.78644 0.715339 0.361055 3.45517 9.00028 -1.8116e-17 4.82109 0.421791 -0.277471 -4.39037 4.03417 -2.00958e-17 4.83041 0.765062 -0.179943 -5.74907 4.06128 1.23299 -7.60731 7.53374 3.19249 1.66371 2.8464 12.9547 3.2495 -3.26872 -87.4255 21.7714 6.0934 29.2081 0.0598081 0.137039 4.10517 -0.708559 -20.17 24.234 0.0496219 0.113701 -0.0439976 -13.599 -3.48766 -1.23299 -7.60729 7.53365 -5.88647 2.9275 -3.60341 -12.9547 3.2495 -3.26872 89.8532 30.2553 -26.4752 -29.2081 0.0598081 0.137039 -9.45227 -4.5743 52.1626 -24.234 0.0496218 0.113702 0.813829 -1.44419 0.289329 9.23673 -4.20556 2.0327 -6.95577 -0.383169 -13.586 -0.852353 -38.7721 -0.655187 -0.493227 1.84188 -0.0242225 -2.32622 -40.4017 -6.04875 -0.402586 1.32143 14.9663 0.779096 -9.8844 12.4959 7.15857e-16 -7.64375e-16 -1.834e-17 -9.23673 -4.20556 2.0327 -10.9075 -4.90323 14.4438 0.852353 -38.7721 -0.655187 1.55209 5.79161 0.0226578 2.32622 -40.4017 -6.04875 0.782193 -5.17633 -15.5171 -0.779096 -9.8844 12.4959 -1.39149e-15 -5.34234e-16 -1.27098e-14 
10.2071 92.263 134.736 6.32284 -3.58264 -2.27662 0 5.07867 -1.15138 -1.88355 0.469312 0.552611 0 5.61661 1.07143 -1.64358 0.707848 0.575424 -1.02604e-17 5.98978 0.11501 -1.36076 1.37213 0.701838 -1.10457e-17 6.50583 -0.443523 -1.13391 1.99979 0.758848 -1.97295e-17 7.60548 -1.50593 -0.696035 2.58926 0.863403 -2.53307e-17 9.49737 -0.914492 -0.127676 2.71958 0.645608 -2.90401e-17 10.5513 1.57691 0.0445669 0.670574 -0.0356247 -1.29193e-17 4.78644 0.715339 0.358608 3.46077 8.96419 -1.8116e-17 4.82109 0.421791 -0.284273 -4.37657 4.01605 -2.00958e-17 4.83041 0.765062 -0.20118 -5.74392 4.04365 1.23299 -7.60731 7.53374 3.1921 1.68487 2.83684 12.9547 3.2495 -3.26872 -87.4623 21.7681 6.15102 29.2081 0.0598081 0.137039 4.1034 -0.707922 -20.161 24.234 0.0496219 0.113701 -0.040159 -13.5567 -3.4972 -1.23299 -7.60729 7.53365 -5.91904 2.93842 -3.60844 -12.9547 3.2495 -3.26872 89.9159 30.2849 -26.4286 -29.2081 0.0598081 0.137039 -9.45545 -4.57834 52.1871 -24.234 0.0496218 0.113702 0.827616 -1.51492 0.253761 9.23673 -4.20556 2.0327 -6.9242 -0.364161 -13.6101 -0.852353 -38.7721 -0.655187 -0.490273 1.83084 -0.0241246 -2.32622 -40.4017 -6.04875 -0.42284 1.28591 14.9723 0.779096 -9.8844 12.4959 2.33107e-16 -7.85377e-16 2.66191e-18 -9.23673 -4.20556 2.0327 -10.8748 -4.94623 14.4337 0.852353 -38.7721 -0.655187 1.56695 5.84684 0.0221157 2.32622 -40.4017 -6.04875 0.752097 -5.18311 -15.5155 -0.779096 -9.8844 12.4959 -1.39149e-15 -5.34234e-16 -1.27098e-14 
10.171 92.2581 134.721 6.31928 -3.59507 -2.26242 0 5.07867 -1.15138 -1.8843 0.506648 0.559111 0 5.61661 1.07143 -1.64544 0.733723 0.580436 -1.02604e-17 5.98978 0.11501 -1.36342 1.38527 0.706204 -1.10457e-17 6.50583 -0.443523 -1.1369 1.99005 0.762717 -1.97295e-17 7.60548 -1.50593 -0.698613 2.56798 0.867705 -2.53307e-17 9.49737 -0.914492 -0.128898 2.69022 0.651074 -2.90401e-17 10.5513 1.57691 0.0445104 0.673757 -0.036323 -1.29193e-17 4.78644 0.715339 0.354348 3.47524 8.91994 -1.8116e-17 4.82109 0.421791 -0.292819 -4.36066 3.99406 -2.00958e-17 4.83041 0.765062 -0.219936 -5.73873 4.02608 1.23299 -7.60731 7.53374 3.19648 1.70446 2.82792 12.9547 3.2495 -3.26872 -87.5056 21.7557 6.20799 29.2081 0.0598081 0.137039 4.10337 -0.707912 -20.1608 24.234 0.0496219 0.113701 -0.0352159 -13.494 -3.50685 -1.23299 -7.60729 7.53365 -5.96647 2.94928 -3.61581 -12.9547 3.2495 -3.26872 89.9873 30.3118 -26.3753 -29.2081 0.0598081 0.137039 -9.45432 -4.57691 52.1784 -24.234 0.0496218 0.113702 0.843887 -1.57214 0.223251 9.23673 -4.20556 2.0327 -6.89408 -0.343484 -13.6335 -0.852353 -38.7721 -0.655187 -0.489242 1.82699 -0.0240902 -2.32622 -40.4017 -6.04875 -0.443889 1.25352 14.9787 0.779096 -9.8844 12.4959 -2.68592e-16 -8.04309e-16 2.1594e-17 -9.23673 -4.20556 2.0327 -10.8433 -4.9857 14.4223 0.852353 -38.7721 -0.655187 1.58285 5.90597 0.0215192 2.32622 -40.4017 -6.04875 0.724465 -5.18789 -15.5138 -0.779096 -9.8844 12.4959 -5.11173e-16 -5.70914e-16 -1.27465e-14 
10.1354 92.2546 134.706 6.31924 -3.62133 -2.24808 0 5.07867 -1.15138 -1.88634 0.548727 0.566009 0 5.61661 1.07143 -1.6484 0.76315 0.585498 -1.02604e-17 5.98978 0.11501 -1.36709 1.40105 0.710488 -1.10457e-17 6.50583 -0.443523 -1.14075 1.98118 0.76642 -1.97295e-17 7.60548 -1.50593 -0.701915 2.54611 0.871937 -2.53307e-17 9.49737 -0.914492 -0.130595 2.6597 0.656845 -2.90401e-17 10.5513 1.57691 0.0443322 0.677092 -0.0370468 -1.29193e-17 4.78644 0.715339 0.348796 3.49725 8.8743 -1.8116e-17 4.82109 0.421791 -0.305498 -4.3399 3.9713 -2.00958e-17 4.83041 0.765062 -0.242669 -5.72824 4.00082 1.23299 -7.60731 7.53374 3.19959 1.72308 2.81506 12.9547 3.2495 -3.26872 -87.5509 21.7325 6.26061 29.2081 0.0598081 0.137039 4.10479 -0.708424 -20.1681 24.234 0.0496219 0.113701 -0.0231999 -13.4194 -3.50933 -1.23299 -7.60729 7.53365 -6.02356 2.96056 -3.62179 -12.9547 3.2495 -3.26872 90.0652 30.34 -26.3171 -29.2081 0.0598081 0.137039 -9.44859 -4.56963 52.1342 -24.234 0.0496218 0.113702 0.858261 -1.63177 0.198393 9.23673 -4.20556 2.0327 -6.86884 -0.307333 -13.6541 -0.852353 -38.7721 -0.655187 -0.486989 1.81857 -0.024015 -2.32622 -40.4017 -6.04875 -0.463604 1.23344 14.9843 0.779096 -9.8844 12.4959 -9.59594e-16 -8.35072e-16 5.23578e-17 -9.23673 -4.20556 2.0327 -10.8159 -5.00411 14.4109 0.852353 -38.7721 -0.655187 1.59527 5.95212 0.0210421 2.32622 -40.4017 -6.04875 0.697665 -5.18708 -15.512 -0.779096 -9.8844 12.4959 9.46518e-17 -5.931e-16 -1.27687e-14 
10.0991 92.2494 134.691 6.31716 -3.6288 -2.25293 0 5.07867 -1.15138 -1.88686 0.588026 0.573193 0 5.61661 1.07143 -1.65037 0.790345 0.590992 -1.02604e-17 5.98978 0.11501 -1.37016 1.41498 0.715192 -1.10457e-17 6.50583 -0.443523 -1.1444 1.97146 0.77052 -1.97295e-17 7.60548 -1.50593 -0.705306 2.52405 0.876532 -2.53307e-17 9.49737 -0.914492 -0.132641 2.62896 0.663126 -2.90401e-17 10.5513 1.57691 0.0440619 0.68021 -0.0378037 -1.29193e-17 4.78644 0.715339 0.342229 3.52344 8.8358 -1.8116e-17 4.82109 0.421791 -0.31985 -4.31589 3.95159 -2.00958e-17 4.83041 0.765062 -0.279172 -5.72291 3.97229 1.23299 -7.60731 7.53374 3.20791 1.74011 2.80453 12.9547 3.2495 -3.26872 -87.5991 21.6899 6.30772 29.2081 0.0598081 0.137039 4.10738 -0.709361 -20.1813 24.234 0.0496219 0.113701 -0.0138154 -13.3329 -3.52204 -1.23299 -7.60729 7.53365 -6.08257 2.97118 -3.6311 -12.9547 3.2495 -3.26872 90.1384 30.3637 -26.2503 -29.2081 0.0598081 0.137039 -9.44178 -4.561 52.0819 -24.234 0.0496218 0.113702 0.871879 -1.67641 0.182648 9.23673 -4.20556 2.0327 -6.83942 -0.282049 -13.6658 -0.852353 -38.7721 -0.655187 -0.481593 1.79842 -0.0238335 -2.32622 -40.4017 -6.04875 -0.481551 1.20279 14.9899 0.779096 -9.8844 12.4959 -8.74425e-16 -8.35665e-16 5.29504e-17 -9.23673 -4.20556 2.0327 -10.7832 -5.05083 14.4214 0.852353 -38.7721 -0.655187 1.61018 6.00754 0.020456 2.32622 -40.4017 -6.04875 0.669821 -5.19356 -15.5106 -0.779096 -9.8844 12.4959 -6.81521e-16 -5.59675e-16 -1.27352e-14 
10.0626 92.2443 134.677 6.32047 -3.63564 -2.2715 0 5.07867 -1.15138 -1.88992 0.625222 0.580628 0 5.61661 1.07143 -1.65487 0.815854 0.596593 -1.02604e-17 5.98978 0.11501 -1.37546 1.42781 0.71999 -1.10457e-17 6.50583 -0.443523 -1.15004 1.96183 0.774695 -1.97295e-17 7.60548 -1.50593 -0.710393 2.50263 0.881501 -2.53307e-17 9.49737 -0.914492 -0.135959 2.59933 0.670183 -2.90401e-17 10.5513 1.57691 0.0437096 0.683017 -0.0384714 -1.29193e-17 4.78644 0.715339 0.334518 3.54294 8.80748 -1.8116e-17 4.82109 0.421791 -0.34067 -4.28654 3.93631 -2.00958e-17 4.83041 0.765062 -0.312858 -5.70901 3.94221 1.23299 -7.60731 7.53374 3.2093 1.75723 2.789 12.9547 3.2495 -3.26872 -87.6335 21.6363 6.3456 29.2081 0.0598081 0.137039 4.11086 -0.71062 -20.1991 24.234 0.0496219 0.113701 -0.00915364 -13.2587 -3.52477 -1.23299 -7.60729 7.53365 -6.13201 2.98275 -3.63575 -12.9547 3.2495 -3.26872 90.2061 30.3938 -26.1912 -29.2081 0.0598081 0.137039 -9.43711 -4.55509 52.046 -24.234 0.0496218 0.113702 0.888733 -1.72758 0.164391 9.23673 -4.20556 2.0327 -6.81541 -0.260604 -13.6613 -0.852353 -38.7721 -0.655187 -0.477239 1.78215 -0.0236856 -2.32622 -40.4017 -6.04875 -0.498721 1.17589 14.9952 0.779096 -9.8844 12.4959 -4.76855e-16 -8.14071e-16 3.13565e-17 -9.23673 -4.20556 2.0327 -10.7544 -5.10838 14.4418 0.852353 -38.7721 -0.655187 1.62804 6.07392 0.0197346 2.32622 -40.4017 -6.04875 0.640033 -5.20326 -15.5092 -0.779096 -9.8844 12.4959 -7.00488e-16 -5.55828e-16 -1.27406e-14 
10.026 92.2386 134.663 6.32873 -3.63608 -2.30298 0 5.07867 -1.15138 -1.89455 0.657958 0.588635 0 5.61661 1.07143 -1.66096 0.837992 0.602738 -1.02604e-17 5.98978 0.11501 -1.38199 1.43856 0.725457 -1.10457e-17 6.50583 -0.443523 -1.15672 1.95242 0.779608 -1.97295e-17 7.60548 -1.50593 -0.71607 2.48278 0.887378 -2.53307e-17 9.49737 -0.914492 -0.139277 2.5721 0.678117 -2.90401e-17 10.5513 1.57691 0.0433683 0.68547 -0.0389703 -1.29193e-17 4.78644 0.715339 0.327472 3.55409 8.79078 -1.8116e-17 4.82109 0.421791 -0.360742 -4.26105 3.92654 -2.00958e-17 4.83041 0.765062 -0.346376 -5.69553 3.91337 1.23299 -7.60731 7.53374 3.20893 1.77355 2.7735 12.9547 3.2495 -3.26872 -87.6593 21.5807 6.37429 29.2081 0.0598081 0.137039 4.11464 -0.711989 -20.2184 24.234 0.0496219 0.113701 -0.00993883 -13.2058 -3.53369 -1.23299 -7.60729 7.53365 -6.16728 2.99423 -3.63798 -12.9547 3.2495 -3.26872 90.2578 30.4292 -26.1351 -29.2081 0.0598081 0.137039 -9.43391 -4.55105 52.0214 -24.234 0.0496218 0.113702 0.907621 -1.78082 0.145714 9.23673 -4.20556 2.0327 -6.79631 -0.247486 -13.6471 -0.852353 -38.7721 -0.655187 -0.473545 1.76835 -0.0235592 -2.32622 -40.4017 -6.04875 -0.513427 1.14866 15.0006 0.779096 -9.8844 12.4959 -3.72721e-16 -8.07563e-16 2.48481e-17 -9.23673 -4.20556 2.0327 -10.7299 -5.17596 14.4668 0.852353 -38.7721 -0.655187 1.64612 6.14109 0.0189834 2.32622 -40.4017 -6.04875 0.615175 -5.22027 -15.5079 -0.779096 -9.8844 12.4959 -3.02919e-16 -5.77422e-16 -1.27562e-14 
9.99101 92.2339 134.649 6.34382 -3.6478 -2.32943 0 5.07867 -1.15138 -1.90129 0.68649 0.596984 0 5.61661 1.07143 -1.66897 0.857312 0.60921 -1.02604e-17 5.98978 0.11501 -1.39006 1.44833 0.731275 -1.10457e-17 6.50583 -0.443523 -1.16463 1.94523 0.784927 -1.97295e-17 7.60548 -1.50593 -0.722545 2.46663 0.893876 -2.53307e-17 9.49737 -0.914492 -0.142794 2.54951 0.686834 -2.90401e-17 10.5513 1.57691 0.043046 0.687615 -0.0393311 -1.29193e-17 4.78644 0.715339 0.319947 3.56335 8.77248 -1.8116e-17 4.82109 0.421791 -0.379659 -4.23821 3.91621 -2.00958e-17 4.83041 0.765062 -0.371962 -5.68137 3.88865 1.23299 -7.60731 7.53374 3.20641 1.78622 2.75842 12.9547 3.2495 -3.26872 -87.6794 21.5229 6.39 29.2081 0.0598081 0.137039 4.11795 -0.71319 -20.2354 24.234 0.0496219 0.113701 -0.00681961 -13.1484 -3.53901 -1.23299 -7.60729 7.53365 -6.19794 3.0041 -3.63948 -12.9547 3.2495 -3.26872 90.3041 30.4648 -26.0871 -29.2081 0.0598081 0.137039 -9.43137 -4.54785 52.0019 -24.234 0.0496218 0.113702 0.928099 -1.83254 0.126798 9.23673 -4.20556 2.0327 -6.78638 -0.229898 -13.6366 -0.852353 -38.7721 -0.655187 -0.472361 1.76393 -0.0235185 -2.32622 -40.4017 -6.04875 -0.525826 1.13233 15.0052 0.779096 -9.8844 12.4959 -3.72721e-16 -8.07563e-16 2.48481e-17 -9.23673 -4.20556 2.0327 -10.7143 -5.23014 14.4828 0.852353 -38.7721 -0.655187 1.66368 6.2063 0.0182337 2.32622 -40.4017 -6.04875 0.587215 -5.23545 -15.5066 -0.779096 -9.8844 12.4959 -4.9222e-16 -5.6559e-16 -1.27503e-14 
9.95677 92.2291 134.635 6.35008 -3.65863 -2.35966 0 5.07867 -1.15138 -1.90474 0.710418 0.604926 0 5.61661 1.07143 -1.67414 0.873582 0.615778 -1.02604e-17 5.98978 0.11501 -1.39589 1.45665 0.737247 -1.10457e-17 6.50583 -0.443523 -1.17093 1.9395 0.790458 -1.97295e-17 7.60548 -1.50593 -0.728021 2.45339 0.900363 -2.53307e-17 9.49737 -0.914492 -0.146001 2.53081 0.695422 -2.90401e-17 10.5513 1.57691 0.0427577 0.689443 -0.0396318 -1.29193e-17 4.78644 0.715339 0.31244 3.57609 8.75951 -1.8116e-17 4.82109 0.421791 -0.396829 -4.22171 3.90858 -2.00958e-17 4.83041 0.765062 -0.40249 -5.67284 3.8652 1.23299 -7.60731 7.53374 3.20766 1.79537 2.74642 12.9547 3.2495 -3.26872 -87.7018 21.4706 6.39879 29.2081 0.0598081 0.137039 4.12115 -0.714348 -20.2517 24.234 0.0496219 0.113701 -0.00511751 -13.0857 -3.54803 -1.23299 -7.60729 7.53365 -6.22614 3.01128 -3.64318 -12.9547 3.2495 -3.26872 90.3409 30.4966 -26.0381 -29.2081 0.0598081 0.137039 -9.42816 -4.54379 51.9773 -24.234 0.0496218 0.113702 0.946741 -1.86641 0.115723 9.23673 -4.20556 2.0327 -6.76842 -0.212231 -13.6278 -0.852353 -38.7721 -0.655187 -0.471356 1.76017 -0.0234838 -2.32622 -40.4017 -6.04875 -0.529422 1.11044 15.0089 0.779096 -9.8844 12.4959 2.14149e-16 -7.89223e-16 6.50838e-18 -9.23673 -4.20556 2.0327 -10.6882 -5.28486 14.4945 0.852353 -38.7721 -0.655187 1.68076 6.26974 0.0174849 2.32622 -40.4017 -6.04875 0.555155 -5.24379 -15.5053 -0.779096 -9.8844 12.4959 -8.89789e-16 -5.49912e-16 -1.27287e-14 
9.92451 92.2247 134.621 6.36577 -3.67406 -2.37681 0 5.07867 -1.15138 -1.91068 0.731658 0.611816 0 5.61661 1.07143 -1.68129 0.887936 0.621195 -1.02604e-17 5.98978 0.11501 -1.40319 1.46417 0.742085 -1.10457e-17 6.50583 -0.443523 -1.17816 1.93491 0.794863 -1.97295e-17 7.60548 -1.50593 -0.734127 2.4422 0.905836 -2.53307e-17 9.49737 -0.914492 -0.149631 2.51457 0.703126 -2.90401e-17 10.5513 1.57691 0.0426015 0.691112 -0.0400033 -1.29193e-17 4.78644 0.715339 0.304818 3.59245 8.75 -1.8116e-17 4.82109 0.421791 -0.415026 -4.20958 3.90269 -2.00958e-17 4.83041 0.765062 -0.424554 -5.66975 3.84514 1.23299 -7.60731 7.53374 3.21149 1.80175 2.73476 12.9547 3.2495 -3.26872 -87.7197 21.4353 6.39672 29.2081 0.0598081 0.137039 4.12344 -0.715181 -20.2634 24.234 0.0496219 0.113701 -0.00740065 -13.0248 -3.55725 -1.23299 -7.60729 7.53365 -6.26073 3.01721 -3.6457 -12.9547 3.2495 -3.26872 90.3825 30.5253 -25.9984 -29.2081 0.0598081 0.137039 -9.42497 -4.53977 51.9528 -24.234 0.0496218 0.113702 0.960557 -1.89669 0.106944 9.23673 -4.20556 2.0327 -6.76093 -0.184045 -13.6171 -0.852353 -38.7721 -0.655187 -0.467042 1.74405 -0.0233344 -2.32622 -40.4017 -6.04875 -0.543983 1.09889 15.0127 0.779096 -9.8844 12.4959 1.28982e-16 -7.91884e-16 9.16985e-18 -9.23673 -4.20556 2.0327 -10.6765 -5.32791 14.4985 0.852353 -38.7721 -0.655187 1.6964 6.32781 0.0167828 2.32622 -40.4017 -6.04875 0.534635 -5.25877 -15.504 -0.779096 -9.8844 12.4959 -4.07053e-16 -5.74167e-16 -1.27497e-14 
9.89311 92.2201 134.608 6.37723 -3.68341 -2.3902 0 5.07867 -1.15138 -1.91515 0.748051 0.617599 0 5.61661 1.07143 -1.68688 0.898973 0.625718 -1.02604e-17 5.98978 0.11501 -1.40901 1.47014 0.746113 -1.10457e-17 6.50583 -0.443523 -1.18396 1.93196 0.798532 -1.97295e-17 7.60548 -1.50593 -0.739043 2.43416 0.910337 -2.53307e-17 9.49737 -0.914492 -0.152503 2.50267 0.709505 -2.90401e-17 10.5513 1.57691 0.0424567 0.6924 -0.0403538 -1.29193e-17 4.78644 0.715339 0.29815 3.61138 8.74302 -1.8116e-17 4.82109 0.421791 -0.426877 -4.2021 3.89834 -2.00958e-17 4.83041 0.765062 -0.446439 -5.67348 3.83095 1.23299 -7.60731 7.53374 3.21627 1.80435 2.72488 12.9547 3.2495 -3.26872 -87.739 21.3978 6.38833 29.2081 0.0598081 0.137039 4.1269 -0.71644 -20.2812 24.234 0.0496219 0.113701 -0.00349375 -12.962 -3.56477 -1.23299 -7.60729 7.53365 -6.29323 3.02038 -3.64811 -12.9547 3.2495 -3.26872 90.4167 30.5484 -25.9591 -29.2081 0.0598081 0.137039 -9.4211 -4.53489 51.9231 -24.234 0.0496218 0.113702 0.9759 -1.92313 0.101605 9.23673 -4.20556 2.0327 -6.75004 -0.150396 -13.6022 -0.852353 -38.7721 -0.655187 -0.457527 1.70851 -0.0230007 -2.32622 -40.4017 -6.04875 -0.559365 1.08596 15.0168 0.779096 -9.8844 12.4959 2.48481e-17 -7.95139e-16 1.2424e-17 -9.23673 -4.20556 2.0327 -10.6626 -5.37098 14.5004 0.852353 -38.7721 -0.655187 1.70997 6.37821 0.0161604 2.32622 -40.4017 -6.04875 0.52292 -5.27449 -15.5024 -0.779096 -9.8844 12.4959 -7.85655e-16 -5.5642e-16 -1.2732e-14 
9.8641 92.2149 134.595 6.3818 -3.68575 -2.38525 0 5.07867 -1.15138 -1.91773 0.760496 0.621284 0 5.61661 1.07143 -1.69043 0.907107 0.628525 -1.02604e-17 5.98978 0.11501 -1.41296 1.47419 0.748533 -1.10457e-17 6.50583 -0.443523 -1.18803 1.92903 0.800685 -1.97295e-17 7.60548 -1.50593 -0.742738 2.4273 0.913026 -2.53307e-17 9.49737 -0.914492 -0.154922 2.49263 0.713851 -2.90401e-17 10.5513 1.57691 0.042394 0.693594 -0.0405369 -1.29193e-17 4.78644 0.715339 0.2931 3.62622 8.73274 -1.8116e-17 4.82109 0.421791 -0.435481 -4.19787 3.89263 -2.00958e-17 4.83041 0.765062 -0.457338 -5.67903 3.81488 1.23299 -7.60731 7.53374 3.21857 1.80491 2.71563 12.9547 3.2495 -3.26872 -87.7568 21.3662 6.37346 29.2081 0.0598081 0.137039 4.1308 -0.717859 -20.3011 24.234 0.0496219 0.113701 0.0055997 -12.8963 -3.56856 -1.23299 -7.60729 7.53365 -6.32546 3.02296 -3.64826 -12.9547 3.2495 -3.26872 90.4459 30.5647 -25.9276 -29.2081 0.0598081 0.137039 -9.41795 -4.53093 51.899 -24.234 0.0496218 0.113702 0.990426 -1.96365 0.0925935 9.23673 -4.20556 2.0327 -6.73552 -0.119022 -13.601 -0.852353 -38.7721 -0.655187 -0.446247 1.66637 -0.0225974 -2.32622 -40.4017 -6.04875 -0.564128 1.07108 15.0196 0.779096 -9.8844 12.4959 -2.68587e-16 -8.04309e-16 2.15939e-17 -9.23673 -4.20556 2.0327 -10.6453 -5.41818 14.49 0.852353 -38.7721 -0.655187 1.72493 6.43373 0.0154608 2.32622 -40.4017 -6.04875 0.511496 -5.28941 -15.5005 -0.779096 -9.8844 12.4959 -4.07053e-16 -5.74167e-16 -1.27497e-14 
9.8369 92.2079 134.583 6.39706 -3.66731 -2.37213 0 5.07867 -1.15138 -1.92219 0.768578 0.623544 0 5.61661 1.07143 -1.69538 0.911524 0.62978 -1.02604e-17 5.98978 0.11501 -1.41767 1.47469 0.749524 -1.10457e-17 6.50583 -0.443523 -1.19229 1.92325 0.801478 -1.97295e-17 7.60548 -1.50593 -0.746264 2.41853 0.91436 -2.53307e-17 9.49737 -0.914492 -0.157094 2.48092 0.71649 -2.90401e-17 10.5513 1.57691 0.0423558 0.694975 -0.0405266 -1.29193e-17 4.78644 0.715339 0.289626 3.63251 8.72164 -1.8116e-17 4.82109 0.421791 -0.441124 -4.18968 3.88649 -2.00958e-17 4.83041 0.765062 -0.467385 -5.6847 3.79505 1.23299 -7.60731 7.53374 3.21682 1.8076 2.70717 12.9547 3.2495 -3.26872 -87.7666 21.339 6.3576 29.2081 0.0598081 0.137039 4.13544 -0.719549 -20.3249 24.234 0.0496219 0.113701 0.00834512 -12.8303 -3.57724 -1.23299 -7.60729 7.53365 -6.34607 3.02752 -3.64535 -12.9547 3.2495 -3.26872 90.4652 30.5736 -25.902 -29.2081 0.0598081 0.137039 -9.41494 -4.52715 51.876 -24.234 0.0496218 0.113702 0.993651 -2.0028 0.0814439 9.23673 -4.20556 2.0327 -6.73234 -0.108391 -13.6072 -0.852353 -38.7721 -0.655187 -0.434842 1.62376 -0.0221812 -2.32622 -40.4017 -6.04875 -0.566676 1.05414 15.0216 0.779096 -9.8844 12.4959 -3.72721e-16 -8.07563e-16 2.48481e-17 -9.23673 -4.20556 2.0327 -10.6403 -5.48024 14.4744 0.852353 -38.7721 -0.655187 1.73865 6.48468 0.0148059 2.32622 -40.4017 -6.04875 0.497071 -5.31996 -15.4996 -0.779096 -9.8844 12.4959 -7.85655e-16 -5.5642e-16 -1.2732e-14 
9.81167 92.1999 134.571 6.40152 -3.62883 -2.34991 0 5.07867 -1.15138 -1.92308 0.769994 0.623431 0 5.61661 1.07143 -1.69683 0.910809 0.629242 -1.02604e-17 5.98978 0.11501 -1.41927 1.47109 0.748864 -1.10457e-17 6.50583 -0.443523 -1.19382 1.91567 0.80074 -1.97295e-17 7.60548 -1.50593 -0.747795 2.40962 0.913743 -2.53307e-17 9.49737 -0.914492 -0.158428 2.46993 0.71678 -2.90401e-17 10.5513 1.57691 0.0423543 0.696091 -0.0402536 -1.29193e-17 4.78644 0.715339 0.288251 3.63056 8.70584 -1.8116e-17 4.82109 0.421791 -0.440092 -4.18135 3.87855 -2.00958e-17 4.83041 0.765062 -0.474454 -5.6824 3.77826 1.23299 -7.60731 7.53374 3.2129 1.81002 2.70146 12.9547 3.2495 -3.26872 -87.7788 21.3132 6.34092 29.2081 0.0598081 0.137039 4.14121 -0.721654 -20.3544 24.234 0.0496219 0.113701 0.0208685 -12.7571 -3.58482 -1.23299 -7.60729 7.53365 -6.35761 3.03256 -3.64087 -12.9547 3.2495 -3.26872 90.469 30.5631 -25.8751 -29.2081 0.0598081 0.137039 -9.41094 -4.52212 51.8454 -24.234 0.0496218 0.113702 0.997994 -2.02841 0.0692281 9.23673 -4.20556 2.0327 -6.71766 -0.122788 -13.6276 -0.852353 -38.7721 -0.655187 -0.426713 1.59339 -0.0218793 -2.32622 -40.4017 -6.04875 -0.57088 1.01793 15.0248 0.779096 -9.8844 12.4959 5.07584e-16 -7.70883e-16 -1.18313e-17 -9.23673 -4.20556 2.0327 -10.6262 -5.55602 14.4471 0.852353 -38.7721 -0.655187 1.75094 6.53029 0.0142091 2.32622 -40.4017 -6.04875 0.483505 -5.35018 -15.4987 -0.779096 -9.8844 12.4959 -1.58079e-15 -5.19148e-16 -1.27039e-14 
9.78838 92.1931 134.559 6.40889 -3.6009 -2.30726 0 5.07867 -1.15138 -1.92505 0.772031 0.622406 0 5.61661 1.07143 -1.69895 0.910735 0.627719 -1.02604e-17 5.98978 0.11501 -1.42126 1.46798 0.747219 -1.10457e-17 6.50583 -0.443523 -1.19547 1.90833 0.799044 -1.97295e-17 7.60548 -1.50593 -0.749391 2.40068 0.91224 -2.53307e-17 9.49737 -0.914492 -0.159905 2.45897 0.716197 -2.90401e-17 10.5513 1.57691 0.042384 0.697527 -0.0398227 -1.29193e-17 4.78644 0.715339 0.287063 3.62439 8.67938 -1.8116e-17 4.82109 0.421791 -0.438873 -4.16956 3.86587 -2.00958e-17 4.83041 0.765062 -0.468597 -5.66794 3.75874 1.23299 -7.60731 7.53374 3.2019 1.81313 2.69375 12.9547 3.2495 -3.26872 -87.7809 21.295 6.31837 29.2081 0.0598081 0.137039 4.1451 -0.723074 -20.3743 24.234 0.0496219 0.113701 0.0330525 -12.6863 -3.58951 -1.23299 -7.60729 7.53365 -6.36288 3.0384 -3.63307 -12.9547 3.2495 -3.26872 90.4678 30.5452 -25.8478 -29.2081 0.0598081 0.137039 -9.40366 -4.51298 51.7897 -24.234 0.0496218 0.113702 0.9972 -2.05888 0.0543026 9.23673 -4.20556 2.0327 -6.70748 -0.136606 -13.6646 -0.852353 -38.7721 -0.655187 -0.422842 1.57893 -0.0217341 -2.32622 -40.4017 -6.04875 -0.579688 0.98823 15.0281 0.779096 -9.8844 12.4959 -6.03189e-17 -7.94546e-16 1.18313e-17 -9.23673 -4.20556 2.0327 -10.6186 -5.61077 14.3965 0.852353 -38.7721 -0.655187 1.76077 6.56677 0.0137247 2.32622 -40.4017 -6.04875 0.463765 -5.37394 -15.4974 -0.779096 -9.8844 12.4959 -9.08756e-16 -5.46065e-16 -1.2734e-14 
9.76569 92.1878 134.548 6.41417 -3.58683 -2.25657 0 5.07867 -1.15138 -1.92589 0.778947 0.621655 0 5.61661 1.07143 -1.69994 0.914453 0.626361 -1.02604e-17 5.98978 0.11501 -1.42229 1.46765 0.745699 -1.10457e-17 6.50583 -0.443523 -1.19632 1.90184 0.797463 -1.97295e-17 7.60548 -1.50593 -0.750346 2.39117 0.910724 -2.53307e-17 9.49737 -0.914492 -0.160904 2.44696 0.715445 -2.90401e-17 10.5513 1.57691 0.0422604 0.699367 -0.0393695 -1.29193e-17 4.78644 0.715339 0.285752 3.62387 8.64683 -1.8116e-17 4.82109 0.421791 -0.434524 -4.15983 3.8506 -2.00958e-17 4.83041 0.765062 -0.466633 -5.65367 3.73409 1.23299 -7.60731 7.53374 3.189 1.81619 2.68517 12.9547 3.2495 -3.26872 -87.78 21.2734 6.29188 29.2081 0.0598081 0.137039 4.14725 -0.723861 -20.3853 24.234 0.0496219 0.113701 0.0501618 -12.6164 -3.60092 -1.23299 -7.60729 7.53365 -6.36868 3.04384 -3.62575 -12.9547 3.2495 -3.26872 90.4644 30.5224 -25.8058 -29.2081 0.0598081 0.137039 -9.38914 -4.49483 51.6789 -24.234 0.0496218 0.113702 0.996249 -2.08971 0.0627559 9.23673 -4.20556 2.0327 -6.69698 -0.138751 -13.7141 -0.852353 -38.7721 -0.655187 -0.419802 1.56758 -0.0216193 -2.32622 -40.4017 -6.04875 -0.584063 0.966294 15.031 0.779096 -9.8844 12.4959 -7.92895e-17 -7.98393e-16 1.56783e-17 -9.23673 -4.20556 2.0327 -10.6098 -5.64902 14.3356 0.852353 -38.7721 -0.655187 1.77033 6.60223 0.0132477 2.32622 -40.4017 -6.04875 0.441186 -5.38823 -15.496 -0.779096 -9.8844 12.4959 -5.96354e-16 -5.59082e-16 -1.27471e-14 
9.7421 92.183 134.538 6.4133 -3.57752 -2.21901 0 5.07867 -1.15138 -1.92372 0.787999 0.622404 0 5.61661 1.07143 -1.69851 0.919867 0.626762 -1.02604e-17 5.98978 0.11501 -1.42157 1.46891 0.745872 -1.10457e-17 6.50583 -0.443523 -1.19608 1.89661 0.797552 -1.97295e-17 7.60548 -1.50593 -0.750517 2.38229 0.910731 -2.53307e-17 9.49737 -0.914492 -0.161181 2.43534 0.716203 -2.90401e-17 10.5513 1.57691 0.0421864 0.701132 -0.0389871 -1.29193e-17 4.78644 0.715339 0.283692 3.63201 8.6119 -1.8116e-17 4.82109 0.421791 -0.429256 -4.1502 3.83429 -2.00958e-17 4.83041 0.765062 -0.474757 -5.64512 3.70899 1.23299 -7.60731 7.53374 3.18003 1.81797 2.67634 12.9547 3.2495 -3.26872 -87.7799 21.2578 6.26613 29.2081 0.0598081 0.137039 4.14957 -0.72471 -20.3972 24.234 0.0496219 0.113701 0.0625112 -12.5619 -3.6293 -1.23299 -7.60729 7.53365 -6.37916 3.04805 -3.62027 -12.9547 3.2495 -3.26872 90.4548 30.493 -25.748 -29.2081 0.0598081 0.137039 -9.37153 -4.4729 51.5448 -24.234 0.0496218 0.113702 0.997756 -2.11449 0.0715261 9.23673 -4.20556 2.0327 -6.67973 -0.129299 -13.7547 -0.852353 -38.7721 -0.655187 -0.413805 1.54517 -0.0213912 -2.32622 -40.4017 -6.04875 -0.5839 0.945608 15.033 0.779096 -9.8844 12.4959 -2.68582e-16 -8.04308e-16 2.15937e-17 -9.23673 -4.20556 2.0327 -10.5918 -5.67959 14.2872 0.852353 -38.7721 -0.655187 1.77679 6.62618 0.0129222 2.32622 -40.4017 -6.04875 0.415217 -5.39352 -15.4942 -0.779096 -9.8844 12.4959 -5.96354e-16 -5.59082e-16 -1.27471e-14 
9.71747 92.1759 134.528 6.39907 -3.53979 -2.20386 0 5.07867 -1.15138 -1.91517 0.790593 0.6229 0 5.61661 1.07143 -1.69202 0.920335 0.627704 -1.02604e-17 5.98978 0.11501 -1.41718 1.46633 0.746596 -1.10457e-17 6.50583 -0.443523 -1.19355 1.89016 0.798179 -1.97295e-17 7.60548 -1.50593 -0.749716 2.37365 0.910895 -2.53307e-17 9.49737 -0.914492 -0.161858 2.42443 0.717341 -2.90401e-17 10.5513 1.57691 0.0420758 0.702292 -0.0385946 -1.29193e-17 4.78644 0.715339 0.281477 3.63536 8.58939 -1.8116e-17 4.82109 0.421791 -0.430571 -4.14219 3.82347 -2.00958e-17 4.83041 0.765062 -0.498524 -5.64538 3.6824 1.23299 -7.60731 7.53374 3.17594 1.8187 2.6701 12.9547 3.2495 -3.26872 -87.787 21.2329 6.24882 29.2081 0.0598081 0.137039 4.1558 -0.72699 -20.4291 24.234 0.0496219 0.113701 0.076187 -12.5067 -3.65528 -1.23299 -7.60729 7.53365 -6.38788 3.0511 -3.61632 -12.9547 3.2495 -3.26872 90.4317 30.4617 -25.6794 -29.2081 0.0598081 0.137039 -9.35412 -4.45133 51.4127 -24.234 0.0496218 0.113702 1.00418 -2.1273 0.078002 9.23673 -4.20556 2.0327 -6.64677 -0.142315 -13.7762 -0.852353 -38.7721 -0.655187 -0.40629 1.5171 -0.0211021 -2.32622 -40.4017 -6.04875 -0.577268 0.90202 15.0352 0.779096 -9.8844 12.4959 2.1414e-16 -7.89223e-16 6.50868e-18 -9.23673 -4.20556 2.0327 -10.5558 -5.74412 14.2573 0.852353 -38.7721 -0.655187 1.78338 6.65063 0.0125869 2.32622 -40.4017 -6.04875 0.388836 -5.40125 -15.4923 -0.779096 -9.8844 12.4959 -8.89784e-16 -5.49912e-16 -1.27287e-14 
9.69295 92.1694 134.517 6.38416 -3.50558 -2.19478 0 5.07867 -1.15138 -1.90614 0.791578 0.623522 0 5.61661 1.07143 -1.68533 0.919621 0.628865 -1.02604e-17 5.98978 0.11501 -1.41284 1.46304 0.74758 -1.10457e-17 6.50583 -0.443523 -1.19139 1.88378 0.799064 -1.97295e-17 7.60548 -1.50593 -0.749519 2.36545 0.911387 -2.53307e-17 9.49737 -0.914492 -0.163279 2.41442 0.719122 -2.90401e-17 10.5513 1.57691 0.0419474 0.703244 -0.0380268 -1.29193e-17 4.78644 0.715339 0.279594 3.62361 8.5721 -1.8116e-17 4.82109 0.421791 -0.438491 -4.13578 3.81497 -2.00958e-17 4.83041 0.765062 -0.516723 -5.6362 3.65667 1.23299 -7.60731 7.53374 3.16495 1.82104 2.65953 12.9547 3.2495 -3.26872 -87.7823 21.2132 6.23465 29.2081 0.0598081 0.137039 4.16339 -0.729775 -20.468 24.234 0.0496219 0.113701 0.0853562 -12.4644 -3.66807 -1.23299 -7.60729 7.53365 -6.38304 3.05545 -3.606 -12.9547 3.2495 -3.26872 90.3972 30.4447 -25.6126 -29.2081 0.0598081 0.137039 -9.33643 -4.42952 51.2789 -24.234 0.0496218 0.113702 1.00808 -2.16517 0.0770785 9.23673 -4.20556 2.0327 -6.61211 -0.15514 -13.7933 -0.852353 -38.7721 -0.655187 -0.400029 1.49371 -0.0208583 -2.32622 -40.4017 -6.04875 -0.577887 0.858178 15.0383 0.779096 -9.8844 12.4959 -1.64444e-16 -8.01054e-16 1.83394e-17 -9.23673 -4.20556 2.0327 -10.519 -5.80745 14.2366 0.852353 -38.7721 -0.655187 1.78992 6.6749 0.0122514 2.32622 -40.4017 -6.04875 0.364563 -5.40591 -15.49 -0.779096 -9.8844 12.4959 -4.07062e-16 -5.74167e-16 -1.27497e-14 
9.66835 92.1632 134.507 6.37355 -3.47025 -2.19268 0 5.07867 -1.15138 -1.89712 0.789132 0.624784 0 5.61661 1.07143 -1.67892 0.916873 0.630677 -1.02604e-17 5.98978 0.11501 -1.40881 1.45924 0.749253 -1.10457e-17 6.50583 -0.443523 -1.18962 1.8796 0.800646 -1.97295e-17 7.60548 -1.50593 -0.749672 2.36068 0.912709 -2.53307e-17 9.49737 -0.914492 -0.164944 2.40864 0.721737 -2.90401e-17 10.5513 1.57691 0.0417544 0.70375 -0.0374157 -1.29193e-17 4.78644 0.715339 0.277016 3.60741 8.55553 -1.8116e-17 4.82109 0.421791 -0.447026 -4.13807 3.80693 -2.00958e-17 4.83041 0.765062 -0.538384 -5.63677 3.63685 1.23299 -7.60731 7.53374 3.15779 1.82257 2.65303 12.9547 3.2495 -3.26872 -87.7734 21.2057 6.21861 29.2081 0.0598081 0.137039 4.17053 -0.7324 -20.5045 24.234 0.0496219 0.113701 0.0827608 -12.4336 -3.68917 -1.23299 -7.60729 7.53365 -6.36648 3.05805 -3.597 -12.9547 3.2495 -3.26872 90.3497 30.4336 -25.5334 -29.2081 0.0598081 0.137039 -9.31589 -4.40431 51.1239 -24.234 0.0496218 0.113702 1.00952 -2.20857 0.0901408 9.23673 -4.20556 2.0327 -6.57975 -0.18194 -13.8134 -0.852353 -38.7721 -0.655187 -0.399776 1.49276 -0.0208484 -2.32622 -40.4017 -6.04875 -0.587342 0.809945 15.043 0.779096 -9.8844 12.4959 -7.92908e-17 -7.98393e-16 1.56784e-17 -9.23673 -4.20556 2.0327 -10.4863 -5.87903 14.2254 0.852353 -38.7721 -0.655187 1.79898 6.70849 0.0117825 2.32622 -40.4017 -6.04875 0.343339 -5.41394 -15.4881 -0.779096 -9.8844 12.4959 -1.98785e-16 -5.8393e-16 -1.27595e-14 
9.64459 92.1588 134.497 6.36449 -3.45264 -2.18588 0 5.07867 -1.15138 -1.88829 0.787499 0.626419 0 5.61661 1.07143 -1.67274 0.915295 0.632872 -1.02604e-17 5.98978 0.11501 -1.40505 1.45736 0.751264 -1.10457e-17 6.50583 -0.443523 -1.18817 1.87845 0.802565 -1.97295e-17 7.60548 -1.50593 -0.750181 2.3592 0.914458 -2.53307e-17 9.49737 -0.914492 -0.166907 2.40666 0.724884 -2.90401e-17 10.5513 1.57691 0.0415225 0.704072 -0.0367037 -1.29193e-17 4.78644 0.715339 0.273328 3.59108 8.53713 -1.8116e-17 4.82109 0.421791 -0.457114 -4.14619 3.79815 -2.00958e-17 4.83041 0.765062 -0.556654 -5.63824 3.62072 1.23299 -7.60731 7.53374 3.14911 1.82318 2.64653 12.9547 3.2495 -3.26872 -87.7617 21.2134 6.20227 29.2081 0.0598081 0.137039 4.17817 -0.735217 -20.5437 24.234 0.0496219 0.113701 0.0810488 -12.4099 -3.70699 -1.23299 -7.60729 7.53365 -6.34469 3.0591 -3.58701 -12.9547 3.2495 -3.26872 90.298 30.426 -25.4534 -29.2081 0.0598081 0.137039 -9.29468 -4.37842 50.9643 -24.234 0.0496218 0.113702 1.01211 -2.25463 0.116231 9.23673 -4.20556 2.0327 -6.55014 -0.19884 -13.842 -0.852353 -38.7721 -0.655187 -0.402772 1.50396 -0.0209654 -2.32622 -40.4017 -6.04875 -0.597257 0.770823 15.0476 0.779096 -9.8844 12.4959 -5.62013e-16 -8.22648e-16 3.99332e-17 -9.23673 -4.20556 2.0327 -10.4566 -5.94137 14.2084 0.852353 -38.7721 -0.655187 1.81261 6.75904 0.0110666 2.32622 -40.4017 -6.04875 0.320536 -5.4152 -15.4863 -0.779096 -9.8844 12.4959 9.46458e-17 -5.931e-16 -1.27687e-14 
9.62107 92.1557 134.488 6.36216 -3.44987 -2.18343 0 5.07867 -1.15138 -1.8822 0.787808 0.628979 0 5.61661 1.07143 -1.66888 0.915871 0.635552 -1.02604e-17 5.98978 0.11501 -1.40306 1.45844 0.753719 -1.10457e-17 6.50583 -0.443523 -1.188 1.88111 0.804892 -1.97295e-17 7.60548 -1.50593 -0.751387 2.36157 0.916864 -2.53307e-17 9.49737 -0.914492 -0.168897 2.40913 0.72858 -2.90401e-17 10.5513 1.57691 0.0412075 0.704105 -0.0360773 -1.29193e-17 4.78644 0.715339 0.268294 3.57983 8.52041 -1.8116e-17 4.82109 0.421791 -0.468891 -4.15933 3.79017 -2.00958e-17 4.83041 0.765062 -0.576595 -5.64612 3.6069 1.23299 -7.60731 7.53374 3.14263 1.82272 2.64184 12.9547 3.2495 -3.26872 -87.7439 21.2394 6.18622 29.2081 0.0598081 0.137039 4.18656 -0.738313 -20.5867 24.234 0.0496219 0.113701 0.0712498 -12.3928 -3.72444 -1.23299 -7.60729 7.53365 -6.31666 3.05751 -3.57692 -12.9547 3.2495 -3.26872 90.2448 30.4307 -25.3706 -29.2081 0.0598081 0.137039 -9.27378 -4.35306 50.8077 -24.234 0.0496218 0.113702 1.00927 -2.29971 0.149709 9.23673 -4.20556 2.0327 -6.52922 -0.209585 -13.8703 -0.852353 -38.7721 -0.655187 -0.409366 1.52859 -0.0212209 -2.32622 -40.4017 -6.04875 -0.598598 0.744986 15.0508 0.779096 -9.8844 12.4959 -7.70291e-16 -8.32411e-16 4.96962e-17 -9.23673 -4.20556 2.0327 -10.434 -5.9897 14.2006 0.852353 -38.7721 -0.655187 1.82613 6.80917 0.0103446 2.32622 -40.4017 -6.04875 0.30132 -5.41462 -15.4847 -0.779096 -9.8844 12.4959 4.92215e-16 -6.14693e-16 -1.27903e-14 
9.59844 92.1551 134.48 6.37157 -3.47822 -2.17453 0 5.07867 -1.15138 -1.882 0.795974 0.631366 0 5.61661 1.07143 -1.66973 0.922938 0.637204 -1.02604e-17 5.98978 0.11501 -1.40453 1.46518 0.755076 -1.10457e-17 6.50583 -0.443523 -1.18998 1.8875 0.806069 -1.97295e-17 7.60548 -1.50593 -0.753683 2.36589 0.918485 -2.53307e-17 9.49737 -0.914492 -0.170978 2.4132 0.731289 -2.90401e-17 10.5513 1.57691 0.0407766 0.704109 -0.0356061 -1.29193e-17 4.78644 0.715339 0.261628 3.57778 8.49906 -1.8116e-17 4.82109 0.421791 -0.478514 -4.17328 3.7801 -2.00958e-17 4.83041 0.765062 -0.584416 -5.65256 3.60236 1.23299 -7.60731 7.53374 3.13765 1.82239 2.63598 12.9547 3.2495 -3.26872 -87.7213 21.2737 6.16578 29.2081 0.0598081 0.137039 4.19426 -0.741162 -20.6262 24.234 0.0496219 0.113701 0.0614717 -12.3724 -3.72029 -1.23299 -7.60729 7.53365 -6.28847 3.05358 -3.56496 -12.9547 3.2495 -3.26872 90.198 30.4383 -25.2907 -29.2081 0.0598081 0.137039 -9.25437 -4.32964 50.6627 -24.234 0.0496218 0.113702 1.00831 -2.34598 0.187228 9.23673 -4.20556 2.0327 -6.52201 -0.19503 -13.8939 -0.852353 -38.7721 -0.655187 -0.417684 1.55966 -0.021539 -2.32622 -40.4017 -6.04875 -0.607145 0.740619 15.0538 0.779096 -9.8844 12.4959 -1.06372e-15 -8.4158e-16 5.88659e-17 -9.23673 -4.20556 2.0327 -10.4266 -6.0075 14.1954 0.852353 -38.7721 -0.655187 1.84056 6.86267 0.00956088 2.32622 -40.4017 -6.04875 0.289418 -5.41141 -15.4832 -0.779096 -9.8844 12.4959 5.96354e-16 -6.21202e-16 -1.27968e-14 
9.57658 92.1538 134.471 6.38082 -3.50281 -2.16261 0 5.07867 -1.15138 -1.88239 0.806789 0.632378 0 5.61661 1.07143 -1.67072 0.932329 0.637343 -1.02604e-17 5.98978 0.11501 -1.4058 1.47357 0.754972 -1.10457e-17 6.50583 -0.443523 -1.19137 1.89453 0.805798 -1.97295e-17 7.60548 -1.50593 -0.755407 2.37014 0.918592 -2.53307e-17 9.49737 -0.914492 -0.172793 2.41686 0.73207 -2.90401e-17 10.5513 1.57691 0.0402842 0.704104 -0.0352856 -1.29193e-17 4.78644 0.715339 0.254283 3.58509 8.47898 -1.8116e-17 4.82109 0.421791 -0.484933 -4.18466 3.77056 -2.00958e-17 4.83041 0.765062 -0.5946 -5.66459 3.59761 1.23299 -7.60731 7.53374 3.14133 1.82286 2.63232 12.9547 3.2495 -3.26872 -87.7094 21.3069 6.14204 29.2081 0.0598081 0.137039 4.19994 -0.743268 -20.6553 24.234 0.0496219 0.113701 0.0586142 -12.3449 -3.70772 -1.23299 -7.60729 7.53365 -6.26262 3.0479 -3.55425 -12.9547 3.2495 -3.26872 90.1538 30.446 -25.2123 -29.2081 0.0598081 0.137039 -9.23788 -4.30983 50.5398 -24.234 0.0496218 0.113702 1.00876 -2.39496 0.233226 9.23673 -4.20556 2.0327 -6.51405 -0.180313 -13.9185 -0.852353 -38.7721 -0.655187 -0.424722 1.58596 -0.0218048 -2.32622 -40.4017 -6.04875 -0.621133 0.731342 15.0573 0.779096 -9.8844 12.4959 -5.80999e-16 -8.17326e-16 3.46111e-17 -9.23673 -4.20556 2.0327 -10.4189 -6.02985 14.1827 0.852353 -38.7721 -0.655187 1.8564 6.92142 0.0086845 2.32622 -40.4017 -6.04875 0.273841 -5.41122 -15.4825 -0.779096 -9.8844 12.4959 3.02924e-16 -6.02863e-16 -1.27784e-14 
9.55455 92.1506 134.463 6.38291 -3.50797 -2.1595 0 5.07867 -1.15138 -1.88078 0.813354 0.632006 0 5.61661 1.07143 -1.66962 0.938694 0.636358 -1.02604e-17 5.98978 0.11501 -1.40514 1.47998 0.753921 -1.10457e-17 6.50583 -0.443523 -1.19101 1.90133 0.804654 -1.97295e-17 7.60548 -1.50593 -0.755776 2.37532 0.917585 -2.53307e-17 9.49737 -0.914492 -0.173943 2.42234 0.731283 -2.90401e-17 10.5513 1.57691 0.039797 0.703744 -0.0350892 -1.29193e-17 4.78644 0.715339 0.248125 3.59305 8.46264 -1.8116e-17 4.82109 0.421791 -0.488725 -4.18955 3.76266 -2.00958e-17 4.83041 0.765062 -0.606828 -5.67608 3.58981 1.23299 -7.60731 7.53374 3.14303 1.82379 2.62871 12.9547 3.2495 -3.26872 -87.7019 21.3351 6.11693 29.2081 0.0598081 0.137039 4.20322 -0.744487 -20.6721 24.234 0.0496219 0.113701 0.0613799 -12.3269 -3.69995 -1.23299 -7.60729 7.53365 -6.23145 3.041 -3.54416 -12.9547 3.2495 -3.26872 90.1025 30.4593 -25.1376 -29.2081 0.0598081 0.137039 -9.22763 -4.29755 50.4636 -24.234 0.0496218 0.113702 1.00871 -2.44816 0.274872 9.23673 -4.20556 2.0327 -6.49777 -0.179732 -13.9367 -0.852353 -38.7721 -0.655187 -0.430266 1.60667 -0.0220118 -2.32622 -40.4017 -6.04875 -0.629188 0.706802 15.0605 0.779096 -9.8844 12.4959 -3.72721e-16 -8.07563e-16 2.48481e-17 -9.23673 -4.20556 2.0327 -10.403 -6.07176 14.1824 0.852353 -38.7721 -0.655187 1.87183 6.97858 0.00781583 2.32622 -40.4017 -6.04875 0.264601 -5.4183 -15.4822 -0.779096 -9.8844 12.4959 -6.81507e-16 -5.59675e-16 -1.27352e-14 
9.53396 92.1457 134.456 6.38373 -3.49239 -2.14587 0 5.07867 -1.15138 -1.87902 0.813648 0.628918 0 5.61661 1.07143 -1.66807 0.940255 0.632929 -1.02604e-17 5.98978 0.11501 -1.40384 1.48268 0.750595 -1.10457e-17 6.50583 -0.443523 -1.18987 1.90662 0.801312 -1.97295e-17 7.60548 -1.50593 -0.755731 2.38085 0.914275 -2.53307e-17 9.49737 -0.914492 -0.1755 2.42908 0.728002 -2.90401e-17 10.5513 1.57691 0.0393667 0.703362 -0.0348596 -1.29193e-17 4.78644 0.715339 0.242695 3.59168 8.4363 -1.8116e-17 4.82109 0.421791 -0.494041 -4.18839 3.74992 -2.00958e-17 4.83041 0.765062 -0.61022 -5.67987 3.5842 1.23299 -7.60731 7.53374 3.1346 1.82598 2.62366 12.9547 3.2495 -3.26872 -87.6872 21.3707 6.09066 29.2081 0.0598081 0.137039 4.20416 -0.744835 -20.6769 24.234 0.0496219 0.113701 0.0601684 -12.3205 -3.69218 -1.23299 -7.60729 7.53365 -6.19209 3.03373 -3.53065 -12.9547 3.2495 -3.26872 90.0449 30.4746 -25.0812 -29.2081 0.0598081 0.137039 -9.22592 -4.29551 50.4509 -24.234 0.0496218 0.113702 1.01092 -2.51661 0.304919 9.23673 -4.20556 2.0327 -6.4818 -0.196535 -13.9598 -0.852353 -38.7721 -0.655187 -0.434576 1.62277 -0.0221713 -2.32622 -40.4017 -6.04875 -0.631373 0.674472 15.0636 0.779096 -9.8844 12.4959 -3.72721e-16 -8.07563e-16 2.48481e-17 -9.23673 -4.20556 2.0327 -10.3884 -6.13166 14.1705 0.852353 -38.7721 -0.655187 1.88779 7.03771 0.00690098 2.32622 -40.4017 -6.04875 0.257505 -5.43505 -15.4821 -0.779096 -9.8844 12.4959 -4.07062e-16 -5.74167e-16 -1.27497e-14 
9.51294 92.1419 134.448 6.38402 -3.48686 -2.14103 0 5.07867 -1.15138 -1.87697 0.812942 0.626482 0 5.61661 1.07143 -1.66625 0.941532 0.630171 -1.02604e-17 5.98978 0.11501 -1.40222 1.48597 0.748021 -1.10457e-17 6.50583 -0.443523 -1.18858 1.91359 0.798791 -1.97295e-17 7.60548 -1.50593 -0.755435 2.38872 0.911833 -2.53307e-17 9.49737 -0.914492 -0.176696 2.43924 0.725282 -2.90401e-17 10.5513 1.57691 0.0388838 0.703 -0.0345837 -1.29193e-17 4.78644 0.715339 0.237998 3.5838 8.40779 -1.8116e-17 4.82109 0.421791 -0.497335 -4.18432 3.7362 -2.00958e-17 4.83041 0.765062 -0.615448 -5.66769 3.56949 1.23299 -7.60731 7.53374 3.11204 1.82912 2.61501 12.9547 3.2495 -3.26872 -87.6611 21.4067 6.06315 29.2081 0.0598081 0.137039 4.20325 -0.744497 -20.6723 24.234 0.0496219 0.113701 0.0590841 -12.321 -3.67736 -1.23299 -7.60729 7.53365 -6.13573 3.02553 -3.51545 -12.9547 3.2495 -3.26872 89.9772 30.5022 -25.0325 -29.2081 0.0598081 0.137039 -9.23026 -4.3007 50.4832 -24.234 0.0496218 0.113702 1.01074 -2.59632 0.327745 9.23673 -4.20556 2.0327 -6.46547 -0.205155 -13.9813 -0.852353 -38.7721 -0.655187 -0.43926 1.64027 -0.0223434 -2.32622 -40.4017 -6.04875 -0.628527 0.648652 15.0658 0.779096 -9.8844 12.4959 -7.92908e-17 -7.98393e-16 1.56784e-17 -9.23673 -4.20556 2.0327 -10.371 -6.18745 14.1642 0.852353 -38.7721 -0.655187 1.905 7.10147 0.00589575 2.32622 -40.4017 -6.04875 0.242761 -5.44389 -15.4818 -0.779096 -9.8844 12.4959 3.88076e-16 -6.11439e-16 -1.2787e-14 
9.49171 92.1385 134.441 6.39756 -3.48373 -2.14463 0 5.07867 -1.15138 -1.87892 0.811827 0.625519 0 5.61661 1.07143 -1.66822 0.942625 0.628609 -1.02604e-17 5.98978 0.11501 -1.40367 1.48957 0.746588 -1.10457e-17 6.50583 -0.443523 -1.1897 1.92177 0.797382 -1.97295e-17 7.60548 -1.50593 -0.756586 2.39834 0.910911 -2.53307e-17 9.49737 -0.914492 -0.178194 2.45089 0.724179 -2.90401e-17 10.5513 1.57691 0.0384599 0.702444 -0.0345297 -1.29193e-17 4.78644 0.715339 0.231191 3.58132 8.36761 -1.8116e-17 4.82109 0.421791 -0.500518 -4.18243 3.71695 -2.00958e-17 4.83041 0.765062 -0.622561 -5.66283 3.56094 1.23299 -7.60731 7.53374 3.09854 1.83104 2.61158 12.9547 3.2495 -3.26872 -87.6353 21.4504 6.03362 29.2081 0.0598081 0.137039 4.20009 -0.743323 -20.656 24.234 0.0496219 0.113701 0.0501509 -12.3243 -3.66653 -1.23299 -7.60729 7.53365 -6.08597 3.01515 -3.50525 -12.9547 3.2495 -3.26872 89.9162 30.5323 -24.9878 -29.2081 0.0598081 0.137039 -9.24046 -4.31292 50.5591 -24.234 0.0496218 0.113702 1.01654 -2.66587 0.341468 9.23673 -4.20556 2.0327 -6.4617 -0.217268 -13.9966 -0.852353 -38.7721 -0.655187 -0.445982 1.66538 -0.0225878 -2.32622 -40.4017 -6.04875 -0.631919 0.631339 15.0682 0.779096 -9.8844 12.4959 2.48481e-17 -7.95139e-16 1.2424e-17 -9.23673 -4.20556 2.0327 -10.3665 -6.24469 14.165 0.852353 -38.7721 -0.655187 1.92292 7.16786 0.00482846 2.32622 -40.4017 -6.04875 0.229691 -5.45966 -15.4818 -0.779096 -9.8844 12.4959 9.49302e-18 -5.93693e-16 -1.27693e-14 
9.47102 92.1355 134.435 6.40237 -3.48261 -2.14591 0 5.07867 -1.15138 -1.87856 0.811884 0.624197 0 5.61661 1.07143 -1.66808 0.944556 0.627116 -1.02604e-17 5.98978 0.11501 -1.40342 1.49364 0.745233 -1.10457e-17 6.50583 -0.443523 -1.18946 1.92966 0.796094 -1.97295e-17 7.60548 -1.50593 -0.756739 2.4075 0.9099 -2.53307e-17 9.49737 -0.914492 -0.179154 2.46198 0.722812 -2.90401e-17 10.5513 1.57691 0.0380941 0.701787 -0.0344878 -1.29193e-17 4.78644 0.715339 0.224522 3.58075 8.32206 -1.8116e-17 4.82109 0.421791 -0.501675 -4.18471 3.69526 -2.00958e-17 4.83041 0.765062 -0.629789 -5.65927 3.54782 1.23299 -7.60731 7.53374 3.08971 1.83314 2.61042 12.9547 3.2495 -3.26872 -87.626 21.4986 6.01279 29.2081 0.0598081 0.137039 4.19816 -0.74261 -20.6462 24.234 0.0496219 0.113701 0.0540435 -12.3222 -3.65186 -1.23299 -7.60729 7.53365 -6.04223 3.00456 -3.49772 -12.9547 3.2495 -3.26872 89.8582 30.5591 -24.9536 -29.2081 0.0598081 0.137039 -9.25665 -4.33238 50.6797 -24.234 0.0496218 0.113702 1.0269 -2.72459 0.348778 9.23673 -4.20556 2.0327 -6.44953 -0.229304 -14.0093 -0.852353 -38.7721 -0.655187 -0.454119 1.69578 -0.0228797 -2.32622 -40.4017 -6.04875 -0.633961 0.607888 15.0708 0.779096 -9.8844 12.4959 2.48481e-17 -7.95139e-16 1.2424e-17 -9.23673 -4.20556 2.0327 -10.3532 -6.29588 14.1613 0.852353 -38.7721 -0.655187 1.93917 7.22803 0.00384286 2.32622 -40.4017 -6.04875 0.216966 -5.46815 -15.4819 -0.779096 -9.8844 12.4959 9.46423e-17 -5.931e-16 -1.27687e-14 
9.45081 92.1313 134.428 6.39885 -3.46879 -2.14607 0 5.07867 -1.15138 -1.87499 0.812135 0.622519 0 5.61661 1.07143 -1.66514 0.94601 0.625777 -1.02604e-17 5.98978 0.11501 -1.40096 1.49613 0.744119 -1.10457e-17 6.50583 -0.443523 -1.18761 1.93413 0.795111 -1.97295e-17 7.60548 -1.50593 -0.755812 2.413 0.908895 -2.53307e-17 9.49737 -0.914492 -0.179609 2.46884 0.721435 -2.90401e-17 10.5513 1.57691 0.0378223 0.701512 -0.0343937 -1.29193e-17 4.78644 0.715339 0.219681 3.57411 8.27438 -1.8116e-17 4.82109 0.421791 -0.502693 -4.18908 3.67251 -2.00958e-17 4.83041 0.765062 -0.635823 -5.65863 3.52756 1.23299 -7.60731 7.53374 3.0814 1.83718 2.6103 12.9547 3.2495 -3.26872 -87.625 21.5422 6.00306 29.2081 0.0598081 0.137039 4.19735 -0.742309 -20.642 24.234 0.0496219 0.113701 0.0634144 -12.3071 -3.64443 -1.23299 -7.60729 7.53365 -6.00789 2.99671 -3.4926 -12.9547 3.2495 -3.26872 89.8064 30.596 -24.9342 -29.2081 0.0598081 0.137039 -9.27816 -4.35837 50.8405 -24.234 0.0496218 0.113702 1.0358 -2.79513 0.353753 9.23673 -4.20556 2.0327 -6.42858 -0.249413 -14.0267 -0.852353 -38.7721 -0.655187 -0.460834 1.72086 -0.0231174 -2.32622 -40.4017 -6.04875 -0.633993 0.573046 15.0737 0.779096 -9.8844 12.4959 -2.68578e-16 -8.04308e-16 2.15936e-17 -9.23673 -4.20556 2.0327 -10.3314 -6.35506 14.15 0.852353 -38.7721 -0.655187 1.95362 7.28153 0.00295184 2.32622 -40.4017 -6.04875 0.20421 -5.47638 -15.4819 -0.779096 -9.8844 12.4959 1.98785e-16 -5.96354e-16 -1.27719e-14 
9.43024 92.1269 134.422 6.39169 -3.44936 -2.15488 0 5.07867 -1.15138 -1.86971 0.811664 0.621004 0 5.61661 1.07143 -1.66071 0.946635 0.624767 -1.02604e-17 5.98978 0.11501 -1.39731 1.49752 0.74336 -1.10457e-17 6.50583 -0.443523 -1.18495 1.93678 0.794499 -1.97295e-17 7.60548 -1.50593 -0.754293 2.4168 0.908102 -2.53307e-17 9.49737 -0.914492 -0.179706 2.4742 0.720197 -2.90401e-17 10.5513 1.57691 0.0375501 0.701404 -0.0342837 -1.29193e-17 4.78644 0.715339 0.216541 3.56141 8.22848 -1.8116e-17 4.82109 0.421791 -0.502485 -4.19228 3.65055 -2.00958e-17 4.83041 0.765062 -0.642981 -5.65887 3.5061 1.23299 -7.60731 7.53374 3.06485 1.84321 2.60831 12.9547 3.2495 -3.26872 -87.6215 21.5742 6.00483 29.2081 0.0598081 0.137039 4.19836 -0.742682 -20.6472 24.234 0.0496219 0.113701 0.0736743 -12.2872 -3.63965 -1.23299 -7.60729 7.53365 -5.97239 2.9907 -3.48835 -12.9547 3.2495 -3.26872 89.7554 30.6414 -24.9246 -29.2081 0.0598081 0.137039 -9.30465 -4.39057 51.0393 -24.234 0.0496218 0.113702 1.04245 -2.87418 0.342696 9.23673 -4.20556 2.0327 -6.40269 -0.272305 -14.0404 -0.852353 -38.7721 -0.655187 -0.466608 1.74243 -0.0233194 -2.32622 -40.4017 -6.04875 -0.63569 0.532858 15.0769 0.779096 -9.8844 12.4959 2.1413e-16 -7.89224e-16 6.50897e-18 -9.23673 -4.20556 2.0327 -10.3042 -6.42245 14.1469 0.852353 -38.7721 -0.655187 1.96831 7.33594 0.0020318 2.32622 -40.4017 -6.04875 0.190809 -5.48327 -15.4818 -0.779096 -9.8844 12.4959 -6.81493e-16 -5.59676e-16 -1.27352e-14 
9.40816 92.1234 134.416 6.39643 -3.44213 -2.18398 0 5.07867 -1.15138 -1.86856 0.814069 0.622467 0 5.61661 1.07143 -1.66035 0.949253 0.626212 -1.02604e-17 5.98978 0.11501 -1.3971 1.50028 0.744953 -1.10457e-17 6.50583 -0.443523 -1.18517 1.93942 0.79617 -1.97295e-17 7.60548 -1.50593 -0.754489 2.41989 0.910054 -2.53307e-17 9.49737 -0.914492 -0.179848 2.47819 0.72193 -2.90401e-17 10.5513 1.57691 0.0373327 0.701412 -0.0342529 -1.29193e-17 4.78644 0.715339 0.213092 3.54806 8.18397 -1.8116e-17 4.82109 0.421791 -0.500494 -4.1929 3.62918 -2.00958e-17 4.83041 0.765062 -0.645448 -5.65637 3.49064 1.23299 -7.60731 7.53374 3.04598 1.85035 2.6057 12.9547 3.2495 -3.26872 -87.609 21.5937 6.01081 29.2081 0.0598081 0.137039 4.1996 -0.743142 -20.6535 24.234 0.0496219 0.113701 0.0794528 -12.2607 -3.63624 -1.23299 -7.60729 7.53365 -5.93894 2.98599 -3.48688 -12.9547 3.2495 -3.26872 89.7106 30.6919 -24.9142 -29.2081 0.0598081 0.137039 -9.33336 -4.42573 51.2557 -24.234 0.0496218 0.113702 1.04911 -2.95296 0.316931 9.23673 -4.20556 2.0327 -6.38665 -0.286658 -14.0391 -0.852353 -38.7721 -0.655187 -0.473337 1.76757 -0.023552 -2.32622 -40.4017 -6.04875 -0.648024 0.502413 15.081 0.779096 -9.8844 12.4959 1.28992e-16 -7.91884e-16 9.16955e-18 -9.23673 -4.20556 2.0327 -10.286 -6.49291 14.1637 0.852353 -38.7721 -0.655187 1.98748 7.40688 0.000810854 2.32622 -40.4017 -6.04875 0.174859 -5.49235 -15.4816 -0.779096 -9.8844 12.4959 -7.00498e-16 -5.55827e-16 -1.27406e-14 
9.38613 92.1191 134.41 6.40216 -3.4255 -2.21935 0 5.07867 -1.15138 -1.86916 0.81696 0.624454 0 5.61661 1.07143 -1.66156 0.95179 0.62798 -1.02604e-17 5.98978 0.11501 -1.39808 1.50238 0.746818 -1.10457e-17 6.50583 -0.443523 -1.18611 1.94055 0.798044 -1.97295e-17 7.60548 -1.50593 -0.754863 2.42103 0.912268 -2.53307e-17 9.49737 -0.914492 -0.179536 2.47947 0.723918 -2.90401e-17 10.5513 1.57691 0.0372208 0.701299 -0.0343281 -1.29193e-17 4.78644 0.715339 0.209627 3.54116 8.13817 -1.8116e-17 4.82109 0.421791 -0.494828 -4.19281 3.6073 -2.00958e-17 4.83041 0.765062 -0.646246 -5.6601 3.48205 1.23299 -7.60731 7.53374 3.03541 1.85733 2.60654 12.9547 3.2495 -3.26872 -87.6054 21.6091 6.02284 29.2081 0.0598081 0.137039 4.20216 -0.744092 -20.6667 24.234 0.0496219 0.113701 0.086525 -12.222 -3.63821 -1.23299 -7.60729 7.53365 -5.91738 2.98133 -3.48913 -12.9547 3.2495 -3.26872 89.6721 30.7317 -24.898 -29.2081 0.0598081 0.137039 -9.36217 -4.4613 51.4738 -24.234 0.0496218 0.113702 1.05968 -3.01202 0.288634 9.23673 -4.20556 2.0327 -6.37246 -0.312285 -14.0215 -0.852353 -38.7721 -0.655187 -0.481246 1.79712 -0.0238217 -2.32622 -40.4017 -6.04875 -0.655073 0.467311 15.0852 0.779096 -9.8844 12.4959 3.18274e-16 -7.85969e-16 3.25449e-18 -9.23673 -4.20556 2.0327 -10.2684 -6.57084 14.1797 0.852353 -38.7721 -0.655187 2.00529 7.47275 -0.000344549 2.32622 -40.4017 -6.04875 0.163602 -5.50761 -15.4816 -0.779096 -9.8844 12.4959 -1.18321e-15 -5.40743e-16 -1.27196e-14 
9.36489 92.1146 134.404 6.41715 -3.40687 -2.25133 0 5.07867 -1.15138 -1.87301 0.82109 0.627496 0 5.61661 1.07143 -1.66564 0.954546 0.630393 -1.02604e-17 5.98978 0.11501 -1.40136 1.50357 0.749317 -1.10457e-17 6.50583 -0.443523 -1.18872 1.93878 0.800515 -1.97295e-17 7.60548 -1.50593 -0.756074 2.41844 0.915274 -2.53307e-17 9.49737 -0.914492 -0.178968 2.47585 0.726844 -2.90401e-17 10.5513 1.57691 0.0372489 0.701553 -0.034436 -1.29193e-17 4.78644 0.715339 0.207465 3.53405 8.09591 -1.8116e-17 4.82109 0.421791 -0.487271 -4.18734 3.58701 -2.00958e-17 4.83041 0.765062 -0.641464 -5.65518 3.46405 1.23299 -7.60731 7.53374 3.02728 1.8663 2.60616 12.9547 3.2495 -3.26872 -87.6067 21.6199 6.03982 29.2081 0.0598081 0.137039 4.20509 -0.745181 -20.6817 24.234 0.0496219 0.113701 0.0931366 -12.1765 -3.63561 -1.23299 -7.60729 7.53365 -5.90703 2.97991 -3.49198 -12.9547 3.2495 -3.26872 89.6469 30.7733 -24.8829 -29.2081 0.0598081 0.137039 -9.38889 -4.49452 51.677 -24.234 0.0496218 0.113702 1.06522 -3.07442 0.261088 9.23673 -4.20556 2.0327 -6.36797 -0.339407 -14.0055 -0.852353 -38.7721 -0.655187 -0.488413 1.82389 -0.0240626 -2.32622 -40.4017 -6.04875 -0.664068 0.439026 15.0889 0.779096 -9.8844 12.4959 4.22417e-16 -7.82715e-16 2.88531e-33 -9.23673 -4.20556 2.0327 -10.2611 -6.644 14.1935 0.852353 -38.7721 -0.655187 2.02034 7.52844 -0.00133753 2.32622 -40.4017 -6.04875 0.14943 -5.52781 -15.4817 -0.779096 -9.8844 12.4959 -8.04641e-16 -5.52573e-16 -1.27373e-14 
9.34402 92.1101 134.399 6.42538 -3.38637 -2.28554 0 5.07867 -1.15138 -1.87608 0.828119 0.630384 0 5.61661 1.07143 -1.66889 0.959082 0.632541 -1.02604e-17 5.98978 0.11501 -1.4039 1.50529 0.751574 -1.10457e-17 6.50583 -0.443523 -1.19064 1.93525 0.802716 -1.97295e-17 7.60548 -1.50593 -0.756711 2.41298 0.917862 -2.53307e-17 9.49737 -0.914492 -0.177969 2.46876 0.729204 -2.90401e-17 10.5513 1.57691 0.0372257 0.702059 -0.0345844 -1.29193e-17 4.78644 0.715339 0.206636 3.52719 8.05933 -1.8116e-17 4.82109 0.421791 -0.476976 -4.18108 3.56948 -2.00958e-17 4.83041 0.765062 -0.634558 -5.64587 3.44888 1.23299 -7.60731 7.53374 3.01692 1.87685 2.60376 12.9547 3.2495 -3.26872 -87.6061 21.621 6.05767 29.2081 0.0598081 0.137039 4.20777 -0.746176 -20.6954 24.234 0.0496219 0.113701 0.101608 -12.1245 -3.63902 -1.23299 -7.60729 7.53365 -5.89915 2.97997 -3.49515 -12.9547 3.2495 -3.26872 89.6251 30.8119 -24.8613 -29.2081 0.0598081 0.137039 -9.41289 -4.52457 51.8603 -24.234 0.0496218 0.113702 1.07109 -3.13163 0.241595 9.23673 -4.20556 2.0327 -6.35724 -0.364435 -13.9866 -0.852353 -38.7721 -0.655187 -0.494139 1.84529 -0.0242526 -2.32622 -40.4017 -6.04875 -0.668901 0.406782 15.0924 0.779096 -9.8844 12.4959 1.28992e-16 -7.91884e-16 9.16955e-18 -9.23673 -4.20556 2.0327 -10.2473 -6.72389 14.2155 0.852353 -38.7721 -0.655187 2.0376 7.59228 -0.00249424 2.32622 -40.4017 -6.04875 0.140369 -5.54572 -15.4814 -0.779096 -9.8844 12.4959 -8.8978e-16 -5.49912e-16 -1.27287e-14 
9.32298 92.1052 134.394 6.41902 -3.35879 -2.32784 0 5.07867 -1.15138 -1.87509 0.832726 0.633102 0 5.61661 1.07143 -1.6687 0.961841 0.634968 -1.02604e-17 5.98978 0.11501 -1.40383 1.50575 0.75413 -1.10457e-17 6.50583 -0.443523 -1.19079 1.93146 0.805229 -1.97295e-17 7.60548 -1.50593 -0.756398 2.4077 0.920479 -2.53307e-17 9.49737 -0.914492 -0.176816 2.46219 0.731704 -2.90401e-17 10.5513 1.57691 0.0371796 0.702368 -0.0347664 -1.29193e-17 4.78644 0.715339 0.206609 3.52112 8.03406 -1.8116e-17 4.82109 0.421791 -0.468063 -4.17243 3.55726 -2.00958e-17 4.83041 0.765062 -0.629588 -5.63598 3.43261 1.23299 -7.60731 7.53374 3.00468 1.88616 2.59996 12.9547 3.2495 -3.26872 -87.6045 21.603 6.07095 29.2081 0.0598081 0.137039 4.21043 -0.747165 -20.7091 24.234 0.0496219 0.113701 0.114017 -12.0598 -3.64162 -1.23299 -7.60729 7.53365 -5.89338 2.97958 -3.50002 -12.9547 3.2495 -3.26872 89.6009 30.8518 -24.8347 -29.2081 0.0598081 0.137039 -9.43682 -4.55473 52.0438 -24.234 0.0496218 0.113702 1.08425 -3.18363 0.225466 9.23673 -4.20556 2.0327 -6.33201 -0.3955 -13.9609 -0.852353 -38.7721 -0.655187 -0.500303 1.86831 -0.0244548 -2.32622 -40.4017 -6.04875 -0.664292 0.362571 15.0957 0.779096 -9.8844 12.4959 6.117e-16 -7.6763e-16 -1.50846e-17 -9.23673 -4.20556 2.0327 -10.2166 -6.81112 14.2394 0.852353 -38.7721 -0.655187 2.05413 7.65341 -0.00362019 2.32622 -40.4017 -6.04875 0.129649 -5.55587 -15.4806 -0.779096 -9.8844 12.4959 -4.07072e-16 -5.74167e-16 -1.27497e-14 
9.30255 92.1007 134.389 6.41969 -3.33511 -2.3657 0 5.07867 -1.15138 -1.87505 0.83637 0.635946 0 5.61661 1.07143 -1.66945 0.963862 0.637495 -1.02604e-17 5.98978 0.11501 -1.40459 1.50569 0.756807 -1.10457e-17 6.50583 -0.443523 -1.19173 1.92759 0.807886 -1.97295e-17 7.60548 -1.50593 -0.756738 2.40253 0.923349 -2.53307e-17 9.49737 -0.914492 -0.17609 2.45597 0.734673 -2.90401e-17 10.5513 1.57691 0.0371157 0.702853 -0.0348516 -1.29193e-17 4.78644 0.715339 0.20677 3.51095 8.00892 -1.8116e-17 4.82109 0.421791 -0.461644 -4.16297 3.54503 -2.00958e-17 4.83041 0.765062 -0.621243 -5.62327 3.41456 1.23299 -7.60731 7.53374 2.98502 1.89509 2.59396 12.9547 3.2495 -3.26872 -87.5919 21.5803 6.08099 29.2081 0.0598081 0.137039 4.21328 -0.748228 -20.7237 24.234 0.0496219 0.113701 0.124157 -11.9926 -3.64483 -1.23299 -7.60729 7.53365 -5.8839 2.98028 -3.50306 -12.9547 3.2495 -3.26872 89.5785 30.9037 -24.8165 -29.2081 0.0598081 0.137039 -9.46131 -4.58579 52.2323 -24.234 0.0496218 0.113702 1.09331 -3.2373 0.21056 9.23673 -4.20556 2.0327 -6.31425 -0.425988 -13.936 -0.852353 -38.7721 -0.655187 -0.507608 1.8956 -0.0246912 -2.32622 -40.4017 -6.04875 -0.663189 0.32522 15.0988 0.779096 -9.8844 12.4959 -3.53716e-16 -8.12884e-16 3.01692e-17 -9.23673 -4.20556 2.0327 -10.1933 -6.89219 14.2566 0.852353 -38.7721 -0.655187 2.07007 7.71234 -0.00472263 2.32622 -40.4017 -6.04875 0.112225 -5.56615 -15.4802 -0.779096 -9.8844 12.4959 -1.98785e-16 -5.8393e-16 -1.27595e-14 
9.2827 92.0962 134.384 6.42425 -3.31359 -2.40113 0 5.07867 -1.15138 -1.87568 0.840731 0.638988 0 5.61661 1.07143 -1.67082 0.966265 0.640184 -1.02604e-17 5.98978 0.11501 -1.40577 1.5057 0.759708 -1.10457e-17 6.50583 -0.443523 -1.19296 1.9232 0.810833 -1.97295e-17 7.60548 -1.50593 -0.757126 2.39679 0.926573 -2.53307e-17 9.49737 -0.914492 -0.175134 2.44929 0.737826 -2.90401e-17 10.5513 1.57691 0.0369804 0.703539 -0.0347891 -1.29193e-17 4.78644 0.715339 0.207325 3.49539 7.98521 -1.8116e-17 4.82109 0.421791 -0.452115 -4.15881 3.53361 -2.00958e-17 4.83041 0.765062 -0.611844 -5.61399 3.39935 1.23299 -7.60731 7.53374 2.96164 1.90452 2.58801 12.9547 3.2495 -3.26872 -87.5701 21.5512 6.08815 29.2081 0.0598081 0.137039 4.21704 -0.74963 -20.743 24.234 0.0496219 0.113701 0.129556 -11.9308 -3.64741 -1.23299 -7.60729 7.53365 -5.86352 2.98169 -3.50466 -12.9547 3.2495 -3.26872 89.5507 30.9558 -24.8036 -29.2081 0.0598081 0.137039 -9.4867 -4.61823 52.4286 -24.234 0.0496218 0.113702 1.09925 -3.26741 0.201466 9.23673 -4.20556 2.0327 -6.29992 -0.450619 -13.9171 -0.852353 -38.7721 -0.655187 -0.512977 1.91566 -0.0248627 -2.32622 -40.4017 -6.04875 -0.670288 0.289799 15.1027 0.779096 -9.8844 12.4959 1.09987e-16 -7.95733e-16 1.30179e-17 -9.23673 -4.20556 2.0327 -10.1756 -6.96874 14.2734 0.852353 -38.7721 -0.655187 2.08544 7.76914 -0.00580099 2.32622 -40.4017 -6.04875 0.103374 -5.58147 -15.4801 -0.779096 -9.8844 12.4959 -4.9221e-16 -5.65591e-16 -1.27503e-14 
9.26323 92.0917 134.38 6.42882 -3.29207 -2.43654 0 5.07867 -1.15138 -1.8757 0.843179 0.642095 0 5.61661 1.07143 -1.67175 0.967338 0.643094 -1.02604e-17 5.98978 0.11501 -1.40663 1.50514 0.762901 -1.10457e-17 6.50583 -0.443523 -1.19406 1.91948 0.814121 -1.97295e-17 7.60548 -1.50593 -0.757509 2.39249 0.930133 -2.53307e-17 9.49737 -0.914492 -0.174232 2.4447 0.74128 -2.90401e-17 10.5513 1.57691 0.036809 0.704123 -0.0346329 -1.29193e-17 4.78644 0.715339 0.207703 3.47705 7.96843 -1.8116e-17 4.82109 0.421791 -0.445058 -4.15818 3.52532 -2.00958e-17 4.83041 0.765062 -0.605971 -5.60982 3.38196 1.23299 -7.60731 7.53374 2.93792 1.91351 2.58147 12.9547 3.2495 -3.26872 -87.5423 21.5329 6.09089 29.2081 0.0598081 0.137039 4.2216 -0.751331 -20.7664 24.234 0.0496219 0.113701 0.127643 -11.8935 -3.65429 -1.23299 -7.60729 7.53365 -5.83544 2.98295 -3.50433 -12.9547 3.2495 -3.26872 89.5201 31.0193 -24.7972 -29.2081 0.0598081 0.137039 -9.51391 -4.65324 52.6399 -24.234 0.0496218 0.113702 1.10495 -3.27242 0.204425 9.23673 -4.20556 2.0327 -6.286 -0.471558 -13.8998 -0.852353 -38.7721 -0.655187 -0.51669 1.92953 -0.0249803 -2.32622 -40.4017 -6.04875 -0.675978 0.255863 15.1063 0.779096 -9.8844 12.4959 -1.64434e-16 -8.01054e-16 1.83391e-17 -9.23673 -4.20556 2.0327 -10.1585 -7.04904 14.295 0.852353 -38.7721 -0.655187 2.10299 7.834 -0.00705132 2.32622 -40.4017 -6.04875 0.0971388 -5.59863 -15.48 -0.779096 -9.8844 12.4959 -9.5025e-18 -5.86591e-16 -1.27654e-14 
9.24523 92.0866 134.377 6.44275 -3.26035 -2.46008 0 5.07867 -1.15138 -1.87794 0.840497 0.643879 0 5.61661 1.07143 -1.67454 0.964626 0.64463 -1.02604e-17 5.98978 0.11501 -1.40883 1.50211 0.764841 -1.10457e-17 6.50583 -0.443523 -1.19613 1.91564 0.816231 -1.97295e-17 7.60548 -1.50593 -0.75866 2.38981 0.932694 -2.53307e-17 9.49737 -0.914492 -0.1741 2.44304 0.743718 -2.90401e-17 10.5513 1.57691 0.0365554 0.704592 -0.0342547 -1.29193e-17 4.78644 0.715339 0.207528 3.44812 7.95628 -1.8116e-17 4.82109 0.421791 -0.444426 -4.15719 3.51884 -2.00958e-17 4.83041 0.765062 -0.599861 -5.6047 3.36323 1.23299 -7.60731 7.53374 2.90557 1.92305 2.57365 12.9547 3.2495 -3.26872 -87.4987 21.5242 6.08946 29.2081 0.0598081 0.137039 4.22859 -0.753941 -20.8023 24.234 0.0496219 0.113701 0.120287 -11.8761 -3.66225 -1.23299 -7.60729 7.53365 -5.78668 2.98389 -3.49853 -12.9547 3.2495 -3.26872 89.4799 31.0956 -24.8141 -29.2081 0.0598081 0.137039 -9.54863 -4.69831 52.911 -24.234 0.0496218 0.113702 1.10889 -3.26355 0.215478 9.23673 -4.20556 2.0327 -6.28337 -0.502132 -13.885 -0.852353 -38.7721 -0.655187 -0.519896 1.94151 -0.025081 -2.32622 -40.4017 -6.04875 -0.678475 0.22737 15.109 0.779096 -9.8844 12.4959 -7.92955e-17 -7.98393e-16 1.56785e-17 -9.23673 -4.20556 2.0327 -10.1536 -7.13288 14.3102 0.852353 -38.7721 -0.655187 2.11942 7.89469 -0.00823971 2.32622 -40.4017 -6.04875 0.0931921 -5.62648 -15.4809 -0.779096 -9.8844 12.4959 -9.46411e-17 -5.87184e-16 -1.27627e-14 
9.2289 92.0817 134.373 6.44843 -3.22563 -2.47064 0 5.07867 -1.15138 -1.8768 0.830657 0.643319 0 5.61661 1.07143 -1.67401 0.957139 0.644429 -1.02604e-17 5.98978 0.11501 -1.40802 1.4967 0.765339 -1.10457e-17 6.50583 -0.443523 -1.1958 1.91337 0.81712 -1.97295e-17 7.60548 -1.50593 -0.758245 2.39138 0.93376 -2.53307e-17 9.49737 -0.914492 -0.173566 2.44849 0.744159 -2.90401e-17 10.5513 1.57691 0.0362457 0.704892 -0.0334207 -1.29193e-17 4.78644 0.715339 0.208255 3.40855 7.95397 -1.8116e-17 4.82109 0.421791 -0.444461 -4.15522 3.51697 -2.00958e-17 4.83041 0.765062 -0.592496 -5.58483 3.34055 1.23299 -7.60731 7.53374 2.85472 1.93189 2.56343 12.9547 3.2495 -3.26872 -87.4361 21.5324 6.08545 29.2081 0.0598081 0.137039 4.23983 -0.758151 -20.86 24.234 0.0496219 0.113701 0.110151 -11.8816 -3.669 -1.23299 -7.60729 7.53365 -5.70203 2.98306 -3.48501 -12.9547 3.2495 -3.26872 89.4142 31.1907 -24.8649 -29.2081 0.0598081 0.137039 -9.59514 -4.75937 53.2767 -24.234 0.0496218 0.113702 1.11218 -3.23929 0.240275 9.23673 -4.20556 2.0327 -6.27342 -0.529934 -13.8844 -0.852353 -38.7721 -0.655187 -0.520729 1.94462 -0.0251071 -2.32622 -40.4017 -6.04875 -0.680706 0.195259 15.1116 0.779096 -9.8844 12.4959 -2.68574e-16 -8.04308e-16 2.15935e-17 -9.23673 -4.20556 2.0327 -10.1427 -7.21032 14.313 0.852353 -38.7721 -0.655187 2.13324 7.94574 -0.00925299 2.32622 -40.4017 -6.04875 0.0909683 -5.64981 -15.482 -0.779096 -9.8844 12.4959 -4.92207e-16 -5.65591e-16 -1.27503e-14 
9.21312 92.0766 134.37 6.45542 -3.18584 -2.4765 0 5.07867 -1.15138 -1.87322 0.810693 0.641207 0 5.61661 1.07143 -1.67122 0.942932 0.643353 -1.02604e-17 5.98978 0.11501 -1.40512 1.48813 0.765334 -1.10457e-17 6.50583 -0.443523 -1.19397 1.91388 0.817774 -1.97295e-17 7.60548 -1.50593 -0.756841 2.39966 0.934511 -2.53307e-17 9.49737 -0.914492 -0.172735 2.46426 0.74385 -2.90401e-17 10.5513 1.57691 0.0359 0.704929 -0.0320718 -1.29193e-17 4.78644 0.715339 0.20894 3.35676 7.95804 -1.8116e-17 4.82109 0.421791 -0.447927 -4.1508 3.51785 -2.00958e-17 4.83041 0.765062 -0.584849 -5.55626 3.31489 1.23299 -7.60731 7.53374 2.78316 1.9394 2.55333 12.9547 3.2495 -3.26872 -87.3445 21.5672 6.07948 29.2081 0.0598081 0.137039 4.25701 -0.764611 -20.9483 24.234 0.0496219 0.113701 0.0864633 -11.9243 -3.68603 -1.23299 -7.60729 7.53365 -5.57558 2.97909 -3.46568 -12.9547 3.2495 -3.26872 89.3175 31.3262 -24.9623 -29.2081 0.0598081 0.137039 -9.66141 -4.84779 53.8032 -24.234 0.0496218 0.113702 1.11565 -3.18995 0.280461 9.23673 -4.20556 2.0327 -6.2644 -0.561743 -13.8969 -0.852353 -38.7721 -0.655187 -0.521096 1.94599 -0.0251186 -2.32622 -40.4017 -6.04875 -0.683705 0.163002 15.1139 0.779096 -9.8844 12.4959 2.14121e-16 -7.89224e-16 6.50927e-18 -9.23673 -4.20556 2.0327 -10.1339 -7.2913 14.3116 0.852353 -38.7721 -0.655187 2.14731 7.9977 -0.0102974 2.32622 -40.4017 -6.04875 0.0904584 -5.67675 -15.4838 -0.779096 -9.8844 12.4959 -3.02933e-16 -5.77421e-16 -1.27562e-14 
9.19937 92.072 134.368 6.46557 -3.14842 -2.46101 0 5.07867 -1.15138 -1.86742 0.779534 0.635728 0 5.61661 1.07143 -1.66612 0.921522 0.639772 -1.02604e-17 5.98978 0.11501 -1.39987 1.47684 0.763295 -1.10457e-17 6.50583 -0.443523 -1.19027 1.91908 0.816738 -1.97295e-17 7.60548 -1.50593 -0.754261 2.41766 0.933474 -2.53307e-17 9.49737 -0.914492 -0.171871 2.49477 0.741214 -2.90401e-17 10.5513 1.57691 0.0353225 0.704447 -0.0298923 -1.29193e-17 4.78644 0.715339 0.207526 3.29078 7.95518 -1.8116e-17 4.82109 0.421791 -0.459542 -4.14394 3.51505 -2.00958e-17 4.83041 0.765062 -0.576353 -5.51241 3.28777 1.23299 -7.60731 7.53374 2.68203 1.94455 2.5437 12.9547 3.2495 -3.26872 -87.2134 21.6467 6.07496 29.2081 0.0598081 0.137039 4.28623 -0.775666 -21.0984 24.234 0.0496219 0.113701 0.0541478 -12.0059 -3.71111 -1.23299 -7.60729 7.53365 -5.3919 2.97 -3.43611 -12.9547 3.2495 -3.26872 89.1803 31.5166 -25.1349 -29.2081 0.0598081 0.137039 -9.75826 -4.98011 54.5844 -24.234 0.0496218 0.113702 1.12388 -3.08497 0.336748 9.23673 -4.20556 2.0327 -6.26158 -0.602853 -13.9283 -0.852353 -38.7721 -0.655187 -0.526908 1.96771 -0.0252991 -2.32622 -40.4017 -6.04875 -0.680083 0.134882 15.1156 0.779096 -9.8844 12.4959 -4.57846e-16 -8.19392e-16 3.66776e-17 -9.23673 -4.20556 2.0327 -10.1346 -7.36755 14.2986 0.852353 -38.7721 -0.655187 2.16348 8.0574 -0.0115133 2.32622 -40.4017 -6.04875 0.105804 -5.71061 -15.4865 -0.779096 -9.8844 12.4959 -1.98785e-16 -5.8393e-16 -1.27595e-14 
9.18764 92.0678 134.367 6.46998 -3.10784 -2.42779 0 5.07867 -1.15138 -1.85363 0.734222 0.626753 0 5.61661 1.07143 -1.6537 0.890605 0.634626 -1.02604e-17 5.98978 0.11501 -1.38816 1.46131 0.760503 -1.10457e-17 6.50583 -0.443523 -1.18176 1.92851 0.815531 -1.97295e-17 7.60548 -1.50593 -0.748288 2.44621 0.931762 -2.53307e-17 9.49737 -0.914492 -0.169364 2.54241 0.736938 -2.90401e-17 10.5513 1.57691 0.0347811 0.703715 -0.026285 -1.29193e-17 4.78644 0.715339 0.205239 3.20682 7.95102 -1.8116e-17 4.82109 0.421791 -0.478171 -4.13637 3.51118 -2.00958e-17 4.83041 0.765062 -0.576326 -5.44684 3.24385 1.23299 -7.60731 7.53374 2.54277 1.94847 2.53187 12.9547 3.2495 -3.26872 -87.0261 21.8184 6.07869 29.2081 0.0598081 0.137039 4.33707 -0.795111 -21.3601 24.234 0.0496219 0.113701 0.00260289 -12.1097 -3.76448 -1.23299 -7.60729 7.53365 -5.13449 2.95664 -3.39253 -12.9547 3.2495 -3.26872 88.9848 31.8007 -25.4226 -29.2081 0.0598081 0.137039 -9.89961 -5.18024 55.7515 -24.234 0.0496218 0.113702 1.14244 -2.94498 0.420408 9.23673 -4.20556 2.0327 -6.25422 -0.648272 -13.9823 -0.852353 -38.7721 -0.655187 -0.533705 1.9931 -0.0255073 -2.32622 -40.4017 -6.04875 -0.672803 0.104561 15.1165 0.779096 -9.8844 12.4959 -7.70291e-16 -8.32411e-16 4.96962e-17 -9.23673 -4.20556 2.0327 -10.1334 -7.44323 14.2632 0.852353 -38.7721 -0.655187 2.18075 8.12116 -0.0128309 2.32622 -40.4017 -6.04875 0.129159 -5.74435 -15.4907 -0.779096 -9.8844 12.4959 3.88057e-16 -6.11438e-16 -1.2787e-14 
9.17766 92.0648 134.366 6.47143 -3.0723 -2.37524 0 5.07867 -1.15138 -1.83315 0.670372 0.611938 0 5.61661 1.07143 -1.63447 0.847415 0.625587 -1.02604e-17 5.98978 0.11501 -1.36991 1.44073 0.754809 -1.10457e-17 6.50583 -0.443523 -1.16796 1.94455 0.812031 -1.97295e-17 7.60548 -1.50593 -0.738361 2.48964 0.927229 -2.53307e-17 9.49737 -0.914492 -0.1648 2.61344 0.728636 -2.90401e-17 10.5513 1.57691 0.0345082 0.702438 -0.0209712 -1.29193e-17 4.78644 0.715339 0.201205 3.10647 7.94582 -1.8116e-17 4.82109 0.421791 -0.508685 -4.12707 3.50602 -2.00958e-17 4.83041 0.765062 -0.582191 -5.35796 3.19274 1.23299 -7.60731 7.53374 2.36138 1.9494 2.51952 12.9547 3.2495 -3.26872 -86.7631 22.1405 6.10149 29.2081 0.0598081 0.137039 4.42325 -0.828686 -21.8048 24.234 0.0496219 0.113701 -0.0875664 -12.236 -3.83506 -1.23299 -7.60729 7.53365 -4.79227 2.93422 -3.32952 -12.9547 3.2495 -3.26872 88.7192 32.2049 -25.8742 -29.2081 0.0598081 0.137039 -10.1038 -5.48548 57.5007 -24.234 0.0496218 0.113702 1.18323 -2.75058 0.499414 9.23673 -4.20556 2.0327 -6.24528 -0.688625 -14.0639 -0.852353 -38.7721 -0.655187 -0.540476 2.0184 -0.0257119 -2.32622 -40.4017 -6.04875 -0.662358 0.0802247 15.1161 0.779096 -9.8844 12.4959 -1.83449e-16 -8.04903e-16 2.21879e-17 -9.23673 -4.20556 2.0327 -10.1348 -7.50525 14.2094 0.852353 -38.7721 -0.655187 2.19694 8.18088 -0.0140829 2.32622 -40.4017 -6.04875 0.172994 -5.77957 -15.4965 -0.779096 -9.8844 12.4959 -2.83909e-16 -5.75355e-16 -1.27601e-14 
9.16945 92.0612 134.366 6.47377 -3.02673 -2.30006 0 5.07867 -1.15138 -1.80902 0.580126 0.589115 0 5.61661 1.07143 -1.61025 0.785749 0.610057 -1.02604e-17 5.98978 0.11501 -1.34574 1.41017 0.743575 -1.10457e-17 6.50583 -0.443523 -1.14828 1.96499 0.803522 -1.97295e-17 7.60548 -1.50593 -0.723082 2.54784 0.917004 -2.53307e-17 9.49737 -0.914492 -0.156205 2.7083 0.713067 -2.90401e-17 10.5513 1.57691 0.0350117 0.700468 -0.0136498 -1.29193e-17 4.78644 0.715339 0.195799 2.99653 7.92311 -1.8116e-17 4.82109 0.421791 -0.542697 -4.1141 3.4921 -2.00958e-17 4.83041 0.765062 -0.60175 -5.25447 3.15361 1.23299 -7.60731 7.53374 2.15105 1.94159 2.5253 12.9547 3.2495 -3.26872 -86.4386 22.6385 6.18365 29.2081 0.0598081 0.137039 4.56326 -0.884879 -22.5299 24.234 0.0496219 0.113701 -0.193497 -12.3584 -3.94684 -1.23299 -7.60729 7.53365 -4.38407 2.8978 -3.25604 -12.9547 3.2495 -3.26872 88.3867 32.7159 -26.5359 -29.2081 0.0598081 0.137039 -10.3802 -5.93349 60.0076 -24.234 0.0496218 0.113702 1.2578 -2.36566 0.529998 9.23673 -4.20556 2.0327 -6.2395 -0.732502 -14.1761 -0.852353 -38.7721 -0.655187 -0.544652 2.034 -0.0258365 -2.32622 -40.4017 -6.04875 -0.643894 0.0578359 15.1146 0.779096 -9.8844 12.4959 2.48481e-17 -7.95139e-16 1.2424e-17 -9.23673 -4.20556 2.0327 -10.1438 -7.56065 14.1322 0.852353 -38.7721 -0.655187 2.20952 8.22729 -0.0150679 2.32622 -40.4017 -6.04875 0.236461 -5.82776 -15.5036 -0.779096 -9.8844 12.4959 -3.02933e-16 -5.77421e-16 -1.27562e-14 
9.16196 92.0574 134.369 6.46251 -2.97669 -2.21862 0 5.07867 -1.15138 -1.77873 0.461603 0.559441 0 5.61661 1.07143 -1.57876 0.70374 0.589354 -1.02604e-17 5.98978 0.11501 -1.31388 1.36745 0.727713 -1.10457e-17 6.50583 -0.443523 -1.12133 1.98805 0.790697 -1.97295e-17 7.60548 -1.50593 -0.701106 2.61854 0.901429 -2.53307e-17 9.49737 -0.914492 -0.141844 2.82367 0.690995 -2.90401e-17 10.5513 1.57691 0.0369592 0.697747 -0.003951 -1.29193e-17 4.78644 0.715339 0.189203 2.89594 7.8804 -1.8116e-17 4.82109 0.421791 -0.567698 -4.09646 3.46881 -2.00958e-17 4.83041 0.765062 -0.645013 -5.14285 3.13207 1.23299 -7.60731 7.53374 1.93169 1.91446 2.57003 12.9547 3.2495 -3.26872 -86.0851 23.2885 6.37406 29.2081 0.0598081 0.137039 4.78095 -0.976378 -23.6646 24.234 0.0496219 0.113701 -0.264028 -12.285 -4.10392 -1.23299 -7.60729 7.53365 -3.96092 2.84604 -3.19609 -12.9547 3.2495 -3.26872 88.0245 33.3023 -27.4442 -29.2081 0.0598081 0.137039 -10.7152 -6.54363 63.3228 -24.234 0.0496218 0.113702 1.3741 -1.65882 0.503858 9.23673 -4.20556 2.0327 -6.22222 -0.779308 -14.3136 -0.852353 -38.7721 -0.655187 -0.549377 2.05165 -0.0259761 -2.32622 -40.4017 -6.04875 -0.604531 0.030677 15.1113 0.779096 -9.8844 12.4959 6.1169e-16 -7.6763e-16 -1.50842e-17 -9.23673 -4.20556 2.0327 -10.1404 -7.61505 14.0514 0.852353 -38.7721 -0.655187 2.22159 8.27184 -0.016023 2.32622 -40.4017 -6.04875 0.300247 -5.86989 -15.51 -0.779096 -9.8844 12.4959 -4.92206e-16 -5.65591e-16 -1.27503e-14 
9.15684 92.0521 134.373 6.45934 -2.89482 -2.1187 0 5.07867 -1.15138 -1.74803 0.320939 0.519782 0 5.61661 1.07143 -1.54482 0.604034 0.559331 -1.02604e-17 5.98978 0.11501 -1.27842 1.30969 0.702383 -1.10457e-17 6.50583 -0.443523 -1.08979 2.00413 0.768254 -1.97295e-17 7.60548 -1.50593 -0.674846 2.68795 0.875216 -2.53307e-17 9.49737 -0.914492 -0.124093 2.94079 0.658705 -2.90401e-17 10.5513 1.57691 0.040621 0.695136 0.00837148 -1.29193e-17 4.78644 0.715339 0.179382 2.81285 7.81513 -1.8116e-17 4.82109 0.421791 -0.587964 -4.06968 3.43477 -2.00958e-17 4.83041 0.765062 -0.713996 -5.0392 3.13744 1.23299 -7.60731 7.53374 1.74043 1.86205 2.6771 12.9547 3.2495 -3.26872 -85.757 24.0044 6.7285 29.2081 0.0598081 0.137039 5.10319 -1.12129 -25.3618 24.234 0.0496219 0.113701 -0.221557 -11.5756 -4.24217 -1.23299 -7.60729 7.53365 -3.60985 2.78359 -3.17415 -12.9547 3.2495 -3.26872 87.7256 33.9218 -28.6462 -29.2081 0.0598081 0.137039 -11.0768 -7.31544 67.3836 -24.234 0.0496218 0.113702 1.53983 -0.617826 0.492011 9.23673 -4.20556 2.0327 -6.21685 -0.853967 -14.4772 -0.852353 -38.7721 -0.655187 -0.552942 2.06497 -0.0260805 -2.32622 -40.4017 -6.04875 -0.550531 0.00590982 15.1066 0.779096 -9.8844 12.4959 -6.02763e-17 -7.94544e-16 1.18295e-17 -9.23673 -4.20556 2.0327 -10.1494 -7.69842 13.9526 0.852353 -38.7721 -0.655187 2.23665 8.32738 -0.0172273 2.32622 -40.4017 -6.04875 0.355384 -5.92634 -15.5165 -0.779096 -9.8844 12.4959 -3.02933e-16 -5.77421e-16 -1.27562e-14 
9.15635 92.0487 134.379 6.45295 -2.81044 -1.97057 0 5.07867 -1.15138 -1.71656 0.177566 0.466221 0 5.61661 1.07143 -1.50717 0.500758 0.515317 -1.02604e-17 5.98978 0.11501 -1.23856 1.24413 0.662262 -1.10457e-17 6.50583 -0.443523 -1.05257 2.01032 0.730416 -1.97295e-17 7.60548 -1.50593 -0.64449 2.7454 0.832065 -2.53307e-17 9.49737 -0.914492 -0.104795 3.04478 0.611099 -2.90401e-17 10.5513 1.57691 0.0461209 0.693607 0.0233611 -1.29193e-17 4.78644 0.715339 0.165815 2.76202 7.73964 -1.8116e-17 4.82109 0.421791 -0.606058 -4.03594 3.39627 -2.00958e-17 4.83041 0.765062 -0.801534 -4.93047 3.15374 1.23299 -7.60731 7.53374 1.60396 1.78166 2.85578 12.9547 3.2495 -3.26872 -85.5078 24.7303 7.30932 29.2081 0.0598081 0.137039 5.55395 -1.34374 -27.7751 24.234 0.0496219 0.113701 -0.0226441 -9.9078 -4.28017 -1.23299 -7.60729 7.53365 -3.41203 2.71611 -3.20573 -12.9547 3.2495 -3.26872 87.5998 34.5646 -30.1887 -29.2081 0.0598081 0.137039 -11.4215 -8.22422 72.0186 -24.234 0.0496218 0.113702 1.7617 0.673511 0.618434 9.23673 -4.20556 2.0327 -6.21549 -0.928157 -14.694 -0.852353 -38.7721 -0.655187 -0.555738 2.07541 -0.0261619 -2.32622 -40.4017 -6.04875 -0.489156 -0.00560053 15.1013 0.779096 -9.8844 12.4959 2.14121e-16 -7.89224e-16 6.50927e-18 -9.23673 -4.20556 2.0327 -10.1653 -7.76664 13.8121 0.852353 -38.7721 -0.655187 2.25103 8.3804 -0.0183908 2.32622 -40.4017 -6.04875 0.39685 -5.97253 -15.5214 -0.779096 -9.8844 12.4959 -4.92206e-16 -5.65591e-16 -1.27503e-14 
9.16009 92.0475 134.388 6.46297 -2.73163 -1.77332 0 5.07867 -1.15138 -1.68916 0.0437269 0.39915 0 5.61661 1.07143 -1.4701 0.403812 0.456402 -1.02604e-17 5.98978 0.11501 -1.19827 1.17688 0.605752 -1.10457e-17 6.50583 -0.443523 -1.0126 2.00783 0.675038 -1.97295e-17 7.60548 -1.50593 -0.612746 2.7869 0.770059 -2.53307e-17 9.49737 -0.914492 -0.0863665 3.12783 0.547588 -2.90401e-17 10.5513 1.57691 0.0537188 0.693661 0.0401656 -1.29193e-17 4.78644 0.715339 0.147648 2.76195 7.66182 -1.8116e-17 4.82109 0.421791 -0.626534 -3.99068 3.35705 -2.00958e-17 4.83041 0.765062 -0.905278 -4.83117 3.1795 1.23299 -7.60731 7.53374 1.55122 1.67518 3.11441 12.9547 3.2495 -3.26872 -85.3938 25.4112 8.17324 29.2081 0.0598081 0.137039 6.144 -1.67202 -31.0142 24.234 0.0496219 0.113701 0.295404 -7.26226 -4.16585 -1.23299 -7.60729 7.53365 -3.45478 2.64415 -3.31338 -12.9547 3.2495 -3.26872 87.7557 35.2345 -32.0918 -29.2081 0.0598081 0.137039 -11.7109 -9.23779 77.0535 -24.234 0.0496218 0.113702 2.05864 2.02718 0.982207 9.23673 -4.20556 2.0327 -6.23761 -0.995179 -14.973 -0.852353 -38.7721 -0.655187 -0.557633 2.08249 -0.0262167 -2.32622 -40.4017 -6.04875 -0.431757 0.0123133 15.0956 0.779096 -9.8844 12.4959 4.22417e-16 -7.82715e-16 2.88531e-33 -9.23673 -4.20556 2.0327 -10.2072 -7.8119 13.633 0.852353 -38.7721 -0.655187 2.26498 8.43183 -0.0195324 2.32622 -40.4017 -6.04875 0.417731 -6.01495 -15.525 -0.779096 -9.8844 12.4959 -5.96354e-16 -5.59082e-16 -1.27471e-14 
9.16556 92.0456 134.398 6.49874 -2.62637 -1.55598 0 5.07867 -1.15138 -1.66731 -0.0887682 0.320699 0 5.61661 1.07143 -1.43581 0.308353 0.384395 -1.02604e-17 5.98978 0.11501 -1.15997 1.10637 0.534311 -1.10457e-17 6.50583 -0.443523 -0.972102 2.00152 0.603214 -1.97295e-17 7.60548 -1.50593 -0.581809 2.8183 0.690722 -2.53307e-17 9.49737 -0.914492 -0.0709161 3.19676 0.470349 -2.90401e-17 10.5513 1.57691 0.0638574 0.694306 0.0575843 -1.29193e-17 4.78644 0.715339 0.124585 2.81497 7.5965 -1.8116e-17 4.82109 0.421791 -0.65354 -3.93679 3.32409 -2.00958e-17 4.83041 0.765062 -1.02899 -4.75946 3.2087 1.23299 -7.60731 7.53374 1.58905 1.55095 3.44804 12.9547 3.2495 -3.26872 -85.4477 26.0404 9.35269 29.2081 0.0598081 0.137039 6.8652 -2.13607 -35.1238 24.234 0.0496219 0.113701 0.643575 -3.93153 -3.87122 -1.23299 -7.60729 7.53365 -3.76414 2.56445 -3.50614 -12.9547 3.2495 -3.26872 88.2403 35.9313 -34.3469 -29.2081 0.0598081 0.137039 -11.9176 -10.3282 82.368 -24.234 0.0496218 0.113702 2.43777 3.15879 1.63476 9.23673 -4.20556 2.0327 -6.28675 -1.08782 -15.2957 -0.852353 -38.7721 -0.655187 -0.559676 2.09012 -0.0262755 -2.32622 -40.4017 -6.04875 -0.388968 0.0415913 15.0905 0.779096 -9.8844 12.4959 7.15838e-16 -7.64376e-16 -1.83388e-17 -9.23673 -4.20556 2.0327 -10.2791 -7.87624 13.4456 0.852353 -38.7721 -0.655187 2.28002 8.48727 -0.0207775 2.32622 -40.4017 -6.04875 0.431615 -6.0776 -15.5286 -0.779096 -9.8844 12.4959 -8.89775e-16 -5.49912e-16 -1.27287e-14 
9.17095 92.0434 134.409 6.54775 -2.50026 -1.33265 0 5.07867 -1.15138 -1.64848 -0.241561 0.23583 0 5.61661 1.07143 -1.40349 0.201578 0.304482 -1.02604e-17 5.98978 0.11501 -1.12415 1.03026 0.452884 -1.10457e-17 6.50583 -0.443523 -0.932775 2.00636 0.519586 -1.97295e-17 7.60548 -1.50593 -0.554035 2.85988 0.599483 -2.53307e-17 9.49737 -0.914492 -0.0610865 3.27687 0.385672 -2.90401e-17 10.5513 1.57691 0.0767505 0.694141 0.0739862 -1.29193e-17 4.78644 0.715339 0.0957006 2.9024 7.53574 -1.8116e-17 4.82109 0.421791 -0.703374 -3.8789 3.29387 -2.00958e-17 4.83041 0.765062 -1.14885 -4.70246 3.24115 1.23299 -7.60731 7.53374 1.6813 1.41475 3.83125 12.9547 3.2495 -3.26872 -85.6439 26.6296 10.8068 29.2081 0.0598081 0.137039 7.67541 -2.7519 -39.9941 24.234 0.0496219 0.113701 0.947045 -0.330738 -3.40289 -1.23299 -7.60729 7.53365 -4.30806 2.46334 -3.77386 -12.9547 3.2495 -3.26872 89.0082 36.6391 -36.8657 -29.2081 0.0598081 0.137039 -12.0227 -11.4655 87.8559 -24.234 0.0496218 0.113702 2.88854 3.71115 2.55185 9.23673 -4.20556 2.0327 -6.34896 -1.19481 -15.6539 -0.852353 -38.7721 -0.655187 -0.559158 2.08819 -0.0262606 -2.32622 -40.4017 -6.04875 -0.365838 0.0756729 15.0885 0.779096 -9.8844 12.4959 5.26566e-16 -7.76205e-16 -6.50927e-18 -9.23673 -4.20556 2.0327 -10.3676 -7.95744 13.2746 0.852353 -38.7721 -0.655187 2.29539 8.54391 -0.0220648 2.32622 -40.4017 -6.04875 0.456691 -6.15361 -15.5305 -0.779096 -9.8844 12.4959 -1.28734e-15 -5.37488e-16 -1.2713e-14 
9.16564 92.0452 134.425 6.60079 -2.37643 -1.13238 0 5.07867 -1.15138 -1.62963 -0.434202 0.155264 0 5.61661 1.07143 -1.37273 0.0718372 0.2275 -1.02604e-17 5.98978 0.11501 -1.09165 0.947318 0.372439 -1.10457e-17 6.50583 -0.443523 -0.896982 2.03695 0.435167 -1.97295e-17 7.60548 -1.50593 -0.531202 2.93032 0.508276 -2.53307e-17 9.49737 -0.914492 -0.0571692 3.39174 0.305052 -2.90401e-17 10.5513 1.57691 0.092187 0.69281 0.0872229 -1.29193e-17 4.78644 0.715339 0.0633517 3.01663 7.484 -1.8116e-17 4.82109 0.421791 -0.772811 -3.82846 3.2687 -2.00958e-17 4.83041 0.765062 -1.24756 -4.65113 3.25722 1.23299 -7.60731 7.53374 1.77662 1.27151 4.2266 12.9547 3.2495 -3.26872 -85.8902 27.1837 12.4082 29.2081 0.0598081 0.137039 8.49841 -3.50117 -45.3124 24.234 0.0496219 0.113701 1.15914 3.10991 -2.84555 -1.23299 -7.60729 7.53365 -5.00628 2.3265 -4.09907 -12.9547 3.2495 -3.26872 89.9653 37.3702 -39.467 -29.2081 0.0598081 0.137039 -12.0164 -12.6057 93.3561 -24.234 0.0496218 0.113702 3.37679 3.44575 3.65807 9.23673 -4.20556 2.0327 -6.40569 -1.29324 -16.0262 -0.852353 -38.7721 -0.655187 -0.556946 2.07993 -0.0261968 -2.32622 -40.4017 -6.04875 -0.373944 0.120445 15.0907 0.779096 -9.8844 12.4959 -1.64425e-16 -8.01053e-16 1.83388e-17 -9.23673 -4.20556 2.0327 -10.4498 -8.04587 13.1493 0.852353 -38.7721 -0.655187 2.31379 8.61169 -0.0236258 2.32622 -40.4017 -6.04875 0.477282 -6.21605 -15.5294 -0.779096 -9.8844 12.4959 -8.04651e-16 -5.52573e-16 -1.27373e-14 
9.14125 92.0555 134.446 6.65125 -2.28849 -0.973127 0 5.07867 -1.15138 -1.60926 -0.670901 0.0900687 0 5.61661 1.07143 -1.34413 -0.0840002 0.164816 -1.02604e-17 5.98978 0.11501 -1.06377 0.858557 0.304691 -1.10457e-17 6.50583 -0.443523 -0.867109 2.09885 0.362075 -1.97295e-17 7.60548 -1.50593 -0.514161 3.03551 0.429709 -2.53307e-17 9.49737 -0.914492 -0.0576134 3.54821 0.240116 -2.90401e-17 10.5513 1.57691 0.11002 0.691321 0.0953988 -1.29193e-17 4.78644 0.715339 0.0303802 3.17347 7.4193 -1.8116e-17 4.82109 0.421791 -0.850599 -3.79117 3.23834 -2.00958e-17 4.83041 0.765062 -1.31456 -4.60405 3.26058 1.23299 -7.60731 7.53374 1.85134 1.12238 4.5996 12.9547 3.2495 -3.26872 -86.0942 27.7763 14.0052 29.2081 0.0598081 0.137039 9.25987 -4.33643 -50.7054 24.234 0.0496219 0.113701 1.30125 6.0628 -2.31763 -1.23299 -7.60729 7.53365 -5.81925 2.15121 -4.45972 -12.9547 3.2495 -3.26872 91.0245 38.1585 -41.9718 -29.2081 0.0598081 0.137039 -11.903 -13.7049 98.7099 -24.234 0.0496218 0.113702 3.88271 2.27369 4.88301 9.23673 -4.20556 2.0327 -6.44339 -1.35759 -16.3927 -0.852353 -38.7721 -0.655187 -0.556004 2.0764 -0.0261696 -2.32622 -40.4017 -6.04875 -0.417283 0.188639 15.0971 0.779096 -9.8844 12.4959 -7.93037e-17 -7.98393e-16 1.56788e-17 -9.23673 -4.20556 2.0327 -10.5108 -8.12154 13.0938 0.852353 -38.7721 -0.655187 2.33801 8.70089 -0.0257142 2.32622 -40.4017 -6.04875 0.496924 -6.2412 -15.5244 -0.779096 -9.8844 12.4959 -9.51897e-18 -5.8659e-16 -1.27654e-14 
9.09354 92.0738 134.471 6.68022 -2.24142 -0.886816 0 5.07867 -1.15138 -1.57833 -0.945565 0.0476029 0 5.61661 1.07143 -1.31112 -0.263824 0.12515 -1.02604e-17 5.98978 0.11501 -1.03583 0.76386 0.258854 -1.10457e-17 6.50583 -0.443523 -0.840703 2.18642 0.310183 -1.97295e-17 7.60548 -1.50593 -0.500502 3.16831 0.373237 -2.53307e-17 9.49737 -0.914492 -0.0595453 3.7377 0.19882 -2.90401e-17 10.5513 1.57691 0.129942 0.690333 0.0979729 -1.29193e-17 4.78644 0.715339 -0.00181718 3.37754 7.33747 -1.8116e-17 4.82109 0.421791 -0.923315 -3.75871 3.20004 -2.00958e-17 4.83041 0.765062 -1.36935 -4.54772 3.24517 1.23299 -7.60731 7.53374 1.92007 0.971157 4.93653 12.9547 3.2495 -3.26872 -86.2315 28.4324 15.5068 29.2081 0.0598081 0.137039 9.92734 -5.22072 -55.9862 24.234 0.0496219 0.113701 1.4172 8.50304 -1.8572 -1.23299 -7.60729 7.53365 -6.70283 1.94159 -4.83681 -12.9547 3.2495 -3.26872 92.0792 39.0164 -44.2422 -29.2081 0.0598081 0.137039 -11.6957 -14.7403 103.847 -24.234 0.0496218 0.113702 4.42149 0.319862 6.16674 9.23673 -4.20556 2.0327 -6.43936 -1.39127 -16.7136 -0.852353 -38.7721 -0.655187 -0.559909 2.09099 -0.0262822 -2.32622 -40.4017 -6.04875 -0.478987 0.264281 15.1064 0.779096 -9.8844 12.4959 2.48481e-17 -7.95139e-16 1.2424e-17 -9.23673 -4.20556 2.0327 -10.5215 -8.2037 13.1374 0.852353 -38.7721 -0.655187 2.37355 8.83167 -0.0288461 2.32622 -40.4017 -6.04875 0.512439 -6.216 -15.5166 -0.779096 -9.8844 12.4959 -3.88048e-16 -5.68846e-16 -1.27536e-14 
9.02549 92.0995 134.497 6.67656 -2.23318 -0.852384 0 5.07867 -1.15138 -1.53137 -1.24557 0.0265258 0 5.61661 1.07143 -1.2689 -0.460841 0.108226 -1.02604e-17 5.98978 0.11501 -1.00391 0.664377 0.234826 -1.10457e-17 6.50583 -0.443523 -0.815054 2.29026 0.279901 -1.97295e-17 7.60548 -1.50593 -0.488511 3.31633 0.338817 -2.53307e-17 9.49737 -0.914492 -0.0628042 3.94593 0.180119 -2.90401e-17 10.5513 1.57691 0.151576 0.690066 0.0953311 -1.29193e-17 4.78644 0.715339 -0.0390417 3.61539 7.21588 -1.8116e-17 4.82109 0.421791 -0.991486 -3.72159 3.1426 -2.00958e-17 4.83041 0.765062 -1.39826 -4.4574 3.2307 1.23299 -7.60731 7.53374 2.01502 0.822596 5.24509 12.9547 3.2495 -3.26872 -86.3327 29.1416 16.8738 29.2081 0.0598081 0.137039 10.4916 -6.12755 -61.0741 24.234 0.0496219 0.113701 1.5295 10.5405 -1.44055 -1.23299 -7.60729 7.53365 -7.5934 1.70123 -5.2122 -12.9547 3.2495 -3.26872 93.0173 39.91 -46.1774 -29.2081 0.0598081 0.137039 -11.4102 -15.7014 108.744 -24.234 0.0496218 0.113702 4.99864 -2.20998 7.44935 9.23673 -4.20556 2.0327 -6.38683 -1.40013 -16.9587 -0.852353 -38.7721 -0.655187 -0.570262 2.12967 -0.026576 -2.32622 -40.4017 -6.04875 -0.552943 0.338713 15.1177 0.779096 -9.8844 12.4959 -5.61984e-16 -8.22646e-16 3.99318e-17 -9.23673 -4.20556 2.0327 -10.4749 -8.28586 13.2625 0.852353 -38.7721 -0.655187 2.41801 8.99525 -0.0328804 2.32622 -40.4017 -6.04875 0.525417 -6.13736 -15.5072 -0.779096 -9.8844 12.4959 -9.52146e-18 -5.8659e-16 -1.27654e-14 
9.09287 92.0858 134.505 6.64429 -2.24277 -0.843856 0 5.07867 -1.15138 -1.42394 -1.51349 0.0115628 0 5.61661 1.07143 -1.17597 -0.638978 0.10468 -1.02604e-17 5.98978 0.11501 -0.935479 0.567132 0.223609 -1.10457e-17 6.50583 -0.443523 -0.766224 2.36968 0.262964 -1.97295e-17 7.60548 -1.50593 -0.465222 3.41851 0.313634 -2.53307e-17 9.49737 -0.914492 -0.067818 4.09767 0.170787 -2.90401e-17 10.5513 1.57691 0.174824 0.697766 0.0897546 -1.29193e-17 4.78644 0.715339 -0.0754293 3.87585 7.08321 -1.8116e-17 4.82109 0.421791 -1.1064 -3.6212 3.07621 -2.00958e-17 4.83041 0.765062 -1.50535 -4.29306 3.18106 1.23299 -7.60731 7.53374 2.16968 0.71551 5.53987 12.9547 3.2495 -3.26872 -86.6376 29.9112 18.1776 29.2081 0.0598081 0.137039 10.9559 -7.04135 -65.957 24.234 0.0496219 0.113701 1.67897 12.0417 -1.0554 -1.23299 -7.60729 7.53365 -8.57064 1.47082 -5.58443 -12.9547 3.2495 -3.26872 93.5837 40.712 -47.6645 -29.2081 0.0598081 0.137039 -11.0657 -16.575 113.344 -24.234 0.0496218 0.113702 5.71691 -5.19497 8.77654 9.23673 -4.20556 2.0327 -6.38222 -1.39425 -17.1527 -0.852353 -38.7721 -0.655187 -0.584979 2.18465 -0.0269816 -2.32622 -40.4017 -6.04875 -0.605385 0.230425 15.1278 0.779096 -9.8844 12.4959 1.09958e-16 -7.95734e-16 1.30191e-17 -9.23673 -4.20556 2.0327 -10.4808 -8.42842 13.3985 0.852353 -38.7721 -0.655187 2.49257 9.26922 -0.0399301 2.32622 -40.4017 -6.04875 0.517597 -6.15349 -15.5024 -0.779096 -9.8844 12.4959 -6.81464e-16 -5.59677e-16 -1.27352e-14 
9.10798 92.088 134.517 6.60302 -2.26335 -0.878566 0 5.07867 -1.15138 -1.32301 -1.76665 0.0175744 0 5.61661 1.07143 -1.09314 -0.807956 0.117335 -1.02604e-17 5.98978 0.11501 -0.877684 0.476395 0.226744 -1.10457e-17 6.50583 -0.443523 -0.728833 2.44746 0.259697 -1.97295e-17 7.60548 -1.50593 -0.45131 3.50937 0.30416 -2.53307e-17 9.49737 -0.914492 -0.0794277 4.23838 0.177455 -2.90401e-17 10.5513 1.57691 0.198606 0.707322 0.0766875 -1.29193e-17 4.78644 0.715339 -0.125305 4.10557 6.89028 -1.8116e-17 4.82109 0.421791 -1.20557 -3.53151 2.98174 -2.00958e-17 4.83041 0.765062 -1.50875 -4.0527 3.19479 1.23299 -7.60731 7.53374 2.34662 0.629761 5.81941 12.9547 3.2495 -3.26872 -86.8145 30.56 19.3302 29.2081 0.0598081 0.137039 11.3097 -7.90476 -70.4051 24.234 0.0496219 0.113701 1.85332 12.9298 -0.95232 -1.23299 -7.60729 7.53365 -9.41251 1.22299 -5.96202 -12.9547 3.2495 -3.26872 93.6811 41.4199 -48.4073 -29.2081 0.0598081 0.137039 -10.6911 -17.3387 117.521 -24.234 0.0496218 0.113702 6.50167 -8.33312 10.0072 9.23673 -4.20556 2.0327 -6.33288 -1.38157 -17.2717 -0.852353 -38.7721 -0.655187 -0.600365 2.24213 -0.0273905 -2.32622 -40.4017 -6.04875 -0.697368 0.165983 15.1424 0.779096 -9.8844 12.4959 -1.64415e-16 -8.01053e-16 1.83385e-17 -9.23673 -4.20556 2.0327 -10.4284 -8.56733 13.6135 0.852353 -38.7721 -0.655187 2.5627 9.52662 -0.046888 2.32622 -40.4017 -6.04875 0.482265 -6.09802 -15.4969 -0.779096 -9.8844 12.4959 -1.13675e-16 -5.83335e-16 -1.27589e-14 
9.08426 92.1005 134.533 6.5658 -2.28399 -0.961273 0 5.07867 -1.15138 -1.23953 -2.0234 0.03776 0 5.61661 1.07143 -1.02894 -0.981018 0.137642 -1.02604e-17 5.98978 0.11501 -0.836881 0.38476 0.235366 -1.10457e-17 6.50583 -0.443523 -0.706098 2.52914 0.261205 -1.97295e-17 7.60548 -1.50593 -0.448834 3.60337 0.301413 -2.53307e-17 9.49737 -0.914492 -0.0992083 4.38207 0.192932 -2.90401e-17 10.5513 1.57691 0.22395 0.715763 0.0541051 -1.29193e-17 4.78644 0.715339 -0.174189 4.29659 6.61546 -1.8116e-17 4.82109 0.421791 -1.25521 -3.40371 2.85127 -2.00958e-17 4.83041 0.765062 -1.43747 -3.78974 3.35118 1.23299 -7.60731 7.53374 2.5499 0.545257 6.10881 12.9547 3.2495 -3.26872 -86.9315 31.116 20.3214 29.2081 0.0598081 0.137039 11.5728 -8.7123 -74.4582 24.234 0.0496219 0.113701 2.09054 13.2443 -0.990665 -1.23299 -7.60729 7.53365 -10.1923 0.966321 -6.3726 -12.9547 3.2495 -3.26872 93.1012 41.7799 -48.1017 -29.2081 0.0598081 0.137039 -10.312 -17.9883 121.22 -24.234 0.0496218 0.113702 7.48244 -11.2355 11.0733 9.23673 -4.20556 2.0327 -6.25781 -1.36378 -17.2656 -0.852353 -38.7721 -0.655187 -0.611716 2.28453 -0.0276823 -2.32622 -40.4017 -6.04875 -0.861303 0.123117 15.1664 0.779096 -9.8844 12.4959 2.14111e-16 -7.89224e-16 6.50957e-18 -9.23673 -4.20556 2.0327 -10.3478 -8.72283 13.9142 0.852353 -38.7721 -0.655187 2.6343 9.78911 -0.0543183 2.32622 -40.4017 -6.04875 0.457224 -6.01245 -15.4882 -0.779096 -9.8844 12.4959 1.98785e-16 -5.96354e-16 -1.27719e-14 
9.05967 92.1117 134.551 6.53783 -2.28585 -1.06872 0 5.07867 -1.15138 -1.18212 -2.24328 0.0649772 0 5.61661 1.07143 -0.988648 -1.13339 0.155131 -1.02604e-17 5.98978 0.11501 -0.815875 0.294048 0.239634 -1.10457e-17 6.50583 -0.443523 -0.698081 2.57886 0.257194 -1.97295e-17 7.60548 -1.50593 -0.456892 3.64814 0.294527 -2.53307e-17 9.49737 -0.914492 -0.124692 4.46259 0.207494 -2.90401e-17 10.5513 1.57691 0.251186 0.728747 0.0219188 -1.29193e-17 4.78644 0.715339 -0.200987 4.40775 6.31392 -1.8116e-17 4.82109 0.421791 -1.26463 -3.19757 2.70992 -2.00958e-17 4.83041 0.765062 -1.29862 -3.45309 3.60148 1.23299 -7.60731 7.53374 2.78853 0.492684 6.39041 12.9547 3.2495 -3.26872 -87.045 31.4868 21.2189 29.2081 0.0598081 0.137039 11.7649 -9.47555 -78.22 24.234 0.0496219 0.113701 2.33827 13.0978 -1.09752 -1.23299 -7.60729 7.53365 -11.0108 0.7435 -6.81362 -12.9547 3.2495 -3.26872 91.9152 41.7516 -46.7379 -29.2081 0.0598081 0.137039 -9.95737 -18.5173 124.355 -24.234 0.0496218 0.113702 8.37874 -13.4062 11.865 9.23673 -4.20556 2.0327 -6.19108 -1.35903 -17.139 -0.852353 -38.7721 -0.655187 -0.620551 2.31754 -0.0279036 -2.32622 -40.4017 -6.04875 -1.05175 0.0736533 15.1929 0.779096 -9.8844 12.4959 -1.64415e-16 -8.01053e-16 1.83385e-17 -9.23673 -4.20556 2.0327 -10.2705 -8.87343 14.226 0.852353 -38.7721 -0.655187 2.69302 10.0041 -0.0606566 2.32622 -40.4017 -6.04875 0.41641 -5.93682 -15.4783 -0.779096 -9.8844 12.4959 -9.46316e-17 -5.87185e-16 -1.27627e-14 
9.03348 92.1249 134.565 6.5229 -2.30295 -1.18745 0 5.07867 -1.15138 -1.16376 -2.40668 0.0974661 0 5.61661 1.07143 -0.982754 -1.25066 0.167067 -1.02604e-17 5.98978 0.11501 -0.82212 0.212319 0.237278 -1.10457e-17 6.50583 -0.443523 -0.709258 2.59224 0.245622 -1.97295e-17 7.60548 -1.50593 -0.477136 3.6352 0.281884 -2.53307e-17 9.49737 -0.914492 -0.154281 4.46503 0.219831 -2.90401e-17 10.5513 1.57691 0.279629 0.747982 -0.0196553 -1.29193e-17 4.78644 0.715339 -0.196227 4.47154 6.00518 -1.8116e-17 4.82109 0.421791 -1.21012 -2.94595 2.56796 -2.00958e-17 4.83041 0.765062 -1.11184 -3.04685 3.91757 1.23299 -7.60731 7.53374 3.07359 0.46485 6.66058 12.9547 3.2495 -3.26872 -87.1713 31.6016 21.9724 29.2081 0.0598081 0.137039 11.8962 -10.184 -81.6699 24.234 0.0496219 0.113701 2.53921 12.634 -1.24573 -1.23299 -7.60729 7.53365 -11.9603 0.580817 -7.29207 -12.9547 3.2495 -3.26872 90.3536 41.2761 -44.4369 -29.2081 0.0598081 0.137039 -9.65202 -18.9256 126.865 -24.234 0.0496218 0.113702 8.94043 -14.6057 12.2594 9.23673 -4.20556 2.0327 -6.13696 -1.34285 -16.9432 -0.852353 -38.7721 -0.655187 -0.628616 2.34767 -0.0281012 -2.32622 -40.4017 -6.04875 -1.25564 0.0425247 15.2197 0.779096 -9.8844 12.4959 -3.72721e-16 -8.07563e-16 2.48481e-17 -9.23673 -4.20556 2.0327 -10.1979 -9.00353 14.5348 0.852353 -38.7721 -0.655187 2.74631 10.199 -0.0665998 2.32622 -40.4017 -6.04875 0.325733 -5.84095 -15.4663 -0.779096 -9.8844 12.4959 -1.98785e-16 -5.8393e-16 -1.27595e-14 
9.00762 92.14 134.575 6.52436 -2.33114 -1.29666 0 5.07867 -1.15138 -1.18696 -2.49323 0.129601 0 5.61661 1.07143 -1.01195 -1.3188 0.170065 -1.02604e-17 5.98978 0.11501 -0.854877 0.146033 0.226046 -1.10457e-17 6.50583 -0.443523 -0.737661 2.56081 0.224853 -1.97295e-17 7.60548 -1.50593 -0.506788 3.55159 0.261796 -2.53307e-17 9.49737 -0.914492 -0.184904 4.37162 0.226188 -2.90401e-17 10.5513 1.57691 0.306849 0.774538 -0.0673569 -1.29193e-17 4.78644 0.715339 -0.164819 4.54348 5.70295 -1.8116e-17 4.82109 0.421791 -1.09161 -2.66701 2.43181 -2.00958e-17 4.83041 0.765062 -0.899233 -2.63563 4.26181 1.23299 -7.60731 7.53374 3.43791 0.466901 6.90882 12.9547 3.2495 -3.26872 -87.3094 31.4247 22.5316 29.2081 0.0598081 0.137039 11.977 -10.8235 -84.7621 24.234 0.0496219 0.113701 2.64139 12.0431 -1.47032 -1.23299 -7.60729 7.53365 -13.052 0.497925 -7.77949 -12.9547 3.2495 -3.26872 88.792 40.3415 -41.5393 -29.2081 0.0598081 0.137039 -9.41231 -19.2208 128.737 -24.234 0.0496218 0.113702 8.97924 -14.6958 12.1449 9.23673 -4.20556 2.0327 -6.10184 -1.32196 -16.7002 -0.852353 -38.7721 -0.655187 -0.636684 2.37781 -0.0282946 -2.32622 -40.4017 -6.04875 -1.46551 0.036888 15.2449 0.779096 -9.8844 12.4959 2.14111e-16 -7.89224e-16 6.50957e-18 -9.23673 -4.20556 2.0327 -10.1409 -9.10634 14.8177 0.852353 -38.7721 -0.655187 2.79153 10.3642 -0.0717863 2.32622 -40.4017 -6.04875 0.209923 -5.73793 -15.4547 -0.779096 -9.8844 12.4959 -4.92201e-16 -5.65591e-16 -1.27503e-14 
8.98544 92.152 134.606 6.54538 -2.36473 -1.38113 0 5.07867 -1.15138 -1.24191 -2.51223 0.163895 0 5.61661 1.07143 -1.06773 -1.34588 0.171471 -1.02604e-17 5.98978 0.11501 -0.907562 0.0907569 0.214424 -1.10457e-17 6.50583 -0.443523 -0.779146 2.48526 0.204217 -1.97295e-17 7.60548 -1.50593 -0.542077 3.40445 0.243232 -2.53307e-17 9.49737 -0.914492 -0.212069 4.18976 0.23429 -2.90401e-17 10.5513 1.57691 0.329648 0.806374 -0.115724 -1.29193e-17 4.78644 0.715339 -0.113696 4.67838 5.43729 -1.8116e-17 4.82109 0.421791 -0.936008 -2.38241 2.31367 -2.00958e-17 4.83041 0.765062 -0.696575 -2.24576 4.52147 1.23299 -7.60731 7.53374 3.91881 0.492141 7.10666 12.9547 3.2495 -3.26872 -87.4869 31.0065 22.8967 29.2081 0.0598081 0.137039 12.0195 -11.3981 -87.5318 24.234 0.0496219 0.113701 2.60842 11.412 -1.71568 -1.23299 -7.60729 7.53365 -14.2741 0.498657 -8.21655 -12.9547 3.2495 -3.26872 87.66 39.116 -38.5095 -29.2081 0.0598081 0.137039 -9.25078 -19.4088 129.958 -24.234 0.0496218 0.113702 8.38408 -13.6482 11.382 9.23673 -4.20556 2.0327 -6.09199 -1.2612 -16.4385 -0.852353 -38.7721 -0.655187 -0.63545 2.3732 -0.0282653 -2.32622 -40.4017 -6.04875 -1.66403 0.0359998 15.2667 0.779096 -9.8844 12.4959 1.29001e-16 -7.91884e-16 9.16926e-18 -9.23673 -4.20556 2.0327 -10.1099 -9.15192 15.0287 0.852353 -38.7721 -0.655187 2.82412 10.4832 -0.0756047 2.32622 -40.4017 -6.04875 0.0617145 -5.67208 -15.4451 -0.779096 -9.8844 12.4959 -1.18319e-15 -5.40743e-16 -1.27196e-14 
8.96199 92.166 134.632 6.57967 -2.42073 -1.47368 0 5.07867 -1.15138 -1.31877 -2.45187 0.208858 0 5.61661 1.07143 -1.14248 -1.3205 0.183672 -1.02604e-17 5.98978 0.11501 -0.974215 0.0605114 0.215944 -1.10457e-17 6.50583 -0.443523 -0.830771 2.37824 0.198187 -1.97295e-17 7.60548 -1.50593 -0.579054 3.20927 0.240773 -2.53307e-17 9.49737 -0.914492 -0.229087 3.93616 0.256339 -2.90401e-17 10.5513 1.57691 0.343528 0.83858 -0.15805 -1.29193e-17 4.78644 0.715339 -0.051288 4.86617 5.20799 -1.8116e-17 4.82109 0.421791 -0.756239 -2.13597 2.21207 -2.00958e-17 4.83041 0.765062 -0.528755 -1.86512 4.649 1.23299 -7.60731 7.53374 4.48809 0.538847 7.19729 12.9547 3.2495 -3.26872 -87.6188 30.3928 22.9819 29.2081 0.0598081 0.137039 12.0334 -11.9023 -89.9604 24.234 0.0496219 0.113701 2.41444 10.6176 -1.94986 -1.23299 -7.60729 7.53365 -15.4866 0.568894 -8.52594 -12.9547 3.2495 -3.26872 87.0746 37.8516 -35.6016 -29.2081 0.0598081 0.137039 -9.17823 -19.4905 130.496 -24.234 0.0496218 0.113702 7.31706 -11.8054 9.9686 9.23673 -4.20556 2.0327 -6.09559 -1.18079 -16.1642 -0.852353 -38.7721 -0.655187 -0.632331 2.36154 -0.0281908 -2.32622 -40.4017 -6.04875 -1.85503 0.0631394 15.2852 0.779096 -9.8844 12.4959 -2.68568e-16 -8.04308e-16 2.15933e-17 -9.23673 -4.20556 2.0327 -10.088 -9.17624 15.2128 0.852353 -38.7721 -0.655187 2.85353 10.5905 -0.0791095 2.32622 -40.4017 -6.04875 -0.102464 -5.59562 -15.437 -0.779096 -9.8844 12.4959 -5.11244e-16 -5.70911e-16 -1.27465e-14 
8.93731 92.1819 134.652 6.60981 -2.49523 -1.5749 0 5.07867 -1.15138 -1.40418 -2.31602 0.268855 0 5.61661 1.07143 -1.22476 -1.24403 0.214475 -1.02604e-17 5.98978 0.11501 -1.04569 0.0593986 0.239553 -1.10457e-17 6.50583 -0.443523 -0.886599 2.24938 0.216684 -1.97295e-17 7.60548 -1.50593 -0.612286 2.982 0.263968 -2.53307e-17 9.49737 -0.914492 -0.229387 3.6301 0.300674 -2.90401e-17 10.5513 1.57691 0.345374 0.865642 -0.187213 -1.29193e-17 4.78644 0.715339 0.0169672 5.07596 5.01865 -1.8116e-17 4.82109 0.421791 -0.57597 -1.92205 2.12775 -2.00958e-17 4.83041 0.765062 -0.401559 -1.50641 4.59552 1.23299 -7.60731 7.53374 5.09447 0.604183 7.12928 12.9547 3.2495 -3.26872 -87.6688 29.6767 22.7228 29.2081 0.0598081 0.137039 12.0281 -12.3281 -92.0144 24.234 0.0496219 0.113701 2.09437 9.61882 -2.15466 -1.23299 -7.60729 7.53365 -16.5371 0.68431 -8.63645 -12.9547 3.2495 -3.26872 86.8955 36.6792 -32.9212 -29.2081 0.0598081 0.137039 -9.20182 -19.4641 130.321 -24.234 0.0496218 0.113702 6.10407 -9.8719 8.10327 9.23673 -4.20556 2.0327 -6.09517 -1.09919 -15.8843 -0.852353 -38.7721 -0.655187 -0.635244 2.37243 -0.0282604 -2.32622 -40.4017 -6.04875 -2.03926 0.0956436 15.3038 0.779096 -9.8844 12.4959 2.14111e-16 -7.89224e-16 6.50957e-18 -9.23673 -4.20556 2.0327 -10.0629 -9.18267 15.3572 0.852353 -38.7721 -0.655187 2.87937 10.6847 -0.0822334 2.32622 -40.4017 -6.04875 -0.235392 -5.51618 -15.4321 -0.779096 -9.8844 12.4959 -4.92201e-16 -5.65591e-16 -1.27503e-14 
8.91265 92.1991 134.672 6.63597 -2.59595 -1.67512 0 5.07867 -1.15138 -1.4882 -2.11573 0.346109 0 5.61661 1.07143 -1.30633 -1.12413 0.268298 -1.02604e-17 5.98978 0.11501 -1.11588 0.0853208 0.289957 -1.10457e-17 6.50583 -0.443523 -0.943083 2.1052 0.265036 -1.97295e-17 7.60548 -1.50593 -0.63931 2.73572 0.317819 -2.53307e-17 9.49737 -0.914492 -0.211176 3.2877 0.371602 -2.90401e-17 10.5513 1.57691 0.334814 0.885731 -0.199261 -1.29193e-17 4.78644 0.715339 0.0876568 5.28119 4.85837 -1.8116e-17 4.82109 0.421791 -0.407893 -1.72751 2.05531 -2.00958e-17 4.83041 0.765062 -0.308999 -1.16162 4.35841 1.23299 -7.60731 7.53374 5.70397 0.677651 6.89231 12.9547 3.2495 -3.26872 -87.6239 28.9228 22.0965 29.2081 0.0598081 0.137039 12.0128 -12.6657 -93.6471 24.234 0.0496219 0.113701 1.69286 8.54171 -2.32656 -1.23299 -7.60729 7.53365 -17.3459 0.821404 -8.52517 -12.9547 3.2495 -3.26872 86.8658 35.5577 -30.47 -29.2081 0.0598081 0.137039 -9.32399 -19.3246 129.409 -24.234 0.0496218 0.113702 4.96564 -8.45978 6.07649 9.23673 -4.20556 2.0327 -6.09377 -0.999735 -15.6291 -0.852353 -38.7721 -0.655187 -0.641934 2.39742 -0.0284182 -2.32622 -40.4017 -6.04875 -2.19376 0.13886 15.3203 0.779096 -9.8844 12.4959 1.29005e-16 -7.91884e-16 9.16915e-18 -9.23673 -4.20556 2.0327 -10.0367 -9.14825 15.4625 0.852353 -38.7721 -0.655187 2.89784 10.7521 -0.0844933 2.32622 -40.4017 -6.04875 -0.34358 -5.43823 -15.4304 -0.779096 -9.8844 12.4959 -3.02941e-16 -5.7742e-16 -1.27562e-14 
8.88856 92.2172 134.691 6.64524 -2.71696 -1.76034 0 5.07867 -1.15138 -1.566 -1.85851 0.436042 0 5.61661 1.07143 -1.38282 -0.967525 0.341216 -1.02604e-17 5.98978 0.11501 -1.18118 0.13338 0.362772 -1.10457e-17 6.50583 -0.443523 -0.996793 1.94582 0.338945 -1.97295e-17 7.60548 -1.50593 -0.65836 2.47508 0.397317 -2.53307e-17 9.49737 -0.914492 -0.175971 2.91547 0.463411 -2.90401e-17 10.5513 1.57691 0.314354 0.900294 -0.19471 -1.29193e-17 4.78644 0.715339 0.158401 5.50095 4.71059 -1.8116e-17 4.82109 0.421791 -0.241161 -1.55632 1.98865 -2.00958e-17 4.83041 0.765062 -0.242396 -0.861581 3.98683 1.23299 -7.60731 7.53374 6.3399 0.750413 6.53528 12.9547 3.2495 -3.26872 -87.5385 28.1926 21.1474 29.2081 0.0598081 0.137039 11.9962 -12.9019 -94.7922 24.234 0.0496219 0.113701 1.27113 7.571 -2.51111 -1.23299 -7.60729 7.53365 -17.9526 0.967134 -8.23135 -12.9547 3.2495 -3.26872 86.8096 34.3172 -28.2107 -29.2081 0.0598081 0.137039 -9.54628 -19.0584 127.701 -24.234 0.0496218 0.113702 4.00559 -7.7573 4.19282 9.23673 -4.20556 2.0327 -6.08081 -0.892993 -15.4217 -0.852353 -38.7721 -0.655187 -0.655867 2.44947 -0.0287374 -2.32622 -40.4017 -6.04875 -2.30032 0.182642 15.334 0.779096 -9.8844 12.4959 6.11671e-16 -7.67631e-16 -1.50833e-17 -9.23673 -4.20556 2.0327 -9.99895 -9.07384 15.5053 0.852353 -38.7721 -0.655187 2.90907 10.793 -0.0858771 2.32622 -40.4017 -6.04875 -0.434999 -5.35307 -15.4299 -0.779096 -9.8844 12.4959 -7.85608e-16 -5.56423e-16 -1.2732e-14 
8.86722 92.2342 134.709 6.63341 -2.8292 -1.83181 0 5.07867 -1.15138 -1.6368 -1.56718 0.530066 0 5.61661 1.07143 -1.45332 -0.791933 0.423702 -1.02604e-17 5.98978 0.11501 -1.24052 0.191735 0.447308 -1.10457e-17 6.50583 -0.443523 -1.04538 1.77305 0.4269 -1.97295e-17 7.60548 -1.50593 -0.669706 2.21247 0.490625 -2.53307e-17 9.49737 -0.914492 -0.129856 2.53271 0.563228 -2.90401e-17 10.5513 1.57691 0.287179 0.910616 -0.1782 -1.29193e-17 4.78644 0.715339 0.22183 5.77794 4.59055 -1.8116e-17 4.82109 0.421791 -0.0762172 -1.41478 1.9356 -2.00958e-17 4.83041 0.765062 -0.191631 -0.668819 3.53361 1.23299 -7.60731 7.53374 7.02504 0.817817 6.1385 12.9547 3.2495 -3.26872 -87.5024 27.5216 19.9978 29.2081 0.0598081 0.137039 11.9835 -13.0479 -95.5012 24.234 0.0496219 0.113701 0.879571 6.79396 -2.70821 -1.23299 -7.60729 7.53365 -18.4024 1.10785 -7.83134 -12.9547 3.2495 -3.26872 86.7397 32.8515 -26.1436 -29.2081 0.0598081 0.137039 -9.86084 -18.6507 125.165 -24.234 0.0496218 0.113702 3.27243 -7.63098 2.75294 9.23673 -4.20556 2.0327 -6.05244 -0.803762 -15.2502 -0.852353 -38.7721 -0.655187 -0.675512 2.52285 -0.029166 -2.32622 -40.4017 -6.04875 -2.35673 0.21058 15.3448 0.779096 -9.8844 12.4959 2.33164e-16 -7.85374e-16 2.65925e-18 -9.23673 -4.20556 2.0327 -9.9483 -8.98564 15.4817 0.852353 -38.7721 -0.655187 2.91213 10.8041 -0.0862558 2.32622 -40.4017 -6.04875 -0.489719 -5.2741 -15.4316 -0.779096 -9.8844 12.4959 -4.071e-16 -5.74165e-16 -1.27497e-14 
8.84325 92.2501 134.725 6.62338 -2.92898 -1.89358 0 5.07867 -1.15138 -1.70456 -1.26058 0.62076 0 5.61661 1.07143 -1.52155 -0.610386 0.506558 -1.02604e-17 5.98978 0.11501 -1.2971 0.252359 0.533103 -1.10457e-17 6.50583 -0.443523 -1.09055 1.59191 0.517204 -1.97295e-17 7.60548 -1.50593 -0.677259 1.9579 0.586279 -2.53307e-17 9.49737 -0.914492 -0.0815435 2.15642 0.659618 -2.90401e-17 10.5513 1.57691 0.256592 0.918588 -0.155838 -1.29193e-17 4.78644 0.715339 0.264145 6.13646 4.51555 -1.8116e-17 4.82109 0.421791 0.0650322 -1.30638 1.90312 -2.00958e-17 4.83041 0.765062 -0.139453 -0.608592 3.05658 1.23299 -7.60731 7.53374 7.77581 0.881081 5.77382 12.9547 3.2495 -3.26872 -87.5554 26.9518 18.7734 29.2081 0.0598081 0.137039 11.976 -13.1254 -95.8782 24.234 0.0496219 0.113701 0.506251 6.14651 -2.87359 -1.23299 -7.60729 7.53365 -18.7267 1.23624 -7.39714 -12.9547 3.2495 -3.26872 86.7696 31.2531 -24.3071 -29.2081 0.0598081 0.137039 -10.2373 -18.1054 121.903 -24.234 0.0496218 0.113702 2.78165 -7.81801 1.95224 9.23673 -4.20556 2.0327 -6.02608 -0.729522 -15.0889 -0.852353 -38.7721 -0.655187 -0.69652 2.60132 -0.0295965 -2.32622 -40.4017 -6.04875 -2.38231 0.240151 15.3517 0.779096 -9.8844 12.4959 2.48481e-17 -7.95139e-16 1.2424e-17 -9.23673 -4.20556 2.0327 -9.90555 -8.89213 15.406 0.852353 -38.7721 -0.655187 2.90898 10.7927 -0.085866 2.32622 -40.4017 -6.04875 -0.491833 -5.22024 -15.4367 -0.779096 -9.8844 12.4959 -4.92196e-16 -5.65592e-16 -1.27503e-14 
8.82323 92.2652 134.741 6.60464 -3.02984 -1.94075 0 5.07867 -1.15138 -1.75579 -0.947197 0.699664 0 5.61661 1.07143 -1.57439 -0.425089 0.581848 -1.02604e-17 5.98978 0.11501 -1.34064 0.316786 0.611825 -1.10457e-17 6.50583 -0.443523 -1.12421 1.41469 0.600768 -1.97295e-17 7.60548 -1.50593 -0.678049 1.71964 0.673635 -2.53307e-17 9.49737 -0.914492 -0.0345687 1.80136 0.743008 -2.90401e-17 10.5513 1.57691 0.22563 0.925957 -0.131813 -1.29193e-17 4.78644 0.715339 0.284023 6.55119 4.50016 -1.8116e-17 4.82109 0.421791 0.163959 -1.23878 1.89699 -2.00958e-17 4.83041 0.765062 -0.108481 -0.664305 2.58933 1.23299 -7.60731 7.53374 8.55982 0.941104 5.46694 12.9547 3.2495 -3.26872 -87.7015 26.4954 17.5386 29.2081 0.0598081 0.137039 11.9723 -13.1622 -96.0572 24.234 0.0496219 0.113701 0.143364 5.56716 -2.9205 -1.23299 -7.60729 7.53365 -18.9729 1.35294 -6.9747 -12.9547 3.2495 -3.26872 86.9068 29.8133 -22.7228 -29.2081 0.0598081 0.137039 -10.629 -17.4523 118.158 -24.234 0.0496218 0.113702 2.518 -8.08495 1.78256 9.23673 -4.20556 2.0327 -5.9932 -0.652969 -14.9343 -0.852353 -38.7721 -0.655187 -0.717256 2.67878 -0.0299931 -2.32622 -40.4017 -6.04875 -2.38986 0.266879 15.3544 0.779096 -9.8844 12.4959 -8.55387e-16 -8.31815e-16 4.91005e-17 -9.23673 -4.20556 2.0327 -9.86252 -8.78354 15.2904 0.852353 -38.7721 -0.655187 2.90165 10.766 -0.0849624 2.32622 -40.4017 -6.04875 -0.452865 -5.17447 -15.4443 -0.779096 -9.8844 12.4959 -3.02942e-16 -5.7742e-16 -1.27562e-14 
8.81491 92.2734 134.756 6.59648 -3.0945 -1.96349 0 5.07867 -1.15138 -1.79171 -0.639171 0.762515 0 5.61661 1.07143 -1.61229 -0.241663 0.643981 -1.02604e-17 5.98978 0.11501 -1.37134 0.38223 0.677909 -1.10457e-17 6.50583 -0.443523 -1.14665 1.24714 0.671731 -1.97295e-17 7.60548 -1.50593 -0.673438 1.49684 0.74684 -2.53307e-17 9.49737 -0.914492 0.00855585 1.47228 0.809203 -2.90401e-17 10.5513 1.57691 0.195762 0.933639 -0.10764 -1.29193e-17 4.78644 0.715339 0.282428 6.93056 4.53055 -1.8116e-17 4.82109 0.421791 0.212436 -1.19316 1.90997 -2.00958e-17 4.83041 0.765062 -0.0982157 -0.784743 2.16291 1.23299 -7.60731 7.53374 9.29045 1.00492 5.19864 12.9547 3.2495 -3.26872 -87.8603 26.131 16.3167 29.2081 0.0598081 0.137039 11.9704 -13.1797 -96.1427 24.234 0.0496219 0.113701 -0.183983 5.02288 -2.83146 -1.23299 -7.60729 7.53365 -19.0868 1.46377 -6.56046 -12.9547 3.2495 -3.26872 87.041 28.7707 -21.3832 -29.2081 0.0598081 0.137039 -10.9865 -16.7494 114.284 -24.234 0.0496218 0.113702 2.36513 -8.39985 2.01846 9.23673 -4.20556 2.0327 -5.97765 -0.609294 -14.8028 -0.852353 -38.7721 -0.655187 -0.737325 2.75374 -0.0303503 -2.32622 -40.4017 -6.04875 -2.37315 0.274287 15.3514 0.779096 -9.8844 12.4959 5.78622e-18 -7.98989e-16 1.62747e-17 -9.23673 -4.20556 2.0327 -9.84219 -8.705 15.1508 0.852353 -38.7721 -0.655187 2.89688 10.7486 -0.0843746 2.32622 -40.4017 -6.04875 -0.397346 -5.16967 -15.4554 -0.779096 -9.8844 12.4959 -4.92196e-16 -5.65592e-16 -1.27503e-14 
8.82383 92.2705 134.769 6.5981 -3.09972 -1.92971 0 5.07867 -1.15138 -1.81266 -0.357217 0.808914 0 5.61661 1.07143 -1.63545 -0.0726501 0.691889 -1.02604e-17 5.98978 0.11501 -1.3893 0.44252 0.730438 -1.10457e-17 6.50583 -0.443523 -1.15847 1.09513 0.729307 -1.97295e-17 7.60548 -1.50593 -0.664335 1.29331 0.805595 -2.53307e-17 9.49737 -0.914492 0.046981 1.1786 0.859067 -2.90401e-17 10.5513 1.57691 0.167881 0.941502 -0.0835137 -1.29193e-17 4.78644 0.715339 0.26254 7.20503 4.55607 -1.8116e-17 4.82109 0.421791 0.230413 -1.15291 1.91904 -2.00958e-17 4.83041 0.765062 -0.0918586 -0.908043 1.81849 1.23299 -7.60731 7.53374 9.88537 1.06876 4.94359 12.9547 3.2495 -3.26872 -87.953 25.8425 15.0902 29.2081 0.0598081 0.137039 11.9707 -13.1775 -96.132 24.234 0.0496219 0.113701 -0.44776 4.56002 -2.64916 -1.23299 -7.60729 7.53365 -18.9783 1.56456 -6.1365 -12.9547 3.2495 -3.26872 87.0192 28.0749 -20.2196 -29.2081 0.0598081 0.137039 -11.2791 -16.0598 110.612 -24.234 0.0496218 0.113702 2.22715 -8.65188 2.37953 9.23673 -4.20556 2.0327 -5.9815 -0.618923 -14.7263 -0.852353 -38.7721 -0.655187 -0.755819 2.82281 -0.0306562 -2.32622 -40.4017 -6.04875 -2.34174 0.238825 15.3449 0.779096 -9.8844 12.4959 1.29006e-16 -7.91884e-16 9.16911e-18 -9.23673 -4.20556 2.0327 -9.85022 -8.67774 14.9733 0.852353 -38.7721 -0.655187 2.89832 10.7538 -0.0845519 2.32622 -40.4017 -6.04875 -0.354337 -5.21745 -15.4687 -0.779096 -9.8844 12.4959 -5.96354e-16 -5.59082e-16 -1.27471e-14 
8.85068 92.2574 134.782 6.61206 -3.04708 -1.83937 0 5.07867 -1.15138 -1.81922 -0.115872 0.841271 0 5.61661 1.07143 -1.64527 0.0725167 0.727077 -1.02604e-17 5.98978 0.11501 -1.39636 0.493158 0.770678 -1.10457e-17 6.50583 -0.443523 -1.16236 0.962156 0.774598 -1.97295e-17 7.60548 -1.50593 -0.653717 1.11434 0.851692 -2.53307e-17 9.49737 -0.914492 0.0778015 0.926463 0.895559 -2.90401e-17 10.5513 1.57691 0.142623 0.949379 -0.0604986 -1.29193e-17 4.78644 0.715339 0.227292 7.36317 4.55361 -1.8116e-17 4.82109 0.421791 0.224932 -1.11982 1.91396 -2.00958e-17 4.83041 0.765062 -0.0789461 -1.00822 1.56587 1.23299 -7.60731 7.53374 10.3075 1.12451 4.69357 12.9547 3.2495 -3.26872 -87.9135 25.6095 13.858 29.2081 0.0598081 0.137039 11.9753 -13.1332 -95.9162 24.234 0.0496219 0.113701 -0.641146 4.19531 -2.50798 -1.23299 -7.60729 7.53365 -18.638 1.64726 -5.70778 -12.9547 3.2495 -3.26872 86.7821 27.5841 -19.1462 -29.2081 0.0598081 0.137039 -11.5035 -15.4201 107.295 -24.234 0.0496218 0.113702 2.07058 -8.63733 2.74153 9.23673 -4.20556 2.0327 -6.00889 -0.68529 -14.7264 -0.852353 -38.7721 -0.655187 -0.774345 2.89201 -0.0309403 -2.32622 -40.4017 -6.04875 -2.29811 0.16627 15.3365 0.779096 -9.8844 12.4959 2.48481e-17 -7.95139e-16 1.2424e-17 -9.23673 -4.20556 2.0327 -9.88775 -8.70927 14.7469 0.852353 -38.7721 -0.655187 2.90997 10.7963 -0.0859893 2.32622 -40.4017 -6.04875 -0.362683 -5.30385 -15.4809 -0.779096 -9.8844 12.4959 -8.89766e-16 -5.49913e-16 -1.27287e-14 
8.8944 92.2365 134.796 6.65195 -2.92855 -1.67579 0 5.07867 -1.15138 -1.8178 0.083265 0.859442 0 5.61661 1.07143 -1.64755 0.191391 0.748195 -1.02604e-17 5.98978 0.11501 -1.39711 0.530638 0.797007 -1.10457e-17 6.50583 -0.443523 -1.16168 0.842392 0.805869 -1.97295e-17 7.60548 -1.50593 -0.6438 0.955254 0.883792 -2.53307e-17 9.49737 -0.914492 0.100123 0.708434 0.918102 -2.90401e-17 10.5513 1.57691 0.120249 0.957249 -0.0388191 -1.29193e-17 4.78644 0.715339 0.184285 7.4113 4.52849 -1.8116e-17 4.82109 0.421791 0.20374 -1.09069 1.89799 -2.00958e-17 4.83041 0.765062 -0.0739102 -1.079 1.3797 1.23299 -7.60731 7.53374 10.5417 1.17344 4.44605 12.9547 3.2495 -3.26872 -87.7258 25.4055 12.6475 29.2081 0.0598081 0.137039 11.9839 -13.0445 -95.4848 24.234 0.0496219 0.113701 -0.770885 3.84966 -2.46386 -1.23299 -7.60729 7.53365 -18.1094 1.71373 -5.27929 -12.9547 3.2495 -3.26872 86.3541 27.1626 -18.1545 -29.2081 0.0598081 0.137039 -11.6709 -14.838 104.339 -24.234 0.0496218 0.113702 1.92355 -8.37561 3.12276 9.23673 -4.20556 2.0327 -6.07363 -0.832166 -14.8135 -0.852353 -38.7721 -0.655187 -0.799377 2.9855 -0.0312885 -2.32622 -40.4017 -6.04875 -2.25647 0.0680951 15.3288 0.779096 -9.8844 12.4959 6.11671e-16 -7.67631e-16 -1.50833e-17 -9.23673 -4.20556 2.0327 -9.9731 -8.79988 14.4419 0.852353 -38.7721 -0.655187 2.93009 10.8696 -0.0884905 2.32622 -40.4017 -6.04875 -0.417748 -5.43345 -15.4929 -0.779096 -9.8844 12.4959 -9.93923e-16 -5.46658e-16 -1.27222e-14 
8.94635 92.216 134.814 6.72625 -2.76744 -1.44009 0 5.07867 -1.15138 -1.81334 0.243636 0.867227 0 5.61661 1.07143 -1.64665 0.286486 0.758444 -1.02604e-17 5.98978 0.11501 -1.39475 0.557909 0.812587 -1.10457e-17 6.50583 -0.443523 -1.15865 0.737983 0.826393 -1.97295e-17 7.60548 -1.50593 -0.634838 0.819277 0.905474 -2.53307e-17 9.49737 -0.914492 0.116336 0.527002 0.930177 -2.90401e-17 10.5513 1.57691 0.100324 0.964231 -0.0178246 -1.29193e-17 4.78644 0.715339 0.13752 7.3581 4.48565 -1.8116e-17 4.82109 0.421791 0.177283 -1.06479 1.87426 -2.00958e-17 4.83041 0.765062 -0.084025 -1.10634 1.2339 1.23299 -7.60731 7.53374 10.6069 1.21513 4.20435 12.9547 3.2495 -3.26872 -87.4092 25.2355 11.4727 29.2081 0.0598081 0.137039 11.9946 -12.923 -94.8943 24.234 0.0496219 0.113701 -0.856844 3.48506 -2.47908 -1.23299 -7.60729 7.53365 -17.4095 1.76547 -4.84699 -12.9547 3.2495 -3.26872 85.7641 26.7555 -17.2446 -29.2081 0.0598081 0.137039 -11.7935 -14.3129 101.712 -24.234 0.0496218 0.113702 1.78446 -7.95746 3.50985 9.23673 -4.20556 2.0327 -6.17988 -1.03032 -14.976 -0.852353 -38.7721 -0.655187 -0.826319 3.08611 -0.0316176 -2.32622 -40.4017 -6.04875 -2.23429 -0.0113368 15.3234 0.779096 -9.8844 12.4959 2.33164e-16 -7.85374e-16 2.65925e-18 -9.23673 -4.20556 2.0327 -10.112 -8.91586 14.071 0.852353 -38.7721 -0.655187 2.9526 10.9515 -0.0913202 2.32622 -40.4017 -6.04875 -0.494166 -5.58594 -15.505 -0.779096 -9.8844 12.4959 -7.00512e-16 -5.55827e-16 -1.27406e-14 
8.99244 92.2044 134.836 6.83572 -2.59753 -1.17822 0 5.07867 -1.15138 -1.80686 0.362017 0.871817 0 5.61661 1.07143 -1.64428 0.35683 0.765194 -1.02604e-17 5.98978 0.11501 -1.39104 0.578958 0.824677 -1.10457e-17 6.50583 -0.443523 -1.15512 0.660519 0.843434 -1.97295e-17 7.60548 -1.50593 -0.627135 0.721091 0.924259 -2.53307e-17 9.49737 -0.914492 0.128898 0.398162 0.939266 -2.90401e-17 10.5513 1.57691 0.0824698 0.967866 0.00232606 -1.29193e-17 4.78644 0.715339 0.0874239 7.22823 4.42959 -1.8116e-17 4.82109 0.421791 0.152142 -1.04828 1.84515 -2.00958e-17 4.83041 0.765062 -0.114894 -1.10068 1.11698 1.23299 -7.60731 7.53374 10.5382 1.24107 3.97232 12.9547 3.2495 -3.26872 -86.9898 25.0902 10.3252 29.2081 0.0598081 0.137039 12.0057 -12.7771 -94.1864 24.234 0.0496219 0.113701 -0.904138 3.15131 -2.52536 -1.23299 -7.60729 7.53365 -16.5581 1.79763 -4.4169 -12.9547 3.2495 -3.26872 85.0521 26.3552 -16.3864 -29.2081 0.0598081 0.137039 -11.8813 -13.842 99.3837 -24.234 0.0496218 0.113702 1.66171 -7.44845 3.86471 9.23673 -4.20556 2.0327 -6.31858 -1.23813 -15.1693 -0.852353 -38.7721 -0.655187 -0.850367 3.17591 -0.0318714 -2.32622 -40.4017 -6.04875 -2.24851 -0.031588 15.3216 0.779096 -9.8844 12.4959 6.11671e-16 -7.67631e-16 -1.50833e-17 -9.23673 -4.20556 2.0327 -10.2888 -9.02804 13.6919 0.852353 -38.7721 -0.655187 2.97247 11.0239 -0.0938443 2.32622 -40.4017 -6.04875 -0.580753 -5.7263 -15.5159 -0.779096 -9.8844 12.4959 -1.18318e-15 -5.40744e-16 -1.27196e-14 
9.02188 92.2034 134.859 6.95711 -2.41138 -0.940059 0 5.07867 -1.15138 -1.79383 0.428088 0.877925 0 5.61661 1.07143 -1.63725 0.395524 0.774125 -1.02604e-17 5.98978 0.11501 -1.38404 0.591552 0.838851 -1.10457e-17 6.50583 -0.443523 -1.15037 0.615822 0.862507 -1.97295e-17 7.60548 -1.50593 -0.620075 0.670462 0.945455 -2.53307e-17 9.49737 -0.914492 0.139175 0.333008 0.95091 -2.90401e-17 10.5513 1.57691 0.0666433 0.965765 0.0213164 -1.29193e-17 4.78644 0.715339 0.0345312 7.03524 4.37095 -1.8116e-17 4.82109 0.421791 0.128184 -1.04939 1.81561 -2.00958e-17 4.83041 0.765062 -0.173182 -1.08625 1.02683 1.23299 -7.60731 7.53374 10.365 1.24521 3.75459 12.9547 3.2495 -3.26872 -86.4995 24.9612 9.21114 29.2081 0.0598081 0.137039 12.0156 -12.618 -93.4162 24.234 0.0496219 0.113701 -0.907465 2.99273 -2.59478 -1.23299 -7.60729 7.53365 -15.5809 1.80644 -4.0001 -12.9547 3.2495 -3.26872 84.2513 25.9554 -15.5481 -29.2081 0.0598081 0.137039 -11.9423 -13.4236 97.3325 -24.234 0.0496218 0.113702 1.5513 -6.85993 4.17414 9.23673 -4.20556 2.0327 -6.45784 -1.45849 -15.3364 -0.852353 -38.7721 -0.655187 -0.870249 3.25015 -0.0320527 -2.32622 -40.4017 -6.04875 -2.2895 -0.0028849 15.323 0.779096 -9.8844 12.4959 -3.53659e-16 -8.12881e-16 3.01666e-17 -9.23673 -4.20556 2.0327 -10.4622 -9.16031 13.3687 0.852353 -38.7721 -0.655187 2.9898 11.0869 -0.0960662 2.32622 -40.4017 -6.04875 -0.673497 -5.83131 -15.5249 -0.779096 -9.8844 12.4959 -5.11258e-16 -5.7091e-16 -1.27465e-14 
9.03079 92.2195 134.882 7.05964 -2.25641 -0.700315 0 5.07867 -1.15138 -1.77203 0.45169 0.885595 0 5.61661 1.07143 -1.6232 0.410136 0.785595 -1.02604e-17 5.98978 0.11501 -1.37206 0.601365 0.855183 -1.10457e-17 6.50583 -0.443523 -1.14314 0.605525 0.883537 -1.97295e-17 7.60548 -1.50593 -0.613139 0.666812 0.968803 -2.53307e-17 9.49737 -0.914492 0.147215 0.329729 0.965356 -2.90401e-17 10.5513 1.57691 0.0527528 0.958474 0.0392268 -1.29193e-17 4.78644 0.715339 -0.0202062 6.79132 4.29288 -1.8116e-17 4.82109 0.421791 0.100464 -1.06692 1.77795 -2.00958e-17 4.83041 0.765062 -0.225428 -1.04521 0.96244 1.23299 -7.60731 7.53374 10.1033 1.22809 3.54734 12.9547 3.2495 -3.26872 -85.9689 24.8486 8.13887 29.2081 0.0598081 0.137039 12.0238 -12.4506 -92.6062 24.234 0.0496219 0.113701 -0.88912 3.06293 -2.64897 -1.23299 -7.60729 7.53365 -14.5081 1.79015 -3.5943 -12.9547 3.2495 -3.26872 83.3915 25.524 -14.7215 -29.2081 0.0598081 0.137039 -11.9828 -13.0565 95.5428 -24.234 0.0496218 0.113702 1.42072 -6.16909 4.41501 9.23673 -4.20556 2.0327 -6.56766 -1.64412 -15.486 -0.852353 -38.7721 -0.655187 -0.885217 3.30603 -0.0321721 -2.32622 -40.4017 -6.04875 -2.35355 0.0928746 15.3281 0.779096 -9.8844 12.4959 1.09944e-16 -7.95734e-16 1.30197e-17 -9.23673 -4.20556 2.0327 -10.6008 -9.26473 13.0829 0.852353 -38.7721 -0.655187 3.00529 11.1432 -0.0980681 2.32622 -40.4017 -6.04875 -0.765482 -5.85073 -15.5299 -0.779096 -9.8844 12.4959 -7.85608e-16 -5.56423e-16 -1.2732e-14 
9.01217 92.2494 134.91 7.13892 -2.1169 -0.46154 0 5.07867 -1.15138 -1.74192 0.433982 0.895096 0 5.61661 1.07143 -1.60223 0.400619 0.799466 -1.02604e-17 5.98978 0.11501 -1.35505 0.606239 0.873358 -1.10457e-17 6.50583 -0.443523 -1.13297 0.624017 0.906 -1.97295e-17 7.60548 -1.50593 -0.605708 0.704515 0.993656 -2.53307e-17 9.49737 -0.914492 0.153781 0.380434 0.981783 -2.90401e-17 10.5513 1.57691 0.0410736 0.946788 0.0553589 -1.29193e-17 4.78644 0.715339 -0.074817 6.52252 4.20809 -1.8116e-17 4.82109 0.421791 0.071311 -1.09413 1.73786 -2.00958e-17 4.83041 0.765062 -0.273341 -0.992359 0.907586 1.23299 -7.60731 7.53374 9.78837 1.19454 3.36161 12.9547 3.2495 -3.26872 -85.4323 24.7553 7.14834 29.2081 0.0598081 0.137039 12.0296 -12.2776 -91.7704 24.234 0.0496219 0.113701 -0.855284 3.21924 -2.71171 -1.23299 -7.60729 7.53365 -13.3847 1.7502 -3.21071 -12.9547 3.2495 -3.26872 82.5251 25.0385 -13.8919 -29.2081 0.0598081 0.137039 -12.0086 -12.7348 93.9815 -24.234 0.0496218 0.113702 1.26707 -5.37855 4.59556 9.23673 -4.20556 2.0327 -6.63743 -1.8085 -15.6407 -0.852353 -38.7721 -0.655187 -0.897417 3.35158 -0.0322587 -2.32622 -40.4017 -6.04875 -2.43767 0.231282 15.3369 0.779096 -9.8844 12.4959 -1.64399e-16 -8.01053e-16 1.8338e-17 -9.23673 -4.20556 2.0327 -10.6959 -9.34477 12.8376 0.852353 -38.7721 -0.655187 3.01585 11.1816 -0.0994423 2.32622 -40.4017 -6.04875 -0.84715 -5.80722 -15.5315 -0.779096 -9.8844 12.4959 -4.07107e-16 -5.74165e-16 -1.27497e-14 
8.95829 92.2859 134.949 7.1861 -1.9682 -0.251795 0 5.07867 -1.15138 -1.70691 0.373308 0.905442 0 5.61661 1.07143 -1.57679 0.363528 0.81421 -1.02604e-17 5.98978 0.11501 -1.3344 0.600109 0.891811 -1.10457e-17 6.50583 -0.443523 -1.11988 0.661404 0.928226 -1.97295e-17 7.60548 -1.50593 -0.596793 0.773342 1.01804 -2.53307e-17 9.49737 -0.914492 0.160634 0.472295 0.997953 -2.90401e-17 10.5513 1.57691 0.0316042 0.931208 0.0693692 -1.29193e-17 4.78644 0.715339 -0.123222 6.23763 4.12939 -1.8116e-17 4.82109 0.421791 0.0520372 -1.11776 1.70136 -2.00958e-17 4.83041 0.765062 -0.31456 -0.931348 0.870416 1.23299 -7.60731 7.53374 9.43274 1.14981 3.19297 12.9547 3.2495 -3.26872 -84.8888 24.6829 6.26537 29.2081 0.0598081 0.137039 12.0328 -12.1103 -90.9632 24.234 0.0496219 0.113701 -0.804718 3.32802 -2.77392 -1.23299 -7.60729 7.53365 -12.2603 1.69383 -2.85274 -12.9547 3.2495 -3.26872 81.7019 24.5195 -13.0606 -29.2081 0.0598081 0.137039 -12.0239 -12.4506 92.6062 -24.234 0.0496218 0.113702 1.11975 -4.53202 4.73622 9.23673 -4.20556 2.0327 -6.65431 -1.97683 -15.7682 -0.852353 -38.7721 -0.655187 -0.911037 3.40243 -0.0323438 -2.32622 -40.4017 -6.04875 -2.51331 0.368675 15.3479 0.779096 -9.8844 12.4959 -7.93145e-17 -7.98394e-16 1.56791e-17 -9.23673 -4.20556 2.0327 -10.7315 -9.42747 12.6426 0.852353 -38.7721 -0.655187 3.02248 11.2057 -0.100309 2.32622 -40.4017 -6.04875 -0.916151 -5.735 -15.5296 -0.779096 -9.8844 12.4959 -1.07901e-15 -5.47254e-16 -1.27228e-14 
8.86748 92.3266 135.002 7.22724 -1.80344 -0.074943 0 5.07867 -1.15138 -1.67423 0.277544 0.915843 0 5.61661 1.07143 -1.55307 0.302943 0.828057 -1.02604e-17 5.98978 0.11501 -1.31477 0.582622 0.908833 -1.10457e-17 6.50583 -0.443523 -1.10698 0.709967 0.948479 -1.97295e-17 7.60548 -1.50593 -0.587855 0.862522 1.04045 -2.53307e-17 9.49737 -0.914492 0.167746 0.591338 1.01241 -2.90401e-17 10.5513 1.57691 0.0239234 0.912937 0.0815722 -1.29193e-17 4.78644 0.715339 -0.163325 5.92729 4.05821 -1.8116e-17 4.82109 0.421791 0.0411956 -1.12485 1.66888 -2.00958e-17 4.83041 0.765062 -0.334274 -0.836296 0.847477 1.23299 -7.60731 7.53374 9.04185 1.1026 3.03126 12.9547 3.2495 -3.26872 -84.3165 24.6386 5.49467 29.2081 0.0598081 0.137039 12.0336 -11.9548 -90.2134 24.234 0.0496219 0.113701 -0.748236 3.31818 -2.81586 -1.23299 -7.60729 7.53365 -11.1574 1.63118 -2.51238 -12.9547 3.2495 -3.26872 80.9323 24.0196 -12.2463 -29.2081 0.0598081 0.137039 -12.0315 -12.1991 91.3918 -24.234 0.0496218 0.113702 0.985921 -3.75292 4.85241 9.23673 -4.20556 2.0327 -6.6438 -2.15536 -15.8536 -0.852353 -38.7721 -0.655187 -0.92519 3.45527 -0.0324195 -2.32622 -40.4017 -6.04875 -2.58522 0.512857 15.3611 0.779096 -9.8844 12.4959 3.18255e-16 -7.8597e-16 3.25508e-18 -9.23673 -4.20556 2.0327 -10.7342 -9.51581 12.4853 0.852353 -38.7721 -0.655187 3.02385 11.2107 -0.100488 2.32622 -40.4017 -6.04875 -0.974857 -5.66298 -15.5255 -0.779096 -9.8844 12.4959 -1.09809e-15 -5.43403e-16 -1.2719e-14 
8.73885 92.3747 135.067 7.25552 -1.659 0.0514763 0 5.07867 -1.15138 -1.6394 0.156203 0.927969 0 5.61661 1.07143 -1.52707 0.22652 0.843244 -1.02604e-17 5.98978 0.11501 -1.29304 0.560206 0.926821 -1.10457e-17 6.50583 -0.443523 -1.09211 0.773384 0.96927 -1.97295e-17 7.60548 -1.50593 -0.577163 0.973585 1.06303 -2.53307e-17 9.49737 -0.914492 0.176719 0.73838 1.02704 -2.90401e-17 10.5513 1.57691 0.0179124 0.89212 0.0922316 -1.29193e-17 4.78644 0.715339 -0.194136 5.60071 3.99911 -1.8116e-17 4.82109 0.421791 0.0436479 -1.12006 1.64293 -2.00958e-17 4.83041 0.765062 -0.342436 -0.6994 0.835165 1.23299 -7.60731 7.53374 8.62504 1.05109 2.87776 12.9547 3.2495 -3.26872 -83.7318 24.6051 4.82239 29.2081 0.0598081 0.137039 12.0325 -11.8058 -89.4956 24.234 0.0496219 0.113701 -0.689676 3.20924 -2.82409 -1.23299 -7.60729 7.53365 -10.0881 1.56266 -2.19498 -12.9547 3.2495 -3.26872 80.1969 23.5623 -11.4406 -29.2081 0.0598081 0.137039 -12.0337 -11.9742 90.3069 -24.234 0.0496218 0.113702 0.867484 -3.03376 4.94148 9.23673 -4.20556 2.0327 -6.59515 -2.30744 -15.8939 -0.852353 -38.7721 -0.655187 -0.938934 3.50657 -0.0324804 -2.32622 -40.4017 -6.04875 -2.66538 0.672918 15.3779 0.779096 -9.8844 12.4959 -4.57803e-16 -8.1939e-16 3.66758e-17 -9.23673 -4.20556 2.0327 -10.6906 -9.57345 12.377 0.852353 -38.7721 -0.655187 3.01609 11.1825 -0.0994739 2.32622 -40.4017 -6.04875 -1.03288 -5.5653 -15.5175 -0.779096 -9.8844 12.4959 -4.0711e-16 -5.74165e-16 -1.27497e-14 
8.81581 92.3503 134.905 7.25669 -1.54635 0.125821 0 5.07867 -1.15138 -1.54866 0.178764 0.921116 0 5.61661 1.07143 -1.44969 0.250716 0.846496 -1.02604e-17 5.98978 0.11501 -1.23129 0.584708 0.933871 -1.10457e-17 6.50583 -0.443523 -1.04719 0.793679 0.979488 -1.97295e-17 7.60548 -1.50593 -0.550205 0.992949 1.06956 -2.53307e-17 9.49737 -0.914492 0.185429 0.763107 1.0238 -2.90401e-17 10.5513 1.57691 0.013588 0.885432 0.104238 -1.29193e-17 4.78644 0.715339 -0.212358 5.27261 3.98728 -1.8116e-17 4.82109 0.421791 0.00985537 -1.09292 1.63783 -2.00958e-17 4.83041 0.765062 -0.495759 -0.535937 0.814594 1.23299 -7.60731 7.53374 8.23224 1.07065 2.72154 12.9547 3.2495 -3.26872 -83.3746 24.5773 4.19989 29.2081 0.0598081 0.137039 12.0297 -11.6671 -88.827 24.234 0.0496219 0.113701 -0.540744 3.10205 -2.77879 -1.23299 -7.60729 7.53365 -9.26076 1.54828 -1.91442 -12.9547 3.2495 -3.26872 79.3583 23.0855 -10.5688 -29.2081 0.0598081 0.137039 -12.032 -11.7718 89.3313 -24.234 0.0496218 0.113702 0.861197 -2.4058 5.09011 9.23673 -4.20556 2.0327 -6.63487 -2.66674 -15.9272 -0.852353 -38.7721 -0.655187 -1.01009 3.77215 -0.0325988 -2.32622 -40.4017 -6.04875 -2.70973 0.561149 15.3826 0.779096 -9.8844 12.4959 -7.70291e-16 -8.32411e-16 4.96962e-17 -9.23673 -4.20556 2.0327 -10.7467 -9.95918 12.2944 0.852353 -38.7721 -0.655187 3.10351 11.5 -0.111121 2.32622 -40.4017 -6.04875 -1.11965 -5.52251 -15.5165 -0.779096 -9.8844 12.4959 -4.92191e-16 -5.65592e-16 -1.27503e-14 
8.81842 92.3425 134.858 7.24586 -1.44386 0.173273 0 5.07867 -1.15138 -1.45998 0.168707 0.919152 0 5.61661 1.07143 -1.37356 0.249408 0.853421 -1.02604e-17 5.98978 0.11501 -1.17067 0.591188 0.943966 -1.10457e-17 6.50583 -0.443523 -1.00339 0.808005 0.992037 -1.97295e-17 7.60548 -1.50593 -0.523906 1.01706 1.07863 -2.53307e-17 9.49737 -0.914492 0.195175 0.797074 1.02502 -2.90401e-17 10.5513 1.57691 0.00976252 0.878843 0.114092 -1.29193e-17 4.78644 0.715339 -0.229766 5.0219 3.98206 -1.8116e-17 4.82109 0.421791 -0.0482868 -1.01263 1.63589 -2.00958e-17 4.83041 0.765062 -0.585887 -0.413315 0.762006 1.23299 -7.60731 7.53374 7.87359 1.08509 2.59002 12.9547 3.2495 -3.26872 -83.0889 24.4499 3.76905 29.2081 0.0598081 0.137039 12.0247 -11.5164 -88.1015 24.234 0.0496219 0.113701 -0.496685 3.10812 -2.88032 -1.23299 -7.60729 7.53365 -8.5256 1.53685 -1.687 -12.9547 3.2495 -3.26872 78.6728 22.7958 -9.82476 -29.2081 0.0598081 0.137039 -12.0279 -11.603 88.5184 -24.234 0.0496218 0.113702 0.702817 -1.76523 5.18346 9.23673 -4.20556 2.0327 -6.62108 -2.91999 -15.9435 -0.852353 -38.7721 -0.655187 -1.07136 4.00079 -0.0324359 -2.32622 -40.4017 -6.04875 -2.7059 0.4812 15.386 0.779096 -9.8844 12.4959 -1.83477e-16 -8.04904e-16 2.21893e-17 -9.23673 -4.20556 2.0327 -10.7328 -10.1878 12.2078 0.852353 -38.7721 -0.655187 3.15523 11.6876 -0.118239 2.32622 -40.4017 -6.04875 -1.22083 -5.50285 -15.518 -0.779096 -9.8844 12.4959 -3.02947e-16 -5.7742e-16 -1.27562e-14 
8.7619 92.3511 134.884 7.23592 -1.34857 0.191852 0 5.07867 -1.15138 -1.3884 0.104239 0.920222 0 5.61661 1.07143 -1.31288 0.211178 0.862171 -1.02604e-17 5.98978 0.11501 -1.12222 0.582108 0.954818 -1.10457e-17 6.50583 -0.443523 -0.968325 0.845075 1.00491 -1.97295e-17 7.60548 -1.50593 -0.502561 1.08193 1.08903 -2.53307e-17 9.49737 -0.914492 0.204014 0.88327 1.02873 -2.90401e-17 10.5513 1.57691 0.00766906 0.866777 0.121498 -1.29193e-17 4.78644 0.715339 -0.238435 4.76892 3.91812 -1.8116e-17 4.82109 0.421791 -0.0622013 -0.978566 1.60785 -2.00958e-17 4.83041 0.765062 -0.651537 -0.243465 0.795061 1.23299 -7.60731 7.53374 7.51728 1.07236 2.48828 12.9547 3.2495 -3.26872 -82.7919 24.3935 3.43884 29.2081 0.0598081 0.137039 12.0192 -11.3908 -87.4965 24.234 0.0496219 0.113701 -0.43261 3.20057 -2.91884 -1.23299 -7.60729 7.53365 -7.85661 1.50242 -1.50535 -12.9547 3.2495 -3.26872 78.136 22.4509 -9.23303 -29.2081 0.0598081 0.137039 -12.0234 -11.4808 87.9295 -24.234 0.0496218 0.113702 0.632535 -1.11228 5.28768 9.23673 -4.20556 2.0327 -6.57322 -3.07703 -15.9123 -0.852353 -38.7721 -0.655187 -1.10902 4.14126 -0.0322142 -2.32622 -40.4017 -6.04875 -2.70105 0.458726 15.392 0.779096 -9.8844 12.4959 -5.61966e-16 -8.22646e-16 3.99309e-17 -9.23673 -4.20556 2.0327 -10.6754 -10.3441 12.1982 0.852353 -38.7721 -0.655187 3.19294 11.8242 -0.123537 2.32622 -40.4017 -6.04875 -1.31222 -5.4722 -15.5141 -0.779096 -9.8844 12.4959 -7.85598e-16 -5.56423e-16 -1.2732e-14 
8.69909 92.3622 134.913 7.2312 -1.27842 0.172889 0 5.07867 -1.15138 -1.32751 0.0776245 0.920539 0 5.61661 1.07143 -1.26049 0.198329 0.868328 -1.02604e-17 5.98978 0.11501 -1.0796 0.584039 0.962781 -1.10457e-17 6.50583 -0.443523 -0.936386 0.868475 1.01448 -1.97295e-17 7.60548 -1.50593 -0.481839 1.11899 1.09626 -2.53307e-17 9.49737 -0.914492 0.214235 0.934441 1.02886 -2.90401e-17 10.5513 1.57691 0.00585259 0.858636 0.128566 -1.29193e-17 4.78644 0.715339 -0.242473 4.51506 3.88389 -1.8116e-17 4.82109 0.421791 -0.0696557 -0.919308 1.59354 -2.00958e-17 4.83041 0.765062 -0.714691 -0.0628952 0.804636 1.23299 -7.60731 7.53374 7.18537 1.088 2.38004 12.9547 3.2495 -3.26872 -82.5123 24.3316 3.22768 29.2081 0.0598081 0.137039 12.0142 -11.2984 -87.0511 24.234 0.0496219 0.113701 -0.37012 3.24455 -2.9397 -1.23299 -7.60729 7.53365 -7.25117 1.49419 -1.33074 -12.9547 3.2495 -3.26872 77.7025 22.1715 -8.73388 -29.2081 0.0598081 0.137039 -12.0191 -11.3887 87.486 -24.234 0.0496218 0.113702 0.588181 -0.551446 5.38669 9.23673 -4.20556 2.0327 -6.51821 -3.19295 -15.831 -0.852353 -38.7721 -0.655187 -1.13972 4.25578 -0.031965 -2.32622 -40.4017 -6.04875 -2.75294 0.44343 15.4043 0.779096 -9.8844 12.4959 -4.76884e-16 -8.14073e-16 3.13582e-17 -9.23673 -4.20556 2.0327 -10.6152 -10.4709 12.2143 0.852353 -38.7721 -0.655187 3.22491 11.9399 -0.128098 2.32622 -40.4017 -6.04875 -1.36457 -5.44501 -15.5111 -0.779096 -9.8844 12.4959 -4.0711e-16 -5.74165e-16 -1.27497e-14 
8.63766 92.3738 134.947 7.23212 -1.21438 0.157356 0 5.07867 -1.15138 -1.27234 0.0424273 0.917811 0 5.61661 1.07143 -1.21253 0.181549 0.8702 -1.02604e-17 5.98978 0.11501 -1.04079 0.587808 0.96578 -1.10457e-17 6.50583 -0.443523 -0.907325 0.905577 1.01844 -1.97295e-17 7.60548 -1.50593 -0.464226 1.17205 1.09807 -2.53307e-17 9.49737 -0.914492 0.220657 1.00494 1.02537 -2.90401e-17 10.5513 1.57691 0.00386927 0.848962 0.133885 -1.29193e-17 4.78644 0.715339 -0.243738 4.28136 3.86158 -1.8116e-17 4.82109 0.421791 -0.0881804 -0.875534 1.58417 -2.00958e-17 4.83041 0.765062 -0.754341 0.112154 0.793545 1.23299 -7.60731 7.53374 6.85113 1.09533 2.26865 12.9547 3.2495 -3.26872 -82.2343 24.3129 3.03133 29.2081 0.0598081 0.137039 12.0098 -11.2263 -86.7041 24.234 0.0496219 0.113701 -0.288801 3.21976 -2.91448 -1.23299 -7.60729 7.53365 -6.72479 1.47666 -1.17025 -12.9547 3.2495 -3.26872 77.2816 22.0093 -8.24271 -29.2081 0.0598081 0.137039 -12.0149 -11.3091 87.1025 -24.234 0.0496218 0.113702 0.572488 -0.281016 5.45855 9.23673 -4.20556 2.0327 -6.47049 -3.29346 -15.7615 -0.852353 -38.7721 -0.655187 -1.16723 4.35837 -0.0316894 -2.32622 -40.4017 -6.04875 -2.8039 0.434566 15.4176 0.779096 -9.8844 12.4959 8.00906e-16 -7.61718e-16 -2.09967e-17 -9.23673 -4.20556 2.0327 -10.5614 -10.5901 12.2313 0.852353 -38.7721 -0.655187 3.25817 12.0602 -0.132911 2.32622 -40.4017 -6.04875 -1.42298 -5.41865 -15.5079 -0.779096 -9.8844 12.4959 -1.07901e-15 -5.47254e-16 -1.27228e-14 
8.57912 92.3856 134.983 7.24916 -1.16917 0.153563 0 5.07867 -1.15138 -1.22498 0.00602198 0.912424 0 5.61661 1.07143 -1.17039 0.165209 0.867799 -1.02604e-17 5.98978 0.11501 -1.00602 0.594405 0.964278 -1.10457e-17 6.50583 -0.443523 -0.880575 0.950057 1.01762 -1.97295e-17 7.60548 -1.50593 -0.447836 1.23288 1.09534 -2.53307e-17 9.49737 -0.914492 0.226359 1.08545 1.01794 -2.90401e-17 10.5513 1.57691 0.00158832 0.83956 0.138419 -1.29193e-17 4.78644 0.715339 -0.241612 4.05741 3.81596 -1.8116e-17 4.82109 0.421791 -0.102462 -0.814886 1.56435 -2.00958e-17 4.83041 0.765062 -0.78838 0.289412 0.801423 1.23299 -7.60731 7.53374 6.49049 1.09873 2.14612 12.9547 3.2495 -3.26872 -81.9167 24.2862 2.82014 29.2081 0.0598081 0.137039 12.0049 -11.1529 -86.3503 24.234 0.0496219 0.113701 -0.213665 3.16767 -2.91377 -1.23299 -7.60729 7.53365 -6.23732 1.45695 -1.01325 -12.9547 3.2495 -3.26872 76.8404 21.9525 -7.7691 -29.2081 0.0598081 0.137039 -12.0106 -11.2379 86.7599 -24.234 0.0496218 0.113702 0.545917 -0.184383 5.49303 9.23673 -4.20556 2.0327 -6.44324 -3.35516 -15.7101 -0.852353 -38.7721 -0.655187 -1.1861 4.42874 -0.0314718 -2.32622 -40.4017 -6.04875 -2.84677 0.448542 15.4291 0.779096 -9.8844 12.4959 6.30742e-16 -7.72949e-16 -9.76524e-18 -9.23673 -4.20556 2.0327 -10.5296 -10.6759 12.2435 0.852353 -38.7721 -0.655187 3.2883 12.1691 -0.137333 2.32622 -40.4017 -6.04875 -1.46976 -5.4069 -15.5052 -0.779096 -9.8844 12.4959 -1.09809e-15 -5.43403e-16 -1.2719e-14 
8.52198 92.3905 135 7.27141 -1.13091 0.152205 0 5.07867 -1.15138 -1.18128 -0.01244 0.905511 0 5.61661 1.07143 -1.13106 0.16151 0.863272 -1.02604e-17 5.98978 0.11501 -0.973226 0.607625 0.960599 -1.10457e-17 6.50583 -0.443523 -0.854825 0.991645 1.01454 -1.97295e-17 7.60548 -1.50593 -0.431692 1.28484 1.09017 -2.53307e-17 9.49737 -0.914492 0.23212 1.15293 1.00816 -2.90401e-17 10.5513 1.57691 -0.000223768 0.832567 0.142291 -1.29193e-17 4.78644 0.715339 -0.235887 3.86457 3.7569 -1.8116e-17 4.82109 0.421791 -0.103307 -0.75979 1.53866 -2.00958e-17 4.83041 0.765062 -0.830887 0.460159 0.807746 1.23299 -7.60731 7.53374 6.15238 1.10326 2.03388 12.9547 3.2495 -3.26872 -81.6183 24.2749 2.59554 29.2081 0.0598081 0.137039 11.9996 -11.0808 -86.0027 24.234 0.0496219 0.113701 -0.119653 3.20914 -2.92869 -1.23299 -7.60729 7.53365 -5.83234 1.43841 -0.881091 -12.9547 3.2495 -3.26872 76.4288 21.9359 -7.30395 -29.2081 0.0598081 0.137039 -12.0061 -11.1692 86.4287 -24.234 0.0496218 0.113702 0.528585 -0.0675852 5.53033 9.23673 -4.20556 2.0327 -6.4226 -3.42615 -15.6683 -0.852353 -38.7721 -0.655187 -1.20734 4.50793 -0.0311991 -2.32622 -40.4017 -6.04875 -2.88337 0.446168 15.4396 0.779096 -9.8844 12.4959 1.30264e-15 -7.46039e-16 -3.66758e-17 -9.23673 -4.20556 2.0327 -10.5049 -10.7796 12.2514 0.852353 -38.7721 -0.655187 3.32482 12.301 -0.142768 2.32622 -40.4017 -6.04875 -1.52957 -5.40643 -15.5018 -0.779096 -9.8844 12.4959 -1.28733e-15 -5.37489e-16 -1.27131e-14 
8.46628 92.3951 135.022 7.29852 -1.08413 0.148731 0 5.07867 -1.15138 -1.13986 -0.0313258 0.898459 0 5.61661 1.07143 -1.09348 0.156017 0.858534 -1.02604e-17 5.98978 0.11501 -0.941804 0.617303 0.956595 -1.10457e-17 6.50583 -0.443523 -0.829924 1.02712 1.01103 -1.97295e-17 7.60548 -1.50593 -0.415818 1.33043 1.08442 -2.53307e-17 9.49737 -0.914492 0.238136 1.21216 0.998296 -2.90401e-17 10.5513 1.57691 -0.00154854 0.826951 0.145494 -1.29193e-17 4.78644 0.715339 -0.22899 3.71569 3.68793 -1.8116e-17 4.82109 0.421791 -0.100707 -0.694543 1.50855 -2.00958e-17 4.83041 0.765062 -0.876501 0.601503 0.805657 1.23299 -7.60731 7.53374 5.85013 1.10626 1.93887 12.9547 3.2495 -3.26872 -81.3637 24.2838 2.40894 29.2081 0.0598081 0.137039 11.9945 -11.0165 -85.6928 24.234 0.0496219 0.113701 -0.0275839 3.33618 -2.95835 -1.23299 -7.60729 7.53365 -5.50785 1.42178 -0.776716 -12.9547 3.2495 -3.26872 76.0812 21.9526 -6.89417 -29.2081 0.0598081 0.137039 -12.0018 -11.109 86.1387 -24.234 0.0496218 0.113702 0.513126 0.133528 5.56317 9.23673 -4.20556 2.0327 -6.4067 -3.48909 -15.6253 -0.852353 -38.7721 -0.655187 -1.2229 4.56592 -0.0309807 -2.32622 -40.4017 -6.04875 -2.92211 0.445371 15.449 0.779096 -9.8844 12.4959 -1.45315e-16 -8.0637e-16 2.36555e-17 -9.23673 -4.20556 2.0327 -10.4858 -10.8736 12.2568 0.852353 -38.7721 -0.655187 3.35509 12.4102 -0.147338 2.32622 -40.4017 -6.04875 -1.5865 -5.4188 -15.4998 -0.779096 -9.8844 12.4959 -5.11272e-16 -5.7091e-16 -1.27465e-14 
8.40912 92.3988 135.049 7.3287 -1.01793 0.109657 0 5.07867 -1.15138 -1.10119 -0.0576784 0.893688 0 5.61661 1.07143 -1.05876 0.143567 0.856071 -1.02604e-17 5.98978 0.11501 -0.912949 0.620463 0.954745 -1.10457e-17 6.50583 -0.443523 -0.807218 1.05733 1.00955 -1.97295e-17 7.60548 -1.50593 -0.401153 1.37231 1.08072 -2.53307e-17 9.49737 -0.914492 0.244238 1.26672 0.990869 -2.90401e-17 10.5513 1.57691 -0.00239983 0.821363 0.147911 -1.29193e-17 4.78644 0.715339 -0.220397 3.58229 3.62804 -1.8116e-17 4.82109 0.421791 -0.0939118 -0.639087 1.48255 -2.00958e-17 4.83041 0.765062 -0.923971 0.728283 0.802302 1.23299 -7.60731 7.53374 5.58463 1.10938 1.85782 12.9547 3.2495 -3.26872 -81.1418 24.3058 2.28091 29.2081 0.0598081 0.137039 11.9903 -10.9673 -85.4557 24.234 0.0496219 0.113701 0.0566067 3.4214 -2.98808 -1.23299 -7.60729 7.53365 -5.24385 1.40728 -0.697019 -12.9547 3.2495 -3.26872 75.7932 22.0089 -6.5374 -29.2081 0.0598081 0.137039 -11.9982 -11.0623 85.9133 -24.234 0.0496218 0.113702 0.514947 0.35776 5.58507 9.23673 -4.20556 2.0327 -6.38966 -3.55428 -15.5541 -0.852353 -38.7721 -0.655187 -1.23207 4.60012 -0.0308445 -2.32622 -40.4017 -6.04875 -2.96239 0.438917 15.458 0.779096 -9.8844 12.4959 1.09919e-16 -7.95735e-16 1.30208e-17 -9.23673 -4.20556 2.0327 -10.4622 -10.9838 12.2958 0.852353 -38.7721 -0.655187 3.38118 12.5043 -0.151322 2.32622 -40.4017 -6.04875 -1.63703 -5.44315 -15.4988 -0.779096 -9.8844 12.4959 -7.85591e-16 -5.56423e-16 -1.2732e-14 
8.35402 92.4011 135.077 7.35963 -0.930246 0.0716366 0 5.07867 -1.15138 -1.0685 -0.0927017 0.88753 0 5.61661 1.07143 -1.02907 0.123275 0.851867 -1.02604e-17 5.98978 0.11501 -0.888052 0.616273 0.951037 -1.10457e-17 6.50583 -0.443523 -0.787212 1.08171 1.00604 -1.97295e-17 7.60548 -1.50593 -0.388255 1.41 1.07516 -2.53307e-17 9.49737 -0.914492 0.249316 1.31654 0.98226 -2.90401e-17 10.5513 1.57691 -0.00283704 0.81581 0.149722 -1.29193e-17 4.78644 0.715339 -0.211554 3.46202 3.57502 -1.8116e-17 4.82109 0.421791 -0.0908695 -0.59129 1.45939 -2.00958e-17 4.83041 0.765062 -0.956886 0.833534 0.803579 1.23299 -7.60731 7.53374 5.35778 1.11313 1.79185 12.9547 3.2495 -3.26872 -80.956 24.3506 2.20386 29.2081 0.0598081 0.137039 11.987 -10.929 -85.2708 24.234 0.0496219 0.113701 0.126932 3.43761 -3.00037 -1.23299 -7.60729 7.53365 -5.03309 1.39445 -0.6356 -12.9547 3.2495 -3.26872 75.5681 22.0875 -6.24801 -29.2081 0.0598081 0.137039 -11.9955 -11.0287 85.7515 -24.234 0.0496218 0.113702 0.523501 0.532932 5.6048 9.23673 -4.20556 2.0327 -6.37509 -3.63555 -15.4703 -0.852353 -38.7721 -0.655187 -1.2392 4.62667 -0.0307349 -2.32622 -40.4017 -6.04875 -3.00265 0.425604 15.4667 0.779096 -9.8844 12.4959 1.00922e-15 -7.55208e-16 -2.75064e-17 -9.23673 -4.20556 2.0327 -10.444 -11.1005 12.3291 0.852353 -38.7721 -0.655187 3.40127 12.5767 -0.15442 2.32622 -40.4017 -6.04875 -1.67047 -5.48434 -15.4988 -0.779096 -9.8844 12.4959 -7.00521e-16 -5.55827e-16 -1.27406e-14 
8.30037 92.4039 135.106 7.38396 -0.848225 0.0351993 0 5.07867 -1.15138 -1.03799 -0.136261 0.881161 0 5.61661 1.07143 -1.00114 0.0965148 0.847426 -1.02604e-17 5.98978 0.11501 -0.864679 0.607714 0.946966 -1.10457e-17 6.50583 -0.443523 -0.768497 1.10557 1.00206 -1.97295e-17 7.60548 -1.50593 -0.376445 1.44968 1.06918 -2.53307e-17 9.49737 -0.914492 0.253484 1.3692 0.973838 -2.90401e-17 10.5513 1.57691 -0.00310395 0.809979 0.150967 -1.29193e-17 4.78644 0.715339 -0.201605 3.34962 3.53973 -1.8116e-17 4.82109 0.421791 -0.0903286 -0.557468 1.44426 -2.00958e-17 4.83041 0.765062 -0.987262 0.929874 0.794608 1.23299 -7.60731 7.53374 5.15923 1.1133 1.74264 12.9547 3.2495 -3.26872 -80.8144 24.3962 2.16816 29.2081 0.0598081 0.137039 11.9839 -10.8957 -85.1104 24.234 0.0496219 0.113701 0.187815 3.44803 -2.99709 -1.23299 -7.60729 7.53365 -4.85915 1.38021 -0.592553 -12.9547 3.2495 -3.26872 75.3882 22.1807 -6.01996 -29.2081 0.0598081 0.137039 -11.9935 -11.0039 85.6322 -24.234 0.0496218 0.113702 0.545076 0.595401 5.62934 9.23673 -4.20556 2.0327 -6.35598 -3.7086 -15.4009 -0.852353 -38.7721 -0.655187 -1.24515 4.64887 -0.0306407 -2.32622 -40.4017 -6.04875 -3.03284 0.413978 15.4743 0.779096 -9.8844 12.4959 -8.36258e-16 -8.37131e-16 5.4416e-17 -9.23673 -4.20556 2.0327 -10.4193 -11.1976 12.358 0.852353 -38.7721 -0.655187 3.41491 12.6258 -0.156537 2.32622 -40.4017 -6.04875 -1.70929 -5.51855 -15.4974 -0.779096 -9.8844 12.4959 -9.54989e-18 -5.86588e-16 -1.27654e-14 