HIERARCHY
ROOT root
{
  OFFSET 0 93.2929 0
  CHANNELS 6 Xposition Yposition Zposition Zrotation Xrotation Yrotation
  JOINT torso_1
  {
    OFFSET 0 5.07867 -1.15138
    CHANNELS 6 Xposition Yposition Zposition Zrotation Xrotation Yrotation
    JOINT torso_2
    {
      OFFSET 0 5.61661 1.07143
      CHANNELS 6 Xposition Yposition Zposition Zrotation Xrotation Yrotation
      JOINT torso_3
      {
        OFFSET -1.02604e-17 5.98978 0.11501
        CHANNELS 6 Xposition Yposition Zposition Zrotation Xrotation Yrotation
        JOINT torso_4
        {
          OFFSET -1.10457e-17 6.50583 -0.443523
          CHANNELS 6 Xposition Yposition Zposition Zrotation Xrotation Yrotation
          JOINT torso_5
          {
            OFFSET -1.97295e-17 7.60548 -1.50593
            CHANNELS 6 Xposition Yposition Zposition Zrotation Xrotation Yrotation
            JOINT torso_6
            {
              OFFSET -2.53307e-17 9.49737 -0.914492
              CHANNELS 6 Xposition Yposition Zposition Zrotation Xrotation Yrotation
              JOINT torso_7
              {
                OFFSET -2.90401e-17 10.5513 1.57691
                CHANNELS 6 Xposition Yposition Zposition Zrotation Xrotation Yrotation
                JOINT neck_1
                {
                  OFFSET -1.29193e-17 4.78644 0.715339
                  CHANNELS 6 Xposition Yposition Zposition Zrotation Xrotation Yrotation
                  JOINT neck_2
                  {
                    OFFSET -1.8116e-17 4.82109 0.421791
                    CHANNELS 6 Xposition Yposition Zposition Zrotation Xrotation Yrotation
                    JOINT head
                    {
                      OFFSET -2.00958e-17 4.83041 0.765062
                      CHANNELS 6 Xposition Yposition Zposition Zrotation Xrotation Yrotation
                      End Site
                      {
                        OFFSET 0 0.1 0
                      }
                    }
                  }
                }
                JOINT l_shoulder
                {
                  OFFSET 1.23299 -7.60731 7.53374
                  CHANNELS 6 Xposition Yposition Zposition Zrotation Xrotation Yrotation
                  JOINT l_up_arm
                  {
                    OFFSET 12.9547 3.2495 -3.26872
                    CHANNELS 6 Xposition Yposition Zposition Zrotation Xrotation Yrotation
                    JOINT l_low_arm
                    {
                      OFFSET 29.2081 0.0598081 0.137039
                      CHANNELS 6 Xposition Yposition Zposition Zrotation Xrotation Yrotation
                      JOINT l_hand
                      {
                        OFFSET 24.234 0.0496219 0.113701
                        CHANNELS 6 Xposition Yposition Zposition Zrotation Xrotation Yrotation
                        End Site
                        {
                          OFFSET 0.1 0 0
                        }
                      }
                    }
                  }
                }
                JOINT r_shoulder
                {
                  OFFSET -1.23299 -7.60729 7.53365
                  CHANNELS 6 Xposition Yposition Zposition Zrotation Xrotation Yrotation
                  JOINT r_up_arm
                  {
                    OFFSET -12.9547 3.2495 -3.26872
                    CHANNELS 6 Xposition Yposition Zposition Zrotation Xrotation Yrotation
                    JOINT r_low_arm
                    {
                      OFFSET -29.2081 0.0598081 0.137039
                      CHANNELS 6 Xposition Yposition Zposition Zrotation Xrotation Yrotation
                      JOINT r_hand
                      {
                        OFFSET -24.234 0.0496218 0.113702
                        CHANNELS 6 Xposition Yposition Zposition Zrotation Xrotation Yrotation
                        End Site
                        {
                          OFFSET -0.1 0 0
                        }
                      }
                    }
                  }
                }
              }
            }
          }
        }
      }
    }
  }
  JOINT l_up_leg
  {
    OFFSET 9.23673 -4.20556 2.0327
    CHANNELS 6 Xposition Yposition Zposition Zrotation Xrotation Yrotation
    JOINT l_low_leg
    {
      OFFSET -0.852353 -38.7721 -0.655187
      CHANNELS 6 Xposition Yposition Zposition Zrotation Xrotation Yrotation
      JOINT l_foot
      {
        OFFSET -2.32622 -40.4017 -6.04875
        CHANNELS 6 Xposition Yposition Zposition Zrotation Xrotation Yrotation
        JOINT l_toes
        {
          OFFSET 0.779096 -9.8844 12.4959
          CHANNELS 6 Xposition Yposition Zposition Zrotation Xrotation Yrotation
          End Site
          {
            OFFSET 0 0 0.1
          }
        }
      }
    }
  }
  JOINT r_up_leg
  {
    OFFSET -9.23673 -4.20556 2.0327
    CHANNELS 6 Xposition Yposition Zposition Zrotation Xrotation Yrotation
    JOINT r_low_leg
    {
      OFFSET 0.852353 -38.7721 -0.655187
      CHANNELS 6 Xposition Yposition Zposition Zrotation Xrotation Yrotation
      JOINT r_foot
      {
        OFFSET 2.32622 -40.4017 -6.04875
        CHANNELS 6 Xposition Yposition Zposition Zrotation Xrotation Yrotation
        JOINT r_toes
        {
          OFFSET -0.779096 -9.8844 12.4959
          CHANNELS 6 Xposition Yposition Zposition Zrotation Xrotation Yrotation
          End Site
          {
            OFFSET 0 0 0.1
          }
        }
      }
    }
  }
}
MOTION
Frames: 366
Frame Time: 0.016667
0 93.2929 0 -0 0 -0 0 5.07867 -1.15138 -0 0 -0 0 5.61661 1.07143 -0 0 -0 -1.02604e-17 5.98978 0.11501 -0 0 -0 -1.10457e-17 6.50583 -0.443523 -0 0 -0 -1.97295e-17 7.60548 -1.50593 -0 0 -0 -2.53307e-17 9.49737 -0.914492 -0 0 -0 -2.90401e-17 10.5513 1.57691 -0 0 -0 -1.29193e-17 4.78644 0.715339 -0 0 -0 -1.8116e-17 4.82109 0.421791 -0 0 -0 -2.00958e-17 4.83041 0.765062 -0 0 -0 1.23299 -7.60731 7.53374 -0 0 -0 12.9547 3.2495 -3.26872 -0 0 -0 29.2081 0.0598081 0.137039 -0 0 -0 24.234 0.0496219 0.113701 -0 0 -0 -1.23299 -7.60729 7.53365 -0 0 -0 -12.9547 3.2495 -3.26872 -0 0 -0 -29.2081 0.0598081 0.137039 -0 0 -0 -24.234 0.0496218 0.113702 -0 0 -0 9.23673 -4.20556 2.0327 -0 0 -0 -0.852353 -38.7721 -0.655187 -0 0 -0 -2.32622 -40.4017 -6.04875 -0 0 -0 0.779096 -9.8844 12.4959 -0 0 -0 -9.23673 -4.20556 2.0327 -0 0 -0 0.852353 -38.7721 -0.655187 -0 0 -0 2.32622 -40.4017 -6.04875 -0 0 -0 -0.779096 -9.8844 12.4959 -0 0 -0 
9.58624 90.7085 55.8149 9.87048 -5.67401 8.47783 0 5.07867 -1.15138 -3.58277 5.20916 -0.165195 0 5.61661 1.07143 -2.68064 3.6686 -0.661022 -1.02604e-17 5.98978 0.11501 -1.93516 2.33438 -0.605987 -1.10457e-17 6.50583 -0.443523 -1.14808 -0.547948 -0.633139 -1.97295e-17 7.60548 -1.50593 -0.434896 -1.87509 -0.552611 -2.53307e-17 9.49737 -0.914492 0.189931 -3.56918 -0.921966 -2.90401e-17 10.5513 1.57691 -0.0382739 1.1962 -0.0545181 -1.29193e-17 4.78644 0.715339 0.789959 6.79793 -2.88408 -1.8116e-17 4.82109 0.421791 0.921187 -4.13811 -1.50067 -2.00958e-17 4.83041 0.765062 0.974741 -6.83595 1.15879 1.23299 -7.60731 7.53374 13.4196 5.34982 2.32659 12.9547 3.2495 -3.26872 -95.7991 31.3427 8.933 29.2081 0.0598081 0.137039 3.99346 -0.668808 -19.5997 24.234 0.0496219 0.113701 -4.49628 -22.5281 -1.69085 -1.23299 -7.60729 7.53365 -10.5029 4.68255 -1.3767 -12.9547 3.2495 -3.26872 96.9039 20.8823 -5.55863 -29.2081 0.0598081 0.137039 -3.07963 -0.38925 14.9991 -24.234 0.0496218 0.113702 3.66052 -20.6691 1.14574 9.23673 -4.20556 2.0327 -9.12149 1.18953 -19.3202 -0.852353 -38.7721 -0.655187 -1.55342 5.79655 -0.0226094 -2.32622 -40.4017 -6.04875 0.51524 -3.30043 15.213 0.779096 -9.8844 12.4959 1.51371e-17 -7.95442e-16 1.27275e-17 -9.23673 -4.20556 2.0327 -10.3066 -12.9181 10.8884 0.852353 -38.7721 -0.655187 5.06335 18.4231 -0.496902 2.32622 -40.4017 -6.04875 -3.00335 -5.76833 -15.2539 -0.779096 -9.8844 12.4959 -2.08952e-15 -5.0121e-16 -1.26768e-14 
9.58097 90.7086 55.865 9.86587 -5.708 8.45081 0 5.07867 -1.15138 -3.57899 5.25015 -0.152113 0 5.61661 1.07143 -2.68228 3.69459 -0.645947 -1.02604e-17 5.98978 0.11501 -1.94012 2.34989 -0.591278 -1.10457e-17 6.50583 -0.443523 -1.15593 -0.552803 -0.618395 -1.97295e-17 7.60548 -1.50593 -0.442038 -1.88929 -0.536817 -2.53307e-17 9.49737 -0.914492 0.186883 -3.59013 -0.903016 -2.90401e-17 10.5513 1.57691 -0.0385042 1.19976 -0.0561412 -1.29193e-17 4.78644 0.715339 0.79778 6.87686 -2.9356 -1.8116e-17 4.82109 0.421791 0.933155 -4.12465 -1.52216 -2.00958e-17 4.83041 0.765062 0.940328 -6.87636 1.12215 1.23299 -7.60731 7.53374 13.3747 5.33995 2.3107 12.9547 3.2495 -3.26872 -95.77 31.192 8.89713 29.2081 0.0598081 0.137039 3.9812 -0.664521 -19.5373 24.234 0.0496219 0.113701 -4.52 -22.3071 -1.74384 -1.23299 -7.60729 7.53365 -10.6591 4.68179 -1.43702 -12.9547 3.2495 -3.26872 97.0548 21.0295 -5.66047 -29.2081 0.0598081 0.137039 -3.09868 -0.394266 15.0939 -24.234 0.0496218 0.113702 3.67112 -20.8861 1.18339 9.23673 -4.20556 2.0327 -9.11371 1.23005 -19.3276 -0.852353 -38.7721 -0.655187 -1.55414 5.79922 -0.0225835 -2.32622 -40.4017 -6.04875 0.525704 -3.30628 15.2125 0.779096 -9.8844 12.4959 4.12706e-16 -7.83018e-16 3.0347e-19 -9.23673 -4.20556 2.0327 -10.2973 -12.9157 10.9042 0.852353 -38.7721 -0.655187 5.06822 18.4397 -0.49815 2.32622 -40.4017 -6.04875 -2.98128 -5.73853 -15.2536 -0.779096 -9.8844 12.4959 -1.02306e-15 -5.45444e-16 -1.2721e-14 
9.5742 90.7089 55.9148 9.8557 -5.74614 8.40601 0 5.07867 -1.15138 -3.5754 5.29494 -0.13897 0 5.61661 1.07143 -2.68332 3.7228 -0.630756 -1.02604e-17 5.98978 0.11501 -1.9438 2.36573 -0.576036 -1.10457e-17 6.50583 -0.443523 -1.162 -0.56083 -0.602979 -1.97295e-17 7.60548 -1.50593 -0.446801 -1.907 -0.520477 -2.53307e-17 9.49737 -0.914492 0.186064 -3.61563 -0.885001 -2.90401e-17 10.5513 1.57691 -0.0382785 1.20356 -0.0563319 -1.29193e-17 4.78644 0.715339 0.799795 6.93012 -2.98014 -1.8116e-17 4.82109 0.421791 0.934748 -4.10383 -1.54144 -2.00958e-17 4.83041 0.765062 0.906181 -6.89047 1.09289 1.23299 -7.60731 7.53374 13.3737 5.34165 2.30222 12.9547 3.2495 -3.26872 -95.7554 31.1058 8.87218 29.2081 0.0598081 0.137039 3.97377 -0.661932 -19.4994 24.234 0.0496219 0.113701 -4.56885 -22.149 -1.80326 -1.23299 -7.60729 7.53365 -10.7418 4.69241 -1.47554 -12.9547 3.2495 -3.26872 97.1439 21.0941 -5.74529 -29.2081 0.0598081 0.137039 -3.11763 -0.399291 15.1883 -24.234 0.0496218 0.113702 3.66389 -21.0196 1.20529 9.23673 -4.20556 2.0327 -9.09879 1.27311 -19.3004 -0.852353 -38.7721 -0.655187 -1.55464 5.8011 -0.0225652 -2.32622 -40.4017 -6.04875 0.53465 -3.31772 15.2129 0.779096 -9.8844 12.4959 3.45591e-17 -7.94835e-16 1.21206e-17 -9.23673 -4.20556 2.0327 -10.2765 -12.921 10.9406 0.852353 -38.7721 -0.655187 5.07564 18.4651 -0.500054 2.32622 -40.4017 -6.04875 -2.96397 -5.69948 -15.2515 -0.779096 -9.8844 12.4959 -6.06065e-16 -5.58778e-16 -1.27465e-14 
9.56844 90.7082 55.9642 9.85261 -5.77157 8.36967 0 5.07867 -1.15138 -3.58057 5.32738 -0.130019 0 5.61661 1.07143 -2.69045 3.74395 -0.621571 -1.02604e-17 5.98978 0.11501 -1.95122 2.37885 -0.566987 -1.10457e-17 6.50583 -0.443523 -1.1696 -0.563765 -0.593918 -1.97295e-17 7.60548 -1.50593 -0.452281 -1.91616 -0.5102 -2.53307e-17 9.49737 -0.914492 0.18428 -3.62811 -0.873795 -2.90401e-17 10.5513 1.57691 -0.0382541 1.20573 -0.0561644 -1.29193e-17 4.78644 0.715339 0.794091 6.94831 -3.00683 -1.8116e-17 4.82109 0.421791 0.925781 -4.087 -1.5536 -2.00958e-17 4.83041 0.765062 0.889174 -6.88814 1.06848 1.23299 -7.60731 7.53374 13.3834 5.34706 2.30028 12.9547 3.2495 -3.26872 -95.7601 31.0483 8.87538 29.2081 0.0598081 0.137039 3.98018 -0.664166 -19.5321 24.234 0.0496219 0.113701 -4.57986 -22.0418 -1.81685 -1.23299 -7.60729 7.53365 -10.7567 4.69869 -1.49132 -12.9547 3.2495 -3.26872 97.1779 21.1144 -5.79468 -29.2081 0.0598081 0.137039 -3.13828 -0.4048 15.2911 -24.234 0.0496218 0.113702 3.64744 -21.1144 1.18792 9.23673 -4.20556 2.0327 -9.09409 1.30004 -19.254 -0.852353 -38.7721 -0.655187 -1.55749 5.81167 -0.022462 -2.32622 -40.4017 -6.04875 0.539676 -3.32923 15.2139 0.779096 -9.8844 12.4959 2.48481e-17 -7.95139e-16 1.2424e-17 -9.23673 -4.20556 2.0327 -10.2694 -12.9281 10.9669 0.852353 -38.7721 -0.655187 5.08029 18.481 -0.50125 2.32622 -40.4017 -6.04875 -2.93417 -5.67985 -15.2508 -0.779096 -9.8844 12.4959 1.79363e-16 -5.95444e-16 -1.27713e-14 
9.56035 90.7094 56.0134 9.83285 -5.82573 8.30943 0 5.07867 -1.15138 -3.58595 5.35208 -0.119967 0 5.61661 1.07143 -2.69685 3.76177 -0.611564 -1.02604e-17 5.98978 0.11501 -1.95741 2.39266 -0.557014 -1.10457e-17 6.50583 -0.443523 -1.17558 -0.559196 -0.58396 -1.97295e-17 7.60548 -1.50593 -0.455783 -1.91584 -0.49914 -2.53307e-17 9.49737 -0.914492 0.184852 -3.62847 -0.862565 -2.90401e-17 10.5513 1.57691 -0.0380306 1.20657 -0.055587 -1.29193e-17 4.78644 0.715339 0.78732 6.9573 -3.02361 -1.8116e-17 4.82109 0.421791 0.922772 -4.0747 -1.56132 -2.00958e-17 4.83041 0.765062 0.875299 -6.87238 1.0524 1.23299 -7.60731 7.53374 13.4136 5.3482 2.30668 12.9547 3.2495 -3.26872 -95.7703 31.0116 8.87184 29.2081 0.0598081 0.137039 3.98575 -0.66611 -19.5604 24.234 0.0496219 0.113701 -4.60114 -21.9762 -1.81109 -1.23299 -7.60729 7.53365 -10.7348 4.69912 -1.50201 -12.9547 3.2495 -3.26872 97.1798 21.1108 -5.8054 -29.2081 0.0598081 0.137039 -3.15135 -0.408309 15.3563 -24.234 0.0496218 0.113702 3.62364 -21.1632 1.15338 9.23673 -4.20556 2.0327 -9.0669 1.35565 -19.2047 -0.852353 -38.7721 -0.655187 -1.55859 5.81577 -0.0224219 -2.32622 -40.4017 -6.04875 0.550054 -3.34343 15.2148 0.779096 -9.8844 12.4959 2.48481e-17 -7.95139e-16 1.2424e-17 -9.23673 -4.20556 2.0327 -10.2289 -12.9181 11.0235 0.852353 -38.7721 -0.655187 5.08472 18.4961 -0.50239 2.32622 -40.4017 -6.04875 -2.93014 -5.62427 -15.2468 -0.779096 -9.8844 12.4959 -9.6479e-16 -5.47872e-16 -1.27234e-14 
9.55358 90.7095 56.0617 9.8222 -5.86434 8.26377 0 5.07867 -1.15138 -3.59578 5.3556 -0.114885 0 5.61661 1.07143 -2.70526 3.76891 -0.608685 -1.02604e-17 5.98978 0.11501 -1.96385 2.40763 -0.55405 -1.10457e-17 6.50583 -0.443523 -1.18072 -0.533247 -0.580604 -1.97295e-17 7.60548 -1.50593 -0.458741 -1.88913 -0.494597 -2.53307e-17 9.49737 -0.914492 0.185353 -3.58712 -0.858764 -2.90401e-17 10.5513 1.57691 -0.0385551 1.20476 -0.0538599 -1.29193e-17 4.78644 0.715339 0.770584 6.90453 -3.03212 -1.8116e-17 4.82109 0.421791 0.910744 -4.06827 -1.56622 -2.00958e-17 4.83041 0.765062 0.887526 -6.85421 1.05935 1.23299 -7.60731 7.53374 13.3096 5.33751 2.29954 12.9547 3.2495 -3.26872 -95.6836 30.9446 8.8155 29.2081 0.0598081 0.137039 3.98701 -0.666551 -19.5669 24.234 0.0496219 0.113701 -4.55919 -21.9218 -1.81265 -1.23299 -7.60729 7.53365 -10.5113 4.69656 -1.46578 -12.9547 3.2495 -3.26872 97.0318 21.0478 -5.73071 -29.2081 0.0598081 0.137039 -3.15024 -0.408011 15.3508 -24.234 0.0496218 0.113702 3.52554 -21.1819 1.15486 9.23673 -4.20556 2.0327 -9.05105 1.39218 -19.1655 -0.852353 -38.7721 -0.655187 -1.56266 5.8309 -0.0222731 -2.32622 -40.4017 -6.04875 0.53532 -3.36427 15.2191 0.779096 -9.8844 12.4959 2.48481e-17 -7.95139e-16 1.2424e-17 -9.23673 -4.20556 2.0327 -10.2071 -12.9162 11.0762 0.852353 -38.7721 -0.655187 5.08983 18.5136 -0.503706 2.32622 -40.4017 -6.04875 -2.89269 -5.5967 -15.2457 -0.779096 -9.8844 12.4959 -9.93923e-16 -5.46658e-16 -1.27222e-14 
9.54747 90.7085 56.1102 9.81548 -5.89009 8.21567 0 5.07867 -1.15138 -3.60717 5.35384 -0.109854 0 5.61661 1.07143 -2.71547 3.76958 -0.60548 -1.02604e-17 5.98978 0.11501 -1.97183 2.41204 -0.550741 -1.10457e-17 6.50583 -0.443523 -1.18671 -0.522351 -0.577352 -1.97295e-17 7.60548 -1.50593 -0.46189 -1.87806 -0.49019 -2.53307e-17 9.49737 -0.914492 0.185988 -3.5713 -0.854747 -2.90401e-17 10.5513 1.57691 -0.038662 1.20403 -0.0530355 -1.29193e-17 4.78644 0.715339 0.762786 6.90395 -3.04164 -1.8116e-17 4.82109 0.421791 0.903679 -4.03722 -1.57126 -2.00958e-17 4.83041 0.765062 0.885986 -6.83579 1.06615 1.23299 -7.60731 7.53374 13.3021 5.33037 2.30897 12.9547 3.2495 -3.26872 -95.6341 30.9298 8.77726 29.2081 0.0598081 0.137039 3.98223 -0.664882 -19.5425 24.234 0.0496219 0.113701 -4.59004 -21.8959 -1.83021 -1.23299 -7.60729 7.53365 -10.417 4.6924 -1.45481 -12.9547 3.2495 -3.26872 96.9625 20.9851 -5.67403 -29.2081 0.0598081 0.137039 -3.14164 -0.405703 15.3079 -24.234 0.0496218 0.113702 3.49412 -21.1679 1.1554 9.23673 -4.20556 2.0327 -9.04565 1.4096 -19.1233 -0.852353 -38.7721 -0.655187 -1.56991 5.85784 -0.0220054 -2.32622 -40.4017 -6.04875 0.561233 -3.37648 15.2192 0.779096 -9.8844 12.4959 2.48481e-17 -7.95139e-16 1.2424e-17 -9.23673 -4.20556 2.0327 -10.1892 -12.9245 11.1214 0.852353 -38.7721 -0.655187 5.09402 18.5279 -0.504787 2.32622 -40.4017 -6.04875 -2.89343 -5.56726 -15.2431 -0.779096 -9.8844 12.4959 -1.76964e-15 -5.10296e-16 -1.2698e-14 
9.54046 90.7077 56.1589 9.80299 -5.91931 8.14952 0 5.07867 -1.15138 -3.62059 5.40463 -0.10832 0 5.61661 1.07143 -2.73034 3.79707 -0.603372 -1.02604e-17 5.98978 0.11501 -1.98704 2.41137 -0.550105 -1.10457e-17 6.50583 -0.443523 -1.20026 -0.567533 -0.578711 -1.97295e-17 7.60548 -1.50593 -0.473408 -1.93942 -0.490898 -2.53307e-17 9.49737 -0.914492 0.176346 -3.67056 -0.849735 -2.90401e-17 10.5513 1.57691 -0.0376178 1.20807 -0.0592752 -1.29193e-17 4.78644 0.715339 0.79401 7.08226 -3.03109 -1.8116e-17 4.82109 0.421791 0.923129 -3.98281 -1.5629 -2.00958e-17 4.83041 0.765062 0.863239 -6.84763 1.07273 1.23299 -7.60731 7.53374 13.5378 5.35646 2.31615 12.9547 3.2495 -3.26872 -95.8356 30.9568 8.91952 29.2081 0.0598081 0.137039 3.98115 -0.664503 -19.537 24.234 0.0496219 0.113701 -4.64455 -21.9093 -1.847 -1.23299 -7.60729 7.53365 -11.0646 4.6814 -1.57617 -12.9547 3.2495 -3.26872 97.3781 21.2234 -5.86454 -29.2081 0.0598081 0.137039 -3.16407 -0.411741 15.4197 -24.234 0.0496218 0.113702 3.82777 -21.2888 1.16193 9.23673 -4.20556 2.0327 -9.03845 1.43954 -19.0525 -0.852353 -38.7721 -0.655187 -1.57113 5.8624 -0.0219598 -2.32622 -40.4017 -6.04875 0.656206 -3.36658 15.2102 0.779096 -9.8844 12.4959 -3.6301e-16 -8.07259e-16 2.45446e-17 -9.23673 -4.20556 2.0327 -10.159 -12.9412 11.1692 0.852353 -38.7721 -0.655187 5.10005 18.5485 -0.506342 2.32622 -40.4017 -6.04875 -2.92417 -5.51611 -15.2376 -0.779096 -9.8844 12.4959 -6.25487e-16 -5.57868e-16 -1.27459e-14 
9.53493 90.706 56.2073 9.78365 -5.94036 8.10298 0 5.07867 -1.15138 -3.62535 5.42025 -0.102862 0 5.61661 1.07143 -2.73626 3.80968 -0.597002 -1.02604e-17 5.98978 0.11501 -1.99339 2.42251 -0.544256 -1.10457e-17 6.50583 -0.443523 -1.2063 -0.560144 -0.572979 -1.97295e-17 7.60548 -1.50593 -0.478361 -1.93189 -0.484448 -2.53307e-17 9.49737 -0.914492 0.173809 -3.66347 -0.842544 -2.90401e-17 10.5513 1.57691 -0.0377078 1.20602 -0.0611047 -1.29193e-17 4.78644 0.715339 0.794409 7.13728 -3.02337 -1.8116e-17 4.82109 0.421791 0.941968 -3.99845 -1.55813 -2.00958e-17 4.83041 0.765062 0.849098 -6.84352 1.03581 1.23299 -7.60731 7.53374 13.6104 5.35248 2.31849 12.9547 3.2495 -3.26872 -95.9284 30.8874 8.93655 29.2081 0.0598081 0.137039 3.98639 -0.666334 -19.5637 24.234 0.0496219 0.113701 -4.61798 -21.8019 -1.84063 -1.23299 -7.60729 7.53365 -11.1766 4.66868 -1.62082 -12.9547 3.2495 -3.26872 97.5069 21.3933 -5.94632 -29.2081 0.0598081 0.137039 -3.18656 -0.417843 15.5319 -24.234 0.0496218 0.113702 3.81258 -21.4672 1.15949 9.23673 -4.20556 2.0327 -9.0159 1.46633 -19.0365 -0.852353 -38.7721 -0.655187 -1.57155 5.86397 -0.0219441 -2.32622 -40.4017 -6.04875 0.635497 -3.39991 15.2153 0.779096 -9.8844 12.4959 1.51371e-17 -7.95442e-16 1.27275e-17 -9.23673 -4.20556 2.0327 -10.1329 -12.9643 11.2042 0.852353 -38.7721 -0.655187 5.10857 18.5776 -0.508545 2.32622 -40.4017 -6.04875 -2.8848 -5.49019 -15.2381 -0.779096 -9.8844 12.4959 -9.84212e-16 -5.46961e-16 -1.27228e-14 
9.52909 90.7064 56.2558 9.78542 -5.98258 8.05554 0 5.07867 -1.15138 -3.63311 5.44525 -0.0958661 0 5.61661 1.07143 -2.74449 3.82751 -0.590184 -1.02604e-17 5.98978 0.11501 -2.00166 2.4368 -0.537936 -1.10457e-17 6.50583 -0.443523 -1.21437 -0.55532 -0.566894 -1.97295e-17 7.60548 -1.50593 -0.484655 -1.9305 -0.477227 -2.53307e-17 9.49737 -0.914492 0.170681 -3.66216 -0.833705 -2.90401e-17 10.5513 1.57691 -0.0382091 1.20619 -0.0618265 -1.29193e-17 4.78644 0.715339 0.792285 7.17953 -3.0515 -1.8116e-17 4.82109 0.421791 0.932185 -3.97699 -1.57072 -2.00958e-17 4.83041 0.765062 0.879984 -6.84757 1.04345 1.23299 -7.60731 7.53374 13.6289 5.35135 2.30934 12.9547 3.2495 -3.26872 -95.9294 30.845 8.93049 29.2081 0.0598081 0.137039 3.98854 -0.667087 -19.5747 24.234 0.0496219 0.113701 -4.61599 -21.7393 -1.83677 -1.23299 -7.60729 7.53365 -11.2382 4.67077 -1.63986 -12.9547 3.2495 -3.26872 97.5941 21.4856 -5.98542 -29.2081 0.0598081 0.137039 -3.1946 -0.420036 15.572 -24.234 0.0496218 0.113702 3.78703 -21.5919 1.18173 9.23673 -4.20556 2.0327 -9.01343 1.50216 -19.0097 -0.852353 -38.7721 -0.655187 -1.57794 5.88771 -0.0217046 -2.32622 -40.4017 -6.04875 0.628567 -3.40793 15.2172 0.779096 -9.8844 12.4959 2.48481e-17 -7.95139e-16 1.2424e-17 -9.23673 -4.20556 2.0327 -10.1236 -12.9477 11.2518 0.852353 -38.7721 -0.655187 5.10959 18.5811 -0.50881 2.32622 -40.4017 -6.04875 -2.85871 -5.47062 -15.2361 -0.779096 -9.8844 12.4959 -2.18216e-16 -5.83019e-16 -1.27586e-14 
9.52248 90.7061 56.3041 9.76928 -6.02463 7.99217 0 5.07867 -1.15138 -3.63688 5.46815 -0.0898637 0 5.61661 1.07143 -2.7483 3.84408 -0.58442 -1.02604e-17 5.98978 0.11501 -2.0052 2.4494 -0.532149 -1.10457e-17 6.50583 -0.443523 -1.21755 -0.552002 -0.561154 -1.97295e-17 7.60548 -1.50593 -0.486136 -1.93109 -0.470957 -2.53307e-17 9.49737 -0.914492 0.171787 -3.66306 -0.827641 -2.90401e-17 10.5513 1.57691 -0.0384509 1.20655 -0.0615703 -1.29193e-17 4.78644 0.715339 0.790013 7.18037 -3.04717 -1.8116e-17 4.82109 0.421791 0.942089 -3.94608 -1.5683 -2.00958e-17 4.83041 0.765062 0.867372 -6.81923 1.01936 1.23299 -7.60731 7.53374 13.6327 5.35556 2.30732 12.9547 3.2495 -3.26872 -95.932 30.7577 8.93995 29.2081 0.0598081 0.137039 3.99793 -0.670373 -19.6225 24.234 0.0496219 0.113701 -4.61237 -21.6445 -1.80369 -1.23299 -7.60729 7.53365 -11.2274 4.67476 -1.64859 -12.9547 3.2495 -3.26872 97.6065 21.4942 -5.99451 -29.2081 0.0598081 0.137039 -3.20898 -0.423974 15.6438 -24.234 0.0496218 0.113702 3.75187 -21.6333 1.14055 9.23673 -4.20556 2.0327 -8.9959 1.53283 -18.9635 -0.852353 -38.7721 -0.655187 -1.58603 5.91777 -0.0213976 -2.32622 -40.4017 -6.04875 0.647567 -3.42708 15.219 0.779096 -9.8844 12.4959 2.48481e-17 -7.95139e-16 1.2424e-17 -9.23673 -4.20556 2.0327 -10.091 -12.9451 11.3216 0.852353 -38.7721 -0.655187 5.11359 18.5948 -0.509846 2.32622 -40.4017 -6.04875 -2.82728 -5.44099 -15.2338 -0.779096 -9.8844 12.4959 -5.86638e-16 -5.59689e-16 -1.27474e-14 
9.51669 90.7034 56.3521 9.76248 -6.03831 7.92905 0 5.07867 -1.15138 -3.64487 5.46516 -0.0849389 0 5.61661 1.07143 -2.75611 3.84391 -0.579985 -1.02604e-17 5.98978 0.11501 -2.01167 2.45229 -0.527652 -1.10457e-17 6.50583 -0.443523 -1.22234 -0.543704 -0.556753 -1.97295e-17 7.60548 -1.50593 -0.488547 -1.91979 -0.465652 -2.53307e-17 9.49737 -0.914492 0.172621 -3.64891 -0.822822 -2.90401e-17 10.5513 1.57691 -0.038449 1.20473 -0.0613088 -1.29193e-17 4.78644 0.715339 0.78478 7.18376 -3.06318 -1.8116e-17 4.82109 0.421791 0.948489 -3.9153 -1.57587 -2.00958e-17 4.83041 0.765062 0.86203 -6.80448 1.02655 1.23299 -7.60731 7.53374 13.6606 5.3523 2.3197 12.9547 3.2495 -3.26872 -95.9465 30.708 8.93916 29.2081 0.0598081 0.137039 4.00256 -0.672 -19.6461 24.234 0.0496219 0.113701 -4.60563 -21.5751 -1.77205 -1.23299 -7.60729 7.53365 -11.2029 4.66658 -1.65612 -12.9547 3.2495 -3.26872 97.5922 21.4843 -5.97976 -29.2081 0.0598081 0.137039 -3.21816 -0.426498 15.6896 -24.234 0.0496218 0.113702 3.73425 -21.6561 1.10065 9.23673 -4.20556 2.0327 -8.99163 1.53588 -18.9119 -0.852353 -38.7721 -0.655187 -1.59455 5.94945 -0.0210695 -2.32622 -40.4017 -6.04875 0.665003 -3.45019 15.2202 0.779096 -9.8844 12.4959 2.48481e-17 -7.95139e-16 1.2424e-17 -9.23673 -4.20556 2.0327 -10.0723 -12.9849 11.3888 0.852353 -38.7721 -0.655187 5.12622 18.6379 -0.513124 2.32622 -40.4017 -6.04875 -2.81217 -5.41919 -15.2324 -0.779096 -9.8844 12.4959 5.67207e-16 -6.19684e-16 -1.27955e-14 
9.51367 90.7006 56.4008 9.74698 -6.04647 7.87979 0 5.07867 -1.15138 -3.61271 5.4632 -0.082904 0 5.61661 1.07143 -2.73229 3.84271 -0.57129 -1.02604e-17 5.98978 0.11501 -1.99591 2.44541 -0.518624 -1.10457e-17 6.50583 -0.443523 -1.21267 -0.551971 -0.547389 -1.97295e-17 7.60548 -1.50593 -0.484477 -1.92484 -0.457641 -2.53307e-17 9.49737 -0.914492 0.171784 -3.6686 -0.81316 -2.90401e-17 10.5513 1.57691 -0.0374418 1.20289 -0.0594114 -1.29193e-17 4.78644 0.715339 0.778028 7.20201 -3.08792 -1.8116e-17 4.82109 0.421791 0.951366 -3.85271 -1.58761 -2.00958e-17 4.83041 0.765062 0.751485 -6.78345 1.00198 1.23299 -7.60731 7.53374 13.8967 5.35508 2.37504 12.9547 3.2495 -3.26872 -96.4286 30.6582 9.0145 29.2081 0.0598081 0.137039 4.02173 -0.678749 -19.7439 24.234 0.0496219 0.113701 -4.48368 -21.3794 -1.57844 -1.23299 -7.60729 7.53365 -11.4051 4.66556 -1.70207 -12.9547 3.2495 -3.26872 97.514 21.5018 -6.07843 -29.2081 0.0598081 0.137039 -3.23057 -0.42992 15.7516 -24.234 0.0496218 0.113702 3.95553 -21.7262 1.16345 9.23673 -4.20556 2.0327 -8.9809 1.54818 -18.8535 -0.852353 -38.7721 -0.655187 -1.59557 5.95324 -0.0210299 -2.32622 -40.4017 -6.04875 0.703532 -3.46871 15.2181 0.779096 -9.8844 12.4959 4.12702e-16 -7.83018e-16 3.03618e-19 -9.23673 -4.20556 2.0327 -10.0537 -13.0126 11.4176 0.852353 -38.7721 -0.655187 5.13149 18.6559 -0.514494 2.32622 -40.4017 -6.04875 -2.77864 -5.40902 -15.2327 -0.779096 -9.8844 12.4959 -1.34291e-15 -5.36359e-16 -1.27119e-14 
9.50945 90.6983 56.4493 9.74018 -6.05931 7.81702 0 5.07867 -1.15138 -3.62206 5.48024 -0.0651383 0 5.61661 1.07143 -2.74418 3.8536 -0.552911 -1.02604e-17 5.98978 0.11501 -2.00748 2.45192 -0.499921 -1.10457e-17 6.50583 -0.443523 -1.22384 -0.556296 -0.52843 -1.97295e-17 7.60548 -1.50593 -0.491301 -1.93029 -0.436527 -2.53307e-17 9.49737 -0.914492 0.172335 -3.67696 -0.791466 -2.90401e-17 10.5513 1.57691 -0.037157 1.20321 -0.0586116 -1.29193e-17 4.78644 0.715339 0.761612 7.19906 -3.0981 -1.8116e-17 4.82109 0.421791 0.947103 -3.85804 -1.59189 -2.00958e-17 4.83041 0.765062 0.776439 -6.71603 0.906382 1.23299 -7.60731 7.53374 14.0128 5.36545 2.40079 12.9547 3.2495 -3.26872 -96.6124 30.5232 9.08448 29.2081 0.0598081 0.137039 4.02397 -0.679538 -19.7552 24.234 0.0496219 0.113701 -4.43907 -21.0986 -1.58021 -1.23299 -7.60729 7.53365 -11.3863 4.67452 -1.72071 -12.9547 3.2495 -3.26872 97.4916 21.6469 -6.11532 -29.2081 0.0598081 0.137039 -3.23818 -0.432028 15.7896 -24.234 0.0496218 0.113702 3.97487 -21.9917 1.19766 9.23673 -4.20556 2.0327 -8.97557 1.5753 -18.8478 -0.852353 -38.7721 -0.655187 -1.59214 5.94049 -0.0211628 -2.32622 -40.4017 -6.04875 0.722282 -3.48172 15.2176 0.779096 -9.8844 12.4959 4.22417e-16 -7.82715e-16 2.88531e-33 -9.23673 -4.20556 2.0327 -10.0295 -13.0396 11.4931 0.852353 -38.7721 -0.655187 5.13721 18.6754 -0.515982 2.32622 -40.4017 -6.04875 -2.79247 -5.38083 -15.2312 -0.779096 -9.8844 12.4959 -1.77935e-15 -5.09993e-16 -1.26977e-14 
9.50681 90.6943 56.4978 9.71593 -6.0505 7.76709 0 5.07867 -1.15138 -3.62075 5.48981 -0.0621993 0 5.61661 1.07143 -2.74436 3.86105 -0.549883 -1.02604e-17 5.98978 0.11501 -2.00895 2.45691 -0.497268 -1.10457e-17 6.50583 -0.443523 -1.22641 -0.556697 -0.526195 -1.97295e-17 7.60548 -1.50593 -0.494532 -1.93225 -0.433836 -2.53307e-17 9.49737 -0.914492 0.168795 -3.68063 -0.787554 -2.90401e-17 10.5513 1.57691 -0.0380607 1.20323 -0.0595579 -1.29193e-17 4.78644 0.715339 0.758461 7.22668 -3.10849 -1.8116e-17 4.82109 0.421791 0.942153 -3.85075 -1.59644 -2.00958e-17 4.83041 0.765062 0.774428 -6.71293 0.895941 1.23299 -7.60731 7.53374 14.0515 5.3643 2.40855 12.9547 3.2495 -3.26872 -96.6611 30.3787 9.08036 29.2081 0.0598081 0.137039 4.02195 -0.678825 -19.745 24.234 0.0496219 0.113701 -4.4396 -20.9302 -1.57932 -1.23299 -7.60729 7.53365 -11.4381 4.67117 -1.75707 -12.9547 3.2495 -3.26872 97.5641 21.6634 -6.12216 -29.2081 0.0598081 0.137039 -3.23949 -0.432391 15.7961 -24.234 0.0496218 0.113702 3.97554 -22.0118 1.22384 9.23673 -4.20556 2.0327 -8.95562 1.56602 -18.8031 -0.852353 -38.7721 -0.655187 -1.59525 5.95204 -0.0210424 -2.32622 -40.4017 -6.04875 0.723204 -3.52832 15.2219 0.779096 -9.8844 12.4959 -3.5329e-16 -8.06956e-16 2.42408e-17 -9.23673 -4.20556 2.0327 -10.0009 -13.101 11.5579 0.852353 -38.7721 -0.655187 5.15003 18.7191 -0.519327 2.32622 -40.4017 -6.04875 -2.7556 -5.36551 -15.2314 -0.779096 -9.8844 12.4959 -2.37648e-16 -5.82108e-16 -1.2758e-14 
9.50316 90.6909 56.5461 9.70018 -6.04595 7.70363 0 5.07867 -1.15138 -3.62693 5.48572 -0.0595865 0 5.61661 1.07143 -2.75049 3.85921 -0.549223 -1.02604e-17 5.98978 0.11501 -2.01451 2.4582 -0.496981 -1.10457e-17 6.50583 -0.443523 -1.23207 -0.552417 -0.525849 -1.97295e-17 7.60548 -1.50593 -0.499498 -1.92648 -0.432844 -2.53307e-17 9.49737 -0.914492 0.165298 -3.66759 -0.78529 -2.90401e-17 10.5513 1.57691 -0.0390074 1.20278 -0.060164 -1.29193e-17 4.78644 0.715339 0.753827 7.17016 -3.08724 -1.8116e-17 4.82109 0.421791 0.934694 -3.80449 -1.58634 -2.00958e-17 4.83041 0.765062 0.781113 -6.66455 0.873504 1.23299 -7.60731 7.53374 13.8795 5.36098 2.37104 12.9547 3.2495 -3.26872 -96.5661 30.2242 9.08145 29.2081 0.0598081 0.137039 4.01361 -0.675885 -19.7024 24.234 0.0496219 0.113701 -4.35548 -20.819 -1.58986 -1.23299 -7.60729 7.53365 -11.3797 4.67957 -1.73906 -12.9547 3.2495 -3.26872 97.5536 21.7182 -6.11764 -29.2081 0.0598081 0.137039 -3.25 -0.43531 15.8486 -24.234 0.0496218 0.113702 3.93754 -22.1006 1.20126 9.23673 -4.20556 2.0327 -8.94593 1.56664 -18.7631 -0.852353 -38.7721 -0.655187 -1.59573 5.95385 -0.0210236 -2.32622 -40.4017 -6.04875 0.744274 -3.5551 15.2234 0.779096 -9.8844 12.4959 4.02986e-16 -7.83322e-16 6.07236e-19 -9.23673 -4.20556 2.0327 -9.97516 -13.1512 11.6217 0.852353 -38.7721 -0.655187 5.15902 18.7498 -0.521678 2.32622 -40.4017 -6.04875 -2.76173 -5.34484 -15.2281 -0.779096 -9.8844 12.4959 -1.36235e-15 -5.35448e-16 -1.2711e-14 
9.5016 90.6877 56.5948 9.69055 -6.03776 7.65778 0 5.07867 -1.15138 -3.62864 5.4648 -0.0543604 0 5.61661 1.07143 -2.75451 3.84615 -0.544185 -1.02604e-17 5.98978 0.11501 -2.01882 2.45349 -0.491815 -1.10457e-17 6.50583 -0.443523 -1.23676 -0.542027 -0.520538 -1.97295e-17 7.60548 -1.50593 -0.503426 -1.90958 -0.426565 -2.53307e-17 9.49737 -0.914492 0.163797 -3.64284 -0.777957 -2.90401e-17 10.5513 1.57691 -0.039684 1.20117 -0.0600454 -1.29193e-17 4.78644 0.715339 0.749219 7.15513 -3.11783 -1.8116e-17 4.82109 0.421791 0.936463 -3.77571 -1.60057 -2.00958e-17 4.83041 0.765062 0.778841 -6.63273 0.887172 1.23299 -7.60731 7.53374 13.7865 5.3401 2.3692 12.9547 3.2495 -3.26872 -96.4532 30.0894 9.02 29.2081 0.0598081 0.137039 4.00101 -0.671453 -19.6382 24.234 0.0496219 0.113701 -4.37333 -20.6648 -1.58682 -1.23299 -7.60729 7.53365 -11.3228 4.66784 -1.74684 -12.9547 3.2495 -3.26872 97.5175 21.7133 -6.0944 -29.2081 0.0598081 0.137039 -3.25627 -0.437057 15.8799 -24.234 0.0496218 0.113702 3.91607 -22.1498 1.15269 9.23673 -4.20556 2.0327 -8.94524 1.54281 -18.746 -0.852353 -38.7721 -0.655187 -1.60665 5.99443 -0.0205954 -2.32622 -40.4017 -6.04875 0.761104 -3.58576 15.2264 0.779096 -9.8844 12.4959 3.45639e-17 -7.94835e-16 1.21204e-17 -9.23673 -4.20556 2.0327 -9.96317 -13.2195 11.6655 0.852353 -38.7721 -0.655187 5.17766 18.8133 -0.526569 2.32622 -40.4017 -6.04875 -2.75885 -5.32244 -15.2259 -0.779096 -9.8844 12.4959 -1.00364e-15 -5.46354e-16 -1.27219e-14 
9.5014 90.6856 56.6433 9.68085 -6.04161 7.62692 0 5.07867 -1.15138 -3.62824 5.45679 -0.0485656 0 5.61661 1.07143 -2.75613 3.84022 -0.537741 -1.02604e-17 5.98978 0.11501 -2.0209 2.44952 -0.485035 -1.10457e-17 6.50583 -0.443523 -1.23912 -0.541972 -0.51367 -1.97295e-17 7.60548 -1.50593 -0.504688 -1.90739 -0.419137 -2.53307e-17 9.49737 -0.914492 0.16493 -3.64 -0.770698 -2.90401e-17 10.5513 1.57691 -0.0396011 1.20104 -0.0596036 -1.29193e-17 4.78644 0.715339 0.748134 7.16349 -3.14833 -1.8116e-17 4.82109 0.421791 0.942814 -3.74044 -1.6145 -2.00958e-17 4.83041 0.765062 0.762344 -6.60184 0.876677 1.23299 -7.60731 7.53374 13.7696 5.33725 2.36999 12.9547 3.2495 -3.26872 -96.4409 30.0498 9.00152 29.2081 0.0598081 0.137039 3.98958 -0.66745 -19.58 24.234 0.0496219 0.113701 -4.38181 -20.5717 -1.59679 -1.23299 -7.60729 7.53365 -11.3023 4.66889 -1.75408 -12.9547 3.2495 -3.26872 97.4911 21.7185 -6.0926 -29.2081 0.0598081 0.137039 -3.25623 -0.437048 15.8798 -24.234 0.0496218 0.113702 3.92111 -22.2206 1.13737 9.23673 -4.20556 2.0327 -8.94401 1.53057 -18.7311 -0.852353 -38.7721 -0.655187 -1.61792 6.03631 -0.0201454 -2.32622 -40.4017 -6.04875 0.791143 -3.60537 15.2261 0.779096 -9.8844 12.4959 -3.63005e-16 -8.07259e-16 2.45445e-17 -9.23673 -4.20556 2.0327 -9.95504 -13.2565 11.6832 0.852353 -38.7721 -0.655187 5.18896 18.8518 -0.529542 2.32622 -40.4017 -6.04875 -2.73916 -5.30719 -15.2255 -0.779096 -9.8844 12.4959 1.69637e-16 -5.9514e-16 -1.27707e-14 
9.50082 90.6836 56.6914 9.66883 -6.04917 7.59026 0 5.07867 -1.15138 -3.62761 5.4531 -0.041813 0 5.61661 1.07143 -2.7573 3.83762 -0.530192 -1.02604e-17 5.98978 0.11501 -2.02251 2.44808 -0.477191 -1.10457e-17 6.50583 -0.443523 -1.24106 -0.540909 -0.505768 -1.97295e-17 7.60548 -1.50593 -0.505411 -1.90538 -0.410754 -2.53307e-17 9.49737 -0.914492 0.166634 -3.639 -0.762612 -2.90401e-17 10.5513 1.57691 -0.039327 1.2007 -0.0593916 -1.29193e-17 4.78644 0.715339 0.74784 7.18334 -3.16805 -1.8116e-17 4.82109 0.421791 0.949342 -3.72954 -1.62339 -2.00958e-17 4.83041 0.765062 0.749243 -6.57308 0.858411 1.23299 -7.60731 7.53374 13.7972 5.3342 2.37931 12.9547 3.2495 -3.26872 -96.4638 30.0344 8.9818 29.2081 0.0598081 0.137039 3.97802 -0.663412 -19.5211 24.234 0.0496219 0.113701 -4.39773 -20.4909 -1.61617 -1.23299 -7.60729 7.53365 -11.3025 4.66809 -1.77101 -12.9547 3.2495 -3.26872 97.4884 21.7269 -6.084 -29.2081 0.0598081 0.137039 -3.25009 -0.435337 15.8491 -24.234 0.0496218 0.113702 3.9329 -22.2832 1.15065 9.23673 -4.20556 2.0327 -8.93863 1.52645 -18.7143 -0.852353 -38.7721 -0.655187 -1.62649 6.06814 -0.0197978 -2.32622 -40.4017 -6.04875 0.817363 -3.62561 15.2256 0.779096 -9.8844 12.4959 1.51323e-17 -7.95442e-16 1.27277e-17 -9.23673 -4.20556 2.0327 -9.938 -13.295 11.721 0.852353 -38.7721 -0.655187 5.20121 18.8935 -0.532774 2.32622 -40.4017 -6.04875 -2.73494 -5.28039 -15.2246 -0.779096 -9.8844 12.4959 -1.35263e-15 -5.35752e-16 -1.27113e-14 
9.49937 90.6804 56.7391 9.65929 -6.04126 7.54507 0 5.07867 -1.15138 -3.62852 5.44852 -0.0378887 0 5.61661 1.07143 -2.75912 3.83449 -0.526038 -1.02604e-17 5.98978 0.11501 -2.02437 2.44607 -0.472932 -1.10457e-17 6.50583 -0.443523 -1.24286 -0.540749 -0.5016 -1.97295e-17 7.60548 -1.50593 -0.506364 -1.9039 -0.406252 -2.53307e-17 9.49737 -0.914492 0.167094 -3.63805 -0.758383 -2.90401e-17 10.5513 1.57691 -0.0392774 1.19993 -0.0595606 -1.29193e-17 4.78644 0.715339 0.746648 7.19736 -3.17241 -1.8116e-17 4.82109 0.421791 0.952395 -3.71371 -1.62524 -2.00958e-17 4.83041 0.765062 0.743644 -6.56095 0.848208 1.23299 -7.60731 7.53374 13.824 5.33513 2.38411 12.9547 3.2495 -3.26872 -96.4959 30.0116 8.98664 29.2081 0.0598081 0.137039 3.97252 -0.661494 -19.493 24.234 0.0496219 0.113701 -4.39893 -20.4459 -1.64047 -1.23299 -7.60729 7.53365 -11.309 4.66759 -1.78381 -12.9547 3.2495 -3.26872 97.4944 21.7501 -6.07603 -29.2081 0.0598081 0.137039 -3.24751 -0.434617 15.8362 -24.234 0.0496218 0.113702 3.94188 -22.3252 1.15494 9.23673 -4.20556 2.0327 -8.93569 1.51869 -18.6841 -0.852353 -38.7721 -0.655187 -1.6297 6.08008 -0.0196662 -2.32622 -40.4017 -6.04875 0.830895 -3.65098 15.2265 0.779096 -9.8844 12.4959 2.48481e-17 -7.95139e-16 1.2424e-17 -9.23673 -4.20556 2.0327 -9.92428 -13.3469 11.7733 0.852353 -38.7721 -0.655187 5.21244 18.9317 -0.535747 2.32622 -40.4017 -6.04875 -2.71472 -5.27052 -15.2251 -0.779096 -9.8844 12.4959 -1.39149e-15 -5.34234e-16 -1.27098e-14 
9.50105 90.6765 56.7868 9.62841 -6.02361 7.51565 0 5.07867 -1.15138 -3.5804 5.46265 -0.0451313 0 5.61661 1.07143 -2.72471 3.84045 -0.524105 -1.02604e-17 5.98978 0.11501 -2.00411 2.43462 -0.471711 -1.10457e-17 6.50583 -0.443523 -1.23376 -0.568685 -0.500663 -1.97295e-17 7.60548 -1.50593 -0.509098 -1.9351 -0.408279 -2.53307e-17 9.49737 -0.914492 0.153312 -3.69812 -0.750564 -2.90401e-17 10.5513 1.57691 -0.0383548 1.19871 -0.0625039 -1.29193e-17 4.78644 0.715339 0.767078 7.24947 -3.16933 -1.8116e-17 4.82109 0.421791 0.960197 -3.63846 -1.62067 -2.00958e-17 4.83041 0.765062 0.631716 -6.56668 0.81984 1.23299 -7.60731 7.53374 13.9207 5.33484 2.37299 12.9547 3.2495 -3.26872 -96.9223 29.9058 9.11544 29.2081 0.0598081 0.137039 3.98056 -0.664297 -19.534 24.234 0.0496219 0.113701 -4.21282 -20.2844 -1.50281 -1.23299 -7.60729 7.53365 -11.9822 4.66893 -1.87975 -12.9547 3.2495 -3.26872 97.6176 22.0969 -6.36005 -29.2081 0.0598081 0.137039 -3.28343 -0.444668 16.0157 -24.234 0.0496218 0.113702 4.49665 -22.6389 1.34345 9.23673 -4.20556 2.0327 -8.91871 1.49695 -18.6497 -0.852353 -38.7721 -0.655187 -1.63438 6.09744 -0.0194735 -2.32622 -40.4017 -6.04875 0.902797 -3.6771 15.2219 0.779096 -9.8844 12.4959 4.12702e-16 -7.83018e-16 3.03618e-19 -9.23673 -4.20556 2.0327 -9.89275 -13.4026 11.7902 0.852353 -38.7721 -0.655187 5.22117 18.9614 -0.538062 2.32622 -40.4017 -6.04875 -2.74649 -5.24021 -15.2214 -0.779096 -9.8844 12.4959 -6.15786e-16 -5.58475e-16 -1.27462e-14 
9.50141 90.6746 56.8349 9.61458 -6.02749 7.47339 0 5.07867 -1.15138 -3.57154 5.47568 -0.0254458 0 5.61661 1.07143 -2.72519 3.84853 -0.500384 -1.02604e-17 5.98978 0.11501 -2.01017 2.44072 -0.448326 -1.10457e-17 6.50583 -0.443523 -1.24482 -0.568294 -0.476754 -1.97295e-17 7.60548 -1.50593 -0.520269 -1.93094 -0.382899 -2.53307e-17 9.49737 -0.914492 0.147001 -3.69307 -0.720013 -2.90401e-17 10.5513 1.57691 -0.0393566 1.1977 -0.0644301 -1.29193e-17 4.78644 0.715339 0.760243 7.26494 -3.19964 -1.8116e-17 4.82109 0.421791 0.965298 -3.66868 -1.63235 -2.00958e-17 4.83041 0.765062 0.658638 -6.53926 0.724982 1.23299 -7.60731 7.53374 13.8924 5.31856 2.35227 12.9547 3.2495 -3.26872 -96.9725 29.6682 9.14486 29.2081 0.0598081 0.137039 3.97222 -0.661389 -19.4915 24.234 0.0496219 0.113701 -4.17012 -19.9218 -1.5552 -1.23299 -7.60729 7.53365 -12.1459 4.66929 -1.93388 -12.9547 3.2495 -3.26872 97.7379 22.5517 -6.52203 -29.2081 0.0598081 0.137039 -3.32541 -0.456566 16.2257 -24.234 0.0496218 0.113702 4.53358 -23.1921 1.3393 9.23673 -4.20556 2.0327 -8.90928 1.50364 -18.6985 -0.852353 -38.7721 -0.655187 -1.63718 6.10785 -0.0193573 -2.32622 -40.4017 -6.04875 0.899417 -3.70431 15.2257 0.779096 -9.8844 12.4959 -3.5329e-16 -8.06956e-16 2.42408e-17 -9.23673 -4.20556 2.0327 -9.86682 -13.4459 11.8515 0.852353 -38.7721 -0.655187 5.23416 19.0056 -0.541513 2.32622 -40.4017 -6.04875 -2.76738 -5.20332 -15.2192 -0.779096 -9.8844 12.4959 1.79353e-16 -5.95443e-16 -1.27713e-14 
9.50265 90.6718 56.8834 9.5938 -6.01806 7.4358 0 5.07867 -1.15138 -3.55198 5.48926 -0.0145856 0 5.61661 1.07143 -2.71397 3.8579 -0.485319 -1.02604e-17 5.98978 0.11501 -2.00562 2.44807 -0.433591 -1.10457e-17 6.50583 -0.443523 -1.24624 -0.566115 -0.462027 -1.97295e-17 7.60548 -1.50593 -0.524679 -1.92754 -0.367979 -2.53307e-17 9.49737 -0.914492 0.142408 -3.68988 -0.701465 -2.90401e-17 10.5513 1.57691 -0.0403346 1.19829 -0.0660482 -1.29193e-17 4.78644 0.715339 0.764255 7.31307 -3.25015 -1.8116e-17 4.82109 0.421791 0.971509 -3.67643 -1.6546 -2.00958e-17 4.83041 0.765062 0.646575 -6.58204 0.7181 1.23299 -7.60731 7.53374 13.8539 5.30213 2.33289 12.9547 3.2495 -3.26872 -96.9606 29.514 9.08945 29.2081 0.0598081 0.137039 3.9663 -0.659331 -19.4614 24.234 0.0496219 0.113701 -4.17265 -19.7003 -1.56649 -1.23299 -7.60729 7.53365 -12.31 4.66637 -2.00006 -12.9547 3.2495 -3.26872 97.893 22.736 -6.6047 -29.2081 0.0598081 0.137039 -3.34949 -0.463468 16.3463 -24.234 0.0496218 0.113702 4.52325 -23.3993 1.32773 9.23673 -4.20556 2.0327 -8.89482 1.47684 -18.6889 -0.852353 -38.7721 -0.655187 -1.64876 6.15089 -0.0188716 -2.32622 -40.4017 -6.04875 0.892895 -3.74966 15.2306 0.779096 -9.8844 12.4959 1.51277e-17 -7.95442e-16 1.27278e-17 -9.23673 -4.20556 2.0327 -9.8464 -13.5251 11.9088 0.852353 -38.7721 -0.655187 5.25858 19.0885 -0.548031 2.32622 -40.4017 -6.04875 -2.70916 -5.18494 -15.2208 -0.779096 -9.8844 12.4959 -9.64762e-16 -5.47873e-16 -1.27234e-14 
9.50375 90.6702 56.9316 9.58023 -6.02212 7.39334 0 5.07867 -1.15138 -3.5375 5.50323 -0.00350639 0 5.61661 1.07143 -2.70554 3.86467 -0.470116 -1.02604e-17 5.98978 0.11501 -2.00156 2.44966 -0.417657 -1.10457e-17 6.50583 -0.443523 -1.24608 -0.575699 -0.445512 -1.97295e-17 7.60548 -1.50593 -0.524957 -1.93688 -0.35145 -2.53307e-17 9.49737 -0.914492 0.144072 -3.70226 -0.684152 -2.90401e-17 10.5513 1.57691 -0.0399527 1.20011 -0.0654605 -1.29193e-17 4.78644 0.715339 0.765645 7.29471 -3.26322 -1.8116e-17 4.82109 0.421791 0.977699 -3.62164 -1.65993 -2.00958e-17 4.83041 0.765062 0.606191 -6.55639 0.658172 1.23299 -7.60731 7.53374 13.8053 5.30841 2.30318 12.9547 3.2495 -3.26872 -96.9397 29.4347 9.08596 29.2081 0.0598081 0.137039 3.96338 -0.658318 -19.4465 24.234 0.0496219 0.113701 -4.19225 -19.5716 -1.59024 -1.23299 -7.60729 7.53365 -12.3602 4.68911 -2.00862 -12.9547 3.2495 -3.26872 97.9284 22.8625 -6.69133 -29.2081 0.0598081 0.137039 -3.38293 -0.473141 16.5138 -24.234 0.0496218 0.113702 4.49467 -23.606 1.24333 9.23673 -4.20556 2.0327 -8.89035 1.46534 -18.6672 -0.852353 -38.7721 -0.655187 -1.65988 6.19221 -0.018397 -2.32622 -40.4017 -6.04875 0.918346 -3.7689 15.2312 0.779096 -9.8844 12.4959 2.48481e-17 -7.95139e-16 1.2424e-17 -9.23673 -4.20556 2.0327 -9.83084 -13.5608 11.9375 0.852353 -38.7721 -0.655187 5.26901 19.1239 -0.550824 2.32622 -40.4017 -6.04875 -2.69419 -5.16982 -15.2186 -0.779096 -9.8844 12.4959 -6.06075e-16 -5.58778e-16 -1.27465e-14 
9.50626 90.6672 56.9796 9.56177 -6.00925 7.36191 0 5.07867 -1.15138 -3.52644 5.49421 0.00363057 0 5.61661 1.07143 -2.69954 3.85839 -0.460173 -1.02604e-17 5.98978 0.11501 -1.99862 2.44623 -0.407161 -1.10457e-17 6.50583 -0.443523 -1.24576 -0.573936 -0.43476 -1.97295e-17 7.60548 -1.50593 -0.525436 -1.92909 -0.340397 -2.53307e-17 9.49737 -0.914492 0.144513 -3.69217 -0.672704 -2.90401e-17 10.5513 1.57691 -0.0398255 1.1993 -0.0646214 -1.29193e-17 4.78644 0.715339 0.76095 7.28013 -3.29846 -1.8116e-17 4.82109 0.421791 0.979583 -3.60513 -1.67645 -2.00958e-17 4.83041 0.765062 0.595392 -6.52277 0.654816 1.23299 -7.60731 7.53374 13.7837 5.30386 2.30269 12.9547 3.2495 -3.26872 -96.9302 29.3912 9.07145 29.2081 0.0598081 0.137039 3.96611 -0.659264 -19.4604 24.234 0.0496219 0.113701 -4.20391 -19.4785 -1.58082 -1.23299 -7.60729 7.53365 -12.3446 4.68749 -2.02286 -12.9547 3.2495 -3.26872 97.9058 22.9041 -6.71691 -29.2081 0.0598081 0.137039 -3.40614 -0.479918 16.6302 -24.234 0.0496218 0.113702 4.46935 -23.7056 1.15545 9.23673 -4.20556 2.0327 -8.88381 1.42068 -18.6613 -0.852353 -38.7721 -0.655187 -1.67883 6.26257 -0.01757 -2.32622 -40.4017 -6.04875 0.94251 -3.807 15.2334 0.779096 -9.8844 12.4959 2.48481e-17 -7.95139e-16 1.2424e-17 -9.23673 -4.20556 2.0327 -9.81248 -13.6408 11.9784 0.852353 -38.7721 -0.655187 5.29336 19.2066 -0.557374 2.32622 -40.4017 -6.04875 -2.6746 -5.1439 -15.2187 -0.779096 -9.8844 12.4959 -1.7599e-15 -5.10601e-16 -1.26986e-14 
9.50849 90.6647 57.0279 9.55569 -6.00048 7.32867 0 5.07867 -1.15138 -3.52968 5.48554 0.00899335 0 5.61661 1.07143 -2.70469 3.85221 -0.454444 -1.02604e-17 5.98978 0.11501 -2.00392 2.44358 -0.401196 -1.10457e-17 6.50583 -0.443523 -1.25121 -0.571284 -0.428699 -1.97295e-17 7.60548 -1.50593 -0.529538 -1.92274 -0.333504 -2.53307e-17 9.49737 -0.914492 0.143192 -3.68201 -0.664714 -2.90401e-17 10.5513 1.57691 -0.0399381 1.19847 -0.0650635 -1.29193e-17 4.78644 0.715339 0.761428 7.27603 -3.30809 -1.8116e-17 4.82109 0.421791 0.981305 -3.5794 -1.68059 -2.00958e-17 4.83041 0.765062 0.612054 -6.50576 0.649926 1.23299 -7.60731 7.53374 13.6968 5.29805 2.2818 12.9547 3.2495 -3.26872 -96.8213 29.3391 9.03666 29.2081 0.0598081 0.137039 3.95323 -0.654797 -19.3948 24.234 0.0496219 0.113701 -4.21074 -19.4252 -1.63494 -1.23299 -7.60729 7.53365 -12.3555 4.68776 -2.03112 -12.9547 3.2495 -3.26872 97.9226 22.9903 -6.73701 -29.2081 0.0598081 0.137039 -3.41693 -0.483085 16.6843 -24.234 0.0496218 0.113702 4.46795 -23.8142 1.13776 9.23673 -4.20556 2.0327 -8.88876 1.38664 -18.6425 -0.852353 -38.7721 -0.655187 -1.69486 6.32211 -0.0168519 -2.32622 -40.4017 -6.04875 0.957758 -3.83253 15.2355 0.779096 -9.8844 12.4959 2.48481e-17 -7.95139e-16 1.2424e-17 -9.23673 -4.20556 2.0327 -9.80619 -13.6937 12.0096 0.852353 -38.7721 -0.655187 5.30796 19.2561 -0.561316 2.32622 -40.4017 -6.04875 -2.67031 -5.1316 -15.2175 -0.779096 -9.8844 12.4959 -6.25516e-16 -5.57867e-16 -1.27459e-14 
9.51245 90.6624 57.0766 9.55581 -5.98812 7.31332 0 5.07867 -1.15138 -3.52807 5.47231 0.0112069 0 5.61661 1.07143 -2.7051 3.84334 -0.451532 -1.02604e-17 5.98978 0.11501 -2.00519 2.43895 -0.398163 -1.10457e-17 6.50583 -0.443523 -1.25309 -0.567337 -0.425685 -1.97295e-17 7.60548 -1.50593 -0.531519 -1.91441 -0.330154 -2.53307e-17 9.49737 -0.914492 0.14192 -3.6714 -0.660882 -2.90401e-17 10.5513 1.57691 -0.0401926 1.19724 -0.0654901 -1.29193e-17 4.78644 0.715339 0.76198 7.28829 -3.3093 -1.8116e-17 4.82109 0.421791 0.982446 -3.56833 -1.6815 -2.00958e-17 4.83041 0.765062 0.60494 -6.49315 0.646701 1.23299 -7.60731 7.53374 13.6714 5.28953 2.27835 12.9547 3.2495 -3.26872 -96.7768 29.3308 8.99467 29.2081 0.0598081 0.137039 3.94333 -0.651375 -19.3445 24.234 0.0496219 0.113701 -4.23846 -19.3933 -1.66074 -1.23299 -7.60729 7.53365 -12.3697 4.68339 -2.04566 -12.9547 3.2495 -3.26872 97.9402 23.0288 -6.73947 -29.2081 0.0598081 0.137039 -3.4189 -0.483666 16.6942 -24.234 0.0496218 0.113702 4.45673 -23.8524 1.13139 9.23673 -4.20556 2.0327 -8.90225 1.34104 -18.6365 -0.852353 -38.7721 -0.655187 -1.71521 6.39764 -0.0159167 -2.32622 -40.4017 -6.04875 0.978289 -3.85283 15.2365 0.779096 -9.8844 12.4959 2.48481e-17 -7.95139e-16 1.2424e-17 -9.23673 -4.20556 2.0327 -9.81272 -13.7516 12.0217 0.852353 -38.7721 -0.655187 5.32616 19.3178 -0.566249 2.32622 -40.4017 -6.04875 -2.65621 -5.12246 -15.2182 -0.779096 -9.8844 12.4959 -2.08505e-16 -5.83322e-16 -1.27592e-14 
9.51629 90.6617 57.1251 9.53359 -5.99941 7.29984 0 5.07867 -1.15138 -3.52028 5.47125 0.0135609 0 5.61661 1.07143 -2.69927 3.84234 -0.447424 -1.02604e-17 5.98978 0.11501 -2.00105 2.43796 -0.393692 -1.10457e-17 6.50583 -0.443523 -1.2504 -0.568007 -0.421073 -1.97295e-17 7.60548 -1.50593 -0.529595 -1.91376 -0.325816 -2.53307e-17 9.49737 -0.914492 0.14358 -3.67187 -0.657011 -2.90401e-17 10.5513 1.57691 -0.0398209 1.19699 -0.0651382 -1.29193e-17 4.78644 0.715339 0.763579 7.29531 -3.31152 -1.8116e-17 4.82109 0.421791 0.987511 -3.55217 -1.68254 -2.00958e-17 4.83041 0.765062 0.592017 -6.46512 0.641678 1.23299 -7.60731 7.53374 13.6767 5.29186 2.27701 12.9547 3.2495 -3.26872 -96.7902 29.3598 8.98226 29.2081 0.0598081 0.137039 3.9361 -0.648881 -19.3077 24.234 0.0496219 0.113701 -4.24925 -19.38 -1.68046 -1.23299 -7.60729 7.53365 -12.3789 4.68646 -2.05369 -12.9547 3.2495 -3.26872 97.933 23.0543 -6.74592 -29.2081 0.0598081 0.137039 -3.42315 -0.484918 16.7155 -24.234 0.0496218 0.113702 4.45688 -23.8939 1.11854 9.23673 -4.20556 2.0327 -8.89044 1.31941 -18.6436 -0.852353 -38.7721 -0.655187 -1.73477 6.47027 -0.0149918 -2.32622 -40.4017 -6.04875 1.00896 -3.87837 15.2366 0.779096 -9.8844 12.4959 4.12697e-16 -7.83018e-16 3.03766e-19 -9.23673 -4.20556 2.0327 -9.79192 -13.778 12.033 0.852353 -38.7721 -0.655187 5.33864 19.36 -0.56964 2.32622 -40.4017 -6.04875 -2.64554 -5.09229 -15.2167 -0.779096 -9.8844 12.4959 -1.36233e-15 -5.35449e-16 -1.2711e-14 
9.52043 90.6592 57.1744 9.5333 -5.98755 7.28498 0 5.07867 -1.15138 -3.52033 5.44744 0.01219 0 5.61661 1.07143 -2.69976 3.82961 -0.450011 -1.02604e-17 5.98978 0.11501 -2.00176 2.43541 -0.396931 -1.10457e-17 6.50583 -0.443523 -1.25177 -0.552462 -0.424048 -1.97295e-17 7.60548 -1.50593 -0.532076 -1.89055 -0.328491 -2.53307e-17 9.49737 -0.914492 0.140336 -3.63849 -0.658675 -2.90401e-17 10.5513 1.57691 -0.0406856 1.19427 -0.0656597 -1.29193e-17 4.78644 0.715339 0.760177 7.26082 -3.29616 -1.8116e-17 4.82109 0.421791 0.986553 -3.53542 -1.67573 -2.00958e-17 4.83041 0.765062 0.604166 -6.44181 0.654629 1.23299 -7.60731 7.53374 13.5218 5.27389 2.26793 12.9547 3.2495 -3.26872 -96.802 29.2451 8.94692 29.2081 0.0598081 0.137039 3.92518 -0.645125 -19.2521 24.234 0.0496219 0.113701 -4.08671 -19.2663 -1.63775 -1.23299 -7.60729 7.53365 -12.3292 4.67306 -2.05969 -12.9547 3.2495 -3.26872 97.9173 23.0678 -6.71603 -29.2081 0.0598081 0.137039 -3.42596 -0.485744 16.7296 -24.234 0.0496218 0.113702 4.40884 -23.8833 1.10452 9.23673 -4.20556 2.0327 -8.90254 1.27406 -18.6492 -0.852353 -38.7721 -0.655187 -1.75539 6.54677 -0.0139905 -2.32622 -40.4017 -6.04875 1.01707 -3.90398 15.2393 0.779096 -9.8844 12.4959 3.45686e-17 -7.94835e-16 1.21203e-17 -9.23673 -4.20556 2.0327 -9.79486 -13.8289 12.0569 0.852353 -38.7721 -0.655187 5.35406 19.4122 -0.573845 2.32622 -40.4017 -6.04875 -2.64379 -5.08299 -15.2167 -0.779096 -9.8844 12.4959 -1.00364e-15 -5.46354e-16 -1.27219e-14 
9.52528 90.6581 57.2241 9.531 -5.99066 7.27847 0 5.07867 -1.15138 -3.52168 5.4346 0.0182405 0 5.61661 1.07143 -2.7028 3.82109 -0.443679 -1.02604e-17 5.98978 0.11501 -2.00486 2.43245 -0.390297 -1.10457e-17 6.50583 -0.443523 -1.25503 -0.545634 -0.417026 -1.97295e-17 7.60548 -1.50593 -0.5341 -1.87994 -0.32062 -2.53307e-17 9.49737 -0.914492 0.141176 -3.62318 -0.650569 -2.90401e-17 10.5513 1.57691 -0.0410452 1.19351 -0.0655133 -1.29193e-17 4.78644 0.715339 0.759305 7.26692 -3.30332 -1.8116e-17 4.82109 0.421791 0.995589 -3.51286 -1.67889 -2.00958e-17 4.83041 0.765062 0.608571 -6.4131 0.63984 1.23299 -7.60731 7.53374 13.4627 5.25715 2.27553 12.9547 3.2495 -3.26872 -96.7438 29.1244 8.89023 29.2081 0.0598081 0.137039 3.90527 -0.638309 -19.1509 24.234 0.0496219 0.113701 -4.10362 -19.0789 -1.65784 -1.23299 -7.60729 7.53365 -12.2904 4.66693 -2.07637 -12.9547 3.2495 -3.26872 97.898 23.0795 -6.70352 -29.2081 0.0598081 0.137039 -3.42383 -0.485116 16.7189 -24.234 0.0496218 0.113702 4.39104 -23.9159 1.11125 9.23673 -4.20556 2.0327 -8.91352 1.23421 -18.6638 -0.852353 -38.7721 -0.655187 -1.78096 6.64168 -0.0127095 -2.32622 -40.4017 -6.04875 1.03121 -3.92388 15.2422 0.779096 -9.8844 12.4959 2.48481e-17 -7.95139e-16 1.2424e-17 -9.23673 -4.20556 2.0327 -9.79851 -13.8448 12.0512 0.852353 -38.7721 -0.655187 5.36082 19.4351 -0.575694 2.32622 -40.4017 -6.04875 -2.65321 -5.07282 -15.2144 -0.779096 -9.8844 12.4959 -1.38177e-15 -5.34538e-16 -1.27101e-14 
9.53005 90.6566 57.274 9.52736 -5.99103 7.26651 0 5.07867 -1.15138 -3.51836 5.43752 0.0210516 0 5.61661 1.07143 -2.70103 3.82234 -0.440364 -1.02604e-17 5.98978 0.11501 -2.00408 2.43225 -0.386772 -1.10457e-17 6.50583 -0.443523 -1.2551 -0.548202 -0.413559 -1.97295e-17 7.60548 -1.50593 -0.534319 -1.88356 -0.317021 -2.53307e-17 9.49737 -0.914492 0.141463 -3.62898 -0.647063 -2.90401e-17 10.5513 1.57691 -0.0410135 1.19411 -0.0657958 -1.29193e-17 4.78644 0.715339 0.762459 7.28672 -3.29352 -1.8116e-17 4.82109 0.421791 1.00107 -3.48955 -1.67432 -2.00958e-17 4.83041 0.765062 0.591599 -6.38653 0.623177 1.23299 -7.60731 7.53374 13.4487 5.25966 2.27632 12.9547 3.2495 -3.26872 -96.7459 29.0933 8.88067 29.2081 0.0598081 0.137039 3.89352 -0.634303 -19.0912 24.234 0.0496219 0.113701 -4.11587 -19.0181 -1.69104 -1.23299 -7.60729 7.53365 -12.3073 4.66963 -2.09499 -12.9547 3.2495 -3.26872 97.9053 23.0835 -6.70492 -29.2081 0.0598081 0.137039 -3.42326 -0.48495 16.7161 -24.234 0.0496218 0.113702 4.39675 -23.8941 1.13616 9.23673 -4.20556 2.0327 -8.92348 1.19734 -18.6792 -0.852353 -38.7721 -0.655187 -1.80369 6.72598 -0.0115357 -2.32622 -40.4017 -6.04875 1.06648 -3.94032 15.2413 0.779096 -9.8844 12.4959 -3.63001e-16 -8.07259e-16 2.45443e-17 -9.23673 -4.20556 2.0327 -9.79684 -13.8747 12.0624 0.852353 -38.7721 -0.655187 5.37202 19.4729 -0.57876 2.32622 -40.4017 -6.04875 -2.6462 -5.0613 -15.2158 -0.779096 -9.8844 12.4959 1.59903e-16 -5.94835e-16 -1.27704e-14 
9.536 90.655 57.3246 9.52727 -5.99103 7.26621 0 5.07867 -1.15138 -3.50415 5.41881 0.0213694 0 5.61661 1.07143 -2.68997 3.81268 -0.438678 -1.02604e-17 5.98978 0.11501 -1.99587 2.43187 -0.384668 -1.10457e-17 6.50583 -0.443523 -1.24992 -0.530462 -0.410465 -1.97295e-17 7.60548 -1.50593 -0.532009 -1.85883 -0.314235 -2.53307e-17 9.49737 -0.914492 0.141725 -3.59288 -0.64464 -2.90401e-17 10.5513 1.57691 -0.0413648 1.19171 -0.0633068 -1.29193e-17 4.78644 0.715339 0.748915 7.22142 -3.29602 -1.8116e-17 4.82109 0.421791 0.996374 -3.45765 -1.67681 -2.00958e-17 4.83041 0.765062 0.559582 -6.33357 0.624036 1.23299 -7.60731 7.53374 13.3336 5.24631 2.27798 12.9547 3.2495 -3.26872 -96.7966 29.0027 8.84088 29.2081 0.0598081 0.137039 3.88677 -0.632007 -19.0569 24.234 0.0496219 0.113701 -4.0023 -18.8918 -1.65037 -1.23299 -7.60729 7.53365 -12.1418 4.66997 -2.0706 -12.9547 3.2495 -3.26872 97.71 23.0258 -6.68222 -29.2081 0.0598081 0.137039 -3.4258 -0.485699 16.7288 -24.234 0.0496218 0.113702 4.37131 -23.8653 1.18825 9.23673 -4.20556 2.0327 -8.93489 1.1603 -18.688 -0.852353 -38.7721 -0.655187 -1.82697 6.8123 -0.0102986 -2.32622 -40.4017 -6.04875 1.06428 -3.96499 15.245 0.779096 -9.8844 12.4959 1.51276e-17 -7.95442e-16 1.27278e-17 -9.23673 -4.20556 2.0327 -9.80727 -13.9109 12.0443 0.852353 -38.7721 -0.655187 5.38862 19.529 -0.58332 2.32622 -40.4017 -6.04875 -2.63073 -5.05302 -15.2163 -0.779096 -9.8844 12.4959 1.98785e-16 -5.96354e-16 -1.27719e-14 
9.54233 90.6518 57.3775 9.51863 -5.97406 7.2656 0 5.07867 -1.15138 -3.51342 5.41674 0.0236704 0 5.61661 1.07143 -2.70071 3.80977 -0.43801 -1.02604e-17 5.98978 0.11501 -2.00662 2.42691 -0.385247 -1.10457e-17 6.50583 -0.443523 -1.26079 -0.538839 -0.411486 -1.97295e-17 7.60548 -1.50593 -0.54233 -1.86692 -0.314171 -2.53307e-17 9.49737 -0.914492 0.133093 -3.60372 -0.639877 -2.90401e-17 10.5513 1.57691 -0.0419829 1.19267 -0.0666094 -1.29193e-17 4.78644 0.715339 0.758223 7.24357 -3.28296 -1.8116e-17 4.82109 0.421791 0.992834 -3.42584 -1.66916 -2.00958e-17 4.83041 0.765062 0.617282 -6.29654 0.619479 1.23299 -7.60731 7.53374 13.1821 5.23423 2.25587 12.9547 3.2495 -3.26872 -96.7404 28.835 8.86592 29.2081 0.0598081 0.137039 3.86654 -0.625158 -18.9542 24.234 0.0496219 0.113701 -3.90047 -18.7287 -1.6815 -1.23299 -7.60729 7.53365 -12.332 4.65866 -2.11423 -12.9547 3.2495 -3.26872 97.8612 23.171 -6.74171 -29.2081 0.0598081 0.137039 -3.44264 -0.490678 16.8133 -24.234 0.0496218 0.113702 4.46343 -23.9442 1.18935 9.23673 -4.20556 2.0327 -8.94456 1.11796 -18.6919 -0.852353 -38.7721 -0.655187 -1.84501 6.87917 -0.00931581 -2.32622 -40.4017 -6.04875 1.11898 -3.98603 15.2435 0.779096 -9.8844 12.4959 4.12697e-16 -7.83018e-16 3.03766e-19 -9.23673 -4.20556 2.0327 -9.81001 -13.9524 12.0003 0.852353 -38.7721 -0.655187 5.39956 19.566 -0.586332 2.32622 -40.4017 -6.04875 -2.6862 -5.03173 -15.2105 -0.779096 -9.8844 12.4959 -5.76913e-16 -5.59993e-16 -1.27477e-14 
9.54774 90.6493 57.43 9.51868 -5.96148 7.25106 0 5.07867 -1.15138 -3.50993 5.41216 0.0327583 0 5.61661 1.07143 -2.70171 3.80545 -0.427565 -1.02604e-17 5.98978 0.11501 -2.00978 2.42391 -0.374996 -1.10457e-17 6.50583 -0.443523 -1.26568 -0.538939 -0.40117 -1.97295e-17 7.60548 -1.50593 -0.546876 -1.86458 -0.303142 -2.53307e-17 9.49737 -0.914492 0.131354 -3.60173 -0.627016 -2.90401e-17 10.5513 1.57691 -0.0421227 1.19311 -0.068614 -1.29193e-17 4.78644 0.715339 0.767144 7.29168 -3.27067 -1.8116e-17 4.82109 0.421791 1.01804 -3.41522 -1.66251 -2.00958e-17 4.83041 0.765062 0.577374 -6.30092 0.584657 1.23299 -7.60731 7.53374 13.1246 5.21363 2.25584 12.9547 3.2495 -3.26872 -96.6877 28.6657 8.82416 29.2081 0.0598081 0.137039 3.84804 -0.618929 -18.8603 24.234 0.0496219 0.113701 -3.92801 -18.5128 -1.72221 -1.23299 -7.60729 7.53365 -12.4534 4.64516 -2.17416 -12.9547 3.2495 -3.26872 97.9708 23.2508 -6.79272 -29.2081 0.0598081 0.137039 -3.4608 -0.496078 16.9045 -24.234 0.0496218 0.113702 4.4683 -23.9844 1.16797 9.23673 -4.20556 2.0327 -8.95705 1.09234 -18.7028 -0.852353 -38.7721 -0.655187 -1.85659 6.92212 -0.00867337 -2.32622 -40.4017 -6.04875 1.12869 -4.00886 15.246 0.779096 -9.8844 12.4959 4.22417e-16 -7.82715e-16 2.88531e-33 -9.23673 -4.20556 2.0327 -9.82278 -13.997 11.9634 0.852353 -38.7721 -0.655187 5.41245 19.6095 -0.589894 2.32622 -40.4017 -6.04875 -2.6785 -5.03009 -15.2102 -0.779096 -9.8844 12.4959 -1.7599e-15 -5.10601e-16 -1.26986e-14 
9.55497 90.6453 57.4819 9.55753 -5.92956 7.24445 0 5.07867 -1.15138 -3.51588 5.41952 0.0416167 0 5.61661 1.07143 -2.7106 3.8065 -0.418027 -1.02604e-17 5.98978 0.11501 -2.01888 2.42059 -0.365349 -1.10457e-17 6.50583 -0.443523 -1.27453 -0.550755 -0.391509 -1.97295e-17 7.60548 -1.50593 -0.553099 -1.8764 -0.292157 -2.53307e-17 9.49737 -0.914492 0.1297 -3.61774 -0.614997 -2.90401e-17 10.5513 1.57691 -0.0415236 1.19508 -0.0694469 -1.29193e-17 4.78644 0.715339 0.770577 7.32701 -3.27848 -1.8116e-17 4.82109 0.421791 1.01963 -3.37773 -1.66603 -2.00958e-17 4.83041 0.765062 0.568017 -6.29891 0.578347 1.23299 -7.60731 7.53374 13.1064 5.2193 2.24831 12.9547 3.2495 -3.26872 -96.6724 28.6473 8.83685 29.2081 0.0598081 0.137039 3.83986 -0.616184 -18.8188 24.234 0.0496219 0.113701 -3.95715 -18.4501 -1.79192 -1.23299 -7.60729 7.53365 -12.5326 4.65407 -2.19884 -12.9547 3.2495 -3.26872 98.0407 23.3167 -6.85736 -29.2081 0.0598081 0.137039 -3.4792 -0.501582 16.9969 -24.234 0.0496218 0.113702 4.45869 -24.0455 1.17148 9.23673 -4.20556 2.0327 -9.01074 1.04827 -18.7029 -0.852353 -38.7721 -0.655187 -1.86956 6.97016 -0.00794427 -2.32622 -40.4017 -6.04875 1.13424 -4.00809 15.2445 0.779096 -9.8844 12.4959 -3.53271e-16 -8.06955e-16 2.42403e-17 -9.23673 -4.20556 2.0327 -9.88176 -14.0395 11.9264 0.852353 -38.7721 -0.655187 5.41995 19.6348 -0.591969 2.32622 -40.4017 -6.04875 -2.65932 -5.07548 -15.2145 -0.779096 -9.8844 12.4959 1.50159e-16 -5.94227e-16 -1.27701e-14 
9.57182 90.6383 57.5309 9.59815 -5.8762 7.26715 0 5.07867 -1.15138 -3.52569 5.42811 0.0478174 0 5.61661 1.07143 -2.72231 3.80758 -0.411857 -1.02604e-17 5.98978 0.11501 -2.02965 2.41524 -0.358928 -1.10457e-17 6.50583 -0.443523 -1.28417 -0.568463 -0.384977 -1.97295e-17 7.60548 -1.50593 -0.559743 -1.89418 -0.284022 -2.53307e-17 9.49737 -0.914492 0.127243 -3.64032 -0.606092 -2.90401e-17 10.5513 1.57691 -0.0412295 1.19767 -0.069178 -1.29193e-17 4.78644 0.715339 0.766686 7.32414 -3.26738 -1.8116e-17 4.82109 0.421791 1.01387 -3.3475 -1.66166 -2.00958e-17 4.83041 0.765062 0.561159 -6.25664 0.547574 1.23299 -7.60731 7.53374 13.0947 5.23275 2.2483 12.9547 3.2495 -3.26872 -96.6565 28.6088 8.86067 29.2081 0.0598081 0.137039 3.84456 -0.617759 -18.8426 24.234 0.0496219 0.113701 -3.97789 -18.3633 -1.8035 -1.23299 -7.60729 7.53365 -12.5539 4.66942 -2.20899 -12.9547 3.2495 -3.26872 98.0753 23.3192 -6.91959 -29.2081 0.0598081 0.137039 -3.50164 -0.508342 17.1097 -24.234 0.0496218 0.113702 4.43604 -24.0571 1.14804 9.23673 -4.20556 2.0327 -9.07684 0.976715 -18.7182 -0.852353 -38.7721 -0.655187 -1.88571 7.03003 -0.00702023 -2.32622 -40.4017 -6.04875 1.14332 -4.02167 15.245 0.779096 -9.8844 12.4959 4.02967e-16 -7.83322e-16 6.07828e-19 -9.23673 -4.20556 2.0327 -9.96059 -14.1106 11.8659 0.852353 -38.7721 -0.655187 5.43459 19.6842 -0.59603 2.32622 -40.4017 -6.04875 -2.63753 -5.1323 -15.22 -0.779096 -9.8844 12.4959 -1.35259e-15 -5.35753e-16 -1.27113e-14 
9.60159 90.6269 57.5747 9.63953 -5.80132 7.31964 0 5.07867 -1.15138 -3.51441 5.42049 0.0489092 0 5.61661 1.07143 -2.71567 3.7997 -0.408704 -1.02604e-17 5.98978 0.11501 -2.02587 2.40635 -0.354731 -1.10457e-17 6.50583 -0.443523 -1.28299 -0.576573 -0.379858 -1.97295e-17 7.60548 -1.50593 -0.560218 -1.89691 -0.278616 -2.53307e-17 9.49737 -0.914492 0.125867 -3.64079 -0.600574 -2.90401e-17 10.5513 1.57691 -0.0409814 1.19821 -0.0653907 -1.29193e-17 4.78644 0.715339 0.747328 7.23434 -3.26113 -1.8116e-17 4.82109 0.421791 0.999312 -3.29429 -1.66109 -2.00958e-17 4.83041 0.765062 0.502501 -6.19629 0.512877 1.23299 -7.60731 7.53374 13.0669 5.24744 2.25416 12.9547 3.2495 -3.26872 -96.7638 28.5752 8.8911 29.2081 0.0598081 0.137039 3.8631 -0.623997 -18.9367 24.234 0.0496219 0.113701 -3.91866 -18.2721 -1.74639 -1.23299 -7.60729 7.53365 -12.4296 4.69599 -2.16857 -12.9547 3.2495 -3.26872 97.8369 23.2768 -6.96775 -29.2081 0.0598081 0.137039 -3.52115 -0.514254 17.2078 -24.234 0.0496218 0.113702 4.46573 -24.0883 1.20916 9.23673 -4.20556 2.0327 -9.15251 0.890818 -18.7575 -0.852353 -38.7721 -0.655187 -1.89943 7.08085 -0.00622245 -2.32622 -40.4017 -6.04875 1.14518 -4.05244 15.2456 0.779096 -9.8844 12.4959 -3.53271e-16 -8.06955e-16 2.42403e-17 -9.23673 -4.20556 2.0327 -10.0583 -14.2026 11.7983 0.852353 -38.7721 -0.655187 5.45323 19.7471 -0.601218 2.32622 -40.4017 -6.04875 -2.59669 -5.21521 -15.2297 -0.779096 -9.8844 12.4959 5.47728e-16 -6.19075e-16 -1.27946e-14 
9.6429 90.6126 57.6122 9.66171 -5.71309 7.39498 0 5.07867 -1.15138 -3.51828 5.41387 0.0542794 0 5.61661 1.07143 -2.72216 3.79152 -0.403169 -1.02604e-17 5.98978 0.11501 -2.03229 2.3959 -0.348536 -1.10457e-17 6.50583 -0.443523 -1.28963 -0.591738 -0.373127 -1.97295e-17 7.60548 -1.50593 -0.565319 -1.90733 -0.270271 -2.53307e-17 9.49737 -0.914492 0.123411 -3.65028 -0.591645 -2.90401e-17 10.5513 1.57691 -0.0408817 1.20029 -0.0628705 -1.29193e-17 4.78644 0.715339 0.727274 7.16456 -3.26178 -1.8116e-17 4.82109 0.421791 0.973544 -3.26324 -1.6633 -2.00958e-17 4.83041 0.765062 0.524205 -6.11787 0.476667 1.23299 -7.60731 7.53374 13.047 5.26474 2.26202 12.9547 3.2495 -3.26872 -96.7837 28.5358 8.91824 29.2081 0.0598081 0.137039 3.86922 -0.626063 -18.9678 24.234 0.0496219 0.113701 -3.89125 -18.1559 -1.75343 -1.23299 -7.60729 7.53365 -12.3046 4.71914 -2.1358 -12.9547 3.2495 -3.26872 97.6939 23.2732 -6.98068 -29.2081 0.0598081 0.137039 -3.53371 -0.51808 17.2709 -24.234 0.0496218 0.113702 4.44814 -24.1587 1.22777 9.23673 -4.20556 2.0327 -9.2211 0.784498 -18.8409 -0.852353 -38.7721 -0.655187 -1.91583 7.14161 -0.00525251 -2.32622 -40.4017 -6.04875 1.17607 -4.10006 15.2447 0.779096 -9.8844 12.4959 1.51228e-17 -7.95443e-16 1.2728e-17 -9.23673 -4.20556 2.0327 -10.1452 -14.3108 11.7294 0.852353 -38.7721 -0.655187 5.47293 19.8135 -0.606724 2.32622 -40.4017 -6.04875 -2.60343 -5.27641 -15.2358 -0.779096 -9.8844 12.4959 -5.67178e-16 -5.60601e-16 -1.27483e-14 
9.69438 90.5981 57.644 9.69265 -5.62049 7.50054 0 5.07867 -1.15138 -3.52504 5.41436 0.054779 0 5.61661 1.07143 -2.7296 3.78733 -0.403631 -1.02604e-17 5.98978 0.11501 -2.03873 2.38563 -0.348739 -1.10457e-17 6.50583 -0.443523 -1.29518 -0.6135 -0.373302 -1.97295e-17 7.60548 -1.50593 -0.569442 -1.92841 -0.269199 -2.53307e-17 9.49737 -0.914492 0.120649 -3.67579 -0.590463 -2.90401e-17 10.5513 1.57691 -0.0407941 1.20419 -0.0619818 -1.29193e-17 4.78644 0.715339 0.719966 7.13565 -3.24873 -1.8116e-17 4.82109 0.421791 0.962466 -3.23635 -1.65886 -2.00958e-17 4.83041 0.765062 0.516522 -6.06693 0.445036 1.23299 -7.60731 7.53374 13.0376 5.28686 2.26619 12.9547 3.2495 -3.26872 -96.7861 28.5065 8.93086 29.2081 0.0598081 0.137039 3.87067 -0.626554 -18.9752 24.234 0.0496219 0.113701 -3.89254 -18.0818 -1.76953 -1.23299 -7.60729 7.53365 -12.2661 4.73816 -2.12401 -12.9547 3.2495 -3.26872 97.6505 23.2049 -6.97537 -29.2081 0.0598081 0.137039 -3.5398 -0.51994 17.3016 -24.234 0.0496218 0.113702 4.4222 -24.0921 1.20524 9.23673 -4.20556 2.0327 -9.30613 0.674306 -18.9458 -0.852353 -38.7721 -0.655187 -1.93083 7.19716 -0.00435016 -2.32622 -40.4017 -6.04875 1.19984 -4.1397 15.2437 0.779096 -9.8844 12.4959 4.12692e-16 -7.83019e-16 3.03914e-19 -9.23673 -4.20556 2.0327 -10.2578 -14.4305 11.6363 0.852353 -38.7721 -0.655187 5.49857 19.8998 -0.613922 2.32622 -40.4017 -6.04875 -2.58678 -5.34008 -15.245 -0.779096 -9.8844 12.4959 -1.37204e-15 -5.34842e-16 -1.27107e-14 
9.63769 90.6095 57.739 9.72565 -5.53641 7.62744 0 5.07867 -1.15138 -3.55744 5.37898 0.063425 0 5.61661 1.07143 -2.75964 3.75891 -0.398094 -1.02604e-17 5.98978 0.11501 -2.06221 2.36558 -0.34204 -1.10457e-17 6.50583 -0.443523 -1.31223 -0.620607 -0.366232 -1.97295e-17 7.60548 -1.50593 -0.57811 -1.92449 -0.259019 -2.53307e-17 9.49737 -0.914492 0.122234 -3.66262 -0.581412 -2.90401e-17 10.5513 1.57691 -0.0396101 1.20488 -0.0600394 -1.29193e-17 4.78644 0.715339 0.7093 7.0802 -3.24715 -1.8116e-17 4.82109 0.421791 0.97562 -3.19818 -1.6596 -2.00958e-17 4.83041 0.765062 0.566169 -5.99885 0.407794 1.23299 -7.60731 7.53374 13.0141 5.29952 2.26323 12.9547 3.2495 -3.26872 -96.6526 28.5385 8.93055 29.2081 0.0598081 0.137039 3.86516 -0.624692 -18.9472 24.234 0.0496219 0.113701 -3.93307 -18.0382 -1.82463 -1.23299 -7.60729 7.53365 -12.1131 4.75616 -2.08158 -12.9547 3.2495 -3.26872 97.4867 23.2112 -7.00956 -29.2081 0.0598081 0.137039 -3.54352 -0.521079 17.3203 -24.234 0.0496218 0.113702 4.47326 -24.1799 1.25303 9.23673 -4.20556 2.0327 -9.32295 0.628073 -19.0447 -0.852353 -38.7721 -0.655187 -1.9328 7.20444 -0.00423081 -2.32622 -40.4017 -6.04875 1.21423 -4.09194 15.2435 0.779096 -9.8844 12.4959 -3.53271e-16 -8.06955e-16 2.42403e-17 -9.23673 -4.20556 2.0327 -10.3002 -14.4317 11.5371 0.852353 -38.7721 -0.655187 5.48981 19.8703 -0.611458 2.32622 -40.4017 -6.04875 -2.57715 -5.39427 -15.2474 -0.779096 -9.8844 12.4959 1.59884e-16 -5.94834e-16 -1.27704e-14 
9.66039 90.6017 57.7875 9.7623 -5.44003 7.75204 0 5.07867 -1.15138 -3.57144 5.35773 0.0650741 0 5.61661 1.07143 -2.77312 3.74179 -0.398036 -1.02604e-17 5.98978 0.11501 -2.07295 2.35095 -0.341861 -1.10457e-17 6.50583 -0.443523 -1.32025 -0.631057 -0.36604 -1.97295e-17 7.60548 -1.50593 -0.582928 -1.92784 -0.257379 -2.53307e-17 9.49737 -0.914492 0.120672 -3.66373 -0.580146 -2.90401e-17 10.5513 1.57691 -0.0392024 1.20587 -0.0591101 -1.29193e-17 4.78644 0.715339 0.701163 7.03907 -3.2444 -1.8116e-17 4.82109 0.421791 0.973878 -3.18348 -1.65989 -2.00958e-17 4.83041 0.765062 0.582102 -5.94327 0.423689 1.23299 -7.60731 7.53374 13.0134 5.31208 2.26716 12.9547 3.2495 -3.26872 -96.6247 28.6072 8.95485 29.2081 0.0598081 0.137039 3.87284 -0.627286 -18.9862 24.234 0.0496219 0.113701 -3.93364 -18.075 -1.82861 -1.23299 -7.60729 7.53365 -12.0551 4.76677 -2.05204 -12.9547 3.2495 -3.26872 97.4227 23.1296 -7.00822 -29.2081 0.0598081 0.137039 -3.54633 -0.521939 17.3344 -24.234 0.0496218 0.113702 4.45709 -24.1114 1.2311 9.23673 -4.20556 2.0327 -9.39361 0.551688 -19.141 -0.852353 -38.7721 -0.655187 -1.93379 7.20813 -0.00417023 -2.32622 -40.4017 -6.04875 1.23133 -4.10243 15.2414 0.779096 -9.8844 12.4959 1.51228e-17 -7.95443e-16 1.2728e-17 -9.23673 -4.20556 2.0327 -10.4048 -14.5269 11.4429 0.852353 -38.7721 -0.655187 5.5091 19.9352 -0.616889 2.32622 -40.4017 -6.04875 -2.55886 -5.45617 -15.2532 -0.779096 -9.8844 12.4959 -5.76904e-16 -5.59994e-16 -1.27477e-14 
9.68839 90.5925 57.832 9.78253 -5.35122 7.88143 0 5.07867 -1.15138 -3.57115 5.34065 0.068413 0 5.61661 1.07143 -2.77289 3.7281 -0.395423 -1.02604e-17 5.98978 0.11501 -2.07156 2.34095 -0.338161 -1.10457e-17 6.50583 -0.443523 -1.31837 -0.635807 -0.36149 -1.97295e-17 7.60548 -1.50593 -0.579681 -1.92626 -0.252135 -2.53307e-17 9.49737 -0.914492 0.125646 -3.65448 -0.578208 -2.90401e-17 10.5513 1.57691 -0.0384825 1.20727 -0.0546259 -1.29193e-17 4.78644 0.715339 0.679383 6.93574 -3.2157 -1.8116e-17 4.82109 0.421791 0.968682 -3.15223 -1.64978 -2.00958e-17 4.83041 0.765062 0.579982 -5.85746 0.390701 1.23299 -7.60731 7.53374 12.9865 5.33274 2.27848 12.9547 3.2495 -3.26872 -96.673 28.6438 8.97423 29.2081 0.0598081 0.137039 3.88657 -0.631941 -19.0559 24.234 0.0496219 0.113701 -3.88158 -18.0539 -1.79942 -1.23299 -7.60729 7.53365 -11.7614 4.79073 -1.98202 -12.9547 3.2495 -3.26872 97.1495 22.9712 -6.9354 -29.2081 0.0598081 0.137039 -3.54 -0.520003 17.3026 -24.234 0.0496218 0.113702 4.34176 -24.0252 1.20333 9.23673 -4.20556 2.0327 -9.44886 0.483744 -19.2391 -0.852353 -38.7721 -0.655187 -1.93437 7.21027 -0.00413503 -2.32622 -40.4017 -6.04875 1.23248 -4.13295 15.2422 0.779096 -9.8844 12.4959 2.48481e-17 -7.95139e-16 1.2424e-17 -9.23673 -4.20556 2.0327 -10.4971 -14.6003 11.3391 0.852353 -38.7721 -0.655187 5.52058 19.9738 -0.62013 2.32622 -40.4017 -6.04875 -2.51736 -5.53079 -15.2621 -0.779096 -9.8844 12.4959 -9.84198e-16 -5.46962e-16 -1.27228e-14 
9.71746 90.5819 57.873 9.80591 -5.25012 8.0081 0 5.07867 -1.15138 -3.58476 5.32802 0.0720345 0 5.61661 1.07143 -2.78528 3.71525 -0.394168 -1.02604e-17 5.98978 0.11501 -2.08081 2.3269 -0.336457 -1.10457e-17 6.50583 -0.443523 -1.32489 -0.652794 -0.359779 -1.97295e-17 7.60548 -1.50593 -0.582671 -1.94063 -0.248866 -2.53307e-17 9.49737 -0.914492 0.126623 -3.66971 -0.575973 -2.90401e-17 10.5513 1.57691 -0.0374801 1.21026 -0.0525716 -1.29193e-17 4.78644 0.715339 0.668363 6.89189 -3.18957 -1.8116e-17 4.82109 0.421791 0.958124 -3.10727 -1.63934 -2.00958e-17 4.83041 0.765062 0.627352 -5.77605 0.383951 1.23299 -7.60731 7.53374 12.9829 5.35407 2.29291 12.9547 3.2495 -3.26872 -96.669 28.6868 9.02034 29.2081 0.0598081 0.137039 3.89078 -0.63337 -19.0773 24.234 0.0496219 0.113701 -3.872 -18.0551 -1.82001 -1.23299 -7.60729 7.53365 -11.6305 4.80805 -1.94231 -12.9547 3.2495 -3.26872 97.0123 22.8461 -6.86834 -29.2081 0.0598081 0.137039 -3.52813 -0.516379 17.2429 -24.234 0.0496218 0.113702 4.31837 -23.9277 1.19228 9.23673 -4.20556 2.0327 -9.51478 0.402817 -19.3391 -0.852353 -38.7721 -0.655187 -1.93486 7.21209 -0.00410501 -2.32622 -40.4017 -6.04875 1.28182 -4.15293 15.2381 0.779096 -9.8844 12.4959 -3.62996e-16 -8.07259e-16 2.45442e-17 -9.23673 -4.20556 2.0327 -10.5917 -14.6992 11.2482 0.852353 -38.7721 -0.655187 5.5373 20.0299 -0.624866 2.32622 -40.4017 -6.04875 -2.52511 -5.58746 -15.2661 -0.779096 -9.8844 12.4959 1.69609e-16 -5.95138e-16 -1.27707e-14 
9.72756 90.5821 57.9366 9.80607 -5.14839 8.15972 0 5.07867 -1.15138 -3.54784 5.22661 0.0698071 0 5.61661 1.07143 -2.7521 3.65664 -0.396231 -1.02604e-17 5.98978 0.11501 -2.05186 2.31121 -0.336378 -1.10457e-17 6.50583 -0.443523 -1.30236 -0.590222 -0.356455 -1.97295e-17 7.60548 -1.50593 -0.567468 -1.84878 -0.246591 -2.53307e-17 9.49737 -0.914492 0.135699 -3.52533 -0.579554 -2.90401e-17 10.5513 1.57691 -0.0384827 1.20259 -0.0406378 -1.29193e-17 4.78644 0.715339 0.605875 6.56137 -3.1578 -1.8116e-17 4.82109 0.421791 0.940166 -3.06164 -1.63101 -2.00958e-17 4.83041 0.765062 0.567434 -5.61117 0.35844 1.23299 -7.60731 7.53374 12.6472 5.31995 2.31331 12.9547 3.2495 -3.26872 -96.7716 28.4877 8.92941 29.2081 0.0598081 0.137039 3.9054 -0.638353 -19.1516 24.234 0.0496219 0.113701 -3.53714 -17.813 -1.63005 -1.23299 -7.60729 7.53365 -10.7095 4.82092 -1.75758 -12.9547 3.2495 -3.26872 96.0972 22.4402 -6.6286 -29.2081 0.0598081 0.137039 -3.48928 -0.504612 17.0476 -24.234 0.0496218 0.113702 4.10383 -23.7381 1.34553 9.23673 -4.20556 2.0327 -9.53623 0.340151 -19.4617 -0.852353 -38.7721 -0.655187 -1.93207 7.20173 -0.00427519 -2.32622 -40.4017 -6.04875 1.22709 -4.18653 15.2481 0.779096 -9.8844 12.4959 1.51228e-17 -7.95443e-16 1.2728e-17 -9.23673 -4.20556 2.0327 -10.6605 -14.7446 11.1405 0.852353 -38.7721 -0.655187 5.537 20.0289 -0.62478 2.32622 -40.4017 -6.04875 -2.43228 -5.66953 -15.2756 -0.779096 -9.8844 12.4959 -1.35259e-15 -5.35753e-16 -1.27113e-14 
9.74984 90.5755 57.9841 9.78863 -5.03714 8.28719 0 5.07867 -1.15138 -3.54196 5.16417 0.0823589 0 5.61661 1.07143 -2.74926 3.61365 -0.385028 -1.02604e-17 5.98978 0.11501 -2.04868 2.28719 -0.323388 -1.10457e-17 6.50583 -0.443523 -1.3011 -0.5805 -0.341839 -1.97295e-17 7.60548 -1.50593 -0.564976 -1.82551 -0.230464 -2.53307e-17 9.49737 -0.914492 0.142148 -3.48014 -0.565412 -2.90401e-17 10.5513 1.57691 -0.0382199 1.20303 -0.0335472 -1.29193e-17 4.78644 0.715339 0.565526 6.38096 -3.17169 -1.8116e-17 4.82109 0.421791 0.903571 -3.00899 -1.64075 -2.00958e-17 4.83041 0.765062 0.641222 -5.44042 0.334511 1.23299 -7.60731 7.53374 12.4769 5.30874 2.3449 12.9547 3.2495 -3.26872 -96.6822 28.3765 8.90165 29.2081 0.0598081 0.137039 3.88455 -0.631253 -19.0456 24.234 0.0496219 0.113701 -3.482 -17.6003 -1.67795 -1.23299 -7.60729 7.53365 -10.1564 4.8442 -1.64367 -12.9547 3.2495 -3.26872 95.5384 22.2045 -6.42626 -29.2081 0.0598081 0.137039 -3.44132 -0.490284 16.8067 -24.234 0.0496218 0.113702 4.05179 -23.6895 1.48102 9.23673 -4.20556 2.0327 -9.56189 0.236955 -19.5914 -0.852353 -38.7721 -0.655187 -1.94002 7.2312 -0.00378986 -2.32622 -40.4017 -6.04875 1.30215 -4.21845 15.2446 0.779096 -9.8844 12.4959 2.48481e-17 -7.95139e-16 1.2424e-17 -9.23673 -4.20556 2.0327 -10.703 -14.7942 11.0459 0.852353 -38.7721 -0.655187 5.52424 19.9861 -0.621166 2.32622 -40.4017 -6.04875 -2.50463 -5.71042 -15.273 -0.779096 -9.8844 12.4959 -2.2796e-16 -5.82714e-16 -1.27583e-14 
9.77205 90.5685 58.0308 9.76931 -4.92244 8.40856 0 5.07867 -1.15138 -3.53688 5.13777 0.0837052 0 5.61661 1.07143 -2.74536 3.59164 -0.385678 -1.02604e-17 5.98978 0.11501 -2.04448 2.2656 -0.323387 -1.10457e-17 6.50583 -0.443523 -1.2976 -0.59933 -0.341885 -1.97295e-17 7.60548 -1.50593 -0.561883 -1.84376 -0.230415 -2.53307e-17 9.49737 -0.914492 0.144774 -3.49953 -0.566962 -2.90401e-17 10.5513 1.57691 -0.0378022 1.20677 -0.0319837 -1.29193e-17 4.78644 0.715339 0.559643 6.3287 -3.11555 -1.8116e-17 4.82109 0.421791 0.909165 -2.96915 -1.61626 -2.00958e-17 4.83041 0.765062 0.627662 -5.31975 0.293233 1.23299 -7.60731 7.53374 12.4213 5.3224 2.36792 12.9547 3.2495 -3.26872 -96.6872 28.2796 8.94217 29.2081 0.0598081 0.137039 3.87232 -0.627111 -18.9835 24.234 0.0496219 0.113701 -3.45723 -17.4889 -1.69739 -1.23299 -7.60729 7.53365 -9.99018 4.8542 -1.62394 -12.9547 3.2495 -3.26872 95.3411 21.9801 -6.31224 -29.2081 0.0598081 0.137039 -3.41446 -0.482358 16.6719 -24.234 0.0496218 0.113702 4.07523 -23.464 1.52228 9.23673 -4.20556 2.0327 -9.58586 0.132288 -19.6825 -0.852353 -38.7721 -0.655187 -1.94483 7.24899 -0.00349483 -2.32622 -40.4017 -6.04875 1.38104 -4.25257 15.2407 0.779096 -9.8844 12.4959 -3.62996e-16 -8.07259e-16 2.45442e-17 -9.23673 -4.20556 2.0327 -10.7479 -14.876 10.959 0.852353 -38.7721 -0.655187 5.52264 19.9807 -0.620712 2.32622 -40.4017 -6.04875 -2.4863 -5.76066 -15.2787 -0.779096 -9.8844 12.4959 1.89059e-16 -5.9605e-16 -1.27716e-14 
9.79256 90.5636 58.0776 9.73659 -4.83642 8.51754 0 5.07867 -1.15138 -3.52851 5.12096 0.0844952 0 5.61661 1.07143 -2.73832 3.57559 -0.384425 -1.02604e-17 5.98978 0.11501 -2.03822 2.24684 -0.321691 -1.10457e-17 6.50583 -0.443523 -1.29241 -0.620813 -0.340158 -1.97295e-17 7.60548 -1.50593 -0.55757 -1.86447 -0.229281 -2.53307e-17 9.49737 -0.914492 0.147922 -3.52637 -0.567236 -2.90401e-17 10.5513 1.57691 -0.0365563 1.20932 -0.0315352 -1.29193e-17 4.78644 0.715339 0.562629 6.32224 -3.09536 -1.8116e-17 4.82109 0.421791 0.91375 -2.92206 -1.60706 -2.00958e-17 4.83041 0.765062 0.619421 -5.22497 0.300619 1.23299 -7.60731 7.53374 12.4319 5.33721 2.38295 12.9547 3.2495 -3.26872 -96.7311 28.3003 9.0076 29.2081 0.0598081 0.137039 3.85413 -0.620976 -18.8912 24.234 0.0496219 0.113701 -3.4476 -17.4978 -1.74575 -1.23299 -7.60729 7.53365 -9.96753 4.86646 -1.61326 -12.9547 3.2495 -3.26872 95.2669 21.8797 -6.28267 -29.2081 0.0598081 0.137039 -3.40041 -0.478239 16.6015 -24.234 0.0496218 0.113702 4.12517 -23.3414 1.57451 9.23673 -4.20556 2.0327 -9.58789 0.0674314 -19.7469 -0.852353 -38.7721 -0.655187 -1.94397 7.24582 -0.00354756 -2.32622 -40.4017 -6.04875 1.44427 -4.28385 15.2365 0.779096 -9.8844 12.4959 1.51228e-17 -7.95443e-16 1.2728e-17 -9.23673 -4.20556 2.0327 -10.7715 -14.904 10.8546 0.852353 -38.7721 -0.655187 5.50643 19.9262 -0.616134 2.32622 -40.4017 -6.04875 -2.50776 -5.79243 -15.278 -0.779096 -9.8844 12.4959 -1.89059e-16 -5.84234e-16 -1.27598e-14 
9.81108 90.5573 58.1244 9.7074 -4.72655 8.60893 0 5.07867 -1.15138 -3.51823 5.11736 0.0834618 0 5.61661 1.07143 -2.7302 3.56901 -0.384935 -1.02604e-17 5.98978 0.11501 -2.03199 2.2347 -0.322046 -1.10457e-17 6.50583 -0.443523 -1.28848 -0.642015 -0.340723 -1.97295e-17 7.60548 -1.50593 -0.556103 -1.88787 -0.230301 -2.53307e-17 9.49737 -0.914492 0.146395 -3.55597 -0.568243 -2.90401e-17 10.5513 1.57691 -0.0361742 1.21223 -0.0317861 -1.29193e-17 4.78644 0.715339 0.562215 6.31999 -3.05482 -1.8116e-17 4.82109 0.421791 0.902695 -2.89801 -1.58859 -2.00958e-17 4.83041 0.765062 0.633274 -5.1525 0.292799 1.23299 -7.60731 7.53374 12.4276 5.35367 2.38877 12.9547 3.2495 -3.26872 -96.7567 28.2455 9.08064 29.2081 0.0598081 0.137039 3.84779 -0.618844 -18.859 24.234 0.0496219 0.113701 -3.4341 -17.461 -1.75914 -1.23299 -7.60729 7.53365 -9.96255 4.87553 -1.61563 -12.9547 3.2495 -3.26872 95.2355 21.8345 -6.26725 -29.2081 0.0598081 0.137039 -3.3949 -0.476627 16.5738 -24.234 0.0496218 0.113702 4.1528 -23.2608 1.64377 9.23673 -4.20556 2.0327 -9.59197 -0.00406359 -19.7929 -0.852353 -38.7721 -0.655187 -1.93517 7.21323 -0.00408632 -2.32622 -40.4017 -6.04875 1.48453 -4.32758 15.2355 0.779096 -9.8844 12.4959 4.12688e-16 -7.83019e-16 3.04059e-19 -9.23673 -4.20556 2.0327 -10.8014 -14.9701 10.7591 0.852353 -38.7721 -0.655187 5.49571 19.8901 -0.613117 2.32622 -40.4017 -6.04875 -2.494 -5.84041 -15.2806 -0.779096 -9.8844 12.4959 -1.3623e-15 -5.3545e-16 -1.2711e-14 
9.82414 90.5524 58.1711 9.65431 -4.6194 8.66636 0 5.07867 -1.15138 -3.47888 5.1304 0.0782546 0 5.61661 1.07143 -2.69908 3.57136 -0.384351 -1.02604e-17 5.98978 0.11501 -2.01014 2.2192 -0.32131 -1.10457e-17 6.50583 -0.443523 -1.2747 -0.681173 -0.340318 -1.97295e-17 7.60548 -1.50593 -0.551142 -1.93209 -0.232685 -2.53307e-17 9.49737 -0.914492 0.141887 -3.62317 -0.567462 -2.90401e-17 10.5513 1.57691 -0.0350731 1.21493 -0.0329003 -1.29193e-17 4.78644 0.715339 0.573847 6.3493 -3.00274 -1.8116e-17 4.82109 0.421791 0.906506 -2.823 -1.56344 -2.00958e-17 4.83041 0.765062 0.566772 -5.10328 0.277924 1.23299 -7.60731 7.53374 12.5243 5.3773 2.39832 12.9547 3.2495 -3.26872 -97.0081 28.1672 9.24227 29.2081 0.0598081 0.137039 3.85222 -0.620334 -18.8815 24.234 0.0496219 0.113701 -3.37471 -17.3893 -1.69534 -1.23299 -7.60729 7.53365 -10.2804 4.88944 -1.66251 -12.9547 3.2495 -3.26872 95.2619 21.9306 -6.40781 -29.2081 0.0598081 0.137039 -3.41512 -0.482551 16.6752 -24.234 0.0496218 0.113702 4.43024 -23.2841 1.786 9.23673 -4.20556 2.0327 -9.56949 -0.0630945 -19.7946 -0.852353 -38.7721 -0.655187 -1.91977 7.15621 -0.0050168 -2.32622 -40.4017 -6.04875 1.56316 -4.36949 15.2311 0.779096 -9.8844 12.4959 -3.53261e-16 -8.06955e-16 2.424e-17 -9.23673 -4.20556 2.0327 -10.7938 -15.0342 10.6791 0.852353 -38.7721 -0.655187 5.47816 19.8311 -0.608188 2.32622 -40.4017 -6.04875 -2.50004 -5.86813 -15.2794 -0.779096 -9.8844 12.4959 5.47704e-16 -6.19074e-16 -1.27946e-14 
9.82354 90.5521 58.218 9.60035 -4.53331 8.69403 0 5.07867 -1.15138 -3.45746 5.14351 0.0834861 0 5.61661 1.07143 -2.68447 3.57625 -0.375424 -1.02604e-17 5.98978 0.11501 -2.00149 2.21323 -0.312491 -1.10457e-17 6.50583 -0.443523 -1.27164 -0.705119 -0.33158 -1.97295e-17 7.60548 -1.50593 -0.552401 -1.9572 -0.224711 -2.53307e-17 9.49737 -0.914492 0.137494 -3.65854 -0.55694 -2.90401e-17 10.5513 1.57691 -0.0348903 1.21689 -0.0345085 -1.29193e-17 4.78644 0.715339 0.573355 6.35555 -2.96538 -1.8116e-17 4.82109 0.421791 0.908039 -2.79633 -1.54514 -2.00958e-17 4.83041 0.765062 0.594052 -5.0252 0.245651 1.23299 -7.60731 7.53374 12.5515 5.39151 2.39708 12.9547 3.2495 -3.26872 -97.1274 27.9806 9.37366 29.2081 0.0598081 0.137039 3.85259 -0.620456 -18.8833 24.234 0.0496219 0.113701 -3.29796 -17.1887 -1.64944 -1.23299 -7.60729 7.53365 -10.4385 4.89445 -1.69961 -12.9547 3.2495 -3.26872 95.3216 22.1166 -6.51853 -29.2081 0.0598081 0.137039 -3.45046 -0.492998 16.8526 -24.234 0.0496218 0.113702 4.52443 -23.4484 1.83001 9.23673 -4.20556 2.0327 -9.53318 -0.0937753 -19.8199 -0.852353 -38.7721 -0.655187 -1.89902 7.07933 -0.00624647 -2.32622 -40.4017 -6.04875 1.61877 -4.39648 15.2301 0.779096 -9.8844 12.4959 1.51181e-17 -7.95443e-16 1.27281e-17 -9.23673 -4.20556 2.0327 -10.7646 -15.0924 10.6247 0.852353 -38.7721 -0.655187 5.46217 19.7772 -0.603713 2.32622 -40.4017 -6.04875 -2.50364 -5.86326 -15.2758 -0.779096 -9.8844 12.4959 -9.55003e-16 -5.48482e-16 -1.2724e-14 
9.80656 90.5517 58.2669 9.54106 -4.43939 8.68866 0 5.07867 -1.15138 -3.43715 5.14552 0.0886022 0 5.61661 1.07143 -2.67006 3.57582 -0.367569 -1.02604e-17 5.98978 0.11501 -1.99209 2.20884 -0.304571 -1.10457e-17 6.50583 -0.443523 -1.26729 -0.716463 -0.323649 -1.97295e-17 7.60548 -1.50593 -0.551962 -1.96696 -0.217382 -2.53307e-17 9.49737 -0.914492 0.13505 -3.6707 -0.548444 -2.90401e-17 10.5513 1.57691 -0.0351069 1.21817 -0.0359017 -1.29193e-17 4.78644 0.715339 0.572964 6.35204 -2.93176 -1.8116e-17 4.82109 0.421791 0.918226 -2.77417 -1.52935 -2.00958e-17 4.83041 0.765062 0.617436 -4.98883 0.230105 1.23299 -7.60731 7.53374 12.5194 5.39361 2.39542 12.9547 3.2495 -3.26872 -97.1546 27.7611 9.4271 29.2081 0.0598081 0.137039 3.84575 -0.618159 -18.8487 24.234 0.0496219 0.113701 -3.23947 -16.991 -1.59624 -1.23299 -7.60729 7.53365 -10.4997 4.89155 -1.73553 -12.9547 3.2495 -3.26872 95.3666 22.2037 -6.5645 -29.2081 0.0598081 0.137039 -3.47901 -0.501525 16.996 -24.234 0.0496218 0.113702 4.53971 -23.4919 1.87148 9.23673 -4.20556 2.0327 -9.4825 -0.145557 -19.815 -0.852353 -38.7721 -0.655187 -1.88338 7.0214 -0.0071546 -2.32622 -40.4017 -6.04875 1.6647 -4.43666 15.2328 0.779096 -9.8844 12.4959 2.48481e-17 -7.95139e-16 1.2424e-17 -9.23673 -4.20556 2.0327 -10.7172 -15.1646 10.5727 0.852353 -38.7721 -0.655187 5.44453 19.7178 -0.598795 2.32622 -40.4017 -6.04875 -2.4913 -5.86538 -15.2724 -0.779096 -9.8844 12.4959 5.57434e-16 -6.19378e-16 -1.27949e-14 
9.7713 90.5506 58.3187 9.45779 -4.36938 8.62005 0 5.07867 -1.15138 -3.41245 5.14776 0.0969653 0 5.61661 1.07143 -2.65184 3.57495 -0.355807 -1.02604e-17 5.98978 0.11501 -1.9792 2.20323 -0.292077 -1.10457e-17 6.50583 -0.443523 -1.25999 -0.730649 -0.31087 -1.97295e-17 7.60548 -1.50593 -0.548111 -1.98053 -0.205537 -2.53307e-17 9.49737 -0.914492 0.136775 -3.68734 -0.536891 -2.90401e-17 10.5513 1.57691 -0.0347837 1.21988 -0.0362361 -1.29193e-17 4.78644 0.715339 0.571025 6.30395 -2.89598 -1.8116e-17 4.82109 0.421791 0.93451 -2.72376 -1.51238 -2.00958e-17 4.83041 0.765062 0.630036 -4.9232 0.220554 1.23299 -7.60731 7.53374 12.4605 5.40383 2.38488 12.9547 3.2495 -3.26872 -97.1593 27.5444 9.48711 29.2081 0.0598081 0.137039 3.83421 -0.614294 -18.7901 24.234 0.0496219 0.113701 -3.18479 -16.8267 -1.54557 -1.23299 -7.60729 7.53365 -10.4877 4.90032 -1.7506 -12.9547 3.2495 -3.26872 95.3329 22.2573 -6.59388 -29.2081 0.0598081 0.137039 -3.51181 -0.511416 17.1608 -24.234 0.0496218 0.113702 4.55556 -23.5064 1.88366 9.23673 -4.20556 2.0327 -9.39311 -0.176298 -19.777 -0.852353 -38.7721 -0.655187 -1.86699 6.96065 -0.00808955 -2.32622 -40.4017 -6.04875 1.73984 -4.49103 15.2349 0.779096 -9.8844 12.4959 2.48481e-17 -7.95139e-16 1.2424e-17 -9.23673 -4.20556 2.0327 -10.6137 -15.2236 10.5712 0.852353 -38.7721 -0.655187 5.42178 19.641 -0.592475 2.32622 -40.4017 -6.04875 -2.48036 -5.85566 -15.2651 -0.779096 -9.8844 12.4959 2.08515e-16 -5.96962e-16 -1.27725e-14 
9.72322 90.547 58.3731 9.37129 -4.27564 8.50938 0 5.07867 -1.15138 -3.39269 5.1325 0.105772 0 5.61661 1.07143 -2.63869 3.56291 -0.344049 -1.02604e-17 5.98978 0.11501 -1.97008 2.1916 -0.27932 -1.10457e-17 6.50583 -0.443523 -1.25516 -0.740193 -0.297827 -1.97295e-17 7.60548 -1.50593 -0.54552 -1.98488 -0.192839 -2.53307e-17 9.49737 -0.914492 0.138566 -3.692 -0.524974 -2.90401e-17 10.5513 1.57691 -0.0342853 1.21976 -0.0365198 -1.29193e-17 4.78644 0.715339 0.564326 6.2419 -2.86354 -1.8116e-17 4.82109 0.421791 0.955492 -2.68509 -1.49737 -2.00958e-17 4.83041 0.765062 0.665167 -4.85958 0.223141 1.23299 -7.60731 7.53374 12.419 5.40963 2.3908 12.9547 3.2495 -3.26872 -97.1659 27.3192 9.53439 29.2081 0.0598081 0.137039 3.81904 -0.60923 -18.7132 24.234 0.0496219 0.113701 -3.13458 -16.6603 -1.49342 -1.23299 -7.60729 7.53365 -10.4339 4.89901 -1.77197 -12.9547 3.2495 -3.26872 95.2623 22.2859 -6.60244 -29.2081 0.0598081 0.137039 -3.54486 -0.521487 17.327 -24.234 0.0496218 0.113702 4.58402 -23.4676 1.90808 9.23673 -4.20556 2.0327 -9.29518 -0.238378 -19.7128 -0.852353 -38.7721 -0.655187 -1.85389 6.9121 -0.00882396 -2.32622 -40.4017 -6.04875 1.81587 -4.56277 15.239 0.779096 -9.8844 12.4959 2.48481e-17 -7.95139e-16 1.2424e-17 -9.23673 -4.20556 2.0327 -10.4914 -15.3359 10.6225 0.852353 -38.7721 -0.655187 5.40892 19.5976 -0.588917 2.32622 -40.4017 -6.04875 -2.45937 -5.85015 -15.2583 -0.779096 -9.8844 12.4959 -1.89055e-16 -5.84234e-16 -1.27598e-14 
9.66922 90.5495 58.4286 9.27843 -4.23018 8.37979 0 5.07867 -1.15138 -3.3746 5.1184 0.115507 0 5.61661 1.07143 -2.62655 3.55314 -0.331643 -1.02604e-17 5.98978 0.11501 -1.96164 2.18395 -0.265993 -1.10457e-17 6.50583 -0.443523 -1.25073 -0.742929 -0.284176 -1.97295e-17 7.60548 -1.50593 -0.542955 -1.9831 -0.17952 -2.53307e-17 9.49737 -0.914492 0.140789 -3.68886 -0.512586 -2.90401e-17 10.5513 1.57691 -0.0339904 1.21883 -0.0368561 -1.29193e-17 4.78644 0.715339 0.556873 6.18381 -2.84378 -1.8116e-17 4.82109 0.421791 0.978566 -2.64868 -1.48798 -2.00958e-17 4.83041 0.765062 0.71633 -4.77701 0.225938 1.23299 -7.60731 7.53374 12.3817 5.41166 2.39412 12.9547 3.2495 -3.26872 -97.1847 27.1012 9.56886 29.2081 0.0598081 0.137039 3.79747 -0.602071 -18.6038 24.234 0.0496219 0.113701 -3.06725 -16.4927 -1.42171 -1.23299 -7.60729 7.53365 -10.3706 4.89566 -1.7911 -12.9547 3.2495 -3.26872 95.1859 22.3397 -6.61072 -29.2081 0.0598081 0.137039 -3.57325 -0.530224 17.47 -24.234 0.0496218 0.113702 4.63941 -23.4339 1.9683 9.23673 -4.20556 2.0327 -9.1775 -0.254268 -19.6326 -0.852353 -38.7721 -0.655187 -1.8396 6.85911 -0.00961283 -2.32622 -40.4017 -6.04875 1.87518 -4.61699 15.2434 0.779096 -9.8844 12.4959 2.48481e-17 -7.95139e-16 1.2424e-17 -9.23673 -4.20556 2.0327 -10.3431 -15.3856 10.6935 0.852353 -38.7721 -0.655187 5.38503 19.5169 -0.582332 2.32622 -40.4017 -6.04875 -2.43689 -5.8173 -15.2487 -0.779096 -9.8844 12.4959 -1.98785e-16 -5.8393e-16 -1.27595e-14 
9.61993 90.5551 58.4849 9.20488 -4.18982 8.27089 0 5.07867 -1.15138 -3.3628 5.10677 0.122896 0 5.61661 1.07143 -2.61916 3.54637 -0.322337 -1.02604e-17 5.98978 0.11501 -1.95662 2.18013 -0.255839 -1.10457e-17 6.50583 -0.443523 -1.24836 -0.740317 -0.273661 -1.97295e-17 7.60548 -1.50593 -0.541661 -1.97629 -0.168971 -2.53307e-17 9.49737 -0.914492 0.142169 -3.67976 -0.503097 -2.90401e-17 10.5513 1.57691 -0.0338143 1.21764 -0.0375238 -1.29193e-17 4.78644 0.715339 0.550079 6.13749 -2.83066 -1.8116e-17 4.82109 0.421791 1.00095 -2.6229 -1.48175 -2.00958e-17 4.83041 0.765062 0.77299 -4.70506 0.210291 1.23299 -7.60731 7.53374 12.3635 5.41141 2.40491 12.9547 3.2495 -3.26872 -97.2169 26.8978 9.58373 29.2081 0.0598081 0.137039 3.77255 -0.593857 -18.4776 24.234 0.0496219 0.113701 -2.99926 -16.3028 -1.35662 -1.23299 -7.60729 7.53365 -10.3147 4.88715 -1.81351 -12.9547 3.2495 -3.26872 95.1189 22.4049 -6.62176 -29.2081 0.0598081 0.137039 -3.5996 -0.538399 17.6027 -24.234 0.0496218 0.113702 4.70067 -23.4041 2.06563 9.23673 -4.20556 2.0327 -9.0812 -0.265551 -19.5733 -0.852353 -38.7721 -0.655187 -1.82681 6.81171 -0.0103072 -2.32622 -40.4017 -6.04875 1.92112 -4.64581 15.2463 0.779096 -9.8844 12.4959 2.48481e-17 -7.95139e-16 1.2424e-17 -9.23673 -4.20556 2.0327 -10.2183 -15.4115 10.7575 0.852353 -38.7721 -0.655187 5.35753 19.424 -0.574795 2.32622 -40.4017 -6.04875 -2.41626 -5.78906 -15.2414 -0.779096 -9.8844 12.4959 -1.98785e-16 -5.8393e-16 -1.27595e-14 
9.58127 90.5623 58.5423 9.15252 -4.13425 8.16991 0 5.07867 -1.15138 -3.35834 5.05693 0.130227 0 5.61661 1.07143 -2.61512 3.52048 -0.31637 -1.02604e-17 5.98978 0.11501 -1.95069 2.18078 -0.247863 -1.10457e-17 6.50583 -0.443523 -1.24275 -0.696482 -0.263844 -1.97295e-17 7.60548 -1.50593 -0.535016 -1.91655 -0.158149 -2.53307e-17 9.49737 -0.914492 0.150937 -3.58537 -0.499221 -2.90401e-17 10.5513 1.57691 -0.0347394 1.2128 -0.0330782 -1.29193e-17 4.78644 0.715339 0.514031 5.94759 -2.81519 -1.8116e-17 4.82109 0.421791 1.01271 -2.61792 -1.47748 -2.00958e-17 4.83041 0.765062 0.833522 -4.59961 0.184617 1.23299 -7.60731 7.53374 12.1641 5.39564 2.41165 12.9547 3.2495 -3.26872 -97.0803 26.6799 9.47464 29.2081 0.0598081 0.137039 3.74652 -0.585344 -18.3459 24.234 0.0496219 0.113701 -2.89453 -16.0824 -1.29538 -1.23299 -7.60729 7.53365 -9.66109 4.88248 -1.72491 -12.9547 3.2495 -3.26872 94.6973 22.239 -6.44896 -29.2081 0.0598081 0.137039 -3.60401 -0.539775 17.625 -24.234 0.0496218 0.113702 4.43803 -23.249 2.14608 9.23673 -4.20556 2.0327 -9.01103 -0.297313 -19.5496 -0.852353 -38.7721 -0.655187 -1.81875 6.78181 -0.0107397 -2.32622 -40.4017 -6.04875 1.90431 -4.67591 15.2549 0.779096 -9.8844 12.4959 2.48481e-17 -7.95139e-16 1.2424e-17 -9.23673 -4.20556 2.0327 -10.1263 -15.4636 10.8433 0.852353 -38.7721 -0.655187 5.34061 19.3667 -0.570178 2.32622 -40.4017 -6.04875 -2.35127 -5.7788 -15.2392 -0.779096 -9.8844 12.4959 -9.74463e-16 -5.4757e-16 -1.27231e-14 
9.55934 90.5733 58.5992 9.12012 -4.08232 8.0902 0 5.07867 -1.15138 -3.35865 5.01629 0.132872 0 5.61661 1.07143 -2.61451 3.49636 -0.314372 -1.02604e-17 5.98978 0.11501 -1.94684 2.17366 -0.242904 -1.10457e-17 6.50583 -0.443523 -1.23715 -0.673937 -0.257417 -1.97295e-17 7.60548 -1.50593 -0.52692 -1.88387 -0.150787 -2.53307e-17 9.49737 -0.914492 0.161352 -3.53244 -0.499188 -2.90401e-17 10.5513 1.57691 -0.0342612 1.21096 -0.0275029 -1.29193e-17 4.78644 0.715339 0.482999 5.79782 -2.82892 -1.8116e-17 4.82109 0.421791 1.00924 -2.56984 -1.48747 -2.00958e-17 4.83041 0.765062 0.884948 -4.48252 0.188737 1.23299 -7.60731 7.53374 12.1283 5.40115 2.43963 12.9547 3.2495 -3.26872 -96.9524 26.6729 9.37788 29.2081 0.0598081 0.137039 3.72163 -0.577264 -18.22 24.234 0.0496219 0.113701 -2.95646 -16.0419 -1.25403 -1.23299 -7.60729 7.53365 -9.10526 4.89232 -1.62625 -12.9547 3.2495 -3.26872 94.2388 21.9751 -6.28438 -29.2081 0.0598081 0.137039 -3.59456 -0.536829 17.5773 -24.234 0.0496218 0.113702 4.3502 -23.0218 2.28847 9.23673 -4.20556 2.0327 -8.97641 -0.344917 -19.5227 -0.852353 -38.7721 -0.655187 -1.82096 6.79 -0.0106216 -2.32622 -40.4017 -6.04875 1.92281 -4.6651 15.2563 0.779096 -9.8844 12.4959 2.48481e-17 -7.95139e-16 1.2424e-17 -9.23673 -4.20556 2.0327 -10.0724 -15.4967 10.8919 0.852353 -38.7721 -0.655187 5.32176 19.3028 -0.565052 2.32622 -40.4017 -6.04875 -2.3019 -5.76751 -15.236 -0.779096 -9.8844 12.4959 -9.93923e-16 -5.46658e-16 -1.27222e-14 
9.55803 90.587 58.6563 9.09763 -4.01428 8.02617 0 5.07867 -1.15138 -3.36965 4.97964 0.123988 0 5.61661 1.07143 -2.62149 3.47318 -0.325676 -1.02604e-17 5.98978 0.11501 -1.94881 2.15805 -0.252649 -1.10457e-17 6.50583 -0.443523 -1.23486 -0.673603 -0.266876 -1.97295e-17 7.60548 -1.50593 -0.522515 -1.87525 -0.159853 -2.53307e-17 9.49737 -0.914492 0.165119 -3.51885 -0.513516 -2.90401e-17 10.5513 1.57691 -0.0333075 1.20937 -0.0259802 -1.29193e-17 4.78644 0.715339 0.471559 5.70469 -2.78649 -1.8116e-17 4.82109 0.421791 1.01378 -2.51458 -1.47017 -2.00958e-17 4.83041 0.765062 0.917428 -4.36008 0.176637 1.23299 -7.60731 7.53374 12.1658 5.42356 2.46934 12.9547 3.2495 -3.26872 -96.9996 26.7439 9.40844 29.2081 0.0598081 0.137039 3.70842 -0.572999 -18.1532 24.234 0.0496219 0.113701 -2.91863 -16.1321 -1.18627 -1.23299 -7.60729 7.53365 -8.87596 4.88864 -1.57635 -12.9547 3.2495 -3.26872 94.0068 21.8132 -6.2175 -29.2081 0.0598081 0.137039 -3.60611 -0.540431 17.6356 -24.234 0.0496218 0.113702 4.40598 -22.7856 2.37164 9.23673 -4.20556 2.0327 -8.96738 -0.394363 -19.4892 -0.852353 -38.7721 -0.655187 -1.81671 6.77427 -0.010848 -2.32622 -40.4017 -6.04875 1.96893 -4.62503 15.2504 0.779096 -9.8844 12.4959 2.48481e-17 -7.95139e-16 1.2424e-17 -9.23673 -4.20556 2.0327 -10.0442 -15.53 10.916 0.852353 -38.7721 -0.655187 5.29822 19.2231 -0.558685 2.32622 -40.4017 -6.04875 -2.27881 -5.74987 -15.2348 -0.779096 -9.8844 12.4959 1.69595e-16 -5.95138e-16 -1.27707e-14 
9.58125 90.605 58.7115 9.09689 -3.94638 7.98975 0 5.07867 -1.15138 -3.37521 4.81981 0.118462 0 5.61661 1.07143 -2.6201 3.38919 -0.338876 -1.02604e-17 5.98978 0.11501 -1.93908 2.15882 -0.262091 -1.10457e-17 6.50583 -0.443523 -1.22258 -0.530675 -0.271403 -1.97295e-17 7.60548 -1.50593 -0.509174 -1.6863 -0.162542 -2.53307e-17 9.49737 -0.914492 0.180297 -3.22265 -0.529465 -2.90401e-17 10.5513 1.57691 -0.0357743 1.19315 -0.0118455 -1.29193e-17 4.78644 0.715339 0.381558 5.15306 -2.76522 -1.8116e-17 4.82109 0.421791 0.979652 -2.54943 -1.46872 -2.00958e-17 4.83041 0.765062 0.986879 -4.11865 0.18028 1.23299 -7.60731 7.53374 11.4407 5.35274 2.42595 12.9547 3.2495 -3.26872 -96.458 26.5714 9.03728 29.2081 0.0598081 0.137039 3.67971 -0.563791 -18.0081 24.234 0.0496219 0.113701 -2.64163 -16.0938 -1.13897 -1.23299 -7.60729 7.53365 -7.15682 4.8921 -1.2193 -12.9547 3.2495 -3.26872 92.7468 21.2363 -5.71227 -29.2081 0.0598081 0.137039 -3.56293 -0.527036 17.418 -24.234 0.0496218 0.113702 3.78578 -22.4649 2.55293 9.23673 -4.20556 2.0327 -8.97896 -0.428867 -19.5282 -0.852353 -38.7721 -0.655187 -1.80806 6.74217 -0.0113064 -2.32622 -40.4017 -6.04875 1.80322 -4.61683 15.2664 0.779096 -9.8844 12.4959 2.48481e-17 -7.95139e-16 1.2424e-17 -9.23673 -4.20556 2.0327 -10.0649 -15.5749 10.9518 0.852353 -38.7721 -0.655187 5.28829 19.1894 -0.556007 2.32622 -40.4017 -6.04875 -2.17156 -5.752 -15.2404 -0.779096 -9.8844 12.4959 -1.35257e-15 -5.35754e-16 -1.27113e-14 
9.63064 90.6264 58.767 9.10775 -3.87099 7.98975 0 5.07867 -1.15138 -3.40548 4.72204 0.111022 0 5.61661 1.07143 -2.64289 3.32414 -0.352188 -1.02604e-17 5.98978 0.11501 -1.95183 2.11963 -0.274016 -1.10457e-17 6.50583 -0.443523 -1.22699 -0.520839 -0.283383 -1.97295e-17 7.60548 -1.50593 -0.507192 -1.65683 -0.172592 -2.53307e-17 9.49737 -0.914492 0.186226 -3.17818 -0.545049 -2.90401e-17 10.5513 1.57691 -0.0348416 1.19252 -0.00992325 -1.29193e-17 4.78644 0.715339 0.370433 5.12143 -2.80058 -1.8116e-17 4.82109 0.421791 0.94304 -2.45779 -1.48931 -2.00958e-17 4.83041 0.765062 1.08031 -4.03293 0.266519 1.23299 -7.60731 7.53374 11.4514 5.33002 2.48727 12.9547 3.2495 -3.26872 -96.2321 26.8037 8.90979 29.2081 0.0598081 0.137039 3.63129 -0.548442 -17.7637 24.234 0.0496219 0.113701 -2.81277 -16.333 -1.18509 -1.23299 -7.60729 7.53365 -6.82159 4.86251 -1.15341 -12.9547 3.2495 -3.26872 92.508 20.8477 -5.45589 -29.2081 0.0598081 0.137039 -3.51725 -0.513066 17.1882 -24.234 0.0496218 0.113702 3.7644 -21.9745 2.61528 9.23673 -4.20556 2.0327 -9.0394 -0.475043 -19.4904 -0.852353 -38.7721 -0.655187 -1.80208 6.72 -0.0116201 -2.32622 -40.4017 -6.04875 1.86948 -4.51092 15.2506 0.779096 -9.8844 12.4959 2.48481e-17 -7.95139e-16 1.2424e-17 -9.23673 -4.20556 2.0327 -10.1253 -15.5762 10.8674 0.852353 -38.7721 -0.655187 5.25952 19.0917 -0.548282 2.32622 -40.4017 -6.04875 -2.22282 -5.71821 -15.2328 -0.779096 -9.8844 12.4959 -1.39149e-15 -5.34234e-16 -1.27098e-14 
9.69113 90.591 58.7062 9.13158 -3.77909 8.01736 0 5.07867 -1.15138 -3.42725 4.76722 0.0977943 0 5.61661 1.07143 -2.65853 3.34634 -0.368305 -1.02604e-17 5.98978 0.11501 -1.9597 2.11182 -0.288275 -1.10457e-17 6.50583 -0.443523 -1.2267 -0.576852 -0.298067 -1.97295e-17 7.60548 -1.50593 -0.50093 -1.7332 -0.187047 -2.53307e-17 9.49737 -0.914492 0.193953 -3.2887 -0.5669 -2.90401e-17 10.5513 1.57691 -0.0312113 1.20152 -0.00954431 -1.29193e-17 4.78644 0.715339 0.385175 5.13427 -2.72055 -1.8116e-17 4.82109 0.421791 0.996311 -2.43404 -1.453 -2.00958e-17 4.83041 0.765062 0.993429 -3.90298 0.179991 1.23299 -7.60731 7.53374 11.7097 5.41012 2.53625 12.9547 3.2495 -3.26872 -96.4517 27.1252 8.99406 29.2081 0.0598081 0.137039 3.64024 -0.551263 -17.8089 24.234 0.0496219 0.113701 -2.86109 -16.6371 -1.17861 -1.23299 -7.60729 7.53365 -6.85683 4.88579 -1.13855 -12.9547 3.2495 -3.26872 92.4832 20.5562 -5.38464 -29.2081 0.0598081 0.137039 -3.5262 -0.515787 17.2332 -24.234 0.0496218 0.113702 3.86148 -21.5098 2.6136 9.23673 -4.20556 2.0327 -9.13641 -0.64528 -19.5273 -0.852353 -38.7721 -0.655187 -1.81986 6.78593 -0.0106803 -2.32622 -40.4017 -6.04875 2.00072 -4.57126 15.2396 0.779096 -9.8844 12.4959 2.48481e-17 -7.95139e-16 1.2424e-17 -9.23673 -4.20556 2.0327 -10.2362 -15.8194 10.7613 0.852353 -38.7721 -0.655187 5.30954 19.2614 -0.561743 2.32622 -40.4017 -6.04875 -2.1835 -5.75694 -15.2431 -0.779096 -9.8844 12.4959 -2.27989e-16 -5.82713e-16 -1.27583e-14 
9.72696 90.5919 58.7418 9.18089 -3.67489 8.07 0 5.07867 -1.15138 -3.46886 4.74729 0.083709 0 5.61661 1.07143 -2.69092 3.32904 -0.387535 -1.02604e-17 5.98978 0.11501 -1.98199 2.09271 -0.30725 -1.10457e-17 6.50583 -0.443523 -1.23879 -0.598295 -0.317449 -1.97295e-17 7.60548 -1.50593 -0.506511 -1.7481 -0.204399 -2.53307e-17 9.49737 -0.914492 0.190971 -3.30961 -0.587729 -2.90401e-17 10.5513 1.57691 -0.0294942 1.20238 -0.010243 -1.29193e-17 4.78644 0.715339 0.383926 5.18438 -2.69089 -1.8116e-17 4.82109 0.421791 0.977448 -2.39943 -1.4415 -2.00958e-17 4.83041 0.765062 1.06477 -3.87595 0.198034 1.23299 -7.60731 7.53374 11.8964 5.4431 2.57754 12.9547 3.2495 -3.26872 -96.5896 27.4332 9.04848 29.2081 0.0598081 0.137039 3.63939 -0.550995 -17.8046 24.234 0.0496219 0.113701 -2.85087 -16.9834 -1.24486 -1.23299 -7.60729 7.53365 -6.86918 4.88437 -1.11763 -12.9547 3.2495 -3.26872 92.5042 20.5091 -5.37952 -29.2081 0.0598081 0.137039 -3.5305 -0.517096 17.2548 -24.234 0.0496218 0.113702 3.92825 -21.2414 2.73848 9.23673 -4.20556 2.0327 -9.22283 -0.71427 -19.572 -0.852353 -38.7721 -0.655187 -1.81079 6.7523 -0.0111623 -2.32622 -40.4017 -6.04875 1.96563 -4.54018 15.2359 0.779096 -9.8844 12.4959 2.48481e-17 -7.95139e-16 1.2424e-17 -9.23673 -4.20556 2.0327 -10.3562 -15.9049 10.6328 0.852353 -38.7721 -0.655187 5.31435 19.2777 -0.563045 2.32622 -40.4017 -6.04875 -2.17852 -5.80714 -15.2471 -0.779096 -9.8844 12.4959 1.8905e-16 -5.9605e-16 -1.27716e-14 
9.77982 90.5923 58.7781 9.21062 -3.56997 8.16019 0 5.07867 -1.15138 -3.50494 4.74812 0.0640062 0 5.61661 1.07143 -2.72065 3.32609 -0.412832 -1.02604e-17 5.98978 0.11501 -2.00529 2.08549 -0.333199 -1.10457e-17 6.50583 -0.443523 -1.25601 -0.614762 -0.34413 -1.97295e-17 7.60548 -1.50593 -0.521591 -1.7655 -0.229433 -2.53307e-17 9.49737 -0.914492 0.174845 -3.32603 -0.608871 -2.90401e-17 10.5513 1.57691 -0.0303312 1.20431 -0.0137289 -1.29193e-17 4.78644 0.715339 0.390659 5.18869 -2.63005 -1.8116e-17 4.82109 0.421791 0.95417 -2.40559 -1.41347 -2.00958e-17 4.83041 0.765062 1.17325 -3.81906 0.206068 1.23299 -7.60731 7.53374 11.7716 5.45511 2.52894 12.9547 3.2495 -3.26872 -96.3573 27.4946 9.06664 29.2081 0.0598081 0.137039 3.65254 -0.55515 -17.871 24.234 0.0496219 0.113701 -2.85179 -17.2199 -1.31916 -1.23299 -7.60729 7.53365 -7.02219 4.88028 -1.09571 -12.9547 3.2495 -3.26872 92.589 20.6633 -5.4581 -29.2081 0.0598081 0.137039 -3.56048 -0.526283 17.4057 -24.234 0.0496218 0.113702 4.08588 -21.1638 2.89341 9.23673 -4.20556 2.0327 -9.30855 -0.774653 -19.6535 -0.852353 -38.7721 -0.655187 -1.79811 6.70528 -0.011827 -2.32622 -40.4017 -6.04875 1.96403 -4.51495 15.2348 0.779096 -9.8844 12.4959 2.48481e-17 -7.95139e-16 1.2424e-17 -9.23673 -4.20556 2.0327 -10.4828 -15.9894 10.4572 0.852353 -38.7721 -0.655187 5.32288 19.3066 -0.565357 2.32622 -40.4017 -6.04875 -2.17319 -5.84856 -15.2483 -0.779096 -9.8844 12.4959 -5.76885e-16 -5.59994e-16 -1.27477e-14 
9.85025 90.5881 58.8109 9.25436 -3.44498 8.28411 0 5.07867 -1.15138 -3.52687 4.7354 0.0454317 0 5.61661 1.07143 -2.73827 3.3128 -0.435106 -1.02604e-17 5.98978 0.11501 -2.01872 2.07004 -0.355925 -1.10457e-17 6.50583 -0.443523 -1.26502 -0.634058 -0.367325 -1.97295e-17 7.60548 -1.50593 -0.529982 -1.77747 -0.251971 -2.53307e-17 9.49737 -0.914492 0.16441 -3.33527 -0.629754 -2.90401e-17 10.5513 1.57691 -0.0306443 1.20663 -0.0160153 -1.29193e-17 4.78644 0.715339 0.401835 5.2047 -2.55097 -1.8116e-17 4.82109 0.421791 0.950511 -2.3693 -1.37833 -2.00958e-17 4.83041 0.765062 1.18282 -3.8238 0.181666 1.23299 -7.60731 7.53374 11.6734 5.46382 2.48814 12.9547 3.2495 -3.26872 -96.1362 27.6684 9.06283 29.2081 0.0598081 0.137039 3.67857 -0.563427 -18.0024 24.234 0.0496219 0.113701 -2.92227 -17.5416 -1.3772 -1.23299 -7.60729 7.53365 -7.14146 4.87991 -1.06226 -12.9547 3.2495 -3.26872 92.6844 20.7805 -5.53796 -29.2081 0.0598081 0.137039 -3.60706 -0.540726 17.6404 -24.234 0.0496218 0.113702 4.09545 -21.083 2.89258 9.23673 -4.20556 2.0327 -9.42011 -0.844323 -19.7801 -0.852353 -38.7721 -0.655187 -1.7836 6.65145 -0.0125751 -2.32622 -40.4017 -6.04875 1.96636 -4.49701 15.2297 0.779096 -9.8844 12.4959 2.48481e-17 -7.95139e-16 1.2424e-17 -9.23673 -4.20556 2.0327 -10.6501 -16.098 10.2412 0.852353 -38.7721 -0.655187 5.34139 19.3693 -0.570389 2.32622 -40.4017 -6.04875 -2.16481 -5.91791 -15.2545 -0.779096 -9.8844 12.4959 -1.37202e-15 -5.34842e-16 -1.27107e-14 
9.93966 90.5815 58.8394 9.29435 -3.31102 8.44061 0 5.07867 -1.15138 -3.53555 4.71404 0.0360828 0 5.61661 1.07143 -2.74795 3.29226 -0.443416 -1.02604e-17 5.98978 0.11501 -2.02714 2.04772 -0.363801 -1.10457e-17 6.50583 -0.443523 -1.27133 -0.658603 -0.374775 -1.97295e-17 7.60548 -1.50593 -0.535205 -1.78954 -0.258424 -2.53307e-17 9.49737 -0.914492 0.159224 -3.34751 -0.635512 -2.90401e-17 10.5513 1.57691 -0.0295435 1.21009 -0.0147687 -1.29193e-17 4.78644 0.715339 0.400742 5.20441 -2.56825 -1.8116e-17 4.82109 0.421791 0.950686 -2.32404 -1.38807 -2.00958e-17 4.83041 0.765062 1.16673 -3.7982 0.216912 1.23299 -7.60731 7.53374 11.679 5.47584 2.48291 12.9547 3.2495 -3.26872 -96.0755 27.9147 9.05857 29.2081 0.0598081 0.137039 3.71871 -0.57632 -18.2052 24.234 0.0496219 0.113701 -2.97995 -17.8118 -1.3548 -1.23299 -7.60729 7.53365 -7.22141 4.8837 -1.03082 -12.9547 3.2495 -3.26872 92.6669 20.8331 -5.62712 -29.2081 0.0598081 0.137039 -3.66448 -0.558816 17.93 -24.234 0.0496218 0.113702 4.12851 -21.0498 2.80667 9.23673 -4.20556 2.0327 -9.54753 -0.949488 -19.9334 -0.852353 -38.7721 -0.655187 -1.78211 6.64593 -0.0126512 -2.32622 -40.4017 -6.04875 1.99224 -4.48346 15.223 0.779096 -9.8844 12.4959 2.48481e-17 -7.95139e-16 1.2424e-17 -9.23673 -4.20556 2.0327 -10.846 -16.2517 9.99289 0.852353 -38.7721 -0.655187 5.38155 19.5052 -0.581377 2.32622 -40.4017 -6.04875 -2.11564 -5.98521 -15.2618 -0.779096 -9.8844 12.4959 1.59846e-16 -5.94833e-16 -1.27704e-14 
10.0548 90.5759 58.8619 9.34746 -3.18117 8.65955 0 5.07867 -1.15138 -3.55207 4.69921 0.0307183 0 5.61661 1.07143 -2.76408 3.27533 -0.449216 -1.02604e-17 5.98978 0.11501 -2.04055 2.0283 -0.369216 -1.10457e-17 6.50583 -0.443523 -1.28133 -0.684244 -0.379663 -1.97295e-17 7.60548 -1.50593 -0.542234 -1.80416 -0.261394 -2.53307e-17 9.49737 -0.914492 0.155078 -3.36053 -0.63843 -2.90401e-17 10.5513 1.57691 -0.0281936 1.21501 -0.0125342 -1.29193e-17 4.78644 0.715339 0.393943 5.1968 -2.54519 -1.8116e-17 4.82109 0.421791 0.936869 -2.2881 -1.38021 -2.00958e-17 4.83041 0.765062 1.18009 -3.74603 0.162521 1.23299 -7.60731 7.53374 11.6775 5.49331 2.47736 12.9547 3.2495 -3.26872 -96.0362 28.1615 9.05572 29.2081 0.0598081 0.137039 3.75996 -0.589732 -18.4139 24.234 0.0496219 0.113701 -2.98602 -18.0197 -1.35352 -1.23299 -7.60729 7.53365 -7.19845 4.89693 -0.974954 -12.9547 3.2495 -3.26872 92.6335 20.8291 -5.67481 -29.2081 0.0598081 0.137039 -3.70535 -0.57189 18.1364 -24.234 0.0496218 0.113702 4.07487 -21.0158 2.70664 9.23673 -4.20556 2.0327 -9.70481 -1.03977 -20.1408 -0.852353 -38.7721 -0.655187 -1.77689 6.62654 -0.0129166 -2.32622 -40.4017 -6.04875 1.9962 -4.45375 15.2158 0.779096 -9.8844 12.4959 2.48481e-17 -7.95139e-16 1.2424e-17 -9.23673 -4.20556 2.0327 -11.097 -16.4095 9.67559 0.852353 -38.7721 -0.655187 5.43541 19.687 -0.596258 2.32622 -40.4017 -6.04875 -2.04934 -6.04691 -15.2705 -0.779096 -9.8844 12.4959 5.86619e-16 -6.20594e-16 -1.27962e-14 
10.1993 90.5723 58.8745 9.42142 -3.03076 8.93591 0 5.07867 -1.15138 -3.55125 4.72548 0.0303736 0 5.61661 1.07143 -2.76665 3.27682 -0.442427 -1.02604e-17 5.98978 0.11501 -2.04384 2.00242 -0.359606 -1.10457e-17 6.50583 -0.443523 -1.28189 -0.755396 -0.369658 -1.97295e-17 7.60548 -1.50593 -0.539194 -1.875 -0.250489 -2.53307e-17 9.49737 -0.914492 0.161185 -3.46399 -0.631346 -2.90401e-17 10.5513 1.57691 -0.0236802 1.22622 -0.00696821 -1.29193e-17 4.78644 0.715339 0.391187 5.35229 -2.57247 -1.8116e-17 4.82109 0.421791 0.931921 -2.24497 -1.39666 -2.00958e-17 4.83041 0.765062 1.09051 -3.74273 0.0900834 1.23299 -7.60731 7.53374 12.2637 5.56097 2.56715 12.9547 3.2495 -3.26872 -96.2958 28.7601 9.1292 29.2081 0.0598081 0.137039 3.8243 -0.610986 -18.7399 24.234 0.0496219 0.113701 -3.38385 -18.3608 -1.43417 -1.23299 -7.60729 7.53365 -7.39705 4.93938 -0.965454 -12.9547 3.2495 -3.26872 92.6001 20.7619 -5.80449 -29.2081 0.0598081 0.137039 -3.72923 -0.579603 18.2572 -24.234 0.0496218 0.113702 4.20004 -20.9658 2.69784 9.23673 -4.20556 2.0327 -9.9147 -1.16803 -20.4092 -0.852353 -38.7721 -0.655187 -1.78127 6.64281 -0.012694 -2.32622 -40.4017 -6.04875 2.03282 -4.38003 15.2022 0.779096 -9.8844 12.4959 2.48481e-17 -7.95139e-16 1.2424e-17 -9.23673 -4.20556 2.0327 -11.4277 -16.6294 9.26814 0.852353 -38.7721 -0.655187 5.51992 19.9715 -0.619944 2.32622 -40.4017 -6.04875 -1.9199 -6.09819 -15.2815 -0.779096 -9.8844 12.4959 -9.54984e-16 -5.48483e-16 -1.2724e-14 
10.3733 90.5759 58.8787 9.50491 -2.8962 9.27798 0 5.07867 -1.15138 -3.57145 4.75788 0.00907445 0 5.61661 1.07143 -2.78003 3.28957 -0.465564 -1.02604e-17 5.98978 0.11501 -2.05344 1.99339 -0.38308 -1.10457e-17 6.50583 -0.443523 -1.28577 -0.807132 -0.393539 -1.97295e-17 7.60548 -1.50593 -0.542265 -1.92587 -0.27378 -2.53307e-17 9.49737 -0.914492 0.154721 -3.52939 -0.656608 -2.90401e-17 10.5513 1.57691 -0.021487 1.23467 -0.00367456 -1.29193e-17 4.78644 0.715339 0.384169 5.37888 -2.47816 -1.8116e-17 4.82109 0.421791 0.883028 -2.22407 -1.35796 -2.00958e-17 4.83041 0.765062 1.09871 -3.66299 0.0285572 1.23299 -7.60731 7.53374 12.499 5.64264 2.56928 12.9547 3.2495 -3.26872 -96.5426 29.3284 9.30507 29.2081 0.0598081 0.137039 3.91351 -0.641127 -19.1928 24.234 0.0496219 0.113701 -3.33633 -18.8954 -1.42597 -1.23299 -7.60729 7.53365 -7.46573 4.98577 -0.867735 -12.9547 3.2495 -3.26872 92.6081 20.7087 -5.84681 -29.2081 0.0598081 0.137039 -3.7556 -0.588187 18.3906 -24.234 0.0496218 0.113702 4.16842 -20.8101 2.60586 9.23673 -4.20556 2.0327 -10.1513 -1.27191 -20.7353 -0.852353 -38.7721 -0.655187 -1.78136 6.64315 -0.0126893 -2.32622 -40.4017 -6.04875 2.03848 -4.2657 15.1858 0.779096 -9.8844 12.4959 2.48481e-17 -7.95139e-16 1.2424e-17 -9.23673 -4.20556 2.0327 -11.8107 -16.8784 8.82709 0.852353 -38.7721 -0.655187 5.63506 20.3576 -0.652873 2.32622 -40.4017 -6.04875 -1.76175 -6.08241 -15.2927 -0.779096 -9.8844 12.4959 -6.06089e-16 -5.58778e-16 -1.27465e-14 
10.5753 90.5801 58.8766 9.61306 -2.72108 9.67538 0 5.07867 -1.15138 -3.5999 4.7407 -0.0125167 0 5.61661 1.07143 -2.80139 3.27161 -0.490866 -1.02604e-17 5.98978 0.11501 -2.06948 1.97393 -0.409233 -1.10457e-17 6.50583 -0.443523 -1.29508 -0.83301 -0.419484 -1.97295e-17 7.60548 -1.50593 -0.549826 -1.93635 -0.297964 -2.53307e-17 9.49737 -0.914492 0.145938 -3.53527 -0.680912 -2.90401e-17 10.5513 1.57691 -0.0209115 1.24072 -0.000472893 -1.29193e-17 4.78644 0.715339 0.37706 5.39175 -2.41358 -1.8116e-17 4.82109 0.421791 0.839782 -2.20618 -1.33344 -2.00958e-17 4.83041 0.765062 1.10783 -3.62767 0.038476 1.23299 -7.60731 7.53374 12.5585 5.66661 2.58383 12.9547 3.2495 -3.26872 -96.503 29.6778 9.29041 29.2081 0.0598081 0.137039 3.97734 -0.663176 -19.5176 24.234 0.0496219 0.113701 -3.37316 -19.2027 -1.44852 -1.23299 -7.60729 7.53365 -7.46308 5.00288 -0.783937 -12.9547 3.2495 -3.26872 92.6056 20.5934 -5.79862 -29.2081 0.0598081 0.137039 -3.76503 -0.59127 18.4383 -24.234 0.0496218 0.113702 4.07114 -20.5449 2.48956 9.23673 -4.20556 2.0327 -10.4416 -1.42216 -21.1125 -0.852353 -38.7721 -0.655187 -1.7876 6.66628 -0.0123704 -2.32622 -40.4017 -6.04875 1.98014 -4.14138 15.1769 0.779096 -9.8844 12.4959 2.48481e-17 -7.95139e-16 1.2424e-17 -9.23673 -4.20556 2.0327 -12.2741 -17.2283 8.33747 0.852353 -38.7721 -0.655187 5.79329 20.8853 -0.699363 2.32622 -40.4017 -6.04875 -1.65721 -6.01732 -15.3 -0.779096 -9.8844 12.4959 -5.96354e-16 -5.59082e-16 -1.27471e-14 
10.8046 90.5866 58.8706 9.73549 -2.53961 10.1262 0 5.07867 -1.15138 -3.61875 4.72223 -0.0378807 0 5.61661 1.07143 -2.81466 3.25131 -0.520663 -1.02604e-17 5.98978 0.11501 -2.08012 1.95172 -0.440399 -1.10457e-17 6.50583 -0.443523 -1.30142 -0.861882 -0.450815 -1.97295e-17 7.60548 -1.50593 -0.557801 -1.9516 -0.328072 -2.53307e-17 9.49737 -0.914492 0.133926 -3.54421 -0.70994 -2.90401e-17 10.5513 1.57691 -0.0208225 1.24903 0.00268058 -1.29193e-17 4.78644 0.715339 0.373239 5.39515 -2.29807 -1.8116e-17 4.82109 0.421791 0.785714 -2.16317 -1.28616 -2.00958e-17 4.83041 0.765062 1.07704 -3.60185 0.02544 1.23299 -7.60731 7.53374 12.4905 5.69114 2.56809 12.9547 3.2495 -3.26872 -96.3766 30.0118 9.27972 29.2081 0.0598081 0.137039 4.04265 -0.686157 -19.8506 24.234 0.0496219 0.113701 -3.38817 -19.5121 -1.47337 -1.23299 -7.60729 7.53365 -7.43586 5.02605 -0.677741 -12.9547 3.2495 -3.26872 92.5517 20.4325 -5.71001 -29.2081 0.0598081 0.137039 -3.7636 -0.590804 18.4311 -24.234 0.0496218 0.113702 3.96452 -20.2086 2.35762 9.23673 -4.20556 2.0327 -10.771 -1.56486 -21.5607 -0.852353 -38.7721 -0.655187 -1.79141 6.68042 -0.0121742 -2.32622 -40.4017 -6.04875 1.94441 -3.97844 15.1612 0.779096 -9.8844 12.4959 2.48481e-17 -7.95139e-16 1.2424e-17 -9.23673 -4.20556 2.0327 -12.809 -17.6415 7.78937 0.852353 -38.7721 -0.655187 5.99378 21.5487 -0.760298 2.32622 -40.4017 -6.04875 -1.49878 -5.90889 -15.3112 -0.779096 -9.8844 12.4959 -2.08519e-16 -5.83322e-16 -1.27592e-14 
11.0579 90.591 58.8641 9.88548 -2.33685 10.6144 0 5.07867 -1.15138 -3.63536 4.69344 -0.0549893 0 5.61661 1.07143 -2.82905 3.22125 -0.540795 -1.02604e-17 5.98978 0.11501 -2.09308 1.91997 -0.461552 -1.10457e-17 6.50583 -0.443523 -1.31069 -0.898483 -0.471864 -1.97295e-17 7.60548 -1.50593 -0.567133 -1.97007 -0.347288 -2.53307e-17 9.49737 -0.914492 0.124252 -3.56068 -0.728072 -2.90401e-17 10.5513 1.57691 -0.0195416 1.25924 0.00657348 -1.29193e-17 4.78644 0.715339 0.373898 5.43145 -2.20303 -1.8116e-17 4.82109 0.421791 0.745122 -2.11902 -1.24901 -2.00958e-17 4.83041 0.765062 0.996417 -3.58783 0.0331226 1.23299 -7.60731 7.53374 12.4525 5.71216 2.5702 12.9547 3.2495 -3.26872 -96.2282 30.3896 9.2105 29.2081 0.0598081 0.137039 4.08697 -0.701996 -20.0769 24.234 0.0496219 0.113701 -3.47864 -19.7843 -1.57495 -1.23299 -7.60729 7.53365 -7.45597 5.05086 -0.600199 -12.9547 3.2495 -3.26872 92.5148 20.2314 -5.62384 -29.2081 0.0598081 0.137039 -3.74942 -0.586169 18.3593 -24.234 0.0496218 0.113702 3.87328 -19.8227 2.24128 9.23673 -4.20556 2.0327 -11.1531 -1.70772 -22.0882 -0.852353 -38.7721 -0.655187 -1.79082 6.67822 -0.0122049 -2.32622 -40.4017 -6.04875 1.93031 -3.78356 15.1399 0.779096 -9.8844 12.4959 2.48481e-17 -7.95139e-16 1.2424e-17 -9.23673 -4.20556 2.0327 -13.4013 -18.176 7.29678 0.852353 -38.7721 -0.655187 6.25629 22.4088 -0.84348 2.32622 -40.4017 -6.04875 -1.39698 -5.71449 -15.3267 -0.779096 -9.8844 12.4959 -1.98785e-16 -5.8393e-16 -1.27595e-14 
11.333 90.591 58.8549 10.0295 -2.09074 11.1491 0 5.07867 -1.15138 -3.58759 4.72513 -0.0680622 0 5.61661 1.07143 -2.79384 3.21844 -0.540938 -1.02604e-17 5.98978 0.11501 -2.07158 1.87743 -0.459005 -1.10457e-17 6.50583 -0.443523 -1.29614 -1.00159 -0.469057 -1.97295e-17 7.60548 -1.50593 -0.561908 -2.06714 -0.345599 -2.53307e-17 9.49737 -0.914492 0.120384 -3.70396 -0.727226 -2.90401e-17 10.5513 1.57691 -0.0138414 1.27578 0.0176625 -1.29193e-17 4.78644 0.715339 0.356119 5.58605 -2.11421 -1.8116e-17 4.82109 0.421791 0.684836 -2.03947 -1.21809 -2.00958e-17 4.83041 0.765062 0.744125 -3.59388 -0.033054 1.23299 -7.60731 7.53374 13.2 5.82291 2.67328 12.9547 3.2495 -3.26872 -96.6643 31.2179 9.35457 29.2081 0.0598081 0.137039 4.19251 -0.74051 -20.6171 24.234 0.0496219 0.113701 -3.99318 -20.2866 -1.71044 -1.23299 -7.60729 7.53365 -7.74346 5.13722 -0.549254 -12.9547 3.2495 -3.26872 92.2302 20.002 -5.78578 -29.2081 0.0598081 0.137039 -3.74781 -0.585644 18.3512 -24.234 0.0496218 0.113702 4.1804 -19.5315 2.33304 9.23673 -4.20556 2.0327 -11.5623 -1.89353 -22.6886 -0.852353 -38.7721 -0.655187 -1.79721 6.70195 -0.0118737 -2.32622 -40.4017 -6.04875 1.95576 -3.57997 15.1134 0.779096 -9.8844 12.4959 4.12683e-16 -7.83019e-16 3.0421e-19 -9.23673 -4.20556 2.0327 -14.0609 -18.8255 6.76247 0.852353 -38.7721 -0.655187 6.57126 23.4274 -0.948283 2.32622 -40.4017 -6.04875 -1.13609 -5.50128 -15.355 -0.779096 -9.8844 12.4959 -9.74454e-16 -5.4757e-16 -1.27231e-14 
11.63 90.5941 58.8421 10.2067 -1.85381 11.7934 0 5.07867 -1.15138 -3.60002 4.77421 -0.0942381 0 5.61661 1.07143 -2.80454 3.23294 -0.567853 -1.02604e-17 5.98978 0.11501 -2.08525 1.85282 -0.488291 -1.10457e-17 6.50583 -0.443523 -1.30784 -1.09989 -0.499543 -1.97295e-17 7.60548 -1.50593 -0.578333 -2.15436 -0.37388 -2.53307e-17 9.49737 -0.914492 0.0967253 -3.82034 -0.752616 -2.90401e-17 10.5513 1.57691 -0.0106017 1.29167 0.0242238 -1.29193e-17 4.78644 0.715339 0.32418 5.62308 -1.8788 -1.8116e-17 4.82109 0.421791 0.560292 -2.0145 -1.12188 -2.00958e-17 4.83041 0.765062 0.734 -3.46237 -0.12704 1.23299 -7.60731 7.53374 13.6517 5.96533 2.68852 12.9547 3.2495 -3.26872 -97.1347 32.0849 9.70391 29.2081 0.0598081 0.137039 4.33362 -0.793777 -21.3423 24.234 0.0496219 0.113701 -3.95011 -21.0201 -1.71402 -1.23299 -7.60729 7.53365 -7.95932 5.22741 -0.415793 -12.9547 3.2495 -3.26872 92.2318 19.9569 -5.92281 -29.2081 0.0598081 0.137039 -3.76857 -0.592432 18.4562 -24.234 0.0496218 0.113702 4.25386 -19.3282 2.28165 9.23673 -4.20556 2.0327 -12.0209 -2.03079 -23.4468 -0.852353 -38.7721 -0.655187 -1.79273 6.68531 -0.0121062 -2.32622 -40.4017 -6.04875 1.95573 -3.32383 15.0823 0.779096 -9.8844 12.4959 3.45874e-17 -7.94834e-16 1.21197e-17 -9.23673 -4.20556 2.0327 -14.8089 -19.492 6.16596 0.852353 -38.7721 -0.655187 6.92728 24.5607 -1.07318 2.32622 -40.4017 -6.04875 -0.928613 -5.17004 -15.3827 -0.779096 -9.8844 12.4959 -2.18263e-16 -5.83017e-16 -1.27586e-14 
11.9419 90.5964 58.8299 10.3828 -1.58977 12.5387 0 5.07867 -1.15138 -3.63973 4.7817 -0.122877 0 5.61661 1.07143 -2.83776 3.2246 -0.603688 -1.02604e-17 5.98978 0.11501 -2.11569 1.83041 -0.527843 -1.10457e-17 6.50583 -0.443523 -1.33192 -1.15738 -0.539512 -1.97295e-17 7.60548 -1.50593 -0.603147 -2.18686 -0.409166 -2.53307e-17 9.49737 -0.914492 0.0699312 -3.8479 -0.783577 -2.90401e-17 10.5513 1.57691 -0.0104309 1.3066 0.0292222 -1.29193e-17 4.78644 0.715339 0.298521 5.61299 -1.62602 -1.8116e-17 4.82109 0.421791 0.467585 -2.01748 -1.01804 -2.00958e-17 4.83041 0.765062 0.761004 -3.37035 -0.133801 1.23299 -7.60731 7.53374 13.7353 6.03272 2.69699 12.9547 3.2495 -3.26872 -97.1103 32.5515 9.77765 29.2081 0.0598081 0.137039 4.44608 -0.837699 -21.9226 24.234 0.0496219 0.113701 -3.91798 -21.4494 -1.67721 -1.23299 -7.60729 7.53365 -8.00101 5.27653 -0.289379 -12.9547 3.2495 -3.26872 92.2958 19.8189 -5.93722 -29.2081 0.0598081 0.137039 -3.78149 -0.596679 18.5217 -24.234 0.0496218 0.113702 4.1715 -18.9775 2.15677 9.23673 -4.20556 2.0327 -12.5087 -2.19344 -24.2901 -0.852353 -38.7721 -0.655187 -1.79674 6.70021 -0.0118981 -2.32622 -40.4017 -6.04875 1.88232 -3.07865 15.0668 0.779096 -9.8844 12.4959 -3.62982e-16 -8.07258e-16 2.45437e-17 -9.23673 -4.20556 2.0327 -15.6488 -20.1808 5.42405 0.852353 -38.7721 -0.655187 7.31401 25.7697 -1.21642 2.32622 -40.4017 -6.04875 -0.716453 -4.77411 -15.405 -0.779096 -9.8844 12.4959 -5.86615e-16 -5.59691e-16 -1.27474e-14 
12.2722 90.5975 58.8199 10.5787 -1.28029 13.4033 0 5.07867 -1.15138 -3.5798 4.7084 -0.128996 0 5.61661 1.07143 -2.78483 3.16379 -0.599061 -1.02604e-17 5.98978 0.11501 -2.07656 1.77303 -0.52331 -1.10457e-17 6.50583 -0.443523 -1.29902 -1.20882 -0.532262 -1.97295e-17 7.60548 -1.50593 -0.582301 -2.17845 -0.401024 -2.53307e-17 9.49737 -0.914492 0.0810384 -3.83724 -0.789983 -2.90401e-17 10.5513 1.57691 -0.00446288 1.31952 0.0545223 -1.29193e-17 4.78644 0.715339 0.202102 5.50457 -1.37962 -1.8116e-17 4.82109 0.421791 0.361602 -1.88224 -0.928864 -2.00958e-17 4.83041 0.765062 0.403648 -3.26168 -0.286435 1.23299 -7.60731 7.53374 14.7138 6.14594 2.97356 12.9547 3.2495 -3.26872 -98.5481 33.351 10.0228 29.2081 0.0598081 0.137039 4.64292 -0.917764 -22.944 24.234 0.0496219 0.113701 -3.80726 -21.5855 -1.1629 -1.23299 -7.60729 7.53365 -7.31709 5.3769 -0.0979489 -12.9547 3.2495 -3.26872 91.6073 18.7379 -5.79002 -29.2081 0.0598081 0.137039 -3.74266 -0.583966 18.3251 -24.234 0.0496218 0.113702 3.7873 -18.0089 1.94848 9.23673 -4.20556 2.0327 -13.0466 -2.38871 -25.2066 -0.852353 -38.7721 -0.655187 -1.81409 6.76454 -0.0109874 -2.32622 -40.4017 -6.04875 1.81387 -2.80542 15.0414 0.779096 -9.8844 12.4959 1.51086e-17 -7.95443e-16 1.27284e-17 -9.23673 -4.20556 2.0327 -16.6387 -20.8847 4.49006 0.852353 -38.7721 -0.655187 7.73495 27.0589 -1.38104 2.32622 -40.4017 -6.04875 -0.26121 -4.39742 -15.4548 -0.779096 -9.8844 12.4959 -5.96354e-16 -5.59082e-16 -1.27471e-14 
12.6259 90.6006 58.8082 10.8089 -0.927271 14.3961 0 5.07867 -1.15138 -3.63596 4.59677 -0.0882952 0 5.61661 1.07143 -2.82214 3.08082 -0.564728 -1.02604e-17 5.98978 0.11501 -2.09512 1.72779 -0.485837 -1.10457e-17 6.50583 -0.443523 -1.29685 -1.22949 -0.489224 -1.97295e-17 7.60548 -1.50593 -0.557616 -2.12336 -0.347085 -2.53307e-17 9.49737 -0.914492 0.135461 -3.7217 -0.776368 -2.90401e-17 10.5513 1.57691 0.00688163 1.33981 0.0966499 -1.29193e-17 4.78644 0.715339 0.0222568 5.05437 -1.08287 -1.8116e-17 4.82109 0.421791 0.194308 -1.88055 -0.826126 -2.00958e-17 4.83041 0.765062 0.330066 -2.78819 -0.623069 1.23299 -7.60731 7.53374 15.7098 6.33606 3.34574 12.9547 3.2495 -3.26872 -99.855 34.2827 10.2564 29.2081 0.0598081 0.137039 4.86609 -1.01354 -24.1108 24.234 0.0496219 0.113701 -3.60748 -21.5056 -0.626759 -1.23299 -7.60729 7.53365 -4.77895 5.58558 0.402528 -12.9547 3.2495 -3.26872 90.3707 16.4175 -4.91463 -29.2081 0.0598081 0.137039 -3.58885 -0.535053 17.5486 -24.234 0.0496218 0.113702 2.25887 -16.2536 1.44701 9.23673 -4.20556 2.0327 -13.6544 -2.60908 -26.3069 -0.852353 -38.7721 -0.655187 -1.83906 6.85711 -0.00964236 -2.32622 -40.4017 -6.04875 1.62923 -2.51014 15.0259 0.779096 -9.8844 12.4959 2.48481e-17 -7.95139e-16 1.2424e-17 -9.23673 -4.20556 2.0327 -17.7543 -21.704 3.6301 0.852353 -38.7721 -0.655187 8.23668 28.5584 -1.58876 2.32622 -40.4017 -6.04875 0.322902 -3.86227 -15.5236 -0.779096 -9.8844 12.4959 -5.96354e-16 -5.59082e-16 -1.27471e-14 
13.0106 90.6053 58.8029 11.0711 -0.491784 15.5373 0 5.07867 -1.15138 -3.87188 4.24258 -0.0324474 0 5.61661 1.07143 -2.97354 2.85697 -0.557902 -1.02604e-17 5.98978 0.11501 -2.17259 1.63845 -0.485317 -1.10457e-17 6.50583 -0.443523 -1.30477 -1.17099 -0.486127 -1.97295e-17 7.60548 -1.50593 -0.502385 -1.91993 -0.326965 -2.53307e-17 9.49737 -0.914492 0.254737 -3.38215 -0.836426 -2.90401e-17 10.5513 1.57691 0.0211601 1.35449 0.140857 -1.29193e-17 4.78644 0.715339 -0.158637 4.46144 -0.665967 -1.8116e-17 4.82109 0.421791 -0.0352023 -1.89894 -0.681915 -2.00958e-17 4.83041 0.765062 0.487287 -2.18584 -0.801069 1.23299 -7.60731 7.53374 16.806 6.49282 3.95927 12.9547 3.2495 -3.26872 -101.752 35.1532 10.3611 29.2081 0.0598081 0.137039 5.08576 -1.11314 -25.2693 24.234 0.0496219 0.113701 -2.71715 -21.1543 0.534681 -1.23299 -7.60729 7.53365 -0.610335 5.74377 1.03511 -12.9547 3.2495 -3.26872 90.1932 11.0925 -2.46176 -29.2081 0.0598081 0.137039 -3.22145 -0.427394 15.7061 -24.234 0.0496218 0.113702 -1.3448 -10.9849 0.100157 9.23673 -4.20556 2.0327 -14.3329 -2.8701 -27.2389 -0.852353 -38.7721 -0.655187 -1.86194 6.94192 -0.00837419 -2.32622 -40.4017 -6.04875 1.26357 -2.21868 15.0272 0.779096 -9.8844 12.4959 2.48481e-17 -7.95139e-16 1.2424e-17 -9.23673 -4.20556 2.0327 -19.0521 -22.6707 2.81243 0.852353 -38.7721 -0.655187 8.82983 30.2783 -1.84986 2.32622 -40.4017 -6.04875 1.23084 -3.1696 -15.6275 -0.779096 -9.8844 12.4959 1.79306e-16 -5.95441e-16 -1.27713e-14 
13.4121 90.6053 58.8146 11.301 0.00553327 16.8471 0 5.07867 -1.15138 -4.04677 4.2367 -0.00816518 0 5.61661 1.07143 -3.09122 2.7989 -0.534744 -1.02604e-17 5.98978 0.11501 -2.24226 1.48729 -0.457854 -1.10457e-17 6.50583 -0.443523 -1.31187 -1.52623 -0.464477 -1.97295e-17 7.60548 -1.50593 -0.453438 -2.24462 -0.292117 -2.53307e-17 9.49737 -0.914492 0.35077 -3.89569 -0.858429 -2.90401e-17 10.5513 1.57691 0.0569874 1.40936 0.173642 -1.29193e-17 4.78644 0.715339 -0.192551 4.89006 -0.23244 -1.8116e-17 4.82109 0.421791 -0.119703 -1.50677 -0.514786 -2.00958e-17 4.83041 0.765062 0.228728 -1.74671 -1.11691 1.23299 -7.60731 7.53374 20.278 7.05875 4.62068 12.9547 3.2495 -3.26872 -105.273 36.2692 11.5766 29.2081 0.0598081 0.137039 5.37481 -1.25249 -26.81 24.234 0.0496219 0.113701 -3.324 -20.7034 1.4599 -1.23299 -7.60729 7.53365 -0.551661 5.86563 0.929707 -12.9547 3.2495 -3.26872 91.1019 6.26509 -1.67137 -29.2081 0.0598081 0.137039 -2.90008 -0.343618 14.1072 -24.234 0.0496218 0.113702 -1.5683 -6.01745 -0.151067 9.23673 -4.20556 2.0327 -15.1116 -3.13578 -28.1512 -0.852353 -38.7721 -0.655187 -1.88612 7.03153 -0.00699687 -2.32622 -40.4017 -6.04875 1.52952 -1.69853 14.9555 0.779096 -9.8844 12.4959 2.48481e-17 -7.95139e-16 1.2424e-17 -9.23673 -4.20556 2.0327 -20.4789 -23.6236 1.75741 0.852353 -38.7721 -0.655187 9.45652 32.0326 -2.1432 2.32622 -40.4017 -6.04875 1.90775 -2.30415 -15.6988 -0.779096 -9.8844 12.4959 -5.76875e-16 -5.59995e-16 -1.27477e-14 
13.803 90.6002 58.8634 11.4637 0.507242 18.2542 0 5.07867 -1.15138 -4.20263 4.46941 -0.11773 0 5.61661 1.07143 -3.17807 2.92656 -0.675632 -1.02604e-17 5.98978 0.11501 -2.29748 1.48504 -0.606093 -1.10457e-17 6.50583 -0.443523 -1.32694 -1.80138 -0.623445 -1.97295e-17 7.60548 -1.50593 -0.465267 -2.55006 -0.445349 -2.53307e-17 9.49737 -0.914492 0.319717 -4.30916 -1.02712 -2.90401e-17 10.5513 1.57691 0.0696909 1.4472 0.185381 -1.29193e-17 4.78644 0.715339 -0.221207 4.78288 1.01852 -1.8116e-17 4.82109 0.421791 -0.342077 -1.47734 0.0306629 -2.00958e-17 4.83041 0.765062 0.288225 -1.1828 -1.5699 1.23299 -7.60731 7.53374 21.6291 7.58546 4.68143 12.9547 3.2495 -3.26872 -106.892 36.6231 13.1947 29.2081 0.0598081 0.137039 5.73839 -1.44168 -28.777 24.234 0.0496219 0.113701 -3.12071 -21.1216 1.79558 -1.23299 -7.60729 7.53365 -0.412701 6.12941 1.29451 -12.9547 3.2495 -3.26872 91.3 3.31803 -1.51736 -29.2081 0.0598081 0.137039 -2.72254 -0.30141 13.2285 -24.234 0.0496218 0.113702 -1.30396 -2.59669 0.384362 9.23673 -4.20556 2.0327 -15.7565 -3.16387 -29.4758 -0.852353 -38.7721 -0.655187 -1.82595 6.80852 -0.0103536 -2.32622 -40.4017 -6.04875 1.47952 -1.33274 14.9292 0.779096 -9.8844 12.4959 2.48481e-17 -7.95139e-16 1.2424e-17 -9.23673 -4.20556 2.0327 -21.8401 -24.6099 0.945901 0.852353 -38.7721 -0.655187 10.1527 33.9059 -2.48903 2.32622 -40.4017 -6.04875 2.79492 -1.2673 -15.8257 -0.779096 -9.8844 12.4959 -1.37201e-15 -5.34843e-16 -1.27107e-14 
14.1673 90.5954 58.9698 11.5611 1.02159 19.6909 0 5.07867 -1.15138 -4.28504 4.45233 -0.259183 0 5.61661 1.07143 -3.21327 2.91314 -0.85152 -1.02604e-17 5.98978 0.11501 -2.32507 1.46429 -0.799887 -1.10457e-17 6.50583 -0.443523 -1.3413 -1.84932 -0.825403 -1.97295e-17 7.60548 -1.50593 -0.508378 -2.55028 -0.644323 -2.53307e-17 9.49737 -0.914492 0.232376 -4.26519 -1.21077 -2.90401e-17 10.5513 1.57691 0.0609037 1.45831 0.183781 -1.29193e-17 4.78644 0.715339 -0.255388 4.7086 1.95412 -1.8116e-17 4.82109 0.421791 -0.656392 -1.58144 0.428024 -2.00958e-17 4.83041 0.765062 0.439205 -1.08568 -1.13441 1.23299 -7.60731 7.53374 21.5641 7.67181 4.739 12.9547 3.2495 -3.26872 -106.552 36.5307 13.6573 29.2081 0.0598081 0.137039 5.94001 -1.55355 -29.883 24.234 0.0496219 0.113701 -3.10432 -21.7511 1.80551 -1.23299 -7.60729 7.53365 -0.415505 6.18642 1.56093 -12.9547 3.2495 -3.26872 91.7262 1.65195 -1.29318 -29.2081 0.0598081 0.137039 -2.55651 -0.26453 12.4095 -24.234 0.0496218 0.113702 -1.40974 0.0634982 1.0487 9.23673 -4.20556 2.0327 -16.3061 -3.16485 -30.8287 -0.852353 -38.7721 -0.655187 -1.76468 6.58126 -0.01353 -2.32622 -40.4017 -6.04875 1.18577 -1.12676 14.9489 0.779096 -9.8844 12.4959 -3.62982e-16 -8.07258e-16 2.45437e-17 -9.23673 -4.20556 2.0327 -23.1856 -25.5516 0.0999167 0.852353 -38.7721 -0.655187 10.8819 35.7832 -2.87249 2.32622 -40.4017 -6.04875 3.51779 -0.0873385 -15.9038 -0.779096 -9.8844 12.4959 -4.1063e-15 -4.13037e-16 -1.25886e-14 
14.5032 90.602 59.1439 11.6239 1.50369 21.141 0 5.07867 -1.15138 -4.26681 4.39845 -0.355105 0 5.61661 1.07143 -3.18195 2.86684 -0.969894 -1.02604e-17 5.98978 0.11501 -2.31141 1.42257 -0.935298 -1.10457e-17 6.50583 -0.443523 -1.33986 -1.89165 -0.965454 -1.97295e-17 7.60548 -1.50593 -0.547599 -2.53812 -0.783678 -2.53307e-17 9.49737 -0.914492 0.151896 -4.18497 -1.32977 -2.90401e-17 10.5513 1.57691 0.0503081 1.48358 0.185033 -1.29193e-17 4.78644 0.715339 -0.257157 4.49141 2.97819 -1.8116e-17 4.82109 0.421791 -0.957758 -1.47318 0.862024 -2.00958e-17 4.83041 0.765062 0.286918 -0.965134 -0.986853 1.23299 -7.60731 7.53374 20.8134 7.64932 4.69618 12.9547 3.2495 -3.26872 -105.608 36.5514 13.8159 29.2081 0.0598081 0.137039 6.12396 -1.66012 -30.9024 24.234 0.0496219 0.113701 -3.09718 -22.4554 1.9923 -1.23299 -7.60729 7.53365 -0.208158 6.27254 1.91112 -12.9547 3.2495 -3.26872 91.722 0.532979 -1.06054 -29.2081 0.0598081 0.137039 -2.47853 -0.248063 12.0256 -24.234 0.0496218 0.113702 -1.62534 1.82996 1.16354 9.23673 -4.20556 2.0327 -16.7987 -3.03663 -32.3183 -0.852353 -38.7721 -0.655187 -1.68202 6.27442 -0.0174285 -2.32622 -40.4017 -6.04875 1.13305 -0.858508 14.9393 0.779096 -9.8844 12.4959 1.51086e-17 -7.95443e-16 1.27284e-17 -9.23673 -4.20556 2.0327 -24.5001 -26.3021 -0.789697 0.852353 -38.7721 -0.655187 11.5898 37.5239 -3.26427 2.32622 -40.4017 -6.04875 4.29627 1.0281 -15.9947 -0.779096 -9.8844 12.4959 -1.07184e-15 -5.4331e-16 -1.27189e-14 
14.8098 90.6126 59.4009 11.6267 1.92325 22.5755 0 5.07867 -1.15138 -4.21197 4.30095 -0.374499 0 5.61661 1.07143 -3.14078 2.78104 -0.989944 -1.02604e-17 5.98978 0.11501 -2.29635 1.34844 -0.964114 -1.10457e-17 6.50583 -0.443523 -1.34132 -1.94614 -0.995353 -1.97295e-17 7.60548 -1.50593 -0.577064 -2.51862 -0.809692 -2.53307e-17 9.49737 -0.914492 0.111581 -4.11765 -1.34294 -2.90401e-17 10.5513 1.57691 0.0525336 1.51115 0.194195 -1.29193e-17 4.78644 0.715339 -0.261455 4.33405 3.72614 -1.8116e-17 4.82109 0.421791 -1.15195 -1.3045 1.16939 -2.00958e-17 4.83041 0.765062 -0.0385151 -0.734764 -0.809287 1.23299 -7.60731 7.53374 20.3653 7.62671 4.66603 12.9547 3.2495 -3.26872 -104.891 36.9859 13.75 29.2081 0.0598081 0.137039 6.21356 -1.71363 -31.4027 24.234 0.0496219 0.113701 -3.29544 -23.0414 1.90971 -1.23299 -7.60729 7.53365 0.0492847 6.32368 2.19595 -12.9547 3.2495 -3.26872 91.3704 -0.443515 -0.932987 -29.2081 0.0598081 0.137039 -2.45859 -0.243939 11.9275 -24.234 0.0496218 0.113702 -1.61888 2.95556 0.837444 9.23673 -4.20556 2.0327 -17.1781 -2.81431 -33.8794 -0.852353 -38.7721 -0.655187 -1.60317 5.98148 -0.0207329 -2.32622 -40.4017 -6.04875 1.18986 -0.667915 14.923 0.779096 -9.8844 12.4959 4.12678e-16 -7.83019e-16 3.04358e-19 -9.23673 -4.20556 2.0327 -25.567 -26.9062 -1.31158 0.852353 -38.7721 -0.655187 12.278 39.1404 -3.66238 2.32622 -40.4017 -6.04875 5.00728 2.06744 -16.0879 -0.779096 -9.8844 12.4959 1.72089e-15 -6.67855e-16 -1.28434e-14 
15.0973 90.6041 59.7527 11.5464 2.33337 24.0282 0 5.07867 -1.15138 -4.14306 4.19489 -0.348531 0 5.61661 1.07143 -3.09743 2.68501 -0.953693 -1.02604e-17 5.98978 0.11501 -2.28379 1.25911 -0.933262 -1.10457e-17 6.50583 -0.443523 -1.34961 -2.02442 -0.965257 -1.97295e-17 7.60548 -1.50593 -0.608334 -2.52753 -0.774384 -2.53307e-17 9.49737 -0.914492 0.0810226 -4.10457 -1.29571 -2.90401e-17 10.5513 1.57691 0.059983 1.53924 0.203347 -1.29193e-17 4.78644 0.715339 -0.28593 4.26759 4.40335 -1.8116e-17 4.82109 0.421791 -1.37682 -1.13106 1.44425 -2.00958e-17 4.83041 0.765062 -0.274876 -0.437179 -0.72315 1.23299 -7.60731 7.53374 20.1895 7.63212 4.59936 12.9547 3.2495 -3.26872 -104.504 37.6227 13.6854 29.2081 0.0598081 0.137039 6.24274 -1.73128 -31.5662 24.234 0.0496219 0.113701 -3.49899 -23.4874 1.58348 -1.23299 -7.60729 7.53365 0.230353 6.38188 2.40404 -12.9547 3.2495 -3.26872 90.9475 -1.19142 -0.949783 -29.2081 0.0598081 0.137039 -2.43526 -0.23916 11.8128 -24.234 0.0496218 0.113702 -1.48033 3.59843 0.525784 9.23673 -4.20556 2.0327 -17.417 -2.50787 -35.2767 -0.852353 -38.7721 -0.655187 -1.5103 5.63619 -0.0241055 -2.32622 -40.4017 -6.04875 1.25142 -0.602619 14.9146 0.779096 -9.8844 12.4959 3.45876e-17 -7.94834e-16 1.21197e-17 -9.23673 -4.20556 2.0327 -26.5778 -27.855 -1.60552 0.852353 -38.7721 -0.655187 13.3302 41.4732 -4.30161 2.32622 -40.4017 -6.04875 5.59627 2.29273 -16.155 -0.779096 -9.8844 12.4959 2.37743e-16 -5.9818e-16 -1.27737e-14 
15.3735 90.581 60.2039 11.4336 2.79273 25.4817 0 5.07867 -1.15138 -4.07652 4.06365 -0.297613 0 5.61661 1.07143 -3.05844 2.57205 -0.893279 -1.02604e-17 5.98978 0.11501 -2.27604 1.15348 -0.878366 -1.10457e-17 6.50583 -0.443523 -1.36482 -2.11379 -0.912922 -1.97295e-17 7.60548 -1.50593 -0.645749 -2.54736 -0.716085 -2.53307e-17 9.49737 -0.914492 0.0471594 -4.1198 -1.22342 -2.90401e-17 10.5513 1.57691 0.0677772 1.5639 0.209025 -1.29193e-17 4.78644 0.715339 -0.310864 4.2062 5.2182 -1.8116e-17 4.82109 0.421791 -1.64798 -0.984661 1.77666 -2.00958e-17 4.83041 0.765062 -0.438167 -0.0347363 -0.861501 1.23299 -7.60731 7.53374 20.2384 7.66613 4.52959 12.9547 3.2495 -3.26872 -104.401 38.3401 13.7279 29.2081 0.0598081 0.137039 6.25725 -1.7401 -31.6475 24.234 0.0496219 0.113701 -3.69007 -23.8205 1.1342 -1.23299 -7.60729 7.53365 0.317322 6.45151 2.5338 -12.9547 3.2495 -3.26872 90.609 -1.63334 -1.02487 -29.2081 0.0598081 0.137039 -2.37934 -0.227904 11.5381 -24.234 0.0496218 0.113702 -1.38638 3.92756 0.38944 9.23673 -4.20556 2.0327 -17.5794 -2.15684 -36.6368 -0.852353 -38.7721 -0.655187 -1.3955 5.20897 -0.0274977 -2.32622 -40.4017 -6.04875 1.24931 -0.502433 14.9078 0.779096 -9.8844 12.4959 -7.50812e-16 -8.31498e-16 4.87831e-17 -9.23673 -4.20556 2.0327 -27.6006 -29.9185 -1.24912 0.852353 -38.7721 -0.655187 15.3837 45.5712 -5.64316 2.32622 -40.4017 -6.04875 5.66717 1.23955 -16.0925 -0.779096 -9.8844 12.4959 -6.00649e-15 -3.29721e-16 -1.25053e-14 
15.6389 90.5886 60.7479 11.2982 3.32922 26.9765 0 5.07867 -1.15138 -4.02765 3.88664 -0.251635 0 5.61661 1.07143 -3.03323 2.43084 -0.841754 -1.02604e-17 5.98978 0.11501 -2.27861 1.03301 -0.834056 -1.10457e-17 6.50583 -0.443523 -1.38747 -2.18871 -0.872934 -1.97295e-17 7.60548 -1.50593 -0.691644 -2.53844 -0.669441 -2.53307e-17 9.49737 -0.914492 0.0019078 -4.10105 -1.15993 -2.90401e-17 10.5513 1.57691 0.0738447 1.57765 0.210371 -1.29193e-17 4.78644 0.715339 -0.337551 4.12625 6.09218 -1.8116e-17 4.82109 0.421791 -1.9431 -0.830267 2.13278 -2.00958e-17 4.83041 0.765062 -0.549404 0.341635 -0.984052 1.23299 -7.60731 7.53374 20.3782 7.70024 4.45955 12.9547 3.2495 -3.26872 -104.39 39.0084 13.8802 29.2081 0.0598081 0.137039 6.29167 -1.76114 -31.8409 24.234 0.0496219 0.113701 -3.82516 -24.0732 0.693788 -1.23299 -7.60729 7.53365 0.298939 6.48219 2.62944 -12.9547 3.2495 -3.26872 90.3627 -1.81197 -1.14656 -29.2081 0.0598081 0.137039 -2.33336 -0.218855 11.3123 -24.234 0.0496218 0.113702 -1.21915 4.10286 0.274492 9.23673 -4.20556 2.0327 -17.6815 -1.76131 -37.987 -0.852353 -38.7721 -0.655187 -1.24811 4.65989 -0.0305931 -2.32622 -40.4017 -6.04875 1.15423 -0.383726 14.91 0.779096 -9.8844 12.4959 -3.82465e-16 -8.08172e-16 2.54571e-17 -9.23673 -4.20556 2.0327 -28.2055 -31.9698 -0.141533 0.852353 -38.7721 -0.655187 17.574 49.3475 -7.18953 2.32622 -40.4017 -6.04875 5.84053 0.509264 -16.0442 -0.779096 -9.8844 12.4959 -2.28407e-15 -4.92699e-16 -1.26683e-14 
15.8739 90.6195 61.3567 11.1559 3.96633 28.5147 0 5.07867 -1.15138 -3.95503 3.82524 -0.17103 0 5.61661 1.07143 -2.98653 2.33295 -0.70936 -1.02604e-17 5.98978 0.11501 -2.26956 0.829451 -0.706461 -1.10457e-17 6.50583 -0.443523 -1.39071 -2.56307 -0.762393 -1.97295e-17 7.60548 -1.50593 -0.714524 -2.80134 -0.548908 -2.53307e-17 9.49737 -0.914492 -0.0278116 -4.60158 -1.03875 -2.90401e-17 10.5513 1.57691 0.101934 1.59698 0.211271 -1.29193e-17 4.78644 0.715339 -0.562168 4.97991 6.79633 -1.8116e-17 4.82109 0.421791 -2.27943 -0.516079 2.39278 -2.00958e-17 4.83041 0.765062 -0.676402 0.616185 -1.23916 1.23299 -7.60731 7.53374 24.7011 8.23431 4.64599 12.9547 3.2495 -3.26872 -107.985 40.6137 15.4989 29.2081 0.0598081 0.137039 6.5981 -1.9556 -33.58 24.234 0.0496219 0.113701 -5.25465 -24.3674 0.684605 -1.23299 -7.60729 7.53365 -1.88846 6.3282 2.08526 -12.9547 3.2495 -3.26872 91.3532 -1.68201 -1.9408 -29.2081 0.0598081 0.137039 -2.33916 -0.219986 11.3408 -24.234 0.0496218 0.113702 -0.16921 4.29941 -0.449187 9.23673 -4.20556 2.0327 -17.8043 -1.43784 -39.2432 -0.852353 -38.7721 -0.655187 -1.11617 4.16795 -0.0321617 -2.32622 -40.4017 -6.04875 1.20545 -0.194187 14.8878 0.779096 -9.8844 12.4959 1.51039e-17 -7.95443e-16 1.27285e-17 -9.23673 -4.20556 2.0327 -28.5937 -33.4169 0.93644 0.852353 -38.7721 -0.655187 19.3771 52.0561 -8.53573 2.32622 -40.4017 -6.04875 6.50903 0.568142 -16.0451 -0.779096 -9.8844 12.4959 1.40319e-16 -5.93918e-16 -1.27695e-14 
16.0535 90.6844 61.9616 10.9977 4.64618 30.1338 0 5.07867 -1.15138 -4.00914 3.94302 -0.167478 0 5.61661 1.07143 -3.02648 2.39396 -0.712899 -1.02604e-17 5.98978 0.11501 -2.31948 0.799662 -0.730744 -1.10457e-17 6.50583 -0.443523 -1.44385 -2.78623 -0.800353 -1.97295e-17 7.60548 -1.50593 -0.790781 -2.9695 -0.575541 -2.53307e-17 9.49737 -0.914492 -0.121436 -4.83934 -1.04119 -2.90401e-17 10.5513 1.57691 0.108819 1.60931 0.205039 -1.29193e-17 4.78644 0.715339 -0.624471 4.56756 8.1198 -1.8116e-17 4.82109 0.421791 -2.61042 -0.626457 2.93733 -2.00958e-17 4.83041 0.765062 -0.456808 1.51388 -1.69868 1.23299 -7.60731 7.53374 25.9185 8.65816 4.39758 12.9547 3.2495 -3.26872 -110.116 41.2819 17.6187 29.2081 0.0598081 0.137039 7.11666 -2.31569 -36.603 24.234 0.0496219 0.113701 -3.95688 -24.7568 1.93411 -1.23299 -7.60729 7.53365 -2.50937 6.40225 2.25845 -12.9547 3.2495 -3.26872 91.8132 -1.2509 -2.54083 -29.2081 0.0598081 0.137039 -2.43419 -0.238936 11.8076 -24.234 0.0496218 0.113702 0.293058 4.07649 -0.525996 9.23673 -4.20556 2.0327 -17.8354 -1.09423 -40.7515 -0.852353 -38.7721 -0.655187 -0.927533 3.46401 -0.0324307 -2.32622 -40.4017 -6.04875 0.899473 0.128178 14.8983 0.779096 -9.8844 12.4959 2.48481e-17 -7.95139e-16 1.2424e-17 -9.23673 -4.20556 2.0327 -28.6134 -34.317 2.28107 0.852353 -38.7721 -0.655187 20.7418 53.8963 -9.59147 2.32622 -40.4017 -6.04875 7.41197 1.08138 -16.0642 -0.779096 -9.8844 12.4959 5.8661e-16 -6.20593e-16 -1.27962e-14 
16.1712 90.7996 62.5092 10.8415 5.20294 31.8358 0 5.07867 -1.15138 -4.07399 3.74223 -0.185571 0 5.61661 1.07143 -3.08014 2.26162 -0.75307 -1.02604e-17 5.98978 0.11501 -2.37816 0.751637 -0.793196 -1.10457e-17 6.50583 -0.443523 -1.50287 -2.66753 -0.86939 -1.97295e-17 7.60548 -1.50593 -0.871639 -2.7416 -0.632337 -2.53307e-17 9.49737 -0.914492 -0.210246 -4.49029 -1.06099 -2.90401e-17 10.5513 1.57691 0.09997 1.58675 0.193788 -1.29193e-17 4.78644 0.715339 -0.669198 4.34669 8.97679 -1.8116e-17 4.82109 0.421791 -2.99014 -0.781136 3.28748 -2.00958e-17 4.83041 0.765062 -0.2843 1.59915 -1.35414 1.23299 -7.60731 7.53374 25.6248 8.52706 4.48745 12.9547 3.2495 -3.26872 -109.43 40.9527 17.7631 29.2081 0.0598081 0.137039 7.31623 -2.46542 -37.7968 24.234 0.0496219 0.113701 -3.71388 -24.7287 2.29721 -1.23299 -7.60729 7.53365 -2.46348 6.19982 2.34786 -12.9547 3.2495 -3.26872 92.1328 -1.11166 -2.54667 -29.2081 0.0598081 0.137039 -2.43824 -0.239758 11.8274 -24.234 0.0496218 0.113702 0.30864 4.43602 -0.327997 9.23673 -4.20556 2.0327 -17.8286 -0.827433 -42.1635 -0.852353 -38.7721 -0.655187 -0.7993 2.98521 -0.0312875 -2.32622 -40.4017 -6.04875 0.236128 0.492755 14.9548 0.779096 -9.8844 12.4959 -3.62977e-16 -8.07258e-16 2.45436e-17 -9.23673 -4.20556 2.0327 -28.4849 -34.4567 3.47361 0.852353 -38.7721 -0.655187 21.5594 54.9206 -10.2373 2.32622 -40.4017 -6.04875 7.72108 1.2418 -16.0191 -0.779096 -9.8844 12.4959 -1.7306e-15 -5.12126e-16 -1.26998e-14 
16.223 90.9622 63.0115 10.6489 5.64667 33.7089 0 5.07867 -1.15138 -4.04486 3.47546 -0.161713 0 5.61661 1.07143 -3.05884 2.09678 -0.736269 -1.02604e-17 5.98978 0.11501 -2.37865 0.701748 -0.792183 -1.10457e-17 6.50583 -0.443523 -1.52217 -2.47742 -0.869624 -1.97295e-17 7.60548 -1.50593 -0.923288 -2.45874 -0.626797 -2.53307e-17 9.49737 -0.914492 -0.266912 -4.07769 -1.02388 -2.90401e-17 10.5513 1.57691 0.0935519 1.57463 0.188278 -1.29193e-17 4.78644 0.715339 -0.67359 4.12614 9.70149 -1.8116e-17 4.82109 0.421791 -3.37632 -0.812872 3.57609 -2.00958e-17 4.83041 0.765062 -0.400753 1.67572 -1.31817 1.23299 -7.60731 7.53374 24.9001 8.28947 4.55087 12.9547 3.2495 -3.26872 -108.405 40.9536 17.3037 29.2081 0.0598081 0.137039 7.42378 -2.54884 -38.4479 24.234 0.0496219 0.113701 -3.49691 -24.7979 2.74338 -1.23299 -7.60729 7.53365 -2.03863 6.03573 2.48247 -12.9547 3.2495 -3.26872 91.7286 -0.927104 -2.35301 -29.2081 0.0598081 0.137039 -2.42956 -0.237988 11.7848 -24.234 0.0496218 0.113702 0.331194 4.25145 -0.241911 9.23673 -4.20556 2.0327 -17.7596 -0.547545 -43.731 -0.852353 -38.7721 -0.655187 -0.692087 2.58477 -0.0295081 -2.32622 -40.4017 -6.04875 -0.209973 1.07625 14.9823 0.779096 -9.8844 12.4959 -3.72721e-16 -8.07563e-16 2.48481e-17 -9.23673 -4.20556 2.0327 -27.9042 -34.0947 5.01452 0.852353 -38.7721 -0.655187 21.9042 55.3363 -10.5125 2.32622 -40.4017 -6.04875 7.89423 1.39845 -15.9923 -0.779096 -9.8844 12.4959 -1.78906e-15 -5.09386e-16 -1.26974e-14 
16.1806 91.1444 63.4843 10.3324 6.07268 35.6598 0 5.07867 -1.15138 -3.99699 3.27112 -0.0971606 0 5.61661 1.07143 -3.03088 1.96034 -0.658893 -1.02604e-17 5.98978 0.11501 -2.37423 0.642024 -0.718891 -1.10457e-17 6.50583 -0.443523 -1.53725 -2.36179 -0.795023 -1.97295e-17 7.60548 -1.50593 -0.959995 -2.26793 -0.545225 -2.53307e-17 9.49737 -0.914492 -0.291043 -3.83626 -0.920789 -2.90401e-17 10.5513 1.57691 0.102655 1.57005 0.186007 -1.29193e-17 4.78644 0.715339 -0.701306 4.15158 10.272 -1.8116e-17 4.82109 0.421791 -3.64796 -0.802901 3.79499 -2.00958e-17 4.83041 0.765062 -0.593416 1.74561 -1.56321 1.23299 -7.60731 7.53374 24.8917 8.15873 4.63026 12.9547 3.2495 -3.26872 -107.819 41.39 16.5154 29.2081 0.0598081 0.137039 7.34757 -2.48953 -37.9859 24.234 0.0496219 0.113701 -3.74543 -24.8602 2.36746 -1.23299 -7.60729 7.53365 -1.88477 5.90182 2.47707 -12.9547 3.2495 -3.26872 91.1638 -0.621642 -2.316 -29.2081 0.0598081 0.137039 -2.43842 -0.239789 11.8283 -24.234 0.0496218 0.113702 0.752304 3.66446 -0.25569 9.23673 -4.20556 2.0327 -17.5709 -0.394026 -45.2541 -0.852353 -38.7721 -0.655187 -0.605581 2.26162 -0.0275257 -2.32622 -40.4017 -6.04875 -0.523103 1.69424 14.9978 0.779096 -9.8844 12.4959 -7.60546e-16 -8.31802e-16 4.90872e-17 -9.23673 -4.20556 2.0327 -26.7286 -33.4699 7.05276 0.852353 -38.7721 -0.655187 21.7561 55.1589 -10.3941 2.32622 -40.4017 -6.04875 7.85923 1.40911 -15.9875 -0.779096 -9.8844 12.4959 -1.40124e-15 -5.33625e-16 -1.27095e-14 
16.0204 91.3254 63.9332 9.98414 6.47285 37.6445 0 5.07867 -1.15138 -3.96659 3.12621 -0.0118056 0 5.61661 1.07143 -3.02116 1.86516 -0.559255 -1.02604e-17 5.98978 0.11501 -2.3835 0.600773 -0.620897 -1.10457e-17 6.50583 -0.443523 -1.56412 -2.28007 -0.697264 -1.97295e-17 7.60548 -1.50593 -1.00031 -2.12975 -0.439875 -2.53307e-17 9.49737 -0.914492 -0.315201 -3.6875 -0.796639 -2.90401e-17 10.5513 1.57691 0.113755 1.55873 0.181055 -1.29193e-17 4.78644 0.715339 -0.763076 4.2153 10.6999 -1.8116e-17 4.82109 0.421791 -3.89871 -0.793366 3.95558 -2.00958e-17 4.83041 0.765062 -0.644962 1.8559 -1.82953 1.23299 -7.60731 7.53374 25.3073 8.12314 4.66263 12.9547 3.2495 -3.26872 -107.794 41.9407 15.9273 29.2081 0.0598081 0.137039 7.26852 -2.42903 -37.5098 24.234 0.0496219 0.113701 -3.84247 -24.9227 2.01677 -1.23299 -7.60729 7.53365 -1.92117 5.81026 2.37184 -12.9547 3.2495 -3.26872 90.668 -0.0698953 -2.51424 -29.2081 0.0598081 0.137039 -2.47708 -0.247742 12.0184 -24.234 0.0496218 0.113702 1.34412 2.83599 -0.16992 9.23673 -4.20556 2.0327 -17.3082 -0.325516 -46.4909 -0.852353 -38.7721 -0.655187 -0.532137 1.98724 -0.0254596 -2.32622 -40.4017 -6.04875 -0.863988 2.2701 15.0142 0.779096 -9.8844 12.4959 -3.82465e-16 -8.08172e-16 2.54571e-17 -9.23673 -4.20556 2.0327 -24.9755 -32.5841 9.72511 0.852353 -38.7721 -0.655187 21.1168 54.3731 -9.88654 2.32622 -40.4017 -6.04875 7.88747 1.30089 -16.0104 -0.779096 -9.8844 12.4959 -6.15842e-16 -5.58473e-16 -1.27462e-14 
15.7293 91.4835 64.3809 9.63788 6.9162 39.5436 0 5.07867 -1.15138 -3.99998 2.96384 0.229818 0 5.61661 1.07143 -3.04 1.74493 -0.251823 -1.02604e-17 5.98978 0.11501 -2.40058 0.47448 -0.318145 -1.10457e-17 6.50583 -0.443523 -1.56027 -2.44249 -0.414995 -1.97295e-17 7.60548 -1.50593 -0.967303 -2.13455 -0.145416 -2.53307e-17 9.49737 -0.914492 -0.233416 -3.91882 -0.546368 -2.90401e-17 10.5513 1.57691 0.161207 1.52313 0.18272 -1.29193e-17 4.78644 0.715339 -1.15804 5.00355 10.6529 -1.8116e-17 4.82109 0.421791 -4.16792 -0.567541 3.87562 -2.00958e-17 4.83041 0.765062 -0.457186 1.97329 -2.36589 1.23299 -7.60731 7.53374 31.4665 8.71314 4.88409 12.9547 3.2495 -3.26872 -113.662 43.3306 17.5644 29.2081 0.0598081 0.137039 7.57246 -2.66742 -39.3573 24.234 0.0496219 0.113701 -4.97586 -24.4185 2.68287 -1.23299 -7.60729 7.53365 -3.30019 5.54145 1.63641 -12.9547 3.2495 -3.26872 92.168 -1.28022 -1.90085 -29.2081 0.0598081 0.137039 -2.46376 -0.244982 11.9529 -24.234 0.0496218 0.113702 1.41497 3.80794 -1.65985 9.23673 -4.20556 2.0327 -17.0229 -0.409753 -47.3172 -0.852353 -38.7721 -0.655187 -0.493035 1.84116 -0.0242162 -2.32622 -40.4017 -6.04875 -1.30164 2.70835 15.0349 0.779096 -9.8844 12.4959 1.17858e-15 -7.46965e-16 -3.57496e-17 -9.23673 -4.20556 2.0327 -22.8073 -31.5655 12.9429 0.852353 -38.7721 -0.655187 20.0559 52.9926 -9.05719 2.32622 -40.4017 -6.04875 8.74656 1.32685 -16.0692 -0.779096 -9.8844 12.4959 1.79296e-16 -5.9544e-16 -1.27713e-14 
15.3129 91.6036 64.8313 9.29634 7.44635 41.384 0 5.07867 -1.15138 -4.35291 3.26178 0.414447 0 5.61661 1.07143 -3.31426 1.95444 -0.078782 -1.02604e-17 5.98978 0.11501 -2.60401 0.561576 -0.165666 -1.10457e-17 6.50583 -0.443523 -1.69204 -2.69904 -0.289714 -1.97295e-17 7.60548 -1.50593 -1.02193 -2.37455 0.00526236 -2.53307e-17 9.49737 -0.914492 -0.211549 -4.37355 -0.418026 -2.90401e-17 10.5513 1.57691 0.191385 1.50453 0.162206 -1.29193e-17 4.78644 0.715339 -1.27515 4.50757 11.087 -1.8116e-17 4.82109 0.421791 -4.33121 -0.718048 4.02336 -2.00958e-17 4.83041 0.765062 0.565848 2.95959 -2.91609 1.23299 -7.60731 7.53374 35.1695 9.47182 4.35336 12.9547 3.2495 -3.26872 -118.363 43.3682 20.5461 29.2081 0.0598081 0.137039 8.26121 -3.2706 -43.733 24.234 0.0496219 0.113701 -3.4251 -23.6559 5.36424 -1.23299 -7.60729 7.53365 -4.22807 5.52467 1.57525 -12.9547 3.2495 -3.26872 94.5457 -2.18032 -0.747977 -29.2081 0.0598081 0.137039 -2.52438 -0.25765 12.2512 -24.234 0.0496218 0.113702 1.14909 4.62913 -3.17029 9.23673 -4.20556 2.0327 -16.7403 -0.557519 -47.9121 -0.852353 -38.7721 -0.655187 -0.407061 1.51998 -0.0211319 -2.32622 -40.4017 -6.04875 -1.66335 3.11961 15.0505 0.779096 -9.8844 12.4959 4.41906e-16 -7.81801e-16 -9.13519e-19 -9.23673 -4.20556 2.0327 -20.292 -30.3521 16.7835 0.852353 -38.7721 -0.655187 18.6462 50.9983 -7.9829 2.32622 -40.4017 -6.04875 9.83362 1.43899 -16.1048 -0.779096 -9.8844 12.4959 -5.76866e-16 -5.59995e-16 -1.27477e-14 
14.786 91.6743 65.276 8.95272 8.04606 43.2338 0 5.07867 -1.15138 -4.69349 3.2452 0.438363 0 5.61661 1.07143 -3.57237 1.96999 -0.120026 -1.02604e-17 5.98978 0.11501 -2.78748 0.622011 -0.231711 -1.10457e-17 6.50583 -0.443523 -1.80974 -2.59496 -0.373055 -1.97295e-17 7.60548 -1.50593 -1.08636 -2.24239 -0.0574323 -2.53307e-17 9.49737 -0.914492 -0.235382 -4.22228 -0.466214 -2.90401e-17 10.5513 1.57691 0.184826 1.44775 0.13178 -1.29193e-17 4.78644 0.715339 -1.2225 3.94145 11.3758 -1.8116e-17 4.82109 0.421791 -4.49677 -0.811949 4.13851 -2.00958e-17 4.83041 0.765062 1.15275 3.02202 -2.16676 1.23299 -7.60731 7.53374 35.7214 9.64019 4.25898 12.9547 3.2495 -3.26872 -118.511 41.9863 21.3231 29.2081 0.0598081 0.137039 8.55819 -3.56119 -45.7166 24.234 0.0496219 0.113701 -2.8837 -23.2283 6.30791 -1.23299 -7.60729 7.53365 -4.37879 5.34419 1.6138 -12.9547 3.2495 -3.26872 96.1966 -2.83795 0.401418 -29.2081 0.0598081 0.137039 -2.43499 -0.239078 11.8115 -24.234 0.0496218 0.113702 0.69935 6.35033 -3.17945 9.23673 -4.20556 2.0327 -16.4982 -0.822257 -48.3739 -0.852353 -38.7721 -0.655187 -0.337266 1.25926 -0.018274 -2.32622 -40.4017 -6.04875 -2.22315 3.22779 15.1396 0.779096 -9.8844 12.4959 3.45923e-17 -7.94834e-16 1.21195e-17 -9.23673 -4.20556 2.0327 -18.0651 -28.5647 20.3722 0.852353 -38.7721 -0.655187 16.822 48.1149 -6.64671 2.32622 -40.4017 -6.04875 9.89174 0.670468 -16.0706 -0.779096 -9.8844 12.4959 -5.96354e-16 -5.59082e-16 -1.27471e-14 
14.1748 91.6785 65.6982 8.52037 8.79586 45.1574 0 5.07867 -1.15138 -4.89882 2.99906 0.408629 0 5.61661 1.07143 -3.72594 1.83176 -0.217902 -1.02604e-17 5.98978 0.11501 -2.89418 0.59698 -0.346103 -1.10457e-17 6.50583 -0.443523 -1.88326 -2.39424 -0.495608 -1.97295e-17 7.60548 -1.50593 -1.14057 -1.99797 -0.16614 -2.53307e-17 9.49737 -0.914492 -0.280356 -3.87619 -0.545378 -2.90401e-17 10.5513 1.57691 0.164056 1.38255 0.108602 -1.29193e-17 4.78644 0.715339 -1.10859 3.23532 11.7808 -1.8116e-17 4.82109 0.421791 -4.80092 -0.765669 4.30194 -2.00958e-17 4.83041 0.765062 1.43796 3.05327 -1.35153 1.23299 -7.60731 7.53374 35.0149 9.55169 4.38368 12.9547 3.2495 -3.26872 -116.802 40.7566 20.9559 29.2081 0.0598081 0.137039 8.67229 -3.67833 -46.4969 24.234 0.0496219 0.113701 -2.95651 -23.6292 6.63857 -1.23299 -7.60729 7.53365 -3.78265 5.3037 1.7849 -12.9547 3.2495 -3.26872 96.0309 -3.09251 1.16484 -29.2081 0.0598081 0.137039 -2.28415 -0.209355 11.0709 -24.234 0.0496218 0.113702 0.652464 7.62408 -2.31096 9.23673 -4.20556 2.0327 -16.3969 -1.39625 -49.0424 -0.852353 -38.7721 -0.655187 -0.34011 1.26988 -0.0183966 -2.32622 -40.4017 -6.04875 -2.61575 3.05628 15.228 0.779096 -9.8844 12.4959 -3.62977e-16 -8.07258e-16 2.45436e-17 -9.23673 -4.20556 2.0327 -16.0578 -26.5264 24.0173 0.852353 -38.7721 -0.655187 14.823 44.509 -5.2655 2.32622 -40.4017 -6.04875 9.32777 -0.499838 -16.0373 -0.779096 -9.8844 12.4959 -9.84179e-16 -5.46962e-16 -1.27228e-14 
13.4866 91.6147 66.0895 7.95628 9.66974 47.1366 0 5.07867 -1.15138 -5.0666 2.84753 0.393815 0 5.61661 1.07143 -3.86196 1.72854 -0.272952 -1.02604e-17 5.98978 0.11501 -2.99312 0.529567 -0.401547 -1.10457e-17 6.50583 -0.443523 -1.95511 -2.38397 -0.555304 -1.97295e-17 7.60548 -1.50593 -1.18661 -1.94111 -0.207293 -2.53307e-17 9.49737 -0.914492 -0.307449 -3.82629 -0.569033 -2.90401e-17 10.5513 1.57691 0.16206 1.32908 0.0899984 -1.29193e-17 4.78644 0.715339 -0.990547 2.59897 12.304 -1.8116e-17 4.82109 0.421791 -5.01215 -0.622118 4.51324 -2.00958e-17 4.83041 0.765062 1.59762 3.3954 -1.05729 1.23299 -7.60731 7.53374 35.102 9.60655 4.45389 12.9547 3.2495 -3.26872 -115.614 40.1566 20.2193 29.2081 0.0598081 0.137039 8.59712 -3.6008 -45.9816 24.234 0.0496219 0.113701 -3.55079 -24.3823 6.05791 -1.23299 -7.60729 7.53365 -3.51439 5.42454 1.8489 -12.9547 3.2495 -3.26872 95.1748 -2.75925 1.44073 -29.2081 0.0598081 0.137039 -2.20451 -0.194473 10.6806 -24.234 0.0496218 0.113702 1.34728 7.92315 -1.63973 9.23673 -4.20556 2.0327 -16.3725 -2.25905 -49.8752 -0.852353 -38.7721 -0.655187 -0.393526 1.46942 -0.0206025 -2.32622 -40.4017 -6.04875 -2.87545 2.60747 15.2958 0.779096 -9.8844 12.4959 4.02929e-16 -7.83324e-16 6.09013e-19 -9.23673 -4.20556 2.0327 -14.2674 -24.5303 27.8077 0.852353 -38.7721 -0.655187 12.8548 40.4396 -4.00841 2.32622 -40.4017 -6.04875 8.71488 -1.75564 -16.0435 -0.779096 -9.8844 12.4959 -2.18273e-16 -5.83016e-16 -1.27586e-14 
12.7371 91.5368 66.4499 7.42041 10.6005 49.1289 0 5.07867 -1.15138 -5.25606 2.82884 0.398273 0 5.61661 1.07143 -4.02966 1.70218 -0.289145 -1.02604e-17 5.98978 0.11501 -3.12079 0.483008 -0.408047 -1.10457e-17 6.50583 -0.443523 -2.05184 -2.49099 -0.562771 -1.97295e-17 7.60548 -1.50593 -1.24118 -2.00577 -0.190416 -2.53307e-17 9.49737 -0.914492 -0.327175 -3.96102 -0.541239 -2.90401e-17 10.5513 1.57691 0.168486 1.27862 0.072661 -1.29193e-17 4.78644 0.715339 -0.912131 1.95107 12.6549 -1.8116e-17 4.82109 0.421791 -5.16059 -0.442747 4.6584 -2.00958e-17 4.83041 0.765062 1.78299 3.94493 -0.826743 1.23299 -7.60731 7.53374 35.7881 9.80088 4.41537 12.9547 3.2495 -3.26872 -115.261 39.8477 19.7109 29.2081 0.0598081 0.137039 8.5135 -3.51616 -45.4137 24.234 0.0496219 0.113701 -4.02755 -25.0906 5.46468 -1.23299 -7.60729 7.53365 -3.51587 5.61007 1.85532 -12.9547 3.2495 -3.26872 94.2663 -1.87745 1.16564 -29.2081 0.0598081 0.137039 -2.26383 -0.205497 10.9713 -24.234 0.0496218 0.113702 2.34551 7.40654 -1.25043 9.23673 -4.20556 2.0327 -16.4856 -3.24504 -50.6305 -0.852353 -38.7721 -0.655187 -0.472201 1.76333 -0.0235129 -2.32622 -40.4017 -6.04875 -3.28332 2.20924 15.3504 0.779096 -9.8844 12.4959 -7.41058e-16 -8.31193e-16 4.84781e-17 -9.23673 -4.20556 2.0327 -12.9076 -22.7523 31.516 0.852353 -38.7721 -0.655187 11.1887 36.5474 -3.04 2.32622 -40.4017 -6.04875 8.53762 -3.3729 -15.9935 -0.779096 -9.8844 12.4959 -9.74435e-16 -5.47571e-16 -1.27231e-14 
11.9553 91.4899 66.8066 6.95048 11.413 51.1213 0 5.07867 -1.15138 -5.47039 2.76833 0.407342 0 5.61661 1.07143 -4.21828 1.66613 -0.295727 -1.02604e-17 5.98978 0.11501 -3.26564 0.467428 -0.403632 -1.10457e-17 6.50583 -0.443523 -2.15999 -2.49802 -0.558459 -1.97295e-17 7.60548 -1.50593 -1.30422 -1.94869 -0.157904 -2.53307e-17 9.49737 -0.914492 -0.350491 -3.9441 -0.4947 -2.90401e-17 10.5513 1.57691 0.176204 1.20933 0.0518203 -1.29193e-17 4.78644 0.715339 -0.8767 1.33216 13.0323 -1.8116e-17 4.82109 0.421791 -5.34817 -0.460116 4.82365 -2.00958e-17 4.83041 0.765062 2.09837 4.49468 -0.691676 1.23299 -7.60731 7.53374 36.6766 9.93598 4.39342 12.9547 3.2495 -3.26872 -115.227 39.7051 19.2971 29.2081 0.0598081 0.137039 8.4667 -3.46952 -45.0984 24.234 0.0496219 0.113701 -4.16934 -25.9076 5.16453 -1.23299 -7.60729 7.53365 -3.58817 5.6479 1.80933 -12.9547 3.2495 -3.26872 93.5151 -0.76378 0.829184 -29.2081 0.0598081 0.137039 -2.3794 -0.227874 11.5383 -24.234 0.0496218 0.113702 3.36449 6.70054 -1.01533 9.23673 -4.20556 2.0327 -16.6133 -4.17254 -51.3564 -0.852353 -38.7721 -0.655187 -0.562351 2.10012 -0.0263521 -2.32622 -40.4017 -6.04875 -3.91025 1.95309 15.4133 0.779096 -9.8844 12.4959 3.93171e-16 -7.83933e-16 1.2186e-18 -9.23673 -4.20556 2.0327 -11.8623 -20.9658 34.9554 0.852353 -38.7721 -0.655187 9.72936 32.7763 -2.27629 2.32622 -40.4017 -6.04875 8.52787 -4.90659 -15.8859 -0.779096 -9.8844 12.4959 -6.06103e-16 -5.58777e-16 -1.27465e-14 
11.1554 91.4823 67.1849 6.48805 12.0192 53.0902 0 5.07867 -1.15138 -5.70531 2.6514 0.49215 0 5.61661 1.07143 -4.41544 1.61726 -0.207862 -1.02604e-17 5.98978 0.11501 -3.41945 0.448862 -0.317783 -1.10457e-17 6.50583 -0.443523 -2.26933 -2.49752 -0.486278 -1.97295e-17 7.60548 -1.50593 -1.36361 -1.83969 -0.0574365 -2.53307e-17 9.49737 -0.914492 -0.371611 -3.94929 -0.387104 -2.90401e-17 10.5513 1.57691 0.188808 1.12563 0.00849975 -1.29193e-17 4.78644 0.715339 -1.00377 1.18949 13.2091 -1.8116e-17 4.82109 0.421791 -5.64916 -0.433729 4.89902 -2.00958e-17 4.83041 0.765062 2.74286 4.76157 -0.608299 1.23299 -7.60731 7.53374 39.1435 10.1101 4.24458 12.9547 3.2495 -3.26872 -117.255 39.2765 19.9597 29.2081 0.0598081 0.137039 8.52292 -3.52562 -45.4774 24.234 0.0496219 0.113701 -4.29017 -25.9678 5.14013 -1.23299 -7.60729 7.53365 -5.14822 5.3849 1.35894 -12.9547 3.2495 -3.26872 94.3514 0.616902 1.02157 -29.2081 0.0598081 0.137039 -2.50872 -0.254324 12.1741 -24.234 0.0496218 0.113702 4.54901 5.91006 -1.88158 9.23673 -4.20556 2.0327 -16.5685 -4.92943 -51.9172 -0.852353 -38.7721 -0.655187 -0.613526 2.2913 -0.0277281 -2.32622 -40.4017 -6.04875 -4.5845 1.88851 15.4517 0.779096 -9.8844 12.4959 3.4597e-17 -7.94834e-16 1.21194e-17 -9.23673 -4.20556 2.0327 -10.8894 -19.1052 38.1431 0.852353 -38.7721 -0.655187 8.38843 29.0039 -1.65399 2.32622 -40.4017 -6.04875 8.96438 -5.49728 -15.7713 -0.779096 -9.8844 12.4959 -9.84174e-16 -5.46962e-16 -1.27228e-14 
10.3661 91.5236 67.5863 6.06095 12.4464 55.0864 0 5.07867 -1.15138 -5.78917 2.6856 0.688357 0 5.61661 1.07143 -4.46478 1.66385 0.0833295 -1.02604e-17 5.98978 0.11501 -3.45105 0.44891 -0.0353409 -1.10457e-17 6.50583 -0.443523 -2.26632 -2.65142 -0.233115 -1.97295e-17 7.60548 -1.50593 -1.32323 -1.83407 0.209913 -2.53307e-17 9.49737 -0.914492 -0.308191 -4.17804 -0.155134 -2.90401e-17 10.5513 1.57691 0.222001 1.05538 -0.00448991 -1.29193e-17 4.78644 0.715339 -1.32056 1.12048 12.9816 -1.8116e-17 4.82109 0.421791 -5.90627 0.0366694 4.76892 -2.00958e-17 4.83041 0.765062 3.01385 5.25709 -0.819593 1.23299 -7.60731 7.53374 44.4331 10.5102 3.65188 12.9547 3.2495 -3.26872 -123.02 38.3588 23.3368 29.2081 0.0598081 0.137039 9.09799 -4.14519 -49.5107 24.234 0.0496219 0.113701 -4.98701 -24.8834 6.59955 -1.23299 -7.60729 7.53365 -6.9637 5.20932 0.947233 -12.9547 3.2495 -3.26872 95.0659 0.493177 1.39491 -29.2081 0.0598081 0.137039 -2.63663 -0.281964 12.8043 -24.234 0.0496218 0.113702 5.64252 5.60655 -3.31005 9.23673 -4.20556 2.0327 -16.4536 -5.5527 -52.5932 -0.852353 -38.7721 -0.655187 -0.669661 2.501 -0.029041 -2.32622 -40.4017 -6.04875 -5.36029 2.07919 15.4888 0.779096 -9.8844 12.4959 4.12668e-16 -7.83019e-16 3.04655e-19 -9.23673 -4.20556 2.0327 -10.0488 -17.289 40.6385 0.852353 -38.7721 -0.655187 7.28846 25.6906 -1.20672 2.32622 -40.4017 -6.04875 10.9105 -5.14072 -15.636 -0.779096 -9.8844 12.4959 -6.06103e-16 -5.58777e-16 -1.27465e-14 
9.56768 91.4663 68.0027 5.68859 12.7314 57.1498 0 5.07867 -1.15138 -5.96609 3.02144 0.694367 0 5.61661 1.07143 -4.60087 1.93394 0.0579208 -1.02604e-17 5.98978 0.11501 -3.55363 0.656576 -0.0819187 -1.10457e-17 6.50583 -0.443523 -2.34619 -2.58076 -0.293677 -1.97295e-17 7.60548 -1.50593 -1.39589 -1.82563 0.161817 -2.53307e-17 9.49737 -0.914492 -0.378679 -4.14548 -0.174726 -2.90401e-17 10.5513 1.57691 0.213851 1.03248 -0.0231888 -1.29193e-17 4.78644 0.715339 -1.20215 0.190073 13.8037 -1.8116e-17 4.82109 0.421791 -6.14537 -0.297903 5.13731 -2.00958e-17 4.83041 0.765062 3.65598 6.15327 -1.13436 1.23299 -7.60731 7.53374 44.6964 10.9187 3.16864 12.9547 3.2495 -3.26872 -124.715 37.9448 26.8037 29.2081 0.0598081 0.137039 9.77535 -5.00389 -54.7247 24.234 0.0496219 0.113701 -2.27881 -25.3841 9.12378 -1.23299 -7.60729 7.53365 -6.74274 5.15857 1.502 -12.9547 3.2495 -3.26872 94.9479 1.07644 1.16521 -29.2081 0.0598081 0.137039 -2.79606 -0.318483 13.5919 -24.234 0.0496218 0.113702 5.96398 5.24044 -2.84457 9.23673 -4.20556 2.0327 -16.4663 -6.16403 -53.4122 -0.852353 -38.7721 -0.655187 -0.734885 2.74463 -0.0303083 -2.32622 -40.4017 -6.04875 -5.94514 3.26536 15.6266 0.779096 -9.8844 12.4959 4.22417e-16 -7.82715e-16 2.88531e-33 -9.23673 -4.20556 2.0327 -9.59117 -16.6309 41.25 0.852353 -38.7721 -0.655187 7.56959 26.5558 -1.31531 2.32622 -40.4017 -6.04875 9.19036 -13.9667 -14.0327 -0.779096 -9.8844 12.4959 -2.14764e-15 -4.98485e-16 -1.26744e-14 
8.78778 91.8508 68.4013 5.3364 13.1058 59.3741 0 5.07867 -1.15138 -6.46709 2.67016 0.983625 0 5.61661 1.07143 -5.06435 1.77505 0.171005 -1.02604e-17 5.98978 0.11501 -3.93037 0.906891 0.0194768 -1.10457e-17 6.50583 -0.443523 -2.66453 -1.57824 -0.157628 -1.97295e-17 7.60548 -1.50593 -1.60906 -1.01021 0.335756 -2.53307e-17 9.49737 -0.914492 -0.370652 -2.82924 0.0610378 -2.90401e-17 10.5513 1.57691 0.189641 1.00126 -0.0662016 -1.29193e-17 4.78644 0.715339 -1.16898 -0.0454583 13.5901 -1.8116e-17 4.82109 0.421791 -6.35938 -1.33992 5.08467 -2.00958e-17 4.83041 0.765062 4.69621 5.12799 -1.45402 1.23299 -7.60731 7.53374 38.4387 9.88058 3.57863 12.9547 3.2495 -3.26872 -118.174 37.5593 22.6113 29.2081 0.0598081 0.137039 9.42088 -4.53466 -51.9225 24.234 0.0496219 0.113701 0.808921 -24.5806 9.24481 -1.23299 -7.60729 7.53365 -3.69242 4.4653 2.54014 -12.9547 3.2495 -3.26872 96.5095 0.99869 7.16104 -29.2081 0.0598081 0.137039 -2.52233 -0.257189 12.241 -24.234 0.0496218 0.113702 2.53776 4.69859 -5.37634 9.23673 -4.20556 2.0327 -16.3227 -6.66484 -53.8967 -0.852353 -38.7721 -0.655187 -0.615563 2.29891 -0.0277793 -2.32622 -40.4017 -6.04875 -8.03834 4.51308 16.0356 0.779096 -9.8844 12.4959 1.9737e-15 -7.09998e-16 -7.27163e-17 -9.23673 -4.20556 2.0327 -10.1551 -15.0471 39.1273 0.852353 -38.7721 -0.655187 6.4091 22.9048 -0.89365 2.32622 -40.4017 -6.04875 6.8055 -12.8166 -14.417 -0.779096 -9.8844 12.4959 -1.79881e-15 -5.09081e-16 -1.26968e-14 
8.07477 92.0881 68.726 4.71713 13.8633 61.9443 0 5.07867 -1.15138 -6.46073 1.79144 1.12952 0 5.61661 1.07143 -5.17966 1.14238 0.287342 -1.02604e-17 5.98978 0.11501 -4.06978 0.712424 0.182172 -1.10457e-17 6.50583 -0.443523 -2.85869 -0.875082 0.0736301 -1.97295e-17 7.60548 -1.50593 -1.7609 -0.355591 0.593676 -2.53307e-17 9.49737 -0.914492 -0.326999 -1.73851 0.437234 -2.90401e-17 10.5513 1.57691 0.180908 1.02302 -0.0612166 -1.29193e-17 4.78644 0.715339 -0.808138 -0.0562084 12.2887 -1.8116e-17 4.82109 0.421791 -6.13125 -0.791905 4.52261 -2.00958e-17 4.83041 0.765062 3.85456 4.73926 -0.306522 1.23299 -7.60731 7.53374 28.0305 7.92853 3.72871 12.9547 3.2495 -3.26872 -105.736 35.4465 12.7003 29.2081 0.0598081 0.137039 7.74253 -2.80789 -40.4118 24.234 0.0496219 0.113701 -0.105316 -23.2753 5.7338 -1.23299 -7.60729 7.53365 -0.933857 4.43318 3.25386 -12.9547 3.2495 -3.26872 95.0125 1.58093 9.85806 -29.2081 0.0598081 0.137039 -2.09646 -0.175164 10.1518 -24.234 0.0496218 0.113702 0.202458 3.07713 -5.04413 9.23673 -4.20556 2.0327 -16.9184 -7.565 -55.1024 -0.852353 -38.7721 -0.655187 -0.629339 2.35037 -0.0281187 -2.32622 -40.4017 -6.04875 -9.00592 5.42317 16.5029 0.779096 -9.8844 12.4959 2.40052e-15 -6.96051e-16 -8.66636e-17 -9.23673 -4.20556 2.0327 -11.091 -13.8632 36.1133 0.852353 -38.7721 -0.655187 5.50245 19.9128 -0.615013 2.32622 -40.4017 -6.04875 2.70949 -13.6291 -15.0185 -0.779096 -9.8844 12.4959 -2.3778e-16 -5.82102e-16 -1.2758e-14 
7.22773 92.163 68.9295 3.69043 14.9292 64.7045 0 5.07867 -1.15138 -6.18966 0.850956 1.72636 0 5.61661 1.07143 -5.13711 0.492108 0.973166 -1.02604e-17 5.98978 0.11501 -4.12067 0.535386 0.934132 -1.10457e-17 6.50583 -0.443523 -3.02543 -0.121193 0.886712 -1.97295e-17 7.60548 -1.50593 -1.86089 0.379598 1.43477 -2.53307e-17 9.49737 -0.914492 -0.154968 -0.693533 1.36816 -2.90401e-17 10.5513 1.57691 0.232418 1.05301 0.0286562 -1.29193e-17 4.78644 0.715339 -0.732949 -1.19038 11.4419 -1.8116e-17 4.82109 0.421791 -6.11829 0.151092 4.15103 -2.00958e-17 4.83041 0.765062 3.37708 5.28851 -3.39607 1.23299 -7.60731 7.53374 21.0668 6.5978 3.08145 12.9547 3.2495 -3.26872 -96.7297 35.2094 2.44851 29.2081 0.0598081 0.137039 5.61583 -1.3761 -28.11 24.234 0.0496219 0.113701 -1.80699 -20.5882 0.578094 -1.23299 -7.60729 7.53365 4.88164 5.72425 5.30472 -12.9547 3.2495 -3.26872 88.4901 -2.75189 15.518 -29.2081 0.0598081 0.137039 -1.35159 -0.0698857 6.52629 -24.234 0.0496218 0.113702 -1.3932 0.703238 -4.84955 9.23673 -4.20556 2.0327 -17.7409 -9.28401 -56.4373 -0.852353 -38.7721 -0.655187 -0.809204 3.0222 -0.0314141 -2.32622 -40.4017 -6.04875 -11.405 5.55055 17.1987 0.779096 -9.8844 12.4959 8.33418e-17 -7.92701e-16 9.98681e-18 -9.23673 -4.20556 2.0327 -12.0127 -14.2102 33.4139 0.852353 -38.7721 -0.655187 5.06596 18.432 -0.497569 2.32622 -40.4017 -6.04875 0.965755 -14.1492 -15.3375 -0.779096 -9.8844 12.4959 9.64677e-16 -6.32407e-16 -1.2808e-14 
6.21753 92.2598 69.127 2.62683 15.558 67.3805 0 5.07867 -1.15138 -5.83762 0.6281 2.13066 0 5.61661 1.07143 -5.01938 0.290207 1.50506 -1.02604e-17 5.98978 0.11501 -4.10872 0.364948 1.52213 -1.10457e-17 6.50583 -0.443523 -3.1443 -0.200909 1.51491 -1.97295e-17 7.60548 -1.50593 -1.93295 0.11524 2.06128 -2.53307e-17 9.49737 -0.914492 -0.0472718 -1.12676 2.06971 -2.90401e-17 10.5513 1.57691 0.28185 1.17263 0.0749801 -1.29193e-17 4.78644 0.715339 -0.781803 -0.912323 10.1974 -1.8116e-17 4.82109 0.421791 -5.57814 0.983464 3.64261 -2.00958e-17 4.83041 0.765062 2.90091 6.45978 -4.91531 1.23299 -7.60731 7.53374 17.1163 6.52315 2.07914 12.9547 3.2495 -3.26872 -92.3242 35.866 -3.57752 29.2081 0.0598081 0.137039 4.04266 -0.686136 -19.8505 24.234 0.0496219 0.113701 -1.96822 -19.0943 -2.10218 -1.23299 -7.60729 7.53365 6.38198 6.92981 5.73372 -12.9547 3.2495 -3.26872 84.9744 -3.73027 15.4902 -29.2081 0.0598081 0.137039 -0.899076 -0.0292049 4.33636 -24.234 0.0496218 0.113702 -1.39135 -2.87209 -2.75659 9.23673 -4.20556 2.0327 -18.5713 -10.9458 -57.5802 -0.852353 -38.7721 -0.655187 -1.05997 3.9583 -0.0324847 -2.32622 -40.4017 -6.04875 -11.7529 6.3059 17.5804 0.779096 -9.8844 12.4959 1.18831e-15 -7.46661e-16 -3.60535e-17 -9.23673 -4.20556 2.0327 -12.2689 -15.2095 31.2799 0.852353 -38.7721 -0.655187 4.97032 18.1042 -0.473325 2.32622 -40.4017 -6.04875 -0.852869 -13.5615 -15.5844 -0.779096 -9.8844 12.4959 -5.57358e-16 -5.6091e-16 -1.27486e-14 
5.09694 92.3653 69.4067 1.62882 15.7165 69.7699 0 5.07867 -1.15138 -5.55031 0.402896 2.35998 0 5.61661 1.07143 -4.89109 0.127141 1.78045 -1.02604e-17 5.98978 0.11501 -4.07715 0.312756 1.80698 -1.10457e-17 6.50583 -0.443523 -3.22684 0.0286626 1.80497 -1.97295e-17 7.60548 -1.50593 -2.04286 0.261185 2.34425 -2.53307e-17 9.49737 -0.914492 -0.130583 -0.943473 2.44072 -2.90401e-17 10.5513 1.57691 0.298547 1.1853 0.0607123 -1.29193e-17 4.78644 0.715339 -0.927279 0.529222 10.7146 -1.8116e-17 4.82109 0.421791 -5.52513 0.700971 3.93552 -2.00958e-17 4.83041 0.765062 3.19425 5.86128 -7.26472 1.23299 -7.60731 7.53374 14.9158 6.19531 1.69719 12.9547 3.2495 -3.26872 -90.3008 35.6568 -6.72147 29.2081 0.0598081 0.137039 3.11751 -0.39936 -15.1888 24.234 0.0496219 0.113701 -1.28825 -18.1907 -3.80178 -1.23299 -7.60729 7.53365 6.21708 7.01942 5.17374 -12.9547 3.2495 -3.26872 83.2405 -3.15566 14.6639 -29.2081 0.0598081 0.137039 -0.599413 -0.0118312 2.88944 -24.234 0.0496218 0.113702 -0.295651 -4.72983 -0.0426904 9.23673 -4.20556 2.0327 -18.6585 -12.2801 -58.0646 -0.852353 -38.7721 -0.655187 -1.15269 4.30415 -0.0318412 -2.32622 -40.4017 -6.04875 -12.2786 7.1462 17.8362 0.779096 -9.8844 12.4959 -3.33725e-16 -8.06039e-16 2.33248e-17 -9.23673 -4.20556 2.0327 -12.2715 -16.3461 28.9696 0.852353 -38.7721 -0.655187 4.97569 18.1227 -0.474672 2.32622 -40.4017 -6.04875 -1.54746 -12.5719 -15.5862 -0.779096 -9.8844 12.4959 9.54928e-16 -6.31798e-16 -1.28077e-14 
3.88801 92.4242 69.7724 0.265031 15.6443 72.0562 0 5.07867 -1.15138 -5.24585 -0.0279403 2.36492 0 5.61661 1.07143 -4.68186 -0.145445 1.80702 -1.02604e-17 5.98978 0.11501 -3.94355 0.207502 1.82819 -1.10457e-17 6.50583 -0.443523 -3.18819 0.269026 1.82432 -1.97295e-17 7.60548 -1.50593 -2.0756 0.567315 2.34052 -2.53307e-17 9.49737 -0.914492 -0.259557 -0.468122 2.48766 -2.90401e-17 10.5513 1.57691 0.287179 1.15315 0.0275148 -1.29193e-17 4.78644 0.715339 -1.0857 1.86115 10.5737 -1.8116e-17 4.82109 0.421791 -5.32438 0.332518 3.94107 -2.00958e-17 4.83041 0.765062 2.96752 4.77594 -7.12155 1.23299 -7.60731 7.53374 13.1795 5.71714 1.51949 12.9547 3.2495 -3.26872 -89.0267 33.6461 -8.57225 29.2081 0.0598081 0.137039 2.60973 -0.276196 -12.6728 24.234 0.0496219 0.113701 -0.967026 -17.1516 -4.54818 -1.23299 -7.60729 7.53365 5.30365 6.61298 4.19626 -12.9547 3.2495 -3.26872 83.049 -1.08733 13.9254 -29.2081 0.0598081 0.137039 -0.488444 -0.00732316 2.35406 -24.234 0.0496218 0.113702 0.101883 -5.47136 1.92588 9.23673 -4.20556 2.0327 -18.3035 -13.8315 -57.9426 -0.852353 -38.7721 -0.655187 -1.17418 4.38429 -0.031612 -2.32622 -40.4017 -6.04875 -12.575 7.71338 17.9636 0.779096 -9.8844 12.4959 -2.31182e-15 -8.92398e-16 1.09684e-16 -9.23673 -4.20556 2.0327 -11.9177 -17.8681 26.5275 0.852353 -38.7721 -0.655187 5.00797 18.2334 -0.482806 2.32622 -40.4017 -6.04875 -2.69632 -11.3007 -15.6074 -0.779096 -9.8844 12.4959 -9.45179e-16 -5.4879e-16 -1.27244e-14 
2.6378 92.4888 70.2872 -0.87245 15.2758 74.1615 0 5.07867 -1.15138 -5.00535 -0.0308299 2.34915 0 5.61661 1.07143 -4.50442 -0.149007 1.79837 -1.02604e-17 5.98978 0.11501 -3.81829 0.181453 1.81095 -1.10457e-17 6.50583 -0.443523 -3.1267 0.236849 1.79634 -1.97295e-17 7.60548 -1.50593 -2.05696 0.480107 2.28112 -2.53307e-17 9.49737 -0.914492 -0.327243 -0.541337 2.4393 -2.90401e-17 10.5513 1.57691 0.280293 1.14394 -0.0142476 -1.29193e-17 4.78644 0.715339 -1.07504 2.45891 10.7405 -1.8116e-17 4.82109 0.421791 -5.13635 0.409821 4.08998 -2.00958e-17 4.83041 0.765062 3.15515 4.35802 -7.25761 1.23299 -7.60731 7.53374 11.8944 5.56634 1.08046 12.9547 3.2495 -3.26872 -88.553 31.5709 -8.89465 29.2081 0.0598081 0.137039 2.46634 -0.245658 -11.9667 24.234 0.0496219 0.113701 -0.568954 -16.294 -4.50903 -1.23299 -7.60729 7.53365 3.52491 6.21807 3.49525 -12.9547 3.2495 -3.26872 83.5102 0.887923 14.1487 -29.2081 0.0598081 0.137039 -0.574863 -0.0107487 2.77096 -24.234 0.0496218 0.113702 0.740696 -6.13633 1.48233 9.23673 -4.20556 2.0327 -17.6113 -15.0947 -57.0404 -0.852353 -38.7721 -0.655187 -1.14922 4.29121 -0.0318754 -2.32622 -40.4017 -6.04875 -12.4483 8.39178 17.9553 0.779096 -9.8844 12.4959 1.12982e-15 -7.49098e-16 -3.36163e-17 -9.23673 -4.20556 2.0327 -11.4393 -19.2106 24.6445 0.852353 -38.7721 -0.655187 5.04365 18.3556 -0.491865 2.32622 -40.4017 -6.04875 -2.76704 -10.1015 -15.539 -0.779096 -9.8844 12.4959 -9.93923e-16 -5.46658e-16 -1.27222e-14 
1.48525 92.6232 70.9528 -1.44859 14.5788 75.8907 0 5.07867 -1.15138 -4.67497 -0.0562719 2.2097 0 5.61661 1.07143 -4.20794 -0.13447 1.68307 -1.02604e-17 5.98978 0.11501 -3.55824 0.197865 1.70553 -1.10457e-17 6.50583 -0.443523 -2.92067 0.255846 1.69709 -1.97295e-17 7.60548 -1.50593 -1.90467 0.475644 2.13737 -2.53307e-17 9.49737 -0.914492 -0.29315 -0.475625 2.25239 -2.90401e-17 10.5513 1.57691 0.262111 1.1324 -0.0200057 -1.29193e-17 4.78644 0.715339 -0.919101 2.67962 10.1475 -1.8116e-17 4.82109 0.421791 -4.60187 0.657694 3.92452 -2.00958e-17 4.83041 0.765062 2.41116 4.29569 -5.64462 1.23299 -7.60731 7.53374 10.4574 5.35378 0.711889 12.9547 3.2495 -3.26872 -88.008 29.2347 -9.27165 29.2081 0.0598081 0.137039 2.36927 -0.226033 -11.4897 24.234 0.0496219 0.113701 -0.648237 -15.974 -4.0882 -1.23299 -7.60729 7.53365 2.91989 6.05069 3.00922 -12.9547 3.2495 -3.26872 83.6174 1.7697 13.5322 -29.2081 0.0598081 0.137039 -0.712167 -0.0174889 3.43363 -24.234 0.0496218 0.113702 0.525609 -4.9986 1.56937 9.23673 -4.20556 2.0327 -16.6609 -15.8425 -54.61 -0.852353 -38.7721 -0.655187 -1.15848 4.32573 -0.0317825 -2.32622 -40.4017 -6.04875 -12.192 9.38746 17.8561 0.779096 -9.8844 12.4959 -4.98757e-15 -1.01207e-15 2.29354e-16 -9.23673 -4.20556 2.0327 -10.6438 -19.7593 23.2244 0.852353 -38.7721 -0.655187 4.98819 18.1656 -0.477814 2.32622 -40.4017 -6.04875 -3.32712 -8.45556 -15.4449 -0.779096 -9.8844 12.4959 1.333e-15 -6.43613e-16 -1.28313e-14 
0.482468 92.7925 71.6327 -1.93463 14.1656 77.8485 0 5.07867 -1.15138 -4.30278 -0.404961 2.3133 0 5.61661 1.07143 -3.91427 -0.24429 1.82366 -1.02604e-17 5.98978 0.11501 -3.30195 0.400951 1.87584 -1.10457e-17 6.50583 -0.443523 -2.72611 0.958847 1.89893 -1.97295e-17 7.60548 -1.50593 -1.6998 1.28466 2.30603 -2.53307e-17 9.49737 -0.914492 -0.0960767 0.721546 2.35711 -2.90401e-17 10.5513 1.57691 0.25828 1.05175 0.0683465 -1.29193e-17 4.78644 0.715339 -0.662982 0.126595 8.49335 -1.8116e-17 4.82109 0.421791 -4.09696 0.860606 3.28447 -2.00958e-17 4.83041 0.765062 1.39325 5.13276 -4.76164 1.23299 -7.60731 7.53374 8.49855 4.89874 0.15573 12.9547 3.2495 -3.26872 -86.4206 28.846 -12.1586 29.2081 0.0598081 0.137039 2.36008 -0.224226 -11.4446 24.234 0.0496219 0.113701 -0.364615 -15.9665 -3.06106 -1.23299 -7.60729 7.53365 6.51369 6.84971 4.75169 -12.9547 3.2495 -3.26872 79.2398 -2.2354 17.2482 -29.2081 0.0598081 0.137039 -0.661558 -0.0148327 3.18938 -24.234 0.0496218 0.113702 -0.280472 -4.02864 0.376442 9.23673 -4.20556 2.0327 -15.7655 -16.5542 -50.173 -0.852353 -38.7721 -0.655187 -1.19943 4.47843 -0.0313041 -2.32622 -40.4017 -6.04875 -13.2477 9.58974 17.9874 0.779096 -9.8844 12.4959 -4.75574e-15 -1.00665e-15 2.23938e-16 -9.23673 -4.20556 2.0327 -10.4644 -20.077 21.4251 0.852353 -38.7721 -0.655187 4.9078 17.8893 -0.457767 2.32622 -40.4017 -6.04875 -2.83139 -7.39418 -15.4175 -0.779096 -9.8844 12.4959 -1.5977e-16 -5.85454e-16 -1.27613e-14 
-0.386842 93.0052 72.2409 -2.19983 14.1317 80.0518 0 5.07867 -1.15138 -4.21985 -0.784952 2.18849 0 5.61661 1.07143 -3.8558 -0.457683 1.70192 -1.02604e-17 5.98978 0.11501 -3.20489 0.366305 1.7841 -1.10457e-17 6.50583 -0.443523 -2.61182 1.17918 1.82075 -1.97295e-17 7.60548 -1.50593 -1.54182 1.57291 2.20015 -2.53307e-17 9.49737 -0.914492 0.0418015 1.18266 2.1896 -2.90401e-17 10.5513 1.57691 0.242735 0.993092 0.102059 -1.29193e-17 4.78644 0.715339 -0.51383 -0.307369 7.07219 -1.8116e-17 4.82109 0.421791 -3.47432 1.23927 2.74142 -2.00958e-17 4.83041 0.765062 0.757199 5.49876 -2.93495 1.23299 -7.60731 7.53374 6.93206 4.49561 -0.284759 12.9547 3.2495 -3.26872 -85.2662 28.1921 -13.2709 29.2081 0.0598081 0.137039 2.17506 -0.189293 -10.5376 24.234 0.0496219 0.113701 -0.408468 -16.4812 -2.26886 -1.23299 -7.60729 7.53365 7.1381 6.83155 4.74004 -12.9547 3.2495 -3.26872 78.852 -3.27758 16.7914 -29.2081 0.0598081 0.137039 -0.617122 -0.0126828 2.97496 -24.234 0.0496218 0.113702 -1.03169 -2.52204 1.05364 9.23673 -4.20556 2.0327 -15.0396 -16.8244 -43.4682 -0.852353 -38.7721 -0.655187 -1.37671 5.13898 -0.0279713 -2.32622 -40.4017 -6.04875 -11.9632 8.59273 17.3574 0.779096 -9.8844 12.4959 -2.41909e-15 -8.97274e-16 1.1456e-16 -9.23673 -4.20556 2.0327 -10.8064 -19.5565 19.6497 0.852353 -38.7721 -0.655187 4.59227 16.7976 -0.382801 2.32622 -40.4017 -6.04875 -4.04093 -6.10967 -15.2393 -0.779096 -9.8844 12.4959 -5.866e-16 -5.59692e-16 -1.27474e-14 
-1.14339 93.2383 72.7381 -2.6039 14.2712 82.4206 0 5.07867 -1.15138 -4.34776 -0.955765 1.92244 0 5.61661 1.07143 -3.94268 -0.555282 1.38841 -1.02604e-17 5.98978 0.11501 -3.21932 0.347127 1.47452 -1.10457e-17 6.50583 -0.443523 -2.55824 1.30116 1.50376 -1.97295e-17 7.60548 -1.50593 -1.46968 1.70087 1.86897 -2.53307e-17 9.49737 -0.914492 0.0440719 1.43761 1.81048 -2.90401e-17 10.5513 1.57691 0.210059 0.923988 0.0826163 -1.29193e-17 4.78644 0.715339 -0.390214 0.834846 7.27256 -1.8116e-17 4.82109 0.421791 -3.15512 1.01242 2.90264 -2.00958e-17 4.83041 0.765062 0.704737 4.6383 -2.56508 1.23299 -7.60731 7.53374 6.31552 3.99122 -0.0632271 12.9547 3.2495 -3.26872 -85.9846 26.763 -12.2542 29.2081 0.0598081 0.137039 2.07492 -0.17165 -10.0477 24.234 0.0496219 0.113701 0.00334562 -15.986 -2.35076 -1.23299 -7.60729 7.53365 6.39456 6.19462 3.84733 -12.9547 3.2495 -3.26872 79.4673 -2.87782 14.8719 -29.2081 0.0598081 0.137039 -0.578613 -0.0109541 2.78916 -24.234 0.0496218 0.113702 -0.807118 -0.903885 3.01308 9.23673 -4.20556 2.0327 -14.5454 -17.2599 -37.2887 -0.852353 -38.7721 -0.655187 -1.78105 6.64201 -0.012705 -2.32622 -40.4017 -6.04875 -11.1286 7.48063 17.0739 0.779096 -9.8844 12.4959 -2.74838e-15 -9.1877e-16 1.36055e-16 -9.23673 -4.20556 2.0327 -11.5531 -19.1147 17.7589 0.852353 -38.7721 -0.655187 4.29587 15.7613 -0.317828 2.32622 -40.4017 -6.04875 -4.08898 -5.21864 -15.1421 -0.779096 -9.8844 12.4959 -9.8417e-16 -5.46963e-16 -1.27228e-14 
-1.80071 93.4262 73.0882 -3.42489 14.3515 85.087 0 5.07867 -1.15138 -4.54345 -1.1597 1.58144 0 5.61661 1.07143 -4.04894 -0.689169 0.989318 -1.02604e-17 5.98978 0.11501 -3.23879 0.278976 1.0708 -1.10457e-17 6.50583 -0.443523 -2.49118 1.3618 1.09123 -1.97295e-17 7.60548 -1.50593 -1.40647 1.80215 1.44049 -2.53307e-17 9.49737 -0.914492 0.0101551 1.65963 1.3331 -2.90401e-17 10.5513 1.57691 0.169997 0.854083 0.0490312 -1.29193e-17 4.78644 0.715339 -0.376211 2.35537 7.33085 -1.8116e-17 4.82109 0.421791 -2.8035 0.58562 2.97166 -2.00958e-17 4.83041 0.765062 0.633801 3.32983 -1.73522 1.23299 -7.60731 7.53374 6.20597 3.45658 0.434644 12.9547 3.2495 -3.26872 -86.8429 25.0186 -11.3387 29.2081 0.0598081 0.137039 1.9685 -0.153861 -9.52785 24.234 0.0496219 0.113701 0.183707 -15.0654 -2.38058 -1.23299 -7.60729 7.53365 5.25264 5.33137 2.89381 -12.9547 3.2495 -3.26872 80.4153 -1.04021 13.358 -29.2081 0.0598081 0.137039 -0.609765 -0.0123585 2.93949 -24.234 0.0496218 0.113702 -0.622398 -0.632789 4.09192 9.23673 -4.20556 2.0327 -14.3701 -18.0771 -32.9078 -0.852353 -38.7721 -0.655187 -2.37064 8.82097 0.0285872 -2.32622 -40.4017 -6.04875 -9.81367 6.29894 16.8498 0.779096 -9.8844 12.4959 1.50783e-15 -7.37591e-16 -4.51241e-17 -9.23673 -4.20556 2.0327 -12.3452 -19.0218 15.355 0.852353 -38.7721 -0.655187 4.04696 14.8834 -0.267396 2.32622 -40.4017 -6.04875 -4.23115 -4.52239 -15.0681 -0.779096 -9.8844 12.4959 -2.18292e-16 -5.83016e-16 -1.27586e-14 
-2.39412 93.5794 73.3399 -4.32973 14.0581 87.8398 0 5.07867 -1.15138 -4.62488 -1.10143 1.18226 0 5.61661 1.07143 -4.05113 -0.668511 0.550237 -1.02604e-17 5.98978 0.11501 -3.18734 0.237282 0.627918 -1.10457e-17 6.50583 -0.443523 -2.37763 1.25506 0.641097 -1.97295e-17 7.60548 -1.50593 -1.33535 1.66901 0.973343 -2.53307e-17 9.49737 -0.914492 -0.0493817 1.56726 0.81593 -2.90401e-17 10.5513 1.57691 0.131739 0.820558 0.0181297 -1.29193e-17 4.78644 0.715339 -0.260692 2.87112 7.73826 -1.8116e-17 4.82109 0.421791 -2.76149 0.401516 3.1818 -2.00958e-17 4.83041 0.765062 0.906156 2.87144 -1.2664 1.23299 -7.60731 7.53374 5.7027 3.33308 0.639561 12.9547 3.2495 -3.26872 -87.636 23.3572 -9.99434 29.2081 0.0598081 0.137039 1.99686 -0.158507 -9.66635 24.234 0.0496219 0.113701 0.871128 -14.287 -2.07191 -1.23299 -7.60729 7.53365 4.39815 4.76482 2.42854 -12.9547 3.2495 -3.26872 81.0367 0.577433 11.9018 -29.2081 0.0598081 0.137039 -0.812352 -0.0234519 3.91752 -24.234 0.0496218 0.113702 -0.216928 -0.816809 4.21112 9.23673 -4.20556 2.0327 -14.3427 -19.0442 -30.4023 -0.852353 -38.7721 -0.655187 -3.18135 11.7822 0.121899 -2.32622 -40.4017 -6.04875 -7.91586 4.56029 16.5865 0.779096 -9.8844 12.4959 -3.23953e-16 -8.05734e-16 2.30193e-17 -9.23673 -4.20556 2.0327 -12.9197 -18.8785 12.8793 0.852353 -38.7721 -0.655187 3.77989 13.9343 -0.217523 2.32622 -40.4017 -6.04875 -3.63089 -4.03426 -15.069 -0.779096 -9.8844 12.4959 -5.866e-16 -5.59692e-16 -1.27474e-14 
-2.90966 93.7402 73.5354 -5.10637 13.5494 90.487 0 5.07867 -1.15138 -4.57439 -1.08308 0.821195 0 5.61661 1.07143 -3.94013 -0.66374 0.168746 -1.02604e-17 5.98978 0.11501 -3.05133 0.193806 0.247488 -1.10457e-17 6.50583 -0.443523 -2.21026 1.1713 0.260245 -1.97295e-17 7.60548 -1.50593 -1.23016 1.58351 0.57074 -2.53307e-17 9.49737 -0.914492 -0.0795472 1.50628 0.368035 -2.90401e-17 10.5513 1.57691 0.0973535 0.803823 0.00467985 -1.29193e-17 4.78644 0.715339 -0.0848439 2.70414 7.91936 -1.8116e-17 4.82109 0.421791 -2.59961 0.393594 3.29242 -2.00958e-17 4.83041 0.765062 0.88629 2.9589 -0.754559 1.23299 -7.60731 7.53374 5.12356 3.25431 0.862476 12.9547 3.2495 -3.26872 -88.0531 22.1188 -9.2648 29.2081 0.0598081 0.137039 1.96294 -0.15296 -9.50073 24.234 0.0496219 0.113701 1.27251 -13.637 -1.59404 -1.23299 -7.60729 7.53365 4.02375 4.43287 2.20299 -12.9547 3.2495 -3.26872 81.149 1.85675 10.7827 -29.2081 0.0598081 0.137039 -1.01542 -0.0380561 4.8989 -24.234 0.0496218 0.113702 0.0104364 -1.28568 4.00137 9.23673 -4.20556 2.0327 -14.3154 -19.9348 -28.7263 -0.852353 -38.7721 -0.655187 -4.14627 15.2344 0.287062 -2.32622 -40.4017 -6.04875 -6.1055 2.47651 16.3572 0.779096 -9.8844 12.4959 -1.53617e-15 -8.68159e-16 8.54443e-17 -9.23673 -4.20556 2.0327 -13.1928 -18.5973 10.3138 0.852353 -38.7721 -0.655187 3.5113 12.9726 -0.171834 2.32622 -40.4017 -6.04875 -3.61878 -3.20774 -14.9789 -0.779096 -9.8844 12.4959 -9.8417e-16 -5.46963e-16 -1.27228e-14 
-3.3262 93.9149 73.7144 -5.62055 13.1605 92.9141 0 5.07867 -1.15138 -4.55237 -0.976766 0.534313 0 5.61661 1.07143 -3.86108 -0.588303 -0.139737 -1.02604e-17 5.98978 0.11501 -2.94683 0.215366 -0.0607521 -1.10457e-17 6.50583 -0.443523 -2.07558 1.13072 -0.0480499 -1.97295e-17 7.60548 -1.50593 -1.14044 1.51293 0.246945 -2.53307e-17 9.49737 -0.914492 -0.0899918 1.444 0.00242368 -2.90401e-17 10.5513 1.57691 0.0689178 0.793951 -0.00353115 -1.29193e-17 4.78644 0.715339 0.123215 2.23746 8.04223 -1.8116e-17 4.82109 0.421791 -2.38063 0.438458 3.37626 -2.00958e-17 4.83041 0.765062 0.855436 3.18289 -0.419861 1.23299 -7.60731 7.53374 4.48739 3.26871 0.95552 12.9547 3.2495 -3.26872 -88.454 21.0675 -8.52031 29.2081 0.0598081 0.137039 1.92796 -0.147346 -9.33005 24.234 0.0496219 0.113701 1.75468 -13.0568 -1.24873 -1.23299 -7.60729 7.53365 4.0191 4.28057 2.2001 -12.9547 3.2495 -3.26872 81.0312 2.59287 9.94529 -29.2081 0.0598081 0.137039 -1.19495 -0.0538842 5.7676 -24.234 0.0496218 0.113702 0.108981 -1.66457 3.73424 9.23673 -4.20556 2.0327 -14.3419 -20.5096 -27.1091 -0.852353 -38.7721 -0.655187 -5.17385 18.8003 0.525568 -2.32622 -40.4017 -6.04875 -4.65497 0.506501 16.2086 0.779096 -9.8844 12.4959 -4.01982e-16 -8.09087e-16 2.63721e-17 -9.23673 -4.20556 2.0327 -13.5292 -18.0783 7.92517 0.852353 -38.7721 -0.655187 3.24509 12.0129 -0.131011 2.32622 -40.4017 -6.04875 -3.0394 -2.58255 -15.0049 -0.779096 -9.8844 12.4959 -6.06108e-16 -5.58777e-16 -1.27465e-14 
-3.63555 94.1084 73.9184 -5.83895 13.0245 94.9608 0 5.07867 -1.15138 -4.63978 -0.918148 0.355351 0 5.61661 1.07143 -3.89014 -0.532858 -0.34535 -1.02604e-17 5.98978 0.11501 -2.93389 0.263918 -0.266941 -1.10457e-17 6.50583 -0.443523 -2.01961 1.18562 -0.253898 -1.97295e-17 7.60548 -1.50593 -1.09439 1.55867 0.0365846 -2.53307e-17 9.49737 -0.914492 -0.0861746 1.51167 -0.23984 -2.90401e-17 10.5513 1.57691 0.048046 0.778006 -0.0095541 -1.29193e-17 4.78644 0.715339 0.271785 1.87961 8.01175 -1.8116e-17 4.82109 0.421791 -2.08374 0.353663 3.38632 -2.00958e-17 4.83041 0.765062 0.984941 3.29509 -0.100146 1.23299 -7.60731 7.53374 4.21598 3.18801 1.12219 12.9547 3.2495 -3.26872 -88.7772 20.3317 -8.20571 29.2081 0.0598081 0.137039 1.81477 -0.12991 -8.77823 24.234 0.0496219 0.113701 2.06819 -12.7558 -0.886618 -1.23299 -7.60729 7.53365 4.18847 4.10352 2.15439 -12.9547 3.2495 -3.26872 81.2128 2.99838 9.43297 -29.2081 0.0598081 0.137039 -1.27607 -0.0619367 6.16046 -24.234 0.0496218 0.113702 -0.102126 -1.69466 3.56232 9.23673 -4.20556 2.0327 -14.3373 -20.5713 -25.3385 -0.852353 -38.7721 -0.655187 -6.14801 22.0553 0.808708 -2.32622 -40.4017 -6.04875 -3.73993 -0.994818 16.1381 0.779096 -9.8844 12.4959 2.34199e-15 -6.9849e-16 -8.42251e-17 -9.23673 -4.20556 2.0327 -13.9036 -17.3082 5.87402 0.852353 -38.7721 -0.655187 2.97398 11.0293 -0.0940369 2.32622 -40.4017 -6.04875 -2.66189 -1.89292 -15.0024 -0.779096 -9.8844 12.4959 5.67093e-16 -6.19678e-16 -1.27955e-14 
-3.92876 94.2814 74.1457 -5.93687 12.9719 96.4305 0 5.07867 -1.15138 -4.79898 -0.77323 0.261863 0 5.61661 1.07143 -3.99014 -0.414481 -0.469951 -1.02604e-17 5.98978 0.11501 -2.98331 0.359661 -0.393105 -1.10457e-17 6.50583 -0.443523 -2.01975 1.25009 -0.38117 -1.97295e-17 7.60548 -1.50593 -1.0786 1.58033 -0.0884012 -2.53307e-17 9.49737 -0.914492 -0.0699655 1.54077 -0.392103 -2.90401e-17 10.5513 1.57691 0.0350427 0.761845 -0.0168882 -1.29193e-17 4.78644 0.715339 0.413981 1.4917 8.08893 -1.8116e-17 4.82109 0.421791 -1.76323 0.20827 3.43983 -2.00958e-17 4.83041 0.765062 1.28174 3.30503 0.118384 1.23299 -7.60731 7.53374 4.099 3.18835 1.16697 12.9547 3.2495 -3.26872 -89.0805 19.697 -7.79766 29.2081 0.0598081 0.137039 1.7155 -0.115536 -8.29492 24.234 0.0496219 0.113701 2.45959 -13.0754 -0.719051 -1.23299 -7.60729 7.53365 4.50839 4.03117 2.20327 -12.9547 3.2495 -3.26872 81.4423 3.15622 9.22548 -29.2081 0.0598081 0.137039 -1.31183 -0.0656664 6.33378 -24.234 0.0496218 0.113702 -0.313692 -1.38795 3.47166 9.23673 -4.20556 2.0327 -14.1565 -20.4178 -23.5434 -0.852353 -38.7721 -0.655187 -7.0493 24.9447 1.11753 -2.32622 -40.4017 -6.04875 -3.18194 -2.13487 16.1227 0.779096 -9.8844 12.4959 8.59001e-16 -7.56343e-16 -2.63721e-17 -9.23673 -4.20556 2.0327 -14.1493 -16.6034 4.38185 0.852353 -38.7721 -0.655187 2.71388 10.0804 -0.0629609 2.32622 -40.4017 -6.04875 -1.95776 -1.30038 -15.0543 -0.779096 -9.8844 12.4959 -1.79277e-16 -5.84844e-16 -1.27604e-14 
-4.32434 94.4082 74.3687 -5.89076 12.8627 97.5985 0 5.07867 -1.15138 -4.95959 -0.610453 0.22187 0 5.61661 1.07143 -4.09971 -0.280097 -0.535323 -1.02604e-17 5.98978 0.11501 -3.04794 0.472346 -0.459162 -1.10457e-17 6.50583 -0.443523 -2.04123 1.33313 -0.447767 -1.97295e-17 7.60548 -1.50593 -1.07786 1.61868 -0.150561 -2.53307e-17 9.49737 -0.914492 -0.0495726 1.57734 -0.47386 -2.90401e-17 10.5513 1.57691 0.027718 0.746178 -0.0220537 -1.29193e-17 4.78644 0.715339 0.522383 1.11993 8.16849 -1.8116e-17 4.82109 0.421791 -1.46036 0.0250957 3.4898 -2.00958e-17 4.83041 0.765062 1.74124 3.29002 0.233797 1.23299 -7.60731 7.53374 4.17455 3.19153 1.18278 12.9547 3.2495 -3.26872 -89.3054 19.2432 -7.60139 29.2081 0.0598081 0.137039 1.59939 -0.0998044 -7.73027 24.234 0.0496219 0.113701 2.79664 -13.7256 -0.471057 -1.23299 -7.60729 7.53365 4.8733 3.986 2.29045 -12.9547 3.2495 -3.26872 81.7567 3.17217 9.24832 -29.2081 0.0598081 0.137039 -1.29592 -0.0639955 6.2567 -24.234 0.0496218 0.113702 -0.5356 -0.997982 3.38874 9.23673 -4.20556 2.0327 -13.934 -20.2567 -22.2074 -0.852353 -38.7721 -0.655187 -7.90744 27.579 1.45107 -2.32622 -40.4017 -6.04875 -2.74151 -2.98124 16.116 0.779096 -9.8844 12.4959 1.98343e-15 -7.0939e-16 -7.3325e-17 -9.23673 -4.20556 2.0327 -14.2037 -15.9933 3.21064 0.852353 -38.7721 -0.655187 2.50008 9.2968 -0.0406602 2.32622 -40.4017 -6.04875 -1.5296 -0.638372 -15.0446 -0.779096 -9.8844 12.4959 1.35248e-15 -6.44526e-16 -1.28322e-14 
-4.83251 94.4892 74.5177 -5.69325 12.699 98.7479 0 5.07867 -1.15138 -5.07717 -0.327189 0.192484 0 5.61661 1.07143 -4.17339 -0.0633733 -0.585973 -1.02604e-17 5.98978 0.11501 -3.09108 0.630026 -0.511138 -1.10457e-17 6.50583 -0.443523 -2.05391 1.39666 -0.500496 -1.97295e-17 7.60548 -1.50593 -1.07624 1.60032 -0.200891 -2.53307e-17 9.49737 -0.914492 -0.0329076 1.53663 -0.540475 -2.90401e-17 10.5513 1.57691 0.0217347 0.740416 -0.0255068 -1.29193e-17 4.78644 0.715339 0.631221 0.658498 8.21335 -1.8116e-17 4.82109 0.421791 -1.19554 -0.0968261 3.52015 -2.00958e-17 4.83041 0.765062 2.21397 3.37006 0.237554 1.23299 -7.60731 7.53374 4.14289 3.30272 1.0468 12.9547 3.2495 -3.26872 -89.4577 18.8432 -7.39867 29.2081 0.0598081 0.137039 1.49786 -0.0870017 -7.23709 24.234 0.0496219 0.113701 3.23034 -14.3873 -0.201752 -1.23299 -7.60729 7.53365 5.25358 4.06434 2.52204 -12.9547 3.2495 -3.26872 81.8761 3.13035 9.32654 -29.2081 0.0598081 0.137039 -1.26531 -0.0608396 6.10838 -24.234 0.0496218 0.113702 -0.602324 -0.921154 3.35107 9.23673 -4.20556 2.0327 -13.8396 -20.1503 -21.4818 -0.852353 -38.7721 -0.655187 -8.72287 29.9724 1.80157 -2.32622 -40.4017 -6.04875 -2.38935 -3.58531 16.1054 0.779096 -9.8844 12.4959 -3.14199e-16 -8.05124e-16 2.24097e-17 -9.23673 -4.20556 2.0327 -14.2304 -15.3733 2.0966 0.852353 -38.7721 -0.655187 2.33785 8.70029 -0.0257002 2.32622 -40.4017 -6.04875 -1.0558 -0.0767383 -15.0565 -0.779096 -9.8844 12.4959 -1.5977e-16 -5.85454e-16 -1.27613e-14 
-5.35526 94.5319 74.5576 -5.54038 12.4914 100.036 0 5.07867 -1.15138 -5.11914 -0.0861966 0.152232 0 5.61661 1.07143 -4.18365 0.124971 -0.640012 -1.02604e-17 5.98978 0.11501 -3.09019 0.774989 -0.567778 -1.10457e-17 6.50583 -0.443523 -2.03979 1.47462 -0.557145 -1.97295e-17 7.60548 -1.50593 -1.0675 1.61615 -0.258907 -2.53307e-17 9.49737 -0.914492 -0.0307177 1.54134 -0.609501 -2.90401e-17 10.5513 1.57691 0.013523 0.734749 -0.028729 -1.29193e-17 4.78644 0.715339 0.705011 0.234673 8.15081 -1.8116e-17 4.82109 0.421791 -1.0059 -0.197945 3.49719 -2.00958e-17 4.83041 0.765062 2.58765 3.37379 0.197068 1.23299 -7.60731 7.53374 4.06191 3.37813 0.917407 12.9547 3.2495 -3.26872 -89.6444 18.3166 -7.26012 29.2081 0.0598081 0.137039 1.38031 -0.0732869 -6.66675 24.234 0.0496219 0.113701 3.61818 -14.627 0.023115 -1.23299 -7.60729 7.53365 5.54117 4.12982 2.73922 -12.9547 3.2495 -3.26872 81.9245 3.19851 9.37871 -29.2081 0.0598081 0.137039 -1.20387 -0.0547464 5.81081 -24.234 0.0496218 0.113702 -0.646852 -1.22826 3.48544 9.23673 -4.20556 2.0327 -13.916 -20.1027 -21.2576 -0.852353 -38.7721 -0.655187 -9.41909 31.9297 2.12519 -2.32622 -40.4017 -6.04875 -2.14161 -3.99675 16.0848 0.779096 -9.8844 12.4959 3.89325e-15 -6.25774e-16 -1.56941e-16 -9.23673 -4.20556 2.0327 -14.2887 -14.7628 0.862308 0.852353 -38.7721 -0.655187 2.19758 8.18327 -0.0141334 2.32622 -40.4017 -6.04875 -0.834369 0.370407 -15.0435 -0.779096 -9.8844 12.4959 1.35248e-15 -6.44526e-16 -1.28322e-14 
-5.8459 94.4926 74.504 -5.64722 12.2701 101.374 0 5.07867 -1.15138 -5.10225 0.0864857 0.0921145 0 5.61661 1.07143 -4.14766 0.256943 -0.708957 -1.02604e-17 5.98978 0.11501 -3.05673 0.87116 -0.639968 -1.10457e-17 6.50583 -0.443523 -2.00504 1.51475 -0.629396 -1.97295e-17 7.60548 -1.50593 -1.05331 1.60895 -0.335272 -2.53307e-17 9.49737 -0.914492 -0.0446192 1.524 -0.694636 -2.90401e-17 10.5513 1.57691 0.00496764 0.731048 -0.0356829 -1.29193e-17 4.78644 0.715339 0.757878 -0.107986 8.07093 -1.8116e-17 4.82109 0.421791 -0.889647 -0.282985 3.46091 -2.00958e-17 4.83041 0.765062 2.80692 3.25647 0.135424 1.23299 -7.60731 7.53374 3.93971 3.44884 0.817998 12.9547 3.2495 -3.26872 -89.9314 17.6424 -6.86797 29.2081 0.0598081 0.137039 1.27274 -0.0617734 -6.14535 24.234 0.0496219 0.113701 3.92229 -14.598 0.0171518 -1.23299 -7.60729 7.53365 5.62377 4.16961 2.88778 -12.9547 3.2495 -3.26872 81.9858 3.45977 9.29439 -29.2081 0.0598081 0.137039 -1.14841 -0.049523 5.54235 -24.234 0.0496218 0.113702 -0.614835 -1.8174 3.71019 9.23673 -4.20556 2.0327 -14.1202 -20.231 -21.2505 -0.852353 -38.7721 -0.655187 -9.95268 33.3758 2.38758 -2.32622 -40.4017 -6.04875 -2.02072 -4.34505 16.0626 0.779096 -9.8844 12.4959 1.22385e-16 -7.90871e-16 8.1568e-18 -9.23673 -4.20556 2.0327 -14.4316 -14.3681 -0.451022 0.852353 -38.7721 -0.655187 2.07564 7.73292 -0.0051115 2.32622 -40.4017 -6.04875 -0.689637 0.386839 -15.0582 -0.779096 -9.8844 12.4959 -1.5977e-16 -5.85454e-16 -1.27613e-14 
-6.37109 94.3415 74.4233 -5.97591 11.9964 102.63 0 5.07867 -1.15138 -5.03605 0.330031 0.0189974 0 5.61661 1.07143 -4.0755 0.421252 -0.785242 -1.02604e-17 5.98978 0.11501 -2.99788 0.937855 -0.717596 -1.10457e-17 6.50583 -0.443523 -1.95681 1.42519 -0.707299 -1.97295e-17 7.60548 -1.50593 -1.03433 1.42549 -0.419386 -2.53307e-17 9.49737 -0.914492 -0.0704577 1.2674 -0.785692 -2.90401e-17 10.5513 1.57691 -0.00210058 0.749447 -0.0427629 -1.29193e-17 4.78644 0.715339 0.801797 -0.441179 7.99439 -1.8116e-17 4.82109 0.421791 -0.839404 -0.312275 3.42025 -2.00958e-17 4.83041 0.765062 2.95958 3.20774 0.0433478 1.23299 -7.60731 7.53374 3.89025 3.62454 0.760329 12.9547 3.2495 -3.26872 -90.3368 17.0261 -6.15234 29.2081 0.0598081 0.137039 1.18075 -0.0527113 -5.69983 24.234 0.0496219 0.113701 4.12611 -14.5762 -0.16521 -1.23299 -7.60729 7.53365 5.45273 4.28768 2.95106 -12.9547 3.2495 -3.26872 82.2217 3.91147 8.94167 -29.2081 0.0598081 0.137039 -1.11778 -0.0467496 5.39408 -24.234 0.0496218 0.113702 -0.539293 -2.60943 3.99082 9.23673 -4.20556 2.0327 -14.3508 -20.6166 -21.3569 -0.852353 -38.7721 -0.655187 -10.3344 34.3817 2.58259 -2.32622 -40.4017 -6.04875 -1.93111 -4.79553 16.0412 0.779096 -9.8844 12.4959 1.57609e-15 -7.34543e-16 -4.81714e-17 -9.23673 -4.20556 2.0327 -14.5841 -14.342 -1.6897 0.852353 -38.7721 -0.655187 2.01337 7.50267 -0.000876198 2.32622 -40.4017 -6.04875 -0.783592 -0.0192521 -15.0681 -0.779096 -9.8844 12.4959 1.89026e-16 -5.96049e-16 -1.27716e-14 
-6.93787 94.1494 74.3883 -6.36006 11.7097 103.699 0 5.07867 -1.15138 -4.95789 0.675254 -0.0486693 0 5.61661 1.07143 -3.99518 0.647732 -0.853839 -1.02604e-17 5.98978 0.11501 -2.93381 1.01429 -0.786087 -1.10457e-17 6.50583 -0.443523 -1.90871 1.25255 -0.77641 -1.97295e-17 7.60548 -1.50593 -1.01452 1.11469 -0.494791 -2.53307e-17 9.49737 -0.914492 -0.0977549 0.838451 -0.867486 -2.90401e-17 10.5513 1.57691 -0.00724268 0.783525 -0.0479814 -1.29193e-17 4.78644 0.715339 0.851531 -0.851625 7.92283 -1.8116e-17 4.82109 0.421791 -0.818252 -0.326084 3.38002 -2.00958e-17 4.83041 0.765062 3.09048 3.21932 -0.0671432 1.23299 -7.60731 7.53374 3.85194 3.91108 0.690517 12.9547 3.2495 -3.26872 -90.8203 16.4212 -5.23936 29.2081 0.0598081 0.137039 1.12024 -0.0471435 -5.40693 24.234 0.0496219 0.113701 4.35391 -14.6112 -0.403059 -1.23299 -7.60729 7.53365 5.21242 4.5142 3.00644 -12.9547 3.2495 -3.26872 82.552 4.40491 8.48464 -29.2081 0.0598081 0.137039 -1.12086 -0.0470239 5.40895 -24.234 0.0496218 0.113702 -0.465301 -3.44111 4.24664 9.23673 -4.20556 2.0327 -14.5438 -21.0917 -21.5155 -0.852353 -38.7721 -0.655187 -10.5002 34.8113 2.66914 -2.32622 -40.4017 -6.04875 -1.86932 -5.40215 16.035 0.779096 -9.8844 12.4959 4.51693e-16 -7.81495e-16 -1.2198e-18 -9.23673 -4.20556 2.0327 -14.7266 -14.5941 -2.69178 0.852353 -38.7721 -0.655187 2.01474 7.50771 -0.000966233 2.32622 -40.4017 -6.04875 -0.833657 -0.583814 -15.098 -0.779096 -9.8844 12.4959 -1.89026e-16 -5.84235e-16 -1.27598e-14 
-7.44762 93.9848 74.4246 -6.59727 11.5136 104.545 0 5.07867 -1.15138 -4.93102 1.00568 -0.0824722 0 5.61661 1.07143 -3.9615 0.870136 -0.890587 -1.02604e-17 5.98978 0.11501 -2.90707 1.10367 -0.822364 -1.10457e-17 6.50583 -0.443523 -1.89063 1.11053 -0.813093 -1.97295e-17 7.60548 -1.50593 -1.0097 0.848205 -0.533558 -2.53307e-17 9.49737 -0.914492 -0.11852 0.472474 -0.910251 -2.90401e-17 10.5513 1.57691 -0.0103812 0.815057 -0.0505865 -1.29193e-17 4.78644 0.715339 0.877631 -1.28935 7.7619 -1.8116e-17 4.82109 0.421791 -0.773396 -0.394094 3.30105 -2.00958e-17 4.83041 0.765062 3.29232 3.20192 -0.13754 1.23299 -7.60731 7.53374 3.80468 4.17498 0.628369 12.9547 3.2495 -3.26872 -91.1414 15.724 -4.45893 29.2081 0.0598081 0.137039 1.06897 -0.0426702 -5.15887 24.234 0.0496219 0.113701 4.54346 -14.5369 -0.483536 -1.23299 -7.60729 7.53365 5.096 4.7434 3.05213 -12.9547 3.2495 -3.26872 82.9811 4.76358 8.10683 -29.2081 0.0598081 0.137039 -1.12784 -0.0476502 5.44273 -24.234 0.0496218 0.113702 -0.490611 -4.1451 4.42916 9.23673 -4.20556 2.0327 -14.6944 -21.2521 -21.6804 -0.852353 -38.7721 -0.655187 -10.3525 34.4289 2.592 -2.32622 -40.4017 -6.04875 -1.867 -6.10409 16.0456 0.779096 -9.8844 12.4959 3.46065e-17 -7.94834e-16 1.21191e-17 -9.23673 -4.20556 2.0327 -14.863 -14.8298 -3.46318 0.852353 -38.7721 -0.655187 2.055 7.6566 -0.00367949 2.32622 -40.4017 -6.04875 -0.847501 -1.07223 -15.1272 -0.779096 -9.8844 12.4959 -5.86596e-16 -5.59692e-16 -1.27474e-14 
-7.83742 93.8893 74.5239 -6.58497 11.4212 105.244 0 5.07867 -1.15138 -4.99638 1.22174 -0.0718483 0 5.61661 1.07143 -4.00762 1.03052 -0.889281 -1.02604e-17 5.98978 0.11501 -2.94167 1.20293 -0.821574 -1.10457e-17 6.50583 -0.443523 -1.91579 1.08576 -0.812154 -1.97295e-17 7.60548 -1.50593 -1.02385 0.755783 -0.528731 -2.53307e-17 9.49737 -0.914492 -0.122159 0.353703 -0.91054 -2.90401e-17 10.5513 1.57691 -0.0103309 0.829089 -0.0520436 -1.29193e-17 4.78644 0.715339 0.883163 -1.73754 7.4869 -1.8116e-17 4.82109 0.421791 -0.631935 -0.569498 3.17481 -2.00958e-17 4.83041 0.765062 3.59487 3.12025 -0.212647 1.23299 -7.60731 7.53374 3.68983 4.3294 0.561406 12.9547 3.2495 -3.26872 -91.1538 14.9583 -3.96608 29.2081 0.0598081 0.137039 1.01939 -0.0385575 -4.91908 24.234 0.0496219 0.113701 4.75371 -14.3464 -0.288733 -1.23299 -7.60729 7.53365 5.25121 4.89507 3.12651 -12.9547 3.2495 -3.26872 83.3939 4.83009 7.94854 -29.2081 0.0598081 0.137039 -1.12055 -0.0469958 5.40745 -24.234 0.0496218 0.113702 -0.548011 -4.69019 4.50323 9.23673 -4.20556 2.0327 -14.8078 -20.8979 -21.9148 -0.852353 -38.7721 -0.655187 -9.87387 33.1652 2.34807 -2.32622 -40.4017 -6.04875 -1.94709 -6.82614 16.0688 0.779096 -9.8844 12.4959 -3.62963e-16 -8.07258e-16 2.45431e-17 -9.23673 -4.20556 2.0327 -14.9683 -14.8073 -4.06281 0.852353 -38.7721 -0.655187 2.09479 7.8037 -0.00646479 2.32622 -40.4017 -6.04875 -0.729502 -1.36066 -15.1578 -0.779096 -9.8844 12.4959 -5.96354e-16 -5.59082e-16 -1.27471e-14 
-8.09646 93.8539 74.6433 -6.3837 11.4012 105.864 0 5.07867 -1.15138 -5.13962 1.28016 -0.0259635 0 5.61661 1.07143 -4.12036 1.09994 -0.859298 -1.02604e-17 5.98978 0.11501 -3.02732 1.29475 -0.793623 -1.10457e-17 6.50583 -0.443523 -1.97583 1.18453 -0.783486 -1.97295e-17 7.60548 -1.50593 -1.05394 0.856247 -0.491209 -2.53307e-17 9.49737 -0.914492 -0.111812 0.505924 -0.879174 -2.90401e-17 10.5513 1.57691 -0.00770425 0.822955 -0.053781 -1.29193e-17 4.78644 0.715339 0.867683 -2.17941 7.11844 -1.8116e-17 4.82109 0.421791 -0.415414 -0.836058 3.00839 -2.00958e-17 4.83041 0.765062 3.98685 2.95221 -0.299422 1.23299 -7.60731 7.53374 3.50558 4.34882 0.503481 12.9547 3.2495 -3.26872 -90.8529 14.1492 -3.76847 29.2081 0.0598081 0.137039 0.955592 -0.0335728 -4.61063 24.234 0.0496219 0.113701 4.95688 -14.0664 0.0996152 -1.23299 -7.60729 7.53365 5.64583 4.93562 3.22053 -12.9547 3.2495 -3.26872 83.7789 4.59996 8.0033 -29.2081 0.0598081 0.137039 -1.08469 -0.0438422 5.23391 -24.234 0.0496218 0.113702 -0.633673 -5.06 4.55047 9.23673 -4.20556 2.0327 -14.9227 -20.1053 -22.2976 -0.852353 -38.7721 -0.655187 -9.12217 31.1047 1.98452 -2.32622 -40.4017 -6.04875 -2.07303 -7.39917 16.0842 0.779096 -9.8844 12.4959 4.02901e-16 -7.83325e-16 6.09902e-19 -9.23673 -4.20556 2.0327 -15.0453 -14.533 -4.5161 0.852353 -38.7721 -0.655187 2.12486 7.91479 -0.00863725 2.32622 -40.4017 -6.04875 -0.573513 -1.4713 -15.1775 -0.779096 -9.8844 12.4959 -2.08543e-16 -5.8332e-16 -1.27592e-14 
-8.22468 93.8697 74.7333 -6.03315 11.4361 106.364 0 5.07867 -1.15138 -5.30751 1.23019 0.0393626 0 5.61661 1.07143 -4.2538 1.10677 -0.81307 -1.02604e-17 5.98978 0.11501 -3.13022 1.38024 -0.750947 -1.10457e-17 6.50583 -0.443523 -2.0481 1.36734 -0.740231 -1.97295e-17 7.60548 -1.50593 -1.09111 1.08844 -0.437264 -2.53307e-17 9.49737 -0.914492 -0.0953908 0.84076 -0.830634 -2.90401e-17 10.5513 1.57691 -0.00318866 0.802796 -0.056969 -1.29193e-17 4.78644 0.715339 0.84175 -2.61962 6.71061 -1.8116e-17 4.82109 0.421791 -0.169442 -1.1442 2.82399 -2.00958e-17 4.83041 0.765062 4.37459 2.74172 -0.364029 1.23299 -7.60731 7.53374 3.18736 4.28984 0.421769 12.9547 3.2495 -3.26872 -90.2926 13.2655 -3.71315 29.2081 0.0598081 0.137039 0.877093 -0.0279132 -4.23127 24.234 0.0496219 0.113701 5.10102 -13.7932 0.48112 -1.23299 -7.60729 7.53365 6.17761 4.89892 3.34141 -12.9547 3.2495 -3.26872 84.044 4.11947 8.18329 -29.2081 0.0598081 0.137039 -1.03163 -0.0393778 4.97726 -24.234 0.0496218 0.113702 -0.69862 -5.2129 4.61159 9.23673 -4.20556 2.0327 -15.0419 -18.9441 -22.8578 -0.852353 -38.7721 -0.655187 -8.1743 28.3742 1.56227 -2.32622 -40.4017 -6.04875 -2.31743 -7.60594 16.0813 0.779096 -9.8844 12.4959 4.22417e-16 -7.82715e-16 2.88531e-33 -9.23673 -4.20556 2.0327 -15.1024 -14.0477 -4.79714 0.852353 -38.7721 -0.655187 2.14224 7.97897 -0.00991935 2.32622 -40.4017 -6.04875 -0.339956 -1.45156 -15.1939 -0.779096 -9.8844 12.4959 -5.86596e-16 -5.59692e-16 -1.27474e-14 
-8.22968 93.9218 74.7477 -5.52945 11.4908 106.718 0 5.07867 -1.15138 -5.43553 1.11526 0.108444 0 5.61661 1.07143 -4.35238 1.0793 -0.760792 -1.02604e-17 5.98978 0.11501 -3.20914 1.4675 -0.703727 -1.10457e-17 6.50583 -0.443523 -2.10507 1.61438 -0.69324 -1.97295e-17 7.60548 -1.50593 -1.1242 1.41748 -0.381923 -2.53307e-17 9.49737 -0.914492 -0.0815941 1.29802 -0.776729 -2.90401e-17 10.5513 1.57691 0.0018193 0.771802 -0.0622961 -1.29193e-17 4.78644 0.715339 0.806878 -2.99549 6.31827 -1.8116e-17 4.82109 0.421791 0.0440014 -1.48201 2.64591 -2.00958e-17 4.83041 0.765062 4.66459 2.47174 -0.386424 1.23299 -7.60731 7.53374 2.73336 4.16714 0.323419 12.9547 3.2495 -3.26872 -89.5722 12.3617 -3.71763 29.2081 0.0598081 0.137039 0.78583 -0.0219896 -3.79043 24.234 0.0496219 0.113701 5.10423 -13.596 0.752912 -1.23299 -7.60729 7.53365 6.70543 4.78086 3.45032 -12.9547 3.2495 -3.26872 84.1633 3.51813 8.4119 -29.2081 0.0598081 0.137039 -0.968949 -0.0344119 4.67417 -24.234 0.0496218 0.113702 -0.735238 -5.16352 4.73374 9.23673 -4.20556 2.0327 -15.1274 -17.5157 -23.5162 -0.852353 -38.7721 -0.655187 -7.15411 25.2727 1.15625 -2.32622 -40.4017 -6.04875 -2.678 -7.24433 16.0513 0.779096 -9.8844 12.4959 1.58585e-15 -7.34238e-16 -4.84764e-17 -9.23673 -4.20556 2.0327 -15.1173 -13.3747 -4.84244 0.852353 -38.7721 -0.655187 2.15141 8.01284 -0.0106042 2.32622 -40.4017 -6.04875 -0.103277 -1.31358 -15.202 -0.779096 -9.8844 12.4959 1.79268e-16 -5.95439e-16 -1.27713e-14 
-8.14575 93.9703 74.6777 -5.03369 11.5255 106.97 0 5.07867 -1.15138 -5.49838 0.989029 0.161184 0 5.61661 1.07143 -4.39622 1.04626 -0.719358 -1.02604e-17 5.98978 0.11501 -3.24824 1.55436 -0.667579 -1.10457e-17 6.50583 -0.443523 -2.13502 1.87531 -0.658062 -1.97295e-17 7.60548 -1.50593 -1.14701 1.76941 -0.342346 -2.53307e-17 9.49737 -0.914492 -0.0755627 1.77477 -0.735179 -2.90401e-17 10.5513 1.57691 0.00635674 0.737606 -0.0700491 -1.29193e-17 4.78644 0.715339 0.769029 -3.25492 5.96449 -1.8116e-17 4.82109 0.421791 0.202905 -1.83869 2.48423 -2.00958e-17 4.83041 0.765062 4.80657 2.08977 -0.375447 1.23299 -7.60731 7.53374 2.20843 4.01909 0.234184 12.9547 3.2495 -3.26872 -88.8114 11.5449 -3.67075 29.2081 0.0598081 0.137039 0.698051 -0.0169569 -3.3666 24.234 0.0496219 0.113701 4.93729 -13.5155 0.804113 -1.23299 -7.60729 7.53365 7.09221 4.6024 3.50589 -12.9547 3.2495 -3.26872 84.1945 2.98748 8.57792 -29.2081 0.0598081 0.137039 -0.917505 -0.0305858 4.4255 -24.234 0.0496218 0.113702 -0.742569 -5.04744 4.98922 9.23673 -4.20556 2.0327 -15.2172 -16.0725 -24.1416 -0.852353 -38.7721 -0.655187 -6.21355 22.2695 0.829676 -2.32622 -40.4017 -6.04875 -3.1081 -6.47688 16.0011 0.779096 -9.8844 12.4959 1.61513e-15 -7.33018e-16 -4.96962e-17 -9.23673 -4.20556 2.0327 -15.137 -12.7247 -4.66086 0.852353 -38.7721 -0.655187 2.17622 8.10442 -0.0124832 2.32622 -40.4017 -6.04875 0.151589 -1.23104 -15.2119 -0.779096 -9.8844 12.4959 1.98785e-16 -5.96354e-16 -1.27719e-14 
-7.97107 93.9988 74.5533 -4.53618 11.4647 107.122 0 5.07867 -1.15138 -5.47029 0.874372 0.189935 0 5.61661 1.07143 -4.35935 1.03005 -0.693795 -1.02604e-17 5.98978 0.11501 -3.22306 1.64619 -0.646063 -1.10457e-17 6.50583 -0.443523 -2.11911 2.12634 -0.638451 -1.97295e-17 7.60548 -1.50593 -1.14465 2.09393 -0.327157 -2.53307e-17 9.49737 -0.914492 -0.0748996 2.19875 -0.711999 -2.90401e-17 10.5513 1.57691 0.00755496 0.701704 -0.0775439 -1.29193e-17 4.78644 0.715339 0.725378 -3.55109 5.53065 -1.8116e-17 4.82109 0.421791 0.319257 -2.15724 2.28865 -2.00958e-17 4.83041 0.765062 4.7957 1.74301 -0.182025 1.23299 -7.60731 7.53374 1.58606 3.83616 0.142722 12.9547 3.2495 -3.26872 -88.0357 10.6587 -3.49176 29.2081 0.0598081 0.137039 0.625134 -0.0132716 -3.01466 24.234 0.0496219 0.113701 4.56577 -13.3496 0.671584 -1.23299 -7.60729 7.53365 7.29787 4.39421 3.48191 -12.9547 3.2495 -3.26872 84.1404 2.82808 8.55409 -29.2081 0.0598081 0.137039 -0.902701 -0.0295276 4.35395 -24.234 0.0496218 0.113702 -0.739664 -5.15465 5.32214 9.23673 -4.20556 2.0327 -14.8857 -14.5848 -23.5794 -0.852353 -38.7721 -0.655187 -5.3987 19.5631 0.586096 -2.32622 -40.4017 -6.04875 -3.48167 -6.20201 15.9052 0.779096 -9.8844 12.4959 -3.23929e-16 -8.05733e-16 2.30184e-17 -9.23673 -4.20556 2.0327 -15.0588 -12.1055 -4.25161 0.852353 -38.7721 -0.655187 2.21401 8.24388 -0.0154223 2.32622 -40.4017 -6.04875 0.412526 -1.22489 -15.2265 -0.779096 -9.8844 12.4959 -5.76837e-16 -5.59997e-16 -1.27477e-14 
-7.72779 94.0152 74.3447 -4.04142 11.2334 107.223 0 5.07867 -1.15138 -5.40893 0.730957 0.203343 0 5.61661 1.07143 -4.29535 0.99123 -0.675801 -1.02604e-17 5.98978 0.11501 -3.1766 1.71377 -0.630913 -1.10457e-17 6.50583 -0.443523 -2.08628 2.35619 -0.62478 -1.97295e-17 7.60548 -1.50593 -1.13095 2.40493 -0.321403 -2.53307e-17 9.49737 -0.914492 -0.0724781 2.5976 -0.703985 -2.90401e-17 10.5513 1.57691 0.0108125 0.669847 -0.0869634 -1.29193e-17 4.78644 0.715339 0.721385 -3.72806 5.29121 -1.8116e-17 4.82109 0.421791 0.414531 -2.50228 2.18477 -2.00958e-17 4.83041 0.765062 4.81483 1.35548 -0.261857 1.23299 -7.60731 7.53374 1.03074 3.66075 0.0764588 12.9547 3.2495 -3.26872 -87.3592 9.98988 -3.2236 29.2081 0.0598081 0.137039 0.576308 -0.0110544 -2.77906 24.234 0.0496219 0.113701 4.23131 -13.2503 0.515788 -1.23299 -7.60729 7.53365 7.43754 4.15995 3.41027 -12.9547 3.2495 -3.26872 84.0776 2.8757 8.43935 -29.2081 0.0598081 0.137039 -0.922473 -0.0309485 4.44949 -24.234 0.0496218 0.113702 -0.63239 -5.42157 5.5711 9.23673 -4.20556 2.0327 -14.3823 -13.171 -23.1171 -0.852353 -38.7721 -0.655187 -4.68973 17.1361 0.405322 -2.32622 -40.4017 -6.04875 -3.72093 -6.58371 15.8 0.779096 -9.8844 12.4959 4.02901e-16 -7.83325e-16 6.09902e-19 -9.23673 -4.20556 2.0327 -14.8553 -11.5192 -3.55896 0.852353 -38.7721 -0.655187 2.25631 8.39988 -0.0188217 2.32622 -40.4017 -6.04875 0.803352 -1.27202 -15.251 -0.779096 -9.8844 12.4959 -2.08543e-16 -5.8332e-16 -1.27592e-14 
-7.43341 94.0033 74.0547 -3.66311 10.7323 107.285 0 5.07867 -1.15138 -5.27118 0.579296 0.190756 0 5.61661 1.07143 -4.1709 0.924047 -0.674695 -1.02604e-17 5.98978 0.11501 -3.08236 1.72537 -0.630194 -1.10457e-17 6.50583 -0.443523 -2.01699 2.48955 -0.624419 -1.97295e-17 7.60548 -1.50593 -1.09203 2.60777 -0.335314 -2.53307e-17 9.49737 -0.914492 -0.0629506 2.85927 -0.721456 -2.90401e-17 10.5513 1.57691 0.013957 0.650696 -0.0936849 -1.29193e-17 4.78644 0.715339 0.732564 -3.96 5.03158 -1.8116e-17 4.82109 0.421791 0.513237 -2.70688 2.06765 -2.00958e-17 4.83041 0.765062 4.8205 1.09759 -0.305037 1.23299 -7.60731 7.53374 0.4309 3.57664 0.0147422 12.9547 3.2495 -3.26872 -86.7143 9.55366 -2.72465 29.2081 0.0598081 0.137039 0.559078 -0.0103195 -2.69592 24.234 0.0496219 0.113701 3.88691 -13.2863 0.272297 -1.23299 -7.60729 7.53365 7.56125 4.01264 3.39282 -12.9547 3.2495 -3.26872 83.8192 3.04407 8.1468 -29.2081 0.0598081 0.137039 -0.987315 -0.0358373 4.76291 -24.234 0.0496218 0.113702 -0.355307 -5.88334 5.70259 9.23673 -4.20556 2.0327 -13.7412 -12.2164 -23.0981 -0.852353 -38.7721 -0.655187 -4.16391 15.2967 0.290621 -2.32622 -40.4017 -6.04875 -3.59253 -7.29001 15.6694 0.779096 -9.8844 12.4959 3.46065e-17 -7.94834e-16 1.21191e-17 -9.23673 -4.20556 2.0327 -14.4748 -11.1487 -2.90913 0.852353 -38.7721 -0.655187 2.32295 8.6454 -0.0244105 2.32622 -40.4017 -6.04875 1.18453 -1.34244 -15.265 -0.779096 -9.8844 12.4959 -1.98785e-16 -5.8393e-16 -1.27595e-14 
-7.16697 93.5887 73.6644 -3.34253 10.3263 107.455 0 5.07867 -1.15138 -5.11316 0.638181 0.151705 0 5.61661 1.07143 -4.03645 0.966269 -0.696593 -1.02604e-17 5.98978 0.11501 -2.98074 1.7112 -0.650181 -1.10457e-17 6.50583 -0.443523 -1.94683 2.38565 -0.646418 -1.97295e-17 7.60548 -1.50593 -1.05392 2.45376 -0.374806 -2.53307e-17 9.49737 -0.914492 -0.0717308 2.64149 -0.762435 -2.90401e-17 10.5513 1.57691 0.0138507 0.678101 -0.101143 -1.29193e-17 4.78644 0.715339 0.704556 -3.76341 4.67439 -1.8116e-17 4.82109 0.421791 0.58439 -2.73743 1.91 -2.00958e-17 4.83041 0.765062 4.78565 0.923455 -0.3347 1.23299 -7.60731 7.53374 0.241162 3.60287 0.0984558 12.9547 3.2495 -3.26872 -86.4217 9.80369 -1.72671 29.2081 0.0598081 0.137039 0.566758 -0.0106427 -2.73298 24.234 0.0496219 0.113701 3.33546 -13.6333 0.0668248 -1.23299 -7.60729 7.53365 6.99393 3.89036 3.1272 -12.9547 3.2495 -3.26872 83.9448 4.07263 7.04149 -29.2081 0.0598081 0.137039 -1.10932 -0.0460033 5.35303 -24.234 0.0496218 0.113702 0.0923502 -7.0905 5.79945 9.23673 -4.20556 2.0327 -12.932 -11.1074 -22.6602 -0.852353 -38.7721 -0.655187 -3.36707 12.4534 0.149162 -2.32622 -40.4017 -6.04875 -4.47694 -3.49859 15.757 0.779096 -9.8844 12.4959 -7.50774e-16 -8.31496e-16 4.87813e-17 -9.23673 -4.20556 2.0327 -14.2657 -10.8751 -2.53538 0.852353 -38.7721 -0.655187 2.52185 9.37675 -0.0427972 2.32622 -40.4017 -6.04875 0.603296 -3.25482 -15.2504 -0.779096 -9.8844 12.4959 -5.86596e-16 -5.59692e-16 -1.27474e-14 
-6.93598 92.9419 73.2459 -3.06255 10.1529 107.839 0 5.07867 -1.15138 -5.08916 0.842084 0.11954 0 5.61661 1.07143 -4.01249 1.09017 -0.724597 -1.02604e-17 5.98978 0.11501 -2.96114 1.72224 -0.67768 -1.10457e-17 6.50583 -0.443523 -1.93043 2.20953 -0.676853 -1.97295e-17 7.60548 -1.50593 -1.04016 2.18063 -0.414806 -2.53307e-17 9.49737 -0.914492 -0.0757619 2.26674 -0.81443 -2.90401e-17 10.5513 1.57691 0.0155729 0.723564 -0.112684 -1.29193e-17 4.78644 0.715339 0.66134 -3.0259 4.28701 -1.8116e-17 4.82109 0.421791 0.732734 -2.8882 1.74092 -2.00958e-17 4.83041 0.765062 4.79293 0.42792 -0.534121 1.23299 -7.60731 7.53374 0.633703 3.64566 0.353254 12.9547 3.2495 -3.26872 -86.7326 10.7512 -0.616798 29.2081 0.0598081 0.137039 0.607039 -0.0124237 -2.92735 24.234 0.0496219 0.113701 3.06621 -14.2026 -0.0952185 -1.23299 -7.60729 7.53365 6.07965 3.7251 2.7051 -12.9547 3.2495 -3.26872 84.6254 5.25502 5.74068 -29.2081 0.0598081 0.137039 -1.24969 -0.0592663 6.03259 -24.234 0.0496218 0.113702 0.592432 -8.48824 5.89875 9.23673 -4.20556 2.0327 -12.5229 -10.3363 -22.4891 -0.852353 -38.7721 -0.655187 -2.63044 9.77495 0.0539094 -2.32622 -40.4017 -6.04875 -6.03566 3.0034 16.101 0.779096 -9.8844 12.4959 -7.70291e-16 -8.32411e-16 4.96962e-17 -9.23673 -4.20556 2.0327 -14.4071 -10.6332 -2.49181 0.852353 -38.7721 -0.655187 2.8177 10.4598 -0.0748469 2.32622 -40.4017 -6.04875 -0.189886 -6.16508 -15.2904 -0.779096 -9.8844 12.4959 -1.75977e-15 -5.10606e-16 -1.26986e-14 
-6.73171 92.8214 72.8585 -2.6841 10.1333 108.319 0 5.07867 -1.15138 -5.17212 0.933304 0.104814 0 5.61661 1.07143 -4.06796 1.16597 -0.74969 -1.02604e-17 5.98978 0.11501 -2.99721 1.79379 -0.704565 -1.10457e-17 6.50583 -0.443523 -1.94469 2.25769 -0.703998 -1.97295e-17 7.60548 -1.50593 -1.03722 2.22173 -0.44344 -2.53307e-17 9.49737 -0.914492 -0.0564281 2.33323 -0.857308 -2.90401e-17 10.5513 1.57691 0.0166297 0.729559 -0.115069 -1.29193e-17 4.78644 0.715339 0.593082 -3.02932 3.59058 -1.8116e-17 4.82109 0.421791 0.906555 -3.13767 1.42097 -2.00958e-17 4.83041 0.765062 4.92278 0.0991261 -0.418263 1.23299 -7.60731 7.53374 0.482613 3.64454 0.387957 12.9547 3.2495 -3.26872 -86.4854 11.0247 -0.320414 29.2081 0.0598081 0.137039 0.654524 -0.0147002 -3.15651 24.234 0.0496219 0.113701 3.1251 -14.2512 -0.245009 -1.23299 -7.60729 7.53365 6.15939 3.66332 2.68773 -12.9547 3.2495 -3.26872 84.7426 5.38235 5.29375 -29.2081 0.0598081 0.137039 -1.36768 -0.0717158 6.6044 -24.234 0.0496218 0.113702 0.871035 -9.29868 5.96726 9.23673 -4.20556 2.0327 -12.3094 -9.78396 -22.2907 -0.852353 -38.7721 -0.655187 -2.37811 8.84848 0.029255 -2.32622 -40.4017 -6.04875 -6.32366 4.69331 16.1447 0.779096 -9.8844 12.4959 1.16874e-15 -7.47578e-16 -3.51364e-17 -9.23673 -4.20556 2.0327 -14.6504 -10.0678 -2.6964 0.852353 -38.7721 -0.655187 2.92522 10.8518 -0.0878825 2.32622 -40.4017 -6.04875 0.0370172 -6.71453 -15.342 -0.779096 -9.8844 12.4959 -6.25644e-16 -5.57861e-16 -1.27458e-14 
-6.48696 92.8483 72.4622 -2.27845 10.1108 108.775 0 5.07867 -1.15138 -5.25034 0.827975 0.0955051 0 5.61661 1.07143 -4.12293 1.11546 -0.767532 -1.02604e-17 5.98978 0.11501 -3.03449 1.81897 -0.723432 -1.10457e-17 6.50583 -0.443523 -1.96182 2.39375 -0.721663 -1.97295e-17 7.60548 -1.50593 -1.04008 2.42894 -0.459537 -2.53307e-17 9.49737 -0.914492 -0.0384436 2.62852 -0.881287 -2.90401e-17 10.5513 1.57691 0.0151578 0.721606 -0.11243 -1.29193e-17 4.78644 0.715339 0.541818 -3.39448 3.01364 -1.8116e-17 4.82109 0.421791 0.999418 -3.31776 1.15227 -2.00958e-17 4.83041 0.765062 5.07431 -0.0235749 -0.508238 1.23299 -7.60731 7.53374 -0.00281969 3.58026 0.334643 12.9547 3.2495 -3.26872 -85.5414 10.9043 -0.572245 29.2081 0.0598081 0.137039 0.680073 -0.0160038 -3.27983 24.234 0.0496219 0.113701 2.95616 -14.0024 -0.299598 -1.23299 -7.60729 7.53365 6.66547 3.61216 2.76791 -12.9547 3.2495 -3.26872 84.5522 5.19202 5.1767 -29.2081 0.0598081 0.137039 -1.43853 -0.079764 6.94804 -24.234 0.0496218 0.113702 1.04132 -9.78075 6.02162 9.23673 -4.20556 2.0327 -12.1551 -9.21362 -22.4349 -0.852353 -38.7721 -0.655187 -2.26448 8.42998 0.0194915 -2.32622 -40.4017 -6.04875 -6.22876 5.48869 16.123 0.779096 -9.8844 12.4959 -7.21475e-16 -8.30275e-16 4.75605e-17 -9.23673 -4.20556 2.0327 -14.7956 -9.29445 -2.74171 0.852353 -38.7721 -0.655187 2.92758 10.8604 -0.0881769 2.32622 -40.4017 -6.04875 0.183405 -6.65362 -15.373 -0.779096 -9.8844 12.4959 -5.96354e-16 -5.59082e-16 -1.27471e-14 
-6.28296 92.8471 72.0922 -1.99074 10.0255 109.076 0 5.07867 -1.15138 -5.2355 0.644574 0.0655694 0 5.61661 1.07143 -4.10045 1.00488 -0.795634 -1.02604e-17 5.98978 0.11501 -3.00896 1.79119 -0.750692 -1.10457e-17 6.50583 -0.443523 -1.93115 2.4955 -0.747716 -1.97295e-17 7.60548 -1.50593 -1.00962 2.61341 -0.492136 -2.53307e-17 9.49737 -0.914492 -0.00875179 2.88923 -0.924585 -2.90401e-17 10.5513 1.57691 0.0129882 0.712141 -0.108086 -1.29193e-17 4.78644 0.715339 0.5176 -3.73505 2.49534 -1.8116e-17 4.82109 0.421791 1.07574 -3.41549 0.910409 -2.00958e-17 4.83041 0.765062 4.85146 -0.111407 -0.492179 1.23299 -7.60731 7.53374 -0.504924 3.49113 0.338829 12.9547 3.2495 -3.26872 -84.6878 11.0571 -0.674756 29.2081 0.0598081 0.137039 0.723169 -0.0183279 -3.48787 24.234 0.0496219 0.113701 2.55911 -14.1034 -0.590513 -1.23299 -7.60729 7.53365 7.04119 3.53724 2.81012 -12.9547 3.2495 -3.26872 84.1372 5.04077 5.09661 -29.2081 0.0598081 0.137039 -1.52071 -0.0896399 7.34695 -24.234 0.0496218 0.113702 1.23435 -9.90139 5.8629 9.23673 -4.20556 2.0327 -11.9435 -8.68302 -22.4788 -0.852353 -38.7721 -0.655187 -2.20272 8.20222 0.0145349 -2.32622 -40.4017 -6.04875 -5.92754 5.63375 16.0511 0.779096 -9.8844 12.4959 2.33216e-15 -6.99102e-16 -8.36122e-17 -9.23673 -4.20556 2.0327 -14.8783 -8.7879 -2.54525 0.852353 -38.7721 -0.655187 2.96188 10.9853 -0.0924951 2.32622 -40.4017 -6.04875 0.217403 -6.6485 -15.3935 -0.779096 -9.8844 12.4959 -9.8416e-16 -5.46963e-16 -1.27228e-14 
-6.17253 92.7356 71.8401 -1.85342 9.79014 109.175 0 5.07867 -1.15138 -5.16394 0.512819 0.0335625 0 5.61661 1.07143 -4.03844 0.910962 -0.814867 -1.02604e-17 5.98978 0.11501 -2.95506 1.72155 -0.767387 -1.10457e-17 6.50583 -0.443523 -1.88575 2.46585 -0.763892 -1.97295e-17 7.60548 -1.50593 -0.972196 2.61876 -0.518054 -2.53307e-17 9.49737 -0.914492 0.0121024 2.90321 -0.956844 -2.90401e-17 10.5513 1.57691 0.0109137 0.720124 -0.104083 -1.29193e-17 4.78644 0.715339 0.488005 -3.64669 2.06009 -1.8116e-17 4.82109 0.421791 1.08211 -3.50557 0.708528 -2.00958e-17 4.83041 0.765062 4.62036 -0.397437 -0.484197 1.23299 -7.60731 7.53374 -0.61646 3.40373 0.473897 12.9547 3.2495 -3.26872 -84.1535 11.7799 -0.558366 29.2081 0.0598081 0.137039 0.786227 -0.0220111 -3.79235 24.234 0.0496219 0.113701 2.03688 -14.6461 -1.00554 -1.23299 -7.60729 7.53365 6.98843 3.44982 2.65889 -12.9547 3.2495 -3.26872 84.1248 5.35329 4.71154 -29.2081 0.0598081 0.137039 -1.62355 -0.102816 7.84657 -24.234 0.0496218 0.113702 1.34807 -9.94585 5.64818 9.23673 -4.20556 2.0327 -11.5747 -8.25527 -22.3217 -0.852353 -38.7721 -0.655187 -2.17044 8.08309 0.0120424 -2.32622 -40.4017 -6.04875 -5.29779 4.9387 15.9078 0.779096 -9.8844 12.4959 4.71233e-16 -7.80579e-16 -2.13569e-18 -9.23673 -4.20556 2.0327 -14.8132 -8.8045 -2.14294 0.852353 -38.7721 -0.655187 3.10525 11.5063 -0.111357 2.32622 -40.4017 -6.04875 0.0276735 -6.95067 -15.4102 -0.779096 -9.8844 12.4959 -9.93923e-16 -5.46658e-16 -1.27222e-14 
-6.14535 92.5434 71.7112 -1.82919 9.43812 108.924 0 5.07867 -1.15138 -5.11741 0.551024 0.0274697 0 5.61661 1.07143 -4.0018 0.910918 -0.810916 -1.02604e-17 5.98978 0.11501 -2.92069 1.64868 -0.759882 -1.10457e-17 6.50583 -0.443523 -1.85812 2.27247 -0.757394 -1.97295e-17 7.60548 -1.50593 -0.939045 2.37222 -0.520111 -2.53307e-17 9.49737 -0.914492 0.0380111 2.58524 -0.966008 -2.90401e-17 10.5513 1.57691 0.0098521 0.752547 -0.0990276 -1.29193e-17 4.78644 0.715339 0.480491 -3.41114 1.71843 -1.8116e-17 4.82109 0.421791 1.12326 -3.5763 0.551218 -2.00958e-17 4.83041 0.765062 4.47022 -0.670004 -0.452083 1.23299 -7.60731 7.53374 -0.345975 3.44102 0.685534 12.9547 3.2495 -3.26872 -84.075 12.7824 -0.0980199 29.2081 0.0598081 0.137039 0.897745 -0.029349 -4.33107 24.234 0.0496219 0.113701 1.70544 -15.4262 -1.55536 -1.23299 -7.60729 7.53365 6.69147 3.51839 2.42745 -12.9547 3.2495 -3.26872 84.4984 5.9479 4.11588 -29.2081 0.0598081 0.137039 -1.75049 -0.12034 8.46409 -24.234 0.0496218 0.113702 1.41595 -9.84597 5.4492 9.23673 -4.20556 2.0327 -11.0536 -7.92774 -21.8572 -0.852353 -38.7721 -0.655187 -2.13749 7.96143 0.00956754 -2.32622 -40.4017 -6.04875 -4.49059 3.70112 15.7453 0.779096 -9.8844 12.4959 2.36145e-15 -6.97882e-16 -8.48326e-17 -9.23673 -4.20556 2.0327 -14.6139 -9.42155 -1.18342 0.852353 -38.7721 -0.655187 3.39012 12.5365 -0.152698 2.32622 -40.4017 -6.04875 -0.118907 -7.49589 -15.441 -0.779096 -9.8844 12.4959 -9.93923e-16 -5.46658e-16 -1.27222e-14 
-6.16081 92.3728 71.6978 -1.8733 9.01343 108.44 0 5.07867 -1.15138 -5.10901 0.598324 0.0489459 0 5.61661 1.07143 -3.99858 0.916019 -0.781602 -1.02604e-17 5.98978 0.11501 -2.91123 1.57264 -0.726522 -1.10457e-17 6.50583 -0.443523 -1.84946 2.06233 -0.724848 -1.97295e-17 7.60548 -1.50593 -0.912005 2.1082 -0.492826 -2.53307e-17 9.49737 -0.914492 0.0727894 2.23844 -0.945461 -2.90401e-17 10.5513 1.57691 0.00919024 0.783639 -0.09055 -1.29193e-17 4.78644 0.715339 0.466814 -3.27595 1.40827 -1.8116e-17 4.82109 0.421791 1.15174 -3.68762 0.4074 -2.00958e-17 4.83041 0.765062 4.47575 -0.929035 -0.404067 1.23299 -7.60731 7.53374 0.17686 3.48199 0.956891 12.9547 3.2495 -3.26872 -84.1839 13.7758 0.264164 29.2081 0.0598081 0.137039 1.04906 -0.0409916 -5.06258 24.234 0.0496219 0.113701 1.52991 -16.0576 -1.9963 -1.23299 -7.60729 7.53365 6.45607 3.64217 2.18585 -12.9547 3.2495 -3.26872 85.0313 6.36432 3.68093 -29.2081 0.0598081 0.137039 -1.87951 -0.139583 9.09266 -24.234 0.0496218 0.113702 1.40126 -9.36941 5.20317 9.23673 -4.20556 2.0327 -10.4279 -7.64142 -21.2514 -0.852353 -38.7721 -0.655187 -2.07489 7.73016 0.00505977 -2.32622 -40.4017 -6.04875 -3.73992 2.47867 15.6253 0.779096 -9.8844 12.4959 8.34271e-17 -7.92698e-16 9.98325e-18 -9.23673 -4.20556 2.0327 -14.2352 -10.5002 0.590913 0.852353 -38.7721 -0.655187 3.78476 13.9516 -0.218394 2.32622 -40.4017 -6.04875 -0.287326 -7.83951 -15.4892 -0.779096 -9.8844 12.4959 -2.18311e-16 -5.83015e-16 -1.27586e-14 
-6.27536 92.2793 71.83 -1.67653 8.75389 107.933 0 5.07867 -1.15138 -5.17855 0.626093 0.106774 0 5.61661 1.07143 -4.06152 0.924962 -0.72186 -1.02604e-17 5.98978 0.11501 -2.9544 1.54331 -0.663768 -1.10457e-17 6.50583 -0.443523 -1.87954 1.96798 -0.662571 -1.97295e-17 7.60548 -1.50593 -0.905868 1.99255 -0.428618 -2.53307e-17 9.49737 -0.914492 0.117238 2.07684 -0.883519 -2.90401e-17 10.5513 1.57691 0.00967261 0.797676 -0.0790358 -1.29193e-17 4.78644 0.715339 0.422388 -3.23679 1.00977 -1.8116e-17 4.82109 0.421791 1.24616 -3.88032 0.225129 -2.00958e-17 4.83041 0.765062 4.58008 -1.17904 -0.349601 1.23299 -7.60731 7.53374 0.748346 3.45646 1.17141 12.9547 3.2495 -3.26872 -84.0944 14.6701 0.143174 29.2081 0.0598081 0.137039 1.21783 -0.0562745 -5.87938 24.234 0.0496219 0.113701 1.46862 -16.3919 -2.04481 -1.23299 -7.60729 7.53365 6.40145 3.72215 2.00703 -12.9547 3.2495 -3.26872 85.5194 6.52237 3.59906 -29.2081 0.0598081 0.137039 -1.98816 -0.156914 9.62281 -24.234 0.0496218 0.113702 1.38928 -8.82146 4.86461 9.23673 -4.20556 2.0327 -9.84937 -7.12062 -20.6493 -0.852353 -38.7721 -0.655187 -1.99422 7.43182 -0.00037534 -2.32622 -40.4017 -6.04875 -3.24103 1.70165 15.5625 0.779096 -9.8844 12.4959 2.48481e-17 -7.95139e-16 1.2424e-17 -9.23673 -4.20556 2.0327 -13.7781 -11.5693 2.87017 0.852353 -38.7721 -0.655187 4.24974 15.5991 -0.308195 2.32622 -40.4017 -6.04875 -0.414851 -7.76161 -15.5553 -0.779096 -9.8844 12.4959 -5.86591e-16 -5.59692e-16 -1.27474e-14 
-6.4922 92.2761 72.1125 -1.03382 8.61678 107.451 0 5.07867 -1.15138 -5.29072 0.627415 0.201224 0 5.61661 1.07143 -4.15637 0.945478 -0.628783 -1.02604e-17 5.98978 0.11501 -3.0259 1.59587 -0.57077 -1.10457e-17 6.50583 -0.443523 -1.93211 2.06796 -0.569729 -1.97295e-17 7.60548 -1.50593 -0.916028 2.1134 -0.328566 -2.53307e-17 9.49737 -0.914492 0.167879 2.20966 -0.778055 -2.90401e-17 10.5513 1.57691 0.0104468 0.786944 -0.0668217 -1.29193e-17 4.78644 0.715339 0.349158 -3.03518 0.535149 -1.8116e-17 4.82109 0.421791 1.42721 -4.23904 0.0117004 -2.00958e-17 4.83041 0.765062 4.73354 -1.65895 -0.310331 1.23299 -7.60731 7.53374 1.33724 3.27681 1.29962 12.9547 3.2495 -3.26872 -83.7571 15.4115 -0.654182 29.2081 0.0598081 0.137039 1.36938 -0.0720696 -6.61378 24.234 0.0496219 0.113701 1.53 -16.4609 -1.67278 -1.23299 -7.60729 7.53365 6.48076 3.66069 1.87216 -12.9547 3.2495 -3.26872 85.9818 6.55198 3.95619 -29.2081 0.0598081 0.137039 -2.03975 -0.165504 9.8748 -24.234 0.0496218 0.113702 1.39068 -8.42989 4.59533 9.23673 -4.20556 2.0327 -9.24333 -6.25668 -20.0744 -0.852353 -38.7721 -0.655187 -1.91311 7.13154 -0.00541444 -2.32622 -40.4017 -6.04875 -3.01515 1.42518 15.5457 0.779096 -9.8844 12.4959 2.48481e-17 -7.95139e-16 1.2424e-17 -9.23673 -4.20556 2.0327 -13.1356 -12.1745 4.99545 0.852353 -38.7721 -0.655187 4.74689 17.3341 -0.418793 2.32622 -40.4017 -6.04875 -0.53074 -7.51413 -15.6093 -0.779096 -9.8844 12.4959 -5.96354e-16 -5.59082e-16 -1.27471e-14 
-6.77894 92.3383 72.4191 -0.0655224 8.67521 107.193 0 5.07867 -1.15138 -5.4268 0.659731 0.291372 0 5.61661 1.07143 -4.26305 1.00625 -0.545388 -1.02604e-17 5.98978 0.11501 -3.10885 1.7251 -0.489646 -1.10457e-17 6.50583 -0.443523 -1.99219 2.30035 -0.488479 -1.97295e-17 7.60548 -1.50593 -0.937371 2.38028 -0.237388 -2.53307e-17 9.49737 -0.914492 0.21178 2.52774 -0.678091 -2.90401e-17 10.5513 1.57691 0.0103563 0.76499 -0.0557513 -1.29193e-17 4.78644 0.715339 0.273499 -2.69265 0.0432622 -1.8116e-17 4.82109 0.421791 1.61073 -4.68328 -0.210477 -2.00958e-17 4.83041 0.765062 4.85572 -2.27476 -0.311134 1.23299 -7.60731 7.53374 1.79457 3.02928 1.29881 12.9547 3.2495 -3.26872 -83.168 16.1066 -1.94547 29.2081 0.0598081 0.137039 1.48598 -0.08556 -7.17943 24.234 0.0496219 0.113701 1.66318 -16.5388 -1.09426 -1.23299 -7.60729 7.53365 6.63289 3.51476 1.84962 -12.9547 3.2495 -3.26872 86.2685 6.53409 4.59933 -29.2081 0.0598081 0.137039 -2.04006 -0.165558 9.87634 -24.234 0.0496218 0.113702 1.47899 -8.38045 4.49477 9.23673 -4.20556 2.0327 -8.80301 -5.0925 -19.7005 -0.852353 -38.7721 -0.655187 -1.82669 6.81125 -0.0103139 -2.32622 -40.4017 -6.04875 -3.08873 1.65116 15.5683 0.779096 -9.8844 12.4959 -7.50764e-16 -8.31496e-16 4.87809e-17 -9.23673 -4.20556 2.0327 -12.5226 -11.9363 6.37125 0.852353 -38.7721 -0.655187 5.19409 18.8693 -0.530895 2.32622 -40.4017 -6.04875 -0.699305 -7.85681 -15.65 -0.779096 -9.8844 12.4959 -5.96354e-16 -5.59082e-16 -1.27471e-14 
-7.16008 92.4003 72.6731 0.675774 8.84047 107.086 0 5.07867 -1.15138 -5.59675 0.684991 0.361181 0 5.61661 1.07143 -4.39534 1.06082 -0.486849 -1.02604e-17 5.98978 0.11501 -3.2112 1.86163 -0.432486 -1.10457e-17 6.50583 -0.443523 -2.06448 2.5573 -0.430842 -1.97295e-17 7.60548 -1.50593 -0.971679 2.6766 -0.166541 -2.53307e-17 9.49737 -0.914492 0.24247 2.89175 -0.597025 -2.90401e-17 10.5513 1.57691 0.0120815 0.739172 -0.049979 -1.29193e-17 4.78644 0.715339 0.222246 -2.17752 -0.369785 -1.8116e-17 4.82109 0.421791 1.76432 -5.14621 -0.398138 -2.00958e-17 4.83041 0.765062 4.93139 -3.13906 -0.361948 1.23299 -7.60731 7.53374 2.14525 2.77425 1.20992 12.9547 3.2495 -3.26872 -82.3018 16.8751 -3.48283 29.2081 0.0598081 0.137039 1.56603 -0.0954992 -7.56819 24.234 0.0496219 0.113701 1.73987 -16.8751 -0.694217 -1.23299 -7.60729 7.53365 6.72475 3.31317 1.882 -12.9547 3.2495 -3.26872 86.4317 6.71626 5.34634 -29.2081 0.0598081 0.137039 -2.02339 -0.162757 9.79491 -24.234 0.0496218 0.113702 1.68833 -8.69132 4.66669 9.23673 -4.20556 2.0327 -8.5981 -4.13534 -19.4702 -0.852353 -38.7721 -0.655187 -1.74011 6.4901 -0.014735 -2.32622 -40.4017 -6.04875 -3.2721 1.99418 15.6036 0.779096 -9.8844 12.4959 7.80934e-16 -7.59697e-16 -2.30175e-17 -9.23673 -4.20556 2.0327 -12.2366 -11.3149 6.79718 0.852353 -38.7721 -0.655187 5.29497 19.212 -0.557808 2.32622 -40.4017 -6.04875 -0.707578 -8.35147 -15.6873 -0.779096 -9.8844 12.4959 -5.96354e-16 -5.59082e-16 -1.27471e-14 
-7.55926 92.3863 72.867 1.20574 9.06118 107.155 0 5.07867 -1.15138 -5.79806 0.73152 0.406384 0 5.61661 1.07143 -4.55366 1.12318 -0.456269 -1.02604e-17 5.98978 0.11501 -3.33278 1.98942 -0.402015 -1.10457e-17 6.50583 -0.443523 -2.14894 2.77687 -0.40002 -1.97295e-17 7.60548 -1.50593 -1.01763 2.92421 -0.120063 -2.53307e-17 9.49737 -0.914492 0.258148 3.19502 -0.541192 -2.90401e-17 10.5513 1.57691 0.01488 0.719392 -0.0501531 -1.29193e-17 4.78644 0.715339 0.187998 -1.58046 -0.765383 -1.8116e-17 4.82109 0.421791 1.9006 -5.56418 -0.579435 -2.00958e-17 4.83041 0.765062 5.02358 -3.94035 -0.410591 1.23299 -7.60731 7.53374 2.44467 2.54798 1.09532 12.9547 3.2495 -3.26872 -81.25 17.6972 -5.07847 29.2081 0.0598081 0.137039 1.62109 -0.102656 -7.83576 24.234 0.0496219 0.113701 1.80432 -17.3984 -0.393553 -1.23299 -7.60729 7.53365 6.66375 3.07103 1.8935 -12.9547 3.2495 -3.26872 86.7203 7.14236 5.97251 -29.2081 0.0598081 0.137039 -2.03696 -0.165036 9.86121 -24.234 0.0496218 0.113702 1.92343 -9.20565 4.8498 9.23673 -4.20556 2.0327 -8.57572 -3.41492 -19.4326 -0.852353 -38.7721 -0.655187 -1.68614 6.28972 -0.0172447 -2.32622 -40.4017 -6.04875 -3.3277 2.06714 15.6197 0.779096 -9.8844 12.4959 4.32181e-16 -7.82104e-16 -6.10198e-19 -9.23673 -4.20556 2.0327 -12.3193 -10.5939 6.58986 0.852353 -38.7721 -0.655187 5.02509 18.2921 -0.487144 2.32622 -40.4017 -6.04875 -0.411448 -7.9419 -15.7022 -0.779096 -9.8844 12.4959 -5.96354e-16 -5.59082e-16 -1.27471e-14 
-7.90739 92.3255 72.9498 1.66506 9.30135 107.378 0 5.07867 -1.15138 -5.9641 0.790922 0.422586 0 5.61661 1.07143 -4.68344 1.18335 -0.452131 -1.02604e-17 5.98978 0.11501 -3.43301 2.09137 -0.397511 -1.10457e-17 6.50583 -0.443523 -2.2174 2.93512 -0.395081 -1.97295e-17 7.60548 -1.50593 -1.05812 3.1003 -0.1023 -2.53307e-17 9.49737 -0.914492 0.261784 3.41428 -0.515847 -2.90401e-17 10.5513 1.57691 0.0157512 0.711638 -0.0509489 -1.29193e-17 4.78644 0.715339 0.155137 -1.15186 -1.15374 -1.8116e-17 4.82109 0.421791 1.96077 -5.75925 -0.7613 -2.00958e-17 4.83041 0.765062 5.07138 -4.36424 -0.455928 1.23299 -7.60731 7.53374 2.57291 2.39897 0.919404 12.9547 3.2495 -3.26872 -80.2133 18.3505 -6.48869 29.2081 0.0598081 0.137039 1.67975 -0.110568 -8.121 24.234 0.0496219 0.113701 1.93258 -17.8989 -0.105324 -1.23299 -7.60729 7.53365 6.59549 2.87418 1.97989 -12.9547 3.2495 -3.26872 86.868 7.59663 6.39642 -29.2081 0.0598081 0.137039 -2.10414 -0.176556 10.1896 -24.234 0.0496218 0.113702 2.16554 -9.75509 4.79987 9.23673 -4.20556 2.0327 -8.6549 -2.75262 -19.5574 -0.852353 -38.7721 -0.655187 -1.65237 6.16431 -0.0187183 -2.32622 -40.4017 -6.04875 -3.33655 1.95275 15.6259 0.779096 -9.8844 12.4959 1.58584e-15 -7.34239e-16 -4.84758e-17 -9.23673 -4.20556 2.0327 -12.5441 -9.67858 5.92015 0.852353 -38.7721 -0.655187 4.72589 17.2614 -0.41382 2.32622 -40.4017 -6.04875 -0.168217 -7.82048 -15.7078 -0.779096 -9.8844 12.4959 -5.96354e-16 -5.59082e-16 -1.27471e-14 
-8.24548 92.2301 72.908 2.04292 9.42998 107.613 0 5.07867 -1.15138 -6.02169 0.812666 0.413418 0 5.61661 1.07143 -4.72542 1.20661 -0.462613 -1.02604e-17 5.98978 0.11501 -3.46701 2.1435 -0.407366 -1.10457e-17 6.50583 -0.443523 -2.24005 3.02932 -0.404094 -1.97295e-17 7.60548 -1.50593 -1.07553 3.20996 -0.106768 -2.53307e-17 9.49737 -0.914492 0.256537 3.5545 -0.512511 -2.90401e-17 10.5513 1.57691 0.014283 0.712524 -0.0500487 -1.29193e-17 4.78644 0.715339 0.129631 -0.823392 -1.47726 -1.8116e-17 4.82109 0.421791 1.93061 -5.73829 -0.914648 -2.00958e-17 4.83041 0.765062 4.97614 -4.55461 -0.51044 1.23299 -7.60731 7.53374 2.50099 2.29437 0.687646 12.9547 3.2495 -3.26872 -79.282 18.8144 -7.62589 29.2081 0.0598081 0.137039 1.73637 -0.118487 -8.39649 24.234 0.0496219 0.113701 2.05094 -18.4209 0.0781169 -1.23299 -7.60729 7.53365 6.50602 2.71331 2.12011 -12.9547 3.2495 -3.26872 86.7514 8.09146 6.66934 -29.2081 0.0598081 0.137039 -2.19779 -0.193278 10.6479 -24.234 0.0496218 0.113702 2.40053 -10.2925 4.50879 9.23673 -4.20556 2.0327 -8.65709 -2.07337 -19.6771 -0.852353 -38.7721 -0.655187 -1.59606 5.95505 -0.021011 -2.32622 -40.4017 -6.04875 -3.25377 1.57756 15.6201 0.779096 -9.8844 12.4959 6.39192e-17 -7.93612e-16 1.08978e-17 -9.23673 -4.20556 2.0327 -12.7654 -8.68999 4.83484 0.852353 -38.7721 -0.655187 4.39774 16.1186 -0.339559 2.32622 -40.4017 -6.04875 -0.101778 -8.00139 -15.6902 -0.779096 -9.8844 12.4959 -5.96354e-16 -5.59082e-16 -1.27471e-14 
-8.51128 92.0743 72.8752 2.33831 9.55662 107.634 0 5.07867 -1.15138 -6.03045 0.820041 0.414793 0 5.61661 1.07143 -4.73586 1.20889 -0.458006 -1.02604e-17 5.98978 0.11501 -3.48022 2.15404 -0.402671 -1.10457e-17 6.50583 -0.443523 -2.25411 3.05085 -0.399735 -1.97295e-17 7.60548 -1.50593 -1.09064 3.23171 -0.0999724 -2.53307e-17 9.49737 -0.914492 0.243536 3.58053 -0.494537 -2.90401e-17 10.5513 1.57691 0.012561 0.720533 -0.0503545 -1.29193e-17 4.78644 0.715339 0.123362 -0.444544 -1.67676 -1.8116e-17 4.82109 0.421791 1.84639 -5.64395 -1.00937 -2.00958e-17 4.83041 0.765062 4.79019 -4.67734 -0.59701 1.23299 -7.60731 7.53374 2.38497 2.22947 0.475034 12.9547 3.2495 -3.26872 -78.5155 19.1861 -8.40712 29.2081 0.0598081 0.137039 1.79195 -0.12653 -8.66708 24.234 0.0496219 0.113701 2.10143 -19.0328 0.0333145 -1.23299 -7.60729 7.53365 6.30144 2.58867 2.18359 -12.9547 3.2495 -3.26872 86.6436 8.7176 6.74592 -29.2081 0.0598081 0.137039 -2.28818 -0.210152 11.0908 -24.234 0.0496218 0.113702 2.55513 -10.7633 4.14319 9.23673 -4.20556 2.0327 -8.67239 -1.51867 -19.6901 -0.852353 -38.7721 -0.655187 -1.56653 5.84531 -0.0221304 -2.32622 -40.4017 -6.04875 -3.01363 0.945609 15.5955 0.779096 -9.8844 12.4959 -3.62953e-16 -8.07257e-16 2.45428e-17 -9.23673 -4.20556 2.0327 -12.9923 -7.81639 3.97924 0.852353 -38.7721 -0.655187 4.07397 14.979 -0.272685 2.32622 -40.4017 -6.04875 -0.129392 -8.31746 -15.6622 -0.779096 -9.8844 12.4959 -5.96354e-16 -5.59082e-16 -1.27471e-14 
-8.7424 91.8632 72.9163 2.4971 9.81156 107.176 0 5.07867 -1.15138 -6.06856 0.872153 0.459131 0 5.61661 1.07143 -4.7828 1.22785 -0.414728 -1.02604e-17 5.98978 0.11501 -3.52451 2.14157 -0.359735 -1.10457e-17 6.50583 -0.443523 -2.29774 2.98662 -0.358383 -1.97295e-17 7.60548 -1.50593 -1.12102 3.12988 -0.0514871 -2.53307e-17 9.49737 -0.914492 0.231203 3.44244 -0.431087 -2.90401e-17 10.5513 1.57691 0.0114313 0.736411 -0.0508838 -1.29193e-17 4.78644 0.715339 0.118356 -0.0449187 -1.78847 -1.8116e-17 4.82109 0.421791 1.7579 -5.54048 -1.06293 -2.00958e-17 4.83041 0.765062 4.57718 -4.79889 -0.586308 1.23299 -7.60731 7.53374 2.36759 2.21772 0.333263 12.9547 3.2495 -3.26872 -78.0211 19.482 -8.77159 29.2081 0.0598081 0.137039 1.86421 -0.137389 -9.01917 24.234 0.0496219 0.113701 2.07 -19.7846 -0.323818 -1.23299 -7.60729 7.53365 6.0008 2.54274 2.15896 -12.9547 3.2495 -3.26872 86.6994 9.42285 6.74527 -29.2081 0.0598081 0.137039 -2.35675 -0.223434 11.4273 -24.234 0.0496218 0.113702 2.57023 -11.0495 3.802 9.23673 -4.20556 2.0327 -8.79267 -1.13809 -19.2343 -0.852353 -38.7721 -0.655187 -1.5584 5.81505 -0.022429 -2.32622 -40.4017 -6.04875 -2.75107 0.156141 15.5754 0.779096 -9.8844 12.4959 -7.60523e-16 -8.318e-16 4.90857e-17 -9.23673 -4.20556 2.0327 -13.4382 -7.36239 3.61433 0.852353 -38.7721 -0.655187 3.82728 14.1032 -0.22605 2.32622 -40.4017 -6.04875 -0.0397343 -8.40884 -15.6469 -0.779096 -9.8844 12.4959 -2.08553e-16 -5.83319e-16 -1.27592e-14 
-8.92147 91.6648 73.0838 2.76286 10.2489 106.437 0 5.07867 -1.15138 -6.1713 0.970841 0.552708 0 5.61661 1.07143 -4.89117 1.2735 -0.329626 -1.02604e-17 5.98978 0.11501 -3.62005 2.13716 -0.276371 -1.10457e-17 6.50583 -0.443523 -2.38462 2.89944 -0.277472 -1.97295e-17 7.60548 -1.50593 -1.17601 2.98674 0.0442278 -2.53307e-17 9.49737 -0.914492 0.220898 3.24294 -0.316464 -2.90401e-17 10.5513 1.57691 0.0116182 0.758023 -0.0485817 -1.29193e-17 4.78644 0.715339 0.0998598 0.328061 -1.84999 -1.8116e-17 4.82109 0.421791 1.67271 -5.4696 -1.09452 -2.00958e-17 4.83041 0.765062 4.47958 -4.8573 -0.607692 1.23299 -7.60731 7.53374 2.42983 2.23296 0.226227 12.9547 3.2495 -3.26872 -77.6197 19.7548 -8.98677 29.2081 0.0598081 0.137039 1.9671 -0.153636 -9.52106 24.234 0.0496219 0.113701 2.0155 -20.5353 -0.624077 -1.23299 -7.60729 7.53365 5.78 2.55842 2.11158 -12.9547 3.2495 -3.26872 86.8719 9.93247 6.77137 -29.2081 0.0598081 0.137039 -2.40159 -0.232347 11.6475 -24.234 0.0496218 0.113702 2.49743 -11.2263 3.40451 9.23673 -4.20556 2.0327 -9.00763 -0.71696 -18.6137 -0.852353 -38.7721 -0.655187 -1.57051 5.86009 -0.0219829 -2.32622 -40.4017 -6.04875 -2.58201 -0.450002 15.5785 0.779096 -9.8844 12.4959 -1.15809e-15 -8.4453e-16 6.1815e-17 -9.23673 -4.20556 2.0327 -14.0186 -7.15129 3.56921 0.852353 -38.7721 -0.655187 3.71874 13.7159 -0.206725 2.32622 -40.4017 -6.04875 0.0335132 -8.58005 -15.6406 -0.779096 -9.8844 12.4959 -1.98785e-16 -5.8393e-16 -1.27595e-14 
-9.07842 91.5159 73.3251 3.24208 10.7363 105.491 0 5.07867 -1.15138 -6.29731 1.09563 0.684308 0 5.61661 1.07143 -5.01875 1.34338 -0.210709 -1.02604e-17 5.98978 0.11501 -3.73225 2.16255 -0.160973 -1.10457e-17 6.50583 -0.443523 -2.4867 2.84899 -0.164847 -1.97295e-17 7.60548 -1.50593 -1.23759 2.8809 0.174756 -2.53307e-17 9.49737 -0.914492 0.220672 3.07995 -0.164534 -2.90401e-17 10.5513 1.57691 0.0120859 0.776428 -0.0416346 -1.29193e-17 4.78644 0.715339 0.0685262 0.628853 -1.91435 -1.8116e-17 4.82109 0.421791 1.63909 -5.45317 -1.12707 -2.00958e-17 4.83041 0.765062 4.44432 -4.92509 -0.59067 1.23299 -7.60731 7.53374 2.53235 2.22794 0.134033 12.9547 3.2495 -3.26872 -77.2751 19.936 -9.22919 29.2081 0.0598081 0.137039 2.09716 -0.1755 -10.1565 24.234 0.0496219 0.113701 1.95994 -21.1915 -0.775039 -1.23299 -7.60729 7.53365 5.71 2.61124 2.0789 -12.9547 3.2495 -3.26872 87.0094 10.2446 6.93432 -29.2081 0.0598081 0.137039 -2.41126 -0.234294 11.695 -24.234 0.0496218 0.113702 2.38587 -11.4065 3.07398 9.23673 -4.20556 2.0327 -9.18235 -0.15124 -17.8212 -0.852353 -38.7721 -0.655187 -1.58315 5.90707 -0.0215074 -2.32622 -40.4017 -6.04875 -2.51779 -0.726262 15.5943 0.779096 -9.8844 12.4959 -4.45563e-18 -7.9636e-16 1.3645e-17 -9.23673 -4.20556 2.0327 -14.3832 -7.16305 3.7665 0.852353 -38.7721 -0.655187 3.78068 13.9371 -0.217664 2.32622 -40.4017 -6.04875 -0.126814 -9.29729 -15.615 -0.779096 -9.8844 12.4959 -1.98785e-16 -5.8393e-16 -1.27595e-14 
-9.18446 91.4166 73.5999 3.62248 11.0506 104.458 0 5.07867 -1.15138 -6.39747 1.08733 0.813695 0 5.61661 1.07143 -5.12196 1.33458 -0.0903459 -1.02604e-17 5.98978 0.11501 -3.82358 2.16483 -0.0445418 -1.10457e-17 6.50583 -0.443523 -2.57199 2.86609 -0.0500462 -1.97295e-17 7.60548 -1.50593 -1.28828 2.8976 0.305215 -2.53307e-17 9.49737 -0.914492 0.225717 3.07322 -0.0141144 -2.90401e-17 10.5513 1.57691 0.0124258 0.777609 -0.0333067 -1.29193e-17 4.78644 0.715339 0.0400452 0.870052 -1.88063 -1.8116e-17 4.82109 0.421791 1.61584 -5.54643 -1.11471 -2.00958e-17 4.83041 0.765062 4.46346 -5.18921 -0.606797 1.23299 -7.60731 7.53374 2.683 2.12292 0.123137 12.9547 3.2495 -3.26872 -77.0257 20.0062 -9.57402 29.2081 0.0598081 0.137039 2.24272 -0.201733 -10.869 24.234 0.0496219 0.113701 1.89249 -21.7442 -0.866263 -1.23299 -7.60729 7.53365 5.75532 2.61357 2.01912 -12.9547 3.2495 -3.26872 87.0907 10.3928 7.3038 -29.2081 0.0598081 0.137039 -2.3884 -0.22971 11.5827 -24.234 0.0496218 0.113702 2.25379 -11.4869 2.945 9.23673 -4.20556 2.0327 -9.21923 0.279709 -16.9644 -0.852353 -38.7721 -0.655187 -1.58594 5.91743 -0.0214011 -2.32622 -40.4017 -6.04875 -2.45578 -0.952364 15.6131 0.779096 -9.8844 12.4959 4.1265e-16 -7.8302e-16 3.05247e-19 -9.23673 -4.20556 2.0327 -14.5816 -7.64126 4.31811 0.852353 -38.7721 -0.655187 3.95368 14.5527 -0.249475 2.32622 -40.4017 -6.04875 -0.153797 -9.34921 -15.5852 -0.779096 -9.8844 12.4959 -1.98785e-16 -5.8393e-16 -1.27595e-14 
-9.26592 91.3514 73.8723 4.068 11.2156 103.433 0 5.07867 -1.15138 -6.43667 1.03085 0.917584 0 5.61661 1.07143 -5.17047 1.29931 0.010477 -1.02604e-17 5.98978 0.11501 -3.87089 2.1578 0.0526387 -1.10457e-17 6.50583 -0.443523 -2.62285 2.90634 0.0462289 -1.97295e-17 7.60548 -1.50593 -1.31914 2.95736 0.411172 -2.53307e-17 9.49737 -0.914492 0.231617 3.12149 0.109271 -2.90401e-17 10.5513 1.57691 0.0113131 0.771235 -0.0238532 -1.29193e-17 4.78644 0.715339 0.00852162 0.966779 -1.83287 -1.8116e-17 4.82109 0.421791 1.58323 -5.62294 -1.09458 -2.00958e-17 4.83041 0.765062 4.49649 -5.37693 -0.560337 1.23299 -7.60731 7.53374 2.72711 2.00284 0.118997 12.9547 3.2495 -3.26872 -76.8126 19.9835 -9.89268 29.2081 0.0598081 0.137039 2.38418 -0.229023 -11.563 24.234 0.0496219 0.113701 1.8067 -22.1918 -0.889395 -1.23299 -7.60729 7.53365 5.8748 2.61263 1.99095 -12.9547 3.2495 -3.26872 87.0149 10.4241 7.71755 -29.2081 0.0598081 0.137039 -2.36556 -0.225175 11.4706 -24.234 0.0496218 0.113702 2.18041 -11.546 2.86036 9.23673 -4.20556 2.0327 -9.11951 0.733752 -16.135 -0.852353 -38.7721 -0.655187 -1.58208 5.9031 -0.021548 -2.32622 -40.4017 -6.04875 -2.37306 -1.12279 15.6253 0.779096 -9.8844 12.4959 4.22417e-16 -7.82715e-16 2.88531e-33 -9.23673 -4.20556 2.0327 -14.5544 -8.19785 5.14579 0.852353 -38.7721 -0.655187 4.1714 15.3231 -0.292136 2.32622 -40.4017 -6.04875 -0.166085 -9.20187 -15.5608 -0.779096 -9.8844 12.4959 -9.74388e-16 -5.47574e-16 -1.27231e-14 
-9.29101 91.3087 74.1099 4.65742 11.2609 102.338 0 5.07867 -1.15138 -6.39405 0.94216 0.99803 0 5.61661 1.07143 -5.14798 1.24564 0.0953414 -1.02604e-17 5.98978 0.11501 -3.86356 2.14133 0.133872 -1.10457e-17 6.50583 -0.443523 -2.63423 2.95389 0.126861 -1.97295e-17 7.60548 -1.50593 -1.32961 3.0359 0.494947 -2.53307e-17 9.49737 -0.914492 0.233565 3.19659 0.210211 -2.90401e-17 10.5513 1.57691 0.00772998 0.761492 -0.0144104 -1.29193e-17 4.78644 0.715339 -0.0166361 0.976048 -1.7333 -1.8116e-17 4.82109 0.421791 1.51118 -5.6327 -1.04856 -2.00958e-17 4.83041 0.765062 4.48431 -5.45843 -0.468638 1.23299 -7.60731 7.53374 2.64779 1.88579 0.0856911 12.9547 3.2495 -3.26872 -76.677 19.8731 -10.1079 29.2081 0.0598081 0.137039 2.51068 -0.254939 -12.185 24.234 0.0496219 0.113701 1.67426 -22.5383 -0.828586 -1.23299 -7.60729 7.53365 6.01162 2.61525 1.98034 -12.9547 3.2495 -3.26872 86.7842 10.5915 8.04385 -29.2081 0.0598081 0.137039 -2.35143 -0.222394 11.4012 -24.234 0.0496218 0.113702 2.11333 -11.7058 2.82721 9.23673 -4.20556 2.0327 -8.90221 1.34459 -15.2397 -0.852353 -38.7721 -0.655187 -1.56613 5.84381 -0.0221452 -2.32622 -40.4017 -6.04875 -2.2865 -1.28605 15.6324 0.779096 -9.8844 12.4959 -3.53185e-16 -8.06952e-16 2.42376e-17 -9.23673 -4.20556 2.0327 -14.3144 -8.52229 6.04761 0.852353 -38.7721 -0.655187 4.34514 15.9342 -0.328258 2.32622 -40.4017 -6.04875 -0.17911 -8.9378 -15.5383 -0.779096 -9.8844 12.4959 -6.06122e-16 -5.58777e-16 -1.27465e-14 
-9.25493 91.2427 74.2919 5.17682 11.1641 101.232 0 5.07867 -1.15138 -6.28506 0.759241 1.04499 0 5.61661 1.07143 -5.06782 1.12672 0.154515 -1.02604e-17 5.98978 0.11501 -3.80911 2.08217 0.190644 -1.10457e-17 6.50583 -0.443523 -2.60761 2.99757 0.183764 -1.97295e-17 7.60548 -1.50593 -1.31759 3.13732 0.548172 -2.53307e-17 9.49737 -0.914492 0.235297 3.31051 0.276147 -2.90401e-17 10.5513 1.57691 0.00337514 0.746484 -0.00802356 -1.29193e-17 4.78644 0.715339 -0.013053 1.03798 -1.53446 -1.8116e-17 4.82109 0.421791 1.44124 -5.63527 -0.954833 -2.00958e-17 4.83041 0.765062 4.39299 -5.56402 -0.400159 1.23299 -7.60731 7.53374 2.57833 1.73267 0.0932737 12.9547 3.2495 -3.26872 -76.7145 19.8081 -10.1915 29.2081 0.0598081 0.137039 2.61566 -0.277533 -12.7021 24.234 0.0496219 0.113701 1.48961 -22.7806 -0.725446 -1.23299 -7.60729 7.53365 6.04065 2.5574 1.92269 -12.9547 3.2495 -3.26872 86.5371 10.974 8.27168 -29.2081 0.0598081 0.137039 -2.34569 -0.221269 11.373 -24.234 0.0496218 0.113702 2.04733 -11.9231 2.83878 9.23673 -4.20556 2.0327 -8.6043 1.97414 -14.3142 -0.852353 -38.7721 -0.655187 -1.52448 5.68893 -0.0236268 -2.32622 -40.4017 -6.04875 -2.14406 -1.64542 15.6338 0.779096 -9.8844 12.4959 1.50802e-17 -7.95444e-16 1.27293e-17 -9.23673 -4.20556 2.0327 -13.9267 -8.6892 6.839 0.852353 -38.7721 -0.655187 4.44057 16.2684 -0.348883 2.32622 -40.4017 -6.04875 -0.26391 -8.82603 -15.5144 -0.779096 -9.8844 12.4959 -5.96354e-16 -5.59082e-16 -1.27471e-14 
-9.21457 91.1484 74.4417 5.67947 11.0157 100.169 0 5.07867 -1.15138 -6.15039 0.64562 1.06435 0 5.61661 1.07143 -4.96455 1.04634 0.189459 -1.02604e-17 5.98978 0.11501 -3.73461 2.02317 0.224989 -1.10457e-17 6.50583 -0.443523 -2.56302 2.9813 0.218443 -1.97295e-17 7.60548 -1.50593 -1.29261 3.14417 0.574959 -2.53307e-17 9.49737 -0.914492 0.238711 3.30763 0.309648 -2.90401e-17 10.5513 1.57691 -0.000293924 0.741821 -0.00381311 -1.29193e-17 4.78644 0.715339 0.0108309 1.10905 -1.32634 -1.8116e-17 4.82109 0.421791 1.40187 -5.6135 -0.853899 -2.00958e-17 4.83041 0.765062 4.27588 -5.55998 -0.334881 1.23299 -7.60731 7.53374 2.5271 1.65486 0.0802932 12.9547 3.2495 -3.26872 -76.8408 19.9518 -10.1248 29.2081 0.0598081 0.137039 2.69319 -0.294857 -13.0847 24.234 0.0496219 0.113701 1.28087 -23.0055 -0.596326 -1.23299 -7.60729 7.53365 5.94478 2.52572 1.85897 -12.9547 3.2495 -3.26872 86.3365 11.525 8.30346 -29.2081 0.0598081 0.137039 -2.36297 -0.224668 11.4579 -24.234 0.0496218 0.113702 2.00388 -12.2659 2.88729 9.23673 -4.20556 2.0327 -8.29755 2.63176 -13.44 -0.852353 -38.7721 -0.655187 -1.46816 5.4794 -0.0254506 -2.32622 -40.4017 -6.04875 -1.92954 -2.12581 15.6239 0.779096 -9.8844 12.4959 4.1265e-16 -7.8302e-16 3.05247e-19 -9.23673 -4.20556 2.0327 -13.4878 -8.72768 7.51313 0.852353 -38.7721 -0.655187 4.49181 16.4474 -0.360183 2.32622 -40.4017 -6.04875 -0.394554 -8.85839 -15.4897 -0.779096 -9.8844 12.4959 -1.75976e-15 -5.10607e-16 -1.26986e-14 
-9.17414 91.0641 74.5427 6.12808 10.9182 99.2808 0 5.07867 -1.15138 -6.04245 0.596582 1.05821 0 5.61661 1.07143 -4.87859 1.00542 0.196114 -1.02604e-17 5.98978 0.11501 -3.66963 1.97625 0.232818 -1.10457e-17 6.50583 -0.443523 -2.51965 2.93098 0.22705 -1.97295e-17 7.60548 -1.50593 -1.26523 3.09243 0.575236 -2.53307e-17 9.49737 -0.914492 0.244156 3.23689 0.31031 -2.90401e-17 10.5513 1.57691 -0.00335451 0.745453 -0.00115727 -1.29193e-17 4.78644 0.715339 0.0451978 1.10067 -1.15554 -1.8116e-17 4.82109 0.421791 1.39383 -5.56918 -0.769934 -2.00958e-17 4.83041 0.765062 4.20232 -5.44129 -0.30869 1.23299 -7.60731 7.53374 2.50392 1.6581 0.0278357 12.9547 3.2495 -3.26872 -76.9737 20.3104 -10.0844 29.2081 0.0598081 0.137039 2.73694 -0.304874 -13.3008 24.234 0.0496219 0.113701 1.08277 -23.1469 -0.36698 -1.23299 -7.60729 7.53365 5.8288 2.53875 1.83796 -12.9547 3.2495 -3.26872 86.1677 12.1369 8.21982 -29.2081 0.0598081 0.137039 -2.39247 -0.230528 11.6028 -24.234 0.0496218 0.113702 1.93794 -12.7591 2.99729 9.23673 -4.20556 2.0327 -8.08934 3.24558 -12.7353 -0.852353 -38.7721 -0.655187 -1.41042 5.26449 -0.0271056 -2.32622 -40.4017 -6.04875 -1.78435 -2.51489 15.6157 0.779096 -9.8844 12.4959 -7.40987e-16 -8.3119e-16 4.84752e-17 -9.23673 -4.20556 2.0327 -13.1361 -8.63792 8.06618 0.852353 -38.7721 -0.655187 4.50571 16.496 -0.363277 2.32622 -40.4017 -6.04875 -0.532271 -8.94672 -15.4723 -0.779096 -9.8844 12.4959 -1.01346e-15 -5.45742e-16 -1.27216e-14 
-9.11781 90.9682 74.5856 6.41481 10.842 98.669 0 5.07867 -1.15138 -5.9789 0.513113 1.0222 0 5.61661 1.07143 -4.82372 0.937147 0.168535 -1.02604e-17 5.98978 0.11501 -3.623 1.90681 0.208302 -1.10457e-17 6.50583 -0.443523 -2.48107 2.8629 0.203826 -1.97295e-17 7.60548 -1.50593 -1.23679 3.03106 0.543743 -2.53307e-17 9.49737 -0.914492 0.252093 3.16681 0.272258 -2.90401e-17 10.5513 1.57691 -0.00540937 0.750606 -0.000889121 -1.29193e-17 4.78644 0.715339 0.0911056 1.04074 -1.03602 -1.8116e-17 4.82109 0.421791 1.42319 -5.47792 -0.710577 -2.00958e-17 4.83041 0.765062 4.21927 -5.27496 -0.324773 1.23299 -7.60731 7.53374 2.56044 1.69596 -0.0239131 12.9547 3.2495 -3.26872 -77.076 20.8828 -10.1328 29.2081 0.0598081 0.137039 2.7305 -0.303389 -13.269 24.234 0.0496219 0.113701 0.885363 -23.1681 -0.0110402 -1.23299 -7.60729 7.53365 5.6993 2.55365 1.84708 -12.9547 3.2495 -3.26872 86.0459 12.7263 8.088 -29.2081 0.0598081 0.137039 -2.41852 -0.235767 11.7307 -24.234 0.0496218 0.113702 1.90059 -13.3842 3.10762 9.23673 -4.20556 2.0327 -7.95827 3.69822 -12.2999 -0.852353 -38.7721 -0.655187 -1.36552 5.09733 -0.0282421 -2.32622 -40.4017 -6.04875 -1.65407 -2.9492 15.6075 0.779096 -9.8844 12.4959 3.93114e-16 -7.83936e-16 1.22099e-18 -9.23673 -4.20556 2.0327 -12.878 -8.50238 8.45369 0.852353 -38.7721 -0.655187 4.49427 16.456 -0.360729 2.32622 -40.4017 -6.04875 -0.702963 -9.20194 -15.4664 -0.779096 -9.8844 12.4959 -1.38172e-15 -5.34539e-16 -1.27101e-14 
-9.03963 90.8531 74.5959 6.5472 10.686 98.1933 0 5.07867 -1.15138 -5.92967 0.390477 0.960684 0 5.61661 1.07143 -4.77691 0.83391 0.114305 -1.02604e-17 5.98978 0.11501 -3.57738 1.79729 0.158881 -1.10457e-17 6.50583 -0.443523 -2.4365 2.74454 0.156171 -1.97295e-17 7.60548 -1.50593 -1.20012 2.91818 0.485756 -2.53307e-17 9.49737 -0.914492 0.264605 3.04355 0.200878 -2.90401e-17 10.5513 1.57691 -0.00671437 0.759811 -0.00285031 -1.29193e-17 4.78644 0.715339 0.151787 0.891657 -0.943476 -1.8116e-17 4.82109 0.421791 1.47931 -5.2839 -0.663107 -2.00958e-17 4.83041 0.765062 4.31133 -4.97063 -0.318901 1.23299 -7.60731 7.53374 2.65642 1.79729 -0.095331 12.9547 3.2495 -3.26872 -77.2073 21.5838 -10.1231 29.2081 0.0598081 0.137039 2.66029 -0.28744 -12.9223 24.234 0.0496219 0.113701 0.732835 -23.1393 0.388779 -1.23299 -7.60729 7.53365 5.56531 2.60586 1.88922 -12.9547 3.2495 -3.26872 85.984 13.3494 7.87589 -29.2081 0.0598081 0.137039 -2.43758 -0.239638 11.8244 -24.234 0.0496218 0.113702 1.88774 -14.134 3.13829 9.23673 -4.20556 2.0327 -7.78425 3.99661 -11.9835 -0.852353 -38.7721 -0.655187 -1.33033 4.96625 -0.0290412 -2.32622 -40.4017 -6.04875 -1.47295 -3.5307 15.5976 0.779096 -9.8844 12.4959 8.10214e-16 -7.58477e-16 -2.42373e-17 -9.23673 -4.20556 2.0327 -12.5793 -8.38353 8.73638 0.852353 -38.7721 -0.655187 4.45889 16.3325 -0.352904 2.32622 -40.4017 -6.04875 -0.910721 -9.5895 -15.4647 -0.779096 -9.8844 12.4959 -2.94268e-15 -4.61522e-16 -1.26371e-14 
-8.96771 90.7406 74.5765 6.52998 10.5035 97.8174 0 5.07867 -1.15138 -5.88366 0.306085 0.874881 0 5.61661 1.07143 -4.7294 0.749229 0.0351142 -1.02604e-17 5.98978 0.11501 -3.52682 1.67649 0.0861414 -1.10457e-17 6.50583 -0.443523 -2.3831 2.56786 0.0855176 -1.97295e-17 7.60548 -1.50593 -1.15411 2.71986 0.402283 -2.53307e-17 9.49737 -0.914492 0.280779 2.81601 0.0964731 -2.90401e-17 10.5513 1.57691 -0.00734542 0.776847 -0.00641523 -1.29193e-17 4.78644 0.715339 0.227635 0.606233 -0.84551 -1.8116e-17 4.82109 0.421791 1.54682 -5.03691 -0.61311 -2.00958e-17 4.83041 0.765062 4.38026 -4.50198 -0.334612 1.23299 -7.60731 7.53374 2.73159 1.99895 -0.205246 12.9547 3.2495 -3.26872 -77.4595 22.3494 -10.0008 29.2081 0.0598081 0.137039 2.52637 -0.258251 -12.2622 24.234 0.0496219 0.113701 0.645822 -23.1215 0.674115 -1.23299 -7.60729 7.53365 5.42652 2.72532 1.97564 -12.9547 3.2495 -3.26872 85.9592 13.8628 7.61908 -29.2081 0.0598081 0.137039 -2.43764 -0.239651 11.8247 -24.234 0.0496218 0.113702 1.88004 -14.8571 3.16139 9.23673 -4.20556 2.0327 -7.61748 4.10642 -11.7912 -0.852353 -38.7721 -0.655187 -1.31043 4.89213 -0.0294573 -2.32622 -40.4017 -6.04875 -1.31634 -4.13419 15.5938 0.779096 -9.8844 12.4959 -3.43403e-16 -8.06341e-16 2.36265e-17 -9.23673 -4.20556 2.0327 -12.301 -8.36069 8.92717 0.852353 -38.7721 -0.655187 4.41856 16.1914 -0.344077 2.32622 -40.4017 -6.04875 -1.15707 -9.9899 -15.4658 -0.779096 -9.8844 12.4959 1.28399e-15 -6.41469e-16 -1.28291e-14 
-8.90693 90.6764 74.5547 6.52457 10.3463 97.4031 0 5.07867 -1.15138 -5.82706 0.28894 0.786964 0 5.61661 1.07143 -4.67026 0.713519 -0.0469546 -1.02604e-17 5.98978 0.11501 -3.46738 1.58681 0.0100024 -1.10457e-17 6.50583 -0.443523 -2.32382 2.39336 0.0107895 -1.97295e-17 7.60548 -1.50593 -1.10603 2.50196 0.314178 -2.53307e-17 9.49737 -0.914492 0.29452 2.55671 -0.0125096 -2.90401e-17 10.5513 1.57691 -0.00782757 0.793642 -0.0113136 -1.29193e-17 4.78644 0.715339 0.301019 0.237611 -0.783039 -1.8116e-17 4.82109 0.421791 1.59196 -4.80336 -0.579506 -2.00958e-17 4.83041 0.765062 4.41941 -4.00485 -0.278845 1.23299 -7.60731 7.53374 2.70742 2.25773 -0.387144 12.9547 3.2495 -3.26872 -77.7418 23.0331 -9.88644 29.2081 0.0598081 0.137039 2.33553 -0.219438 -11.3242 24.234 0.0496219 0.113701 0.573604 -23.2016 0.823102 -1.23299 -7.60729 7.53365 5.28951 2.88167 2.09429 -12.9547 3.2495 -3.26872 85.9015 14.1999 7.45099 -29.2081 0.0598081 0.137039 -2.39912 -0.231859 11.6354 -24.234 0.0496218 0.113702 1.89331 -15.4009 3.23701 9.23673 -4.20556 2.0327 -7.47397 4.19489 -11.5647 -0.852353 -38.7721 -0.655187 -1.29209 4.8238 -0.0298178 -2.32622 -40.4017 -6.04875 -1.2629 -4.5322 15.5981 0.779096 -9.8844 12.4959 1.50754e-17 -7.95444e-16 1.27294e-17 -9.23673 -4.20556 2.0327 -12.0463 -8.37404 9.15569 0.852353 -38.7721 -0.655187 4.38557 16.0759 -0.336929 2.32622 -40.4017 -6.04875 -1.33335 -10.1993 -15.4653 -0.779096 -9.8844 12.4959 -1.71088e-15 -5.12745e-16 -1.27007e-14 
-8.90355 90.656 74.5565 6.63636 10.2978 96.9384 0 5.07867 -1.15138 -5.81654 0.331702 0.719436 0 5.61661 1.07143 -4.64677 0.730401 -0.115789 -1.02604e-17 5.98978 0.11501 -3.43696 1.55311 -0.0545262 -1.10457e-17 6.50583 -0.443523 -2.28718 2.27658 -0.0535243 -1.97295e-17 7.60548 -1.50593 -1.07364 2.33444 0.241322 -2.53307e-17 9.49737 -0.914492 0.306203 2.34918 -0.102889 -2.90401e-17 10.5513 1.57691 -0.00708683 0.804074 -0.0187322 -1.29193e-17 4.78644 0.715339 0.370937 -0.128494 -0.737882 -1.8116e-17 4.82109 0.421791 1.66203 -4.67413 -0.552948 -2.00958e-17 4.83041 0.765062 4.49641 -3.60111 -0.21586 1.23299 -7.60731 7.53374 2.66748 2.52178 -0.629382 12.9547 3.2495 -3.26872 -77.8876 23.6452 -9.94939 29.2081 0.0598081 0.137039 2.10877 -0.177525 -10.2133 24.234 0.0496219 0.113701 0.450161 -23.5103 0.937141 -1.23299 -7.60729 7.53365 5.15439 3.02654 2.22576 -12.9547 3.2495 -3.26872 85.8853 14.4658 7.48496 -29.2081 0.0598081 0.137039 -2.31484 -0.215274 11.2217 -24.234 0.0496218 0.113702 1.89152 -15.8317 3.35256 9.23673 -4.20556 2.0327 -7.40827 4.36318 -11.3072 -0.852353 -38.7721 -0.655187 -1.26849 4.73584 -0.0302496 -2.32622 -40.4017 -6.04875 -1.34798 -4.67276 15.6096 0.779096 -9.8844 12.4959 2.48481e-17 -7.95139e-16 1.2424e-17 -9.23673 -4.20556 2.0327 -11.8758 -8.39047 9.46671 0.852353 -38.7721 -0.655187 4.37477 16.0381 -0.334603 2.32622 -40.4017 -6.04875 -1.4259 -10.2061 -15.4648 -0.779096 -9.8844 12.4959 -2.37875e-16 -5.82098e-16 -1.2758e-14 
-8.98575 90.6566 74.5663 6.83914 10.3583 96.4234 0 5.07867 -1.15138 -5.87783 0.437916 0.67839 0 5.61661 1.07143 -4.68067 0.799752 -0.168148 -1.02604e-17 5.98978 0.11501 -3.45177 1.57251 -0.104275 -1.10457e-17 6.50583 -0.443523 -2.28402 2.20827 -0.104215 -1.97295e-17 7.60548 -1.50593 -1.06093 2.20528 0.188355 -2.53307e-17 9.49737 -0.914492 0.319424 2.18043 -0.170757 -2.90401e-17 10.5513 1.57691 -0.00484281 0.809362 -0.0281947 -1.29193e-17 4.78644 0.715339 0.436498 -0.50928 -0.71679 -1.8116e-17 4.82109 0.421791 1.77273 -4.64259 -0.536949 -2.00958e-17 4.83041 0.765062 4.6492 -3.29277 -0.145253 1.23299 -7.60731 7.53374 2.66276 2.80216 -0.926377 12.9547 3.2495 -3.26872 -77.8685 24.2636 -10.1516 29.2081 0.0598081 0.137039 1.87599 -0.139206 -9.07661 24.234 0.0496219 0.113701 0.293023 -24.1808 1.03368 -1.23299 -7.60729 7.53365 5.03216 3.17652 2.39383 -12.9547 3.2495 -3.26872 85.9139 14.7328 7.74224 -29.2081 0.0598081 0.137039 -2.19647 -0.193045 10.6415 -24.234 0.0496218 0.113702 1.87993 -16.2164 3.45712 9.23673 -4.20556 2.0327 -7.4353 4.57556 -10.9605 -0.852353 -38.7721 -0.655187 -1.24584 4.65145 -0.0306297 -2.32622 -40.4017 -6.04875 -1.5247 -4.63152 15.6235 0.779096 -9.8844 12.4959 2.48481e-17 -7.95139e-16 1.2424e-17 -9.23673 -4.20556 2.0327 -11.8069 -8.41985 9.84913 0.852353 -38.7721 -0.655187 4.38794 16.0842 -0.33744 2.32622 -40.4017 -6.04875 -1.42087 -10.1203 -15.4627 -0.779096 -9.8844 12.4959 -9.74378e-16 -5.47574e-16 -1.27231e-14 
-9.00753 90.6635 74.5708 6.96531 10.4837 95.9259 0 5.07867 -1.15138 -5.98091 0.492406 0.64599 0 5.61661 1.07143 -4.74821 0.836608 -0.217938 -1.02604e-17 5.98978 0.11501 -3.49214 1.58299 -0.15252 -1.10457e-17 6.50583 -0.443523 -2.29869 2.16554 -0.153706 -1.97295e-17 7.60548 -1.50593 -1.05916 2.12336 0.139878 -2.53307e-17 9.49737 -0.914492 0.330918 2.07542 -0.233692 -2.90401e-17 10.5513 1.57691 -0.00249415 0.807818 -0.0389559 -1.29193e-17 4.78644 0.715339 0.497742 -0.940087 -0.696386 -1.8116e-17 4.82109 0.421791 1.85886 -4.62444 -0.524123 -2.00958e-17 4.83041 0.765062 4.85973 -3.03831 -0.0628326 1.23299 -7.60731 7.53374 2.66521 3.07209 -1.21964 12.9547 3.2495 -3.26872 -77.8046 24.8757 -10.2669 29.2081 0.0598081 0.137039 1.65643 -0.107391 -8.00759 24.234 0.0496219 0.113701 0.0754347 -25.1613 1.03989 -1.23299 -7.60729 7.53365 4.9544 3.31695 2.57648 -12.9547 3.2495 -3.26872 85.965 14.9999 8.07133 -29.2081 0.0598081 0.137039 -2.05814 -0.168637 9.9648 -24.234 0.0496218 0.113702 1.82185 -16.4996 3.50369 9.23673 -4.20556 2.0327 -7.55016 4.78555 -10.6136 -0.852353 -38.7721 -0.655187 -1.2016 4.48653 -0.0312757 -2.32622 -40.4017 -6.04875 -1.74171 -4.51981 15.6379 0.779096 -9.8844 12.4959 4.12645e-16 -7.8302e-16 3.05395e-19 -9.23673 -4.20556 2.0327 -11.834 -8.4597 10.2711 0.852353 -38.7721 -0.655187 4.3902 16.0921 -0.337928 2.32622 -40.4017 -6.04875 -1.40172 -10.099 -15.4625 -0.779096 -9.8844 12.4959 -6.06127e-16 -5.58776e-16 -1.27465e-14 
-9.01443 90.6537 74.5491 7.01111 10.5808 95.4974 0 5.07867 -1.15138 -6.07509 0.510676 0.614726 0 5.61661 1.07143 -4.81005 0.846534 -0.266371 -1.02604e-17 5.98978 0.11501 -3.52863 1.57443 -0.19986 -1.10457e-17 6.50583 -0.443523 -2.31102 2.11879 -0.202602 -1.97295e-17 7.60548 -1.50593 -1.05668 2.0468 0.0915321 -2.53307e-17 9.49737 -0.914492 0.341092 1.97978 -0.295934 -2.90401e-17 10.5513 1.57691 0.000111422 0.80407 -0.0494124 -1.29193e-17 4.78644 0.715339 0.553528 -1.4165 -0.686399 -1.8116e-17 4.82109 0.421791 1.91977 -4.60431 -0.517554 -2.00958e-17 4.83041 0.765062 5.05126 -2.76631 0.0168573 1.23299 -7.60731 7.53374 2.62866 3.34294 -1.49807 12.9547 3.2495 -3.26872 -77.759 25.4982 -10.1818 29.2081 0.0598081 0.137039 1.46012 -0.0824738 -7.05393 24.234 0.0496219 0.113701 -0.18596 -26.2785 0.92798 -1.23299 -7.60729 7.53365 4.8854 3.4596 2.76227 -12.9547 3.2495 -3.26872 85.9628 15.1931 8.38669 -29.2081 0.0598081 0.137039 -1.91066 -0.144462 9.24474 -24.234 0.0496218 0.113702 1.81659 -16.7207 3.48086 9.23673 -4.20556 2.0327 -7.66076 4.93431 -10.3676 -0.852353 -38.7721 -0.655187 -1.15451 4.31092 -0.031823 -2.32622 -40.4017 -6.04875 -1.90565 -4.49708 15.6491 0.779096 -9.8844 12.4959 3.46207e-17 -7.94833e-16 1.21186e-17 -9.23673 -4.20556 2.0327 -11.8584 -8.48302 10.6505 0.852353 -38.7721 -0.655187 4.36957 16.0199 -0.333486 2.32622 -40.4017 -6.04875 -1.44675 -10.1772 -15.4635 -0.779096 -9.8844 12.4959 5.67036e-16 -6.19675e-16 -1.27955e-14 
-9.05304 90.6368 74.5137 7.06794 10.6538 95.1559 0 5.07867 -1.15138 -6.14663 0.575341 0.588129 0 5.61661 1.07143 -4.85512 0.885251 -0.308572 -1.02604e-17 5.98978 0.11501 -3.5546 1.57467 -0.241938 -1.10457e-17 6.50583 -0.443523 -2.31937 2.0492 -0.246762 -1.97295e-17 7.60548 -1.50593 -1.05432 1.92751 0.0470824 -2.53307e-17 9.49737 -0.914492 0.3464 1.82748 -0.35057 -2.90401e-17 10.5513 1.57691 0.00142003 0.806144 -0.0579948 -1.29193e-17 4.78644 0.715339 0.594088 -1.92744 -0.728572 -1.8116e-17 4.82109 0.421791 1.94839 -4.56388 -0.534876 -2.00958e-17 4.83041 0.765062 5.20836 -2.44663 0.0889903 1.23299 -7.60731 7.53374 2.5249 3.64971 -1.79673 12.9547 3.2495 -3.26872 -77.7387 26.0234 -9.93489 29.2081 0.0598081 0.137039 1.28825 -0.0633781 -6.22053 24.234 0.0496219 0.113701 -0.453385 -27.2114 0.73879 -1.23299 -7.60729 7.53365 4.81864 3.65373 2.95352 -12.9547 3.2495 -3.26872 85.9596 15.382 8.6052 -29.2081 0.0598081 0.137039 -1.75783 -0.121411 8.49999 -24.234 0.0496218 0.113702 1.80561 -17.0533 3.45737 9.23673 -4.20556 2.0327 -7.75246 5.04315 -10.1759 -0.852353 -38.7721 -0.655187 -1.12445 4.19882 -0.0320967 -2.32622 -40.4017 -6.04875 -2.00278 -4.50969 15.6526 0.779096 -9.8844 12.4959 2.48481e-17 -7.95139e-16 1.2424e-17 -9.23673 -4.20556 2.0327 -11.8683 -8.43844 10.9739 0.852353 -38.7721 -0.655187 4.33393 15.8949 -0.325873 2.32622 -40.4017 -6.04875 -1.52965 -10.2675 -15.4675 -0.779096 -9.8844 12.4959 -1.79239e-16 -5.84846e-16 -1.27604e-14 
-9.09385 90.621 74.4692 7.12079 10.6753 94.8982 0 5.07867 -1.15138 -6.1914 0.658319 0.566646 0 5.61661 1.07143 -4.87839 0.939113 -0.343228 -1.02604e-17 5.98978 0.11501 -3.56595 1.5882 -0.277719 -1.10457e-17 6.50583 -0.443523 -2.32001 1.99049 -0.284951 -1.97295e-17 7.60548 -1.50593 -1.05009 1.81592 0.00757192 -2.53307e-17 9.49737 -0.914492 0.348195 1.68281 -0.396956 -2.90401e-17 10.5513 1.57691 0.00124297 0.808227 -0.0654236 -1.29193e-17 4.78644 0.715339 0.624492 -2.37803 -0.783919 -1.8116e-17 4.82109 0.421791 1.96887 -4.56198 -0.557924 -2.00958e-17 4.83041 0.765062 5.31885 -2.22179 0.135554 1.23299 -7.60731 7.53374 2.40576 3.92566 -2.05917 12.9547 3.2495 -3.26872 -77.8176 26.3526 -9.58457 29.2081 0.0598081 0.137039 1.14513 -0.0494037 -5.52744 24.234 0.0496219 0.113701 -0.665729 -27.7249 0.473098 -1.23299 -7.60729 7.53365 4.73297 3.84735 3.1048 -12.9547 3.2495 -3.26872 85.9924 15.5328 8.77953 -29.2081 0.0598081 0.137039 -1.59753 -0.0994118 7.72031 -24.234 0.0496218 0.113702 1.7994 -17.416 3.505 9.23673 -4.20556 2.0327 -7.79785 5.10562 -10.0561 -0.852353 -38.7721 -0.655187 -1.11129 4.14973 -0.0321979 -2.32622 -40.4017 -6.04875 -2.07826 -4.55787 15.6546 0.779096 -9.8844 12.4959 4.12645e-16 -7.8302e-16 3.05395e-19 -9.23673 -4.20556 2.0327 -11.849 -8.39671 11.2499 0.852353 -38.7721 -0.655187 4.30127 15.7802 -0.318963 2.32622 -40.4017 -6.04875 -1.61684 -10.3055 -15.4717 -0.779096 -9.8844 12.4959 -2.52556e-15 -4.86981e-16 -1.26625e-14 
-9.13805 90.6143 74.4138 7.17125 10.6659 94.727 0 5.07867 -1.15138 -6.21105 0.745862 0.551071 0 5.61661 1.07143 -4.88257 0.998728 -0.36886 -1.02604e-17 5.98978 0.11501 -3.56508 1.61163 -0.305413 -1.10457e-17 6.50583 -0.443523 -2.31474 1.94975 -0.315007 -1.97295e-17 7.60548 -1.50593 -1.04514 1.72621 -0.0244092 -2.53307e-17 9.49737 -0.914492 0.347003 1.56556 -0.432183 -2.90401e-17 10.5513 1.57691 -3.34263e-05 0.809408 -0.0708178 -1.29193e-17 4.78644 0.715339 0.635251 -2.76441 -0.884118 -1.8116e-17 4.82109 0.421791 1.97475 -4.59398 -0.602016 -2.00958e-17 4.83041 0.765062 5.40321 -2.09092 0.195343 1.23299 -7.60731 7.53374 2.25595 4.15563 -2.27649 12.9547 3.2495 -3.26872 -77.931 26.5011 -9.1717 29.2081 0.0598081 0.137039 1.03293 -0.0396685 -4.98459 24.234 0.0496219 0.113701 -0.849046 -27.8447 0.141123 -1.23299 -7.60729 7.53365 4.66118 4.02921 3.22616 -12.9547 3.2495 -3.26872 86.0045 15.612 8.91826 -29.2081 0.0598081 0.137039 -1.443 -0.0803027 6.96994 -24.234 0.0496218 0.113702 1.81178 -17.7932 3.5769 9.23673 -4.20556 2.0327 -7.81627 5.13917 -9.99904 -0.852353 -38.7721 -0.655187 -1.10832 4.13865 -0.0322192 -2.32622 -40.4017 -6.04875 -2.15039 -4.59707 15.6565 0.779096 -9.8844 12.4959 3.46207e-17 -7.94833e-16 1.21186e-17 -9.23673 -4.20556 2.0327 -11.8266 -8.37258 11.4458 0.852353 -38.7721 -0.655187 4.27979 15.7048 -0.314456 2.32622 -40.4017 -6.04875 -1.68037 -10.2726 -15.4741 -0.779096 -9.8844 12.4959 1.30376e-16 -5.93605e-16 -1.27692e-14 
-9.18635 90.6158 74.3538 7.25195 10.6243 94.5996 0 5.07867 -1.15138 -6.20878 0.85754 0.546301 0 5.61661 1.07143 -4.87128 1.0755 -0.380539 -1.02604e-17 5.98978 0.11501 -3.55515 1.64746 -0.319742 -1.10457e-17 6.50583 -0.443523 -2.30674 1.91411 -0.331627 -1.97295e-17 7.60548 -1.50593 -1.04058 1.63694 -0.0430556 -2.53307e-17 9.49737 -0.914492 0.344373 1.44725 -0.45006 -2.90401e-17 10.5513 1.57691 -0.00178579 0.813506 -0.0737941 -1.29193e-17 4.78644 0.715339 0.631199 -3.0703 -1.01304 -1.8116e-17 4.82109 0.421791 1.96641 -4.63825 -0.658831 -2.00958e-17 4.83041 0.765062 5.47791 -2.0332 0.253826 1.23299 -7.60731 7.53374 2.0715 4.35753 -2.46502 12.9547 3.2495 -3.26872 -78.0138 26.5301 -8.71611 29.2081 0.0598081 0.137039 0.953263 -0.0334061 -4.5994 24.234 0.0496219 0.113701 -1.02076 -27.7459 -0.231893 -1.23299 -7.60729 7.53365 4.60998 4.21837 3.32203 -12.9547 3.2495 -3.26872 86.0077 15.6674 8.98048 -29.2081 0.0598081 0.137039 -1.30372 -0.0648357 6.29456 -24.234 0.0496218 0.113702 1.81827 -18.2076 3.6485 9.23673 -4.20556 2.0327 -7.80302 5.18585 -9.94209 -0.852353 -38.7721 -0.655187 -1.11028 4.14598 -0.0322052 -2.32622 -40.4017 -6.04875 -2.20785 -4.62338 15.6568 0.779096 -9.8844 12.4959 2.48481e-17 -7.95139e-16 1.2424e-17 -9.23673 -4.20556 2.0327 -11.7845 -8.32208 11.5869 0.852353 -38.7721 -0.655187 4.25749 15.6263 -0.309804 2.32622 -40.4017 -6.04875 -1.71383 -10.1762 -15.4738 -0.779096 -9.8844 12.4959 -1.89012e-16 -5.84235e-16 -1.27598e-14 
-9.23836 90.618 74.2915 7.32241 10.6073 94.5111 0 5.07867 -1.15138 -6.21338 0.965951 0.554246 0 5.61661 1.07143 -4.86864 1.15024 -0.37925 -1.02604e-17 5.98978 0.11501 -3.55322 1.68469 -0.321201 -1.10457e-17 6.50583 -0.443523 -2.30642 1.88527 -0.335102 -1.97295e-17 7.60548 -1.50593 -1.04025 1.5588 -0.047017 -2.53307e-17 9.49737 -0.914492 0.343881 1.34312 -0.451471 -2.90401e-17 10.5513 1.57691 -0.00327412 0.819729 -0.074813 -1.29193e-17 4.78644 0.715339 0.619533 -3.28904 -1.15284 -1.8116e-17 4.82109 0.421791 1.96916 -4.68771 -0.720458 -2.00958e-17 4.83041 0.765062 5.53393 -2.04074 0.287095 1.23299 -7.60731 7.53374 1.91005 4.51664 -2.5955 12.9547 3.2495 -3.26872 -78.0712 26.5124 -8.25354 29.2081 0.0598081 0.137039 0.904638 -0.0298488 -4.36439 24.234 0.0496219 0.113701 -1.19454 -27.5484 -0.615197 -1.23299 -7.60729 7.53365 4.58383 4.40126 3.38688 -12.9547 3.2495 -3.26872 86.0282 15.7091 8.98723 -29.2081 0.0598081 0.137039 -1.18043 -0.0525282 5.69736 -24.234 0.0496218 0.113702 1.7938 -18.6187 3.69369 9.23673 -4.20556 2.0327 -7.81763 5.22714 -9.89082 -0.852353 -38.7721 -0.655187 -1.1094 4.14268 -0.0322116 -2.32622 -40.4017 -6.04875 -2.27127 -4.62582 15.6548 0.779096 -9.8844 12.4959 -3.62949e-16 -8.07257e-16 2.45427e-17 -9.23673 -4.20556 2.0327 -11.7782 -8.30542 11.7088 0.852353 -38.7721 -0.655187 4.24974 15.5991 -0.308195 2.32622 -40.4017 -6.04875 -1.7394 -10.0743 -15.4756 -0.779096 -9.8844 12.4959 9.64605e-16 -6.32405e-16 -1.2808e-14 
-9.29381 90.6227 74.2285 7.40917 10.6233 94.4437 0 5.07867 -1.15138 -6.22935 1.08271 0.575576 0 5.61661 1.07143 -4.87834 1.22898 -0.364951 -1.02604e-17 5.98978 0.11501 -3.56208 1.72414 -0.309604 -1.10457e-17 6.50583 -0.443523 -2.31554 1.85574 -0.325265 -1.97295e-17 7.60548 -1.50593 -1.04461 1.47927 -0.0358318 -2.53307e-17 9.49737 -0.914492 0.346296 1.23668 -0.436518 -2.90401e-17 10.5513 1.57691 -0.00418374 0.829425 -0.0737817 -1.29193e-17 4.78644 0.715339 0.599988 -3.41443 -1.3122 -1.8116e-17 4.82109 0.421791 1.97998 -4.72474 -0.790896 -2.00958e-17 4.83041 0.765062 5.59448 -2.08412 0.314924 1.23299 -7.60731 7.53374 1.77601 4.64568 -2.67966 12.9547 3.2495 -3.26872 -78.0936 26.5006 -7.78836 29.2081 0.0598081 0.137039 0.883495 -0.028365 -4.26223 24.234 0.0496219 0.113701 -1.36125 -27.3327 -0.973962 -1.23299 -7.60729 7.53365 4.58332 4.58466 3.43394 -12.9547 3.2495 -3.26872 86.0625 15.7121 8.93098 -29.2081 0.0598081 0.137039 -1.07505 -0.0430365 5.1874 -24.234 0.0496218 0.113702 1.75304 -18.9814 3.69089 9.23673 -4.20556 2.0327 -7.86589 5.29463 -9.82872 -0.852353 -38.7721 -0.655187 -1.10293 4.11854 -0.0322564 -2.32622 -40.4017 -6.04875 -2.35105 -4.59253 15.6522 0.779096 -9.8844 12.4959 1.50754e-17 -7.95444e-16 1.27294e-17 -9.23673 -4.20556 2.0327 -11.8181 -8.2915 11.7924 0.852353 -38.7721 -0.655187 4.25247 15.6087 -0.308762 2.32622 -40.4017 -6.04875 -1.7199 -9.97926 -15.4773 -0.779096 -9.8844 12.4959 -1.69467e-16 -5.85152e-16 -1.27607e-14 
-9.30435 91.157 73.9022 7.52084 10.6537 94.4171 0 5.07867 -1.15138 -6.23683 0.632875 0.614387 0 5.61661 1.07143 -4.86532 0.990554 -0.332677 -1.02604e-17 5.98978 0.11501 -3.54864 1.73685 -0.283733 -1.10457e-17 6.50583 -0.443523 -2.30143 2.26766 -0.296908 -1.97295e-17 7.60548 -1.50593 -1.03691 2.12004 -0.00441892 -2.53307e-17 9.49737 -0.914492 0.372524 2.10549 -0.397122 -2.90401e-17 10.5513 1.57691 -0.00481015 0.758727 -0.069114 -1.29193e-17 4.78644 0.715339 0.546092 -4.27593 -1.46672 -1.8116e-17 4.82109 0.421791 1.99797 -5.00216 -0.862687 -2.00958e-17 4.83041 0.765062 5.56379 -2.1947 0.429508 1.23299 -7.60731 7.53374 0.719976 4.40501 -2.86032 12.9547 3.2495 -3.26872 -77.3102 25.5735 -8.34161 29.2081 0.0598081 0.137039 0.86211 -0.0269038 -4.15891 24.234 0.0496219 0.113701 -1.07921 -26.5516 -0.899361 -1.23299 -7.60729 7.53365 5.57305 4.50501 3.71633 -12.9547 3.2495 -3.26872 84.9761 14.9441 9.96066 -29.2081 0.0598081 0.137039 -0.95523 -0.0333916 4.60799 -24.234 0.0496218 0.113702 1.46621 -18.7499 3.37435 9.23673 -4.20556 2.0327 -8.03593 5.39666 -9.87917 -0.852353 -38.7721 -0.655187 -1.00535 3.75449 -0.0326012 -2.32622 -40.4017 -6.04875 -3.25488 -2.45696 15.7248 0.779096 -9.8844 12.4959 -3.62944e-16 -8.07257e-16 2.45425e-17 -9.23673 -4.20556 2.0327 -12.0064 -7.83893 11.81 0.852353 -38.7721 -0.655187 3.99777 14.7092 -0.25788 2.32622 -40.4017 -6.04875 -0.889987 -8.06656 -15.4364 -0.779096 -9.8844 12.4959 -1.98785e-16 -5.8393e-16 -1.27595e-14 
-9.3378 91.1764 73.874 7.58228 10.6975 94.4493 0 5.07867 -1.15138 -6.25457 0.534538 0.659917 0 5.61661 1.07143 -4.88737 0.938844 -0.292184 -1.02604e-17 5.98978 0.11501 -3.57006 1.73228 -0.244537 -1.10457e-17 6.50583 -0.443523 -2.32417 2.34178 -0.258357 -1.97295e-17 7.60548 -1.50593 -1.05311 2.22802 0.0398047 -2.53307e-17 9.49737 -0.914492 0.376783 2.2415 -0.339821 -2.90401e-17 10.5513 1.57691 -0.00444085 0.754609 -0.0650875 -1.29193e-17 4.78644 0.715339 0.510364 -4.39376 -1.62856 -1.8116e-17 4.82109 0.421791 2.05967 -4.99596 -0.932554 -2.00958e-17 4.83041 0.765062 5.58799 -2.28274 0.362014 1.23299 -7.60731 7.53374 0.431882 4.3425 -2.86085 12.9547 3.2495 -3.26872 -76.5716 25.5409 -8.37443 29.2081 0.0598081 0.137039 0.827533 -0.0246209 -3.99188 24.234 0.0496219 0.113701 -1.58093 -26.2611 -1.11769 -1.23299 -7.60729 7.53365 5.69907 4.55388 3.67166 -12.9547 3.2495 -3.26872 84.8807 14.9995 9.95072 -29.2081 0.0598081 0.137039 -0.824682 -0.0242694 3.97718 -24.234 0.0496218 0.113702 1.44187 -19.152 3.49225 9.23673 -4.20556 2.0327 -8.109 5.41121 -9.89743 -0.852353 -38.7721 -0.655187 -1.01369 3.78561 -0.032596 -2.32622 -40.4017 -6.04875 -3.19562 -2.32919 15.7135 0.779096 -9.8844 12.4959 -3.72721e-16 -8.07563e-16 2.48481e-17 -9.23673 -4.20556 2.0327 -12.059 -7.76914 11.7542 0.852353 -38.7721 -0.655187 3.97699 14.6355 -0.253904 2.32622 -40.4017 -6.04875 -1.20963 -7.85316 -15.4238 -0.779096 -9.8844 12.4959 -1.98785e-16 -5.8393e-16 -1.27595e-14 
-9.35831 91.1745 73.8635 7.62213 10.7521 94.4942 0 5.07867 -1.15138 -6.28239 0.689594 0.686074 0 5.61661 1.07143 -4.91096 1.03323 -0.273947 -1.02604e-17 5.98978 0.11501 -3.58955 1.76051 -0.228281 -1.10457e-17 6.50583 -0.443523 -2.34151 2.2593 -0.243757 -1.97295e-17 7.60548 -1.50593 -1.05935 2.07032 0.0561225 -2.53307e-17 9.49737 -0.914492 0.383047 2.03773 -0.322397 -2.90401e-17 10.5513 1.57691 -0.00467219 0.778484 -0.0627216 -1.29193e-17 4.78644 0.715339 0.515263 -4.31794 -1.72236 -1.8116e-17 4.82109 0.421791 2.14144 -4.96711 -0.970298 -2.00958e-17 4.83041 0.765062 5.52806 -2.24701 0.299414 1.23299 -7.60731 7.53374 0.383127 4.4548 -2.85984 12.9547 3.2495 -3.26872 -76.7096 25.5702 -7.76012 29.2081 0.0598081 0.137039 0.853656 -0.0263374 -4.11807 24.234 0.0496219 0.113701 -1.57992 -25.9869 -1.32635 -1.23299 -7.60729 7.53365 5.62891 4.74699 3.6681 -12.9547 3.2495 -3.26872 85.0285 15.0418 9.57603 -29.2081 0.0598081 0.137039 -0.767542 -0.0207305 3.70122 -24.234 0.0496218 0.113702 1.44979 -19.4639 3.51948 9.23673 -4.20556 2.0327 -8.18207 5.49588 -9.92426 -0.852353 -38.7721 -0.655187 -0.985161 3.67912 -0.0325949 -2.32622 -40.4017 -6.04875 -3.2169 -2.26507 15.699 0.779096 -9.8844 12.4959 1.17845e-15 -7.4697e-16 -3.57444e-17 -9.23673 -4.20556 2.0327 -12.1478 -7.73413 11.7343 0.852353 -38.7721 -0.655187 3.97315 14.6218 -0.253172 2.32622 -40.4017 -6.04875 -1.04438 -7.8712 -15.4375 -0.779096 -9.8844 12.4959 -2.91333e-15 -4.62745e-16 -1.26383e-14 
-9.37639 91.1673 73.867 7.63392 10.8 94.5569 0 5.07867 -1.15138 -6.31117 0.775701 0.716509 0 5.61661 1.07143 -4.9383 1.0851 -0.247164 -1.02604e-17 5.98978 0.11501 -3.61361 1.77641 -0.202144 -1.10457e-17 6.50583 -0.443523 -2.36377 2.21395 -0.218316 -1.97295e-17 7.60548 -1.50593 -1.07217 1.9855 0.0853027 -2.53307e-17 9.49737 -0.914492 0.383618 1.92037 -0.288971 -2.90401e-17 10.5513 1.57691 -0.00496908 0.793486 -0.0599461 -1.29193e-17 4.78644 0.715339 0.490645 -3.96348 -1.88342 -1.8116e-17 4.82109 0.421791 2.15181 -4.9786 -1.04327 -2.00958e-17 4.83041 0.765062 5.60902 -2.46119 0.340679 1.23299 -7.60731 7.53374 0.599024 4.43873 -2.7492 12.9547 3.2495 -3.26872 -76.8302 25.7001 -7.39878 29.2081 0.0598081 0.137039 0.8691 -0.0273792 -4.19268 24.234 0.0496219 0.113701 -1.70674 -25.6983 -1.43332 -1.23299 -7.60729 7.53365 5.50365 4.82208 3.56771 -12.9547 3.2495 -3.26872 85.3013 15.2297 9.18792 -29.2081 0.0598081 0.137039 -0.712399 -0.017577 3.43497 -24.234 0.0496218 0.113702 1.43335 -19.8193 3.5961 9.23673 -4.20556 2.0327 -8.24031 5.55842 -9.96334 -0.852353 -38.7721 -0.655187 -0.95838 3.57917 -0.0325456 -2.32622 -40.4017 -6.04875 -3.27767 -2.24795 15.6894 0.779096 -9.8844 12.4959 8.29764e-16 -7.57561e-16 -2.51536e-17 -9.23673 -4.20556 2.0327 -12.2226 -7.75019 11.6207 0.852353 -38.7721 -0.655187 3.98266 14.6556 -0.254986 2.32622 -40.4017 -6.04875 -1.12479 -7.8459 -15.4396 -0.779096 -9.8844 12.4959 -2.59398e-15 -4.83927e-16 -1.26595e-14 
-9.39445 91.1585 73.8745 7.66528 10.8347 94.6378 0 5.07867 -1.15138 -6.34726 0.890405 0.741672 0 5.61661 1.07143 -4.96982 1.15458 -0.227192 -1.02604e-17 5.98978 0.11501 -3.64044 1.80168 -0.183035 -1.10457e-17 6.50583 -0.443523 -2.38693 2.16188 -0.200249 -1.97295e-17 7.60548 -1.50593 -1.08527 1.88489 0.106674 -2.53307e-17 9.49737 -0.914492 0.383346 1.78755 -0.2657 -2.90401e-17 10.5513 1.57691 -0.00460992 0.808975 -0.0584432 -1.29193e-17 4.78644 0.715339 0.488446 -3.64295 -1.94433 -1.8116e-17 4.82109 0.421791 2.1625 -4.96832 -1.06962 -2.00958e-17 4.83041 0.765062 5.67933 -2.61004 0.2834 1.23299 -7.60731 7.53374 0.764426 4.46273 -2.68424 12.9547 3.2495 -3.26872 -76.9806 25.7449 -6.94363 29.2081 0.0598081 0.137039 0.900591 -0.0295659 -4.34484 24.234 0.0496219 0.113701 -1.70789 -25.4392 -1.5059 -1.23299 -7.60729 7.53365 5.4034 4.91539 3.50751 -12.9547 3.2495 -3.26872 85.5412 15.3015 8.78141 -29.2081 0.0598081 0.137039 -0.680132 -0.0158509 3.27921 -24.234 0.0496218 0.113702 1.49371 -20.0464 3.67915 9.23673 -4.20556 2.0327 -8.28165 5.61946 -10.0707 -0.852353 -38.7721 -0.655187 -0.940796 3.51353 -0.0324877 -2.32622 -40.4017 -6.04875 -3.32061 -2.25401 15.6847 0.779096 -9.8844 12.4959 4.32195e-16 -7.82104e-16 -6.11086e-19 -9.23673 -4.20556 2.0327 -12.2891 -7.70542 11.5507 0.852353 -38.7721 -0.655187 3.97371 14.6238 -0.253279 2.32622 -40.4017 -6.04875 -1.04837 -7.8725 -15.4454 -0.779096 -9.8844 12.4959 1.30343e-16 -5.93604e-16 -1.27692e-14 
-9.41172 91.1459 73.8851 7.69713 10.8691 94.7192 0 5.07867 -1.15138 -6.37917 1.00508 0.761781 0 5.61661 1.07143 -4.99758 1.22252 -0.211783 -1.02604e-17 5.98978 0.11501 -3.66362 1.82019 -0.167829 -1.10457e-17 6.50583 -0.443523 -2.40705 2.09565 -0.185637 -1.97295e-17 7.60548 -1.50593 -1.09643 1.76858 0.124139 -2.53307e-17 9.49737 -0.914492 0.382553 1.63321 -0.246976 -2.90401e-17 10.5513 1.57691 -0.00490458 0.827528 -0.0559426 -1.29193e-17 4.78644 0.715339 0.482668 -3.35891 -1.99439 -1.8116e-17 4.82109 0.421791 2.14937 -4.9047 -1.0923 -2.00958e-17 4.83041 0.765062 5.74181 -2.67955 0.251841 1.23299 -7.60731 7.53374 0.969075 4.49133 -2.59934 12.9547 3.2495 -3.26872 -77.1374 25.7801 -6.54175 29.2081 0.0598081 0.137039 0.923277 -0.0311932 -4.45447 24.234 0.0496219 0.113701 -1.74377 -25.2478 -1.55417 -1.23299 -7.60729 7.53365 5.34168 5.01519 3.44295 -12.9547 3.2495 -3.26872 85.8269 15.3836 8.3457 -29.2081 0.0598081 0.137039 -0.653054 -0.0144701 3.14852 -24.234 0.0496218 0.113702 1.4741 -20.2031 3.78478 9.23673 -4.20556 2.0327 -8.32487 5.69323 -10.1437 -0.852353 -38.7721 -0.655187 -0.918378 3.42984 -0.0323847 -2.32622 -40.4017 -6.04875 -3.32151 -2.26137 15.6713 0.779096 -9.8844 12.4959 3.46255e-17 -7.94833e-16 1.21185e-17 -9.23673 -4.20556 2.0327 -12.3403 -7.66634 11.4637 0.852353 -38.7721 -0.655187 3.9686 14.6057 -0.252307 2.32622 -40.4017 -6.04875 -1.12767 -7.86718 -15.4487 -0.779096 -9.8844 12.4959 5.86577e-16 -6.20591e-16 -1.27962e-14 
-9.43052 91.1326 73.9015 7.7336 10.8972 94.8207 0 5.07867 -1.15138 -6.41687 1.11551 0.777836 0 5.61661 1.07143 -5.02972 1.28883 -0.201051 -1.02604e-17 5.98978 0.11501 -3.68989 1.84168 -0.157401 -1.10457e-17 6.50583 -0.443523 -2.42838 2.03892 -0.175869 -1.97295e-17 7.60548 -1.50593 -1.10825 1.66717 0.136967 -2.53307e-17 9.49737 -0.914492 0.381431 1.50063 -0.234404 -2.90401e-17 10.5513 1.57691 -0.00455739 0.844546 -0.054585 -1.29193e-17 4.78644 0.715339 0.486162 -3.10296 -2.00638 -1.8116e-17 4.82109 0.421791 2.15133 -4.8418 -1.097 -2.00958e-17 4.83041 0.765062 5.79266 -2.72649 0.197454 1.23299 -7.60731 7.53374 1.1395 4.52016 -2.52611 12.9547 3.2495 -3.26872 -77.2684 25.7843 -6.16525 29.2081 0.0598081 0.137039 0.952394 -0.0333457 -4.5952 24.234 0.0496219 0.113701 -1.71836 -25.148 -1.56715 -1.23299 -7.60729 7.53365 5.2924 5.09016 3.38669 -12.9547 3.2495 -3.26872 86.0848 15.3792 7.94123 -29.2081 0.0598081 0.137039 -0.648353 -0.0142365 3.12583 -24.234 0.0496218 0.113702 1.50659 -20.2301 3.87097 9.23673 -4.20556 2.0327 -8.35753 5.76915 -10.2669 -0.852353 -38.7721 -0.655187 -0.896825 3.34937 -0.0322547 -2.32622 -40.4017 -6.04875 -3.35294 -2.28429 15.6647 0.779096 -9.8844 12.4959 1.18822e-15 -7.46665e-16 -3.605e-17 -9.23673 -4.20556 2.0327 -12.3958 -7.61859 11.3787 0.852353 -38.7721 -0.655187 3.96378 14.5886 -0.251391 2.32622 -40.4017 -6.04875 -1.09785 -7.89297 -15.4531 -0.779096 -9.8844 12.4959 -2.50598e-15 -4.87899e-16 -1.26635e-14 
-9.45257 91.1178 73.9287 7.76035 10.9123 94.9417 0 5.07867 -1.15138 -6.44202 1.20383 0.787669 0 5.61661 1.07143 -5.05169 1.34024 -0.19519 -1.02604e-17 5.98978 0.11501 -3.70814 1.85418 -0.15158 -1.10457e-17 6.50583 -0.443523 -2.44354 1.98367 -0.170577 -1.97295e-17 7.60548 -1.50593 -1.11721 1.5761 0.144307 -2.53307e-17 9.49737 -0.914492 0.378615 1.38189 -0.227627 -2.90401e-17 10.5513 1.57691 -0.00474339 0.860341 -0.05333 -1.29193e-17 4.78644 0.715339 0.487267 -2.86734 -2.01152 -1.8116e-17 4.82109 0.421791 2.13595 -4.76301 -1.10003 -2.00958e-17 4.83041 0.765062 5.83251 -2.73477 0.164876 1.23299 -7.60731 7.53374 1.31875 4.5343 -2.43677 12.9547 3.2495 -3.26872 -77.4177 25.7816 -5.82421 29.2081 0.0598081 0.137039 0.978475 -0.0353347 -4.72128 24.234 0.0496219 0.113701 -1.70958 -25.1046 -1.56544 -1.23299 -7.60729 7.53365 5.24757 5.13968 3.32176 -12.9547 3.2495 -3.26872 86.3448 15.3863 7.54762 -29.2081 0.0598081 0.137039 -0.65224 -0.0144291 3.14459 -24.234 0.0496218 0.113702 1.51275 -20.2066 3.967 9.23673 -4.20556 2.0327 -8.37769 5.85221 -10.4171 -0.852353 -38.7721 -0.655187 -0.867429 3.23962 -0.0320285 -2.32622 -40.4017 -6.04875 -3.35018 -2.30882 15.6528 0.779096 -9.8844 12.4959 -7.21404e-16 -8.30272e-16 4.75574e-17 -9.23673 -4.20556 2.0327 -12.4323 -7.57393 11.2912 0.852353 -38.7721 -0.655187 3.95802 14.5681 -0.250298 2.32622 -40.4017 -6.04875 -1.13384 -7.89938 -15.4548 -0.779096 -9.8844 12.4959 5.18135e-16 -6.17841e-16 -1.27934e-14 
-9.47387 91.0992 73.963 7.75139 10.9361 95.0896 0 5.07867 -1.15138 -6.4639 1.28894 0.78928 0 5.61661 1.07143 -5.07186 1.38745 -0.197164 -1.02604e-17 5.98978 0.11501 -3.72503 1.86021 -0.153508 -1.10457e-17 6.50583 -0.443523 -2.45732 1.91875 -0.17308 -1.97295e-17 7.60548 -1.50593 -1.12629 1.47605 0.143297 -2.53307e-17 9.49737 -0.914492 0.372169 1.25426 -0.230148 -2.90401e-17 10.5513 1.57691 -0.00479262 0.877453 -0.0529745 -1.29193e-17 4.78644 0.715339 0.493667 -2.64642 -1.98271 -1.8116e-17 4.82109 0.421791 2.10519 -4.6706 -1.08816 -2.00958e-17 4.83041 0.765062 5.85327 -2.722 0.118348 1.23299 -7.60731 7.53374 1.47347 4.55882 -2.35155 12.9547 3.2495 -3.26872 -77.5713 25.7773 -5.46239 29.2081 0.0598081 0.137039 1.0084 -0.0376879 -4.86596 24.234 0.0496219 0.113701 -1.70598 -25.1205 -1.59166 -1.23299 -7.60729 7.53365 5.18911 5.1757 3.25885 -12.9547 3.2495 -3.26872 86.5961 15.3501 7.13863 -29.2081 0.0598081 0.137039 -0.674166 -0.0155404 3.25042 -24.234 0.0496218 0.113702 1.54351 -20.1057 4.06685 9.23673 -4.20556 2.0327 -8.40515 5.91453 -10.642 -0.852353 -38.7721 -0.655187 -0.831979 3.10724 -0.0316807 -2.32622 -40.4017 -6.04875 -3.36289 -2.34495 15.6426 0.779096 -9.8844 12.4959 3.93085e-16 -7.83937e-16 1.22217e-18 -9.23673 -4.20556 2.0327 -12.4861 -7.56554 11.1925 0.852353 -38.7721 -0.655187 3.95805 14.5682 -0.250304 2.32622 -40.4017 -6.04875 -1.13416 -7.94367 -15.4583 -0.779096 -9.8844 12.4959 -3.28157e-15 -4.51543e-16 -1.26271e-14 
-9.4931 91.083 74.0094 7.76368 10.9788 95.2167 0 5.07867 -1.15138 -6.4816 1.37018 0.789948 0 5.61661 1.07143 -5.08944 1.43122 -0.199991 -1.02604e-17 5.98978 0.11501 -3.74024 1.86329 -0.156422 -1.10457e-17 6.50583 -0.443523 -2.47012 1.85197 -0.176731 -1.97295e-17 7.60548 -1.50593 -1.13541 1.37653 0.140987 -2.53307e-17 9.49737 -0.914492 0.364279 1.12636 -0.233693 -2.90401e-17 10.5513 1.57691 -0.0050307 0.894137 -0.0531823 -1.29193e-17 4.78644 0.715339 0.498888 -2.41707 -1.95445 -1.8116e-17 4.82109 0.421791 2.06745 -4.57063 -1.07726 -2.00958e-17 4.83041 0.765062 5.86084 -2.6896 0.117349 1.23299 -7.60731 7.53374 1.61952 4.5781 -2.25761 12.9547 3.2495 -3.26872 -77.7379 25.7734 -5.09715 29.2081 0.0598081 0.137039 1.03876 -0.0401528 -5.01277 24.234 0.0496219 0.113701 -1.72868 -25.1604 -1.62962 -1.23299 -7.60729 7.53365 5.11253 5.18861 3.17929 -12.9547 3.2495 -3.26872 86.863 15.3262 6.72511 -29.2081 0.0598081 0.137039 -0.7078 -0.0173241 3.41277 -24.234 0.0496218 0.113702 1.55614 -19.9558 4.15553 9.23673 -4.20556 2.0327 -8.44561 6.00045 -10.837 -0.852353 -38.7721 -0.655187 -0.794807 2.96843 -0.031228 -2.32622 -40.4017 -6.04875 -3.37281 -2.35196 15.6323 0.779096 -9.8844 12.4959 8.10209e-16 -7.58478e-16 -2.4237e-17 -9.23673 -4.20556 2.0327 -12.548 -7.53968 11.0955 0.852353 -38.7721 -0.655187 3.9583 14.5691 -0.250352 2.32622 -40.4017 -6.04875 -1.16659 -7.97887 -15.4607 -0.779096 -9.8844 12.4959 -2.21596e-15 -4.95739e-16 -1.26713e-14 
-9.52457 91.0704 74.0515 7.77848 11.02 95.3759 0 5.07867 -1.15138 -6.4945 1.44882 0.786029 0 5.61661 1.07143 -5.10237 1.47488 -0.206602 -1.02604e-17 5.98978 0.11501 -3.75152 1.86993 -0.163045 -1.10457e-17 6.50583 -0.443523 -2.47917 1.79532 -0.184001 -1.97295e-17 7.60548 -1.50593 -1.14226 1.29203 0.134476 -2.53307e-17 9.49737 -0.914492 0.356747 1.01773 -0.242478 -2.90401e-17 10.5513 1.57691 -0.00500406 0.909011 -0.053856 -1.29193e-17 4.78644 0.715339 0.509664 -2.18638 -1.8989 -1.8116e-17 4.82109 0.421791 2.03713 -4.49392 -1.05395 -2.00958e-17 4.83041 0.765062 5.85186 -2.66735 0.0862903 1.23299 -7.60731 7.53374 1.76122 4.5832 -2.15585 12.9547 3.2495 -3.26872 -77.9275 25.7721 -4.78029 29.2081 0.0598081 0.137039 1.07425 -0.0431336 -5.18443 24.234 0.0496219 0.113701 -1.70831 -25.1676 -1.62851 -1.23299 -7.60729 7.53365 5.02434 5.17324 3.0953 -12.9547 3.2495 -3.26872 87.1151 15.2428 6.35387 -29.2081 0.0598081 0.137039 -0.75398 -0.0199292 3.63573 -24.234 0.0496218 0.113702 1.58537 -19.7481 4.23088 9.23673 -4.20556 2.0327 -8.48563 6.0615 -11.0728 -0.852353 -38.7721 -0.655187 -0.766522 2.86279 -0.0308231 -2.32622 -40.4017 -6.04875 -3.39059 -2.34826 15.6258 0.779096 -9.8844 12.4959 -1.11897e-15 -8.42696e-16 5.99814e-17 -9.23673 -4.20556 2.0327 -12.6217 -7.51894 10.9793 0.852353 -38.7721 -0.655187 3.96207 14.5825 -0.251065 2.32622 -40.4017 -6.04875 -1.15585 -7.99714 -15.4624 -0.779096 -9.8844 12.4959 9.15704e-16 -6.30265e-16 -1.28058e-14 
-9.5463 91.0531 74.1029 7.74655 11.0566 95.5034 0 5.07867 -1.15138 -6.50017 1.50843 0.779796 0 5.61661 1.07143 -5.11037 1.50445 -0.214332 -1.02604e-17 5.98978 0.11501 -3.75898 1.86593 -0.170746 -1.10457e-17 6.50583 -0.443523 -2.48564 1.73408 -0.192324 -1.97295e-17 7.60548 -1.50593 -1.14803 1.20844 0.126398 -2.53307e-17 9.49737 -0.914492 0.347682 0.910837 -0.252541 -2.90401e-17 10.5513 1.57691 -0.00518546 0.922222 -0.0551081 -1.29193e-17 4.78644 0.715339 0.520118 -1.94797 -1.83221 -1.8116e-17 4.82109 0.421791 1.99637 -4.40607 -1.02611 -2.00958e-17 4.83041 0.765062 5.84206 -2.66305 0.0782733 1.23299 -7.60731 7.53374 1.91138 4.57885 -2.04056 12.9547 3.2495 -3.26872 -78.1444 25.752 -4.45093 29.2081 0.0598081 0.137039 1.112 -0.0464223 -5.3671 24.234 0.0496219 0.113701 -1.7078 -25.121 -1.65994 -1.23299 -7.60729 7.53365 4.9158 5.13979 2.99498 -12.9547 3.2495 -3.26872 87.378 15.2047 5.99636 -29.2081 0.0598081 0.137039 -0.809474 -0.0232982 3.90372 -24.234 0.0496218 0.113702 1.59627 -19.525 4.31232 9.23673 -4.20556 2.0327 -8.52261 6.0781 -11.2483 -0.852353 -38.7721 -0.655187 -0.740935 2.76722 -0.0304118 -2.32622 -40.4017 -6.04875 -3.38261 -2.36874 15.6159 0.779096 -9.8844 12.4959 -3.92276e-16 -8.08479e-16 2.57647e-17 -9.23673 -4.20556 2.0327 -12.6836 -7.53709 10.8762 0.852353 -38.7721 -0.655187 3.96094 14.5785 -0.250853 2.32622 -40.4017 -6.04875 -1.17086 -8.04452 -15.4641 -0.779096 -9.8844 12.4959 -2.10841e-15 -5.00323e-16 -1.26759e-14 
-9.56794 91.0388 74.1571 7.74888 11.0842 95.6036 0 5.07867 -1.15138 -6.5023 1.57271 0.773629 0 5.61661 1.07143 -5.11578 1.53656 -0.221634 -1.02604e-17 5.98978 0.11501 -3.76472 1.86267 -0.177856 -1.10457e-17 6.50583 -0.443523 -2.49077 1.67058 -0.200094 -1.97295e-17 7.60548 -1.50593 -1.1528 1.12282 0.11865 -2.53307e-17 9.49737 -0.914492 0.339454 0.800108 -0.263177 -2.90401e-17 10.5513 1.57691 -0.00504873 0.936397 -0.0565294 -1.29193e-17 4.78644 0.715339 0.535559 -1.72486 -1.73192 -1.8116e-17 4.82109 0.421791 1.95978 -4.31755 -0.982935 -2.00958e-17 4.83041 0.765062 5.83192 -2.62449 0.0508514 1.23299 -7.60731 7.53374 2.0533 4.58059 -1.93084 12.9547 3.2495 -3.26872 -78.3778 25.729 -4.1241 29.2081 0.0598081 0.137039 1.15325 -0.0501543 -5.56675 24.234 0.0496219 0.113701 -1.68907 -25.0315 -1.65221 -1.23299 -7.60729 7.53365 4.80759 5.09906 2.90218 -12.9547 3.2495 -3.26872 87.6347 15.1196 5.66082 -29.2081 0.0598081 0.137039 -0.876245 -0.0276974 4.22627 -24.234 0.0496218 0.113702 1.61957 -19.2313 4.34289 9.23673 -4.20556 2.0327 -8.54652 6.13881 -11.5398 -0.852353 -38.7721 -0.655187 -0.70683 2.63984 -0.0297972 -2.32622 -40.4017 -6.04875 -3.37955 -2.37279 15.6094 0.779096 -9.8844 12.4959 -3.72721e-16 -8.07563e-16 2.48481e-17 -9.23673 -4.20556 2.0327 -12.7274 -7.5338 10.8296 0.852353 -38.7721 -0.655187 3.95973 14.5742 -0.250621 2.32622 -40.4017 -6.04875 -1.16089 -8.0745 -15.4637 -0.779096 -9.8844 12.4959 5.2788e-16 -6.18145e-16 -1.27937e-14 
-9.58955 91.0217 74.2103 7.7239 11.1096 95.7371 0 5.07867 -1.15138 -6.49535 1.62831 0.761405 0 5.61661 1.07143 -5.11372 1.56181 -0.233949 -1.02604e-17 5.98978 0.11501 -3.76441 1.854 -0.189693 -1.10457e-17 6.50583 -0.443523 -2.49092 1.60444 -0.212369 -1.97295e-17 7.60548 -1.50593 -1.15467 1.03844 0.105525 -2.53307e-17 9.49737 -0.914492 0.330746 0.69296 -0.279801 -2.90401e-17 10.5513 1.57691 -0.00517482 0.95094 -0.0576278 -1.29193e-17 4.78644 0.715339 0.547743 -1.53567 -1.64173 -1.8116e-17 4.82109 0.421791 1.91678 -4.22063 -0.945231 -2.00958e-17 4.83041 0.765062 5.81038 -2.56054 0.0281328 1.23299 -7.60731 7.53374 2.19503 4.58401 -1.82075 12.9547 3.2495 -3.26872 -78.6388 25.7273 -3.81289 29.2081 0.0598081 0.137039 1.19723 -0.0542922 -5.77963 24.234 0.0496219 0.113701 -1.66038 -24.8976 -1.62509 -1.23299 -7.60729 7.53365 4.70185 5.0578 2.82458 -12.9547 3.2495 -3.26872 87.86 15.0352 5.34668 -29.2081 0.0598081 0.137039 -0.948763 -0.0329031 4.57672 -24.234 0.0496218 0.113702 1.63827 -18.9576 4.36699 9.23673 -4.20556 2.0327 -8.56475 6.18 -11.9228 -0.852353 -38.7721 -0.655187 -0.669975 2.50217 -0.0290478 -2.32622 -40.4017 -6.04875 -3.37635 -2.38711 15.6002 0.779096 -9.8844 12.4959 4.02853e-16 -7.83326e-16 6.11383e-19 -9.23673 -4.20556 2.0327 -12.7758 -7.55166 10.744 0.852353 -38.7721 -0.655187 3.96125 14.5796 -0.250911 2.32622 -40.4017 -6.04875 -1.16834 -8.11334 -15.4635 -0.779096 -9.8844 12.4959 -1.34258e-15 -5.36374e-16 -1.27119e-14 
-9.60646 91.0006 74.2695 7.69344 11.1412 95.8514 0 5.07867 -1.15138 -6.48001 1.69168 0.747285 0 5.61661 1.07143 -5.10502 1.59158 -0.247081 -1.02604e-17 5.98978 0.11501 -3.75905 1.8453 -0.202367 -1.10457e-17 6.50583 -0.443523 -2.48777 1.53113 -0.225451 -1.97295e-17 7.60548 -1.50593 -1.15478 0.942684 0.0909994 -2.53307e-17 9.49737 -0.914492 0.321217 0.569613 -0.297224 -2.90401e-17 10.5513 1.57691 -0.0055758 0.965727 -0.0587689 -1.29193e-17 4.78644 0.715339 0.557089 -1.34997 -1.57003 -1.8116e-17 4.82109 0.421791 1.86895 -4.11725 -0.915558 -2.00958e-17 4.83041 0.765062 5.7842 -2.50245 0.0333284 1.23299 -7.60731 7.53374 2.32691 4.59414 -1.71931 12.9547 3.2495 -3.26872 -78.9078 25.7146 -3.50386 29.2081 0.0598081 0.137039 1.23901 -0.0583764 -5.98196 24.234 0.0496219 0.113701 -1.65801 -24.7371 -1.60504 -1.23299 -7.60729 7.53365 4.56907 5.01922 2.74486 -12.9547 3.2495 -3.26872 88.0848 14.9704 5.03859 -29.2081 0.0598081 0.137039 -1.02465 -0.0388282 4.9436 -24.234 0.0496218 0.113702 1.65112 -18.6882 4.38572 9.23673 -4.20556 2.0327 -8.58573 6.21309 -12.214 -0.852353 -38.7721 -0.655187 -0.635947 2.37505 -0.0282771 -2.32622 -40.4017 -6.04875 -3.36793 -2.41846 15.5914 0.779096 -9.8844 12.4959 4.22417e-16 -7.82715e-16 2.88531e-33 -9.23673 -4.20556 2.0327 -12.8219 -7.57248 10.6592 0.852353 -38.7721 -0.655187 3.9611 14.5791 -0.250882 2.32622 -40.4017 -6.04875 -1.20341 -8.17291 -15.4641 -0.779096 -9.8844 12.4959 -2.55485e-15 -4.8576e-16 -1.26613e-14 
-9.61631 90.9782 74.3344 7.66549 11.1685 95.9525 0 5.07867 -1.15138 -6.46398 1.75236 0.733614 0 5.61661 1.07143 -5.09511 1.62021 -0.259472 -1.02604e-17 5.98978 0.11501 -3.75235 1.83687 -0.214317 -1.10457e-17 6.50583 -0.443523 -2.48316 1.46049 -0.23783 -1.97295e-17 7.60548 -1.50593 -1.15332 0.850749 0.0769602 -2.53307e-17 9.49737 -0.914492 0.313455 0.449326 -0.314782 -2.90401e-17 10.5513 1.57691 -0.00574108 0.979146 -0.0603168 -1.29193e-17 4.78644 0.715339 0.569738 -1.16119 -1.48846 -1.8116e-17 4.82109 0.421791 1.831 -4.03192 -0.881019 -2.00958e-17 4.83041 0.765062 5.75519 -2.44862 0.00970517 1.23299 -7.60731 7.53374 2.47806 4.60055 -1.61592 12.9547 3.2495 -3.26872 -79.2148 25.7125 -3.20836 29.2081 0.0598081 0.137039 1.27927 -0.0624532 -6.17701 24.234 0.0496219 0.113701 -1.64066 -24.5742 -1.5707 -1.23299 -7.60729 7.53365 4.42323 4.97434 2.66034 -12.9547 3.2495 -3.26872 88.3263 14.8921 4.7654 -29.2081 0.0598081 0.137039 -1.09912 -0.0451185 5.30382 -24.234 0.0496218 0.113702 1.65311 -18.3912 4.3815 9.23673 -4.20556 2.0327 -8.59946 6.24286 -12.4567 -0.852353 -38.7721 -0.655187 -0.605747 2.26223 -0.0275299 -2.32622 -40.4017 -6.04875 -3.35796 -2.45873 15.5831 0.779096 -9.8844 12.4959 3.46302e-17 -7.94833e-16 1.21184e-17 -9.23673 -4.20556 2.0327 -12.8554 -7.59848 10.6106 0.852353 -38.7721 -0.655187 3.96406 14.5896 -0.251444 2.32622 -40.4017 -6.04875 -1.24115 -8.2371 -15.4647 -0.779096 -9.8844 12.4959 -1.03305e-15 -5.45129e-16 -1.27207e-14 
-9.61985 90.9583 74.4021 7.65601 11.1849 96.0384 0 5.07867 -1.15138 -6.44342 1.82073 0.7203 0 5.61661 1.07143 -5.08053 1.65457 -0.270785 -1.02604e-17 5.98978 0.11501 -3.74179 1.83299 -0.22513 -1.10457e-17 6.50583 -0.443523 -2.47551 1.3925 -0.248996 -1.97295e-17 7.60548 -1.50593 -1.14945 0.759137 0.0636911 -2.53307e-17 9.49737 -0.914492 0.307587 0.327706 -0.331696 -2.90401e-17 10.5513 1.57691 -0.00578126 0.991348 -0.0615084 -1.29193e-17 4.78644 0.715339 0.580015 -0.985433 -1.42619 -1.8116e-17 4.82109 0.421791 1.79537 -3.9534 -0.85496 -2.00958e-17 4.83041 0.765062 5.73086 -2.39241 -0.000569741 1.23299 -7.60731 7.53374 2.63394 4.6116 -1.52363 12.9547 3.2495 -3.26872 -79.5358 25.732 -2.92877 29.2081 0.0598081 0.137039 1.31621 -0.0663156 -6.35602 24.234 0.0496219 0.113701 -1.62766 -24.4529 -1.52857 -1.23299 -7.60729 7.53365 4.28172 4.93591 2.59008 -12.9547 3.2495 -3.26872 88.5398 14.8063 4.53297 -29.2081 0.0598081 0.137039 -1.17004 -0.0515481 5.64707 -24.234 0.0496218 0.113702 1.66358 -18.0995 4.36292 9.23673 -4.20556 2.0327 -8.59954 6.27702 -12.6284 -0.852353 -38.7721 -0.655187 -0.58301 2.17729 -0.0269281 -2.32622 -40.4017 -6.04875 -3.3366 -2.49851 15.5747 0.779096 -9.8844 12.4959 -3.62939e-16 -8.07257e-16 2.45424e-17 -9.23673 -4.20556 2.0327 -12.8705 -7.6064 10.5666 0.852353 -38.7721 -0.655187 3.96519 14.5936 -0.251659 2.32622 -40.4017 -6.04875 -1.27672 -8.28667 -15.4647 -0.779096 -9.8844 12.4959 1.69438e-16 -5.95131e-16 -1.27707e-14 
-9.67197 90.9624 74.4125 7.64633 11.2088 96.111 0 5.07867 -1.15138 -6.41373 1.86392 0.70402 0 5.61661 1.07143 -5.05607 1.67918 -0.283529 -1.02604e-17 5.98978 0.11501 -3.72298 1.83799 -0.237292 -1.10457e-17 6.50583 -0.443523 -2.46079 1.36601 -0.261051 -1.97295e-17 7.60548 -1.50593 -1.1414 0.724143 0.0487718 -2.53307e-17 9.49737 -0.914492 0.30419 0.27941 -0.350243 -2.90401e-17 10.5513 1.57691 -0.00554166 0.995594 -0.062443 -1.29193e-17 4.78644 0.715339 0.58842 -0.873915 -1.35638 -1.8116e-17 4.82109 0.421791 1.76207 -3.92657 -0.825378 -2.00958e-17 4.83041 0.765062 5.66997 -2.37249 -0.0167967 1.23299 -7.60731 7.53374 2.72853 4.59683 -1.45406 12.9547 3.2495 -3.26872 -79.8338 25.7245 -2.79619 29.2081 0.0598081 0.137039 1.34924 -0.0698677 -6.51612 24.234 0.0496219 0.113701 -1.55957 -24.3864 -1.44458 -1.23299 -7.60729 7.53365 4.18616 4.87456 2.55598 -12.9547 3.2495 -3.26872 88.6078 14.668 4.47107 -29.2081 0.0598081 0.137039 -1.23539 -0.0578521 5.96351 -24.234 0.0496218 0.113702 1.67321 -17.7824 4.3112 9.23673 -4.20556 2.0327 -8.64347 6.2617 -12.7781 -0.852353 -38.7721 -0.655187 -0.565505 2.1119 -0.0264419 -2.32622 -40.4017 -6.04875 -3.36539 -2.43188 15.5717 0.779096 -9.8844 12.4959 1.5066e-17 -7.95444e-16 1.27297e-17 -9.23673 -4.20556 2.0327 -12.9337 -7.65885 10.5176 0.852353 -38.7721 -0.655187 3.96683 14.5994 -0.25197 2.32622 -40.4017 -6.04875 -1.24635 -8.20862 -15.462 -0.779096 -9.8844 12.4959 -9.64577e-16 -5.47881e-16 -1.27234e-14 
-9.69035 90.9535 74.4563 7.64696 11.238 96.1772 0 5.07867 -1.15138 -6.38643 1.90662 0.689762 0 5.61661 1.07143 -5.0345 1.70112 -0.294819 -1.02604e-17 5.98978 0.11501 -3.70724 1.83724 -0.248057 -1.10457e-17 6.50583 -0.443523 -2.44952 1.32748 -0.271923 -1.97295e-17 7.60548 -1.50593 -1.13672 0.674116 0.0355335 -2.53307e-17 9.49737 -0.914492 0.297757 0.21139 -0.365712 -2.90401e-17 10.5513 1.57691 -0.00593342 1.00251 -0.0634582 -1.29193e-17 4.78644 0.715339 0.593163 -0.751529 -1.30085 -1.8116e-17 4.82109 0.421791 1.71083 -3.85793 -0.802731 -2.00958e-17 4.83041 0.765062 5.64369 -2.34057 -0.0393592 1.23299 -7.60731 7.53374 2.83868 4.59792 -1.40496 12.9547 3.2495 -3.26872 -80.075 25.7313 -2.67406 29.2081 0.0598081 0.137039 1.36851 -0.0719829 -6.60954 24.234 0.0496219 0.113701 -1.58102 -24.3543 -1.38537 -1.23299 -7.60729 7.53365 4.08231 4.83027 2.52417 -12.9547 3.2495 -3.26872 88.7299 14.6222 4.38076 -29.2081 0.0598081 0.137039 -1.288 -0.0631915 6.21835 -24.234 0.0496218 0.113702 1.64939 -17.5605 4.28756 9.23673 -4.20556 2.0327 -8.67008 6.30602 -12.9384 -0.852353 -38.7721 -0.655187 -0.536254 2.00262 -0.0255847 -2.32622 -40.4017 -6.04875 -3.34714 -2.4038 15.5637 0.779096 -9.8844 12.4959 2.48481e-17 -7.95139e-16 1.2424e-17 -9.23673 -4.20556 2.0327 -12.9737 -7.68109 10.4769 0.852353 -38.7721 -0.655187 3.97206 14.6179 -0.252964 2.32622 -40.4017 -6.04875 -1.26726 -8.20383 -15.4602 -0.779096 -9.8844 12.4959 -6.06136e-16 -5.58776e-16 -1.27465e-14 
-9.70556 90.9437 74.4985 7.64354 11.2456 96.237 0 5.07867 -1.15138 -6.36543 1.9436 0.674634 0 5.61661 1.07143 -5.01677 1.71951 -0.308017 -1.02604e-17 5.98978 0.11501 -3.69319 1.83482 -0.260549 -1.10457e-17 6.50583 -0.443523 -2.43773 1.28967 -0.284554 -1.97295e-17 7.60548 -1.50593 -1.12967 0.626123 0.0203589 -2.53307e-17 9.49737 -0.914492 0.295509 0.146982 -0.385328 -2.90401e-17 10.5513 1.57691 -0.00575187 1.0091 -0.0650756 -1.29193e-17 4.78644 0.715339 0.606353 -0.636725 -1.23838 -1.8116e-17 4.82109 0.421791 1.6924 -3.80382 -0.776132 -2.00958e-17 4.83041 0.765062 5.60283 -2.28315 -0.0713785 1.23299 -7.60731 7.53374 2.96242 4.60452 -1.35648 12.9547 3.2495 -3.26872 -80.3562 25.7553 -2.54182 29.2081 0.0598081 0.137039 1.386 -0.0739305 -6.69436 24.234 0.0496219 0.113701 -1.54679 -24.3428 -1.30232 -1.23299 -7.60729 7.53365 3.98144 4.78721 2.49993 -12.9547 3.2495 -3.26872 88.8406 14.5516 4.31749 -29.2081 0.0598081 0.137039 -1.33804 -0.0684898 6.46086 -24.234 0.0496218 0.113702 1.64728 -17.3046 4.25423 9.23673 -4.20556 2.0327 -8.67284 6.3626 -13.182 -0.852353 -38.7721 -0.655187 -0.498568 1.86183 -0.0243982 -2.32622 -40.4017 -6.04875 -3.33494 -2.38826 15.5554 0.779096 -9.8844 12.4959 2.48481e-17 -7.95139e-16 1.2424e-17 -9.23673 -4.20556 2.0327 -12.9859 -7.67356 10.4941 0.852353 -38.7721 -0.655187 3.95953 14.5735 -0.250585 2.32622 -40.4017 -6.04875 -1.26043 -8.21208 -15.4576 -0.779096 -9.8844 12.4959 -9.84141e-16 -5.46964e-16 -1.27228e-14 
-9.71321 90.9324 74.541 7.63663 11.2648 96.2962 0 5.07867 -1.15138 -6.34721 1.977 0.660049 0 5.61661 1.07143 -5.00117 1.73586 -0.320951 -1.02604e-17 5.98978 0.11501 -3.68058 1.8315 -0.272612 -1.10457e-17 6.50583 -0.443523 -2.42704 1.25205 -0.296715 -1.97295e-17 7.60548 -1.50593 -1.12309 0.579329 0.00599564 -2.53307e-17 9.49737 -0.914492 0.293431 0.0835158 -0.403618 -2.90401e-17 10.5513 1.57691 -0.00586197 1.01483 -0.0665476 -1.29193e-17 4.78644 0.715339 0.614584 -0.543351 -1.20371 -1.8116e-17 4.82109 0.421791 1.66565 -3.74313 -0.762415 -2.00958e-17 4.83041 0.765062 5.5738 -2.21482 -0.0823432 1.23299 -7.60731 7.53374 3.09695 4.61419 -1.30862 12.9547 3.2495 -3.26872 -80.6197 25.7903 -2.43664 29.2081 0.0598081 0.137039 1.3956 -0.0750098 -6.74089 24.234 0.0496219 0.113701 -1.54614 -24.3131 -1.23796 -1.23299 -7.60729 7.53365 3.88633 4.75233 2.47756 -12.9547 3.2495 -3.26872 88.9528 14.4769 4.25635 -29.2081 0.0598081 0.137039 -1.38051 -0.0731546 6.66677 -24.234 0.0496218 0.113702 1.63427 -17.0519 4.24351 9.23673 -4.20556 2.0327 -8.68315 6.41429 -13.4276 -0.852353 -38.7721 -0.655187 -0.464114 1.73312 -0.0232324 -2.32622 -40.4017 -6.04875 -3.32232 -2.37325 15.5449 0.779096 -9.8844 12.4959 2.48481e-17 -7.95139e-16 1.2424e-17 -9.23673 -4.20556 2.0327 -13.0001 -7.65611 10.5963 0.852353 -38.7721 -0.655187 3.94373 14.5174 -0.247597 2.32622 -40.4017 -6.04875 -1.2679 -8.23721 -15.4559 -0.779096 -9.8844 12.4959 -9.93923e-16 -5.46658e-16 -1.27222e-14 
-9.71663 90.9171 74.5814 7.62061 11.2662 96.3583 0 5.07867 -1.15138 -6.32762 2.00716 0.644271 0 5.61661 1.07143 -4.98404 1.7509 -0.334819 -1.02604e-17 5.98978 0.11501 -3.66664 1.82817 -0.285673 -1.10457e-17 6.50583 -0.443523 -2.41526 1.21684 -0.309931 -1.97295e-17 7.60548 -1.50593 -1.11608 0.535423 -0.00954538 -2.53307e-17 9.49737 -0.914492 0.290826 0.0234884 -0.423023 -2.90401e-17 10.5513 1.57691 -0.00618841 1.01898 -0.0684039 -1.29193e-17 4.78644 0.715339 0.623356 -0.459106 -1.15565 -1.8116e-17 4.82109 0.421791 1.63529 -3.6922 -0.742299 -2.00958e-17 4.83041 0.765062 5.54969 -2.15068 -0.110742 1.23299 -7.60731 7.53374 3.22853 4.62402 -1.26415 12.9547 3.2495 -3.26872 -80.8837 25.8014 -2.33064 29.2081 0.0598081 0.137039 1.40337 -0.0758897 -6.77858 24.234 0.0496219 0.113701 -1.53414 -24.2574 -1.18203 -1.23299 -7.60729 7.53365 3.78913 4.71855 2.45263 -12.9547 3.2495 -3.26872 89.0682 14.3867 4.20385 -29.2081 0.0598081 0.137039 -1.41892 -0.0775071 6.85307 -24.234 0.0496218 0.113702 1.63017 -16.7869 4.24691 9.23673 -4.20556 2.0327 -8.6756 6.43365 -13.6625 -0.852353 -38.7721 -0.655187 -0.443128 1.65471 -0.0224844 -2.32622 -40.4017 -6.04875 -3.30513 -2.40332 15.5378 0.779096 -9.8844 12.4959 2.48481e-17 -7.95139e-16 1.2424e-17 -9.23673 -4.20556 2.0327 -12.9932 -7.63677 10.7481 0.852353 -38.7721 -0.655187 3.9239 14.447 -0.243869 2.32622 -40.4017 -6.04875 -1.26318 -8.28191 -15.4544 -0.779096 -9.8844 12.4959 1.69438e-16 -5.95131e-16 -1.27707e-14 
-9.75937 90.9174 74.5953 7.61047 11.2506 96.408 0 5.07867 -1.15138 -6.29745 2.02941 0.6272 0 5.61661 1.07143 -4.95686 1.76509 -0.348363 -1.02604e-17 5.98978 0.11501 -3.6447 1.8327 -0.298347 -1.10457e-17 6.50583 -0.443523 -2.39734 1.20566 -0.322478 -1.97295e-17 7.60548 -1.50593 -1.10548 0.521569 -0.0252201 -2.53307e-17 9.49737 -0.914492 0.289932 0.00159694 -0.442154 -2.90401e-17 10.5513 1.57691 -0.00626107 1.01847 -0.0698448 -1.29193e-17 4.78644 0.715339 0.630066 -0.419082 -1.10816 -1.8116e-17 4.82109 0.421791 1.60903 -3.67647 -0.722026 -2.00958e-17 4.83041 0.765062 5.49789 -2.10803 -0.121509 1.23299 -7.60731 7.53374 3.31319 4.62171 -1.23579 12.9547 3.2495 -3.26872 -81.1131 25.8042 -2.30809 29.2081 0.0598081 0.137039 1.40755 -0.0763651 -6.79885 24.234 0.0496219 0.113701 -1.50613 -24.2513 -1.12929 -1.23299 -7.60729 7.53365 3.72444 4.67548 2.4472 -12.9547 3.2495 -3.26872 89.0953 14.275 4.24167 -29.2081 0.0598081 0.137039 -1.45402 -0.0815946 7.02336 -24.234 0.0496218 0.113702 1.63093 -16.5156 4.232 9.23673 -4.20556 2.0327 -8.66823 6.40622 -13.8592 -0.852353 -38.7721 -0.655187 -0.432788 1.61609 -0.0221053 -2.32622 -40.4017 -6.04875 -3.30386 -2.38107 15.5333 0.779096 -9.8844 12.4959 2.48481e-17 -7.95139e-16 1.2424e-17 -9.23673 -4.20556 2.0327 -12.9828 -7.66189 10.8895 0.852353 -38.7721 -0.655187 3.90976 14.3967 -0.241225 2.32622 -40.4017 -6.04875 -1.24743 -8.21069 -15.4508 -0.779096 -9.8844 12.4959 -9.64577e-16 -5.47881e-16 -1.27234e-14 
-9.78014 90.9086 74.6199 7.60254 11.2352 96.4609 0 5.07867 -1.15138 -6.26709 2.0497 0.611237 0 5.61661 1.07143 -4.92968 1.7779 -0.360677 -1.02604e-17 5.98978 0.11501 -3.62318 1.83626 -0.309826 -1.10457e-17 6.50583 -0.443523 -2.38059 1.19305 -0.333911 -1.97295e-17 7.60548 -1.50593 -1.09636 0.505961 -0.0395409 -2.53307e-17 9.49737 -0.914492 0.287445 -0.0225227 -0.458768 -2.90401e-17 10.5513 1.57691 -0.00669324 1.01849 -0.0714397 -1.29193e-17 4.78644 0.715339 0.636467 -0.374538 -1.0637 -1.8116e-17 4.82109 0.421791 1.57041 -3.64611 -0.702952 -2.00958e-17 4.83041 0.765062 5.46836 -2.08076 -0.137676 1.23299 -7.60731 7.53374 3.39018 4.62282 -1.21844 12.9547 3.2495 -3.26872 -81.2925 25.8143 -2.30537 29.2081 0.0598081 0.137039 1.40671 -0.0762697 -6.7948 24.234 0.0496219 0.113701 -1.51085 -24.2663 -1.09509 -1.23299 -7.60729 7.53365 3.65203 4.63943 2.43446 -12.9547 3.2495 -3.26872 89.1518 14.2223 4.25139 -29.2081 0.0598081 0.137039 -1.48327 -0.085082 7.16533 -24.234 0.0496218 0.113702 1.60896 -16.316 4.23553 9.23673 -4.20556 2.0327 -8.65446 6.40492 -14.0286 -0.852353 -38.7721 -0.655187 -0.419722 1.56728 -0.0216163 -2.32622 -40.4017 -6.04875 -3.2707 -2.39417 15.5253 0.779096 -9.8844 12.4959 2.48481e-17 -7.95139e-16 1.2424e-17 -9.23673 -4.20556 2.0327 -12.9589 -7.63648 11.0713 0.852353 -38.7721 -0.655187 3.88129 14.2955 -0.23594 2.32622 -40.4017 -6.04875 -1.2379 -8.20432 -15.4494 -0.779096 -9.8844 12.4959 -1.7695e-15 -5.10303e-16 -1.2698e-14 
-9.79375 90.9003 74.6509 7.60434 11.2329 96.4949 0 5.07867 -1.15138 -6.24701 2.06804 0.598634 0 5.61661 1.07143 -4.91076 1.78986 -0.371006 -1.02604e-17 5.98978 0.11501 -3.60745 1.84045 -0.319363 -1.10457e-17 6.50583 -0.443523 -2.36738 1.18356 -0.343487 -1.97295e-17 7.60548 -1.50593 -1.08803 0.493288 -0.0513925 -2.53307e-17 9.49737 -0.914492 0.287775 -0.0431644 -0.47338 -2.90401e-17 10.5513 1.57691 -0.00687472 1.01779 -0.0732819 -1.29193e-17 4.78644 0.715339 0.645453 -0.335516 -1.02358 -1.8116e-17 4.82109 0.421791 1.55332 -3.63027 -0.685206 -2.00958e-17 4.83041 0.765062 5.42471 -2.04534 -0.145243 1.23299 -7.60731 7.53374 3.46797 4.62301 -1.19847 12.9547 3.2495 -3.26872 -81.4658 25.828 -2.28638 29.2081 0.0598081 0.137039 1.40627 -0.0762191 -6.79265 24.234 0.0496219 0.113701 -1.51762 -24.2786 -1.07991 -1.23299 -7.60729 7.53365 3.58426 4.60526 2.42089 -12.9547 3.2495 -3.26872 89.2082 14.1738 4.26824 -29.2081 0.0598081 0.137039 -1.50824 -0.0881175 7.28656 -24.234 0.0496218 0.113702 1.58751 -16.1218 4.22408 9.23673 -4.20556 2.0327 -8.64901 6.42985 -14.1512 -0.852353 -38.7721 -0.655187 -0.401856 1.50054 -0.0209297 -2.32622 -40.4017 -6.04875 -3.25564 -2.39772 15.5189 0.779096 -9.8844 12.4959 2.48481e-17 -7.95139e-16 1.2424e-17 -9.23673 -4.20556 2.0327 -12.9368 -7.58374 11.2968 0.852353 -38.7721 -0.655187 3.84544 14.1679 -0.229355 2.32622 -40.4017 -6.04875 -1.22622 -8.21313 -15.4479 -0.779096 -9.8844 12.4959 -2.17685e-15 -4.97267e-16 -1.26731e-14 
-9.80217 90.8934 74.6869 7.61455 11.2149 96.5195 0 5.07867 -1.15138 -6.2269 2.08755 0.589552 0 5.61661 1.07143 -4.89205 1.80267 -0.377596 -1.02604e-17 5.98978 0.11501 -3.59223 1.84573 -0.325264 -1.10457e-17 6.50583 -0.443523 -2.35503 1.17566 -0.349362 -1.97295e-17 7.60548 -1.50593 -1.08027 0.481401 -0.0592819 -2.53307e-17 9.49737 -0.914492 0.288721 -0.0630336 -0.483415 -2.90401e-17 10.5513 1.57691 -0.00687382 1.01752 -0.0745641 -1.29193e-17 4.78644 0.715339 0.652568 -0.288471 -0.988807 -1.8116e-17 4.82109 0.421791 1.53662 -3.61546 -0.669703 -2.00958e-17 4.83041 0.765062 5.40075 -2.01796 -0.15469 1.23299 -7.60731 7.53374 3.54429 4.61997 -1.18209 12.9547 3.2495 -3.26872 -81.6176 25.8524 -2.26689 29.2081 0.0598081 0.137039 1.40562 -0.0761447 -6.78949 24.234 0.0496219 0.113701 -1.52506 -24.2662 -1.0656 -1.23299 -7.60729 7.53365 3.52848 4.57537 2.41089 -12.9547 3.2495 -3.26872 89.2736 14.1136 4.27302 -29.2081 0.0598081 0.137039 -1.52844 -0.0906117 7.38462 -24.234 0.0496218 0.113702 1.56228 -15.9485 4.206 9.23673 -4.20556 2.0327 -8.62544 6.47693 -14.2316 -0.852353 -38.7721 -0.655187 -0.380137 1.4194 -0.020067 -2.32622 -40.4017 -6.04875 -3.23508 -2.40481 15.5131 0.779096 -9.8844 12.4959 2.48481e-17 -7.95139e-16 1.2424e-17 -9.23673 -4.20556 2.0327 -12.8984 -7.53715 11.4677 0.852353 -38.7721 -0.655187 3.81738 14.0679 -0.224258 2.32622 -40.4017 -6.04875 -1.21634 -8.20715 -15.444 -0.779096 -9.8844 12.4959 -1.02328e-15 -5.45435e-16 -1.2721e-14 
-9.85531 90.8873 74.6901 7.63259 11.2062 96.5506 0 5.07867 -1.15138 -6.20454 2.12723 0.579474 0 5.61661 1.07143 -4.87084 1.83123 -0.384675 -1.02604e-17 5.98978 0.11501 -3.57514 1.86468 -0.331622 -1.10457e-17 6.50583 -0.443523 -2.34117 1.17983 -0.35552 -1.97295e-17 7.60548 -1.50593 -1.07148 0.476917 -0.0677225 -2.53307e-17 9.49737 -0.914492 0.290602 -0.0746015 -0.494 -2.90401e-17 10.5513 1.57691 -0.00652265 1.01648 -0.0750655 -1.29193e-17 4.78644 0.715339 0.658273 -0.26658 -0.956214 -1.8116e-17 4.82109 0.421791 1.52826 -3.62935 -0.654908 -2.00958e-17 4.83041 0.765062 5.35293 -2.0026 -0.174931 1.23299 -7.60731 7.53374 3.59636 4.61925 -1.18102 12.9547 3.2495 -3.26872 -81.7571 25.889 -2.30475 29.2081 0.0598081 0.137039 1.40791 -0.0764056 -6.8006 24.234 0.0496219 0.113701 -1.48981 -24.2642 -1.03379 -1.23299 -7.60729 7.53365 3.4828 4.55292 2.42645 -12.9547 3.2495 -3.26872 89.2661 14.024 4.34308 -29.2081 0.0598081 0.137039 -1.54407 -0.0925661 7.46053 -24.234 0.0496218 0.113702 1.55659 -15.81 4.17183 9.23673 -4.20556 2.0327 -8.63297 6.47175 -14.3098 -0.852353 -38.7721 -0.655187 -0.374268 1.39748 -0.0198286 -2.32622 -40.4017 -6.04875 -3.22387 -2.40437 15.509 0.779096 -9.8844 12.4959 2.48481e-17 -7.95139e-16 1.2424e-17 -9.23673 -4.20556 2.0327 -12.9034 -7.56354 11.5451 0.852353 -38.7721 -0.655187 3.81522 14.0602 -0.223867 2.32622 -40.4017 -6.04875 -1.19525 -8.14908 -15.4392 -0.779096 -9.8844 12.4959 -9.93923e-16 -5.46658e-16 -1.27222e-14 
-9.88255 90.8807 74.7086 7.6432 11.1881 96.5752 0 5.07867 -1.15138 -6.17752 2.15736 0.570193 0 5.61661 1.07143 -4.84594 1.85268 -0.390499 -1.02604e-17 5.98978 0.11501 -3.55588 1.87903 -0.336996 -1.10457e-17 6.50583 -0.443523 -2.32683 1.18274 -0.360683 -1.97295e-17 7.60548 -1.50593 -1.06391 0.473267 -0.0752034 -2.53307e-17 9.49737 -0.914492 0.289732 -0.0831572 -0.502039 -2.90401e-17 10.5513 1.57691 -0.00682654 1.01611 -0.0751211 -1.29193e-17 4.78644 0.715339 0.659238 -0.231242 -0.936683 -1.8116e-17 4.82109 0.421791 1.49797 -3.61806 -0.646562 -2.00958e-17 4.83041 0.765062 5.32977 -2.01381 -0.181897 1.23299 -7.60731 7.53374 3.64037 4.61629 -1.18971 12.9547 3.2495 -3.26872 -81.8526 25.8986 -2.35826 29.2081 0.0598081 0.137039 1.40448 -0.076015 -6.78397 24.234 0.0496219 0.113701 -1.4836 -24.2413 -1.01104 -1.23299 -7.60729 7.53365 3.45156 4.53999 2.44337 -12.9547 3.2495 -3.26872 89.2739 13.9811 4.39757 -29.2081 0.0598081 0.137039 -1.54873 -0.093154 7.48321 -24.234 0.0496218 0.113702 1.51067 -15.7473 4.14804 9.23673 -4.20556 2.0327 -8.62269 6.48718 -14.3455 -0.852353 -38.7721 -0.655187 -0.363387 1.35683 -0.0193807 -2.32622 -40.4017 -6.04875 -3.18787 -2.41122 15.5024 0.779096 -9.8844 12.4959 2.48481e-17 -7.95139e-16 1.2424e-17 -9.23673 -4.20556 2.0327 -12.8928 -7.58301 11.5552 0.852353 -38.7721 -0.655187 3.81423 14.0567 -0.223688 2.32622 -40.4017 -6.04875 -1.18037 -8.11362 -15.4345 -0.779096 -9.8844 12.4959 -2.18358e-16 -5.83012e-16 -1.27586e-14 
-9.90781 90.8739 74.7254 7.6489 11.1762 96.5796 0 5.07867 -1.15138 -6.16069 2.17895 0.562242 0 5.61661 1.07143 -4.82932 1.86917 -0.39617 -1.02604e-17 5.98978 0.11501 -3.54237 1.89209 -0.34218 -1.10457e-17 6.50583 -0.443523 -2.31571 1.19106 -0.365681 -1.97295e-17 7.60548 -1.50593 -1.057 0.477066 -0.0820606 -2.53307e-17 9.49737 -0.914492 0.291502 -0.0813277 -0.510434 -2.90401e-17 10.5513 1.57691 -0.00665224 1.01465 -0.0752117 -1.29193e-17 4.78644 0.715339 0.66402 -0.2103 -0.910892 -1.8116e-17 4.82109 0.421791 1.49129 -3.62246 -0.634838 -2.00958e-17 4.83041 0.765062 5.29366 -2.0136 -0.189011 1.23299 -7.60731 7.53374 3.67731 4.61326 -1.19758 12.9547 3.2495 -3.26872 -81.9342 25.9194 -2.41147 29.2081 0.0598081 0.137039 1.40027 -0.0755375 -6.76357 24.234 0.0496219 0.113701 -1.46539 -24.2454 -0.983767 -1.23299 -7.60729 7.53365 3.43791 4.53088 2.46777 -12.9547 3.2495 -3.26872 89.2538 13.9285 4.47935 -29.2081 0.0598081 0.137039 -1.54674 -0.0929031 7.47353 -24.234 0.0496218 0.113702 1.48291 -15.699 4.09791 9.23673 -4.20556 2.0327 -8.62204 6.49315 -14.3659 -0.852353 -38.7721 -0.655187 -0.35424 1.32266 -0.0189982 -2.32622 -40.4017 -6.04875 -3.15569 -2.41749 15.4983 0.779096 -9.8844 12.4959 8.00413e-16 -7.58784e-16 -2.39306e-17 -9.23673 -4.20556 2.0327 -12.8912 -7.62999 11.5719 0.852353 -38.7721 -0.655187 3.82242 14.0859 -0.225169 2.32622 -40.4017 -6.04875 -1.15013 -8.08717 -15.4285 -0.779096 -9.8844 12.4959 -4.07661e-15 -4.14275e-16 -1.25898e-14 
-9.93232 90.8665 74.7381 7.64753 11.147 96.5898 0 5.07867 -1.15138 -6.13897 2.20403 0.552931 0 5.61661 1.07143 -4.80825 1.8876 -0.402787 -1.02604e-17 5.98978 0.11501 -3.52535 1.90512 -0.348303 -1.10457e-17 6.50583 -0.443523 -2.30218 1.19654 -0.371592 -1.97295e-17 7.60548 -1.50593 -1.04881 0.475774 -0.0902583 -2.53307e-17 9.49737 -0.914492 0.292989 -0.0857246 -0.519885 -2.90401e-17 10.5513 1.57691 -0.00670147 1.01389 -0.0746974 -1.29193e-17 4.78644 0.715339 0.665994 -0.198932 -0.900768 -1.8116e-17 4.82109 0.421791 1.47502 -3.61781 -0.630476 -2.00958e-17 4.83041 0.765062 5.2679 -2.00046 -0.188778 1.23299 -7.60731 7.53374 3.70879 4.61551 -1.21004 12.9547 3.2495 -3.26872 -81.9987 25.9599 -2.46967 29.2081 0.0598081 0.137039 1.39275 -0.0746875 -6.72709 24.234 0.0496219 0.113701 -1.45005 -24.2784 -0.965958 -1.23299 -7.60729 7.53365 3.4392 4.53713 2.50262 -12.9547 3.2495 -3.26872 89.2226 13.8561 4.56416 -29.2081 0.0598081 0.137039 -1.53421 -0.0913311 7.41265 -24.234 0.0496218 0.113702 1.45413 -15.6693 4.06038 9.23673 -4.20556 2.0327 -8.60716 6.48914 -14.372 -0.852353 -38.7721 -0.655187 -0.347325 1.29683 -0.0187054 -2.32622 -40.4017 -6.04875 -3.10305 -2.43566 15.492 0.779096 -9.8844 12.4959 4.32204e-16 -7.82103e-16 -6.11679e-19 -9.23673 -4.20556 2.0327 -12.8758 -7.69839 11.5715 0.852353 -38.7721 -0.655187 3.83753 14.1397 -0.227913 2.32622 -40.4017 -6.04875 -1.1255 -8.04997 -15.4222 -0.779096 -9.8844 12.4959 -1.84778e-15 -5.06939e-16 -1.26946e-14 
-9.95577 90.8605 74.7473 7.6604 11.124 96.6011 0 5.07867 -1.15138 -6.1171 2.23426 0.542836 0 5.61661 1.07143 -4.78658 1.91017 -0.410361 -1.02604e-17 5.98978 0.11501 -3.50794 1.92178 -0.355498 -1.10457e-17 6.50583 -0.443523 -2.28844 1.2049 -0.37858 -1.97295e-17 7.60548 -1.50593 -1.04081 0.475585 -0.0995905 -2.53307e-17 9.49737 -0.914492 0.293976 -0.0879999 -0.530217 -2.90401e-17 10.5513 1.57691 -0.00691659 1.01342 -0.0737535 -1.29193e-17 4.78644 0.715339 0.666879 -0.199125 -0.895615 -1.8116e-17 4.82109 0.421791 1.45458 -3.60831 -0.628315 -2.00958e-17 4.83041 0.765062 5.23424 -1.97401 -0.188178 1.23299 -7.60731 7.53374 3.72029 4.62332 -1.23329 12.9547 3.2495 -3.26872 -82.0391 25.9939 -2.53313 29.2081 0.0598081 0.137039 1.38408 -0.0737136 -6.68504 24.234 0.0496219 0.113701 -1.43856 -24.3129 -0.956773 -1.23299 -7.60729 7.53365 3.45743 4.55582 2.54949 -12.9547 3.2495 -3.26872 89.1632 13.7734 4.65053 -29.2081 0.0598081 0.137039 -1.51519 -0.0889727 7.32031 -24.234 0.0496218 0.113702 1.42644 -15.656 4.0237 9.23673 -4.20556 2.0327 -8.59675 6.49081 -14.3841 -0.852353 -38.7721 -0.655187 -0.344129 1.28489 -0.0185691 -2.32622 -40.4017 -6.04875 -3.05992 -2.44991 15.4878 0.779096 -9.8844 12.4959 4.22417e-16 -7.82715e-16 2.88531e-33 -9.23673 -4.20556 2.0327 -12.867 -7.75895 11.5481 0.852353 -38.7721 -0.655187 3.8565 14.2073 -0.231378 2.32622 -40.4017 -6.04875 -1.10469 -8.00712 -15.4173 -0.779096 -9.8844 12.4959 -2.95241e-15 -4.60913e-16 -1.26368e-14 
-9.97747 90.8545 74.7568 7.675 11.0909 96.5802 0 5.07867 -1.15138 -6.09099 2.26188 0.533879 0 5.61661 1.07143 -4.76115 1.93162 -0.416345 -1.02604e-17 5.98978 0.11501 -3.48763 1.9391 -0.361154 -1.10457e-17 6.50583 -0.443523 -2.27272 1.21728 -0.384012 -1.97295e-17 7.60548 -1.50593 -1.03153 0.480045 -0.107643 -2.53307e-17 9.49737 -0.914492 0.295864 -0.0842675 -0.538895 -2.90401e-17 10.5513 1.57691 -0.00711033 1.01225 -0.0725778 -1.29193e-17 4.78644 0.715339 0.667827 -0.189135 -0.894286 -1.8116e-17 4.82109 0.421791 1.43806 -3.60097 -0.627595 -2.00958e-17 4.83041 0.765062 5.19429 -1.96441 -0.173782 1.23299 -7.60731 7.53374 3.7289 4.62626 -1.25681 12.9547 3.2495 -3.26872 -82.0702 26.0291 -2.60057 29.2081 0.0598081 0.137039 1.3736 -0.0725447 -6.6342 24.234 0.0496219 0.113701 -1.43568 -24.3595 -0.964924 -1.23299 -7.60729 7.53365 3.47953 4.57741 2.59618 -12.9547 3.2495 -3.26872 89.0893 13.7022 4.74756 -29.2081 0.0598081 0.137039 -1.48832 -0.0856919 7.18983 -24.234 0.0496218 0.113702 1.39278 -15.6393 3.99576 9.23673 -4.20556 2.0327 -8.57714 6.49938 -14.3537 -0.852353 -38.7721 -0.655187 -0.338287 1.26307 -0.0183181 -2.32622 -40.4017 -6.04875 -3.01986 -2.47008 15.4833 0.779096 -9.8844 12.4959 3.46349e-17 -7.94833e-16 1.21182e-17 -9.23673 -4.20556 2.0327 -12.8452 -7.83042 11.508 0.852353 -38.7721 -0.655187 3.87676 14.2794 -0.235103 2.32622 -40.4017 -6.04875 -1.09044 -7.9565 -15.4118 -0.779096 -9.8844 12.4959 -6.55075e-16 -5.56635e-16 -1.27443e-14 
-9.9982 90.8489 74.7652 7.68892 11.0654 96.5454 0 5.07867 -1.15138 -6.0703 2.29127 0.52647 0 5.61661 1.07143 -4.74035 1.95467 -0.421277 -1.02604e-17 5.98978 0.11501 -3.47096 1.95841 -0.365792 -1.10457e-17 6.50583 -0.443523 -2.25974 1.2323 -0.388439 -1.97295e-17 7.60548 -1.50593 -1.02386 0.486673 -0.114206 -2.53307e-17 9.49737 -0.914492 0.297856 -0.0776581 -0.545916 -2.90401e-17 10.5513 1.57691 -0.00716558 1.01102 -0.0712917 -1.29193e-17 4.78644 0.715339 0.66891 -0.180041 -0.886399 -1.8116e-17 4.82109 0.421791 1.42283 -3.60157 -0.62381 -2.00958e-17 4.83041 0.765062 5.15701 -1.96126 -0.170548 1.23299 -7.60731 7.53374 3.73267 4.62966 -1.2814 12.9547 3.2495 -3.26872 -82.0821 26.0691 -2.67549 29.2081 0.0598081 0.137039 1.36344 -0.0714213 -6.58495 24.234 0.0496219 0.113701 -1.42309 -24.416 -0.979139 -1.23299 -7.60729 7.53365 3.51166 4.60359 2.64521 -12.9547 3.2495 -3.26872 89.012 13.6244 4.84837 -29.2081 0.0598081 0.137039 -1.45748 -0.0820041 7.04016 -24.234 0.0496218 0.113702 1.35819 -15.6217 3.9717 9.23673 -4.20556 2.0327 -8.56719 6.50138 -14.3236 -0.852353 -38.7721 -0.655187 -0.334839 1.25019 -0.0181689 -2.32622 -40.4017 -6.04875 -2.97905 -2.48479 15.4801 0.779096 -9.8844 12.4959 2.48481e-17 -7.95139e-16 1.2424e-17 -9.23673 -4.20556 2.0327 -12.8328 -7.90799 11.4677 0.852353 -38.7721 -0.655187 3.89835 14.3562 -0.239101 2.32622 -40.4017 -6.04875 -1.06298 -7.91262 -15.4062 -0.779096 -9.8844 12.4959 -5.96354e-16 -5.59082e-16 -1.27471e-14 
-10.0189 90.8421 74.7706 7.6857 11.0378 96.5219 0 5.07867 -1.15138 -6.05211 2.31983 0.518319 0 5.61661 1.07143 -4.72168 1.97676 -0.42722 -1.02604e-17 5.98978 0.11501 -3.45573 1.97643 -0.371376 -1.10457e-17 6.50583 -0.443523 -2.24761 1.24574 -0.393732 -1.97295e-17 7.60548 -1.50593 -1.01652 0.4916 -0.121501 -2.53307e-17 9.49737 -0.914492 0.299897 -0.0721485 -0.553753 -2.90401e-17 10.5513 1.57691 -0.00728822 1.01026 -0.0696497 -1.29193e-17 4.78644 0.715339 0.668296 -0.182275 -0.89013 -1.8116e-17 4.82109 0.421791 1.41056 -3.6007 -0.625435 -2.00958e-17 4.83041 0.765062 5.12867 -1.95322 -0.167985 1.23299 -7.60731 7.53374 3.73236 4.63504 -1.30338 12.9547 3.2495 -3.26872 -82.0811 26.1094 -2.74995 29.2081 0.0598081 0.137039 1.35496 -0.0704901 -6.54383 24.234 0.0496219 0.113701 -1.40468 -24.46 -0.995636 -1.23299 -7.60729 7.53365 3.55741 4.63812 2.69762 -12.9547 3.2495 -3.26872 88.927 13.5343 4.94139 -29.2081 0.0598081 0.137039 -1.42417 -0.0781132 6.87856 -24.234 0.0496218 0.113702 1.32273 -15.6164 3.95984 9.23673 -4.20556 2.0327 -8.55734 6.47681 -14.3046 -0.852353 -38.7721 -0.655187 -0.336761 1.25737 -0.0182521 -2.32622 -40.4017 -6.04875 -2.93322 -2.51093 15.4763 0.779096 -9.8844 12.4959 2.48481e-17 -7.95139e-16 1.2424e-17 -9.23673 -4.20556 2.0327 -12.8244 -8.002 11.4043 0.852353 -38.7721 -0.655187 3.92146 14.4383 -0.243411 2.32622 -40.4017 -6.04875 -1.03984 -7.87343 -15.4011 -0.779096 -9.8844 12.4959 -2.14748e-15 -4.98491e-16 -1.26744e-14 
-10.0389 90.8358 74.7711 7.68407 11.0109 96.5023 0 5.07867 -1.15138 -6.0349 2.34938 0.509799 0 5.61661 1.07143 -4.70387 1.99918 -0.433642 -1.02604e-17 5.98978 0.11501 -3.44114 1.99401 -0.377415 -1.10457e-17 6.50583 -0.443523 -2.23599 1.25741 -0.399408 -1.97295e-17 7.60548 -1.50593 -1.00941 0.49415 -0.1291 -2.53307e-17 9.49737 -0.914492 0.301947 -0.0686623 -0.561753 -2.90401e-17 10.5513 1.57691 -0.00752761 1.01022 -0.067537 -1.29193e-17 4.78644 0.715339 0.665884 -0.199034 -0.907214 -1.8116e-17 4.82109 0.421791 1.39962 -3.59118 -0.632994 -2.00958e-17 4.83041 0.765062 5.10758 -1.93339 -0.161715 1.23299 -7.60731 7.53374 3.71501 4.6442 -1.32888 12.9547 3.2495 -3.26872 -82.0592 26.1443 -2.82176 29.2081 0.0598081 0.137039 1.34783 -0.069712 -6.50927 24.234 0.0496219 0.113701 -1.38892 -24.4972 -1.01295 -1.23299 -7.60729 7.53365 3.61648 4.68237 2.75583 -12.9547 3.2495 -3.26872 88.8258 13.4419 5.01662 -29.2081 0.0598081 0.137039 -1.39088 -0.0743188 6.71709 -24.234 0.0496218 0.113702 1.29449 -15.6332 3.94414 9.23673 -4.20556 2.0327 -8.54894 6.45108 -14.2885 -0.852353 -38.7721 -0.655187 -0.340136 1.26998 -0.0183978 -2.32622 -40.4017 -6.04875 -2.88418 -2.53667 15.4733 0.779096 -9.8844 12.4959 2.48481e-17 -7.95139e-16 1.2424e-17 -9.23673 -4.20556 2.0327 -12.8215 -8.09378 11.3217 0.852353 -38.7721 -0.655187 3.94504 14.522 -0.247843 2.32622 -40.4017 -6.04875 -1.00396 -7.83604 -15.3956 -0.779096 -9.8844 12.4959 -6.35501e-16 -5.57553e-16 -1.27452e-14 
-10.0579 90.831 74.7691 7.70095 10.9733 96.4679 0 5.07867 -1.15138 -6.01634 2.37971 0.502767 0 5.61661 1.07143 -4.68467 2.02278 -0.438579 -1.02604e-17 5.98978 0.11501 -3.42544 2.01337 -0.381992 -1.10457e-17 6.50583 -0.443523 -2.22359 1.27178 -0.403622 -1.97295e-17 7.60548 -1.50593 -1.00154 0.499287 -0.135354 -2.53307e-17 9.49737 -0.914492 0.305139 -0.0619192 -0.568293 -2.90401e-17 10.5513 1.57691 -0.00776077 1.01013 -0.0652722 -1.29193e-17 4.78644 0.715339 0.664571 -0.210885 -0.928265 -1.8116e-17 4.82109 0.421791 1.39807 -3.57832 -0.641851 -2.00958e-17 4.83041 0.765062 5.08947 -1.90893 -0.154368 1.23299 -7.60731 7.53374 3.69249 4.65143 -1.35646 12.9547 3.2495 -3.26872 -82.0273 26.1764 -2.89448 29.2081 0.0598081 0.137039 1.34104 -0.0689756 -6.47638 24.234 0.0496219 0.113701 -1.37507 -24.5383 -1.02511 -1.23299 -7.60729 7.53365 3.67898 4.72917 2.81299 -12.9547 3.2495 -3.26872 88.7169 13.3679 5.08642 -29.2081 0.0598081 0.137039 -1.35557 -0.0703982 6.54587 -24.234 0.0496218 0.113702 1.2732 -15.6783 3.9285 9.23673 -4.20556 2.0327 -8.52813 6.44898 -14.2544 -0.852353 -38.7721 -0.655187 -0.340308 1.27062 -0.0184052 -2.32622 -40.4017 -6.04875 -2.8361 -2.56011 15.47 0.779096 -9.8844 12.4959 2.48481e-17 -7.95139e-16 1.2424e-17 -9.23673 -4.20556 2.0327 -12.8012 -8.16477 11.2501 0.852353 -38.7721 -0.655187 3.96443 14.5909 -0.251513 2.32622 -40.4017 -6.04875 -0.976298 -7.78171 -15.3897 -0.779096 -9.8844 12.4959 -9.84136e-16 -5.46964e-16 -1.27228e-14 
-10.0759 90.825 74.768 7.70316 10.9367 96.4191 0 5.07867 -1.15138 -5.99922 2.40182 0.495708 0 5.61661 1.07143 -4.66699 2.04119 -0.443633 -1.02604e-17 5.98978 0.11501 -3.41092 2.02983 -0.386705 -1.10457e-17 6.50583 -0.443523 -2.21208 1.2873 -0.407961 -1.97295e-17 7.60548 -1.50593 -0.994317 0.508205 -0.141602 -2.53307e-17 9.49737 -0.914492 0.307952 -0.0498255 -0.574774 -2.90401e-17 10.5513 1.57691 -0.0080111 1.0095 -0.0630959 -1.29193e-17 4.78644 0.715339 0.663356 -0.219078 -0.944044 -1.8116e-17 4.82109 0.421791 1.3959 -3.56122 -0.648423 -2.00958e-17 4.83041 0.765062 5.07015 -1.88547 -0.153174 1.23299 -7.60731 7.53374 3.67149 4.65518 -1.37925 12.9547 3.2495 -3.26872 -81.9974 26.2062 -2.96086 29.2081 0.0598081 0.137039 1.33538 -0.0683635 -6.4489 24.234 0.0496219 0.113701 -1.3593 -24.5676 -1.04323 -1.23299 -7.60729 7.53365 3.74118 4.77425 2.86694 -12.9547 3.2495 -3.26872 88.6046 13.3064 5.15344 -29.2081 0.0598081 0.137039 -1.32014 -0.0665704 6.37408 -24.234 0.0496218 0.113702 1.25696 -15.7338 3.92058 9.23673 -4.20556 2.0327 -8.50947 6.43829 -14.2167 -0.852353 -38.7721 -0.655187 -0.337775 1.26116 -0.018296 -2.32622 -40.4017 -6.04875 -2.79684 -2.58752 15.4668 0.779096 -9.8844 12.4959 2.48481e-17 -7.95139e-16 1.2424e-17 -9.23673 -4.20556 2.0327 -12.7804 -8.26056 11.2011 0.852353 -38.7721 -0.655187 3.98722 14.6717 -0.255858 2.32622 -40.4017 -6.04875 -0.951137 -7.73295 -15.3844 -0.779096 -9.8844 12.4959 -2.18358e-16 -5.83012e-16 -1.27586e-14 
-10.093 90.8202 74.7674 7.71797 10.9007 96.3513 0 5.07867 -1.15138 -5.98077 2.42722 0.489193 0 5.61661 1.07143 -4.64848 2.06145 -0.448103 -1.02604e-17 5.98978 0.11501 -3.39593 2.04671 -0.390865 -1.10457e-17 6.50583 -0.443523 -2.20044 1.30106 -0.411783 -1.97295e-17 7.60548 -1.50593 -0.987045 0.514147 -0.14736 -2.53307e-17 9.49737 -0.914492 0.310777 -0.0417643 -0.58056 -2.90401e-17 10.5513 1.57691 -0.0083624 1.00908 -0.0607726 -1.29193e-17 4.78644 0.715339 0.660731 -0.228143 -0.971568 -1.8116e-17 4.82109 0.421791 1.39372 -3.53505 -0.660293 -2.00958e-17 4.83041 0.765062 5.05403 -1.8477 -0.141138 1.23299 -7.60731 7.53374 3.63599 4.66272 -1.40554 12.9547 3.2495 -3.26872 -81.9622 26.235 -3.01123 29.2081 0.0598081 0.137039 1.33042 -0.0678305 -6.42487 24.234 0.0496219 0.113701 -1.34692 -24.5952 -1.06383 -1.23299 -7.60729 7.53365 3.80371 4.82318 2.92141 -12.9547 3.2495 -3.26872 88.4857 13.2457 5.20707 -29.2081 0.0598081 0.137039 -1.28606 -0.0629912 6.20894 -24.234 0.0496218 0.113702 1.24255 -15.7955 3.90552 9.23673 -4.20556 2.0327 -8.4906 6.43483 -14.1688 -0.852353 -38.7721 -0.655187 -0.337273 1.25928 -0.0182743 -2.32622 -40.4017 -6.04875 -2.75984 -2.61108 15.4644 0.779096 -9.8844 12.4959 2.48481e-17 -7.95139e-16 1.2424e-17 -9.23673 -4.20556 2.0327 -12.7565 -8.35053 11.1706 0.852353 -38.7721 -0.655187 4.01064 14.7548 -0.260355 2.32622 -40.4017 -6.04875 -0.918333 -7.67971 -15.3787 -0.779096 -9.8844 12.4959 -1.36212e-15 -5.35458e-16 -1.2711e-14 
-10.1094 90.816 74.7648 7.73511 10.8655 96.2866 0 5.07867 -1.15138 -5.96185 2.45078 0.481941 0 5.61661 1.07143 -4.6297 2.08077 -0.453266 -1.02604e-17 5.98978 0.11501 -3.38079 2.06336 -0.39576 -1.10457e-17 6.50583 -0.443523 -2.18877 1.31607 -0.416313 -1.97295e-17 7.60548 -1.50593 -0.980085 0.522208 -0.153841 -2.53307e-17 9.49737 -0.914492 0.312846 -0.0308217 -0.586913 -2.90401e-17 10.5513 1.57691 -0.00892405 1.00841 -0.0584265 -1.29193e-17 4.78644 0.715339 0.656959 -0.235644 -1.00442 -1.8116e-17 4.82109 0.421791 1.39094 -3.5098 -0.674688 -2.00958e-17 4.83041 0.765062 5.0376 -1.81019 -0.138648 1.23299 -7.60731 7.53374 3.593 4.66762 -1.42947 12.9547 3.2495 -3.26872 -81.929 26.2518 -3.05844 29.2081 0.0598081 0.137039 1.32636 -0.0673952 -6.40518 24.234 0.0496219 0.113701 -1.32123 -24.5898 -1.07308 -1.23299 -7.60729 7.53365 3.86471 4.86921 2.97031 -12.9547 3.2495 -3.26872 88.3649 13.1954 5.24529 -29.2081 0.0598081 0.137039 -1.25318 -0.0596318 6.04965 -24.234 0.0496218 0.113702 1.23878 -15.879 3.91288 9.23673 -4.20556 2.0327 -8.4735 6.42101 -14.1239 -0.852353 -38.7721 -0.655187 -0.343088 1.281 -0.0185245 -2.32622 -40.4017 -6.04875 -2.7172 -2.63695 15.4629 0.779096 -9.8844 12.4959 2.48481e-17 -7.95139e-16 1.2424e-17 -9.23673 -4.20556 2.0327 -12.7326 -8.42995 11.1325 0.852353 -38.7721 -0.655187 4.03091 14.8266 -0.264274 2.32622 -40.4017 -6.04875 -0.901635 -7.6221 -15.3738 -0.779096 -9.8844 12.4959 5.47396e-16 -6.1906e-16 -1.27946e-14 
-10.1262 90.813 74.7617 7.76729 10.8318 96.2068 0 5.07867 -1.15138 -5.94314 2.47818 0.47576 0 5.61661 1.07143 -4.61114 2.10288 -0.457432 -1.02604e-17 5.98978 0.11501 -3.36594 2.08217 -0.399713 -1.10457e-17 6.50583 -0.443523 -2.1775 1.33191 -0.419929 -1.97295e-17 7.60548 -1.50593 -0.973367 0.530379 -0.159302 -2.53307e-17 9.49737 -0.914492 0.315062 -0.0200156 -0.592028 -2.90401e-17 10.5513 1.57691 -0.00954043 1.00764 -0.0560994 -1.29193e-17 4.78644 0.715339 0.652979 -0.237869 -1.04381 -1.8116e-17 4.82109 0.421791 1.39443 -3.48448 -0.691744 -2.00958e-17 4.83041 0.765062 5.02144 -1.7771 -0.131475 1.23299 -7.60731 7.53374 3.54472 4.67213 -1.4526 12.9547 3.2495 -3.26872 -81.8953 26.2495 -3.10236 29.2081 0.0598081 0.137039 1.32218 -0.0669492 -6.38493 24.234 0.0496219 0.113701 -1.29468 -24.557 -1.07806 -1.23299 -7.60729 7.53365 3.92165 4.91369 3.0121 -12.9547 3.2495 -3.26872 88.2461 13.1494 5.26939 -29.2081 0.0598081 0.137039 -1.22253 -0.056583 5.90118 -24.234 0.0496218 0.113702 1.23496 -15.9571 3.92717 9.23673 -4.20556 2.0327 -8.45628 6.41336 -14.0672 -0.852353 -38.7721 -0.655187 -0.352716 1.31697 -0.018934 -2.32622 -40.4017 -6.04875 -2.67736 -2.66026 15.4619 0.779096 -9.8844 12.4959 4.12626e-16 -7.83021e-16 3.05988e-19 -9.23673 -4.20556 2.0327 -12.7071 -8.49545 11.102 0.852353 -38.7721 -0.655187 4.04967 14.893 -0.267925 2.32622 -40.4017 -6.04875 -0.873963 -7.56104 -15.3691 -0.779096 -9.8844 12.4959 -3.6692e-15 -4.27313e-16 -1.2615e-14 
-10.1428 90.8095 74.7579 7.79016 10.7851 96.1456 0 5.07867 -1.15138 -5.92384 2.4979 0.467628 0 5.61661 1.07143 -4.59194 2.12091 -0.46343 -1.02604e-17 5.98978 0.11501 -3.3505 2.09994 -0.40559 -1.10457e-17 6.50583 -0.443523 -2.16558 1.35207 -0.425458 -1.97295e-17 7.60548 -1.50593 -0.966618 0.54615 -0.16681 -2.53307e-17 9.49737 -0.914492 0.316499 0.00100364 -0.599271 -2.90401e-17 10.5513 1.57691 -0.0103121 1.00602 -0.0540192 -1.29193e-17 4.78644 0.715339 0.648345 -0.233645 -1.08799 -1.8116e-17 4.82109 0.421791 1.4002 -3.4663 -0.711035 -2.00958e-17 4.83041 0.765062 5.01266 -1.75226 -0.131305 1.23299 -7.60731 7.53374 3.49532 4.66798 -1.46978 12.9547 3.2495 -3.26872 -81.8607 26.2383 -3.15375 29.2081 0.0598081 0.137039 1.31851 -0.0665585 -6.36714 24.234 0.0496219 0.113701 -1.25663 -24.4947 -1.07341 -1.23299 -7.60729 7.53365 3.97362 4.94671 3.04515 -12.9547 3.2495 -3.26872 88.1411 13.1104 5.28655 -29.2081 0.0598081 0.137039 -1.19467 -0.0538817 5.76628 -24.234 0.0496218 0.113702 1.23444 -16.0519 3.95811 9.23673 -4.20556 2.0327 -8.42899 6.39618 -14.0089 -0.852353 -38.7721 -0.655187 -0.363437 1.35702 -0.0193828 -2.32622 -40.4017 -6.04875 -2.62359 -2.69398 15.4604 0.779096 -9.8844 12.4959 4.22417e-16 -7.82715e-16 2.88531e-33 -9.23673 -4.20556 2.0327 -12.6711 -8.57691 11.0659 0.852353 -38.7721 -0.655187 4.07413 14.9796 -0.272717 2.32622 -40.4017 -6.04875 -0.861035 -7.48822 -15.3647 -0.779096 -9.8844 12.4959 -3.77691e-15 -4.22417e-16 -1.26104e-14 
-10.158 90.8051 74.7574 7.80256 10.7559 96.0611 0 5.07867 -1.15138 -5.91024 2.51249 0.460663 0 5.61661 1.07143 -4.57838 2.13495 -0.468832 -1.02604e-17 5.98978 0.11501 -3.33957 2.11458 -0.410943 -1.10457e-17 6.50583 -0.443523 -2.15717 1.37049 -0.43049 -1.97295e-17 7.60548 -1.50593 -0.962118 0.561661 -0.173287 -2.53307e-17 9.49737 -0.914492 0.317083 0.0223473 -0.60516 -2.90401e-17 10.5513 1.57691 -0.0110041 1.00414 -0.0521874 -1.29193e-17 4.78644 0.715339 0.641745 -0.232407 -1.14044 -1.8116e-17 4.82109 0.421791 1.40549 -3.44059 -0.734211 -2.00958e-17 4.83041 0.765062 5.0019 -1.72961 -0.118812 1.23299 -7.60731 7.53374 3.43651 4.66477 -1.4854 12.9547 3.2495 -3.26872 -81.8154 26.2158 -3.18601 29.2081 0.0598081 0.137039 1.31579 -0.0662701 -6.35397 24.234 0.0496219 0.113701 -1.23373 -24.4312 -1.09141 -1.23299 -7.60729 7.53365 4.0231 4.97662 3.07405 -12.9547 3.2495 -3.26872 88.0333 13.0935 5.29065 -29.2081 0.0598081 0.137039 -1.17233 -0.0517633 5.65812 -24.234 0.0496218 0.113702 1.24315 -16.1592 3.98739 9.23673 -4.20556 2.0327 -8.42061 6.37494 -13.9109 -0.852353 -38.7721 -0.655187 -0.371449 1.38695 -0.0197133 -2.32622 -40.4017 -6.04875 -2.5823 -2.72007 15.4589 0.779096 -9.8844 12.4959 4.22417e-16 -7.82715e-16 2.88531e-33 -9.23673 -4.20556 2.0327 -12.6533 -8.67868 11.03 0.852353 -38.7721 -0.655187 4.10213 15.0785 -0.278246 2.32622 -40.4017 -6.04875 -0.839002 -7.43424 -15.3612 -0.779096 -9.8844 12.4959 -2.61358e-15 -4.83008e-16 -1.26589e-14 
-10.1722 90.8017 74.7558 7.82208 10.7164 95.9834 0 5.07867 -1.15138 -5.8955 2.52344 0.453735 0 5.61661 1.07143 -4.56386 2.14699 -0.474023 -1.02604e-17 5.98978 0.11501 -3.32784 2.12875 -0.41609 -1.10457e-17 6.50583 -0.443523 -2.14802 1.39125 -0.435295 -1.97295e-17 7.60548 -1.50593 -0.956989 0.581372 -0.179597 -2.53307e-17 9.49737 -0.914492 0.318225 0.0489149 -0.611142 -2.90401e-17 10.5513 1.57691 -0.0116787 1.00176 -0.0504496 -1.29193e-17 4.78644 0.715339 0.635316 -0.230763 -1.19674 -1.8116e-17 4.82109 0.421791 1.41623 -3.42334 -0.759063 -2.00958e-17 4.83041 0.765062 4.99897 -1.7035 -0.115774 1.23299 -7.60731 7.53374 3.36919 4.65585 -1.49569 12.9547 3.2495 -3.26872 -81.7686 26.1854 -3.22126 29.2081 0.0598081 0.137039 1.31485 -0.0661698 -6.34939 24.234 0.0496219 0.113701 -1.19422 -24.3397 -1.09264 -1.23299 -7.60729 7.53365 4.07259 4.99757 3.09468 -12.9547 3.2495 -3.26872 87.9362 13.0594 5.29299 -29.2081 0.0598081 0.137039 -1.15403 -0.0500597 5.56954 -24.234 0.0496218 0.113702 1.24671 -16.2544 4.00345 9.23673 -4.20556 2.0327 -8.40191 6.35093 -13.8115 -0.852353 -38.7721 -0.655187 -0.384343 1.43511 -0.0202365 -2.32622 -40.4017 -6.04875 -2.53721 -2.75397 15.4588 0.779096 -9.8844 12.4959 3.46397e-17 -7.94833e-16 1.21181e-17 -9.23673 -4.20556 2.0327 -12.6266 -8.76763 10.995 0.852353 -38.7721 -0.655187 4.12768 15.1688 -0.283335 2.32622 -40.4017 -6.04875 -0.810416 -7.3734 -15.3567 -0.779096 -9.8844 12.4959 -2.57534e-16 -5.81482e-16 -1.2757e-14 
-10.1857 90.7984 74.7556 7.84397 10.7003 95.8795 0 5.07867 -1.15138 -5.88786 2.53035 0.449413 0 5.61661 1.07143 -4.55602 2.15625 -0.477381 -1.02604e-17 5.98978 0.11501 -3.3214 2.1415 -0.41948 -1.10457e-17 6.50583 -0.443523 -2.14298 1.41263 -0.438396 -1.97295e-17 7.60548 -1.50593 -0.954281 0.603045 -0.183547 -2.53307e-17 9.49737 -0.914492 0.319147 0.0780261 -0.614402 -2.90401e-17 10.5513 1.57691 -0.0122289 0.998783 -0.0488697 -1.29193e-17 4.78644 0.715339 0.628318 -0.227154 -1.25325 -1.8116e-17 4.82109 0.421791 1.42926 -3.39562 -0.78398 -2.00958e-17 4.83041 0.765062 4.99427 -1.67502 -0.104987 1.23299 -7.60731 7.53374 3.29653 4.64607 -1.50428 12.9547 3.2495 -3.26872 -81.7125 26.1494 -3.24357 29.2081 0.0598081 0.137039 1.31533 -0.0662218 -6.35175 24.234 0.0496219 0.113701 -1.1737 -24.2547 -1.10569 -1.23299 -7.60729 7.53365 4.11979 5.01416 3.11048 -12.9547 3.2495 -3.26872 87.8342 13.0519 5.2899 -29.2081 0.0598081 0.137039 -1.13995 -0.0487688 5.50141 -24.234 0.0496218 0.113702 1.25729 -16.3631 4.02038 9.23673 -4.20556 2.0327 -8.40776 6.32287 -13.6643 -0.852353 -38.7721 -0.655187 -0.400111 1.49402 -0.0208615 -2.32622 -40.4017 -6.04875 -2.49673 -2.77307 15.4587 0.779096 -9.8844 12.4959 2.48481e-17 -7.95139e-16 1.2424e-17 -9.23673 -4.20556 2.0327 -12.6175 -8.86191 10.9711 0.852353 -38.7721 -0.655187 4.155 15.2653 -0.288821 2.32622 -40.4017 -6.04875 -0.797026 -7.31955 -15.354 -0.779096 -9.8844 12.4959 1.88993e-16 -5.96048e-16 -1.27716e-14 
-10.1982 90.7959 74.7545 7.87125 10.6732 95.7789 0 5.07867 -1.15138 -5.87838 2.5331 0.445786 0 5.61661 1.07143 -4.54664 2.16348 -0.479739 -1.02604e-17 5.98978 0.11501 -3.31383 2.1542 -0.421977 -1.10457e-17 6.50583 -0.443523 -2.13714 1.43734 -0.440657 -1.97295e-17 7.60548 -1.50593 -0.951052 0.630047 -0.186735 -2.53307e-17 9.49737 -0.914492 0.320393 0.11328 -0.61687 -2.90401e-17 10.5513 1.57691 -0.0128088 0.994824 -0.0475193 -1.29193e-17 4.78644 0.715339 0.621697 -0.211237 -1.31193 -1.8116e-17 4.82109 0.421791 1.44335 -3.37575 -0.8098 -2.00958e-17 4.83041 0.765062 4.99558 -1.65167 -0.101302 1.23299 -7.60731 7.53374 3.22022 4.6284 -1.50802 12.9547 3.2495 -3.26872 -81.6569 26.1157 -3.27226 29.2081 0.0598081 0.137039 1.31785 -0.0664894 -6.36396 24.234 0.0496219 0.113701 -1.14295 -24.1659 -1.11173 -1.23299 -7.60729 7.53365 4.15806 5.01928 3.11426 -12.9547 3.2495 -3.26872 87.7503 13.0398 5.28895 -29.2081 0.0598081 0.137039 -1.12898 -0.0477747 5.44833 -24.234 0.0496218 0.113702 1.26498 -16.457 4.03142 9.23673 -4.20556 2.0327 -8.40462 6.2879 -13.4894 -0.852353 -38.7721 -0.655187 -0.422193 1.57651 -0.0217096 -2.32622 -40.4017 -6.04875 -2.44528 -2.80056 15.4595 0.779096 -9.8844 12.4959 2.48481e-17 -7.95139e-16 1.2424e-17 -9.23673 -4.20556 2.0327 -12.5953 -8.94432 10.9692 0.852353 -38.7721 -0.655187 4.17904 15.3501 -0.293685 2.32622 -40.4017 -6.04875 -0.777336 -7.25971 -15.351 -0.779096 -9.8844 12.4959 -1.88993e-16 -5.84236e-16 -1.27598e-14 
-10.209 90.7937 74.7544 7.90828 10.6586 95.6593 0 5.07867 -1.15138 -5.87202 2.53279 0.444004 0 5.61661 1.07143 -4.54034 2.16868 -0.480628 -1.02604e-17 5.98978 0.11501 -3.3087 2.16563 -0.423074 -1.10457e-17 6.50583 -0.443523 -2.13324 1.46212 -0.441559 -1.97295e-17 7.60548 -1.50593 -0.948877 0.658147 -0.188281 -2.53307e-17 9.49737 -0.914492 0.321763 0.149524 -0.617545 -2.90401e-17 10.5513 1.57691 -0.0134168 0.990439 -0.0463011 -1.29193e-17 4.78644 0.715339 0.615203 -0.193407 -1.36824 -1.8116e-17 4.82109 0.421791 1.46036 -3.34835 -0.83453 -2.00958e-17 4.83041 0.765062 4.99107 -1.62544 -0.0923861 1.23299 -7.60731 7.53374 3.14147 4.60913 -1.50848 12.9547 3.2495 -3.26872 -81.6061 26.0607 -3.2852 29.2081 0.0598081 0.137039 1.32184 -0.0669146 -6.38331 24.234 0.0496219 0.113701 -1.11019 -24.0585 -1.11733 -1.23299 -7.60729 7.53365 4.19292 5.01935 3.11209 -12.9547 3.2495 -3.26872 87.6662 13.0404 5.28486 -29.2081 0.0598081 0.137039 -1.12143 -0.0470964 5.4118 -24.234 0.0496218 0.113702 1.27066 -16.5503 4.03838 9.23673 -4.20556 2.0327 -8.41399 6.25779 -13.2865 -0.852353 -38.7721 -0.655187 -0.446571 1.66758 -0.0226091 -2.32622 -40.4017 -6.04875 -2.39435 -2.81827 15.46 0.779096 -9.8844 12.4959 2.48481e-17 -7.95139e-16 1.2424e-17 -9.23673 -4.20556 2.0327 -12.5772 -9.02686 10.9963 0.852353 -38.7721 -0.655187 4.20628 15.4461 -0.29924 2.32622 -40.4017 -6.04875 -0.776703 -7.19628 -15.3494 -0.779096 -9.8844 12.4959 -1.36212e-15 -5.35458e-16 -1.2711e-14 
-10.2189 90.791 74.7518 7.94031 10.6532 95.5646 0 5.07867 -1.15138 -5.86863 2.53135 0.442544 0 5.61661 1.07143 -4.53667 2.17307 -0.481465 -1.02604e-17 5.98978 0.11501 -3.30567 2.17667 -0.424159 -1.10457e-17 6.50583 -0.443523 -2.13088 1.48696 -0.442483 -1.97295e-17 7.60548 -1.50593 -0.947694 0.686993 -0.189596 -2.53307e-17 9.49737 -0.914492 0.322731 0.186455 -0.618008 -2.90401e-17 10.5513 1.57691 -0.0139557 0.986146 -0.0453002 -1.29193e-17 4.78644 0.715339 0.608782 -0.165837 -1.42925 -1.8116e-17 4.82109 0.421791 1.4776 -3.328 -0.861495 -2.00958e-17 4.83041 0.765062 4.99265 -1.60875 -0.0983373 1.23299 -7.60731 7.53374 3.06526 4.58749 -1.50683 12.9547 3.2495 -3.26872 -81.5555 26.0192 -3.30285 29.2081 0.0598081 0.137039 1.3274 -0.067508 -6.41022 24.234 0.0496219 0.113701 -1.08059 -23.9339 -1.124 -1.23299 -7.60729 7.53365 4.2159 5.012 3.10312 -12.9547 3.2495 -3.26872 87.5971 13.0465 5.27137 -29.2081 0.0598081 0.137039 -1.11687 -0.0466888 5.38972 -24.234 0.0496218 0.113702 1.28919 -16.6609 4.05413 9.23673 -4.20556 2.0327 -8.43294 6.22181 -13.1011 -0.852353 -38.7721 -0.655187 -0.47239 1.76403 -0.0235194 -2.32622 -40.4017 -6.04875 -2.3441 -2.83311 15.4606 0.779096 -9.8844 12.4959 -3.6293e-16 -8.07257e-16 2.45421e-17 -9.23673 -4.20556 2.0327 -12.57 -9.08898 11.0182 0.852353 -38.7721 -0.655187 4.22597 15.5154 -0.303282 2.32622 -40.4017 -6.04875 -0.785092 -7.14516 -15.3499 -0.779096 -9.8844 12.4959 1.32295e-15 -6.43296e-16 -1.2831e-14 
-10.2276 90.7885 74.7491 7.97421 10.6487 95.4741 0 5.07867 -1.15138 -5.86392 2.52767 0.441102 0 5.61661 1.07143 -4.53182 2.17622 -0.48212 -1.02604e-17 5.98978 0.11501 -3.30154 2.18742 -0.425106 -1.10457e-17 6.50583 -0.443523 -2.12761 1.51299 -0.443269 -1.97295e-17 7.60548 -1.50593 -0.945728 0.717727 -0.190919 -2.53307e-17 9.49737 -0.914492 0.324203 0.225674 -0.618386 -2.90401e-17 10.5513 1.57691 -0.0146668 0.981061 -0.0444554 -1.29193e-17 4.78644 0.715339 0.602204 -0.134841 -1.5018 -1.8116e-17 4.82109 0.421791 1.49831 -3.30622 -0.893499 -2.00958e-17 4.83041 0.765062 4.98916 -1.59425 -0.0921408 1.23299 -7.60731 7.53374 2.98327 4.56206 -1.50371 12.9547 3.2495 -3.26872 -81.509 25.9675 -3.31958 29.2081 0.0598081 0.137039 1.33437 -0.0682574 -6.44403 24.234 0.0496219 0.113701 -1.04398 -23.7802 -1.12234 -1.23299 -7.60729 7.53365 4.22988 4.99898 3.08792 -12.9547 3.2495 -3.26872 87.5315 13.071 5.26033 -29.2081 0.0598081 0.137039 -1.11471 -0.046496 5.37925 -24.234 0.0496218 0.113702 1.29993 -16.7739 4.06451 9.23673 -4.20556 2.0327 -8.45331 6.17439 -12.8843 -0.852353 -38.7721 -0.655187 -0.505308 1.88701 -0.0246171 -2.32622 -40.4017 -6.04875 -2.2855 -2.85124 15.4607 0.779096 -9.8844 12.4959 1.50565e-17 -7.95445e-16 1.273e-17 -9.23673 -4.20556 2.0327 -12.5596 -9.12891 11.0499 0.852353 -38.7721 -0.655187 4.23667 15.5531 -0.30549 2.32622 -40.4017 -6.04875 -0.805659 -7.09582 -15.3508 -0.779096 -9.8844 12.4959 -9.35174e-16 -5.49106e-16 -1.2725e-14 
-10.2358 90.7871 74.7473 8.02058 10.65 95.3813 0 5.07867 -1.15138 -5.8603 2.52258 0.44172 0 5.61661 1.07143 -4.52817 2.17929 -0.480769 -1.02604e-17 5.98978 0.11501 -3.29866 2.19933 -0.424184 -1.10457e-17 6.50583 -0.443523 -2.1257 1.54204 -0.442292 -1.97295e-17 7.60548 -1.50593 -0.944924 0.752655 -0.190197 -2.53307e-17 9.49737 -0.914492 0.325084 0.268931 -0.616225 -2.90401e-17 10.5513 1.57691 -0.0154458 0.975271 -0.0439058 -1.29193e-17 4.78644 0.715339 0.595329 -0.0934646 -1.56864 -1.8116e-17 4.82109 0.421791 1.51351 -3.29094 -0.923006 -2.00958e-17 4.83041 0.765062 4.98284 -1.59277 -0.0950805 1.23299 -7.60731 7.53374 2.90638 4.53115 -1.49849 12.9547 3.2495 -3.26872 -81.461 25.9062 -3.34716 29.2081 0.0598081 0.137039 1.34125 -0.0690001 -6.47736 24.234 0.0496219 0.113701 -1.01049 -23.6173 -1.11779 -1.23299 -7.60729 7.53365 4.23442 4.97614 3.06314 -12.9547 3.2495 -3.26872 87.4805 13.1008 5.25475 -29.2081 0.0598081 0.137039 -1.11437 -0.046466 5.37761 -24.234 0.0496218 0.113702 1.30682 -16.8757 4.07141 9.23673 -4.20556 2.0327 -8.47914 6.13602 -12.6516 -0.852353 -38.7721 -0.655187 -0.539584 2.01506 -0.0256851 -2.32622 -40.4017 -6.04875 -2.22409 -2.85975 15.4613 0.779096 -9.8844 12.4959 4.12626e-16 -7.83021e-16 3.05988e-19 -9.23673 -4.20556 2.0327 -12.5459 -9.15591 11.1255 0.852353 -38.7721 -0.655187 4.24678 15.5886 -0.307581 2.32622 -40.4017 -6.04875 -0.838129 -7.03884 -15.3525 -0.779096 -9.8844 12.4959 -2.15726e-15 -4.98186e-16 -1.26737e-14 
-10.2426 90.7852 74.7476 8.06345 10.6217 95.295 0 5.07867 -1.15138 -5.84672 2.51375 0.441674 0 5.61661 1.07143 -4.51631 2.1796 -0.478877 -1.02604e-17 5.98978 0.11501 -3.2896 2.20918 -0.422725 -1.10457e-17 6.50583 -0.443523 -2.11943 1.57057 -0.440738 -1.97295e-17 7.60548 -1.50593 -0.941673 0.788296 -0.189621 -2.53307e-17 9.49737 -0.914492 0.326248 0.312978 -0.614239 -2.90401e-17 10.5513 1.57691 -0.0162657 0.969338 -0.0434647 -1.29193e-17 4.78644 0.715339 0.589265 -0.0508627 -1.62896 -1.8116e-17 4.82109 0.421791 1.5283 -3.28166 -0.949485 -2.00958e-17 4.83041 0.765062 4.96889 -1.59964 -0.100757 1.23299 -7.60731 7.53374 2.83063 4.49642 -1.49417 12.9547 3.2495 -3.26872 -81.4318 25.8349 -3.36341 29.2081 0.0598081 0.137039 1.34967 -0.0699155 -6.5182 24.234 0.0496219 0.113701 -0.963596 -23.445 -1.11456 -1.23299 -7.60729 7.53365 4.23188 4.9483 3.03851 -12.9547 3.2495 -3.26872 87.4316 13.1388 5.25349 -29.2081 0.0598081 0.137039 -1.11597 -0.0466086 5.38536 -24.234 0.0496218 0.113702 1.32098 -16.9845 4.07501 9.23673 -4.20556 2.0327 -8.47562 6.11637 -12.4327 -0.852353 -38.7721 -0.655187 -0.563654 2.10498 -0.0263893 -2.32622 -40.4017 -6.04875 -2.15814 -2.88168 15.4605 0.779096 -9.8844 12.4959 4.22417e-16 -7.82715e-16 2.88531e-33 -9.23673 -4.20556 2.0327 -12.503 -9.18845 11.2061 0.852353 -38.7721 -0.655187 4.25707 15.6249 -0.309718 2.32622 -40.4017 -6.04875 -0.855726 -6.9699 -15.3527 -0.779096 -9.8844 12.4959 -1.0233e-15 -5.45434e-16 -1.2721e-14 
-10.2485 90.7835 74.7497 8.10819 10.5933 95.2125 0 5.07867 -1.15138 -5.83016 2.50243 0.44276 0 5.61661 1.07143 -4.5026 2.17772 -0.475549 -1.02604e-17 5.98978 0.11501 -3.2796 2.21719 -0.419844 -1.10457e-17 6.50583 -0.443523 -2.11306 1.59755 -0.437795 -1.97295e-17 7.60548 -1.50593 -0.938882 0.823233 -0.187674 -2.53307e-17 9.49737 -0.914492 0.326548 0.356076 -0.610428 -2.90401e-17 10.5513 1.57691 -0.0171 0.963952 -0.043043 -1.29193e-17 4.78644 0.715339 0.583014 -0.00536796 -1.68114 -1.8116e-17 4.82109 0.421791 1.53314 -3.26714 -0.972629 -2.00958e-17 4.83041 0.765062 4.94908 -1.60742 -0.11069 1.23299 -7.60731 7.53374 2.75248 4.46224 -1.4932 12.9547 3.2495 -3.26872 -81.4024 25.763 -3.37766 29.2081 0.0598081 0.137039 1.35829 -0.070859 -6.56001 24.234 0.0496219 0.113701 -0.921329 -23.2765 -1.12028 -1.23299 -7.60729 7.53365 4.22457 4.91902 3.01632 -12.9547 3.2495 -3.26872 87.3779 13.1917 5.25274 -29.2081 0.0598081 0.137039 -1.1187 -0.0468525 5.39859 -24.234 0.0496218 0.113702 1.33766 -17.1051 4.07225 9.23673 -4.20556 2.0327 -8.4733 6.11367 -12.2636 -0.852353 -38.7721 -0.655187 -0.580024 2.16614 -0.0268466 -2.32622 -40.4017 -6.04875 -2.07854 -2.89167 15.4584 0.779096 -9.8844 12.4959 3.46443e-17 -7.94833e-16 1.21179e-17 -9.23673 -4.20556 2.0327 -12.4578 -9.20659 11.2923 0.852353 -38.7721 -0.655187 4.26182 15.6416 -0.310706 2.32622 -40.4017 -6.04875 -0.880925 -6.90141 -15.3527 -0.779096 -9.8844 12.4959 -2.18377e-16 -5.83012e-16 -1.27586e-14 
-10.2512 90.782 74.7512 8.15508 10.5631 95.1629 0 5.07867 -1.15138 -5.8107 2.4908 0.443186 0 5.61661 1.07143 -4.48647 2.17515 -0.472777 -1.02604e-17 5.98978 0.11501 -3.26772 2.22399 -0.417522 -1.10457e-17 6.50583 -0.443523 -2.10528 1.62208 -0.435398 -1.97295e-17 7.60548 -1.50593 -0.935135 0.855662 -0.186513 -2.53307e-17 9.49737 -0.914492 0.327084 0.396385 -0.607537 -2.90401e-17 10.5513 1.57691 -0.0181733 0.959391 -0.0425038 -1.29193e-17 4.78644 0.715339 0.577486 0.0350673 -1.7391 -1.8116e-17 4.82109 0.421791 1.53937 -3.2485 -0.998442 -2.00958e-17 4.83041 0.765062 4.93002 -1.60125 -0.122008 1.23299 -7.60731 7.53374 2.66806 4.43003 -1.49424 12.9547 3.2495 -3.26872 -81.3726 25.6857 -3.39423 29.2081 0.0598081 0.137039 1.36794 -0.0719213 -6.60676 24.234 0.0496219 0.113701 -0.874372 -23.0912 -1.11503 -1.23299 -7.60729 7.53365 4.21553 4.89295 2.99573 -12.9547 3.2495 -3.26872 87.3297 13.2394 5.24771 -29.2081 0.0598081 0.137039 -1.12151 -0.0471033 5.41217 -24.234 0.0496218 0.113702 1.34938 -17.2272 4.06409 9.23673 -4.20556 2.0327 -8.46725 6.10848 -12.1485 -0.852353 -38.7721 -0.655187 -0.599979 2.24069 -0.0273805 -2.32622 -40.4017 -6.04875 -1.99129 -2.90281 15.4559 0.779096 -9.8844 12.4959 2.48481e-17 -7.95139e-16 1.2424e-17 -9.23673 -4.20556 2.0327 -12.41 -9.20595 11.3847 0.852353 -38.7721 -0.655187 4.26392 15.6489 -0.311142 2.32622 -40.4017 -6.04875 -0.918173 -6.83087 -15.3536 -0.779096 -9.8844 12.4959 -1.74988e-15 -5.11223e-16 -1.26989e-14 
-10.2559 90.7805 74.7506 8.19285 10.5148 95.1168 0 5.07867 -1.15138 -5.78104 2.47862 0.443844 0 5.61661 1.07143 -4.46229 2.17169 -0.468505 -1.02604e-17 5.98978 0.11501 -3.24989 2.22891 -0.413674 -1.10457e-17 6.50583 -0.443523 -2.09357 1.64354 -0.431415 -1.97295e-17 7.60548 -1.50593 -0.929087 0.884591 -0.184348 -2.53307e-17 9.49737 -0.914492 0.327963 0.431864 -0.603361 -2.90401e-17 10.5513 1.57691 -0.0193687 0.95505 -0.0416892 -1.29193e-17 4.78644 0.715339 0.572603 0.0692664 -1.788 -1.8116e-17 4.82109 0.421791 1.54639 -3.22759 -1.01985 -2.00958e-17 4.83041 0.765062 4.9041 -1.597 -0.131175 1.23299 -7.60731 7.53374 2.58169 4.39867 -1.49492 12.9547 3.2495 -3.26872 -81.3595 25.5845 -3.40523 29.2081 0.0598081 0.137039 1.3786 -0.0731049 -6.65845 24.234 0.0496219 0.113701 -0.819757 -22.8745 -1.12312 -1.23299 -7.60729 7.53365 4.19991 4.87146 2.97382 -12.9547 3.2495 -3.26872 87.268 13.2895 5.24973 -29.2081 0.0598081 0.137039 -1.12393 -0.04732 5.42386 -24.234 0.0496218 0.113702 1.36933 -17.3325 4.05016 9.23673 -4.20556 2.0327 -8.44309 6.08503 -12.0572 -0.852353 -38.7721 -0.655187 -0.623855 2.32988 -0.0279851 -2.32622 -40.4017 -6.04875 -1.91032 -2.93413 15.4548 0.779096 -9.8844 12.4959 2.48481e-17 -7.95139e-16 1.2424e-17 -9.23673 -4.20556 2.0327 -12.3456 -9.23044 11.4919 0.852353 -38.7721 -0.655187 4.27213 15.6778 -0.312854 2.32622 -40.4017 -6.04875 -0.946203 -6.74701 -15.354 -0.779096 -9.8844 12.4959 -6.25743e-16 -5.57857e-16 -1.27458e-14 
-10.2555 90.7756 74.746 8.1945 10.4803 95.1134 0 5.07867 -1.15138 -5.73911 2.54096 0.522902 0 5.61661 1.07143 -4.4428 2.21019 -0.384941 -1.02604e-17 5.98978 0.11501 -3.24592 2.25061 -0.334719 -1.10457e-17 6.50583 -0.443523 -2.10107 1.64352 -0.355478 -1.97295e-17 7.60548 -1.50593 -0.932563 0.859532 -0.106896 -2.53307e-17 9.49737 -0.914492 0.33709 0.365872 -0.512622 -2.90401e-17 10.5513 1.57691 -0.0160889 0.952921 -0.0478231 -1.29193e-17 4.78644 0.715339 0.545148 0.242163 -2.04403 -1.8116e-17 4.82109 0.421791 1.64878 -3.22699 -1.12949 -2.00958e-17 4.83041 0.765062 4.83644 -1.7021 -0.337747 1.23299 -7.60731 7.53374 2.7126 4.42965 -1.66237 12.9547 3.2495 -3.26872 -81.3325 25.9128 -3.58815 29.2081 0.0598081 0.137039 1.37906 -0.0731559 -6.66068 24.234 0.0496219 0.113701 -0.831453 -22.7707 -1.1668 -1.23299 -7.60729 7.53365 3.50439 4.80464 3.00675 -12.9547 3.2495 -3.26872 87.0025 14.1407 6.25529 -29.2081 0.0598081 0.137039 -1.11938 -0.046914 5.40189 -24.234 0.0496218 0.113702 1.8155 -18.8854 3.22875 9.23673 -4.20556 2.0327 -8.42351 6.01942 -12.0477 -0.852353 -38.7721 -0.655187 -0.651328 2.43251 -0.0286348 -2.32622 -40.4017 -6.04875 -1.94001 -3.02251 15.4713 0.779096 -9.8844 12.4959 2.48481e-17 -7.95139e-16 1.2424e-17 -9.23673 -4.20556 2.0327 -12.3167 -9.30585 11.5183 0.852353 -38.7721 -0.655187 4.29336 15.7524 -0.3173 2.32622 -40.4017 -6.04875 -0.930309 -6.70543 -15.3585 -0.779096 -9.8844 12.4959 -2.14745e-15 -4.98492e-16 -1.26744e-14 
-10.2512 90.7703 74.7359 8.18775 10.4315 95.1627 0 5.07867 -1.15138 -5.63756 2.72609 0.686842 0 5.61661 1.07143 -4.39205 2.31538 -0.20601 -1.02604e-17 5.98978 0.11501 -3.23069 2.29797 -0.163906 -1.10457e-17 6.50583 -0.443523 -2.11479 1.59952 -0.190016 -1.97295e-17 7.60548 -1.50593 -0.938187 0.736031 0.0608605 -2.53307e-17 9.49737 -0.914492 0.355558 0.135622 -0.319013 -2.90401e-17 10.5513 1.57691 -0.0107672 0.956506 -0.0574564 -1.29193e-17 4.78644 0.715339 0.471556 0.521907 -2.76619 -1.8116e-17 4.82109 0.421791 1.76627 -3.18904 -1.4488 -2.00958e-17 4.83041 0.765062 4.76042 -1.8454 -0.485793 1.23299 -7.60731 7.53374 2.94091 4.61355 -2.19071 12.9547 3.2495 -3.26872 -81.3084 26.6012 -3.94332 29.2081 0.0598081 0.137039 1.36675 -0.0717895 -6.601 24.234 0.0496219 0.113701 -0.863876 -22.7747 -1.24812 -1.23299 -7.60729 7.53365 2.18872 4.7509 3.24093 -12.9547 3.2495 -3.26872 86.2717 16.2331 8.45895 -29.2081 0.0598081 0.137039 -1.09991 -0.0451909 5.30767 -24.234 0.0496218 0.113702 2.44962 -22.6788 1.48419 9.23673 -4.20556 2.0327 -8.3967 5.96073 -11.9508 -0.852353 -38.7721 -0.655187 -0.672693 2.51232 -0.0291061 -2.32622 -40.4017 -6.04875 -1.98331 -3.12016 15.4906 0.779096 -9.8844 12.4959 2.48481e-17 -7.95139e-16 1.2424e-17 -9.23673 -4.20556 2.0327 -12.2975 -9.36168 11.4586 0.852353 -38.7721 -0.655187 4.30856 15.8058 -0.3205 2.32622 -40.4017 -6.04875 -0.88862 -6.67757 -15.3576 -0.779096 -9.8844 12.4959 -6.35539e-16 -5.57551e-16 -1.27452e-14 
-10.2453 90.763 74.7263 8.15144 10.3746 95.2272 0 5.07867 -1.15138 -5.4818 2.84198 0.861981 0 5.61661 1.07143 -4.30465 2.37078 -0.00367868 -1.02604e-17 5.98978 0.11501 -3.19246 2.32166 0.031729 -1.10457e-17 6.50583 -0.443523 -2.12007 1.57542 0.00135051 -1.97295e-17 7.60548 -1.50593 -0.943853 0.649793 0.254249 -2.53307e-17 9.49737 -0.914492 0.370107 -0.0490199 -0.0955219 -2.90401e-17 10.5513 1.57691 -0.00779631 0.957083 -0.0617552 -1.29193e-17 4.78644 0.715339 0.38275 0.896016 -3.6311 -1.8116e-17 4.82109 0.421791 1.73525 -3.13535 -1.83867 -2.00958e-17 4.83041 0.765062 4.75357 -2.07799 -0.552346 1.23299 -7.60731 7.53374 3.07244 4.79936 -2.82714 12.9547 3.2495 -3.26872 -81.2242 27.3204 -4.44926 29.2081 0.0598081 0.137039 1.31614 -0.0663084 -6.35567 24.234 0.0496219 0.113701 -0.933813 -22.7847 -1.40874 -1.23299 -7.60729 7.53365 1.10199 4.73619 3.54208 -12.9547 3.2495 -3.26872 85.285 18.5041 10.7466 -29.2081 0.0598081 0.137039 -0.992103 -0.0362309 4.78625 -24.234 0.0496218 0.113702 2.75434 -26.8908 0.128104 9.23673 -4.20556 2.0327 -8.37664 5.89501 -11.8475 -0.852353 -38.7721 -0.655187 -0.688486 2.57132 -0.0294353 -2.32622 -40.4017 -6.04875 -1.95922 -3.19397 15.5019 0.779096 -9.8844 12.4959 2.48481e-17 -7.95139e-16 1.2424e-17 -9.23673 -4.20556 2.0327 -12.2684 -9.39683 11.4301 0.852353 -38.7721 -0.655187 4.30704 15.8005 -0.32018 2.32622 -40.4017 -6.04875 -0.970338 -6.63713 -15.3425 -0.779096 -9.8844 12.4959 -2.53522e-15 -4.86374e-16 -1.26622e-14 
-10.2385 90.7573 74.7181 8.12356 10.3355 95.2892 0 5.07867 -1.15138 -5.33024 2.86 1.00472 0 5.61661 1.07143 -4.21256 2.36623 0.163478 -1.02604e-17 5.98978 0.11501 -3.14579 2.31945 0.19417 -1.10457e-17 6.50583 -0.443523 -2.11602 1.5826 0.160948 -1.97295e-17 7.60548 -1.50593 -0.946099 0.62373 0.414608 -2.53307e-17 9.49737 -0.914492 0.381806 -0.13123 0.0910101 -2.90401e-17 10.5513 1.57691 -0.00814139 0.955898 -0.0596387 -1.29193e-17 4.78644 0.715339 0.324151 1.31231 -4.33794 -1.8116e-17 4.82109 0.421791 1.6599 -3.12515 -2.1583 -2.00958e-17 4.83041 0.765062 4.71952 -2.34024 -0.612688 1.23299 -7.60731 7.53374 3.08281 4.90703 -3.32277 12.9547 3.2495 -3.26872 -81.1056 27.9377 -4.89397 29.2081 0.0598081 0.137039 1.23521 -0.057999 -5.96354 24.234 0.0496219 0.113701 -1.04861 -22.7854 -1.7126 -1.23299 -7.60729 7.53365 0.497991 4.83038 3.77597 -12.9547 3.2495 -3.26872 84.4624 20.0814 12.3266 -29.2081 0.0598081 0.137039 -0.769323 -0.0208382 3.70982 -24.234 0.0496218 0.113702 2.95572 -29.9747 0.0445625 9.23673 -4.20556 2.0327 -8.36945 5.84818 -11.8567 -0.852353 -38.7721 -0.655187 -0.700873 2.61758 -0.0296821 -2.32622 -40.4017 -6.04875 -1.88511 -3.22565 15.5018 0.779096 -9.8844 12.4959 2.48481e-17 -7.95139e-16 1.2424e-17 -9.23673 -4.20556 2.0327 -12.2531 -9.44915 11.3864 0.852353 -38.7721 -0.655187 4.31996 15.8459 -0.32291 2.32622 -40.4017 -6.04875 -1.08301 -6.57518 -15.3276 -0.779096 -9.8844 12.4959 5.17983e-16 -6.17835e-16 -1.27934e-14 
-10.2301 90.7494 74.7122 8.06636 10.2917 95.336 0 5.07867 -1.15138 -5.21925 2.84004 1.08913 0 5.61661 1.07143 -4.13625 2.34256 0.262604 -1.02604e-17 5.98978 0.11501 -3.10033 2.30466 0.28945 -1.10457e-17 6.50583 -0.443523 -2.10202 1.58622 0.254376 -1.97295e-17 7.60548 -1.50593 -0.941251 0.604304 0.505495 -2.53307e-17 9.49737 -0.914492 0.388973 -0.17643 0.200152 -2.90401e-17 10.5513 1.57691 -0.0113668 0.954904 -0.0562365 -1.29193e-17 4.78644 0.715339 0.312214 1.71299 -4.75256 -1.8116e-17 4.82109 0.421791 1.61213 -3.15208 -2.34332 -2.00958e-17 4.83041 0.765062 4.62142 -2.58985 -0.644402 1.23299 -7.60731 7.53374 3.08056 4.94803 -3.61451 12.9547 3.2495 -3.26872 -81.1282 28.2134 -5.08091 29.2081 0.0598081 0.137039 1.16546 -0.0512871 -5.62581 24.234 0.0496219 0.113701 -1.14846 -22.6672 -2.09003 -1.23299 -7.60729 7.53365 0.112993 4.98358 3.89876 -12.9547 3.2495 -3.26872 84.0423 21.0173 13.1297 -29.2081 0.0598081 0.137039 -0.532882 -0.00909307 2.56865 -24.234 0.0496218 0.113702 3.26771 -31.7117 0.801704 9.23673 -4.20556 2.0327 -8.35581 5.80736 -11.8511 -0.852353 -38.7721 -0.655187 -0.695527 2.59761 -0.0295768 -2.32622 -40.4017 -6.04875 -1.7666 -3.24776 15.4873 0.779096 -9.8844 12.4959 2.48481e-17 -7.95139e-16 1.2424e-17 -9.23673 -4.20556 2.0327 -12.2297 -9.58633 11.2899 0.852353 -38.7721 -0.655187 4.35564 15.971 -0.330501 2.32622 -40.4017 -6.04875 -1.20645 -6.49743 -15.3199 -0.779096 -9.8844 12.4959 -9.54738e-16 -5.48495e-16 -1.27241e-14 
-10.2209 90.7429 74.7067 8.01296 10.2694 95.3886 0 5.07867 -1.15138 -5.15269 2.77935 1.12201 0 5.61661 1.07143 -4.08528 2.3012 0.302925 -1.02604e-17 5.98978 0.11501 -3.06696 2.28594 0.326351 -1.10457e-17 6.50583 -0.443523 -2.08742 1.60828 0.290016 -1.97295e-17 7.60548 -1.50593 -0.93737 0.627512 0.537627 -2.53307e-17 9.49737 -0.914492 0.386659 -0.149047 0.244567 -2.90401e-17 10.5513 1.57691 -0.0157253 0.948526 -0.0549141 -1.29193e-17 4.78644 0.715339 0.31751 2.02697 -4.91356 -1.8116e-17 4.82109 0.421791 1.56331 -3.21945 -2.41409 -2.00958e-17 4.83041 0.765062 4.53184 -2.81283 -0.651754 1.23299 -7.60731 7.53374 3.07247 4.91345 -3.73642 12.9547 3.2495 -3.26872 -81.1959 28.1877 -5.15052 29.2081 0.0598081 0.137039 1.12886 -0.047931 -5.44866 24.234 0.0496219 0.113701 -1.21192 -22.4427 -2.33927 -1.23299 -7.60729 7.53365 -0.14504 5.07183 3.93562 -12.9547 3.2495 -3.26872 83.8848 21.5666 13.5086 -29.2081 0.0598081 0.137039 -0.366153 -0.00364596 1.76448 -24.234 0.0496218 0.113702 3.54337 -32.5386 1.56047 9.23673 -4.20556 2.0327 -8.3537 5.78187 -11.8811 -0.852353 -38.7721 -0.655187 -0.682937 2.55059 -0.0293215 -2.32622 -40.4017 -6.04875 -1.7149 -3.26347 15.4756 0.779096 -9.8844 12.4959 2.48481e-17 -7.95139e-16 1.2424e-17 -9.23673 -4.20556 2.0327 -12.2262 -9.71913 11.2042 0.852353 -38.7721 -0.655187 4.39181 16.0978 -0.338275 2.32622 -40.4017 -6.04875 -1.32268 -6.42637 -15.3155 -0.779096 -9.8844 12.4959 -6.0615e-16 -5.58776e-16 -1.27465e-14 
-10.211 90.7372 74.7013 7.96173 10.2484 95.4449 0 5.07867 -1.15138 -5.10657 2.7271 1.12559 0 5.61661 1.07143 -4.04821 2.2659 0.3111 -1.02604e-17 5.98978 0.11501 -3.04129 2.26581 0.3318 -1.10457e-17 6.50583 -0.443523 -2.07359 1.61696 0.294429 -1.97295e-17 7.60548 -1.50593 -0.934504 0.641517 0.538197 -2.53307e-17 9.49737 -0.914492 0.378158 -0.126244 0.253568 -2.90401e-17 10.5513 1.57691 -0.0200265 0.94429 -0.0550038 -1.29193e-17 4.78644 0.715339 0.321541 2.21536 -4.97323 -1.8116e-17 4.82109 0.421791 1.51256 -3.27016 -2.43979 -2.00958e-17 4.83041 0.765062 4.45618 -2.93629 -0.596621 1.23299 -7.60731 7.53374 3.01358 4.8799 -3.7914 12.9547 3.2495 -3.26872 -81.2092 28.1121 -5.13122 29.2081 0.0598081 0.137039 1.1289 -0.0479358 -5.44889 24.234 0.0496219 0.113701 -1.24901 -22.3112 -2.44581 -1.23299 -7.60729 7.53365 -0.343121 5.11607 3.93936 -12.9547 3.2495 -3.26872 83.806 22.0401 13.6905 -29.2081 0.0598081 0.137039 -0.281328 -0.00177328 1.35547 -24.234 0.0496218 0.113702 3.72405 -33.0524 2.01214 9.23673 -4.20556 2.0327 -8.34782 5.74721 -11.9083 -0.852353 -38.7721 -0.655187 -0.675283 2.52199 -0.0291612 -2.32622 -40.4017 -6.04875 -1.69878 -3.29438 15.469 0.779096 -9.8844 12.4959 2.48481e-17 -7.95139e-16 1.2424e-17 -9.23673 -4.20556 2.0327 -12.2281 -9.82047 11.1302 0.852353 -38.7721 -0.655187 4.41461 16.1776 -0.343218 2.32622 -40.4017 -6.04875 -1.38032 -6.38352 -15.3131 -0.779096 -9.8844 12.4959 -1.75967e-15 -5.1061e-16 -1.26986e-14 
-10.2005 90.7316 74.6958 7.90599 10.231 95.5103 0 5.07867 -1.15138 -5.06915 2.68911 1.1174 0 5.61661 1.07143 -4.01831 2.23867 0.306743 -1.02604e-17 5.98978 0.11501 -3.01961 2.24507 0.325878 -1.10457e-17 6.50583 -0.443523 -2.06046 1.61152 0.288242 -1.97295e-17 7.60548 -1.50593 -0.93099 0.641162 0.528486 -2.53307e-17 9.49737 -0.914492 0.369422 -0.119076 0.248586 -2.90401e-17 10.5513 1.57691 -0.0237061 0.944301 -0.0538819 -1.29193e-17 4.78644 0.715339 0.316387 2.26855 -4.98647 -1.8116e-17 4.82109 0.421791 1.45575 -3.27994 -2.44606 -2.00958e-17 4.83041 0.765062 4.38218 -2.9674 -0.531143 1.23299 -7.60731 7.53374 2.90977 4.86538 -3.80741 12.9547 3.2495 -3.26872 -81.1988 28.0441 -5.06759 29.2081 0.0598081 0.137039 1.15137 -0.0499831 -5.55762 24.234 0.0496219 0.113701 -1.25855 -22.2141 -2.46118 -1.23299 -7.60729 7.53365 -0.404796 5.15961 3.95321 -12.9547 3.2495 -3.26872 83.701 22.3822 13.7574 -29.2081 0.0598081 0.137039 -0.25016 -0.00123718 1.20519 -24.234 0.0496218 0.113702 3.78598 -33.3833 2.22787 9.23673 -4.20556 2.0327 -8.34562 5.6851 -11.9381 -0.852353 -38.7721 -0.655187 -0.678994 2.53586 -0.0292393 -2.32622 -40.4017 -6.04875 -1.6797 -3.33416 15.4659 0.779096 -9.8844 12.4959 2.48481e-17 -7.95139e-16 1.2424e-17 -9.23673 -4.20556 2.0327 -12.2364 -9.91382 11.0648 0.852353 -38.7721 -0.655187 4.43365 16.2442 -0.347367 2.32622 -40.4017 -6.04875 -1.41137 -6.35982 -15.3136 -0.779096 -9.8844 12.4959 -2.3797e-16 -5.82093e-16 -1.2758e-14 
-10.1884 90.7251 74.6915 7.84032 10.2035 95.5658 0 5.07867 -1.15138 -5.03248 2.64488 1.10882 0 5.61661 1.07143 -3.99053 2.20655 0.302399 -1.02604e-17 5.98978 0.11501 -2.99945 2.21979 0.320704 -1.10457e-17 6.50583 -0.443523 -2.0481 1.60298 0.283191 -1.97295e-17 7.60548 -1.50593 -0.927348 0.642697 0.520479 -2.53307e-17 9.49737 -0.914492 0.36181 -0.109903 0.243585 -2.90401e-17 10.5513 1.57691 -0.0261912 0.945065 -0.0523169 -1.29193e-17 4.78644 0.715339 0.307163 2.27663 -4.97114 -1.8116e-17 4.82109 0.421791 1.40275 -3.26917 -2.44038 -2.00958e-17 4.83041 0.765062 4.30614 -2.97337 -0.476755 1.23299 -7.60731 7.53374 2.81422 4.84545 -3.7866 12.9547 3.2495 -3.26872 -81.2112 28.0117 -4.9968 29.2081 0.0598081 0.137039 1.17852 -0.0525147 -5.68906 24.234 0.0496219 0.113701 -1.2492 -22.1286 -2.41955 -1.23299 -7.60729 7.53365 -0.406882 5.1819 3.95183 -12.9547 3.2495 -3.26872 83.59 22.6072 13.7644 -29.2081 0.0598081 0.137039 -0.244887 -0.00115436 1.17977 -24.234 0.0496218 0.113702 3.80235 -33.5719 2.32912 9.23673 -4.20556 2.0327 -8.33569 5.60635 -11.953 -0.852353 -38.7721 -0.655187 -0.686252 2.56297 -0.0293897 -2.32622 -40.4017 -6.04875 -1.64516 -3.38615 15.4631 0.779096 -9.8844 12.4959 2.48481e-17 -7.95139e-16 1.2424e-17 -9.23673 -4.20556 2.0327 -12.2372 -10.0247 10.9989 0.852353 -38.7721 -0.655187 4.45518 16.3195 -0.352088 2.32622 -40.4017 -6.04875 -1.41753 -6.34634 -15.3149 -0.779096 -9.8844 12.4959 -5.86558e-16 -5.59694e-16 -1.27474e-14 
-10.1744 90.7197 74.6891 7.78683 10.1814 95.6185 0 5.07867 -1.15138 -5.00966 2.6261 1.08801 0 5.61661 1.07143 -3.97416 2.18483 0.283931 -1.02604e-17 5.98978 0.11501 -2.98847 2.18611 0.300994 -1.10457e-17 6.50583 -0.443523 -2.04217 1.55441 0.26191 -1.97295e-17 7.60548 -1.50593 -0.930734 0.588526 0.496025 -2.53307e-17 9.49737 -0.914492 0.344004 -0.179141 0.223231 -2.90401e-17 10.5513 1.57691 -0.0286018 0.949137 -0.0566904 -1.29193e-17 4.78644 0.715339 0.337526 2.49964 -4.88072 -1.8116e-17 4.82109 0.421791 1.36068 -3.2457 -2.39879 -2.00958e-17 4.83041 0.765062 4.24564 -3.04633 -0.42019 1.23299 -7.60731 7.53374 2.78587 4.83232 -3.75423 12.9547 3.2495 -3.26872 -81.3341 27.9537 -4.75707 29.2081 0.0598081 0.137039 1.19941 -0.0545043 -5.79018 24.234 0.0496219 0.113701 -1.25411 -22.0825 -2.37356 -1.23299 -7.60729 7.53365 -0.741772 5.1071 3.78938 -12.9547 3.2495 -3.26872 83.9708 22.9685 13.4283 -29.2081 0.0598081 0.137039 -0.258398 -0.00137047 1.24491 -24.234 0.0496218 0.113702 3.87597 -33.5777 2.47568 9.23673 -4.20556 2.0327 -8.33517 5.54346 -11.9587 -0.852353 -38.7721 -0.655187 -0.690272 2.57799 -0.0294715 -2.32622 -40.4017 -6.04875 -1.56094 -3.4086 15.4547 0.779096 -9.8844 12.4959 2.48481e-17 -7.95139e-16 1.2424e-17 -9.23673 -4.20556 2.0327 -12.2396 -10.1077 10.9331 0.852353 -38.7721 -0.655187 4.46931 16.3689 -0.355202 2.32622 -40.4017 -6.04875 -1.45973 -6.32414 -15.3127 -0.779096 -9.8844 12.4959 -2.5352e-15 -4.86375e-16 -1.26622e-14 
-10.1583 90.7143 74.6887 7.73177 10.1333 95.6521 0 5.07867 -1.15138 -4.98249 2.61136 1.05885 0 5.61661 1.07143 -3.95117 2.16859 0.256893 -1.02604e-17 5.98978 0.11501 -2.97105 2.16033 0.272595 -1.10457e-17 6.50583 -0.443523 -2.02955 1.51723 0.231991 -1.97295e-17 7.60548 -1.50593 -0.93 0.549594 0.462193 -2.53307e-17 9.49737 -0.914492 0.32638 -0.22679 0.191368 -2.90401e-17 10.5513 1.57691 -0.0307841 0.949954 -0.06208 -1.29193e-17 4.78644 0.715339 0.373402 2.7367 -4.74924 -1.8116e-17 4.82109 0.421791 1.32552 -3.26297 -2.3389 -2.00958e-17 4.83041 0.765062 4.18867 -3.16236 -0.352383 1.23299 -7.60731 7.53374 2.78864 4.79896 -3.68696 12.9547 3.2495 -3.26872 -81.5517 27.8182 -4.48891 29.2081 0.0598081 0.137039 1.21871 -0.0563765 -5.88366 24.234 0.0496219 0.113701 -1.23352 -22.0036 -2.35142 -1.23299 -7.60729 7.53365 -1.05219 5.01001 3.60688 -12.9547 3.2495 -3.26872 84.3988 23.1331 13.0515 -29.2081 0.0598081 0.137039 -0.279072 -0.00173103 1.34459 -24.234 0.0496218 0.113702 3.90872 -33.2842 2.62752 9.23673 -4.20556 2.0327 -8.30143 5.48395 -11.9658 -0.852353 -38.7721 -0.655187 -0.693096 2.58853 -0.0295283 -2.32622 -40.4017 -6.04875 -1.53311 -3.46622 15.4513 0.779096 -9.8844 12.4959 2.48481e-17 -7.95139e-16 1.2424e-17 -9.23673 -4.20556 2.0327 -12.2151 -10.1968 10.8578 0.852353 -38.7721 -0.655187 4.48159 16.4118 -0.357917 2.32622 -40.4017 -6.04875 -1.46432 -6.29887 -15.3116 -0.779096 -9.8844 12.4959 -1.03313e-15 -5.45126e-16 -1.27207e-14 
-10.1407 90.7096 74.6913 7.68678 10.0922 95.6502 0 5.07867 -1.15138 -4.95761 2.61298 1.03461 0 5.61661 1.07143 -3.93111 2.16362 0.234659 -1.02604e-17 5.98978 0.11501 -2.9566 2.14156 0.248952 -1.10457e-17 6.50583 -0.443523 -2.01955 1.47986 0.206901 -1.97295e-17 7.60548 -1.50593 -0.93052 0.507104 0.433865 -2.53307e-17 9.49737 -0.914492 0.30947 -0.281295 0.165239 -2.90401e-17 10.5513 1.57691 -0.0322309 0.951069 -0.0672811 -1.29193e-17 4.78644 0.715339 0.394952 2.90666 -4.6475 -1.8116e-17 4.82109 0.421791 1.28792 -3.26766 -2.29256 -2.00958e-17 4.83041 0.765062 4.16039 -3.23573 -0.270438 1.23299 -7.60731 7.53374 2.79218 4.78609 -3.64144 12.9547 3.2495 -3.26872 -81.7145 27.6962 -4.26967 29.2081 0.0598081 0.137039 1.23281 -0.0577633 -5.95192 24.234 0.0496219 0.113701 -1.25269 -21.9693 -2.32829 -1.23299 -7.60729 7.53365 -1.34346 4.92617 3.46332 -12.9547 3.2495 -3.26872 84.6868 23.2856 12.8161 -29.2081 0.0598081 0.137039 -0.308648 -0.00230952 1.48719 -24.234 0.0496218 0.113702 3.95733 -33.0593 2.64864 9.23673 -4.20556 2.0327 -8.27091 5.43771 -11.9313 -0.852353 -38.7721 -0.655187 -0.693511 2.59009 -0.0295366 -2.32622 -40.4017 -6.04875 -1.53693 -3.52679 15.4519 0.779096 -9.8844 12.4959 2.48481e-17 -7.95139e-16 1.2424e-17 -9.23673 -4.20556 2.0327 -12.1916 -10.3022 10.8172 0.852353 -38.7721 -0.655187 4.50133 16.4807 -0.3623 2.32622 -40.4017 -6.04875 -1.45187 -6.27355 -15.3106 -0.779096 -9.8844 12.4959 -1.38169e-15 -5.3454e-16 -1.27101e-14 
-10.1221 90.7034 74.6943 7.62174 10.0614 95.6585 0 5.07867 -1.15138 -4.9411 2.64002 1.0121 0 5.61661 1.07143 -3.9193 2.17159 0.212982 -1.02604e-17 5.98978 0.11501 -2.94926 2.12301 0.225484 -1.10457e-17 6.50583 -0.443523 -2.01505 1.42169 0.181185 -1.97295e-17 7.60548 -1.50593 -0.934427 0.431638 0.405241 -2.53307e-17 9.49737 -0.914492 0.290655 -0.383441 0.139276 -2.90401e-17 10.5513 1.57691 -0.0334225 0.954839 -0.0747982 -1.29193e-17 4.78644 0.715339 0.422033 3.08317 -4.5557 -1.8116e-17 4.82109 0.421791 1.26341 -3.25289 -2.24987 -2.00958e-17 4.83041 0.765062 4.14794 -3.28934 -0.218594 1.23299 -7.60731 7.53374 2.79748 4.81197 -3.63885 12.9547 3.2495 -3.26872 -81.8938 27.5708 -3.99704 29.2081 0.0598081 0.137039 1.24609 -0.0590862 -6.01628 24.234 0.0496219 0.113701 -1.25234 -21.9528 -2.30037 -1.23299 -7.60729 7.53365 -1.76889 4.82934 3.31832 -12.9547 3.2495 -3.26872 84.9963 23.5597 12.6604 -29.2081 0.0598081 0.137039 -0.348722 -0.00321094 1.68042 -24.234 0.0496218 0.113702 4.05009 -32.9983 2.54987 9.23673 -4.20556 2.0327 -8.25665 5.37601 -11.8944 -0.852353 -38.7721 -0.655187 -0.692246 2.58536 -0.0295112 -2.32622 -40.4017 -6.04875 -1.52706 -3.58 15.4522 0.779096 -9.8844 12.4959 2.48481e-17 -7.95139e-16 1.2424e-17 -9.23673 -4.20556 2.0327 -12.183 -10.4226 10.7967 0.852353 -38.7721 -0.655187 4.5218 16.5521 -0.366871 2.32622 -40.4017 -6.04875 -1.43954 -6.26672 -15.309 -0.779096 -9.8844 12.4959 -1.00372e-15 -5.46352e-16 -1.27219e-14 
-10.1023 90.6959 74.7014 7.53846 10.0367 95.6655 0 5.07867 -1.15138 -4.92301 2.67514 0.994059 0 5.61661 1.07143 -3.90898 2.18104 0.196359 -1.02604e-17 5.98978 0.11501 -2.94512 2.09905 0.206349 -1.10457e-17 6.50583 -0.443523 -2.01464 1.3474 0.158689 -1.97295e-17 7.60548 -1.50593 -0.942584 0.333739 0.379916 -2.53307e-17 9.49737 -0.914492 0.267547 -0.521837 0.119246 -2.90401e-17 10.5513 1.57691 -0.0345967 0.958829 -0.0854914 -1.29193e-17 4.78644 0.715339 0.459123 3.36433 -4.51242 -1.8116e-17 4.82109 0.421791 1.24971 -3.23672 -2.22807 -2.00958e-17 4.83041 0.765062 4.13642 -3.39184 -0.155105 1.23299 -7.60731 7.53374 2.83705 4.8493 -3.66756 12.9547 3.2495 -3.26872 -82.0841 27.4762 -3.68901 29.2081 0.0598081 0.137039 1.25038 -0.0595156 -6.03704 24.234 0.0496219 0.113701 -1.29878 -21.9761 -2.3104 -1.23299 -7.60729 7.53365 -2.42898 4.68898 3.12067 -12.9547 3.2495 -3.26872 85.3938 24.0817 12.5434 -29.2081 0.0598081 0.137039 -0.390491 -0.00429455 1.88184 -24.234 0.0496218 0.113702 4.24947 -33.2029 2.41652 9.23673 -4.20556 2.0327 -8.25123 5.30108 -11.8677 -0.852353 -38.7721 -0.655187 -0.689059 2.57345 -0.0294469 -2.32622 -40.4017 -6.04875 -1.51059 -3.63239 15.4526 0.779096 -9.8844 12.4959 2.48481e-17 -7.95139e-16 1.2424e-17 -9.23673 -4.20556 2.0327 -12.1832 -10.5568 10.7538 0.852353 -38.7721 -0.655187 4.54118 16.6197 -0.371223 2.32622 -40.4017 -6.04875 -1.4627 -6.26544 -15.3055 -0.779096 -9.8844 12.4959 -2.18387e-16 -5.83011e-16 -1.27586e-14 
-10.0815 90.6892 74.7095 7.46174 10.0295 95.6663 0 5.07867 -1.15138 -4.90281 2.6812 0.974744 0 5.61661 1.07143 -3.89439 2.17728 0.178528 -1.02604e-17 5.98978 0.11501 -2.93567 2.0815 0.186918 -1.10457e-17 6.50583 -0.443523 -2.00894 1.31012 0.137585 -1.97295e-17 7.60548 -1.50593 -0.945531 0.290475 0.356431 -2.53307e-17 9.49737 -0.914492 0.250803 -0.579481 0.0979228 -2.90401e-17 10.5513 1.57691 -0.0362933 0.959553 -0.091501 -1.29193e-17 4.78644 0.715339 0.475313 3.51108 -4.51294 -1.8116e-17 4.82109 0.421791 1.21199 -3.23153 -2.22908 -2.00958e-17 4.83041 0.765062 4.13668 -3.46445 -0.0586483 1.23299 -7.60731 7.53374 2.78343 4.87319 -3.68631 12.9547 3.2495 -3.26872 -82.2136 27.3263 -3.46516 29.2081 0.0598081 0.137039 1.25382 -0.0598617 -6.05371 24.234 0.0496219 0.113701 -1.31946 -21.9536 -2.3407 -1.23299 -7.60729 7.53365 -2.70997 4.61009 3.02582 -12.9547 3.2495 -3.26872 85.5882 24.3057 12.4635 -29.2081 0.0598081 0.137039 -0.420699 -0.0051697 2.02752 -24.234 0.0496218 0.113702 4.24104 -33.2214 2.35831 9.23673 -4.20556 2.0327 -8.2589 5.24867 -11.8558 -0.852353 -38.7721 -0.655187 -0.679559 2.53797 -0.0292512 -2.32622 -40.4017 -6.04875 -1.53095 -3.67151 15.454 0.779096 -9.8844 12.4959 2.48481e-17 -7.95139e-16 1.2424e-17 -9.23673 -4.20556 2.0327 -12.2068 -10.6903 10.7047 0.852353 -38.7721 -0.655187 4.56484 16.7021 -0.376563 2.32622 -40.4017 -6.04875 -1.42497 -6.28689 -15.3055 -0.779096 -9.8844 12.4959 -9.74321e-16 -5.47577e-16 -1.27231e-14 
-10.0605 90.6832 74.7176 7.39057 10.0111 95.6707 0 5.07867 -1.15138 -4.88621 2.6723 0.956567 0 5.61661 1.07143 -3.88193 2.16584 0.161305 -1.02604e-17 5.98978 0.11501 -2.92663 2.06225 0.169028 -1.10457e-17 6.50583 -0.443523 -2.00259 1.28166 0.118971 -1.97295e-17 7.60548 -1.50593 -0.946121 0.262098 0.336056 -2.53307e-17 9.49737 -0.914492 0.239094 -0.61416 0.0782322 -2.90401e-17 10.5513 1.57691 -0.0374246 0.961549 -0.0941689 -1.29193e-17 4.78644 0.715339 0.477999 3.54842 -4.51297 -1.8116e-17 4.82109 0.421791 1.17682 -3.20971 -2.23072 -2.00958e-17 4.83041 0.765062 4.15322 -3.45102 -0.00949027 1.23299 -7.60731 7.53374 2.71167 4.89052 -3.67486 12.9547 3.2495 -3.26872 -82.2807 27.2192 -3.30704 29.2081 0.0598081 0.137039 1.25312 -0.0597913 -6.05033 24.234 0.0496219 0.113701 -1.33756 -21.9065 -2.34951 -1.23299 -7.60729 7.53365 -2.80931 4.57785 2.97168 -12.9547 3.2495 -3.26872 85.7012 24.3078 12.357 -29.2081 0.0598081 0.137039 -0.439542 -0.00575445 2.11839 -24.234 0.0496218 0.113702 4.20694 -33.0823 2.40196 9.23673 -4.20556 2.0327 -8.25471 5.19433 -11.8939 -0.852353 -38.7721 -0.655187 -0.6728 2.51272 -0.0291083 -2.32622 -40.4017 -6.04875 -1.52479 -3.71261 15.4553 0.779096 -9.8844 12.4959 2.48481e-17 -7.95139e-16 1.2424e-17 -9.23673 -4.20556 2.0327 -12.2161 -10.822 10.6653 0.852353 -38.7721 -0.655187 4.58954 16.7881 -0.382178 2.32622 -40.4017 -6.04875 -1.40958 -6.28926 -15.3034 -0.779096 -9.8844 12.4959 -2.18387e-16 -5.83011e-16 -1.27586e-14 
-10.0387 90.6757 74.727 7.30437 9.99391 95.6612 0 5.07867 -1.15138 -4.87718 2.67608 0.939914 0 5.61661 1.07143 -3.87438 2.16203 0.144076 -1.02604e-17 5.98978 0.11501 -2.91989 2.04485 0.15115 -1.10457e-17 6.50583 -0.443523 -1.99635 1.24467 0.100511 -1.97295e-17 7.60548 -1.50593 -0.94386 0.218501 0.315673 -2.53307e-17 9.49737 -0.914492 0.232585 -0.667971 0.0568971 -2.90401e-17 10.5513 1.57691 -0.0380536 0.965194 -0.0963807 -1.29193e-17 4.78644 0.715339 0.482538 3.53899 -4.51821 -1.8116e-17 4.82109 0.421791 1.17765 -3.1709 -2.23336 -2.00958e-17 4.83041 0.765062 4.14425 -3.39824 0.024542 1.23299 -7.60731 7.53374 2.64413 4.92136 -3.65669 12.9547 3.2495 -3.26872 -82.3876 27.0644 -3.10612 29.2081 0.0598081 0.137039 1.25782 -0.0602649 -6.07306 24.234 0.0496219 0.113701 -1.3198 -21.7767 -2.36174 -1.23299 -7.60729 7.53365 -2.90027 4.56543 2.93509 -12.9547 3.2495 -3.26872 85.7553 24.2256 12.2924 -29.2081 0.0598081 0.137039 -0.462185 -0.00649672 2.22761 -24.234 0.0496218 0.113702 4.20971 -32.9022 2.42145 9.23673 -4.20556 2.0327 -8.254 5.11594 -11.8923 -0.852353 -38.7721 -0.655187 -0.670393 2.50373 -0.0290567 -2.32622 -40.4017 -6.04875 -1.50632 -3.76027 15.4551 0.779096 -9.8844 12.4959 2.48481e-17 -7.95139e-16 1.2424e-17 -9.23673 -4.20556 2.0327 -12.223 -10.9519 10.6263 0.852353 -38.7721 -0.655187 4.6043 16.8394 -0.38555 2.32622 -40.4017 -6.04875 -1.39142 -6.30997 -15.3045 -0.779096 -9.8844 12.4959 1.88984e-16 -5.96048e-16 -1.27716e-14 
-10.0162 90.669 74.7366 7.22804 9.98169 95.6452 0 5.07867 -1.15138 -4.86946 2.66176 0.925127 0 5.61661 1.07143 -3.86798 2.14878 0.129139 -1.02604e-17 5.98978 0.11501 -2.91387 2.02682 0.1358 -1.10457e-17 6.50583 -0.443523 -1.99056 1.22142 0.0848961 -1.97295e-17 7.60548 -1.50593 -0.941641 0.196974 0.298623 -2.53307e-17 9.49737 -0.914492 0.227382 -0.693768 0.0387753 -2.90401e-17 10.5513 1.57691 -0.0387349 0.966412 -0.0980921 -1.29193e-17 4.78644 0.715339 0.484598 3.535 -4.53499 -1.8116e-17 4.82109 0.421791 1.17883 -3.14111 -2.24165 -2.00958e-17 4.83041 0.765062 4.15548 -3.35733 0.047099 1.23299 -7.60731 7.53374 2.58421 4.92576 -3.61806 12.9547 3.2495 -3.26872 -82.4901 26.8528 -2.95332 29.2081 0.0598081 0.137039 1.26086 -0.0605725 -6.08779 24.234 0.0496219 0.113701 -1.2836 -21.5282 -2.33224 -1.23299 -7.60729 7.53365 -2.9486 4.53333 2.8884 -12.9547 3.2495 -3.26872 85.8253 24.0831 12.2285 -29.2081 0.0598081 0.137039 -0.485426 -0.00730354 2.33971 -24.234 0.0496218 0.113702 4.15226 -32.6631 2.40428 9.23673 -4.20556 2.0327 -8.25767 5.04765 -11.8813 -0.852353 -38.7721 -0.655187 -0.667875 2.49432 -0.0290024 -2.32622 -40.4017 -6.04875 -1.4963 -3.80159 15.4556 0.779096 -9.8844 12.4959 2.48481e-17 -7.95139e-16 1.2424e-17 -9.23673 -4.20556 2.0327 -12.2254 -11.0584 10.618 0.852353 -38.7721 -0.655187 4.61207 16.8664 -0.387328 2.32622 -40.4017 -6.04875 -1.40716 -6.32439 -15.3047 -0.779096 -9.8844 12.4959 -1.74006e-15 -5.1153e-16 -1.26992e-14 
-9.99158 90.6611 74.7495 7.1368 9.97107 95.6151 0 5.07867 -1.15138 -4.87584 2.67059 0.898724 0 5.61661 1.07143 -3.8736 2.14373 0.100659 -1.02604e-17 5.98978 0.11501 -2.9179 1.99682 0.106096 -1.10457e-17 6.50583 -0.443523 -1.99248 1.15276 0.0528621 -1.97295e-17 7.60548 -1.50593 -0.947768 0.113052 0.264751 -2.53307e-17 9.49737 -0.914492 0.210535 -0.808378 0.00664579 -2.90401e-17 10.5513 1.57691 -0.0400526 0.970891 -0.106497 -1.29193e-17 4.78644 0.715339 0.529021 3.77756 -4.48846 -1.8116e-17 4.82109 0.421791 1.19975 -3.10181 -2.21778 -2.00958e-17 4.83041 0.765062 4.18666 -3.40351 0.0701973 1.23299 -7.60731 7.53374 2.58571 4.93516 -3.5775 12.9547 3.2495 -3.26872 -82.6648 26.5965 -2.6117 29.2081 0.0598081 0.137039 1.26321 -0.0608107 -6.09917 24.234 0.0496219 0.113701 -1.25354 -21.2851 -2.31744 -1.23299 -7.60729 7.53365 -3.42871 4.42037 2.66392 -12.9547 3.2495 -3.26872 86.4357 24.2082 11.815 -29.2081 0.0598081 0.137039 -0.519219 -0.00855802 2.50272 -24.234 0.0496218 0.113702 4.21365 -32.3587 2.5125 9.23673 -4.20556 2.0327 -8.27065 4.96637 -11.84 -0.852353 -38.7721 -0.655187 -0.663477 2.47789 -0.0289064 -2.32622 -40.4017 -6.04875 -1.42436 -3.8262 15.45 0.779096 -9.8844 12.4959 2.48481e-17 -7.95139e-16 1.2424e-17 -9.23673 -4.20556 2.0327 -12.2171 -11.1629 10.6529 0.852353 -38.7721 -0.655187 4.60956 16.8577 -0.386753 2.32622 -40.4017 -6.04875 -1.48025 -6.33462 -15.3021 -0.779096 -9.8844 12.4959 -1.78906e-15 -5.09386e-16 -1.26974e-14 
-9.96685 90.6528 74.7647 7.03795 9.94611 95.5616 0 5.07867 -1.15138 -4.87546 2.68399 0.876797 0 5.61661 1.07143 -3.87153 2.14737 0.0771271 -1.02604e-17 5.98978 0.11501 -2.91483 1.98403 0.0813412 -1.10457e-17 6.50583 -0.443523 -1.98776 1.11469 0.0267024 -1.97295e-17 7.60548 -1.50593 -0.947188 0.0668099 0.236605 -2.53307e-17 9.49737 -0.914492 0.201211 -0.869776 -0.0224898 -2.90401e-17 10.5513 1.57691 -0.0408331 0.971484 -0.11224 -1.29193e-17 4.78644 0.715339 0.555346 3.91437 -4.46709 -1.8116e-17 4.82109 0.421791 1.2269 -3.09723 -2.20636 -2.00958e-17 4.83041 0.765062 4.21421 -3.44033 0.104923 1.23299 -7.60731 7.53374 2.58619 4.93514 -3.52541 12.9547 3.2495 -3.26872 -82.8355 26.3382 -2.3427 29.2081 0.0598081 0.137039 1.27184 -0.0616911 -6.14101 24.234 0.0496219 0.113701 -1.26822 -20.9909 -2.35244 -1.23299 -7.60729 7.53365 -3.69497 4.34711 2.52805 -12.9547 3.2495 -3.26872 86.7537 24.126 11.6161 -29.2081 0.0598081 0.137039 -0.552391 -0.00988304 2.66275 -24.234 0.0496218 0.113702 4.22559 -31.9927 2.5542 9.23673 -4.20556 2.0327 -8.25944 4.88684 -11.7989 -0.852353 -38.7721 -0.655187 -0.655952 2.44978 -0.0287393 -2.32622 -40.4017 -6.04875 -1.44582 -3.89057 15.4521 0.779096 -9.8844 12.4959 2.48481e-17 -7.95139e-16 1.2424e-17 -9.23673 -4.20556 2.0327 -12.1891 -11.2897 10.7012 0.852353 -38.7721 -0.655187 4.60942 16.8572 -0.386721 2.32622 -40.4017 -6.04875 -1.50186 -6.35162 -15.3059 -0.779096 -9.8844 12.4959 -1.01353e-15 -5.45739e-16 -1.27216e-14 
-9.94335 90.6466 74.7815 6.96683 9.92004 95.503 0 5.07867 -1.15138 -4.86814 2.7151 0.879674 0 5.61661 1.07143 -3.86747 2.16515 0.0805944 -1.02604e-17 5.98978 0.11501 -2.91215 1.98733 0.0838567 -1.10457e-17 6.50583 -0.443523 -1.98532 1.09581 0.0285976 -1.97295e-17 7.60548 -1.50593 -0.944345 0.0380628 0.237735 -2.53307e-17 9.49737 -0.914492 0.202768 -0.911412 -0.0218627 -2.90401e-17 10.5513 1.57691 -0.0396557 0.972401 -0.114117 -1.29193e-17 4.78644 0.715339 0.545911 3.86245 -4.56954 -1.8116e-17 4.82109 0.421791 1.25452 -3.05503 -2.25154 -2.00958e-17 4.83041 0.765062 4.2711 -3.35148 0.12731 1.23299 -7.60731 7.53374 2.56455 4.983 -3.56093 12.9547 3.2495 -3.26872 -82.83 26.3287 -2.29961 29.2081 0.0598081 0.137039 1.27647 -0.062166 -6.16346 24.234 0.0496219 0.113701 -1.36044 -20.8681 -2.31367 -1.23299 -7.60729 7.53365 -3.79724 4.34076 2.5661 -12.9547 3.2495 -3.26872 86.4959 24.1652 11.9742 -29.2081 0.0598081 0.137039 -0.582206 -0.0111532 2.80661 -24.234 0.0496218 0.113702 4.27849 -32.2058 2.27702 9.23673 -4.20556 2.0327 -8.24124 4.81795 -11.7563 -0.852353 -38.7721 -0.655187 -0.655443 2.44788 -0.0287279 -2.32622 -40.4017 -6.04875 -1.4945 -3.96333 15.46 0.779096 -9.8844 12.4959 2.48481e-17 -7.95139e-16 1.2424e-17 -9.23673 -4.20556 2.0327 -12.1533 -11.403 10.7884 0.852353 -38.7721 -0.655187 4.61367 16.872 -0.387695 2.32622 -40.4017 -6.04875 -1.49889 -6.35934 -15.3113 -0.779096 -9.8844 12.4959 1.69381e-16 -5.95129e-16 -1.27707e-14 
-9.91961 90.6407 74.7992 6.90109 9.89051 95.4353 0 5.07867 -1.15138 -4.85862 2.72615 0.870322 0 5.61661 1.07143 -3.85903 2.16958 0.0724881 -1.02604e-17 5.98978 0.11501 -2.90395 1.98242 0.0762596 -1.10457e-17 6.50583 -0.443523 -1.978 1.07569 0.0211049 -1.97295e-17 7.60548 -1.50593 -0.938622 0.0110457 0.228874 -2.53307e-17 9.49737 -0.914492 0.203968 -0.94663 -0.0328 -2.90401e-17 10.5513 1.57691 -0.0401474 0.974137 -0.114131 -1.29193e-17 4.78644 0.715339 0.543986 3.78576 -4.64096 -1.8116e-17 4.82109 0.421791 1.23938 -2.96005 -2.28379 -2.00958e-17 4.83041 0.765062 4.33524 -3.23074 0.17524 1.23299 -7.60731 7.53374 2.44782 5.0463 -3.62307 12.9547 3.2495 -3.26872 -82.7797 26.3062 -2.22921 29.2081 0.0598081 0.137039 1.27405 -0.0619169 -6.1517 24.234 0.0496219 0.113701 -1.42159 -20.9653 -2.28797 -1.23299 -7.60729 7.53365 -3.73085 4.36206 2.62969 -12.9547 3.2495 -3.26872 86.3918 24.1925 12.1127 -29.2081 0.0598081 0.137039 -0.599993 -0.0119466 2.89244 -24.234 0.0496218 0.113702 4.10937 -32.2985 2.11869 9.23673 -4.20556 2.0327 -8.23293 4.7565 -11.6429 -0.852353 -38.7721 -0.655187 -0.65417 2.44313 -0.0286992 -2.32622 -40.4017 -6.04875 -1.4397 -3.99837 15.4581 0.779096 -9.8844 12.4959 2.48481e-17 -7.95139e-16 1.2424e-17 -9.23673 -4.20556 2.0327 -12.1012 -11.4706 10.9303 0.852353 -38.7721 -0.655187 4.59904 16.8211 -0.384345 2.32622 -40.4017 -6.04875 -1.54143 -6.36512 -15.3117 -0.779096 -9.8844 12.4959 -1.35229e-15 -5.35765e-16 -1.27113e-14 
-9.89614 90.6322 74.8158 6.79368 9.84717 95.3833 0 5.07867 -1.15138 -4.84892 2.70701 0.864615 0 5.61661 1.07143 -3.85095 2.15578 0.0684284 -1.02604e-17 5.98978 0.11501 -2.89603 1.96902 0.0729848 -1.10457e-17 6.50583 -0.443523 -1.97055 1.06618 0.0178276 -1.97295e-17 7.60548 -1.50593 -0.932196 0.00336483 0.224576 -2.53307e-17 9.49737 -0.914492 0.207796 -0.958326 -0.0392941 -2.90401e-17 10.5513 1.57691 -0.039438 0.973434 -0.114157 -1.29193e-17 4.78644 0.715339 0.548565 3.75774 -4.66596 -1.8116e-17 4.82109 0.421791 1.25304 -2.90905 -2.2944 -2.00958e-17 4.83041 0.765062 4.35969 -3.14371 0.135781 1.23299 -7.60731 7.53374 2.41771 5.06606 -3.6178 12.9547 3.2495 -3.26872 -82.771 26.426 -2.17544 29.2081 0.0598081 0.137039 1.26058 -0.0605433 -6.08643 24.234 0.0496219 0.113701 -1.51323 -21.1281 -2.37578 -1.23299 -7.60729 7.53365 -3.70856 4.37321 2.63025 -12.9547 3.2495 -3.26872 86.3788 24.1113 12.1507 -29.2081 0.0598081 0.137039 -0.590897 -0.0115375 2.84855 -24.234 0.0496218 0.113702 4.058 -32.246 2.19825 9.23673 -4.20556 2.0327 -8.20865 4.63774 -11.6381 -0.852353 -38.7721 -0.655187 -0.661339 2.46991 -0.0288593 -2.32622 -40.4017 -6.04875 -1.39866 -4.07148 15.4599 0.779096 -9.8844 12.4959 2.48481e-17 -7.95139e-16 1.2424e-17 -9.23673 -4.20556 2.0327 -12.0418 -11.5846 11.042 0.852353 -38.7721 -0.655187 4.5883 16.7838 -0.381895 2.32622 -40.4017 -6.04875 -1.60444 -6.37065 -15.3122 -0.779096 -9.8844 12.4959 -2.28202e-16 -5.82704e-16 -1.27583e-14 
-9.87322 90.6253 74.8336 6.70008 9.80506 95.3167 0 5.07867 -1.15138 -4.84203 2.71124 0.855795 0 5.61661 1.07143 -3.8428 2.15634 0.0602739 -1.02604e-17 5.98978 0.11501 -2.88708 1.96157 0.065151 -1.10457e-17 6.50583 -0.443523 -1.96159 1.04621 0.00988473 -1.97295e-17 7.60548 -1.50593 -0.924142 -0.0241746 0.214798 -2.53307e-17 9.49737 -0.914492 0.212059 -0.993877 -0.0514904 -2.90401e-17 10.5513 1.57691 -0.0391684 0.97396 -0.114289 -1.29193e-17 4.78644 0.715339 0.559067 3.77002 -4.71443 -1.8116e-17 4.82109 0.421791 1.27408 -2.86143 -2.31447 -2.00958e-17 4.83041 0.765062 4.35888 -3.08187 0.180412 1.23299 -7.60731 7.53374 2.40117 5.09241 -3.61256 12.9547 3.2495 -3.26872 -82.8001 26.4838 -2.06252 29.2081 0.0598081 0.137039 1.25508 -0.0599872 -6.0598 24.234 0.0496219 0.113701 -1.57855 -21.1998 -2.49607 -1.23299 -7.60729 7.53365 -3.72389 4.39903 2.62654 -12.9547 3.2495 -3.26872 86.4274 23.9989 12.1204 -29.2081 0.0598081 0.137039 -0.582712 -0.0111752 2.80905 -24.234 0.0496218 0.113702 4.0351 -32.1281 2.3088 9.23673 -4.20556 2.0327 -8.18474 4.53218 -11.5582 -0.852353 -38.7721 -0.655187 -0.667403 2.49256 -0.0289922 -2.32622 -40.4017 -6.04875 -1.33499 -4.12791 15.4557 0.779096 -9.8844 12.4959 2.48481e-17 -7.95139e-16 1.2424e-17 -9.23673 -4.20556 2.0327 -11.9809 -11.7134 11.1424 0.852353 -38.7721 -0.655187 4.58799 16.7826 -0.381823 2.32622 -40.4017 -6.04875 -1.63396 -6.36319 -15.3159 -0.779096 -9.8844 12.4959 -2.91313e-15 -4.62754e-16 -1.26383e-14 
-9.84817 90.62 74.8527 6.61916 9.76883 95.2473 0 5.07867 -1.15138 -4.83817 2.69412 0.857188 0 5.61661 1.07143 -3.83882 2.14729 0.0632401 -1.02604e-17 5.98978 0.11501 -2.88224 1.95845 0.0684524 -1.10457e-17 6.50583 -0.443523 -1.95629 1.05447 0.0135949 -1.97295e-17 7.60548 -1.50593 -0.917755 -0.0103262 0.218067 -2.53307e-17 9.49737 -0.914492 0.219299 -0.976563 -0.0501473 -2.90401e-17 10.5513 1.57691 -0.0383536 0.970474 -0.113362 -1.29193e-17 4.78644 0.715339 0.554683 3.73088 -4.73772 -1.8116e-17 4.82109 0.421791 1.29274 -2.84933 -2.32415 -2.00958e-17 4.83041 0.765062 4.38712 -3.04449 0.151449 1.23299 -7.60731 7.53374 2.41974 5.0825 -3.58183 12.9547 3.2495 -3.26872 -82.825 26.4902 -2.06048 29.2081 0.0598081 0.137039 1.25602 -0.0600823 -6.06436 24.234 0.0496219 0.113701 -1.56023 -21.0617 -2.5239 -1.23299 -7.60729 7.53365 -3.66307 4.40984 2.6436 -12.9547 3.2495 -3.26872 86.3409 23.8389 12.2583 -29.2081 0.0598081 0.137039 -0.576758 -0.0109153 2.78033 -24.234 0.0496218 0.113702 3.99096 -32.0815 2.26757 9.23673 -4.20556 2.0327 -8.16054 4.4294 -11.5046 -0.852353 -38.7721 -0.655187 -0.679057 2.53609 -0.0292407 -2.32622 -40.4017 -6.04875 -1.33049 -4.19547 15.4594 0.779096 -9.8844 12.4959 2.48481e-17 -7.95139e-16 1.2424e-17 -9.23673 -4.20556 2.0327 -11.9242 -11.8352 11.2694 0.852353 -38.7721 -0.655187 4.59123 16.7939 -0.382561 2.32622 -40.4017 -6.04875 -1.65068 -6.35572 -15.3181 -0.779096 -9.8844 12.4959 -2.67425e-16 -5.80866e-16 -1.27564e-14 
-9.82071 90.6163 74.8719 6.54555 9.75021 95.1718 0 5.07867 -1.15138 -4.83924 2.67115 0.86276 0 5.61661 1.07143 -3.83971 2.13285 0.0700228 -1.02604e-17 5.98978 0.11501 -2.88128 1.95115 0.07571 -1.10457e-17 6.50583 -0.443523 -1.9542 1.05931 0.0213688 -1.97295e-17 7.60548 -1.50593 -0.912621 0.000275444 0.22573 -2.53307e-17 9.49737 -0.914492 0.227961 -0.962781 -0.0439341 -2.90401e-17 10.5513 1.57691 -0.0379622 0.967415 -0.111931 -1.29193e-17 4.78644 0.715339 0.549468 3.68224 -4.79941 -1.8116e-17 4.82109 0.421791 1.32254 -2.83014 -2.35088 -2.00958e-17 4.83041 0.765062 4.41573 -3.00897 0.159562 1.23299 -7.60731 7.53374 2.40624 5.07774 -3.56914 12.9547 3.2495 -3.26872 -82.8064 26.4536 -2.05578 29.2081 0.0598081 0.137039 1.26009 -0.0604942 -6.08407 24.234 0.0496219 0.113701 -1.52442 -20.874 -2.52395 -1.23299 -7.60729 7.53365 -3.59238 4.42559 2.66537 -12.9547 3.2495 -3.26872 86.2658 23.755 12.3831 -29.2081 0.0598081 0.137039 -0.571077 -0.01067 2.75292 -24.234 0.0496218 0.113702 3.91193 -32.1311 2.17988 9.23673 -4.20556 2.0327 -8.15741 4.33936 -11.3896 -0.852353 -38.7721 -0.655187 -0.688758 2.57233 -0.0294408 -2.32622 -40.4017 -6.04875 -1.30377 -4.23632 15.4602 0.779096 -9.8844 12.4959 2.48481e-17 -7.95139e-16 1.2424e-17 -9.23673 -4.20556 2.0327 -11.8846 -11.9377 11.3915 0.852353 -38.7721 -0.655187 4.59053 16.7915 -0.382403 2.32622 -40.4017 -6.04875 -1.66603 -6.35979 -15.3204 -0.779096 -9.8844 12.4959 -9.74312e-16 -5.47577e-16 -1.27231e-14 
-9.80708 90.6121 74.8927 6.49451 9.72279 95.0885 0 5.07867 -1.15138 -4.83938 2.65745 0.871467 0 5.61661 1.07143 -3.84048 2.12471 0.0803251 -1.02604e-17 5.98978 0.11501 -2.88093 1.94762 0.0865054 -1.10457e-17 6.50583 -0.443523 -1.95347 1.06428 0.0325855 -1.97295e-17 7.60548 -1.50593 -0.908804 0.00753847 0.237123 -2.53307e-17 9.49737 -0.914492 0.236247 -0.955596 -0.0331825 -2.90401e-17 10.5513 1.57691 -0.037636 0.965073 -0.11048 -1.29193e-17 4.78644 0.715339 0.547447 3.65795 -4.83952 -1.8116e-17 4.82109 0.421791 1.3571 -2.83035 -2.36723 -2.00958e-17 4.83041 0.765062 4.45372 -2.99807 0.124865 1.23299 -7.60731 7.53374 2.40845 5.06576 -3.55415 12.9547 3.2495 -3.26872 -82.7958 26.3873 -2.06437 29.2081 0.0598081 0.137039 1.26376 -0.0608673 -6.10187 24.234 0.0496219 0.113701 -1.46581 -20.6649 -2.50234 -1.23299 -7.60729 7.53365 -3.55368 4.43825 2.66544 -12.9547 3.2495 -3.26872 86.2605 23.6718 12.4557 -29.2081 0.0598081 0.137039 -0.559704 -0.0101873 2.69805 -24.234 0.0496218 0.113702 3.85851 -32.1616 2.1396 9.23673 -4.20556 2.0327 -8.14469 4.26249 -11.2857 -0.852353 -38.7721 -0.655187 -0.698183 2.60754 -0.0296293 -2.32622 -40.4017 -6.04875 -1.27178 -4.2753 15.4616 0.779096 -9.8844 12.4959 2.48481e-17 -7.95139e-16 1.2424e-17 -9.23673 -4.20556 2.0327 -11.8323 -12.0416 11.5201 0.852353 -38.7721 -0.655187 4.59502 16.8071 -0.383428 2.32622 -40.4017 -6.04875 -1.68436 -6.33596 -15.3197 -0.779096 -9.8844 12.4959 -1.38169e-15 -5.3454e-16 -1.27101e-14 
-9.78588 90.6093 74.9108 6.43894 9.70373 95.0303 0 5.07867 -1.15138 -4.83995 2.63058 0.879047 0 5.61661 1.07143 -3.84105 2.10863 0.0892443 -1.02604e-17 5.98978 0.11501 -2.88036 1.94181 0.0956763 -1.10457e-17 6.50583 -0.443523 -1.95237 1.07581 0.0421208 -1.97295e-17 7.60548 -1.50593 -0.905165 0.0263981 0.24661 -2.53307e-17 9.49737 -0.914492 0.243847 -0.932013 -0.0239464 -2.90401e-17 10.5513 1.57691 -0.037713 0.960844 -0.10945 -1.29193e-17 4.78644 0.715339 0.547176 3.65839 -4.90246 -1.8116e-17 4.82109 0.421791 1.39783 -2.84267 -2.39382 -2.00958e-17 4.83041 0.765062 4.4806 -3.02233 0.0975218 1.23299 -7.60731 7.53374 2.41562 5.04066 -3.53888 12.9547 3.2495 -3.26872 -82.7799 26.3056 -2.09171 29.2081 0.0598081 0.137039 1.26538 -0.0610323 -6.10972 24.234 0.0496219 0.113701 -1.42776 -20.4367 -2.47974 -1.23299 -7.60729 7.53365 -3.54099 4.44042 2.65645 -12.9547 3.2495 -3.26872 86.2675 23.6318 12.5244 -29.2081 0.0598081 0.137039 -0.543454 -0.00951658 2.61965 -24.234 0.0496218 0.113702 3.82571 -32.2366 2.12192 9.23673 -4.20556 2.0327 -8.14017 4.19856 -11.1936 -0.852353 -38.7721 -0.655187 -0.70213 2.62228 -0.0297066 -2.32622 -40.4017 -6.04875 -1.24601 -4.30177 15.4606 0.779096 -9.8844 12.4959 2.48481e-17 -7.95139e-16 1.2424e-17 -9.23673 -4.20556 2.0327 -11.7953 -12.1488 11.6403 0.852353 -38.7721 -0.655187 4.60602 16.8454 -0.385944 2.32622 -40.4017 -6.04875 -1.68911 -6.32035 -15.3208 -0.779096 -9.8844 12.4959 -2.28202e-16 -5.82704e-16 -1.27583e-14 
-9.76422 90.6069 74.9283 6.38069 9.6892 94.9854 0 5.07867 -1.15138 -4.84185 2.60977 0.884244 0 5.61661 1.07143 -3.84281 2.09606 0.0955494 -1.02604e-17 5.98978 0.11501 -2.88099 1.93669 0.102089 -1.10457e-17 6.50583 -0.443523 -1.95236 1.0834 0.0487327 -1.97295e-17 7.60548 -1.50593 -0.903017 0.0387447 0.253203 -2.53307e-17 9.49737 -0.914492 0.249131 -0.916886 -0.0171088 -2.90401e-17 10.5513 1.57691 -0.0379976 0.957346 -0.10876 -1.29193e-17 4.78644 0.715339 0.546904 3.66675 -4.97395 -1.8116e-17 4.82109 0.421791 1.42728 -2.85206 -2.42432 -2.00958e-17 4.83041 0.765062 4.5165 -3.04955 0.0742539 1.23299 -7.60731 7.53374 2.41283 5.02551 -3.53858 12.9547 3.2495 -3.26872 -82.7377 26.2321 -2.12174 29.2081 0.0598081 0.137039 1.2662 -0.0611151 -6.11366 24.234 0.0496219 0.113701 -1.40103 -20.236 -2.46277 -1.23299 -7.60729 7.53365 -3.54628 4.445 2.65142 -12.9547 3.2495 -3.26872 86.2777 23.6249 12.5852 -29.2081 0.0598081 0.137039 -0.52827 -0.00890997 2.54639 -24.234 0.0496218 0.113702 3.81651 -32.3554 2.10402 9.23673 -4.20556 2.0327 -8.14089 4.13571 -11.1224 -0.852353 -38.7721 -0.655187 -0.704473 2.63103 -0.0297519 -2.32622 -40.4017 -6.04875 -1.2212 -4.32319 15.4604 0.779096 -9.8844 12.4959 -3.62915e-16 -8.07256e-16 2.45417e-17 -9.23673 -4.20556 2.0327 -11.7636 -12.2569 11.7615 0.852353 -38.7721 -0.655187 4.61853 16.8889 -0.388811 2.32622 -40.4017 -6.04875 -1.70332 -6.30464 -15.3222 -0.779096 -9.8844 12.4959 -2.52537e-15 -4.86989e-16 -1.26626e-14 
-9.74303 90.6031 74.9439 6.31001 9.6691 94.943 0 5.07867 -1.15138 -4.83004 2.55403 0.896481 0 5.61661 1.07143 -3.83186 2.06826 0.111068 -1.02604e-17 5.98978 0.11501 -2.86964 1.94027 0.119243 -1.10457e-17 6.50583 -0.443523 -1.9421 1.13923 0.0688925 -1.97295e-17 7.60548 -1.50593 -0.889823 0.120471 0.273604 -2.53307e-17 9.49737 -0.914492 0.268471 -0.799411 -0.000818659 -2.90401e-17 10.5513 1.57691 -0.0380215 0.950254 -0.0996527 -1.29193e-17 4.78644 0.715339 0.496607 3.3708 -5.11485 -1.8116e-17 4.82109 0.421791 1.43847 -2.86118 -2.49009 -2.00958e-17 4.83041 0.765062 4.53774 -2.95481 0.0558996 1.23299 -7.60731 7.53374 2.31288 5.00394 -3.52682 12.9547 3.2495 -3.26872 -82.6057 26.1686 -2.33955 29.2081 0.0598081 0.137039 1.26902 -0.0614038 -6.12735 24.234 0.0496219 0.113701 -1.33681 -19.9898 -2.4339 -1.23299 -7.60729 7.53365 -2.99521 4.5568 2.84328 -12.9547 3.2495 -3.26872 85.7499 23.2377 12.9222 -29.2081 0.0598081 0.137039 -0.501583 -0.0078908 2.41766 -24.234 0.0496218 0.113702 3.617 -32.4105 2.03184 9.23673 -4.20556 2.0327 -8.13 4.04656 -11.0577 -0.852353 -38.7721 -0.655187 -0.715769 2.67323 -0.0299656 -2.32622 -40.4017 -6.04875 -1.25208 -4.38082 15.4656 0.779096 -9.8844 12.4959 1.50423e-17 -7.95445e-16 1.27305e-17 -9.23673 -4.20556 2.0327 -11.7369 -12.4075 11.8651 0.852353 -38.7721 -0.655187 4.64648 16.986 -0.395257 2.32622 -40.4017 -6.04875 -1.64421 -6.30598 -15.3275 -0.779096 -9.8844 12.4959 -2.5842e-15 -4.84538e-16 -1.26601e-14 
-9.72172 90.5985 74.9578 6.23196 9.63154 94.9068 0 5.07867 -1.15138 -4.82208 2.511 0.906014 0 5.61661 1.07143 -3.82625 2.04195 0.123752 -1.02604e-17 5.98978 0.11501 -2.86358 1.9285 0.13366 -1.10457e-17 6.50583 -0.443523 -1.93726 1.15302 0.0853363 -1.97295e-17 7.60548 -1.50593 -0.881833 0.145463 0.290261 -2.53307e-17 9.49737 -0.914492 0.281799 -0.761357 0.0143141 -2.90401e-17 10.5513 1.57691 -0.0379857 0.949162 -0.0925436 -1.29193e-17 4.78644 0.715339 0.459661 3.14324 -5.23781 -1.8116e-17 4.82109 0.421791 1.44726 -2.80743 -2.54576 -2.00958e-17 4.83041 0.765062 4.56948 -2.80927 0.00596311 1.23299 -7.60731 7.53374 2.23019 5.01463 -3.53871 12.9547 3.2495 -3.26872 -82.4468 26.1802 -2.49063 29.2081 0.0598081 0.137039 1.26366 -0.0608576 -6.10137 24.234 0.0496219 0.113701 -1.31133 -19.8433 -2.3899 -1.23299 -7.60729 7.53365 -2.65814 4.66208 2.96867 -12.9547 3.2495 -3.26872 85.4495 23.0485 13.0885 -29.2081 0.0598081 0.137039 -0.475062 -0.00693738 2.28973 -24.234 0.0496218 0.113702 3.52555 -32.5878 2.01477 9.23673 -4.20556 2.0327 -8.11107 3.93032 -10.9615 -0.852353 -38.7721 -0.655187 -0.734908 2.74471 -0.0303087 -2.32622 -40.4017 -6.04875 -1.17793 -4.43406 15.4651 0.779096 -9.8844 12.4959 2.48481e-17 -7.95139e-16 1.2424e-17 -9.23673 -4.20556 2.0327 -11.6905 -12.5584 11.9795 0.852353 -38.7721 -0.655187 4.67072 17.0701 -0.400883 2.32622 -40.4017 -6.04875 -1.6316 -6.29243 -15.3268 -0.779096 -9.8844 12.4959 -6.45383e-16 -5.57243e-16 -1.27449e-14 
-9.70121 90.5909 74.974 6.13912 9.58706 94.8692 0 5.07867 -1.15138 -4.80979 2.47791 0.916416 0 5.61661 1.07143 -3.81676 2.02064 0.137122 -1.02604e-17 5.98978 0.11501 -2.85478 1.91704 0.147858 -1.10457e-17 6.50583 -0.443523 -1.93003 1.15994 0.100718 -1.97295e-17 7.60548 -1.50593 -0.872107 0.157971 0.30498 -2.53307e-17 9.49737 -0.914492 0.295379 -0.742806 0.0275134 -2.90401e-17 10.5513 1.57691 -0.0377657 0.9472 -0.0879876 -1.29193e-17 4.78644 0.715339 0.436869 2.98954 -5.35873 -1.8116e-17 4.82109 0.421791 1.48848 -2.77361 -2.59875 -2.00958e-17 4.83041 0.765062 4.54781 -2.70123 -0.0615096 1.23299 -7.60731 7.53374 2.19974 5.02511 -3.55237 12.9547 3.2495 -3.26872 -82.4118 26.1655 -2.57177 29.2081 0.0598081 0.137039 1.2588 -0.0603652 -6.07785 24.234 0.0496219 0.113701 -1.25211 -19.6621 -2.38383 -1.23299 -7.60729 7.53365 -2.48326 4.74058 3.06257 -12.9547 3.2495 -3.26872 85.1712 22.9317 13.3186 -29.2081 0.0598081 0.137039 -0.447726 -0.0060169 2.15788 -24.234 0.0496218 0.113702 3.52709 -32.8529 1.96552 9.23673 -4.20556 2.0327 -8.08373 3.82023 -10.849 -0.852353 -38.7721 -0.655187 -0.744791 2.78163 -0.0304765 -2.32622 -40.4017 -6.04875 -1.14104 -4.50638 15.4657 0.779096 -9.8844 12.4959 2.48481e-17 -7.95139e-16 1.2424e-17 -9.23673 -4.20556 2.0327 -11.641 -12.7292 12.0794 0.852353 -38.7721 -0.655187 4.69743 17.1628 -0.407125 2.32622 -40.4017 -6.04875 -1.58614 -6.29716 -15.3283 -0.779096 -9.8844 12.4959 -1.37188e-15 -5.34847e-16 -1.27107e-14 
-9.68675 90.5748 75.0017 6.01389 9.5169 94.813 0 5.07867 -1.15138 -4.75738 2.49049 0.997719 0 5.61661 1.07143 -3.78804 2.02764 0.229397 -1.02604e-17 5.98978 0.11501 -2.84022 1.92861 0.238673 -1.10457e-17 6.50583 -0.443523 -1.92728 1.18352 0.19228 -1.97295e-17 7.60548 -1.50593 -0.860578 0.174024 0.39713 -2.53307e-17 9.49737 -0.914492 0.325902 -0.73877 0.124037 -2.90401e-17 10.5513 1.57691 -0.0332265 0.943842 -0.081954 -1.29193e-17 4.78644 0.715339 0.353221 2.70812 -5.76325 -1.8116e-17 4.82109 0.421791 1.58832 -2.7702 -2.77781 -2.00958e-17 4.83041 0.765062 4.49411 -2.54827 -0.214499 1.23299 -7.60731 7.53374 2.3161 5.09674 -3.71831 12.9547 3.2495 -3.26872 -82.3154 26.5198 -2.97701 29.2081 0.0598081 0.137039 1.24353 -0.0588293 -6.00388 24.234 0.0496219 0.113701 -1.25701 -19.5673 -2.41719 -1.23299 -7.60729 7.53365 -2.52074 4.86498 3.36399 -12.9547 3.2495 -3.26872 83.769 23.4056 14.8593 -29.2081 0.0598081 0.137039 -0.40598 -0.00473308 1.95655 -24.234 0.0496218 0.113702 3.91789 -34.7344 1.2507 9.23673 -4.20556 2.0327 -8.0146 3.68169 -10.7705 -0.852353 -38.7721 -0.655187 -0.753327 2.81351 -0.0306163 -2.32622 -40.4017 -6.04875 -1.23536 -4.68339 15.4831 0.779096 -9.8844 12.4959 2.48481e-17 -7.95139e-16 1.2424e-17 -9.23673 -4.20556 2.0327 -11.5761 -12.9974 12.1222 0.852353 -38.7721 -0.655187 4.7499 17.3445 -0.419508 2.32622 -40.4017 -6.04875 -1.44967 -6.33807 -15.3348 -0.779096 -9.8844 12.4959 -1.00373e-15 -5.46351e-16 -1.27219e-14 
-9.67913 90.5478 75.049 5.84415 9.39996 94.691 0 5.07867 -1.15138 -4.66927 2.44447 1.05751 0 5.61661 1.07143 -3.72838 1.99047 0.306463 -1.02604e-17 5.98978 0.11501 -2.80011 1.90699 0.315971 -1.10457e-17 6.50583 -0.443523 -1.90745 1.18894 0.271609 -1.97295e-17 7.60548 -1.50593 -0.841763 0.180225 0.473805 -2.53307e-17 9.49737 -0.914492 0.350701 -0.739035 0.205299 -2.90401e-17 10.5513 1.57691 -0.0338511 0.939939 -0.0733079 -1.29193e-17 4.78644 0.715339 0.275048 2.47787 -6.25934 -1.8116e-17 4.82109 0.421791 1.5738 -2.66971 -3.00012 -2.00958e-17 4.83041 0.765062 4.50638 -2.40116 -0.210102 1.23299 -7.60731 7.53374 2.21268 5.20423 -3.98303 12.9547 3.2495 -3.26872 -82.1667 26.6782 -3.27985 29.2081 0.0598081 0.137039 1.2185 -0.0563552 -5.88266 24.234 0.0496219 0.113701 -1.23833 -19.5131 -2.46683 -1.23299 -7.60729 7.53365 -2.33033 5.03595 3.7234 -12.9547 3.2495 -3.26872 82.5702 24.067 16.1468 -29.2081 0.0598081 0.137039 -0.34503 -0.00312193 1.66263 -24.234 0.0496218 0.113702 3.81142 -36.6485 0.640889 9.23673 -4.20556 2.0327 -7.92011 3.50088 -10.4545 -0.852353 -38.7721 -0.655187 -0.761665 2.84465 -0.0307483 -2.32622 -40.4017 -6.04875 -1.10112 -4.86077 15.481 0.779096 -9.8844 12.4959 2.48481e-17 -7.95139e-16 1.2424e-17 -9.23673 -4.20556 2.0327 -11.4274 -13.2941 12.2973 0.852353 -38.7721 -0.655187 4.78572 17.4684 -0.428058 2.32622 -40.4017 -6.04875 -1.40801 -6.38372 -15.3288 -0.779096 -9.8844 12.4959 -6.0616e-16 -5.58775e-16 -1.27465e-14 
-9.67696 90.5111 75.1144 5.63348 9.26764 94.541 0 5.07867 -1.15138 -4.5792 2.32667 1.08866 0 5.61661 1.07143 -3.66395 1.90628 0.354434 -1.02604e-17 5.98978 0.11501 -2.75353 1.85064 0.365472 -1.10457e-17 6.50583 -0.443523 -1.87994 1.18713 0.32288 -1.97295e-17 7.60548 -1.50593 -0.820857 0.195336 0.5214 -2.53307e-17 9.49737 -0.914492 0.369339 -0.723879 0.256196 -2.90401e-17 10.5513 1.57691 -0.0357019 0.935322 -0.0647836 -1.29193e-17 4.78644 0.715339 0.226483 2.35754 -6.6584 -1.8116e-17 4.82109 0.421791 1.56136 -2.58473 -3.1785 -2.00958e-17 4.83041 0.765062 4.52878 -2.23893 -0.345193 1.23299 -7.60731 7.53374 2.13075 5.24857 -4.11086 12.9547 3.2495 -3.26872 -82.1283 26.9234 -3.43563 29.2081 0.0598081 0.137039 1.1726 -0.0519567 -5.66041 24.234 0.0496219 0.113701 -1.25744 -19.5047 -2.58347 -1.23299 -7.60729 7.53365 -2.14425 5.20537 3.90722 -12.9547 3.2495 -3.26872 81.9776 24.4054 16.753 -29.2081 0.0598081 0.137039 -0.239153 -0.00106657 1.15214 -24.234 0.0496218 0.113702 3.68926 -37.6586 0.705209 9.23673 -4.20556 2.0327 -7.79792 3.24906 -10.2706 -0.852353 -38.7721 -0.655187 -0.783656 2.92678 -0.0310746 -2.32622 -40.4017 -6.04875 -0.946862 -5.09651 15.4838 0.779096 -9.8844 12.4959 2.48481e-17 -7.95139e-16 1.2424e-17 -9.23673 -4.20556 2.0327 -11.2261 -13.6859 12.5629 0.852353 -38.7721 -0.655187 4.84146 17.6608 -0.441514 2.32622 -40.4017 -6.04875 -1.50467 -6.3971 -15.3177 -0.779096 -9.8844 12.4959 -5.96354e-16 -5.59082e-16 -1.27471e-14 
-9.68276 90.4623 75.2013 5.35276 9.08326 94.3452 0 5.07867 -1.15138 -4.48685 2.2515 1.08251 0 5.61661 1.07143 -3.5861 1.84415 0.361928 -1.02604e-17 5.98978 0.11501 -2.68967 1.78658 0.374101 -1.10457e-17 6.50583 -0.443523 -1.83197 1.12717 0.33299 -1.97295e-17 7.60548 -1.50593 -0.784655 0.127029 0.522635 -2.53307e-17 9.49737 -0.914492 0.388728 -0.806635 0.255362 -2.90401e-17 10.5513 1.57691 -0.0388586 0.937186 -0.0572458 -1.29193e-17 4.78644 0.715339 0.209928 2.29017 -7.0043 -1.8116e-17 4.82109 0.421791 1.60497 -2.47853 -3.32852 -2.00958e-17 4.83041 0.765062 4.44627 -2.05278 -0.35249 1.23299 -7.60731 7.53374 2.10412 5.31482 -4.1702 12.9547 3.2495 -3.26872 -82.336 26.9599 -3.30084 29.2081 0.0598081 0.137039 1.13893 -0.0488443 -5.49743 24.234 0.0496219 0.113701 -1.23017 -19.3654 -2.75007 -1.23299 -7.60729 7.53365 -2.07335 5.42373 4.03389 -12.9547 3.2495 -3.26872 81.7346 24.422 16.9647 -29.2081 0.0598081 0.137039 -0.139569 5.79817e-06 0.672054 -24.234 0.0496218 0.113702 3.63979 -37.9029 1.04306 9.23673 -4.20556 2.0327 -7.61685 2.96669 -9.99661 -0.852353 -38.7721 -0.655187 -0.783373 2.92572 -0.0310706 -2.32622 -40.4017 -6.04875 -0.730616 -5.39103 15.478 0.779096 -9.8844 12.4959 2.48481e-17 -7.95139e-16 1.2424e-17 -9.23673 -4.20556 2.0327 -10.9562 -14.2476 12.7844 0.852353 -38.7721 -0.655187 4.93178 17.9718 -0.463707 2.32622 -40.4017 -6.04875 -1.53695 -6.40884 -15.3161 -0.779096 -9.8844 12.4959 -9.84113e-16 -5.46964e-16 -1.27228e-14 
-9.69471 90.4025 75.3086 4.98058 8.8864 94.1456 0 5.07867 -1.15138 -4.39421 2.13882 1.04025 0 5.61661 1.07143 -3.50253 1.75927 0.333211 -1.02604e-17 5.98978 0.11501 -2.61735 1.70487 0.346328 -1.10457e-17 6.50583 -0.443523 -1.77192 1.06128 0.306699 -1.97295e-17 7.60548 -1.50593 -0.742533 0.0672004 0.485333 -2.53307e-17 9.49737 -0.914492 0.401354 -0.875 0.213132 -2.90401e-17 10.5513 1.57691 -0.0436627 0.936097 -0.0522209 -1.29193e-17 4.78644 0.715339 0.196183 2.2471 -7.37065 -1.8116e-17 4.82109 0.421791 1.64142 -2.37387 -3.48873 -2.00958e-17 4.83041 0.765062 4.43646 -1.8717 -0.418746 1.23299 -7.60731 7.53374 2.12465 5.32411 -4.12531 12.9547 3.2495 -3.26872 -82.7446 26.6532 -3.08513 29.2081 0.0598081 0.137039 1.11881 -0.0470299 -5.40003 24.234 0.0496219 0.113701 -1.08981 -18.8382 -2.77715 -1.23299 -7.60729 7.53365 -2.05933 5.55426 4.08759 -12.9547 3.2495 -3.26872 81.7242 24.1558 17.0981 -29.2081 0.0598081 0.137039 -0.0738369 0.000256508 0.355176 -24.234 0.0496218 0.113702 3.38925 -37.5227 1.14187 9.23673 -4.20556 2.0327 -7.41225 2.61522 -9.79116 -0.852353 -38.7721 -0.655187 -0.77075 2.87858 -0.0308869 -2.32622 -40.4017 -6.04875 -0.571873 -5.74945 15.48 0.779096 -9.8844 12.4959 -3.62911e-16 -8.07256e-16 2.45415e-17 -9.23673 -4.20556 2.0327 -10.6616 -14.9397 13.0429 0.852353 -38.7721 -0.655187 5.03807 18.3365 -0.490444 2.32622 -40.4017 -6.04875 -1.6043 -6.43867 -15.3091 -0.779096 -9.8844 12.4959 -1.38168e-15 -5.3454e-16 -1.27101e-14 
-9.71685 90.3326 75.4404 4.52745 8.62189 93.9466 0 5.07867 -1.15138 -4.26274 1.99686 0.961091 0 5.61661 1.07143 -3.38141 1.6531 0.270996 -1.02604e-17 5.98978 0.11501 -2.51199 1.60072 0.285305 -1.10457e-17 6.50583 -0.443523 -1.68202 0.974145 0.247424 -1.97295e-17 7.60548 -1.50593 -0.682414 -0.0054747 0.410405 -2.53307e-17 9.49737 -0.914492 0.412584 -0.953111 0.129434 -2.90401e-17 10.5513 1.57691 -0.0506468 0.936225 -0.046893 -1.29193e-17 4.78644 0.715339 0.172951 2.16519 -7.93467 -1.8116e-17 4.82109 0.421791 1.67867 -2.22098 -3.73815 -2.00958e-17 4.83041 0.765062 4.42207 -1.58919 -0.427679 1.23299 -7.60731 7.53374 2.04497 5.32897 -4.04096 12.9547 3.2495 -3.26872 -83.2396 26.1285 -2.75477 29.2081 0.0598081 0.137039 1.11102 -0.046337 -5.36235 24.234 0.0496219 0.113701 -0.86026 -18.0514 -2.70481 -1.23299 -7.60729 7.53365 -1.98247 5.6558 4.12542 -12.9547 3.2495 -3.26872 81.8314 23.5582 17.1522 -29.2081 0.0598081 0.137039 -0.0394705 0.000243097 0.189507 -24.234 0.0496218 0.113702 2.85505 -36.5415 1.03617 9.23673 -4.20556 2.0327 -7.12109 2.17047 -9.60575 -0.852353 -38.7721 -0.655187 -0.762186 2.8466 -0.0307564 -2.32622 -40.4017 -6.04875 -0.425616 -6.20608 15.4863 0.779096 -9.8844 12.4959 -7.6048e-16 -8.31798e-16 4.9083e-17 -9.23673 -4.20556 2.0327 -10.2781 -15.7377 13.3189 0.852353 -38.7721 -0.655187 5.14975 18.7182 -0.519254 2.32622 -40.4017 -6.04875 -1.69688 -6.44999 -15.2977 -0.779096 -9.8844 12.4959 -1.39149e-15 -5.34234e-16 -1.27098e-14 
-9.75577 90.262 75.6124 4.04242 8.28558 93.6776 0 5.07867 -1.15138 -4.11209 1.87731 0.857854 0 5.61661 1.07143 -3.2377 1.5609 0.185569 -1.02604e-17 5.98978 0.11501 -2.38509 1.49265 0.201534 -1.10457e-17 6.50583 -0.443523 -1.57166 0.851273 0.164732 -1.97295e-17 7.60548 -1.50593 -0.607672 -0.123833 0.309124 -2.53307e-17 9.49737 -0.914492 0.426501 -1.09526 0.0167475 -2.90401e-17 10.5513 1.57691 -0.0587072 0.938822 -0.0422258 -1.29193e-17 4.78644 0.715339 0.156614 2.09853 -8.66724 -1.8116e-17 4.82109 0.421791 1.73825 -2.00405 -4.0594 -2.00958e-17 4.83041 0.765062 4.41781 -1.23441 -0.435568 1.23299 -7.60731 7.53374 1.9472 5.35926 -3.91933 12.9547 3.2495 -3.26872 -83.7828 25.4753 -2.33801 29.2081 0.0598081 0.137039 1.10744 -0.04602 -5.34504 24.234 0.0496219 0.113701 -0.673406 -17.1994 -2.62196 -1.23299 -7.60729 7.53365 -1.94155 5.75015 4.09125 -12.9547 3.2495 -3.26872 82.138 22.6489 17.0798 -29.2081 0.0598081 0.137039 -0.0277163 0.000216141 0.132846 -24.234 0.0496218 0.113702 2.20623 -34.9207 0.985347 9.23673 -4.20556 2.0327 -6.72704 1.6644 -9.36744 -0.852353 -38.7721 -0.655187 -0.759469 2.83645 -0.030714 -2.32622 -40.4017 -6.04875 -0.235142 -6.70465 15.4926 0.779096 -9.8844 12.4959 3.92986e-16 -7.83941e-16 1.22632e-18 -9.23673 -4.20556 2.0327 -9.68565 -16.5403 14.2178 0.852353 -38.7721 -0.655187 5.22457 18.973 -0.538962 2.32622 -40.4017 -6.04875 -1.77956 -6.42713 -15.294 -0.779096 -9.8844 12.4959 -6.15975e-16 -5.58469e-16 -1.27461e-14 
-9.81683 90.2017 75.8294 3.57023 7.90867 93.3532 0 5.07867 -1.15138 -3.97494 1.7586 0.717914 0 5.61661 1.07143 -3.09551 1.4757 0.0596414 -1.02604e-17 5.98978 0.11501 -2.25258 1.39091 0.0778092 -1.10457e-17 6.50583 -0.443523 -1.44843 0.734699 0.042094 -1.97295e-17 7.60548 -1.50593 -0.522879 -0.231039 0.167012 -2.53307e-17 9.49737 -0.914492 0.441941 -1.22307 -0.142689 -2.90401e-17 10.5513 1.57691 -0.0681765 0.938733 -0.0382447 -1.29193e-17 4.78644 0.715339 0.148017 2.06581 -9.51438 -1.8116e-17 4.82109 0.421791 1.81898 -1.79668 -4.43139 -2.00958e-17 4.83041 0.765062 4.48154 -0.854549 -0.433161 1.23299 -7.60731 7.53374 1.83485 5.34918 -3.69516 12.9547 3.2495 -3.26872 -84.3304 24.6334 -1.83471 29.2081 0.0598081 0.137039 1.10412 -0.0457269 -5.32898 24.234 0.0496219 0.113701 -0.601047 -16.5071 -2.59893 -1.23299 -7.60729 7.53365 -1.73649 5.79956 4.00255 -12.9547 3.2495 -3.26872 82.9136 21.0134 16.7039 -29.2081 0.0598081 0.137039 -0.0311642 0.000226005 0.149472 -24.234 0.0496218 0.113702 1.23732 -32.0903 1.20156 9.23673 -4.20556 2.0327 -6.24575 1.14903 -9.06638 -0.852353 -38.7721 -0.655187 -0.75825 2.83189 -0.0306948 -2.32622 -40.4017 -6.04875 -0.12057 -7.18854 15.4981 0.779096 -9.8844 12.4959 3.46586e-17 -7.94832e-16 1.21175e-17 -9.23673 -4.20556 2.0327 -8.94134 -17.4117 15.4917 0.852353 -38.7721 -0.655187 5.31879 19.2928 -0.564249 2.32622 -40.4017 -6.04875 -1.83705 -6.26699 -15.2869 -0.779096 -9.8844 12.4959 -9.84113e-16 -5.46964e-16 -1.27228e-14 
-9.90124 90.1548 76.1109 3.07141 7.44591 92.943 0 5.07867 -1.15138 -3.85944 1.72345 0.562055 0 5.61661 1.07143 -2.96877 1.44313 -0.0864341 -1.02604e-17 5.98978 0.11501 -2.13011 1.3057 -0.0672822 -1.10457e-17 6.50583 -0.443523 -1.32802 0.57705 -0.103515 -1.97295e-17 7.60548 -1.50593 -0.438994 -0.405941 0.00239621 -2.53307e-17 9.49737 -0.914492 0.453909 -1.44894 -0.32735 -2.90401e-17 10.5513 1.57691 -0.0753727 0.948753 -0.0371907 -1.29193e-17 4.78644 0.715339 0.165191 2.15508 -10.4722 -1.8116e-17 4.82109 0.421791 1.97388 -1.60871 -4.85066 -2.00958e-17 4.83041 0.765062 4.66218 -0.489642 -0.469903 1.23299 -7.60731 7.53374 1.80475 5.36349 -3.42425 12.9547 3.2495 -3.26872 -84.8467 23.8553 -1.20104 29.2081 0.0598081 0.137039 1.11132 -0.0463614 -5.36378 24.234 0.0496219 0.113701 -0.6412 -16.1534 -2.62417 -1.23299 -7.60729 7.53365 -1.71086 5.77484 3.82648 -12.9547 3.2495 -3.26872 84.0035 19.0859 16.2507 -29.2081 0.0598081 0.137039 -0.0770697 0.000254804 0.370774 -24.234 0.0496218 0.113702 0.368592 -28.7638 1.64201 9.23673 -4.20556 2.0327 -5.61519 0.557252 -8.75095 -0.852353 -38.7721 -0.655187 -0.771131 2.88 -0.0308926 -2.32622 -40.4017 -6.04875 -0.0518179 -7.69442 15.5105 0.779096 -9.8844 12.4959 2.48481e-17 -7.95139e-16 1.2424e-17 -9.23673 -4.20556 2.0327 -8.04911 -18.5365 16.5184 0.852353 -38.7721 -0.655187 5.49917 19.9018 -0.614089 2.32622 -40.4017 -6.04875 -1.91665 -5.82461 -15.2586 -0.779096 -9.8844 12.4959 -2.18406e-16 -5.8301e-16 -1.27586e-14 
-10.0156 90.1424 76.4847 2.64219 6.88887 92.427 0 5.07867 -1.15138 -3.77838 1.78602 0.388072 0 5.61661 1.07143 -2.86522 1.47953 -0.256805 -1.02604e-17 5.98978 0.11501 -2.02228 1.26101 -0.237844 -1.10457e-17 6.50583 -0.443523 -1.21324 0.408399 -0.275536 -1.97295e-17 7.60548 -1.50593 -0.356534 -0.611974 -0.187688 -2.53307e-17 9.49737 -0.914492 0.464056 -1.72168 -0.541865 -2.90401e-17 10.5513 1.57691 -0.0814016 0.967272 -0.0383435 -1.29193e-17 4.78644 0.715339 0.216688 2.35069 -11.5661 -1.8116e-17 4.82109 0.421791 2.21048 -1.44466 -5.32996 -2.00958e-17 4.83041 0.765062 5.00226 -0.166162 -0.407286 1.23299 -7.60731 7.53374 1.7656 5.40412 -3.13974 12.9547 3.2495 -3.26872 -85.1947 23.05 -0.543456 29.2081 0.0598081 0.137039 1.13339 -0.0483382 -5.47062 24.234 0.0496219 0.113701 -0.770536 -16.1595 -2.61103 -1.23299 -7.60729 7.53365 -1.71459 5.67646 3.60761 -12.9547 3.2495 -3.26872 85.3893 16.9839 15.7406 -29.2081 0.0598081 0.137039 -0.184326 -0.000369609 0.887845 -24.234 0.0496218 0.113702 -0.496251 -25.2246 2.30096 9.23673 -4.20556 2.0327 -4.80321 -0.0299288 -8.32747 -0.852353 -38.7721 -0.655187 -0.801956 2.99513 -0.0313221 -2.32622 -40.4017 -6.04875 -0.00993787 -8.11818 15.5234 0.779096 -9.8844 12.4959 2.48481e-17 -7.95139e-16 1.2424e-17 -9.23673 -4.20556 2.0327 -6.96994 -19.7779 17.2674 0.852353 -38.7721 -0.655187 5.74099 20.7113 -0.683841 2.32622 -40.4017 -6.04875 -1.99944 -4.99059 -15.1994 -0.779096 -9.8844 12.4959 -9.74302e-16 -5.47578e-16 -1.27231e-14 
-10.1459 90.1763 76.9675 2.39754 6.22754 91.6978 0 5.07867 -1.15138 -3.73644 1.89442 0.211844 0 5.61661 1.07143 -2.79069 1.56103 -0.434603 -1.02604e-17 5.98978 0.11501 -1.93452 1.26729 -0.41638 -1.10457e-17 6.50583 -0.443523 -1.10882 0.295893 -0.455788 -1.97295e-17 7.60548 -1.50593 -0.275983 -0.751609 -0.383466 -2.53307e-17 9.49737 -0.914492 0.48125 -1.91291 -0.766635 -2.90401e-17 10.5513 1.57691 -0.0841691 0.983015 -0.0422446 -1.29193e-17 4.78644 0.715339 0.306369 2.61571 -12.672 -1.8116e-17 4.82109 0.421791 2.55896 -1.34197 -5.81586 -2.00958e-17 4.83041 0.765062 5.51365 0.099497 -0.359566 1.23299 -7.60731 7.53374 1.71364 5.39886 -2.79817 12.9547 3.2495 -3.26872 -85.3146 22.3396 0.00200239 29.2081 0.0598081 0.137039 1.16708 -0.0514346 -5.63365 24.234 0.0496219 0.113701 -0.936781 -16.4564 -2.50446 -1.23299 -7.60729 7.53365 -1.67982 5.4527 3.31389 -12.9547 3.2495 -3.26872 86.9679 14.8011 15.2742 -29.2081 0.0598081 0.137039 -0.354094 -0.00333717 1.70638 -24.234 0.0496218 0.113702 -1.30292 -21.4917 3.16407 9.23673 -4.20556 2.0327 -3.77163 -0.485532 -7.76625 -0.852353 -38.7721 -0.655187 -0.854647 3.19189 -0.0319126 -2.32622 -40.4017 -6.04875 -0.0701386 -8.4331 15.5412 0.779096 -9.8844 12.4959 4.12607e-16 -7.83021e-16 3.0658e-19 -9.23673 -4.20556 2.0327 -5.6448 -20.8969 17.9232 0.852353 -38.7721 -0.655187 5.97982 21.5027 -0.755984 2.32622 -40.4017 -6.04875 -2.00439 -3.77482 -15.0984 -0.779096 -9.8844 12.4959 -6.06165e-16 -5.58775e-16 -1.27465e-14 
-10.2472 90.2302 77.5255 2.23498 5.52516 90.7236 0 5.07867 -1.15138 -3.71377 1.96098 0.0303182 0 5.61661 1.07143 -2.72887 1.62825 -0.619387 -1.02604e-17 5.98978 0.11501 -1.85348 1.28898 -0.601237 -1.10457e-17 6.50583 -0.443523 -1.00432 0.245533 -0.641285 -1.97295e-17 7.60548 -1.50593 -0.189978 -0.793625 -0.584092 -2.53307e-17 9.49737 -0.914492 0.509096 -1.97418 -1.00222 -2.90401e-17 10.5513 1.57691 -0.0845282 0.989497 -0.0474349 -1.29193e-17 4.78644 0.715339 0.405165 2.83278 -13.7236 -1.8116e-17 4.82109 0.421791 2.98292 -1.24879 -6.28159 -2.00958e-17 4.83041 0.765062 6.04769 0.342766 -0.31906 1.23299 -7.60731 7.53374 1.61354 5.32491 -2.38857 12.9547 3.2495 -3.26872 -85.3265 21.5801 0.519152 29.2081 0.0598081 0.137039 1.22165 -0.0566574 -5.8979 24.234 0.0496219 0.113701 -1.0127 -16.4585 -2.26654 -1.23299 -7.60729 7.53365 -1.51574 5.11616 2.99564 -12.9547 3.2495 -3.26872 88.518 12.6134 14.8824 -29.2081 0.0598081 0.137039 -0.601274 -0.0119987 2.89869 -24.234 0.0496218 0.113702 -2.06355 -17.5692 4.09662 9.23673 -4.20556 2.0327 -2.62592 -0.778874 -6.95976 -0.852353 -38.7721 -0.655187 -0.894588 3.34102 -0.0322395 -2.32622 -40.4017 -6.04875 -0.193438 -8.69114 15.5618 0.779096 -9.8844 12.4959 -3.531e-16 -8.0695e-16 2.42349e-17 -9.23673 -4.20556 2.0327 -4.15852 -21.854 18.5592 0.852353 -38.7721 -0.655187 6.17762 22.1521 -0.818153 2.32622 -40.4017 -6.04875 -1.96232 -2.4411 -14.9691 -0.779096 -9.8844 12.4959 -9.84113e-16 -5.46964e-16 -1.27228e-14 
-10.2969 90.2675 78.1067 1.89533 4.79038 89.6098 0 5.07867 -1.15138 -3.71846 1.98996 -0.264515 0 5.61661 1.07143 -2.68699 1.65038 -0.927975 -1.02604e-17 5.98978 0.11501 -1.78977 1.22155 -0.90962 -1.10457e-17 6.50583 -0.443523 -0.913502 0.0397623 -0.957051 -1.97295e-17 7.60548 -1.50593 -0.141953 -0.990269 -0.916081 -2.53307e-17 9.49737 -0.914492 0.456176 -2.26374 -1.36402 -2.90401e-17 10.5513 1.57691 -0.0908736 1.00431 -0.0762917 -1.29193e-17 4.78644 0.715339 0.780228 3.83468 -14.338 -1.8116e-17 4.82109 0.421791 3.36221 -1.0404 -6.54433 -2.00958e-17 4.83041 0.765062 6.58978 0.322424 -0.136011 1.23299 -7.60731 7.53374 1.58853 5.16856 -1.76754 12.9547 3.2495 -3.26872 -85.4682 20.3129 1.87381 29.2081 0.0598081 0.137039 1.29824 -0.0644154 -6.26892 24.234 0.0496219 0.113701 -1.09393 -16.2105 -1.9674 -1.23299 -7.60729 7.53365 -2.41914 4.37661 1.94697 -12.9547 3.2495 -3.26872 91.692 11.1168 12.3656 -29.2081 0.0598081 0.137039 -1.00793 -0.0374776 4.86285 -24.234 0.0496218 0.113702 -2.33099 -12.7503 5.94284 9.23673 -4.20556 2.0327 -1.4468 -1.08143 -5.89612 -0.852353 -38.7721 -0.655187 -0.894651 3.34126 -0.0322399 -2.32622 -40.4017 -6.04875 -0.00493085 -8.92589 15.5716 0.779096 -9.8844 12.4959 1.50375e-17 -7.95445e-16 1.27306e-17 -9.23673 -4.20556 2.0327 -2.60929 -22.7417 18.9952 0.852353 -38.7721 -0.655187 6.28741 22.5101 -0.853592 2.32622 -40.4017 -6.04875 -2.18404 -1.22163 -14.7755 -0.779096 -9.8844 12.4959 -6.06165e-16 -5.58775e-16 -1.27465e-14 
-10.3004 90.3053 78.6832 1.46791 4.05073 88.3438 0 5.07867 -1.15138 -3.71902 2.09393 -0.512702 0 5.61661 1.07143 -2.65145 1.72145 -1.18478 -1.02604e-17 5.98978 0.11501 -1.73399 1.19656 -1.16472 -1.10457e-17 6.50583 -0.443523 -0.827897 -0.134684 -1.21499 -1.97295e-17 7.60548 -1.50593 -0.0856152 -1.14365 -1.18758 -2.53307e-17 9.49737 -0.914492 0.431232 -2.48073 -1.67338 -2.90401e-17 10.5513 1.57691 -0.0867992 1.0212 -0.100488 -1.29193e-17 4.78644 0.715339 1.0277 4.41523 -14.8915 -1.8116e-17 4.82109 0.421791 3.84628 -0.906782 -6.78521 -2.00958e-17 4.83041 0.765062 7.02124 0.490858 -0.300758 1.23299 -7.60731 7.53374 1.63146 5.06084 -1.12151 12.9547 3.2495 -3.26872 -85.6355 18.9996 3.21964 29.2081 0.0598081 0.137039 1.42598 -0.0784734 -6.8883 24.234 0.0496219 0.113701 -1.03041 -15.6218 -1.77122 -1.23299 -7.60729 7.53365 -3.10093 3.77988 1.1633 -12.9547 3.2495 -3.26872 93.5768 9.68182 10.6054 -29.2081 0.0598081 0.137039 -1.59539 -0.0991263 7.70997 -24.234 0.0496218 0.113702 -1.90934 -8.85259 7.03257 9.23673 -4.20556 2.0327 -0.194559 -1.32419 -4.90988 -0.852353 -38.7721 -0.655187 -0.869013 3.24553 -0.0320421 -2.32622 -40.4017 -6.04875 -0.25283 -9.30557 15.5958 0.779096 -9.8844 12.4959 4.12607e-16 -7.83021e-16 3.0658e-19 -9.23673 -4.20556 2.0327 -1.23897 -23.6267 18.6285 0.852353 -38.7721 -0.655187 6.36653 22.767 -0.879545 2.32622 -40.4017 -6.04875 -1.67278 -0.270966 -14.667 -0.779096 -9.8844 12.4959 -1.37187e-15 -5.34847e-16 -1.27107e-14 
-10.2741 90.3784 79.1934 1.04097 3.42034 87.0675 0 5.07867 -1.15138 -3.70628 2.09121 -0.718262 0 5.61661 1.07143 -2.61717 1.7279 -1.3846 -1.02604e-17 5.98978 0.11501 -1.68189 1.17401 -1.35526 -1.10457e-17 6.50583 -0.443523 -0.751442 -0.209978 -1.39764 -1.97295e-17 7.60548 -1.50593 -0.0267128 -1.13865 -1.38105 -2.53307e-17 9.49737 -0.914492 0.433964 -2.44771 -1.90593 -2.90401e-17 10.5513 1.57691 -0.0827898 1.02837 -0.104598 -1.29193e-17 4.78644 0.715339 1.03973 4.41313 -15.8244 -1.8116e-17 4.82109 0.421791 4.19154 -0.696738 -7.22383 -2.00958e-17 4.83041 0.765062 7.47023 1.00767 -0.320223 1.23299 -7.60731 7.53374 1.1903 4.96075 -0.696945 12.9547 3.2495 -3.26872 -85.3126 17.508 4.10481 29.2081 0.0598081 0.137039 1.58168 -0.0975031 -7.64425 24.234 0.0496219 0.113701 -0.83685 -14.701 -1.28727 -1.23299 -7.60729 7.53365 -2.73716 3.36284 0.911998 -12.9547 3.2495 -3.26872 94.389 8.63896 9.16856 -29.2081 0.0598081 0.137039 -2.39244 -0.230516 11.6027 -24.234 0.0496218 0.113702 -1.91664 -6.30695 7.37491 9.23673 -4.20556 2.0327 0.883804 -1.43518 -3.58028 -0.852353 -38.7721 -0.655187 -0.801385 2.993 -0.0313147 -2.32622 -40.4017 -6.04875 -0.486862 -9.44084 15.6104 0.779096 -9.8844 12.4959 3.46586e-17 -7.94832e-16 1.21175e-17 -9.23673 -4.20556 2.0327 -0.271242 -24.2087 17.3146 0.852353 -38.7721 -0.655187 6.32796 22.6419 -0.866851 2.32622 -40.4017 -6.04875 -1.09953 0.511726 -14.5447 -0.779096 -9.8844 12.4959 1.59542e-16 -5.94821e-16 -1.27704e-14 
-10.2229 90.4834 79.5682 0.626876 2.93356 85.8794 0 5.07867 -1.15138 -3.67598 2.002 -0.889216 0 5.61661 1.07143 -2.57889 1.67943 -1.53926 -1.02604e-17 5.98978 0.11501 -1.63085 1.14519 -1.49499 -1.10457e-17 6.50583 -0.443523 -0.680941 -0.211323 -1.52389 -1.97295e-17 7.60548 -1.50593 0.0321531 -1.02956 -1.51499 -2.53307e-17 9.49737 -0.914492 0.455052 -2.25891 -2.07592 -2.90401e-17 10.5513 1.57691 -0.0761402 1.02609 -0.0959739 -1.29193e-17 4.78644 0.715339 0.884296 3.99936 -16.7276 -1.8116e-17 4.82109 0.421791 4.39726 -0.477174 -7.67122 -2.00958e-17 4.83041 0.765062 7.82157 1.7246 -0.735306 1.23299 -7.60731 7.53374 0.482447 4.86397 -0.39889 12.9547 3.2495 -3.26872 -84.8437 16.2775 4.71115 29.2081 0.0598081 0.137039 1.73768 -0.118666 -8.40288 24.234 0.0496219 0.113701 -0.534359 -13.7917 -0.707546 -1.23299 -7.60729 7.53365 -1.87367 3.06 0.965975 -12.9547 3.2495 -3.26872 94.4545 7.50455 7.88133 -29.2081 0.0598081 0.137039 -3.30301 -0.450176 16.114 -24.234 0.0496218 0.113702 -1.8887 -4.53479 7.41947 9.23673 -4.20556 2.0327 1.7425 -1.56757 -2.5515 -0.852353 -38.7721 -0.655187 -0.755455 2.82146 -0.0306504 -2.32622 -40.4017 -6.04875 -0.798103 -9.40442 15.6415 0.779096 -9.8844 12.4959 4.12602e-16 -7.83021e-16 3.06724e-19 -9.23673 -4.20556 2.0327 -0.119379 -24.582 15.2374 0.852353 -38.7721 -0.655187 6.25308 22.3983 -0.842438 2.32622 -40.4017 -6.04875 -0.506905 0.469154 -14.5328 -0.779096 -9.8844 12.4959 -5.76724e-16 -5.60002e-16 -1.27477e-14 
-10.1233 90.6179 79.7846 0.294959 2.65132 84.8697 0 5.07867 -1.15138 -3.65342 1.91367 -1.18612 0 5.61661 1.07143 -2.54536 1.61043 -1.83841 -1.02604e-17 5.98978 0.11501 -1.59627 1.03296 -1.78206 -1.10457e-17 6.50583 -0.443523 -0.637173 -0.391828 -1.80771 -1.97295e-17 7.60548 -1.50593 0.0216647 -1.12847 -1.80474 -2.53307e-17 9.49737 -0.914492 0.341677 -2.40287 -2.37854 -2.90401e-17 10.5513 1.57691 -0.0854118 1.03947 -0.120742 -1.29193e-17 4.78644 0.715339 1.16456 4.80834 -17.3309 -1.8116e-17 4.82109 0.421791 4.55129 -0.23512 -7.97092 -2.00958e-17 4.83041 0.765062 7.81416 1.98511 -0.725627 1.23299 -7.60731 7.53374 -0.0316165 4.64571 0.109928 12.9547 3.2495 -3.26872 -84.5484 14.6142 6.04271 29.2081 0.0598081 0.137039 1.84473 -0.134406 -8.92423 24.234 0.0496219 0.113701 -0.453708 -12.9125 -0.14571 -1.23299 -7.60729 7.53365 -3.17371 2.41953 -0.0352262 -12.9547 3.2495 -3.26872 95.9629 7.96973 3.92522 -29.2081 0.0598081 0.137039 -4.41406 -0.824922 21.7562 -24.234 0.0496218 0.113702 -0.641708 -3.23145 7.92132 9.23673 -4.20556 2.0327 2.25644 -1.55677 -1.46672 -0.852353 -38.7721 -0.655187 -0.665765 2.48644 -0.0289565 -2.32622 -40.4017 -6.04875 -0.784582 -8.95053 15.6418 0.779096 -9.8844 12.4959 3.46634e-17 -7.94832e-16 1.21173e-17 -9.23673 -4.20556 2.0327 -1.30081 -24.842 12.8317 0.852353 -38.7721 -0.655187 6.19442 22.207 -0.823532 2.32622 -40.4017 -6.04875 -1.07769 -0.691831 -14.5884 -0.779096 -9.8844 12.4959 -5.96354e-16 -5.59082e-16 -1.27471e-14 
-9.95892 90.7835 79.9321 0.0760991 2.51509 83.9178 0 5.07867 -1.15138 -3.58864 1.86051 -1.38933 0 5.61661 1.07143 -2.4665 1.60006 -2.02185 -1.02604e-17 5.98978 0.11501 -1.51723 1.0581 -1.95201 -1.10457e-17 6.50583 -0.443523 -0.547957 -0.304614 -1.96428 -1.97295e-17 7.60548 -1.50593 0.0772898 -0.941635 -1.97311 -2.53307e-17 9.49737 -0.914492 0.337639 -2.12536 -2.57816 -2.90401e-17 10.5513 1.57691 -0.07891 1.01717 -0.127666 -1.29193e-17 4.78644 0.715339 1.15856 4.80015 -17.6771 -1.8116e-17 4.82109 0.421791 4.83339 -0.383392 -8.15647 -2.00958e-17 4.83041 0.765062 7.66466 2.01816 -1.63489 1.23299 -7.60731 7.53374 -0.6131 4.4635 0.461418 12.9547 3.2495 -3.26872 -84.4508 13.2679 6.70088 29.2081 0.0598081 0.137039 1.98619 -0.15674 -9.61428 24.234 0.0496219 0.113701 -0.256139 -11.979 -0.0583798 -1.23299 -7.60729 7.53365 -3.25292 2.05615 -0.26605 -12.9547 3.2495 -3.26872 95.6119 7.31322 1.87604 -29.2081 0.0598081 0.137039 -5.59297 -1.36397 27.9852 -24.234 0.0496218 0.113702 0.48313 -2.3132 7.4727 9.23673 -4.20556 2.0327 2.64509 -1.38235 -1.01791 -0.852353 -38.7721 -0.655187 -0.568976 2.12486 -0.0265399 -2.32622 -40.4017 -6.04875 -1.69924 -8.57899 15.6674 0.779096 -9.8844 12.4959 8.00356e-16 -7.58787e-16 -2.39279e-17 -9.23673 -4.20556 2.0327 -3.10369 -25.0072 10.0634 0.852353 -38.7721 -0.655187 6.06146 21.7714 -0.781379 2.32622 -40.4017 -6.04875 -0.338044 -1.48844 -14.8311 -0.779096 -9.8844 12.4959 -5.96354e-16 -5.59082e-16 -1.27471e-14 
-9.73912 90.9577 80.0627 -0.02006 2.40412 82.8801 0 5.07867 -1.15138 -3.44793 1.59966 -1.51147 0 5.61661 1.07143 -2.33527 1.46095 -2.09858 -1.02604e-17 5.98978 0.11501 -1.40212 1.06288 -2.01061 -1.10457e-17 6.50583 -0.443523 -0.44404 -0.0653663 -2.00123 -1.97295e-17 7.60548 -1.50593 0.151577 -0.542905 -2.02284 -2.53307e-17 9.49737 -0.914492 0.378659 -1.53981 -2.64807 -2.90401e-17 10.5513 1.57691 -0.0778314 0.965262 -0.110734 -1.29193e-17 4.78644 0.715339 0.883771 4.311 -18.7912 -1.8116e-17 4.82109 0.421791 4.97117 -0.530952 -8.72994 -2.00958e-17 4.83041 0.765062 7.55949 2.30167 -1.85931 1.23299 -7.60731 7.53374 -1.66023 4.26169 0.495811 12.9547 3.2495 -3.26872 -83.8525 12.3222 6.586 29.2081 0.0598081 0.137039 2.08834 -0.173956 -10.1134 24.234 0.0496219 0.113701 -0.19495 -11.3797 0.177803 -1.23299 -7.60729 7.53365 -2.25362 1.84325 -0.0106764 -12.9547 3.2495 -3.26872 94.6192 7.22637 0.483187 -29.2081 0.0598081 0.137039 -6.75829 -2.06243 34.5015 -24.234 0.0496218 0.113702 0.0171916 -2.2822 6.32156 9.23673 -4.20556 2.0327 2.91537 -1.01007 0.141198 -0.852353 -38.7721 -0.655187 -0.461959 1.72506 -0.0231569 -2.32622 -40.4017 -6.04875 -2.28321 -8.07956 15.6832 0.779096 -9.8844 12.4959 -3.43275e-16 -8.06336e-16 2.36212e-17 -9.23673 -4.20556 2.0327 -4.67359 -24.8041 7.44751 0.852353 -38.7721 -0.655187 5.75815 20.7684 -0.688916 2.32622 -40.4017 -6.04875 -0.0272902 -1.36604 -14.8875 -0.779096 -9.8844 12.4959 -5.96354e-16 -5.59082e-16 -1.27471e-14 
-9.48276 91.1101 80.2041 -0.0341633 2.29055 81.7235 0 5.07867 -1.15138 -3.2645 1.32373 -1.56775 0 5.61661 1.07143 -2.17873 1.31527 -2.09691 -1.02604e-17 5.98978 0.11501 -1.27158 1.0821 -1.9912 -1.10457e-17 6.50583 -0.443523 -0.336384 0.230313 -1.96125 -1.97295e-17 7.60548 -1.50593 0.235116 -0.101624 -1.99478 -2.53307e-17 9.49737 -0.914492 0.447333 -0.882977 -2.63675 -2.90401e-17 10.5513 1.57691 -0.074345 0.912536 -0.0794921 -1.29193e-17 4.78644 0.715339 0.35361 3.25801 -19.7219 -1.8116e-17 4.82109 0.421791 4.91824 -0.689242 -9.23471 -2.00958e-17 4.83041 0.765062 7.63727 2.86658 -2.57693 1.23299 -7.60731 7.53374 -2.84736 4.17119 0.391438 12.9547 3.2495 -3.26872 -83.2072 11.8477 6.26407 29.2081 0.0598081 0.137039 2.18686 -0.191429 -10.5954 24.234 0.0496219 0.113701 -0.0947658 -11.1781 0.210148 -1.23299 -7.60729 7.53365 -0.4029 1.83963 0.634026 -12.9547 3.2495 -3.26872 92.8733 6.3553 -0.193762 -29.2081 0.0598081 0.137039 -7.74469 -2.8096 40.4244 -24.234 0.0496218 0.113702 -0.827816 -1.89496 5.3769 9.23673 -4.20556 2.0327 3.20104 -0.613526 1.03689 -0.852353 -38.7721 -0.655187 -0.412667 1.54092 -0.0213476 -2.32622 -40.4017 -6.04875 -2.89795 -7.72779 15.7499 0.779096 -9.8844 12.4959 1.50328e-17 -7.95445e-16 1.27308e-17 -9.23673 -4.20556 2.0327 -6.05851 -24.3878 5.01901 0.852353 -38.7721 -0.655187 5.37368 19.4785 -0.579215 2.32622 -40.4017 -6.04875 0.925966 -0.928444 -14.9557 -0.779096 -9.8844 12.4959 -5.96354e-16 -5.59082e-16 -1.27471e-14 
-9.20843 91.234 80.378 0.0289382 2.17037 80.4423 0 5.07867 -1.15138 -3.02726 0.97862 -1.56969 0 5.61661 1.07143 -1.98394 1.1214 -2.03246 -1.02604e-17 5.98978 0.11501 -1.11352 1.08043 -1.9096 -1.10457e-17 6.50583 -0.443523 -0.214457 0.561029 -1.85934 -1.97295e-17 7.60548 -1.50593 0.334219 0.385462 -1.9061 -2.53307e-17 9.49737 -0.914492 0.541545 -0.178409 -2.56282 -2.90401e-17 10.5513 1.57691 -0.067383 0.85453 -0.0441467 -1.29193e-17 4.78644 0.715339 -0.216477 2.24746 -20.7877 -1.8116e-17 4.82109 0.421791 4.94413 -0.959075 -9.8167 -2.00958e-17 4.83041 0.765062 7.51496 3.39961 -3.10356 1.23299 -7.60731 7.53374 -3.79042 4.0289 0.345037 12.9547 3.2495 -3.26872 -82.6566 11.859 5.73146 29.2081 0.0598081 0.137039 2.23758 -0.200759 -10.8438 24.234 0.0496219 0.113701 -0.280452 -11.1613 0.0738902 -1.23299 -7.60729 7.53365 1.46891 1.84304 1.23574 -12.9547 3.2495 -3.26872 90.9376 5.32193 -0.343129 -29.2081 0.0598081 0.137039 -8.48243 -3.48503 45.2033 -24.234 0.0496218 0.113702 -1.89247 -1.47176 4.9863 9.23673 -4.20556 2.0327 3.48256 -0.077282 2.26352 -0.852353 -38.7721 -0.655187 -0.360017 1.34424 -0.0192404 -2.32622 -40.4017 -6.04875 -3.29542 -7.39577 15.7994 0.779096 -9.8844 12.4959 2.48481e-17 -7.95139e-16 1.2424e-17 -9.23673 -4.20556 2.0327 -7.24907 -23.9109 2.71257 0.852353 -38.7721 -0.655187 4.98569 18.157 -0.477185 2.32622 -40.4017 -6.04875 1.43389 -0.0325961 -14.9618 -0.779096 -9.8844 12.4959 1.79154e-16 -5.95434e-16 -1.27713e-14 
-8.92274 91.3273 80.5997 0.184724 2.07725 79.0385 0 5.07867 -1.15138 -2.79372 0.707302 -1.62839 0 5.61661 1.07143 -1.79593 0.969666 -2.02521 -1.02604e-17 5.98978 0.11501 -0.968987 1.08087 -1.88475 -1.10457e-17 6.50583 -0.443523 -0.113218 0.832389 -1.81762 -1.97295e-17 7.60548 -1.50593 0.395363 0.784946 -1.87438 -2.53307e-17 9.49737 -0.914492 0.571184 0.397217 -2.53507 -2.90401e-17 10.5513 1.57691 -0.0647062 0.802067 -0.0164221 -1.29193e-17 4.78644 0.715339 -0.682746 1.51621 -21.268 -1.8116e-17 4.82109 0.421791 4.81387 -1.22012 -10.1092 -2.00958e-17 4.83041 0.765062 7.60773 3.8271 -3.64044 1.23299 -7.60731 7.53374 -4.61219 3.88061 0.433458 12.9547 3.2495 -3.26872 -82.1879 11.7876 5.58328 29.2081 0.0598081 0.137039 2.31763 -0.215947 -11.2363 24.234 0.0496219 0.113701 -0.479914 -11.2985 -0.193815 -1.23299 -7.60729 7.53365 2.99688 1.85134 1.52583 -12.9547 3.2495 -3.26872 89.1218 4.39057 -1.8065 -29.2081 0.0598081 0.137039 -9.22057 -4.28906 50.4114 -24.234 0.0496218 0.113702 -2.1827 -1.15842 5.31541 9.23673 -4.20556 2.0327 3.72012 0.564819 3.60986 -0.852353 -38.7721 -0.655187 -0.319264 1.19202 -0.0174854 -2.32622 -40.4017 -6.04875 -3.54033 -7.06882 15.8447 0.779096 -9.8844 12.4959 2.48481e-17 -7.95139e-16 1.2424e-17 -9.23673 -4.20556 2.0327 -8.33379 -23.2568 0.755681 0.852353 -38.7721 -0.655187 4.55573 16.6703 -0.374502 2.32622 -40.4017 -6.04875 2.12941 0.842858 -14.9895 -0.779096 -9.8844 12.4959 -5.76723e-16 -5.60002e-16 -1.27477e-14 
-8.62193 91.3863 80.8529 0.397359 2.05657 77.615 0 5.07867 -1.15138 -2.61242 0.567922 -1.59635 0 5.61661 1.07143 -1.65588 0.908526 -1.93128 -1.02604e-17 5.98978 0.11501 -0.858955 1.13818 -1.77812 -1.10457e-17 6.50583 -0.443523 -0.0350635 1.10142 -1.69651 -1.97295e-17 7.60548 -1.50593 0.464187 1.13905 -1.75921 -2.53307e-17 9.49737 -0.914492 0.652455 0.907469 -2.42694 -2.90401e-17 10.5513 1.57691 -0.0449679 0.755481 0.00612641 -1.29193e-17 4.78644 0.715339 -1.1261 0.677567 -21.3786 -1.8116e-17 4.82109 0.421791 4.90089 -1.53059 -10.203 -2.00958e-17 4.83041 0.765062 7.62051 4.10458 -4.66383 1.23299 -7.60731 7.53374 -5.11987 3.83168 0.404099 12.9547 3.2495 -3.26872 -81.9006 12.5059 5.29505 29.2081 0.0598081 0.137039 2.43985 -0.240237 -11.8366 24.234 0.0496219 0.113701 -0.597393 -11.767 -0.436773 -1.23299 -7.60729 7.53365 4.23659 1.90208 2.01967 -12.9547 3.2495 -3.26872 87.2132 2.91782 -1.98935 -29.2081 0.0598081 0.137039 -9.86363 -5.12841 55.4514 -24.234 0.0496218 0.113702 -2.26873 -1.21294 4.69384 9.23673 -4.20556 2.0327 3.92788 1.25292 4.56941 -0.852353 -38.7721 -0.655187 -0.29459 1.09985 -0.0163703 -2.32622 -40.4017 -6.04875 -4.1351 -6.9148 15.9212 0.779096 -9.8844 12.4959 2.48481e-17 -7.95139e-16 1.2424e-17 -9.23673 -4.20556 2.0327 -9.46625 -22.5416 -1.3826 0.852353 -38.7721 -0.655187 4.13728 15.2027 -0.285257 2.32622 -40.4017 -6.04875 2.94993 1.78652 -15.0451 -0.779096 -9.8844 12.4959 -9.84108e-16 -5.46965e-16 -1.27228e-14 
-8.30072 91.4157 81.1137 0.685601 2.10501 76.2679 0 5.07867 -1.15138 -2.40313 0.386538 -1.55502 0 5.61661 1.07143 -1.49829 0.812956 -1.82301 -1.02604e-17 5.98978 0.11501 -0.740889 1.18111 -1.65746 -1.10457e-17 6.50583 -0.443523 0.0389004 1.37884 -1.55862 -1.97295e-17 7.60548 -1.50593 0.522475 1.51955 -1.62386 -2.53307e-17 9.49737 -0.914492 0.719076 1.45267 -2.28536 -2.90401e-17 10.5513 1.57691 -0.0313619 0.702475 0.0368296 -1.29193e-17 4.78644 0.715339 -1.71631 -0.254803 -21.9924 -1.8116e-17 4.82109 0.421791 4.83937 -1.78487 -10.5609 -2.00958e-17 4.83041 0.765062 7.70425 4.62063 -4.96999 1.23299 -7.60731 7.53374 -5.79879 3.84777 0.188197 12.9547 3.2495 -3.26872 -81.5093 13.381 4.80934 29.2081 0.0598081 0.137039 2.5812 -0.269992 -12.5322 24.234 0.0496219 0.113701 -0.613801 -12.3215 -0.445464 -1.23299 -7.60729 7.53365 5.62585 2.05483 2.6664 -12.9547 3.2495 -3.26872 85.4455 1.99359 -1.93555 -29.2081 0.0598081 0.137039 -10.4015 -5.96992 60.2091 -24.234 0.0496218 0.113702 -3.42572 -1.35921 3.98747 9.23673 -4.20556 2.0327 3.96876 2.02926 5.97583 -0.852353 -38.7721 -0.655187 -0.26223 0.978991 -0.0148478 -2.32622 -40.4017 -6.04875 -4.509 -6.71446 15.9858 0.779096 -9.8844 12.4959 2.48481e-17 -7.95139e-16 1.2424e-17 -9.23673 -4.20556 2.0327 -10.6739 -21.6029 -3.8741 0.852353 -38.7721 -0.655187 3.69645 13.6362 -0.202847 2.32622 -40.4017 -6.04875 3.36681 2.6912 -15.0535 -0.779096 -9.8844 12.4959 -9.93923e-16 -5.46658e-16 -1.27222e-14 
-7.95129 91.4239 81.387 1.05896 2.19507 75.006 0 5.07867 -1.15138 -2.17259 0.23656 -1.50501 0 5.61661 1.07143 -1.32971 0.735486 -1.70418 -1.02604e-17 5.98978 0.11501 -0.619014 1.22579 -1.52833 -1.10457e-17 6.50583 -0.443523 0.109934 1.63506 -1.41375 -1.97295e-17 7.60548 -1.50593 0.57239 1.86333 -1.47952 -2.53307e-17 9.49737 -0.914492 0.772735 1.94137 -2.1326 -2.90401e-17 10.5513 1.57691 -0.012255 0.660274 0.0708008 -1.29193e-17 4.78644 0.715339 -2.34556 -1.26856 -22.359 -1.8116e-17 4.82109 0.421791 4.63078 -1.99742 -10.7992 -2.00958e-17 4.83041 0.765062 7.8246 5.16427 -5.76255 1.23299 -7.60731 7.53374 -6.38664 3.90159 -0.0321422 12.9547 3.2495 -3.26872 -81.1339 14.6784 4.24728 29.2081 0.0598081 0.137039 2.70836 -0.298298 -13.1596 24.234 0.0496219 0.113701 -0.644519 -13.1345 -0.450912 -1.23299 -7.60729 7.53365 7.04893 2.25891 3.38238 -12.9547 3.2495 -3.26872 83.5322 0.355786 -1.59771 -29.2081 0.0598081 0.137039 -10.797 -6.70611 64.1894 -24.234 0.0496218 0.113702 -4.27721 -1.08547 3.82514 9.23673 -4.20556 2.0327 3.96942 2.80039 6.91604 -0.852353 -38.7721 -0.655187 -0.275699 1.0293 -0.0154898 -2.32622 -40.4017 -6.04875 -4.98914 -6.61171 16.091 0.779096 -9.8844 12.4959 2.48481e-17 -7.95139e-16 1.2424e-17 -9.23673 -4.20556 2.0327 -11.9635 -20.4292 -6.94398 0.852353 -38.7721 -0.655187 3.25197 12.0378 -0.132009 2.32622 -40.4017 -6.04875 3.74548 3.52853 -15.0685 -0.779096 -9.8844 12.4959 -2.18415e-16 -5.8301e-16 -1.27586e-14 
-7.56868 91.4097 81.6889 1.44297 2.30011 73.8021 0 5.07867 -1.15138 -1.88851 0.116715 -1.46001 0 5.61661 1.07143 -1.11693 0.668657 -1.58774 -1.02604e-17 5.98978 0.11501 -0.464407 1.26145 -1.40361 -1.10457e-17 6.50583 -0.443523 0.200343 1.84429 -1.27291 -1.97295e-17 7.60548 -1.50593 0.628422 2.14547 -1.34182 -2.53307e-17 9.49737 -0.914492 0.815498 2.34574 -1.98161 -2.90401e-17 10.5513 1.57691 0.007895 0.62352 0.104939 -1.29193e-17 4.78644 0.715339 -2.97756 -2.14609 -22.9479 -1.8116e-17 4.82109 0.421791 4.443 -2.20656 -11.151 -2.00958e-17 4.83041 0.765062 7.74246 5.67004 -6.24245 1.23299 -7.60731 7.53374 -6.91988 4.01261 -0.297544 12.9547 3.2495 -3.26872 -80.843 16.1651 3.74132 29.2081 0.0598081 0.137039 2.81491 -0.323146 -13.6865 24.234 0.0496219 0.113701 -0.700521 -14.1021 -0.568203 -1.23299 -7.60729 7.53365 8.2919 2.51096 4.08809 -12.9547 3.2495 -3.26872 81.6328 -1.4978 -1.08612 -29.2081 0.0598081 0.137039 -11.0985 -7.36645 67.6479 -24.234 0.0496218 0.113702 -5.03054 -0.614574 3.9285 9.23673 -4.20556 2.0327 3.92592 3.61781 8.09392 -0.852353 -38.7721 -0.655187 -0.282817 1.05588 -0.0158243 -2.32622 -40.4017 -6.04875 -5.39014 -6.5205 16.1797 0.779096 -9.8844 12.4959 2.48481e-17 -7.95139e-16 1.2424e-17 -9.23673 -4.20556 2.0327 -13.2285 -19.2062 -10.5273 0.852353 -38.7721 -0.655187 2.86179 10.6207 -0.0801036 2.32622 -40.4017 -6.04875 3.81006 4.65136 -15.0597 -0.779096 -9.8844 12.4959 -5.86539e-16 -5.59695e-16 -1.27474e-14 
-7.15476 91.3673 82.0456 1.86265 2.4411 72.6154 0 5.07867 -1.15138 -1.59294 0.0380508 -1.40316 0 5.61661 1.07143 -0.900792 0.623241 -1.45752 -1.02604e-17 5.98978 0.11501 -0.312272 1.29751 -1.2666 -1.10457e-17 6.50583 -0.443523 0.282602 2.01628 -1.12075 -1.97295e-17 7.60548 -1.50593 0.673959 2.37629 -1.19091 -2.53307e-17 9.49737 -0.914492 0.847305 2.68087 -1.81268 -2.90401e-17 10.5513 1.57691 0.0314968 0.589013 0.138917 -1.29193e-17 4.78644 0.715339 -3.58459 -2.93996 -23.4517 -1.8116e-17 4.82109 0.421791 4.19208 -2.36458 -11.45 -2.00958e-17 4.83041 0.765062 7.66662 6.08081 -6.95526 1.23299 -7.60731 7.53374 -7.3874 4.19382 -0.634683 12.9547 3.2495 -3.26872 -80.5761 17.7623 3.24728 29.2081 0.0598081 0.137039 2.91621 -0.347729 -14.1884 24.234 0.0496219 0.113701 -0.696931 -15.1522 -0.66086 -1.23299 -7.60729 7.53365 9.41865 2.82163 4.81693 -12.9547 3.2495 -3.26872 79.7896 -3.60562 -0.527215 -29.2081 0.0598081 0.137039 -11.3564 -8.03426 71.061 -24.234 0.0496218 0.113702 -5.66285 -0.0135888 3.90081 9.23673 -4.20556 2.0327 3.84915 4.4519 9.20786 -0.852353 -38.7721 -0.655187 -0.307897 1.14956 -0.0169766 -2.32622 -40.4017 -6.04875 -5.793 -6.47281 16.2769 0.779096 -9.8844 12.4959 -3.62906e-16 -8.07256e-16 2.45414e-17 -9.23673 -4.20556 2.0327 -14.4175 -17.9429 -13.9778 0.852353 -38.7721 -0.655187 2.53494 9.42479 -0.0440965 2.32622 -40.4017 -6.04875 3.99456 5.85879 -15.0781 -0.779096 -9.8844 12.4959 5.66908e-16 -6.19668e-16 -1.27955e-14 
-6.72667 91.2893 82.4745 2.37344 2.66068 71.4979 0 5.07867 -1.15138 -1.31683 -0.00150623 -1.33832 0 5.61661 1.07143 -0.704064 0.602376 -1.32498 -1.02604e-17 5.98978 0.11501 -0.177544 1.33979 -1.12924 -1.10457e-17 6.50583 -0.443523 0.348682 2.16558 -0.970312 -1.97295e-17 7.60548 -1.50593 0.70677 2.57318 -1.03931 -2.53307e-17 9.49737 -0.914492 0.868929 2.96733 -1.64219 -2.90401e-17 10.5513 1.57691 0.0538304 0.557826 0.171936 -1.29193e-17 4.78644 0.715339 -4.15919 -3.53829 -24.1744 -1.8116e-17 4.82109 0.421791 3.95502 -2.56873 -11.86 -2.00958e-17 4.83041 0.765062 7.55074 6.46996 -7.41317 1.23299 -7.60731 7.53374 -7.77334 4.4108 -0.972233 12.9547 3.2495 -3.26872 -80.24 19.4964 2.70501 29.2081 0.0598081 0.137039 2.99801 -0.368268 -14.5944 24.234 0.0496219 0.113701 -0.704293 -16.2941 -0.746893 -1.23299 -7.60729 7.53365 10.4219 3.15117 5.45529 -12.9547 3.2495 -3.26872 78.0781 -5.72793 -0.0075424 -29.2081 0.0598081 0.137039 -11.5568 -8.65657 74.181 -24.234 0.0496218 0.113702 -6.3386 0.7044 4.00803 9.23673 -4.20556 2.0327 3.71012 5.30023 10.3108 -0.852353 -38.7721 -0.655187 -0.364945 1.36265 -0.0194453 -2.32622 -40.4017 -6.04875 -6.13433 -6.42665 16.3619 0.779096 -9.8844 12.4959 4.02778e-16 -7.83328e-16 6.13745e-19 -9.23673 -4.20556 2.0327 -15.5563 -16.7237 -16.7909 0.852353 -38.7721 -0.655187 2.33308 8.68271 -0.0252855 2.32622 -40.4017 -6.04875 4.04327 7.11766 -15.0896 -0.779096 -9.8844 12.4959 2.08605e-16 -5.96968e-16 -1.27725e-14 
-6.29267 91.1501 82.9823 2.85844 2.93016 70.4991 0 5.07867 -1.15138 -1.06634 0.00901508 -1.2631 0 5.61661 1.07143 -0.529692 0.616741 -1.18802 -1.02604e-17 5.98978 0.11501 -0.0605622 1.39072 -0.988663 -1.10457e-17 6.50583 -0.443523 0.401528 2.28079 -0.8196 -1.97295e-17 7.60548 -1.50593 0.733115 2.71688 -0.886208 -2.53307e-17 9.49737 -0.914492 0.889142 3.17399 -1.47224 -2.90401e-17 10.5513 1.57691 0.0748393 0.528902 0.205962 -1.29193e-17 4.78644 0.715339 -4.67769 -3.97265 -24.955 -1.8116e-17 4.82109 0.421791 3.71618 -2.75555 -12.2897 -2.00958e-17 4.83041 0.765062 7.50614 6.73397 -7.90998 1.23299 -7.60731 7.53374 -7.98053 4.64255 -1.2879 12.9547 3.2495 -3.26872 -79.951 21.3314 2.17148 29.2081 0.0598081 0.137039 3.07879 -0.389157 -14.9961 24.234 0.0496219 0.113701 -0.664929 -17.4417 -0.780495 -1.23299 -7.60729 7.53365 11.3054 3.48992 6.06505 -12.9547 3.2495 -3.26872 76.3544 -8.03571 0.471766 -29.2081 0.0598081 0.137039 -11.713 -9.24633 77.0958 -24.234 0.0496218 0.113702 -6.86963 1.31739 4.09806 9.23673 -4.20556 2.0327 3.62258 5.99749 11.1305 -0.852353 -38.7721 -0.655187 -0.487369 1.81999 -0.0240277 -2.32622 -40.4017 -6.04875 -6.39724 -6.57409 16.4385 0.779096 -9.8844 12.4959 4.22417e-16 -7.82715e-16 2.88531e-33 -9.23673 -4.20556 2.0327 -16.6374 -15.7459 -18.6986 0.852353 -38.7721 -0.655187 2.32472 8.65192 -0.0245631 2.32622 -40.4017 -6.04875 4.09565 8.16924 -15.111 -0.779096 -9.8844 12.4959 -9.64463e-16 -5.47885e-16 -1.27234e-14 
-5.83788 90.9467 83.5499 3.35922 3.23882 69.5939 0 5.07867 -1.15138 -0.831014 0.0821226 -1.1727 0 5.61661 1.07143 -0.368368 0.672987 -1.04264 -1.02604e-17 5.98978 0.11501 0.0452732 1.45035 -0.840173 -1.10457e-17 6.50583 -0.443523 0.44474 2.34836 -0.663024 -1.97295e-17 7.60548 -1.50593 0.754009 2.78711 -0.725897 -2.53307e-17 9.49737 -0.914492 0.906734 3.27478 -1.29535 -2.90401e-17 10.5513 1.57691 0.0925518 0.505178 0.242172 -1.29193e-17 4.78644 0.715339 -5.19539 -4.39293 -25.717 -1.8116e-17 4.82109 0.421791 3.42698 -2.94575 -12.7043 -2.00958e-17 4.83041 0.765062 7.45139 7.00746 -8.25359 1.23299 -7.60731 7.53374 -8.01047 4.898 -1.58101 12.9547 3.2495 -3.26872 -79.7578 23.242 1.66284 29.2081 0.0598081 0.137039 3.14902 -0.407809 -15.3459 24.234 0.0496219 0.113701 -0.60484 -18.5763 -0.766544 -1.23299 -7.60729 7.53365 12.1246 3.86977 6.66681 -12.9547 3.2495 -3.26872 74.5854 -10.2761 0.876453 -29.2081 0.0598081 0.137039 -11.8283 -9.78709 79.741 -24.234 0.0496218 0.113702 -7.50476 1.63867 4.1244 9.23673 -4.20556 2.0327 3.58343 6.59716 11.6876 -0.852353 -38.7721 -0.655187 -0.670875 2.50553 -0.0290671 -2.32622 -40.4017 -6.04875 -6.711 -6.78341 16.5205 0.779096 -9.8844 12.4959 3.46681e-17 -7.94832e-16 1.21172e-17 -9.23673 -4.20556 2.0327 -17.1223 -15.053 -19.7494 0.852353 -38.7721 -0.655187 2.55585 9.50152 -0.046195 2.32622 -40.4017 -6.04875 3.26047 6.16805 -14.976 -0.779096 -9.8844 12.4959 -2.18425e-16 -5.83009e-16 -1.27586e-14 
-5.41536 90.7567 84.2809 3.83568 3.58728 68.6631 0 5.07867 -1.15138 -0.620619 0.14885 -1.06428 0 5.61661 1.07143 -0.226891 0.731463 -0.887709 -1.02604e-17 5.98978 0.11501 0.136052 1.5141 -0.681714 -1.10457e-17 6.50583 -0.443523 0.478875 2.42354 -0.498611 -1.97295e-17 7.60548 -1.50593 0.774738 2.86759 -0.555735 -2.53307e-17 9.49737 -0.914492 0.933843 3.3772 -1.11153 -2.90401e-17 10.5513 1.57691 0.10784 0.477875 0.278963 -1.29193e-17 4.78644 0.715339 -5.73598 -4.92035 -26.4096 -1.8116e-17 4.82109 0.421791 3.14856 -3.14953 -13.0716 -2.00958e-17 4.83041 0.765062 7.38929 7.25877 -8.47735 1.23299 -7.60731 7.53374 -7.96549 5.1449 -1.85683 12.9547 3.2495 -3.26872 -79.4787 25.1379 1.0261 29.2081 0.0598081 0.137039 3.20126 -0.421983 -15.6065 24.234 0.0496219 0.113701 -0.557838 -19.7656 -0.754044 -1.23299 -7.60729 7.53365 12.9315 4.25434 7.2412 -12.9547 3.2495 -3.26872 72.7894 -12.4027 1.40493 -29.2081 0.0598081 0.137039 -11.9043 -10.2359 81.9215 -24.234 0.0496218 0.113702 -8.16923 1.55696 4.20535 9.23673 -4.20556 2.0327 3.6801 7.05528 12.0029 -0.852353 -38.7721 -0.655187 -0.912626 3.40837 -0.032353 -2.32622 -40.4017 -6.04875 -7.12293 -6.90063 16.6265 0.779096 -9.8844 12.4959 2.48481e-17 -7.95139e-16 1.2424e-17 -9.23673 -4.20556 2.0327 -17.7225 -14.6727 -19.785 0.852353 -38.7721 -0.655187 2.86333 10.6262 -0.0802886 2.32622 -40.4017 -6.04875 2.55555 4.13443 -14.9262 -0.779096 -9.8844 12.4959 -1.36203e-15 -5.35461e-16 -1.2711e-14 
-5.04804 90.567 85.1347 4.22524 4.04289 67.7782 0 5.07867 -1.15138 -0.365067 0.171922 -0.963867 0 5.61661 1.07143 -0.0515491 0.777986 -0.732451 -1.02604e-17 5.98978 0.11501 0.251356 1.59874 -0.518956 -1.10457e-17 6.50583 -0.443523 0.528385 2.58677 -0.326834 -1.97295e-17 7.60548 -1.50593 0.803794 3.07369 -0.378715 -2.53307e-17 9.49737 -0.914492 0.962134 3.634 -0.923848 -2.90401e-17 10.5513 1.57691 0.117467 0.428388 0.333675 -1.29193e-17 4.78644 0.715339 -6.72753 -6.17711 -27.1591 -1.8116e-17 4.82109 0.421791 2.70859 -3.53822 -13.4629 -2.00958e-17 4.83041 0.765062 7.51115 7.96563 -8.70499 1.23299 -7.60731 7.53374 -8.06886 5.41385 -2.14076 12.9547 3.2495 -3.26872 -78.8002 27.024 -0.100668 29.2081 0.0598081 0.137039 3.23803 -0.432112 -15.7901 24.234 0.0496219 0.113701 -0.650445 -21.005 -0.898391 -1.23299 -7.60729 7.53365 14.5443 4.92462 8.09264 -12.9547 3.2495 -3.26872 70.2954 -14.9978 1.85008 -29.2081 0.0598081 0.137039 -11.9458 -10.5409 83.3973 -24.234 0.0496218 0.113702 -9.06863 1.2449 5.18804 9.23673 -4.20556 2.0327 3.86244 7.24741 12.0023 -0.852353 -38.7721 -0.655187 -1.21942 4.55295 -0.0310309 -2.32622 -40.4017 -6.04875 -7.55482 -6.93715 16.7242 0.779096 -9.8844 12.4959 4.12597e-16 -7.83022e-16 3.06876e-19 -9.23673 -4.20556 2.0327 -18.4496 -14.8437 -19.2788 0.852353 -38.7721 -0.655187 3.36227 12.4361 -0.14843 2.32622 -40.4017 -6.04875 1.58049 1.72377 -14.9131 -0.779096 -9.8844 12.4959 -6.15994e-16 -5.58468e-16 -1.27461e-14 
-4.72221 90.3648 86.0947 4.1418 4.74644 67.0872 0 5.07867 -1.15138 0.239405 -0.0894216 -0.852102 0 5.61661 1.07143 0.390389 0.6782 -0.515578 -1.02604e-17 5.98978 0.11501 0.561645 1.69861 -0.28857 -1.10457e-17 6.50583 -0.443523 0.700148 3.08516 -0.074143 -1.97295e-17 7.60548 -1.50593 0.89615 3.79857 -0.130398 -2.53307e-17 9.49737 -0.914492 1.00402 4.56524 -0.661513 -2.90401e-17 10.5513 1.57691 0.123673 0.294267 0.455032 -1.29193e-17 4.78644 0.715339 -9.70313 -10.3429 -28.5038 -1.8116e-17 4.82109 0.421791 1.54999 -4.25184 -14.1126 -2.00958e-17 4.83041 0.765062 8.05917 10.7069 -9.55873 1.23299 -7.60731 7.53374 -8.95405 5.86821 -2.73262 12.9547 3.2495 -3.26872 -76.4724 29.5764 -2.99273 29.2081 0.0598081 0.137039 3.32003 -0.455159 -16.2 24.234 0.0496219 0.113701 -1.31098 -22.8524 -1.39698 -1.23299 -7.60729 7.53365 19.0052 6.78776 10.1971 -12.9547 3.2495 -3.26872 64.9569 -19.7913 3.15761 -29.2081 0.0598081 0.137039 -11.948 -10.5586 83.4832 -24.234 0.0496218 0.113702 -10.9557 1.40174 7.85923 9.23673 -4.20556 2.0327 4.11229 6.81532 11.7452 -0.852353 -38.7721 -0.655187 -1.56514 5.84012 -0.0221819 -2.32622 -40.4017 -6.04875 -7.97734 -6.91189 16.7523 0.779096 -9.8844 12.4959 -3.53081e-16 -8.06949e-16 2.42343e-17 -9.23673 -4.20556 2.0327 -19.2044 -15.6614 -18.9469 0.852353 -38.7721 -0.655187 3.93127 14.4732 -0.245251 2.32622 -40.4017 -6.04875 0.654407 -0.66817 -14.9604 -0.779096 -9.8844 12.4959 -9.84103e-16 -5.46965e-16 -1.27228e-14 
-4.42981 90.1596 87.1789 3.45027 5.57092 66.5191 0 5.07867 -1.15138 0.384344 -0.539699 -0.796133 0 5.61661 1.07143 0.480684 0.367664 -0.425663 -1.02604e-17 5.98978 0.11501 0.609744 1.49102 -0.191876 -1.10457e-17 6.50583 -0.443523 0.696064 3.07341 0.0267345 -1.97295e-17 7.60548 -1.50593 0.858375 3.91848 -0.0180295 -2.53307e-17 9.49737 -0.914492 0.940332 4.73941 -0.517181 -2.90401e-17 10.5513 1.57691 0.133752 0.250264 0.488098 -1.29193e-17 4.78644 0.715339 -11.0519 -12.3106 -28.9074 -1.8116e-17 4.82109 0.421791 1.25967 -4.13105 -14.2517 -2.00958e-17 4.83041 0.765062 8.2054 12.1202 -10.255 1.23299 -7.60731 7.53374 -9.13881 6.11754 -2.91813 12.9547 3.2495 -3.26872 -75.0119 32.3694 -3.85568 29.2081 0.0598081 0.137039 3.33808 -0.460318 -16.2904 24.234 0.0496219 0.113701 -1.28186 -25.459 -1.65303 -1.23299 -7.60729 7.53365 19.5459 7.03435 10.3404 -12.9547 3.2495 -3.26872 61.9703 -21.1902 2.34566 -29.2081 0.0598081 0.137039 -11.9907 -10.9701 85.4692 -24.234 0.0496218 0.113702 -11.7622 -0.141263 6.51661 9.23673 -4.20556 2.0327 4.70539 5.39717 11.7678 -0.852353 -38.7721 -0.655187 -2.06919 7.70908 0.00466175 -2.32622 -40.4017 -6.04875 -8.12685 -6.92169 16.7459 0.779096 -9.8844 12.4959 -3.72721e-16 -8.07563e-16 2.48481e-17 -9.23673 -4.20556 2.0327 -19.5462 -16.9974 -18.6915 0.852353 -38.7721 -0.655187 4.39863 16.1217 -0.339751 2.32622 -40.4017 -6.04875 -1.16002 -2.66663 -14.9494 -0.779096 -9.8844 12.4959 -1.38167e-15 -5.34541e-16 -1.27101e-14 
-4.15736 90.2558 88.3055 3.51327 5.62348 65.4407 0 5.07867 -1.15138 -0.208969 -0.435373 -0.806795 0 5.61661 1.07143 0.0218682 0.338401 -0.532184 -1.02604e-17 5.98978 0.11501 0.267197 1.2457 -0.311594 -1.10457e-17 6.50583 -0.443523 0.46962 2.38159 -0.125292 -1.97295e-17 7.60548 -1.50593 0.717857 2.99648 -0.147868 -2.53307e-17 9.49737 -0.914492 0.863692 3.55693 -0.632178 -2.90401e-17 10.5513 1.57691 0.149871 0.385623 0.367393 -1.29193e-17 4.78644 0.715339 -8.13328 -8.50143 -27.447 -1.8116e-17 4.82109 0.421791 2.49384 -3.39008 -13.563 -2.00958e-17 4.83041 0.765062 7.66876 9.50615 -9.66801 1.23299 -7.60731 7.53374 -7.98116 6.07298 -2.5524 12.9547 3.2495 -3.26872 -77.2195 32.9893 -0.794293 29.2081 0.0598081 0.137039 3.25239 -0.436099 -15.8618 24.234 0.0496219 0.113701 0.186129 -26.9258 -1.17459 -1.23299 -7.60729 7.53365 14.034 4.91677 7.8642 -12.9547 3.2495 -3.26872 65.3672 -18.1559 0.538607 -29.2081 0.0598081 0.137039 -12.0306 -11.7013 88.9922 -24.234 0.0496218 0.113702 -10.1453 -2.06045 1.1822 9.23673 -4.20556 2.0327 5.74088 4.89422 11.7837 -0.852353 -38.7721 -0.655187 -2.54688 9.46858 0.0452911 -2.32622 -40.4017 -6.04875 -8.85841 -5.77134 17.0666 0.779096 -9.8844 12.4959 1.5028e-17 -7.95446e-16 1.27309e-17 -9.23673 -4.20556 2.0327 -19.0975 -17.4331 -17.8866 0.852353 -38.7721 -0.655187 4.66476 17.0494 -0.399497 2.32622 -40.4017 -6.04875 -1.92496 -3.1179 -14.9382 -0.779096 -9.8844 12.4959 -6.15994e-16 -5.58468e-16 -1.27461e-14 
-3.78295 90.5272 89.4596 4.10851 5.5274 64.2226 0 5.07867 -1.15138 -0.696448 -0.0625131 -0.891252 0 5.61661 1.07143 -0.331342 0.509185 -0.711647 -1.02604e-17 5.98978 0.11501 0.0164328 1.19383 -0.505289 -1.10457e-17 6.50583 -0.443523 0.34193 1.8943 -0.351813 -1.97295e-17 7.60548 -1.50593 0.658459 2.27293 -0.370511 -2.53307e-17 9.49737 -0.914492 0.842953 2.5575 -0.880411 -2.90401e-17 10.5513 1.57691 0.165711 0.51042 0.249092 -1.29193e-17 4.78644 0.715339 -4.81794 -3.54731 -26.1473 -1.8116e-17 4.82109 0.421791 3.52793 -3.27087 -12.9042 -2.00958e-17 4.83041 0.765062 7.18568 5.69476 -8.27008 1.23299 -7.60731 7.53374 -6.2286 5.76826 -1.8285 12.9547 3.2495 -3.26872 -80.4304 31.672 1.8725 29.2081 0.0598081 0.137039 3.1135 -0.398313 -15.169 24.234 0.0496219 0.113701 0.825951 -26.6341 -1.4412 -1.23299 -7.60729 7.53365 8.64083 3.1371 5.3581 -12.9547 3.2495 -3.26872 70.6434 -16.1452 1.07219 -29.2081 0.0598081 0.137039 -12.0308 -11.7062 89.0159 -24.234 0.0496218 0.113702 -7.73558 -2.17342 -0.72509 9.23673 -4.20556 2.0327 6.53256 5.3042 11.7289 -0.852353 -38.7721 -0.655187 -2.84309 10.5524 0.0778599 -2.32622 -40.4017 -6.04875 -10.3573 -3.58465 17.6371 0.779096 -9.8844 12.4959 2.35134e-15 -6.98201e-16 -8.45133e-17 -9.23673 -4.20556 2.0327 -18.5018 -17.0411 -16.7383 0.852353 -38.7721 -0.655187 4.76217 17.387 -0.422429 2.32622 -40.4017 -6.04875 -1.57504 -3.28864 -14.9692 -0.779096 -9.8844 12.4959 -5.96354e-16 -5.59082e-16 -1.27471e-14 
-3.33324 90.8526 90.5534 4.57285 5.81548 63.2539 0 5.07867 -1.15138 -1.08288 0.28245 -0.997738 0 5.61661 1.07143 -0.606314 0.67838 -0.89752 -1.02604e-17 5.98978 0.11501 -0.177228 1.19869 -0.703243 -1.10457e-17 6.50583 -0.443523 0.249725 1.59173 -0.578715 -1.97295e-17 7.60548 -1.50593 0.607398 1.79438 -0.598633 -2.53307e-17 9.49737 -0.914492 0.805842 1.84182 -1.12308 -2.90401e-17 10.5513 1.57691 0.18667 0.586228 0.151186 -1.29193e-17 4.78644 0.715339 -2.19812 0.775055 -25.2968 -1.8116e-17 4.82109 0.421791 4.21543 -3.34005 -12.3894 -2.00958e-17 4.83041 0.765062 6.99566 2.09126 -6.8797 1.23299 -7.60731 7.53374 -4.72055 5.44727 -1.24278 12.9547 3.2495 -3.26872 -83.072 30.0473 4.03182 29.2081 0.0598081 0.137039 3.08085 -0.38969 -15.0064 24.234 0.0496219 0.113701 1.06884 -25.9773 -2.09189 -1.23299 -7.60729 7.53365 3.66543 1.7646 3.21277 -12.9547 3.2495 -3.26872 75.161 -15.6108 2.36682 -29.2081 0.0598081 0.137039 -12.0046 -11.1476 86.3247 -24.234 0.0496218 0.113702 -5.19155 -2.66728 -0.161389 9.23673 -4.20556 2.0327 6.88342 5.41127 11.3091 -0.852353 -38.7721 -0.655187 -3.09282 11.4612 0.109671 -2.32622 -40.4017 -6.04875 -11.6509 -0.752217 18.3439 0.779096 -9.8844 12.4959 -1.07948e-15 -8.41152e-16 5.84377e-17 -9.23673 -4.20556 2.0327 -18.0689 -16.4433 -15.756 0.852353 -38.7721 -0.655187 4.66402 17.0469 -0.399325 2.32622 -40.4017 -6.04875 -1.53056 -3.4771 -14.9838 -0.779096 -9.8844 12.4959 -1.37185e-15 -5.34848e-16 -1.27107e-14 
-2.84758 91.1563 91.5849 5.13647 6.36891 62.7497 0 5.07867 -1.15138 -1.46066 0.739341 -1.11178 0 5.61661 1.07143 -0.883301 0.928821 -1.0921 -1.02604e-17 5.98978 0.11501 -0.378662 1.24829 -0.913495 -1.10457e-17 6.50583 -0.443523 0.133421 1.26793 -0.814298 -1.97295e-17 7.60548 -1.50593 0.521403 1.28344 -0.831286 -2.53307e-17 9.49737 -0.914492 0.721121 1.10662 -1.3465 -2.90401e-17 10.5513 1.57691 0.193779 0.659025 0.0847845 -1.29193e-17 4.78644 0.715339 -0.590919 3.52698 -24.7536 -1.8116e-17 4.82109 0.421791 4.45769 -3.27616 -12.0225 -2.00958e-17 4.83041 0.765062 6.95369 0.0951926 -5.97107 1.23299 -7.60731 7.53374 -3.98379 5.34114 -1.00547 12.9547 3.2495 -3.26872 -84.6967 28.0032 5.97044 29.2081 0.0598081 0.137039 3.24081 -0.43287 -15.8039 24.234 0.0496219 0.113701 1.36316 -24.7661 -2.16674 -1.23299 -7.60729 7.53365 -0.232147 0.976912 1.82661 -12.9547 3.2495 -3.26872 78.7105 -15.6669 2.86797 -29.2081 0.0598081 0.137039 -11.9578 -10.642 83.8863 -24.234 0.0496218 0.113702 -3.56098 -2.98172 0.744402 9.23673 -4.20556 2.0327 6.75015 5.38987 9.89575 -0.852353 -38.7721 -0.655187 -3.27141 12.1081 0.134848 -2.32622 -40.4017 -6.04875 -12.4836 2.34673 19.1122 0.779096 -9.8844 12.4959 1.15864e-15 -7.47898e-16 -3.48171e-17 -9.23673 -4.20556 2.0327 -18.0545 -15.6079 -15.4203 0.852353 -38.7721 -0.655187 4.54484 16.6324 -0.372046 2.32622 -40.4017 -6.04875 -1.6606 -3.90424 -15.0171 -0.779096 -9.8844 12.4959 -1.00374e-15 -5.46351e-16 -1.27219e-14 
-2.33966 91.3685 92.5567 5.37281 7.05933 62.4163 0 5.07867 -1.15138 -1.76869 0.869715 -1.23077 0 5.61661 1.07143 -1.10176 0.98203 -1.27658 -1.02604e-17 5.98978 0.11501 -0.526544 1.22662 -1.10921 -1.10457e-17 6.50583 -0.443523 0.0611649 1.10193 -1.0258 -1.97295e-17 7.60548 -1.50593 0.475356 1.05693 -1.04327 -2.53307e-17 9.49737 -0.914492 0.675293 0.766223 -1.55945 -2.90401e-17 10.5513 1.57691 0.198132 0.695692 0.0415336 -1.29193e-17 4.78644 0.715339 0.339073 5.02601 -24.1258 -1.8116e-17 4.82109 0.421791 4.74144 -3.19933 -11.6351 -2.00958e-17 4.83041 0.765062 6.71764 -1.24837 -5.55883 1.23299 -7.60731 7.53374 -3.47792 5.11582 -0.671235 12.9547 3.2495 -3.26872 -85.6284 26.2364 7.22452 29.2081 0.0598081 0.137039 3.48072 -0.502152 -17.0058 24.234 0.0496219 0.113701 1.3569 -23.3131 -2.04927 -1.23299 -7.60729 7.53365 -2.89519 0.392323 0.909781 -12.9547 3.2495 -3.26872 81.183 -15.8518 3.35587 -29.2081 0.0598081 0.137039 -11.9225 -10.3628 82.536 -24.234 0.0496218 0.113702 -2.5841 -2.81513 0.864212 9.23673 -4.20556 2.0327 6.51935 5.05123 8.22856 -0.852353 -38.7721 -0.655187 -3.41533 12.6273 0.156603 -2.32622 -40.4017 -6.04875 -13.2401 5.05083 19.815 0.779096 -9.8844 12.4959 4.42057e-16 -7.81794e-16 -9.20628e-19 -9.23673 -4.20556 2.0327 -17.9842 -14.9646 -15.2837 0.852353 -38.7721 -0.655187 4.39271 16.1009 -0.338471 2.32622 -40.4017 -6.04875 -2.2454 -4.594 -15.046 -0.779096 -9.8844 12.4959 -2.18425e-16 -5.83009e-16 -1.27586e-14 
-1.86701 91.4921 93.5194 5.4476 7.86034 62.142 0 5.07867 -1.15138 -2.0832 0.902463 -1.38998 0 5.61661 1.07143 -1.32879 0.950415 -1.49825 -1.02604e-17 5.98978 0.11501 -0.681008 1.12027 -1.33452 -1.10457e-17 6.50583 -0.443523 -0.0118541 0.87724 -1.26647 -1.97295e-17 7.60548 -1.50593 0.42263 0.792468 -1.28074 -2.53307e-17 9.49737 -0.914492 0.609945 0.360121 -1.8023 -2.90401e-17 10.5513 1.57691 0.209643 0.739025 -0.00432152 -1.29193e-17 4.78644 0.715339 1.31155 6.74555 -23.4024 -1.8116e-17 4.82109 0.421791 5.01642 -3.13305 -11.1949 -2.00958e-17 4.83041 0.765062 6.40194 -2.70979 -5.13363 1.23299 -7.60731 7.53374 -1.92014 4.86093 -0.0373952 12.9547 3.2495 -3.26872 -86.4847 25.8491 8.04366 29.2081 0.0598081 0.137039 3.74183 -0.583809 -18.3222 24.234 0.0496219 0.113701 0.577795 -22.8261 -1.69607 -1.23299 -7.60729 7.53365 -5.88768 -0.181356 -0.204069 -12.9547 3.2495 -3.26872 83.2448 -15.7206 3.43659 -29.2081 0.0598081 0.137039 -11.9005 -10.2111 81.8014 -24.234 0.0496218 0.113702 -1.33873 -3.05302 0.128129 9.23673 -4.20556 2.0327 6.28123 4.31931 6.71915 -0.852353 -38.7721 -0.655187 -3.72407 13.735 0.207658 -2.32622 -40.4017 -6.04875 -13.4912 5.43916 19.9412 0.779096 -9.8844 12.4959 4.29991e-15 -6.13074e-16 -1.6964e-16 -9.23673 -4.20556 2.0327 -17.893 -14.4542 -14.9803 0.852353 -38.7721 -0.655187 4.20949 15.4574 -0.299898 2.32622 -40.4017 -6.04875 -2.93403 -5.49772 -15.1037 -0.779096 -9.8844 12.4959 -9.74283e-16 -5.47578e-16 -1.27231e-14 
-1.41209 91.5863 94.4236 5.50361 8.53118 61.7329 0 5.07867 -1.15138 -2.25575 1.0373 -1.53653 0 5.61661 1.07143 -1.43189 1.00584 -1.68791 -1.02604e-17 5.98978 0.11501 -0.738255 1.08053 -1.52847 -1.10457e-17 6.50583 -0.443523 -0.0168784 0.677229 -1.47233 -1.97295e-17 7.60548 -1.50593 0.41753 0.536381 -1.49139 -2.53307e-17 9.49737 -0.914492 0.568805 -0.0441109 -2.02157 -2.90401e-17 10.5513 1.57691 0.215225 0.765454 -0.0269595 -1.29193e-17 4.78644 0.715339 1.77024 7.56744 -22.7392 -1.8116e-17 4.82109 0.421791 5.07046 -3.10491 -10.8145 -2.00958e-17 4.83041 0.765062 6.07791 -3.59163 -4.75576 1.23299 -7.60731 7.53374 -0.50658 4.82293 0.414457 12.9547 3.2495 -3.26872 -88.153 25.9264 8.97067 29.2081 0.0598081 0.137039 3.99612 -0.66973 -19.6133 24.234 0.0496219 0.113701 0.604797 -22.4392 -1.75289 -1.23299 -7.60729 7.53365 -7.76892 -0.442763 -0.634361 -12.9547 3.2495 -3.26872 84.4693 -16.178 3.6802 -29.2081 0.0598081 0.137039 -11.8641 -9.98556 80.7067 -24.234 0.0496218 0.113702 -0.357311 -2.73442 0.185752 9.23673 -4.20556 2.0327 6.18989 3.06407 5.01978 -0.852353 -38.7721 -0.655187 -4.41081 16.1643 0.342392 -2.32622 -40.4017 -6.04875 -12.8304 1.77202 19.163 0.779096 -9.8844 12.4959 -5.68325e-15 -1.04499e-15 2.62276e-16 -9.23673 -4.20556 2.0327 -17.6114 -13.9327 -14.3373 0.852353 -38.7721 -0.655187 3.98355 14.6587 -0.255156 2.32622 -40.4017 -6.04875 -3.31141 -6.23693 -15.18 -0.779096 -9.8844 12.4959 5.57055e-16 -6.1936e-16 -1.27949e-14 
-0.969307 91.7189 95.2873 5.71511 9.02732 61.0972 0 5.07867 -1.15138 -2.33875 1.02806 -1.58566 0 5.61661 1.07143 -1.47947 0.985952 -1.75556 -1.02604e-17 5.98978 0.11501 -0.759798 1.0641 -1.59676 -1.10457e-17 6.50583 -0.443523 -0.00918084 0.668799 -1.54528 -1.97295e-17 7.60548 -1.50593 0.433078 0.547763 -1.56753 -2.53307e-17 9.49737 -0.914492 0.581015 -0.0799602 -2.10216 -2.90401e-17 10.5513 1.57691 0.222703 0.755992 -0.0301059 -1.29193e-17 4.78644 0.715339 1.96988 7.92411 -22.5098 -1.8116e-17 4.82109 0.421791 5.10255 -3.31675 -10.679 -2.00958e-17 4.83041 0.765062 5.83722 -4.21288 -4.25901 1.23299 -7.60731 7.53374 0.313943 4.71468 0.708975 12.9547 3.2495 -3.26872 -89.2563 26.1471 9.21257 29.2081 0.0598081 0.137039 4.19556 -0.741629 -20.6328 24.234 0.0496219 0.113701 0.70409 -21.5302 -1.96308 -1.23299 -7.60729 7.53365 -8.53464 -0.649033 -0.773643 -12.9547 3.2495 -3.26872 84.928 -17.0889 4.39501 -29.2081 0.0598081 0.137039 -11.8042 -9.66347 79.1384 -24.234 0.0496218 0.113702 0.205992 -1.8005 0.644159 9.23673 -4.20556 2.0327 6.09917 1.74007 3.52503 -0.852353 -38.7721 -0.655187 -5.17472 18.8033 0.525796 -2.32622 -40.4017 -6.04875 -12.397 -0.74779 18.5874 0.779096 -9.8844 12.4959 -5.1632e-15 -1.01969e-15 2.36978e-16 -9.23673 -4.20556 2.0327 -17.2261 -13.3464 -13.3154 0.852353 -38.7721 -0.655187 3.75148 13.8329 -0.212478 2.32622 -40.4017 -6.04875 -3.69371 -6.72236 -15.2289 -0.779096 -9.8844 12.4959 9.84099e-16 -6.33319e-16 -1.28089e-14 
-0.571156 91.8691 96.1074 6.10243 9.30916 60.1636 0 5.07867 -1.15138 -2.36277 1.07651 -1.5643 0 5.61661 1.07143 -1.49679 1.01699 -1.7431 -1.02604e-17 5.98978 0.11501 -0.769791 1.10594 -1.58628 -1.10457e-17 6.50583 -0.443523 -0.0116889 0.729484 -1.53881 -1.97295e-17 7.60548 -1.50593 0.437506 0.620624 -1.56152 -2.53307e-17 9.49737 -0.914492 0.597878 -0.0223762 -2.08593 -2.90401e-17 10.5513 1.57691 0.228877 0.743169 -0.0253081 -1.29193e-17 4.78644 0.715339 2.00006 8.00092 -22.2576 -1.8116e-17 4.82109 0.421791 4.99509 -3.57857 -10.5469 -2.00958e-17 4.83041 0.765062 5.81047 -4.66083 -4.01202 1.23299 -7.60731 7.53374 0.688761 4.59775 0.841542 12.9547 3.2495 -3.26872 -89.9054 26.454 9.16973 29.2081 0.0598081 0.137039 4.4063 -0.822007 -21.7172 24.234 0.0496219 0.113701 0.957239 -20.5294 -2.10705 -1.23299 -7.60729 7.53365 -8.80055 -0.815217 -0.725534 -12.9547 3.2495 -3.26872 85.0104 -18.2095 5.32527 -29.2081 0.0598081 0.137039 -11.737 -9.34969 77.6034 -24.234 0.0496218 0.113702 0.731575 -0.69951 0.899993 9.23673 -4.20556 2.0327 5.86721 0.763204 2.01337 -0.852353 -38.7721 -0.655187 -5.80832 20.9352 0.703854 -2.32622 -40.4017 -6.04875 -12.2606 -1.18274 18.3804 0.779096 -9.8844 12.4959 -7.08228e-15 -1.10359e-15 3.20876e-16 -9.23673 -4.20556 2.0327 -16.7315 -12.6426 -12.052 0.852353 -38.7721 -0.655187 3.51061 12.9701 -0.171722 2.32622 -40.4017 -6.04875 -3.9642 -7.00308 -15.2522 -0.779096 -9.8844 12.4959 1.38167e-15 -6.45743e-16 -1.28334e-14 
-0.214837 91.9797 96.9023 6.467 9.50964 58.9025 0 5.07867 -1.15138 -2.3722 1.07561 -1.51583 0 5.61661 1.07143 -1.50668 1.0149 -1.70221 -1.02604e-17 5.98978 0.11501 -0.774654 1.12876 -1.54728 -1.10457e-17 6.50583 -0.443523 -0.0104648 0.798975 -1.50232 -1.97295e-17 7.60548 -1.50593 0.45051 0.721298 -1.52592 -2.53307e-17 9.49737 -0.914492 0.632499 0.0781532 -2.04361 -2.90401e-17 10.5513 1.57691 0.232939 0.728862 -0.0170245 -1.29193e-17 4.78644 0.715339 1.97714 7.94498 -21.9463 -1.8116e-17 4.82109 0.421791 4.92257 -3.80477 -10.3904 -2.00958e-17 4.83041 0.765062 5.7066 -5.01174 -3.71528 1.23299 -7.60731 7.53374 1.04966 4.44747 0.991687 12.9547 3.2495 -3.26872 -90.4408 26.8138 9.13094 29.2081 0.0598081 0.137039 4.6538 -0.922303 -23.0007 24.234 0.0496219 0.113701 1.12956 -19.744 -2.18797 -1.23299 -7.60729 7.53365 -8.87774 -0.961473 -0.63764 -12.9547 3.2495 -3.26872 84.9357 -18.9219 6.18698 -29.2081 0.0598081 0.137039 -11.6681 -9.06422 76.1997 -24.234 0.0496218 0.113702 1.16195 0.422395 0.981142 9.23673 -4.20556 2.0327 5.43332 -0.0529495 0.288263 -0.852353 -38.7721 -0.655187 -6.31978 22.6153 0.864172 -2.32622 -40.4017 -6.04875 -12.223 -0.780549 18.3271 0.779096 -9.8844 12.4959 -1.51998e-16 -8.02814e-16 2.00996e-17 -9.23673 -4.20556 2.0327 -16.1691 -12.0651 -10.6226 0.852353 -38.7721 -0.655187 3.2911 12.1792 -0.137748 2.32622 -40.4017 -6.04875 -4.21099 -7.27499 -15.2607 -0.779096 -9.8844 12.4959 -5.4723e-16 -5.61231e-16 -1.27492e-14 
0.128661 92.0472 97.6475 6.75255 9.74113 57.5598 0 5.07867 -1.15138 -2.41418 1.00565 -1.46052 0 5.61661 1.07143 -1.54648 0.962243 -1.66156 -1.02604e-17 5.98978 0.11501 -0.802224 1.12036 -1.50955 -1.10457e-17 6.50583 -0.443523 -0.022555 0.874706 -1.46658 -1.97295e-17 7.60548 -1.50593 0.457648 0.857536 -1.48978 -2.53307e-17 9.49737 -0.914492 0.669571 0.226225 -2.00691 -2.90401e-17 10.5513 1.57691 0.235306 0.715259 -0.00957981 -1.29193e-17 4.78644 0.715339 1.94517 7.86777 -21.4933 -1.8116e-17 4.82109 0.421791 4.83439 -4.03454 -10.1742 -2.00958e-17 4.83041 0.765062 5.69441 -5.31847 -3.55763 1.23299 -7.60731 7.53374 1.48579 4.24324 1.20469 12.9547 3.2495 -3.26872 -90.9433 27.2734 9.10396 29.2081 0.0598081 0.137039 4.9307 -1.04228 -24.4505 24.234 0.0496219 0.113701 1.31164 -19.1533 -2.20753 -1.23299 -7.60729 7.53365 -8.89767 -1.15394 -0.548912 -12.9547 3.2495 -3.26872 84.7903 -19.2782 6.90239 -29.2081 0.0598081 0.137039 -11.5946 -8.78893 74.8385 -24.234 0.0496218 0.113702 1.52479 1.41645 1.01131 9.23673 -4.20556 2.0327 4.55566 -1.05222 -2.35234 -0.852353 -38.7721 -0.655187 -6.76699 24.0529 1.01611 -2.32622 -40.4017 -6.04875 -12.0039 -0.238169 18.2781 0.779096 -9.8844 12.4959 1.96357e-15 -7.1032e-16 -7.23951e-17 -9.23673 -4.20556 2.0327 -15.6774 -11.61 -9.15318 0.852353 -38.7721 -0.655187 3.09279 11.4611 -0.109666 2.32622 -40.4017 -6.04875 -4.39062 -7.67113 -15.2703 -0.779096 -9.8844 12.4959 2.89335e-15 -7.16603e-16 -1.28925e-14 
0.495345 92.1032 98.3021 7.00922 10.0122 56.2297 0 5.07867 -1.15138 -2.47538 0.939691 -1.41621 0 5.61661 1.07143 -1.60079 0.905086 -1.64157 -1.02604e-17 5.98978 0.11501 -0.839338 1.09719 -1.49444 -1.10457e-17 6.50583 -0.443523 -0.0384645 0.918839 -1.45277 -1.97295e-17 7.60548 -1.50593 0.461484 0.965444 -1.47491 -2.53307e-17 9.49737 -0.914492 0.700695 0.340997 -1.99411 -2.90401e-17 10.5513 1.57691 0.23283 0.709709 -0.00314368 -1.29193e-17 4.78644 0.715339 1.90425 7.74109 -21.0292 -1.8116e-17 4.82109 0.421791 4.73782 -4.20707 -9.96199 -2.00958e-17 4.83041 0.765062 5.66414 -5.519 -3.349 1.23299 -7.60731 7.53374 1.87754 4.02903 1.44102 12.9547 3.2495 -3.26872 -91.3602 27.766 9.08552 29.2081 0.0598081 0.137039 5.22043 -1.17687 -25.9848 24.234 0.0496219 0.113701 1.51625 -18.7136 -2.17175 -1.23299 -7.60729 7.53365 -8.93593 -1.34213 -0.442763 -12.9547 3.2495 -3.26872 84.5924 -19.3425 7.46019 -29.2081 0.0598081 0.137039 -11.5102 -8.50109 73.4063 -24.234 0.0496218 0.113702 1.84737 2.28515 1.18296 9.23673 -4.20556 2.0327 3.16786 -2.20343 -5.71186 -0.852353 -38.7721 -0.655187 -7.14026 25.2294 1.1511 -2.32622 -40.4017 -6.04875 -11.4789 0.141377 18.1692 0.779096 -9.8844 12.4959 2.78818e-15 -6.71819e-16 -1.10895e-16 -9.23673 -4.20556 2.0327 -15.3072 -11.2378 -7.6705 0.852353 -38.7721 -0.655187 2.91182 10.803 -0.086218 2.32622 -40.4017 -6.04875 -4.64258 -8.02474 -15.2832 -0.779096 -9.8844 12.4959 2.67558e-16 -5.99424e-16 -1.2775e-14 
0.876505 92.1819 98.8226 7.29754 10.2929 54.9544 0 5.07867 -1.15138 -2.52683 0.911685 -1.37743 0 5.61661 1.07143 -1.64753 0.873131 -1.62648 -1.02604e-17 5.98978 0.11501 -0.872019 1.08427 -1.48384 -1.10457e-17 6.50583 -0.443523 -0.0533869 0.945395 -1.44212 -1.97295e-17 7.60548 -1.50593 0.463097 1.04368 -1.46196 -2.53307e-17 9.49737 -0.914492 0.726731 0.42227 -1.9795 -2.90401e-17 10.5513 1.57691 0.228895 0.707445 0.00308283 -1.29193e-17 4.78644 0.715339 1.85299 7.59025 -20.6684 -1.8116e-17 4.82109 0.421791 4.65419 -4.35257 -9.80306 -2.00958e-17 4.83041 0.765062 5.57018 -5.66373 -3.07172 1.23299 -7.60731 7.53374 2.21353 3.82882 1.65211 12.9547 3.2495 -3.26872 -91.6528 28.1844 8.91491 29.2081 0.0598081 0.137039 5.50436 -1.31808 -27.507 24.234 0.0496219 0.113701 1.65912 -18.1351 -2.09695 -1.23299 -7.60729 7.53365 -9.02694 -1.48506 -0.324283 -12.9547 3.2495 -3.26872 84.3879 -19.3524 7.93402 -29.2081 0.0598081 0.137039 -11.4271 -8.24099 72.1033 -24.234 0.0496218 0.113702 2.15964 3.08621 1.35973 9.23673 -4.20556 2.0327 1.55337 -3.37708 -8.84026 -0.852353 -38.7721 -0.655187 -7.4389 26.1552 1.26433 -2.32622 -40.4017 -6.04875 -10.9485 0.392021 18.0242 0.779096 -9.8844 12.4959 -3.39608e-15 -9.4959e-16 1.54758e-16 -9.23673 -4.20556 2.0327 -15.108 -10.9734 -6.2499 0.852353 -38.7721 -0.655187 2.77278 10.2957 -0.06962 2.32622 -40.4017 -6.04875 -4.93684 -8.17577 -15.2959 -0.779096 -9.8844 12.4959 -5.76704e-16 -5.60003e-16 -1.27477e-14 
1.27319 92.2884 99.2163 7.67091 10.6004 53.8017 0 5.07867 -1.15138 -2.56709 0.915967 -1.33113 0 5.61661 1.07143 -1.68859 0.862857 -1.59792 -1.02604e-17 5.98978 0.11501 -0.904661 1.07778 -1.45824 -1.10457e-17 6.50583 -0.443523 -0.0744481 0.947735 -1.41562 -1.97295e-17 7.60548 -1.50593 0.457415 1.08403 -1.43099 -2.53307e-17 9.49737 -0.914492 0.746667 0.458009 -1.94361 -2.90401e-17 10.5513 1.57691 0.226624 0.708686 0.0115108 -1.29193e-17 4.78644 0.715339 1.79461 7.46127 -20.4 -1.8116e-17 4.82109 0.421791 4.54501 -4.46622 -9.69114 -2.00958e-17 4.83041 0.765062 5.39939 -5.78879 -2.9321 1.23299 -7.60731 7.53374 2.60795 3.68071 1.82835 12.9547 3.2495 -3.26872 -91.9745 28.5997 8.60692 29.2081 0.0598081 0.137039 5.77643 -1.46239 -28.9848 24.234 0.0496219 0.113701 1.72952 -17.2084 -1.984 -1.23299 -7.60729 7.53365 -9.15261 -1.55979 -0.207694 -12.9547 3.2495 -3.26872 84.1985 -19.4482 8.29173 -29.2081 0.0598081 0.137039 -11.3501 -8.01665 70.972 -24.234 0.0496218 0.113702 2.39918 3.90722 1.48309 9.23673 -4.20556 2.0327 -0.16501 -4.51771 -11.6131 -0.852353 -38.7721 -0.655187 -7.6667 26.8518 1.35375 -2.32622 -40.4017 -6.04875 -10.6211 0.579986 17.8928 0.779096 -9.8844 12.4959 3.03838e-15 -6.65843e-16 -1.17179e-16 -9.23673 -4.20556 2.0327 -15.1453 -10.7828 -4.89397 0.852353 -38.7721 -0.655187 2.68642 9.97993 -0.059933 2.32622 -40.4017 -6.04875 -5.15497 -8.19957 -15.3134 -0.779096 -9.8844 12.4959 -2.53508e-15 -4.8638e-16 -1.26622e-14 
1.70458 92.3813 99.58 8.0633 10.953 52.6967 0 5.07867 -1.15138 -2.60826 0.867646 -1.27621 0 5.61661 1.07143 -1.7349 0.809231 -1.55657 -1.02604e-17 5.98978 0.11501 -0.945666 1.03387 -1.41868 -1.10457e-17 6.50583 -0.443523 -0.106838 0.916852 -1.37495 -1.97295e-17 7.60548 -1.50593 0.440685 1.1035 -1.38317 -2.53307e-17 9.49737 -0.914492 0.758306 0.475114 -1.88891 -2.90401e-17 10.5513 1.57691 0.226106 0.710575 0.0205616 -1.29193e-17 4.78644 0.715339 1.75174 7.41861 -20.1805 -1.8116e-17 4.82109 0.421791 4.38718 -4.48321 -9.6036 -2.00958e-17 4.83041 0.765062 5.18631 -5.94408 -2.90077 1.23299 -7.60731 7.53374 3.08285 3.56864 1.99387 12.9547 3.2495 -3.26872 -92.3608 29.1 8.34015 29.2081 0.0598081 0.137039 6.03122 -1.60585 -30.3872 24.234 0.0496219 0.113701 1.76033 -16.0326 -1.87965 -1.23299 -7.60729 7.53365 -9.30831 -1.58628 -0.125453 -12.9547 3.2495 -3.26872 84.0079 -19.4788 8.40557 -29.2081 0.0598081 0.137039 -11.281 -7.82651 70.0073 -24.234 0.0496218 0.113702 2.53817 4.66636 1.55548 9.23673 -4.20556 2.0327 -1.88339 -5.62343 -14.1026 -0.852353 -38.7721 -0.655187 -7.82653 27.3357 1.41804 -2.32622 -40.4017 -6.04875 -10.4178 0.561118 17.7757 0.779096 -9.8844 12.4959 -2.99851e-15 -9.25049e-16 1.42334e-16 -9.23673 -4.20556 2.0327 -15.3005 -10.5856 -3.62668 0.852353 -38.7721 -0.655187 2.60679 9.6883 -0.0514246 2.32622 -40.4017 -6.04875 -5.33065 -8.32277 -15.3422 -0.779096 -9.8844 12.4959 -1.03322e-15 -5.45123e-16 -1.27207e-14 
2.18848 92.4121 100.012 8.3851 11.3713 51.5598 0 5.07867 -1.15138 -2.66531 0.6777 -1.22009 0 5.61661 1.07143 -1.79802 0.648219 -1.51428 -1.02604e-17 5.98978 0.11501 -1.00218 0.912788 -1.37819 -1.10457e-17 6.50583 -0.443523 -0.152823 0.856612 -1.33366 -1.97295e-17 7.60548 -1.50593 0.411522 1.13249 -1.33182 -2.53307e-17 9.49737 -0.914492 0.759827 0.518593 -1.83002 -2.90401e-17 10.5513 1.57691 0.225659 0.708216 0.0261718 -1.29193e-17 4.78644 0.715339 1.71561 7.42033 -19.9134 -1.8116e-17 4.82109 0.421791 4.18455 -4.39985 -9.49405 -2.00958e-17 4.83041 0.765062 4.94747 -6.0509 -2.95573 1.23299 -7.60731 7.53374 3.60447 3.46103 2.17262 12.9547 3.2495 -3.26872 -92.7888 29.5467 8.25705 29.2081 0.0598081 0.137039 6.28221 -1.75535 -31.7878 24.234 0.0496219 0.113701 1.77022 -14.6404 -1.75256 -1.23299 -7.60729 7.53365 -9.4857 -1.58837 -0.105214 -12.9547 3.2495 -3.26872 83.8884 -19.2203 8.16506 -29.2081 0.0598081 0.137039 -11.2287 -7.68898 69.3058 -24.234 0.0496218 0.113702 2.57901 5.2571 1.58221 9.23673 -4.20556 2.0327 -3.52095 -6.76647 -16.3662 -0.852353 -38.7721 -0.655187 -7.94565 27.6936 1.46678 -2.32622 -40.4017 -6.04875 -10.2292 0.279572 17.6442 0.779096 -9.8844 12.4959 -2.38022e-15 -8.95452e-16 1.12737e-16 -9.23673 -4.20556 2.0327 -15.4394 -10.3492 -2.40801 0.852353 -38.7721 -0.655187 2.49058 9.26191 -0.0397373 2.32622 -40.4017 -6.04875 -5.57881 -8.73485 -15.3967 -0.779096 -9.8844 12.4959 -4.48362e-15 -4.01254e-16 -1.25768e-14 
2.64741 92.3967 100.494 8.57877 11.7464 50.3579 0 5.07867 -1.15138 -2.69824 0.505884 -1.17614 0 5.61661 1.07143 -1.83881 0.492642 -1.48295 -1.02604e-17 5.98978 0.11501 -1.04128 0.774451 -1.34931 -1.10457e-17 6.50583 -0.443523 -0.187502 0.738842 -1.30483 -1.97295e-17 7.60548 -1.50593 0.38542 1.09042 -1.29377 -2.53307e-17 9.49737 -0.914492 0.752511 0.475766 -1.78361 -2.90401e-17 10.5513 1.57691 0.223524 0.711149 0.0303197 -1.29193e-17 4.78644 0.715339 1.64664 7.33885 -19.5409 -1.8116e-17 4.82109 0.421791 3.96245 -4.28936 -9.32993 -2.00958e-17 4.83041 0.765062 4.66368 -5.98909 -3.05388 1.23299 -7.60731 7.53374 4.09847 3.40801 2.33741 12.9547 3.2495 -3.26872 -93.1736 29.8489 8.30196 29.2081 0.0598081 0.137039 6.54093 -1.91834 -33.2531 24.234 0.0496219 0.113701 1.80518 -13.1708 -1.61528 -1.23299 -7.60729 7.53365 -9.66315 -1.51477 -0.100191 -12.9547 3.2495 -3.26872 83.9127 -18.7389 7.67732 -29.2081 0.0598081 0.137039 -11.1896 -7.58925 68.7951 -24.234 0.0496218 0.113702 2.60355 5.6867 1.75973 9.23673 -4.20556 2.0327 -4.92801 -7.96056 -18.3797 -0.852353 -38.7721 -0.655187 -8.0179 27.9095 1.49668 -2.32622 -40.4017 -6.04875 -9.99017 -0.215502 17.4845 0.779096 -9.8844 12.4959 -2.36057e-15 -8.94531e-16 1.11816e-16 -9.23673 -4.20556 2.0327 -15.4269 -10.1857 -1.1981 0.852353 -38.7721 -0.655187 2.35816 8.77505 -0.0274798 2.32622 -40.4017 -6.04875 -5.87694 -9.23294 -15.4577 -0.779096 -9.8844 12.4959 2.40735e-15 -6.88378e-16 -1.28761e-14 
2.99339 92.4003 100.976 8.66507 11.9526 49.0859 0 5.07867 -1.15138 -2.68025 0.461699 -1.13663 0 5.61661 1.07143 -1.83181 0.431336 -1.44991 -1.02604e-17 5.98978 0.11501 -1.04187 0.691126 -1.31855 -1.10457e-17 6.50583 -0.443523 -0.19497 0.60918 -1.2743 -1.97295e-17 7.60548 -1.50593 0.376153 0.993024 -1.25771 -2.53307e-17 9.49737 -0.914492 0.74932 0.355892 -1.73971 -2.90401e-17 10.5513 1.57691 0.221155 0.719078 0.0357428 -1.29193e-17 4.78644 0.715339 1.54848 7.16757 -19.0959 -1.8116e-17 4.82109 0.421791 3.78075 -4.19913 -9.12397 -2.00958e-17 4.83041 0.765062 4.39636 -5.88721 -3.1788 1.23299 -7.60731 7.53374 4.5046 3.40556 2.4536 12.9547 3.2495 -3.26872 -93.3761 30.0653 8.2283 29.2081 0.0598081 0.137039 6.78989 -2.08411 -34.6857 24.234 0.0496219 0.113701 1.88921 -11.7787 -1.57314 -1.23299 -7.60729 7.53365 -9.7888 -1.38006 -0.0645601 -12.9547 3.2495 -3.26872 84.0137 -18.2213 7.26207 -29.2081 0.0598081 0.137039 -11.1565 -7.50688 68.372 -24.234 0.0496218 0.113702 2.65636 5.966 2.04996 9.23673 -4.20556 2.0327 -6.04363 -9.13464 -20.2026 -0.852353 -38.7721 -0.655187 -7.9953 27.8421 1.4873 -2.32622 -40.4017 -6.04875 -9.71278 -0.805466 17.3383 0.779096 -9.8844 12.4959 -4.29929e-15 -9.7935e-16 1.96635e-16 -9.23673 -4.20556 2.0327 -15.1796 -10.1329 0.0769487 0.852353 -38.7721 -0.655187 2.23344 8.31555 -0.0169695 2.32622 -40.4017 -6.04875 -6.1359 -9.46303 -15.4911 -0.779096 -9.8844 12.4959 1.80871e-15 -6.71512e-16 -1.28474e-14 
3.20759 92.4387 101.423 8.76552 12.0084 47.7584 0 5.07867 -1.15138 -2.63663 0.529952 -1.08396 0 5.61661 1.07143 -1.80262 0.45872 -1.39827 -1.02604e-17 5.98978 0.11501 -1.0259 0.674795 -1.26889 -1.10457e-17 6.50583 -0.443523 -0.192877 0.507637 -1.22474 -1.97295e-17 7.60548 -1.50593 0.374108 0.889893 -1.20433 -2.53307e-17 9.49737 -0.914492 0.753101 0.224484 -1.67808 -2.90401e-17 10.5513 1.57691 0.219171 0.727596 0.0431549 -1.29193e-17 4.78644 0.715339 1.43008 6.9436 -18.6806 -1.8116e-17 4.82109 0.421791 3.63904 -4.12711 -8.92964 -2.00958e-17 4.83041 0.765062 4.19435 -5.82915 -3.29883 1.23299 -7.60731 7.53374 4.79488 3.42616 2.49448 12.9547 3.2495 -3.26872 -93.2886 30.2775 7.96604 29.2081 0.0598081 0.137039 7.02612 -2.24989 -36.0673 24.234 0.0496219 0.113701 1.95778 -10.6305 -1.63324 -1.23299 -7.60729 7.53365 -9.83024 -1.21848 0.0282698 -12.9547 3.2495 -3.26872 84.0842 -17.7349 7.04046 -29.2081 0.0598081 0.137039 -11.1309 -7.44429 68.0497 -24.234 0.0496218 0.113702 2.66646 6.12317 2.25691 9.23673 -4.20556 2.0327 -7.00959 -10.2259 -21.927 -0.852353 -38.7721 -0.655187 -7.85989 27.4361 1.43162 -2.32622 -40.4017 -6.04875 -9.42003 -1.47083 17.2327 0.779096 -9.8844 12.4959 -8.58755e-16 -8.36097e-16 5.33822e-17 -9.23673 -4.20556 2.0327 -14.8245 -10.1572 1.42521 0.852353 -38.7721 -0.655187 2.14364 7.98413 -0.0100235 2.32622 -40.4017 -6.04875 -6.29157 -9.42541 -15.4928 -0.779096 -9.8844 12.4959 -5.37378e-16 -5.61846e-16 -1.27495e-14 
3.32163 92.5119 101.827 8.97495 11.9529 46.339 0 5.07867 -1.15138 -2.59514 0.635964 -1.01142 0 5.61661 1.07143 -1.77756 0.525708 -1.32448 -1.02604e-17 5.98978 0.11501 -1.01459 0.708755 -1.19724 -1.10457e-17 6.50583 -0.443523 -0.196522 0.47384 -1.1529 -1.97295e-17 7.60548 -1.50593 0.370361 0.846299 -1.12854 -2.53307e-17 9.49737 -0.914492 0.763827 0.170244 -1.59326 -2.90401e-17 10.5513 1.57691 0.217355 0.729194 0.0516495 -1.29193e-17 4.78644 0.715339 1.28956 6.66852 -18.3143 -1.8116e-17 4.82109 0.421791 3.52776 -4.10668 -8.76194 -2.00958e-17 4.83041 0.765062 4.05938 -5.80889 -3.39801 1.23299 -7.60731 7.53374 4.94663 3.42364 2.47 12.9547 3.2495 -3.26872 -92.8982 30.5212 7.53481 29.2081 0.0598081 0.137039 7.26777 -2.42849 -37.5053 24.234 0.0496219 0.113701 1.9948 -9.8433 -1.65173 -1.23299 -7.60729 7.53365 -9.75959 -1.07874 0.177759 -12.9547 3.2495 -3.26872 84.0319 -17.2715 7.04745 -29.2081 0.0598081 0.137039 -11.1098 -7.39344 67.7873 -24.234 0.0496218 0.113702 2.61583 6.21301 2.3208 9.23673 -4.20556 2.0327 -7.97531 -11.2318 -23.6065 -0.852353 -38.7721 -0.655187 -7.62831 26.735 1.33849 -2.32622 -40.4017 -6.04875 -9.08451 -2.17308 17.1523 0.779096 -9.8844 12.4959 -1.93351e-15 -8.80878e-16 9.81636e-17 -9.23673 -4.20556 2.0327 -14.4583 -10.1929 2.84755 0.852353 -38.7721 -0.655187 2.09174 7.79244 -0.00624781 2.32622 -40.4017 -6.04875 -6.39145 -9.17942 -15.4708 -0.779096 -9.8844 12.4959 -5.96354e-16 -5.59082e-16 -1.27471e-14 
3.41103 92.5931 102.238 9.18157 11.8594 44.899 0 5.07867 -1.15138 -2.55885 0.65494 -0.934309 0 5.61661 1.07143 -1.75774 0.540772 -1.24552 -1.02604e-17 5.98978 0.11501 -1.00786 0.733518 -1.12078 -1.10457e-17 6.50583 -0.443523 -0.203367 0.507534 -1.07574 -1.97295e-17 7.60548 -1.50593 0.364576 0.899054 -1.04704 -2.53307e-17 9.49737 -0.914492 0.776802 0.245297 -1.50283 -2.90401e-17 10.5513 1.57691 0.215425 0.720212 0.0584991 -1.29193e-17 4.78644 0.715339 1.14143 6.36934 -17.9509 -1.8116e-17 4.82109 0.421791 3.4165 -4.11297 -8.60148 -2.00958e-17 4.83041 0.765062 3.99856 -5.84248 -3.49924 1.23299 -7.60731 7.53374 4.97836 3.35871 2.43626 12.9547 3.2495 -3.26872 -92.3243 30.7601 7.04173 29.2081 0.0598081 0.137039 7.511 -2.61797 -38.9801 24.234 0.0496219 0.113701 2.01773 -9.38298 -1.59869 -1.23299 -7.60729 7.53365 -9.60055 -0.994919 0.327709 -12.9547 3.2495 -3.26872 83.85 -16.6622 7.10698 -29.2081 0.0598081 0.137039 -11.0916 -7.35019 67.5637 -24.234 0.0496218 0.113702 2.46712 6.15585 2.3462 9.23673 -4.20556 2.0327 -8.95019 -12.2918 -25.2808 -0.852353 -38.7721 -0.655187 -7.3483 25.8758 1.22949 -2.32622 -40.4017 -6.04875 -8.67101 -2.88257 17.0692 0.779096 -9.8844 12.4959 1.13892e-15 -7.48821e-16 -3.38932e-17 -9.23673 -4.20556 2.0327 -14.0627 -10.1982 4.21383 0.852353 -38.7721 -0.655187 2.04513 7.62014 -0.00300512 2.32622 -40.4017 -6.04875 -6.46868 -8.88699 -15.4363 -0.779096 -9.8844 12.4959 -4.86149e-15 -3.77329e-16 -1.25653e-14 
3.53508 92.6846 102.719 9.26753 11.7571 43.4452 0 5.07867 -1.15138 -2.49336 0.529663 -0.866275 0 5.61661 1.07143 -1.71036 0.458522 -1.17348 -1.02604e-17 5.98978 0.11501 -0.979545 0.706778 -1.052 -1.10457e-17 6.50583 -0.443523 -0.194422 0.57186 -1.00614 -1.97295e-17 7.60548 -1.50593 0.36526 1.02363 -0.974982 -2.53307e-17 9.49737 -0.914492 0.786665 0.422462 -1.4221 -2.90401e-17 10.5513 1.57691 0.210798 0.703407 0.0629901 -1.29193e-17 4.78644 0.715339 0.975859 5.99926 -17.562 -1.8116e-17 4.82109 0.421791 3.26226 -4.08031 -8.43165 -2.00958e-17 4.83041 0.765062 3.918 -5.82074 -3.57956 1.23299 -7.60731 7.53374 4.84885 3.24065 2.41195 12.9547 3.2495 -3.26872 -91.6563 30.8889 6.60145 29.2081 0.0598081 0.137039 7.73387 -2.80065 -40.3579 24.234 0.0496219 0.113701 2.01688 -9.19134 -1.56459 -1.23299 -7.60729 7.53365 -9.30795 -0.930555 0.461458 -12.9547 3.2495 -3.26872 83.5092 -15.7984 7.0206 -29.2081 0.0598081 0.137039 -11.0799 -7.3227 67.4214 -24.234 0.0496218 0.113702 2.23148 5.95012 2.4653 9.23673 -4.20556 2.0327 -9.82018 -13.3356 -26.8847 -0.852353 -38.7721 -0.655187 -7.00791 24.8147 1.1024 -2.32622 -40.4017 -6.04875 -8.19898 -3.5015 16.9623 0.779096 -9.8844 12.4959 1.6053e-15 -7.33326e-16 -4.9389e-17 -9.23673 -4.20556 2.0327 -13.5548 -10.1504 5.58503 0.852353 -38.7721 -0.655187 1.96169 7.31143 0.00244809 2.32622 -40.4017 -6.04875 -6.5224 -8.53777 -15.3896 -0.779096 -9.8844 12.4959 -3.03092e-15 -4.57539e-16 -1.26334e-14 
3.67556 92.7928 103.261 9.28949 11.685 41.9907 0 5.07867 -1.15138 -2.41537 0.30758 -0.806611 0 5.61661 1.07143 -1.65221 0.30902 -1.10828 -1.02604e-17 5.98978 0.11501 -0.943517 0.639387 -0.990079 -1.10457e-17 6.50583 -0.443523 -0.181455 0.64396 -0.943659 -1.97295e-17 7.60548 -1.50593 0.36508 1.18108 -0.910489 -2.53307e-17 9.49737 -0.914492 0.790095 0.652515 -1.34888 -2.90401e-17 10.5513 1.57691 0.204192 0.683151 0.0652397 -1.29193e-17 4.78644 0.715339 0.785022 5.53916 -17.1374 -1.8116e-17 4.82109 0.421791 3.07713 -4.02147 -8.24544 -2.00958e-17 4.83041 0.765062 3.78122 -5.66634 -3.67334 1.23299 -7.60731 7.53374 4.59837 3.09753 2.38354 12.9547 3.2495 -3.26872 -90.8281 30.9423 6.14273 29.2081 0.0598081 0.137039 7.91888 -2.95927 -41.5226 24.234 0.0496219 0.113701 1.93775 -9.28488 -1.62926 -1.23299 -7.60729 7.53365 -8.87089 -0.859094 0.597346 -12.9547 3.2495 -3.26872 83.0913 -14.8155 6.75341 -29.2081 0.0598081 0.137039 -11.0798 -7.32248 67.4202 -24.234 0.0496218 0.113702 1.98009 5.67442 2.68909 9.23673 -4.20556 2.0327 -10.5487 -14.1925 -28.2651 -0.852353 -38.7721 -0.655187 -6.56155 23.3962 0.944971 -2.32622 -40.4017 -6.04875 -7.77765 -3.7837 16.8341 0.779096 -9.8844 12.4959 8.39646e-16 -7.57252e-16 -2.54624e-17 -9.23673 -4.20556 2.0327 -13.0173 -10.1061 7.00597 0.852353 -38.7721 -0.655187 1.86635 6.95827 0.00812625 2.32622 -40.4017 -6.04875 -6.52736 -8.1329 -15.3387 -0.779096 -9.8844 12.4959 -1.04307e-15 -5.44508e-16 -1.27201e-14 
3.78788 92.9073 103.783 9.31106 11.6393 40.6005 0 5.07867 -1.15138 -2.3464 0.103878 -0.743291 0 5.61661 1.07143 -1.60494 0.172936 -1.03875 -1.02604e-17 5.98978 0.11501 -0.917102 0.575157 -0.923066 -1.10457e-17 6.50583 -0.443523 -0.17808 0.702502 -0.876393 -1.97295e-17 7.60548 -1.50593 0.358747 1.31324 -0.840391 -2.53307e-17 9.49737 -0.914492 0.790337 0.852793 -1.26997 -2.90401e-17 10.5513 1.57691 0.198826 0.666156 0.0681115 -1.29193e-17 4.78644 0.715339 0.56253 4.97901 -16.7359 -1.8116e-17 4.82109 0.421791 2.91148 -3.95581 -8.06837 -2.00958e-17 4.83041 0.765062 3.60626 -5.37671 -3.82411 1.23299 -7.60731 7.53374 4.31743 2.98132 2.31571 12.9547 3.2495 -3.26872 -89.8831 31.059 5.63106 29.2081 0.0598081 0.137039 8.07809 -3.1011 -42.5412 24.234 0.0496219 0.113701 1.83553 -9.57983 -1.76454 -1.23299 -7.60729 7.53365 -8.35647 -0.760068 0.77259 -12.9547 3.2495 -3.26872 82.6236 -13.9533 6.46004 -29.2081 0.0598081 0.137039 -11.0877 -7.34098 67.5159 -24.234 0.0496218 0.113702 1.78858 5.34536 2.87937 9.23673 -4.20556 2.0327 -11.1509 -14.8726 -29.2762 -0.852353 -38.7721 -0.655187 -6.02993 21.6678 0.771528 -2.32622 -40.4017 -6.04875 -7.50735 -3.69997 16.7021 0.779096 -9.8844 12.4959 -1.11871e-15 -8.42685e-16 5.997e-17 -9.23673 -4.20556 2.0327 -12.5362 -10.1581 8.3845 0.852353 -38.7721 -0.655187 1.80977 6.7485 0.0112168 2.32622 -40.4017 -6.04875 -6.50626 -7.7011 -15.29 -0.779096 -9.8844 12.4959 9.44776e-16 -6.31476e-16 -1.2807e-14 
3.84418 93.015 104.239 9.30328 11.5625 39.2496 0 5.07867 -1.15138 -2.27039 -0.0389035 -0.67019 0 5.61661 1.07143 -1.55413 0.0842347 -0.956359 -1.02604e-17 5.98978 0.11501 -0.888333 0.539042 -0.84193 -1.10457e-17 6.50583 -0.443523 -0.175061 0.756343 -0.794956 -1.97295e-17 7.60548 -1.50593 0.354269 1.41468 -0.757206 -2.53307e-17 9.49737 -0.914492 0.793969 1.00837 -1.17825 -2.90401e-17 10.5513 1.57691 0.195714 0.653062 0.0737447 -1.29193e-17 4.78644 0.715339 0.319231 4.34664 -16.404 -1.8116e-17 4.82109 0.421791 2.78029 -3.91311 -7.91973 -2.00958e-17 4.83041 0.765062 3.43076 -5.02929 -3.95139 1.23299 -7.60731 7.53374 4.04127 2.89225 2.20388 12.9547 3.2495 -3.26872 -88.9032 31.2471 5.05986 29.2081 0.0598081 0.137039 8.23098 -3.24218 -43.5348 24.234 0.0496219 0.113701 1.75438 -9.94973 -1.88484 -1.23299 -7.60729 7.53365 -7.80706 -0.644327 0.981034 -12.9547 3.2495 -3.26872 82.0675 -13.2539 6.31211 -29.2081 0.0598081 0.137039 -11.0937 -7.35523 67.5896 -24.234 0.0496218 0.113702 1.65409 5.03203 3.0036 9.23673 -4.20556 2.0327 -11.58 -15.5007 -29.824 -0.852353 -38.7721 -0.655187 -5.47718 19.8278 0.607915 -2.32622 -40.4017 -6.04875 -7.31333 -3.45431 16.5629 0.779096 -9.8844 12.4959 1.93406e-15 -7.11549e-16 -7.11654e-17 -9.23673 -4.20556 2.0327 -12.0399 -10.3567 9.72068 0.852353 -38.7721 -0.655187 1.81052 6.75131 0.0111768 2.32622 -40.4017 -6.04875 -6.49028 -7.23699 -15.2369 -0.779096 -9.8844 12.4959 -1.72026e-15 -5.12457e-16 -1.27001e-14 
3.86936 93.1123 104.649 9.27132 11.4563 37.875 0 5.07867 -1.15138 -2.17741 -0.163975 -0.596026 0 5.61661 1.07143 -1.48938 0.015105 -0.868635 -1.02604e-17 5.98978 0.11501 -0.848581 0.523804 -0.754101 -1.10457e-17 6.50583 -0.443523 -0.164837 0.835485 -0.706345 -1.97295e-17 7.60548 -1.50593 0.355286 1.53045 -0.669058 -2.53307e-17 9.49737 -0.914492 0.800409 1.17679 -1.08149 -2.90401e-17 10.5513 1.57691 0.193611 0.638412 0.0809306 -1.29193e-17 4.78644 0.715339 0.0742437 3.69776 -16.0987 -1.8116e-17 4.82109 0.421791 2.64927 -3.90802 -7.7802 -2.00958e-17 4.83041 0.765062 3.27276 -4.72437 -4.00422 1.23299 -7.60731 7.53374 3.75269 2.78763 2.07031 12.9547 3.2495 -3.26872 -87.9115 31.4331 4.41442 29.2081 0.0598081 0.137039 8.37764 -3.38221 -44.503 24.234 0.0496219 0.113701 1.66926 -10.3633 -1.98613 -1.23299 -7.60729 7.53365 -7.2277 -0.548593 1.19991 -12.9547 3.2495 -3.26872 81.3929 -12.5972 6.31733 -29.2081 0.0598081 0.137039 -11.0971 -7.36337 67.6317 -24.234 0.0496218 0.113702 1.53748 4.75922 3.13023 9.23673 -4.20556 2.0327 -11.8698 -16.1371 -29.8961 -0.852353 -38.7721 -0.655187 -4.93177 17.9718 0.463705 -2.32622 -40.4017 -6.04875 -7.10986 -3.11179 16.4037 0.779096 -9.8844 12.4959 1.23722e-15 -7.44521e-16 -3.81936e-17 -9.23673 -4.20556 2.0327 -11.5097 -10.6412 11.0376 0.852353 -38.7721 -0.655187 1.84791 6.88992 0.00915637 2.32622 -40.4017 -6.04875 -6.48545 -6.76719 -15.1769 -0.779096 -9.8844 12.4959 -1.78906e-15 -5.09386e-16 -1.26974e-14 
3.90703 93.2139 105.071 9.35617 11.2726 36.4855 0 5.07867 -1.15138 -2.09136 -0.305263 -0.526187 0 5.61661 1.07143 -1.43076 -0.0595518 -0.784884 -1.02604e-17 5.98978 0.11501 -0.813939 0.519112 -0.669958 -1.10457e-17 6.50583 -0.443523 -0.158713 0.954138 -0.621384 -1.97295e-17 7.60548 -1.50593 0.353454 1.68997 -0.585133 -2.53307e-17 9.49737 -0.914492 0.804599 1.39917 -0.988377 -2.90401e-17 10.5513 1.57691 0.190518 0.620412 0.08688 -1.29193e-17 4.78644 0.715339 -0.155506 3.07057 -15.7758 -1.8116e-17 4.82109 0.421791 2.48972 -3.92551 -7.63299 -2.00958e-17 4.83041 0.765062 3.12773 -4.43649 -4.0144 1.23299 -7.60731 7.53374 3.40209 2.64847 1.92337 12.9547 3.2495 -3.26872 -86.874 31.615 3.72643 29.2081 0.0598081 0.137039 8.50807 -3.51079 -45.3773 24.234 0.0496219 0.113701 1.55242 -10.8273 -2.06258 -1.23299 -7.60729 7.53365 -6.62227 -0.486094 1.41154 -12.9547 3.2495 -3.26872 80.6476 -11.8473 6.3222 -29.2081 0.0598081 0.137039 -11.0995 -7.36901 67.6609 -24.234 0.0496218 0.113702 1.37086 4.4951 3.28444 9.23673 -4.20556 2.0327 -12.1445 -16.6464 -29.6302 -0.852353 -38.7721 -0.655187 -4.38843 16.0859 0.337546 -2.32622 -40.4017 -6.04875 -6.88262 -2.58723 16.2264 0.779096 -9.8844 12.4959 8.29816e-16 -7.57559e-16 -2.51553e-17 -9.23673 -4.20556 2.0327 -11.026 -10.7408 12.3549 0.852353 -38.7721 -0.655187 1.88065 7.01128 0.00731207 2.32622 -40.4017 -6.04875 -6.47825 -6.30804 -15.1126 -0.779096 -9.8844 12.4959 -1.78906e-15 -5.09386e-16 -1.26974e-14 
3.97493 93.329 105.529 9.48071 11.0867 35.0941 0 5.07867 -1.15138 -2.03008 -0.524844 -0.47125 0 5.61661 1.07143 -1.39074 -0.186355 -0.719572 -1.02604e-17 5.98978 0.11501 -0.790882 0.49586 -0.604151 -1.10457e-17 6.50583 -0.443523 -0.156685 1.11403 -0.55457 -1.97295e-17 7.60548 -1.50593 0.351362 1.91757 -0.519026 -2.53307e-17 9.49737 -0.914492 0.810831 1.71156 -0.915898 -2.90401e-17 10.5513 1.57691 0.186447 0.595063 0.089071 -1.29193e-17 4.78644 0.715339 -0.350237 2.47174 -15.3743 -1.8116e-17 4.82109 0.421791 2.35064 -3.97672 -7.44909 -2.00958e-17 4.83041 0.765062 2.98249 -4.17589 -3.98454 1.23299 -7.60731 7.53374 3.01694 2.45745 1.81008 12.9547 3.2495 -3.26872 -85.8333 31.7834 3.05699 29.2081 0.0598081 0.137039 8.63117 -3.63581 -46.2147 24.234 0.0496219 0.113701 1.46295 -11.3061 -2.10416 -1.23299 -7.60729 7.53365 -5.98312 -0.475789 1.59137 -12.9547 3.2495 -3.26872 79.9526 -10.9106 6.23193 -29.2081 0.0598081 0.137039 -11.1101 -7.3942 67.791 -24.234 0.0496218 0.113702 1.14989 4.31024 3.47072 9.23673 -4.20556 2.0327 -12.4454 -17.1001 -29.185 -0.852353 -38.7721 -0.655187 -3.84463 14.165 0.229208 -2.32622 -40.4017 -6.04875 -6.58886 -1.83469 16.0432 0.779096 -9.8844 12.4959 -3.43233e-16 -8.06334e-16 2.36194e-17 -9.23673 -4.20556 2.0327 -10.5816 -10.6976 13.6663 0.852353 -38.7721 -0.655187 1.88423 7.02454 0.00710617 2.32622 -40.4017 -6.04875 -6.44921 -5.83201 -15.0447 -0.779096 -9.8844 12.4959 -2.38103e-16 -5.82087e-16 -1.2758e-14 
4.07081 93.4532 105.985 9.59624 10.965 33.7278 0 5.07867 -1.15138 -2.00542 -0.789408 -0.429758 0 5.61661 1.07143 -1.38036 -0.347749 -0.673215 -1.02604e-17 5.98978 0.11501 -0.788337 0.454227 -0.557228 -1.10457e-17 6.50583 -0.443523 -0.165577 1.28449 -0.506654 -1.97295e-17 7.60548 -1.50593 0.344386 2.17317 -0.470137 -2.53307e-17 9.49737 -0.914492 0.816952 2.06341 -0.863155 -2.90401e-17 10.5513 1.57691 0.182321 0.565877 0.0880695 -1.29193e-17 4.78644 0.715339 -0.529095 1.82369 -14.8643 -1.8116e-17 4.82109 0.421791 2.2536 -4.04433 -7.21247 -2.00958e-17 4.83041 0.765062 2.84903 -3.91026 -3.99168 1.23299 -7.60731 7.53374 2.61611 2.25181 1.71517 12.9547 3.2495 -3.26872 -84.7615 31.923 2.41945 29.2081 0.0598081 0.137039 8.75586 -3.76625 -47.0757 24.234 0.0496219 0.113701 1.41818 -11.7612 -2.11471 -1.23299 -7.60729 7.53365 -5.33085 -0.490174 1.76926 -12.9547 3.2495 -3.26872 79.3449 -9.9128 6.06163 -29.2081 0.0598081 0.137039 -11.134 -7.45202 68.0893 -24.234 0.0496218 0.113702 0.942363 4.17007 3.61564 9.23673 -4.20556 2.0327 -12.8068 -17.5001 -28.7341 -0.852353 -38.7721 -0.655187 -3.26901 12.0994 0.134496 -2.32622 -40.4017 -6.04875 -6.28012 -0.7934 15.8735 0.779096 -9.8844 12.4959 -3.72721e-16 -8.07563e-16 2.48481e-17 -9.23673 -4.20556 2.0327 -10.2074 -10.6664 14.9626 0.852353 -38.7721 -0.655187 1.88072 7.01153 0.00730823 2.32622 -40.4017 -6.04875 -6.35876 -5.37311 -14.9813 -0.779096 -9.8844 12.4959 -5.86524e-16 -5.59696e-16 -1.27474e-14 
4.18377 93.5819 106.391 9.75913 10.8092 32.3762 0 5.07867 -1.15138 -2.01047 -0.998384 -0.38495 0 5.61661 1.07143 -1.39665 -0.473181 -0.628334 -1.02604e-17 5.98978 0.11501 -0.806955 0.429601 -0.512387 -1.10457e-17 6.50583 -0.443523 -0.1902 1.43916 -0.461373 -1.97295e-17 7.60548 -1.50593 0.327872 2.39863 -0.421884 -2.53307e-17 9.49737 -0.914492 0.820139 2.37311 -0.811113 -2.90401e-17 10.5513 1.57691 0.179285 0.543 0.0857782 -1.29193e-17 4.78644 0.715339 -0.697823 1.15028 -14.34 -1.8116e-17 4.82109 0.421791 2.19786 -4.10185 -6.96756 -2.00958e-17 4.83041 0.765062 2.73601 -3.59837 -4.02424 1.23299 -7.60731 7.53374 2.21891 2.07836 1.60519 12.9547 3.2495 -3.26872 -83.6615 32.0598 1.80325 29.2081 0.0598081 0.137039 8.87922 -3.89922 -47.9409 24.234 0.0496219 0.113701 1.4047 -12.1422 -2.12042 -1.23299 -7.60729 7.53365 -4.73552 -0.498849 1.95753 -12.9547 3.2495 -3.26872 78.8027 -8.97621 5.94485 -29.2081 0.0598081 0.137039 -11.1582 -7.51106 68.3932 -24.234 0.0496218 0.113702 0.753343 4.06065 3.67014 9.23673 -4.20556 2.0327 -13.238 -17.7839 -28.4323 -0.852353 -38.7721 -0.655187 -2.66656 9.90724 0.0577735 -2.32622 -40.4017 -6.04875 -6.0474 0.522682 15.729 0.779096 -9.8844 12.4959 -3.72721e-16 -8.07563e-16 2.48481e-17 -9.23673 -4.20556 2.0327 -9.89827 -10.6349 16.2174 0.852353 -38.7721 -0.655187 1.89975 7.08204 0.00620418 2.32622 -40.4017 -6.04875 -6.2425 -4.91449 -14.9199 -0.779096 -9.8844 12.4959 -2.08614e-16 -5.83316e-16 -1.27592e-14 
4.32687 93.712 106.754 9.94951 10.5456 31.0347 0 5.07867 -1.15138 -2.01955 -1.14653 -0.331563 0 5.61661 1.07143 -1.41729 -0.555358 -0.575891 -1.02604e-17 5.98978 0.11501 -0.830575 0.431 -0.460613 -1.10457e-17 6.50583 -0.443523 -0.220576 1.58985 -0.409583 -1.97295e-17 7.60548 -1.50593 0.306637 2.60407 -0.366565 -2.53307e-17 9.49737 -0.914492 0.821069 2.64868 -0.750699 -2.90401e-17 10.5513 1.57691 0.178043 0.526439 0.0824951 -1.29193e-17 4.78644 0.715339 -0.841009 0.525952 -13.8336 -1.8116e-17 4.82109 0.421791 2.17143 -4.14739 -6.72893 -2.00958e-17 4.83041 0.765062 2.63985 -3.31116 -4.07895 1.23299 -7.60731 7.53374 1.83835 1.92945 1.47981 12.9547 3.2495 -3.26872 -82.5979 32.1944 1.18196 29.2081 0.0598081 0.137039 9.00083 -4.03433 -48.8079 24.234 0.0496219 0.113701 1.42015 -12.4274 -2.09051 -1.23299 -7.60729 7.53365 -4.24138 -0.513938 2.13474 -12.9547 3.2495 -3.26872 78.2592 -8.1065 5.9334 -29.2081 0.0598081 0.137039 -11.1753 -7.55364 68.612 -24.234 0.0496218 0.113702 0.573494 3.99616 3.6468 9.23673 -4.20556 2.0327 -13.6826 -18.0095 -28.3625 -0.852353 -38.7721 -0.655187 -2.07745 7.73959 0.00523861 -2.32622 -40.4017 -6.04875 -5.94234 1.98128 15.6133 0.779096 -9.8844 12.4959 1.50186e-17 -7.95446e-16 1.27312e-17 -9.23673 -4.20556 2.0327 -9.59537 -10.5286 17.4107 0.852353 -38.7721 -0.655187 1.93286 7.20467 0.00422759 2.32622 -40.4017 -6.04875 -6.11665 -4.43622 -14.8561 -0.779096 -9.8844 12.4959 -9.74264e-16 -5.47579e-16 -1.27231e-14 
4.52115 93.8194 107.11 10.0581 10.3321 29.743 0 5.07867 -1.15138 -2.02191 -1.31651 -0.28091 0 5.61661 1.07143 -1.4314 -0.657043 -0.526656 -1.02604e-17 5.98978 0.11501 -0.849757 0.418388 -0.412414 -1.10457e-17 6.50583 -0.443523 -0.247909 1.73788 -0.361476 -1.97295e-17 7.60548 -1.50593 0.284806 2.81615 -0.314662 -2.53307e-17 9.49737 -0.914492 0.818625 2.92987 -0.692268 -2.90401e-17 10.5513 1.57691 0.178499 0.510574 0.0767326 -1.29193e-17 4.78644 0.715339 -0.959172 -0.0625427 -13.3291 -1.8116e-17 4.82109 0.421791 2.16288 -4.17856 -6.4889 -2.00958e-17 4.83041 0.765062 2.55355 -3.11582 -4.15786 1.23299 -7.60731 7.53374 1.47456 1.78414 1.36174 12.9547 3.2495 -3.26872 -81.6342 32.2846 0.618243 29.2081 0.0598081 0.137039 9.13209 -4.18488 -49.7603 24.234 0.0496219 0.113701 1.46523 -12.6138 -2.05801 -1.23299 -7.60729 7.53365 -3.85673 -0.55261 2.28041 -12.9547 3.2495 -3.26872 77.6782 -7.17411 5.95923 -29.2081 0.0598081 0.137039 -11.1938 -7.59993 68.8495 -24.234 0.0496218 0.113702 0.395756 3.82424 3.59606 9.23673 -4.20556 2.0327 -14.1326 -18.4201 -28.5911 -0.852353 -38.7721 -0.655187 -1.53177 5.71603 -0.0233758 -2.32622 -40.4017 -6.04875 -5.95316 3.3821 15.5212 0.779096 -9.8844 12.4959 1.18805e-15 -7.46672e-16 -3.60429e-17 -9.23673 -4.20556 2.0327 -9.30408 -10.4472 18.5072 0.852353 -38.7721 -0.655187 1.95849 7.29957 0.00264833 2.32622 -40.4017 -6.04875 -5.97759 -4.07008 -14.8073 -0.779096 -9.8844 12.4959 -9.93923e-16 -5.46658e-16 -1.27222e-14 
4.75454 93.8984 107.484 10.0969 10.1505 28.4949 0 5.07867 -1.15138 -2.01456 -1.46879 -0.234781 0 5.61661 1.07143 -1.43693 -0.754533 -0.483434 -1.02604e-17 5.98978 0.11501 -0.864177 0.393284 -0.371097 -1.10457e-17 6.50583 -0.443523 -0.27394 1.846 -0.32094 -1.97295e-17 7.60548 -1.50593 0.25844 2.98267 -0.269599 -2.53307e-17 9.49737 -0.914492 0.80571 3.15264 -0.63747 -2.90401e-17 10.5513 1.57691 0.179054 0.50268 0.0690258 -1.29193e-17 4.78644 0.715339 -1.07052 -0.677814 -12.8131 -1.8116e-17 4.82109 0.421791 2.14289 -4.16359 -6.24035 -2.00958e-17 4.83041 0.765062 2.48161 -2.87994 -4.26181 1.23299 -7.60731 7.53374 1.08681 1.68402 1.22553 12.9547 3.2495 -3.26872 -80.721 32.2919 0.153449 29.2081 0.0598081 0.137039 9.26955 -4.34808 -50.7775 24.234 0.0496219 0.113701 1.50206 -12.7301 -2.03593 -1.23299 -7.60729 7.53365 -3.56285 -0.563881 2.40085 -12.9547 3.2495 -3.26872 77.0924 -6.14314 5.91246 -29.2081 0.0598081 0.137039 -11.2159 -7.65616 69.1375 -24.234 0.0496218 0.113702 0.197498 3.57407 3.57642 9.23673 -4.20556 2.0327 -14.5425 -18.9682 -29.1837 -0.852353 -38.7721 -0.655187 -1.02763 3.83761 -0.0325772 -2.32622 -40.4017 -6.04875 -6.09566 4.63149 15.4533 0.779096 -9.8844 12.4959 4.42086e-16 -7.81793e-16 -9.21961e-19 -9.23673 -4.20556 2.0327 -9.00469 -10.3688 19.5253 0.852353 -38.7721 -0.655187 1.97938 7.3769 0.00132967 2.32622 -40.4017 -6.04875 -5.84338 -3.8324 -14.7747 -0.779096 -9.8844 12.4959 -6.06188e-16 -5.58775e-16 -1.27465e-14 
5.01677 93.9789 107.892 10.1739 9.91079 27.2388 0 5.07867 -1.15138 -2.00688 -1.56842 -0.186018 0 5.61661 1.07143 -1.44231 -0.818369 -0.439207 -1.02604e-17 5.98978 0.11501 -0.880614 0.377846 -0.329845 -1.10457e-17 6.50583 -0.443523 -0.304337 1.92233 -0.281216 -1.97295e-17 7.60548 -1.50593 0.22542 3.102 -0.224232 -2.53307e-17 9.49737 -0.914492 0.784407 3.31205 -0.580071 -2.90401e-17 10.5513 1.57691 0.17954 0.504965 0.0601382 -1.29193e-17 4.78644 0.715339 -1.16706 -1.2765 -12.2953 -1.8116e-17 4.82109 0.421791 2.11887 -4.1118 -5.98925 -2.00958e-17 4.83041 0.765062 2.39537 -2.59823 -4.36255 1.23299 -7.60731 7.53374 0.690707 1.63334 1.07992 12.9547 3.2495 -3.26872 -79.8328 32.2638 -0.264981 29.2081 0.0598081 0.137039 9.39908 -4.5074 -51.7562 24.234 0.0496219 0.113701 1.52249 -12.8216 -2.07533 -1.23299 -7.60729 7.53365 -3.34008 -0.540733 2.48696 -12.9547 3.2495 -3.26872 76.5871 -5.07225 5.80105 -29.2081 0.0598081 0.137039 -11.2381 -7.71331 69.4297 -24.234 0.0496218 0.113702 -0.0299453 3.45655 3.63311 9.23673 -4.20556 2.0327 -14.912 -19.4526 -30.1262 -0.852353 -38.7721 -0.655187 -0.547306 2.04391 -0.0259151 -2.32622 -40.4017 -6.04875 -6.44411 5.81967 15.4247 0.779096 -9.8844 12.4959 8.10153e-16 -7.58481e-16 -2.42334e-17 -9.23673 -4.20556 2.0327 -8.72803 -10.179 20.4938 0.852353 -38.7721 -0.655187 1.99588 7.43797 0.000268138 2.32622 -40.4017 -6.04875 -5.7033 -3.61129 -14.7458 -0.779096 -9.8844 12.4959 -5.96354e-16 -5.59082e-16 -1.27471e-14 
5.31112 94.0738 108.341 10.2696 9.58384 25.9476 0 5.07867 -1.15138 -1.99789 -1.6539 -0.127029 0 5.61661 1.07143 -1.44708 -0.871239 -0.383986 -1.02604e-17 5.98978 0.11501 -0.898958 0.371765 -0.278414 -1.10457e-17 6.50583 -0.443523 -0.338646 2.00517 -0.23169 -1.97295e-17 7.60548 -1.50593 0.187662 3.22822 -0.167872 -2.53307e-17 9.49737 -0.914492 0.761287 3.47469 -0.510653 -2.90401e-17 10.5513 1.57691 0.181902 0.508782 0.0491055 -1.29193e-17 4.78644 0.715339 -1.23016 -1.79892 -11.7534 -1.8116e-17 4.82109 0.421791 2.12868 -4.06252 -5.72519 -2.00958e-17 4.83041 0.765062 2.29194 -2.34721 -4.49133 1.23299 -7.60731 7.53374 0.337686 1.60063 0.951902 12.9547 3.2495 -3.26872 -78.9975 32.2418 -0.675071 29.2081 0.0598081 0.137039 9.52887 -4.67275 -52.758 24.234 0.0496219 0.113701 1.55422 -12.8352 -2.11197 -1.23299 -7.60729 7.53365 -3.18447 -0.52068 2.51881 -12.9547 3.2495 -3.26872 76.2158 -4.01965 5.67735 -29.2081 0.0598081 0.137039 -11.2658 -7.78604 69.8006 -24.234 0.0496218 0.113702 -0.220719 3.43227 3.66792 9.23673 -4.20556 2.0327 -15.2115 -19.8871 -31.5143 -0.852353 -38.7721 -0.655187 -0.138209 0.515873 -0.00838229 -2.32622 -40.4017 -6.04875 -7.04936 6.94048 15.4496 0.779096 -9.8844 12.4959 -7.30954e-16 -8.30567e-16 4.78522e-17 -9.23673 -4.20556 2.0327 -8.44875 -9.86486 21.4248 0.852353 -38.7721 -0.655187 2.00528 7.47275 -0.00034452 2.32622 -40.4017 -6.04875 -5.5049 -3.34626 -14.7154 -0.779096 -9.8844 12.4959 -5.96354e-16 -5.59082e-16 -1.27471e-14 
5.63939 94.173 108.821 10.3911 9.21556 24.6359 0 5.07867 -1.15138 -2.00001 -1.69985 -0.0565878 0 5.61661 1.07143 -1.46294 -0.896936 -0.318658 -1.02604e-17 5.98978 0.11501 -0.928939 0.377913 -0.218038 -1.10457e-17 6.50583 -0.443523 -0.384449 2.07522 -0.173851 -1.97295e-17 7.60548 -1.50593 0.139669 3.33209 -0.100827 -2.53307e-17 9.49737 -0.914492 0.733028 3.60429 -0.428389 -2.90401e-17 10.5513 1.57691 0.184942 0.515289 0.0371107 -1.29193e-17 4.78644 0.715339 -1.27993 -2.28408 -11.2177 -1.8116e-17 4.82109 0.421791 2.14656 -3.97786 -5.46337 -2.00958e-17 4.83041 0.765062 2.22125 -2.09938 -4.6392 1.23299 -7.60731 7.53374 0.00285178 1.61099 0.816325 12.9547 3.2495 -3.26872 -78.1806 32.2153 -1.0194 29.2081 0.0598081 0.137039 9.66782 -4.85658 -53.8559 24.234 0.0496219 0.113701 1.60238 -12.7573 -2.1499 -1.23299 -7.60729 7.53365 -3.07175 -0.477232 2.53056 -12.9547 3.2495 -3.26872 75.9325 -2.98342 5.5271 -29.2081 0.0598081 0.137039 -11.3012 -7.8812 70.2848 -24.234 0.0496218 0.113702 -0.381958 3.22708 3.641 9.23673 -4.20556 2.0327 -15.4988 -20.3034 -33.2898 -0.852353 -38.7721 -0.655187 0.150233 -0.560382 0.0105165 -2.32622 -40.4017 -6.04875 -7.74947 7.91238 15.5163 0.779096 -9.8844 12.4959 5.17957e-18 -7.96061e-16 1.3346e-17 -9.23673 -4.20556 2.0327 -8.20871 -9.47349 22.3114 0.852353 -38.7721 -0.655187 2.01445 7.50665 -0.000947278 2.32622 -40.4017 -6.04875 -5.25358 -3.10213 -14.6941 -0.779096 -9.8844 12.4959 -5.96354e-16 -5.59082e-16 -1.27471e-14 
6.00126 94.2649 109.325 10.4897 8.83906 23.3406 0 5.07867 -1.15138 -2.00475 -1.70828 0.0139861 0 5.61661 1.07143 -1.47976 -0.897614 -0.254148 -1.02604e-17 5.98978 0.11501 -0.959807 0.389206 -0.159083 -1.10457e-17 6.50583 -0.443523 -0.430692 2.11722 -0.117769 -1.97295e-17 7.60548 -1.50593 0.0906801 3.39343 -0.0352829 -2.53307e-17 9.49737 -0.914492 0.703098 3.67837 -0.347036 -2.90401e-17 10.5513 1.57691 0.186276 0.525418 0.0268163 -1.29193e-17 4.78644 0.715339 -1.32575 -2.76155 -10.7322 -1.8116e-17 4.82109 0.421791 2.15903 -3.83936 -5.22454 -2.00958e-17 4.83041 0.765062 2.17787 -1.82645 -4.72459 1.23299 -7.60731 7.53374 -0.334433 1.66107 0.660531 12.9547 3.2495 -3.26872 -77.3777 32.1731 -1.28676 29.2081 0.0598081 0.137039 9.81213 -5.05552 -55.0267 24.234 0.0496219 0.113701 1.65702 -12.6286 -2.19611 -1.23299 -7.60729 7.53365 -2.96894 -0.39679 2.55161 -12.9547 3.2495 -3.26872 75.6314 -1.93841 5.34504 -29.2081 0.0598081 0.137039 -11.3362 -7.9776 70.7737 -24.234 0.0496218 0.113702 -0.521514 2.76782 3.64457 9.23673 -4.20556 2.0327 -15.7551 -20.6429 -35.1046 -0.852353 -38.7721 -0.655187 0.334694 -1.24775 0.0254263 -2.32622 -40.4017 -6.04875 -8.33639 8.61267 15.5948 0.779096 -9.8844 12.4959 -3.62887e-16 -8.07255e-16 2.45408e-17 -9.23673 -4.20556 2.0327 -7.98812 -9.06029 23.1203 0.852353 -38.7721 -0.655187 2.02788 7.55632 -0.00184029 2.32622 -40.4017 -6.04875 -4.9661 -2.91076 -14.6848 -0.779096 -9.8844 12.4959 -2.08619e-16 -5.83315e-16 -1.27592e-14 
6.38875 94.3339 109.856 10.6114 8.41492 22.0482 0 5.07867 -1.15138 -2.02103 -1.69908 0.0871475 0 5.61661 1.07143 -1.50714 -0.886162 -0.187773 -1.02604e-17 5.98978 0.11501 -0.999909 0.404189 -0.0986457 -1.10457e-17 6.50583 -0.443523 -0.484093 2.14888 -0.0603589 -1.97295e-17 7.60548 -1.50593 0.036713 3.43835 0.032619 -2.53307e-17 9.49737 -0.914492 0.671286 3.72991 -0.262519 -2.90401e-17 10.5513 1.57691 0.186473 0.537514 0.0175656 -1.29193e-17 4.78644 0.715339 -1.35895 -3.19921 -10.2713 -1.8116e-17 4.82109 0.421791 2.16238 -3.68659 -5.00054 -2.00958e-17 4.83041 0.765062 2.15562 -1.51172 -4.79392 1.23299 -7.60731 7.53374 -0.647706 1.72552 0.51105 12.9547 3.2495 -3.26872 -76.5848 32.1484 -1.57623 29.2081 0.0598081 0.137039 9.95053 -5.25463 -56.1817 24.234 0.0496219 0.113701 1.69084 -12.4889 -2.23572 -1.23299 -7.60729 7.53365 -2.89135 -0.306951 2.55004 -12.9547 3.2495 -3.26872 75.3483 -0.887173 5.16889 -29.2081 0.0598081 0.137039 -11.3648 -8.05842 71.1826 -24.234 0.0496218 0.113702 -0.620165 2.27679 3.66085 9.23673 -4.20556 2.0327 -16.0246 -20.8807 -36.9152 -0.852353 -38.7721 -0.655187 0.393307 -1.46598 0.0306238 -2.32622 -40.4017 -6.04875 -8.79929 9.0945 15.6736 0.779096 -9.8844 12.4959 -7.60456e-16 -8.31796e-16 4.90815e-17 -9.23673 -4.20556 2.0327 -7.80112 -8.60528 23.8429 0.852353 -38.7721 -0.655187 2.0632 7.68695 -0.00424559 2.32622 -40.4017 -6.04875 -4.7016 -2.82824 -14.6892 -0.779096 -9.8844 12.4959 -9.74255e-16 -5.4758e-16 -1.27231e-14 
6.7938 94.399 110.428 10.7425 7.79449 20.6986 0 5.07867 -1.15138 -2.0272 -1.63936 0.165333 0 5.61661 1.07143 -1.52455 -0.833897 -0.114463 -1.02604e-17 5.98978 0.11501 -1.03322 0.444129 -0.0318997 -1.10457e-17 6.50583 -0.443523 -0.533577 2.17699 0.00324071 -1.97295e-17 7.60548 -1.50593 -0.0152693 3.46337 0.105808 -2.53307e-17 9.49737 -0.914492 0.640272 3.75039 -0.172189 -2.90401e-17 10.5513 1.57691 0.18425 0.552974 0.00974328 -1.29193e-17 4.78644 0.715339 -1.37062 -3.54355 -9.83656 -1.8116e-17 4.82109 0.421791 2.14594 -3.52982 -4.79139 -2.00958e-17 4.83041 0.765062 2.1316 -1.15519 -4.80654 1.23299 -7.60731 7.53374 -0.943092 1.80492 0.368538 12.9547 3.2495 -3.26872 -75.8268 32.1442 -1.87833 29.2081 0.0598081 0.137039 10.0807 -5.45007 -57.3001 24.234 0.0496219 0.113701 1.72596 -12.376 -2.26044 -1.23299 -7.60729 7.53365 -2.82107 -0.199668 2.52254 -12.9547 3.2495 -3.26872 75.0737 0.188609 5.00751 -29.2081 0.0598081 0.137039 -11.385 -8.11649 71.4758 -24.234 0.0496218 0.113702 -0.680453 1.91929 3.69547 9.23673 -4.20556 2.0327 -16.2196 -20.8991 -38.7183 -0.852353 -38.7721 -0.655187 0.314564 -1.17278 0.0236924 -2.32622 -40.4017 -6.04875 -9.18267 9.45942 15.7672 0.779096 -9.8844 12.4959 5.17957e-18 -7.96061e-16 1.3346e-17 -9.23673 -4.20556 2.0327 -7.56568 -7.98186 24.5716 0.852353 -38.7721 -0.655187 2.11402 7.87476 -0.00784758 2.32622 -40.4017 -6.04875 -4.41726 -2.72136 -14.6914 -0.779096 -9.8844 12.4959 1.69282e-16 -5.95125e-16 -1.27707e-14 
7.21728 94.4417 111.045 10.8414 7.13972 19.2797 0 5.07867 -1.15138 -2.03092 -1.5634 0.238884 0 5.61661 1.07143 -1.53771 -0.770188 -0.0448559 -1.02604e-17 5.98978 0.11501 -1.06102 0.487043 0.0317805 -1.10457e-17 6.50583 -0.443523 -0.575634 2.19033 0.0641818 -1.97295e-17 7.60548 -1.50593 -0.0592094 3.46525 0.17484 -2.53307e-17 9.49737 -0.914492 0.615937 3.74172 -0.0878066 -2.90401e-17 10.5513 1.57691 0.179588 0.566548 0.00382164 -1.29193e-17 4.78644 0.715339 -1.35274 -3.77805 -9.39943 -1.8116e-17 4.82109 0.421791 2.12343 -3.36207 -4.5837 -2.00958e-17 4.83041 0.765062 2.09159 -0.857375 -4.73091 1.23299 -7.60731 7.53374 -1.15917 1.88384 0.260067 12.9547 3.2495 -3.26872 -75.1884 32.1497 -2.09069 29.2081 0.0598081 0.137039 10.2124 -5.65655 -58.4665 24.234 0.0496219 0.113701 1.78837 -12.3041 -2.30896 -1.23299 -7.60729 7.53365 -2.77318 -0.0821044 2.47412 -12.9547 3.2495 -3.26872 74.8349 1.29244 4.82314 -29.2081 0.0598081 0.137039 -11.4063 -8.17909 71.7912 -24.234 0.0496218 0.113702 -0.696809 1.70061 3.75068 9.23673 -4.20556 2.0327 -16.3769 -20.8266 -40.2821 -0.852353 -38.7721 -0.655187 0.090152 -0.336328 0.00613532 -2.32622 -40.4017 -6.04875 -9.36435 9.66889 15.8614 0.779096 -9.8844 12.4959 -7.50622e-16 -8.31489e-16 4.87742e-17 -9.23673 -4.20556 2.0327 -7.31909 -7.32748 25.305 0.852353 -38.7721 -0.655187 2.17422 8.09704 -0.0123302 2.32622 -40.4017 -6.04875 -4.1248 -2.70408 -14.7066 -0.779096 -9.8844 12.4959 -1.35216e-15 -5.3577e-16 -1.27113e-14 
7.65738 94.4588 111.705 10.9099 6.46534 17.8156 0 5.07867 -1.15138 -2.03464 -1.45686 0.297372 0 5.61661 1.07143 -1.54872 -0.68919 0.0102184 -1.02604e-17 5.98978 0.11501 -1.08154 0.527041 0.0829688 -1.10457e-17 6.50583 -0.443523 -0.60624 2.15807 0.113418 -1.97295e-17 7.60548 -1.50593 -0.0876361 3.39951 0.228451 -2.53307e-17 9.49737 -0.914492 0.602292 3.65605 -0.0230678 -2.90401e-17 10.5513 1.57691 0.169936 0.582194 0.00373114 -1.29193e-17 4.78644 0.715339 -1.32922 -3.97675 -9.01377 -1.8116e-17 4.82109 0.421791 2.08509 -3.13804 -4.39926 -2.00958e-17 4.83041 0.765062 2.01014 -0.497296 -4.47727 1.23299 -7.60731 7.53374 -1.3336 1.97268 0.123148 12.9547 3.2495 -3.26872 -74.6482 32.0981 -2.14034 29.2081 0.0598081 0.137039 10.3443 -5.87286 -59.6728 24.234 0.0496219 0.113701 1.86615 -12.3031 -2.35999 -1.23299 -7.60729 7.53365 -2.70376 0.0798908 2.46661 -12.9547 3.2495 -3.26872 74.5974 2.37893 4.53193 -29.2081 0.0598081 0.137039 -11.428 -8.2438 72.1168 -24.234 0.0496218 0.113702 -0.672112 1.55846 3.87385 9.23673 -4.20556 2.0327 -16.3284 -20.4177 -40.9929 -0.852353 -38.7721 -0.655187 -0.126541 0.472309 -0.00772253 -2.32622 -40.4017 -6.04875 -9.28192 9.57671 15.9159 0.779096 -9.8844 12.4959 1.16838e-15 -7.47594e-16 -3.51209e-17 -9.23673 -4.20556 2.0327 -7.08504 -6.62062 25.9761 0.852353 -38.7721 -0.655187 2.2303 8.30395 -0.0167174 2.32622 -40.4017 -6.04875 -3.8496 -2.79251 -14.7329 -0.779096 -9.8844 12.4959 1.59448e-16 -5.94817e-16 -1.27704e-14 
8.12117 94.4683 112.409 10.8887 5.71669 16.4019 0 5.07867 -1.15138 -2.00607 -1.37172 0.335316 0 5.61661 1.07143 -1.52824 -0.621194 0.0501767 -1.02604e-17 5.98978 0.11501 -1.07136 0.557817 0.121607 -1.10457e-17 6.50583 -0.443523 -0.609051 2.11741 0.151108 -1.97295e-17 7.60548 -1.50593 -0.0908043 3.31857 0.264139 -2.53307e-17 9.49737 -0.914492 0.601063 3.55796 0.0187481 -2.90401e-17 10.5513 1.57691 0.15607 0.59821 0.00911527 -1.29193e-17 4.78644 0.715339 -1.30657 -4.15357 -8.71721 -1.8116e-17 4.82109 0.421791 2.03597 -2.91721 -4.25292 -2.00958e-17 4.83041 0.765062 1.86106 -0.030205 -4.0692 1.23299 -7.60731 7.53374 -1.48654 2.02601 -0.0413111 12.9547 3.2495 -3.26872 -74.2325 31.9921 -2.12927 29.2081 0.0598081 0.137039 10.4632 -6.0773 -60.7991 24.234 0.0496219 0.113701 1.91942 -12.2885 -2.41081 -1.23299 -7.60729 7.53365 -2.59212 0.240128 2.48897 -12.9547 3.2495 -3.26872 74.3123 3.41569 4.16314 -29.2081 0.0598081 0.137039 -11.4431 -8.28977 72.3478 -24.234 0.0496218 0.113702 -0.624379 1.46581 4.10757 9.23673 -4.20556 2.0327 -15.853 -19.512 -40.6773 -0.852353 -38.7721 -0.655187 -0.17668 0.659514 -0.0104948 -2.32622 -40.4017 -6.04875 -9.11643 9.21243 15.9134 0.779096 -9.8844 12.4959 8.29821e-16 -7.57559e-16 -2.51554e-17 -9.23673 -4.20556 2.0327 -6.80326 -5.78879 26.5627 0.852353 -38.7721 -0.655187 2.26957 8.44873 -0.0199105 2.32622 -40.4017 -6.04875 -3.63468 -2.8285 -14.7454 -0.779096 -9.8844 12.4959 -1.8895e-16 -5.84237e-16 -1.27598e-14 
8.62357 94.4579 113.144 10.8806 5.04903 15.0682 0 5.07867 -1.15138 -1.97902 -1.35209 0.364247 0 5.61661 1.07143 -1.50999 -0.600963 0.0819651 -1.02604e-17 5.98978 0.11501 -1.0618 0.561267 0.153212 -1.10457e-17 6.50583 -0.443523 -0.611197 2.08581 0.182062 -1.97295e-17 7.60548 -1.50593 -0.0921874 3.26442 0.292448 -2.53307e-17 9.49737 -0.914492 0.60042 3.49706 0.0520881 -2.90401e-17 10.5513 1.57691 0.141935 0.61085 0.0142855 -1.29193e-17 4.78644 0.715339 -1.27782 -4.32325 -8.39865 -1.8116e-17 4.82109 0.421791 1.96379 -2.73751 -4.0982 -2.00958e-17 4.83041 0.765062 1.66569 0.427948 -3.74594 1.23299 -7.60731 7.53374 -1.60093 2.04046 -0.175841 12.9547 3.2495 -3.26872 -73.9556 31.8874 -2.10183 29.2081 0.0598081 0.137039 10.5763 -6.28051 -61.9064 24.234 0.0496219 0.113701 1.93788 -12.1343 -2.45267 -1.23299 -7.60729 7.53365 -2.488 0.356989 2.49506 -12.9547 3.2495 -3.26872 74.0359 4.44843 3.7915 -29.2081 0.0598081 0.137039 -11.4565 -8.33088 72.554 -24.234 0.0496218 0.113702 -0.59615 1.39512 4.29455 9.23673 -4.20556 2.0327 -15.279 -18.514 -39.9999 -0.852353 -38.7721 -0.655187 -0.143481 0.535554 -0.00867745 -2.32622 -40.4017 -6.04875 -8.93548 8.78198 15.8735 0.779096 -9.8844 12.4959 -1.50642e-15 -8.66917e-16 8.42024e-17 -9.23673 -4.20556 2.0327 -6.62819 -4.97599 27.1216 0.852353 -38.7721 -0.655187 2.31457 8.61455 -0.0236923 2.32622 -40.4017 -6.04875 -3.49623 -2.96291 -14.7664 -0.779096 -9.8844 12.4959 -1.98785e-16 -5.8393e-16 -1.27595e-14 
9.15787 94.4128 113.897 10.9005 4.6127 13.7678 0 5.07867 -1.15138 -1.99529 -1.42595 0.384775 0 5.61661 1.07143 -1.53082 -0.65937 0.099033 -1.02604e-17 5.98978 0.11501 -1.08087 0.50464 0.170754 -1.10457e-17 6.50583 -0.443523 -0.630674 2.02729 0.198861 -1.97295e-17 7.60548 -1.50593 -0.101798 3.21137 0.309212 -2.53307e-17 9.49737 -0.914492 0.599298 3.44738 0.0727501 -2.90401e-17 10.5513 1.57691 0.127758 0.618516 0.0180061 -1.29193e-17 4.78644 0.715339 -1.23733 -4.49787 -8.02672 -1.8116e-17 4.82109 0.421791 1.88813 -2.50897 -3.92195 -2.00958e-17 4.83041 0.765062 1.47021 0.841673 -3.46517 1.23299 -7.60731 7.53374 -1.6466 2.03866 -0.269137 12.9547 3.2495 -3.26872 -73.8063 31.7635 -1.94717 29.2081 0.0598081 0.137039 10.692 -6.4986 -63.0821 24.234 0.0496219 0.113701 1.94142 -11.8875 -2.41096 -1.23299 -7.60729 7.53365 -2.41413 0.452374 2.491 -12.9547 3.2495 -3.26872 73.8074 5.56338 3.39727 -29.2081 0.0598081 0.137039 -11.4712 -8.37665 72.7834 -24.234 0.0496218 0.113702 -0.569509 1.25481 4.3711 9.23673 -4.20556 2.0327 -14.7919 -17.6647 -39.19 -0.852353 -38.7721 -0.655187 -0.106896 0.39897 -0.0065918 -2.32622 -40.4017 -6.04875 -8.4559 8.13928 15.782 0.779096 -9.8844 12.4959 3.73223e-16 -7.84867e-16 2.15225e-18 -9.23673 -4.20556 2.0327 -6.60238 -4.37586 27.7204 0.852353 -38.7721 -0.655187 2.38265 8.86517 -0.0296618 2.32622 -40.4017 -6.04875 -3.34789 -3.34505 -14.8252 -0.779096 -9.8844 12.4959 9.64407e-16 -6.32396e-16 -1.2808e-14 
9.72547 94.3545 114.61 10.9727 4.4361 12.5484 0 5.07867 -1.15138 -2.06494 -1.52677 0.390642 0 5.61661 1.07143 -1.60102 -0.752615 0.0940865 -1.02604e-17 5.98978 0.11501 -1.13616 0.403517 0.16726 -1.10457e-17 6.50583 -0.443523 -0.672993 1.90852 0.194763 -1.97295e-17 7.60548 -1.50593 -0.122841 3.10057 0.307793 -2.53307e-17 9.49737 -0.914492 0.593144 3.33687 0.0745649 -2.90401e-17 10.5513 1.57691 0.11304 0.627579 0.0238779 -1.29193e-17 4.78644 0.715339 -1.21794 -4.77569 -7.67359 -1.8116e-17 4.82109 0.421791 1.80927 -2.24967 -3.7572 -2.00958e-17 4.83041 0.765062 1.30353 1.35259 -3.1376 1.23299 -7.60731 7.53374 -1.65548 2.0619 -0.358147 12.9547 3.2495 -3.26872 -73.7058 31.6318 -1.76016 29.2081 0.0598081 0.137039 10.7928 -6.69798 -64.1463 24.234 0.0496219 0.113701 1.95704 -11.5908 -2.37362 -1.23299 -7.60729 7.53365 -2.34496 0.578283 2.5057 -12.9547 3.2495 -3.26872 73.6241 6.65339 2.88313 -29.2081 0.0598081 0.137039 -11.4847 -8.41909 72.9959 -24.234 0.0496218 0.113702 -0.501859 0.984916 4.52341 9.23673 -4.20556 2.0327 -14.4432 -16.9745 -38.0381 -0.852353 -38.7721 -0.655187 -0.0517907 0.193278 -0.0032863 -2.32622 -40.4017 -6.04875 -7.7574 7.34331 15.6538 0.779096 -9.8844 12.4959 1.19788e-15 -7.46365e-16 -3.63497e-17 -9.23673 -4.20556 2.0327 -6.74166 -4.11564 28.2091 0.852353 -38.7721 -0.655187 2.50025 9.29743 -0.0406768 2.32622 -40.4017 -6.04875 -3.20784 -3.89346 -14.9078 -0.779096 -9.8844 12.4959 9.93923e-16 -6.33626e-16 -1.28092e-14 
10.3674 94.3613 115.217 11.1518 4.38131 11.6637 0 5.07867 -1.15138 -2.16031 -1.61373 0.371557 0 5.61661 1.07143 -1.69452 -0.8401 0.062784 -1.02604e-17 5.98978 0.11501 -1.21032 0.306892 0.136293 -1.10457e-17 6.50583 -0.443523 -0.72809 1.79937 0.163517 -1.97295e-17 7.60548 -1.50593 -0.157069 3.00167 0.281461 -2.53307e-17 9.49737 -0.914492 0.571202 3.24507 0.0530833 -2.90401e-17 10.5513 1.57691 0.0985872 0.637816 0.0323455 -1.29193e-17 4.78644 0.715339 -1.21725 -5.03374 -7.37066 -1.8116e-17 4.82109 0.421791 1.67627 -2.1027 -3.62512 -2.00958e-17 4.83041 0.765062 1.1853 1.84138 -2.91573 1.23299 -7.60731 7.53374 -1.68882 2.07656 -0.411499 12.9547 3.2495 -3.26872 -73.5832 31.6652 -1.86637 29.2081 0.0598081 0.137039 10.8664 -6.84947 -64.9484 24.234 0.0496219 0.113701 1.98359 -11.1848 -2.3798 -1.23299 -7.60729 7.53365 -2.26223 0.679144 2.54276 -12.9547 3.2495 -3.26872 73.4227 7.51413 2.31793 -29.2081 0.0598081 0.137039 -11.4942 -8.44953 73.1481 -24.234 0.0496218 0.113702 -0.438185 0.534414 4.78284 9.23673 -4.20556 2.0327 -14.437 -16.4339 -37.0371 -0.852353 -38.7721 -0.655187 -0.0119218 0.0444873 -0.000771899 -2.32622 -40.4017 -6.04875 -7.22495 6.96968 15.577 0.779096 -9.8844 12.4959 8.29826e-16 -7.57559e-16 -2.51556e-17 -9.23673 -4.20556 2.0327 -7.10857 -4.08958 28.2165 0.852353 -38.7721 -0.655187 2.67568 9.94062 -0.0587617 2.32622 -40.4017 -6.04875 -3.01704 -4.26334 -14.9778 -0.779096 -9.8844 12.4959 2.18463e-16 -5.97276e-16 -1.27728e-14 
11.0891 93.8611 115.716 11.4238 4.23014 11.1583 0 5.07867 -1.15138 -2.22196 -1.53599 0.33147 0 5.61661 1.07143 -1.75535 -0.809765 0.0141048 -1.02604e-17 5.98978 0.11501 -1.26146 0.278461 0.0847143 -1.10457e-17 6.50583 -0.443523 -0.769937 1.6803 0.110469 -1.97295e-17 7.60548 -1.50593 -0.19329 2.84872 0.23036 -2.53307e-17 9.49737 -0.914492 0.529037 3.07623 0.0101875 -2.90401e-17 10.5513 1.57691 0.0822955 0.668159 0.0445749 -1.29193e-17 4.78644 0.715339 -1.20762 -5.03542 -7.15704 -1.8116e-17 4.82109 0.421791 1.45981 -2.06363 -3.54151 -2.00958e-17 4.83041 0.765062 1.02499 2.1212 -2.78741 1.23299 -7.60731 7.53374 -1.80069 2.12854 -0.467385 12.9547 3.2495 -3.26872 -73.4622 31.9299 -2.23937 29.2081 0.0598081 0.137039 10.913 -6.94817 -65.4682 24.234 0.0496219 0.113701 2.02905 -10.7714 -2.525 -1.23299 -7.60729 7.53365 -2.28443 0.775946 2.5772 -12.9547 3.2495 -3.26872 73.1418 8.16589 1.71693 -29.2081 0.0598081 0.137039 -11.4991 -8.46535 73.2272 -24.234 0.0496218 0.113702 -0.387986 -0.166998 5.10819 9.23673 -4.20556 2.0327 -15.0271 -16.6218 -36.3109 -0.852353 -38.7721 -0.655187 0.00178269 -0.00665206 0.000116216 -2.32622 -40.4017 -6.04875 -8.52526 13.1884 16.2125 0.779096 -9.8844 12.4959 -1.11866e-15 -8.42683e-16 5.99679e-17 -9.23673 -4.20556 2.0327 -7.56965 -4.13445 27.7624 0.852353 -38.7721 -0.655187 3.07711 11.4042 -0.107552 2.32622 -40.4017 -6.04875 -3.72579 -6.69797 -15.1647 -0.779096 -9.8844 12.4959 -5.76676e-16 -5.60004e-16 -1.27477e-14 
11.8516 93.1402 116.116 11.8008 3.87356 10.9562 0 5.07867 -1.15138 -2.25381 -1.336 0.280446 0 5.61661 1.07143 -1.78469 -0.678007 -0.0417157 -1.02604e-17 5.98978 0.11501 -1.28866 0.338525 0.0234834 -1.10457e-17 6.50583 -0.443523 -0.794596 1.62769 0.0474636 -1.97295e-17 7.60548 -1.50593 -0.223532 2.73926 0.166882 -2.53307e-17 9.49737 -0.914492 0.48216 2.9477 -0.0441361 -2.90401e-17 10.5513 1.57691 0.066086 0.703257 0.0567873 -1.29193e-17 4.78644 0.715339 -1.17534 -4.68952 -7.04284 -1.8116e-17 4.82109 0.421791 1.22531 -2.21439 -3.50804 -2.00958e-17 4.83041 0.765062 0.778136 2.02052 -2.70166 1.23299 -7.60731 7.53374 -1.90297 2.1478 -0.50068 12.9547 3.2495 -3.26872 -73.3471 32.4135 -2.89717 29.2081 0.0598081 0.137039 10.9579 -7.04582 -65.9803 24.234 0.0496219 0.113701 2.09057 -10.4303 -2.65515 -1.23299 -7.60729 7.53365 -2.40862 0.803888 2.59809 -12.9547 3.2495 -3.26872 72.8792 8.5348 1.19061 -29.2081 0.0598081 0.137039 -11.5093 -8.49836 73.3921 -24.234 0.0496218 0.113702 -0.280168 -0.915768 5.33245 9.23673 -4.20556 2.0327 -15.9877 -16.9961 -35.9634 -0.852353 -38.7721 -0.655187 0.0295043 -0.110087 0.00194994 -2.32622 -40.4017 -6.04875 -10.8762 22.2049 17.3419 0.779096 -9.8844 12.4959 4.26036e-15 -6.1462e-16 -1.68095e-16 -9.23673 -4.20556 2.0327 -8.07936 -4.2959 27.2153 0.852353 -38.7721 -0.655187 3.69266 13.6227 -0.202191 2.32622 -40.4017 -6.04875 -4.69531 -9.73641 -15.4317 -0.779096 -9.8844 12.4959 -5.96354e-16 -5.59082e-16 -1.27471e-14 
12.6053 92.984 116.522 12.2442 3.56685 10.8642 0 5.07867 -1.15138 -2.30514 -1.17758 0.221041 0 5.61661 1.07143 -1.82467 -0.559842 -0.109329 -1.02604e-17 5.98978 0.11501 -1.31916 0.426477 -0.0487818 -1.10457e-17 6.50583 -0.443523 -0.812832 1.66648 -0.0254518 -1.97295e-17 7.60548 -1.50593 -0.242275 2.74567 0.0945103 -2.53307e-17 9.49737 -0.914492 0.452764 2.96158 -0.112738 -2.90401e-17 10.5513 1.57691 0.0525814 0.715683 0.0651497 -1.29193e-17 4.78644 0.715339 -1.11384 -4.23442 -6.89901 -1.8116e-17 4.82109 0.421791 1.06701 -2.46285 -3.45977 -2.00958e-17 4.83041 0.765062 0.426704 1.58078 -2.67161 1.23299 -7.60731 7.53374 -1.91433 2.08593 -0.481637 12.9547 3.2495 -3.26872 -73.2909 32.9464 -3.63467 29.2081 0.0598081 0.137039 11.0288 -7.20457 -66.8086 24.234 0.0496219 0.113701 2.19759 -10.1079 -2.7013 -1.23299 -7.60729 7.53365 -2.52946 0.75094 2.63161 -12.9547 3.2495 -3.26872 72.7072 8.71215 0.805077 -29.2081 0.0598081 0.137039 -11.5361 -8.58668 73.8326 -24.234 0.0496218 0.113702 -0.145864 -1.51359 5.37112 9.23673 -4.20556 2.0327 -16.7445 -16.6518 -35.7701 -0.852353 -38.7721 -0.655187 0.0474065 -0.176877 0.0031606 -2.32622 -40.4017 -6.04875 -11.266 24.4559 17.5224 0.779096 -9.8844 12.4959 5.5613e-15 -5.60312e-16 -2.22403e-16 -9.23673 -4.20556 2.0327 -8.68041 -4.56062 26.8919 0.852353 -38.7721 -0.655187 4.21485 15.4763 -0.300996 2.32622 -40.4017 -6.04875 -4.69615 -10.3069 -15.5348 -0.779096 -9.8844 12.4959 -5.96354e-16 -5.59082e-16 -1.27471e-14 
13.2937 92.9215 116.981 12.6308 3.36156 10.6823 0 5.07867 -1.15138 -2.36826 -1.09083 0.166641 0 5.61661 1.07143 -1.87482 -0.496756 -0.174962 -1.02604e-17 5.98978 0.11501 -1.35618 0.475091 -0.118546 -1.10457e-17 6.50583 -0.443523 -0.832969 1.69238 -0.0959581 -1.97295e-17 7.60548 -1.50593 -0.258283 2.75938 0.0256243 -2.53307e-17 9.49737 -0.914492 0.431457 2.9897 -0.179536 -2.90401e-17 10.5513 1.57691 0.0387322 0.719693 0.0719945 -1.29193e-17 4.78644 0.715339 -1.06728 -3.93287 -6.73864 -1.8116e-17 4.82109 0.421791 0.930453 -2.62418 -3.40117 -2.00958e-17 4.83041 0.765062 0.0805785 1.2926 -2.58872 1.23299 -7.60731 7.53374 -1.90957 2.02885 -0.471917 12.9547 3.2495 -3.26872 -73.3246 33.3308 -4.19474 29.2081 0.0598081 0.137039 11.1184 -7.41448 -67.8961 24.234 0.0496219 0.113701 2.30389 -9.68445 -2.64155 -1.23299 -7.60729 7.53365 -2.60325 0.715375 2.67397 -12.9547 3.2495 -3.26872 72.6776 8.92579 0.455038 -29.2081 0.0598081 0.137039 -11.5679 -8.69511 74.3722 -24.234 0.0496218 0.113702 -0.0128952 -1.95149 5.32055 9.23673 -4.20556 2.0327 -17.3413 -16.2245 -35.5412 -0.852353 -38.7721 -0.655187 0.036013 -0.134371 0.00238769 -2.32622 -40.4017 -6.04875 -11.0578 24.9537 17.3926 0.779096 -9.8844 12.4959 -4.8779e-15 -1.0074e-15 2.2468e-16 -9.23673 -4.20556 2.0327 -9.17916 -4.99433 26.8767 0.852353 -38.7721 -0.655187 4.74676 17.3336 -0.418762 2.32622 -40.4017 -6.04875 -4.48617 -10.4504 -15.6017 -0.779096 -9.8844 12.4959 -9.84084e-16 -5.46965e-16 -1.27228e-14 
13.8833 92.8339 117.495 12.9115 3.13109 10.2971 0 5.07867 -1.15138 -2.40163 -1.07509 0.128648 0 5.61661 1.07143 -1.90155 -0.485545 -0.221087 -1.02604e-17 5.98978 0.11501 -1.37693 0.485609 -0.168727 -1.10457e-17 6.50583 -0.443523 -0.844563 1.703 -0.147157 -1.97295e-17 7.60548 -1.50593 -0.269871 2.77436 -0.0251241 -2.53307e-17 9.49737 -0.914492 0.412045 3.02037 -0.226432 -2.90401e-17 10.5513 1.57691 0.0238217 0.721345 0.0782927 -1.29193e-17 4.78644 0.715339 -1.03738 -3.76845 -6.53906 -1.8116e-17 4.82109 0.421791 0.776723 -2.67514 -3.32048 -2.00958e-17 4.83041 0.765062 -0.26105 1.24022 -2.44368 1.23299 -7.60731 7.53374 -1.87217 1.96985 -0.470492 12.9547 3.2495 -3.26872 -73.4735 33.5205 -4.58256 29.2081 0.0598081 0.137039 11.2074 -7.63465 -69.0279 24.234 0.0496219 0.113701 2.36878 -9.18025 -2.62558 -1.23299 -7.60729 7.53365 -2.65463 0.696345 2.68967 -12.9547 3.2495 -3.26872 72.7174 9.25371 0.223996 -29.2081 0.0598081 0.137039 -11.5917 -8.77855 74.7864 -24.234 0.0496218 0.113702 0.127887 -2.10954 5.22315 9.23673 -4.20556 2.0327 -17.6665 -15.6711 -35.2111 -0.852353 -38.7721 -0.655187 0.0204516 -0.0763113 0.00134564 -2.32622 -40.4017 -6.04875 -10.5367 24.417 17.1296 0.779096 -9.8844 12.4959 8.03928e-15 -4.49292e-16 -3.33422e-16 -9.23673 -4.20556 2.0327 -9.45057 -5.55139 27.1386 0.852353 -38.7721 -0.655187 5.33093 19.3339 -0.567542 2.32622 -40.4017 -6.04875 -4.28156 -10.4749 -15.6482 -0.779096 -9.8844 12.4959 -6.06193e-16 -5.58774e-16 -1.27465e-14 
14.3703 92.7081 118.096 12.9953 2.81588 9.73487 0 5.07867 -1.15138 -2.39241 -1.03939 0.11015 0 5.61661 1.07143 -1.89365 -0.460985 -0.242553 -1.02604e-17 5.98978 0.11501 -1.37326 0.491732 -0.194166 -1.10457e-17 6.50583 -0.443523 -0.843063 1.67809 -0.173988 -1.97295e-17 7.60548 -1.50593 -0.274963 2.73933 -0.053889 -2.53307e-17 9.49737 -0.914492 0.394273 2.98164 -0.249395 -2.90401e-17 10.5513 1.57691 0.00944554 0.731062 0.0842062 -1.29193e-17 4.78644 0.715339 -0.997018 -3.58648 -6.2764 -1.8116e-17 4.82109 0.421791 0.631358 -2.65691 -3.20396 -2.00958e-17 4.83041 0.765062 -0.563246 1.32866 -2.32076 1.23299 -7.60731 7.53374 -1.75589 1.92538 -0.463952 12.9547 3.2495 -3.26872 -73.7726 33.5607 -4.8135 29.2081 0.0598081 0.137039 11.2894 -7.84945 -70.124 24.234 0.0496219 0.113701 2.43026 -8.51863 -2.69244 -1.23299 -7.60729 7.53365 -2.77228 0.702705 2.65467 -12.9547 3.2495 -3.26872 72.87 9.69461 0.113581 -29.2081 0.0598081 0.137039 -11.6037 -8.82181 75.0009 -24.234 0.0496218 0.113702 0.24593 -2.00988 5.14531 9.23673 -4.20556 2.0327 -17.6469 -14.9603 -34.7639 -0.852353 -38.7721 -0.655187 0.00965271 -0.0360181 0.000631734 -2.32622 -40.4017 -6.04875 -9.74325 23.0353 16.7802 0.779096 -9.8844 12.4959 -4.03357e-15 -9.67971e-16 1.85256e-16 -9.23673 -4.20556 2.0327 -9.39408 -6.17384 27.5058 0.852353 -38.7721 -0.655187 5.97112 21.474 -0.753298 2.32622 -40.4017 -6.04875 -4.0844 -10.3072 -15.6629 -0.779096 -9.8844 12.4959 -5.96354e-16 -5.59082e-16 -1.27471e-14 
14.7852 92.5743 118.809 12.9674 2.438 9.0436 0 5.07867 -1.15138 -2.38197 -0.983365 0.11671 0 5.61661 1.07143 -1.88893 -0.421548 -0.238235 -1.02604e-17 5.98978 0.11501 -1.37512 0.503126 -0.194052 -1.10457e-17 6.50583 -0.443523 -0.850287 1.6408 -0.175802 -1.97295e-17 7.60548 -1.50593 -0.285999 2.68213 -0.0567629 -2.53307e-17 9.49737 -0.914492 0.377018 2.90975 -0.244816 -2.90401e-17 10.5513 1.57691 -0.00370891 0.74689 0.0886164 -1.29193e-17 4.78644 0.715339 -0.94485 -3.32525 -5.96611 -1.8116e-17 4.82109 0.421791 0.525221 -2.60233 -3.06058 -2.00958e-17 4.83041 0.765062 -0.748699 1.43893 -2.26236 1.23299 -7.60731 7.53374 -1.56538 1.88275 -0.44215 12.9547 3.2495 -3.26872 -74.1588 33.4532 -4.90405 29.2081 0.0598081 0.137039 11.3709 -8.0762 -71.273 24.234 0.0496219 0.113701 2.42865 -7.72264 -2.79125 -1.23299 -7.60729 7.53365 -2.94038 0.714095 2.56714 -12.9547 3.2495 -3.26872 73.1598 10.2261 0.0430151 -29.2081 0.0598081 0.137039 -11.6111 -8.84852 75.1333 -24.234 0.0496218 0.113702 0.319747 -1.82227 5.08707 9.23673 -4.20556 2.0327 -17.4248 -14.1194 -34.2543 -0.852353 -38.7721 -0.655187 0.0185437 -0.0691925 0.00121896 -2.32622 -40.4017 -6.04875 -8.84245 21.3304 16.4275 0.779096 -9.8844 12.4959 6.9208e-16 -7.63401e-16 -1.93136e-17 -9.23673 -4.20556 2.0327 -9.13361 -6.80055 27.8975 0.852353 -38.7721 -0.655187 6.65002 23.6798 -0.975328 2.32622 -40.4017 -6.04875 -3.80959 -9.87394 -15.6522 -0.779096 -9.8844 12.4959 -5.96354e-16 -5.59082e-16 -1.27471e-14 
15.184 92.4383 119.664 12.9807 2.15291 8.35185 0 5.07867 -1.15138 -2.41154 -1.01367 0.135455 0 5.61661 1.07143 -1.92272 -0.442688 -0.225643 -1.02604e-17 5.98978 0.11501 -1.40808 0.490701 -0.186206 -1.10457e-17 6.50583 -0.443523 -0.879965 1.64445 -0.170264 -1.97295e-17 7.60548 -1.50593 -0.309235 2.6969 -0.0486953 -2.53307e-17 9.49737 -0.914492 0.360871 2.93166 -0.229105 -2.90401e-17 10.5513 1.57691 -0.0154729 0.753714 0.0903571 -1.29193e-17 4.78644 0.715339 -0.897619 -3.02144 -5.67429 -1.8116e-17 4.82109 0.421791 0.457064 -2.57917 -2.92765 -2.00958e-17 4.83041 0.765062 -0.822517 1.47002 -2.22829 1.23299 -7.60731 7.53374 -1.30204 1.78101 -0.370639 12.9547 3.2495 -3.26872 -74.5439 33.316 -4.96767 29.2081 0.0598081 0.137039 11.4571 -8.33298 -72.5652 24.234 0.0496219 0.113701 2.39161 -6.91834 -2.831 -1.23299 -7.60729 7.53365 -3.11867 0.666861 2.44843 -12.9547 3.2495 -3.26872 73.5616 10.7395 -0.015246 -29.2081 0.0598081 0.137039 -11.6204 -8.8827 75.3025 -24.234 0.0496218 0.113702 0.371149 -1.66894 5.01573 9.23673 -4.20556 2.0327 -17.2713 -13.3019 -33.7457 -0.852353 -38.7721 -0.655187 0.0470158 -0.175419 0.00313395 -2.32622 -40.4017 -6.04875 -7.96975 19.6917 16.1214 0.779096 -9.8844 12.4959 -8.09781e-15 -1.1456e-15 3.62882e-16 -9.23673 -4.20556 2.0327 -8.91639 -7.44748 28.2377 0.852353 -38.7721 -0.655187 7.34927 25.8788 -1.22986 2.32622 -40.4017 -6.04875 -3.37557 -9.30655 -15.6436 -0.779096 -9.8844 12.4959 -5.96354e-16 -5.59082e-16 -1.27471e-14 
15.6058 92.3111 120.624 13.0534 1.89875 7.84867 0 5.07867 -1.15138 -2.4674 -1.08171 0.147816 0 5.61661 1.07143 -1.97948 -0.491991 -0.222441 -1.02604e-17 5.98978 0.11501 -1.45886 0.467999 -0.188922 -1.10457e-17 6.50583 -0.443523 -0.920407 1.6708 -0.175551 -1.97295e-17 7.60548 -1.50593 -0.339096 2.75079 -0.0494484 -2.53307e-17 9.49737 -0.914492 0.342437 3.00758 -0.222471 -2.90401e-17 10.5513 1.57691 -0.0271855 0.75669 0.0915322 -1.29193e-17 4.78644 0.715339 -0.865839 -2.73448 -5.43793 -1.8116e-17 4.82109 0.421791 0.374334 -2.60052 -2.82444 -2.00958e-17 4.83041 0.765062 -0.810732 1.51425 -2.24595 1.23299 -7.60731 7.53374 -1.04602 1.65584 -0.291154 12.9547 3.2495 -3.26872 -74.8904 33.2328 -5.09336 29.2081 0.0598081 0.137039 11.5389 -8.59648 -73.882 24.234 0.0496219 0.113701 2.37157 -6.09591 -2.80061 -1.23299 -7.60729 7.53365 -3.28027 0.587692 2.35652 -12.9547 3.2495 -3.26872 74.0089 11.0808 -0.114276 -29.2081 0.0598081 0.137039 -11.6288 -8.91385 75.4566 -24.234 0.0496218 0.113702 0.410589 -1.61905 4.94687 9.23673 -4.20556 2.0327 -17.2747 -12.5023 -33.3619 -0.852353 -38.7721 -0.655187 0.0733155 -0.273528 0.00494951 -2.32622 -40.4017 -6.04875 -7.20154 18.3 15.8776 0.779096 -9.8844 12.4959 -3.28361e-15 -9.37338e-16 1.54623e-16 -9.23673 -4.20556 2.0327 -8.82869 -7.99372 28.346 0.852353 -38.7721 -0.655187 8.04627 27.9941 -1.50849 2.32622 -40.4017 -6.04875 -2.77967 -8.57132 -15.6307 -0.779096 -9.8844 12.4959 -5.96354e-16 -5.59082e-16 -1.27471e-14 
16.0312 92.1787 121.644 13.1806 1.73532 7.39169 0 5.07867 -1.15138 -2.53408 -1.17378 0.162887 0 5.61661 1.07143 -2.04648 -0.56461 -0.218678 -1.02604e-17 5.98978 0.11501 -1.5174 0.422103 -0.191131 -1.10457e-17 6.50583 -0.443523 -0.965642 1.67605 -0.180497 -1.97295e-17 7.60548 -1.50593 -0.370671 2.79028 -0.0490265 -2.53307e-17 9.49737 -0.914492 0.326189 3.06848 -0.215698 -2.90401e-17 10.5513 1.57691 -0.0378961 0.760983 0.0923037 -1.29193e-17 4.78644 0.715339 -0.828956 -2.43336 -5.19051 -1.8116e-17 4.82109 0.421791 0.306101 -2.58515 -2.71666 -2.00958e-17 4.83041 0.765062 -0.838317 1.52298 -2.33006 1.23299 -7.60731 7.53374 -0.761505 1.53414 -0.188132 12.9547 3.2495 -3.26872 -75.2658 33.1394 -5.17462 29.2081 0.0598081 0.137039 11.6083 -8.83838 -75.0835 24.234 0.0496219 0.113701 2.33757 -5.30041 -2.87009 -1.23299 -7.60729 7.53365 -3.4496 0.511668 2.26595 -12.9547 3.2495 -3.26872 74.5068 11.2833 -0.235676 -29.2081 0.0598081 0.137039 -11.6351 -8.93747 75.5734 -24.234 0.0496218 0.113702 0.457287 -1.59011 4.89163 9.23673 -4.20556 2.0327 -17.3801 -11.7757 -33.0456 -0.852353 -38.7721 -0.655187 0.0998688 -0.372569 0.00682804 -2.32622 -40.4017 -6.04875 -6.44736 17.0046 15.6574 0.779096 -9.8844 12.4959 -3.15571e-15 -9.31803e-16 1.49089e-16 -9.23673 -4.20556 2.0327 -8.83551 -8.58728 28.3362 0.852353 -38.7721 -0.655187 8.75825 30.0738 -1.81749 2.32622 -40.4017 -6.04875 -2.1452 -7.68316 -15.6162 -0.779096 -9.8844 12.4959 -5.96354e-16 -5.59082e-16 -1.27471e-14 
16.4413 92.028 122.713 13.3599 1.63335 6.93694 0 5.07867 -1.15138 -2.63414 -1.31078 0.186397 0 5.61661 1.07143 -2.14597 -0.677302 -0.209586 -1.02604e-17 5.98978 0.11501 -1.60169 0.343914 -0.187578 -1.10457e-17 6.50583 -0.443523 -1.02935 1.66325 -0.179681 -1.97295e-17 7.60548 -1.50593 -0.411325 2.82488 -0.0401691 -2.53307e-17 9.49737 -0.914492 0.311942 3.12784 -0.200806 -2.90401e-17 10.5513 1.57691 -0.0471504 0.763073 0.092195 -1.29193e-17 4.78644 0.715339 -0.795763 -2.11279 -4.97027 -1.8116e-17 4.82109 0.421791 0.265226 -2.51911 -2.62235 -2.00958e-17 4.83041 0.765062 -0.843052 1.5618 -2.39487 1.23299 -7.60731 7.53374 -0.424243 1.40743 -0.0712264 12.9547 3.2495 -3.26872 -75.6274 32.9934 -5.23831 29.2081 0.0598081 0.137039 11.6674 -9.06151 -76.1862 24.234 0.0496219 0.113701 2.27764 -4.54534 -2.90276 -1.23299 -7.60729 7.53365 -3.63593 0.432733 2.16485 -12.9547 3.2495 -3.26872 75.1374 11.3686 -0.416622 -29.2081 0.0598081 0.137039 -11.6421 -8.96399 75.7044 -24.234 0.0496218 0.113702 0.539934 -1.53339 4.80517 9.23673 -4.20556 2.0327 -17.5672 -11.1028 -32.686 -0.852353 -38.7721 -0.655187 0.121361 -0.452723 0.00838198 -2.32622 -40.4017 -6.04875 -5.63997 15.7121 15.4395 0.779096 -9.8844 12.4959 -1.6048e-15 -8.71221e-16 8.85064e-17 -9.23673 -4.20556 2.0327 -8.91677 -9.22905 28.3069 0.852353 -38.7721 -0.655187 9.49272 32.132 -2.16067 2.32622 -40.4017 -6.04875 -1.40234 -6.70191 -15.6028 -0.779096 -9.8844 12.4959 -5.96354e-16 -5.59082e-16 -1.27471e-14 
16.8508 91.8874 123.793 13.637 1.44183 6.61686 0 5.07867 -1.15138 -2.7763 -1.40834 0.212955 0 5.61661 1.07143 -2.28521 -0.764839 -0.201635 -1.02604e-17 5.98978 0.11501 -1.71866 0.279285 -0.185872 -1.10457e-17 6.50583 -0.443523 -1.11754 1.64436 -0.180745 -1.97295e-17 7.60548 -1.50593 -0.467527 2.84371 -0.0297785 -2.53307e-17 9.49737 -0.914492 0.292245 3.16748 -0.18342 -2.90401e-17 10.5513 1.57691 -0.0560386 0.769451 0.0923041 -1.29193e-17 4.78644 0.715339 -0.776595 -1.76006 -4.80188 -1.8116e-17 4.82109 0.421791 0.214446 -2.47032 -2.55554 -2.00958e-17 4.83041 0.765062 -0.749937 1.68047 -2.49322 1.23299 -7.60731 7.53374 -0.0624207 1.29261 0.0339453 12.9547 3.2495 -3.26872 -75.9158 32.8589 -5.42677 29.2081 0.0598081 0.137039 11.7125 -9.24489 -77.0888 24.234 0.0496219 0.113701 2.21249 -3.73274 -2.88297 -1.23299 -7.60729 7.53365 -3.83467 0.353815 2.08239 -12.9547 3.2495 -3.26872 75.8496 11.3022 -0.654035 -29.2081 0.0598081 0.137039 -11.6462 -8.9794 75.7806 -24.234 0.0496218 0.113702 0.604795 -1.44006 4.7147 9.23673 -4.20556 2.0327 -17.9026 -10.3639 -32.3832 -0.852353 -38.7721 -0.655187 0.133389 -0.497574 0.00926463 -2.32622 -40.4017 -6.04875 -4.94044 14.6537 15.2646 0.779096 -9.8844 12.4959 1.9241e-15 -7.12169e-16 -7.05452e-17 -9.23673 -4.20556 2.0327 -9.16227 -9.73528 28.0882 0.852353 -38.7721 -0.655187 10.2274 34.1021 -2.52732 2.32622 -40.4017 -6.04875 -0.535188 -5.519 -15.5844 -0.779096 -9.8844 12.4959 -5.96354e-16 -5.59082e-16 -1.27471e-14 
17.2788 91.7598 124.863 13.9108 1.25799 6.48753 0 5.07867 -1.15138 -2.91485 -1.49529 0.227199 0 5.61661 1.07143 -2.41879 -0.842952 -0.20486 -1.02604e-17 5.98978 0.11501 -1.83049 0.22948 -0.195873 -1.10457e-17 6.50583 -0.443523 -1.19915 1.653 -0.193148 -1.97295e-17 7.60548 -1.50593 -0.520426 2.8917 -0.0314191 -2.53307e-17 9.49737 -0.914492 0.272542 3.24208 -0.179231 -2.90401e-17 10.5513 1.57691 -0.0634754 0.774453 0.0917351 -1.29193e-17 4.78644 0.715339 -0.742271 -1.27739 -4.64921 -1.8116e-17 4.82109 0.421791 0.179058 -2.50769 -2.4975 -2.00958e-17 4.83041 0.765062 -0.655881 1.64228 -2.67358 1.23299 -7.60731 7.53374 0.328149 1.14711 0.170696 12.9547 3.2495 -3.26872 -76.2104 32.7892 -5.78462 29.2081 0.0598081 0.137039 11.746 -9.38984 -77.8001 24.234 0.0496219 0.113701 2.20133 -2.79219 -2.89215 -1.23299 -7.60729 7.53365 -4.07425 0.229937 1.99809 -12.9547 3.2495 -3.26872 76.5366 11.09 -0.859897 -29.2081 0.0598081 0.137039 -11.6476 -8.9847 75.8067 -24.234 0.0496218 0.113702 0.645066 -1.30636 4.67663 9.23673 -4.20556 2.0327 -18.3152 -9.65212 -32.2789 -0.852353 -38.7721 -0.655187 0.133693 -0.498708 0.00928707 -2.32622 -40.4017 -6.04875 -4.32896 13.7684 15.1264 0.779096 -9.8844 12.4959 -2.64001e-15 -9.1415e-16 1.31435e-16 -9.23673 -4.20556 2.0327 -9.51963 -10.1785 27.5756 0.852353 -38.7721 -0.655187 10.9399 35.9288 -2.90389 2.32622 -40.4017 -6.04875 0.379898 -4.10901 -15.5675 -0.779096 -9.8844 12.4959 -9.8408e-16 -5.46965e-16 -1.27228e-14 
17.6928 91.6231 125.862 14.1139 1.15051 6.46542 0 5.07867 -1.15138 -3.01901 -1.55559 0.225854 0 5.61661 1.07143 -2.51857 -0.902435 -0.219216 -1.02604e-17 5.98978 0.11501 -1.91462 0.19223 -0.216819 -1.10457e-17 6.50583 -0.443523 -1.25797 1.66784 -0.216033 -1.97295e-17 7.60548 -1.50593 -0.560458 2.93929 -0.0467276 -2.53307e-17 9.49737 -0.914492 0.254766 3.31452 -0.190382 -2.90401e-17 10.5513 1.57691 -0.0695147 0.779362 0.0907934 -1.29193e-17 4.78644 0.715339 -0.690819 -0.728885 -4.4966 -1.8116e-17 4.82109 0.421791 0.168973 -2.60721 -2.43752 -2.00958e-17 4.83041 0.765062 -0.613499 1.42025 -2.89824 1.23299 -7.60731 7.53374 0.703654 0.99618 0.308607 12.9547 3.2495 -3.26872 -76.492 32.6985 -6.22955 29.2081 0.0598081 0.137039 11.7736 -9.51602 -78.4179 24.234 0.0496219 0.113701 2.23739 -1.84226 -2.96149 -1.23299 -7.60729 7.53365 -4.35864 0.0877691 1.91845 -12.9547 3.2495 -3.26872 77.1489 10.8191 -1.0046 -29.2081 0.0598081 0.137039 -11.6516 -8.99993 75.8819 -24.234 0.0496218 0.113702 0.689692 -1.19852 4.64917 9.23673 -4.20556 2.0327 -18.7061 -9.03914 -32.3332 -0.852353 -38.7721 -0.655187 0.124207 -0.463334 0.00858995 -2.32622 -40.4017 -6.04875 -3.66532 12.8851 14.9915 0.779096 -9.8844 12.4959 -3.53359e-15 -9.55728e-16 1.60897e-16 -9.23673 -4.20556 2.0327 -9.8822 -10.7592 26.8581 0.852353 -38.7721 -0.655187 11.6744 37.7265 -3.31231 2.32622 -40.4017 -6.04875 1.32279 -2.48209 -15.5575 -0.779096 -9.8844 12.4959 -1.38165e-15 -5.34541e-16 -1.27101e-14 
18.05 91.471 126.763 14.2154 1.06474 6.43363 0 5.07867 -1.15138 -3.0772 -1.53773 0.218262 0 5.61661 1.07143 -2.57641 -0.909448 -0.233982 -1.02604e-17 5.98978 0.11501 -1.96588 0.173713 -0.237373 -1.10457e-17 6.50583 -0.443523 -1.29329 1.6451 -0.23796 -1.97295e-17 7.60548 -1.50593 -0.587429 2.92101 -0.0646841 -2.53307e-17 9.49737 -0.914492 0.238685 3.30264 -0.205225 -2.90401e-17 10.5513 1.57691 -0.0755181 0.791793 0.0920884 -1.29193e-17 4.78644 0.715339 -0.637911 -0.205874 -4.34002 -1.8116e-17 4.82109 0.421791 0.171269 -2.69141 -2.37205 -2.00958e-17 4.83041 0.765062 -0.612742 1.1343 -3.11904 1.23299 -7.60731 7.53374 1.04498 0.897299 0.405263 12.9547 3.2495 -3.26872 -76.7628 32.4838 -6.60422 29.2081 0.0598081 0.137039 11.7999 -9.64235 -79.0351 24.234 0.0496219 0.113701 2.24953 -1.02933 -3.06724 -1.23299 -7.60729 7.53365 -4.62828 -0.00377922 1.87517 -12.9547 3.2495 -3.26872 77.6641 10.5753 -1.12263 -29.2081 0.0598081 0.137039 -11.6572 -9.02171 75.9894 -24.234 0.0496218 0.113702 0.748836 -1.18493 4.63206 9.23673 -4.20556 2.0327 -18.9782 -8.48922 -32.4319 -0.852353 -38.7721 -0.655187 0.104551 -0.390032 0.00716405 -2.32622 -40.4017 -6.04875 -2.93305 11.885 14.8661 0.779096 -9.8844 12.4959 2.65033e-15 -6.77973e-16 -1.05049e-16 -9.23673 -4.20556 2.0327 -10.1982 -11.4915 25.9754 0.852353 -38.7721 -0.655187 12.439 39.5083 -3.75791 2.32622 -40.4017 -6.04875 2.27578 -0.654943 -15.5526 -0.779096 -9.8844 12.4959 1.5941e-16 -5.94816e-16 -1.27704e-14 
18.3474 91.2945 127.596 14.1945 0.9766 6.32542 0 5.07867 -1.15138 -3.07852 -1.47861 0.209315 0 5.61661 1.07143 -2.58324 -0.888247 -0.242434 -1.02604e-17 5.98978 0.11501 -1.9773 0.163025 -0.250491 -1.10457e-17 6.50583 -0.443523 -1.30112 1.59572 -0.251815 -1.97295e-17 7.60548 -1.50593 -0.598447 2.85757 -0.0787277 -2.53307e-17 9.49737 -0.914492 0.226044 3.23261 -0.217063 -2.90401e-17 10.5513 1.57691 -0.0817046 0.808105 0.0961555 -1.29193e-17 4.78644 0.715339 -0.591472 0.250454 -4.18087 -1.8116e-17 4.82109 0.421791 0.16349 -2.73309 -2.30236 -2.00958e-17 4.83041 0.765062 -0.65138 0.854827 -3.30754 1.23299 -7.60731 7.53374 1.35435 0.838919 0.468143 12.9547 3.2495 -3.26872 -77.0389 32.1643 -6.85285 29.2081 0.0598081 0.137039 11.8268 -9.78 -79.7064 24.234 0.0496219 0.113701 2.22594 -0.453283 -3.14626 -1.23299 -7.60729 7.53365 -4.84506 -0.0476317 1.87101 -12.9547 3.2495 -3.26872 78.0334 10.4106 -1.16666 -29.2081 0.0598081 0.137039 -11.6623 -9.04137 76.0864 -24.234 0.0496218 0.113702 0.816814 -1.25567 4.59925 9.23673 -4.20556 2.0327 -19.0914 -8.02105 -32.4878 -0.852353 -38.7721 -0.655187 0.0607113 -0.226511 0.00407381 -2.32622 -40.4017 -6.04875 -2.12516 10.6623 14.7616 0.779096 -9.8844 12.4959 8.69205e-16 -7.55713e-16 -2.70014e-17 -9.23673 -4.20556 2.0327 -10.4737 -12.2968 24.9148 0.852353 -38.7721 -0.655187 13.2048 41.2038 -4.22359 2.32622 -40.4017 -6.04875 3.17559 1.22094 -15.5546 -0.779096 -9.8844 12.4959 1.98785e-16 -5.96354e-16 -1.27719e-14 
18.5955 91.0868 128.366 14.1313 0.899691 6.14758 0 5.07867 -1.15138 -3.0453 -1.39612 0.20154 0 5.61661 1.07143 -2.55841 -0.850773 -0.245933 -1.02604e-17 5.98978 0.11501 -1.96355 0.153527 -0.257552 -1.10457e-17 6.50583 -0.443523 -1.29217 1.51902 -0.259407 -1.97295e-17 7.60548 -1.50593 -0.599272 2.75468 -0.0890204 -2.53307e-17 9.49737 -0.914492 0.215879 3.11121 -0.225838 -2.90401e-17 10.5513 1.57691 -0.0884359 0.829197 0.101845 -1.29193e-17 4.78644 0.715339 -0.550482 0.629721 -4.01302 -1.8116e-17 4.82109 0.421791 0.128382 -2.72191 -2.22672 -2.00958e-17 4.83041 0.765062 -0.73763 0.635586 -3.46812 1.23299 -7.60731 7.53374 1.63014 0.816607 0.505073 12.9547 3.2495 -3.26872 -77.2961 31.7934 -7.00113 29.2081 0.0598081 0.137039 11.8516 -9.91472 -80.3622 24.234 0.0496219 0.113701 2.21166 -0.0855684 -3.20513 -1.23299 -7.60729 7.53365 -5.02962 -0.0499007 1.88331 -12.9547 3.2495 -3.26872 78.31 10.3484 -1.12636 -29.2081 0.0598081 0.137039 -11.664 -9.04816 76.1199 -24.234 0.0496218 0.113702 0.855328 -1.38919 4.55731 9.23673 -4.20556 2.0327 -19.1273 -7.56096 -32.4808 -0.852353 -38.7721 -0.655187 0.0220265 -0.0821873 0.00145039 -2.32622 -40.4017 -6.04875 -1.23412 9.28399 14.6767 0.779096 -9.8844 12.4959 8.19987e-16 -7.57867e-16 -2.48481e-17 -9.23673 -4.20556 2.0327 -10.7474 -13.0902 23.8687 0.852353 -38.7721 -0.655187 13.9527 42.7769 -4.69583 2.32622 -40.4017 -6.04875 4.00086 2.91582 -15.571 -0.779096 -9.8844 12.4959 -1.88941e-16 -5.84238e-16 -1.27598e-14 
18.8187 90.8625 129.101 14.0768 0.8182 5.95363 0 5.07867 -1.15138 -3.02339 -1.28535 0.191461 0 5.61661 1.07143 -2.54442 -0.797578 -0.250265 -1.02604e-17 5.98978 0.11501 -1.95793 0.152427 -0.264405 -1.10457e-17 6.50583 -0.443523 -1.28776 1.43736 -0.265618 -1.97295e-17 7.60548 -1.50593 -0.601544 2.63926 -0.0969138 -2.53307e-17 9.49737 -0.914492 0.208492 2.97823 -0.23461 -2.90401e-17 10.5513 1.57691 -0.0942848 0.851605 0.109029 -1.29193e-17 4.78644 0.715339 -0.517387 1.00861 -3.87196 -1.8116e-17 4.82109 0.421791 0.0948776 -2.72556 -2.16474 -2.00958e-17 4.83041 0.765062 -0.772828 0.425165 -3.56599 1.23299 -7.60731 7.53374 1.88659 0.808495 0.524864 12.9547 3.2495 -3.26872 -77.4686 31.3481 -7.12244 29.2081 0.0598081 0.137039 11.872 -10.0332 -80.9379 24.234 0.0496219 0.113701 2.2173 0.233626 -3.25882 -1.23299 -7.60729 7.53365 -5.13583 -0.0490728 1.948 -12.9547 3.2495 -3.26872 78.5725 10.2287 -1.06769 -29.2081 0.0598081 0.137039 -11.665 -9.05197 76.1387 -24.234 0.0496218 0.113702 0.923997 -1.54205 4.56218 9.23673 -4.20556 2.0327 -19.1617 -7.09856 -32.4508 -0.852353 -38.7721 -0.655187 -0.0166803 0.0622444 -0.00107742 -2.32622 -40.4017 -6.04875 -0.352217 7.86542 14.6269 0.779096 -9.8844 12.4959 4.45356e-17 -7.94216e-16 1.15012e-17 -9.23673 -4.20556 2.0327 -11.2646 -13.8307 22.4314 0.852353 -38.7721 -0.655187 14.6847 44.2407 -5.17361 2.32622 -40.4017 -6.04875 4.81991 4.45467 -15.5887 -0.779096 -9.8844 12.4959 -5.8651e-16 -5.59697e-16 -1.27474e-14 
19.0381 90.6495 129.793 14.0207 0.632291 5.72543 0 5.07867 -1.15138 -3.00668 -1.14864 0.19311 0 5.61661 1.07143 -2.53515 -0.720855 -0.241226 -1.02604e-17 5.98978 0.11501 -1.956 0.177427 -0.256845 -1.10457e-17 6.50583 -0.443523 -1.28678 1.3821 -0.256425 -1.97295e-17 7.60548 -1.50593 -0.603733 2.54179 -0.0891238 -2.53307e-17 9.49737 -0.914492 0.207576 2.86659 -0.229923 -2.90401e-17 10.5513 1.57691 -0.0982057 0.875803 0.116791 -1.29193e-17 4.78644 0.715339 -0.475173 1.4302 -3.70122 -1.8116e-17 4.82109 0.421791 0.0983661 -2.76378 -2.0877 -2.00958e-17 4.83041 0.765062 -0.816107 0.174229 -3.728 1.23299 -7.60731 7.53374 2.10394 0.794633 0.524004 12.9547 3.2495 -3.26872 -77.5159 30.8671 -7.30515 29.2081 0.0598081 0.137039 11.8864 -10.1209 -81.3636 24.234 0.0496219 0.113701 2.2209 0.563478 -3.27004 -1.23299 -7.60729 7.53365 -5.16992 -0.0603584 2.03444 -12.9547 3.2495 -3.26872 78.7464 10.0996 -0.947335 -29.2081 0.0598081 0.137039 -11.6637 -9.04694 76.1139 -24.234 0.0496218 0.113702 0.953379 -1.71297 4.56103 9.23673 -4.20556 2.0327 -19.1554 -6.51834 -32.4207 -0.852353 -38.7721 -0.655187 -0.0344861 0.128694 -0.00220763 -2.32622 -40.4017 -6.04875 0.457611 6.54119 14.6054 0.779096 -9.8844 12.4959 2.48481e-17 -7.95139e-16 1.2424e-17 -9.23673 -4.20556 2.0327 -12.0473 -14.3777 20.56 0.852353 -38.7721 -0.655187 15.3585 45.5244 -5.62604 2.32622 -40.4017 -6.04875 5.55148 5.89801 -15.5981 -0.779096 -9.8844 12.4959 5.66823e-16 -6.19664e-16 -1.27955e-14 
19.2869 90.4422 130.482 13.9747 0.408181 5.54435 0 5.07867 -1.15138 -2.99544 -1.0339 0.198457 0 5.61661 1.07143 -2.52908 -0.65368 -0.228026 -1.02604e-17 5.98978 0.11501 -1.95559 0.209609 -0.244675 -1.10457e-17 6.50583 -0.443523 -1.28615 1.36058 -0.242096 -1.97295e-17 7.60548 -1.50593 -0.603887 2.48619 -0.0760454 -2.53307e-17 9.49737 -0.914492 0.212157 2.80461 -0.221396 -2.90401e-17 10.5513 1.57691 -0.0998007 0.896926 0.123169 -1.29193e-17 4.78644 0.715339 -0.42986 1.89934 -3.6124 -1.8116e-17 4.82109 0.421791 0.117244 -2.83021 -2.04841 -2.00958e-17 4.83041 0.765062 -0.87178 -0.158403 -3.80872 1.23299 -7.60731 7.53374 2.30612 0.750708 0.542294 12.9547 3.2495 -3.26872 -77.5024 30.4623 -7.51057 29.2081 0.0598081 0.137039 11.8952 -10.1771 -81.6363 24.234 0.0496219 0.113701 2.24126 0.901294 -3.23435 -1.23299 -7.60729 7.53365 -5.21416 -0.107623 2.09464 -12.9547 3.2495 -3.26872 78.8961 9.96629 -0.812244 -29.2081 0.0598081 0.137039 -11.6602 -9.03357 76.0479 -24.234 0.0496218 0.113702 0.954522 -1.83629 4.5648 9.23673 -4.20556 2.0327 -19.1688 -5.88851 -32.4036 -0.852353 -38.7721 -0.655187 -0.0422512 0.157674 -0.00269407 -2.32622 -40.4017 -6.04875 1.19322 5.39185 14.5984 0.779096 -9.8844 12.4959 -3.62878e-16 -8.07255e-16 2.45405e-17 -9.23673 -4.20556 2.0327 -12.8848 -14.9973 18.4596 0.852353 -38.7721 -0.655187 16.3881 47.3739 -6.33891 2.32622 -40.4017 -6.04875 6.07304 6.71626 -15.5541 -0.779096 -9.8844 12.4959 -4.44408e-15 -4.03106e-16 -1.25787e-14 
19.5837 90.2453 131.153 13.9625 0.249464 5.4087 0 5.07867 -1.15138 -2.99295 -0.944633 0.209133 0 5.61661 1.07143 -2.53109 -0.602921 -0.211714 -1.02604e-17 5.98978 0.11501 -1.96135 0.22891 -0.229003 -1.10457e-17 6.50583 -0.443523 -1.29144 1.3303 -0.224505 -1.97295e-17 7.60548 -1.50593 -0.607091 2.42825 -0.0588054 -2.53307e-17 9.49737 -0.914492 0.216727 2.73685 -0.208026 -2.90401e-17 10.5513 1.57691 -0.0999145 0.916533 0.1285 -1.29193e-17 4.78644 0.715339 -0.388461 2.31544 -3.53317 -1.8116e-17 4.82109 0.421791 0.139497 -2.8569 -2.01312 -2.00958e-17 4.83041 0.765062 -0.951016 -0.448091 -3.91573 1.23299 -7.60731 7.53374 2.51337 0.71489 0.574075 12.9547 3.2495 -3.26872 -77.495 30.1513 -7.63865 29.2081 0.0598081 0.137039 11.9004 -10.2113 -81.802 24.234 0.0496219 0.113701 2.25011 1.18698 -3.15314 -1.23299 -7.60729 7.53365 -5.27842 -0.143483 2.12088 -12.9547 3.2495 -3.26872 79.0934 9.84134 -0.758726 -29.2081 0.0598081 0.137039 -11.6596 -9.03098 76.0351 -24.234 0.0496218 0.113702 0.932814 -1.8667 4.5477 9.23673 -4.20556 2.0327 -19.2561 -5.34897 -32.3948 -0.852353 -38.7721 -0.655187 -0.0506958 0.189192 -0.00321863 -2.32622 -40.4017 -6.04875 1.79057 4.56168 14.5898 0.779096 -9.8844 12.4959 1.17818e-15 -7.46981e-16 -3.5734e-17 -9.23673 -4.20556 2.0327 -13.4962 -16.2984 16.5076 0.852353 -38.7721 -0.655187 18.4865 50.7601 -7.86339 2.32622 -40.4017 -6.04875 6.21099 6.44807 -15.4213 -0.779096 -9.8844 12.4959 4.68385e-16 -6.15665e-16 -1.27912e-14 
19.9284 90.1063 131.757 13.9743 0.167357 5.31819 0 5.07867 -1.15138 -3.00655 -0.892783 0.221887 0 5.61661 1.07143 -2.54743 -0.576525 -0.196959 -1.02604e-17 5.98978 0.11501 -1.97772 0.234626 -0.214895 -1.10457e-17 6.50583 -0.443523 -1.30492 1.30361 -0.209213 -1.97295e-17 7.60548 -1.50593 -0.615032 2.38527 -0.0425289 -2.53307e-17 9.49737 -0.914492 0.21929 2.68516 -0.193944 -2.90401e-17 10.5513 1.57691 -0.0990234 0.930335 0.132331 -1.29193e-17 4.78644 0.715339 -0.357966 2.65539 -3.49547 -1.8116e-17 4.82109 0.421791 0.166272 -2.87656 -1.99763 -2.00958e-17 4.83041 0.765062 -1.00812 -0.669463 -3.97653 1.23299 -7.60731 7.53374 2.7318 0.673572 0.619173 12.9547 3.2495 -3.26872 -77.5049 29.923 -7.7427 29.2081 0.0598081 0.137039 11.9019 -10.2208 -81.8481 24.234 0.0496219 0.113701 2.2458 1.377 -3.0356 -1.23299 -7.60729 7.53365 -5.37268 -0.179938 2.11385 -12.9547 3.2495 -3.26872 79.3865 9.69578 -0.744537 -29.2081 0.0598081 0.137039 -11.6601 -9.03314 76.0458 -24.234 0.0496218 0.113702 0.929268 -1.82292 4.52028 9.23673 -4.20556 2.0327 -19.3874 -4.90927 -32.3715 -0.852353 -38.7721 -0.655187 -0.0596514 0.222617 -0.00376989 -2.32622 -40.4017 -6.04875 2.27969 3.90543 14.5821 0.779096 -9.8844 12.4959 4.42105e-16 -7.81792e-16 -9.2285e-19 -9.23673 -4.20556 2.0327 -14.0431 -17.6224 15.0239 0.852353 -38.7721 -0.655187 20.6059 53.7205 -9.48503 2.32622 -40.4017 -6.04875 6.23683 6.09931 -15.3278 -0.779096 -9.8844 12.4959 2.08628e-16 -5.96969e-16 -1.27725e-14 
20.247 90.0141 132.288 13.9494 0.0837382 5.20222 0 5.07867 -1.15138 -3.00801 -0.844202 0.233657 0 5.61661 1.07143 -2.55199 -0.546135 -0.181183 -1.02604e-17 5.98978 0.11501 -1.98409 0.251554 -0.19871 -1.10457e-17 6.50583 -0.443523 -1.31173 1.29657 -0.191658 -1.97295e-17 7.60548 -1.50593 -0.619459 2.36232 -0.024806 -2.53307e-17 9.49737 -0.914492 0.221367 2.65422 -0.17768 -2.90401e-17 10.5513 1.57691 -0.0976152 0.937209 0.135478 -1.29193e-17 4.78644 0.715339 -0.334647 2.93482 -3.44799 -1.8116e-17 4.82109 0.421791 0.189899 -2.91955 -1.97631 -2.00958e-17 4.83041 0.765062 -1.05528 -0.857468 -4.02334 1.23299 -7.60731 7.53374 2.92136 0.622923 0.655608 12.9547 3.2495 -3.26872 -77.5237 29.6758 -7.87529 29.2081 0.0598081 0.137039 11.8974 -10.1911 -81.7044 24.234 0.0496219 0.113701 2.22091 1.38348 -2.96776 -1.23299 -7.60729 7.53365 -5.43827 -0.218561 2.10389 -12.9547 3.2495 -3.26872 79.6892 9.5108 -0.670217 -29.2081 0.0598081 0.137039 -11.6596 -9.03094 76.0349 -24.234 0.0496218 0.113702 0.955109 -1.67758 4.50787 9.23673 -4.20556 2.0327 -19.4557 -4.5149 -32.2985 -0.852353 -38.7721 -0.655187 -0.0658332 0.245691 -0.00414736 -2.32622 -40.4017 -6.04875 2.66753 3.31548 14.5849 0.779096 -9.8844 12.4959 4.22417e-16 -7.82715e-16 2.88531e-33 -9.23673 -4.20556 2.0327 -14.561 -18.6266 13.9216 0.852353 -38.7721 -0.655187 22.0657 55.5277 -10.6419 2.32622 -40.4017 -6.04875 6.19106 5.91493 -15.2894 -0.779096 -9.8844 12.4959 -1.88936e-16 -5.84238e-16 -1.27598e-14 
20.4847 89.953 132.765 13.8927 -0.0731686 5.07345 0 5.07867 -1.15138 -2.99092 -0.792413 0.246858 0 5.61661 1.07143 -2.53868 -0.504133 -0.162074 -1.02604e-17 5.98978 0.11501 -1.97608 0.287444 -0.178666 -1.10457e-17 6.50583 -0.443523 -1.30953 1.31708 -0.170342 -1.97295e-17 7.60548 -1.50593 -0.619634 2.3645 -0.0047589 -2.53307e-17 9.49737 -0.914492 0.222123 2.64807 -0.157944 -2.90401e-17 10.5513 1.57691 -0.0959458 0.939348 0.137815 -1.29193e-17 4.78644 0.715339 -0.312217 3.19499 -3.40817 -1.8116e-17 4.82109 0.421791 0.204511 -2.97139 -1.95735 -2.00958e-17 4.83041 0.765062 -1.08612 -1.04714 -4.05288 1.23299 -7.60731 7.53374 3.05813 0.56352 0.678715 12.9547 3.2495 -3.26872 -77.5215 29.4387 -8.04389 29.2081 0.0598081 0.137039 11.8872 -10.1261 -81.3891 24.234 0.0496219 0.113701 2.16741 1.1927 -2.93674 -1.23299 -7.60729 7.53365 -5.49509 -0.25981 2.07246 -12.9547 3.2495 -3.26872 79.9554 9.3934 -0.52329 -29.2081 0.0598081 0.137039 -11.6561 -9.01767 75.9695 -24.234 0.0496218 0.113702 0.951807 -1.47897 4.49186 9.23673 -4.20556 2.0327 -19.4481 -4.10277 -32.1854 -0.852353 -38.7721 -0.655187 -0.0735648 0.27455 -0.00461599 -2.32622 -40.4017 -6.04875 2.95721 2.83671 14.5878 0.779096 -9.8844 12.4959 -3.53024e-16 -8.06947e-16 2.42326e-17 -9.23673 -4.20556 2.0327 -14.9386 -19.2883 13.1905 0.852353 -38.7721 -0.655187 22.7874 56.3587 -11.2242 2.32622 -40.4017 -6.04875 5.96078 5.68741 -15.284 -0.779096 -9.8844 12.4959 -1.98785e-16 -5.8393e-16 -1.27595e-14 
20.6372 89.9159 133.228 13.7828 -0.238286 4.92047 0 5.07867 -1.15138 -2.96049 -0.743866 0.254948 0 5.61661 1.07143 -2.51185 -0.46301 -0.144468 -1.02604e-17 5.98978 0.11501 -1.95613 0.327016 -0.158891 -1.10457e-17 6.50583 -0.443523 -1.29735 1.34571 -0.148351 -1.97295e-17 7.60548 -1.50593 -0.612657 2.37638 0.0149897 -2.53307e-17 9.49737 -0.914492 0.226758 2.65565 -0.139765 -2.90401e-17 10.5513 1.57691 -0.0941957 0.937045 0.140269 -1.29193e-17 4.78644 0.715339 -0.292248 3.43598 -3.4144 -1.8116e-17 4.82109 0.421791 0.217019 -3.01821 -1.95844 -2.00958e-17 4.83041 0.765062 -1.08306 -1.2505 -3.99264 1.23299 -7.60731 7.53374 3.15966 0.504621 0.707012 12.9547 3.2495 -3.26872 -77.5561 29.2113 -8.09894 29.2081 0.0598081 0.137039 11.8764 -10.0595 -81.0656 24.234 0.0496219 0.113701 2.11207 0.965488 -2.9215 -1.23299 -7.60729 7.53365 -5.50443 -0.300044 2.05247 -12.9547 3.2495 -3.26872 80.1787 9.30904 -0.385741 -29.2081 0.0598081 0.137039 -11.654 -9.00943 75.9288 -24.234 0.0496218 0.113702 0.947712 -1.18481 4.4725 9.23673 -4.20556 2.0327 -19.346 -3.69012 -32.0208 -0.852353 -38.7721 -0.655187 -0.0739098 0.275837 -0.00463681 -2.32622 -40.4017 -6.04875 3.17169 2.41179 14.5976 0.779096 -9.8844 12.4959 1.49996e-17 -7.95446e-16 1.27318e-17 -9.23673 -4.20556 2.0327 -15.3642 -19.6686 12.4971 0.852353 -38.7721 -0.655187 22.8412 56.4191 -11.2679 2.32622 -40.4017 -6.04875 5.69768 5.30669 -15.2789 -0.779096 -9.8844 12.4959 -1.98785e-16 -5.8393e-16 -1.27595e-14 
20.7433 89.8926 133.671 13.6048 -0.348343 4.70522 0 5.07867 -1.15138 -2.91232 -0.704143 0.262573 0 5.61661 1.07143 -2.46943 -0.432078 -0.122674 -1.02604e-17 5.98978 0.11501 -1.92314 0.354235 -0.133089 -1.10457e-17 6.50583 -0.443523 -1.2754 1.35742 -0.11904 -1.97295e-17 7.60548 -1.50593 -0.59808 2.37165 0.0408316 -2.53307e-17 9.49737 -0.914492 0.237627 2.64709 -0.117699 -2.90401e-17 10.5513 1.57691 -0.0913831 0.933796 0.143477 -1.29193e-17 4.78644 0.715339 -0.269748 3.61547 -3.38796 -1.8116e-17 4.82109 0.421791 0.241053 -3.04231 -1.94272 -2.00958e-17 4.83041 0.765062 -1.09055 -1.4424 -3.96413 1.23299 -7.60731 7.53374 3.25205 0.467405 0.745227 12.9547 3.2495 -3.26872 -77.6575 29.0251 -7.98412 29.2081 0.0598081 0.137039 11.8687 -10.0137 -80.8433 24.234 0.0496219 0.113701 2.08248 0.823988 -2.86591 -1.23299 -7.60729 7.53365 -5.4641 -0.316649 2.04391 -12.9547 3.2495 -3.26872 80.3284 9.28615 -0.278429 -29.2081 0.0598081 0.137039 -11.6542 -9.00998 75.9315 -24.234 0.0496218 0.113702 0.923017 -0.852097 4.43115 9.23673 -4.20556 2.0327 -19.1547 -3.345 -31.8451 -0.852353 -38.7721 -0.655187 -0.0688853 0.257083 -0.00433282 -2.32622 -40.4017 -6.04875 3.3727 1.98374 14.6153 0.779096 -9.8844 12.4959 2.48481e-17 -7.95139e-16 1.2424e-17 -9.23673 -4.20556 2.0327 -15.9196 -19.8653 11.7489 0.852353 -38.7721 -0.655187 22.3274 55.8336 -10.8523 2.32622 -40.4017 -6.04875 5.40665 4.75163 -15.2601 -0.779096 -9.8844 12.4959 -5.86506e-16 -5.59697e-16 -1.27474e-14 
20.8462 89.8633 134.07 13.3888 -0.410381 4.44519 0 5.07867 -1.15138 -2.85187 -0.659371 0.267862 0 5.61661 1.07143 -2.41652 -0.403062 -0.0996149 -1.02604e-17 5.98978 0.11501 -1.88156 0.371632 -0.104612 -1.10457e-17 6.50583 -0.443523 -1.24721 1.34454 -0.085921 -1.97295e-17 7.60548 -1.50593 -0.578466 2.3386 0.0697639 -2.53307e-17 9.49737 -0.914492 0.252575 2.60791 -0.0944058 -2.90401e-17 10.5513 1.57691 -0.0873598 0.932332 0.147479 -1.29193e-17 4.78644 0.715339 -0.248472 3.73377 -3.39854 -1.8116e-17 4.82109 0.421791 0.272795 -3.04236 -1.94353 -2.00958e-17 4.83041 0.765062 -1.10511 -1.60645 -3.86608 1.23299 -7.60731 7.53374 3.33733 0.458152 0.790739 12.9547 3.2495 -3.26872 -77.8352 28.8805 -7.73113 29.2081 0.0598081 0.137039 11.8632 -9.98139 -80.6863 24.234 0.0496219 0.113701 2.09428 0.795983 -2.7935 -1.23299 -7.60729 7.53365 -5.40567 -0.308438 2.03908 -12.9547 3.2495 -3.26872 80.4252 9.32939 -0.183117 -29.2081 0.0598081 0.137039 -11.6544 -9.01077 75.9354 -24.234 0.0496218 0.113702 0.883097 -0.504299 4.39029 9.23673 -4.20556 2.0327 -18.9258 -3.08055 -31.6655 -0.852353 -38.7721 -0.655187 -0.0669829 0.249982 -0.00421729 -2.32622 -40.4017 -6.04875 3.58084 1.51514 14.6396 0.779096 -9.8844 12.4959 2.48481e-17 -7.95139e-16 1.2424e-17 -9.23673 -4.20556 2.0327 -16.6922 -19.9068 10.8733 0.852353 -38.7721 -0.655187 21.3588 54.6745 -10.078 2.32622 -40.4017 -6.04875 5.08862 3.96859 -15.2319 -0.779096 -9.8844 12.4959 -5.96354e-16 -5.59082e-16 -1.27471e-14 
20.9675 89.825 134.416 13.1425 -0.449106 4.15045 0 5.07867 -1.15138 -2.7767 -0.600353 0.27386 0 5.61661 1.07143 -2.35115 -0.366395 -0.0732404 -1.02604e-17 5.98978 0.11501 -1.83045 0.387829 -0.0718755 -1.10457e-17 6.50583 -0.443523 -1.21347 1.31266 -0.0478929 -1.97295e-17 7.60548 -1.50593 -0.555547 2.27957 0.102854 -2.53307e-17 9.49737 -0.914492 0.268682 2.53794 -0.0676674 -2.90401e-17 10.5513 1.57691 -0.0821154 0.933081 0.15206 -1.29193e-17 4.78644 0.715339 -0.228075 3.7814 -3.41065 -1.8116e-17 4.82109 0.421791 0.306503 -3.03541 -1.9443 -2.00958e-17 4.83041 0.765062 -1.13079 -1.72746 -3.77505 1.23299 -7.60731 7.53374 3.40167 0.476965 0.831032 12.9547 3.2495 -3.26872 -78.0407 28.7722 -7.42758 29.2081 0.0598081 0.137039 11.8581 -9.95163 -80.5417 24.234 0.0496219 0.113701 2.11966 0.787406 -2.72547 -1.23299 -7.60729 7.53365 -5.33346 -0.273584 2.03156 -12.9547 3.2495 -3.26872 80.4567 9.43348 -0.0529283 -29.2081 0.0598081 0.137039 -11.6533 -9.00664 75.915 -24.234 0.0496218 0.113702 0.828757 -0.194504 4.34473 9.23673 -4.20556 2.0327 -18.6743 -2.89288 -31.5068 -0.852353 -38.7721 -0.655187 -0.0782077 0.29188 -0.00489553 -2.32622 -40.4017 -6.04875 3.77156 0.990469 14.6711 0.779096 -9.8844 12.4959 2.48481e-17 -7.95139e-16 1.2424e-17 -9.23673 -4.20556 2.0327 -17.6008 -19.7749 9.94554 0.852353 -38.7721 -0.655187 20.0018 52.9195 -9.01537 2.32622 -40.4017 -6.04875 4.70465 2.90521 -15.2116 -0.779096 -9.8844 12.4959 -9.84075e-16 -5.46966e-16 -1.27228e-14 