HIERARCHY
ROOT root
{
  OFFSET 0 93.2929 0
  CHANNELS 6 Xposition Yposition Zposition Zrotation Xrotation Yrotation
  JOINT torso_1
  {
    OFFSET 0 5.07867 -1.15138
    CHANNELS 6 Xposition Yposition Zposition Zrotation Xrotation Yrotation
    JOINT torso_2
    {
      OFFSET 0 5.61661 1.07143
      CHANNELS 6 Xposition Yposition Zposition Zrotation Xrotation Yrotation
      JOINT torso_3
      {
        OFFSET -1.02604e-17 5.98978 0.11501
        CHANNELS 6 Xposition Yposition Zposition Zrotation Xrotation Yrotation
        JOINT torso_4
        {
          OFFSET -1.10457e-17 6.50583 -0.443523
          CHANNELS 6 Xposition Yposition Zposition Zrotation Xrotation Yrotation
          JOINT torso_5
          {
            OFFSET -1.97295e-17 7.60548 -1.50593
            CHANNELS 6 Xposition Yposition Zposition Zrotation Xrotation Yrotation
            JOINT torso_6
            {
              OFFSET -2.53307e-17 9.49737 -0.914492
              CHANNELS 6 Xposition Yposition Zposition Zrotation Xrotation Yrotation
              JOINT torso_7
              {
                OFFSET -2.90401e-17 10.5513 1.57691
                CHANNELS 6 Xposition Yposition Zposition Zrotation Xrotation Yrotation
                JOINT neck_1
                {
                  OFFSET -1.29193e-17 4.78644 0.715339
                  CHANNELS 6 Xposition Yposition Zposition Zrotation Xrotation Yrotation
                  JOINT neck_2
                  {
                    OFFSET -1.8116e-17 4.82109 0.421791
                    CHANNELS 6 Xposition Yposition Zposition Zrotation Xrotation Yrotation
                    JOINT head
                    {
                      OFFSET -2.00958e-17 4.83041 0.765062
                      CHANNELS 6 Xposition Yposition Zposition Zrotation Xrotation Yrotation
                      End Site
                      {
                        OFFSET 0 0.1 0
                      }
                    }
                  }
                }
                JOINT l_shoulder
                {
                  OFFSET 1.23299 -7.60731 7.53374
                  CHANNELS 6 Xposition Yposition Zposition Zrotation Xrotation Yrotation
                  JOINT l_up_arm
                  {
                    OFFSET 12.9547 3.2495 -3.26872
                    CHANNELS 6 Xposition Yposition Zposition Zrotation Xrotation Yrotation
                    JOINT l_low_arm
                    {
                      OFFSET 29.2081 0.0598081 0.137039
                      CHANNELS 6 Xposition Yposition Zposition Zrotation Xrotation Yrotation
                      JOINT l_hand
                      {
                        OFFSET 24.234 0.0496219 0.113701
                        CHANNELS 6 Xposition Yposition Zposition Zrotation Xrotation Yrotation
                        End Site
                        {
                          OFFSET 0.1 0 0
                        }
                      }
                    }
                  }
                }
                JOINT r_shoulder
                {
                  OFFSET -1.23299 -7.60729 7.53365
                  CHANNELS 6 Xposition Yposition Zposition Zrotation Xrotation Yrotation
                  JOINT r_up_arm
                  {
                    OFFSET -12.9547 3.2495 -3.26872
                    CHANNELS 6 Xposition Yposition Zposition Zrotation Xrotation Yrotation
                    JOINT r_low_arm
                    {
                      OFFSET -29.2081 0.0598081 0.137039
                      CHANNELS 6 Xposition Yposition Zposition Zrotation Xrotation Yrotation
                      JOINT r_hand
                      {
                        OFFSET -24.234 0.0496218 0.113702
                        CHANNELS 6 Xposition Yposition Zposition Zrotation Xrotation Yrotation
                        End Site
                        {
                          OFFSET -0.1 0 0
                        }
                      }
                    }
                  }
                }
              }
            }
          }
        }
      }
    }
  }
  JOINT l_up_leg
  {
    OFFSET 9.23673 -4.20556 2.0327
    CHANNELS 6 Xposition Yposition Zposition Zrotation Xrotation Yrotation
    JOINT l_low_leg
    {
      OFFSET -0.852353 -38.7721 -0.655187
      CHANNELS 6 Xposition Yposition Zposition Zrotation Xrotation Yrotation
      JOINT l_foot
      {
        OFFSET -2.32622 -40.4017 -6.04875
        CHANNELS 6 Xposition Yposition Zposition Zrotation Xrotation Yrotation
        JOINT l_toes
        {
          OFFSET 0.779096 -9.8844 12.4959
          CHANNELS 6 Xposition Yposition Zposition Zrotation Xrotation Yrotation
          End Site
          {
            OFFSET 0 0 0.1
          }
        }
      }
    }
  }
  JOINT r_up_leg
  {
    OFFSET -9.23673 -4.20556 2.0327
    CHANNELS 6 Xposition Yposition Zposition Zrotation Xrotation Yrotation
    JOINT r_low_leg
    {
      OFFSET 0.852353 -38.7721 -0.655187
      CHANNELS 6 Xposition Yposition Zposition Zrotation Xrotation Yrotation
      JOINT r_foot
      {
        OFFSET 2.32622 -40.4017 -6.04875
        CHANNELS 6 Xposition Yposition Zposition Zrotation Xrotation Yrotation
        JOINT r_toes
        {
          OFFSET -0.779096 -9.8844 12.4959
          CHANNELS 6 Xposition Yposition Zposition Zrotation Xrotation Yrotation
          End Site
          {
            OFFSET 0 0 0.1
          }
        }
      }
    }
  }
}
MOTION
Frames: 488
Frame Time: 0.016667
0 93.2929 0 -0 0 -0 0 5.07867 -1.15138 -0 0 -0 0 5.61661 1.07143 -0 0 -0 -1.02604e-17 5.98978 0.11501 -0 0 -0 -1.10457e-17 6.50583 -0.443523 -0 0 -0 -1.97295e-17 7.60548 -1.50593 -0 0 -0 -2.53307e-17 9.49737 -0.914492 -0 0 -0 -2.90401e-17 10.5513 1.57691 -0 0 -0 -1.29193e-17 4.78644 0.715339 -0 0 -0 -1.8116e-17 4.82109 0.421791 -0 0 -0 -2.00958e-17 4.83041 0.765062 -0 0 -0 1.23299 -7.60731 7.53374 -0 0 -0 12.9547 3.2495 -3.26872 -0 0 -0 29.2081 0.0598081 0.137039 -0 0 -0 24.234 0.0496219 0.113701 -0 0 -0 -1.23299 -7.60729 7.53365 -0 0 -0 -12.9547 3.2495 -3.26872 -0 0 -0 -29.2081 0.0598081 0.137039 -0 0 -0 -24.234 0.0496218 0.113702 -0 0 -0 9.23673 -4.20556 2.0327 -0 0 -0 -0.852353 -38.7721 -0.655187 -0 0 -0 -2.32622 -40.4017 -6.04875 -0 0 -0 0.779096 -9.8844 12.4959 -0 0 -0 -9.23673 -4.20556 2.0327 -0 0 -0 0.852353 -38.7721 -0.655187 -0 0 -0 2.32622 -40.4017 -6.04875 -0 0 -0 -0.779096 -9.8844 12.4959 -0 0 -0 
7.4313 90.9563 59.4296 8.94094 -8.28292 2.63066 0 5.07867 -1.15138 -3.68649 5.24043 0.0376659 0 5.61661 1.07143 -2.79514 3.64672 -0.452999 -1.02604e-17 5.98978 0.11501 -2.03872 2.27133 -0.38325 -1.10457e-17 6.50583 -0.443523 -1.21945 -0.643297 -0.447737 -1.97295e-17 7.60548 -1.50593 -0.440004 -2.08448 -0.35691 -2.53307e-17 9.49737 -0.914492 0.255987 -3.99558 -0.736724 -2.90401e-17 10.5513 1.57691 -0.0262925 1.09589 -0.0864487 -1.29193e-17 4.78644 0.715339 0.611414 8.5824 -1.7801 -1.8116e-17 4.82109 0.421791 0.144376 -2.98673 -1.04819 -2.00958e-17 4.83041 0.765062 -0.157448 -5.31452 1.87463 1.23299 -7.60731 7.53374 19.0288 5.33486 2.52865 12.9547 3.2495 -3.26872 -93.8821 27.0666 8.10947 29.2081 0.0598081 0.137039 3.91981 -0.643283 -19.2248 24.234 0.0496219 0.113701 -4.87682 -31.5808 -0.00610482 -1.23299 -7.60729 7.53365 -12.2139 4.02624 -1.81398 -12.9547 3.2495 -3.26872 93.6228 15.144 -3.74586 -29.2081 0.0598081 0.137039 -3.06331 -0.384991 14.9179 -24.234 0.0496218 0.113702 3.37884 -15.0667 2.11843 9.23673 -4.20556 2.0327 -9.01928 3.1791 -12.428 -0.852353 -38.7721 -0.655187 -1.12012 4.18269 -0.0321312 -2.32622 -40.4017 -6.04875 1.21789 -1.33729 14.989 0.779096 -9.8844 12.4959 4.22417e-16 -7.82715e-16 2.88531e-33 -9.23673 -4.20556 2.0327 -8.90976 -10.0605 18.5202 0.852353 -38.7721 -0.655187 4.2618 15.6415 -0.310702 2.32622 -40.4017 -6.04875 -0.539431 -5.13492 -15.2052 -0.779096 -9.8844 12.4959 -1.76828e-15 -5.1036e-16 -1.2698e-14 
7.473 90.9571 59.4754 8.94278 -8.23978 2.67881 0 5.07867 -1.15138 -3.6793 5.24909 0.0531095 0 5.61661 1.07143 -2.79578 3.64736 -0.435002 -1.02604e-17 5.98978 0.11501 -2.04238 2.26793 -0.364249 -1.10457e-17 6.50583 -0.443523 -1.22651 -0.655206 -0.427579 -1.97295e-17 7.60548 -1.50593 -0.4454 -2.09864 -0.335232 -2.53307e-17 9.49737 -0.914492 0.256194 -4.01101 -0.713499 -2.90401e-17 10.5513 1.57691 -0.0261028 1.10121 -0.0853401 -1.29193e-17 4.78644 0.715339 0.61393 8.58013 -1.88774 -1.8116e-17 4.82109 0.421791 0.15043 -2.97376 -1.09595 -2.00958e-17 4.83041 0.765062 -0.162395 -5.31265 1.81586 1.23299 -7.60731 7.53374 18.8811 5.3177 2.5219 12.9547 3.2495 -3.26872 -93.7335 26.8859 8.00573 29.2081 0.0598081 0.137039 3.87958 -0.629567 -19.0204 24.234 0.0496219 0.113701 -5.01458 -31.2403 -0.154128 -1.23299 -7.60729 7.53365 -12.1742 4.03832 -1.8368 -12.9547 3.2495 -3.26872 93.588 15.1294 -3.81488 -29.2081 0.0598081 0.137039 -3.07722 -0.388629 14.9871 -24.234 0.0496218 0.113702 3.38723 -15.1786 2.10629 9.23673 -4.20556 2.0327 -9.0371 3.15282 -12.4867 -0.852353 -38.7721 -0.655187 -1.12084 4.18537 -0.0321255 -2.32622 -40.4017 -6.04875 1.22745 -1.34866 14.9886 0.779096 -9.8844 12.4959 4.22417e-16 -7.82715e-16 2.88531e-33 -9.23673 -4.20556 2.0327 -8.94538 -10.1273 18.449 0.852353 -38.7721 -0.655187 4.27823 15.6993 -0.31413 2.32622 -40.4017 -6.04875 -0.539553 -5.12918 -15.2068 -0.779096 -9.8844 12.4959 -1.01472e-15 -5.45683e-16 -1.27216e-14 
7.51244 90.9584 59.5215 8.95311 -8.20267 2.7132 0 5.07867 -1.15138 -3.68107 5.2812 0.0654857 0 5.61661 1.07143 -2.80259 3.66048 -0.419758 -1.02604e-17 5.98978 0.11501 -2.05052 2.26258 -0.348469 -1.10457e-17 6.50583 -0.443523 -1.23511 -0.692754 -0.412 -1.97295e-17 7.60548 -1.50593 -0.45063 -2.14529 -0.31848 -2.53307e-17 9.49737 -0.914492 0.256362 -4.08074 -0.695833 -2.90401e-17 10.5513 1.57691 -0.0244249 1.10799 -0.0868448 -1.29193e-17 4.78644 0.715339 0.629071 8.66635 -1.964 -1.8116e-17 4.82109 0.421791 0.168369 -2.95823 -1.12926 -2.00958e-17 4.83041 0.765062 -0.179685 -5.33892 1.76406 1.23299 -7.60731 7.53374 18.9842 5.33777 2.52371 12.9547 3.2495 -3.26872 -93.8081 26.8916 8.02056 29.2081 0.0598081 0.137039 3.85703 -0.621951 -18.9059 24.234 0.0496219 0.113701 -5.15997 -31.0729 -0.280621 -1.23299 -7.60729 7.53365 -12.4245 4.05162 -1.90403 -12.9547 3.2495 -3.26872 93.7737 15.2105 -3.94182 -29.2081 0.0598081 0.137039 -3.09582 -0.393521 15.0797 -24.234 0.0496218 0.113702 3.49374 -15.2915 2.05715 9.23673 -4.20556 2.0327 -9.06566 3.13976 -12.5168 -0.852353 -38.7721 -0.655187 -1.11699 4.17102 -0.0321554 -2.32622 -40.4017 -6.04875 1.27136 -1.33557 14.9812 0.779096 -9.8844 12.4959 -3.51925e-16 -8.06913e-16 2.41982e-17 -9.23673 -4.20556 2.0327 -8.98704 -10.167 18.3776 0.852353 -38.7721 -0.655187 4.28326 15.7169 -0.315182 2.32622 -40.4017 -6.04875 -0.543232 -5.13121 -15.2089 -0.779096 -9.8844 12.4959 9.41932e-16 -6.31352e-16 -1.28069e-14 
7.55221 90.9597 59.5675 8.95531 -8.16015 2.76097 0 5.07867 -1.15138 -3.69016 5.32398 0.0717427 0 5.61661 1.07143 -2.8142 3.68102 -0.411153 -1.02604e-17 5.98978 0.11501 -2.0625 2.2603 -0.340273 -1.10457e-17 6.50583 -0.443523 -1.24584 -0.734334 -0.40478 -1.97295e-17 7.60548 -1.50593 -0.45834 -2.19742 -0.310346 -2.53307e-17 9.49737 -0.914492 0.252526 -4.16219 -0.685493 -2.90401e-17 10.5513 1.57691 -0.0228324 1.11328 -0.0909452 -1.29193e-17 4.78644 0.715339 0.652094 8.80276 -2.01248 -1.8116e-17 4.82109 0.421791 0.192167 -2.96248 -1.14914 -2.00958e-17 4.83041 0.765062 -0.180116 -5.37539 1.71866 1.23299 -7.60731 7.53374 19.1755 5.36416 2.52195 12.9547 3.2495 -3.26872 -93.9561 26.9341 8.09174 29.2081 0.0598081 0.137039 3.84883 -0.619194 -18.8643 24.234 0.0496219 0.113701 -5.27493 -30.9514 -0.376472 -1.23299 -7.60729 7.53365 -12.8614 4.05578 -1.99985 -12.9547 3.2495 -3.26872 94.1313 15.4064 -4.11488 -29.2081 0.0598081 0.137039 -3.12209 -0.400488 15.2105 -24.234 0.0496218 0.113702 3.65495 -15.4663 2.00228 9.23673 -4.20556 2.0327 -9.0874 3.12763 -12.5567 -0.852353 -38.7721 -0.655187 -1.1104 4.14642 -0.0322043 -2.32622 -40.4017 -6.04875 1.31042 -1.32639 14.9758 0.779096 -9.8844 12.4959 1.44498e-17 -7.95464e-16 1.2749e-17 -9.23673 -4.20556 2.0327 -9.02358 -10.2031 18.3031 0.852353 -38.7721 -0.655187 4.28512 15.7235 -0.315572 2.32622 -40.4017 -6.04875 -0.54785 -5.12931 -15.2096 -0.779096 -9.8844 12.4959 -5.54761e-16 -5.61032e-16 -1.27487e-14 
7.59029 90.9618 59.6137 8.94872 -8.12967 2.79968 0 5.07867 -1.15138 -3.6936 5.37114 0.0730053 0 5.61661 1.07143 -2.81932 3.70739 -0.408242 -1.02604e-17 5.98978 0.11501 -2.06912 2.26673 -0.338247 -1.10457e-17 6.50583 -0.443523 -1.25259 -0.76307 -0.403657 -1.97295e-17 7.60548 -1.50593 -0.464938 -2.23632 -0.308982 -2.53307e-17 9.49737 -0.914492 0.246359 -4.22208 -0.681459 -2.90401e-17 10.5513 1.57691 -0.022403 1.11696 -0.0946581 -1.29193e-17 4.78644 0.715339 0.668055 8.90653 -2.02013 -1.8116e-17 4.82109 0.421791 0.203751 -2.97099 -1.15087 -2.00958e-17 4.83041 0.765062 -0.174424 -5.41015 1.6737 1.23299 -7.60731 7.53374 19.3081 5.38576 2.50804 12.9547 3.2495 -3.26872 -94.0686 26.9546 8.17382 29.2081 0.0598081 0.137039 3.85486 -0.621221 -18.8949 24.234 0.0496219 0.113701 -5.35796 -30.8694 -0.438814 -1.23299 -7.60729 7.53365 -13.2183 4.06454 -2.0676 -12.9547 3.2495 -3.26872 94.4385 15.6321 -4.27026 -29.2081 0.0598081 0.137039 -3.14805 -0.407434 15.3399 -24.234 0.0496218 0.113702 3.77517 -15.6556 1.98609 9.23673 -4.20556 2.0327 -9.09702 3.12634 -12.608 -0.852353 -38.7721 -0.655187 -1.10495 4.12609 -0.0322427 -2.32622 -40.4017 -6.04875 1.32336 -1.32772 14.9746 0.779096 -9.8844 12.4959 -3.62323e-16 -8.07238e-16 2.45231e-17 -9.23673 -4.20556 2.0327 -9.04945 -10.2297 18.2313 0.852353 -38.7721 -0.655187 4.28697 15.73 -0.31596 2.32622 -40.4017 -6.04875 -0.537351 -5.12104 -15.2105 -0.779096 -9.8844 12.4959 -5.96354e-16 -5.59082e-16 -1.27471e-14 
7.62701 90.9638 59.6592 8.93926 -8.1026 2.83193 0 5.07867 -1.15138 -3.68354 5.41982 0.0707435 0 5.61661 1.07143 -2.81328 3.73607 -0.407006 -1.02604e-17 5.98978 0.11501 -2.06795 2.27576 -0.337811 -1.10457e-17 6.50583 -0.443523 -1.25451 -0.786239 -0.40387 -1.97295e-17 7.60548 -1.50593 -0.47025 -2.26913 -0.309901 -2.53307e-17 9.49737 -0.914492 0.238162 -4.27446 -0.677767 -2.90401e-17 10.5513 1.57691 -0.0220009 1.11934 -0.0975596 -1.29193e-17 4.78644 0.715339 0.682768 8.98193 -2.02719 -1.8116e-17 4.82109 0.421791 0.208432 -2.96013 -1.15241 -2.00958e-17 4.83041 0.765062 -0.191007 -5.45536 1.64816 1.23299 -7.60731 7.53374 19.4052 5.40253 2.48285 12.9547 3.2495 -3.26872 -94.1962 26.9693 8.25535 29.2081 0.0598081 0.137039 3.87024 -0.626406 -18.973 24.234 0.0496219 0.113701 -5.39974 -30.8196 -0.451765 -1.23299 -7.60729 7.53365 -13.6123 4.07809 -2.1199 -12.9547 3.2495 -3.26872 94.6629 15.9062 -4.44457 -29.2081 0.0598081 0.137039 -3.18013 -0.416104 15.4998 -24.234 0.0496218 0.113702 3.97469 -15.9168 2.00686 9.23673 -4.20556 2.0327 -9.10287 3.1281 -12.6567 -0.852353 -38.7721 -0.655187 -1.09984 4.10704 -0.0322768 -2.32622 -40.4017 -6.04875 1.33928 -1.33188 14.973 0.779096 -9.8844 12.4959 -3.72721e-16 -8.07563e-16 2.48481e-17 -9.23673 -4.20556 2.0327 -9.07058 -10.2497 18.163 0.852353 -38.7721 -0.655187 4.28651 15.7284 -0.315863 2.32622 -40.4017 -6.04875 -0.530094 -5.11289 -15.2115 -0.779096 -9.8844 12.4959 5.65159e-16 -6.19577e-16 -1.27955e-14 
7.66063 90.9664 59.7045 8.91744 -8.08789 2.84268 0 5.07867 -1.15138 -3.69047 5.47102 0.0730425 0 5.61661 1.07143 -2.82191 3.76598 -0.404036 -1.02604e-17 5.98978 0.11501 -2.07796 2.2866 -0.336294 -1.10457e-17 6.50583 -0.443523 -1.26475 -0.809546 -0.403451 -1.97295e-17 7.60548 -1.50593 -0.480169 -2.30271 -0.309089 -2.53307e-17 9.49737 -0.914492 0.229634 -4.32463 -0.672348 -2.90401e-17 10.5513 1.57691 -0.0223603 1.12246 -0.102606 -1.29193e-17 4.78644 0.715339 0.702242 9.0806 -2.02763 -1.8116e-17 4.82109 0.421791 0.222706 -2.96729 -1.14997 -2.00958e-17 4.83041 0.765062 -0.136705 -5.49453 1.636 1.23299 -7.60731 7.53374 19.4488 5.41443 2.44256 12.9547 3.2495 -3.26872 -94.1233 26.967 8.33782 29.2081 0.0598081 0.137039 3.87616 -0.628409 -19.003 24.234 0.0496219 0.113701 -5.54825 -30.8073 -0.559959 -1.23299 -7.60729 7.53365 -13.9945 4.08403 -2.17846 -12.9547 3.2495 -3.26872 95.0054 16.257 -4.60913 -29.2081 0.0598081 0.137039 -3.21729 -0.426269 15.6853 -24.234 0.0496218 0.113702 4.09402 -16.2435 1.95464 9.23673 -4.20556 2.0327 -9.09707 3.15137 -12.701 -0.852353 -38.7721 -0.655187 -1.08997 4.07019 -0.032338 -2.32622 -40.4017 -6.04875 1.37118 -1.33421 14.9704 0.779096 -9.8844 12.4959 1.44498e-17 -7.95464e-16 1.2749e-17 -9.23673 -4.20556 2.0327 -9.06867 -10.2655 18.1246 0.852353 -38.7721 -0.655187 4.28657 15.7286 -0.315876 2.32622 -40.4017 -6.04875 -0.550045 -5.08023 -15.2097 -0.779096 -9.8844 12.4959 -5.65159e-16 -5.60707e-16 -1.27484e-14 
7.69278 90.9692 59.7492 8.89267 -8.07659 2.84666 0 5.07867 -1.15138 -3.68139 5.49852 0.0713291 0 5.61661 1.07143 -2.81538 3.78453 -0.403733 -1.02604e-17 5.98978 0.11501 -2.07478 2.29787 -0.336765 -1.10457e-17 6.50583 -0.443523 -1.26384 -0.810409 -0.40431 -1.97295e-17 7.60548 -1.50593 -0.482029 -2.30684 -0.310718 -2.53307e-17 9.49737 -0.914492 0.225542 -4.33291 -0.67178 -2.90401e-17 10.5513 1.57691 -0.0226522 1.12301 -0.104983 -1.29193e-17 4.78644 0.715339 0.715425 9.12991 -2.03915 -1.8116e-17 4.82109 0.421791 0.246255 -2.97349 -1.15365 -2.00958e-17 4.83041 0.765062 -0.135226 -5.54295 1.64845 1.23299 -7.60731 7.53374 19.4462 5.41216 2.41447 12.9547 3.2495 -3.26872 -94.0767 26.9965 8.35389 29.2081 0.0598081 0.137039 3.88875 -0.632678 -19.067 24.234 0.0496219 0.113701 -5.63083 -30.8573 -0.588288 -1.23299 -7.60729 7.53365 -14.1994 4.08426 -2.20913 -12.9547 3.2495 -3.26872 95.1809 16.4496 -4.7092 -29.2081 0.0598081 0.137039 -3.24615 -0.43425 15.8294 -24.234 0.0496218 0.113702 4.14533 -16.4461 1.92143 9.23673 -4.20556 2.0327 -9.08431 3.17683 -12.7225 -0.852353 -38.7721 -0.655187 -1.08006 4.03325 -0.0323929 -2.32622 -40.4017 -6.04875 1.36955 -1.34704 14.972 0.779096 -9.8844 12.4959 -7.49494e-16 -8.31436e-16 4.87213e-17 -9.23673 -4.20556 2.0327 -9.06531 -10.2991 18.0913 0.852353 -38.7721 -0.655187 4.29558 15.7602 -0.317767 2.32622 -40.4017 -6.04875 -0.510524 -5.05608 -15.2105 -0.779096 -9.8844 12.4959 -2.09183e-16 -5.8328e-16 -1.27592e-14 
7.72281 90.9697 59.794 8.87099 -8.04426 2.8274 0 5.07867 -1.15138 -3.67344 5.50732 0.073476 0 5.61661 1.07143 -2.80993 3.79036 -0.398971 -1.02604e-17 5.98978 0.11501 -2.07151 2.30186 -0.331786 -1.10457e-17 6.50583 -0.443523 -1.26221 -0.810048 -0.399038 -1.97295e-17 7.60548 -1.50593 -0.481226 -2.30425 -0.305845 -2.53307e-17 9.49737 -0.914492 0.226325 -4.32998 -0.666775 -2.90401e-17 10.5513 1.57691 -0.0220731 1.12301 -0.104842 -1.29193e-17 4.78644 0.715339 0.720644 9.13415 -2.06552 -1.8116e-17 4.82109 0.421791 0.262216 -2.95497 -1.16471 -2.00958e-17 4.83041 0.765062 -0.123645 -5.5715 1.65269 1.23299 -7.60731 7.53374 19.4373 5.41486 2.39847 12.9547 3.2495 -3.26872 -94.0629 27.0759 8.37247 29.2081 0.0598081 0.137039 3.89996 -0.636496 -19.1239 24.234 0.0496219 0.113701 -5.68647 -30.9262 -0.630662 -1.23299 -7.60729 7.53365 -14.2587 4.09283 -2.20876 -12.9547 3.2495 -3.26872 95.2204 16.5934 -4.77254 -29.2081 0.0598081 0.137039 -3.27019 -0.44096 15.9495 -24.234 0.0496218 0.113702 4.1558 -16.6544 1.89258 9.23673 -4.20556 2.0327 -9.07642 3.17773 -12.7319 -0.852353 -38.7721 -0.655187 -1.07219 4.00388 -0.032432 -2.32622 -40.4017 -6.04875 1.38594 -1.36528 14.9717 0.779096 -9.8844 12.4959 4.05159e-18 -7.96113e-16 1.33989e-17 -9.23673 -4.20556 2.0327 -9.06152 -10.3499 18.0736 0.852353 -38.7721 -0.655187 4.3014 15.7807 -0.318991 2.32622 -40.4017 -6.04875 -0.488301 -5.0465 -15.2108 -0.779096 -9.8844 12.4959 -5.85956e-16 -5.59732e-16 -1.27474e-14 
7.75425 90.9697 59.8389 8.84254 -7.99976 2.82181 0 5.07867 -1.15138 -3.66757 5.50513 0.0723733 0 5.61661 1.07143 -2.80561 3.78916 -0.398649 -1.02604e-17 5.98978 0.11501 -2.06835 2.30163 -0.331185 -1.10457e-17 6.50583 -0.443523 -1.26004 -0.80834 -0.398187 -1.97295e-17 7.60548 -1.50593 -0.480153 -2.2989 -0.305312 -2.53307e-17 9.49737 -0.914492 0.226465 -4.32137 -0.666288 -2.90401e-17 10.5513 1.57691 -0.021836 1.12262 -0.10422 -1.29193e-17 4.78644 0.715339 0.721789 9.11637 -2.08294 -1.8116e-17 4.82109 0.421791 0.277255 -2.95216 -1.17206 -2.00958e-17 4.83041 0.765062 -0.0861008 -5.56595 1.64638 1.23299 -7.60731 7.53374 19.4111 5.41553 2.39247 12.9547 3.2495 -3.26872 -94.0437 27.1286 8.3899 29.2081 0.0598081 0.137039 3.9152 -0.641703 -19.2014 24.234 0.0496219 0.113701 -5.70843 -30.9621 -0.635432 -1.23299 -7.60729 7.53365 -14.2529 4.09535 -2.20257 -12.9547 3.2495 -3.26872 95.2152 16.6642 -4.81137 -29.2081 0.0598081 0.137039 -3.29004 -0.446539 16.0487 -24.234 0.0496218 0.113702 4.15922 -16.7913 1.86092 9.23673 -4.20556 2.0327 -9.06441 3.1563 -12.7491 -0.852353 -38.7721 -0.655187 -1.06893 3.9917 -0.0324471 -2.32622 -40.4017 -6.04875 1.41467 -1.39266 14.9718 0.779096 -9.8844 12.4959 2.48481e-17 -7.95139e-16 1.2424e-17 -9.23673 -4.20556 2.0327 -9.05549 -10.4082 18.0477 0.852353 -38.7721 -0.655187 4.30612 15.7973 -0.319986 2.32622 -40.4017 -6.04875 -0.457941 -5.04072 -15.2115 -0.779096 -9.8844 12.4959 -9.83525e-16 -5.46983e-16 -1.27229e-14 
7.78601 90.9715 59.8837 8.84299 -7.96882 2.83048 0 5.07867 -1.15138 -3.67165 5.528 0.0695318 0 5.61661 1.07143 -2.81118 3.79951 -0.399225 -1.02604e-17 5.98978 0.11501 -2.07491 2.29656 -0.332149 -1.10457e-17 6.50583 -0.443523 -1.26573 -0.836376 -0.400122 -1.97295e-17 7.60548 -1.50593 -0.485356 -2.33184 -0.307463 -2.53307e-17 9.49737 -0.914492 0.221649 -4.37588 -0.665112 -2.90401e-17 10.5513 1.57691 -0.0205475 1.12444 -0.107528 -1.29193e-17 4.78644 0.715339 0.74634 9.20623 -2.12176 -1.8116e-17 4.82109 0.421791 0.303846 -2.92539 -1.18752 -2.00958e-17 4.83041 0.765062 -0.058587 -5.59492 1.6465 1.23299 -7.60731 7.53374 19.5548 5.4354 2.37493 12.9547 3.2495 -3.26872 -94.1242 27.2576 8.46758 29.2081 0.0598081 0.137039 3.9238 -0.644651 -19.2451 24.234 0.0496219 0.113701 -5.81126 -31.056 -0.676522 -1.23299 -7.60729 7.53365 -14.6821 4.10198 -2.25629 -12.9547 3.2495 -3.26872 95.4595 16.9066 -4.97021 -29.2081 0.0598081 0.137039 -3.31735 -0.454281 16.1854 -24.234 0.0496218 0.113702 4.38253 -17.0374 1.85159 9.23673 -4.20556 2.0327 -9.083 3.14508 -12.7644 -0.852353 -38.7721 -0.655187 -1.06592 3.9805 -0.0324603 -2.32622 -40.4017 -6.04875 1.46632 -1.37848 14.9649 0.779096 -9.8844 12.4959 4.12019e-16 -7.8304e-16 3.24945e-19 -9.23673 -4.20556 2.0327 -9.07767 -10.4369 17.9987 0.852353 -38.7721 -0.655187 4.3056 15.7954 -0.319876 2.32622 -40.4017 -6.04875 -0.477651 -5.03191 -15.2113 -0.779096 -9.8844 12.4959 -9.93923e-16 -5.46658e-16 -1.27222e-14 
7.81638 90.9723 59.9282 8.83098 -7.92977 2.83571 0 5.07867 -1.15138 -3.6733 5.55135 0.0660693 0 5.61661 1.07143 -2.81409 3.81198 -0.400428 -1.02604e-17 5.98978 0.11501 -2.07895 2.29571 -0.333957 -1.10457e-17 6.50583 -0.443523 -1.26926 -0.858165 -0.402725 -1.97295e-17 7.60548 -1.50593 -0.489123 -2.35651 -0.310494 -2.53307e-17 9.49737 -0.914492 0.217211 -4.4175 -0.665887 -2.90401e-17 10.5513 1.57691 -0.0198493 1.12538 -0.111016 -1.29193e-17 4.78644 0.715339 0.767213 9.28821 -2.14637 -1.8116e-17 4.82109 0.421791 0.340898 -2.94292 -1.19635 -2.00958e-17 4.83041 0.765062 -0.0324633 -5.62466 1.62616 1.23299 -7.60731 7.53374 19.6975 5.45202 2.36214 12.9547 3.2495 -3.26872 -94.238 27.3479 8.54629 29.2081 0.0598081 0.137039 3.93922 -0.649956 -19.3236 24.234 0.0496219 0.113701 -5.87164 -31.1096 -0.69888 -1.23299 -7.60729 7.53365 -15.0511 4.10498 -2.31487 -12.9547 3.2495 -3.26872 95.7225 17.1619 -5.12965 -29.2081 0.0598081 0.137039 -3.35117 -0.463961 16.3547 -24.234 0.0496218 0.113702 4.51449 -17.2743 1.8303 9.23673 -4.20556 2.0327 -9.08643 3.13322 -12.7915 -0.852353 -38.7721 -0.655187 -1.05983 3.95775 -0.0324853 -2.32622 -40.4017 -6.04875 1.49325 -1.38466 14.9624 0.779096 -9.8844 12.4959 8.09589e-16 -7.58516e-16 -2.41982e-17 -9.23673 -4.20556 2.0327 -9.086 -10.4889 17.9538 0.852353 -38.7721 -0.655187 4.31138 15.8157 -0.321095 2.32622 -40.4017 -6.04875 -0.470583 -5.0209 -15.2126 -0.779096 -9.8844 12.4959 -1.76827e-15 -5.10361e-16 -1.2698e-14 
7.84587 90.9726 59.973 8.80652 -7.88504 2.84273 0 5.07867 -1.15138 -3.66891 5.56017 0.0626071 0 5.61661 1.07143 -2.81077 3.81759 -0.401561 -1.02604e-17 5.98978 0.11501 -2.0772 2.29726 -0.335421 -1.10457e-17 6.50583 -0.443523 -1.26821 -0.863829 -0.404299 -1.97295e-17 7.60548 -1.50593 -0.489452 -2.35954 -0.312587 -2.53307e-17 9.49737 -0.914492 0.215056 -4.42418 -0.6671 -2.90401e-17 10.5513 1.57691 -0.0196646 1.12488 -0.112371 -1.29193e-17 4.78644 0.715339 0.778119 9.31994 -2.18286 -1.8116e-17 4.82109 0.421791 0.364652 -2.96137 -1.2115 -2.00958e-17 4.83041 0.765062 0.00100032 -5.66602 1.61072 1.23299 -7.60731 7.53374 19.7537 5.45676 2.35347 12.9547 3.2495 -3.26872 -94.2922 27.3997 8.57673 29.2081 0.0598081 0.137039 3.95373 -0.654968 -19.3974 24.234 0.0496219 0.113701 -5.88752 -31.1258 -0.704536 -1.23299 -7.60729 7.53365 -15.2205 4.10811 -2.34261 -12.9547 3.2495 -3.26872 95.8655 17.3248 -5.23012 -29.2081 0.0598081 0.137039 -3.37817 -0.471768 16.49 -24.234 0.0496218 0.113702 4.54171 -17.4529 1.82972 9.23673 -4.20556 2.0327 -9.0736 3.1128 -12.8252 -0.852353 -38.7721 -0.655187 -1.05625 3.94441 -0.0324989 -2.32622 -40.4017 -6.04875 1.49086 -1.41517 14.9649 0.779096 -9.8844 12.4959 -3.41527e-16 -8.06263e-16 2.35483e-17 -9.23673 -4.20556 2.0327 -9.08441 -10.5459 17.9101 0.852353 -38.7721 -0.655187 4.31748 15.8371 -0.322384 2.32622 -40.4017 -6.04875 -0.447427 -5.01295 -15.2136 -0.779096 -9.8844 12.4959 1.46793e-16 -5.94079e-16 -1.277e-14 
7.87335 90.9737 60.0177 8.79122 -7.8487 2.84171 0 5.07867 -1.15138 -3.66753 5.5654 0.0600607 0 5.61661 1.07143 -2.80964 3.82123 -0.403066 -1.02604e-17 5.98978 0.11501 -2.07653 2.29908 -0.337003 -1.10457e-17 6.50583 -0.443523 -1.26779 -0.866533 -0.405721 -1.97295e-17 7.60548 -1.50593 -0.489565 -2.35971 -0.314167 -2.53307e-17 9.49737 -0.914492 0.214026 -4.42335 -0.66845 -2.90401e-17 10.5513 1.57691 -0.0195371 1.12535 -0.11245 -1.29193e-17 4.78644 0.715339 0.783293 9.31511 -2.20698 -1.8116e-17 4.82109 0.421791 0.380074 -2.96155 -1.22157 -2.00958e-17 4.83041 0.765062 0.0381882 -5.68429 1.58673 1.23299 -7.60731 7.53374 19.7449 5.46104 2.34451 12.9547 3.2495 -3.26872 -94.2867 27.4211 8.59557 29.2081 0.0598081 0.137039 3.9693 -0.660372 -19.4767 24.234 0.0496219 0.113701 -5.89337 -31.1193 -0.695479 -1.23299 -7.60729 7.53365 -15.2647 4.11426 -2.34521 -12.9547 3.2495 -3.26872 95.9193 17.3937 -5.29167 -29.2081 0.0598081 0.137039 -3.40337 -0.479116 16.6163 -24.234 0.0496218 0.113702 4.52147 -17.5575 1.80141 9.23673 -4.20556 2.0327 -9.06898 3.10577 -12.8533 -0.852353 -38.7721 -0.655187 -1.0496 3.91961 -0.0325218 -2.32622 -40.4017 -6.04875 1.48754 -1.43376 14.9664 0.779096 -9.8844 12.4959 1.44498e-17 -7.95464e-16 1.2749e-17 -9.23673 -4.20556 2.0327 -9.08711 -10.5913 17.8774 0.852353 -38.7721 -0.655187 4.32094 15.8493 -0.323118 2.32622 -40.4017 -6.04875 -0.43682 -5.00524 -15.2149 -0.779096 -9.8844 12.4959 -9.62729e-16 -5.47958e-16 -1.27235e-14 
7.90054 90.9742 60.0621 8.77878 -7.80951 2.8467 0 5.07867 -1.15138 -3.66928 5.56969 0.0543853 0 5.61661 1.07143 -2.81112 3.82317 -0.407686 -1.02604e-17 5.98978 0.11501 -2.07811 2.29494 -0.342078 -1.10457e-17 6.50583 -0.443523 -1.2685 -0.879842 -0.41121 -1.97295e-17 7.60548 -1.50593 -0.490702 -2.37069 -0.319898 -2.53307e-17 9.49737 -0.914492 0.211485 -4.4431 -0.673188 -2.90401e-17 10.5513 1.57691 -0.0189994 1.12603 -0.114016 -1.29193e-17 4.78644 0.715339 0.796413 9.35024 -2.23546 -1.8116e-17 4.82109 0.421791 0.401096 -2.94247 -1.23332 -2.00958e-17 4.83041 0.765062 0.0607762 -5.70374 1.58378 1.23299 -7.60731 7.53374 19.8118 5.46995 2.34957 12.9547 3.2495 -3.26872 -94.3893 27.4467 8.63906 29.2081 0.0598081 0.137039 3.98456 -0.66569 -19.5544 24.234 0.0496219 0.113701 -5.8643 -31.0981 -0.638368 -1.23299 -7.60729 7.53365 -15.4681 4.1118 -2.37875 -12.9547 3.2495 -3.26872 96.0826 17.4468 -5.37145 -29.2081 0.0598081 0.137039 -3.4306 -0.487125 16.7529 -24.234 0.0496218 0.113702 4.56787 -17.6058 1.73649 9.23673 -4.20556 2.0327 -9.07014 3.08657 -12.8757 -0.852353 -38.7721 -0.655187 -1.04702 3.90996 -0.03253 -2.32622 -40.4017 -6.04875 1.51235 -1.44652 14.9646 0.779096 -9.8844 12.4959 2.48481e-17 -7.95139e-16 1.2424e-17 -9.23673 -4.20556 2.0327 -9.09166 -10.6479 17.8486 0.852353 -38.7721 -0.655187 4.32927 15.8785 -0.324883 2.32622 -40.4017 -6.04875 -0.4389 -4.99382 -15.2152 -0.779096 -9.8844 12.4959 -2.1959e-16 -5.82955e-16 -1.27585e-14 
7.92594 90.973 60.1068 8.75277 -7.75579 2.83318 0 5.07867 -1.15138 -3.6632 5.5835 0.0512072 0 5.61661 1.07143 -2.80765 3.82882 -0.407381 -1.02604e-17 5.98978 0.11501 -2.07712 2.2873 -0.342132 -1.10457e-17 6.50583 -0.443523 -1.26827 -0.90734 -0.411782 -1.97295e-17 7.60548 -1.50593 -0.491741 -2.39899 -0.321101 -2.53307e-17 9.49737 -0.914492 0.208772 -4.49149 -0.672226 -2.90401e-17 10.5513 1.57691 -0.0177666 1.1276 -0.116533 -1.29193e-17 4.78644 0.715339 0.815753 9.41858 -2.25557 -1.8116e-17 4.82109 0.421791 0.434648 -2.92929 -1.24028 -2.00958e-17 4.83041 0.765062 0.0580692 -5.73367 1.55826 1.23299 -7.60731 7.53374 19.9586 5.48342 2.36298 12.9547 3.2495 -3.26872 -94.6182 27.4209 8.70418 29.2081 0.0598081 0.137039 3.99782 -0.670332 -19.6219 24.234 0.0496219 0.113701 -5.80897 -30.9869 -0.571408 -1.23299 -7.60729 7.53365 -15.8392 4.1136 -2.45296 -12.9547 3.2495 -3.26872 96.3197 17.5638 -5.50147 -29.2081 0.0598081 0.137039 -3.46249 -0.496594 16.913 -24.234 0.0496218 0.113702 4.71084 -17.7019 1.69648 9.23673 -4.20556 2.0327 -9.05845 3.04723 -12.8903 -0.852353 -38.7721 -0.655187 -1.04724 3.91079 -0.0325293 -2.32622 -40.4017 -6.04875 1.54875 -1.47574 14.9632 0.779096 -9.8844 12.4959 2.48481e-17 -7.95139e-16 1.2424e-17 -9.23673 -4.20556 2.0327 -9.07925 -10.7201 17.8146 0.852353 -38.7721 -0.655187 4.33581 15.9015 -0.326272 2.32622 -40.4017 -6.04875 -0.453368 -4.97983 -15.215 -0.779096 -9.8844 12.4959 -1.98785e-16 -5.8393e-16 -1.27595e-14 
7.95205 90.9723 60.1518 8.74109 -7.70404 2.82348 0 5.07867 -1.15138 -3.63994 5.57248 0.0474439 0 5.61661 1.07143 -2.79041 3.82211 -0.406302 -1.02604e-17 5.98978 0.11501 -2.06691 2.27686 -0.342407 -1.10457e-17 6.50583 -0.443523 -1.26349 -0.919621 -0.411832 -1.97295e-17 7.60548 -1.50593 -0.493034 -2.40287 -0.322532 -2.53307e-17 9.49737 -0.914492 0.202267 -4.50815 -0.668884 -2.90401e-17 10.5513 1.57691 -0.0174253 1.12662 -0.119139 -1.29193e-17 4.78644 0.715339 0.83024 9.47133 -2.2791 -1.8116e-17 4.82109 0.421791 0.456486 -2.90772 -1.24863 -2.00958e-17 4.83041 0.765062 0.00383432 -5.7826 1.5274 1.23299 -7.60731 7.53374 20.0026 5.46267 2.39787 12.9547 3.2495 -3.26872 -95.1531 27.1811 8.74843 29.2081 0.0598081 0.137039 4.01329 -0.675769 -19.7008 24.234 0.0496219 0.113701 -5.3592 -30.6019 -0.264049 -1.23299 -7.60729 7.53365 -16.2363 4.09741 -2.55856 -12.9547 3.2495 -3.26872 96.5905 17.6619 -5.63561 -29.2081 0.0598081 0.137039 -3.49483 -0.506294 17.0754 -24.234 0.0496218 0.113702 4.79872 -17.7511 1.65063 9.23673 -4.20556 2.0327 -9.05985 3.02785 -12.8952 -0.852353 -38.7721 -0.655187 -1.03799 3.87626 -0.032555 -2.32622 -40.4017 -6.04875 1.56872 -1.49094 14.9615 0.779096 -9.8844 12.4959 2.48481e-17 -7.95139e-16 1.2424e-17 -9.23673 -4.20556 2.0327 -9.07847 -10.7788 17.7929 0.852353 -38.7721 -0.655187 4.33748 15.9073 -0.326628 2.32622 -40.4017 -6.04875 -0.484236 -4.97082 -15.2156 -0.779096 -9.8844 12.4959 -5.85951e-16 -5.59732e-16 -1.27474e-14 
7.97788 90.9711 60.1967 8.73573 -7.64331 2.81711 0 5.07867 -1.15138 -3.64074 5.58449 0.0670057 0 5.61661 1.07143 -2.79717 3.82564 -0.38381 -1.02604e-17 5.98978 0.11501 -2.07526 2.2756 -0.319291 -1.10457e-17 6.50583 -0.443523 -1.2735 -0.934307 -0.387551 -1.97295e-17 7.60548 -1.50593 -0.499159 -2.41713 -0.296215 -2.53307e-17 9.49737 -0.914492 0.204385 -4.52602 -0.640663 -2.90401e-17 10.5513 1.57691 -0.0174464 1.13042 -0.11879 -1.29193e-17 4.78644 0.715339 0.832447 9.50385 -2.33885 -1.8116e-17 4.82109 0.421791 0.485569 -2.92576 -1.27293 -2.00958e-17 4.83041 0.765062 0.0109465 -5.80618 1.40487 1.23299 -7.60731 7.53374 19.9906 5.43902 2.44176 12.9547 3.2495 -3.26872 -95.2195 26.7695 8.70947 29.2081 0.0598081 0.137039 3.99745 -0.670204 -19.6201 24.234 0.0496219 0.113701 -5.36797 -29.9445 -0.310371 -1.23299 -7.60729 7.53365 -16.3043 4.10365 -2.63783 -12.9547 3.2495 -3.26872 96.6792 17.7192 -5.72788 -29.2081 0.0598081 0.137039 -3.51347 -0.511932 17.1691 -24.234 0.0496218 0.113702 4.7722 -17.9235 1.66302 9.23673 -4.20556 2.0327 -9.067 2.99486 -12.9654 -0.852353 -38.7721 -0.655187 -1.0324 3.85542 -0.0325679 -2.32622 -40.4017 -6.04875 1.56071 -1.51517 14.9664 0.779096 -9.8844 12.4959 7.99181e-16 -7.58842e-16 -2.38728e-17 -9.23673 -4.20556 2.0327 -9.08581 -10.8431 17.777 0.852353 -38.7721 -0.655187 4.33912 15.9131 -0.326977 2.32622 -40.4017 -6.04875 -0.52209 -4.97181 -15.2158 -0.779096 -9.8844 12.4959 -2.14502e-15 -4.98587e-16 -1.26745e-14 
8.00271 90.9713 60.2412 8.73671 -7.59683 2.80573 0 5.07867 -1.15138 -3.63061 5.61418 0.0713218 0 5.61661 1.07143 -2.79167 3.84163 -0.37837 -1.02604e-17 5.98978 0.11501 -2.07344 2.27968 -0.314206 -1.10457e-17 6.50583 -0.443523 -1.27517 -0.952577 -0.382592 -1.97295e-17 7.60548 -1.50593 -0.502788 -2.44339 -0.291069 -2.53307e-17 9.49737 -0.914492 0.200329 -4.56062 -0.63273 -2.90401e-17 10.5513 1.57691 -0.0183666 1.13482 -0.119976 -1.29193e-17 4.78644 0.715339 0.838934 9.54066 -2.35281 -1.8116e-17 4.82109 0.421791 0.489066 -2.92718 -1.27778 -2.00958e-17 4.83041 0.765062 -0.0179332 -5.85075 1.33775 1.23299 -7.60731 7.53374 19.9315 5.43185 2.44769 12.9547 3.2495 -3.26872 -95.1863 26.4983 8.68971 29.2081 0.0598081 0.137039 3.99153 -0.668128 -19.5899 24.234 0.0496219 0.113701 -5.42209 -29.5952 -0.376324 -1.23299 -7.60729 7.53365 -16.4128 4.11706 -2.69425 -12.9547 3.2495 -3.26872 96.7948 17.6546 -5.79648 -29.2081 0.0598081 0.137039 -3.5263 -0.515832 17.2337 -24.234 0.0496218 0.113702 4.75212 -17.8576 1.69469 9.23673 -4.20556 2.0327 -9.07698 2.94348 -12.9893 -0.852353 -38.7721 -0.655187 -1.04114 3.88804 -0.0325469 -2.32622 -40.4017 -6.04875 1.56201 -1.53737 14.967 0.779096 -9.8844 12.4959 4.56541e-17 -7.94163e-16 1.14488e-17 -9.23673 -4.20556 2.0327 -9.0974 -10.918 17.7712 0.852353 -38.7721 -0.655187 4.35111 15.9552 -0.329534 2.32622 -40.4017 -6.04875 -0.50932 -4.97313 -15.2192 -0.779096 -9.8844 12.4959 -6.37966e-16 -5.57456e-16 -1.27451e-14 
8.02584 90.9741 60.2852 8.72315 -7.58119 2.78678 0 5.07867 -1.15138 -3.62379 5.63404 0.0787301 0 5.61661 1.07143 -2.78848 3.85136 -0.368223 -1.02604e-17 5.98978 0.11501 -2.07226 2.28074 -0.303685 -1.10457e-17 6.50583 -0.443523 -1.27574 -0.968662 -0.371456 -1.97295e-17 7.60548 -1.50593 -0.502524 -2.4621 -0.279728 -2.53307e-17 9.49737 -0.914492 0.202817 -4.58615 -0.6212 -2.90401e-17 10.5513 1.57691 -0.0178521 1.13811 -0.119061 -1.29193e-17 4.78644 0.715339 0.845115 9.54571 -2.40607 -1.8116e-17 4.82109 0.421791 0.500242 -2.90628 -1.301 -2.00958e-17 4.83041 0.765062 -0.0491087 -5.8534 1.32122 1.23299 -7.60731 7.53374 19.9088 5.43119 2.45829 12.9547 3.2495 -3.26872 -95.1648 26.3432 8.6685 29.2081 0.0598081 0.137039 3.98774 -0.666803 -19.5706 24.234 0.0496219 0.113701 -5.46935 -29.3406 -0.420366 -1.23299 -7.60729 7.53365 -16.4585 4.13433 -2.72178 -12.9547 3.2495 -3.26872 96.8313 17.5613 -5.86474 -29.2081 0.0598081 0.137039 -3.5508 -0.523323 17.3569 -24.234 0.0496218 0.113702 4.73967 -17.8081 1.65525 9.23673 -4.20556 2.0327 -9.07277 2.91905 -12.997 -0.852353 -38.7721 -0.655187 -1.05101 3.92485 -0.0325172 -2.32622 -40.4017 -6.04875 1.57265 -1.55064 14.9677 0.779096 -9.8844 12.4959 4.12014e-16 -7.8304e-16 3.25093e-19 -9.23673 -4.20556 2.0327 -9.08911 -10.9618 17.7651 0.852353 -38.7721 -0.655187 4.36106 15.99 -0.331662 2.32622 -40.4017 -6.04875 -0.525814 -4.94174 -15.2187 -0.779096 -9.8844 12.4959 -1.37069e-15 -5.34884e-16 -1.27108e-14 
8.04723 90.9764 60.3294 8.70549 -7.56639 2.75575 0 5.07867 -1.15138 -3.62357 5.6356 0.0830967 0 5.61661 1.07143 -2.78985 3.85283 -0.364241 -1.02604e-17 5.98978 0.11501 -2.07393 2.28346 -0.300123 -1.10457e-17 6.50583 -0.443523 -1.27823 -0.966388 -0.367639 -1.97295e-17 7.60548 -1.50593 -0.504704 -2.45765 -0.275137 -2.53307e-17 9.49737 -0.914492 0.201876 -4.57737 -0.616205 -2.90401e-17 10.5513 1.57691 -0.0183034 1.13907 -0.11889 -1.29193e-17 4.78644 0.715339 0.840642 9.53655 -2.40929 -1.8116e-17 4.82109 0.421791 0.499689 -2.91453 -1.30224 -2.00958e-17 4.83041 0.765062 -0.0349868 -5.85089 1.30289 1.23299 -7.60731 7.53374 19.8237 5.41709 2.47805 12.9547 3.2495 -3.26872 -95.1336 26.1687 8.64396 29.2081 0.0598081 0.137039 3.9932 -0.668712 -19.5984 24.234 0.0496219 0.113701 -5.40331 -29.1178 -0.393496 -1.23299 -7.60729 7.53365 -16.4002 4.12386 -2.74819 -12.9547 3.2495 -3.26872 96.8489 17.4436 -5.85447 -29.2081 0.0598081 0.137039 -3.57245 -0.529987 17.4659 -24.234 0.0496218 0.113702 4.661 -17.6873 1.56928 9.23673 -4.20556 2.0327 -9.06304 2.90503 -12.9854 -0.852353 -38.7721 -0.655187 -1.05658 3.94562 -0.0324977 -2.32622 -40.4017 -6.04875 1.57598 -1.57164 14.9693 0.779096 -9.8844 12.4959 4.22417e-16 -7.82715e-16 2.88531e-33 -9.23673 -4.20556 2.0327 -9.07163 -11.0268 17.7833 0.852353 -38.7721 -0.655187 4.38012 16.0568 -0.335755 2.32622 -40.4017 -6.04875 -0.522295 -4.90684 -15.2189 -0.779096 -9.8844 12.4959 -6.1716e-16 -5.58432e-16 -1.27461e-14 
8.06861 90.9794 60.373 8.68551 -7.56058 2.73307 0 5.07867 -1.15138 -3.6284 5.62677 0.0892003 0 5.61661 1.07143 -2.79453 3.84801 -0.358369 -1.02604e-17 5.98978 0.11501 -2.07727 2.28239 -0.294591 -1.10457e-17 6.50583 -0.443523 -1.28051 -0.963095 -0.361777 -1.97295e-17 7.60548 -1.50593 -0.504618 -2.45026 -0.268446 -2.53307e-17 9.49737 -0.914492 0.205243 -4.56777 -0.610538 -2.90401e-17 10.5513 1.57691 -0.0181969 1.13977 -0.11896 -1.29193e-17 4.78644 0.715339 0.844337 9.56912 -2.4377 -1.8116e-17 4.82109 0.421791 0.517927 -2.90741 -1.31427 -2.00958e-17 4.83041 0.765062 -0.0242559 -5.87365 1.31156 1.23299 -7.60731 7.53374 19.7997 5.39521 2.51625 12.9547 3.2495 -3.26872 -95.1675 25.9912 8.58898 29.2081 0.0598081 0.137039 3.98686 -0.666496 -19.5661 24.234 0.0496219 0.113701 -5.33065 -28.8498 -0.355591 -1.23299 -7.60729 7.53365 -16.3844 4.106 -2.79511 -12.9547 3.2495 -3.26872 96.9415 17.2938 -5.82343 -29.2081 0.0598081 0.137039 -3.57736 -0.531508 17.4907 -24.234 0.0496218 0.113702 4.56663 -17.5216 1.49749 9.23673 -4.20556 2.0327 -9.0513 2.91296 -12.9591 -0.852353 -38.7721 -0.655187 -1.05573 3.94246 -0.0325008 -2.32622 -40.4017 -6.04875 1.57745 -1.58585 14.9704 0.779096 -9.8844 12.4959 3.52511e-17 -7.94814e-16 1.20989e-17 -9.23673 -4.20556 2.0327 -9.05163 -11.0573 17.7976 0.852353 -38.7721 -0.655187 4.38806 16.0847 -0.337467 2.32622 -40.4017 -6.04875 -0.543499 -4.86894 -15.2182 -0.779096 -9.8844 12.4959 1.77979e-16 -5.95379e-16 -1.27713e-14 
8.08961 90.981 60.416 8.6883 -7.53934 2.70945 0 5.07867 -1.15138 -3.63629 5.6293 0.0952402 0 5.61661 1.07143 -2.80194 3.84828 -0.353253 -1.02604e-17 5.98978 0.11501 -2.08272 2.2812 -0.289443 -1.10457e-17 6.50583 -0.443523 -1.28428 -0.96882 -0.356463 -1.97295e-17 7.60548 -1.50593 -0.505312 -2.45791 -0.262158 -2.53307e-17 9.49737 -0.914492 0.208427 -4.57834 -0.605298 -2.90401e-17 10.5513 1.57691 -0.017814 1.1422 -0.119131 -1.29193e-17 4.78644 0.715339 0.847453 9.60407 -2.43116 -1.8116e-17 4.82109 0.421791 0.535376 -2.90844 -1.31032 -2.00958e-17 4.83041 0.765062 -0.0250318 -5.89205 1.27102 1.23299 -7.60731 7.53374 19.8 5.38478 2.55136 12.9547 3.2495 -3.26872 -95.1889 25.8157 8.55292 29.2081 0.0598081 0.137039 3.97956 -0.663945 -19.5289 24.234 0.0496219 0.113701 -5.32031 -28.5918 -0.359947 -1.23299 -7.60729 7.53365 -16.3748 4.09739 -2.83756 -12.9547 3.2495 -3.26872 97.0022 17.1368 -5.78272 -29.2081 0.0598081 0.137039 -3.57224 -0.529924 17.4649 -24.234 0.0496218 0.113702 4.50456 -17.3566 1.47558 9.23673 -4.20556 2.0327 -9.06178 2.91121 -12.9504 -0.852353 -38.7721 -0.655187 -1.05212 3.929 -0.0325135 -2.32622 -40.4017 -6.04875 1.5694 -1.58923 14.9707 0.779096 -9.8844 12.4959 4.12014e-16 -7.8304e-16 3.25093e-19 -9.23673 -4.20556 2.0327 -9.05738 -11.1005 17.8022 0.852353 -38.7721 -0.655187 4.39589 16.1121 -0.339157 2.32622 -40.4017 -6.04875 -0.552996 -4.85823 -15.22 -0.779096 -9.8844 12.4959 -1.88382e-16 -5.84255e-16 -1.27598e-14 
8.11195 90.9824 60.459 8.71264 -7.51691 2.70814 0 5.07867 -1.15138 -3.64572 5.63876 0.0974882 0 5.61661 1.07143 -2.81033 3.85213 -0.352044 -1.02604e-17 5.98978 0.11501 -2.08902 2.28045 -0.288107 -1.10457e-17 6.50583 -0.443523 -1.2885 -0.978334 -0.355015 -1.97295e-17 7.60548 -1.50593 -0.506814 -2.47153 -0.259967 -2.53307e-17 9.49737 -0.914492 0.209941 -4.59747 -0.603507 -2.90401e-17 10.5513 1.57691 -0.0174331 1.14436 -0.119189 -1.29193e-17 4.78644 0.715339 0.853043 9.6371 -2.44187 -1.8116e-17 4.82109 0.421791 0.548534 -2.90364 -1.31432 -2.00958e-17 4.83041 0.765062 -0.0283329 -5.91393 1.25376 1.23299 -7.60731 7.53374 19.8097 5.3817 2.5714 12.9547 3.2495 -3.26872 -95.1865 25.703 8.52454 29.2081 0.0598081 0.137039 3.97213 -0.661356 -19.4911 24.234 0.0496219 0.113701 -5.35542 -28.4194 -0.397239 -1.23299 -7.60729 7.53365 -16.3996 4.09758 -2.86228 -12.9547 3.2495 -3.26872 97.0396 17.0114 -5.77224 -29.2081 0.0598081 0.137039 -3.56697 -0.528296 17.4383 -24.234 0.0496218 0.113702 4.49959 -17.2426 1.50382 9.23673 -4.20556 2.0327 -9.09353 2.90264 -12.9616 -0.852353 -38.7721 -0.655187 -1.05124 3.92571 -0.0325164 -2.32622 -40.4017 -6.04875 1.55515 -1.5819 14.9701 0.779096 -9.8844 12.4959 4.22417e-16 -7.82715e-16 2.88531e-33 -9.23673 -4.20556 2.0327 -9.09035 -11.1341 17.7968 0.852353 -38.7721 -0.655187 4.40232 16.1346 -0.34055 2.32622 -40.4017 -6.04875 -0.56243 -4.86655 -15.223 -0.779096 -9.8844 12.4959 -9.73117e-16 -5.47633e-16 -1.27232e-14 
8.13341 90.9835 60.5022 8.72288 -7.49211 2.70315 0 5.07867 -1.15138 -3.65202 5.64688 0.0983352 0 5.61661 1.07143 -2.81605 3.85554 -0.352076 -1.02604e-17 5.98978 0.11501 -2.09329 2.27962 -0.288201 -1.10457e-17 6.50583 -0.443523 -1.29146 -0.987234 -0.354947 -1.97295e-17 7.60548 -1.50593 -0.508084 -2.48335 -0.259394 -2.53307e-17 9.49737 -0.914492 0.210257 -4.61292 -0.603052 -2.90401e-17 10.5513 1.57691 -0.0175463 1.14622 -0.119029 -1.29193e-17 4.78644 0.715339 0.855489 9.64704 -2.45798 -1.8116e-17 4.82109 0.421791 0.557183 -2.91189 -1.32102 -2.00958e-17 4.83041 0.765062 -0.0139156 -5.92313 1.24715 1.23299 -7.60731 7.53374 19.8019 5.38079 2.58521 12.9547 3.2495 -3.26872 -95.1758 25.5986 8.5094 29.2081 0.0598081 0.137039 3.97163 -0.661182 -19.4885 24.234 0.0496219 0.113701 -5.35126 -28.2757 -0.405823 -1.23299 -7.60729 7.53365 -16.4049 4.10022 -2.87741 -12.9547 3.2495 -3.26872 97.0565 16.9182 -5.76503 -29.2081 0.0598081 0.137039 -3.56772 -0.528528 17.4421 -24.234 0.0496218 0.113702 4.50304 -17.1696 1.52558 9.23673 -4.20556 2.0327 -9.11099 2.88262 -12.9772 -0.852353 -38.7721 -0.655187 -1.05514 3.94027 -0.0325029 -2.32622 -40.4017 -6.04875 1.54368 -1.5892 14.9713 0.779096 -9.8844 12.4959 -3.51915e-16 -8.06913e-16 2.41979e-17 -9.23673 -4.20556 2.0327 -9.10884 -11.1839 17.7815 0.852353 -38.7721 -0.655187 4.41477 16.1782 -0.343251 2.32622 -40.4017 -6.04875 -0.571393 -4.86227 -15.2246 -0.779096 -9.8844 12.4959 -2.19591e-16 -5.82955e-16 -1.27585e-14 
8.15501 90.9853 60.5453 8.71842 -7.47077 2.70865 0 5.07867 -1.15138 -3.65393 5.64975 0.0985775 0 5.61661 1.07143 -2.81771 3.8566 -0.351956 -1.02604e-17 5.98978 0.11501 -2.0943 2.27932 -0.288102 -1.10457e-17 6.50583 -0.443523 -1.29195 -0.99052 -0.354609 -1.97295e-17 7.60548 -1.50593 -0.507838 -2.48729 -0.258868 -2.53307e-17 9.49737 -0.914492 0.211142 -4.61777 -0.602631 -2.90401e-17 10.5513 1.57691 -0.0176215 1.14691 -0.11872 -1.29193e-17 4.78644 0.715339 0.858027 9.65096 -2.47678 -1.8116e-17 4.82109 0.421791 0.566427 -2.92574 -1.32905 -2.00958e-17 4.83041 0.765062 -0.00184824 -5.94339 1.23231 1.23299 -7.60731 7.53374 19.7933 5.37511 2.59839 12.9547 3.2495 -3.26872 -95.1636 25.5136 8.48341 29.2081 0.0598081 0.137039 3.97353 -0.661844 -19.4982 24.234 0.0496219 0.113701 -5.3334 -28.1383 -0.396803 -1.23299 -7.60729 7.53365 -16.4057 4.09888 -2.89012 -12.9547 3.2495 -3.26872 97.0636 16.8464 -5.75469 -29.2081 0.0598081 0.137039 -3.57186 -0.529808 17.463 -24.234 0.0496218 0.113702 4.50914 -17.1299 1.53399 9.23673 -4.20556 2.0327 -9.11402 2.86222 -12.9891 -0.852353 -38.7721 -0.655187 -1.06136 3.96348 -0.0324792 -2.32622 -40.4017 -6.04875 1.5419 -1.60406 14.9719 0.779096 -9.8844 12.4959 4.01611e-16 -7.83365e-16 6.50186e-19 -9.23673 -4.20556 2.0327 -9.11446 -11.2132 17.7684 0.852353 -38.7721 -0.655187 4.41977 16.1957 -0.34434 2.32622 -40.4017 -6.04875 -0.575983 -4.85431 -15.226 -0.779096 -9.8844 12.4959 -1.74745e-15 -5.11336e-16 -1.2699e-14 
8.17499 90.9872 60.588 8.711 -7.45263 2.70825 0 5.07867 -1.15138 -3.65434 5.6496 0.0999202 0 5.61661 1.07143 -2.81841 3.85615 -0.350326 -1.02604e-17 5.98978 0.11501 -2.09465 2.27868 -0.286365 -1.10457e-17 6.50583 -0.443523 -1.29205 -0.991995 -0.352593 -1.97295e-17 7.60548 -1.50593 -0.507164 -2.48875 -0.256638 -2.53307e-17 9.49737 -0.914492 0.212632 -4.61956 -0.600682 -2.90401e-17 10.5513 1.57691 -0.0176897 1.14734 -0.118234 -1.29193e-17 4.78644 0.715339 0.860075 9.64867 -2.50953 -1.8116e-17 4.82109 0.421791 0.576867 -2.9401 -1.34341 -2.00958e-17 4.83041 0.765062 0.00177181 -5.97198 1.2275 1.23299 -7.60731 7.53374 19.7858 5.36981 2.61022 12.9547 3.2495 -3.26872 -95.1542 25.4338 8.45317 29.2081 0.0598081 0.137039 3.97381 -0.661941 -19.4996 24.234 0.0496219 0.113701 -5.31605 -28.0003 -0.381318 -1.23299 -7.60729 7.53365 -16.3939 4.0974 -2.90162 -12.9547 3.2495 -3.26872 97.0563 16.7894 -5.73518 -29.2081 0.0598081 0.137039 -3.57526 -0.530857 17.4801 -24.234 0.0496218 0.113702 4.50843 -17.1048 1.52655 9.23673 -4.20556 2.0327 -9.11266 2.84332 -12.9874 -0.852353 -38.7721 -0.655187 -1.06832 3.98943 -0.0324498 -2.32622 -40.4017 -6.04875 1.53766 -1.62107 14.9727 0.779096 -9.8844 12.4959 3.52557e-17 -7.94813e-16 1.20988e-17 -9.23673 -4.20556 2.0327 -9.11233 -11.245 17.7732 0.852353 -38.7721 -0.655187 4.42633 16.2186 -0.34577 2.32622 -40.4017 -6.04875 -0.581689 -4.83976 -15.2274 -0.779096 -9.8844 12.4959 1.46747e-16 -5.94077e-16 -1.277e-14 
8.19343 90.9884 60.6305 8.68773 -7.42912 2.69773 0 5.07867 -1.15138 -3.65007 5.64955 0.101374 0 5.61661 1.07143 -2.81522 3.85537 -0.348104 -1.02604e-17 5.98978 0.11501 -2.09206 2.27681 -0.283958 -1.10457e-17 6.50583 -0.443523 -1.29015 -0.996111 -0.350044 -1.97295e-17 7.60548 -1.50593 -0.50541 -2.49325 -0.254138 -2.53307e-17 9.49737 -0.914492 0.214188 -4.62585 -0.598535 -2.90401e-17 10.5513 1.57691 -0.0176385 1.14779 -0.117768 -1.29193e-17 4.78644 0.715339 0.860736 9.64028 -2.53162 -1.8116e-17 4.82109 0.421791 0.58362 -2.95767 -1.35308 -2.00958e-17 4.83041 0.765062 0.0040811 -5.99821 1.21837 1.23299 -7.60731 7.53374 19.7882 5.36896 2.61946 12.9547 3.2495 -3.26872 -95.1561 25.3767 8.4323 29.2081 0.0598081 0.137039 3.97286 -0.66161 -19.4948 24.234 0.0496219 0.113701 -5.3127 -27.8985 -0.383488 -1.23299 -7.60729 7.53365 -16.3803 4.09909 -2.91298 -12.9547 3.2495 -3.26872 97.0436 16.7378 -5.71041 -29.2081 0.0598081 0.137039 -3.57582 -0.53103 17.4829 -24.234 0.0496218 0.113702 4.50799 -17.0783 1.52727 9.23673 -4.20556 2.0327 -9.09441 2.82357 -12.9728 -0.852353 -38.7721 -0.655187 -1.07349 4.00874 -0.0324258 -2.32622 -40.4017 -6.04875 1.53385 -1.65351 14.9742 0.779096 -9.8844 12.4959 2.48481e-17 -7.95139e-16 1.2424e-17 -9.23673 -4.20556 2.0327 -9.08931 -11.2855 17.8077 0.852353 -38.7721 -0.655187 4.43266 16.2407 -0.347151 2.32622 -40.4017 -6.04875 -0.580079 -4.82024 -15.2289 -0.779096 -9.8844 12.4959 5.85946e-16 -6.20552e-16 -1.27961e-14 
8.21029 90.99 60.673 8.67357 -7.41406 2.67884 0 5.07867 -1.15138 -3.66013 5.64626 0.10473 0 5.61661 1.07143 -2.82339 3.85311 -0.347019 -1.02604e-17 5.98978 0.11501 -2.09727 2.27721 -0.283 -1.10457e-17 6.50583 -0.443523 -1.29342 -0.994784 -0.349012 -1.97295e-17 7.60548 -1.50593 -0.505861 -2.49204 -0.25219 -2.53307e-17 9.49737 -0.914492 0.216289 -4.61963 -0.598072 -2.90401e-17 10.5513 1.57691 -0.0184276 1.14847 -0.117634 -1.29193e-17 4.78644 0.715339 0.858896 9.61863 -2.55311 -1.8116e-17 4.82109 0.421791 0.589155 -2.98785 -1.36245 -2.00958e-17 4.83041 0.765062 0.0489362 -6.01623 1.2304 1.23299 -7.60731 7.53374 19.717 5.36637 2.62325 12.9547 3.2495 -3.26872 -95.0189 25.3097 8.39975 29.2081 0.0598081 0.137039 3.96413 -0.658576 -19.4504 24.234 0.0496219 0.113701 -5.34643 -27.8228 -0.448626 -1.23299 -7.60729 7.53365 -16.2501 4.09875 -2.91364 -12.9547 3.2495 -3.26872 97.0475 16.6609 -5.64378 -29.2081 0.0598081 0.137039 -3.56961 -0.52911 17.4516 -24.234 0.0496218 0.113702 4.40209 -17.0321 1.50394 9.23673 -4.20556 2.0327 -9.08269 2.80913 -12.9487 -0.852353 -38.7721 -0.655187 -1.07989 4.03262 -0.0323938 -2.32622 -40.4017 -6.04875 1.51204 -1.68369 14.9775 0.779096 -9.8844 12.4959 2.48481e-17 -7.95139e-16 1.2424e-17 -9.23673 -4.20556 2.0327 -9.07022 -11.3334 17.883 0.852353 -38.7721 -0.655187 4.44598 16.2874 -0.350069 2.32622 -40.4017 -6.04875 -0.570745 -4.79993 -15.2294 -0.779096 -9.8844 12.4959 -9.52292e-16 -5.48609e-16 -1.27242e-14 
8.22577 90.9883 60.7156 8.65606 -7.36643 2.65102 0 5.07867 -1.15138 -3.67809 5.62143 0.103017 0 5.61661 1.07143 -2.83578 3.83787 -0.353768 -1.02604e-17 5.98978 0.11501 -2.10337 2.27128 -0.290183 -1.10457e-17 6.50583 -0.443523 -1.29528 -0.988931 -0.356267 -1.97295e-17 7.60548 -1.50593 -0.504107 -2.48172 -0.258386 -2.53307e-17 9.49737 -0.914492 0.219629 -4.59715 -0.608093 -2.90401e-17 10.5513 1.57691 -0.0198801 1.14871 -0.117235 -1.29193e-17 4.78644 0.715339 0.853608 9.57815 -2.55133 -1.8116e-17 4.82109 0.421791 0.591806 -3.01599 -1.36201 -2.00958e-17 4.83041 0.765062 0.113016 -6.03634 1.26433 1.23299 -7.60731 7.53374 19.594 5.3621 2.64036 12.9547 3.2495 -3.26872 -94.8174 25.2513 8.35882 29.2081 0.0598081 0.137039 3.95633 -0.655869 -19.4106 24.234 0.0496219 0.113701 -5.36717 -27.7981 -0.516662 -1.23299 -7.60729 7.53365 -15.9731 4.09091 -2.90483 -12.9547 3.2495 -3.26872 97.0643 16.4445 -5.51387 -29.2081 0.0598081 0.137039 -3.55324 -0.524069 17.3692 -24.234 0.0496218 0.113702 4.16545 -16.8104 1.45721 9.23673 -4.20556 2.0327 -9.07015 2.75202 -12.8894 -0.852353 -38.7721 -0.655187 -1.09179 4.07699 -0.0323272 -2.32622 -40.4017 -6.04875 1.49936 -1.7361 14.9824 0.779096 -9.8844 12.4959 4.1201e-16 -7.8304e-16 3.25241e-19 -9.23673 -4.20556 2.0327 -9.04699 -11.4182 17.9525 0.852353 -38.7721 -0.655187 4.46136 16.3411 -0.353449 2.32622 -40.4017 -6.04875 -0.570066 -4.7941 -15.2314 -0.779096 -9.8844 12.4959 -2.196e-16 -5.82954e-16 -1.27585e-14 
8.23856 90.9802 60.754 8.63233 -7.28821 2.60809 0 5.07867 -1.15138 -3.68534 5.60082 0.0968795 0 5.61661 1.07143 -2.83951 3.82125 -0.362326 -1.02604e-17 5.98978 0.11501 -2.10314 2.25475 -0.29862 -1.10457e-17 6.50583 -0.443523 -1.29219 -1.00538 -0.364947 -1.97295e-17 7.60548 -1.50593 -0.499368 -2.49692 -0.267078 -2.53307e-17 9.49737 -0.914492 0.223278 -4.61429 -0.619764 -2.90401e-17 10.5513 1.57691 -0.0199665 1.15017 -0.116246 -1.29193e-17 4.78644 0.715339 0.855103 9.53567 -2.54035 -1.8116e-17 4.82109 0.421791 0.600108 -3.00341 -1.35707 -2.00958e-17 4.83041 0.765062 0.1349 -6.04442 1.29298 1.23299 -7.60731 7.53374 19.5503 5.37661 2.66305 12.9547 3.2495 -3.26872 -94.7292 25.229 8.37371 29.2081 0.0598081 0.137039 3.9577 -0.656345 -19.4176 24.234 0.0496219 0.113701 -5.37193 -27.7883 -0.538009 -1.23299 -7.60729 7.53365 -15.8442 4.09927 -2.90301 -12.9547 3.2495 -3.26872 97.0658 16.202 -5.43554 -29.2081 0.0598081 0.137039 -3.5413 -0.520409 17.3091 -24.234 0.0496218 0.113702 4.08059 -16.5683 1.43355 9.23673 -4.20556 2.0327 -9.05488 2.65093 -12.8018 -0.852353 -38.7721 -0.655187 -1.10952 4.14314 -0.0322107 -2.32622 -40.4017 -6.04875 1.53007 -1.81314 14.9846 0.779096 -9.8844 12.4959 4.22417e-16 -7.82715e-16 2.88531e-33 -9.23673 -4.20556 2.0327 -9.02053 -11.5394 17.9859 0.852353 -38.7721 -0.655187 4.47753 16.3976 -0.357018 2.32622 -40.4017 -6.04875 -0.576005 -4.81288 -15.2335 -0.779096 -9.8844 12.4959 -9.73108e-16 -5.47634e-16 -1.27232e-14 
8.25073 90.9665 60.7885 8.62541 -7.20257 2.56036 0 5.07867 -1.15138 -3.69054 5.58467 0.089345 0 5.61661 1.07143 -2.84272 3.80619 -0.37154 -1.02604e-17 5.98978 0.11501 -2.10343 2.23611 -0.307567 -1.10457e-17 6.50583 -0.443523 -1.29039 -1.02897 -0.374056 -1.97295e-17 7.60548 -1.50593 -0.496686 -2.51986 -0.27618 -2.53307e-17 9.49737 -0.914492 0.224253 -4.64253 -0.63047 -2.90401e-17 10.5513 1.57691 -0.0200303 1.1515 -0.114801 -1.29193e-17 4.78644 0.715339 0.853776 9.47812 -2.5382 -1.8116e-17 4.82109 0.421791 0.605991 -2.98649 -1.35593 -2.00958e-17 4.83041 0.765062 0.159187 -6.02283 1.3187 1.23299 -7.60731 7.53374 19.5249 5.39913 2.68456 12.9547 3.2495 -3.26872 -94.704 25.1876 8.42573 29.2081 0.0598081 0.137039 3.96564 -0.6591 -19.458 24.234 0.0496219 0.113701 -5.35064 -27.7407 -0.538977 -1.23299 -7.60729 7.53365 -15.7515 4.11784 -2.89703 -12.9547 3.2495 -3.26872 97.0216 16.0151 -5.41083 -29.2081 0.0598081 0.137039 -3.53714 -0.519139 17.2882 -24.234 0.0496218 0.113702 4.05607 -16.4129 1.45073 9.23673 -4.20556 2.0327 -9.05379 2.53612 -12.7255 -0.852353 -38.7721 -0.655187 -1.1297 4.21841 -0.0320531 -2.32622 -40.4017 -6.04875 1.55237 -1.90542 14.9874 0.779096 -9.8844 12.4959 3.52558e-17 -7.94813e-16 1.20988e-17 -9.23673 -4.20556 2.0327 -9.01074 -11.6836 18.0149 0.852353 -38.7721 -0.655187 4.50062 16.4782 -0.362142 2.32622 -40.4017 -6.04875 -0.585941 -4.8577 -15.2366 -0.779096 -9.8844 12.4959 -9.93923e-16 -5.46658e-16 -1.27222e-14 
8.25851 90.9448 60.8189 8.59326 -7.0757 2.46108 0 5.07867 -1.15138 -3.68985 5.56216 0.0817822 0 5.61661 1.07143 -2.84163 3.78665 -0.380241 -1.02604e-17 5.98978 0.11501 -2.10069 2.21294 -0.316081 -1.10457e-17 6.50583 -0.443523 -1.28684 -1.05643 -0.382908 -1.97295e-17 7.60548 -1.50593 -0.493605 -2.54407 -0.285262 -2.53307e-17 9.49737 -0.914492 0.224075 -4.67228 -0.640781 -2.90401e-17 10.5513 1.57691 -0.0205967 1.15199 -0.113785 -1.29193e-17 4.78644 0.715339 0.850332 9.41546 -2.52844 -1.8116e-17 4.82109 0.421791 0.617571 -2.97376 -1.35103 -2.00958e-17 4.83041 0.765062 0.207601 -5.99697 1.35876 1.23299 -7.60731 7.53374 19.5098 5.42312 2.71201 12.9547 3.2495 -3.26872 -94.6976 25.0979 8.49609 29.2081 0.0598081 0.137039 3.97493 -0.66233 -19.5053 24.234 0.0496219 0.113701 -5.33359 -27.6572 -0.552837 -1.23299 -7.60729 7.53365 -15.6785 4.13868 -2.90683 -12.9547 3.2495 -3.26872 96.9863 15.8755 -5.3922 -29.2081 0.0598081 0.137039 -3.53527 -0.518565 17.2788 -24.234 0.0496218 0.113702 4.04218 -16.2726 1.50729 9.23673 -4.20556 2.0327 -9.02767 2.37129 -12.6246 -0.852353 -38.7721 -0.655187 -1.15371 4.30794 -0.0318311 -2.32622 -40.4017 -6.04875 1.58821 -2.05551 14.9948 0.779096 -9.8844 12.4959 -7.49475e-16 -8.31435e-16 4.87204e-17 -9.23673 -4.20556 2.0327 -8.96486 -11.8947 18.0873 0.852353 -38.7721 -0.655187 4.52889 16.5768 -0.36846 2.32622 -40.4017 -6.04875 -0.591327 -4.91751 -15.2391 -0.779096 -9.8844 12.4959 9.41885e-16 -6.31349e-16 -1.28069e-14 
8.27003 90.962 60.8928 8.55208 -6.97726 2.32785 0 5.07867 -1.15138 -3.69327 5.47415 0.074516 0 5.61661 1.07143 -2.84246 3.7285 -0.389555 -1.02604e-17 5.98978 0.11501 -2.09856 2.1768 -0.325804 -1.10457e-17 6.50583 -0.443523 -1.28276 -1.05402 -0.392976 -1.97295e-17 7.60548 -1.50593 -0.489794 -2.51743 -0.295551 -2.53307e-17 9.49737 -0.914492 0.22532 -4.6305 -0.653199 -2.90401e-17 10.5513 1.57691 -0.0216116 1.14593 -0.114262 -1.29193e-17 4.78644 0.715339 0.84972 9.36753 -2.50867 -1.8116e-17 4.82109 0.421791 0.627264 -2.96156 -1.34169 -2.00958e-17 4.83041 0.765062 0.275018 -5.97122 1.39856 1.23299 -7.60731 7.53374 19.426 5.4077 2.74997 12.9547 3.2495 -3.26872 -94.6562 24.9745 8.55691 29.2081 0.0598081 0.137039 3.97533 -0.662472 -19.5074 24.234 0.0496219 0.113701 -5.29385 -27.5273 -0.530394 -1.23299 -7.60729 7.53365 -15.5576 4.11829 -2.93558 -12.9547 3.2495 -3.26872 96.9968 15.7282 -5.36449 -29.2081 0.0598081 0.137039 -3.53734 -0.519197 17.2892 -24.234 0.0496218 0.113702 3.93227 -16.0649 1.4931 9.23673 -4.20556 2.0327 -8.99426 2.27917 -12.4995 -0.852353 -38.7721 -0.655187 -1.16235 4.34017 -0.0317419 -2.32622 -40.4017 -6.04875 1.58089 -2.06268 14.9979 0.779096 -9.8844 12.4959 3.91194e-16 -7.84016e-16 1.30097e-18 -9.23673 -4.20556 2.0327 -8.90365 -12.0151 18.2139 0.852353 -38.7721 -0.655187 4.53203 16.5877 -0.369165 2.32622 -40.4017 -6.04875 -0.561018 -4.8693 -15.2372 -0.779096 -9.8844 12.4959 -9.41885e-16 -5.48935e-16 -1.27245e-14 
8.26888 90.9521 60.936 8.49493 -6.84705 2.13438 0 5.07867 -1.15138 -3.69408 5.41825 0.0658976 0 5.61661 1.07143 -2.84163 3.68955 -0.400261 -1.02604e-17 5.98978 0.11501 -2.09454 2.1473 -0.336288 -1.10457e-17 6.50583 -0.443523 -1.27686 -1.06718 -0.403874 -1.97295e-17 7.60548 -1.50593 -0.483952 -2.51665 -0.306615 -2.53307e-17 9.49737 -0.914492 0.227873 -4.62365 -0.667657 -2.90401e-17 10.5513 1.57691 -0.0225978 1.14317 -0.113781 -1.29193e-17 4.78644 0.715339 0.847167 9.28387 -2.49756 -1.8116e-17 4.82109 0.421791 0.656329 -2.96246 -1.33605 -2.00958e-17 4.83041 0.765062 0.34182 -5.91639 1.44708 1.23299 -7.60731 7.53374 19.3446 5.41666 2.79274 12.9547 3.2495 -3.26872 -94.5527 24.83 8.61343 29.2081 0.0598081 0.137039 3.97847 -0.663566 -19.5234 24.234 0.0496219 0.113701 -5.32214 -27.3714 -0.533352 -1.23299 -7.60729 7.53365 -15.3729 4.11592 -2.95918 -12.9547 3.2495 -3.26872 96.9761 15.4802 -5.30741 -29.2081 0.0598081 0.137039 -3.54581 -0.521791 17.3318 -24.234 0.0496218 0.113702 3.78773 -15.7234 1.48428 9.23673 -4.20556 2.0327 -8.94134 2.09976 -12.3538 -0.852353 -38.7721 -0.655187 -1.1914 4.4485 -0.0314065 -2.32622 -40.4017 -6.04875 1.63328 -2.18508 15.0053 0.779096 -9.8844 12.4959 3.52558e-17 -7.94813e-16 1.20988e-17 -9.23673 -4.20556 2.0327 -8.80054 -12.2803 18.399 0.852353 -38.7721 -0.655187 4.57461 16.7361 -0.378779 2.32622 -40.4017 -6.04875 -0.536695 -4.86294 -15.2371 -0.779096 -9.8844 12.4959 -9.93923e-16 -5.46658e-16 -1.27222e-14 
8.25745 90.9393 60.9695 8.43645 -6.72427 1.89573 0 5.07867 -1.15138 -3.69139 5.37639 0.0520179 0 5.61661 1.07143 -2.83733 3.6589 -0.415782 -1.02604e-17 5.98978 0.11501 -2.08803 2.11869 -0.351619 -1.10457e-17 6.50583 -0.443523 -1.26881 -1.09038 -0.419858 -1.97295e-17 7.60548 -1.50593 -0.477477 -2.52943 -0.323232 -2.53307e-17 9.49737 -0.914492 0.228618 -4.63854 -0.68707 -2.90401e-17 10.5513 1.57691 -0.0233465 1.1409 -0.113256 -1.29193e-17 4.78644 0.715339 0.845865 9.19456 -2.48181 -1.8116e-17 4.82109 0.421791 0.683162 -2.92657 -1.32836 -2.00958e-17 4.83041 0.765062 0.406204 -5.86785 1.4948 1.23299 -7.60731 7.53374 19.2885 5.44097 2.83018 12.9547 3.2495 -3.26872 -94.5245 24.6843 8.69598 29.2081 0.0598081 0.137039 3.98478 -0.665767 -19.5555 24.234 0.0496219 0.113701 -5.27622 -27.2279 -0.484937 -1.23299 -7.60729 7.53365 -15.2655 4.12425 -2.98101 -12.9547 3.2495 -3.26872 96.9482 15.2143 -5.26717 -29.2081 0.0598081 0.137039 -3.56101 -0.526459 17.4084 -24.234 0.0496218 0.113702 3.71508 -15.3212 1.49682 9.23673 -4.20556 2.0327 -8.87956 1.90244 -12.1845 -0.852353 -38.7721 -0.655187 -1.22867 4.58743 -0.0308956 -2.32622 -40.4017 -6.04875 1.69445 -2.32026 15.0136 0.779096 -9.8844 12.4959 -3.62314e-16 -8.07237e-16 2.45228e-17 -9.23673 -4.20556 2.0327 -8.68035 -12.595 18.611 0.852353 -38.7721 -0.655187 4.63639 16.951 -0.392925 2.32622 -40.4017 -6.04875 -0.485624 -4.84795 -15.2362 -0.779096 -9.8844 12.4959 5.54723e-16 -6.19251e-16 -1.27948e-14 
8.24023 90.9277 60.9969 8.39036 -6.62448 1.63065 0 5.07867 -1.15138 -3.69041 5.33968 0.0447068 0 5.61661 1.07143 -2.83664 3.63424 -0.424801 -1.02604e-17 5.98978 0.11501 -2.0846 2.10611 -0.358346 -1.10457e-17 6.50583 -0.443523 -1.26399 -1.08113 -0.42583 -1.97295e-17 7.60548 -1.50593 -0.472212 -2.51201 -0.328934 -2.53307e-17 9.49737 -0.914492 0.232509 -4.6021 -0.695768 -2.90401e-17 10.5513 1.57691 -0.0240137 1.13585 -0.108382 -1.29193e-17 4.78644 0.715339 0.828302 8.99627 -2.5128 -1.8116e-17 4.82109 0.421791 0.717421 -2.92305 -1.34228 -2.00958e-17 4.83041 0.765062 0.498227 -5.77184 1.51993 1.23299 -7.60731 7.53374 19.0716 5.45316 2.83427 12.9547 3.2495 -3.26872 -94.1067 24.54 8.68418 29.2081 0.0598081 0.137039 3.98251 -0.664975 -19.5439 24.234 0.0496219 0.113701 -5.44711 -27.0838 -0.615458 -1.23299 -7.60729 7.53365 -14.8431 4.14137 -2.91222 -12.9547 3.2495 -3.26872 96.4531 14.9818 -5.18268 -29.2081 0.0598081 0.137039 -3.57722 -0.531462 17.49 -24.234 0.0496218 0.113702 3.72952 -15.1197 1.68534 9.23673 -4.20556 2.0327 -8.8214 1.7112 -12.0507 -0.852353 -38.7721 -0.655187 -1.27186 4.74839 -0.0301902 -2.32622 -40.4017 -6.04875 1.71105 -2.45295 15.0286 0.779096 -9.8844 12.4959 1.44404e-17 -7.95464e-16 1.27493e-17 -9.23673 -4.20556 2.0327 -8.56074 -12.924 18.8353 0.852353 -38.7721 -0.655187 4.71173 17.2123 -0.410483 2.32622 -40.4017 -6.04875 -0.419751 -4.82241 -15.2366 -0.779096 -9.8844 12.4959 -1.77969e-16 -5.84906e-16 -1.27605e-14 
8.2213 90.9192 61.0196 8.34707 -6.54905 1.35324 0 5.07867 -1.15138 -3.70097 5.29428 0.0248249 0 5.61661 1.07143 -2.84297 3.608 -0.449723 -1.02604e-17 5.98978 0.11501 -2.08596 2.0927 -0.383371 -1.10457e-17 6.50583 -0.443523 -1.26152 -1.06877 -0.451754 -1.97295e-17 7.60548 -1.50593 -0.470701 -2.487 -0.354831 -2.53307e-17 9.49737 -0.914492 0.228312 -4.56174 -0.723623 -2.90401e-17 10.5513 1.57691 -0.0260637 1.12926 -0.108231 -1.29193e-17 4.78644 0.715339 0.821867 8.8813 -2.57357 -1.8116e-17 4.82109 0.421791 0.733169 -2.91545 -1.37026 -2.00958e-17 4.83041 0.765062 0.655172 -5.7173 1.65142 1.23299 -7.60731 7.53374 18.9136 5.46549 2.83222 12.9547 3.2495 -3.26872 -93.7428 24.5727 8.68569 29.2081 0.0598081 0.137039 3.98161 -0.66466 -19.5393 24.234 0.0496219 0.113701 -5.52517 -27.1706 -0.6804 -1.23299 -7.60729 7.53365 -14.6014 4.13114 -2.87526 -12.9547 3.2495 -3.26872 96.2523 14.8237 -5.08427 -29.2081 0.0598081 0.137039 -3.60036 -0.538648 17.6066 -24.234 0.0496218 0.113702 3.65066 -14.8021 1.78229 9.23673 -4.20556 2.0327 -8.76496 1.54705 -11.8525 -0.852353 -38.7721 -0.655187 -1.31092 4.89394 -0.0294474 -2.32622 -40.4017 -6.04875 1.76521 -2.55413 15.0342 0.779096 -9.8844 12.4959 2.48481e-17 -7.95139e-16 1.2424e-17 -9.23673 -4.20556 2.0327 -8.42562 -13.2529 19.1072 0.852353 -38.7721 -0.655187 4.79553 17.5023 -0.430412 2.32622 -40.4017 -6.04875 -0.372764 -4.75397 -15.2362 -0.779096 -9.8844 12.4959 -9.73108e-16 -5.47634e-16 -1.27232e-14 
8.20132 90.9144 61.0386 8.30146 -6.49461 1.04613 0 5.07867 -1.15138 -3.71896 5.23835 0.0105247 0 5.61661 1.07143 -2.85533 3.57698 -0.467666 -1.02604e-17 5.98978 0.11501 -2.09086 2.07725 -0.401033 -1.10457e-17 6.50583 -0.443523 -1.25959 -1.05498 -0.469626 -1.97295e-17 7.60548 -1.50593 -0.465418 -2.4539 -0.372165 -2.53307e-17 9.49737 -0.914492 0.232286 -4.51743 -0.746363 -2.90401e-17 10.5513 1.57691 -0.0262865 1.1231 -0.107565 -1.29193e-17 4.78644 0.715339 0.820588 8.79027 -2.65479 -1.8116e-17 4.82109 0.421791 0.802951 -2.89847 -1.40681 -2.00958e-17 4.83041 0.765062 0.770736 -5.64423 1.73985 1.23299 -7.60731 7.53374 18.8858 5.47456 2.88265 12.9547 3.2495 -3.26872 -93.6972 24.5428 8.6728 29.2081 0.0598081 0.137039 3.99098 -0.667936 -19.5871 24.234 0.0496219 0.113701 -5.37093 -27.0641 -0.533024 -1.23299 -7.60729 7.53365 -14.4312 4.10044 -2.89111 -12.9547 3.2495 -3.26872 96.1446 14.5674 -4.97695 -29.2081 0.0598081 0.137039 -3.63969 -0.55098 17.8049 -24.234 0.0496218 0.113702 3.55085 -14.3365 1.76035 9.23673 -4.20556 2.0327 -8.70852 1.43946 -11.6223 -0.852353 -38.7721 -0.655187 -1.32918 4.96196 -0.029066 -2.32622 -40.4017 -6.04875 1.81279 -2.6202 15.0398 0.779096 -9.8844 12.4959 -7.49475e-16 -8.31435e-16 4.87204e-17 -9.23673 -4.20556 2.0327 -8.27289 -13.6001 19.4085 0.852353 -38.7721 -0.655187 4.89284 17.8379 -0.45408 2.32622 -40.4017 -6.04875 -0.321413 -4.63991 -15.2338 -0.779096 -9.8844 12.4959 1.67561e-16 -5.95053e-16 -1.27706e-14 
8.18053 90.9142 61.0575 8.25329 -6.461 0.708778 0 5.07867 -1.15138 -3.74384 5.1877 0.0030034 0 5.61661 1.07143 -2.87396 3.55049 -0.479226 -1.02604e-17 5.98978 0.11501 -2.10074 2.06842 -0.412104 -1.10457e-17 6.50583 -0.443523 -1.26138 -1.03426 -0.480759 -1.97295e-17 7.60548 -1.50593 -0.461375 -2.41398 -0.381833 -2.53307e-17 9.49737 -0.914492 0.238895 -4.46471 -0.762217 -2.90401e-17 10.5513 1.57691 -0.0261266 1.11647 -0.107034 -1.29193e-17 4.78644 0.715339 0.816963 8.7281 -2.72656 -1.8116e-17 4.82109 0.421791 0.88262 -2.8912 -1.43818 -2.00958e-17 4.83041 0.765062 0.895648 -5.59413 1.75036 1.23299 -7.60731 7.53374 18.8941 5.47258 2.95939 12.9547 3.2495 -3.26872 -93.7224 24.3817 8.65701 29.2081 0.0598081 0.137039 3.99528 -0.669442 -19.609 24.234 0.0496219 0.113701 -5.17471 -26.7567 -0.396571 -1.23299 -7.60729 7.53365 -14.2467 4.0546 -2.9369 -12.9547 3.2495 -3.26872 96.0632 14.2808 -4.85414 -29.2081 0.0598081 0.137039 -3.6783 -0.563231 17.9998 -24.234 0.0496218 0.113702 3.42048 -13.8406 1.74979 9.23673 -4.20556 2.0327 -8.64878 1.36625 -11.3963 -0.852353 -38.7721 -0.655187 -1.34043 5.00388 -0.0288202 -2.32622 -40.4017 -6.04875 1.84986 -2.66383 15.0456 0.779096 -9.8844 12.4959 4.02341e-18 -7.96115e-16 1.34002e-17 -9.23673 -4.20556 2.0327 -8.10295 -13.9403 19.7402 0.852353 -38.7721 -0.655187 4.9935 18.1838 -0.479152 2.32622 -40.4017 -6.04875 -0.273732 -4.49147 -15.2307 -0.779096 -9.8844 12.4959 -1.88372e-16 -5.84255e-16 -1.27598e-14 
8.16115 90.9136 61.0773 8.20819 -6.40335 0.341968 0 5.07867 -1.15138 -3.76652 5.13975 -0.00576413 0 5.61661 1.07143 -2.89088 3.52593 -0.492265 -1.02604e-17 5.98978 0.11501 -2.1097 2.05853 -0.424872 -1.10457e-17 6.50583 -0.443523 -1.26277 -1.01977 -0.493906 -1.97295e-17 7.60548 -1.50593 -0.457846 -2.38132 -0.393607 -2.53307e-17 9.49737 -0.914492 0.243902 -4.42321 -0.779622 -2.90401e-17 10.5513 1.57691 -0.026754 1.1105 -0.10705 -1.29193e-17 4.78644 0.715339 0.816476 8.69217 -2.8276 -1.8116e-17 4.82109 0.421791 0.968401 -2.86798 -1.48201 -2.00958e-17 4.83041 0.765062 1.0186 -5.56369 1.77231 1.23299 -7.60731 7.53374 18.9178 5.46723 3.05057 12.9547 3.2495 -3.26872 -93.7762 24.0678 8.64733 29.2081 0.0598081 0.137039 3.99651 -0.669873 -19.6153 24.234 0.0496219 0.113701 -4.98402 -26.2585 -0.271203 -1.23299 -7.60729 7.53365 -14.1141 4.00905 -3.01753 -12.9547 3.2495 -3.26872 96.0399 13.9377 -4.75067 -29.2081 0.0598081 0.137039 -3.71133 -0.573827 18.1667 -24.234 0.0496218 0.113702 3.28814 -13.2576 1.81764 9.23673 -4.20556 2.0327 -8.59484 1.28662 -11.1496 -0.852353 -38.7721 -0.655187 -1.3427 5.01232 -0.0287696 -2.32622 -40.4017 -6.04875 1.89444 -2.7053 15.0504 0.779096 -9.8844 12.4959 -3.62309e-16 -8.07237e-16 2.45227e-17 -9.23673 -4.20556 2.0327 -7.9093 -14.364 20.1635 0.852353 -38.7721 -0.655187 5.12034 18.6178 -0.511595 2.32622 -40.4017 -6.04875 -0.217988 -4.31589 -15.2309 -0.779096 -9.8844 12.4959 1.88372e-16 -5.96029e-16 -1.27716e-14 
8.14603 90.9138 61.0944 8.20352 -6.341 -0.0544921 0 5.07867 -1.15138 -3.70684 5.26869 -0.00945472 0 5.61661 1.07143 -2.85702 3.59492 -0.482217 -1.02604e-17 5.98978 0.11501 -2.09691 2.07577 -0.409623 -1.10457e-17 6.50583 -0.443523 -1.26355 -1.06691 -0.480075 -1.97295e-17 7.60548 -1.50593 -0.470129 -2.47035 -0.382468 -2.53307e-17 9.49737 -0.914492 0.225252 -4.56274 -0.749852 -2.90401e-17 10.5513 1.57691 -0.021522 1.1067 -0.105816 -1.29193e-17 4.78644 0.715339 0.845312 8.61223 -2.96787 -1.8116e-17 4.82109 0.421791 1.05868 -2.73722 -1.54 -2.00958e-17 4.83041 0.765062 0.947249 -5.53507 1.61605 1.23299 -7.60731 7.53374 18.9943 5.545 2.88391 12.9547 3.2495 -3.26872 -93.1144 24.0625 8.77831 29.2081 0.0598081 0.137039 4.00503 -0.672865 -19.6587 24.234 0.0496219 0.113701 -5.77917 -26.2143 -0.776772 -1.23299 -7.60729 7.53365 -15.0186 4.09575 -2.97789 -12.9547 3.2495 -3.26872 95.0094 14.5528 -5.14238 -29.2081 0.0598081 0.137039 -3.8209 -0.609744 18.7214 -24.234 0.0496218 0.113702 4.86281 -14.2983 2.53453 9.23673 -4.20556 2.0327 -8.58423 1.19461 -10.9653 -0.852353 -38.7721 -0.655187 -1.34709 5.02869 -0.0286707 -2.32622 -40.4017 -6.04875 1.92146 -2.70918 15.0553 0.779096 -9.8844 12.4959 1.44356e-17 -7.95464e-16 1.27494e-17 -9.23673 -4.20556 2.0327 -7.75954 -14.8235 20.5706 0.852353 -38.7721 -0.655187 5.26216 19.1007 -0.548989 2.32622 -40.4017 -6.04875 -0.0814063 -4.18501 -15.2408 -0.779096 -9.8844 12.4959 -1.88372e-16 -5.84255e-16 -1.27598e-14 
8.13926 90.9146 61.1136 8.21966 -6.28089 -0.488103 0 5.07867 -1.15138 -3.70069 5.25227 -0.0318437 0 5.61661 1.07143 -2.86236 3.58705 -0.503969 -1.02604e-17 5.98978 0.11501 -2.11096 2.06796 -0.435859 -1.10457e-17 6.50583 -0.443523 -1.28282 -1.05679 -0.509889 -1.97295e-17 7.60548 -1.50593 -0.500313 -2.43918 -0.412945 -2.53307e-17 9.49737 -0.914492 0.183754 -4.52787 -0.764125 -2.90401e-17 10.5513 1.57691 -0.0270503 1.08973 -0.117621 -1.29193e-17 4.78644 0.715339 0.855146 8.62629 -3.2302 -1.8116e-17 4.82109 0.421791 1.03946 -2.7393 -1.65751 -2.00958e-17 4.83041 0.765062 1.23311 -5.50351 1.88178 1.23299 -7.60731 7.53374 18.8737 5.55372 2.68775 12.9547 3.2495 -3.26872 -92.5064 24.3998 8.95803 29.2081 0.0598081 0.137039 4.02827 -0.681057 -19.7772 24.234 0.0496219 0.113701 -6.01574 -26.763 -1.0491 -1.23299 -7.60729 7.53365 -15.6578 4.08074 -2.95944 -12.9547 3.2495 -3.26872 95.0934 15.6786 -5.49948 -29.2081 0.0598081 0.137039 -3.99125 -0.667927 19.5872 -24.234 0.0496218 0.113702 5.12117 -15.3492 2.65567 9.23673 -4.20556 2.0327 -8.59734 1.14673 -10.6791 -0.852353 -38.7721 -0.655187 -1.33168 4.97127 -0.0290121 -2.32622 -40.4017 -6.04875 1.96729 -2.69764 15.0489 0.779096 -9.8844 12.4959 -3.62309e-16 -8.07237e-16 2.45227e-17 -9.23673 -4.20556 2.0327 -7.61125 -15.2834 21.0042 0.852353 -38.7721 -0.655187 5.40484 19.5838 -0.58779 2.32622 -40.4017 -6.04875 -0.036578 -4.00864 -15.2404 -0.779096 -9.8844 12.4959 -5.85942e-16 -5.59733e-16 -1.27474e-14 
8.14864 90.9144 61.1448 8.24259 -6.19355 -0.945559 0 5.07867 -1.15138 -3.72517 5.13165 -0.0308133 0 5.61661 1.07143 -2.88974 3.51723 -0.502807 -1.02604e-17 5.98978 0.11501 -2.13402 2.03792 -0.43629 -1.10457e-17 6.50583 -0.443523 -1.30076 -1.01634 -0.510532 -1.97295e-17 7.60548 -1.50593 -0.512963 -2.34128 -0.410749 -2.53307e-17 9.49737 -0.914492 0.175761 -4.39657 -0.762324 -2.90401e-17 10.5513 1.57691 -0.0290101 1.07569 -0.120779 -1.29193e-17 4.78644 0.715339 0.848772 8.55487 -3.49819 -1.8116e-17 4.82109 0.421791 1.13742 -2.72563 -1.7808 -2.00958e-17 4.83041 0.765062 1.41662 -5.41857 1.94574 1.23299 -7.60731 7.53374 18.8316 5.52677 2.67766 12.9547 3.2495 -3.26872 -92.4521 24.4874 8.92558 29.2081 0.0598081 0.137039 4.07976 -0.6994 -20.0401 24.234 0.0496219 0.113701 -5.68131 -26.6337 -0.661342 -1.23299 -7.60729 7.53365 -15.7554 4.01299 -3.00834 -12.9547 3.2495 -3.26872 95.1875 15.993 -5.5885 -29.2081 0.0598081 0.137039 -4.15687 -0.727274 20.4333 -24.234 0.0496218 0.113702 4.89079 -15.5993 2.3454 9.23673 -4.20556 2.0327 -8.63164 1.13517 -10.3835 -0.852353 -38.7721 -0.655187 -1.28411 4.79405 -0.0299679 -2.32622 -40.4017 -6.04875 1.91988 -2.6897 15.061 0.779096 -9.8844 12.4959 1.44356e-17 -7.95464e-16 1.27494e-17 -9.23673 -4.20556 2.0327 -7.48879 -15.7638 21.4193 0.852353 -38.7721 -0.655187 5.54562 20.0579 -0.627228 2.32622 -40.4017 -6.04875 0.1137 -3.88436 -15.2436 -0.779096 -9.8844 12.4959 -9.83511e-16 -5.46983e-16 -1.27229e-14 
8.18185 90.9161 61.1879 8.24654 -6.05229 -1.40424 0 5.07867 -1.15138 -3.74555 4.966 -0.0353408 0 5.61661 1.07143 -2.90767 3.41252 -0.507524 -1.02604e-17 5.98978 0.11501 -2.14438 1.98162 -0.439446 -1.10457e-17 6.50583 -0.443523 -1.3037 -0.993089 -0.513256 -1.97295e-17 7.60548 -1.50593 -0.509558 -2.25531 -0.411232 -2.53307e-17 9.49737 -0.914492 0.183681 -4.2749 -0.770366 -2.90401e-17 10.5513 1.57691 -0.0286591 1.06332 -0.120227 -1.29193e-17 4.78644 0.715339 0.849228 8.45894 -3.69505 -1.8116e-17 4.82109 0.421791 1.22918 -2.56875 -1.8693 -2.00958e-17 4.83041 0.765062 1.55422 -5.33148 1.77809 1.23299 -7.60731 7.53374 18.7329 5.50172 2.70786 12.9547 3.2495 -3.26872 -92.4198 24.3829 8.92639 29.2081 0.0598081 0.137039 4.08861 -0.702583 -20.0853 24.234 0.0496219 0.113701 -5.46084 -26.1271 -0.389784 -1.23299 -7.60729 7.53365 -15.5436 3.94506 -3.02709 -12.9547 3.2495 -3.26872 95.1402 15.9279 -5.59219 -29.2081 0.0598081 0.137039 -4.28563 -0.77533 21.0941 -24.234 0.0496218 0.113702 4.47943 -15.4152 2.00931 9.23673 -4.20556 2.0327 -8.67116 1.10763 -10.0771 -0.852353 -38.7721 -0.655187 -1.22529 4.57482 -0.0309457 -2.32622 -40.4017 -6.04875 1.96425 -2.66446 15.06 0.779096 -9.8844 12.4959 2.48481e-17 -7.95139e-16 1.2424e-17 -9.23673 -4.20556 2.0327 -7.37405 -16.2069 21.7636 0.852353 -38.7721 -0.655187 5.64973 20.4067 -0.657126 2.32622 -40.4017 -6.04875 0.212691 -3.8025 -15.2481 -0.779096 -9.8844 12.4959 -6.06766e-16 -5.58756e-16 -1.27464e-14 
8.23761 90.9259 61.2386 8.21594 -5.888 -1.91477 0 5.07867 -1.15138 -3.7389 4.7734 -0.0586021 0 5.61661 1.07143 -2.8988 3.28953 -0.53129 -1.02604e-17 5.98978 0.11501 -2.13168 1.90428 -0.461477 -1.10457e-17 6.50583 -0.443523 -1.28643 -0.987014 -0.536144 -1.97295e-17 7.60548 -1.50593 -0.494236 -2.19074 -0.435008 -2.53307e-17 9.49737 -0.914492 0.191273 -4.18727 -0.803141 -2.90401e-17 10.5513 1.57691 -0.03001 1.051 -0.120297 -1.29193e-17 4.78644 0.715339 0.865639 8.41335 -4.01034 -1.8116e-17 4.82109 0.421791 1.3278 -2.40825 -2.01026 -2.00958e-17 4.83041 0.765062 1.6505 -5.15394 1.72635 1.23299 -7.60731 7.53374 18.6509 5.47433 2.77962 12.9547 3.2495 -3.26872 -92.462 24.1199 8.95538 29.2081 0.0598081 0.137039 4.05862 -0.691836 -19.9321 24.234 0.0496219 0.113701 -5.3686 -25.5193 -0.173081 -1.23299 -7.60729 7.53365 -15.3458 3.86381 -3.09916 -12.9547 3.2495 -3.26872 95.1018 15.5222 -5.53171 -29.2081 0.0598081 0.137039 -4.34213 -0.796952 21.3849 -24.234 0.0496218 0.113702 4.12898 -14.6211 1.89565 9.23673 -4.20556 2.0327 -8.68506 1.03763 -9.67341 -0.852353 -38.7721 -0.655187 -1.17357 4.38202 -0.0316189 -2.32622 -40.4017 -6.04875 2.02582 -2.64504 15.0547 0.779096 -9.8844 12.4959 -3.62309e-16 -8.07237e-16 2.45227e-17 -9.23673 -4.20556 2.0327 -7.17681 -16.7673 22.2505 0.852353 -38.7721 -0.655187 5.79214 20.8814 -0.69902 2.32622 -40.4017 -6.04875 0.291688 -3.58428 -15.2531 -0.779096 -9.8844 12.4959 -5.96354e-16 -5.59082e-16 -1.27471e-14 
8.3203 90.9324 61.2878 8.12386 -5.63788 -2.52291 0 5.07867 -1.15138 -3.54514 4.717 -0.0930976 0 5.61661 1.07143 -2.74956 3.23875 -0.541201 -1.02604e-17 5.98978 0.11501 -2.03153 1.85801 -0.4648 -1.10457e-17 6.50583 -0.443523 -1.22724 -0.978018 -0.539633 -1.97295e-17 7.60548 -1.50593 -0.480644 -2.18711 -0.45128 -2.53307e-17 9.49737 -0.914492 0.16554 -4.18551 -0.790412 -2.90401e-17 10.5513 1.57691 -0.0254387 1.02751 -0.11588 -1.29193e-17 4.78644 0.715339 0.911435 8.07235 -4.4346 -1.8116e-17 4.82109 0.421791 1.40336 -2.14367 -2.19463 -2.00958e-17 4.83041 0.765062 1.43124 -4.97001 1.44653 1.23299 -7.60731 7.53374 17.8121 5.46054 2.43255 12.9547 3.2495 -3.26872 -91.3611 24.062 9.09415 29.2081 0.0598081 0.137039 3.99023 -0.667674 -19.5833 24.234 0.0496219 0.113701 -6.14484 -25.8025 -0.907419 -1.23299 -7.60729 7.53365 -16.0866 3.88422 -2.91043 -12.9547 3.2495 -3.26872 93.0369 16.1846 -5.82391 -29.2081 0.0598081 0.137039 -4.45481 -0.841063 21.9666 -24.234 0.0496218 0.113702 6.06688 -15.8659 2.90675 9.23673 -4.20556 2.0327 -8.64417 0.874773 -9.21306 -0.852353 -38.7721 -0.655187 -1.12946 4.21752 -0.0320551 -2.32622 -40.4017 -6.04875 2.03609 -2.7115 15.0642 0.779096 -9.8844 12.4959 1.44356e-17 -7.95464e-16 1.27494e-17 -9.23673 -4.20556 2.0327 -6.92908 -17.4475 22.6552 0.852353 -38.7721 -0.655187 5.94331 21.3823 -0.744748 2.32622 -40.4017 -6.04875 0.446456 -3.37787 -15.269 -0.779096 -9.8844 12.4959 -5.96354e-16 -5.59082e-16 -1.27471e-14 
8.44426 90.9229 61.3212 7.99961 -5.26861 -2.98224 0 5.07867 -1.15138 -3.41667 4.38801 -0.160391 0 5.61661 1.07143 -2.64558 3.02726 -0.599835 -1.02604e-17 5.98978 0.11501 -1.95717 1.73264 -0.530127 -1.10457e-17 6.50583 -0.443523 -1.18094 -0.92053 -0.60794 -1.97295e-17 7.60548 -1.50593 -0.478462 -2.02595 -0.529526 -2.53307e-17 9.49737 -0.914492 0.118251 -3.95197 -0.850839 -2.90401e-17 10.5513 1.57691 -0.0385984 0.995304 -0.130768 -1.29193e-17 4.78644 0.715339 0.970248 8.11689 -5.34456 -1.8116e-17 4.82109 0.421791 1.31542 -2.09116 -2.60246 -2.00958e-17 4.83041 0.765062 1.75895 -4.83854 1.79999 1.23299 -7.60731 7.53374 16.8099 5.30586 2.17006 12.9547 3.2495 -3.26872 -90.2504 24.4606 9.16759 29.2081 0.0598081 0.137039 3.88813 -0.632468 -19.0639 24.234 0.0496219 0.113701 -6.44693 -26.7855 -1.45808 -1.23299 -7.60729 7.53365 -16.3208 3.73923 -2.89355 -12.9547 3.2495 -3.26872 93.1991 17.4085 -6.08825 -29.2081 0.0598081 0.137039 -4.60859 -0.903406 22.7641 -24.234 0.0496218 0.113702 5.40064 -16.7328 2.81499 9.23673 -4.20556 2.0327 -8.5964 0.619829 -8.752 -0.852353 -38.7721 -0.655187 -1.07556 4.01645 -0.0324158 -2.32622 -40.4017 -6.04875 2.22204 -2.84892 15.0489 0.779096 -9.8844 12.4959 4.12005e-16 -7.8304e-16 3.25389e-19 -9.23673 -4.20556 2.0327 -6.6583 -18.2689 23.0019 0.852353 -38.7721 -0.655187 6.11832 21.958 -0.799284 2.32622 -40.4017 -6.04875 0.339034 -3.05291 -15.2535 -0.779096 -9.8844 12.4959 -5.96354e-16 -5.59082e-16 -1.27471e-14 
8.55628 90.8894 61.3143 7.82564 -4.80221 -3.55048 0 5.07867 -1.15138 -3.37155 4.2497 -0.192703 0 5.61661 1.07143 -2.61415 2.91292 -0.628294 -1.02604e-17 5.98978 0.11501 -1.93493 1.62067 -0.562117 -1.10457e-17 6.50583 -0.443523 -1.1656 -1.01115 -0.646082 -1.97295e-17 7.60548 -1.50593 -0.476474 -2.077 -0.57153 -2.53307e-17 9.49737 -0.914492 0.0992746 -4.01522 -0.886204 -2.90401e-17 10.5513 1.57691 -0.0393156 0.996959 -0.14777 -1.29193e-17 4.78644 0.715339 1.12884 8.38413 -6.09352 -1.8116e-17 4.82109 0.421791 1.48865 -2.03241 -2.93206 -2.00958e-17 4.83041 0.765062 1.96747 -4.67628 1.46482 1.23299 -7.60731 7.53374 16.3835 5.33174 2.00623 12.9547 3.2495 -3.26872 -88.8369 25.1049 9.49987 29.2081 0.0598081 0.137039 3.82364 -0.610759 -18.7365 24.234 0.0496219 0.113701 -7.56221 -27.6662 -2.40816 -1.23299 -7.60729 7.53365 -17.1554 3.66513 -3.06277 -12.9547 3.2495 -3.26872 93.7293 17.9561 -6.36728 -29.2081 0.0598081 0.137039 -4.81835 -0.992499 23.8592 -24.234 0.0496218 0.113702 5.37962 -17.0223 2.32264 9.23673 -4.20556 2.0327 -8.48956 0.237979 -8.32481 -0.852353 -38.7721 -0.655187 -1.02218 3.81726 -0.0325861 -2.32622 -40.4017 -6.04875 2.43454 -3.09828 15.056 0.779096 -9.8844 12.4959 4.22417e-16 -7.82715e-16 2.88531e-33 -9.23673 -4.20556 2.0327 -6.34549 -19.2526 23.1659 0.852353 -38.7721 -0.655187 6.2972 22.5419 -0.856785 2.32622 -40.4017 -6.04875 0.41272 -2.78741 -15.2469 -0.779096 -9.8844 12.4959 -5.96354e-16 -5.59082e-16 -1.27471e-14 
8.63201 90.837 61.2548 7.62123 -4.18053 -4.22743 0 5.07867 -1.15138 -3.2387 4.05408 -0.285551 0 5.61661 1.07143 -2.48835 2.77299 -0.710626 -1.02604e-17 5.98978 0.11501 -1.82982 1.49944 -0.646832 -1.10457e-17 6.50583 -0.443523 -1.07867 -1.07723 -0.735125 -1.97295e-17 7.60548 -1.50593 -0.428718 -2.0792 -0.673435 -2.53307e-17 9.49737 -0.914492 0.089503 -4.01445 -0.990711 -2.90401e-17 10.5513 1.57691 -0.0403109 0.986552 -0.155924 -1.29193e-17 4.78644 0.715339 1.25731 8.39709 -6.83306 -1.8116e-17 4.82109 0.421791 1.60242 -1.81824 -3.25767 -2.00958e-17 4.83041 0.765062 1.94696 -4.66255 1.21056 1.23299 -7.60731 7.53374 15.8792 5.37829 1.82411 12.9547 3.2495 -3.26872 -88.3735 26.0455 9.85626 29.2081 0.0598081 0.137039 3.84827 -0.619001 -18.8615 24.234 0.0496219 0.113701 -7.77144 -29.1394 -2.72414 -1.23299 -7.60729 7.53365 -17.474 3.63142 -3.05686 -12.9547 3.2495 -3.26872 94.0657 18.0799 -6.578 -29.2081 0.0598081 0.137039 -5.03445 -1.08929 24.9966 -24.234 0.0496218 0.113702 4.84843 -16.5859 1.89714 9.23673 -4.20556 2.0327 -8.30319 -0.306903 -7.70672 -0.852353 -38.7721 -0.655187 -0.965769 3.60674 -0.0325639 -2.32622 -40.4017 -6.04875 2.70789 -3.45766 15.057 0.779096 -9.8844 12.4959 3.52605e-17 -7.94813e-16 1.20987e-17 -9.23673 -4.20556 2.0327 -5.93623 -20.3004 23.4353 0.852353 -38.7721 -0.655187 6.40664 22.8968 -0.892831 2.32622 -40.4017 -6.04875 0.527061 -2.64655 -15.2548 -0.779096 -9.8844 12.4959 -5.96354e-16 -5.59082e-16 -1.27471e-14 
8.65496 90.8151 61.1419 7.36145 -3.50546 -4.97709 0 5.07867 -1.15138 -3.15268 3.84923 -0.348626 0 5.61661 1.07143 -2.40496 2.63081 -0.76514 -1.02604e-17 5.98978 0.11501 -1.75442 1.37947 -0.700075 -1.10457e-17 6.50583 -0.443523 -1.01157 -1.14845 -0.790236 -1.97295e-17 7.60548 -1.50593 -0.383071 -2.08319 -0.735217 -2.53307e-17 9.49737 -0.914492 0.0960536 -4.01342 -1.06128 -2.90401e-17 10.5513 1.57691 -0.0419813 0.978214 -0.152323 -1.29193e-17 4.78644 0.715339 1.30461 8.2274 -7.91233 -1.8116e-17 4.82109 0.421791 1.75485 -1.6427 -3.74078 -2.00958e-17 4.83041 0.765062 2.21309 -4.3886 1.04084 1.23299 -7.60731 7.53374 15.6561 5.44223 1.81293 12.9547 3.2495 -3.26872 -88.3374 26.4822 10.1446 29.2081 0.0598081 0.137039 3.89078 -0.633365 -19.0773 24.234 0.0496219 0.113701 -7.64655 -29.695 -2.69089 -1.23299 -7.60729 7.53365 -17.2382 3.61858 -3.03627 -12.9547 3.2495 -3.26872 93.9227 17.8539 -6.55552 -29.2081 0.0598081 0.137039 -5.18492 -1.15977 25.7945 -24.234 0.0496218 0.113702 4.44811 -16.0106 1.63398 9.23673 -4.20556 2.0327 -7.99234 -0.947151 -7.13992 -0.852353 -38.7721 -0.655187 -0.909766 3.39769 -0.0323364 -2.32622 -40.4017 -6.04875 2.82625 -3.77842 15.0778 0.779096 -9.8844 12.4959 2.48481e-17 -7.95139e-16 1.2424e-17 -9.23673 -4.20556 2.0327 -5.31514 -21.2754 24.2146 0.852353 -38.7721 -0.655187 6.42557 22.9581 -0.899135 2.32622 -40.4017 -6.04875 0.575043 -2.34335 -15.2478 -0.779096 -9.8844 12.4959 -5.96354e-16 -5.59082e-16 -1.27471e-14 
8.61987 90.8618 60.9533 7.00245 -2.94259 -5.76718 0 5.07867 -1.15138 -3.15552 3.87085 -0.423459 0 5.61661 1.07143 -2.39975 2.62579 -0.847009 -1.02604e-17 5.98978 0.11501 -1.74458 1.31497 -0.786982 -1.10457e-17 6.50583 -0.443523 -0.994597 -1.29631 -0.884309 -1.97295e-17 7.60548 -1.50593 -0.376742 -2.24614 -0.832358 -2.53307e-17 9.49737 -0.914492 0.0737452 -4.24472 -1.15084 -2.90401e-17 10.5513 1.57691 -0.0416589 0.989034 -0.172296 -1.29193e-17 4.78644 0.715339 1.51789 8.57111 -8.80385 -1.8116e-17 4.82109 0.421791 2.00642 -1.54387 -4.1216 -2.00958e-17 4.83041 0.765062 2.74734 -4.29259 0.587755 1.23299 -7.60731 7.53374 15.5861 5.54191 1.69875 12.9547 3.2495 -3.26872 -87.7504 26.6109 10.6379 29.2081 0.0598081 0.137039 3.87563 -0.628223 -19.0003 24.234 0.0496219 0.113701 -8.05368 -30.1285 -3.14597 -1.23299 -7.60729 7.53365 -18.3627 3.58159 -3.24024 -12.9547 3.2495 -3.26872 94.8404 18.2399 -6.72535 -29.2081 0.0598081 0.137039 -5.34549 -1.23782 26.6517 -24.234 0.0496218 0.113702 4.80451 -15.7504 1.45457 9.23673 -4.20556 2.0327 -7.53341 -1.53648 -6.51867 -0.852353 -38.7721 -0.655187 -0.858346 3.2057 -0.0319472 -2.32622 -40.4017 -6.04875 2.90738 -3.84313 15.0852 0.779096 -9.8844 12.4959 2.48481e-17 -7.95139e-16 1.2424e-17 -9.23673 -4.20556 2.0327 -4.64859 -22.0056 24.4613 0.852353 -38.7721 -0.655187 6.33658 22.6698 -0.869681 2.32622 -40.4017 -6.04875 0.4894 -1.647 -15.1873 -0.779096 -9.8844 12.4959 -5.96354e-16 -5.59082e-16 -1.27471e-14 
8.54146 90.9852 60.7136 6.51131 -2.61381 -6.65164 0 5.07867 -1.15138 -3.09229 3.88783 -0.487865 0 5.61661 1.07143 -2.33043 2.64587 -0.90481 -1.02604e-17 5.98978 0.11501 -1.67943 1.31716 -0.84704 -1.10457e-17 6.50583 -0.443523 -0.931085 -1.30813 -0.945783 -1.97295e-17 7.60548 -1.50593 -0.330695 -2.26525 -0.903289 -2.53307e-17 9.49737 -0.914492 0.0862871 -4.28344 -1.22987 -2.90401e-17 10.5513 1.57691 -0.0408673 0.989386 -0.180718 -1.29193e-17 4.78644 0.715339 1.70662 8.86836 -9.79738 -1.8116e-17 4.82109 0.421791 2.36809 -1.60894 -4.55539 -2.00958e-17 4.83041 0.765062 3.0791 -4.28325 0.169061 1.23299 -7.60731 7.53374 15.5672 5.54083 1.67754 12.9547 3.2495 -3.26872 -87.6414 26.6528 10.7443 29.2081 0.0598081 0.137039 3.88131 -0.630147 -19.0292 24.234 0.0496219 0.113701 -7.9916 -30.4401 -3.07826 -1.23299 -7.60729 7.53365 -18.8327 3.50738 -3.38128 -12.9547 3.2495 -3.26872 95.3286 18.25 -6.75043 -29.2081 0.0598081 0.137039 -5.46975 -1.30027 27.3193 -24.234 0.0496218 0.113702 4.77143 -15.1206 1.45667 9.23673 -4.20556 2.0327 -6.89735 -1.88889 -5.80487 -0.852353 -38.7721 -0.655187 -0.792625 2.96028 -0.0311986 -2.32622 -40.4017 -6.04875 2.77271 -3.68385 15.0905 0.779096 -9.8844 12.4959 2.48481e-17 -7.95139e-16 1.2424e-17 -9.23673 -4.20556 2.0327 -3.89544 -22.4111 24.2135 0.852353 -38.7721 -0.655187 6.16877 22.1232 -0.815322 2.32622 -40.4017 -6.04875 0.472484 -0.516344 -15.1083 -0.779096 -9.8844 12.4959 1.7795e-16 -5.95377e-16 -1.27713e-14 
8.45209 91.1421 60.4904 5.98637 -2.2713 -7.56669 0 5.07867 -1.15138 -3.11132 3.95224 -0.543985 0 5.61661 1.07143 -2.33553 2.69189 -0.966396 -1.02604e-17 5.98978 0.11501 -1.67596 1.32972 -0.916353 -1.10457e-17 6.50583 -0.443523 -0.917277 -1.33973 -1.01817 -1.97295e-17 7.60548 -1.50593 -0.319869 -2.31736 -0.980847 -2.53307e-17 9.49737 -0.914492 0.0810724 -4.36665 -1.30362 -2.90401e-17 10.5513 1.57691 -0.0371457 1.00025 -0.207266 -1.29193e-17 4.78644 0.715339 2.04596 9.50962 -10.7392 -1.8116e-17 4.82109 0.421791 2.74882 -1.63165 -4.95288 -2.00958e-17 4.83041 0.765062 3.65793 -4.50919 -0.255416 1.23299 -7.60731 7.53374 15.2566 5.50407 1.62284 12.9547 3.2495 -3.26872 -87.0427 26.4663 11.0255 29.2081 0.0598081 0.137039 3.82499 -0.611207 -18.7434 24.234 0.0496219 0.113701 -7.96418 -30.6534 -3.38012 -1.23299 -7.60729 7.53365 -20.1916 3.37572 -3.72651 -12.9547 3.2495 -3.26872 96.6566 19.0506 -6.87823 -29.2081 0.0598081 0.137039 -5.65328 -1.39586 28.3123 -24.234 0.0496218 0.113702 4.96174 -15.078 1.13178 9.23673 -4.20556 2.0327 -6.22504 -2.1747 -5.13221 -0.852353 -38.7721 -0.655187 -0.70309 2.62587 -0.0297252 -2.32622 -40.4017 -6.04875 2.71056 -3.35896 15.0779 0.779096 -9.8844 12.4959 2.48481e-17 -7.95139e-16 1.2424e-17 -9.23673 -4.20556 2.0327 -3.16145 -22.6223 23.6161 0.852353 -38.7721 -0.655187 5.91567 21.291 -0.736292 2.32622 -40.4017 -6.04875 0.249416 0.732796 -14.9745 -0.779096 -9.8844 12.4959 -5.7552e-16 -5.60058e-16 -1.27477e-14 
8.35309 91.3044 60.3022 5.49489 -1.90464 -8.57187 0 5.07867 -1.15138 -3.02722 3.95376 -0.589879 0 5.61661 1.07143 -2.2522 2.70678 -1.00153 -1.02604e-17 5.98978 0.11501 -1.60237 1.34793 -0.953424 -1.10457e-17 6.50583 -0.443523 -0.85198 -1.30056 -1.05388 -1.97295e-17 7.60548 -1.50593 -0.27403 -2.27734 -1.02598 -2.53307e-17 9.49737 -0.914492 0.0976159 -4.31565 -1.35639 -2.90401e-17 10.5513 1.57691 -0.0374834 0.999849 -0.213567 -1.29193e-17 4.78644 0.715339 2.2359 9.81264 -11.6118 -1.8116e-17 4.82109 0.421791 3.12038 -1.66357 -5.33249 -2.00958e-17 4.83041 0.765062 3.95822 -4.65673 -0.769887 1.23299 -7.60731 7.53374 15.0601 5.40829 1.68585 12.9547 3.2495 -3.26872 -86.8315 25.9177 10.9825 29.2081 0.0598081 0.137039 3.84344 -0.617375 -18.8369 24.234 0.0496219 0.113701 -7.79305 -30.4701 -3.07426 -1.23299 -7.60729 7.53365 -20.4282 3.27201 -3.9161 -12.9547 3.2495 -3.26872 97.0376 18.9722 -6.96397 -29.2081 0.0598081 0.137039 -5.82914 -1.4913 29.2722 -24.234 0.0496218 0.113702 4.795 -14.2562 0.936091 9.23673 -4.20556 2.0327 -5.56012 -2.41681 -4.31843 -0.852353 -38.7721 -0.655187 -0.600759 2.2436 -0.0274008 -2.32622 -40.4017 -6.04875 2.52593 -3.0456 15.0778 0.779096 -9.8844 12.4959 2.48481e-17 -7.95139e-16 1.2424e-17 -9.23673 -4.20556 2.0327 -2.42663 -22.8383 23.0467 0.852353 -38.7721 -0.655187 5.67181 20.4805 -0.663545 2.32622 -40.4017 -6.04875 0.357072 1.90068 -14.8911 -0.779096 -9.8844 12.4959 5.65102e-16 -6.19574e-16 -1.27955e-14 
8.24259 91.4659 60.1527 5.05105 -1.59207 -9.64345 0 5.07867 -1.15138 -3.02756 4.0408 -0.603207 0 5.61661 1.07143 -2.25476 2.76052 -1.01086 -1.02604e-17 5.98978 0.11501 -1.60653 1.36286 -0.9686 -1.10457e-17 6.50583 -0.443523 -0.853784 -1.33146 -1.07071 -1.97295e-17 7.60548 -1.50593 -0.27591 -2.33578 -1.04687 -2.53307e-17 9.49737 -0.914492 0.0947343 -4.40815 -1.3649 -2.90401e-17 10.5513 1.57691 -0.0298096 1.00799 -0.233263 -1.29193e-17 4.78644 0.715339 2.55665 10.3082 -12.5414 -1.8116e-17 4.82109 0.421791 3.50002 -1.52955 -5.72909 -2.00958e-17 4.83041 0.765062 4.40604 -4.79049 -1.16133 1.23299 -7.60731 7.53374 14.7452 5.36965 1.58849 12.9547 3.2495 -3.26872 -86.199 25.5413 11.3458 29.2081 0.0598081 0.137039 3.81133 -0.606656 -18.6741 24.234 0.0496219 0.113701 -7.87996 -30.5267 -3.38238 -1.23299 -7.60729 7.53365 -21.874 3.19668 -4.18456 -12.9547 3.2495 -3.26872 97.7226 19.8816 -7.28527 -29.2081 0.0598081 0.137039 -6.05962 -1.62225 30.5435 -24.234 0.0496218 0.113702 5.495 -14.6931 0.633188 9.23673 -4.20556 2.0327 -4.93542 -2.5626 -3.40971 -0.852353 -38.7721 -0.655187 -0.49613 1.85272 -0.0243182 -2.32622 -40.4017 -6.04875 2.42742 -2.65658 15.0623 0.779096 -9.8844 12.4959 2.48481e-17 -7.95139e-16 1.2424e-17 -9.23673 -4.20556 2.0327 -1.8808 -22.9484 22.3656 0.852353 -38.7721 -0.655187 5.5124 19.9462 -0.617818 2.32622 -40.4017 -6.04875 -0.0679805 2.38352 -14.7868 -0.779096 -9.8844 12.4959 2.09202e-16 -5.97005e-16 -1.27726e-14 
8.12961 91.6304 60.0336 4.67464 -1.36123 -10.7738 0 5.07867 -1.15138 -3.01783 4.1906 -0.616891 0 5.61661 1.07143 -2.26019 2.84812 -1.01248 -1.02604e-17 5.98978 0.11501 -1.62297 1.38162 -0.978441 -1.10457e-17 6.50583 -0.443523 -0.872551 -1.39196 -1.08116 -1.97295e-17 7.60548 -1.50593 -0.299954 -2.43625 -1.06168 -2.53307e-17 9.49737 -0.914492 0.0701335 -4.57414 -1.35866 -2.90401e-17 10.5513 1.57691 -0.0231534 1.02552 -0.259456 -1.29193e-17 4.78644 0.715339 2.93398 11.005 -13.343 -1.8116e-17 4.82109 0.421791 3.90379 -1.46451 -6.06401 -2.00958e-17 4.83041 0.765062 4.73089 -4.93806 -1.56894 1.23299 -7.60731 7.53374 14.6727 5.28056 1.52347 12.9547 3.2495 -3.26872 -85.8937 24.9332 11.626 29.2081 0.0598081 0.137039 3.81338 -0.607337 -18.6845 24.234 0.0496219 0.113701 -7.76472 -30.56 -3.21318 -1.23299 -7.60729 7.53365 -23.9842 3.14282 -4.59022 -12.9547 3.2495 -3.26872 99.1749 21.0834 -8.02957 -29.2081 0.0598081 0.137039 -6.36486 -1.80632 32.2522 -24.234 0.0496218 0.113702 6.131 -15.1927 0.0409916 9.23673 -4.20556 2.0327 -4.37075 -2.60075 -2.34147 -0.852353 -38.7721 -0.655187 -0.383155 1.43068 -0.0201887 -2.32622 -40.4017 -6.04875 2.20603 -2.17469 15.0603 0.779096 -9.8844 12.4959 2.48481e-17 -7.95139e-16 1.2424e-17 -9.23673 -4.20556 2.0327 -1.95028 -23.1464 20.8494 0.852353 -38.7721 -0.655187 5.6646 20.4564 -0.661446 2.32622 -40.4017 -6.04875 -0.76229 1.48973 -14.7918 -0.779096 -9.8844 12.4959 -1.73698e-15 -5.11664e-16 -1.26993e-14 
8.01799 91.809 59.9167 4.37595 -1.22859 -11.9918 0 5.07867 -1.15138 -3.04574 4.37261 -0.578143 0 5.61661 1.07143 -2.3034 2.95303 -0.953998 -1.02604e-17 5.98978 0.11501 -1.66758 1.42388 -0.925335 -1.10457e-17 6.50583 -0.443523 -0.913131 -1.4405 -1.02335 -1.97295e-17 7.60548 -1.50593 -0.326106 -2.52803 -1.00431 -2.53307e-17 9.49737 -0.914492 0.0697738 -4.70109 -1.29465 -2.90401e-17 10.5513 1.57691 -0.0140673 1.05152 -0.27252 -1.29193e-17 4.78644 0.715339 3.22519 11.6006 -14.0224 -1.8116e-17 4.82109 0.421791 4.2524 -1.46104 -6.35687 -2.00958e-17 4.83041 0.765062 5.10923 -4.9819 -2.26629 1.23299 -7.60731 7.53374 14.7012 5.19344 1.5362 12.9547 3.2495 -3.26872 -85.66 24.3614 11.9501 29.2081 0.0598081 0.137039 3.82909 -0.612569 -18.7641 24.234 0.0496219 0.113701 -7.74289 -30.5192 -3.2448 -1.23299 -7.60729 7.53365 -25.3778 3.14269 -4.86452 -12.9547 3.2495 -3.26872 100.482 22.1074 -8.82734 -29.2081 0.0598081 0.137039 -6.65814 -1.99517 33.9234 -24.234 0.0496218 0.113702 6.12573 -15.7738 -0.680858 9.23673 -4.20556 2.0327 -3.8817 -2.55313 -1.18876 -0.852353 -38.7721 -0.655187 -0.281967 1.05271 -0.0157845 -2.32622 -40.4017 -6.04875 1.80704 -1.66486 15.0704 0.779096 -9.8844 12.4959 2.48481e-17 -7.95139e-16 1.2424e-17 -9.23673 -4.20556 2.0327 -2.58043 -23.0855 17.7706 0.852353 -38.7721 -0.655187 5.87511 21.1567 -0.723958 2.32622 -40.4017 -6.04875 -1.2717 0.473497 -14.7946 -0.779096 -9.8844 12.4959 -6.27606e-16 -5.5778e-16 -1.27458e-14 
7.98823 91.9874 59.7984 4.20519 -1.16751 -13.1207 0 5.07867 -1.15138 -3.05729 4.54472 -0.540894 0 5.61661 1.07143 -2.32794 3.05831 -0.894008 -1.02604e-17 5.98978 0.11501 -1.6926 1.48712 -0.86648 -1.10457e-17 6.50583 -0.443523 -0.936641 -1.4398 -0.954961 -1.97295e-17 7.60548 -1.50593 -0.337419 -2.57793 -0.936148 -2.53307e-17 9.49737 -0.914492 0.0820594 -4.74732 -1.22798 -2.90401e-17 10.5513 1.57691 -0.00548504 1.08102 -0.268767 -1.29193e-17 4.78644 0.715339 3.39961 11.9863 -14.6166 -1.8116e-17 4.82109 0.421791 4.50846 -1.50781 -6.62384 -2.00958e-17 4.83041 0.765062 5.38577 -4.98242 -3.06179 1.23299 -7.60731 7.53374 14.5118 5.07238 1.63026 12.9547 3.2495 -3.26872 -85.4515 23.7113 12.0883 29.2081 0.0598081 0.137039 3.8927 -0.634012 -19.087 24.234 0.0496219 0.113701 -7.56266 -30.4306 -2.98989 -1.23299 -7.60729 7.53365 -25.7646 3.14238 -4.96735 -12.9547 3.2495 -3.26872 101.048 22.4114 -9.42193 -29.2081 0.0598081 0.137039 -6.87689 -2.14408 35.1907 -24.234 0.0496218 0.113702 5.81357 -15.9401 -1.22559 9.23673 -4.20556 2.0327 -3.58565 -2.52579 -0.0856019 -0.852353 -38.7721 -0.655187 -0.211302 0.788798 -0.0123138 -2.32622 -40.4017 -6.04875 1.41272 -1.10314 15.0771 0.779096 -9.8844 12.4959 2.48481e-17 -7.95139e-16 1.2424e-17 -9.23673 -4.20556 2.0327 -3.76545 -22.7575 13.3579 0.852353 -38.7721 -0.655187 6.08985 21.8647 -0.790298 2.32622 -40.4017 -6.04875 -1.39851 -0.459803 -14.7956 -0.779096 -9.8844 12.4959 -9.83506e-16 -5.46983e-16 -1.27229e-14 
8.08771 92.1543 59.6924 4.1927 -1.18807 -14.0453 0 5.07867 -1.15138 -3.09435 4.69426 -0.523193 0 5.61661 1.07143 -2.36421 3.14989 -0.86136 -1.02604e-17 5.98978 0.11501 -1.71989 1.53902 -0.833611 -1.10457e-17 6.50583 -0.443523 -0.954931 -1.45227 -0.911713 -1.97295e-17 7.60548 -1.50593 -0.339891 -2.6434 -0.892968 -2.53307e-17 9.49737 -0.914492 0.100823 -4.80534 -1.19045 -2.90401e-17 10.5513 1.57691 0.00219358 1.11365 -0.258824 -1.29193e-17 4.78644 0.715339 3.56764 12.282 -15.3235 -1.8116e-17 4.82109 0.421791 4.73394 -1.44533 -6.94714 -2.00958e-17 4.83041 0.765062 5.47403 -4.928 -3.67692 1.23299 -7.60731 7.53374 14.2279 4.98864 1.72848 12.9547 3.2495 -3.26872 -85.3143 23.2252 12.3195 29.2081 0.0598081 0.137039 3.9674 -0.659704 -19.467 24.234 0.0496219 0.113701 -7.35379 -30.4755 -2.73919 -1.23299 -7.60729 7.53365 -25.8101 3.14786 -4.94437 -12.9547 3.2495 -3.26872 101.262 22.47 -9.86791 -29.2081 0.0598081 0.137039 -7.02288 -2.24746 36.047 -24.234 0.0496218 0.113702 5.4659 -16.111 -1.73568 9.23673 -4.20556 2.0327 -3.54544 -2.50714 0.834127 -0.852353 -38.7721 -0.655187 -0.158388 0.591214 -0.00950237 -2.32622 -40.4017 -6.04875 1.06438 -0.444758 15.0655 0.779096 -9.8844 12.4959 2.48481e-17 -7.95139e-16 1.2424e-17 -9.23673 -4.20556 2.0327 -5.38818 -22.1236 8.51478 0.852353 -38.7721 -0.655187 6.29947 22.5493 -0.857528 2.32622 -40.4017 -6.04875 -1.49198 -1.53428 -14.8131 -0.779096 -9.8844 12.4959 -6.06771e-16 -5.58756e-16 -1.27464e-14 
8.30225 92.305 59.6166 4.29497 -1.21475 -14.7964 0 5.07867 -1.15138 -3.1497 4.78535 -0.526821 0 5.61661 1.07143 -2.41169 3.20429 -0.859304 -1.02604e-17 5.98978 0.11501 -1.75359 1.56655 -0.832188 -1.10457e-17 6.50583 -0.443523 -0.97508 -1.46518 -0.901508 -1.97295e-17 7.60548 -1.50593 -0.345057 -2.69796 -0.882042 -2.53307e-17 9.49737 -0.914492 0.111587 -4.8476 -1.18348 -2.90401e-17 10.5513 1.57691 0.00729311 1.14316 -0.250091 -1.29193e-17 4.78644 0.715339 3.75604 12.56 -16.095 -1.8116e-17 4.82109 0.421791 4.96165 -1.36916 -7.29611 -2.00958e-17 4.83041 0.765062 5.45243 -4.8202 -4.16881 1.23299 -7.60731 7.53374 13.8956 4.90712 1.82916 12.9547 3.2495 -3.26872 -85.1088 22.8056 12.5527 29.2081 0.0598081 0.137039 4.04458 -0.686828 -19.8604 24.234 0.0496219 0.113701 -7.17938 -30.5506 -2.47893 -1.23299 -7.60729 7.53365 -25.8122 3.13817 -4.92027 -12.9547 3.2495 -3.26872 101.4 22.3394 -10.2208 -29.2081 0.0598081 0.137039 -7.08542 -2.29276 36.4166 -24.234 0.0496218 0.113702 5.25267 -16.2123 -2.05861 9.23673 -4.20556 2.0327 -3.68914 -2.55949 1.51289 -0.852353 -38.7721 -0.655187 -0.123834 0.462205 -0.00756824 -2.32622 -40.4017 -6.04875 0.76318 0.230054 15.0454 0.779096 -9.8844 12.4959 2.48481e-17 -7.95139e-16 1.2424e-17 -9.23673 -4.20556 2.0327 -7.15717 -21.4321 4.14296 0.852353 -38.7721 -0.655187 6.55578 23.3777 -0.943004 2.32622 -40.4017 -6.04875 -1.58792 -2.55418 -14.8563 -0.779096 -9.8844 12.4959 -9.83506e-16 -5.46983e-16 -1.27229e-14 
8.59245 92.4409 59.5865 4.47143 -1.26135 -15.4227 0 5.07867 -1.15138 -3.1972 4.83211 -0.542798 0 5.61661 1.07143 -2.44874 3.2275 -0.871427 -1.02604e-17 5.98978 0.11501 -1.7788 1.57066 -0.846067 -1.10457e-17 6.50583 -0.443523 -0.988033 -1.49016 -0.908131 -1.97295e-17 7.60548 -1.50593 -0.346927 -2.75075 -0.889066 -2.53307e-17 9.49737 -0.914492 0.119262 -4.88965 -1.19312 -2.90401e-17 10.5513 1.57691 0.0109748 1.16746 -0.242462 -1.29193e-17 4.78644 0.715339 3.97287 12.8267 -16.9348 -1.8116e-17 4.82109 0.421791 5.16713 -1.24402 -7.67407 -2.00958e-17 4.83041 0.765062 5.3434 -4.73373 -4.63984 1.23299 -7.60731 7.53374 13.5663 4.84703 1.88039 12.9547 3.2495 -3.26872 -84.9411 22.5994 12.8581 29.2081 0.0598081 0.137039 4.107 -0.709205 -20.1793 24.234 0.0496219 0.113701 -7.11902 -30.8367 -2.41484 -1.23299 -7.60729 7.53365 -25.9 3.1444 -4.88261 -12.9547 3.2495 -3.26872 101.582 22.1458 -10.6176 -29.2081 0.0598081 0.137039 -7.09991 -2.30334 36.5025 -24.234 0.0496218 0.113702 5.06495 -16.3765 -2.31058 9.23673 -4.20556 2.0327 -3.96121 -2.60888 2.07754 -0.852353 -38.7721 -0.655187 -0.0932589 0.348063 -0.00579214 -2.32622 -40.4017 -6.04875 0.436308 0.889976 15.0259 0.779096 -9.8844 12.4959 4.12e-16 -7.8304e-16 3.25538e-19 -9.23673 -4.20556 2.0327 -8.93034 -20.6901 0.407873 0.852353 -38.7721 -0.655187 6.83471 24.2679 -1.04006 2.32622 -40.4017 -6.04875 -1.68675 -3.42521 -14.919 -0.779096 -9.8844 12.4959 -6.06771e-16 -5.58756e-16 -1.27464e-14 
8.90422 92.5704 59.6125 4.61131 -1.38664 -16.0183 0 5.07867 -1.15138 -3.22231 4.86647 -0.570932 0 5.61661 1.07143 -2.46651 3.23994 -0.893974 -1.02604e-17 5.98978 0.11501 -1.79339 1.56037 -0.873531 -1.10457e-17 6.50583 -0.443523 -0.996197 -1.53116 -0.930017 -1.97295e-17 7.60548 -1.50593 -0.352902 -2.81437 -0.914181 -2.53307e-17 9.49737 -0.914492 0.115158 -4.95934 -1.21131 -2.90401e-17 10.5513 1.57691 0.0164598 1.19056 -0.243299 -1.29193e-17 4.78644 0.715339 4.27938 13.1746 -17.768 -1.8116e-17 4.82109 0.421791 5.36293 -1.12334 -8.03976 -2.00958e-17 4.83041 0.765062 5.15667 -4.68935 -5.2065 1.23299 -7.60731 7.53374 13.1368 4.76904 1.87782 12.9547 3.2495 -3.26872 -84.8353 22.5301 13.2953 29.2081 0.0598081 0.137039 4.15576 -0.726957 -20.4288 24.234 0.0496219 0.113701 -6.98037 -31.4397 -2.41889 -1.23299 -7.60729 7.53365 -26.6267 3.15023 -4.95033 -12.9547 3.2495 -3.26872 102.235 22.2326 -11.1919 -29.2081 0.0598081 0.137039 -7.12223 -2.31971 36.6349 -24.234 0.0496218 0.113702 5.03248 -16.8292 -2.75486 9.23673 -4.20556 2.0327 -4.2405 -2.56324 2.62806 -0.852353 -38.7721 -0.655187 -0.0709007 0.264606 -0.00445495 -2.32622 -40.4017 -6.04875 0.133015 1.50485 15.0119 0.779096 -9.8844 12.4959 3.52653e-17 -7.94813e-16 1.20985e-17 -9.23673 -4.20556 2.0327 -10.575 -19.8234 -2.90816 0.852353 -38.7721 -0.655187 7.10696 25.1254 -1.13876 2.32622 -40.4017 -6.04875 -1.87317 -3.97676 -14.9668 -0.779096 -9.8844 12.4959 -2.09202e-16 -5.83279e-16 -1.27592e-14 
9.17801 92.6943 59.7183 4.68783 -1.59671 -16.6473 0 5.07867 -1.15138 -3.25346 5.00014 -0.633689 0 5.61661 1.07143 -2.48863 3.30149 -0.937212 -1.02604e-17 5.98978 0.11501 -1.8188 1.51125 -0.927575 -1.10457e-17 6.50583 -0.443523 -1.01002 -1.74617 -0.980966 -1.97295e-17 7.60548 -1.50593 -0.367616 -3.06379 -0.972482 -2.53307e-17 9.49737 -0.914492 0.0960231 -5.34429 -1.25535 -2.90401e-17 10.5513 1.57691 0.0309661 1.24024 -0.269322 -1.29193e-17 4.78644 0.715339 4.85986 13.9687 -18.4215 -1.8116e-17 4.82109 0.421791 5.68009 -0.864018 -8.28668 -2.00958e-17 4.83041 0.765062 4.64278 -4.87681 -6.10965 1.23299 -7.60731 7.53374 13.8257 4.73592 2.07376 12.9547 3.2495 -3.26872 -85.9549 22.9102 14.1918 29.2081 0.0598081 0.137039 4.22368 -0.752085 -20.777 24.234 0.0496219 0.113701 -6.78706 -32.3958 -2.2197 -1.23299 -7.60729 7.53365 -29.5719 3.26436 -5.44063 -12.9547 3.2495 -3.26872 105.414 23.1098 -12.6283 -29.2081 0.0598081 0.137039 -7.26872 -2.42911 37.5097 -24.234 0.0496218 0.113702 4.99573 -17.4039 -4.09489 9.23673 -4.20556 2.0327 -4.49432 -2.34462 3.32403 -0.852353 -38.7721 -0.655187 -0.0361354 0.134849 -0.00231127 -2.32622 -40.4017 -6.04875 -0.0605018 2.11842 14.9828 0.779096 -9.8844 12.4959 2.48481e-17 -7.95139e-16 1.2424e-17 -9.23673 -4.20556 2.0327 -12.2066 -18.6597 -6.59883 0.852353 -38.7721 -0.655187 7.32609 25.8071 -1.22102 2.32622 -40.4017 -6.04875 -1.94642 -4.16679 -14.9826 -0.779096 -9.8844 12.4959 -5.85937e-16 -5.59733e-16 -1.27474e-14 
9.39068 92.8003 59.8958 4.72058 -1.87164 -17.3931 0 5.07867 -1.15138 -3.20103 5.09978 -0.6295 0 5.61661 1.07143 -2.44892 3.34687 -0.901974 -1.02604e-17 5.98978 0.11501 -1.79792 1.52356 -0.89642 -1.10457e-17 6.50583 -0.443523 -0.999703 -1.79484 -0.939699 -1.97295e-17 7.60548 -1.50593 -0.364194 -3.14241 -0.93715 -2.53307e-17 9.49737 -0.914492 0.105317 -5.42516 -1.21217 -2.90401e-17 10.5513 1.57691 0.0455507 1.26527 -0.269035 -1.29193e-17 4.78644 0.715339 5.13155 14.22 -19.0838 -1.8116e-17 4.82109 0.421791 5.92028 -1.00879 -8.57146 -2.00958e-17 4.83041 0.765062 4.36039 -4.87538 -7.52687 1.23299 -7.60731 7.53374 13.6441 4.61328 2.12152 12.9547 3.2495 -3.26872 -86.2856 22.7989 14.91 29.2081 0.0598081 0.137039 4.33294 -0.7935 -21.3388 24.234 0.0496219 0.113701 -6.84272 -32.923 -2.38302 -1.23299 -7.60729 7.53365 -30.4655 3.33073 -5.58674 -12.9547 3.2495 -3.26872 106.346 23.2464 -13.6832 -29.2081 0.0598081 0.137039 -7.36919 -2.50619 38.1155 -24.234 0.0496218 0.113702 4.72346 -18.1342 -5.00914 9.23673 -4.20556 2.0327 -4.68233 -1.94579 4.06739 -0.852353 -38.7721 -0.655187 0.00937063 -0.0349656 0.000613187 -2.32622 -40.4017 -6.04875 -0.593503 2.52371 15.0271 0.779096 -9.8844 12.4959 -1.13659e-15 -8.43532e-16 6.08175e-17 -9.23673 -4.20556 2.0327 -13.9114 -17.069 -11.0816 0.852353 -38.7721 -0.655187 7.43807 26.1526 -1.264 2.32622 -40.4017 -6.04875 -1.4315 -4.49933 -15.0404 -0.779096 -9.8844 12.4959 -5.96354e-16 -5.59082e-16 -1.27471e-14 
9.52731 92.8927 60.1288 4.71367 -2.3134 -18.293 0 5.07867 -1.15138 -3.12056 5.16657 -0.590115 0 5.61661 1.07143 -2.38973 3.37318 -0.829629 -1.02604e-17 5.98978 0.11501 -1.76461 1.54971 -0.829472 -1.10457e-17 6.50583 -0.443523 -0.987933 -1.77941 -0.861388 -1.97295e-17 7.60548 -1.50593 -0.35975 -3.15741 -0.866014 -2.53307e-17 9.49737 -0.914492 0.125796 -5.39517 -1.12562 -2.90401e-17 10.5513 1.57691 0.0594626 1.28369 -0.263919 -1.29193e-17 4.78644 0.715339 5.45322 14.3915 -20.1663 -1.8116e-17 4.82109 0.421791 6.11016 -1.12259 -9.05896 -2.00958e-17 4.83041 0.765062 4.12844 -5.02444 -8.62352 1.23299 -7.60731 7.53374 12.8312 4.43393 1.95206 12.9547 3.2495 -3.26872 -86.068 23.0508 15.6061 29.2081 0.0598081 0.137039 4.41934 -0.827122 -21.7845 24.234 0.0496219 0.113701 -7.00181 -33.935 -2.82318 -1.23299 -7.60729 7.53365 -30.9789 3.37297 -5.6096 -12.9547 3.2495 -3.26872 106.937 23.7791 -14.5114 -29.2081 0.0598081 0.137039 -7.38009 -2.51465 38.1814 -24.234 0.0496218 0.113702 4.05086 -19.4149 -5.70796 9.23673 -4.20556 2.0327 -4.81654 -1.43369 4.94491 -0.852353 -38.7721 -0.655187 -0.00387074 0.0144437 -0.000251628 -2.32622 -40.4017 -6.04875 -0.912347 2.82 15.0465 0.779096 -9.8844 12.4959 3.8073e-16 -7.84343e-16 1.62843e-18 -9.23673 -4.20556 2.0327 -15.4683 -15.0375 -15.7753 0.852353 -38.7721 -0.655187 7.39262 26.0126 -1.24648 2.32622 -40.4017 -6.04875 -1.16543 -4.69452 -15.0697 -0.779096 -9.8844 12.4959 -5.96354e-16 -5.59082e-16 -1.27471e-14 
9.56651 92.9796 60.3997 4.58802 -2.9628 -19.2364 0 5.07867 -1.15138 -3.05191 5.16605 -0.536187 0 5.61661 1.07143 -2.34397 3.3641 -0.74981 -1.02604e-17 5.98978 0.11501 -1.74175 1.5844 -0.753786 -1.10457e-17 6.50583 -0.443523 -0.985114 -1.67021 -0.775171 -1.97295e-17 7.60548 -1.50593 -0.360963 -3.06878 -0.78567 -2.53307e-17 9.49737 -0.914492 0.148686 -5.22312 -1.02967 -2.90401e-17 10.5513 1.57691 0.072962 1.28869 -0.257191 -1.29193e-17 4.78644 0.715339 5.7701 14.5183 -21.376 -1.8116e-17 4.82109 0.421791 6.38578 -1.27212 -9.61882 -2.00958e-17 4.83041 0.765062 3.93015 -5.15225 -9.68158 1.23299 -7.60731 7.53374 11.8551 4.19755 1.73327 12.9547 3.2495 -3.26872 -85.6583 23.2555 16.1251 29.2081 0.0598081 0.137039 4.51709 -0.866096 -22.2903 24.234 0.0496219 0.113701 -6.99805 -34.818 -2.94794 -1.23299 -7.60729 7.53365 -31.1666 3.30897 -5.6313 -12.9547 3.2495 -3.26872 107.035 24.2486 -15.0041 -29.2081 0.0598081 0.137039 -7.34627 -2.48846 37.9768 -24.234 0.0496218 0.113702 3.57859 -20.9232 -6.5182 9.23673 -4.20556 2.0327 -4.86727 -0.707465 5.79387 -0.852353 -38.7721 -0.655187 -0.0456393 0.170319 -0.00290508 -2.32622 -40.4017 -6.04875 -1.07852 3.10101 15.0611 0.779096 -9.8844 12.4959 4.22417e-16 -7.82715e-16 2.88531e-33 -9.23673 -4.20556 2.0327 -16.6334 -12.8025 -19.9575 0.852353 -38.7721 -0.655187 7.20226 25.4228 -1.17423 2.32622 -40.4017 -6.04875 -1.11111 -4.38831 -15.0742 -0.779096 -9.8844 12.4959 -5.96354e-16 -5.59082e-16 -1.27471e-14 
9.46185 93.0501 60.6912 4.33218 -3.65584 -20.3052 0 5.07867 -1.15138 -2.91758 5.17598 -0.533747 0 5.61661 1.07143 -2.23873 3.37249 -0.710469 -1.02604e-17 5.98978 0.11501 -1.67502 1.61554 -0.717488 -1.10457e-17 6.50583 -0.443523 -0.946978 -1.56478 -0.727502 -1.97295e-17 7.60548 -1.50593 -0.344723 -2.98481 -0.754311 -2.53307e-17 9.49737 -0.914492 0.170932 -5.12452 -0.970383 -2.90401e-17 10.5513 1.57691 0.0927756 1.28565 -0.259637 -1.29193e-17 4.78644 0.715339 6.22432 14.7161 -22.491 -1.8116e-17 4.82109 0.421791 6.89549 -1.17843 -10.1157 -2.00958e-17 4.83041 0.765062 3.2943 -5.69797 -10.6828 1.23299 -7.60731 7.53374 11.117 3.90674 1.50677 12.9547 3.2495 -3.26872 -86.7314 23.3476 16.165 29.2081 0.0598081 0.137039 4.63543 -0.914628 -22.905 24.234 0.0496219 0.113701 -5.19373 -35.6648 -1.45361 -1.23299 -7.60729 7.53365 -32.7631 3.23899 -5.79522 -12.9547 3.2495 -3.26872 108.032 25.473 -15.5736 -29.2081 0.0598081 0.137039 -7.34226 -2.48537 37.9526 -24.234 0.0496218 0.113702 3.42721 -23.0175 -7.51659 9.23673 -4.20556 2.0327 -4.73565 0.0759861 6.7131 -0.852353 -38.7721 -0.655187 -0.129542 0.483516 -0.00789309 -2.32622 -40.4017 -6.04875 -1.01151 3.26889 15.0441 0.779096 -9.8844 12.4959 8.09565e-16 -7.58518e-16 -2.41967e-17 -9.23673 -4.20556 2.0327 -17.0946 -10.7942 -22.8742 0.852353 -38.7721 -0.655187 6.83422 24.2664 -1.03988 2.32622 -40.4017 -6.04875 -1.3729 -3.32395 -15.0229 -0.779096 -9.8844 12.4959 -5.96354e-16 -5.59082e-16 -1.27471e-14 
9.18901 93.0723 60.9553 4.09278 -4.23445 -21.6123 0 5.07867 -1.15138 -3.14055 4.88308 -0.530584 0 5.61661 1.07143 -2.42772 3.21645 -0.719248 -1.02604e-17 5.98978 0.11501 -1.82045 1.59556 -0.738852 -1.10457e-17 6.50583 -0.443523 -1.0498 -1.38819 -0.736624 -1.97295e-17 7.60548 -1.50593 -0.400436 -2.72197 -0.753712 -2.53307e-17 9.49737 -0.914492 0.17813 -4.72708 -0.962441 -2.90401e-17 10.5513 1.57691 0.0927098 1.28145 -0.29124 -1.29193e-17 4.78644 0.715339 6.72547 15.0061 -23.1539 -1.8116e-17 4.82109 0.421791 7.7065 -0.922206 -10.3322 -2.00958e-17 4.83041 0.765062 3.31701 -6.10746 -11.8326 1.23299 -7.60731 7.53374 9.24745 3.34214 1.66318 12.9547 3.2495 -3.26872 -86.2302 21.4399 15.8868 29.2081 0.0598081 0.137039 4.42189 -0.828123 -21.7977 24.234 0.0496219 0.113701 -3.41821 -34.3667 -1.11653 -1.23299 -7.60729 7.53365 -34.1188 3.26992 -6.50393 -12.9547 3.2495 -3.26872 112.184 27.1423 -17.2236 -29.2081 0.0598081 0.137039 -7.41239 -2.53984 38.3773 -24.234 0.0496218 0.113702 1.54959 -24.1722 -8.84438 9.23673 -4.20556 2.0327 -4.45452 0.699304 7.63972 -0.852353 -38.7721 -0.655187 -0.263319 0.983058 -0.0149002 -2.32622 -40.4017 -6.04875 -1.25403 3.02196 15.138 0.779096 -9.8844 12.4959 1.20713e-15 -7.45768e-16 -3.69464e-17 -9.23673 -4.20556 2.0327 -16.8503 -9.29218 -24.3118 0.852353 -38.7721 -0.655187 6.24638 22.3765 -0.840271 2.32622 -40.4017 -6.04875 -2.37467 -1.99774 -14.83 -0.779096 -9.8844 12.4959 5.65088e-16 -6.19574e-16 -1.27955e-14 
8.77672 93.0308 61.1683 3.94635 -4.71426 -23.1518 0 5.07867 -1.15138 -3.0169 4.94485 -0.436267 0 5.61661 1.07143 -2.35444 3.24101 -0.586989 -1.02604e-17 5.98978 0.11501 -1.7867 1.63333 -0.604861 -1.10457e-17 6.50583 -0.443523 -1.0472 -1.31635 -0.596186 -1.97295e-17 7.60548 -1.50593 -0.403499 -2.67954 -0.617194 -2.53307e-17 9.49737 -0.914492 0.203421 -4.66299 -0.810706 -2.90401e-17 10.5513 1.57691 0.104791 1.27181 -0.297454 -1.29193e-17 4.78644 0.715339 7.08566 15.1296 -24.0872 -1.8116e-17 4.82109 0.421791 8.24492 -1.0228 -10.7532 -2.00958e-17 4.83041 0.765062 2.98844 -6.70461 -13.3047 1.23299 -7.60731 7.53374 8.64371 3.06351 1.65818 12.9547 3.2495 -3.26872 -85.5554 20.0224 15.5847 29.2081 0.0598081 0.137039 4.26555 -0.767803 -20.992 24.234 0.0496219 0.113701 -4.53618 -33.1343 -2.02748 -1.23299 -7.60729 7.53365 -35.1077 3.41957 -6.95949 -12.9547 3.2495 -3.26872 112.994 27.4971 -18.0319 -29.2081 0.0598081 0.137039 -7.46208 -2.57895 38.6797 -24.234 0.0496218 0.113702 1.49668 -25.7481 -9.50581 9.23673 -4.20556 2.0327 -4.04417 1.01715 8.5684 -0.852353 -38.7721 -0.655187 -0.517795 1.93366 -0.0250151 -2.32622 -40.4017 -6.04875 -1.63708 2.44052 15.2776 0.779096 -9.8844 12.4959 5.61139e-17 -7.93836e-16 1.11213e-17 -9.23673 -4.20556 2.0327 -16.4271 -8.11569 -25.3235 0.852353 -38.7721 -0.655187 5.58197 20.1798 -0.637596 2.32622 -40.4017 -6.04875 -1.61915 -1.29737 -14.8699 -0.779096 -9.8844 12.4959 2.09207e-16 -5.97005e-16 -1.27726e-14 
8.23641 92.9494 61.3391 3.80657 -5.28538 -24.9446 0 5.07867 -1.15138 -2.90258 5.10117 -0.292573 0 5.61661 1.07143 -2.2896 3.32391 -0.395227 -1.02604e-17 5.98978 0.11501 -1.75726 1.69935 -0.411084 -1.10457e-17 6.50583 -0.443523 -1.05274 -1.29624 -0.394024 -1.97295e-17 7.60548 -1.50593 -0.397865 -2.69015 -0.418415 -2.53307e-17 9.49737 -0.914492 0.257219 -4.64562 -0.590468 -2.90401e-17 10.5513 1.57691 0.115332 1.26025 -0.281642 -1.29193e-17 4.78644 0.715339 7.3631 14.85 -25.6431 -1.8116e-17 4.82109 0.421791 8.43048 -1.00004 -11.5207 -2.00958e-17 4.83041 0.765062 2.95203 -7.00395 -13.9745 1.23299 -7.60731 7.53374 7.71116 3.06713 1.23667 12.9547 3.2495 -3.26872 -85.0082 20.265 15.9895 29.2081 0.0598081 0.137039 4.25875 -0.765236 -20.9571 24.234 0.0496219 0.113701 -5.19693 -33.7235 -2.87088 -1.23299 -7.60729 7.53365 -35.4634 3.76753 -6.9472 -12.9547 3.2495 -3.26872 113.594 28.829 -19.2749 -29.2081 0.0598081 0.137039 -7.6427 -2.72475 39.7896 -24.234 0.0496218 0.113702 0.290824 -28.6272 -10.4627 9.23673 -4.20556 2.0327 -3.55732 1.27019 9.69603 -0.852353 -38.7721 -0.655187 -0.873087 3.26074 -0.0320764 -2.32622 -40.4017 -6.04875 -1.62903 1.76564 15.3626 0.779096 -9.8844 12.4959 7.99143e-16 -7.58844e-16 -2.3871e-17 -9.23673 -4.20556 2.0327 -15.9173 -7.1325 -25.818 0.852353 -38.7721 -0.655187 5.04417 18.3574 -0.491999 2.32622 -40.4017 -6.04875 -1.35057 -0.850805 -14.8547 -0.779096 -9.8844 12.4959 -1.3498e-15 -5.35862e-16 -1.27114e-14 
7.60035 92.791 61.47 3.70142 -5.89189 -27.0565 0 5.07867 -1.15138 -3.03994 4.88014 -0.228639 0 5.61661 1.07143 -2.42288 3.21334 -0.337453 -1.02604e-17 5.98978 0.11501 -1.86553 1.7375 -0.359543 -1.10457e-17 6.50583 -0.443523 -1.13972 -1.02196 -0.336539 -1.97295e-17 7.60548 -1.50593 -0.444652 -2.32402 -0.347302 -2.53307e-17 9.49737 -0.914492 0.270232 -4.11138 -0.504262 -2.90401e-17 10.5513 1.57691 0.112828 1.21332 -0.285753 -1.29193e-17 4.78644 0.715339 7.54852 14.5705 -26.809 -1.8116e-17 4.82109 0.421791 8.83882 -1.06319 -12.0965 -2.00958e-17 4.83041 0.765062 3.40178 -7.15244 -13.8035 1.23299 -7.60731 7.53374 5.77137 2.82671 0.965231 12.9547 3.2495 -3.26872 -83.6998 19.1192 15.7584 29.2081 0.0598081 0.137039 4.28006 -0.773297 -21.0666 24.234 0.0496219 0.113701 -4.32076 -33.7522 -2.30632 -1.23299 -7.60729 7.53365 -35.3542 3.84946 -7.18713 -12.9547 3.2495 -3.26872 114.758 30.0838 -20.2399 -29.2081 0.0598081 0.137039 -7.8855 -2.93008 41.3095 -24.234 0.0496218 0.113702 -0.954724 -30.1593 -11.5984 9.23673 -4.20556 2.0327 -3.0757 1.55528 11.074 -0.852353 -38.7721 -0.655187 -1.2457 4.65093 -0.0306319 -2.32622 -40.4017 -6.04875 -2.02751 0.766602 15.6022 0.779096 -9.8844 12.4959 -7.28603e-16 -8.30457e-16 4.77421e-17 -9.23673 -4.20556 2.0327 -15.4512 -6.3938 -25.1328 0.852353 -38.7721 -0.655187 4.63251 16.9374 -0.392028 2.32622 -40.4017 -6.04875 -1.53885 -1.10572 -14.8302 -0.779096 -9.8844 12.4959 -1.77864e-15 -5.10037e-16 -1.26977e-14 
6.92631 92.5339 61.5519 3.63607 -6.31191 -29.3513 0 5.07867 -1.15138 -3.05519 4.6934 -0.102795 0 5.61661 1.07143 -2.4566 3.1044 -0.204831 -1.02604e-17 5.98978 0.11501 -1.89887 1.75301 -0.221887 -1.10457e-17 6.50583 -0.443523 -1.17458 -0.789858 -0.199091 -1.97295e-17 7.60548 -1.50593 -0.449763 -2.01352 -0.200462 -2.53307e-17 9.49737 -0.914492 0.31839 -3.69231 -0.353004 -2.90401e-17 10.5513 1.57691 0.111751 1.15223 -0.279918 -1.29193e-17 4.78644 0.715339 7.61906 14.3317 -27.7152 -1.8116e-17 4.82109 0.421791 9.14384 -1.12901 -12.5878 -2.00958e-17 4.83041 0.765062 3.71789 -7.66823 -14.1953 1.23299 -7.60731 7.53374 5.11333 2.73605 0.8408 12.9547 3.2495 -3.26872 -82.7859 18.489 15.5301 29.2081 0.0598081 0.137039 4.26391 -0.767185 -20.9836 24.234 0.0496219 0.113701 -5.06612 -33.4785 -2.51698 -1.23299 -7.60729 7.53365 -34.9137 3.93448 -7.36024 -12.9547 3.2495 -3.26872 114.331 30.9527 -20.4963 -29.2081 0.0598081 0.137039 -8.0539 -3.07913 42.384 -24.234 0.0496218 0.113702 -1.54504 -31.6473 -12.2524 9.23673 -4.20556 2.0327 -2.50292 1.62694 12.5879 -0.852353 -38.7721 -0.655187 -1.65893 6.18865 -0.0184381 -2.32622 -40.4017 -6.04875 -2.19806 -0.180621 15.7656 0.779096 -9.8844 12.4959 -1.54459e-15 -8.68706e-16 8.59912e-17 -9.23673 -4.20556 2.0327 -14.8407 -5.98958 -23.2812 0.852353 -38.7721 -0.655187 4.38784 16.0839 -0.337419 2.32622 -40.4017 -6.04875 -2.29046 -4.11604 -15.0223 -0.779096 -9.8844 12.4959 -6.2762e-16 -5.57779e-16 -1.27458e-14 
6.2214 92.3676 61.6 3.43864 -6.79805 -31.8055 0 5.07867 -1.15138 -3.0402 4.59851 0.016859 0 5.61661 1.07143 -2.46799 3.05097 -0.0721347 -1.02604e-17 5.98978 0.11501 -1.9173 1.7727 -0.0846396 -1.10457e-17 6.50583 -0.443523 -1.2026 -0.629771 -0.0627628 -1.97295e-17 7.60548 -1.50593 -0.454706 -1.80945 -0.0557999 -2.53307e-17 9.49737 -0.914492 0.35764 -3.43952 -0.198699 -2.90401e-17 10.5513 1.57691 0.107758 1.09702 -0.273088 -1.29193e-17 4.78644 0.715339 7.71389 14.1083 -28.8306 -1.8116e-17 4.82109 0.421791 9.24731 -1.2347 -13.1909 -2.00958e-17 4.83041 0.765062 3.98559 -7.88789 -14.1412 1.23299 -7.60731 7.53374 4.55888 2.79616 0.603855 12.9547 3.2495 -3.26872 -82.1828 18.4922 15.4748 29.2081 0.0598081 0.137039 4.21907 -0.750361 -20.7534 24.234 0.0496219 0.113701 -5.58574 -33.5068 -2.57151 -1.23299 -7.60729 7.53365 -34.5538 4.07215 -7.44199 -12.9547 3.2495 -3.26872 113.921 31.9063 -20.7014 -29.2081 0.0598081 0.137039 -8.14267 -3.15999 42.9576 -24.234 0.0496218 0.113702 -1.99928 -32.9519 -12.3418 9.23673 -4.20556 2.0327 -1.83514 1.8166 14.3453 -0.852353 -38.7721 -0.655187 -2.08065 7.75144 0.00546378 -2.32622 -40.4017 -6.04875 -2.12093 -0.842669 15.8704 0.779096 -9.8844 12.4959 7.57455e-16 -7.60798e-16 -2.19169e-17 -9.23673 -4.20556 2.0327 -14.1733 -5.71994 -20.7712 0.852353 -38.7721 -0.655187 4.10921 15.1036 -0.279652 2.32622 -40.4017 -6.04875 -2.76561 -4.88072 -15.0704 -0.779096 -9.8844 12.4959 -5.96354e-16 -5.59082e-16 -1.27471e-14 
5.52693 92.2299 61.6121 3.28344 -7.30649 -34.174 0 5.07867 -1.15138 -3.42338 4.07655 -0.0761943 0 5.61661 1.07143 -2.7738 2.79634 -0.232072 -1.02604e-17 5.98978 0.11501 -2.13373 1.7883 -0.256916 -1.10457e-17 6.50583 -0.443523 -1.34805 -0.21339 -0.227551 -1.97295e-17 7.60548 -1.50593 -0.550531 -1.2084 -0.185971 -2.53307e-17 9.49737 -0.914492 0.303558 -2.56092 -0.321025 -2.90401e-17 10.5513 1.57691 0.0827424 1.0367 -0.297041 -1.29193e-17 4.78644 0.715339 7.6259 13.7059 -29.1136 -1.8116e-17 4.82109 0.421791 9.56907 -1.07148 -13.3039 -2.00958e-17 4.83041 0.765062 5.01104 -7.72126 -13.3974 1.23299 -7.60731 7.53374 0.58404 2.59051 0.0357344 12.9547 3.2495 -3.26872 -79.7918 15.1133 14.4006 29.2081 0.0598081 0.137039 3.95644 -0.655893 -19.4112 24.234 0.0496219 0.113701 -2.84976 -31.7219 -1.44786 -1.23299 -7.60729 7.53365 -33.3385 4.11525 -7.78089 -12.9547 3.2495 -3.26872 116.073 32.9355 -21.8361 -29.2081 0.0598081 0.137039 -8.34007 -3.34577 44.2521 -24.234 0.0496218 0.113702 -3.77801 -31.9386 -12.3087 9.23673 -4.20556 2.0327 -1.30049 2.1536 16.3025 -0.852353 -38.7721 -0.655187 -2.42957 9.03772 0.0339499 -2.32622 -40.4017 -6.04875 -2.71692 -1.40539 16.1572 0.779096 -9.8844 12.4959 2.36858e-15 -6.97375e-16 -8.53399e-17 -9.23673 -4.20556 2.0327 -13.6194 -5.61872 -18.1113 0.852353 -38.7721 -0.655187 3.94944 14.5377 -0.248675 2.32622 -40.4017 -6.04875 -4.0504 -5.78839 -15.0663 -0.779096 -9.8844 12.4959 -5.96354e-16 -5.59082e-16 -1.27471e-14 
4.86337 92.086 61.6116 3.15454 -7.61986 -36.2402 0 5.07867 -1.15138 -3.4633 3.8354 -0.115974 0 5.61661 1.07143 -2.81635 2.65708 -0.282873 -1.02604e-17 5.98978 0.11501 -2.17017 1.75673 -0.302994 -1.10457e-17 6.50583 -0.443523 -1.37979 -0.0484108 -0.270737 -1.97295e-17 7.60548 -1.50593 -0.587582 -0.965219 -0.214555 -2.53307e-17 9.49737 -0.914492 0.260934 -2.2366 -0.344578 -2.90401e-17 10.5513 1.57691 0.0670537 0.993495 -0.30639 -1.29193e-17 4.78644 0.715339 7.4634 13.4732 -29.1987 -1.8116e-17 4.82109 0.421791 9.75822 -0.978746 -13.37 -2.00958e-17 4.83041 0.765062 5.35069 -7.82579 -14.0641 1.23299 -7.60731 7.53374 -0.503149 2.49761 -0.0961706 12.9547 3.2495 -3.26872 -78.5819 12.2298 13.2839 29.2081 0.0598081 0.137039 3.65894 -0.557159 -17.9032 24.234 0.0496219 0.113701 -3.08746 -28.7222 -0.866937 -1.23299 -7.60729 7.53365 -32.7953 4.12345 -8.04761 -12.9547 3.2495 -3.26872 115.441 32.3738 -21.8458 -29.2081 0.0598081 0.137039 -8.56742 -3.57049 45.778 -24.234 0.0496218 0.113702 -3.47296 -31.2977 -12.9668 9.23673 -4.20556 2.0327 -0.577856 2.11194 17.6054 -0.852353 -38.7721 -0.655187 -2.8942 10.7388 0.084047 -2.32622 -40.4017 -6.04875 -3.16393 -1.95218 16.3665 0.779096 -9.8844 12.4959 8.73797e-17 -7.92533e-16 9.81856e-18 -9.23673 -4.20556 2.0327 -13.2345 -5.69889 -16.3971 0.852353 -38.7721 -0.655187 3.90964 14.3963 -0.241202 2.32622 -40.4017 -6.04875 -4.24522 -6.78056 -15.1571 -0.779096 -9.8844 12.4959 -5.96354e-16 -5.59082e-16 -1.27471e-14 
4.29814 91.9498 61.6604 2.77646 -7.54995 -38.1485 0 5.07867 -1.15138 -3.30568 3.77369 -0.135213 0 5.61661 1.07143 -2.68472 2.61396 -0.280124 -1.02604e-17 5.98978 0.11501 -2.06618 1.72878 -0.291322 -1.10457e-17 6.50583 -0.443523 -1.3103 -0.0467594 -0.255682 -1.97295e-17 7.60548 -1.50593 -0.549204 -0.945995 -0.204696 -2.53307e-17 9.49737 -0.914492 0.259314 -2.19554 -0.334876 -2.90401e-17 10.5513 1.57691 0.0541118 0.973669 -0.292855 -1.29193e-17 4.78644 0.715339 7.3697 13.13 -29.8739 -1.8116e-17 4.82109 0.421791 9.64712 -0.858282 -13.7435 -2.00958e-17 4.83041 0.765062 5.62992 -7.65171 -14.4361 1.23299 -7.60731 7.53374 -1.32647 2.73831 -0.343921 12.9547 3.2495 -3.26872 -77.9755 11.3365 13.1389 29.2081 0.0598081 0.137039 3.42069 -0.48429 -16.7044 24.234 0.0496219 0.113701 -3.5575 -27.2702 -1.00919 -1.23299 -7.60729 7.53365 -32.0404 4.33992 -8.05398 -12.9547 3.2495 -3.26872 114.52 32.3686 -22.3794 -29.2081 0.0598081 0.137039 -8.75841 -3.76883 47.0919 -24.234 0.0496218 0.113702 -3.83943 -31.8433 -13.2005 9.23673 -4.20556 2.0327 0.606998 1.70091 18.1359 -0.852353 -38.7721 -0.655187 -3.48346 12.8725 0.167356 -2.32622 -40.4017 -6.04875 -3.06366 -2.50872 16.4242 0.779096 -9.8844 12.4959 -1.13658e-15 -8.43532e-16 6.08169e-17 -9.23673 -4.20556 2.0327 -12.431 -6.01395 -14.9312 0.852353 -38.7721 -0.655187 3.91267 14.4071 -0.241768 2.32622 -40.4017 -6.04875 -4.72312 -7.23054 -15.1934 -0.779096 -9.8844 12.4959 -5.96354e-16 -5.59082e-16 -1.27471e-14 
3.81952 91.864 61.6109 1.72207 -7.52008 -40.3916 0 5.07867 -1.15138 -3.01813 3.8277 -0.148579 0 5.61661 1.07143 -2.43884 2.68739 -0.262667 -1.02604e-17 5.98978 0.11501 -1.87158 1.82742 -0.26816 -1.10457e-17 6.50583 -0.443523 -1.16898 0.10855 -0.232939 -1.97295e-17 7.60548 -1.50593 -0.462665 -0.789968 -0.200332 -2.53307e-17 9.49737 -0.914492 0.283013 -2.01434 -0.338114 -2.90401e-17 10.5513 1.57691 0.0415615 0.9389 -0.285255 -1.29193e-17 4.78644 0.715339 7.43109 12.992 -30.6935 -1.8116e-17 4.82109 0.421791 9.70075 -1.09988 -14.1962 -2.00958e-17 4.83041 0.765062 5.85747 -7.44312 -14.1057 1.23299 -7.60731 7.53374 -1.84081 2.80743 -0.45079 12.9547 3.2495 -3.26872 -77.441 10.7883 12.8211 29.2081 0.0598081 0.137039 3.19981 -0.421559 -15.5992 24.234 0.0496219 0.113701 -4.17992 -26.46 -1.03244 -1.23299 -7.60729 7.53365 -31.5247 4.3103 -8.17605 -12.9547 3.2495 -3.26872 113.42 32.4951 -22.0827 -29.2081 0.0598081 0.137039 -8.8269 -3.8422 47.5708 -24.234 0.0496218 0.113702 -3.98088 -32.4381 -13.1738 9.23673 -4.20556 2.0327 2.36134 1.55494 18.1783 -0.852353 -38.7721 -0.655187 -4.16155 15.2884 0.290142 -2.32622 -40.4017 -6.04875 -3.38849 -2.99682 16.6101 0.779096 -9.8844 12.4959 -1.94215e-15 -8.81129e-16 9.84148e-17 -9.23673 -4.20556 2.0327 -11.0605 -6.18392 -12.9077 0.852353 -38.7721 -0.655187 3.94579 14.5247 -0.247984 2.32622 -40.4017 -6.04875 -5.24649 -6.88632 -15.1459 -0.779096 -9.8844 12.4959 -2.09211e-16 -5.83278e-16 -1.27592e-14 
3.25595 91.8481 61.482 0.0992468 -7.74478 -43.3911 0 5.07867 -1.15138 -2.74299 4.0829 -0.124425 0 5.61661 1.07143 -2.20046 2.91939 -0.218008 -1.02604e-17 5.98978 0.11501 -1.68258 2.07133 -0.221639 -1.10457e-17 6.50583 -0.443523 -1.03197 0.357271 -0.19075 -1.97295e-17 7.60548 -1.50593 -0.372734 -0.587536 -0.173843 -2.53307e-17 9.49737 -0.914492 0.325269 -1.78486 -0.324434 -2.90401e-17 10.5513 1.57691 0.0343272 0.906798 -0.287336 -1.29193e-17 4.78644 0.715339 7.46385 12.9395 -30.9962 -1.8116e-17 4.82109 0.421791 9.75269 -1.34373 -14.394 -2.00958e-17 4.83041 0.765062 6.20304 -7.27081 -13.831 1.23299 -7.60731 7.53374 -2.2358 2.87633 -0.509806 12.9547 3.2495 -3.26872 -77.3032 10.5069 12.8533 29.2081 0.0598081 0.137039 3.06303 -0.385008 -14.9177 24.234 0.0496219 0.113701 -4.47024 -26.6789 -1.10955 -1.23299 -7.60729 7.53365 -30.9566 4.15809 -8.35742 -12.9547 3.2495 -3.26872 112.185 33.1936 -21.0473 -29.2081 0.0598081 0.137039 -8.83141 -3.84707 47.6025 -24.234 0.0496218 0.113702 -4.28822 -33.0837 -13.4297 9.23673 -4.20556 2.0327 4.35072 2.11636 18.3605 -0.852353 -38.7721 -0.655187 -4.84454 17.6714 0.442263 -2.32622 -40.4017 -6.04875 -3.73602 -2.82021 16.7568 0.779096 -9.8844 12.4959 1.90843e-15 -7.12732e-16 -6.99826e-17 -9.23673 -4.20556 2.0327 -9.19723 -5.68129 -10.4029 0.852353 -38.7721 -0.655187 3.87439 14.2709 -0.234666 2.32622 -40.4017 -6.04875 -5.61275 -6.12645 -15.0257 -0.779096 -9.8844 12.4959 -9.7307e-16 -5.47635e-16 -1.27232e-14 
2.62743 91.7924 61.3315 -1.27505 -7.75417 -46.779 0 5.07867 -1.15138 -2.45938 3.64442 -0.100618 0 5.61661 1.07143 -1.95301 2.74205 -0.211361 -1.02604e-17 5.98978 0.11501 -1.46861 2.23067 -0.211328 -1.10457e-17 6.50583 -0.443523 -0.880748 1.06007 -0.185234 -1.97295e-17 7.60548 -1.50593 -0.286785 0.296055 -0.155755 -2.53307e-17 9.49737 -0.914492 0.340732 -0.546452 -0.346859 -2.90401e-17 10.5513 1.57691 -0.014954 0.786076 -0.258619 -1.29193e-17 4.78644 0.715339 6.85616 12.6854 -31.436 -1.8116e-17 4.82109 0.421791 9.38352 -2.0125 -14.7393 -2.00958e-17 4.83041 0.765062 7.84572 -6.57602 -12.493 1.23299 -7.60731 7.53374 -4.20279 2.93655 -0.795268 12.9547 3.2495 -3.26872 -75.8146 8.51457 11.8271 29.2081 0.0598081 0.137039 2.88309 -0.339568 -14.0242 24.234 0.0496219 0.113701 -4.65994 -26.2512 -1.50484 -1.23299 -7.60729 7.53365 -24.1451 3.30818 -7.93944 -12.9547 3.2495 -3.26872 106.214 31.0278 -17.2406 -29.2081 0.0598081 0.137039 -8.32295 -3.3293 44.1389 -24.234 0.0496218 0.113702 -4.93034 -30.6526 -11.3978 9.23673 -4.20556 2.0327 6.16853 2.64602 18.8742 -0.852353 -38.7721 -0.655187 -5.51191 19.9446 0.617682 -2.32622 -40.4017 -6.04875 -4.36186 -2.54046 16.969 0.779096 -9.8844 12.4959 8.51267e-16 -7.56563e-16 -2.61514e-17 -9.23673 -4.20556 2.0327 -7.28315 -5.22559 -7.51164 0.852353 -38.7721 -0.655187 3.75032 13.8287 -0.212273 2.32622 -40.4017 -6.04875 -6.08092 -5.68326 -14.8724 -0.779096 -9.8844 12.4959 -6.06781e-16 -5.58756e-16 -1.27464e-14 
2.02991 91.6194 61.1939 -2.33524 -7.85337 -50.1046 0 5.07867 -1.15138 -2.03817 3.20632 -0.0869015 0 5.61661 1.07143 -1.59195 2.53456 -0.210468 -1.02604e-17 5.98978 0.11501 -1.16685 2.31418 -0.20748 -1.10457e-17 6.50583 -0.443523 -0.668498 1.61679 -0.188908 -1.97295e-17 7.60548 -1.50593 -0.160981 0.995213 -0.155333 -2.53307e-17 9.49737 -0.914492 0.361914 0.474755 -0.378263 -2.90401e-17 10.5513 1.57691 -0.0726771 0.695699 -0.190836 -1.29193e-17 4.78644 0.715339 5.85391 11.9496 -32.1794 -1.8116e-17 4.82109 0.421791 8.07535 -2.44898 -15.3606 -2.00958e-17 4.83041 0.765062 9.50497 -5.26245 -11.1698 1.23299 -7.60731 7.53374 -5.8435 3.44958 -1.15723 12.9547 3.2495 -3.26872 -74.414 7.88011 11.0026 29.2081 0.0598081 0.137039 2.75127 -0.308167 -13.3717 24.234 0.0496219 0.113701 -5.94075 -26.8736 -2.25586 -1.23299 -7.60729 7.53365 -14.8719 2.49618 -6.31953 -12.9547 3.2495 -3.26872 96.7698 26.2833 -11.1774 -29.2081 0.0598081 0.137039 -7.12467 -2.32147 36.6494 -24.234 0.0496218 0.113702 -4.62824 -27.3172 -7.15346 9.23673 -4.20556 2.0327 7.53616 2.93808 18.7498 -0.852353 -38.7721 -0.655187 -6.25206 22.395 0.84211 -2.32622 -40.4017 -6.04875 -4.46751 -1.91445 16.9088 0.779096 -9.8844 12.4959 3.52999e-15 -6.48983e-16 -1.33732e-16 -9.23673 -4.20556 2.0327 -5.7692 -4.64267 -4.66912 0.852353 -38.7721 -0.655187 3.64295 13.4448 -0.193667 2.32622 -40.4017 -6.04875 -6.30569 -6.07344 -14.8465 -0.779096 -9.8844 12.4959 -5.96354e-16 -5.59082e-16 -1.27471e-14 
1.49511 91.4695 60.9714 -3.12775 -8.00463 -53.4711 0 5.07867 -1.15138 -1.75692 2.80573 -0.162834 0 5.61661 1.07143 -1.33327 2.33516 -0.302119 -1.02604e-17 5.98978 0.11501 -0.935859 2.32673 -0.295829 -1.10457e-17 6.50583 -0.443523 -0.482503 2.01427 -0.27727 -1.97295e-17 7.60548 -1.50593 -0.0346309 1.48223 -0.254118 -2.53307e-17 9.49737 -0.914492 0.407363 1.15461 -0.495646 -2.90401e-17 10.5513 1.57691 -0.109145 0.646587 -0.123071 -1.29193e-17 4.78644 0.715339 4.84032 10.8577 -32.5779 -1.8116e-17 4.82109 0.421791 7.03649 -2.32258 -15.7424 -2.00958e-17 4.83041 0.765062 10.2081 -3.94006 -10.1189 1.23299 -7.60731 7.53374 -6.98701 3.95377 -1.56544 12.9547 3.2495 -3.26872 -74.1664 8.2552 9.37413 29.2081 0.0598081 0.137039 2.66669 -0.288855 -12.9539 24.234 0.0496219 0.113701 -5.79927 -28.7569 -1.36785 -1.23299 -7.60729 7.53365 -8.04903 2.32125 -4.47197 -12.9547 3.2495 -3.26872 89.8447 21.844 -5.83663 -29.2081 0.0598081 0.137039 -5.83479 -1.4944 29.3033 -24.234 0.0496218 0.113702 -4.57675 -24.284 -3.28338 9.23673 -4.20556 2.0327 8.51243 2.73844 17.7102 -0.852353 -38.7721 -0.655187 -7.1356 25.2149 1.14937 -2.32622 -40.4017 -6.04875 -3.86638 -1.57142 16.6256 0.779096 -9.8844 12.4959 1.18688e-16 -7.91229e-16 8.51404e-18 -9.23673 -4.20556 2.0327 -4.47877 -4.19307 -1.65021 0.852353 -38.7721 -0.655187 3.53592 13.061 -0.175834 2.32622 -40.4017 -6.04875 -7.20721 -6.11825 -14.7634 -0.779096 -9.8844 12.4959 -5.96354e-16 -5.59082e-16 -1.27471e-14 
1.06274 91.3124 60.736 -3.60701 -7.95963 -56.8539 0 5.07867 -1.15138 -1.72466 2.39415 -0.282555 0 5.61661 1.07143 -1.26519 2.12471 -0.467032 -1.02604e-17 5.98978 0.11501 -0.843776 2.2957 -0.461086 -1.10457e-17 6.50583 -0.443523 -0.375155 2.30735 -0.444004 -1.97295e-17 7.60548 -1.50593 0.0527493 1.85627 -0.432133 -2.53307e-17 9.49737 -0.914492 0.446747 1.66591 -0.694958 -2.90401e-17 10.5513 1.57691 -0.140014 0.611501 -0.0774974 -1.29193e-17 4.78644 0.715339 3.82651 9.61077 -32.6821 -1.8116e-17 4.82109 0.421791 6.43226 -1.96951 -15.9134 -2.00958e-17 4.83041 0.765062 10.6175 -2.36149 -9.11979 1.23299 -7.60731 7.53374 -7.5858 4.30033 -1.80595 12.9547 3.2495 -3.26872 -74.1423 8.00753 7.76087 29.2081 0.0598081 0.137039 2.48617 -0.249786 -12.0643 24.234 0.0496219 0.113701 -5.35915 -30.0061 -0.857116 -1.23299 -7.60729 7.53365 -3.18369 2.44359 -2.7804 -12.9547 3.2495 -3.26872 84.8023 17.8354 -1.42671 -29.2081 0.0598081 0.137039 -4.82878 -0.997019 23.914 -24.234 0.0496218 0.113702 -4.18954 -21.5904 -0.847588 9.23673 -4.20556 2.0327 9.5963 1.48118 16.1291 -0.852353 -38.7721 -0.655187 -8.5439 29.4564 1.72194 -2.32622 -40.4017 -6.04875 -3.66824 -2.7993 16.4988 0.779096 -9.8844 12.4959 -7.49437e-16 -8.31433e-16 4.87187e-17 -9.23673 -4.20556 2.0327 -3.29178 -3.89137 1.3441 0.852353 -38.7721 -0.655187 3.35967 12.4267 -0.148035 2.32622 -40.4017 -6.04875 -7.98895 -6.12014 -14.7084 -0.779096 -9.8844 12.4959 -9.83497e-16 -5.46984e-16 -1.27229e-14 
0.736936 91.184 60.6415 -3.83708 -7.73483 -59.9945 0 5.07867 -1.15138 -1.74913 2.1082 -0.506738 0 5.61661 1.07143 -1.2253 1.98583 -0.742104 -1.02604e-17 5.98978 0.11501 -0.774391 2.28094 -0.739675 -1.10457e-17 6.50583 -0.443523 -0.28045 2.51172 -0.725881 -1.97295e-17 7.60548 -1.50593 0.107279 2.09411 -0.737376 -2.53307e-17 9.49737 -0.914492 0.418799 1.9855 -1.00877 -2.90401e-17 10.5513 1.57691 -0.175397 0.585765 -0.0556234 -1.29193e-17 4.78644 0.715339 2.92813 8.43543 -32.3652 -1.8116e-17 4.82109 0.421791 5.85215 -1.61979 -15.7984 -2.00958e-17 4.83041 0.765062 11.0782 -0.955185 -8.3841 1.23299 -7.60731 7.53374 -8.33684 4.6696 -2.3268 12.9547 3.2495 -3.26872 -74.095 7.03778 5.69791 29.2081 0.0598081 0.137039 2.2459 -0.202311 -10.8846 24.234 0.0496219 0.113701 -4.23533 -30.9528 -0.18418 -1.23299 -7.60729 7.53365 -0.18862 2.73074 -1.34269 -12.9547 3.2495 -3.26872 81.5747 15.363 1.90678 -29.2081 0.0598081 0.137039 -4.01992 -0.677972 19.7336 -24.234 0.0496218 0.113702 -3.87431 -20.038 1.22078 9.23673 -4.20556 2.0327 10.2763 -0.344579 13.9755 -0.852353 -38.7721 -0.655187 -10.0953 33.7543 2.45972 -2.32622 -40.4017 -6.04875 -3.95141 -3.13592 16.3903 0.779096 -9.8844 12.4959 -1.54458e-15 -8.68705e-16 8.59908e-17 -9.23673 -4.20556 2.0327 -2.28564 -3.77474 4.05676 0.852353 -38.7721 -0.655187 3.18736 11.804 -0.122747 2.32622 -40.4017 -6.04875 -8.3889 -6.25223 -14.73 -0.779096 -9.8844 12.4959 -9.93923e-16 -5.46658e-16 -1.27222e-14 
0.526641 91.0973 60.7045 -3.87043 -7.68145 -62.9232 0 5.07867 -1.15138 -1.8148 1.91803 -0.518543 0 5.61661 1.07143 -1.25932 1.85296 -0.797818 -1.02604e-17 5.98978 0.11501 -0.784264 2.18442 -0.800085 -1.10457e-17 6.50583 -0.443523 -0.26944 2.46361 -0.793688 -1.97295e-17 7.60548 -1.50593 0.126273 2.05379 -0.810628 -2.53307e-17 9.49737 -0.914492 0.430458 1.96445 -1.09162 -2.90401e-17 10.5513 1.57691 -0.193277 0.599433 -0.0445765 -1.29193e-17 4.78644 0.715339 2.51987 7.8295 -32.3914 -1.8116e-17 4.82109 0.421791 5.38723 -1.28104 -15.8241 -2.00958e-17 4.83041 0.765062 11.2429 0.00126149 -8.74324 1.23299 -7.60731 7.53374 -8.54673 4.92475 -2.46395 12.9547 3.2495 -3.26872 -73.1956 7.09057 5.61562 29.2081 0.0598081 0.137039 1.91515 -0.145305 -9.26762 24.234 0.0496219 0.113701 -5.3616 -30.703 -1.91327 -1.23299 -7.60729 7.53365 1.71132 3.08359 -0.442172 -12.9547 3.2495 -3.26872 79.5034 13.2549 3.57026 -29.2081 0.0598081 0.137039 -3.38856 -0.474758 16.5423 -24.234 0.0496218 0.113702 -3.59818 -19.9064 2.80965 9.23673 -4.20556 2.0327 9.84179 -2.38532 10.7956 -0.852353 -38.7721 -0.655187 -11.5237 37.3647 3.2269 -2.32622 -40.4017 -6.04875 -4.62949 -2.08925 16.27 0.779096 -9.8844 12.4959 -3.88829e-15 -9.66469e-16 1.83754e-16 -9.23673 -4.20556 2.0327 -1.73948 -3.71386 6.40649 0.852353 -38.7721 -0.655187 3.03447 11.2493 -0.101882 2.32622 -40.4017 -6.04875 -8.83788 -6.45116 -14.7526 -0.779096 -9.8844 12.4959 -6.06781e-16 -5.58756e-16 -1.27464e-14 
0.397691 91.0617 60.9015 -3.91884 -7.81575 -65.8287 0 5.07867 -1.15138 -1.89145 1.76163 -0.454228 0 5.61661 1.07143 -1.32312 1.73546 -0.763547 -1.02604e-17 5.98978 0.11501 -0.830322 2.11468 -0.774428 -1.10457e-17 6.50583 -0.443523 -0.298425 2.44744 -0.775755 -1.97295e-17 7.60548 -1.50593 0.125785 2.08228 -0.79165 -2.53307e-17 9.49737 -0.914492 0.459382 2.03347 -1.07178 -2.90401e-17 10.5513 1.57691 -0.201173 0.606863 -0.0435537 -1.29193e-17 4.78644 0.715339 2.58956 7.81532 -32.9931 -1.8116e-17 4.82109 0.421791 4.96088 -1.35319 -16.1523 -2.00958e-17 4.83041 0.765062 11.5528 0.514133 -8.67303 1.23299 -7.60731 7.53374 -9.06673 5.17557 -2.71479 12.9547 3.2495 -3.26872 -71.9789 8.05535 5.99862 29.2081 0.0598081 0.137039 1.72005 -0.116164 -8.31705 24.234 0.0496219 0.113701 -6.45529 -31.0915 -3.74003 -1.23299 -7.60729 7.53365 2.74295 3.37019 0.085194 -12.9547 3.2495 -3.26872 78.4338 11.93 4.32306 -29.2081 0.0598081 0.137039 -2.96023 -0.358558 14.4058 -24.234 0.0496218 0.113702 -3.57657 -20.689 4.16029 9.23673 -4.20556 2.0327 8.47803 -4.12687 7.49443 -0.852353 -38.7721 -0.655187 -12.6885 40.0704 3.90758 -2.32622 -40.4017 -6.04875 -5.08087 -0.74268 16.16 0.779096 -9.8844 12.4959 3.07724e-16 -7.87602e-16 4.88751e-18 -9.23673 -4.20556 2.0327 -1.52342 -3.70261 8.60372 0.852353 -38.7721 -0.655187 2.94546 10.9256 -0.0904193 2.32622 -40.4017 -6.04875 -8.97908 -6.56999 -14.8281 -0.779096 -9.8844 12.4959 -5.96354e-16 -5.59082e-16 -1.27471e-14 
0.329706 91.0666 61.1906 -4.05882 -7.8481 -68.7655 0 5.07867 -1.15138 -1.94891 1.62431 -0.367522 0 5.61661 1.07143 -1.37526 1.64163 -0.69784 -1.02604e-17 5.98978 0.11501 -0.869606 2.06936 -0.715281 -1.10457e-17 6.50583 -0.443523 -0.326032 2.45472 -0.722542 -1.97295e-17 7.60548 -1.50593 0.13074 2.15074 -0.73469 -2.53307e-17 9.49737 -0.914492 0.499867 2.14045 -1.0153 -2.90401e-17 10.5513 1.57691 -0.205203 0.61139 -0.0422957 -1.29193e-17 4.78644 0.715339 2.56595 7.68743 -33.338 -1.8116e-17 4.82109 0.421791 4.59738 -1.49336 -16.3602 -2.00958e-17 4.83041 0.765062 11.9063 0.995008 -9.09957 1.23299 -7.60731 7.53374 -9.39675 5.26929 -2.78697 12.9547 3.2495 -3.26872 -71.1592 8.97256 6.44483 29.2081 0.0598081 0.137039 1.6294 -0.103748 -7.87615 24.234 0.0496219 0.113701 -7.05916 -31.337 -5.10509 -1.23299 -7.60729 7.53365 3.44237 3.56679 0.462962 -12.9547 3.2495 -3.26872 77.5995 10.7394 4.86562 -29.2081 0.0598081 0.137039 -2.70486 -0.297354 13.1414 -24.234 0.0496218 0.113702 -3.46287 -21.4799 4.89429 9.23673 -4.20556 2.0327 6.83175 -5.76531 4.33526 -0.852353 -38.7721 -0.655187 -13.7418 42.3413 4.56098 -2.32622 -40.4017 -6.04875 -5.38631 0.542046 16.0453 0.779096 -9.8844 12.4959 -3.06187e-15 -9.27893e-16 1.45178e-16 -9.23673 -4.20556 2.0327 -1.27246 -3.69104 10.8884 0.852353 -38.7721 -0.655187 2.84739 10.5681 -0.0783725 2.32622 -40.4017 -6.04875 -9.14659 -6.42578 -14.8342 -0.779096 -9.8844 12.4959 1.77931e-16 -5.95377e-16 -1.27713e-14 
0.352784 91.114 61.4625 -4.26475 -7.77183 -71.7672 0 5.07867 -1.15138 -1.97204 1.5227 -0.265508 0 5.61661 1.07143 -1.40254 1.58965 -0.605767 -1.02604e-17 5.98978 0.11501 -0.890432 2.07699 -0.62704 -1.10457e-17 6.50583 -0.443523 -0.341376 2.53531 -0.638337 -1.97295e-17 7.60548 -1.50593 0.147763 2.30191 -0.645473 -2.53307e-17 9.49737 -0.914492 0.557815 2.33754 -0.925547 -2.90401e-17 10.5513 1.57691 -0.204548 0.60659 -0.0429183 -1.29193e-17 4.78644 0.715339 2.49768 7.49954 -33.4856 -1.8116e-17 4.82109 0.421791 4.4346 -1.74807 -16.458 -2.00958e-17 4.83041 0.765062 12.2908 1.22137 -9.77614 1.23299 -7.60731 7.53374 -9.68914 5.2284 -2.74194 12.9547 3.2495 -3.26872 -70.5388 9.48947 6.78172 29.2081 0.0598081 0.137039 1.61721 -0.102134 -7.81691 24.234 0.0496219 0.113701 -7.24411 -31.1194 -6.1099 -1.23299 -7.60729 7.53365 3.92998 3.64528 0.672254 -12.9547 3.2495 -3.26872 77.0428 9.6725 5.48807 -29.2081 0.0598081 0.137039 -2.56165 -0.265624 12.435 -24.234 0.0496218 0.113702 -3.52739 -22.0491 5.22132 9.23673 -4.20556 2.0327 5.30586 -7.33026 1.75887 -0.852353 -38.7721 -0.655187 -14.7271 44.3232 5.20174 -2.32622 -40.4017 -6.04875 -5.74045 1.66992 15.9612 0.779096 -9.8844 12.4959 1.87715e-15 -7.14035e-16 -6.86792e-17 -9.23673 -4.20556 2.0327 -0.939648 -3.81014 13.2256 0.852353 -38.7721 -0.655187 2.76923 10.2827 -0.0692123 2.32622 -40.4017 -6.04875 -9.21948 -5.98023 -14.7817 -0.779096 -9.8844 12.4959 1.98785e-16 -5.96354e-16 -1.27719e-14 
0.437088 91.2121 61.6905 -4.62835 -7.87356 -74.8002 0 5.07867 -1.15138 -2.19814 1.69271 -0.689151 0 5.61661 1.07143 -1.50291 1.80424 -1.09466 -1.02604e-17 5.98978 0.11501 -0.927867 2.34531 -1.12413 -1.10457e-17 6.50583 -0.443523 -0.313138 2.90912 -1.13642 -1.97295e-17 7.60548 -1.50593 0.122518 2.64868 -1.17483 -2.53307e-17 9.49737 -0.914492 0.420131 2.72529 -1.44269 -2.90401e-17 10.5513 1.57691 -0.255802 0.546439 -0.0563089 -1.29193e-17 4.78644 0.715339 1.53927 6.20125 -32.7075 -1.8116e-17 4.82109 0.421791 4.13677 -1.76739 -16.0788 -2.00958e-17 4.83041 0.765062 13.1839 2.2848 -8.2582 1.23299 -7.60731 7.53374 -11.1394 5.7319 -4.07846 12.9547 3.2495 -3.26872 -69.7371 6.04958 1.90632 29.2081 0.0598081 0.137039 1.62516 -0.103188 -7.85553 24.234 0.0496219 0.113701 -3.41292 -32.542 -1.52467 -1.23299 -7.60729 7.53365 4.14893 3.67212 1.59444 -12.9547 3.2495 -3.26872 76.6816 9.98489 7.766 -29.2081 0.0598081 0.137039 -2.47462 -0.247243 12.0066 -24.234 0.0496218 0.113702 -3.62156 -21.0114 5.29463 9.23673 -4.20556 2.0327 3.66163 -8.51783 -0.453393 -0.852353 -38.7721 -0.655187 -15.4994 45.7852 5.72207 -2.32622 -40.4017 -6.04875 -6.36725 2.66709 15.9465 0.779096 -9.8844 12.4959 4.64124e-16 -7.8076e-16 -1.955e-18 -9.23673 -4.20556 2.0327 -0.806499 -3.92959 15.735 0.852353 -38.7721 -0.655187 2.75919 10.2461 -0.0680643 2.32622 -40.4017 -6.04875 -8.39509 -5.61891 -14.8115 -0.779096 -9.8844 12.4959 5.85927e-16 -6.2055e-16 -1.27961e-14 
0.456715 91.3399 61.8914 -4.96585 -8.20012 -77.9417 0 5.07867 -1.15138 -2.47978 1.72866 -0.653059 0 5.61661 1.07143 -1.73051 1.86193 -1.1172 -1.02604e-17 5.98978 0.11501 -1.08787 2.39548 -1.1419 -1.10457e-17 6.50583 -0.443523 -0.40684 2.93108 -1.15419 -1.97295e-17 7.60548 -1.50593 0.0942281 2.64728 -1.17654 -2.53307e-17 9.49737 -0.914492 0.463883 2.69651 -1.46218 -2.90401e-17 10.5513 1.57691 -0.26183 0.544306 -0.0712153 -1.29193e-17 4.78644 0.715339 0.975282 5.204 -31.7653 -1.8116e-17 4.82109 0.421791 4.51409 -1.24818 -15.5585 -2.00958e-17 4.83041 0.765062 12.8692 2.53865 -9.71221 1.23299 -7.60731 7.53374 -11.1468 5.80178 -4.14973 12.9547 3.2495 -3.26872 -68.7121 4.25935 1.17394 29.2081 0.0598081 0.137039 1.31556 -0.0662303 -6.35286 24.234 0.0496219 0.113701 -3.9094 -31.2068 -2.50155 -1.23299 -7.60729 7.53365 4.50801 3.64654 1.85777 -12.9547 3.2495 -3.26872 76.516 8.06694 9.00438 -29.2081 0.0598081 0.137039 -2.24148 -0.201343 10.862 -24.234 0.0496218 0.113702 -3.42211 -19.4568 5.29293 9.23673 -4.20556 2.0327 1.6321 -9.65016 -2.99797 -0.852353 -38.7721 -0.655187 -16.0687 46.8143 6.11515 -2.32622 -40.4017 -6.04875 -7.33419 3.95783 15.9465 0.779096 -9.8844 12.4959 -1.12613e-15 -8.43205e-16 6.04903e-17 -9.23673 -4.20556 2.0327 -0.855575 -3.88629 18.4843 0.852353 -38.7721 -0.655187 2.69124 9.99755 -0.0604606 2.32622 -40.4017 -6.04875 -8.88488 -4.95601 -14.6127 -0.779096 -9.8844 12.4959 -1.77922e-16 -5.84908e-16 -1.27605e-14 
0.356859 91.4276 62.1 -5.07457 -8.40614 -81.1756 0 5.07867 -1.15138 -2.56113 1.38404 -0.473188 0 5.61661 1.07143 -1.83111 1.6443 -0.947853 -1.02604e-17 5.98978 0.11501 -1.17876 2.31195 -0.975732 -1.10457e-17 6.50583 -0.443523 -0.483184 3.03515 -0.992548 -1.97295e-17 7.60548 -1.50593 0.0694067 2.90051 -0.99561 -2.53307e-17 9.49737 -0.914492 0.527353 3.01775 -1.26734 -2.90401e-17 10.5513 1.57691 -0.254725 0.509166 -0.0921488 -1.29193e-17 4.78644 0.715339 1.37063 5.72334 -32.2998 -1.8116e-17 4.82109 0.421791 4.72668 -1.59134 -15.8174 -2.00958e-17 4.83041 0.765062 12.9531 1.97191 -9.6294 1.23299 -7.60731 7.53374 -11.5928 5.66512 -4.18571 12.9547 3.2495 -3.26872 -67.3384 3.37045 1.39962 29.2081 0.0598081 0.137039 1.11295 -0.0464887 -5.37168 24.234 0.0496219 0.113701 -4.95526 -29.903 -4.19496 -1.23299 -7.60729 7.53365 4.06399 3.32287 1.39195 -12.9547 3.2495 -3.26872 77.4212 6.98664 9.04978 -29.2081 0.0598081 0.137039 -2.03253 -0.164293 9.83967 -24.234 0.0496218 0.113702 -3.7723 -18.7463 6.20396 9.23673 -4.20556 2.0327 -0.175959 -10.58 -4.92893 -0.852353 -38.7721 -0.655187 -16.3187 47.2534 6.2901 -2.32622 -40.4017 -6.04875 -7.66471 4.40095 15.9487 0.779096 -9.8844 12.4959 -1.555e-15 -8.69031e-16 8.63163e-17 -9.23673 -4.20556 2.0327 -0.856959 -4.04391 20.9712 0.852353 -38.7721 -0.655187 2.63356 9.78636 -0.0542388 2.32622 -40.4017 -6.04875 -8.6912 -4.6293 -14.6239 -0.779096 -9.8844 12.4959 -9.73061e-16 -5.47636e-16 -1.27232e-14 
0.197011 91.4719 62.3278 -5.1134 -8.35956 -84.3161 0 5.07867 -1.15138 -2.71138 1.35565 -0.569358 0 5.61661 1.07143 -1.93314 1.64033 -1.08497 -1.02604e-17 5.98978 0.11501 -1.2506 2.31477 -1.11998 -1.10457e-17 6.50583 -0.443523 -0.523728 3.03355 -1.14141 -1.97295e-17 7.60548 -1.50593 0.0240938 2.89721 -1.14543 -2.53307e-17 9.49737 -0.914492 0.45846 3.01403 -1.40182 -2.90401e-17 10.5513 1.57691 -0.280528 0.488358 -0.104891 -1.29193e-17 4.78644 0.715339 0.97091 5.19661 -32.1621 -1.8116e-17 4.82109 0.421791 4.50543 -1.51993 -15.7435 -2.00958e-17 4.83041 0.765062 13.4158 2.73038 -9.05951 1.23299 -7.60731 7.53374 -12.1755 5.93103 -4.77911 12.9547 3.2495 -3.26872 -66.2773 0.707617 -0.156742 29.2081 0.0598081 0.137039 1.04463 -0.0406214 -5.04118 24.234 0.0496219 0.113701 -3.99057 -29.5731 -2.92922 -1.23299 -7.60729 7.53365 3.82685 3.34945 1.60653 -12.9547 3.2495 -3.26872 77.9091 6.11469 9.31225 -29.2081 0.0598081 0.137039 -1.95617 -0.151708 9.46676 -24.234 0.0496218 0.113702 -3.50929 -17.3288 6.89984 9.23673 -4.20556 2.0327 -2.01329 -11.5746 -7.59832 -0.852353 -38.7721 -0.655187 -16.3811 47.3618 6.33399 -2.32622 -40.4017 -6.04875 -7.70175 4.55879 15.9029 0.779096 -9.8844 12.4959 -4.04016e-16 -8.09193e-16 2.6478e-17 -9.23673 -4.20556 2.0327 -0.73078 -4.10754 23.4018 0.852353 -38.7721 -0.655187 2.49468 9.27698 -0.0401351 2.32622 -40.4017 -6.04875 -7.95192 -4.61407 -14.7068 -0.779096 -9.8844 12.4959 -9.93923e-16 -5.46658e-16 -1.27222e-14 
0.0642495 91.5162 62.5621 -5.2334 -8.04247 -87.2801 0 5.07867 -1.15138 -3.19661 1.92077 -1.51155 0 5.61661 1.07143 -2.15501 2.12196 -2.17928 -1.02604e-17 5.98978 0.11501 -1.32816 2.67577 -2.23266 -1.10457e-17 6.50583 -0.443523 -0.441566 3.21994 -2.25107 -1.97295e-17 7.60548 -1.50593 -0.0120544 2.8374 -2.31181 -2.53307e-17 9.49737 -0.914492 0.165963 2.89568 -2.5698 -2.90401e-17 10.5513 1.57691 -0.398889 0.404242 -0.140612 -1.29193e-17 4.78644 0.715339 -0.778174 2.55691 -31.26 -1.8116e-17 4.82109 0.421791 3.92255 -1.00859 -15.1772 -2.00958e-17 4.83041 0.765062 14.4474 6.19117 -4.66048 1.23299 -7.60731 7.53374 -13.4099 7.57197 -7.70154 12.9547 3.2495 -3.26872 -61.9383 -6.16621 -7.1853 29.2081 0.0598081 0.137039 0.876029 -0.0278363 -4.22616 24.234 0.0496219 0.113701 -1.47255 -34.0941 4.18127 -1.23299 -7.60729 7.53365 3.93126 3.65318 3.66442 -12.9547 3.2495 -3.26872 77.879 7.62086 11.9645 -29.2081 0.0598081 0.137039 -1.92174 -0.146202 9.29877 -24.234 0.0496218 0.113702 -2.89791 -14.7692 7.11213 9.23673 -4.20556 2.0327 -3.7268 -12.4116 -10.7227 -0.852353 -38.7721 -0.655187 -16.2295 47.0975 6.22749 -2.32622 -40.4017 -6.04875 -8.02252 4.24551 15.9942 0.779096 -9.8844 12.4959 7.88692e-16 -7.5917e-16 -2.35442e-17 -9.23673 -4.20556 2.0327 -0.401382 -4.29655 25.9337 0.852353 -38.7721 -0.655187 2.44324 9.08798 -0.0352255 2.32622 -40.4017 -6.04875 -6.4409 -4.66881 -14.8142 -0.779096 -9.8844 12.4959 -9.93923e-16 -5.46658e-16 -1.27222e-14 
-0.0798237 91.5814 62.79 -5.25645 -7.5435 -90.1623 0 5.07867 -1.15138 -3.42414 1.82333 -1.74224 0 5.61661 1.07143 -2.2705 2.09187 -2.48832 -1.02604e-17 5.98978 0.11501 -1.34761 2.62633 -2.53189 -1.10457e-17 6.50583 -0.443523 -0.357289 3.11363 -2.5434 -1.97295e-17 7.60548 -1.50593 0.117444 2.70047 -2.61803 -2.53307e-17 9.49737 -0.914492 0.306541 2.68268 -2.9559 -2.90401e-17 10.5513 1.57691 -0.408152 0.376202 -0.172619 -1.29193e-17 4.78644 0.715339 -1.44735 0.525972 -29.9091 -1.8116e-17 4.82109 0.421791 4.64784 -0.114583 -14.3466 -2.00958e-17 4.83041 0.765062 12.937 7.25942 -5.6127 1.23299 -7.60731 7.53374 -13.645 8.39254 -8.47908 12.9547 3.2495 -3.26872 -60.2428 -5.50863 -6.86897 29.2081 0.0598081 0.137039 0.554911 -0.0101408 -2.67583 24.234 0.0496219 0.113701 -2.24491 -38.1745 2.498 -1.23299 -7.60729 7.53365 4.01876 3.8711 4.28856 -12.9547 3.2495 -3.26872 77.6805 7.82623 13.2157 -29.2081 0.0598081 0.137039 -1.72743 -0.117061 8.35199 -24.234 0.0496218 0.113702 -2.8924 -14.0594 6.8738 9.23673 -4.20556 2.0327 -5.42799 -13.321 -14.6112 -0.852353 -38.7721 -0.655187 -15.885 46.4867 5.98747 -2.32622 -40.4017 -6.04875 -8.57491 3.8144 16.1106 0.779096 -9.8844 12.4959 4.32849e-16 -7.82063e-16 -6.51964e-19 -9.23673 -4.20556 2.0327 0.239699 -4.37645 28.6311 0.852353 -38.7721 -0.655187 2.29955 8.55921 -0.0224153 2.32622 -40.4017 -6.04875 -7.32157 -3.81121 -14.5498 -0.779096 -9.8844 12.4959 -6.06785e-16 -5.58756e-16 -1.27464e-14 
-0.236517 91.6366 63.0546 -5.16816 -7.02182 -93.1028 0 5.07867 -1.15138 -3.30144 1.45817 -1.87214 0 5.61661 1.07143 -2.15922 1.87286 -2.63549 -1.02604e-17 5.98978 0.11501 -1.24088 2.5126 -2.67664 -1.10457e-17 6.50583 -0.443523 -0.225138 3.15937 -2.68565 -1.97295e-17 7.60548 -1.50593 0.23364 2.88655 -2.76745 -2.53307e-17 9.49737 -0.914492 0.401457 2.85103 -3.12389 -2.90401e-17 10.5513 1.57691 -0.419759 0.310177 -0.198914 -1.29193e-17 4.78644 0.715339 -0.981409 1.26581 -30.8566 -1.8116e-17 4.82109 0.421791 4.66623 -0.699139 -14.7749 -2.00958e-17 4.83041 0.765062 12.4736 7.26934 -3.58445 1.23299 -7.60731 7.53374 -13.3014 8.46104 -8.93858 12.9547 3.2495 -3.26872 -57.1004 -3.8934 -6.92583 29.2081 0.0598081 0.137039 0.297766 -0.00224398 -1.43562 24.234 0.0496219 0.113701 -5.59273 -41.8662 1.17172 -1.23299 -7.60729 7.53365 3.22022 3.40119 4.03536 -12.9547 3.2495 -3.26872 77.9139 8.18787 13.2784 -29.2081 0.0598081 0.137039 -1.60644 -0.10057 7.7635 -24.234 0.0496218 0.113702 -2.70559 -13.7588 7.37998 9.23673 -4.20556 2.0327 -6.83441 -13.7291 -17.912 -0.852353 -38.7721 -0.655187 -15.1516 45.1364 5.48585 -2.32622 -40.4017 -6.04875 -8.1913 2.98541 16.1782 0.779096 -9.8844 12.4959 -1.51327e-15 -8.67401e-16 8.46864e-17 -9.23673 -4.20556 2.0327 0.909427 -4.87331 30.9069 0.852353 -38.7721 -0.655187 2.34883 8.7407 -0.0266587 2.32622 -40.4017 -6.04875 -6.58155 -3.38185 -14.5734 -0.779096 -9.8844 12.4959 1.77922e-16 -5.95376e-16 -1.27713e-14 
-0.368204 91.7037 63.3336 -5.02567 -6.55924 -96.152 0 5.07867 -1.15138 -3.31691 1.31493 -1.78115 0 5.61661 1.07143 -2.1589 1.75475 -2.54977 -1.02604e-17 5.98978 0.11501 -1.22809 2.39199 -2.58663 -1.10457e-17 6.50583 -0.443523 -0.202179 2.98703 -2.59969 -1.97295e-17 7.60548 -1.50593 0.30198 2.75823 -2.67598 -2.53307e-17 9.49737 -0.914492 0.521343 2.72628 -3.07243 -2.90401e-17 10.5513 1.57691 -0.405696 0.311795 -0.209366 -1.29193e-17 4.78644 0.715339 -1.03889 0.857469 -30.7316 -1.8116e-17 4.82109 0.421791 5.0042 -0.437027 -14.7091 -2.00958e-17 4.83041 0.765062 11.8636 7.5268 -4.70557 1.23299 -7.60731 7.53374 -13.6075 8.82042 -8.98032 12.9547 3.2495 -3.26872 -57.4004 -3.28095 -5.71359 29.2081 0.0598081 0.137039 0.236315 -0.00118258 -1.13934 24.234 0.0496219 0.113701 -5.48744 -42.1503 -0.933941 -1.23299 -7.60729 7.53365 3.20454 3.74289 4.04452 -12.9547 3.2495 -3.26872 78.5069 6.42792 12.8175 -29.2081 0.0598081 0.137039 -1.57627 -0.0966542 7.61686 -24.234 0.0496218 0.113702 -2.67179 -12.8391 7.96039 9.23673 -4.20556 2.0327 -8.43534 -13.9686 -22.1241 -0.852353 -38.7721 -0.655187 -14.215 43.3099 4.86532 -2.32622 -40.4017 -6.04875 -7.91197 2.47797 16.1931 0.779096 -9.8844 12.4959 1.53167e-15 -7.36604e-16 -4.61104e-17 -9.23673 -4.20556 2.0327 1.35502 -4.92461 33.2291 0.852353 -38.7721 -0.655187 2.13445 7.95022 -0.00934269 2.32622 -40.4017 -6.04875 -5.72949 -3.0083 -14.5913 -0.779096 -9.8844 12.4959 -5.75491e-16 -5.6006e-16 -1.27477e-14 
-0.385438 91.7681 63.6584 -4.85853 -6.1892 -99.1755 0 5.07867 -1.15138 -3.14286 0.756216 -1.51592 0 5.61661 1.07143 -2.06469 1.428 -2.24997 -1.02604e-17 5.98978 0.11501 -1.18633 2.28505 -2.28263 -1.10457e-17 6.50583 -0.443523 -0.195428 3.20956 -2.29541 -1.97295e-17 7.60548 -1.50593 0.332595 3.26632 -2.34873 -2.53307e-17 9.49737 -0.914492 0.630806 3.34041 -2.72732 -2.90401e-17 10.5513 1.57691 -0.389249 0.258176 -0.216622 -1.29193e-17 4.78644 0.715339 -1.11712 0.898403 -31.3755 -1.8116e-17 4.82109 0.421791 5.31228 -0.872158 -15.0625 -2.00958e-17 4.83041 0.765062 12.1722 7.21249 -5.94418 1.23299 -7.60731 7.53374 -13.7466 8.43961 -8.79268 12.9547 3.2495 -3.26872 -56.5768 -3.56488 -5.70962 29.2081 0.0598081 0.137039 0.140829 -0.000161632 -0.678994 24.234 0.0496219 0.113701 -6.62935 -39.9847 -2.69791 -1.23299 -7.60729 7.53365 2.58349 3.34647 3.35914 -12.9547 3.2495 -3.26872 79.1628 5.4172 12.9723 -29.2081 0.0598081 0.137039 -1.49277 -0.0862261 7.21126 -24.234 0.0496218 0.113702 -2.78878 -13.5204 8.53428 9.23673 -4.20556 2.0327 -10.0109 -13.8909 -26.4185 -0.852353 -38.7721 -0.655187 -13.1009 40.9788 4.15931 -2.32622 -40.4017 -6.04875 -7.45307 2.06144 16.2786 0.779096 -9.8844 12.4959 -7.07702e-16 -8.29803e-16 4.70883e-17 -9.23673 -4.20556 2.0327 1.94936 -5.4449 35.6093 0.852353 -38.7721 -0.655187 2.15831 8.0383 -0.0111225 2.32622 -40.4017 -6.04875 -6.17083 -2.22819 -14.4149 -0.779096 -9.8844 12.4959 -9.83492e-16 -5.46984e-16 -1.27229e-14 
-0.301018 91.8535 64.0442 -4.84966 -5.80483 -102.251 0 5.07867 -1.15138 -2.97161 0.617887 -1.25844 0 5.61661 1.07143 -1.94566 1.32917 -1.94854 -1.02604e-17 5.98978 0.11501 -1.12463 2.23946 -1.98292 -1.10457e-17 6.50583 -0.443523 -0.193034 3.18015 -2.00188 -1.97295e-17 7.60548 -1.50593 0.344389 3.33609 -2.04088 -2.53307e-17 9.49737 -0.914492 0.683408 3.47191 -2.40295 -2.90401e-17 10.5513 1.57691 -0.38148 0.270794 -0.212842 -1.29193e-17 4.78644 0.715339 -1.32659 0.770961 -32.0196 -1.8116e-17 4.82109 0.421791 5.48645 -1.02813 -15.4715 -2.00958e-17 4.83041 0.765062 12.2125 7.3436 -7.23562 1.23299 -7.60731 7.53374 -14.3444 8.38483 -8.52172 12.9547 3.2495 -3.26872 -57.2636 -5.63848 -5.35682 29.2081 0.0598081 0.137039 0.218211 -0.00093006 -1.05205 24.234 0.0496219 0.113701 -5.46281 -35.8692 -3.29747 -1.23299 -7.60729 7.53365 2.38671 3.54098 3.03288 -12.9547 3.2495 -3.26872 80.185 3.03597 12.3913 -29.2081 0.0598081 0.137039 -1.65709 -0.107319 8.00959 -24.234 0.0496218 0.113702 -3.05353 -12.9444 8.57977 9.23673 -4.20556 2.0327 -11.4721 -13.3989 -31.1852 -0.852353 -38.7721 -0.655187 -11.8269 38.0891 3.39956 -2.32622 -40.4017 -6.04875 -7.13718 1.36551 16.3987 0.779096 -9.8844 12.4959 1.93967e-15 -7.1143e-16 -7.12844e-17 -9.23673 -4.20556 2.0327 2.26765 -5.59194 37.8215 0.852353 -38.7721 -0.655187 2.02671 7.55199 -0.00176203 2.32622 -40.4017 -6.04875 -4.52053 -1.9612 -14.5384 -0.779096 -9.8844 12.4959 -9.93923e-16 -5.46658e-16 -1.27222e-14 
-0.206327 91.9658 64.4625 -4.92149 -5.40928 -105.393 0 5.07867 -1.15138 -2.66693 0.2266 -0.914543 0 5.61661 1.07143 -1.74592 1.10627 -1.53836 -1.02604e-17 5.98978 0.11501 -1.02783 2.18859 -1.57513 -1.10457e-17 6.50583 -0.443523 -0.18881 3.37071 -1.59681 -1.97295e-17 7.60548 -1.50593 0.327056 3.73934 -1.61057 -2.53307e-17 9.49737 -0.914492 0.708202 3.94606 -1.92222 -2.90401e-17 10.5513 1.57691 -0.368361 0.256612 -0.213007 -1.29193e-17 4.78644 0.715339 -1.34478 1.14989 -32.7298 -1.8116e-17 4.82109 0.421791 5.91342 -1.15868 -15.8719 -2.00958e-17 4.83041 0.765062 12.4646 6.42778 -8.84162 1.23299 -7.60731 7.53374 -14.467 7.76698 -7.99685 12.9547 3.2495 -3.26872 -57.775 -8.00504 -5.96562 29.2081 0.0598081 0.137039 0.241534 -0.00125931 -1.16449 24.234 0.0496219 0.113701 -5.02204 -30.5562 -3.44048 -1.23299 -7.60729 7.53365 1.57062 3.31574 2.23434 -12.9547 3.2495 -3.26872 81.3275 1.37 12.1204 -29.2081 0.0598081 0.137039 -1.65268 -0.106721 7.98808 -24.234 0.0496218 0.113702 -3.28922 -13.2667 9.12618 9.23673 -4.20556 2.0327 -12.7812 -12.6431 -36.193 -0.852353 -38.7721 -0.655187 -10.5252 34.8756 2.68228 -2.32622 -40.4017 -6.04875 -6.88223 1.32197 16.5345 0.779096 -9.8844 12.4959 2.01269e-15 -7.0817e-16 -7.45443e-17 -9.23673 -4.20556 2.0327 2.83625 -5.85956 40.1559 0.852353 -38.7721 -0.655187 2.03528 7.58369 -0.00233749 2.32622 -40.4017 -6.04875 -4.36801 -1.06381 -14.4435 -0.779096 -9.8844 12.4959 1.6749e-16 -5.9505e-16 -1.27706e-14 
-0.158576 92.0782 64.912 -4.96144 -5.06027 -108.543 0 5.07867 -1.15138 -2.5579 0.533377 -0.84559 0 5.61661 1.07143 -1.64734 1.30379 -1.45348 -1.02604e-17 5.98978 0.11501 -0.975405 2.27434 -1.49911 -1.10457e-17 6.50583 -0.443523 -0.172002 3.20278 -1.52724 -1.97295e-17 7.60548 -1.50593 0.308086 3.48718 -1.527 -2.53307e-17 9.49737 -0.914492 0.667074 3.62781 -1.80466 -2.90401e-17 10.5513 1.57691 -0.388146 0.292853 -0.21463 -1.29193e-17 4.78644 0.715339 -1.30899 1.5623 -33.7676 -1.8116e-17 4.82109 0.421791 5.84415 -1.1247 -16.409 -2.00958e-17 4.83041 0.765062 12.6452 6.67727 -8.15849 1.23299 -7.60731 7.53374 -14.3465 8.01099 -8.2186 12.9547 3.2495 -3.26872 -56.9591 -9.84269 -6.77404 29.2081 0.0598081 0.137039 0.332571 -0.00298575 -1.60343 24.234 0.0496219 0.113701 -5.16779 -28.9282 -2.28406 -1.23299 -7.60729 7.53365 1.1047 3.75857 2.31822 -12.9547 3.2495 -3.26872 82.2269 0.192924 11.3554 -29.2081 0.0598081 0.137039 -1.81313 -0.129506 8.76892 -24.234 0.0496218 0.113702 -3.19481 -12.9429 9.63637 9.23673 -4.20556 2.0327 -13.7468 -11.6567 -41.2166 -0.852353 -38.7721 -0.655187 -9.18105 31.2694 2.0121 -2.32622 -40.4017 -6.04875 -7.37852 1.16492 16.8314 0.779096 -9.8844 12.4959 -3.10133e-16 -8.04955e-16 2.22402e-17 -9.23673 -4.20556 2.0327 3.10239 -6.04302 42.2683 0.852353 -38.7721 -0.655187 1.97916 7.37609 0.00134376 2.32622 -40.4017 -6.04875 -1.89752 -0.946452 -14.7143 -0.779096 -9.8844 12.4959 -1.88353e-16 -5.84256e-16 -1.27598e-14 
-0.162432 92.1799 65.3519 -4.93469 -4.71931 -111.677 0 5.07867 -1.15138 -2.52973 0.713581 -0.847705 0 5.61661 1.07143 -1.59054 1.4352 -1.45922 -1.02604e-17 5.98978 0.11501 -0.932601 2.31024 -1.50918 -1.10457e-17 6.50583 -0.443523 -0.130896 3.03588 -1.53846 -1.97295e-17 7.60548 -1.50593 0.322838 3.2633 -1.52474 -2.53307e-17 9.49737 -0.914492 0.673414 3.30317 -1.7975 -2.90401e-17 10.5513 1.57691 -0.395626 0.320755 -0.225495 -1.29193e-17 4.78644 0.715339 -1.18042 1.83034 -34.0597 -1.8116e-17 4.82109 0.421791 6.08283 -0.701522 -16.4527 -2.00958e-17 4.83041 0.765062 12.2937 6.37463 -8.00387 1.23299 -7.60731 7.53374 -13.5618 8.10409 -8.26049 12.9547 3.2495 -3.26872 -56.2798 -9.37271 -7.50246 29.2081 0.0598081 0.137039 0.354166 -0.00349539 -1.70756 24.234 0.0496219 0.113701 -5.80375 -29.8325 -1.47158 -1.23299 -7.60729 7.53365 0.626082 4.08843 2.40797 -12.9547 3.2495 -3.26872 82.7733 0.00978022 10.8811 -29.2081 0.0598081 0.137039 -1.84054 -0.13362 8.90245 -24.234 0.0496218 0.113702 -3.13209 -13.0296 10.2147 9.23673 -4.20556 2.0327 -14.3929 -10.7798 -46.0974 -0.852353 -38.7721 -0.655187 -7.9759 27.7841 1.47926 -2.32622 -40.4017 -6.04875 -8.37219 1.5937 17.2087 0.779096 -9.8844 12.4959 -3.46982e-15 -9.52739e-16 1.57927e-16 -9.23673 -4.20556 2.0327 3.57511 -6.28319 44.5367 0.852353 -38.7721 -0.655187 1.97733 7.36929 0.00146081 2.32622 -40.4017 -6.04875 -1.08235 -0.365369 -14.7728 -0.779096 -9.8844 12.4959 -1.3602e-15 -5.35538e-16 -1.27111e-14 
-0.174266 92.2587 65.7731 -4.85737 -4.31274 -114.917 0 5.07867 -1.15138 -2.40036 0.785109 -0.751705 0 5.61661 1.07143 -1.45269 1.49842 -1.33646 -1.02604e-17 5.98978 0.11501 -0.832313 2.31263 -1.38794 -1.10457e-17 6.50583 -0.443523 -0.0657973 2.88618 -1.41702 -1.97295e-17 7.60548 -1.50593 0.361288 3.10018 -1.39818 -2.53307e-17 9.49737 -0.914492 0.711151 3.05589 -1.67032 -2.90401e-17 10.5513 1.57691 -0.38125 0.358353 -0.233521 -1.29193e-17 4.78644 0.715339 -0.990408 2.08038 -34.0563 -1.8116e-17 4.82109 0.421791 6.3248 -0.456872 -16.3643 -2.00958e-17 4.83041 0.765062 11.784 5.73455 -8.77321 1.23299 -7.60731 7.53374 -13.0496 8.09208 -7.83436 12.9547 3.2495 -3.26872 -57.3214 -7.86983 -7.1383 29.2081 0.0598081 0.137039 0.362009 -0.00368864 -1.74537 24.234 0.0496219 0.113701 -5.76457 -30.1584 -2.68832 -1.23299 -7.60729 7.53365 0.273529 4.28014 2.20127 -12.9547 3.2495 -3.26872 83.1487 -0.359808 10.1829 -29.2081 0.0598081 0.137039 -1.95593 -0.151661 9.46515 -24.234 0.0496218 0.113702 -3.27462 -13.1623 10.3487 9.23673 -4.20556 2.0327 -14.5214 -10.0622 -50.0505 -0.852353 -38.7721 -0.655187 -6.96096 24.667 1.08535 -2.32622 -40.4017 -6.04875 -9.78098 1.68921 17.6487 0.779096 -9.8844 12.4959 -2.77901e-15 -9.20357e-16 1.37317e-16 -9.23673 -4.20556 2.0327 4.21507 -6.56832 46.7695 0.852353 -38.7721 -0.655187 2.01704 7.51624 -0.00111877 2.32622 -40.4017 -6.04875 -0.208575 0.211002 -14.8583 -0.779096 -9.8844 12.4959 -6.17226e-16 -5.5843e-16 -1.27461e-14 
-0.175006 92.3118 66.1601 -4.67746 -3.87437 -118.346 0 5.07867 -1.15138 -2.52453 1.21209 -0.852239 0 5.61661 1.07143 -1.52993 1.80678 -1.49602 -1.02604e-17 5.98978 0.11501 -0.895742 2.47539 -1.56776 -1.10457e-17 6.50583 -0.443523 -0.0898636 2.75837 -1.60867 -1.97295e-17 7.60548 -1.50593 0.312772 2.84326 -1.57443 -2.53307e-17 9.49737 -0.914492 0.647371 2.71461 -1.80624 -2.90401e-17 10.5513 1.57691 -0.405549 0.359989 -0.268217 -1.29193e-17 4.78644 0.715339 -0.85909 2.29149 -34.569 -1.8116e-17 4.82109 0.421791 6.0023 -0.0817284 -16.4534 -2.00958e-17 4.83041 0.765062 12.4247 6.25202 -6.82305 1.23299 -7.60731 7.53374 -13.3342 9.35678 -9.45832 12.9547 3.2495 -3.26872 -52.7347 -7.65306 -7.21421 29.2081 0.0598081 0.137039 0.271003 -0.00173428 -1.30656 24.234 0.0496219 0.113701 -8.5524 -34.2602 -3.07322 -1.23299 -7.60729 7.53365 -0.0193204 4.70674 2.83768 -12.9547 3.2495 -3.26872 83.3557 0.93828 10.2095 -29.2081 0.0598081 0.137039 -1.99924 -0.158729 9.67654 -24.234 0.0496218 0.113702 -2.88597 -13.9608 10.9686 9.23673 -4.20556 2.0327 -14.1404 -9.49852 -52.8423 -0.852353 -38.7721 -0.655187 -6.08808 21.8589 0.789741 -2.32622 -40.4017 -6.04875 -11.4718 1.71015 18.1385 0.779096 -9.8844 12.4959 -1.98387e-15 -8.83085e-16 1.00371e-16 -9.23673 -4.20556 2.0327 4.9934 -7.08827 49.0393 0.852353 -38.7721 -0.655187 2.14818 8.00092 -0.0103626 2.32622 -40.4017 -6.04875 1.96506 0.400399 -15.1092 -0.779096 -9.8844 12.4959 -2.09221e-16 -5.83278e-16 -1.27592e-14 
-0.135784 92.364 66.4735 -4.36269 -3.4334 -121.941 0 5.07867 -1.15138 -2.5115 1.10526 -0.832734 0 5.61661 1.07143 -1.47874 1.76134 -1.48255 -1.02604e-17 5.98978 0.11501 -0.833936 2.42271 -1.54668 -1.10457e-17 6.50583 -0.443523 -0.0249362 2.67075 -1.58816 -1.97295e-17 7.60548 -1.50593 0.38752 2.7668 -1.56143 -2.53307e-17 9.49737 -0.914492 0.735143 2.59913 -1.81259 -2.90401e-17 10.5513 1.57691 -0.379784 0.382173 -0.280645 -1.29193e-17 4.78644 0.715339 -0.964707 1.75172 -33.5616 -1.8116e-17 4.82109 0.421791 6.33147 0.287423 -15.8317 -2.00958e-17 4.83041 0.765062 11.5554 6.02141 -7.89624 1.23299 -7.60731 7.53374 -13.1312 9.39995 -9.21692 12.9547 3.2495 -3.26872 -53.5466 -4.97264 -6.91323 29.2081 0.0598081 0.137039 0.235777 -0.00116502 -1.13672 24.234 0.0496219 0.113701 -8.26251 -36.6369 -4.39172 -1.23299 -7.60729 7.53365 -0.064645 4.83434 2.7342 -12.9547 3.2495 -3.26872 83.4268 1.26019 10.252 -29.2081 0.0598081 0.137039 -2.00706 -0.160022 9.71482 -24.234 0.0496218 0.113702 -3.21882 -13.5706 10.932 9.23673 -4.20556 2.0327 -13.3399 -9.06761 -54.0877 -0.852353 -38.7721 -0.655187 -5.45859 19.7651 0.602712 -2.32622 -40.4017 -6.04875 -12.3617 1.88782 18.2882 0.779096 -9.8844 12.4959 1.90833e-15 -7.12736e-16 -6.99784e-17 -9.23673 -4.20556 2.0327 6.10567 -7.46264 51.0907 0.852353 -38.7721 -0.655187 2.21646 8.25292 -0.015616 2.32622 -40.4017 -6.04875 1.4149 1.52559 -15.0147 -0.779096 -9.8844 12.4959 -5.85918e-16 -5.59734e-16 -1.27474e-14 
-0.0433196 92.3652 66.8835 -4.02708 -2.99883 -125.516 0 5.07867 -1.15138 -2.36693 0.781587 -0.707117 0 5.61661 1.07143 -1.37742 1.5725 -1.34611 -1.02604e-17 5.98978 0.11501 -0.766853 2.3217 -1.39751 -1.10457e-17 6.50583 -0.443523 0.00358299 2.72555 -1.44042 -1.97295e-17 7.60548 -1.50593 0.411905 2.92376 -1.41643 -2.53307e-17 9.49737 -0.914492 0.764557 2.77037 -1.64292 -2.90401e-17 10.5513 1.57691 -0.354949 0.369352 -0.284165 -1.29193e-17 4.78644 0.715339 -0.916853 1.80247 -33.0153 -1.8116e-17 4.82109 0.421791 6.44921 0.379363 -15.5108 -2.00958e-17 4.83041 0.765062 11.3627 5.47778 -8.67532 1.23299 -7.60731 7.53374 -12.7344 8.80676 -8.6061 12.9547 3.2495 -3.26872 -54.6979 -3.34659 -6.26566 29.2081 0.0598081 0.137039 0.217406 -0.000909757 -1.04815 24.234 0.0496219 0.113701 -8.31863 -36.4683 -5.88338 -1.23299 -7.60729 7.53365 -0.437278 4.39261 2.05145 -12.9547 3.2495 -3.26872 83.7367 1.74168 10.0711 -29.2081 0.0598081 0.137039 -2.10082 -0.175961 10.1731 -24.234 0.0496218 0.113702 -3.64029 -13.3421 10.2368 9.23673 -4.20556 2.0327 -11.6462 -8.43743 -52.6884 -0.852353 -38.7721 -0.655187 -5.34223 19.3722 0.570618 -2.32622 -40.4017 -6.04875 -11.9236 -2.1312 17.3592 0.779096 -9.8844 12.4959 2.01269e-15 -7.0817e-16 -7.45443e-17 -9.23673 -4.20556 2.0327 7.4175 -8.14475 52.9643 0.852353 -38.7721 -0.655187 2.45175 9.11929 -0.0360266 2.32622 -40.4017 -6.04875 1.57468 2.82238 -14.9988 -0.779096 -9.8844 12.4959 -5.96354e-16 -5.59082e-16 -1.27471e-14 
-0.0314997 92.5611 67.3608 -3.61051 -2.5339 -128.963 0 5.07867 -1.15138 -2.38968 0.950187 -0.81433 0 5.61661 1.07143 -1.37013 1.6377 -1.4818 -1.02604e-17 5.98978 0.11501 -0.720765 2.21586 -1.51014 -1.10457e-17 6.50583 -0.443523 0.075663 2.32603 -1.55272 -1.97295e-17 7.60548 -1.50593 0.512362 2.40068 -1.54244 -2.53307e-17 9.49737 -0.914492 0.844155 2.13326 -1.80353 -2.90401e-17 10.5513 1.57691 -0.352311 0.407786 -0.275722 -1.29193e-17 4.78644 0.715339 -0.448768 2.37057 -32.6808 -1.8116e-17 4.82109 0.421791 6.24233 0.474147 -15.2862 -2.00958e-17 4.83041 0.765062 10.493 5.68362 -7.50639 1.23299 -7.60731 7.53374 -10.4916 7.96386 -7.73431 12.9547 3.2495 -3.26872 -54.6127 -0.0400207 -5.21584 29.2081 0.0598081 0.137039 0.31327 -0.00255401 -1.51035 24.234 0.0496219 0.113701 -10.7053 -39.0609 -5.8401 -1.23299 -7.60729 7.53365 -0.545317 4.36297 1.92054 -12.9547 3.2495 -3.26872 83.7176 2.24699 9.16942 -29.2081 0.0598081 0.137039 -2.22554 -0.198364 10.7836 -24.234 0.0496218 0.113702 -3.76373 -11.9743 9.4578 9.23673 -4.20556 2.0327 -9.32363 -7.28166 -49.8332 -0.852353 -38.7721 -0.655187 -4.4868 16.4299 0.359071 -2.32622 -40.4017 -6.04875 -12.0447 -2.74795 17.2337 0.779096 -9.8844 12.4959 3.56123e-15 -6.47681e-16 -1.35034e-16 -9.23673 -4.20556 2.0327 8.28379 -8.38145 54.6376 0.852353 -38.7721 -0.655187 2.40122 8.93349 -0.0313419 2.32622 -40.4017 -6.04875 2.51036 4.09988 -15.0509 -0.779096 -9.8844 12.4959 5.65046e-16 -6.19571e-16 -1.27955e-14 
-0.0585165 92.7633 67.9967 -3.22946 -1.90087 -132.13 0 5.07867 -1.15138 -2.45899 0.995365 -0.958767 0 5.61661 1.07143 -1.36921 1.65437 -1.63758 -1.02604e-17 5.98978 0.11501 -0.659016 2.13074 -1.63027 -1.10457e-17 6.50583 -0.443523 0.175171 2.06138 -1.66353 -1.97295e-17 7.60548 -1.50593 0.656447 2.04337 -1.68395 -2.53307e-17 9.49737 -0.914492 0.971681 1.6873 -2.01946 -2.90401e-17 10.5513 1.57691 -0.32633 0.430657 -0.260211 -1.29193e-17 4.78644 0.715339 -0.13306 2.50645 -31.3057 -1.8116e-17 4.82109 0.421791 6.47642 0.813671 -14.5554 -2.00958e-17 4.83041 0.765062 9.31922 5.58997 -7.72093 1.23299 -7.60731 7.53374 -8.36267 7.12153 -6.55516 12.9547 3.2495 -3.26872 -57.8577 4.44671 -4.35966 29.2081 0.0598081 0.137039 0.450627 -0.00625974 -2.17274 24.234 0.0496219 0.113701 -9.6383 -42.0626 -5.67878 -1.23299 -7.60729 7.53365 -0.512628 4.27019 1.78701 -12.9547 3.2495 -3.26872 83.8287 2.26957 8.56379 -29.2081 0.0598081 0.137039 -2.28228 -0.209012 11.0618 -24.234 0.0496218 0.113702 -4.14462 -10.0686 8.71358 9.23673 -4.20556 2.0327 -7.01218 -5.86491 -46.5033 -0.852353 -38.7721 -0.655187 -3.63009 13.3988 0.191487 -2.32622 -40.4017 -6.04875 -11.5309 -3.43526 17.0502 0.779096 -9.8844 12.4959 -2.6836e-16 -8.03323e-16 2.06084e-17 -9.23673 -4.20556 2.0327 9.09336 -8.21237 56.374 0.852353 -38.7721 -0.655187 2.22093 8.26941 -0.0159707 2.32622 -40.4017 -6.04875 2.19675 5.8318 -14.8677 -0.779096 -9.8844 12.4959 2.09221e-16 -5.97006e-16 -1.27726e-14 
-0.0885945 92.9493 68.8595 -2.81869 -1.3878 -134.927 0 5.07867 -1.15138 -2.9688 1.55262 -1.29316 0 5.61661 1.07143 -1.74993 2.03238 -2.10276 -1.02604e-17 5.98978 0.11501 -0.890202 2.31556 -2.09561 -1.10457e-17 6.50583 -0.443523 0.113557 1.8981 -2.13648 -1.97295e-17 7.60548 -1.50593 0.694544 1.67357 -2.16217 -2.53307e-17 9.49737 -0.914492 1.05762 1.31815 -2.53002 -2.90401e-17 10.5513 1.57691 -0.352738 0.398476 -0.289338 -1.29193e-17 4.78644 0.715339 0.150191 2.25773 -31.2992 -1.8116e-17 4.82109 0.421791 6.1329 1.23047 -14.3982 -2.00958e-17 4.83041 0.765062 9.67417 7.13476 -4.09615 1.23299 -7.60731 7.53374 -8.83932 8.67968 -8.92078 12.9547 3.2495 -3.26872 -51.4403 8.56232 -2.60659 29.2081 0.0598081 0.137039 0.390831 -0.00445478 -1.88435 24.234 0.0496219 0.113701 -16.7456 -50.9345 -10.1879 -1.23299 -7.60729 7.53365 0.181417 4.87596 3.18997 -12.9547 3.2495 -3.26872 83.2758 4.69291 9.07018 -29.2081 0.0598081 0.137039 -2.29714 -0.211848 11.1347 -24.234 0.0496218 0.113702 -4.16508 -10.8576 8.54706 9.23673 -4.20556 2.0327 -4.98526 -4.53216 -43.556 -0.852353 -38.7721 -0.655187 -2.78366 10.3354 0.0708741 -2.32622 -40.4017 -6.04875 -11.6877 -3.83003 17.1387 0.779096 -9.8844 12.4959 1.17581e-15 -7.47073e-16 -3.56415e-17 -9.23673 -4.20556 2.0327 9.4126 -8.33872 58.0527 0.852353 -38.7721 -0.655187 2.03904 7.59761 -0.00259163 2.32622 -40.4017 -6.04875 4.9394 6.47195 -15.3307 -0.779096 -9.8844 12.4959 -2.12401e-15 -4.99571e-16 -1.26751e-14 
-0.148239 93.0794 69.8991 -2.27096 -1.59186 -137.441 0 5.07867 -1.15138 -3.23004 1.10755 -1.55976 0 5.61661 1.07143 -1.88859 1.75444 -2.41488 -1.02604e-17 5.98978 0.11501 -0.917205 2.09483 -2.38015 -1.10457e-17 6.50583 -0.443523 0.182578 1.85174 -2.41696 -1.97295e-17 7.60548 -1.50593 0.816637 1.67876 -2.47213 -2.53307e-17 9.49737 -0.914492 1.16947 1.35006 -2.92889 -2.90401e-17 10.5513 1.57691 -0.316862 0.369993 -0.298181 -1.29193e-17 4.78644 0.715339 0.00471064 1.16385 -29.0647 -1.8116e-17 4.82109 0.421791 6.44235 1.6875 -13.2414 -2.00958e-17 4.83041 0.765062 8.61258 7.56894 -4.85338 1.23299 -7.60731 7.53374 -8.37202 8.40782 -8.49802 12.9547 3.2495 -3.26872 -53.1134 12.4707 -2.64005 29.2081 0.0598081 0.137039 0.379874 -0.00415778 -1.83151 24.234 0.0496219 0.113701 -15.8752 -54.5437 -10.5418 -1.23299 -7.60729 7.53365 0.299642 4.75198 3.33064 -12.9547 3.2495 -3.26872 82.8893 4.2908 9.39906 -29.2081 0.0598081 0.137039 -2.14474 -0.183698 10.3881 -24.234 0.0496218 0.113702 -4.11318 -8.90619 8.40519 9.23673 -4.20556 2.0327 -3.82002 -4.19486 -40.8254 -0.852353 -38.7721 -0.655187 -2.09422 7.8016 0.00642464 -2.32622 -40.4017 -6.04875 -11.0262 -3.53458 17.0109 0.779096 -9.8844 12.4959 -7.1811e-16 -8.30128e-16 4.74133e-17 -9.23673 -4.20556 2.0327 9.24016 -8.77312 59.0379 0.852353 -38.7721 -0.655187 1.74055 6.49173 0.0147143 2.32622 -40.4017 -6.04875 4.23712 7.37054 -15.1051 -0.779096 -9.8844 12.4959 -6.38099e-16 -5.57451e-16 -1.27451e-14 
-0.261725 93.1737 71.1907 -1.72723 -2.10129 -139.716 0 5.07867 -1.15138 -3.34838 0.742261 -1.7005 0 5.61661 1.07143 -1.96249 1.49984 -2.56258 -1.02604e-17 5.98978 0.11501 -0.940395 1.88705 -2.50557 -1.10457e-17 6.50583 -0.443523 0.208229 1.80179 -2.53756 -1.97295e-17 7.60548 -1.50593 0.859876 1.72226 -2.60435 -2.53307e-17 9.49737 -0.914492 1.20276 1.40705 -3.10771 -2.90401e-17 10.5513 1.57691 -0.291799 0.330217 -0.298306 -1.29193e-17 4.78644 0.715339 0.135169 1.11442 -28.0303 -1.8116e-17 4.82109 0.421791 6.50125 1.93599 -12.6935 -2.00958e-17 4.83041 0.765062 8.42605 7.27571 -4.50423 1.23299 -7.60731 7.53374 -7.4673 7.97549 -7.98989 12.9547 3.2495 -3.26872 -54.8004 15.6539 -2.16616 29.2081 0.0598081 0.137039 0.386928 -0.00434822 -1.86552 24.234 0.0496219 0.113701 -16.1611 -55.9374 -12.1465 -1.23299 -7.60729 7.53365 0.130305 4.42285 3.3024 -12.9547 3.2495 -3.26872 82.8305 4.80423 9.01833 -29.2081 0.0598081 0.137039 -2.18695 -0.19129 10.5948 -24.234 0.0496218 0.113702 -4.47135 -9.11895 7.83955 9.23673 -4.20556 2.0327 -3.18618 -4.46767 -38.1568 -0.852353 -38.7721 -0.655187 -1.59229 5.94103 -0.0211572 -2.32622 -40.4017 -6.04875 -10.3545 -2.9211 16.8952 0.779096 -9.8844 12.4959 3.97576e-18 -7.96117e-16 1.34024e-17 -9.23673 -4.20556 2.0327 8.84005 -9.85542 59.5021 0.852353 -38.7721 -0.655187 1.58567 5.91644 0.0214118 2.32622 -40.4017 -6.04875 5.43785 7.45927 -15.3257 -0.779096 -9.8844 12.4959 -2.09221e-16 -5.83278e-16 -1.27592e-14 
-0.471464 93.3322 72.6583 -1.30578 -2.50313 -141.616 0 5.07867 -1.15138 -3.65742 0.960318 -1.92207 0 5.61661 1.07143 -2.201 1.54499 -2.84506 -1.02604e-17 5.98978 0.11501 -1.08513 1.75461 -2.78853 -1.10457e-17 6.50583 -0.443523 0.154405 1.45449 -2.82648 -1.97295e-17 7.60548 -1.50593 0.842144 1.22752 -2.89783 -2.53307e-17 9.49737 -0.914492 1.1796 0.897712 -3.44318 -2.90401e-17 10.5513 1.57691 -0.293254 0.34311 -0.30125 -1.29193e-17 4.78644 0.715339 0.284201 0.974494 -27.7068 -1.8116e-17 4.82109 0.421791 6.48945 2.3584 -12.487 -2.00958e-17 4.83041 0.765062 7.92722 8.34006 -2.48128 1.23299 -7.60731 7.53374 -7.7779 8.59226 -8.64971 12.9547 3.2495 -3.26872 -53.2771 16.2927 -1.24331 29.2081 0.0598081 0.137039 0.441116 -0.00595578 -2.12686 24.234 0.0496219 0.113701 -17.0783 -57.0363 -12.5863 -1.23299 -7.60729 7.53365 0.2484 4.80122 4.11354 -12.9547 3.2495 -3.26872 82.7119 5.045 8.16176 -29.2081 0.0598081 0.137039 -2.33183 -0.218546 11.3049 -24.234 0.0496218 0.113702 -4.21374 -9.64244 7.14699 9.23673 -4.20556 2.0327 -2.85746 -5.07085 -35.6344 -0.852353 -38.7721 -0.655187 -1.25847 4.69851 -0.0304219 -2.32622 -40.4017 -6.04875 -9.78994 -1.94638 16.8445 0.779096 -9.8844 12.4959 -1.52368e-15 -8.67726e-16 8.50115e-17 -9.23673 -4.20556 2.0327 7.75232 -10.5487 58.2037 0.852353 -38.7721 -0.655187 1.13893 4.25283 0.0319727 2.32622 -40.4017 -6.04875 7.18543 7.72816 -15.5414 -0.779096 -9.8844 12.4959 -5.85918e-16 -5.59734e-16 -1.27474e-14 
-0.690259 93.515 74.2635 -1.01916 -2.862 -143.561 0 5.07867 -1.15138 -3.71376 0.967427 -2.05155 0 5.61661 1.07143 -2.23951 1.44705 -2.97128 -1.02604e-17 5.98978 0.11501 -1.08944 1.60013 -2.90617 -1.10457e-17 6.50583 -0.443523 0.175634 1.31885 -2.9367 -1.97295e-17 7.60548 -1.50593 0.856418 1.02925 -3.02172 -2.53307e-17 9.49737 -0.914492 1.16957 0.675366 -3.62365 -2.90401e-17 10.5513 1.57691 -0.259043 0.361581 -0.282216 -1.29193e-17 4.78644 0.715339 0.526102 0.980558 -26.2037 -1.8116e-17 4.82109 0.421791 6.56907 2.542 -11.7912 -2.00958e-17 4.83041 0.765062 7.3442 7.98225 -2.52368 1.23299 -7.60731 7.53374 -7.08664 8.23728 -8.09171 12.9547 3.2495 -3.26872 -54.5888 18.0481 -1.78497 29.2081 0.0598081 0.137039 0.495841 -0.00782923 -2.39082 24.234 0.0496219 0.113701 -15.0061 -57.423 -11.3275 -1.23299 -7.60729 7.53365 -0.0798366 4.61377 4.32334 -12.9547 3.2495 -3.26872 82.6152 4.53589 7.58951 -29.2081 0.0598081 0.137039 -2.3521 -0.22251 11.4043 -24.234 0.0496218 0.113702 -4.11099 -9.75285 6.64166 9.23673 -4.20556 2.0327 -2.824 -5.92997 -33.2921 -0.852353 -38.7721 -0.655187 -1.08985 4.06976 -0.0323387 -2.32622 -40.4017 -6.04875 -8.87856 -0.663504 16.7347 0.779096 -9.8844 12.4959 -7.91163e-16 -8.33389e-16 5.06746e-17 -9.23673 -4.20556 2.0327 6.61811 -10.9401 54.2378 0.852353 -38.7721 -0.655187 0.610079 2.27842 0.0276413 2.32622 -40.4017 -6.04875 7.07401 8.64133 -15.4238 -0.779096 -9.8844 12.4959 1.77912e-16 -5.95376e-16 -1.27713e-14 
-0.83968 93.683 76.0195 -0.988147 -3.08565 -145.415 0 5.07867 -1.15138 -4.39068 2.08216 -2.33019 0 5.61661 1.07143 -2.88158 1.98428 -3.41605 -1.02604e-17 5.98978 0.11501 -1.55316 1.74432 -3.40436 -1.10457e-17 6.50583 -0.443523 -0.0475835 0.843749 -3.45827 -1.97295e-17 7.60548 -1.50593 0.807162 0.226174 -3.49183 -2.53307e-17 9.49737 -0.914492 1.30645 -0.0863406 -4.1409 -2.90401e-17 10.5513 1.57691 -0.266112 0.399928 -0.323725 -1.29193e-17 4.78644 0.715339 2.22212 2.32529 -27.2912 -1.8116e-17 4.82109 0.421791 5.92519 2.65968 -12.1447 -2.00958e-17 4.83041 0.765062 7.18322 8.376 3.57136 1.23299 -7.60731 7.53374 -6.90613 10.8264 -11.9568 12.9547 3.2495 -3.26872 -42.8778 24.4955 2.38974 29.2081 0.0598081 0.137039 0.433593 -0.00571523 -2.09058 24.234 0.0496219 0.113701 -44.6264 -65.5528 -34.7305 -1.23299 -7.60729 7.53365 1.14459 5.83877 6.79909 -12.9547 3.2495 -3.26872 81.1417 9.51206 7.88839 -29.2081 0.0598081 0.137039 -2.53129 -0.259128 12.2853 -24.234 0.0496218 0.113702 -4.67753 -15.6609 4.95577 9.23673 -4.20556 2.0327 -2.93918 -6.84875 -31.3988 -0.852353 -38.7721 -0.655187 -1.05183 3.92791 -0.0325145 -2.32622 -40.4017 -6.04875 -8.39403 0.675743 16.6966 0.779096 -9.8844 12.4959 -1.54456e-15 -8.68705e-16 8.59899e-17 -9.23673 -4.20556 2.0327 4.84447 -11.1016 46.9655 0.852353 -38.7721 -0.655187 0.0791642 0.29545 0.00495345 2.32622 -40.4017 -6.04875 9.53178 7.48142 -15.8044 -0.779096 -9.8844 12.4959 2.13445e-15 -6.81039e-16 -1.28566e-14 
-0.982033 93.8763 77.7259 -1.27369 -2.71992 -147.557 0 5.07867 -1.15138 -4.53082 2.0962 -2.45361 0 5.61661 1.07143 -2.92515 1.90411 -3.50566 -1.02604e-17 5.98978 0.11501 -1.52583 1.67347 -3.47052 -1.10457e-17 6.50583 -0.443523 0.0102209 0.895944 -3.51105 -1.97295e-17 7.60548 -1.50593 0.886204 0.18334 -3.58184 -2.53307e-17 9.49737 -0.914492 1.36261 -0.152088 -4.35751 -2.90401e-17 10.5513 1.57691 -0.175918 0.496292 -0.282143 -1.29193e-17 4.78644 0.715339 2.29269 1.51554 -23.0751 -1.8116e-17 4.82109 0.421791 6.26485 2.51877 -10.3263 -2.00958e-17 4.83041 0.765062 5.98468 7.8553 0.229436 1.23299 -7.60731 7.53374 -6.01523 9.79473 -9.81781 12.9547 3.2495 -3.26872 -45.7047 28.4214 -0.289785 29.2081 0.0598081 0.137039 0.563339 -0.0104889 -2.71646 24.234 0.0496219 0.113701 -39.2687 -68.7465 -31.5478 -1.23299 -7.60729 7.53365 1.39266 5.68381 7.09858 -12.9547 3.2495 -3.26872 80.6088 6.62166 8.43528 -29.2081 0.0598081 0.137039 -2.4524 -0.242655 11.8971 -24.234 0.0496218 0.113702 -4.42046 -13.0058 3.65412 9.23673 -4.20556 2.0327 -3.03943 -7.37983 -29.2678 -0.852353 -38.7721 -0.655187 -1.12251 4.1916 -0.0321123 -2.32622 -40.4017 -6.04875 -7.09012 2.55828 16.4381 0.779096 -9.8844 12.4959 3.70237e-16 -7.84998e-16 2.28291e-18 -9.23673 -4.20556 2.0327 2.5569 -9.4916 37.4764 0.852353 -38.7721 -0.655187 -0.735604 -2.73816 -0.0653915 2.32622 -40.4017 -6.04875 5.49067 4.57637 -14.9389 -0.779096 -9.8844 12.4959 -9.10434e-16 -5.50245e-16 -1.27258e-14 
-1.01037 94.1183 79.2259 -1.43986 -2.05858 -150.23 0 5.07867 -1.15138 -4.39435 1.79148 -2.3657 0 5.61661 1.07143 -2.8122 1.69446 -3.31544 -1.02604e-17 5.98978 0.11501 -1.44495 1.66229 -3.25693 -1.10457e-17 6.50583 -0.443523 0.0465798 1.24875 -3.28079 -1.97295e-17 7.60548 -1.50593 0.905646 0.70261 -3.36077 -2.53307e-17 9.49737 -0.914492 1.38807 0.419134 -4.19629 -2.90401e-17 10.5513 1.57691 -0.115964 0.525842 -0.232105 -1.29193e-17 4.78644 0.715339 2.84643 3.26785 -20.6788 -1.8116e-17 4.82109 0.421791 5.84323 2.13438 -9.32202 -2.00958e-17 4.83041 0.765062 6.37667 4.63578 -0.607399 1.23299 -7.60731 7.53374 -2.47397 7.80043 -7.18891 12.9547 3.2495 -3.26872 -48.5466 31.6253 -2.61396 29.2081 0.0598081 0.137039 0.701635 -0.0171377 -3.38388 24.234 0.0496219 0.113701 -37.3777 -68.8125 -30.7502 -1.23299 -7.60729 7.53365 1.58366 4.64258 6.53723 -12.9547 3.2495 -3.26872 80.6299 5.75205 9.08955 -29.2081 0.0598081 0.137039 -2.47441 -0.247196 12.0054 -24.234 0.0496218 0.113702 -5.55786 -12.1071 1.508 9.23673 -4.20556 2.0327 -2.56853 -7.48011 -26.7767 -0.852353 -38.7721 -0.655187 -1.16376 4.34543 -0.0317269 -2.32622 -40.4017 -6.04875 -6.74334 4.23863 16.3578 0.779096 -9.8844 12.4959 2.35806e-15 -6.9803e-16 -8.46844e-17 -9.23673 -4.20556 2.0327 0.98411 -8.9147 28.2858 0.852353 -38.7721 -0.655187 -0.939325 -3.49314 -0.0896475 2.32622 -40.4017 -6.04875 4.75383 2.07457 -14.9218 -0.779096 -9.8844 12.4959 -6.06795e-16 -5.58756e-16 -1.27464e-14 
-0.903892 94.3022 80.471 -1.27187 -1.43513 -153.483 0 5.07867 -1.15138 -4.23325 1.97124 -2.3036 0 5.61661 1.07143 -2.65109 1.77163 -3.18761 -1.02604e-17 5.98978 0.11501 -1.32394 1.65484 -3.12337 -1.10457e-17 6.50583 -0.443523 0.0980161 1.13281 -3.14969 -1.97295e-17 7.60548 -1.50593 0.901442 0.442473 -3.24225 -2.53307e-17 9.49737 -0.914492 1.29751 -0.0158155 -4.07522 -2.90401e-17 10.5513 1.57691 -0.0888271 0.620123 -0.200227 -1.29193e-17 4.78644 0.715339 3.08383 4.60035 -18.5238 -1.8116e-17 4.82109 0.421791 5.88983 1.64337 -8.37489 -2.00958e-17 4.83041 0.765062 5.44485 3.44052 -0.439277 1.23299 -7.60731 7.53374 0.528069 6.43764 -4.79028 12.9547 3.2495 -3.26872 -52.2229 31.7276 -3.255 29.2081 0.0598081 0.137039 0.981226 -0.0355229 -4.73453 24.234 0.0496219 0.113701 -29.8748 -67.5524 -23.9533 -1.23299 -7.60729 7.53365 0.730882 4.10901 5.97919 -12.9547 3.2495 -3.26872 81.9292 4.46652 8.95732 -29.2081 0.0598081 0.137039 -2.47681 -0.247696 12.0172 -24.234 0.0496218 0.113702 -5.96107 -9.80813 -0.00490878 9.23673 -4.20556 2.0327 -1.57186 -7.40958 -23.8421 -0.852353 -38.7721 -0.655187 -1.09976 4.10673 -0.0322773 -2.32622 -40.4017 -6.04875 -6.29592 5.11664 16.2606 0.779096 -9.8844 12.4959 4.74622e-16 -7.80431e-16 -2.28395e-18 -9.23673 -4.20556 2.0327 0.35471 -8.59116 21.1145 0.852353 -38.7721 -0.655187 -1.09976 -4.08633 -0.110611 2.32622 -40.4017 -6.04875 3.64316 2.40908 -14.8522 -0.779096 -9.8844 12.4959 -2.09226e-16 -5.83277e-16 -1.27592e-14 
-0.749159 94.3514 81.5249 -1.1312 -1.21882 -156.928 0 5.07867 -1.15138 -4.15376 2.06063 -2.21367 0 5.61661 1.07143 -2.57255 1.82167 -3.02495 -1.02604e-17 5.98978 0.11501 -1.28024 1.65971 -2.94553 -1.10457e-17 6.50583 -0.443523 0.0834556 1.06656 -2.96569 -1.97295e-17 7.60548 -1.50593 0.8514 0.319882 -3.05997 -2.53307e-17 9.49737 -0.914492 1.19585 -0.308495 -3.88895 -2.90401e-17 10.5513 1.57691 -0.0467182 0.678635 -0.164916 -1.29193e-17 4.78644 0.715339 3.18494 6.21756 -15.996 -1.8116e-17 4.82109 0.421791 5.41703 1.30374 -7.27125 -2.00958e-17 4.83041 0.765062 5.60813 1.60396 -0.578158 1.23299 -7.60731 7.53374 4.86104 5.22477 -2.29675 12.9547 3.2495 -3.26872 -57.1242 32.9364 -4.07604 29.2081 0.0598081 0.137039 1.29475 -0.0640352 -6.25198 24.234 0.0496219 0.113701 -23.7386 -67.2221 -19.2154 -1.23299 -7.60729 7.53365 -0.187145 3.34171 5.19117 -12.9547 3.2495 -3.26872 83.4057 1.73028 8.77846 -29.2081 0.0598081 0.137039 -2.44902 -0.241967 11.8806 -24.234 0.0496218 0.113702 -5.65354 -6.38844 -0.747335 9.23673 -4.20556 2.0327 -0.722635 -7.28004 -20.8953 -0.852353 -38.7721 -0.655187 -0.94399 3.52545 -0.0324997 -2.32622 -40.4017 -6.04875 -5.85414 5.64614 16.1575 0.779096 -9.8844 12.4959 -7.38968e-16 -8.31106e-16 4.83911e-17 -9.23673 -4.20556 2.0327 -0.0614085 -9.14902 15.2891 0.852353 -38.7721 -0.655187 -0.852624 -3.17205 -0.0790005 2.32622 -40.4017 -6.04875 2.47873 2.65927 -14.7975 -0.779096 -9.8844 12.4959 -5.85913e-16 -5.59734e-16 -1.27474e-14 
-0.620105 94.4136 82.4133 -1.24736 -1.06828 -160.464 0 5.07867 -1.15138 -4.26154 2.25385 -2.10666 0 5.61661 1.07143 -2.66911 1.93095 -2.89338 -1.02604e-17 5.98978 0.11501 -1.37551 1.70246 -2.81518 -1.10457e-17 6.50583 -0.443523 -0.0291607 0.976498 -2.83404 -1.97295e-17 7.60548 -1.50593 0.746842 0.145183 -2.91603 -2.53307e-17 9.49737 -0.914492 1.10025 -0.540393 -3.72074 -2.90401e-17 10.5513 1.57691 -0.0291326 0.727543 -0.140299 -1.29193e-17 4.78644 0.715339 3.01622 6.7472 -14.2918 -1.8116e-17 4.82109 0.421791 4.97667 1.10812 -6.51342 -2.00958e-17 4.83041 0.765062 5.7975 1.07665 0.633508 1.23299 -7.60731 7.53374 6.69567 4.74238 -1.13546 12.9547 3.2495 -3.26872 -59.3803 32.3074 -3.67675 29.2081 0.0598081 0.137039 1.62029 -0.102536 -7.8318 24.234 0.0496219 0.113701 -19.0989 -66.6717 -15.8675 -1.23299 -7.60729 7.53365 -0.123358 3.1467 4.95246 -12.9547 3.2495 -3.26872 84.3123 -0.854252 8.6584 -29.2081 0.0598081 0.137039 -2.47504 -0.247331 12.0086 -24.234 0.0496218 0.113702 -5.48035 -3.83402 -1.22235 9.23673 -4.20556 2.0327 -0.0795051 -7.21573 -18.0647 -0.852353 -38.7721 -0.655187 -0.86647 3.23604 -0.0320202 -2.32622 -40.4017 -6.04875 -5.78781 6.27201 16.1565 0.779096 -9.8844 12.4959 3.96629e-18 -7.96118e-16 1.34029e-17 -9.23673 -4.20556 2.0327 -0.721264 -9.64948 10.5321 0.852353 -38.7721 -0.655187 -0.494072 -1.8409 -0.0400762 2.32622 -40.4017 -6.04875 2.68755 2.58506 -14.8445 -0.779096 -9.8844 12.4959 -5.96354e-16 -5.59082e-16 -1.27471e-14 
-0.576207 94.4898 83.1555 -1.56956 -1.04441 -164.002 0 5.07867 -1.15138 -4.24029 2.0918 -1.9901 0 5.61661 1.07143 -2.65995 1.80447 -2.71032 -1.02604e-17 5.98978 0.11501 -1.39049 1.57751 -2.60903 -1.10457e-17 6.50583 -0.443523 -0.0802472 0.854724 -2.62259 -1.97295e-17 7.60548 -1.50593 0.68458 0.0483983 -2.69246 -2.53307e-17 9.49737 -0.914492 1.02004 -0.799988 -3.49626 -2.90401e-17 10.5513 1.57691 0.00932491 0.756868 -0.101806 -1.29193e-17 4.78644 0.715339 2.77191 7.97268 -11.6693 -1.8116e-17 4.82109 0.421791 4.32157 0.752791 -5.37396 -2.00958e-17 4.83041 0.765062 5.64675 -0.043555 0.0501429 1.23299 -7.60731 7.53374 11.6001 4.04279 1.05548 12.9547 3.2495 -3.26872 -64.4984 33.1832 -4.20292 29.2081 0.0598081 0.137039 1.984 -0.156377 -9.6035 24.234 0.0496219 0.113701 -14.5236 -65.7322 -11.5054 -1.23299 -7.60729 7.53365 -0.968385 2.44653 4.08065 -12.9547 3.2495 -3.26872 85.1379 -3.87592 8.07543 -29.2081 0.0598081 0.137039 -2.43539 -0.239184 11.8136 -24.234 0.0496218 0.113702 -4.82415 -1.02977 -1.60891 9.23673 -4.20556 2.0327 0.255858 -7.10013 -15.4286 -0.852353 -38.7721 -0.655187 -0.767777 2.86748 -0.0308422 -2.32622 -40.4017 -6.04875 -5.77569 7.16271 16.1741 0.779096 -9.8844 12.4959 -3.6228e-16 -8.07236e-16 2.45218e-17 -9.23673 -4.20556 2.0327 -1.60916 -10.2053 6.42524 0.852353 -38.7721 -0.655187 -0.0297489 -0.111 -0.00196583 2.32622 -40.4017 -6.04875 1.33461 2.40381 -14.7339 -0.779096 -9.8844 12.4959 -9.83482e-16 -5.46984e-16 -1.27229e-14 
-0.684571 94.5869 83.7676 -1.87103 -0.901744 -167.231 0 5.07867 -1.15138 -4.32645 2.28167 -1.90942 0 5.61661 1.07143 -2.74641 1.90254 -2.61296 -1.02604e-17 5.98978 0.11501 -1.48047 1.59407 -2.51398 -1.10457e-17 6.50583 -0.443523 -0.184144 0.703796 -2.52874 -1.97295e-17 7.60548 -1.50593 0.586683 -0.169364 -2.58608 -2.53307e-17 9.49737 -0.914492 0.929653 -1.06782 -3.36559 -2.90401e-17 10.5513 1.57691 0.0208538 0.787919 -0.0806091 -1.29193e-17 4.78644 0.715339 2.44247 7.87854 -10.0367 -1.8116e-17 4.82109 0.421791 3.75142 0.582683 -4.64155 -2.00958e-17 4.83041 0.765062 5.66628 0.0264239 0.988854 1.23299 -7.60731 7.53374 12.8867 3.94873 1.61598 12.9547 3.2495 -3.26872 -66.154 32.4444 -3.28784 29.2081 0.0598081 0.137039 2.35405 -0.223042 -11.415 24.234 0.0496219 0.113701 -11.4158 -64.9934 -9.15822 -1.23299 -7.60729 7.53365 -0.729663 2.50267 4.06797 -12.9547 3.2495 -3.26872 85.5163 -6.42625 7.3441 -29.2081 0.0598081 0.137039 -2.60029 -0.274006 12.6254 -24.234 0.0496218 0.113702 -4.33386 0.351538 -1.80203 9.23673 -4.20556 2.0327 0.54424 -6.98101 -13.1767 -0.852353 -38.7721 -0.655187 -0.730929 2.72985 -0.0302394 -2.32622 -40.4017 -6.04875 -5.78071 8.00185 16.1774 0.779096 -9.8844 12.4959 1.44072e-17 -7.95465e-16 1.27503e-17 -9.23673 -4.20556 2.0327 -2.72609 -10.5407 3.18068 0.852353 -38.7721 -0.655187 0.447437 1.67081 0.0226408 2.32622 -40.4017 -6.04875 2.38391 1.57147 -14.8998 -0.779096 -9.8844 12.4959 -9.93923e-16 -5.46658e-16 -1.27222e-14 
-0.971583 94.6777 84.2915 -2.02409 -0.766923 -169.816 0 5.07867 -1.15138 -4.27475 2.19026 -1.87849 0 5.61661 1.07143 -2.71317 1.82938 -2.53887 -1.02604e-17 5.98978 0.11501 -1.47487 1.52896 -2.42704 -1.10457e-17 6.50583 -0.443523 -0.207609 0.652328 -2.43736 -1.97295e-17 7.60548 -1.50593 0.542186 -0.185629 -2.48723 -2.53307e-17 9.49737 -0.914492 0.862097 -1.15558 -3.25499 -2.90401e-17 10.5513 1.57691 0.0406015 0.790299 -0.0535472 -1.29193e-17 4.78644 0.715339 2.12083 8.11473 -7.86967 -1.8116e-17 4.82109 0.421791 3.06714 0.249422 -3.68658 -2.00958e-17 4.83041 0.765062 5.52408 -0.368119 0.562837 1.23299 -7.60731 7.53374 15.3993 3.73328 2.52439 12.9547 3.2495 -3.26872 -68.0025 32.6635 -3.92955 29.2081 0.0598081 0.137039 2.5969 -0.273401 -12.6096 24.234 0.0496219 0.113701 -9.36936 -64.2744 -6.77652 -1.23299 -7.60729 7.53365 -1.00419 2.26425 3.75011 -12.9547 3.2495 -3.26872 85.1204 -8.22848 6.79132 -29.2081 0.0598081 0.137039 -2.59641 -0.27316 12.6063 -24.234 0.0496218 0.113702 -3.4079 0.46611 -1.73421 9.23673 -4.20556 2.0327 0.734618 -6.94148 -11.6128 -0.852353 -38.7721 -0.655187 -0.718667 2.68405 -0.0300191 -2.32622 -40.4017 -6.04875 -5.82354 8.75934 16.1976 0.779096 -9.8844 12.4959 -3.6228e-16 -8.07236e-16 2.45218e-17 -9.23673 -4.20556 2.0327 -3.91908 -10.9532 0.527411 0.852353 -38.7721 -0.655187 1.00053 3.73649 0.0326026 2.32622 -40.4017 -6.04875 1.49433 0.92021 -14.8635 -0.779096 -9.8844 12.4959 -2.19666e-16 -5.82951e-16 -1.27585e-14 
-1.42672 94.7426 84.7884 -2.12704 -0.86991 -171.668 0 5.07867 -1.15138 -4.16158 2.1486 -1.92802 0 5.61661 1.07143 -2.62041 1.78967 -2.57069 -1.02604e-17 5.98978 0.11501 -1.41594 1.49188 -2.46478 -1.10457e-17 6.50583 -0.443523 -0.184592 0.607421 -2.47404 -1.97295e-17 7.60548 -1.50593 0.520339 -0.210756 -2.52584 -2.53307e-17 9.49737 -0.914492 0.788343 -1.15519 -3.26703 -2.90401e-17 10.5513 1.57691 0.0387301 0.790176 -0.0390594 -1.29193e-17 4.78644 0.715339 1.88356 7.48303 -6.70732 -1.8116e-17 4.82109 0.421791 2.44815 0.0694261 -3.16036 -2.00958e-17 4.83041 0.765062 5.07645 -0.334463 1.34247 1.23299 -7.60731 7.53374 14.9662 3.66471 2.53348 12.9547 3.2495 -3.26872 -67.329 32.2339 -3.86163 29.2081 0.0598081 0.137039 2.78469 -0.315984 -13.5369 24.234 0.0496219 0.113701 -8.74331 -63.8397 -6.33896 -1.23299 -7.60729 7.53365 -0.617059 2.45082 3.96672 -12.9547 3.2495 -3.26872 84.28 -9.71361 6.18637 -29.2081 0.0598081 0.137039 -2.72146 -0.301155 13.2234 -24.234 0.0496218 0.113702 -2.82716 -0.162562 -1.47434 9.23673 -4.20556 2.0327 0.774675 -7.39412 -10.6265 -0.852353 -38.7721 -0.655187 -0.802378 2.9967 -0.0313275 -2.32622 -40.4017 -6.04875 -5.75451 9.24655 16.1664 0.779096 -9.8844 12.4959 1.17579e-15 -7.47074e-16 -3.56407e-17 -9.23673 -4.20556 2.0327 -5.37061 -11.5082 -1.49896 0.852353 -38.7721 -0.655187 1.51446 5.65166 0.023967 2.32622 -40.4017 -6.04875 2.56748 -0.160251 -15.0574 -0.779096 -9.8844 12.4959 -5.85913e-16 -5.59734e-16 -1.27474e-14 
-1.94002 94.7794 85.3483 -2.31306 -0.895946 -173.143 0 5.07867 -1.15138 -4.06989 1.98674 -1.97152 0 5.61661 1.07143 -2.55439 1.68846 -2.5995 -1.02604e-17 5.98978 0.11501 -1.37769 1.46131 -2.49278 -1.10457e-17 6.50583 -0.443523 -0.173738 0.707069 -2.49656 -1.97295e-17 7.60548 -1.50593 0.498142 -0.0403881 -2.54713 -2.53307e-17 9.49737 -0.914492 0.739329 -0.907335 -3.26391 -2.90401e-17 10.5513 1.57691 0.0392088 0.770002 -0.0290941 -1.29193e-17 4.78644 0.715339 1.72596 6.81823 -5.34562 -1.8116e-17 4.82109 0.421791 1.93021 -0.28544 -2.54283 -2.00958e-17 4.83041 0.765062 4.59289 -0.535203 1.33155 1.23299 -7.60731 7.53374 14.1452 3.49539 2.44472 12.9547 3.2495 -3.26872 -65.2763 32.1698 -5.03556 29.2081 0.0598081 0.137039 2.76072 -0.310369 -13.4183 24.234 0.0496219 0.113701 -9.79856 -63.7438 -7.17637 -1.23299 -7.60729 7.53365 -0.186929 2.50922 4.11129 -12.9547 3.2495 -3.26872 82.9032 -9.95392 6.01084 -29.2081 0.0598081 0.137039 -2.74748 -0.307157 13.352 -24.234 0.0496218 0.113702 -2.34003 -2.10155 -1.20987 9.23673 -4.20556 2.0327 0.632512 -7.79532 -10.0592 -0.852353 -38.7721 -0.655187 -0.88767 3.31519 -0.0321903 -2.32622 -40.4017 -6.04875 -5.71041 9.7138 16.1341 0.779096 -9.8844 12.4959 5.61708e-17 -7.93834e-16 1.11189e-17 -9.23673 -4.20556 2.0327 -6.9098 -12.3443 -2.55698 0.852353 -38.7721 -0.655187 2.10634 7.84636 -0.00729188 2.32622 -40.4017 -6.04875 2.07772 -0.703955 -15.0988 -0.779096 -9.8844 12.4959 -5.96354e-16 -5.59082e-16 -1.27471e-14 
-2.3971 94.8087 85.9278 -2.60456 -0.560205 -174.437 0 5.07867 -1.15138 -3.76562 1.80853 -2.03755 0 5.61661 1.07143 -2.29792 1.58958 -2.60015 -1.02604e-17 5.98978 0.11501 -1.19259 1.43168 -2.4775 -1.10457e-17 6.50583 -0.443523 -0.0588783 0.805185 -2.47625 -1.97295e-17 7.60548 -1.50593 0.536726 0.130443 -2.54244 -2.53307e-17 9.49737 -0.914492 0.690511 -0.791657 -3.25398 -2.90401e-17 10.5513 1.57691 0.0515106 0.757964 -0.00354788 -1.29193e-17 4.78644 0.715339 1.53022 7.22027 -3.96355 -1.8116e-17 4.82109 0.421791 1.30158 -0.737307 -1.94366 -2.00958e-17 4.83041 0.765062 3.5662 -1.55357 0.840198 1.23299 -7.60731 7.53374 15.5311 3.24163 3.15208 12.9547 3.2495 -3.26872 -67.5984 33.346 -6.90935 29.2081 0.0598081 0.137039 2.86211 -0.334471 -13.9201 24.234 0.0496219 0.113701 -6.01467 -63.3545 -3.4359 -1.23299 -7.60729 7.53365 -0.545927 2.18494 3.70286 -12.9547 3.2495 -3.26872 82.1351 -11.1882 5.69424 -29.2081 0.0598081 0.137039 -2.79134 -0.317419 13.5689 -24.234 0.0496218 0.113702 -2.11416 -2.07798 -1.30102 9.23673 -4.20556 2.0327 0.437846 -7.93423 -9.48426 -0.852353 -38.7721 -0.655187 -1.0151 3.79085 -0.0325947 -2.32622 -40.4017 -6.04875 -5.61432 10.2767 16.0613 0.779096 -9.8844 12.4959 -7.49409e-16 -8.31432e-16 4.87173e-17 -9.23673 -4.20556 2.0327 -8.4488 -13.0406 -2.81068 0.852353 -38.7721 -0.655187 2.69946 10.0276 -0.0613651 2.32622 -40.4017 -6.04875 2.44856 -0.844963 -15.2248 -0.779096 -9.8844 12.4959 -5.96354e-16 -5.59082e-16 -1.27471e-14 
-2.70347 94.8193 86.3843 -2.81243 0.0169248 -175.738 0 5.07867 -1.15138 -3.68546 1.97085 -2.02216 0 5.61661 1.07143 -2.24684 1.70759 -2.57248 -1.02604e-17 5.98978 0.11501 -1.17332 1.52783 -2.4555 -1.10457e-17 6.50583 -0.443523 -0.0674429 0.866862 -2.45754 -1.97295e-17 7.60548 -1.50593 0.506583 0.165126 -2.52337 -2.53307e-17 9.49737 -0.914492 0.647068 -0.746191 -3.2085 -2.90401e-17 10.5513 1.57691 0.0472493 0.750236 -0.0034669 -1.29193e-17 4.78644 0.715339 1.47859 7.01065 -3.5493 -1.8116e-17 4.82109 0.421791 0.931539 -1.18346 -1.75096 -2.00958e-17 4.83041 0.765062 3.13331 -1.84186 1.55291 1.23299 -7.60731 7.53374 15.573 3.24873 2.93238 12.9547 3.2495 -3.26872 -66.1626 33.2355 -7.97235 29.2081 0.0598081 0.137039 2.77507 -0.313723 -13.4893 24.234 0.0496219 0.113701 -8.47996 -63.0937 -5.35646 -1.23299 -7.60729 7.53365 -0.632875 2.291 3.6396 -12.9547 3.2495 -3.26872 81.6913 -10.4634 5.48067 -29.2081 0.0598081 0.137039 -2.82359 -0.325073 13.7285 -24.234 0.0496218 0.113702 -2.31559 -4.10088 -1.30771 9.23673 -4.20556 2.0327 0.457502 -7.67351 -8.68995 -0.852353 -38.7721 -0.655187 -1.11411 4.16027 -0.0321771 -2.32622 -40.4017 -6.04875 -5.7397 10.5462 16.0732 0.779096 -9.8844 12.4959 -3.83162e-16 -8.08215e-16 2.55006e-17 -9.23673 -4.20556 2.0327 -9.52398 -13.4629 -1.88716 0.852353 -38.7721 -0.655187 3.17851 11.7719 -0.121499 2.32622 -40.4017 -6.04875 3.41281 -0.747794 -15.4316 -0.779096 -9.8844 12.4959 -5.96354e-16 -5.59082e-16 -1.27471e-14 
-2.83992 94.7687 86.671 -2.88243 0.669891 -177.107 0 5.07867 -1.15138 -3.67931 2.137 -2.01791 0 5.61661 1.07143 -2.2423 1.84275 -2.57291 -1.02604e-17 5.98978 0.11501 -1.17631 1.64988 -2.46097 -1.10457e-17 6.50583 -0.443523 -0.0764689 0.978061 -2.46613 -1.97295e-17 7.60548 -1.50593 0.494794 0.238588 -2.53633 -2.53307e-17 9.49737 -0.914492 0.636959 -0.644782 -3.21157 -2.90401e-17 10.5513 1.57691 0.0490168 0.738584 -0.00492612 -1.29193e-17 4.78644 0.715339 1.48093 6.69253 -2.78358 -1.8116e-17 4.82109 0.421791 0.711126 -1.61695 -1.40174 -2.00958e-17 4.83041 0.765062 2.72484 -2.11741 1.95391 1.23299 -7.60731 7.53374 15.224 3.32387 2.71347 12.9547 3.2495 -3.26872 -64.57 33.6274 -8.85417 29.2081 0.0598081 0.137039 2.67357 -0.290399 -12.9878 24.234 0.0496219 0.113701 -10.516 -63.6116 -7.36936 -1.23299 -7.60729 7.53365 -0.273448 2.44577 3.7162 -12.9547 3.2495 -3.26872 81.0026 -10.7093 5.88113 -29.2081 0.0598081 0.137039 -2.74155 -0.305785 13.3227 -24.234 0.0496218 0.113702 -2.23543 -4.86716 -1.1983 9.23673 -4.20556 2.0327 0.636858 -7.06028 -7.81038 -0.852353 -38.7721 -0.655187 -1.16508 4.35033 -0.0317128 -2.32622 -40.4017 -6.04875 -5.68124 10.397 16.0749 0.779096 -9.8844 12.4959 -2.69549e-15 -9.16443e-16 1.33728e-16 -9.23673 -4.20556 2.0327 -10.054 -13.7118 -0.138513 0.852353 -38.7721 -0.655187 3.55704 13.1368 -0.179297 2.32622 -40.4017 -6.04875 3.76603 -0.367742 -15.5527 -0.779096 -9.8844 12.4959 1.77903e-16 -5.95375e-16 -1.27713e-14 
-2.83313 94.6412 86.8122 -2.88581 1.26573 -178.52 0 5.07867 -1.15138 -3.64075 2.09058 -1.97283 0 5.61661 1.07143 -2.22326 1.84477 -2.5252 -1.02604e-17 5.98978 0.11501 -1.176 1.72661 -2.42069 -1.10457e-17 6.50583 -0.443523 -0.0903645 1.18695 -2.43215 -1.97295e-17 7.60548 -1.50593 0.476504 0.500477 -2.50479 -2.53307e-17 9.49737 -0.914492 0.627399 -0.296349 -3.16197 -2.90401e-17 10.5513 1.57691 0.0507116 0.699458 -0.0119006 -1.29193e-17 4.78644 0.715339 1.47109 6.46678 -2.0948 -1.8116e-17 4.82109 0.421791 0.318237 -2.06649 -1.09233 -2.00958e-17 4.83041 0.765062 2.57152 -2.64842 2.20938 1.23299 -7.60731 7.53374 14.8836 3.28867 2.42823 12.9547 3.2495 -3.26872 -62.6501 34.5296 -9.76144 29.2081 0.0598081 0.137039 2.59913 -0.273888 -12.6206 24.234 0.0496219 0.113701 -13.2291 -64.6683 -10.0233 -1.23299 -7.60729 7.53365 -0.00750024 2.43469 3.65649 -12.9547 3.2495 -3.26872 80.4216 -10.1823 6.22833 -29.2081 0.0598081 0.137039 -2.67346 -0.290242 12.9864 -24.234 0.0496218 0.113702 -2.38442 -6.3837 -1.21791 9.23673 -4.20556 2.0327 0.941006 -6.47185 -6.76661 -0.852353 -38.7721 -0.655187 -1.26365 4.71782 -0.0303336 -2.32622 -40.4017 -6.04875 -5.3511 9.7907 15.992 0.779096 -9.8844 12.4959 3.38853e-16 -7.86305e-16 3.59065e-18 -9.23673 -4.20556 2.0327 -10.1668 -13.8473 2.28025 0.852353 -38.7721 -0.655187 3.83864 14.1437 -0.228115 2.32622 -40.4017 -6.04875 4.26697 -0.0934845 -15.708 -0.779096 -9.8844 12.4959 -1.88339e-16 -5.84256e-16 -1.27598e-14 
-2.72549 94.449 86.8505 -2.94984 1.65123 -179.807 0 5.07867 -1.15138 -3.52584 2.1133 -1.96061 0 5.61661 1.07143 -2.12757 1.86216 -2.47876 -1.02604e-17 5.98978 0.11501 -1.11439 1.70485 -2.36433 -1.10457e-17 6.50583 -0.443523 -0.0567941 1.12304 -2.38666 -1.97295e-17 7.60548 -1.50593 0.483747 0.426342 -2.46427 -2.53307e-17 9.49737 -0.914492 0.589573 -0.516388 -3.12303 -2.90401e-17 10.5513 1.57691 0.0637377 0.691945 -0.00199446 -1.29193e-17 4.78644 0.715339 1.31655 7.29039 -0.979563 -1.8116e-17 4.82109 0.421791 -0.116045 -2.39977 -0.621996 -2.00958e-17 4.83041 0.765062 2.23879 -3.4557 1.61586 1.23299 -7.60731 7.53374 17.9794 3.43001 3.12433 12.9547 3.2495 -3.26872 -64.8902 36.8978 -10.7107 29.2081 0.0598081 0.137039 2.75912 -0.309995 -13.4105 24.234 0.0496219 0.113701 -12.9003 -65.5456 -9.26005 -1.23299 -7.60729 7.53365 -0.892954 2.26833 3.13371 -12.9547 3.2495 -3.26872 80.5146 -10.0441 5.83812 -29.2081 0.0598081 0.137039 -2.63934 -0.282613 12.8181 -24.234 0.0496218 0.113702 -2.16707 -7.10096 -1.59103 9.23673 -4.20556 2.0327 1.17299 -6.01209 -5.63702 -0.852353 -38.7721 -0.655187 -1.36429 5.09275 -0.0282714 -2.32622 -40.4017 -6.04875 -4.96236 8.93338 15.9052 0.779096 -9.8844 12.4959 -3.5183e-16 -8.0691e-16 2.41952e-17 -9.23673 -4.20556 2.0327 -10.0935 -14.033 5.04864 0.852353 -38.7721 -0.655187 4.03432 14.8387 -0.264937 2.32622 -40.4017 -6.04875 4.41428 0.35858 -15.7864 -0.779096 -9.8844 12.4959 -2.52153e-15 -4.87149e-16 -1.26627e-14 
-2.56629 94.2372 86.8118 -3.11596 2.03534 179.105 0 5.07867 -1.15138 -3.62345 2.24769 -1.92864 0 5.61661 1.07143 -2.20824 1.96553 -2.45993 -1.02604e-17 5.98978 0.11501 -1.18407 1.77532 -2.35527 -1.10457e-17 6.50583 -0.443523 -0.110661 1.14661 -2.38986 -1.97295e-17 7.60548 -1.50593 0.445938 0.427545 -2.46333 -2.53307e-17 9.49737 -0.914492 0.563229 -0.525507 -3.11217 -2.90401e-17 10.5513 1.57691 0.0642889 0.662333 -0.0106178 -1.29193e-17 4.78644 0.715339 1.27464 7.06423 -0.634786 -1.8116e-17 4.82109 0.421791 -0.283806 -2.65234 -0.470034 -2.00958e-17 4.83041 0.765062 2.27381 -3.6672 2.18403 1.23299 -7.60731 7.53374 18.8639 3.66397 2.9063 12.9547 3.2495 -3.26872 -64.6529 37.9294 -10.5648 29.2081 0.0598081 0.137039 2.90857 -0.345828 -14.1504 24.234 0.0496219 0.113701 -14.2391 -66.1472 -10.7497 -1.23299 -7.60729 7.53365 -1.21477 2.42213 3.10809 -12.9547 3.2495 -3.26872 80.6121 -9.26067 5.69079 -29.2081 0.0598081 0.137039 -2.6783 -0.291334 13.0103 -24.234 0.0496218 0.113702 -2.04435 -9.07414 -1.97963 9.23673 -4.20556 2.0327 1.32303 -5.50769 -4.4515 -0.852353 -38.7721 -0.655187 -1.45567 5.43292 -0.0258271 -2.32622 -40.4017 -6.04875 -4.86228 7.92852 15.914 0.779096 -9.8844 12.4959 -1.92122e-15 -8.80148e-16 9.74338e-17 -9.23673 -4.20556 2.0327 -9.90452 -14.0566 8.04493 0.852353 -38.7721 -0.655187 4.10954 15.1048 -0.279719 2.32622 -40.4017 -6.04875 5.47961 0.448096 -16.0762 -0.779096 -9.8844 12.4959 5.12789e-16 -6.17611e-16 -1.27932e-14 
-2.37977 94.0334 86.6737 -3.31569 2.60411 178.234 0 5.07867 -1.15138 -3.76508 2.30233 -1.91165 0 5.61661 1.07143 -2.32022 2.03463 -2.46882 -1.02604e-17 5.98978 0.11501 -1.27156 1.86919 -2.37124 -1.10457e-17 6.50583 -0.443523 -0.171488 1.29077 -2.41155 -1.97295e-17 7.60548 -1.50593 0.410268 0.580797 -2.48157 -2.53307e-17 9.49737 -0.914492 0.555258 -0.311055 -3.12175 -2.90401e-17 10.5513 1.57691 0.0623162 0.627135 -0.0151294 -1.29193e-17 4.78644 0.715339 1.25949 6.70263 0.0494906 -1.8116e-17 4.82109 0.421791 -0.412323 -2.85707 -0.161291 -2.00958e-17 4.83041 0.765062 2.26713 -3.89299 2.19431 1.23299 -7.60731 7.53374 18.9641 3.75669 2.73957 12.9547 3.2495 -3.26872 -63.5014 38.7832 -10.7699 29.2081 0.0598081 0.137039 3.00879 -0.371008 -14.648 24.234 0.0496219 0.113701 -15.5401 -66.5873 -12.1872 -1.23299 -7.60729 7.53365 -0.953231 2.55302 3.22407 -12.9547 3.2495 -3.26872 80.0599 -8.7298 6.1349 -29.2081 0.0598081 0.137039 -2.57669 -0.268875 12.5092 -24.234 0.0496218 0.113702 -1.86544 -10.9782 -2.18784 9.23673 -4.20556 2.0327 1.35099 -4.68445 -3.54355 -0.852353 -38.7721 -0.655187 -1.5062 5.62093 -0.0242415 -2.32622 -40.4017 -6.04875 -4.85245 7.0386 15.9618 0.779096 -9.8844 12.4959 -8.01627e-16 -8.33716e-16 5.10019e-17 -9.23673 -4.20556 2.0327 -9.67386 -13.7511 10.5643 0.852353 -38.7721 -0.655187 4.08382 15.0138 -0.274626 2.32622 -40.4017 -6.04875 5.35103 1.07818 -16.1203 -0.779096 -9.8844 12.4959 -5.65017e-16 -5.60714e-16 -1.27484e-14 
-2.17962 93.8428 86.3999 -3.56336 3.23704 177.608 0 5.07867 -1.15138 -3.7366 2.02681 -1.93553 0 5.61661 1.07143 -2.28478 1.89875 -2.47371 -1.02604e-17 5.98978 0.11501 -1.24584 1.88128 -2.36592 -1.10457e-17 6.50583 -0.443523 -0.155784 1.54605 -2.40301 -1.97295e-17 7.60548 -1.50593 0.41094 0.950013 -2.47971 -2.53307e-17 9.49737 -0.914492 0.541009 0.119244 -3.11841 -2.90401e-17 10.5513 1.57691 0.0692568 0.583458 -0.0049962 -1.29193e-17 4.78644 0.715339 1.11817 6.89009 1.07452 -1.8116e-17 4.82109 0.421791 -0.665879 -3.00168 0.291917 -2.00958e-17 4.83041 0.765062 1.78806 -4.59278 1.3357 1.23299 -7.60731 7.53374 19.5648 3.51895 3.0913 12.9547 3.2495 -3.26872 -65.4598 40.2853 -12.1668 29.2081 0.0598081 0.137039 3.19159 -0.419325 -15.5582 24.234 0.0496219 0.113701 -8.83601 -66.5367 -6.19539 -1.23299 -7.60729 7.53365 -1.01725 2.27869 2.97243 -12.9547 3.2495 -3.26872 79.6417 -9.06598 6.44181 -29.2081 0.0598081 0.137039 -2.48596 -0.249605 12.0625 -24.234 0.0496218 0.113702 -1.83764 -11.6438 -2.62218 9.23673 -4.20556 2.0327 1.30058 -3.83485 -2.7676 -0.852353 -38.7721 -0.655187 -1.58596 5.91752 -0.0214003 -2.32622 -40.4017 -6.04875 -4.7372 6.25368 15.9632 0.779096 -9.8844 12.4959 3.91081e-16 -7.8402e-16 1.3057e-18 -9.23673 -4.20556 2.0327 -9.57363 -12.9622 12.1248 0.852353 -38.7721 -0.655187 3.83943 14.1465 -0.22826 2.32622 -40.4017 -6.04875 5.46381 1.74571 -16.1902 -0.779096 -9.8844 12.4959 1.72639e-15 -6.6796e-16 -1.28438e-14 
-1.95804 93.6602 85.9938 -3.86623 3.86215 177.186 0 5.07867 -1.15138 -3.76443 2.04652 -1.9084 0 5.61661 1.07143 -2.31978 1.91028 -2.4571 -1.02604e-17 5.98978 0.11501 -1.28544 1.91263 -2.35463 -1.10457e-17 6.50583 -0.443523 -0.198533 1.60585 -2.39313 -1.97295e-17 7.60548 -1.50593 0.367885 1.00029 -2.46415 -2.53307e-17 9.49737 -0.914492 0.512549 0.219155 -3.07379 -2.90401e-17 10.5513 1.57691 0.0575679 0.570962 -0.012242 -1.29193e-17 4.78644 0.715339 1.13159 6.87176 0.995023 -1.8116e-17 4.82109 0.421791 -0.824334 -3.06922 0.261366 -2.00958e-17 4.83041 0.765062 1.60424 -4.59278 1.73993 1.23299 -7.60731 7.53374 19.2547 3.41866 2.95075 12.9547 3.2495 -3.26872 -64.5038 40.184 -11.9262 29.2081 0.0598081 0.137039 3.19381 -0.419931 -15.5693 24.234 0.0496219 0.113701 -11.4642 -65.318 -8.51203 -1.23299 -7.60729 7.53365 -1.20737 2.378 2.94527 -12.9547 3.2495 -3.26872 79.291 -7.47429 6.09548 -29.2081 0.0598081 0.137039 -2.37475 -0.226993 11.5159 -24.234 0.0496218 0.113702 -2.08445 -14.5351 -2.67835 9.23673 -4.20556 2.0327 1.19085 -2.87358 -2.12276 -0.852353 -38.7721 -0.655187 -1.6278 6.07301 -0.0197441 -2.32622 -40.4017 -6.04875 -4.84556 5.45418 16.0098 0.779096 -9.8844 12.4959 1.97091e-15 -7.10129e-16 -7.25857e-17 -9.23673 -4.20556 2.0327 -9.64281 -11.7353 12.5153 0.852353 -38.7721 -0.655187 3.33553 12.3396 -0.144379 2.32622 -40.4017 -6.04875 5.85453 2.19556 -16.2763 -0.779096 -9.8844 12.4959 1.01481e-15 -6.34605e-16 -1.28102e-14 
-1.69642 93.4915 85.4722 -4.18669 4.63685 176.866 0 5.07867 -1.15138 -3.81477 2.09734 -1.87887 0 5.61661 1.07143 -2.36808 1.95101 -2.43519 -1.02604e-17 5.98978 0.11501 -1.33064 1.98385 -2.33116 -1.10457e-17 6.50583 -0.443523 -0.244773 1.72169 -2.36494 -1.97295e-17 7.60548 -1.50593 0.329722 1.09395 -2.43453 -2.53307e-17 9.49737 -0.914492 0.504099 0.373681 -3.02938 -2.90401e-17 10.5513 1.57691 0.0598665 0.566249 -0.0102066 -1.29193e-17 4.78644 0.715339 1.13603 6.95837 1.40253 -1.8116e-17 4.82109 0.421791 -0.763075 -3.1819 0.4532 -2.00958e-17 4.83041 0.765062 1.11227 -4.71714 1.31131 1.23299 -7.60731 7.53374 18.3101 3.27309 2.88494 12.9547 3.2495 -3.26872 -64.1272 40.6817 -11.9994 29.2081 0.0598081 0.137039 3.22473 -0.428419 -15.7236 24.234 0.0496219 0.113701 -10.4947 -64.5206 -8.07818 -1.23299 -7.60729 7.53365 -0.932594 2.44387 3.01001 -12.9547 3.2495 -3.26872 78.5931 -7.58848 5.97079 -29.2081 0.0598081 0.137039 -2.24167 -0.20138 10.8631 -24.234 0.0496218 0.113702 -1.94192 -15.6998 -2.74034 9.23673 -4.20556 2.0327 1.01154 -1.65569 -1.66768 -0.852353 -38.7721 -0.655187 -1.63942 6.11618 -0.019264 -2.32622 -40.4017 -6.04875 -4.96509 4.76722 16.0829 0.779096 -9.8844 12.4959 7.70763e-17 -7.92854e-16 1.01391e-17 -9.23673 -4.20556 2.0327 -9.89625 -10.6055 11.8789 0.852353 -38.7721 -0.655187 2.99563 11.1081 -0.0968183 2.32622 -40.4017 -6.04875 5.87459 2.78983 -16.1963 -0.779096 -9.8844 12.4959 9.93923e-16 -6.33626e-16 -1.28092e-14 
-1.35341 93.2852 84.9028 -4.40121 5.04917 176.51 0 5.07867 -1.15138 -3.78284 2.08529 -1.75615 0 5.61661 1.07143 -2.37829 1.93028 -2.31335 -1.02604e-17 5.98978 0.11501 -1.36702 2.00526 -2.22619 -1.10457e-17 6.50583 -0.443523 -0.301618 1.79804 -2.26795 -1.97295e-17 7.60548 -1.50593 0.274046 1.2054 -2.32647 -2.53307e-17 9.49737 -0.914492 0.478609 0.587284 -2.87988 -2.90401e-17 10.5513 1.57691 0.0525495 0.543075 -0.0216193 -1.29193e-17 4.78644 0.715339 1.13146 7.27446 0.735427 -1.8116e-17 4.82109 0.421791 -1.13386 -3.52969 0.141594 -2.00958e-17 4.83041 0.765062 1.33892 -4.96801 1.94467 1.23299 -7.60731 7.53374 18.1085 3.18795 2.54984 12.9547 3.2495 -3.26872 -60.6191 41.148 -11.0913 29.2081 0.0598081 0.137039 3.25275 -0.436189 -15.8636 24.234 0.0496219 0.113701 -20.044 -64.359 -16.7407 -1.23299 -7.60729 7.53365 -1.05871 2.51239 2.99175 -12.9547 3.2495 -3.26872 78.2321 -5.54229 5.62395 -29.2081 0.0598081 0.137039 -2.116 -0.178633 10.2478 -24.234 0.0496218 0.113702 -2.18909 -19.1479 -2.70066 9.23673 -4.20556 2.0327 1.05358 -0.871998 -1.15774 -0.852353 -38.7721 -0.655187 -1.71329 6.39052 -0.016006 -2.32622 -40.4017 -6.04875 -5.06466 3.77545 16.1287 0.779096 -9.8844 12.4959 -1.52365e-15 -8.67724e-16 8.50097e-17 -9.23673 -4.20556 2.0327 -10.0992 -10.1518 11.083 0.852353 -38.7721 -0.655187 2.84436 10.5571 -0.0780107 2.32622 -40.4017 -6.04875 6.1503 2.41103 -16.1632 -0.779096 -9.8844 12.4959 2.15529e-15 -6.82017e-16 -1.28576e-14 
-0.874267 93.018 84.2856 -4.53814 5.03793 176.127 0 5.07867 -1.15138 -3.79117 1.95651 -1.74761 0 5.61661 1.07143 -2.38375 1.84813 -2.31635 -1.02604e-17 5.98978 0.11501 -1.37541 1.96146 -2.23867 -1.10457e-17 6.50583 -0.443523 -0.314691 1.83159 -2.28708 -1.97295e-17 7.60548 -1.50593 0.250876 1.27632 -2.34726 -2.53307e-17 9.49737 -0.914492 0.442733 0.712417 -2.88904 -2.90401e-17 10.5513 1.57691 0.057212 0.524632 -0.0175325 -1.29193e-17 4.78644 0.715339 1.05495 7.07938 1.45425 -1.8116e-17 4.82109 0.421791 -1.20524 -3.524 0.450978 -2.00958e-17 4.83041 0.765062 1.10805 -4.99711 1.34884 1.23299 -7.60731 7.53374 17.6977 3.28638 2.47811 12.9547 3.2495 -3.26872 -60.2278 43.1253 -9.90514 29.2081 0.0598081 0.137039 3.59964 -0.538524 -17.6041 24.234 0.0496219 0.113701 -20.0646 -65.7663 -17.604 -1.23299 -7.60729 7.53365 -0.690544 2.70491 3.23153 -12.9547 3.2495 -3.26872 77.5442 -5.64371 5.52671 -29.2081 0.0598081 0.137039 -2.07625 -0.171728 10.0535 -24.234 0.0496218 0.113702 -1.78845 -19.8456 -2.88825 9.23673 -4.20556 2.0327 1.24749 -0.523094 -0.749642 -0.852353 -38.7721 -0.655187 -1.82112 6.7906 -0.0106129 -2.32622 -40.4017 -6.04875 -4.84397 2.50391 16.1145 0.779096 -9.8844 12.4959 -1.69345e-17 -7.97097e-16 1.43826e-17 -9.23673 -4.20556 2.0327 -10.0654 -10.5133 10.9986 0.852353 -38.7721 -0.655187 2.87276 10.6606 -0.08143 2.32622 -40.4017 -6.04875 5.43837 1.72893 -15.9262 -0.779096 -9.8844 12.4959 1.79951e-15 -6.71225e-16 -1.28468e-14 
-0.170109 92.8468 83.6995 -4.4794 4.9338 175.688 0 5.07867 -1.15138 -3.75888 1.96818 -1.66264 0 5.61661 1.07143 -2.40838 1.83708 -2.24153 -1.02604e-17 5.98978 0.11501 -1.44577 1.91055 -2.19578 -1.10457e-17 6.50583 -0.443523 -0.413224 1.76922 -2.26519 -1.97295e-17 7.60548 -1.50593 0.122646 1.20864 -2.31412 -2.53307e-17 9.49737 -0.914492 0.300733 0.607785 -2.7696 -2.90401e-17 10.5513 1.57691 0.041576 0.473532 -0.0593528 -1.29193e-17 4.78644 0.715339 1.08762 6.97761 1.26286 -1.8116e-17 4.82109 0.421791 -1.3284 -3.27665 0.368619 -2.00958e-17 4.83041 0.765062 1.64105 -5.01229 1.76841 1.23299 -7.60731 7.53374 17.504 3.45944 1.44515 12.9547 3.2495 -3.26872 -58.4127 44.0097 -6.85969 29.2081 0.0598081 0.137039 3.87142 -0.626799 -18.9789 24.234 0.0496219 0.113701 -26.795 -66.1265 -24.4843 -1.23299 -7.60729 7.53365 -3.48587 2.71627 3.103 -12.9547 3.2495 -3.26872 77.3306 1.52566 4.31481 -29.2081 0.0598081 0.137039 -2.16345 -0.187058 10.48 -24.234 0.0496218 0.113702 0.0991872 -28.0362 -3.16758 9.23673 -4.20556 2.0327 1.85695 -0.395865 -0.141641 -0.852353 -38.7721 -0.655187 -1.96417 7.3206 -0.00229212 -2.32622 -40.4017 -6.04875 -4.8609 1.64541 16.1244 0.779096 -9.8844 12.4959 -1.52365e-15 -8.67724e-16 8.50097e-17 -9.23673 -4.20556 2.0327 -9.67146 -11.2393 11.3601 0.852353 -38.7721 -0.655187 2.96623 11.0011 -0.0930488 2.32622 -40.4017 -6.04875 5.00035 1.27529 -15.832 -0.779096 -9.8844 12.4959 1.40194e-15 -6.46703e-16 -1.28344e-14 
0.62482 92.7727 83.2693 -4.1524 5.26212 175.116 0 5.07867 -1.15138 -3.51922 2.3719 -1.55767 0 5.61661 1.07143 -2.27275 2.08981 -2.09867 -1.02604e-17 5.98978 0.11501 -1.41785 1.99492 -2.08043 -1.10457e-17 6.50583 -0.443523 -0.462872 1.69271 -2.17185 -1.97295e-17 7.60548 -1.50593 0.00328228 0.976795 -2.23223 -2.53307e-17 9.49737 -0.914492 0.146213 0.106214 -2.56798 -2.90401e-17 10.5513 1.57691 0.0453961 0.394862 -0.120949 -1.29193e-17 4.78644 0.715339 1.22287 8.01992 1.58229 -1.8116e-17 4.82109 0.421791 -0.730717 -3.11804 0.541346 -2.00958e-17 4.83041 0.765062 1.06264 -5.84733 1.1609 1.23299 -7.60731 7.53374 17.8428 3.64321 -0.0528059 12.9547 3.2495 -3.26872 -59.2527 45.79 -3.52794 29.2081 0.0598081 0.137039 4.20185 -0.743964 -20.665 24.234 0.0496219 0.113701 -29.3057 -67.1387 -28.1228 -1.23299 -7.60729 7.53365 -9.66453 2.38684 2.51309 -12.9547 3.2495 -3.26872 77.3943 11.6827 2.54734 -29.2081 0.0598081 0.137039 -2.29792 -0.212019 11.1389 -24.234 0.0496218 0.113702 5.38014 -39.2444 -1.55205 9.23673 -4.20556 2.0327 2.72795 0.0870184 0.580144 -0.852353 -38.7721 -0.655187 -2.10381 7.83703 0.00711078 -2.32622 -40.4017 -6.04875 -4.91762 1.22489 16.1829 0.779096 -9.8844 12.4959 3.70189e-16 -7.85e-16 2.28498e-18 -9.23673 -4.20556 2.0327 -8.77219 -11.6676 12.2342 0.852353 -38.7721 -0.655187 3.04593 11.2909 -0.103395 2.32622 -40.4017 -6.04875 4.27917 2.84959 -15.6832 -0.779096 -9.8844 12.4959 2.93999e-15 -7.18636e-16 -1.28945e-14 
1.30151 92.8621 82.8192 -3.73608 6.21381 174.512 0 5.07867 -1.15138 -3.11032 2.48642 -1.36798 0 5.61661 1.07143 -2.01173 2.20339 -1.81303 -1.02604e-17 5.98978 0.11501 -1.30033 2.17519 -1.80958 -1.10457e-17 6.50583 -0.443523 -0.463988 2.02477 -1.91018 -1.97295e-17 7.60548 -1.50593 -0.0711451 1.35864 -1.98716 -2.53307e-17 9.49737 -0.914492 0.0605354 0.417517 -2.21624 -2.90401e-17 10.5513 1.57691 0.0578575 0.277053 -0.161435 -1.29193e-17 4.78644 0.715339 1.26939 9.86517 0.794266 -1.8116e-17 4.82109 0.421791 -0.547213 -3.66677 0.203925 -2.00958e-17 4.83041 0.765062 0.732473 -7.72792 1.24108 1.23299 -7.60731 7.53374 18.3791 3.21646 -1.27269 12.9547 3.2495 -3.26872 -59.3191 47.24 -3.21982 29.2081 0.0598081 0.137039 4.37292 -0.808967 -21.5449 24.234 0.0496219 0.113701 -30.4852 -67.7567 -29.5564 -1.23299 -7.60729 7.53365 -14.8413 1.6726 1.64211 -12.9547 3.2495 -3.26872 77.8409 20.292 1.73122 -29.2081 0.0598081 0.137039 -2.29469 -0.211402 11.123 -24.234 0.0496218 0.113702 10.5795 -48.902 2.20215 9.23673 -4.20556 2.0327 3.59022 1.08261 1.22786 -0.852353 -38.7721 -0.655187 -2.25797 8.40598 0.0189575 -2.32622 -40.4017 -6.04875 -5.25443 1.81117 16.2834 0.779096 -9.8844 12.4959 -1.12608e-15 -8.43203e-16 6.04881e-17 -9.23673 -4.20556 2.0327 -7.89818 -11.4108 13.1558 0.852353 -38.7721 -0.655187 3.14773 11.6604 -0.117196 2.32622 -40.4017 -6.04875 4.05271 4.41877 -15.6238 -0.779096 -9.8844 12.4959 6.59028e-16 -6.23813e-16 -1.27994e-14 
1.86102 92.9584 82.2963 -3.54135 7.08783 174.007 0 5.07867 -1.15138 -2.8235 2.62998 -1.20449 0 5.61661 1.07143 -1.82622 2.33962 -1.59002 -1.02604e-17 5.98978 0.11501 -1.20906 2.36853 -1.59749 -1.10457e-17 6.50583 -0.443523 -0.460342 2.3041 -1.69998 -1.97295e-17 7.60548 -1.50593 -0.109073 1.66892 -1.78993 -2.53307e-17 9.49737 -0.914492 0.0270819 0.751724 -1.95099 -2.90401e-17 10.5513 1.57691 0.0539255 0.214274 -0.175278 -1.29193e-17 4.78644 0.715339 1.35813 10.8614 -0.208819 -1.8116e-17 4.82109 0.421791 -0.353327 -4.16732 -0.23353 -2.00958e-17 4.83041 0.765062 0.521864 -8.92932 1.76063 1.23299 -7.60731 7.53374 18.0323 2.83156 -1.99115 12.9547 3.2495 -3.26872 -59.2024 47.8711 -2.84413 29.2081 0.0598081 0.137039 4.54001 -0.875383 -22.4091 24.234 0.0496219 0.113701 -29.5744 -67.4216 -28.6627 -1.23299 -7.60729 7.53365 -17.4072 1.41947 1.29667 -12.9547 3.2495 -3.26872 78.1656 26.0014 1.5478 -29.2081 0.0598081 0.137039 -2.15756 -0.186008 10.4511 -24.234 0.0496218 0.113702 14.801 -55.2803 7.08137 9.23673 -4.20556 2.0327 4.1397 2.01959 1.68323 -0.852353 -38.7721 -0.655187 -2.40268 8.93887 0.0314758 -2.32622 -40.4017 -6.04875 -5.48419 2.57783 16.3506 0.779096 -9.8844 12.4959 7.67759e-16 -7.60152e-16 -2.25631e-17 -9.23673 -4.20556 2.0327 -7.36154 -10.674 13.7565 0.852353 -38.7721 -0.655187 3.15178 11.675 -0.117759 2.32622 -40.4017 -6.04875 4.01588 5.15361 -15.6033 -0.779096 -9.8844 12.4959 -1.72639e-15 -5.12324e-16 -1.27e-14 
2.34324 92.8965 81.8001 -3.60574 7.65098 173.936 0 5.07867 -1.15138 -2.7388 2.63402 -1.08369 0 5.61661 1.07143 -1.79054 2.36545 -1.4344 -1.02604e-17 5.98978 0.11501 -1.20881 2.45744 -1.44071 -1.10457e-17 6.50583 -0.443523 -0.493476 2.46994 -1.54184 -1.97295e-17 7.60548 -1.50593 -0.141685 1.89784 -1.63158 -2.53307e-17 9.49737 -0.914492 0.0225743 1.02595 -1.77187 -2.90401e-17 10.5513 1.57691 0.0538947 0.181052 -0.177001 -1.29193e-17 4.78644 0.715339 1.41529 11.2974 -1.08294 -1.8116e-17 4.82109 0.421791 -0.153174 -4.42872 -0.621681 -2.00958e-17 4.83041 0.765062 0.599444 -9.50588 2.04192 1.23299 -7.60731 7.53374 18.0239 2.66945 -2.34978 12.9547 3.2495 -3.26872 -59.3359 48.2991 -2.7351 29.2081 0.0598081 0.137039 4.6208 -0.908552 -22.8289 24.234 0.0496219 0.113701 -28.4549 -66.4108 -27.3224 -1.23299 -7.60729 7.53365 -18.4254 1.28668 1.13047 -12.9547 3.2495 -3.26872 78.5117 29.3148 1.50962 -29.2081 0.0598081 0.137039 -2.14678 -0.184082 10.3984 -24.234 0.0496218 0.113702 16.7722 -59.1528 9.68421 9.23673 -4.20556 2.0327 4.45058 2.43032 1.918 -0.852353 -38.7721 -0.655187 -2.63721 9.79976 0.0546276 -2.32622 -40.4017 -6.04875 -5.559 2.69595 16.3888 0.779096 -9.8844 12.4959 4.57486e-17 -7.94159e-16 1.14443e-17 -9.23673 -4.20556 2.0327 -7.1841 -9.95021 13.7313 0.852353 -38.7721 -0.655187 3.18815 11.8068 -0.122858 2.32622 -40.4017 -6.04875 3.46403 4.6346 -15.4991 -0.779096 -9.8844 12.4959 1.46533e-16 -5.94068e-16 -1.277e-14 
2.71464 92.607 81.3691 -3.79192 7.53974 174.168 0 5.07867 -1.15138 -2.66313 2.72798 -1.05438 0 5.61661 1.07143 -1.74601 2.41582 -1.38866 -1.02604e-17 5.98978 0.11501 -1.18874 2.45708 -1.39704 -1.10457e-17 6.50583 -0.443523 -0.497782 2.3958 -1.50166 -1.97295e-17 7.60548 -1.50593 -0.162481 1.80324 -1.59215 -2.53307e-17 9.49737 -0.914492 -0.0125639 0.897413 -1.72007 -2.90401e-17 10.5513 1.57691 0.0482387 0.182858 -0.175832 -1.29193e-17 4.78644 0.715339 1.41671 11.046 -1.68469 -1.8116e-17 4.82109 0.421791 -0.179138 -4.42637 -0.898163 -2.00958e-17 4.83041 0.765062 0.833013 -9.42448 2.22006 1.23299 -7.60731 7.53374 17.9292 2.88359 -2.60005 12.9547 3.2495 -3.26872 -60.3684 48.7498 -1.39652 29.2081 0.0598081 0.137039 4.75336 -0.964477 -23.5202 24.234 0.0496219 0.113701 -27.4249 -65.4031 -26.4487 -1.23299 -7.60729 7.53365 -18.9065 1.44661 1.14587 -12.9547 3.2495 -3.26872 78.7317 31.4123 1.02234 -29.2081 0.0598081 0.137039 -2.26516 -0.205793 10.9782 -24.234 0.0496218 0.113702 18.0347 -61.3036 11.5904 9.23673 -4.20556 2.0327 4.75072 1.82906 2.03336 -0.852353 -38.7721 -0.655187 -3.05257 11.3151 0.104275 -2.32622 -40.4017 -6.04875 -5.30196 1.74223 16.3315 0.779096 -9.8844 12.4959 4.11967e-16 -7.83041e-16 3.26574e-19 -9.23673 -4.20556 2.0327 -7.1392 -9.93034 13.5251 0.852353 -38.7721 -0.655187 3.32007 12.2838 -0.142057 2.32622 -40.4017 -6.04875 2.75678 2.94141 -15.4187 -0.779096 -9.8844 12.4959 -1.34969e-15 -5.35867e-16 -1.27114e-14 
3.00933 92.2039 81.0155 -4.036 6.79976 174.715 0 5.07867 -1.15138 -2.67243 2.88726 -1.07545 0 5.61661 1.07143 -1.75359 2.45807 -1.40781 -1.02604e-17 5.98978 0.11501 -1.19141 2.33318 -1.42269 -1.10457e-17 6.50583 -0.443523 -0.495028 2.02197 -1.53755 -1.97295e-17 7.60548 -1.50593 -0.162088 1.34538 -1.6259 -2.53307e-17 9.49737 -0.914492 -0.034966 0.301373 -1.76858 -2.90401e-17 10.5513 1.57691 0.040381 0.216537 -0.181252 -1.29193e-17 4.78644 0.715339 1.50631 11.0044 -2.49336 -1.8116e-17 4.82109 0.421791 -0.264345 -4.23375 -1.27765 -2.00958e-17 4.83041 0.765062 1.22773 -9.14138 2.82776 1.23299 -7.60731 7.53374 19.0408 3.35728 -2.5889 12.9547 3.2495 -3.26872 -61.0496 49.2468 0.932785 29.2081 0.0598081 0.137039 4.82125 -0.993852 -23.8756 24.234 0.0496219 0.113701 -32.0552 -63.6426 -30.5436 -1.23299 -7.60729 7.53365 -19.405 1.79112 1.06219 -12.9547 3.2495 -3.26872 81.1584 32.007 -0.315469 -29.2081 0.0598081 0.137039 -2.41368 -0.234787 11.7071 -24.234 0.0496218 0.113702 16.046 -61.1237 11.1322 9.23673 -4.20556 2.0327 5.10869 0.153322 1.8273 -0.852353 -38.7721 -0.655187 -3.65696 13.495 0.196054 -2.32622 -40.4017 -6.04875 -4.85435 0.286332 16.2321 0.779096 -9.8844 12.4959 3.52985e-17 -7.94812e-16 1.20975e-17 -9.23673 -4.20556 2.0327 -7.17972 -10.6443 13.0916 0.852353 -38.7721 -0.655187 3.53786 13.068 -0.176152 2.32622 -40.4017 -6.04875 2.06019 0.704216 -15.3802 -0.779096 -9.8844 12.4959 5.44102e-16 -6.18916e-16 -1.27945e-14 
3.28453 91.8394 80.7103 -4.26678 5.83406 175.424 0 5.07867 -1.15138 -2.636 2.97102 -1.19559 0 5.61661 1.07143 -1.69289 2.47924 -1.52536 -1.02604e-17 5.98978 0.11501 -1.13213 2.22293 -1.5468 -1.10457e-17 6.50583 -0.443523 -0.430224 1.7421 -1.67587 -1.97295e-17 7.60548 -1.50593 -0.135022 1.01892 -1.77091 -2.53307e-17 9.49737 -0.914492 -0.0870253 -0.197649 -1.92576 -2.90401e-17 10.5513 1.57691 0.0452094 0.230009 -0.181938 -1.29193e-17 4.78644 0.715339 1.38505 10.3395 -2.21841 -1.8116e-17 4.82109 0.421791 -0.250245 -3.96211 -1.18018 -2.00958e-17 4.83041 0.765062 1.20308 -8.80498 2.30836 1.23299 -7.60731 7.53374 20.4718 3.89002 -2.45657 12.9547 3.2495 -3.26872 -64.7657 50.8143 3.00642 29.2081 0.0598081 0.137039 5.16823 -1.15191 -25.707 24.234 0.0496219 0.113701 -29.2347 -64.6298 -28.2056 -1.23299 -7.60729 7.53365 -20.2609 2.01033 1.10374 -12.9547 3.2495 -3.26872 81.6889 31.2442 -0.649287 -29.2081 0.0598081 0.137039 -2.69408 -0.29491 13.0883 -24.234 0.0496218 0.113702 15.1916 -59.7519 9.83038 9.23673 -4.20556 2.0327 5.52831 -2.08174 1.36641 -0.852353 -38.7721 -0.655187 -4.37821 16.0501 0.335344 -2.32622 -40.4017 -6.04875 -4.858 -0.924601 16.2675 0.779096 -9.8844 12.4959 -3.62271e-16 -8.07236e-16 2.45215e-17 -9.23673 -4.20556 2.0327 -7.2462 -11.712 12.4531 0.852353 -38.7721 -0.655187 3.80131 14.0106 -0.22136 2.32622 -40.4017 -6.04875 1.66308 -1.32662 -15.3989 -0.779096 -9.8844 12.4959 -5.65003e-16 -5.60715e-16 -1.27484e-14 
3.5641 91.6909 80.5069 -4.6835 5.55251 175.991 0 5.07867 -1.15138 -2.75527 3.02744 -1.26947 0 5.61661 1.07143 -1.77424 2.51599 -1.61763 -1.02604e-17 5.98978 0.11501 -1.1803 2.21589 -1.64326 -1.10457e-17 6.50583 -0.443523 -0.4365 1.67419 -1.78086 -1.97295e-17 7.60548 -1.50593 -0.13054 0.969158 -1.87001 -2.53307e-17 9.49737 -0.914492 -0.0978253 -0.297957 -2.04598 -2.90401e-17 10.5513 1.57691 0.0406751 0.217934 -0.189361 -1.29193e-17 4.78644 0.715339 1.39208 9.81746 -2.65493 -1.8116e-17 4.82109 0.421791 -0.28036 -3.8043 -1.38342 -2.00958e-17 4.83041 0.765062 1.48903 -8.79522 2.88647 1.23299 -7.60731 7.53374 21.1911 4.23021 -2.526 12.9547 3.2495 -3.26872 -65.8165 50.5452 4.31245 29.2081 0.0598081 0.137039 5.20854 -1.17115 -25.9214 24.234 0.0496219 0.113701 -31.5932 -64.2389 -29.8124 -1.23299 -7.60729 7.53365 -20.4542 2.03551 1.17712 -12.9547 3.2495 -3.26872 81.8479 31.783 -0.358775 -29.2081 0.0598081 0.137039 -2.91592 -0.347519 14.1861 -24.234 0.0496218 0.113702 13.7621 -59.6339 8.42962 9.23673 -4.20556 2.0327 5.60724 -3.66328 0.493151 -0.852353 -38.7721 -0.655187 -5.00408 18.2201 0.481822 -2.32622 -40.4017 -6.04875 -5.3923 -0.860934 16.4485 0.779096 -9.8844 12.4959 -3.72721e-16 -8.07563e-16 2.48481e-17 -9.23673 -4.20556 2.0327 -7.49373 -12.21 12.142 0.852353 -38.7721 -0.655187 4.03738 14.8495 -0.265532 2.32622 -40.4017 -6.04875 1.27887 -2.38957 -15.4146 -0.779096 -9.8844 12.4959 -5.96354e-16 -5.59082e-16 -1.27471e-14 
3.79678 91.7322 80.4293 -5.38652 5.79253 176.35 0 5.07867 -1.15138 -2.94054 3.32184 -1.30553 0 5.61661 1.07143 -1.91045 2.72402 -1.68662 -1.02604e-17 5.98978 0.11501 -1.27137 2.33028 -1.7175 -1.10457e-17 6.50583 -0.443523 -0.477222 1.62879 -1.86489 -1.97295e-17 7.60548 -1.50593 -0.143761 0.865367 -1.94642 -2.53307e-17 9.49737 -0.914492 -0.103657 -0.499988 -2.14361 -2.90401e-17 10.5513 1.57691 0.0404411 0.227937 -0.205384 -1.29193e-17 4.78644 0.715339 1.42363 9.8611 -2.65658 -1.8116e-17 4.82109 0.421791 -0.118372 -4.04295 -1.39481 -2.00958e-17 4.83041 0.765062 1.36035 -8.97818 2.9407 1.23299 -7.60731 7.53374 22.1302 4.5519 -2.27367 12.9547 3.2495 -3.26872 -67.709 51.089 5.48623 29.2081 0.0598081 0.137039 5.24078 -1.18666 -26.0932 24.234 0.0496219 0.113701 -33.5739 -64.7714 -31.3432 -1.23299 -7.60729 7.53365 -20.9798 1.98694 0.938921 -12.9547 3.2495 -3.26872 82.6843 31.3993 0.268469 -29.2081 0.0598081 0.137039 -3.01554 -0.372612 14.6807 -24.234 0.0496218 0.113702 11.794 -57.9925 6.57296 9.23673 -4.20556 2.0327 5.1719 -4.56385 -0.457969 -0.852353 -38.7721 -0.655187 -5.45188 19.7425 0.600841 -2.32622 -40.4017 -6.04875 -6.02048 0.421461 16.6765 0.779096 -9.8844 12.4959 4.01517e-16 -7.83368e-16 6.53149e-19 -9.23673 -4.20556 2.0327 -8.03866 -12.0728 12.1518 0.852353 -38.7721 -0.655187 4.14758 15.2391 -0.287327 2.32622 -40.4017 -6.04875 1.25512 -2.82059 -15.4538 -0.779096 -9.8844 12.4959 -5.96354e-16 -5.59082e-16 -1.27471e-14 
3.9421 91.8341 80.3541 -6.1327 5.96679 176.7 0 5.07867 -1.15138 -3.10794 3.46102 -1.32909 0 5.61661 1.07143 -2.03447 2.8392 -1.72097 -1.02604e-17 5.98978 0.11501 -1.36228 2.42287 -1.75232 -1.10457e-17 6.50583 -0.443523 -0.517521 1.69005 -1.91063 -1.97295e-17 7.60548 -1.50593 -0.159694 0.941472 -1.98472 -2.53307e-17 9.49737 -0.914492 -0.110695 -0.525742 -2.20222 -2.90401e-17 10.5513 1.57691 0.0531226 0.197402 -0.223441 -1.29193e-17 4.78644 0.715339 1.38463 10.0548 -2.47698 -1.8116e-17 4.82109 0.421791 -0.0760132 -4.2256 -1.33197 -2.00958e-17 4.83041 0.765062 1.34957 -9.61025 2.57084 1.23299 -7.60731 7.53374 24.1642 4.77329 -2.10066 12.9547 3.2495 -3.26872 -70.8556 52.0601 6.2547 29.2081 0.0598081 0.137039 5.23958 -1.18608 -26.0868 24.234 0.0496219 0.113701 -35.6294 -65.9041 -33.2371 -1.23299 -7.60729 7.53365 -22.2022 1.76607 0.674952 -12.9547 3.2495 -3.26872 82.9674 31.2256 1.34724 -29.2081 0.0598081 0.137039 -3.08111 -0.389628 15.0068 -24.234 0.0496218 0.113702 11.4805 -56.8856 5.57949 9.23673 -4.20556 2.0327 4.54006 -5.36078 -1.49608 -0.852353 -38.7721 -0.655187 -5.80662 20.9295 0.703344 -2.32622 -40.4017 -6.04875 -6.91747 1.86843 17.0138 0.779096 -9.8844 12.4959 2.35801e-15 -6.98032e-16 -8.46823e-17 -9.23673 -4.20556 2.0327 -8.70587 -11.8703 12.1324 0.852353 -38.7721 -0.655187 4.21647 15.4819 -0.301328 2.32622 -40.4017 -6.04875 1.41934 -3.14828 -15.5031 -0.779096 -9.8844 12.4959 -5.96354e-16 -5.59082e-16 -1.27471e-14 
3.98941 91.9098 80.2087 -6.73213 5.99833 177.218 0 5.07867 -1.15138 -3.29187 3.62731 -1.37867 0 5.61661 1.07143 -2.16707 2.95349 -1.80219 -1.02604e-17 5.98978 0.11501 -1.44941 2.49011 -1.84089 -1.10457e-17 6.50583 -0.443523 -0.548771 1.67683 -2.00677 -1.97295e-17 7.60548 -1.50593 -0.16403 0.92069 -2.07523 -2.53307e-17 9.49737 -0.914492 -0.111437 -0.610096 -2.31665 -2.90401e-17 10.5513 1.57691 0.053307 0.188197 -0.238506 -1.29193e-17 4.78644 0.715339 1.42166 9.99358 -2.71232 -1.8116e-17 4.82109 0.421791 -0.0577846 -4.40638 -1.45039 -2.00958e-17 4.83041 0.765062 1.573 -9.78862 2.97195 1.23299 -7.60731 7.53374 25.1278 5.05221 -2.06506 12.9547 3.2495 -3.26872 -73.1961 52.2862 7.97023 29.2081 0.0598081 0.137039 5.23783 -1.18523 -26.0774 24.234 0.0496219 0.113701 -38.4688 -66.5189 -35.7861 -1.23299 -7.60729 7.53365 -22.638 1.69595 0.672486 -12.9547 3.2495 -3.26872 83.3724 31.0818 2.02668 -29.2081 0.0598081 0.137039 -3.11878 -0.399586 15.1944 -24.234 0.0496218 0.113702 10.8344 -55.6951 4.98168 9.23673 -4.20556 2.0327 3.7813 -6.06695 -3.30215 -0.852353 -38.7721 -0.655187 -6.07328 21.8103 0.785088 -2.32622 -40.4017 -6.04875 -7.36035 2.85476 17.2664 0.779096 -9.8844 12.4959 -3.78364e-15 -9.61891e-16 1.79176e-16 -9.23673 -4.20556 2.0327 -9.29286 -11.4481 11.9219 0.852353 -38.7721 -0.655187 4.17844 15.3479 -0.293563 2.32622 -40.4017 -6.04875 1.52561 -3.67118 -15.5446 -0.779096 -9.8844 12.4959 -5.96354e-16 -5.59082e-16 -1.27471e-14 
3.92383 91.9056 80.0178 -7.31344 5.87657 177.937 0 5.07867 -1.15138 -3.41872 3.60149 -1.43495 0 5.61661 1.07143 -2.25258 2.94144 -1.87083 -1.02604e-17 5.98978 0.11501 -1.50313 2.48929 -1.90615 -1.10457e-17 6.50583 -0.443523 -0.558175 1.69849 -2.07408 -1.97295e-17 7.60548 -1.50593 -0.156362 0.991988 -2.13995 -2.53307e-17 9.49737 -0.914492 -0.107356 -0.606713 -2.40852 -2.90401e-17 10.5513 1.57691 0.0653071 0.17675 -0.24562 -1.29193e-17 4.78644 0.715339 1.40658 10.0949 -2.48863 -1.8116e-17 4.82109 0.421791 0.0959249 -4.4501 -1.36381 -2.00958e-17 4.83041 0.765062 1.3666 -10.1973 2.42136 1.23299 -7.60731 7.53374 26.4066 5.21985 -1.79218 12.9547 3.2495 -3.26872 -76.7588 53.27 8.53234 29.2081 0.0598081 0.137039 5.24958 -1.19092 -26.1401 24.234 0.0496219 0.113701 -37.5788 -68.2416 -34.888 -1.23299 -7.60729 7.53365 -23.4553 1.53622 0.531801 -12.9547 3.2495 -3.26872 83.5409 30.6329 2.69101 -29.2081 0.0598081 0.137039 -3.14165 -0.405695 15.3084 -24.234 0.0496218 0.113702 10.9766 -54.4928 4.65845 9.23673 -4.20556 2.0327 2.85057 -6.88071 -5.57618 -0.852353 -38.7721 -0.655187 -6.35343 22.7245 0.875225 -2.32622 -40.4017 -6.04875 -7.78467 3.33767 17.4973 0.779096 -9.8844 12.4959 -1.62813e-15 -8.72296e-16 8.95809e-17 -9.23673 -4.20556 2.0327 -9.91589 -11.0157 11.4662 0.852353 -38.7721 -0.655187 4.13084 15.18 -0.283967 2.32622 -40.4017 -6.04875 1.25968 -4.49483 -15.5637 -0.779096 -9.8844 12.4959 -5.96354e-16 -5.59082e-16 -1.27471e-14 
3.7388 91.833 79.8133 -7.97353 5.59594 178.711 0 5.07867 -1.15138 -3.55284 3.75791 -1.49233 0 5.61661 1.07143 -2.35559 3.02144 -1.95592 -1.02604e-17 5.98978 0.11501 -1.57536 2.47832 -1.99785 -1.10457e-17 6.50583 -0.443523 -0.589359 1.5491 -2.17083 -1.97295e-17 7.60548 -1.50593 -0.171946 0.805656 -2.22911 -2.53307e-17 9.49737 -0.914492 -0.127042 -0.892168 -2.50961 -2.90401e-17 10.5513 1.57691 0.0611932 0.193823 -0.2584 -1.29193e-17 4.78644 0.715339 1.4638 9.96277 -2.9455 -1.8116e-17 4.82109 0.421791 0.0286857 -4.31477 -1.57984 -2.00958e-17 4.83041 0.765062 1.55671 -10.1648 2.9154 1.23299 -7.60731 7.53374 27.1662 5.5345 -1.73965 12.9547 3.2495 -3.26872 -79.206 52.7618 10.2798 29.2081 0.0598081 0.137039 5.221 -1.17712 -25.9877 24.234 0.0496219 0.113701 -39.6039 -68.1863 -36.3313 -1.23299 -7.60729 7.53365 -24.1834 1.60101 0.543095 -12.9547 3.2495 -3.26872 84.2228 30.9671 2.85727 -29.2081 0.0598081 0.137039 -3.18169 -0.416509 15.508 -24.234 0.0496218 0.113702 10.7942 -53.9658 4.76295 9.23673 -4.20556 2.0327 1.80571 -7.82092 -7.64739 -0.852353 -38.7721 -0.655187 -6.66044 23.7131 0.978934 -2.32622 -40.4017 -6.04875 -8.19603 3.50881 17.6657 0.779096 -9.8844 12.4959 -1.56543e-15 -8.69683e-16 8.69683e-17 -9.23673 -4.20556 2.0327 -10.7106 -10.6182 10.7311 0.852353 -38.7721 -0.655187 4.0599 14.9292 -0.269924 2.32622 -40.4017 -6.04875 1.23334 -5.75458 -15.5988 -0.779096 -9.8844 12.4959 -5.96354e-16 -5.59082e-16 -1.27471e-14 
3.49413 91.7429 79.6557 -8.56461 5.1998 179.404 0 5.07867 -1.15138 -3.66273 3.97784 -1.51983 0 5.61661 1.07143 -2.44272 3.13707 -2.0144 -1.02604e-17 5.98978 0.11501 -1.6343 2.49546 -2.06229 -1.10457e-17 6.50583 -0.443523 -0.617237 1.4022 -2.23518 -1.97295e-17 7.60548 -1.50593 -0.17808 0.595515 -2.28718 -2.53307e-17 9.49737 -0.914492 -0.119924 -1.16796 -2.57852 -2.90401e-17 10.5513 1.57691 0.0656539 0.219458 -0.265308 -1.29193e-17 4.78644 0.715339 1.57001 9.61465 -3.23696 -1.8116e-17 4.82109 0.421791 0.215959 -4.30543 -1.7109 -2.00958e-17 4.83041 0.765062 1.3703 -9.9958 3.08636 1.23299 -7.60731 7.53374 26.6496 5.88861 -1.86404 12.9547 3.2495 -3.26872 -80.5578 52.5042 11.5674 29.2081 0.0598081 0.137039 5.13399 -1.1357 -25.525 24.234 0.0496219 0.113701 -41.5265 -68.6839 -38.2537 -1.23299 -7.60729 7.53365 -24.3798 1.74 0.683721 -12.9547 3.2495 -3.26872 83.7835 30.9794 3.31483 -29.2081 0.0598081 0.137039 -3.22439 -0.428205 15.7211 -24.234 0.0496218 0.113702 11.2615 -53.6641 5.2645 9.23673 -4.20556 2.0327 0.759715 -8.73882 -9.61089 -0.852353 -38.7721 -0.655187 -6.92167 24.543 1.07116 -2.32622 -40.4017 -6.04875 -8.59051 3.43639 17.8005 0.779096 -9.8844 12.4959 -1.17831e-15 -8.45488e-16 6.27734e-17 -9.23673 -4.20556 2.0327 -11.4045 -10.3664 10.0736 0.852353 -38.7721 -0.655187 3.98468 14.6627 -0.255371 2.32622 -40.4017 -6.04875 0.883198 -6.87835 -15.6163 -0.779096 -9.8844 12.4959 -2.09235e-16 -5.83277e-16 -1.27592e-14 
3.25856 91.6587 79.5669 -8.96669 4.89591 179.976 0 5.07867 -1.15138 -3.67854 4.05943 -1.52165 0 5.61661 1.07143 -2.46125 3.17678 -2.03201 -1.02604e-17 5.98978 0.11501 -1.64857 2.50732 -2.08308 -1.10457e-17 6.50583 -0.443523 -0.625 1.36207 -2.25447 -1.97295e-17 7.60548 -1.50593 -0.181749 0.54493 -2.30273 -2.53307e-17 9.49737 -0.914492 -0.118087 -1.23192 -2.59579 -2.90401e-17 10.5513 1.57691 0.0696118 0.236726 -0.272679 -1.29193e-17 4.78644 0.715339 1.63107 9.41539 -3.59945 -1.8116e-17 4.82109 0.421791 0.203753 -4.28875 -1.87693 -2.00958e-17 4.83041 0.765062 1.3981 -10.1504 3.283 1.23299 -7.60731 7.53374 25.7397 6.07651 -1.95885 12.9547 3.2495 -3.26872 -81.3414 52.078 12.1756 29.2081 0.0598081 0.137039 5.02154 -1.08344 -24.9295 24.234 0.0496219 0.113701 -42.7833 -69.2566 -39.3826 -1.23299 -7.60729 7.53365 -24.4678 1.71684 0.705305 -12.9547 3.2495 -3.26872 82.9013 31.4705 4.18262 -29.2081 0.0598081 0.137039 -3.27525 -0.442358 15.9752 -24.234 0.0496218 0.113702 11.4116 -54.0548 5.36473 9.23673 -4.20556 2.0327 -0.0545113 -9.63388 -11.4317 -0.852353 -38.7721 -0.655187 -7.2919 25.7012 1.20802 -2.32622 -40.4017 -6.04875 -8.68593 2.47632 17.7895 0.779096 -9.8844 12.4959 -3.49057e-15 -9.53712e-16 1.589e-16 -9.23673 -4.20556 2.0327 -11.8783 -10.1066 9.45015 0.852353 -38.7721 -0.655187 3.91437 14.4131 -0.242085 2.32622 -40.4017 -6.04875 0.570357 -7.71893 -15.6327 -0.779096 -9.8844 12.4959 -2.13438e-15 -4.99248e-16 -1.26748e-14 
3.06698 91.5953 79.5846 -9.15954 4.76619 -179.582 0 5.07867 -1.15138 -3.62316 4.25657 -1.48842 0 5.61661 1.07143 -2.42245 3.28759 -2.00205 -1.02604e-17 5.98978 0.11501 -1.61946 2.54828 -2.05522 -1.10457e-17 6.50583 -0.443523 -0.606325 1.2742 -2.22554 -1.97295e-17 7.60548 -1.50593 -0.163546 0.402649 -2.27509 -2.53307e-17 9.49737 -0.914492 -0.0947572 -1.42297 -2.57347 -2.90401e-17 10.5513 1.57691 0.0724474 0.269264 -0.280863 -1.29193e-17 4.78644 0.715339 1.74191 9.41833 -3.99735 -1.8116e-17 4.82109 0.421791 0.334057 -4.38462 -2.05738 -2.00958e-17 4.83041 0.765062 1.19616 -10.2091 3.44252 1.23299 -7.60731 7.53374 25.1653 6.23967 -1.98148 12.9547 3.2495 -3.26872 -81.7997 51.5821 12.7775 29.2081 0.0598081 0.137039 4.88015 -1.01973 -24.1846 24.234 0.0496219 0.113701 -45.3075 -69.1318 -41.3925 -1.23299 -7.60729 7.53365 -24.7455 1.74983 0.605978 -12.9547 3.2495 -3.26872 82.6934 32.1664 4.74627 -29.2081 0.0598081 0.137039 -3.30835 -0.451699 16.1407 -24.234 0.0496218 0.113702 11.0791 -54.4451 5.45983 9.23673 -4.20556 2.0327 -0.521518 -10.5115 -13.1776 -0.852353 -38.7721 -0.655187 -7.82235 27.323 1.41634 -2.32622 -40.4017 -6.04875 -8.33994 0.28101 17.5539 0.779096 -9.8844 12.4959 3.17867e-16 -7.87289e-16 4.24734e-18 -9.23673 -4.20556 2.0327 -12.0595 -9.54256 9.01935 0.852353 -38.7721 -0.655187 3.75194 13.8345 -0.212558 2.32622 -40.4017 -6.04875 0.269916 -8.21027 -15.6348 -0.779096 -9.8844 12.4959 -6.38174e-16 -5.57448e-16 -1.27451e-14 
2.93481 91.5827 79.5986 -9.21651 4.8007 -179.314 0 5.07867 -1.15138 -3.54566 4.41321 -1.44865 0 5.61661 1.07143 -2.36337 3.39473 -1.95668 -1.02604e-17 5.98978 0.11501 -1.5799 2.61775 -2.00964 -1.10457e-17 6.50583 -0.443523 -0.58518 1.2694 -2.1795 -1.97295e-17 7.60548 -1.50593 -0.152233 0.359447 -2.23312 -2.53307e-17 9.49737 -0.914492 -0.0847961 -1.52255 -2.53431 -2.90401e-17 10.5513 1.57691 0.0851395 0.292844 -0.293699 -1.29193e-17 4.78644 0.715339 1.80681 9.64621 -4.00026 -1.8116e-17 4.82109 0.421791 0.488252 -4.47519 -2.05794 -2.00958e-17 4.83041 0.765062 1.00904 -10.5956 3.19795 1.23299 -7.60731 7.53374 24.8277 6.32236 -1.92851 12.9547 3.2495 -3.26872 -83.514 51.4593 13.0504 29.2081 0.0598081 0.137039 4.77654 -0.974438 -23.6414 24.234 0.0496219 0.113701 -44.6411 -70.0382 -40.7722 -1.23299 -7.60729 7.53365 -25.4286 1.62772 0.342672 -12.9547 3.2495 -3.26872 82.4875 32.695 5.63231 -29.2081 0.0598081 0.137039 -3.36749 -0.468652 16.4368 -24.234 0.0496218 0.113702 10.93 -54.6792 5.21608 9.23673 -4.20556 2.0327 -0.711868 -10.8554 -14.5829 -0.852353 -38.7721 -0.655187 -8.01646 27.9053 1.49608 -2.32622 -40.4017 -6.04875 -8.26969 -1.10089 17.4106 0.779096 -9.8844 12.4959 -1.90027e-15 -8.79493e-16 9.67786e-17 -9.23673 -4.20556 2.0327 -12.047 -8.93305 8.7655 0.852353 -38.7721 -0.655187 3.59904 13.2875 -0.186263 2.32622 -40.4017 -6.04875 0.0870387 -8.47018 -15.6415 -0.779096 -9.8844 12.4959 -2.0924e-16 -5.83276e-16 -1.27592e-14 
2.84668 91.5949 79.5946 -9.28639 4.91553 -179.149 0 5.07867 -1.15138 -3.4805 4.62723 -1.3846 0 5.61661 1.07143 -2.32288 3.53448 -1.88753 -1.02604e-17 5.98978 0.11501 -1.55962 2.69737 -1.94298 -1.10457e-17 6.50583 -0.443523 -0.583048 1.23127 -2.11453 -1.97295e-17 7.60548 -1.50593 -0.152749 0.263838 -2.16918 -2.53307e-17 9.49737 -0.914492 -0.0755925 -1.66875 -2.46863 -2.90401e-17 10.5513 1.57691 0.0917513 0.318986 -0.309323 -1.29193e-17 4.78644 0.715339 1.9145 9.96917 -4.40552 -1.8116e-17 4.82109 0.421791 0.55684 -4.61455 -2.23903 -2.00958e-17 4.83041 0.765062 1.09209 -10.8943 3.54133 1.23299 -7.60731 7.53374 24.7124 6.389 -1.90608 12.9547 3.2495 -3.26872 -84.1855 50.711 13.4347 29.2081 0.0598081 0.137039 4.61806 -0.907396 -22.8145 24.234 0.0496219 0.113701 -46.0724 -69.5449 -41.6138 -1.23299 -7.60729 7.53365 -26.1463 1.56229 0.0524679 -12.9547 3.2495 -3.26872 82.6424 33.5925 6.33784 -29.2081 0.0598081 0.137039 -3.40323 -0.479055 16.6159 -24.234 0.0496218 0.113702 10.6391 -55.1993 5.26934 9.23673 -4.20556 2.0327 -0.74399 -10.5858 -15.5543 -0.852353 -38.7721 -0.655187 -7.74879 27.1008 1.38661 -2.32622 -40.4017 -6.04875 -8.70872 -1.42015 17.4128 0.779096 -9.8844 12.4959 3.59687e-16 -7.85328e-16 2.61378e-18 -9.23673 -4.20556 2.0327 -12.049 -8.34926 8.6746 0.852353 -38.7721 -0.655187 3.47904 12.8566 -0.16665 2.32622 -40.4017 -6.04875 0.0888525 -8.70075 -15.6406 -0.779096 -9.8844 12.4959 -9.73013e-16 -5.47638e-16 -1.27232e-14 
2.80304 91.6062 79.5512 -9.37627 5.00118 -179.021 0 5.07867 -1.15138 -3.50701 4.91495 -1.34507 0 5.61661 1.07143 -2.36022 3.71437 -1.85467 -1.02604e-17 5.98978 0.11501 -1.60601 2.75748 -1.91514 -1.10457e-17 6.50583 -0.443523 -0.631374 1.09206 -2.09074 -1.97295e-17 7.60548 -1.50593 -0.192481 0.023163 -2.14586 -2.53307e-17 9.49737 -0.914492 -0.0930221 -2.04613 -2.43054 -2.90401e-17 10.5513 1.57691 0.115144 0.363969 -0.347062 -1.29193e-17 4.78644 0.715339 2.16593 10.5169 -4.19614 -1.8116e-17 4.82109 0.421791 0.87962 -4.53263 -2.1191 -2.00958e-17 4.83041 0.765062 0.888932 -11.2544 3.27112 1.23299 -7.60731 7.53374 24.5033 6.53924 -2.04117 12.9547 3.2495 -3.26872 -85.9349 50.3482 14.2871 29.2081 0.0598081 0.137039 4.49531 -0.85731 -22.1773 24.234 0.0496219 0.113701 -45.0707 -70.0223 -40.6977 -1.23299 -7.60729 7.53365 -28.5095 1.46002 -0.557997 -12.9547 3.2495 -3.26872 84.1283 35.5001 6.57078 -29.2081 0.0598081 0.137039 -3.55344 -0.524114 17.3705 -24.234 0.0496218 0.113702 11.1474 -56.2707 5.67589 9.23673 -4.20556 2.0327 -0.692243 -9.99029 -16.2615 -0.852353 -38.7721 -0.655187 -7.16972 25.3214 1.16207 -2.32622 -40.4017 -6.04875 -9.1722 -0.961148 17.4349 0.779096 -9.8844 12.4959 -3.51811e-16 -8.06909e-16 2.41946e-17 -9.23673 -4.20556 2.0327 -12.0645 -7.70341 8.74827 0.852353 -38.7721 -0.655187 3.31597 12.269 -0.141444 2.32622 -40.4017 -6.04875 0.227917 -8.97782 -15.6355 -0.779096 -9.8844 12.4959 -2.15527e-15 -4.98269e-16 -1.26738e-14 
2.80056 91.6215 79.4814 -9.48666 5.12937 -178.86 0 5.07867 -1.15138 -3.47366 5.02664 -1.26935 0 5.61661 1.07143 -2.35325 3.79091 -1.77433 -1.02604e-17 5.98978 0.11501 -1.61644 2.81403 -1.83824 -1.10457e-17 6.50583 -0.443523 -0.65369 1.09198 -2.01529 -1.97295e-17 7.60548 -1.50593 -0.208136 0.0142913 -2.06952 -2.53307e-17 9.49737 -0.914492 -0.0856342 -2.06377 -2.35361 -2.90401e-17 10.5513 1.57691 0.126438 0.381264 -0.370831 -1.29193e-17 4.78644 0.715339 2.32475 11.0613 -4.49934 -1.8116e-17 4.82109 0.421791 0.96087 -4.77145 -2.25241 -2.00958e-17 4.83041 0.765062 1.00877 -11.6645 3.43589 1.23299 -7.60731 7.53374 24.3103 6.5161 -2.06665 12.9547 3.2495 -3.26872 -85.9955 49.5334 14.5277 29.2081 0.0598081 0.137039 4.34498 -0.798122 -21.4007 24.234 0.0496219 0.113701 -46.0883 -69.1203 -41.0495 -1.23299 -7.60729 7.53365 -29.461 1.28912 -1.01072 -12.9547 3.2495 -3.26872 84.7216 36.3704 7.00031 -29.2081 0.0598081 0.137039 -3.66846 -0.56008 17.9503 -24.234 0.0496218 0.113702 10.505 -56.9404 5.32002 9.23673 -4.20556 2.0327 -0.699273 -9.10792 -17.1595 -0.852353 -38.7721 -0.655187 -6.38186 22.8166 0.884613 -2.32622 -40.4017 -6.04875 -10.2035 -0.201218 17.6484 0.779096 -9.8844 12.4959 5.43399e-15 -5.65616e-16 -2.17098e-16 -9.23673 -4.20556 2.0327 -12.1443 -7.2004 8.94192 0.852353 -38.7721 -0.655187 3.24961 12.0292 -0.131666 2.32622 -40.4017 -6.04875 0.387434 -9.23008 -15.633 -0.779096 -9.8844 12.4959 -2.57375e-15 -4.84864e-16 -1.26604e-14 
2.81138 91.6503 79.3743 -9.61159 5.30869 -178.625 0 5.07867 -1.15138 -3.46672 4.99295 -1.22815 0 5.61661 1.07143 -2.36869 3.81139 -1.76615 -1.02604e-17 5.98978 0.11501 -1.63888 2.9524 -1.83082 -1.10457e-17 6.50583 -0.443523 -0.69202 1.39425 -1.98948 -1.97295e-17 7.60548 -1.50593 -0.23962 0.342338 -2.0501 -2.53307e-17 9.49737 -0.914492 -0.0671053 -1.5107 -2.29945 -2.90401e-17 10.5513 1.57691 0.146618 0.39559 -0.378097 -1.29193e-17 4.78644 0.715339 2.49179 10.3854 -4.21827 -1.8116e-17 4.82109 0.421791 1.46689 -4.81223 -2.06804 -2.00958e-17 4.83041 0.765062 0.599994 -12.0591 2.98419 1.23299 -7.60731 7.53374 18.6457 6.41819 -2.71019 12.9547 3.2495 -3.26872 -84.3835 48.291 13.3595 29.2081 0.0598081 0.137039 4.12804 -0.716819 -20.2868 24.234 0.0496219 0.113701 -37.6066 -71.2578 -34.6392 -1.23299 -7.60729 7.53365 -28.9737 1.06788 -0.980189 -12.9547 3.2495 -3.26872 79.86 38.0441 9.04031 -29.2081 0.0598081 0.137039 -3.85894 -0.622472 18.9146 -24.234 0.0496218 0.113702 14.3189 -60.3321 8.17263 9.23673 -4.20556 2.0327 -1.01348 -8.02764 -18.8302 -0.852353 -38.7721 -0.655187 -5.45736 19.761 0.602371 -2.32622 -40.4017 -6.04875 -10.787 0.970661 17.8212 0.779096 -9.8844 12.4959 -9.90123e-16 -8.3732e-16 5.46056e-17 -9.23673 -4.20556 2.0327 -12.2345 -6.53693 9.21844 0.852353 -38.7721 -0.655187 3.14574 11.6532 -0.116921 2.32622 -40.4017 -6.04875 0.549288 -9.46147 -15.6557 -0.779096 -9.8844 12.4959 -6.4863e-16 -5.57122e-16 -1.27448e-14 
2.80745 91.6782 79.2081 -9.70223 5.48506 -178.301 0 5.07867 -1.15138 -3.3214 4.78394 -1.01559 0 5.61661 1.07143 -2.31596 3.66235 -1.5354 -1.02604e-17 5.98978 0.11501 -1.62865 2.93039 -1.58476 -1.10457e-17 6.50583 -0.443523 -0.737972 1.50813 -1.72281 -1.97295e-17 7.60548 -1.50593 -0.26848 0.555846 -1.77482 -2.53307e-17 9.49737 -0.914492 -0.0192966 -1.07848 -2.0116 -2.90401e-17 10.5513 1.57691 0.135605 0.436481 -0.370462 -1.29193e-17 4.78644 0.715339 2.66159 10.6292 -5.55246 -1.8116e-17 4.82109 0.421791 1.46381 -5.15392 -2.67319 -2.00958e-17 4.83041 0.765062 0.888861 -12.1714 3.33724 1.23299 -7.60731 7.53374 15.7186 6.03646 -2.74913 12.9547 3.2495 -3.26872 -80.1602 46.6665 11.1499 29.2081 0.0598081 0.137039 3.5974 -0.537805 -17.5928 24.234 0.0496219 0.113701 -38.3975 -68.4092 -34.1814 -1.23299 -7.60729 7.53365 -27.9285 0.967713 -1.27394 -12.9547 3.2495 -3.26872 78.8797 39.1709 8.73183 -29.2081 0.0598081 0.137039 -3.84742 -0.618595 18.8561 -24.234 0.0496218 0.113702 14.1183 -62.3373 9.4964 9.23673 -4.20556 2.0327 -1.67756 -6.93471 -21.5116 -0.852353 -38.7721 -0.655187 -4.50928 16.5084 0.364072 -2.32622 -40.4017 -6.04875 -11.0991 2.59475 17.9702 0.779096 -9.8844 12.4959 1.92905e-15 -7.11764e-16 -7.09503e-17 -9.23673 -4.20556 2.0327 -12.3306 -5.89525 9.35926 0.852353 -38.7721 -0.655187 3.08135 11.4196 -0.108122 2.32622 -40.4017 -6.04875 0.0486849 -9.47701 -15.6357 -0.779096 -9.8844 12.4959 -1.37058e-15 -5.34887e-16 -1.27108e-14 
2.74406 91.6826 78.957 -9.72553 5.6293 -177.886 0 5.07867 -1.15138 -3.17686 4.89328 -0.859901 0 5.61661 1.07143 -2.22676 3.71432 -1.36834 -1.02604e-17 5.98978 0.11501 -1.57498 2.95311 -1.41359 -1.10457e-17 6.50583 -0.443523 -0.730252 1.43472 -1.54401 -1.97295e-17 7.60548 -1.50593 -0.259069 0.463812 -1.59889 -2.53307e-17 9.49737 -0.914492 0.0226622 -1.12501 -1.8367 -2.90401e-17 10.5513 1.57691 0.146444 0.509911 -0.365388 -1.29193e-17 4.78644 0.715339 2.69331 10.3025 -5.83977 -1.8116e-17 4.82109 0.421791 1.71433 -5.26428 -2.82195 -2.00958e-17 4.83041 0.765062 0.49743 -11.6134 2.47333 1.23299 -7.60731 7.53374 14.1812 6.11637 -2.79587 12.9547 3.2495 -3.26872 -79.8692 46.6027 11.2598 29.2081 0.0598081 0.137039 3.49923 -0.507701 -17.0987 24.234 0.0496219 0.113701 -36.4335 -67.7177 -32.4684 -1.23299 -7.60729 7.53365 -27.5195 1.11853 -1.29439 -12.9547 3.2495 -3.26872 78.0163 38.8677 8.06451 -29.2081 0.0598081 0.137039 -4.06131 -0.692678 19.9448 -24.234 0.0496218 0.113702 13.9591 -63.1907 9.492 9.23673 -4.20556 2.0327 -2.39848 -6.11708 -23.9548 -0.852353 -38.7721 -0.655187 -3.78242 13.9433 0.217975 -2.32622 -40.4017 -6.04875 -11.15 4.2336 17.926 0.779096 -9.8844 12.4959 3.56115e-15 -6.47684e-16 -1.35031e-16 -9.23673 -4.20556 2.0327 -12.4373 -4.99227 9.25147 0.852353 -38.7721 -0.655187 2.89239 10.7322 -0.0838238 2.32622 -40.4017 -6.04875 0.763202 -9.85808 -15.623 -0.779096 -9.8844 12.4959 -1.77861e-15 -5.10039e-16 -1.26977e-14 
2.67615 91.6315 78.6653 -9.69543 5.69818 -177.388 0 5.07867 -1.15138 -3.10216 4.66791 -0.763858 0 5.61661 1.07143 -2.19093 3.57293 -1.25313 -1.02604e-17 5.98978 0.11501 -1.5632 2.91359 -1.29017 -1.10457e-17 6.50583 -0.443523 -0.740085 1.54374 -1.41865 -1.97295e-17 7.60548 -1.50593 -0.267334 0.670711 -1.47282 -2.53307e-17 9.49737 -0.914492 0.0370722 -0.835156 -1.71665 -2.90401e-17 10.5513 1.57691 0.15794 0.510306 -0.370019 -1.29193e-17 4.78644 0.715339 2.75453 10.613 -6.30913 -1.8116e-17 4.82109 0.421791 1.6474 -5.17242 -3.05079 -2.00958e-17 4.83041 0.765062 0.890551 -12.0539 2.17673 1.23299 -7.60731 7.53374 14.1613 5.90219 -2.86832 12.9547 3.2495 -3.26872 -79.5338 46.5004 11.015 29.2081 0.0598081 0.137039 3.38351 -0.473399 -16.5179 24.234 0.0496219 0.113701 -36.9754 -66.8145 -32.5533 -1.23299 -7.60729 7.53365 -27.6496 0.862923 -1.46636 -12.9547 3.2495 -3.26872 77.9102 39.0976 7.54685 -29.2081 0.0598081 0.137039 -4.33262 -0.793272 21.3361 -24.234 0.0496218 0.113702 12.8069 -64.2619 8.33862 9.23673 -4.20556 2.0327 -2.72697 -5.3396 -24.0697 -0.852353 -38.7721 -0.655187 -3.34606 12.3776 0.14597 -2.32622 -40.4017 -6.04875 -11.1327 4.66356 17.7273 0.779096 -9.8844 12.4959 5.15143e-15 -5.73466e-16 -2.09248e-16 -9.23673 -4.20556 2.0327 -12.4859 -4.35924 8.67209 0.852353 -38.7721 -0.655187 2.8196 10.4667 -0.0750712 2.32622 -40.4017 -6.04875 0.250737 -10.1002 -15.6197 -0.779096 -9.8844 12.4959 -4.11175e-15 -4.12607e-16 -1.25885e-14 
2.59925 91.5086 78.4665 -9.55187 5.67445 -176.944 0 5.07867 -1.15138 -3.03322 4.53529 -0.761857 0 5.61661 1.07143 -2.13782 3.49746 -1.25539 -1.02604e-17 5.98978 0.11501 -1.51986 2.88875 -1.29334 -1.10457e-17 6.50583 -0.443523 -0.717626 1.57964 -1.42035 -1.97295e-17 7.60548 -1.50593 -0.256327 0.728856 -1.48232 -2.53307e-17 9.49737 -0.914492 0.0332084 -0.703721 -1.72423 -2.90401e-17 10.5513 1.57691 0.158457 0.540128 -0.377178 -1.29193e-17 4.78644 0.715339 2.86509 10.6546 -6.47528 -1.8116e-17 4.82109 0.421791 1.7371 -5.23302 -3.11287 -2.00958e-17 4.83041 0.765062 1.01612 -12.1088 2.15509 1.23299 -7.60731 7.53374 12.405 5.75399 -2.85184 12.9547 3.2495 -3.26872 -79.65 46.053 11.1628 29.2081 0.0598081 0.137039 3.33746 -0.460105 -16.2872 24.234 0.0496219 0.113701 -33.2665 -67.0254 -29.4122 -1.23299 -7.60729 7.53365 -27.4796 0.733339 -1.72837 -12.9547 3.2495 -3.26872 78.3475 39.2248 7.13182 -29.2081 0.0598081 0.137039 -4.57721 -0.890463 22.6012 -24.234 0.0496218 0.113702 10.5356 -64.0376 6.42627 9.23673 -4.20556 2.0327 -2.23398 -4.27397 -22.1877 -0.852353 -38.7721 -0.655187 -3.1656 11.7251 0.119687 -2.32622 -40.4017 -6.04875 -10.0443 1.07542 16.8833 0.779096 -9.8844 12.4959 -6.13464e-16 -8.2555e-16 4.2835e-17 -9.23673 -4.20556 2.0327 -12.4927 -3.81168 8.31334 0.852353 -38.7721 -0.655187 2.70584 10.051 -0.0620701 2.32622 -40.4017 -6.04875 0.689214 -10.5915 -15.6045 -0.779096 -9.8844 12.4959 1.24512e-15 -6.39842e-16 -1.28275e-14 
2.54207 91.4245 78.2819 -9.10902 5.54956 -176.809 0 5.07867 -1.15138 -2.83537 4.33806 -0.720174 0 5.61661 1.07143 -1.99013 3.36767 -1.18875 -1.02604e-17 5.98978 0.11501 -1.41723 2.81563 -1.22072 -1.10457e-17 6.50583 -0.443523 -0.665431 1.6073 -1.34478 -1.97295e-17 7.60548 -1.50593 -0.237214 0.787197 -1.41666 -2.53307e-17 9.49737 -0.914492 0.0320625 -0.608428 -1.64885 -2.90401e-17 10.5513 1.57691 0.16144 0.551863 -0.378899 -1.29193e-17 4.78644 0.715339 2.90956 10.5792 -6.4273 -1.8116e-17 4.82109 0.421791 1.85497 -5.20637 -3.07636 -2.00958e-17 4.83041 0.765062 0.973565 -12.2044 1.63088 1.23299 -7.60731 7.53374 10.9536 5.58203 -2.8327 12.9547 3.2495 -3.26872 -79.8257 45.1749 10.7412 29.2081 0.0598081 0.137039 3.17438 -0.414627 -15.4723 24.234 0.0496219 0.113701 -29.5037 -66.3632 -26.2235 -1.23299 -7.60729 7.53365 -27.5244 0.619613 -2.03291 -12.9547 3.2495 -3.26872 77.7462 39.4358 7.15171 -29.2081 0.0598081 0.137039 -4.73918 -0.958302 23.445 -24.234 0.0496218 0.113702 10.312 -64.1664 5.81164 9.23673 -4.20556 2.0327 -1.56407 -3.38165 -20.6719 -0.852353 -38.7721 -0.655187 -2.80582 10.4164 0.0734524 -2.32622 -40.4017 -6.04875 -9.98035 0.218179 16.6869 0.779096 -9.8844 12.4959 7.78166e-16 -7.59827e-16 -2.28877e-17 -9.23673 -4.20556 2.0327 -12.1908 -3.76031 8.35717 0.852353 -38.7721 -0.655187 2.71361 10.0794 -0.0629317 2.32622 -40.4017 -6.04875 0.637122 -10.7991 -15.5872 -0.779096 -9.8844 12.4959 -5.44078e-16 -5.61369e-16 -1.27494e-14 
2.506 91.3938 78.0996 -8.4425 5.56554 -177.041 0 5.07867 -1.15138 -2.61877 4.26411 -0.633138 0 5.61661 1.07143 -1.82888 3.3099 -1.08874 -1.02604e-17 5.98978 0.11501 -1.29833 2.78794 -1.12037 -1.10457e-17 6.50583 -0.443523 -0.608167 1.599 -1.23892 -1.97295e-17 7.60548 -1.50593 -0.2092 0.781969 -1.3179 -2.53307e-17 9.49737 -0.914492 0.0441113 -0.533869 -1.54428 -2.90401e-17 10.5513 1.57691 0.14584 0.58839 -0.373906 -1.29193e-17 4.78644 0.715339 2.91257 10.3567 -6.70811 -1.8116e-17 4.82109 0.421791 1.82665 -5.42435 -3.19897 -2.00958e-17 4.83041 0.765062 1.3545 -11.9175 1.76653 1.23299 -7.60731 7.53374 8.5942 5.42723 -2.84088 12.9547 3.2495 -3.26872 -78.9741 43.6762 10.4502 29.2081 0.0598081 0.137039 3.04051 -0.379153 -14.8056 24.234 0.0496219 0.113701 -25.6986 -65.2339 -23.0282 -1.23299 -7.60729 7.53365 -26.2555 0.624318 -2.11791 -12.9547 3.2495 -3.26872 77.9917 39.0203 6.9548 -29.2081 0.0598081 0.137039 -4.83837 -1.00123 23.9643 -24.234 0.0496218 0.113702 7.35218 -62.9383 3.35365 9.23673 -4.20556 2.0327 -0.754248 -2.50586 -20.1593 -0.852353 -38.7721 -0.655187 -2.5123 9.34168 0.0418566 -2.32622 -40.4017 -6.04875 -9.02935 -0.694673 16.4431 0.779096 -9.8844 12.4959 -7.2847e-16 -8.3045e-16 4.77358e-17 -9.23673 -4.20556 2.0327 -11.5834 -3.6447 8.69446 0.852353 -38.7721 -0.655187 2.67977 9.95559 -0.0592068 2.32622 -40.4017 -6.04875 0.873844 -10.7164 -15.5648 -0.779096 -9.8844 12.4959 2.11345e-15 -6.80055e-16 -1.28559e-14 
2.50331 91.4613 78.0573 -7.97323 5.86791 -177.26 0 5.07867 -1.15138 -2.47431 4.35385 -0.500246 0 5.61661 1.07143 -1.73622 3.36312 -0.93058 -1.02604e-17 5.98978 0.11501 -1.24254 2.82638 -0.955573 -1.10457e-17 6.50583 -0.443523 -0.593636 1.60817 -1.06983 -1.97295e-17 7.60548 -1.50593 -0.197325 0.746853 -1.15161 -2.53307e-17 9.49737 -0.914492 0.083552 -0.566683 -1.37208 -2.90401e-17 10.5513 1.57691 0.14878 0.608587 -0.369779 -1.29193e-17 4.78644 0.715339 2.95935 10.4075 -6.89219 -1.8116e-17 4.82109 0.421791 2.18522 -5.50425 -3.27777 -2.00958e-17 4.83041 0.765062 1.29797 -11.9519 1.45116 1.23299 -7.60731 7.53374 8.05131 5.2566 -2.80983 12.9547 3.2495 -3.26872 -78.2469 42.6616 9.80508 29.2081 0.0598081 0.137039 2.90682 -0.345382 -14.1417 24.234 0.0496219 0.113701 -24.8303 -63.6203 -22.0685 -1.23299 -7.60729 7.53365 -26.2298 0.625104 -2.31083 -12.9547 3.2495 -3.26872 77.9415 38.807 6.81155 -29.2081 0.0598081 0.137039 -4.8713 -1.01573 24.1371 -24.234 0.0496218 0.113702 7.62324 -62.5956 3.11082 9.23673 -4.20556 2.0327 -0.132001 -1.54295 -19.835 -0.852353 -38.7721 -0.655187 -2.21694 8.25468 0.0156543 -2.32622 -40.4017 -6.04875 -8.59126 -0.706012 16.3592 0.779096 -9.8844 12.4959 1.93951e-15 -7.11438e-16 -7.1277e-17 -9.23673 -4.20556 2.0327 -11.1463 -3.57506 9.0375 0.852353 -38.7721 -0.655187 2.7464 10.1993 -0.0666107 2.32622 -40.4017 -6.04875 1.04229 -10.2423 -15.5479 -0.779096 -9.8844 12.4959 -1.2974e-15 -5.38154e-16 -1.27137e-14 
2.52629 91.6282 78.2257 -8.00325 6.41704 -177.23 0 5.07867 -1.15138 -2.51432 4.55334 -0.364642 0 5.61661 1.07143 -1.80194 3.50864 -0.785779 -1.02604e-17 5.98978 0.11501 -1.31567 2.95694 -0.805304 -1.10457e-17 6.50583 -0.443523 -0.673412 1.70206 -0.916148 -1.97295e-17 7.60548 -1.50593 -0.249301 0.782939 -0.989986 -2.53307e-17 9.49737 -0.914492 0.0905671 -0.530024 -1.19783 -2.90401e-17 10.5513 1.57691 0.153903 0.611005 -0.367182 -1.29193e-17 4.78644 0.715339 2.9807 10.6839 -7.23372 -1.8116e-17 4.82109 0.421791 2.42526 -5.7553 -3.43739 -2.00958e-17 4.83041 0.765062 1.68064 -12.0817 1.26984 1.23299 -7.60731 7.53374 8.34401 5.05722 -2.83979 12.9547 3.2495 -3.26872 -78.1705 42.1926 9.16534 29.2081 0.0598081 0.137039 2.90509 -0.344958 -14.1332 24.234 0.0496219 0.113701 -23.3225 -62.5515 -20.6732 -1.23299 -7.60729 7.53365 -26.5677 0.552523 -2.41332 -12.9547 3.2495 -3.26872 78.3173 38.9774 6.5344 -29.2081 0.0598081 0.137039 -4.8471 -1.00507 24.0101 -24.234 0.0496218 0.113702 8.68559 -62.9921 3.78288 9.23673 -4.20556 2.0327 -0.0441216 -0.750809 -19.4869 -0.852353 -38.7721 -0.655187 -1.99646 7.44009 -0.000230457 -2.32622 -40.4017 -6.04875 -8.41145 0.340994 16.4112 0.779096 -9.8844 12.4959 2.01269e-15 -7.0817e-16 -7.45443e-17 -9.23673 -4.20556 2.0327 -11.1986 -3.38041 9.07136 0.852353 -38.7721 -0.655187 2.83656 10.5286 -0.0770798 2.32622 -40.4017 -6.04875 1.31594 -9.50137 -15.5515 -0.779096 -9.8844 12.4959 -2.16571e-15 -4.97942e-16 -1.26735e-14 
2.47769 91.8745 78.306 -8.25591 7.01548 -176.973 0 5.07867 -1.15138 -2.66811 4.68561 -0.220453 0 5.61661 1.07143 -1.96097 3.61617 -0.637996 -1.02604e-17 5.98978 0.11501 -1.45741 3.09354 -0.64816 -1.10457e-17 6.50583 -0.443523 -0.794999 1.85769 -0.751583 -1.97295e-17 7.60548 -1.50593 -0.312991 0.920541 -0.809963 -2.53307e-17 9.49737 -0.914492 0.118984 -0.351663 -1.01494 -2.90401e-17 10.5513 1.57691 0.160458 0.601069 -0.357995 -1.29193e-17 4.78644 0.715339 3.03276 11.0319 -7.68425 -1.8116e-17 4.82109 0.421791 2.82638 -5.95714 -3.64332 -2.00958e-17 4.83041 0.765062 2.00427 -12.3244 1.0532 1.23299 -7.60731 7.53374 9.07151 4.79778 -2.82718 12.9547 3.2495 -3.26872 -77.7405 42.1198 7.99351 29.2081 0.0598081 0.137039 2.88389 -0.339758 -14.0281 24.234 0.0496219 0.113701 -22.5234 -61.5154 -19.8179 -1.23299 -7.60729 7.53365 -26.8355 0.494556 -2.50602 -12.9547 3.2495 -3.26872 78.662 39.411 6.17269 -29.2081 0.0598081 0.137039 -4.75131 -0.963495 23.5084 -24.234 0.0496218 0.113702 10.6792 -63.981 5.49214 9.23673 -4.20556 2.0327 -0.243051 0.0121216 -19.1531 -0.852353 -38.7721 -0.655187 -1.816 6.77161 -0.0108862 -2.32622 -40.4017 -6.04875 -8.62785 1.83936 16.5712 0.779096 -9.8844 12.4959 -3.09962e-16 -8.04948e-16 2.22331e-17 -9.23673 -4.20556 2.0327 -11.5572 -2.95286 9.06887 0.852353 -38.7721 -0.655187 2.8937 10.737 -0.0839851 2.32622 -40.4017 -6.04875 1.84519 -8.63685 -15.5698 -0.779096 -9.8844 12.4959 -6.38193e-16 -5.57448e-16 -1.27451e-14 
2.30731 92.0473 78.145 -8.62021 7.32479 -176.548 0 5.07867 -1.15138 -2.80755 4.46231 -0.116683 0 5.61661 1.07143 -2.09541 3.50975 -0.548655 -1.02604e-17 5.98978 0.11501 -1.56333 3.18506 -0.555874 -1.10457e-17 6.50583 -0.443523 -0.882596 2.23029 -0.647848 -1.97295e-17 7.60548 -1.50593 -0.352919 1.41131 -0.686479 -2.53307e-17 9.49737 -0.914492 0.151568 0.396661 -0.88819 -2.90401e-17 10.5513 1.57691 0.144976 0.555738 -0.327955 -1.29193e-17 4.78644 0.715339 2.87671 10.4093 -8.54012 -1.8116e-17 4.82109 0.421791 2.90637 -6.31125 -4.0462 -2.00958e-17 4.83041 0.765062 2.70743 -12.0823 1.57975 1.23299 -7.60731 7.53374 7.24015 4.62591 -3.31395 12.9547 3.2495 -3.26872 -75.1305 41.3665 6.62166 29.2081 0.0598081 0.137039 2.86705 -0.335661 -13.9447 24.234 0.0496219 0.113701 -21.4324 -60.7194 -19.294 -1.23299 -7.60729 7.53365 -24.0529 0.424291 -1.80105 -12.9547 3.2495 -3.26872 76.3242 38.1359 6.34205 -29.2081 0.0598081 0.137039 -4.57229 -0.888445 22.5756 -24.234 0.0496218 0.113702 12.2759 -64.2082 7.10538 9.23673 -4.20556 2.0327 -0.630278 0.561246 -19.1572 -0.852353 -38.7721 -0.655187 -1.67942 6.26476 -0.0175439 -2.32622 -40.4017 -6.04875 -9.00357 2.77351 16.7723 0.779096 -9.8844 12.4959 1.43882e-17 -7.95465e-16 1.27509e-17 -9.23673 -4.20556 2.0327 -12.1163 -2.36447 8.89022 0.852353 -38.7721 -0.655187 2.86015 10.6147 -0.0799053 2.32622 -40.4017 -6.04875 2.40431 -8.34868 -15.6085 -0.779096 -9.8844 12.4959 -2.09245e-16 -5.83276e-16 -1.27592e-14 
2.04157 92.0828 77.9164 -8.91879 7.30074 -176.089 0 5.07867 -1.15138 -2.89755 4.20041 -0.0397151 0 5.61661 1.07143 -2.1924 3.32937 -0.472093 -1.02604e-17 5.98978 0.11501 -1.6463 3.10371 -0.468737 -1.10457e-17 6.50583 -0.443523 -0.958261 2.304 -0.551309 -1.97295e-17 7.60548 -1.50593 -0.394087 1.56171 -0.576396 -2.53307e-17 9.49737 -0.914492 0.167903 0.654482 -0.768994 -2.90401e-17 10.5513 1.57691 0.13873 0.552235 -0.304039 -1.29193e-17 4.78644 0.715339 2.76574 9.93708 -8.94333 -1.8116e-17 4.82109 0.421791 2.96528 -6.13278 -4.23249 -2.00958e-17 4.83041 0.765062 2.83828 -11.5853 1.30526 1.23299 -7.60731 7.53374 6.51272 4.5366 -3.56285 12.9547 3.2495 -3.26872 -73.5292 41.4518 5.64717 29.2081 0.0598081 0.137039 2.84034 -0.329208 -13.8123 24.234 0.0496219 0.113701 -21.0641 -60.0183 -18.9762 -1.23299 -7.60729 7.53365 -22.9412 0.54279 -1.41681 -12.9547 3.2495 -3.26872 75.4591 38.7464 5.61811 -29.2081 0.0598081 0.137039 -4.41814 -0.826543 21.7772 -24.234 0.0496218 0.113702 14.9971 -65.4943 9.80024 9.23673 -4.20556 2.0327 -1.05698 0.772281 -19.3684 -0.852353 -38.7721 -0.655187 -1.58797 5.92499 -0.0213233 -2.32622 -40.4017 -6.04875 -8.59394 3.14242 16.7235 0.779096 -9.8844 12.4959 2.34751e-15 -6.98361e-16 -8.43533e-17 -9.23673 -4.20556 2.0327 -12.6437 -1.87055 8.57075 0.852353 -38.7721 -0.655187 2.76952 10.2838 -0.0692457 2.32622 -40.4017 -6.04875 2.35728 -8.47244 -15.5872 -0.779096 -9.8844 12.4959 -2.52144e-15 -4.87153e-16 -1.26627e-14 
1.6663 92.0523 77.7258 -9.34936 7.08764 -175.616 0 5.07867 -1.15138 -2.85323 4.07986 0.027468 0 5.61661 1.07143 -2.1786 3.21509 -0.378593 -1.02604e-17 5.98978 0.11501 -1.64364 3.021 -0.36464 -1.10457e-17 6.50583 -0.443523 -0.975326 2.27951 -0.437099 -1.97295e-17 7.60548 -1.50593 -0.40101 1.574 -0.457036 -2.53307e-17 9.49737 -0.914492 0.184144 0.739188 -0.647363 -2.90401e-17 10.5513 1.57691 0.1285 0.547561 -0.261872 -1.29193e-17 4.78644 0.715339 2.49381 9.11124 -9.75015 -1.8116e-17 4.82109 0.421791 2.782 -6.1345 -4.63682 -2.00958e-17 4.83041 0.765062 2.74333 -10.6429 1.35813 1.23299 -7.60731 7.53374 6.36131 4.60344 -3.75945 12.9547 3.2495 -3.26872 -72.4099 41.9414 5.40755 29.2081 0.0598081 0.137039 2.98738 -0.365544 -14.5416 24.234 0.0496219 0.113701 -21.8965 -59.2582 -19.7299 -1.23299 -7.60729 7.53365 -21.2401 0.897607 -0.717702 -12.9547 3.2495 -3.26872 73.8842 38.539 4.24253 -29.2081 0.0598081 0.137039 -4.34451 -0.797851 21.3973 -24.234 0.0496218 0.113702 17.7195 -66.3625 12.4143 9.23673 -4.20556 2.0327 -1.63268 0.755527 -19.541 -0.852353 -38.7721 -0.655187 -1.5166 5.65961 -0.0238946 -2.32622 -40.4017 -6.04875 -8.60357 3.16502 16.7186 0.779096 -9.8844 12.4959 8.76072e-17 -7.92524e-16 9.80908e-18 -9.23673 -4.20556 2.0327 -13.433 -1.68339 8.1574 0.852353 -38.7721 -0.655187 2.74057 10.178 -0.0659509 2.32622 -40.4017 -6.04875 2.77235 -9.01627 -15.5735 -0.779096 -9.8844 12.4959 -2.61544e-16 -5.81315e-16 -1.27569e-14 
1.24454 92.035 77.5499 -9.78286 6.87192 -175.182 0 5.07867 -1.15138 -2.94476 3.84111 0.0940011 0 5.61661 1.07143 -2.27355 3.04271 -0.303657 -1.02604e-17 5.98978 0.11501 -1.72502 2.93187 -0.278954 -1.10457e-17 6.50583 -0.443523 -1.05003 2.32149 -0.342105 -1.97295e-17 7.60548 -1.50593 -0.444198 1.6969 -0.351498 -2.53307e-17 9.49737 -0.914492 0.189831 0.946016 -0.535982 -2.90401e-17 10.5513 1.57691 0.128027 0.538664 -0.233897 -1.29193e-17 4.78644 0.715339 2.33191 8.70176 -10.2361 -1.8116e-17 4.82109 0.421791 2.75129 -6.02228 -4.87623 -2.00958e-17 4.83041 0.765062 2.69932 -10.301 1.2293 1.23299 -7.60731 7.53374 6.35496 4.52941 -3.96519 12.9547 3.2495 -3.26872 -71.5673 42.948 4.71315 29.2081 0.0598081 0.137039 3.12654 -0.401769 -15.2338 24.234 0.0496219 0.113701 -21.2133 -59.3644 -19.2715 -1.23299 -7.60729 7.53365 -20.5375 1.05128 -0.319902 -12.9547 3.2495 -3.26872 73.3486 39.6808 3.13984 -29.2081 0.0598081 0.137039 -4.29908 -0.780426 21.1634 -24.234 0.0496218 0.113702 20.6622 -67.9787 15.2823 9.23673 -4.20556 2.0327 -2.259 0.835731 -19.6879 -0.852353 -38.7721 -0.655187 -1.40412 5.24106 -0.0272729 -2.32622 -40.4017 -6.04875 -8.24687 3.3339 16.6252 0.779096 -9.8844 12.4959 -1.9107e-15 -8.79819e-16 9.71042e-17 -9.23673 -4.20556 2.0327 -14.1845 -1.44965 7.7619 0.852353 -38.7721 -0.655187 2.67651 9.94366 -0.058852 2.32622 -40.4017 -6.04875 2.75892 -9.35966 -15.5658 -0.779096 -9.8844 12.4959 1.88325e-16 -5.96027e-16 -1.27716e-14 
0.819715 92.0376 77.3655 -10.0063 6.75227 -174.777 0 5.07867 -1.15138 -2.99552 3.58904 0.148451 0 5.61661 1.07143 -2.33078 2.87064 -0.237756 -1.02604e-17 5.98978 0.11501 -1.77661 2.85492 -0.20349 -1.10457e-17 6.50583 -0.443523 -1.1022 2.38791 -0.257748 -1.97295e-17 7.60548 -1.50593 -0.475236 1.85427 -0.259138 -2.53307e-17 9.49737 -0.914492 0.195762 1.19343 -0.437716 -2.90401e-17 10.5513 1.57691 0.125962 0.53291 -0.213648 -1.29193e-17 4.78644 0.715339 2.2237 8.39972 -10.6112 -1.8116e-17 4.82109 0.421791 2.73692 -5.92337 -5.0567 -2.00958e-17 4.83041 0.765062 2.54182 -10.0738 1.08545 1.23299 -7.60731 7.53374 6.2359 4.4037 -4.15935 12.9547 3.2495 -3.26872 -70.5291 43.388 3.85095 29.2081 0.0598081 0.137039 3.21202 -0.424914 -15.6601 24.234 0.0496219 0.113701 -20.4973 -58.9976 -18.6983 -1.23299 -7.60729 7.53365 -20.0755 1.15559 -0.0895124 -12.9547 3.2495 -3.26872 73.3758 40.8518 2.11124 -29.2081 0.0598081 0.137039 -4.26017 -0.765672 20.9633 -24.234 0.0496218 0.113702 22.936 -69.182 17.4697 9.23673 -4.20556 2.0327 -2.65759 1.08938 -19.8053 -0.852353 -38.7721 -0.655187 -1.26918 4.73841 -0.0302375 -2.32622 -40.4017 -6.04875 -8.05485 3.414 16.554 0.779096 -9.8844 12.4959 -8.0167e-16 -8.33718e-16 5.10036e-17 -9.23673 -4.20556 2.0327 -14.7572 -1.20821 7.36524 0.852353 -38.7721 -0.655187 2.63825 9.80354 -0.0547368 2.32622 -40.4017 -6.04875 3.10211 -9.54773 -15.5533 -0.779096 -9.8844 12.4959 -5.75434e-16 -5.60063e-16 -1.27477e-14 
0.411567 92.0491 77.1843 -10.0826 6.70952 -174.456 0 5.07867 -1.15138 -3.13835 3.2836 0.196659 0 5.61661 1.07143 -2.45218 2.65929 -0.203531 -1.02604e-17 5.98978 0.11501 -1.86308 2.72084 -0.165109 -1.10457e-17 6.50583 -0.443523 -1.16406 2.35177 -0.216254 -1.97295e-17 7.60548 -1.50593 -0.502634 1.90468 -0.200925 -2.53307e-17 9.49737 -0.914492 0.205263 1.28474 -0.400214 -2.90401e-17 10.5513 1.57691 0.112894 0.559072 -0.212037 -1.29193e-17 4.78644 0.715339 2.27484 9.29531 -10.6299 -1.8116e-17 4.82109 0.421791 2.59082 -5.91326 -5.07872 -2.00958e-17 4.83041 0.765062 2.66433 -10.34 0.848876 1.23299 -7.60731 7.53374 7.50075 3.96448 -3.49726 12.9547 3.2495 -3.26872 -70.9843 43.9951 3.05208 29.2081 0.0598081 0.137039 3.28381 -0.44488 -16.0188 24.234 0.0496219 0.113701 -19.0882 -58.2269 -16.987 -1.23299 -7.60729 7.53365 -19.2413 1.04326 -0.201232 -12.9547 3.2495 -3.26872 77.4552 40.3636 1.55522 -29.2081 0.0598081 0.137039 -4.11592 -0.71232 20.2238 -24.234 0.0496218 0.113702 13.7206 -67.6129 9.15715 9.23673 -4.20556 2.0327 -2.90287 1.45903 -20.0431 -0.852353 -38.7721 -0.655187 -1.12462 4.19946 -0.0320953 -2.32622 -40.4017 -6.04875 -7.49809 3.49896 16.4097 0.779096 -9.8844 12.4959 1.55237e-15 -7.35633e-16 -4.70812e-17 -9.23673 -4.20556 2.0327 -15.0851 -0.838137 6.87817 0.852353 -38.7721 -0.655187 2.54346 9.45605 -0.0449479 2.32622 -40.4017 -6.04875 2.9401 -9.43189 -15.5203 -0.779096 -9.8844 12.4959 -2.5319e-15 -4.86499e-16 -1.26624e-14 
0.0641777 92.0638 77.0688 -10.1439 6.71476 -174.33 0 5.07867 -1.15138 -3.3401 3.48545 0.180674 0 5.61661 1.07143 -2.60652 2.75417 -0.242719 -1.02604e-17 5.98978 0.11501 -1.97946 2.68549 -0.205769 -1.10457e-17 6.50583 -0.443523 -1.23335 2.1155 -0.26137 -1.97295e-17 7.60548 -1.50593 -0.535906 1.54357 -0.23992 -2.53307e-17 9.49737 -0.914492 0.209889 0.790944 -0.439473 -2.90401e-17 10.5513 1.57691 0.117178 0.586474 -0.216749 -1.29193e-17 4.78644 0.715339 2.30131 9.4559 -10.0361 -1.8116e-17 4.82109 0.421791 2.79804 -5.42308 -4.77801 -2.00958e-17 4.83041 0.765062 2.07821 -10.1088 0.298079 1.23299 -7.60731 7.53374 9.03352 4.05185 -3.25253 12.9547 3.2495 -3.26872 -72.7393 43.9195 3.69685 29.2081 0.0598081 0.137039 3.37629 -0.471315 -16.4817 24.234 0.0496219 0.113701 -17.9728 -57.5811 -16.3941 -1.23299 -7.60729 7.53365 -20.2215 1.2567 -0.256975 -12.9547 3.2495 -3.26872 79.7213 39.7606 0.804042 -29.2081 0.0598081 0.137039 -4.02037 -0.678142 19.7358 -24.234 0.0496218 0.113702 14.0158 -65.784 8.29591 9.23673 -4.20556 2.0327 -3.06861 1.92907 -19.8357 -0.852353 -38.7721 -0.655187 -0.949075 3.54443 -0.0325175 -2.32622 -40.4017 -6.04875 -7.50272 3.55731 16.3914 0.779096 -9.8844 12.4959 3.55067e-15 -6.48338e-16 -1.34376e-16 -9.23673 -4.20556 2.0327 -15.4727 -0.828057 6.6869 0.852353 -38.7721 -0.655187 2.58401 9.60479 -0.0490652 2.32622 -40.4017 -6.04875 3.66631 -9.51255 -15.5 -0.779096 -9.8844 12.4959 -3.35842e-15 -4.48246e-16 -1.26238e-14 
-0.225937 92.0985 77.0421 -10.2601 6.86592 -174.343 0 5.07867 -1.15138 -3.49585 3.66451 0.164178 0 5.61661 1.07143 -2.73698 2.83971 -0.272509 -1.02604e-17 5.98978 0.11501 -2.09034 2.6774 -0.238202 -1.10457e-17 6.50583 -0.443523 -1.31678 1.96677 -0.295105 -1.97295e-17 7.60548 -1.50593 -0.601673 1.30242 -0.268401 -2.53307e-17 9.49737 -0.914492 0.165825 0.452486 -0.450153 -2.90401e-17 10.5513 1.57691 0.113983 0.586784 -0.217959 -1.29193e-17 4.78644 0.715339 2.32237 9.87633 -9.83992 -1.8116e-17 4.82109 0.421791 2.56402 -5.22669 -4.67474 -2.00958e-17 4.83041 0.765062 2.12256 -9.95189 0.421918 1.23299 -7.60731 7.53374 10.202 4.05563 -3.27571 12.9547 3.2495 -3.26872 -73.8547 43.777 4.15035 29.2081 0.0598081 0.137039 3.42434 -0.485372 -16.7227 24.234 0.0496219 0.113701 -17.5928 -57.3466 -16.4998 -1.23299 -7.60729 7.53365 -20.9834 1.38003 -0.142534 -12.9547 3.2495 -3.26872 81.6198 39.8064 -0.309186 -29.2081 0.0598081 0.137039 -3.82103 -0.609769 18.7221 -24.234 0.0496218 0.113702 16.2154 -64.6637 10.046 9.23673 -4.20556 2.0327 -3.2693 2.45445 -19.6756 -0.852353 -38.7721 -0.655187 -0.790533 2.95247 -0.0311702 -2.32622 -40.4017 -6.04875 -7.45972 3.82038 16.3975 0.779096 -9.8844 12.4959 -6.55232e-16 -8.27508e-16 4.47931e-17 -9.23673 -4.20556 2.0327 -15.7895 -0.911324 6.68487 0.852353 -38.7721 -0.655187 2.68146 9.96177 -0.059391 2.32622 -40.4017 -6.04875 3.44635 -9.25922 -15.5141 -0.779096 -9.8844 12.4959 8.78865e-16 -6.28723e-16 -1.28043e-14 
-0.51852 92.1344 77.0448 -10.3928 7.03473 -174.394 0 5.07867 -1.15138 -3.53109 3.80011 0.207264 0 5.61661 1.07143 -2.7783 2.91335 -0.214935 -1.02604e-17 5.98978 0.11501 -2.13611 2.70477 -0.175478 -1.10457e-17 6.50583 -0.443523 -1.36468 1.91566 -0.227612 -1.97295e-17 7.60548 -1.50593 -0.636642 1.19842 -0.196226 -2.53307e-17 9.49737 -0.914492 0.157448 0.298559 -0.364592 -2.90401e-17 10.5513 1.57691 0.11558 0.587997 -0.20079 -1.29193e-17 4.78644 0.715339 2.27614 10.2045 -9.86675 -1.8116e-17 4.82109 0.421791 2.50275 -5.24021 -4.68894 -2.00958e-17 4.83041 0.765062 1.81172 -9.95967 0.342615 1.23299 -7.60731 7.53374 11.5897 3.90482 -3.02017 12.9547 3.2495 -3.26872 -74.5657 44.2288 3.60769 29.2081 0.0598081 0.137039 3.49049 -0.50508 -17.0548 24.234 0.0496219 0.113701 -17.5117 -57.1672 -16.5662 -1.23299 -7.60729 7.53365 -21.3234 1.55493 -0.113651 -12.9547 3.2495 -3.26872 82.2989 39.582 -1.2508 -29.2081 0.0598081 0.137039 -3.59369 -0.536552 17.573 -24.234 0.0496218 0.113702 19.2232 -63.9904 12.6798 9.23673 -4.20556 2.0327 -3.49667 2.85158 -19.4476 -0.852353 -38.7721 -0.655187 -0.688023 2.56959 -0.0294258 -2.32622 -40.4017 -6.04875 -7.44006 4.11165 16.4118 0.779096 -9.8844 12.4959 -1.1574e-15 -8.44508e-16 6.17933e-17 -9.23673 -4.20556 2.0327 -16.1792 -1.07852 6.9714 0.852353 -38.7721 -0.655187 2.80999 10.4316 -0.0739408 2.32622 -40.4017 -6.04875 3.98433 -9.16739 -15.5302 -0.779096 -9.8844 12.4959 -1.32873e-15 -5.36849e-16 -1.27124e-14 
-0.843318 92.1489 77.0148 -10.5476 7.0551 -174.36 0 5.07867 -1.15138 -3.6232 3.93957 0.234581 0 5.61661 1.07143 -2.86368 2.98985 -0.1885 -1.02604e-17 5.98978 0.11501 -2.21284 2.72588 -0.147151 -1.10457e-17 6.50583 -0.443523 -1.4326 1.84453 -0.196325 -1.97295e-17 7.60548 -1.50593 -0.687721 1.07009 -0.156925 -2.53307e-17 9.49737 -0.914492 0.131842 0.138152 -0.308477 -2.90401e-17 10.5513 1.57691 0.110548 0.595916 -0.183605 -1.29193e-17 4.78644 0.715339 2.12616 10.0549 -9.92438 -1.8116e-17 4.82109 0.421791 2.33249 -5.09261 -4.71378 -2.00958e-17 4.83041 0.765062 1.82569 -9.6571 0.395265 1.23299 -7.60731 7.53374 12.4407 3.89608 -2.99755 12.9547 3.2495 -3.26872 -75.2115 44.1006 3.70863 29.2081 0.0598081 0.137039 3.69305 -0.568045 -18.0754 24.234 0.0496219 0.113701 -16.3611 -56.8625 -15.6942 -1.23299 -7.60729 7.53365 -21.2779 1.78925 0.14007 -12.9547 3.2495 -3.26872 82.8929 39.5205 -2.23458 -29.2081 0.0598081 0.137039 -3.48748 -0.504064 17.0386 -24.234 0.0496218 0.113702 21.1299 -63.9134 14.4061 9.23673 -4.20556 2.0327 -3.79064 3.02037 -19.3055 -0.852353 -38.7721 -0.655187 -0.629018 2.34917 -0.0281109 -2.32622 -40.4017 -6.04875 -7.24627 4.30874 16.3736 0.779096 -9.8844 12.4959 3.80578e-16 -7.84349e-16 1.63435e-18 -9.23673 -4.20556 2.0327 -16.5768 -1.10678 6.98574 0.852353 -38.7721 -0.655187 2.83743 10.5318 -0.0771837 2.32622 -40.4017 -6.04875 4.26754 -9.13795 -15.5338 -0.779096 -9.8844 12.4959 -1.39149e-15 -5.34234e-16 -1.27098e-14 
-1.20601 92.149 76.9569 -10.7294 6.98157 -174.245 0 5.07867 -1.15138 -3.75536 3.96336 0.244789 0 5.61661 1.07143 -2.97874 2.99421 -0.182577 -1.02604e-17 5.98978 0.11501 -2.30459 2.71381 -0.135388 -1.10457e-17 6.50583 -0.443523 -1.50252 1.80007 -0.178731 -1.97295e-17 7.60548 -1.50593 -0.729881 1.01554 -0.129382 -2.53307e-17 9.49737 -0.914492 0.121928 0.0810047 -0.277192 -2.90401e-17 10.5513 1.57691 0.105491 0.600851 -0.163988 -1.29193e-17 4.78644 0.715339 1.97586 9.88301 -9.82034 -1.8116e-17 4.82109 0.421791 2.29392 -4.98854 -4.66808 -2.00958e-17 4.83041 0.765062 1.72645 -9.36511 0.251277 1.23299 -7.60731 7.53374 13.3331 3.83688 -2.77469 12.9547 3.2495 -3.26872 -75.5758 44.0301 3.31424 29.2081 0.0598081 0.137039 3.87341 -0.627467 -18.989 24.234 0.0496219 0.113701 -15.101 -56.4547 -14.4253 -1.23299 -7.60729 7.53365 -20.9881 1.96901 0.295917 -12.9547 3.2495 -3.26872 83.361 39.5402 -3.13219 -29.2081 0.0598081 0.137039 -3.4434 -0.490894 16.8172 -24.234 0.0496218 0.113702 22.262 -64.0718 15.4253 9.23673 -4.20556 2.0327 -4.14117 3.0754 -19.2811 -0.852353 -38.7721 -0.655187 -0.587104 2.19259 -0.027039 -2.32622 -40.4017 -6.04875 -7.14806 4.39719 16.3581 0.779096 -9.8844 12.4959 -1.51311e-15 -8.67394e-16 8.46792e-17 -9.23673 -4.20556 2.0327 -17.0193 -1.18565 7.09552 0.852353 -38.7721 -0.655187 2.87421 10.6659 -0.0816058 2.32622 -40.4017 -6.04875 4.31197 -9.12504 -15.5263 -0.779096 -9.8844 12.4959 5.44032e-16 -6.18913e-16 -1.27945e-14 
-1.61156 92.1419 76.8676 -10.8712 6.83957 -174.044 0 5.07867 -1.15138 -3.8613 3.91683 0.233863 0 5.61661 1.07143 -3.06898 2.95062 -0.199056 -1.02604e-17 5.98978 0.11501 -2.37551 2.67064 -0.149237 -1.10457e-17 6.50583 -0.443523 -1.55485 1.7572 -0.187985 -1.97295e-17 7.60548 -1.50593 -0.764044 0.981957 -0.130867 -2.53307e-17 9.49737 -0.914492 0.106974 0.0643528 -0.272007 -2.90401e-17 10.5513 1.57691 0.0989169 0.603518 -0.148509 -1.29193e-17 4.78644 0.715339 1.84752 9.65817 -9.8698 -1.8116e-17 4.82109 0.421791 2.21005 -4.82847 -4.69219 -2.00958e-17 4.83041 0.765062 1.67515 -9.07324 0.365336 1.23299 -7.60731 7.53374 13.7957 3.79891 -2.58793 12.9547 3.2495 -3.26872 -75.7112 43.7141 3.12779 29.2081 0.0598081 0.137039 4.02568 -0.680131 -19.7639 24.234 0.0496219 0.113701 -14.0163 -55.7251 -13.3291 -1.23299 -7.60729 7.53365 -20.6818 2.14044 0.431798 -12.9547 3.2495 -3.26872 83.7275 39.3685 -4.0374 -29.2081 0.0598081 0.137039 -3.41336 -0.482026 16.6665 -24.234 0.0496218 0.113702 23.3377 -64.0994 16.4396 9.23673 -4.20556 2.0327 -4.47899 2.98283 -19.3981 -0.852353 -38.7721 -0.655187 -0.590448 2.20508 -0.0271287 -2.32622 -40.4017 -6.04875 -7.03341 4.35329 16.3328 0.779096 -9.8844 12.4959 1.1443e-15 -7.48713e-16 -3.40019e-17 -9.23673 -4.20556 2.0327 -17.4763 -1.17416 6.9976 0.852353 -38.7721 -0.655187 2.86328 10.6261 -0.0802831 2.32622 -40.4017 -6.04875 4.75402 -9.23747 -15.5262 -0.779096 -9.8844 12.4959 -5.6496e-16 -5.60717e-16 -1.27484e-14 
-2.03793 92.1336 76.8177 -11.0034 6.66629 -173.857 0 5.07867 -1.15138 -3.94695 3.94686 0.213772 0 5.61661 1.07143 -3.14193 2.93605 -0.210459 -1.02604e-17 5.98978 0.11501 -2.43331 2.58428 -0.15392 -1.10457e-17 6.50583 -0.443523 -1.59359 1.55741 -0.191471 -1.97295e-17 7.60548 -1.50593 -0.785263 0.751833 -0.129314 -2.53307e-17 9.49737 -0.914492 0.0973595 -0.26475 -0.275107 -2.90401e-17 10.5513 1.57691 0.0989484 0.62524 -0.140881 -1.29193e-17 4.78644 0.715339 1.82646 10.1157 -9.60603 -1.8116e-17 4.82109 0.421791 2.08018 -4.67603 -4.57802 -2.00958e-17 4.83041 0.765062 1.44034 -8.99566 -0.041858 1.23299 -7.60731 7.53374 16.0164 3.73938 -1.97951 12.9547 3.2495 -3.26872 -77.2922 44.3175 3.04528 29.2081 0.0598081 0.137039 4.17266 -0.733165 -20.5153 24.234 0.0496219 0.113701 -13.7087 -55.1117 -12.5167 -1.23299 -7.60729 7.53365 -21.3521 2.25751 0.261811 -12.9547 3.2495 -3.26872 85.8468 38.7207 -5.17539 -29.2081 0.0598081 0.137039 -3.38982 -0.475139 16.5484 -24.234 0.0496218 0.113702 22.1605 -63.3851 15.2641 9.23673 -4.20556 2.0327 -4.83892 2.8321 -19.5889 -0.852353 -38.7721 -0.655187 -0.603061 2.2522 -0.0274606 -2.32622 -40.4017 -6.04875 -6.78058 4.33416 16.2721 0.779096 -9.8844 12.4959 4.43347e-16 -7.81734e-16 -9.81056e-19 -9.23673 -4.20556 2.0327 -17.9022 -1.16178 6.7291 0.852353 -38.7721 -0.655187 2.82033 10.4693 -0.0751567 2.32622 -40.4017 -6.04875 4.73746 -9.17516 -15.5007 -0.779096 -9.8844 12.4959 -1.75767e-15 -5.10694e-16 -1.26987e-14 
-2.44548 92.1393 76.8452 -11.1156 6.61992 -173.725 0 5.07867 -1.15138 -4.03161 4.12737 0.156968 0 5.61661 1.07143 -3.20263 3.03792 -0.269653 -1.02604e-17 5.98978 0.11501 -2.4801 2.5947 -0.213688 -1.10457e-17 6.50583 -0.443523 -1.61924 1.42321 -0.25214 -1.97295e-17 7.60548 -1.50593 -0.804595 0.550666 -0.18873 -2.53307e-17 9.49737 -0.914492 0.0741547 -0.541765 -0.332164 -2.90401e-17 10.5513 1.57691 0.100119 0.63099 -0.134271 -1.29193e-17 4.78644 0.715339 1.7174 9.957 -9.30108 -1.8116e-17 4.82109 0.421791 2.00382 -4.48877 -4.43489 -2.00958e-17 4.83041 0.765062 1.21979 -8.70602 -0.170677 1.23299 -7.60731 7.53374 17.3457 3.88421 -1.80175 12.9547 3.2495 -3.26872 -78.8135 44.2913 3.48712 29.2081 0.0598081 0.137039 4.35423 -0.801714 -21.4484 24.234 0.0496219 0.113701 -12.5598 -54.5787 -11.4724 -1.23299 -7.60729 7.53365 -21.8491 2.44574 0.349079 -12.9547 3.2495 -3.26872 86.2573 37.9502 -5.90908 -29.2081 0.0598081 0.137039 -3.44956 -0.492724 16.8481 -24.234 0.0496218 0.113702 23.0584 -62.6597 15.6106 9.23673 -4.20556 2.0327 -5.1258 2.75456 -19.6688 -0.852353 -38.7721 -0.655187 -0.624043 2.33058 -0.0279897 -2.32622 -40.4017 -6.04875 -6.9062 4.28988 16.2948 0.779096 -9.8844 12.4959 -2.28732e-15 -8.91588e-16 1.08873e-16 -9.23673 -4.20556 2.0327 -18.3329 -1.21457 6.528 0.852353 -38.7721 -0.655187 2.82352 10.481 -0.0755336 2.32622 -40.4017 -6.04875 5.34574 -9.13703 -15.5065 -0.779096 -9.8844 12.4959 1.46462e-16 -5.94065e-16 -1.277e-14 
-2.80364 92.1547 76.94 -11.1543 6.66883 -173.684 0 5.07867 -1.15138 -4.11621 4.24427 0.112481 0 5.61661 1.07143 -3.26751 3.11166 -0.319676 -1.02604e-17 5.98978 0.11501 -2.53001 2.62538 -0.262618 -1.10457e-17 6.50583 -0.443523 -1.6511 1.37819 -0.299642 -1.97295e-17 7.60548 -1.50593 -0.828956 0.472726 -0.231746 -2.53307e-17 9.49737 -0.914492 0.0507727 -0.644416 -0.373785 -2.90401e-17 10.5513 1.57691 0.0980988 0.632604 -0.128601 -1.29193e-17 4.78644 0.715339 1.66029 9.97436 -9.21703 -1.8116e-17 4.82109 0.421791 1.87248 -4.43673 -4.39422 -2.00958e-17 4.83041 0.765062 1.28542 -8.64411 0.0653158 1.23299 -7.60731 7.53374 18.0967 3.90713 -1.69453 12.9547 3.2495 -3.26872 -78.9095 44.1198 3.10205 29.2081 0.0598081 0.137039 4.36409 -0.805534 -21.4993 24.234 0.0496219 0.113701 -12.6519 -54.1261 -11.4091 -1.23299 -7.60729 7.53365 -21.8511 2.52389 0.448226 -12.9547 3.2495 -3.26872 86.4321 37.5219 -6.30636 -29.2081 0.0598081 0.137039 -3.43987 -0.489851 16.7995 -24.234 0.0496218 0.113702 23.7711 -62.2188 16.3291 9.23673 -4.20556 2.0327 -5.31388 2.79255 -19.7708 -0.852353 -38.7721 -0.655187 -0.622373 2.32434 -0.0279486 -2.32622 -40.4017 -6.04875 -6.93771 4.30124 16.3095 0.779096 -9.8844 12.4959 -2.36057e-15 -8.94531e-16 1.11816e-16 -9.23673 -4.20556 2.0327 -18.6022 -1.30733 6.35491 0.852353 -38.7721 -0.655187 2.84434 10.557 -0.0780083 2.32622 -40.4017 -6.04875 5.3122 -8.83409 -15.5325 -0.779096 -9.8844 12.4959 9.72994e-16 -6.32645e-16 -1.28082e-14 
-3.11465 92.1616 77.073 -11.1502 6.76988 -173.725 0 5.07867 -1.15138 -4.18248 4.37396 0.0752473 0 5.61661 1.07143 -3.31668 3.1994 -0.368922 -1.02604e-17 5.98978 0.11501 -2.56471 2.66814 -0.312286 -1.10457e-17 6.50583 -0.443523 -1.67168 1.33969 -0.348782 -1.97295e-17 7.60548 -1.50593 -0.843478 0.393013 -0.276393 -2.53307e-17 9.49737 -0.914492 0.0347485 -0.736258 -0.420992 -2.90401e-17 10.5513 1.57691 0.0956239 0.647126 -0.124614 -1.29193e-17 4.78644 0.715339 1.58559 9.86245 -9.0723 -1.8116e-17 4.82109 0.421791 1.80739 -4.40281 -4.32786 -2.00958e-17 4.83041 0.765062 1.26004 -8.48271 0.278 1.23299 -7.60731 7.53374 18.3403 3.98262 -1.60489 12.9547 3.2495 -3.26872 -78.8352 43.9798 2.78034 29.2081 0.0598081 0.137039 4.36012 -0.803995 -21.4788 24.234 0.0496219 0.113701 -12.48 -53.8669 -11.1873 -1.23299 -7.60729 7.53365 -21.5275 2.61595 0.530242 -12.9547 3.2495 -3.26872 86.107 36.9002 -6.29356 -29.2081 0.0598081 0.137039 -3.43744 -0.489131 16.7873 -24.234 0.0496218 0.113702 23.8518 -61.598 16.3539 9.23673 -4.20556 2.0327 -5.43134 2.82793 -19.7566 -0.852353 -38.7721 -0.655187 -0.635537 2.37352 -0.0282674 -2.32622 -40.4017 -6.04875 -6.89285 4.29773 16.3047 0.779096 -9.8844 12.4959 4.22021e-15 -6.16299e-16 -1.66415e-16 -9.23673 -4.20556 2.0327 -18.8297 -1.42042 6.24718 0.852353 -38.7721 -0.655187 2.86815 10.6438 -0.0808715 2.32622 -40.4017 -6.04875 5.74683 -8.62343 -15.5383 -0.779096 -9.8844 12.4959 -3.26423e-15 -4.52171e-16 -1.26277e-14 
-3.38539 92.1513 77.2026 -11.1255 6.82714 -173.85 0 5.07867 -1.15138 -4.26447 4.48684 0.0413596 0 5.61661 1.07143 -3.38119 3.27102 -0.416884 -1.02604e-17 5.98978 0.11501 -2.61167 2.69071 -0.359911 -1.10457e-17 6.50583 -0.443523 -1.70087 1.28261 -0.397352 -1.97295e-17 7.60548 -1.50593 -0.863573 0.294121 -0.319768 -2.53307e-17 9.49737 -0.914492 0.0160564 -0.863575 -0.468558 -2.90401e-17 10.5513 1.57691 0.0944906 0.659848 -0.124531 -1.29193e-17 4.78644 0.715339 1.51462 9.78278 -8.79681 -1.8116e-17 4.82109 0.421791 1.72756 -4.33406 -4.20293 -2.00958e-17 4.83041 0.765062 1.30173 -8.32105 0.35046 1.23299 -7.60731 7.53374 18.6872 4.08128 -1.55034 12.9547 3.2495 -3.26872 -78.9148 43.9204 2.65101 29.2081 0.0598081 0.137039 4.34155 -0.796816 -21.3831 24.234 0.0496219 0.113701 -12.5353 -53.8209 -11.1753 -1.23299 -7.60729 7.53365 -21.3017 2.66494 0.617106 -12.9547 3.2495 -3.26872 85.915 36.4675 -6.23154 -29.2081 0.0598081 0.137039 -3.46206 -0.496446 16.9109 -24.234 0.0496218 0.113702 23.6394 -61.0939 16.0819 9.23673 -4.20556 2.0327 -5.51562 2.86341 -19.6481 -0.852353 -38.7721 -0.655187 -0.63058 2.355 -0.0281487 -2.32622 -40.4017 -6.04875 -6.78952 4.24763 16.2787 0.779096 -9.8844 12.4959 1.30127e-15 -7.41845e-16 -4.08693e-17 -9.23673 -4.20556 2.0327 -18.9889 -1.57622 6.0909 0.852353 -38.7721 -0.655187 2.88231 10.6955 -0.0825913 2.32622 -40.4017 -6.04875 5.78038 -8.39553 -15.5263 -0.779096 -9.8844 12.4959 -1.44382e-15 -5.31945e-16 -1.27075e-14 
-3.63964 92.1325 77.3114 -11.0563 6.82827 -174.053 0 5.07867 -1.15138 -4.36305 4.52638 0.00967612 0 5.61661 1.07143 -3.45876 3.29777 -0.468667 -1.02604e-17 5.98978 0.11501 -2.66601 2.69816 -0.413197 -1.10457e-17 6.50583 -0.443523 -1.73404 1.25641 -0.451247 -1.97295e-17 7.60548 -1.50593 -0.883989 0.249215 -0.367864 -2.53307e-17 9.49737 -0.914492 0.000565649 -0.90824 -0.522024 -2.90401e-17 10.5513 1.57691 0.0940577 0.668056 -0.128657 -1.29193e-17 4.78644 0.715339 1.47302 9.69926 -8.51902 -1.8116e-17 4.82109 0.421791 1.70687 -4.3122 -4.07438 -2.00958e-17 4.83041 0.765062 1.38216 -8.2232 0.511284 1.23299 -7.60731 7.53374 18.5727 4.16056 -1.51714 12.9547 3.2495 -3.26872 -78.869 43.8199 2.50533 29.2081 0.0598081 0.137039 4.28754 -0.776143 -21.105 24.234 0.0496219 0.113701 -12.1561 -53.885 -10.9122 -1.23299 -7.60729 7.53365 -20.999 2.66689 0.647607 -12.9547 3.2495 -3.26872 85.6728 36.1079 -6.0419 -29.2081 0.0598081 0.137039 -3.49947 -0.507677 17.0989 -24.234 0.0496218 0.113702 23.2579 -60.5503 15.7044 9.23673 -4.20556 2.0327 -5.55356 2.86106 -19.4435 -0.852353 -38.7721 -0.655187 -0.620179 2.31615 -0.0278944 -2.32622 -40.4017 -6.04875 -6.64185 4.12577 16.2436 0.779096 -9.8844 12.4959 3.15308e-15 -6.60763e-16 -1.21951e-16 -9.23673 -4.20556 2.0327 -19.1024 -1.77201 6.068 0.852353 -38.7721 -0.655187 2.88138 10.6921 -0.082479 2.32622 -40.4017 -6.04875 6.01877 -8.27059 -15.5125 -0.779096 -9.8844 12.4959 -2.93991e-15 -4.61652e-16 -1.26372e-14 
-3.88322 92.1205 77.3885 -10.9803 6.81953 -174.291 0 5.07867 -1.15138 -4.42278 4.54298 -0.0105843 0 5.61661 1.07143 -3.50803 3.30191 -0.50029 -1.02604e-17 5.98978 0.11501 -2.70141 2.68275 -0.44461 -1.10457e-17 6.50583 -0.443523 -1.75611 1.21205 -0.483861 -1.97295e-17 7.60548 -1.50593 -0.897776 0.19088 -0.396172 -2.53307e-17 9.49737 -0.914492 -0.0112549 -0.980447 -0.554932 -2.90401e-17 10.5513 1.57691 0.0943519 0.674169 -0.132474 -1.29193e-17 4.78644 0.715339 1.44247 9.67363 -8.34541 -1.8116e-17 4.82109 0.421791 1.64866 -4.28474 -3.99832 -2.00958e-17 4.83041 0.765062 1.43648 -8.11077 0.683224 1.23299 -7.60731 7.53374 18.6945 4.22816 -1.46418 12.9547 3.2495 -3.26872 -78.7664 43.8381 2.35909 29.2081 0.0598081 0.137039 4.20443 -0.744915 -20.6782 24.234 0.0496219 0.113701 -12.6304 -53.9278 -11.2234 -1.23299 -7.60729 7.53365 -20.8131 2.67332 0.665852 -12.9547 3.2495 -3.26872 85.4369 35.752 -5.86512 -29.2081 0.0598081 0.137039 -3.51425 -0.512151 17.1732 -24.234 0.0496218 0.113702 23.0379 -60.0269 15.503 9.23673 -4.20556 2.0327 -5.57753 2.85745 -19.2183 -0.852353 -38.7721 -0.655187 -0.61001 2.27816 -0.027639 -2.32622 -40.4017 -6.04875 -6.55861 4.01159 16.218 0.779096 -9.8844 12.4959 1.08565e-16 -7.91541e-16 8.82684e-18 -9.23673 -4.20556 2.0327 -19.187 -1.91435 6.03926 0.852353 -38.7721 -0.655187 2.85349 10.5904 -0.0791043 2.32622 -40.4017 -6.04875 6.1775 -8.12298 -15.5007 -0.779096 -9.8844 12.4959 -2.72037e-16 -5.8066e-16 -1.27562e-14 
-4.12785 92.1214 77.4483 -10.8892 6.83813 -174.49 0 5.07867 -1.15138 -4.4701 4.59255 -0.0381661 0 5.61661 1.07143 -3.54305 3.32562 -0.538393 -1.02604e-17 5.98978 0.11501 -2.72359 2.67082 -0.48296 -1.10457e-17 6.50583 -0.443523 -1.76633 1.14268 -0.524173 -1.97295e-17 7.60548 -1.50593 -0.90295 0.0950264 -0.434374 -2.53307e-17 9.49737 -0.914492 -0.0212685 -1.10427 -0.601393 -2.90401e-17 10.5513 1.57691 0.0951199 0.682618 -0.13601 -1.29193e-17 4.78644 0.715339 1.40454 9.60132 -8.13949 -1.8116e-17 4.82109 0.421791 1.57807 -4.23935 -3.90863 -2.00958e-17 4.83041 0.765062 1.46381 -7.88632 0.758237 1.23299 -7.60731 7.53374 18.8946 4.35187 -1.45359 12.9547 3.2495 -3.26872 -78.9865 44.0234 2.49204 29.2081 0.0598081 0.137039 4.15647 -0.727218 -20.4324 24.234 0.0496219 0.113701 -12.9034 -54.1555 -11.3628 -1.23299 -7.60729 7.53365 -20.6189 2.69965 0.732142 -12.9547 3.2495 -3.26872 85.2047 35.3293 -5.70925 -29.2081 0.0598081 0.137039 -3.5544 -0.524409 17.3752 -24.234 0.0496218 0.113702 22.5926 -59.5475 15.0428 9.23673 -4.20556 2.0327 -5.58991 2.85578 -19.0126 -0.852353 -38.7721 -0.655187 -0.613276 2.29036 -0.0277218 -2.32622 -40.4017 -6.04875 -6.43102 3.93341 16.1897 0.779096 -9.8844 12.4959 -1.52357e-15 -8.67721e-16 8.50062e-17 -9.23673 -4.20556 2.0327 -19.2354 -1.89933 5.95644 0.852353 -38.7721 -0.655187 2.77309 10.2969 -0.0696555 2.32622 -40.4017 -6.04875 6.39093 -7.92538 -15.4903 -0.779096 -9.8844 12.4959 1.34963e-15 -6.44415e-16 -1.28321e-14 
-4.36937 92.1282 77.5021 -10.8068 6.865 -174.644 0 5.07867 -1.15138 -4.45298 4.60445 -0.0630506 0 5.61661 1.07143 -3.52572 3.33306 -0.560421 -1.02604e-17 5.98978 0.11501 -2.70892 2.67214 -0.502288 -1.10457e-17 6.50583 -0.443523 -1.75322 1.14245 -0.543618 -1.97295e-17 7.60548 -1.50593 -0.896951 0.0893602 -0.455651 -2.53307e-17 9.49737 -0.914492 -0.0286368 -1.11583 -0.626477 -2.90401e-17 10.5513 1.57691 0.0986081 0.67428 -0.13219 -1.29193e-17 4.78644 0.715339 1.32124 9.32203 -8.0213 -1.8116e-17 4.82109 0.421791 1.51639 -4.20543 -3.86207 -2.00958e-17 4.83041 0.765062 1.39157 -7.66643 0.750565 1.23299 -7.60731 7.53374 19.0356 4.44499 -1.53057 12.9547 3.2495 -3.26872 -79.2346 44.3743 2.47347 29.2081 0.0598081 0.137039 4.1124 -0.711158 -20.2068 24.234 0.0496219 0.113701 -13.1447 -54.5664 -11.5578 -1.23299 -7.60729 7.53365 -20.3672 2.72523 0.906749 -12.9547 3.2495 -3.26872 84.0439 35.1444 -5.52774 -29.2081 0.0598081 0.137039 -3.59901 -0.538212 17.5999 -24.234 0.0496218 0.113702 23.6829 -59.5963 15.9502 9.23673 -4.20556 2.0327 -5.60237 2.85833 -18.8186 -0.852353 -38.7721 -0.655187 -0.622383 2.32438 -0.0279489 -2.32622 -40.4017 -6.04875 -6.47573 3.83957 16.2002 0.779096 -9.8844 12.4959 -1.17832e-15 -8.45489e-16 6.27742e-17 -9.23673 -4.20556 2.0327 -19.2907 -1.86513 5.79647 0.852353 -38.7721 -0.655187 2.69867 10.0247 -0.0612776 2.32622 -40.4017 -6.04875 6.53971 -7.68944 -15.492 -0.779096 -9.8844 12.4959 -1.70535e-15 -5.12983e-16 -1.2701e-14 
-4.59877 92.1368 77.5508 -10.7164 6.91643 -174.791 0 5.07867 -1.15138 -4.38962 4.57847 -0.072516 0 5.61661 1.07143 -3.47494 3.32058 -0.559391 -1.02604e-17 5.98978 0.11501 -2.6719 2.67717 -0.497211 -1.10457e-17 6.50583 -0.443523 -1.73079 1.18186 -0.536623 -1.97295e-17 7.60548 -1.50593 -0.888785 0.140299 -0.452126 -2.53307e-17 9.49737 -0.914492 -0.0363266 -1.04482 -0.621141 -2.90401e-17 10.5513 1.57691 0.10122 0.662403 -0.125136 -1.29193e-17 4.78644 0.715339 1.23473 8.96014 -8.12964 -1.8116e-17 4.82109 0.421791 1.43497 -4.1938 -3.9184 -2.00958e-17 4.83041 0.765062 1.33337 -7.46599 0.868 1.23299 -7.60731 7.53374 18.7949 4.49881 -1.72066 12.9547 3.2495 -3.26872 -79.208 44.7678 2.31935 29.2081 0.0598081 0.137039 4.04463 -0.686846 -19.8606 24.234 0.0496219 0.113701 -13.3267 -54.989 -11.7636 -1.23299 -7.60729 7.53365 -20.0278 2.74955 1.12028 -12.9547 3.2495 -3.26872 82.644 35.4773 -5.47934 -29.2081 0.0598081 0.137039 -3.6443 -0.552421 17.8283 -24.234 0.0496218 0.113702 25.4206 -60.2617 17.7555 9.23673 -4.20556 2.0327 -5.60121 2.8648 -18.6675 -0.852353 -38.7721 -0.655187 -0.643118 2.40184 -0.0284458 -2.32622 -40.4017 -6.04875 -6.4135 3.75887 16.1907 0.779096 -9.8844 12.4959 -2.71628e-15 -9.17417e-16 1.34702e-16 -9.23673 -4.20556 2.0327 -19.3084 -1.73674 5.60858 0.852353 -38.7721 -0.655187 2.59371 9.64033 -0.0500651 2.32622 -40.4017 -6.04875 6.66554 -7.43823 -15.4992 -0.779096 -9.8844 12.4959 1.30778e-15 -6.42453e-16 -1.28304e-14 
-4.81495 92.1426 77.5923 -10.6194 6.97196 -174.955 0 5.07867 -1.15138 -4.36289 4.53896 -0.0530437 0 5.61661 1.07143 -3.45833 3.29732 -0.534774 -1.02604e-17 5.98978 0.11501 -2.65833 2.67667 -0.467967 -1.10457e-17 6.50583 -0.443523 -1.72503 1.20993 -0.505254 -1.97295e-17 7.60548 -1.50593 -0.88227 0.186967 -0.419278 -2.53307e-17 9.49737 -0.914492 -0.0290686 -0.968129 -0.594785 -2.90401e-17 10.5513 1.57691 0.101973 0.662756 -0.120129 -1.29193e-17 4.78644 0.715339 1.1811 8.74035 -8.36772 -1.8116e-17 4.82109 0.421791 1.4122 -4.26367 -4.03795 -2.00958e-17 4.83041 0.765062 1.36637 -7.30125 1.02796 1.23299 -7.60731 7.53374 18.5508 4.53431 -1.81667 12.9547 3.2495 -3.26872 -78.7629 45.1485 1.98233 29.2081 0.0598081 0.137039 3.95161 -0.654224 -19.3865 24.234 0.0496219 0.113701 -13.9557 -55.2184 -12.1812 -1.23299 -7.60729 7.53365 -19.4302 2.76368 1.24284 -12.9547 3.2495 -3.26872 81.7858 35.747 -5.33807 -29.2081 0.0598081 0.137039 -3.6908 -0.567212 18.063 -24.234 0.0496218 0.113702 25.6542 -60.9305 18.3977 9.23673 -4.20556 2.0327 -5.58389 2.84556 -18.5691 -0.852353 -38.7721 -0.655187 -0.676862 2.52789 -0.0291945 -2.32622 -40.4017 -6.04875 -6.27203 3.68972 16.1558 0.779096 -9.8844 12.4959 -4.84041e-17 -7.98409e-16 1.56942e-17 -9.23673 -4.20556 2.0327 -19.2968 -1.59393 5.48932 0.852353 -38.7721 -0.655187 2.48019 9.22377 -0.0387352 2.32622 -40.4017 -6.04875 6.74712 -7.17202 -15.4918 -0.779096 -9.8844 12.4959 -9.31136e-16 -5.49274e-16 -1.27252e-14 
-4.99765 92.15 77.6329 -10.5405 7.04082 -175.142 0 5.07867 -1.15138 -4.38714 4.50873 -0.0372321 0 5.61661 1.07143 -3.47946 3.2828 -0.522753 -1.02604e-17 5.98978 0.11501 -2.67101 2.67756 -0.453521 -1.10457e-17 6.50583 -0.443523 -1.7318 1.2275 -0.49167 -1.97295e-17 7.60548 -1.50593 -0.879824 0.218071 -0.40215 -2.53307e-17 9.49737 -0.914492 -0.020542 -0.924033 -0.58924 -2.90401e-17 10.5513 1.57691 0.104249 0.663395 -0.120274 -1.29193e-17 4.78644 0.715339 1.1285 8.54596 -8.43775 -1.8116e-17 4.82109 0.421791 1.43688 -4.3068 -4.08204 -2.00958e-17 4.83041 0.765062 1.42588 -7.16884 1.039 1.23299 -7.60731 7.53374 18.6187 4.61265 -1.8595 12.9547 3.2495 -3.26872 -78.7604 45.6137 1.92445 29.2081 0.0598081 0.137039 3.90297 -0.63751 -19.1391 24.234 0.0496219 0.113701 -14.3718 -55.6049 -12.4219 -1.23299 -7.60729 7.53365 -18.9781 2.74371 1.32832 -12.9547 3.2495 -3.26872 81.1391 35.6977 -4.96935 -29.2081 0.0598081 0.137039 -3.76672 -0.591821 18.447 -24.234 0.0496218 0.113702 25.0937 -61.236 17.9405 9.23673 -4.20556 2.0327 -5.56764 2.84106 -18.4222 -0.852353 -38.7721 -0.655187 -0.710084 2.65199 -0.0298591 -2.32622 -40.4017 -6.04875 -6.20041 3.6391 16.1382 0.779096 -9.8844 12.4959 2.48481e-17 -7.95139e-16 1.2424e-17 -9.23673 -4.20556 2.0327 -19.2945 -1.49779 5.42555 0.852353 -38.7721 -0.655187 2.3903 8.8933 -0.0303507 2.32622 -40.4017 -6.04875 6.87382 -6.92046 -15.4806 -0.779096 -9.8844 12.4959 -9.93923e-16 -5.46658e-16 -1.27222e-14 
-5.15548 92.1567 77.6497 -10.4306 7.08856 -175.365 0 5.07867 -1.15138 -4.41063 4.47862 -0.0328138 0 5.61661 1.07143 -3.49967 3.2665 -0.518546 -1.02604e-17 5.98978 0.11501 -2.68628 2.66704 -0.447364 -1.10457e-17 6.50583 -0.443523 -1.73993 1.22812 -0.488163 -1.97295e-17 7.60548 -1.50593 -0.88223 0.229034 -0.397401 -2.53307e-17 9.49737 -0.914492 -0.0207612 -0.92938 -0.591398 -2.90401e-17 10.5513 1.57691 0.109951 0.655814 -0.125035 -1.29193e-17 4.78644 0.715339 1.1043 8.43344 -8.37412 -1.8116e-17 4.82109 0.421791 1.44948 -4.29804 -4.06006 -2.00958e-17 4.83041 0.765062 1.48141 -7.12428 0.918866 1.23299 -7.60731 7.53374 18.998 4.7086 -1.93192 12.9547 3.2495 -3.26872 -79.3424 46.1619 2.15449 29.2081 0.0598081 0.137039 3.86018 -0.622998 -18.9218 24.234 0.0496219 0.113701 -14.7144 -56.1636 -12.7474 -1.23299 -7.60729 7.53365 -19.1171 2.68954 1.34981 -12.9547 3.2495 -3.26872 80.7352 35.8998 -4.73543 -29.2081 0.0598081 0.137039 -3.85437 -0.620931 18.8913 -24.234 0.0496218 0.113702 25.3711 -61.5167 18.0542 9.23673 -4.20556 2.0327 -5.51474 2.86392 -18.203 -0.852353 -38.7721 -0.655187 -0.728633 2.72127 -0.0301989 -2.32622 -40.4017 -6.04875 -6.14958 3.56114 16.1293 0.779096 -9.8844 12.4959 2.48481e-17 -7.95139e-16 1.2424e-17 -9.23673 -4.20556 2.0327 -19.2548 -1.52059 5.45702 0.852353 -38.7721 -0.655187 2.34794 8.73743 -0.0265808 2.32622 -40.4017 -6.04875 6.91396 -6.67004 -15.4771 -0.779096 -9.8844 12.4959 1.67377e-16 -5.95045e-16 -1.27706e-14 
-5.29062 92.1648 77.6417 -10.3036 7.14276 -175.636 0 5.07867 -1.15138 -4.4182 4.43929 -0.0234415 0 5.61661 1.07143 -3.50623 3.24232 -0.510098 -1.02604e-17 5.98978 0.11501 -2.68907 2.65529 -0.438578 -1.10457e-17 6.50583 -0.443523 -1.73907 1.23126 -0.481457 -1.97295e-17 7.60548 -1.50593 -0.877403 0.250503 -0.389697 -2.53307e-17 9.49737 -0.914492 -0.0168822 -0.9068 -0.593855 -2.90401e-17 10.5513 1.57691 0.111609 0.649566 -0.128087 -1.29193e-17 4.78644 0.715339 1.08573 8.39402 -8.47771 -1.8116e-17 4.82109 0.421791 1.407 -4.3725 -4.11789 -2.00958e-17 4.83041 0.765062 1.60633 -7.09795 1.04853 1.23299 -7.60731 7.53374 19.2463 4.78325 -1.95734 12.9547 3.2495 -3.26872 -79.6487 46.5945 2.40384 29.2081 0.0598081 0.137039 3.81233 -0.606987 -18.6791 24.234 0.0496219 0.113701 -15.5675 -56.6512 -13.4691 -1.23299 -7.60729 7.53365 -18.9181 2.65615 1.38677 -12.9547 3.2495 -3.26872 80.3969 35.9488 -4.41699 -29.2081 0.0598081 0.137039 -3.89729 -0.635462 19.1093 -24.234 0.0496218 0.113702 24.9277 -61.6038 17.759 9.23673 -4.20556 2.0327 -5.42711 2.91817 -18.0102 -0.852353 -38.7721 -0.655187 -0.740542 2.76576 -0.0304052 -2.32622 -40.4017 -6.04875 -6.11989 3.46478 16.1247 0.779096 -9.8844 12.4959 3.12165e-15 -6.62073e-16 -1.20642e-16 -9.23673 -4.20556 2.0327 -19.1938 -1.62644 5.68997 0.852353 -38.7721 -0.655187 2.34451 8.72481 -0.0262807 2.32622 -40.4017 -6.04875 7.0449 -6.46421 -15.4874 -0.779096 -9.8844 12.4959 -2.89802e-15 -4.63288e-16 -1.26388e-14 
-5.40098 92.1732 77.6213 -10.1758 7.20864 -175.946 0 5.07867 -1.15138 -4.42926 4.47158 -0.0150241 0 5.61661 1.07143 -3.51801 3.25762 -0.497771 -1.02604e-17 5.98978 0.11501 -2.70213 2.63391 -0.426133 -1.10457e-17 6.50583 -0.443523 -1.74733 1.15459 -0.474631 -1.97295e-17 7.60548 -1.50593 -0.881363 0.158613 -0.384004 -2.53307e-17 9.49737 -0.914492 -0.0204081 -1.07436 -0.590324 -2.90401e-17 10.5513 1.57691 0.120036 0.650513 -0.139502 -1.29193e-17 4.78644 0.715339 1.13726 8.5689 -8.33972 -1.8116e-17 4.82109 0.421791 1.43615 -4.31901 -4.05706 -2.00958e-17 4.83041 0.765062 1.55665 -7.16 0.843334 1.23299 -7.60731 7.53374 20.1647 4.89895 -1.97219 12.9547 3.2495 -3.26872 -81.0102 47.3405 3.06099 29.2081 0.0598081 0.137039 3.81153 -0.606719 -18.675 24.234 0.0496219 0.113701 -15.9724 -57.297 -13.8101 -1.23299 -7.60729 7.53365 -19.9164 2.59986 1.22642 -12.9547 3.2495 -3.26872 80.8964 36.3408 -4.35732 -29.2081 0.0598081 0.137039 -3.97216 -0.66125 19.4902 -24.234 0.0496218 0.113702 25.2999 -61.6811 17.8189 9.23673 -4.20556 2.0327 -5.34004 3.00821 -17.7359 -0.852353 -38.7721 -0.655187 -0.743522 2.77689 -0.0304553 -2.32622 -40.4017 -6.04875 -5.9975 3.41838 16.0957 0.779096 -9.8844 12.4959 4.95703e-16 -7.79443e-16 -3.27167e-18 -9.23673 -4.20556 2.0327 -19.1145 -1.74422 5.973 0.852353 -38.7721 -0.655187 2.34925 8.74225 -0.0266957 2.32622 -40.4017 -6.04875 7.14268 -6.26749 -15.4931 -0.779096 -9.8844 12.4959 -6.5917e-16 -5.56465e-16 -1.27441e-14 
-5.49111 92.1816 77.6005 -10.0501 7.27092 -176.252 0 5.07867 -1.15138 -4.43309 4.50416 -0.0100815 0 5.61661 1.07143 -3.52079 3.27728 -0.492779 -1.02604e-17 5.98978 0.11501 -2.70512 2.63405 -0.423596 -1.10457e-17 6.50583 -0.443523 -1.74722 1.12025 -0.476682 -1.97295e-17 7.60548 -1.50593 -0.880841 0.119618 -0.386755 -2.53307e-17 9.49737 -0.914492 -0.0251796 -1.14591 -0.598231 -2.90401e-17 10.5513 1.57691 0.122117 0.645233 -0.146726 -1.29193e-17 4.78644 0.715339 1.13663 8.58765 -8.35508 -1.8116e-17 4.82109 0.421791 1.394 -4.34748 -4.06944 -2.00958e-17 4.83041 0.765062 1.65151 -7.17144 0.917098 1.23299 -7.60731 7.53374 20.6856 5.00313 -2.03567 12.9547 3.2495 -3.26872 -81.8848 47.5634 3.77887 29.2081 0.0598081 0.137039 3.84098 -0.616546 -18.8244 24.234 0.0496219 0.113701 -16.4895 -57.5636 -14.1959 -1.23299 -7.60729 7.53365 -20.2227 2.566 1.21232 -12.9547 3.2495 -3.26872 80.982 36.4912 -4.13107 -29.2081 0.0598081 0.137039 -4.0508 -0.688933 19.8911 -24.234 0.0496218 0.113702 24.8829 -61.7698 17.3228 9.23673 -4.20556 2.0327 -5.23118 3.10567 -17.4641 -0.852353 -38.7721 -0.655187 -0.74195 2.77102 -0.0304289 -2.32622 -40.4017 -6.04875 -6.03644 3.32656 16.1013 0.779096 -9.8844 12.4959 -7.38883e-16 -8.31102e-16 4.83875e-17 -9.23673 -4.20556 2.0327 -19.0348 -1.88953 6.2228 0.852353 -38.7721 -0.655187 2.36888 8.81452 -0.0284305 2.32622 -40.4017 -6.04875 7.31127 -6.11534 -15.5145 -0.779096 -9.8844 12.4959 -2.09254e-16 -5.83276e-16 -1.27592e-14 
-5.56504 92.1948 77.5809 -9.95599 7.37195 -176.546 0 5.07867 -1.15138 -4.45529 4.5154 -0.00276544 0 5.61661 1.07143 -3.53711 3.2894 -0.490826 -1.02604e-17 5.98978 0.11501 -2.71642 2.64524 -0.423916 -1.10457e-17 6.50583 -0.443523 -1.75177 1.12467 -0.480314 -1.97295e-17 7.60548 -1.50593 -0.881093 0.128421 -0.389384 -2.53307e-17 9.49737 -0.914492 -0.0254397 -1.1436 -0.607081 -2.90401e-17 10.5513 1.57691 0.122688 0.638934 -0.149498 -1.29193e-17 4.78644 0.715339 1.10844 8.51127 -8.38576 -1.8116e-17 4.82109 0.421791 1.38073 -4.39985 -4.08936 -2.00958e-17 4.83041 0.765062 1.76497 -7.16233 1.05447 1.23299 -7.60731 7.53374 20.969 5.08014 -2.06602 12.9547 3.2495 -3.26872 -82.3207 47.8169 4.21245 29.2081 0.0598081 0.137039 3.85907 -0.622624 -18.9162 24.234 0.0496219 0.113701 -16.9971 -57.8785 -14.5334 -1.23299 -7.60729 7.53365 -20.1567 2.54328 1.26819 -12.9547 3.2495 -3.26872 80.622 36.5429 -3.66734 -29.2081 0.0598081 0.137039 -4.07386 -0.697167 20.0089 -24.234 0.0496218 0.113702 24.7193 -61.8227 17.1076 9.23673 -4.20556 2.0327 -5.14972 3.24516 -17.2209 -0.852353 -38.7721 -0.655187 -0.736957 2.75236 -0.030344 -2.32622 -40.4017 -6.04875 -6.08055 3.27776 16.1189 0.779096 -9.8844 12.4959 -1.15739e-15 -8.44508e-16 6.1793e-17 -9.23673 -4.20556 2.0327 -18.9702 -2.02169 6.55059 0.852353 -38.7721 -0.655187 2.4012 8.93342 -0.0313401 2.32622 -40.4017 -6.04875 7.40156 -5.95692 -15.5443 -0.779096 -9.8844 12.4959 1.88315e-16 -5.96027e-16 -1.27716e-14 
-5.63124 92.2082 77.5563 -9.87582 7.46967 -176.798 0 5.07867 -1.15138 -4.47809 4.52461 0.00262902 0 5.61661 1.07143 -3.55289 3.29938 -0.493755 -1.02604e-17 5.98978 0.11501 -2.72615 2.65251 -0.429213 -1.10457e-17 6.50583 -0.443523 -1.75477 1.12442 -0.488848 -1.97295e-17 7.60548 -1.50593 -0.880415 0.127032 -0.396916 -2.53307e-17 9.49737 -0.914492 -0.025291 -1.14794 -0.621236 -2.90401e-17 10.5513 1.57691 0.121634 0.636305 -0.151089 -1.29193e-17 4.78644 0.715339 1.06297 8.35239 -8.38755 -1.8116e-17 4.82109 0.421791 1.35174 -4.40469 -4.09534 -2.00958e-17 4.83041 0.765062 1.86731 -7.09634 1.15501 1.23299 -7.60731 7.53374 21.0789 5.17987 -2.12175 12.9547 3.2495 -3.26872 -82.7428 47.9588 4.76572 29.2081 0.0598081 0.137039 3.87867 -0.629245 -19.0157 24.234 0.0496219 0.113701 -17.3802 -58.0727 -14.8291 -1.23299 -7.60729 7.53365 -19.9133 2.5477 1.36823 -12.9547 3.2495 -3.26872 80.1806 36.5692 -3.18938 -29.2081 0.0598081 0.137039 -4.0736 -0.697074 20.0075 -24.234 0.0496218 0.113702 24.492 -61.8577 16.8688 9.23673 -4.20556 2.0327 -5.08436 3.36858 -17.0081 -0.852353 -38.7721 -0.655187 -0.739305 2.76114 -0.0303842 -2.32622 -40.4017 -6.04875 -6.09027 3.25167 16.1271 0.779096 -9.8844 12.4959 -7.8076e-16 -8.32738e-16 5.00233e-17 -9.23673 -4.20556 2.0327 -18.9169 -2.10285 6.80985 0.852353 -38.7721 -0.655187 2.4207 9.00511 -0.033128 2.32622 -40.4017 -6.04875 7.50432 -5.81237 -15.5696 -0.779096 -9.8844 12.4959 -1.88315e-16 -5.84257e-16 -1.27598e-14 
-5.69653 92.221 77.5282 -9.82189 7.55627 -176.972 0 5.07867 -1.15138 -4.48907 4.52043 0.000310258 0 5.61661 1.07143 -3.56069 3.30117 -0.501324 -1.02604e-17 5.98978 0.11501 -2.73221 2.65171 -0.437788 -1.10457e-17 6.50583 -0.443523 -1.75757 1.12446 -0.49976 -1.97295e-17 7.60548 -1.50593 -0.88342 0.125457 -0.408444 -2.53307e-17 9.49737 -0.914492 -0.0312062 -1.16426 -0.634109 -2.90401e-17 10.5513 1.57691 0.123105 0.633149 -0.153803 -1.29193e-17 4.78644 0.715339 1.03656 8.24937 -8.21088 -1.8116e-17 4.82109 0.421791 1.36666 -4.39708 -4.01465 -2.00958e-17 4.83041 0.765062 1.82662 -7.07735 0.956308 1.23299 -7.60731 7.53374 21.1861 5.25 -2.15457 12.9547 3.2495 -3.26872 -83.6569 48.2387 5.23886 29.2081 0.0598081 0.137039 3.89005 -0.633108 -19.0735 24.234 0.0496219 0.113701 -16.8031 -58.3352 -14.362 -1.23299 -7.60729 7.53365 -20.0464 2.52191 1.3821 -12.9547 3.2495 -3.26872 79.8272 36.8831 -2.85221 -29.2081 0.0598081 0.137039 -4.0701 -0.695821 19.9897 -24.234 0.0496218 0.113702 25.0496 -62.041 17.2593 9.23673 -4.20556 2.0327 -5.05254 3.483 -16.8364 -0.852353 -38.7721 -0.655187 -0.741731 2.7702 -0.0304253 -2.32622 -40.4017 -6.04875 -6.06669 3.25821 16.1253 0.779096 -9.8844 12.4959 1.16521e-15 -7.47733e-16 -3.4982e-17 -9.23673 -4.20556 2.0327 -18.8787 -2.15211 7.03852 0.852353 -38.7721 -0.655187 2.43727 9.06604 -0.0346669 2.32622 -40.4017 -6.04875 7.42726 -5.63936 -15.587 -0.779096 -9.8844 12.4959 -1.36008e-15 -5.35542e-16 -1.27111e-14 
-5.75968 92.2311 77.4934 -9.78913 7.62318 -177.098 0 5.07867 -1.15138 -4.47829 4.51445 0.0180048 0 5.61661 1.07143 -3.55472 3.29666 -0.483829 -1.02604e-17 5.98978 0.11501 -2.72898 2.65099 -0.421062 -1.10457e-17 6.50583 -0.443523 -1.75751 1.12631 -0.483624 -1.97295e-17 7.60548 -1.50593 -0.883012 0.129583 -0.391957 -2.53307e-17 9.49737 -0.914492 -0.0295417 -1.15692 -0.617901 -2.90401e-17 10.5513 1.57691 0.121168 0.632051 -0.153369 -1.29193e-17 4.78644 0.715339 1.02792 8.21697 -8.41339 -1.8116e-17 4.82109 0.421791 1.33648 -4.43756 -4.1099 -2.00958e-17 4.83041 0.765062 1.84866 -7.08316 1.12518 1.23299 -7.60731 7.53374 21.1625 5.27451 -2.17061 12.9547 3.2495 -3.26872 -83.8494 48.2476 5.50701 29.2081 0.0598081 0.137039 3.86202 -0.623619 -18.9311 24.234 0.0496219 0.113701 -17.3177 -58.1128 -14.7246 -1.23299 -7.60729 7.53365 -19.9476 2.53956 1.40041 -12.9547 3.2495 -3.26872 79.6198 37.1791 -2.66643 -29.2081 0.0598081 0.137039 -4.03232 -0.682371 19.7968 -24.234 0.0496218 0.113702 25.2884 -62.2976 17.6724 9.23673 -4.20556 2.0327 -5.03286 3.5744 -16.7245 -0.852353 -38.7721 -0.655187 -0.747771 2.79276 -0.0305259 -2.32622 -40.4017 -6.04875 -6.08515 3.23929 16.13 0.779096 -9.8844 12.4959 -1.87924e-15 -8.78508e-16 9.57935e-17 -9.23673 -4.20556 2.0327 -18.8784 -2.18367 7.20994 0.852353 -38.7721 -0.655187 2.45007 9.11309 -0.0358677 2.32622 -40.4017 -6.04875 7.52807 -5.55112 -15.6145 -0.779096 -9.8844 12.4959 -2.30193e-16 -5.82621e-16 -1.27582e-14 
-5.81608 92.24 77.4578 -9.74578 7.70523 -177.187 0 5.07867 -1.15138 -4.47571 4.55274 0.0325632 0 5.61661 1.07143 -3.55284 3.31992 -0.47192 -1.02604e-17 5.98978 0.11501 -2.72758 2.66052 -0.410642 -1.10457e-17 6.50583 -0.443523 -1.75728 1.10865 -0.474487 -1.97295e-17 7.60548 -1.50593 -0.881205 0.0969919 -0.382945 -2.53307e-17 9.49737 -0.914492 -0.0266767 -1.19903 -0.610486 -2.90401e-17 10.5513 1.57691 0.120575 0.635354 -0.152706 -1.29193e-17 4.78644 0.715339 1.01228 8.12675 -8.49937 -1.8116e-17 4.82109 0.421791 1.33386 -4.46837 -4.15106 -2.00958e-17 4.83041 0.765062 1.82653 -6.98671 1.14388 1.23299 -7.60731 7.53374 21.1494 5.34036 -2.24259 12.9547 3.2495 -3.26872 -84.0666 48.4743 5.87242 29.2081 0.0598081 0.137039 3.86052 -0.623114 -18.9235 24.234 0.0496219 0.113701 -17.7549 -58.1793 -15.1049 -1.23299 -7.60729 7.53365 -19.8464 2.58522 1.47058 -12.9547 3.2495 -3.26872 79.4304 37.2984 -2.4964 -29.2081 0.0598081 0.137039 -4.00105 -0.671348 19.6374 -24.234 0.0496218 0.113702 25.4514 -62.4505 17.8553 9.23673 -4.20556 2.0327 -5.00234 3.6847 -16.6386 -0.852353 -38.7721 -0.655187 -0.753052 2.81248 -0.0306119 -2.32622 -40.4017 -6.04875 -6.07328 3.21362 16.1301 0.779096 -9.8844 12.4959 -4.14599e-16 -8.09526e-16 2.68111e-17 -9.23673 -4.20556 2.0327 -18.8521 -2.15389 7.35527 0.852353 -38.7721 -0.655187 2.44746 9.1035 -0.0356222 2.32622 -40.4017 -6.04875 7.53012 -5.4325 -15.6299 -0.779096 -9.8844 12.4959 -1.74718e-15 -5.11349e-16 -1.2699e-14 
-6.72908 92.2445 77.5984 -9.69499 7.80301 -177.277 0 5.07867 -1.15138 -4.35898 4.64328 0.0106119 0 5.61661 1.07143 -3.44384 3.38754 -0.487985 -1.02604e-17 5.98978 0.11501 -2.63949 2.70232 -0.43017 -1.10457e-17 6.50583 -0.443523 -1.69077 1.10743 -0.495999 -1.97295e-17 7.60548 -1.50593 -0.841538 0.0685506 -0.414651 -2.53307e-17 9.49737 -0.914492 -0.0214871 -1.24377 -0.647538 -2.90401e-17 10.5513 1.57691 0.118893 0.640782 -0.154789 -1.29193e-17 4.78644 0.715339 1.03525 8.12233 -8.37881 -1.8116e-17 4.82109 0.421791 1.1924 -4.53929 -4.09023 -2.00958e-17 4.83041 0.765062 1.51718 -7.15495 1.01831 1.23299 -7.60731 7.53374 20.8279 5.39518 -2.34326 12.9547 3.2495 -3.26872 -84.5111 48.6845 6.38838 29.2081 0.0598081 0.137039 3.88582 -0.631671 -19.052 24.234 0.0496219 0.113701 -18.0737 -58.4948 -15.5529 -1.23299 -7.60729 7.53365 -19.869 2.57863 1.49778 -12.9547 3.2495 -3.26872 79.1977 37.2732 -2.12024 -29.2081 0.0598081 0.137039 -3.98487 -0.665682 19.5549 -24.234 0.0496218 0.113702 24.6547 -62.4227 17.1038 9.23673 -4.20556 2.0327 -5.4456 3.68344 -16.6722 -0.852353 -38.7721 -0.655187 -0.789253 2.94769 -0.0311526 -2.32622 -40.4017 -6.04875 -6.06654 2.98847 16.0909 0.779096 -9.8844 12.4959 7.88579e-16 -7.59175e-16 -2.35394e-17 -9.23673 -4.20556 2.0327 -19.3295 -2.24986 7.28162 0.852353 -38.7721 -0.655187 2.43926 9.07335 -0.0348528 2.32622 -40.4017 -6.04875 7.68028 -4.73895 -15.75 -0.779096 -9.8844 12.4959 -2.40662e-16 -5.81967e-16 -1.27579e-14 
-6.73065 92.2528 77.589 -9.66308 7.89093 -177.367 0 5.07867 -1.15138 -4.34147 4.59014 0.0293362 0 5.61661 1.07143 -3.43159 3.35929 -0.467921 -1.02604e-17 5.98978 0.11501 -2.63251 2.70088 -0.411371 -1.10457e-17 6.50583 -0.443523 -1.68986 1.14865 -0.47815 -1.97295e-17 7.60548 -1.50593 -0.84402 0.129937 -0.396005 -2.53307e-17 9.49737 -0.914492 -0.0239981 -1.16778 -0.624833 -2.90401e-17 10.5513 1.57691 0.118677 0.636771 -0.155452 -1.29193e-17 4.78644 0.715339 1.04402 8.23879 -8.51372 -1.8116e-17 4.82109 0.421791 1.09587 -4.58385 -4.15762 -2.00958e-17 4.83041 0.765062 1.61666 -7.29713 1.11898 1.23299 -7.60731 7.53374 20.826 5.33629 -2.31098 12.9547 3.2495 -3.26872 -84.4 48.8965 6.31632 29.2081 0.0598081 0.137039 3.85498 -0.621248 -18.8954 24.234 0.0496219 0.113701 -18.7126 -58.567 -15.9818 -1.23299 -7.60729 7.53365 -19.8303 2.5279 1.45662 -12.9547 3.2495 -3.26872 79.2613 37.4678 -1.82161 -29.2081 0.0598081 0.137039 -3.9179 -0.642505 19.2141 -24.234 0.0496218 0.113702 24.42 -62.5939 16.9612 9.23673 -4.20556 2.0327 -5.40063 3.75083 -16.6213 -0.852353 -38.7721 -0.655187 -0.807469 3.01571 -0.0313923 -2.32622 -40.4017 -6.04875 -5.98594 2.98988 16.0792 0.779096 -9.8844 12.4959 1.98129e-15 -7.09479e-16 -7.32356e-17 -9.23673 -4.20556 2.0327 -19.2836 -2.34264 7.37543 0.852353 -38.7721 -0.655187 2.48706 9.249 -0.0393973 2.32622 -40.4017 -6.04875 7.52763 -4.60053 -15.7641 -0.779096 -9.8844 12.4959 -9.72985e-16 -5.47639e-16 -1.27232e-14 
-6.69404 92.2514 77.5733 -9.61533 7.95573 -177.443 0 5.07867 -1.15138 -4.36795 4.68069 0.0124153 0 5.61661 1.07143 -3.44913 3.41071 -0.495829 -1.02604e-17 5.98978 0.11501 -2.64378 2.70627 -0.443386 -1.10457e-17 6.50583 -0.443523 -1.69381 1.0799 -0.512892 -1.97295e-17 7.60548 -1.50593 -0.846964 0.0209499 -0.431742 -2.53307e-17 9.49737 -0.914492 -0.0322905 -1.30759 -0.662721 -2.90401e-17 10.5513 1.57691 0.115474 0.645853 -0.157548 -1.29193e-17 4.78644 0.715339 1.03192 8.14514 -8.43768 -1.8116e-17 4.82109 0.421791 1.11981 -4.47386 -4.11872 -2.00958e-17 4.83041 0.765062 1.61365 -7.12851 1.19418 1.23299 -7.60731 7.53374 20.8523 5.47287 -2.38101 12.9547 3.2495 -3.26872 -84.9088 48.8614 7.07265 29.2081 0.0598081 0.137039 3.88799 -0.632408 -19.063 24.234 0.0496219 0.113701 -18.8424 -58.6054 -16.2101 -1.23299 -7.60729 7.53365 -19.8113 2.61748 1.56416 -12.9547 3.2495 -3.26872 79.2564 37.5235 -1.72193 -29.2081 0.0598081 0.137039 -3.88375 -0.630862 19.0406 -24.234 0.0496218 0.113702 24.6065 -62.4658 16.9847 9.23673 -4.20556 2.0327 -5.32003 3.84159 -16.5608 -0.852353 -38.7721 -0.655187 -0.808377 3.01911 -0.0314037 -2.32622 -40.4017 -6.04875 -5.99976 2.95963 16.0764 0.779096 -9.8844 12.4959 -1.08407e-15 -8.41234e-16 5.85198e-17 -9.23673 -4.20556 2.0327 -19.2256 -2.32615 7.53488 0.852353 -38.7721 -0.655187 2.48562 9.24371 -0.0392583 2.32622 -40.4017 -6.04875 7.68584 -4.5943 -15.7674 -0.779096 -9.8844 12.4959 -2.19733e-16 -5.82948e-16 -1.27585e-14 
-6.67117 92.2581 77.5544 -9.54589 7.99437 -177.523 0 5.07867 -1.15138 -4.34303 4.66257 0.0209428 0 5.61661 1.07143 -3.42769 3.39954 -0.482597 -1.02604e-17 5.98978 0.11501 -2.62814 2.70179 -0.430616 -1.10457e-17 6.50583 -0.443523 -1.68364 1.08844 -0.500666 -1.97295e-17 7.60548 -1.50593 -0.841202 0.0351633 -0.421841 -2.53307e-17 9.49737 -0.914492 -0.0305668 -1.2943 -0.651813 -2.90401e-17 10.5513 1.57691 0.114423 0.638954 -0.155188 -1.29193e-17 4.78644 0.715339 1.01826 8.12971 -8.4901 -1.8116e-17 4.82109 0.421791 1.06747 -4.50191 -4.14414 -2.00958e-17 4.83041 0.765062 1.62675 -7.08702 1.22053 1.23299 -7.60731 7.53374 20.9721 5.47427 -2.43123 12.9547 3.2495 -3.26872 -85.1113 49.0477 7.32409 29.2081 0.0598081 0.137039 3.90519 -0.638268 -19.1504 24.234 0.0496219 0.113701 -19.2416 -58.6745 -16.5954 -1.23299 -7.60729 7.53365 -19.834 2.64254 1.61388 -12.9547 3.2495 -3.26872 79.1656 37.8099 -1.64677 -29.2081 0.0598081 0.137039 -3.81167 -0.606656 18.6748 -24.234 0.0496218 0.113702 25.3121 -62.6908 17.7316 9.23673 -4.20556 2.0327 -5.23217 3.89737 -16.4832 -0.852353 -38.7721 -0.655187 -0.812266 3.03363 -0.0314519 -2.32622 -40.4017 -6.04875 -6.06001 2.90841 16.0977 0.779096 -9.8844 12.4959 -3.93669e-16 -8.08545e-16 2.583e-17 -9.23673 -4.20556 2.0327 -19.1269 -2.3955 7.65744 0.852353 -38.7721 -0.655187 2.5097 9.33212 -0.0416004 2.32622 -40.4017 -6.04875 7.50059 -4.46727 -15.7795 -0.779096 -9.8844 12.4959 -9.72975e-16 -5.4764e-16 -1.27232e-14 
-6.63786 92.2554 77.5322 -9.48784 8.01958 -177.582 0 5.07867 -1.15138 -4.30961 4.64252 0.025529 0 5.61661 1.07143 -3.39835 3.38996 -0.475336 -1.02604e-17 5.98978 0.11501 -2.60549 2.70239 -0.424934 -1.10457e-17 6.50583 -0.443523 -1.66854 1.10577 -0.495254 -1.97295e-17 7.60548 -1.50593 -0.832929 0.0598214 -0.419062 -2.53307e-17 9.49737 -0.914492 -0.0291221 -1.25813 -0.647145 -2.90401e-17 10.5513 1.57691 0.113077 0.635516 -0.152765 -1.29193e-17 4.78644 0.715339 1.00558 8.08771 -8.56009 -1.8116e-17 4.82109 0.421791 1.04086 -4.50718 -4.17512 -2.00958e-17 4.83041 0.765062 1.60534 -7.11059 1.30662 1.23299 -7.60731 7.53374 20.8754 5.47031 -2.47729 12.9547 3.2495 -3.26872 -85.1685 49.2398 7.56127 29.2081 0.0598081 0.137039 3.94203 -0.650913 -19.3378 24.234 0.0496219 0.113701 -19.4037 -58.802 -16.8102 -1.23299 -7.60729 7.53365 -19.7639 2.66426 1.66273 -12.9547 3.2495 -3.26872 79.0336 38.0412 -1.57895 -29.2081 0.0598081 0.137039 -3.77417 -0.594268 18.4848 -24.234 0.0496218 0.113702 25.6293 -62.9409 18.0824 9.23673 -4.20556 2.0327 -5.14848 3.9294 -16.4386 -0.852353 -38.7721 -0.655187 -0.82215 3.07054 -0.0315698 -2.32622 -40.4017 -6.04875 -6.0227 2.84278 16.0926 0.779096 -9.8844 12.4959 7.88565e-16 -7.59176e-16 -2.35388e-17 -9.23673 -4.20556 2.0327 -19.0512 -2.43981 7.77401 0.852353 -38.7721 -0.655187 2.52416 9.38522 -0.0430256 2.32622 -40.4017 -6.04875 7.55364 -4.4569 -15.7927 -0.779096 -9.8844 12.4959 -6.06828e-16 -5.58755e-16 -1.27464e-14 
-6.60393 92.2503 77.5078 -9.44729 8.02559 -177.608 0 5.07867 -1.15138 -4.32019 4.64393 0.0269869 0 5.61661 1.07143 -3.40591 3.38691 -0.47796 -1.02604e-17 5.98978 0.11501 -2.61009 2.69172 -0.430173 -1.10457e-17 6.50583 -0.443523 -1.67112 1.08119 -0.501596 -1.97295e-17 7.60548 -1.50593 -0.833684 0.0309372 -0.425791 -2.53307e-17 9.49737 -0.914492 -0.0293457 -1.28904 -0.653184 -2.90401e-17 10.5513 1.57691 0.11023 0.639066 -0.154116 -1.29193e-17 4.78644 0.715339 1.02248 8.11445 -8.60626 -1.8116e-17 4.82109 0.421791 1.02284 -4.47835 -4.19378 -2.00958e-17 4.83041 0.765062 1.67204 -7.09329 1.41037 1.23299 -7.60731 7.53374 20.8376 5.48978 -2.52056 12.9547 3.2495 -3.26872 -85.0343 49.272 7.88472 29.2081 0.0598081 0.137039 3.98433 -0.665599 -19.5531 24.234 0.0496219 0.113701 -19.8454 -58.7851 -17.1659 -1.23299 -7.60729 7.53365 -19.7893 2.6939 1.68735 -12.9547 3.2495 -3.26872 79.3993 38.3069 -1.60581 -29.2081 0.0598081 0.137039 -3.74614 -0.585095 18.3429 -24.234 0.0496218 0.113702 25.4051 -63.131 17.9643 9.23673 -4.20556 2.0327 -5.08511 3.94332 -16.4321 -0.852353 -38.7721 -0.655187 -0.831339 3.10485 -0.0316737 -2.32622 -40.4017 -6.04875 -5.97499 2.7914 16.0785 0.779096 -9.8844 12.4959 1.20708e-15 -7.4577e-16 -3.69448e-17 -9.23673 -4.20556 2.0327 -18.9869 -2.45163 7.82039 0.852353 -38.7721 -0.655187 2.52382 9.38397 -0.0429917 2.32622 -40.4017 -6.04875 7.48042 -4.43942 -15.7938 -0.779096 -9.8844 12.4959 -9.83449e-16 -5.46985e-16 -1.27229e-14 
-6.56913 92.2448 77.483 -9.43024 8.02075 -177.619 0 5.07867 -1.15138 -4.35192 4.6496 0.0192149 0 5.61661 1.07143 -3.42878 3.38739 -0.491819 -1.02604e-17 5.98978 0.11501 -2.62582 2.67878 -0.447091 -1.10457e-17 6.50583 -0.443523 -1.67873 1.04748 -0.520818 -1.97295e-17 7.60548 -1.50593 -0.836678 -0.00893833 -0.445587 -2.53307e-17 9.49737 -0.914492 -0.030541 -1.34677 -0.672922 -2.90401e-17 10.5513 1.57691 0.109884 0.641518 -0.159502 -1.29193e-17 4.78644 0.715339 1.07216 8.23459 -8.5066 -1.8116e-17 4.82109 0.421791 1.05482 -4.45054 -4.14378 -2.00958e-17 4.83041 0.765062 1.67023 -7.15344 1.38299 1.23299 -7.60731 7.53374 20.9857 5.51249 -2.53267 12.9547 3.2495 -3.26872 -85.189 49.4095 8.25849 29.2081 0.0598081 0.137039 4.03839 -0.684628 -19.8287 24.234 0.0496219 0.113701 -20.0441 -58.9242 -17.3538 -1.23299 -7.60729 7.53365 -20.1427 2.68669 1.62109 -12.9547 3.2495 -3.26872 80.0549 38.5495 -1.67445 -29.2081 0.0598081 0.137039 -3.73851 -0.582613 18.3043 -24.234 0.0496218 0.113702 25.1439 -63.1626 17.6639 9.23673 -4.20556 2.0327 -5.04752 3.94477 -16.4053 -0.852353 -38.7721 -0.655187 -0.840358 3.13853 -0.0317704 -2.32622 -40.4017 -6.04875 -5.95129 2.74594 16.0742 0.779096 -9.8844 12.4959 1.60465e-15 -7.33346e-16 -4.93689e-17 -9.23673 -4.20556 2.0327 -18.9522 -2.48221 7.87364 0.852353 -38.7721 -0.655187 2.53025 9.40756 -0.0436292 2.32622 -40.4017 -6.04875 7.44369 -4.44603 -15.7922 -0.779096 -9.8844 12.4959 -6.06828e-16 -5.58755e-16 -1.27464e-14 
-6.53639 92.2406 77.4603 -9.42072 8.02727 -177.59 0 5.07867 -1.15138 -4.34848 4.64084 0.0039857 0 5.61661 1.07143 -3.42283 3.38137 -0.507463 -1.02604e-17 5.98978 0.11501 -2.62142 2.67105 -0.465439 -1.10457e-17 6.50583 -0.443523 -1.67376 1.04275 -0.540786 -1.97295e-17 7.60548 -1.50593 -0.836652 -0.0109259 -0.467877 -2.53307e-17 9.49737 -0.914492 -0.0376583 -1.3543 -0.691944 -2.90401e-17 10.5513 1.57691 0.109128 0.636243 -0.161891 -1.29193e-17 4.78644 0.715339 1.08862 8.28466 -8.45388 -1.8116e-17 4.82109 0.421791 1.03371 -4.42642 -4.11691 -2.00958e-17 4.83041 0.765062 1.67526 -7.22477 1.3957 1.23299 -7.60731 7.53374 21.0425 5.51396 -2.56937 12.9547 3.2495 -3.26872 -85.3079 49.4727 8.51305 29.2081 0.0598081 0.137039 4.09025 -0.703159 -20.0936 24.234 0.0496219 0.113701 -20.1099 -59.0227 -17.4484 -1.23299 -7.60729 7.53365 -20.3862 2.67708 1.61228 -12.9547 3.2495 -3.26872 80.2789 38.6964 -1.70879 -29.2081 0.0598081 0.137039 -3.72719 -0.578938 18.2471 -24.234 0.0496218 0.113702 25.3876 -63.206 17.7672 9.23673 -4.20556 2.0327 -5.0119 3.94912 -16.394 -0.852353 -38.7721 -0.655187 -0.852256 3.18296 -0.0318897 -2.32622 -40.4017 -6.04875 -6.02259 2.68736 16.0905 0.779096 -9.8844 12.4959 -1.48164e-15 -8.66082e-16 8.33678e-17 -9.23673 -4.20556 2.0327 -18.935 -2.51732 7.8926 0.852353 -38.7721 -0.655187 2.55116 9.48431 -0.0457219 2.32622 -40.4017 -6.04875 7.43788 -4.46011 -15.8023 -0.779096 -9.8844 12.4959 -5.96354e-16 -5.59082e-16 -1.27471e-14 
-6.50228 92.2344 77.4278 -9.42546 8.00346 -177.554 0 5.07867 -1.15138 -4.33514 4.62504 -0.00746206 0 5.61661 1.07143 -3.41028 3.36812 -0.518145 -1.02604e-17 5.98978 0.11501 -2.61182 2.65797 -0.477857 -1.10457e-17 6.50583 -0.443523 -1.66703 1.03284 -0.553079 -1.97295e-17 7.60548 -1.50593 -0.835072 -0.0170482 -0.482473 -2.53307e-17 9.49737 -0.914492 -0.0425175 -1.35679 -0.702512 -2.90401e-17 10.5513 1.57691 0.107057 0.634398 -0.160889 -1.29193e-17 4.78644 0.715339 1.09856 8.2889 -8.50082 -1.8116e-17 4.82109 0.421791 0.997098 -4.41145 -4.13503 -2.00958e-17 4.83041 0.765062 1.67726 -7.25197 1.49382 1.23299 -7.60731 7.53374 20.931 5.50727 -2.60825 12.9547 3.2495 -3.26872 -85.2037 49.5326 8.64079 29.2081 0.0598081 0.137039 4.12402 -0.715373 -20.2663 24.234 0.0496219 0.113701 -20.231 -59.0693 -17.6055 -1.23299 -7.60729 7.53365 -20.4624 2.7017 1.64274 -12.9547 3.2495 -3.26872 80.4115 38.927 -1.81435 -29.2081 0.0598081 0.137039 -3.69857 -0.569707 18.1024 -24.234 0.0496218 0.113702 25.7601 -63.352 18.1903 9.23673 -4.20556 2.0327 -4.99261 3.93922 -16.4191 -0.852353 -38.7721 -0.655187 -0.858852 3.20759 -0.0319519 -2.32622 -40.4017 -6.04875 -6.03372 2.63643 16.0944 0.779096 -9.8844 12.4959 -1.17833e-15 -8.45489e-16 6.27748e-17 -9.23673 -4.20556 2.0327 -18.9292 -2.54312 7.89008 0.852353 -38.7721 -0.655187 2.56034 9.51796 -0.0466485 2.32622 -40.4017 -6.04875 7.41336 -4.50248 -15.8086 -0.779096 -9.8844 12.4959 -5.96354e-16 -5.59082e-16 -1.27471e-14 
-6.46847 92.2286 77.3999 -9.42732 7.99394 -177.509 0 5.07867 -1.15138 -4.2927 4.61007 -0.0134027 0 5.61661 1.07143 -3.37499 3.35667 -0.518303 -1.02604e-17 5.98978 0.11501 -2.58544 2.65033 -0.478023 -1.10457e-17 6.50583 -0.443523 -1.65023 1.03482 -0.552098 -1.97295e-17 7.60548 -1.50593 -0.827586 -0.0100225 -0.484495 -2.53307e-17 9.49737 -0.914492 -0.0444886 -1.33957 -0.700987 -2.90401e-17 10.5513 1.57691 0.104856 0.632594 -0.155244 -1.29193e-17 4.78644 0.715339 1.06621 8.16752 -8.57227 -1.8116e-17 4.82109 0.421791 0.963006 -4.4021 -4.1674 -2.00958e-17 4.83041 0.765062 1.61534 -7.19347 1.55487 1.23299 -7.60731 7.53374 20.7705 5.50257 -2.65837 12.9547 3.2495 -3.26872 -85.0588 49.613 8.65766 29.2081 0.0598081 0.137039 4.1664 -0.730863 -20.4832 24.234 0.0496219 0.113701 -20.2096 -59.097 -17.6309 -1.23299 -7.60729 7.53365 -20.3397 2.75283 1.72852 -12.9547 3.2495 -3.26872 80.1421 39.0613 -1.88461 -29.2081 0.0598081 0.137039 -3.67833 -0.563226 18.0001 -24.234 0.0496218 0.113702 26.3158 -63.5695 18.7228 9.23673 -4.20556 2.0327 -4.96882 3.93654 -16.4489 -0.852353 -38.7721 -0.655187 -0.866874 3.23754 -0.0320237 -2.32622 -40.4017 -6.04875 -6.08065 2.58119 16.1057 0.779096 -9.8844 12.4959 1.15471e-15 -7.48061e-16 -3.46536e-17 -9.23673 -4.20556 2.0327 -18.9234 -2.56607 7.88289 0.852353 -38.7721 -0.655187 2.57405 9.56826 -0.048044 2.32622 -40.4017 -6.04875 7.39907 -4.53495 -15.8129 -0.779096 -9.8844 12.4959 -9.83449e-16 -5.46985e-16 -1.27229e-14 
-6.43394 92.2209 77.3722 -9.4079 7.95935 -177.469 0 5.07867 -1.15138 -4.25124 4.5825 -0.014039 0 5.61661 1.07143 -3.34183 3.33573 -0.511824 -1.02604e-17 5.98978 0.11501 -2.56121 2.63445 -0.470953 -1.10457e-17 6.50583 -0.443523 -1.63603 1.0296 -0.54373 -1.97295e-17 7.60548 -1.50593 -0.821393 -0.00698684 -0.478843 -2.53307e-17 9.49737 -0.914492 -0.0457704 -1.32835 -0.691528 -2.90401e-17 10.5513 1.57691 0.102806 0.63191 -0.150287 -1.29193e-17 4.78644 0.715339 1.04384 8.07967 -8.66532 -1.8116e-17 4.82109 0.421791 0.915835 -4.37737 -4.20943 -2.00958e-17 4.83041 0.765062 1.58821 -7.15272 1.62471 1.23299 -7.60731 7.53374 20.6673 5.49086 -2.71406 12.9547 3.2495 -3.26872 -84.8861 49.7063 8.65918 29.2081 0.0598081 0.137039 4.20519 -0.7452 -20.6821 24.234 0.0496219 0.113701 -20.2655 -59.0919 -17.7159 -1.23299 -7.60729 7.53365 -20.3004 2.79756 1.79157 -12.9547 3.2495 -3.26872 80.0648 39.3919 -2.03633 -29.2081 0.0598081 0.137039 -3.66686 -0.559573 17.9423 -24.234 0.0496218 0.113702 26.879 -63.9477 19.3506 9.23673 -4.20556 2.0327 -4.92827 3.91012 -16.494 -0.852353 -38.7721 -0.655187 -0.875123 3.26835 -0.0320932 -2.32622 -40.4017 -6.04875 -6.04887 2.5187 16.0979 0.779096 -9.8844 12.4959 8.30461e-16 -7.57539e-16 -2.51754e-17 -9.23673 -4.20556 2.0327 -18.8885 -2.58788 7.84759 0.852353 -38.7721 -0.655187 2.57574 9.57447 -0.0482172 2.32622 -40.4017 -6.04875 7.33194 -4.55438 -15.8128 -0.779096 -9.8844 12.4959 -9.93923e-16 -5.46658e-16 -1.27222e-14 
-6.39846 92.2136 77.3453 -9.39753 7.93236 -177.437 0 5.07867 -1.15138 -4.22082 4.55543 -0.0127679 0 5.61661 1.07143 -3.31799 3.31545 -0.505185 -1.02604e-17 5.98978 0.11501 -2.54345 2.62042 -0.463663 -1.10457e-17 6.50583 -0.443523 -1.62576 1.02638 -0.535104 -1.97295e-17 7.60548 -1.50593 -0.815893 -0.00158315 -0.472136 -2.53307e-17 9.49737 -0.914492 -0.0442106 -1.31322 -0.682593 -2.90401e-17 10.5513 1.57691 0.10145 0.632446 -0.146513 -1.29193e-17 4.78644 0.715339 1.03541 8.02172 -8.72863 -1.8116e-17 4.82109 0.421791 0.909101 -4.36094 -4.23726 -2.00958e-17 4.83041 0.765062 1.52865 -7.11994 1.67395 1.23299 -7.60731 7.53374 20.5222 5.47865 -2.7619 12.9547 3.2495 -3.26872 -84.6545 49.8079 8.58867 29.2081 0.0598081 0.137039 4.23393 -0.755921 -20.8296 24.234 0.0496219 0.113701 -20.2622 -59.1117 -17.7655 -1.23299 -7.60729 7.53365 -20.2594 2.83202 1.82713 -12.9547 3.2495 -3.26872 80.0478 39.6537 -2.16836 -29.2081 0.0598081 0.137039 -3.66497 -0.558971 17.9327 -24.234 0.0496218 0.113702 27.2147 -64.2541 19.7338 9.23673 -4.20556 2.0327 -4.89533 3.89179 -16.5298 -0.852353 -38.7721 -0.655187 -0.882126 3.29449 -0.0321486 -2.32622 -40.4017 -6.04875 -6.04005 2.46426 16.0941 0.779096 -9.8844 12.4959 2.75546e-15 -6.73189e-16 -1.09525e-16 -9.23673 -4.20556 2.0327 -18.8643 -2.62205 7.8514 0.852353 -38.7721 -0.655187 2.58385 9.60421 -0.0490491 2.32622 -40.4017 -6.04875 7.28536 -4.57781 -15.8103 -0.779096 -9.8844 12.4959 -9.93923e-16 -5.46658e-16 -1.27222e-14 
-6.36331 92.2057 77.3177 -9.3752 7.90043 -177.402 0 5.07867 -1.15138 -4.1832 4.52518 -0.0141431 0 5.61661 1.07143 -3.28772 3.293 -0.50006 -1.02604e-17 5.98978 0.11501 -2.52113 2.60301 -0.457982 -1.10457e-17 6.50583 -0.443523 -1.61239 1.01873 -0.528599 -1.97295e-17 7.60548 -1.50593 -0.809966 8.29377e-05 -0.467776 -2.53307e-17 9.49737 -0.914492 -0.0457807 -1.30665 -0.676006 -2.90401e-17 10.5513 1.57691 0.099881 0.6331 -0.143299 -1.29193e-17 4.78644 0.715339 1.02273 7.99671 -8.75751 -1.8116e-17 4.82109 0.421791 0.866458 -4.33087 -4.25053 -2.00958e-17 4.83041 0.765062 1.50037 -7.09302 1.69502 1.23299 -7.60731 7.53374 20.4709 5.46204 -2.78711 12.9547 3.2495 -3.26872 -84.5274 49.9113 8.51155 29.2081 0.0598081 0.137039 4.26307 -0.766878 -20.9793 24.234 0.0496219 0.113701 -20.2278 -59.112 -17.7741 -1.23299 -7.60729 7.53365 -20.2429 2.85912 1.85081 -12.9547 3.2495 -3.26872 80.1074 39.8394 -2.27376 -29.2081 0.0598081 0.137039 -3.65983 -0.557338 17.9068 -24.234 0.0496218 0.113702 27.3591 -64.4643 19.9193 9.23673 -4.20556 2.0327 -4.85181 3.86732 -16.5639 -0.852353 -38.7721 -0.655187 -0.890076 3.32417 -0.0322078 -2.32622 -40.4017 -6.04875 -6.03114 2.39724 16.0908 0.779096 -9.8844 12.4959 9.81666e-17 -7.91866e-16 9.15089e-18 -9.23673 -4.20556 2.0327 -18.8302 -2.669 7.82754 0.852353 -38.7721 -0.655187 2.59656 9.65079 -0.0503606 2.32622 -40.4017 -6.04875 7.23693 -4.59807 -15.8097 -0.779096 -9.8844 12.4959 -9.93923e-16 -5.46658e-16 -1.27222e-14 
-6.32925 92.1973 77.2883 -9.35951 7.85303 -177.365 0 5.07867 -1.15138 -4.15075 4.51195 -0.0202668 0 5.61661 1.07143 -3.2608 3.27925 -0.500619 -1.02604e-17 5.98978 0.11501 -2.50079 2.58539 -0.458213 -1.10457e-17 6.50583 -0.443523 -1.59928 0.997157 -0.528077 -1.97295e-17 7.60548 -1.50593 -0.803368 -0.0197162 -0.469863 -2.53307e-17 9.49737 -0.914492 -0.046329 -1.32823 -0.67588 -2.90401e-17 10.5513 1.57691 0.0988142 0.634923 -0.140729 -1.29193e-17 4.78644 0.715339 1.02125 7.95501 -8.77987 -1.8116e-17 4.82109 0.421791 0.843529 -4.28596 -4.25874 -2.00958e-17 4.83041 0.765062 1.45038 -7.03629 1.734 1.23299 -7.60731 7.53374 20.3946 5.46554 -2.83619 12.9547 3.2495 -3.26872 -84.3964 49.9801 8.47905 29.2081 0.0598081 0.137039 4.28668 -0.775817 -21.1006 24.234 0.0496219 0.113701 -20.2526 -59.1017 -17.8731 -1.23299 -7.60729 7.53365 -20.2931 2.89834 1.88098 -12.9547 3.2495 -3.26872 80.1844 40.0488 -2.41492 -29.2081 0.0598081 0.137039 -3.66195 -0.558011 17.9174 -24.234 0.0496218 0.113702 27.6345 -64.6552 20.2206 9.23673 -4.20556 2.0327 -4.81639 3.83438 -16.5959 -0.852353 -38.7721 -0.655187 -0.894505 3.34071 -0.0322389 -2.32622 -40.4017 -6.04875 -6.01584 2.33289 16.0861 0.779096 -9.8844 12.4959 -7.49342e-16 -8.31429e-16 4.87142e-17 -9.23673 -4.20556 2.0327 -18.8064 -2.71908 7.79468 0.852353 -38.7721 -0.655187 2.60531 9.68285 -0.0512697 2.32622 -40.4017 -6.04875 7.21355 -4.63568 -15.8089 -0.779096 -9.8844 12.4959 -6.06828e-16 -5.58755e-16 -1.27464e-14 
-6.29433 92.1889 77.2577 -9.34211 7.79628 -177.348 0 5.07867 -1.15138 -4.1163 4.49181 -0.0247455 0 5.61661 1.07143 -3.23312 3.25984 -0.49826 -1.02604e-17 5.98978 0.11501 -2.48043 2.56354 -0.455358 -1.10457e-17 6.50583 -0.443523 -1.5866 0.974476 -0.524533 -1.97295e-17 7.60548 -1.50593 -0.797183 -0.0378914 -0.468941 -2.53307e-17 9.49737 -0.914492 -0.0470424 -1.34972 -0.67255 -2.90401e-17 10.5513 1.57691 0.0982016 0.635661 -0.138619 -1.29193e-17 4.78644 0.715339 1.0246 7.94565 -8.81342 -1.8116e-17 4.82109 0.421791 0.813819 -4.25292 -4.27306 -2.00958e-17 4.83041 0.765062 1.42058 -7.00023 1.79546 1.23299 -7.60731 7.53374 20.3708 5.4615 -2.88088 12.9547 3.2495 -3.26872 -84.2431 50.0817 8.42858 29.2081 0.0598081 0.137039 4.30883 -0.784257 -21.2146 24.234 0.0496219 0.113701 -20.4194 -59.0992 -18.0923 -1.23299 -7.60729 7.53365 -20.3845 2.92824 1.89829 -12.9547 3.2495 -3.26872 80.29 40.2461 -2.56869 -29.2081 0.0598081 0.137039 -3.66561 -0.559173 17.9359 -24.234 0.0496218 0.113702 27.9243 -64.8009 20.5366 9.23673 -4.20556 2.0327 -4.78011 3.79495 -16.6155 -0.852353 -38.7721 -0.655187 -0.897655 3.35247 -0.0322603 -2.32622 -40.4017 -6.04875 -6.00857 2.26713 16.0828 0.779096 -9.8844 12.4959 -7.70291e-16 -8.32411e-16 4.96962e-17 -9.23673 -4.20556 2.0327 -18.7802 -2.78863 7.7791 0.852353 -38.7721 -0.655187 2.61544 9.72 -0.0523292 2.32622 -40.4017 -6.04875 7.18254 -4.6739 -15.8066 -0.779096 -9.8844 12.4959 -5.96354e-16 -5.59082e-16 -1.27471e-14 
-6.26255 92.1831 77.2275 -9.32207 7.76048 -177.308 0 5.07867 -1.15138 -4.07267 4.46897 -0.0316838 0 5.61661 1.07143 -3.19683 3.24125 -0.497517 -1.02604e-17 5.98978 0.11501 -2.45305 2.54647 -0.453901 -1.10457e-17 6.50583 -0.443523 -1.56855 0.963157 -0.522236 -1.97295e-17 7.60548 -1.50593 -0.788027 -0.0421477 -0.469868 -2.53307e-17 9.49737 -0.914492 -0.0474546 -1.35352 -0.671469 -2.90401e-17 10.5513 1.57691 0.097801 0.635517 -0.135726 -1.29193e-17 4.78644 0.715339 1.01836 7.91258 -8.8216 -1.8116e-17 4.82109 0.421791 0.790585 -4.23475 -4.27627 -2.00958e-17 4.83041 0.765062 1.369 -6.96169 1.80806 1.23299 -7.60731 7.53374 20.3301 5.4501 -2.92141 12.9547 3.2495 -3.26872 -84.1627 50.2281 8.33762 29.2081 0.0598081 0.137039 4.33992 -0.79619 -21.3747 24.234 0.0496219 0.113701 -20.3478 -59.1472 -18.0916 -1.23299 -7.60729 7.53365 -20.4362 2.94955 1.92274 -12.9547 3.2495 -3.26872 80.2901 40.4025 -2.67727 -29.2081 0.0598081 0.137039 -3.67287 -0.561485 17.9726 -24.234 0.0496218 0.113702 28.1979 -64.9502 20.8105 9.23673 -4.20556 2.0327 -4.74165 3.77076 -16.6471 -0.852353 -38.7721 -0.655187 -0.902157 3.36928 -0.0322897 -2.32622 -40.4017 -6.04875 -5.99606 2.21417 16.0788 0.779096 -9.8844 12.4959 3.90981e-16 -7.84024e-16 1.30984e-18 -9.23673 -4.20556 2.0327 -18.7509 -2.82656 7.75333 0.852353 -38.7721 -0.655187 2.62317 9.74832 -0.0531415 2.32622 -40.4017 -6.04875 7.15862 -4.69434 -15.8069 -0.779096 -9.8844 12.4959 -5.96354e-16 -5.59082e-16 -1.27471e-14 
-6.23114 92.178 77.1977 -9.30785 7.73371 -177.288 0 5.07867 -1.15138 -4.03763 4.4474 -0.0348991 0 5.61661 1.07143 -3.16834 3.2242 -0.494212 -1.02604e-17 5.98978 0.11501 -2.43186 2.53262 -0.449737 -1.10457e-17 6.50583 -0.443523 -1.55521 0.956495 -0.517024 -1.97295e-17 7.60548 -1.50593 -0.781287 -0.0418594 -0.46707 -2.53307e-17 9.49737 -0.914492 -0.047032 -1.3498 -0.66651 -2.90401e-17 10.5513 1.57691 0.0971548 0.635562 -0.132927 -1.29193e-17 4.78644 0.715339 1.01429 7.87976 -8.85499 -1.8116e-17 4.82109 0.421791 0.773753 -4.21501 -4.29019 -2.00958e-17 4.83041 0.765062 1.34455 -6.94229 1.85845 1.23299 -7.60731 7.53374 20.2631 5.43455 -2.95998 12.9547 3.2495 -3.26872 -84.0191 50.3152 8.21383 29.2081 0.0598081 0.137039 4.36388 -0.805452 -21.4982 24.234 0.0496219 0.113701 -20.3148 -59.1442 -18.124 -1.23299 -7.60729 7.53365 -20.4675 2.96929 1.94709 -12.9547 3.2495 -3.26872 80.2872 40.6071 -2.76923 -29.2081 0.0598081 0.137039 -3.6799 -0.563729 18.0081 -24.234 0.0496218 0.113702 28.513 -65.1422 21.1706 9.23673 -4.20556 2.0327 -4.70917 3.75534 -16.6692 -0.852353 -38.7721 -0.655187 -0.906409 3.38516 -0.0323162 -2.32622 -40.4017 -6.04875 -5.9894 2.16869 16.0766 0.779096 -9.8844 12.4959 3.53269e-17 -7.94811e-16 1.20966e-17 -9.23673 -4.20556 2.0327 -18.7271 -2.8548 7.72216 0.852353 -38.7721 -0.655187 2.62725 9.76325 -0.0535714 2.32622 -40.4017 -6.04875 7.1377 -4.71631 -15.807 -0.779096 -9.8844 12.4959 -5.96354e-16 -5.59082e-16 -1.27471e-14 
-6.20175 92.1734 77.1667 -9.29754 7.70699 -177.256 0 5.07867 -1.15138 -4.01816 4.43903 -0.0365906 0 5.61661 1.07143 -3.15262 3.2136 -0.492285 -1.02604e-17 5.98978 0.11501 -2.41941 2.51969 -0.44756 -1.10457e-17 6.50583 -0.443523 -1.54706 0.939008 -0.514003 -1.97295e-17 7.60548 -1.50593 -0.775714 -0.0571349 -0.465525 -2.53307e-17 9.49737 -0.914492 -0.0442907 -1.36283 -0.664378 -2.90401e-17 10.5513 1.57691 0.0959456 0.638338 -0.131275 -1.29193e-17 4.78644 0.715339 1.02356 7.8693 -8.93812 -1.8116e-17 4.82109 0.421791 0.764399 -4.21357 -4.32716 -2.00958e-17 4.83041 0.765062 1.34958 -6.9039 1.97625 1.23299 -7.60731 7.53374 20.1778 5.43002 -3.00537 12.9547 3.2495 -3.26872 -83.6614 50.3674 8.0915 29.2081 0.0598081 0.137039 4.37937 -0.811475 -21.5781 24.234 0.0496219 0.113701 -20.6557 -59.0952 -18.451 -1.23299 -7.60729 7.53365 -20.4606 2.99666 1.97069 -12.9547 3.2495 -3.26872 80.4086 40.7804 -2.86495 -29.2081 0.0598081 0.137039 -3.6868 -0.565933 18.0429 -24.234 0.0496218 0.113702 28.5685 -65.3167 21.3316 9.23673 -4.20556 2.0327 -4.68219 3.73687 -16.7092 -0.852353 -38.7721 -0.655187 -0.91167 3.40479 -0.0323475 -2.32622 -40.4017 -6.04875 -5.96754 2.13124 16.0708 0.779096 -9.8844 12.4959 -3.62242e-16 -8.07235e-16 2.45206e-17 -9.23673 -4.20556 2.0327 -18.7076 -2.86181 7.69342 0.852353 -38.7721 -0.655187 2.6233 9.74878 -0.0531546 2.32622 -40.4017 -6.04875 7.13321 -4.74136 -15.8063 -0.779096 -9.8844 12.4959 -5.96354e-16 -5.59082e-16 -1.27471e-14 
-6.17313 92.1679 77.1343 -9.29175 7.66803 -177.226 0 5.07867 -1.15138 -4.00692 4.42113 -0.0444922 0 5.61661 1.07143 -3.14225 3.19832 -0.497989 -1.02604e-17 5.98978 0.11501 -2.4106 2.50331 -0.453184 -1.10457e-17 6.50583 -0.443523 -1.53987 0.923069 -0.519587 -1.97295e-17 7.60548 -1.50593 -0.77105 -0.0686138 -0.472654 -2.53307e-17 9.49737 -0.914492 -0.0436778 -1.37764 -0.671757 -2.90401e-17 10.5513 1.57691 0.0962174 0.639395 -0.131015 -1.29193e-17 4.78644 0.715339 1.0318 7.87384 -8.90228 -1.8116e-17 4.82109 0.421791 0.770673 -4.19839 -4.31035 -2.00958e-17 4.83041 0.765062 1.34223 -6.89674 1.96583 1.23299 -7.60731 7.53374 20.1887 5.43196 -3.03287 12.9547 3.2495 -3.26872 -83.6005 50.5445 8.03717 29.2081 0.0598081 0.137039 4.40802 -0.822673 -21.7259 24.234 0.0496219 0.113701 -20.6639 -59.22 -18.5228 -1.23299 -7.60729 7.53365 -20.5355 3.00052 1.97716 -12.9547 3.2495 -3.26872 80.5195 40.8582 -2.89771 -29.2081 0.0598081 0.137039 -3.70057 -0.570348 18.1125 -24.234 0.0496218 0.113702 28.5569 -65.3626 21.3035 9.23673 -4.20556 2.0327 -4.66209 3.70709 -16.7414 -0.852353 -38.7721 -0.655187 -0.916692 3.42354 -0.0323756 -2.32622 -40.4017 -6.04875 -5.95912 2.08964 16.0691 0.779096 -9.8844 12.4959 1.43693e-17 -7.95466e-16 1.27515e-17 -9.23673 -4.20556 2.0327 -18.6943 -2.88626 7.66621 0.852353 -38.7721 -0.655187 2.62199 9.744 -0.0530173 2.32622 -40.4017 -6.04875 7.10996 -4.76713 -15.8005 -0.779096 -9.8844 12.4959 -5.96354e-16 -5.59082e-16 -1.27471e-14 
-6.1446 92.1616 77.1011 -9.25787 7.61865 -177.205 0 5.07867 -1.15138 -4.00659 4.39774 -0.0544312 0 5.61661 1.07143 -3.13961 3.17863 -0.508696 -1.02604e-17 5.98978 0.11501 -2.40601 2.48299 -0.464563 -1.10457e-17 6.50583 -0.443523 -1.53411 0.901733 -0.531135 -1.97295e-17 7.60548 -1.50593 -0.765866 -0.0843635 -0.485083 -2.53307e-17 9.49737 -0.914492 -0.041816 -1.39368 -0.686258 -2.90401e-17 10.5513 1.57691 0.0949433 0.642174 -0.132514 -1.29193e-17 4.78644 0.715339 1.05698 7.93058 -8.90722 -1.8116e-17 4.82109 0.421791 0.764529 -4.18716 -4.31114 -2.00958e-17 4.83041 0.765062 1.4117 -6.92304 2.05575 1.23299 -7.60731 7.53374 20.1743 5.42696 -3.03411 12.9547 3.2495 -3.26872 -83.3872 50.5721 7.97928 29.2081 0.0598081 0.137039 4.4202 -0.827462 -21.7888 24.234 0.0496219 0.113701 -20.8908 -59.2109 -18.7184 -1.23299 -7.60729 7.53365 -20.5522 2.99874 1.96583 -12.9547 3.2495 -3.26872 80.8405 40.9357 -2.91339 -29.2081 0.0598081 0.137039 -3.70866 -0.572954 18.1534 -24.234 0.0496218 0.113702 28.0291 -65.3657 20.8978 9.23673 -4.20556 2.0327 -4.61519 3.66897 -16.7774 -0.852353 -38.7721 -0.655187 -0.92129 3.44071 -0.0323999 -2.32622 -40.4017 -6.04875 -5.9122 2.02926 16.0588 0.779096 -9.8844 12.4959 4.11939e-16 -7.83042e-16 3.27463e-19 -9.23673 -4.20556 2.0327 -18.6547 -2.91636 7.61894 0.852353 -38.7721 -0.655187 2.61733 9.72693 -0.0525276 2.32622 -40.4017 -6.04875 7.1139 -4.79096 -15.7973 -0.779096 -9.8844 12.4959 -9.83445e-16 -5.46985e-16 -1.27229e-14 
-6.11699 92.1563 77.068 -9.21878 7.58124 -177.181 0 5.07867 -1.15138 -3.99208 4.39151 -0.0726539 0 5.61661 1.07143 -3.12361 3.17089 -0.526213 -1.02604e-17 5.98978 0.11501 -2.39144 2.46855 -0.482994 -1.10457e-17 6.50583 -0.443523 -1.5204 0.880981 -0.55007 -1.97295e-17 7.60548 -1.50593 -0.756982 -0.106819 -0.506861 -2.53307e-17 9.49737 -0.914492 -0.0410826 -1.4239 -0.708388 -2.90401e-17 10.5513 1.57691 0.0950753 0.642809 -0.13362 -1.29193e-17 4.78644 0.715339 1.07437 7.91722 -8.84548 -1.8116e-17 4.82109 0.421791 0.787296 -4.16975 -4.28036 -2.00958e-17 4.83041 0.765062 1.38942 -6.90703 2.07507 1.23299 -7.60731 7.53374 20.1546 5.4389 -3.06529 12.9547 3.2495 -3.26872 -83.3253 50.6593 7.98526 29.2081 0.0598081 0.137039 4.4386 -0.834725 -21.8839 24.234 0.0496219 0.113701 -20.9654 -59.3272 -18.837 -1.23299 -7.60729 7.53365 -20.6711 3.00346 1.97794 -12.9547 3.2495 -3.26872 80.8779 40.9596 -2.88797 -29.2081 0.0598081 0.137039 -3.71921 -0.576357 18.2067 -24.234 0.0496218 0.113702 28.1342 -65.2868 20.9279 9.23673 -4.20556 2.0327 -4.56198 3.65742 -16.7933 -0.852353 -38.7721 -0.655187 -0.919097 3.43252 -0.0323885 -2.32622 -40.4017 -6.04875 -5.91335 1.96419 16.059 0.779096 -9.8844 12.4959 1.1966e-15 -7.46425e-16 -3.62897e-17 -9.23673 -4.20556 2.0327 -18.6122 -2.94701 7.58276 0.852353 -38.7721 -0.655187 2.61728 9.72671 -0.0525214 2.32622 -40.4017 -6.04875 7.12767 -4.80596 -15.7944 -0.779096 -9.8844 12.4959 -6.06833e-16 -5.58754e-16 -1.27464e-14 
-6.09067 92.1518 77.0353 -9.1943 7.54619 -177.153 0 5.07867 -1.15138 -3.96888 4.36594 -0.0864122 0 5.61661 1.07143 -3.10239 3.15141 -0.537043 -1.02604e-17 5.98978 0.11501 -2.37418 2.45168 -0.494015 -1.10457e-17 6.50583 -0.443523 -1.50682 0.873111 -0.561013 -1.97295e-17 7.60548 -1.50593 -0.749817 -0.108412 -0.520414 -2.53307e-17 9.49737 -0.914492 -0.0422092 -1.42569 -0.721249 -2.90401e-17 10.5513 1.57691 0.0948176 0.6414 -0.133982 -1.29193e-17 4.78644 0.715339 1.08845 7.93536 -8.85203 -1.8116e-17 4.82109 0.421791 0.76828 -4.16124 -4.28203 -2.00958e-17 4.83041 0.765062 1.41467 -6.93378 2.13552 1.23299 -7.60731 7.53374 20.1016 5.42953 -3.10089 12.9547 3.2495 -3.26872 -83.2109 50.733 7.92346 29.2081 0.0598081 0.137039 4.44419 -0.836937 -21.9128 24.234 0.0496219 0.113701 -21.0834 -59.3965 -18.9813 -1.23299 -7.60729 7.53365 -20.739 2.99492 1.99225 -12.9547 3.2495 -3.26872 80.9035 41.0736 -2.89076 -29.2081 0.0598081 0.137039 -3.72204 -0.577273 18.221 -24.234 0.0496218 0.113702 28.2913 -65.3253 21.1072 9.23673 -4.20556 2.0327 -4.52353 3.64897 -16.8261 -0.852353 -38.7721 -0.655187 -0.9158 3.42021 -0.0323707 -2.32622 -40.4017 -6.04875 -5.89892 1.91742 16.0557 0.779096 -9.8844 12.4959 8.30466e-16 -7.57539e-16 -2.51755e-17 -9.23673 -4.20556 2.0327 -18.5802 -2.96676 7.52477 0.852353 -38.7721 -0.655187 2.61487 9.71791 -0.0522693 2.32622 -40.4017 -6.04875 7.10049 -4.81757 -15.794 -0.779096 -9.8844 12.4959 -2.09263e-16 -5.83275e-16 -1.27592e-14 
-6.06528 92.1463 77.0032 -9.15737 7.50009 -177.137 0 5.07867 -1.15138 -3.94423 4.3513 -0.0950322 0 5.61661 1.07143 -3.08049 3.13851 -0.542693 -1.02604e-17 5.98978 0.11501 -2.35589 2.4389 -0.499526 -1.10457e-17 6.50583 -0.443523 -1.49281 0.862586 -0.565869 -1.97295e-17 7.60548 -1.50593 -0.740505 -0.116014 -0.527722 -2.53307e-17 9.49737 -0.914492 -0.0389414 -1.43181 -0.72859 -2.90401e-17 10.5513 1.57691 0.0946073 0.642388 -0.133382 -1.29193e-17 4.78644 0.715339 1.10228 7.92062 -8.8814 -1.8116e-17 4.82109 0.421791 0.783757 -4.17971 -4.29352 -2.00958e-17 4.83041 0.765062 1.40914 -6.93359 2.19196 1.23299 -7.60731 7.53374 19.9906 5.42387 -3.13271 12.9547 3.2495 -3.26872 -83.0147 50.8296 7.81706 29.2081 0.0598081 0.137039 4.44458 -0.83709 -21.9148 24.234 0.0496219 0.113701 -21.2201 -59.465 -19.1427 -1.23299 -7.60729 7.53365 -20.7604 3.00336 2.0081 -12.9547 3.2495 -3.26872 80.8774 41.1951 -2.8901 -29.2081 0.0598081 0.137039 -3.72312 -0.577621 18.2265 -24.234 0.0496218 0.113702 28.4888 -65.395 21.3595 9.23673 -4.20556 2.0327 -4.47546 3.62712 -16.8562 -0.852353 -38.7721 -0.655187 -0.913884 3.41306 -0.0323601 -2.32622 -40.4017 -6.04875 -5.86026 1.86228 16.0473 0.779096 -9.8844 12.4959 4.32896e-16 -7.8206e-16 -6.54926e-19 -9.23673 -4.20556 2.0327 -18.5403 -2.99704 7.49657 0.852353 -38.7721 -0.655187 2.60943 9.69795 -0.0516994 2.32622 -40.4017 -6.04875 7.12466 -4.83702 -15.7904 -0.779096 -9.8844 12.4959 -5.85875e-16 -5.59737e-16 -1.27474e-14 
-6.03953 92.1402 76.971 -9.13178 7.44375 -177.145 0 5.07867 -1.15138 -3.9254 4.32219 -0.100529 0 5.61661 1.07143 -3.06455 3.11653 -0.545396 -1.02604e-17 5.98978 0.11501 -2.34303 2.42136 -0.501997 -1.10457e-17 6.50583 -0.443523 -1.48325 0.855603 -0.568048 -1.97295e-17 7.60548 -1.50593 -0.734655 -0.115647 -0.531557 -2.53307e-17 9.49737 -0.914492 -0.0376469 -1.4294 -0.732186 -2.90401e-17 10.5513 1.57691 0.0945875 0.641785 -0.13326 -1.29193e-17 4.78644 0.715339 1.10667 7.89374 -8.91126 -1.8116e-17 4.82109 0.421791 0.784771 -4.18394 -4.30676 -2.00958e-17 4.83041 0.765062 1.43099 -6.94632 2.25174 1.23299 -7.60731 7.53374 19.912 5.42069 -3.17281 12.9547 3.2495 -3.26872 -82.8834 50.9132 7.74522 29.2081 0.0598081 0.137039 4.44608 -0.837686 -21.9226 24.234 0.0496219 0.113701 -21.3169 -59.5373 -19.2559 -1.23299 -7.60729 7.53365 -20.784 3.00247 2.0275 -12.9547 3.2495 -3.26872 80.8322 41.316 -2.86303 -29.2081 0.0598081 0.137039 -3.72987 -0.579807 18.2606 -24.234 0.0496218 0.113702 28.638 -65.4838 21.5158 9.23673 -4.20556 2.0327 -4.44002 3.5956 -16.8702 -0.852353 -38.7721 -0.655187 -0.911431 3.4039 -0.0323461 -2.32622 -40.4017 -6.04875 -5.83065 1.8097 16.0417 0.779096 -9.8844 12.4959 -3.51764e-16 -8.06908e-16 2.41932e-17 -9.23673 -4.20556 2.0327 -18.5106 -3.05303 7.46257 0.852353 -38.7721 -0.655187 2.60773 9.69174 -0.0515224 2.32622 -40.4017 -6.04875 7.12144 -4.86248 -15.7855 -0.779096 -9.8844 12.4959 -5.96354e-16 -5.59082e-16 -1.27471e-14 
-6.01539 92.1354 76.9383 -9.08735 7.39739 -177.154 0 5.07867 -1.15138 -3.91677 4.29528 -0.108271 0 5.61661 1.07143 -3.0556 3.09626 -0.552809 -1.02604e-17 5.98978 0.11501 -2.33386 2.40224 -0.509021 -1.10457e-17 6.50583 -0.443523 -1.47485 0.838769 -0.575004 -1.97295e-17 7.60548 -1.50593 -0.728175 -0.126408 -0.539441 -2.53307e-17 9.49737 -0.914492 -0.0356371 -1.44321 -0.743043 -2.90401e-17 10.5513 1.57691 0.0941156 0.64516 -0.13445 -1.29193e-17 4.78644 0.715339 1.12049 7.93503 -8.859 -1.8116e-17 4.82109 0.421791 0.79396 -4.19859 -4.28247 -2.00958e-17 4.83041 0.765062 1.45988 -6.98178 2.22381 1.23299 -7.60731 7.53374 19.9202 5.41327 -3.1399 12.9547 3.2495 -3.26872 -82.9556 50.9975 7.67216 29.2081 0.0598081 0.137039 4.44326 -0.836569 -21.908 24.234 0.0496219 0.113701 -21.109 -59.5936 -19.0485 -1.23299 -7.60729 7.53365 -20.7855 2.99013 1.99934 -12.9547 3.2495 -3.26872 81.042 41.3588 -2.81811 -29.2081 0.0598081 0.137039 -3.73407 -0.58117 18.2819 -24.234 0.0496218 0.113702 28.0863 -65.453 21.0274 9.23673 -4.20556 2.0327 -4.389 3.57342 -16.8921 -0.852353 -38.7721 -0.655187 -0.909159 3.39542 -0.0323328 -2.32622 -40.4017 -6.04875 -5.75301 1.76434 16.0261 0.779096 -9.8844 12.4959 -7.59812e-16 -8.31756e-16 4.90412e-17 -9.23673 -4.20556 2.0327 -18.4577 -3.09461 7.4499 0.852353 -38.7721 -0.655187 2.6025 9.67257 -0.0509775 2.32622 -40.4017 -6.04875 7.09416 -4.85919 -15.7772 -0.779096 -9.8844 12.4959 -2.09263e-16 -5.83275e-16 -1.27592e-14 
-5.99433 92.134 76.9055 -9.0495 7.38078 -177.148 0 5.07867 -1.15138 -3.90456 4.28623 -0.118569 0 5.61661 1.07143 -3.04194 3.08952 -0.563944 -1.02604e-17 5.98978 0.11501 -2.32028 2.39561 -0.520419 -1.10457e-17 6.50583 -0.443523 -1.46225 0.832388 -0.58632 -1.97295e-17 7.60548 -1.50593 -0.719048 -0.132839 -0.551791 -2.53307e-17 9.49737 -0.914492 -0.0328914 -1.44731 -0.758608 -2.90401e-17 10.5513 1.57691 0.0924256 0.647303 -0.133753 -1.29193e-17 4.78644 0.715339 1.11322 7.8954 -8.84751 -1.8116e-17 4.82109 0.421791 0.799403 -4.21132 -4.27716 -2.00958e-17 4.83041 0.765062 1.48246 -6.97046 2.25932 1.23299 -7.60731 7.53374 19.8565 5.4163 -3.10596 12.9547 3.2495 -3.26872 -82.9304 50.9157 7.59552 29.2081 0.0598081 0.137039 4.43136 -0.83186 -21.8465 24.234 0.0496219 0.113701 -21.0028 -59.5013 -18.9272 -1.23299 -7.60729 7.53365 -20.6168 3.00385 2.02142 -12.9547 3.2495 -3.26872 80.961 41.1919 -2.67754 -29.2081 0.0598081 0.137039 -3.72328 -0.577671 18.2273 -24.234 0.0496218 0.113702 27.6112 -65.283 20.5581 9.23673 -4.20556 2.0327 -4.33894 3.57632 -16.9088 -0.852353 -38.7721 -0.655187 -0.908121 3.39154 -0.0323266 -2.32622 -40.4017 -6.04875 -5.76086 1.71696 16.0289 0.779096 -9.8844 12.4959 7.78071e-16 -7.59831e-16 -2.28833e-17 -9.23673 -4.20556 2.0327 -18.4199 -3.12419 7.43196 0.852353 -38.7721 -0.655187 2.60693 9.68879 -0.0514387 2.32622 -40.4017 -6.04875 7.13266 -4.85788 -15.779 -0.779096 -9.8844 12.4959 -5.85875e-16 -5.59737e-16 -1.27474e-14 
-5.97402 92.1315 76.8728 -9.01254 7.35287 -177.156 0 5.07867 -1.15138 -3.8968 4.29875 -0.130412 0 5.61661 1.07143 -3.03233 3.09366 -0.575936 -1.02604e-17 5.98978 0.11501 -2.311 2.38683 -0.532522 -1.10457e-17 6.50583 -0.443523 -1.45314 0.805232 -0.598727 -1.97295e-17 7.60548 -1.50593 -0.712824 -0.170784 -0.565785 -2.53307e-17 9.49737 -0.914492 -0.0321727 -1.49969 -0.77391 -2.90401e-17 10.5513 1.57691 0.092049 0.65012 -0.134269 -1.29193e-17 4.78644 0.715339 1.1222 7.8904 -8.81382 -1.8116e-17 4.82109 0.421791 0.797369 -4.20013 -4.25995 -2.00958e-17 4.83041 0.765062 1.50383 -6.95864 2.27815 1.23299 -7.60731 7.53374 19.8992 5.43688 -3.1017 12.9547 3.2495 -3.26872 -83.0267 50.9028 7.62551 29.2081 0.0598081 0.137039 4.41086 -0.823787 -21.7406 24.234 0.0496219 0.113701 -21.0758 -59.4581 -19.0197 -1.23299 -7.60729 7.53365 -20.652 3.0259 2.03641 -12.9547 3.2495 -3.26872 81.0164 41.1504 -2.64398 -29.2081 0.0598081 0.137039 -3.70432 -0.571556 18.1315 -24.234 0.0496218 0.113702 27.6216 -65.121 20.5674 9.23673 -4.20556 2.0327 -4.2956 3.57498 -16.9134 -0.852353 -38.7721 -0.655187 -0.904474 3.37793 -0.0323043 -2.32622 -40.4017 -6.04875 -5.7236 1.67719 16.0246 0.779096 -9.8844 12.4959 -1.11547e-15 -8.42543e-16 5.9828e-17 -9.23673 -4.20556 2.0327 -18.3785 -3.15229 7.40752 0.852353 -38.7721 -0.655187 2.6039 9.6777 -0.0511232 2.32622 -40.4017 -6.04875 7.12178 -4.85208 -15.7769 -0.779096 -9.8844 12.4959 -5.96354e-16 -5.59082e-16 -1.27471e-14 
-5.95492 92.1295 76.84 -8.98783 7.32975 -177.167 0 5.07867 -1.15138 -3.88899 4.31603 -0.137598 0 5.61661 1.07143 -3.02398 3.10036 -0.582902 -1.02604e-17 5.98978 0.11501 -2.30314 2.38096 -0.539732 -1.10457e-17 6.50583 -0.443523 -1.44609 0.779784 -0.606077 -1.97295e-17 7.60548 -1.50593 -0.707744 -0.206706 -0.574278 -2.53307e-17 9.49737 -0.914492 -0.0311046 -1.54704 -0.783781 -2.90401e-17 10.5513 1.57691 0.09167 0.65316 -0.134539 -1.29193e-17 4.78644 0.715339 1.1302 7.89693 -8.81379 -1.8116e-17 4.82109 0.421791 0.790032 -4.20821 -4.25955 -2.00958e-17 4.83041 0.765062 1.52176 -6.93962 2.31947 1.23299 -7.60731 7.53374 19.9256 5.45846 -3.10654 12.9547 3.2495 -3.26872 -83.06 50.9037 7.66839 29.2081 0.0598081 0.137039 4.39282 -0.816719 -21.6474 24.234 0.0496219 0.113701 -21.2618 -59.4169 -19.2075 -1.23299 -7.60729 7.53365 -20.6472 3.05074 2.05093 -12.9547 3.2495 -3.26872 81.0705 41.086 -2.6389 -29.2081 0.0598081 0.137039 -3.68731 -0.566095 18.0455 -24.234 0.0496218 0.113702 27.5674 -64.9723 20.5402 9.23673 -4.20556 2.0327 -4.26247 3.57917 -16.9234 -0.852353 -38.7721 -0.655187 -0.899798 3.36047 -0.0322744 -2.32622 -40.4017 -6.04875 -5.70659 1.64697 16.0219 0.779096 -9.8844 12.4959 -7.80774e-16 -8.32738e-16 5.00238e-17 -9.23673 -4.20556 2.0327 -18.3498 -3.17155 7.39955 0.852353 -38.7721 -0.655187 2.59811 9.65646 -0.0505211 2.32622 -40.4017 -6.04875 7.13149 -4.85337 -15.774 -0.779096 -9.8844 12.4959 -9.8344e-16 -5.46985e-16 -1.27229e-14 
-5.9375 92.1283 76.8075 -8.96026 7.32203 -177.169 0 5.07867 -1.15138 -3.88068 4.33366 -0.144058 0 5.61661 1.07143 -3.01487 3.10964 -0.58933 -1.02604e-17 5.98978 0.11501 -2.29493 2.38022 -0.546649 -1.10457e-17 6.50583 -0.443523 -1.43896 0.763281 -0.6133 -1.97295e-17 7.60548 -1.50593 -0.703051 -0.232394 -0.582793 -2.53307e-17 9.49737 -0.914492 -0.0306103 -1.58182 -0.792855 -2.90401e-17 10.5513 1.57691 0.0914241 0.655026 -0.13482 -1.29193e-17 4.78644 0.715339 1.13644 7.89476 -8.81308 -1.8116e-17 4.82109 0.421791 0.785486 -4.20562 -4.2584 -2.00958e-17 4.83041 0.765062 1.53318 -6.9269 2.34194 1.23299 -7.60731 7.53374 19.9457 5.47555 -3.12686 12.9547 3.2495 -3.26872 -83.096 50.9433 7.7233 29.2081 0.0598081 0.137039 4.38588 -0.81401 -21.6116 24.234 0.0496219 0.113701 -21.3861 -59.4446 -19.3329 -1.23299 -7.60729 7.53365 -20.6719 3.06849 2.07017 -12.9547 3.2495 -3.26872 81.0974 41.0547 -2.62554 -29.2081 0.0598081 0.137039 -3.67391 -0.561815 17.9778 -24.234 0.0496218 0.113702 27.6239 -64.8823 20.5997 9.23673 -4.20556 2.0327 -4.22785 3.59342 -16.9327 -0.852353 -38.7721 -0.655187 -0.897452 3.35171 -0.0322589 -2.32622 -40.4017 -6.04875 -5.68149 1.62025 16.0186 0.779096 -9.8844 12.4959 1.16514e-15 -7.47736e-16 -3.49788e-17 -9.23673 -4.20556 2.0327 -18.3142 -3.16872 7.39255 0.852353 -38.7721 -0.655187 2.58993 9.62647 -0.0496745 2.32622 -40.4017 -6.04875 7.12068 -4.84065 -15.772 -0.779096 -9.8844 12.4959 -6.06838e-16 -5.58754e-16 -1.27464e-14 
-5.91932 92.1262 76.7744 -8.92762 7.31182 -177.189 0 5.07867 -1.15138 -3.86988 4.3488 -0.150889 0 5.61661 1.07143 -3.00379 3.1185 -0.595869 -1.02604e-17 5.98978 0.11501 -2.28543 2.38097 -0.553688 -1.10457e-17 6.50583 -0.443523 -1.43119 0.751673 -0.620703 -1.97295e-17 7.60548 -1.50593 -0.698631 -0.25116 -0.59161 -2.53307e-17 9.49737 -0.914492 -0.0311931 -1.60719 -0.801963 -2.90401e-17 10.5513 1.57691 0.0909632 0.65617 -0.135085 -1.29193e-17 4.78644 0.715339 1.13801 7.88163 -8.79522 -1.8116e-17 4.82109 0.421791 0.772933 -4.19364 -4.24919 -2.00958e-17 4.83041 0.765062 1.54645 -6.91915 2.36399 1.23299 -7.60731 7.53374 19.9465 5.49275 -3.15103 12.9547 3.2495 -3.26872 -83.1432 50.9604 7.80228 29.2081 0.0598081 0.137039 4.38445 -0.813451 -21.6043 24.234 0.0496219 0.113701 -21.4652 -59.473 -19.4221 -1.23299 -7.60729 7.53365 -20.6887 3.08234 2.09056 -12.9547 3.2495 -3.26872 81.0978 41.0689 -2.60794 -29.2081 0.0598081 0.137039 -3.66747 -0.559766 17.9453 -24.234 0.0496218 0.113702 27.6896 -64.8468 20.6754 9.23673 -4.20556 2.0327 -4.1878 3.61061 -16.9272 -0.852353 -38.7721 -0.655187 -0.893449 3.33677 -0.0322316 -2.32622 -40.4017 -6.04875 -5.6632 1.58318 16.0174 0.779096 -9.8844 12.4959 8.3047e-16 -7.57539e-16 -2.51757e-17 -9.23673 -4.20556 2.0327 -18.2742 -3.17794 7.39519 0.852353 -38.7721 -0.655187 2.58374 9.6038 -0.0490376 2.32622 -40.4017 -6.04875 7.11881 -4.83324 -15.7694 -0.779096 -9.8844 12.4959 -9.8344e-16 -5.46985e-16 -1.27229e-14 
-5.90197 92.1226 76.741 -8.8846 7.28729 -177.216 0 5.07867 -1.15138 -3.85325 4.35845 -0.158673 0 5.61661 1.07143 -2.98809 3.12361 -0.602697 -1.02604e-17 5.98978 0.11501 -2.27242 2.37909 -0.560975 -1.10457e-17 6.50583 -0.443523 -1.42116 0.739856 -0.62828 -1.97295e-17 7.60548 -1.50593 -0.693201 -0.267794 -0.600896 -2.53307e-17 9.49737 -0.914492 -0.0322327 -1.629 -0.811424 -2.90401e-17 10.5513 1.57691 0.0903549 0.657241 -0.135289 -1.29193e-17 4.78644 0.715339 1.13803 7.86464 -8.77636 -1.8116e-17 4.82109 0.421791 0.755747 -4.18613 -4.23962 -2.00958e-17 4.83041 0.765062 1.55296 -6.90464 2.39172 1.23299 -7.60731 7.53374 19.9267 5.50786 -3.16935 12.9547 3.2495 -3.26872 -83.1803 50.9802 7.8837 29.2081 0.0598081 0.137039 4.38245 -0.812671 -21.5939 24.234 0.0496219 0.113701 -21.55 -59.5033 -19.5048 -1.23299 -7.60729 7.53365 -20.6983 3.09477 2.10742 -12.9547 3.2495 -3.26872 81.0842 41.1117 -2.59878 -29.2081 0.0598081 0.137039 -3.66404 -0.558675 17.928 -24.234 0.0496218 0.113702 27.7587 -64.8399 20.7678 9.23673 -4.20556 2.0327 -4.13873 3.61979 -16.9206 -0.852353 -38.7721 -0.655187 -0.887041 3.31284 -0.0321857 -2.32622 -40.4017 -6.04875 -5.63172 1.53582 16.0122 0.779096 -9.8844 12.4959 -1.11544e-15 -8.42542e-16 5.98269e-17 -9.23673 -4.20556 2.0327 -18.2253 -3.20634 7.4124 0.852353 -38.7721 -0.655187 2.57892 9.5861 -0.0485421 2.32622 -40.4017 -6.04875 7.12263 -4.82906 -15.7657 -0.779096 -9.8844 12.4959 -6.06838e-16 -5.58754e-16 -1.27464e-14 
-5.88619 92.118 76.7071 -8.83603 7.24183 -177.238 0 5.07867 -1.15138 -3.85296 4.36675 -0.166297 0 5.61661 1.07143 -2.98552 3.126 -0.612399 -1.02604e-17 5.98978 0.11501 -2.26835 2.37175 -0.57183 -1.10457e-17 6.50583 -0.443523 -1.41632 0.715978 -0.639836 -1.97295e-17 7.60548 -1.50593 -0.689361 -0.296921 -0.613208 -2.53307e-17 9.49737 -0.914492 -0.0321297 -1.66479 -0.825417 -2.90401e-17 10.5513 1.57691 0.0892331 0.661045 -0.137503 -1.29193e-17 4.78644 0.715339 1.15885 7.90538 -8.78101 -1.8116e-17 4.82109 0.421791 0.745605 -4.16957 -4.24041 -2.00958e-17 4.83041 0.765062 1.58934 -6.9067 2.46546 1.23299 -7.60731 7.53374 19.9072 5.52588 -3.17044 12.9547 3.2495 -3.26872 -83.1141 50.9468 8.00698 29.2081 0.0598081 0.137039 4.37516 -0.809834 -21.5563 24.234 0.0496219 0.113701 -21.8298 -59.4739 -19.7273 -1.23299 -7.60729 7.53365 -20.718 3.10237 2.09681 -12.9547 3.2495 -3.26872 81.325 41.1236 -2.6225 -29.2081 0.0598081 0.137039 -3.66402 -0.558669 17.9279 -24.234 0.0496218 0.113702 27.3648 -64.7817 20.4721 9.23673 -4.20556 2.0327 -4.08744 3.60366 -16.9278 -0.852353 -38.7721 -0.655187 -0.882579 3.29618 -0.0321521 -2.32622 -40.4017 -6.04875 -5.56102 1.48553 15.9982 0.779096 -9.8844 12.4959 -6.60258e-18 -7.96449e-16 1.37345e-17 -9.23673 -4.20556 2.0327 -18.1711 -3.23545 7.41237 0.852353 -38.7721 -0.655187 2.566 9.53874 -0.0472234 2.32622 -40.4017 -6.04875 7.13275 -4.83059 -15.7608 -0.779096 -9.8844 12.4959 -5.96354e-16 -5.59082e-16 -1.27471e-14 
-5.87045 92.1143 76.6733 -8.79708 7.20408 -177.267 0 5.07867 -1.15138 -3.84607 4.37488 -0.179306 0 5.61661 1.07143 -2.97661 3.13028 -0.626185 -1.02604e-17 5.98978 0.11501 -2.26006 2.36709 -0.586778 -1.10457e-17 6.50583 -0.443523 -1.40796 0.700537 -0.655974 -1.97295e-17 7.60548 -1.50593 -0.684814 -0.317437 -0.631065 -2.53307e-17 9.49737 -0.914492 -0.0343573 -1.69627 -0.843703 -2.90401e-17 10.5513 1.57691 0.0896489 0.661022 -0.139637 -1.29193e-17 4.78644 0.715339 1.16722 7.89951 -8.69792 -1.8116e-17 4.82109 0.421791 0.751039 -4.14372 -4.20147 -2.00958e-17 4.83041 0.765062 1.56969 -6.89791 2.43939 1.23299 -7.60731 7.53374 19.9409 5.55008 -3.18232 12.9547 3.2495 -3.26872 -83.2689 50.9901 8.18739 29.2081 0.0598081 0.137039 4.38338 -0.813033 -21.5987 24.234 0.0496219 0.113701 -21.8721 -59.5959 -19.79 -1.23299 -7.60729 7.53365 -20.8316 3.09944 2.09229 -12.9547 3.2495 -3.26872 81.3654 41.0825 -2.60656 -29.2081 0.0598081 0.137039 -3.67432 -0.561947 17.9799 -24.234 0.0496218 0.113702 27.3435 -64.6704 20.3706 9.23673 -4.20556 2.0327 -4.04384 3.5971 -16.9051 -0.852353 -38.7721 -0.655187 -0.877054 3.27555 -0.0321088 -2.32622 -40.4017 -6.04875 -5.5505 1.43497 15.9964 0.779096 -9.8844 12.4959 1.57319e-15 -7.34657e-16 -4.80581e-17 -9.23673 -4.20556 2.0327 -18.1276 -3.27944 7.41135 0.852353 -38.7721 -0.655187 2.56163 9.52271 -0.04678 2.32622 -40.4017 -6.04875 7.12998 -4.82747 -15.7555 -0.779096 -9.8844 12.4959 -9.8344e-16 -5.46985e-16 -1.27229e-14 
-5.85626 92.1135 76.6398 -8.7495 7.19101 -177.292 0 5.07867 -1.15138 -3.82873 4.37751 -0.188881 0 5.61661 1.07143 -2.9601 3.13181 -0.634267 -1.02604e-17 5.98978 0.11501 -2.24675 2.3646 -0.595394 -1.10457e-17 6.50583 -0.443523 -1.39753 0.69386 -0.665118 -1.97295e-17 7.60548 -1.50593 -0.679954 -0.325186 -0.642104 -2.53307e-17 9.49737 -0.914492 -0.0369451 -1.70921 -0.854553 -2.90401e-17 10.5513 1.57691 0.0893198 0.660003 -0.140671 -1.29193e-17 4.78644 0.715339 1.17286 7.91047 -8.67488 -1.8116e-17 4.82109 0.421791 0.730917 -4.12752 -4.18997 -2.00958e-17 4.83041 0.765062 1.59068 -6.90652 2.46107 1.23299 -7.60731 7.53374 19.9496 5.5563 -3.19114 12.9547 3.2495 -3.26872 -83.3703 50.9823 8.30329 29.2081 0.0598081 0.137039 4.38354 -0.813099 -21.5996 24.234 0.0496219 0.113701 -21.9314 -59.6514 -19.833 -1.23299 -7.60729 7.53365 -20.8964 3.09451 2.09041 -12.9547 3.2495 -3.26872 81.4127 41.1274 -2.63032 -29.2081 0.0598081 0.137039 -3.67854 -0.563294 18.0012 -24.234 0.0496218 0.113702 27.349 -64.658 20.3802 9.23673 -4.20556 2.0327 -3.99145 3.60918 -16.8973 -0.852353 -38.7721 -0.655187 -0.873641 3.26281 -0.032081 -2.32622 -40.4017 -6.04875 -5.51864 1.39525 15.9917 0.779096 -9.8844 12.4959 8.40954e-16 -7.57211e-16 -2.55033e-17 -9.23673 -4.20556 2.0327 -18.073 -3.29547 7.40555 0.852353 -38.7721 -0.655187 2.55578 9.50124 -0.0461874 2.32622 -40.4017 -6.04875 7.13006 -4.80574 -15.7563 -0.779096 -9.8844 12.4959 -6.06838e-16 -5.58754e-16 -1.27464e-14 
-5.84329 92.1118 76.6066 -8.72081 7.16834 -177.315 0 5.07867 -1.15138 -3.82031 4.3879 -0.192761 0 5.61661 1.07143 -2.95208 3.13781 -0.637772 -1.02604e-17 5.98978 0.11501 -2.23975 2.36499 -0.599142 -1.10457e-17 6.50583 -0.443523 -1.39182 0.685195 -0.668846 -1.97295e-17 7.60548 -1.50593 -0.676062 -0.337666 -0.646824 -2.53307e-17 9.49737 -0.914492 -0.0358933 -1.72483 -0.859651 -2.90401e-17 10.5513 1.57691 0.0890792 0.661205 -0.140724 -1.29193e-17 4.78644 0.715339 1.17891 7.89967 -8.67991 -1.8116e-17 4.82109 0.421791 0.74663 -4.13125 -4.19098 -2.00958e-17 4.83041 0.765062 1.59345 -6.89747 2.48356 1.23299 -7.60731 7.53374 19.9149 5.56644 -3.18917 12.9547 3.2495 -3.26872 -83.3933 50.9723 8.36425 29.2081 0.0598081 0.137039 4.37834 -0.811072 -21.5728 24.234 0.0496219 0.113701 -21.9751 -59.6732 -19.8659 -1.23299 -7.60729 7.53365 -20.9097 3.10576 2.08899 -12.9547 3.2495 -3.26872 81.4218 41.1393 -2.65281 -29.2081 0.0598081 0.137039 -3.678 -0.563121 17.9985 -24.234 0.0496218 0.113702 27.3871 -64.6407 20.4435 9.23673 -4.20556 2.0327 -3.9594 3.60584 -16.8922 -0.852353 -38.7721 -0.655187 -0.872432 3.2583 -0.032071 -2.32622 -40.4017 -6.04875 -5.49318 1.36349 15.9878 0.779096 -9.8844 12.4959 -3.41271e-16 -8.06252e-16 2.35376e-17 -9.23673 -4.20556 2.0327 -18.0425 -3.33252 7.42584 0.852353 -38.7721 -0.655187 2.55611 9.50245 -0.0462207 2.32622 -40.4017 -6.04875 7.14955 -4.80152 -15.7544 -0.779096 -9.8844 12.4959 -5.96354e-16 -5.59082e-16 -1.27471e-14 
-5.83174 92.1127 76.5726 -8.68499 7.17292 -177.327 0 5.07867 -1.15138 -3.81473 4.39968 -0.195408 0 5.61661 1.07143 -2.94628 3.14584 -0.640548 -1.02604e-17 5.98978 0.11501 -2.2345 2.36829 -0.602157 -1.10457e-17 6.50583 -0.443523 -1.38729 0.68004 -0.672046 -1.97295e-17 7.60548 -1.50593 -0.673041 -0.346358 -0.650663 -2.53307e-17 9.49737 -0.914492 -0.0353152 -1.73593 -0.864398 -2.90401e-17 10.5513 1.57691 0.0885157 0.662507 -0.140901 -1.29193e-17 4.78644 0.715339 1.18029 7.88437 -8.69619 -1.8116e-17 4.82109 0.421791 0.755782 -4.12493 -4.19781 -2.00958e-17 4.83041 0.765062 1.63015 -6.88174 2.50511 1.23299 -7.60731 7.53374 19.8934 5.57762 -3.19398 12.9547 3.2495 -3.26872 -83.4193 50.933 8.4332 29.2081 0.0598081 0.137039 4.37511 -0.809813 -21.5561 24.234 0.0496219 0.113701 -21.9883 -59.6566 -19.8491 -1.23299 -7.60729 7.53365 -20.8946 3.11323 2.0916 -12.9547 3.2495 -3.26872 81.4542 41.1349 -2.66801 -29.2081 0.0598081 0.137039 -3.68203 -0.564408 18.0188 -24.234 0.0496218 0.113702 27.2943 -64.6406 20.3581 9.23673 -4.20556 2.0327 -3.92061 3.62032 -16.8978 -0.852353 -38.7721 -0.655187 -0.875397 3.26937 -0.0320954 -2.32622 -40.4017 -6.04875 -5.46109 1.33885 15.9846 0.779096 -9.8844 12.4959 2.33688e-15 -6.98695e-16 -8.40198e-17 -9.23673 -4.20556 2.0327 -18.0029 -3.34259 7.42586 0.852353 -38.7721 -0.655187 2.55803 9.5095 -0.046415 2.32622 -40.4017 -6.04875 7.15505 -4.7748 -15.756 -0.779096 -9.8844 12.4959 -5.96354e-16 -5.59082e-16 -1.27471e-14 
-5.82034 92.1139 76.5379 -8.66116 7.18339 -177.341 0 5.07867 -1.15138 -3.81323 4.41247 -0.197973 0 5.61661 1.07143 -2.94371 3.15504 -0.643442 -1.02604e-17 5.98978 0.11501 -2.23163 2.37326 -0.605118 -1.10457e-17 6.50583 -0.443523 -1.38412 0.677375 -0.675108 -1.97295e-17 7.60548 -1.50593 -0.670329 -0.352845 -0.65428 -2.53307e-17 9.49737 -0.914492 -0.0339035 -1.74517 -0.869161 -2.90401e-17 10.5513 1.57691 0.0884158 0.663139 -0.140896 -1.29193e-17 4.78644 0.715339 1.1827 7.86823 -8.69317 -1.8116e-17 4.82109 0.421791 0.775454 -4.1193 -4.19578 -2.00958e-17 4.83041 0.765062 1.65108 -6.86719 2.49192 1.23299 -7.60731 7.53374 19.8993 5.5892 -3.19327 12.9547 3.2495 -3.26872 -83.4894 50.9158 8.50173 29.2081 0.0598081 0.137039 4.37155 -0.80843 -21.5377 24.234 0.0496219 0.113701 -21.9804 -59.6545 -19.8294 -1.23299 -7.60729 7.53365 -20.8957 3.12009 2.09325 -12.9547 3.2495 -3.26872 81.4536 41.1369 -2.68259 -29.2081 0.0598081 0.137039 -3.68562 -0.565557 18.037 -24.234 0.0496218 0.113702 27.3109 -64.6476 20.3634 9.23673 -4.20556 2.0327 -3.89272 3.6448 -16.8926 -0.852353 -38.7721 -0.655187 -0.87643 3.27323 -0.0321038 -2.32622 -40.4017 -6.04875 -5.45013 1.32158 15.9849 0.779096 -9.8844 12.4959 4.74835e-16 -7.80421e-16 -2.29328e-18 -9.23673 -4.20556 2.0327 -17.9738 -3.3413 7.42897 0.852353 -38.7721 -0.655187 2.55766 9.50812 -0.0463771 2.32622 -40.4017 -6.04875 7.14974 -4.75142 -15.7569 -0.779096 -9.8844 12.4959 -5.96354e-16 -5.59082e-16 -1.27471e-14 
-5.80942 92.1162 76.5034 -8.63319 7.20622 -177.352 0 5.07867 -1.15138 -3.8173 4.42774 -0.199347 0 5.61661 1.07143 -2.94595 3.16505 -0.645582 -1.02604e-17 5.98978 0.11501 -2.23258 2.37653 -0.607315 -1.10457e-17 6.50583 -0.443523 -1.38363 0.667797 -0.677677 -1.97295e-17 7.60548 -1.50593 -0.669012 -0.367354 -0.656933 -2.53307e-17 9.49737 -0.914492 -0.0325933 -1.76735 -0.873429 -2.90401e-17 10.5513 1.57691 0.0885062 0.665501 -0.142255 -1.29193e-17 4.78644 0.715339 1.19966 7.92085 -8.69368 -1.8116e-17 4.82109 0.421791 0.794857 -4.10997 -4.19507 -2.00958e-17 4.83041 0.765062 1.6866 -6.88017 2.47564 1.23299 -7.60731 7.53374 19.9757 5.59486 -3.17173 12.9547 3.2495 -3.26872 -83.6213 50.9122 8.57416 29.2081 0.0598081 0.137039 4.36337 -0.805254 -21.4955 24.234 0.0496219 0.113701 -21.9885 -59.6238 -19.8041 -1.23299 -7.60729 7.53365 -20.9567 3.11741 2.06328 -12.9547 3.2495 -3.26872 81.6576 41.1291 -2.72503 -29.2081 0.0598081 0.137039 -3.68633 -0.565783 18.0405 -24.234 0.0496218 0.113702 27.0931 -64.6055 20.1625 9.23673 -4.20556 2.0327 -3.86198 3.67934 -16.8956 -0.852353 -38.7721 -0.655187 -0.878158 3.27968 -0.0321176 -2.32622 -40.4017 -6.04875 -5.41456 1.31404 15.9805 0.779096 -9.8844 12.4959 1.58367e-15 -7.34329e-16 -4.83857e-17 -9.23673 -4.20556 2.0327 -17.938 -3.30654 7.42886 0.852353 -38.7721 -0.655187 2.54733 9.47024 -0.045336 2.32622 -40.4017 -6.04875 7.15549 -4.72212 -15.758 -0.779096 -9.8844 12.4959 -9.8344e-16 -5.46985e-16 -1.27229e-14 
-5.79875 92.1182 76.4689 -8.60509 7.22938 -177.364 0 5.07867 -1.15138 -3.81841 4.45516 -0.203019 0 5.61661 1.07143 -2.94515 3.18279 -0.649905 -1.02604e-17 5.98978 0.11501 -2.23131 2.38317 -0.6121 -1.10457e-17 6.50583 -0.443523 -1.38131 0.655524 -0.683066 -1.97295e-17 7.60548 -1.50593 -0.666964 -0.38906 -0.662928 -2.53307e-17 9.49737 -0.914492 -0.0319308 -1.80003 -0.880198 -2.90401e-17 10.5513 1.57691 0.0887845 0.667477 -0.143491 -1.29193e-17 4.78644 0.715339 1.21316 7.9432 -8.67994 -1.8116e-17 4.82109 0.421791 0.819833 -4.0976 -4.18721 -2.00958e-17 4.83041 0.765062 1.70149 -6.87204 2.44248 1.23299 -7.60731 7.53374 20.059 5.61009 -3.1648 12.9547 3.2495 -3.26872 -83.7962 50.891 8.69438 29.2081 0.0598081 0.137039 4.3624 -0.804879 -21.4906 24.234 0.0496219 0.113701 -21.9803 -59.6055 -19.7882 -1.23299 -7.60729 7.53365 -21.0519 3.12254 2.04546 -12.9547 3.2495 -3.26872 81.7831 41.0924 -2.75973 -29.2081 0.0598081 0.137039 -3.69046 -0.567104 18.0614 -24.234 0.0496218 0.113702 27.0438 -64.5315 20.0678 9.23673 -4.20556 2.0327 -3.82861 3.72116 -16.8855 -0.852353 -38.7721 -0.655187 -0.876888 3.27494 -0.0321075 -2.32622 -40.4017 -6.04875 -5.41599 1.29822 15.982 0.779096 -9.8844 12.4959 -3.20303e-16 -8.05597e-16 2.28824e-17 -9.23673 -4.20556 2.0327 -17.9051 -3.28142 7.4294 0.852353 -38.7721 -0.655187 2.54177 9.44983 -0.0447782 2.32622 -40.4017 -6.04875 7.17406 -4.69502 -15.7581 -0.779096 -9.8844 12.4959 -9.93923e-16 -5.46658e-16 -1.27222e-14 
-5.78743 92.1188 76.4342 -8.57772 7.24037 -177.389 0 5.07867 -1.15138 -3.81673 4.46844 -0.206207 0 5.61661 1.07143 -2.94252 3.19161 -0.653094 -1.02604e-17 5.98978 0.11501 -2.22899 2.38641 -0.615678 -1.10457e-17 6.50583 -0.443523 -1.37876 0.649595 -0.687058 -1.97295e-17 7.60548 -1.50593 -0.665475 -0.399266 -0.667577 -2.53307e-17 9.49737 -0.914492 -0.032363 -1.81615 -0.885149 -2.90401e-17 10.5513 1.57691 0.0887887 0.667351 -0.144215 -1.29193e-17 4.78644 0.715339 1.21967 7.95644 -8.68184 -1.8116e-17 4.82109 0.421791 0.824287 -4.08319 -4.18692 -2.00958e-17 4.83041 0.765062 1.74084 -6.86913 2.44526 1.23299 -7.60731 7.53374 20.115 5.61909 -3.16605 12.9547 3.2495 -3.26872 -83.937 50.8634 8.80691 29.2081 0.0598081 0.137039 4.36291 -0.805077 -21.4932 24.234 0.0496219 0.113701 -21.999 -59.6096 -19.8063 -1.23299 -7.60729 7.53365 -21.1054 3.12487 2.04342 -12.9547 3.2495 -3.26872 81.8453 41.0823 -2.78527 -29.2081 0.0598081 0.137039 -3.69244 -0.56774 18.0714 -24.234 0.0496218 0.113702 27.0736 -64.4924 20.0684 9.23673 -4.20556 2.0327 -3.79701 3.7567 -16.8648 -0.852353 -38.7721 -0.655187 -0.873564 3.26253 -0.0320804 -2.32622 -40.4017 -6.04875 -5.4132 1.27499 15.9841 0.779096 -9.8844 12.4959 7.88536e-16 -7.59177e-16 -2.35376e-17 -9.23673 -4.20556 2.0327 -17.871 -3.26999 7.44452 0.852353 -38.7721 -0.655187 2.53513 9.42546 -0.0441147 2.32622 -40.4017 -6.04875 7.18228 -4.67793 -15.7591 -0.779096 -9.8844 12.4959 -6.06838e-16 -5.58754e-16 -1.27464e-14 
-5.77757 92.1191 76.3992 -8.55037 7.25102 -177.415 0 5.07867 -1.15138 -3.77481 4.46759 -0.211593 0 5.61661 1.07143 -2.90747 3.19393 -0.651404 -1.02604e-17 5.98978 0.11501 -2.20361 2.39041 -0.612636 -1.10457e-17 6.50583 -0.443523 -1.36211 0.66137 -0.683451 -1.97295e-17 7.60548 -1.50593 -0.658556 -0.386203 -0.666726 -2.53307e-17 9.49737 -0.914492 -0.0350347 -1.80586 -0.882129 -2.90401e-17 10.5513 1.57691 0.0898675 0.663335 -0.140499 -1.29193e-17 4.78644 0.715339 1.18338 7.85535 -8.63384 -1.8116e-17 4.82109 0.421791 0.819495 -4.07178 -4.16542 -2.00958e-17 4.83041 0.765062 1.67663 -6.82406 2.33496 1.23299 -7.60731 7.53374 20.1592 5.62006 -3.16661 12.9547 3.2495 -3.26872 -84.3651 50.9643 8.85521 29.2081 0.0598081 0.137039 4.37923 -0.811416 -21.5773 24.234 0.0496219 0.113701 -21.489 -59.7621 -19.4115 -1.23299 -7.60729 7.53365 -21.1277 3.13493 2.07525 -12.9547 3.2495 -3.26872 81.4394 41.0936 -2.77699 -29.2081 0.0598081 0.137039 -3.69595 -0.568865 18.0891 -24.234 0.0496218 0.113702 27.8159 -64.5467 20.6528 9.23673 -4.20556 2.0327 -3.76489 3.78962 -16.8293 -0.852353 -38.7721 -0.655187 -0.871696 3.25555 -0.0320649 -2.32622 -40.4017 -6.04875 -5.45022 1.24031 15.9948 0.779096 -9.8844 12.4959 4.32906e-16 -7.82059e-16 -6.55511e-19 -9.23673 -4.20556 2.0327 -17.8375 -3.2824 7.47094 0.852353 -38.7721 -0.655187 2.53928 9.44071 -0.0445295 2.32622 -40.4017 -6.04875 7.16232 -4.65427 -15.7601 -0.779096 -9.8844 12.4959 -5.96354e-16 -5.59082e-16 -1.27471e-14 
-5.76934 92.1182 76.3642 -8.51904 7.2442 -177.43 0 5.07867 -1.15138 -3.75156 4.46913 -0.202298 0 5.61661 1.07143 -2.89036 3.19248 -0.63788 -1.02604e-17 5.98978 0.11501 -2.19103 2.38836 -0.597958 -1.10457e-17 6.50583 -0.443523 -1.35579 0.653656 -0.667356 -1.97295e-17 7.60548 -1.50593 -0.654549 -0.392922 -0.650987 -2.53307e-17 9.49737 -0.914492 -0.032178 -1.80552 -0.866285 -2.90401e-17 10.5513 1.57691 0.0875978 0.666437 -0.136974 -1.29193e-17 4.78644 0.715339 1.17059 7.82138 -8.80528 -1.8116e-17 4.82109 0.421791 0.785901 -4.07698 -4.24371 -2.00958e-17 4.83041 0.765062 1.73759 -6.77686 2.48097 1.23299 -7.60731 7.53374 20.1025 5.6125 -3.15659 12.9547 3.2495 -3.26872 -84.2193 50.8341 8.8286 29.2081 0.0598081 0.137039 4.36939 -0.80759 -21.5266 24.234 0.0496219 0.113701 -21.7502 -59.5582 -19.5702 -1.23299 -7.60729 7.53365 -20.9695 3.1729 2.10065 -12.9547 3.2495 -3.26872 81.448 41.2223 -2.89593 -29.2081 0.0598081 0.137039 -3.69078 -0.567209 18.063 -24.234 0.0496218 0.113702 27.7984 -64.7548 20.8387 9.23673 -4.20556 2.0327 -3.72982 3.79632 -16.8512 -0.852353 -38.7721 -0.655187 -0.873217 3.26123 -0.0320775 -2.32622 -40.4017 -6.04875 -5.39511 1.21378 15.984 0.779096 -9.8844 12.4959 2.35782e-15 -6.98041e-16 -8.4674e-17 -9.23673 -4.20556 2.0327 -17.8015 -3.2667 7.4699 0.852353 -38.7721 -0.655187 2.52551 9.39019 -0.0431595 2.32622 -40.4017 -6.04875 7.19724 -4.65102 -15.7634 -0.779096 -9.8844 12.4959 -1.37052e-15 -5.34889e-16 -1.27108e-14 
-5.76012 92.1179 76.3292 -8.49606 7.2421 -177.458 0 5.07867 -1.15138 -3.74999 4.48181 -0.197165 0 5.61661 1.07143 -2.88881 3.19985 -0.632819 -1.02604e-17 5.98978 0.11501 -2.18887 2.39053 -0.592542 -1.10457e-17 6.50583 -0.443523 -1.35375 0.644886 -0.66167 -1.97295e-17 7.60548 -1.50593 -0.650806 -0.406609 -0.645426 -2.53307e-17 9.49737 -0.914492 -0.0267798 -1.82064 -0.862409 -2.90401e-17 10.5513 1.57691 0.0880106 0.669411 -0.135289 -1.29193e-17 4.78644 0.715339 1.15892 7.73797 -8.78976 -1.8116e-17 4.82109 0.421791 0.836392 -4.08423 -4.23654 -2.00958e-17 4.83041 0.765062 1.7123 -6.69921 2.45125 1.23299 -7.60731 7.53374 20.0884 5.63308 -3.16164 12.9547 3.2495 -3.26872 -84.2643 50.8792 8.89421 29.2081 0.0598081 0.137039 4.38288 -0.812839 -21.5961 24.234 0.0496219 0.113701 -21.7384 -59.6393 -19.5716 -1.23299 -7.60729 7.53365 -20.9011 3.2005 2.12232 -12.9547 3.2495 -3.26872 81.3496 41.1563 -2.90214 -29.2081 0.0598081 0.137039 -3.70083 -0.570432 18.1138 -24.234 0.0496218 0.113702 27.7956 -64.7699 20.7865 9.23673 -4.20556 2.0327 -3.70318 3.81872 -16.8371 -0.852353 -38.7721 -0.655187 -0.869318 3.24667 -0.0320448 -2.32622 -40.4017 -6.04875 -5.39325 1.1909 15.9838 0.779096 -9.8844 12.4959 1.24902e-15 -7.44131e-16 -3.85832e-17 -9.23673 -4.20556 2.0327 -17.7712 -3.26698 7.50604 0.852353 -38.7721 -0.655187 2.51717 9.35955 -0.0423347 2.32622 -40.4017 -6.04875 7.19293 -4.63323 -15.7564 -0.779096 -9.8844 12.4959 -1.00441e-15 -5.4633e-16 -1.27219e-14 
-5.75163 92.1164 76.294 -8.48025 7.22478 -177.483 0 5.07867 -1.15138 -3.75007 4.45457 -0.195441 0 5.61661 1.07143 -2.88911 3.18236 -0.63042 -1.02604e-17 5.98978 0.11501 -2.18922 2.38102 -0.589933 -1.10457e-17 6.50583 -0.443523 -1.35393 0.649425 -0.659241 -1.97295e-17 7.60548 -1.50593 -0.651114 -0.393338 -0.642797 -2.53307e-17 9.49737 -0.914492 -0.0273455 -1.80318 -0.860184 -2.90401e-17 10.5513 1.57691 0.0879614 0.666866 -0.134847 -1.29193e-17 4.78644 0.715339 1.14381 7.69866 -8.78626 -1.8116e-17 4.82109 0.421791 0.818835 -4.07358 -4.23623 -2.00958e-17 4.83041 0.765062 1.79232 -6.70288 2.46448 1.23299 -7.60731 7.53374 20.1285 5.6334 -3.16415 12.9547 3.2495 -3.26872 -84.348 50.8716 8.9703 29.2081 0.0598081 0.137039 4.39555 -0.817786 -21.6615 24.234 0.0496219 0.113701 -21.7694 -59.6829 -19.5969 -1.23299 -7.60729 7.53365 -20.8657 3.19504 2.13599 -12.9547 3.2495 -3.26872 81.3076 41.1812 -2.89336 -29.2081 0.0598081 0.137039 -3.70948 -0.573215 18.1575 -24.234 0.0496218 0.113702 27.7721 -64.8418 20.7333 9.23673 -4.20556 2.0327 -3.6858 3.82419 -16.8111 -0.852353 -38.7721 -0.655187 -0.866648 3.2367 -0.0320217 -2.32622 -40.4017 -6.04875 -5.3901 1.16452 15.9845 0.779096 -9.8844 12.4959 -7.17849e-16 -8.30116e-16 4.74019e-17 -9.23673 -4.20556 2.0327 -17.7522 -3.28979 7.49319 0.852353 -38.7721 -0.655187 2.51539 9.35304 -0.0421602 2.32622 -40.4017 -6.04875 7.17997 -4.63104 -15.7559 -0.779096 -9.8844 12.4959 -6.06842e-16 -5.58754e-16 -1.27464e-14 
-5.74393 92.1155 76.2587 -8.46595 7.2101 -177.502 0 5.07867 -1.15138 -3.75032 4.45134 -0.195495 0 5.61661 1.07143 -2.88882 3.1779 -0.630699 -1.02604e-17 5.98978 0.11501 -2.18789 2.37475 -0.590052 -1.10457e-17 6.50583 -0.443523 -1.35213 0.639477 -0.658955 -1.97295e-17 7.60548 -1.50593 -0.648202 -0.403695 -0.642869 -2.53307e-17 9.49737 -0.914492 -0.0240044 -1.81328 -0.861416 -2.90401e-17 10.5513 1.57691 0.087717 0.66778 -0.133766 -1.29193e-17 4.78644 0.715339 1.14036 7.64587 -8.78205 -1.8116e-17 4.82109 0.421791 0.840306 -4.09472 -4.23356 -2.00958e-17 4.83041 0.765062 1.80406 -6.66549 2.48283 1.23299 -7.60731 7.53374 20.103 5.64457 -3.16481 12.9547 3.2495 -3.26872 -84.342 50.9051 9.02607 29.2081 0.0598081 0.137039 4.40056 -0.819747 -21.6874 24.234 0.0496219 0.113701 -21.9076 -59.7537 -19.727 -1.23299 -7.60729 7.53365 -20.8229 3.21601 2.15402 -12.9547 3.2495 -3.26872 81.2867 41.2245 -2.9224 -29.2081 0.0598081 0.137039 -3.70779 -0.572672 18.149 -24.234 0.0496218 0.113702 27.8382 -64.8749 20.8346 9.23673 -4.20556 2.0327 -3.67036 3.82907 -16.8009 -0.852353 -38.7721 -0.655187 -0.864962 3.23041 -0.032007 -2.32622 -40.4017 -6.04875 -5.37318 1.14464 15.9825 0.779096 -9.8844 12.4959 3.90953e-16 -7.84026e-16 1.31104e-18 -9.23673 -4.20556 2.0327 -17.7349 -3.30267 7.52088 0.852353 -38.7721 -0.655187 2.51043 9.33482 -0.0416725 2.32622 -40.4017 -6.04875 7.186 -4.62942 -15.7535 -0.779096 -9.8844 12.4959 -5.96354e-16 -5.59082e-16 -1.27471e-14 
-5.73664 92.1146 76.2234 -8.45412 7.19238 -177.515 0 5.07867 -1.15138 -3.7477 4.43445 -0.194011 0 5.61661 1.07143 -2.88657 3.16497 -0.62883 -1.02604e-17 5.98978 0.11501 -2.18567 2.36509 -0.588162 -1.10457e-17 6.50583 -0.443523 -1.35021 0.635415 -0.656888 -1.97295e-17 7.60548 -1.50593 -0.646095 -0.404152 -0.641083 -2.53307e-17 9.49737 -0.914492 -0.0217642 -1.81119 -0.859965 -2.90401e-17 10.5513 1.57691 0.0877167 0.667314 -0.132965 -1.29193e-17 4.78644 0.715339 1.13443 7.60031 -8.79741 -1.8116e-17 4.82109 0.421791 0.850064 -4.1029 -4.24069 -2.00958e-17 4.83041 0.765062 1.84218 -6.66213 2.51108 1.23299 -7.60731 7.53374 20.0693 5.64951 -3.17632 12.9547 3.2495 -3.26872 -84.3464 50.9361 9.07757 29.2081 0.0598081 0.137039 4.40812 -0.822711 -21.7264 24.234 0.0496219 0.113701 -21.9889 -59.819 -19.8108 -1.23299 -7.60729 7.53365 -20.7838 3.22704 2.1726 -12.9547 3.2495 -3.26872 81.2401 41.2238 -2.92132 -29.2081 0.0598081 0.137039 -3.70522 -0.571845 18.136 -24.234 0.0496218 0.113702 27.8811 -64.8962 20.8667 9.23673 -4.20556 2.0327 -3.6573 3.82772 -16.7916 -0.852353 -38.7721 -0.655187 -0.864325 3.22803 -0.0320013 -2.32622 -40.4017 -6.04875 -5.3692 1.12187 15.983 0.779096 -9.8844 12.4959 4.22417e-16 -7.82715e-16 2.88531e-33 -9.23673 -4.20556 2.0327 -17.7218 -3.30983 7.51008 0.852353 -38.7721 -0.655187 2.50278 9.30671 -0.0409234 2.32622 -40.4017 -6.04875 7.20224 -4.63467 -15.7535 -0.779096 -9.8844 12.4959 -5.96354e-16 -5.59082e-16 -1.27471e-14 
-5.72915 92.1144 76.1883 -8.42191 7.1817 -177.536 0 5.07867 -1.15138 -3.73197 4.41371 -0.194645 0 5.61661 1.07143 -2.87262 3.15154 -0.627856 -1.02604e-17 5.98978 0.11501 -2.17392 2.35856 -0.58677 -1.10457e-17 6.50583 -0.443523 -1.34144 0.641121 -0.654935 -1.97295e-17 7.60548 -1.50593 -0.640147 -0.392943 -0.640243 -2.53307e-17 9.49737 -0.914492 -0.0191324 -1.79262 -0.859895 -2.90401e-17 10.5513 1.57691 0.0871385 0.665763 -0.130628 -1.29193e-17 4.78644 0.715339 1.11259 7.5071 -8.78819 -1.8116e-17 4.82109 0.421791 0.851385 -4.12556 -4.23663 -2.00958e-17 4.83041 0.765062 1.86721 -6.63448 2.50546 1.23299 -7.60731 7.53374 19.9971 5.64916 -3.18812 12.9547 3.2495 -3.26872 -84.3552 50.9809 9.08792 29.2081 0.0598081 0.137039 4.41957 -0.827214 -21.7856 24.234 0.0496219 0.113701 -21.9447 -59.9218 -19.7912 -1.23299 -7.60729 7.53365 -20.6567 3.24166 2.21574 -12.9547 3.2495 -3.26872 81.037 41.2521 -2.87576 -29.2081 0.0598081 0.137039 -3.70131 -0.570588 18.1162 -24.234 0.0496218 0.113702 28.0171 -64.9758 21.0076 9.23673 -4.20556 2.0327 -3.62335 3.83648 -16.7786 -0.852353 -38.7721 -0.655187 -0.862878 3.22262 -0.0319885 -2.32622 -40.4017 -6.04875 -5.36214 1.08786 15.9842 0.779096 -9.8844 12.4959 -7.38826e-16 -8.311e-16 4.83851e-17 -9.23673 -4.20556 2.0327 -17.6818 -3.31668 7.52501 0.852353 -38.7721 -0.655187 2.49607 9.2821 -0.0402706 2.32622 -40.4017 -6.04875 7.17248 -4.61061 -15.7516 -0.779096 -9.8844 12.4959 -2.09273e-16 -5.83274e-16 -1.27592e-14 
-5.72306 92.1143 76.1532 -8.41093 7.16715 -177.542 0 5.07867 -1.15138 -3.72007 4.39644 -0.193375 0 5.61661 1.07143 -2.86295 3.13873 -0.62488 -1.02604e-17 5.98978 0.11501 -2.16594 2.35005 -0.583209 -1.10457e-17 6.50583 -0.443523 -1.3359 0.639988 -0.650572 -1.97295e-17 7.60548 -1.50593 -0.635939 -0.390483 -0.636598 -2.53307e-17 9.49737 -0.914492 -0.0160879 -1.78439 -0.856497 -2.90401e-17 10.5513 1.57691 0.0865385 0.665745 -0.128216 -1.29193e-17 4.78644 0.715339 1.09842 7.43255 -8.83856 -1.8116e-17 4.82109 0.421791 0.858802 -4.13622 -4.25948 -2.00958e-17 4.83041 0.765062 1.89152 -6.60969 2.55088 1.23299 -7.60731 7.53374 19.9165 5.65107 -3.20033 12.9547 3.2495 -3.26872 -84.3085 51.0025 9.07862 29.2081 0.0598081 0.137039 4.42335 -0.828701 -21.8051 24.234 0.0496219 0.113701 -21.9804 -59.9498 -19.8262 -1.23299 -7.60729 7.53365 -20.559 3.26281 2.25245 -12.9547 3.2495 -3.26872 80.881 41.3241 -2.86418 -29.2081 0.0598081 0.137039 -3.69489 -0.568526 18.0838 -24.234 0.0496218 0.113702 28.2318 -65.0925 21.2454 9.23673 -4.20556 2.0327 -3.6107 3.83823 -16.7778 -0.852353 -38.7721 -0.655187 -0.86187 3.21886 -0.0319794 -2.32622 -40.4017 -6.04875 -5.35464 1.07074 15.9834 0.779096 -9.8844 12.4959 -3.8321e-16 -8.08218e-16 2.55036e-17 -9.23673 -4.20556 2.0327 -17.6705 -3.32638 7.5201 0.852353 -38.7721 -0.655187 2.49218 9.26779 -0.0398922 2.32622 -40.4017 -6.04875 7.18409 -4.6102 -15.7527 -0.779096 -9.8844 12.4959 -5.85866e-16 -5.59737e-16 -1.27474e-14 
-5.71772 92.1158 76.1184 -8.39395 7.17384 -177.538 0 5.07867 -1.15138 -3.70935 4.39185 -0.190933 0 5.61661 1.07143 -2.85397 3.13414 -0.621147 -1.02604e-17 5.98978 0.11501 -2.15831 2.34624 -0.578878 -1.10457e-17 6.50583 -0.443523 -1.33052 0.636625 -0.64554 -1.97295e-17 7.60548 -1.50593 -0.631347 -0.394264 -0.632351 -2.53307e-17 9.49737 -0.914492 -0.0119816 -1.78528 -0.852848 -2.90401e-17 10.5513 1.57691 0.0860916 0.667144 -0.126421 -1.29193e-17 4.78644 0.715339 1.09389 7.38262 -8.87727 -1.8116e-17 4.82109 0.421791 0.875696 -4.14841 -4.27656 -2.00958e-17 4.83041 0.765062 1.90337 -6.58092 2.56143 1.23299 -7.60731 7.53374 19.8428 5.65284 -3.22246 12.9547 3.2495 -3.26872 -84.2297 51.0437 9.0545 29.2081 0.0598081 0.137039 4.42437 -0.829103 -21.8104 24.234 0.0496219 0.113701 -22.0401 -59.9687 -19.8821 -1.23299 -7.60729 7.53365 -20.4903 3.28162 2.27917 -12.9547 3.2495 -3.26872 80.8083 41.4019 -2.87574 -29.2081 0.0598081 0.137039 -3.68941 -0.566767 18.0561 -24.234 0.0496218 0.113702 28.3731 -65.21 21.4304 9.23673 -4.20556 2.0327 -3.59238 3.86048 -16.783 -0.852353 -38.7721 -0.655187 -0.860866 3.21511 -0.0319703 -2.32622 -40.4017 -6.04875 -5.33354 1.06382 15.9801 0.779096 -9.8844 12.4959 -3.72721e-16 -8.07563e-16 2.48481e-17 -9.23673 -4.20556 2.0327 -17.6467 -3.29382 7.50887 0.852353 -38.7721 -0.655187 2.47933 9.22059 -0.038652 2.32622 -40.4017 -6.04875 7.16005 -4.58387 -15.7511 -0.779096 -9.8844 12.4959 -5.96354e-16 -5.59082e-16 -1.27471e-14 
-5.71219 92.1174 76.0843 -8.37679 7.18111 -177.534 0 5.07867 -1.15138 -3.7038 4.38577 -0.188709 0 5.61661 1.07143 -2.84927 3.12896 -0.617904 -1.02604e-17 5.98978 0.11501 -2.15418 2.34161 -0.575267 -1.10457e-17 6.50583 -0.443523 -1.32746 0.631857 -0.641649 -1.97295e-17 7.60548 -1.50593 -0.628376 -0.398416 -0.628842 -2.53307e-17 9.49737 -0.914492 -0.00905839 -1.78949 -0.850177 -2.90401e-17 10.5513 1.57691 0.0859635 0.668547 -0.125768 -1.29193e-17 4.78644 0.715339 1.09688 7.38238 -8.89943 -1.8116e-17 4.82109 0.421791 0.887338 -4.15211 -4.2865 -2.00958e-17 4.83041 0.765062 1.93211 -6.57784 2.55931 1.23299 -7.60731 7.53374 19.8499 5.65052 -3.2267 12.9547 3.2495 -3.26872 -84.21 51.0881 9.03229 29.2081 0.0598081 0.137039 4.42618 -0.829815 -21.8197 24.234 0.0496219 0.113701 -22.0816 -59.9699 -19.9108 -1.23299 -7.60729 7.53365 -20.4744 3.28855 2.28336 -12.9547 3.2495 -3.26872 80.8419 41.4423 -2.87833 -29.2081 0.0598081 0.137039 -3.68628 -0.565766 18.0403 -24.234 0.0496218 0.113702 28.3535 -65.2719 21.4435 9.23673 -4.20556 2.0327 -3.57231 3.88544 -16.7905 -0.852353 -38.7721 -0.655187 -0.858664 3.20689 -0.0319502 -2.32622 -40.4017 -6.04875 -5.32518 1.05486 15.9783 0.779096 -9.8844 12.4959 1.43598e-17 -7.95466e-16 1.27518e-17 -9.23673 -4.20556 2.0327 -17.6244 -3.2679 7.49779 0.852353 -38.7721 -0.655187 2.46962 9.18494 -0.0377224 2.32622 -40.4017 -6.04875 7.1489 -4.55983 -15.7507 -0.779096 -9.8844 12.4959 -9.83435e-16 -5.46986e-16 -1.27229e-14 
-5.70787 92.1176 76.0504 -8.37031 7.17298 -177.514 0 5.07867 -1.15138 -3.7035 4.39148 -0.191369 0 5.61661 1.07143 -2.84823 3.13021 -0.620539 -1.02604e-17 5.98978 0.11501 -2.15277 2.33659 -0.577979 -1.10457e-17 6.50583 -0.443523 -1.32566 0.616518 -0.644534 -1.97295e-17 7.60548 -1.50593 -0.626567 -0.417749 -0.632176 -2.53307e-17 9.49737 -0.914492 -0.0081535 -1.81603 -0.854034 -2.90401e-17 10.5513 1.57691 0.0860413 0.67073 -0.126082 -1.29193e-17 4.78644 0.715339 1.10636 7.39844 -8.8982 -1.8116e-17 4.82109 0.421791 0.897596 -4.14946 -4.28526 -2.00958e-17 4.83041 0.765062 1.94812 -6.57984 2.54573 1.23299 -7.60731 7.53374 19.9029 5.65841 -3.22826 12.9547 3.2495 -3.26872 -84.2677 51.1386 9.06483 29.2081 0.0598081 0.137039 4.43197 -0.832101 -21.8496 24.234 0.0496219 0.113701 -22.117 -59.9911 -19.9565 -1.23299 -7.60729 7.53365 -20.5326 3.29526 2.27936 -12.9547 3.2495 -3.26872 80.9491 41.4637 -2.89959 -29.2081 0.0598081 0.137039 -3.68733 -0.566103 18.0456 -24.234 0.0496218 0.113702 28.3262 -65.2871 21.428 9.23673 -4.20556 2.0327 -3.56439 3.89443 -16.7994 -0.852353 -38.7721 -0.655187 -0.856564 3.19905 -0.0319307 -2.32622 -40.4017 -6.04875 -5.31685 1.04683 15.9759 0.779096 -9.8844 12.4959 2.48481e-17 -7.95139e-16 1.2424e-17 -9.23673 -4.20556 2.0327 -17.6185 -3.25631 7.4744 0.852353 -38.7721 -0.655187 2.46311 9.16101 -0.0371019 2.32622 -40.4017 -6.04875 7.14756 -4.55099 -15.7489 -0.779096 -9.8844 12.4959 -6.06842e-16 -5.58754e-16 -1.27464e-14 
-5.70314 92.1185 76.0168 -8.345 7.17464 -177.494 0 5.07867 -1.15138 -3.69358 4.39655 -0.196388 0 5.61661 1.07143 -2.83854 3.13192 -0.624432 -1.02604e-17 5.98978 0.11501 -2.14469 2.33365 -0.582104 -1.10457e-17 6.50583 -0.443523 -1.31904 0.606364 -0.648774 -1.97295e-17 7.60548 -1.50593 -0.622476 -0.430698 -0.637671 -2.53307e-17 9.49737 -0.914492 -0.00767195 -1.8338 -0.859628 -2.90401e-17 10.5513 1.57691 0.0859615 0.671595 -0.126023 -1.29193e-17 4.78644 0.715339 1.11252 7.39747 -8.90488 -1.8116e-17 4.82109 0.421791 0.900119 -4.14317 -4.28734 -2.00958e-17 4.83041 0.765062 1.96351 -6.57223 2.55826 1.23299 -7.60731 7.53374 19.9254 5.66359 -3.2431 12.9547 3.2495 -3.26872 -84.2956 51.1609 9.09329 29.2081 0.0598081 0.137039 4.43905 -0.8349 -21.8862 24.234 0.0496219 0.113701 -22.1616 -60.0226 -20.0089 -1.23299 -7.60729 7.53365 -20.5774 3.30166 2.28683 -12.9547 3.2495 -3.26872 80.9832 41.4769 -2.916 -29.2081 0.0598081 0.137039 -3.69059 -0.567146 18.0621 -24.234 0.0496218 0.113702 28.3779 -65.291 21.4762 9.23673 -4.20556 2.0327 -3.53613 3.9176 -16.8076 -0.852353 -38.7721 -0.655187 -0.852603 3.18426 -0.0318931 -2.32622 -40.4017 -6.04875 -5.31651 1.02616 15.9761 0.779096 -9.8844 12.4959 1.57317e-15 -7.34657e-16 -4.80574e-17 -9.23673 -4.20556 2.0327 -17.5918 -3.24076 7.45052 0.852353 -38.7721 -0.655187 2.45817 9.14288 -0.0366336 2.32622 -40.4017 -6.04875 7.14615 -4.52853 -15.7508 -0.779096 -9.8844 12.4959 -5.96354e-16 -5.59082e-16 -1.27471e-14 
-5.69732 92.1188 75.9828 -8.33212 7.16954 -177.492 0 5.07867 -1.15138 -3.68229 4.39869 -0.198891 0 5.61661 1.07143 -2.82843 3.13169 -0.625203 -1.02604e-17 5.98978 0.11501 -2.13661 2.33061 -0.583003 -1.10457e-17 6.50583 -0.443523 -1.31286 0.599273 -0.649632 -1.97295e-17 7.60548 -1.50593 -0.618499 -0.43898 -0.639733 -2.53307e-17 9.49737 -0.914492 -0.00643052 -1.84444 -0.861479 -2.90401e-17 10.5513 1.57691 0.0857419 0.67167 -0.125533 -1.29193e-17 4.78644 0.715339 1.11653 7.3904 -8.93234 -1.8116e-17 4.82109 0.421791 0.90055 -4.14618 -4.29932 -2.00958e-17 4.83041 0.765062 1.98139 -6.57159 2.60224 1.23299 -7.60731 7.53374 19.9392 5.66523 -3.2606 12.9547 3.2495 -3.26872 -84.2442 51.1785 9.10762 29.2081 0.0598081 0.137039 4.44679 -0.837966 -21.9263 24.234 0.0496219 0.113701 -22.3208 -60.0434 -20.1579 -1.23299 -7.60729 7.53365 -20.6091 3.30956 2.30095 -12.9547 3.2495 -3.26872 80.9662 41.5287 -2.9252 -29.2081 0.0598081 0.137039 -3.69288 -0.567881 18.0737 -24.234 0.0496218 0.113702 28.5237 -65.3318 21.6365 9.23673 -4.20556 2.0327 -3.51951 3.9318 -16.8102 -0.852353 -38.7721 -0.655187 -0.849779 3.17371 -0.0318656 -2.32622 -40.4017 -6.04875 -5.32523 1.00882 15.9778 0.779096 -9.8844 12.4959 1.22805e-15 -7.45115e-16 -3.76e-17 -9.23673 -4.20556 2.0327 -17.5802 -3.2481 7.4357 0.852353 -38.7721 -0.655187 2.45869 9.14477 -0.0366823 2.32622 -40.4017 -6.04875 7.15629 -4.52104 -15.7522 -0.779096 -9.8844 12.4959 -5.96354e-16 -5.59082e-16 -1.27471e-14 
-5.69146 92.1183 75.9488 -8.32409 7.15201 -177.492 0 5.07867 -1.15138 -3.68146 4.39335 -0.201192 0 5.61661 1.07143 -2.82691 3.12674 -0.627913 -1.02604e-17 5.98978 0.11501 -2.13451 2.32506 -0.586087 -1.10457e-17 6.50583 -0.443523 -1.31045 0.592493 -0.652791 -1.97295e-17 7.60548 -1.50593 -0.616176 -0.444847 -0.64331 -2.53307e-17 9.49737 -0.914492 -0.00505744 -1.85019 -0.865727 -2.90401e-17 10.5513 1.57691 0.0855213 0.672509 -0.125788 -1.29193e-17 4.78644 0.715339 1.12374 7.39431 -8.93713 -1.8116e-17 4.82109 0.421791 0.908653 -4.14429 -4.30106 -2.00958e-17 4.83041 0.765062 2.01085 -6.57104 2.63635 1.23299 -7.60731 7.53374 19.9179 5.66838 -3.27153 12.9547 3.2495 -3.26872 -84.1689 51.1991 9.12296 29.2081 0.0598081 0.137039 4.45708 -0.842054 -21.9795 24.234 0.0496219 0.113701 -22.3735 -60.0775 -20.216 -1.23299 -7.60729 7.53365 -20.6083 3.31032 2.30619 -12.9547 3.2495 -3.26872 81.0048 41.5516 -2.90885 -29.2081 0.0598081 0.137039 -3.69734 -0.569312 18.0962 -24.234 0.0496218 0.113702 28.4158 -65.3435 21.5586 9.23673 -4.20556 2.0327 -3.50966 3.92231 -16.8184 -0.852353 -38.7721 -0.655187 -0.852135 3.18251 -0.0318885 -2.32622 -40.4017 -6.04875 -5.31779 0.991243 15.9766 0.779096 -9.8844 12.4959 8.3048e-16 -7.57539e-16 -2.5176e-17 -9.23673 -4.20556 2.0327 -17.5698 -3.25151 7.41716 0.852353 -38.7721 -0.655187 2.45126 9.11748 -0.0359804 2.32622 -40.4017 -6.04875 7.14826 -4.51751 -15.7519 -0.779096 -9.8844 12.4959 -5.96354e-16 -5.59082e-16 -1.27471e-14 
-5.6871 92.1189 75.9153 -8.31785 7.14323 -177.472 0 5.07867 -1.15138 -3.67661 4.38815 -0.206829 0 5.61661 1.07143 -2.82146 3.12288 -0.633611 -1.02604e-17 5.98978 0.11501 -2.12935 2.32118 -0.59202 -1.10457e-17 6.50583 -0.443523 -1.30561 0.589495 -0.658783 -1.97295e-17 7.60548 -1.50593 -0.612977 -0.44703 -0.650087 -2.53307e-17 9.49737 -0.914492 -0.0045631 -1.85234 -0.872827 -2.90401e-17 10.5513 1.57691 0.0852627 0.672849 -0.12566 -1.29193e-17 4.78644 0.715339 1.12672 7.38307 -8.92229 -1.8116e-17 4.82109 0.421791 0.919408 -4.13176 -4.2937 -2.00958e-17 4.83041 0.765062 2.01205 -6.56037 2.63395 1.23299 -7.60731 7.53374 19.8901 5.66992 -3.27813 12.9547 3.2495 -3.26872 -84.1336 51.2118 9.11525 29.2081 0.0598081 0.137039 4.46842 -0.846565 -22.0381 24.234 0.0496219 0.113701 -22.3041 -60.1166 -20.156 -1.23299 -7.60729 7.53365 -20.6157 3.30899 2.31263 -12.9547 3.2495 -3.26872 80.975 41.5617 -2.87549 -29.2081 0.0598081 0.137039 -3.70232 -0.57091 18.1213 -24.234 0.0496218 0.113702 28.3885 -65.3534 21.5082 9.23673 -4.20556 2.0327 -3.50179 3.91738 -16.8354 -0.852353 -38.7721 -0.655187 -0.85579 3.19616 -0.0319234 -2.32622 -40.4017 -6.04875 -5.32273 0.976635 15.9786 0.779096 -9.8844 12.4959 8.19987e-16 -7.57867e-16 -2.48481e-17 -9.23673 -4.20556 2.0327 -17.5659 -3.2522 7.37896 0.852353 -38.7721 -0.655187 2.44991 9.1125 -0.0358526 2.32622 -40.4017 -6.04875 7.14335 -4.50777 -15.7518 -0.779096 -9.8844 12.4959 -2.09278e-16 -5.83274e-16 -1.27592e-14 
-5.68089 92.1218 75.8819 -8.30868 7.16748 -177.467 0 5.07867 -1.15138 -3.66659 4.38685 -0.209371 0 5.61661 1.07143 -2.81231 3.12221 -0.635057 -1.02604e-17 5.98978 0.11501 -2.12209 2.32085 -0.59342 -1.10457e-17 6.50583 -0.443523 -1.30017 0.590298 -0.660124 -1.97295e-17 7.60548 -1.50593 -0.609979 -0.446076 -0.652384 -2.53307e-17 9.49737 -0.914492 -0.00408203 -1.85174 -0.874903 -2.90401e-17 10.5513 1.57691 0.0849054 0.673009 -0.12552 -1.29193e-17 4.78644 0.715339 1.13364 7.39812 -8.92248 -1.8116e-17 4.82109 0.421791 0.919969 -4.11638 -4.29292 -2.00958e-17 4.83041 0.765062 2.00967 -6.56062 2.64718 1.23299 -7.60731 7.53374 19.8731 5.66313 -3.28737 12.9547 3.2495 -3.26872 -84.09 51.2062 9.07951 29.2081 0.0598081 0.137039 4.46964 -0.847051 -22.0444 24.234 0.0496219 0.113701 -22.3033 -60.1151 -20.1527 -1.23299 -7.60729 7.53365 -20.64 3.30558 2.31251 -12.9547 3.2495 -3.26872 80.9813 41.6191 -2.86658 -29.2081 0.0598081 0.137039 -3.70124 -0.570564 18.1159 -24.234 0.0496218 0.113702 28.4218 -65.3898 21.5537 9.23673 -4.20556 2.0327 -3.48787 3.94935 -16.851 -0.852353 -38.7721 -0.655187 -0.857342 3.20195 -0.0319379 -2.32622 -40.4017 -6.04875 -5.32953 0.975574 15.9813 0.779096 -9.8844 12.4959 4.58341e-17 -7.94155e-16 1.14403e-17 -9.23673 -4.20556 2.0327 -17.5515 -3.22671 7.35666 0.852353 -38.7721 -0.655187 2.4483 9.10659 -0.0357012 2.32622 -40.4017 -6.04875 7.11864 -4.47783 -15.7542 -0.779096 -9.8844 12.4959 -9.72937e-16 -5.47642e-16 -1.27232e-14 
-5.67528 92.1237 75.8488 -8.30769 7.18035 -177.452 0 5.07867 -1.15138 -3.66458 4.38988 -0.211225 0 5.61661 1.07143 -2.80945 3.12376 -0.637797 -1.02604e-17 5.98978 0.11501 -2.11866 2.3214 -0.59631 -1.10457e-17 6.50583 -0.443523 -1.29687 0.587168 -0.662932 -1.97295e-17 7.60548 -1.50593 -0.607125 -0.451 -0.655265 -2.53307e-17 9.49737 -0.914492 -0.00242815 -1.85608 -0.879357 -2.90401e-17 10.5513 1.57691 0.0842254 0.675672 -0.125468 -1.29193e-17 4.78644 0.715339 1.14296 7.44434 -8.91644 -1.8116e-17 4.82109 0.421791 0.922535 -4.12147 -4.29011 -2.00958e-17 4.83041 0.765062 2.01881 -6.56794 2.65382 1.23299 -7.60731 7.53374 19.8563 5.65578 -3.26456 12.9547 3.2495 -3.26872 -84.0201 51.1998 9.01102 29.2081 0.0598081 0.137039 4.46396 -0.844788 -22.0151 24.234 0.0496219 0.113701 -22.3235 -60.0834 -20.1598 -1.23299 -7.60729 7.53365 -20.5689 3.30537 2.30795 -12.9547 3.2495 -3.26872 81.048 41.5369 -2.81666 -29.2081 0.0598081 0.137039 -3.69001 -0.566961 18.0591 -24.234 0.0496218 0.113702 28.0527 -65.3186 21.244 9.23673 -4.20556 2.0327 -3.48304 3.9748 -16.876 -0.852353 -38.7721 -0.655187 -0.856346 3.19823 -0.0319286 -2.32622 -40.4017 -6.04875 -5.32808 0.979283 15.9812 0.779096 -9.8844 12.4959 4.11924e-16 -7.83043e-16 3.27907e-19 -9.23673 -4.20556 2.0327 -17.5481 -3.19885 7.31627 0.852353 -38.7721 -0.655187 2.44244 9.08503 -0.0351504 2.32622 -40.4017 -6.04875 7.1099 -4.46167 -15.7551 -0.779096 -9.8844 12.4959 -6.06847e-16 -5.58754e-16 -1.27464e-14 
-5.66872 92.1254 75.8163 -8.30317 7.19293 -177.45 0 5.07867 -1.15138 -3.66525 4.40104 -0.215934 0 5.61661 1.07143 -2.80815 3.13049 -0.643684 -1.02604e-17 5.98978 0.11501 -2.1168 2.32275 -0.602645 -1.10457e-17 6.50583 -0.443523 -1.29418 0.580338 -0.669736 -1.97295e-17 7.60548 -1.50593 -0.605206 -0.46401 -0.66251 -2.53307e-17 9.49737 -0.914492 -0.00211476 -1.87542 -0.886871 -2.90401e-17 10.5513 1.57691 0.0842523 0.677267 -0.126258 -1.29193e-17 4.78644 0.715339 1.15268 7.46818 -8.87636 -1.8116e-17 4.82109 0.421791 0.930537 -4.10867 -4.27067 -2.00958e-17 4.83041 0.765062 2.01796 -6.57364 2.64575 1.23299 -7.60731 7.53374 19.8875 5.65878 -3.25738 12.9547 3.2495 -3.26872 -84.056 51.1942 9.02105 29.2081 0.0598081 0.137039 4.46418 -0.844878 -22.0162 24.234 0.0496219 0.113701 -22.317 -60.0936 -20.1792 -1.23299 -7.60729 7.53365 -20.6067 3.30496 2.30406 -12.9547 3.2495 -3.26872 81.0899 41.4683 -2.76745 -29.2081 0.0598081 0.137039 -3.68248 -0.564553 18.0211 -24.234 0.0496218 0.113702 27.9514 -65.2214 21.1174 9.23673 -4.20556 2.0327 -3.47619 4.00418 -16.8777 -0.852353 -38.7721 -0.655187 -0.853731 3.18847 -0.0319039 -2.32622 -40.4017 -6.04875 -5.32835 0.98062 15.9826 0.779096 -9.8844 12.4959 -1.90004e-15 -8.79484e-16 9.67691e-17 -9.23673 -4.20556 2.0327 -17.5424 -3.17513 7.28892 0.852353 -38.7721 -0.655187 2.43601 9.06142 -0.0345495 2.32622 -40.4017 -6.04875 7.11559 -4.44805 -15.7547 -0.779096 -9.8844 12.4959 -2.09278e-16 -5.83274e-16 -1.27592e-14 
-5.66092 92.1253 75.7841 -8.28467 7.19127 -177.465 0 5.07867 -1.15138 -3.66933 4.40894 -0.220457 0 5.61661 1.07143 -2.81004 3.13359 -0.64975 -1.02604e-17 5.98978 0.11501 -2.11739 2.31952 -0.609561 -1.10457e-17 6.50583 -0.443523 -1.2933 0.567349 -0.677242 -1.97295e-17 7.60548 -1.50593 -0.604346 -0.482247 -0.670363 -2.53307e-17 9.49737 -0.914492 -0.00244274 -1.90087 -0.895004 -2.90401e-17 10.5513 1.57691 0.0839691 0.678763 -0.128039 -1.29193e-17 4.78644 0.715339 1.17244 7.52467 -8.85544 -1.8116e-17 4.82109 0.421791 0.925937 -4.10508 -4.25988 -2.00958e-17 4.83041 0.765062 2.04724 -6.59055 2.68167 1.23299 -7.60731 7.53374 19.9239 5.66105 -3.25445 12.9547 3.2495 -3.26872 -84.0238 51.1502 9.06378 29.2081 0.0598081 0.137039 4.46108 -0.843641 -22.0001 24.234 0.0496219 0.113701 -22.4889 -60.0813 -20.3436 -1.23299 -7.60729 7.53365 -20.6674 3.30091 2.28972 -12.9547 3.2495 -3.26872 81.2537 41.4343 -2.76219 -29.2081 0.0598081 0.137039 -3.67599 -0.562478 17.9883 -24.234 0.0496218 0.113702 27.7284 -65.1117 20.9238 9.23673 -4.20556 2.0327 -3.45505 4.02272 -16.8739 -0.852353 -38.7721 -0.655187 -0.850405 3.17605 -0.0318717 -2.32622 -40.4017 -6.04875 -5.317 0.965246 15.9807 0.779096 -9.8844 12.4959 3.59459e-16 -7.85338e-16 2.62326e-18 -9.23673 -4.20556 2.0327 -17.52 -3.18126 7.2746 0.852353 -38.7721 -0.655187 2.43393 9.05377 -0.0343555 2.32622 -40.4017 -6.04875 7.09744 -4.43077 -15.7534 -0.779096 -9.8844 12.4959 -5.85861e-16 -5.59738e-16 -1.27474e-14 
-5.65333 92.1255 75.7521 -8.28041 7.19125 -177.478 0 5.07867 -1.15138 -3.67797 4.41258 -0.226526 0 5.61661 1.07143 -2.81585 3.13491 -0.658119 -1.02604e-17 5.98978 0.11501 -2.12138 2.31588 -0.618913 -1.10457e-17 6.50583 -0.443523 -1.29486 0.557418 -0.68735 -1.97295e-17 7.60548 -1.50593 -0.605382 -0.496167 -0.680794 -2.53307e-17 9.49737 -0.914492 -0.00374267 -1.924 -0.904613 -2.90401e-17 10.5513 1.57691 0.0848526 0.679883 -0.131074 -1.29193e-17 4.78644 0.715339 1.20056 7.59527 -8.76599 -1.8116e-17 4.82109 0.421791 0.948678 -4.1043 -4.21686 -2.00958e-17 4.83041 0.765062 2.03419 -6.64332 2.64122 1.23299 -7.60731 7.53374 19.9495 5.65909 -3.24387 12.9547 3.2495 -3.26872 -84.129 51.169 9.11023 29.2081 0.0598081 0.137039 4.46455 -0.845026 -22.0181 24.234 0.0496219 0.113701 -22.3421 -60.1542 -20.2461 -1.23299 -7.60729 7.53365 -20.8389 3.2794 2.24374 -12.9547 3.2495 -3.26872 81.4452 41.4185 -2.74869 -29.2081 0.0598081 0.137039 -3.67524 -0.562239 17.9845 -24.234 0.0496218 0.113702 27.6116 -64.9776 20.7576 9.23673 -4.20556 2.0327 -3.44928 4.044 -16.8672 -0.852353 -38.7721 -0.655187 -0.845752 3.15867 -0.0318256 -2.32622 -40.4017 -6.04875 -5.3077 0.965169 15.9782 0.779096 -9.8844 12.4959 8.09494e-16 -7.58522e-16 -2.41923e-17 -9.23673 -4.20556 2.0327 -17.5128 -3.18374 7.27631 0.852353 -38.7721 -0.655187 2.43117 9.04363 -0.0340986 2.32622 -40.4017 -6.04875 7.09038 -4.42251 -15.7516 -0.779096 -9.8844 12.4959 -9.8343e-16 -5.46986e-16 -1.27229e-14 
-5.64725 92.1258 75.7199 -8.26811 7.18611 -177.476 0 5.07867 -1.15138 -3.67476 4.41564 -0.231602 0 5.61661 1.07143 -2.81257 3.13534 -0.662969 -1.02604e-17 5.98978 0.11501 -2.11924 2.31183 -0.624379 -1.10457e-17 6.50583 -0.443523 -1.2931 0.548249 -0.693262 -1.97295e-17 7.60548 -1.50593 -0.605388 -0.508129 -0.687459 -2.53307e-17 9.49737 -0.914492 -0.00566856 -1.94405 -0.909375 -2.90401e-17 10.5513 1.57691 0.0851231 0.680152 -0.133407 -1.29193e-17 4.78644 0.715339 1.2241 7.6549 -8.72676 -1.8116e-17 4.82109 0.421791 0.951657 -4.10217 -4.19657 -2.00958e-17 4.83041 0.765062 2.03277 -6.69249 2.63519 1.23299 -7.60731 7.53374 19.9744 5.64934 -3.23997 12.9547 3.2495 -3.26872 -84.1754 51.1072 9.12039 29.2081 0.0598081 0.137039 4.4639 -0.844765 -22.0148 24.234 0.0496219 0.113701 -22.2701 -60.1072 -20.1618 -1.23299 -7.60729 7.53365 -21.0138 3.2638 2.20327 -12.9547 3.2495 -3.26872 81.6347 41.4522 -2.77912 -29.2081 0.0598081 0.137039 -3.67437 -0.561964 17.9802 -24.234 0.0496218 0.113702 27.6051 -64.9108 20.7324 9.23673 -4.20556 2.0327 -3.4355 4.0568 -16.8712 -0.852353 -38.7721 -0.655187 -0.842723 3.14737 -0.0317948 -2.32622 -40.4017 -6.04875 -5.30544 0.954202 15.9773 0.779096 -9.8844 12.4959 -3.41242e-16 -8.06251e-16 2.35365e-17 -9.23673 -4.20556 2.0327 -17.5016 -3.18063 7.25425 0.852353 -38.7721 -0.655187 2.42621 9.02538 -0.0336377 2.32622 -40.4017 -6.04875 7.10352 -4.41615 -15.7526 -0.779096 -9.8844 12.4959 -6.06847e-16 -5.58754e-16 -1.27464e-14 
-5.64195 92.1279 75.6884 -8.26704 7.19818 -177.462 0 5.07867 -1.15138 -3.66914 4.42921 -0.235779 0 5.61661 1.07143 -2.8074 3.14311 -0.666706 -1.02604e-17 5.98978 0.11501 -2.11543 2.31337 -0.628456 -1.10457e-17 6.50583 -0.443523 -1.29031 0.540205 -0.697373 -1.97295e-17 7.60548 -1.50593 -0.604393 -0.521217 -0.692348 -2.53307e-17 9.49737 -0.914492 -0.00662965 -1.96328 -0.91306 -2.90401e-17 10.5513 1.57691 0.0849764 0.681376 -0.134307 -1.29193e-17 4.78644 0.715339 1.23983 7.68875 -8.72072 -1.8116e-17 4.82109 0.421791 0.958931 -4.10861 -4.19199 -2.00958e-17 4.83041 0.765062 2.02035 -6.70964 2.64473 1.23299 -7.60731 7.53374 19.9685 5.64452 -3.24132 12.9547 3.2495 -3.26872 -84.1695 51.0527 9.09765 29.2081 0.0598081 0.137039 4.46025 -0.843313 -21.9959 24.234 0.0496219 0.113701 -22.2506 -60.0833 -20.1105 -1.23299 -7.60729 7.53365 -21.1086 3.2612 2.18482 -12.9547 3.2495 -3.26872 81.737 41.4586 -2.81539 -29.2081 0.0598081 0.137039 -3.67336 -0.561641 17.975 -24.234 0.0496218 0.113702 27.5951 -64.8598 20.7107 9.23673 -4.20556 2.0327 -3.4308 4.08661 -16.8941 -0.852353 -38.7721 -0.655187 -0.838614 3.13202 -0.0317521 -2.32622 -40.4017 -6.04875 -5.31243 0.958648 15.9786 0.779096 -9.8844 12.4959 4.01431e-16 -7.8337e-16 6.55815e-19 -9.23673 -4.20556 2.0327 -17.4984 -3.16832 7.25017 0.852353 -38.7721 -0.655187 2.42641 9.02612 -0.0336565 2.32622 -40.4017 -6.04875 7.09103 -4.39722 -15.7545 -0.779096 -9.8844 12.4959 -5.96354e-16 -5.59082e-16 -1.27471e-14 
-5.63627 92.1312 75.657 -8.27397 7.2281 -177.446 0 5.07867 -1.15138 -3.66548 4.44068 -0.235057 0 5.61661 1.07143 -2.80459 3.15086 -0.665284 -1.02604e-17 5.98978 0.11501 -2.11386 2.31872 -0.626935 -1.10457e-17 6.50583 -0.443523 -1.28967 0.540792 -0.695727 -1.97295e-17 7.60548 -1.50593 -0.604414 -0.523714 -0.690929 -2.53307e-17 9.49737 -0.914492 -0.00644807 -1.96812 -0.910826 -2.90401e-17 10.5513 1.57691 0.0851174 0.68219 -0.134652 -1.29193e-17 4.78644 0.715339 1.2502 7.71781 -8.72745 -1.8116e-17 4.82109 0.421791 0.966194 -4.11461 -4.19408 -2.00958e-17 4.83041 0.765062 2.01853 -6.73908 2.6437 1.23299 -7.60731 7.53374 19.9648 5.63656 -3.24265 12.9547 3.2495 -3.26872 -84.1478 51.0103 9.04222 29.2081 0.0598081 0.137039 4.45132 -0.839763 -21.9497 24.234 0.0496219 0.113701 -22.2634 -60.0888 -20.1048 -1.23299 -7.60729 7.53365 -21.1595 3.25745 2.16925 -12.9547 3.2495 -3.26872 81.791 41.456 -2.83797 -29.2081 0.0598081 0.137039 -3.6709 -0.560858 17.9626 -24.234 0.0496218 0.113702 27.6111 -64.8425 20.7091 9.23673 -4.20556 2.0327 -3.43246 4.13225 -16.9162 -0.852353 -38.7721 -0.655187 -0.835184 3.11921 -0.0317156 -2.32622 -40.4017 -6.04875 -5.32956 0.975035 15.9813 0.779096 -9.8844 12.4959 1.19657e-15 -7.46426e-16 -3.62884e-17 -9.23673 -4.20556 2.0327 -17.5058 -3.14581 7.24145 0.852353 -38.7721 -0.655187 2.43072 9.04196 -0.0340564 2.32622 -40.4017 -6.04875 7.0976 -4.38121 -15.7587 -0.779096 -9.8844 12.4959 -5.96354e-16 -5.59082e-16 -1.27471e-14 
-5.63103 92.1336 75.6255 -8.26892 7.25336 -177.429 0 5.07867 -1.15138 -3.65045 4.45052 -0.235557 0 5.61661 1.07143 -2.79219 3.15803 -0.662748 -1.02604e-17 5.98978 0.11501 -2.10522 2.32334 -0.623726 -1.10457e-17 6.50583 -0.443523 -1.2843 0.541921 -0.692227 -1.97295e-17 7.60548 -1.50593 -0.602085 -0.525546 -0.688466 -2.53307e-17 9.49737 -0.914492 -0.00637305 -1.97524 -0.907201 -2.90401e-17 10.5513 1.57691 0.0857684 0.68228 -0.134182 -1.29193e-17 4.78644 0.715339 1.25364 7.72805 -8.71039 -1.8116e-17 4.82109 0.421791 0.974035 -4.12157 -4.18535 -2.00958e-17 4.83041 0.765062 1.99002 -6.76315 2.58436 1.23299 -7.60731 7.53374 20.0055 5.62751 -3.23879 12.9547 3.2495 -3.26872 -84.2834 51.0133 9.00377 29.2081 0.0598081 0.137039 4.44702 -0.838057 -21.9275 24.234 0.0496219 0.113701 -22.1096 -60.1678 -19.9773 -1.23299 -7.60729 7.53365 -21.2466 3.25567 2.1531 -12.9547 3.2495 -3.26872 81.792 41.4751 -2.87873 -29.2081 0.0598081 0.137039 -3.66879 -0.560184 17.9519 -24.234 0.0496218 0.113702 27.8263 -64.854 20.8775 9.23673 -4.20556 2.0327 -3.42445 4.17234 -16.9214 -0.852353 -38.7721 -0.655187 -0.832948 3.11086 -0.0316914 -2.32622 -40.4017 -6.04875 -5.33378 0.980702 15.9822 0.779096 -9.8844 12.4959 -7.17825e-16 -8.30115e-16 4.74008e-17 -9.23673 -4.20556 2.0327 -17.4989 -3.12025 7.23431 0.852353 -38.7721 -0.655187 2.432 9.04666 -0.0341755 2.32622 -40.4017 -6.04875 7.08296 -4.35769 -15.7615 -0.779096 -9.8844 12.4959 -9.8343e-16 -5.46986e-16 -1.27229e-14 
-5.62706 92.1364 75.5944 -8.28194 7.28047 -177.396 0 5.07867 -1.15138 -3.63786 4.46359 -0.23276 0 5.61661 1.07143 -2.78307 3.16646 -0.656925 -1.02604e-17 5.98978 0.11501 -2.09956 2.32898 -0.617164 -1.10457e-17 6.50583 -0.443523 -1.28201 0.541911 -0.685004 -1.97295e-17 7.60548 -1.50593 -0.60166 -0.528728 -0.681694 -2.53307e-17 9.49737 -0.914492 -0.00636618 -1.98028 -0.898845 -2.90401e-17 10.5513 1.57691 0.0857159 0.683321 -0.13319 -1.29193e-17 4.78644 0.715339 1.25636 7.73453 -8.76557 -1.8116e-17 4.82109 0.421791 0.96926 -4.13472 -4.20989 -2.00958e-17 4.83041 0.765062 1.97548 -6.78094 2.58845 1.23299 -7.60731 7.53374 20.0081 5.61786 -3.24088 12.9547 3.2495 -3.26872 -84.2894 50.949 8.93816 29.2081 0.0598081 0.137039 4.43643 -0.833862 -21.8727 24.234 0.0496219 0.113701 -22.0873 -60.1393 -19.9457 -1.23299 -7.60729 7.53365 -21.2914 3.2624 2.14279 -12.9547 3.2495 -3.26872 81.8154 41.5235 -2.96598 -29.2081 0.0598081 0.137039 -3.66877 -0.56018 17.9519 -24.234 0.0496218 0.113702 28.0269 -64.9297 21.0882 9.23673 -4.20556 2.0327 -3.43242 4.21626 -16.9445 -0.852353 -38.7721 -0.655187 -0.828668 3.09488 -0.0316441 -2.32622 -40.4017 -6.04875 -5.34505 1.00132 15.9827 0.779096 -9.8844 12.4959 1.16509e-15 -7.47738e-16 -3.49768e-17 -9.23673 -4.20556 2.0327 -17.5126 -3.08802 7.22204 0.852353 -38.7721 -0.655187 2.43416 9.05463 -0.0343773 2.32622 -40.4017 -6.04875 7.08237 -4.34565 -15.7663 -0.779096 -9.8844 12.4959 -9.93923e-16 -5.46658e-16 -1.27222e-14 
-5.62226 92.1385 75.5637 -8.29755 7.29848 -177.371 0 5.07867 -1.15138 -3.63403 4.47856 -0.228217 0 5.61661 1.07143 -2.781 3.17607 -0.651113 -1.02604e-17 5.98978 0.11501 -2.09872 2.33531 -0.61082 -1.10457e-17 6.50583 -0.443523 -1.28263 0.540459 -0.678085 -1.97295e-17 7.60548 -1.50593 -0.601857 -0.534097 -0.674723 -2.53307e-17 9.49737 -0.914492 -0.00484914 -1.98669 -0.891195 -2.90401e-17 10.5513 1.57691 0.085841 0.685222 -0.132501 -1.29193e-17 4.78644 0.715339 1.26089 7.73516 -8.80334 -1.8116e-17 4.82109 0.421791 0.981483 -4.14989 -4.22646 -2.00958e-17 4.83041 0.765062 1.96155 -6.78953 2.57684 1.23299 -7.60731 7.53374 19.9937 5.61336 -3.24418 12.9547 3.2495 -3.26872 -84.2666 50.9088 8.8833 29.2081 0.0598081 0.137039 4.42844 -0.830709 -21.8314 24.234 0.0496219 0.113701 -22.038 -60.108 -19.8965 -1.23299 -7.60729 7.53365 -21.3114 3.27103 2.1337 -12.9547 3.2495 -3.26872 81.8608 41.5245 -3.0426 -29.2081 0.0598081 0.137039 -3.6704 -0.560697 17.9601 -24.234 0.0496218 0.113702 28.0953 -64.9644 21.1701 9.23673 -4.20556 2.0327 -3.44356 4.25359 -16.9632 -0.852353 -38.7721 -0.655187 -0.823308 3.07486 -0.0315832 -2.32622 -40.4017 -6.04875 -5.35303 1.0212 15.9825 0.779096 -9.8844 12.4959 -7.17802e-16 -8.30114e-16 4.73998e-17 -9.23673 -4.20556 2.0327 -17.5275 -3.0595 7.21454 0.852353 -38.7721 -0.655187 2.43272 9.04932 -0.0342427 2.32622 -40.4017 -6.04875 7.07766 -4.33883 -15.7682 -0.779096 -9.8844 12.4959 -6.06852e-16 -5.58754e-16 -1.27464e-14 
-5.61739 92.1389 75.533 -8.28746 7.30291 -177.348 0 5.07867 -1.15138 -3.62596 4.48396 -0.226912 0 5.61661 1.07143 -2.77478 3.1798 -0.648052 -1.02604e-17 5.98978 0.11501 -2.0945 2.3374 -0.607331 -1.10457e-17 6.50583 -0.443523 -1.28047 0.538776 -0.674284 -1.97295e-17 7.60548 -1.50593 -0.600996 -0.536903 -0.671162 -2.53307e-17 9.49737 -0.914492 -0.00478469 -1.99069 -0.887152 -2.90401e-17 10.5513 1.57691 0.0858319 0.686409 -0.131952 -1.29193e-17 4.78644 0.715339 1.25981 7.72653 -8.822 -1.8116e-17 4.82109 0.421791 0.979443 -4.14766 -4.23475 -2.00958e-17 4.83041 0.765062 1.96484 -6.79314 2.55953 1.23299 -7.60731 7.53374 19.9978 5.61053 -3.24433 12.9547 3.2495 -3.26872 -84.2796 50.8563 8.84877 29.2081 0.0598081 0.137039 4.42337 -0.828708 -21.8052 24.234 0.0496219 0.113701 -21.9224 -60.0486 -19.7752 -1.23299 -7.60729 7.53365 -21.3249 3.27596 2.12719 -12.9547 3.2495 -3.26872 81.8895 41.5122 -3.09927 -29.2081 0.0598081 0.137039 -3.67631 -0.562582 17.9899 -24.234 0.0496218 0.113702 28.0997 -64.9805 21.1558 9.23673 -4.20556 2.0327 -3.43097 4.27685 -16.9774 -0.852353 -38.7721 -0.655187 -0.819263 3.05976 -0.031536 -2.32622 -40.4017 -6.04875 -5.34858 1.01395 15.9813 0.779096 -9.8844 12.4959 3.85254e-18 -7.96123e-16 1.34082e-17 -9.23673 -4.20556 2.0327 -17.5179 -3.05331 7.19546 0.852353 -38.7721 -0.655187 2.43502 9.05778 -0.0344573 2.32622 -40.4017 -6.04875 7.06857 -4.32548 -15.7703 -0.779096 -9.8844 12.4959 -5.96354e-16 -5.59082e-16 -1.27471e-14 
-5.61302 92.1398 75.5028 -8.29265 7.31206 -177.315 0 5.07867 -1.15138 -3.61446 4.49527 -0.226719 0 5.61661 1.07143 -2.76573 3.18674 -0.645565 -1.02604e-17 5.98978 0.11501 -2.08825 2.3414 -0.604405 -1.10457e-17 6.50583 -0.443523 -1.2769 0.537638 -0.670862 -1.97295e-17 7.60548 -1.50593 -0.599388 -0.540912 -0.668459 -2.53307e-17 9.49737 -0.914492 -0.00443905 -1.99471 -0.883361 -2.90401e-17 10.5513 1.57691 0.0858221 0.68647 -0.130743 -1.29193e-17 4.78644 0.715339 1.25539 7.68016 -8.86773 -1.8116e-17 4.82109 0.421791 0.975325 -4.14561 -4.2553 -2.00958e-17 4.83041 0.765062 1.94671 -6.76319 2.58056 1.23299 -7.60731 7.53374 19.959 5.61639 -3.27528 12.9547 3.2495 -3.26872 -84.1987 50.8096 8.82735 29.2081 0.0598081 0.137039 4.41514 -0.825469 -21.7627 24.234 0.0496219 0.113701 -22.0022 -59.9776 -19.8379 -1.23299 -7.60729 7.53365 -21.3306 3.29183 2.14741 -12.9547 3.2495 -3.26872 81.8047 41.5538 -3.17699 -29.2081 0.0598081 0.137039 -3.68342 -0.564851 18.0258 -24.234 0.0496218 0.113702 28.3729 -65.0561 21.4019 9.23673 -4.20556 2.0327 -3.43079 4.30483 -17.0005 -0.852353 -38.7721 -0.655187 -0.814542 3.04213 -0.0314796 -2.32622 -40.4017 -6.04875 -5.36742 1.01533 15.9832 0.779096 -9.8844 12.4959 1.18606e-15 -7.46755e-16 -3.59599e-17 -9.23673 -4.20556 2.0327 -17.5248 -3.03403 7.1795 0.852353 -38.7721 -0.655187 2.43508 9.05801 -0.0344629 2.32622 -40.4017 -6.04875 7.07404 -4.32208 -15.7737 -0.779096 -9.8844 12.4959 -5.96354e-16 -5.59082e-16 -1.27471e-14 
-5.60872 92.1393 75.4733 -8.29055 7.30396 -177.282 0 5.07867 -1.15138 -3.59287 4.49083 -0.226447 0 5.61661 1.07143 -2.74886 3.18389 -0.640282 -1.02604e-17 5.98978 0.11501 -2.07666 2.33921 -0.597727 -1.10457e-17 6.50583 -0.443523 -1.27041 0.537622 -0.663525 -1.97295e-17 7.60548 -1.50593 -0.597039 -0.538729 -0.662203 -2.53307e-17 9.49737 -0.914492 -0.00542249 -1.9957 -0.876026 -2.90401e-17 10.5513 1.57691 0.0869197 0.685932 -0.129116 -1.29193e-17 4.78644 0.715339 1.24652 7.66479 -8.84807 -1.8116e-17 4.82109 0.421791 0.966189 -4.14092 -4.24707 -2.00958e-17 4.83041 0.765062 1.90201 -6.76736 2.50374 1.23299 -7.60731 7.53374 20.0034 5.61097 -3.27689 12.9547 3.2495 -3.26872 -84.371 50.9005 8.78317 29.2081 0.0598081 0.137039 4.41109 -0.823878 -21.7418 24.234 0.0496219 0.113701 -21.7366 -60.001 -19.6165 -1.23299 -7.60729 7.53365 -21.3856 3.29467 2.14369 -12.9547 3.2495 -3.26872 81.7504 41.5853 -3.26497 -29.2081 0.0598081 0.137039 -3.68784 -0.566268 18.0482 -24.234 0.0496218 0.113702 28.6513 -65.1143 21.6318 9.23673 -4.20556 2.0327 -3.42786 4.30478 -17.0208 -0.852353 -38.7721 -0.655187 -0.815353 3.04516 -0.0314894 -2.32622 -40.4017 -6.04875 -5.35987 1.00657 15.9818 0.779096 -9.8844 12.4959 4.43413e-16 -7.8173e-16 -9.84166e-19 -9.23673 -4.20556 2.0327 -17.5227 -3.02728 7.15235 0.852353 -38.7721 -0.655187 2.43343 9.05194 -0.0343091 2.32622 -40.4017 -6.04875 7.0451 -4.31354 -15.7732 -0.779096 -9.8844 12.4959 -5.96354e-16 -5.59082e-16 -1.27471e-14 
-5.60353 92.1396 75.4445 -8.29803 7.30364 -177.257 0 5.07867 -1.15138 -3.57562 4.49561 -0.221216 0 5.61661 1.07143 -2.73659 3.18615 -0.63065 -1.02604e-17 5.98978 0.11501 -2.06883 2.33978 -0.586863 -1.10457e-17 6.50583 -0.443523 -1.26725 0.534011 -0.651875 -1.97295e-17 7.60548 -1.50593 -0.596103 -0.542501 -0.650923 -2.53307e-17 9.49737 -0.914492 -0.0052145 -2.00053 -0.863434 -2.90401e-17 10.5513 1.57691 0.0870171 0.68709 -0.127498 -1.29193e-17 4.78644 0.715339 1.23948 7.63583 -8.90377 -1.8116e-17 4.82109 0.421791 0.952581 -4.14033 -4.27268 -2.00958e-17 4.83041 0.765062 1.88246 -6.75204 2.52401 1.23299 -7.60731 7.53374 20.0164 5.60894 -3.28674 12.9547 3.2495 -3.26872 -84.3895 50.8716 8.72762 29.2081 0.0598081 0.137039 4.39827 -0.818852 -21.6756 24.234 0.0496219 0.113701 -21.7242 -59.8942 -19.5806 -1.23299 -7.60729 7.53365 -21.4132 3.31098 2.14137 -12.9547 3.2495 -3.26872 81.7512 41.6863 -3.37793 -29.2081 0.0598081 0.137039 -3.69504 -0.568573 18.0845 -24.234 0.0496218 0.113702 28.8543 -65.2515 21.8613 9.23673 -4.20556 2.0327 -3.4305 4.30942 -17.0456 -0.852353 -38.7721 -0.655187 -0.816993 3.05128 -0.0315091 -2.32622 -40.4017 -6.04875 -5.36051 1.00682 15.9795 0.779096 -9.8844 12.4959 -1.12587e-15 -8.43195e-16 6.04799e-17 -9.23673 -4.20556 2.0327 -17.5292 -3.01346 7.12559 0.852353 -38.7721 -0.655187 2.43077 9.04215 -0.0340614 2.32622 -40.4017 -6.04875 7.04702 -4.31512 -15.7762 -0.779096 -9.8844 12.4959 -5.96354e-16 -5.59082e-16 -1.27471e-14 
-5.5981 92.1402 75.416 -8.28773 7.3076 -177.234 0 5.07867 -1.15138 -3.56388 4.51009 -0.21781 0 5.61661 1.07143 -2.72766 3.19457 -0.624671 -1.02604e-17 5.98978 0.11501 -2.0626 2.34274 -0.580092 -1.10457e-17 6.50583 -0.443523 -1.26411 0.525384 -0.644578 -1.97295e-17 7.60548 -1.50593 -0.594323 -0.554837 -0.64406 -2.53307e-17 9.49737 -0.914492 -0.00422161 -2.01619 -0.856554 -2.90401e-17 10.5513 1.57691 0.087226 0.689464 -0.126441 -1.29193e-17 4.78644 0.715339 1.235 7.60509 -8.90634 -1.8116e-17 4.82109 0.421791 0.956224 -4.1415 -4.27364 -2.00958e-17 4.83041 0.765062 1.86015 -6.72091 2.50985 1.23299 -7.60731 7.53374 20.0192 5.61721 -3.29816 12.9547 3.2495 -3.26872 -84.4239 50.8602 8.70604 29.2081 0.0598081 0.137039 4.3898 -0.815537 -21.6318 24.234 0.0496219 0.113701 -21.6495 -59.8354 -19.506 -1.23299 -7.60729 7.53365 -21.4181 3.32953 2.14386 -12.9547 3.2495 -3.26872 81.7697 41.6987 -3.46407 -29.2081 0.0598081 0.137039 -3.70429 -0.571545 18.1313 -24.234 0.0496218 0.113702 28.8986 -65.3071 21.9019 9.23673 -4.20556 2.0327 -3.41618 4.32488 -17.0715 -0.852353 -38.7721 -0.655187 -0.816027 3.04767 -0.0314975 -2.32622 -40.4017 -6.04875 -5.35716 0.998276 15.9778 0.779096 -9.8844 12.4959 -7.80788e-16 -8.32739e-16 5.00242e-17 -9.23673 -4.20556 2.0327 -17.5172 -3.00309 7.11836 0.852353 -38.7721 -0.655187 2.43029 9.04037 -0.0340163 2.32622 -40.4017 -6.04875 7.04092 -4.30066 -15.7771 -0.779096 -9.8844 12.4959 -5.96354e-16 -5.59082e-16 -1.27471e-14 
-5.59151 92.1411 75.3877 -8.27453 7.31479 -177.217 0 5.07867 -1.15138 -3.56064 4.52319 -0.212562 0 5.61661 1.07143 -2.72629 3.20162 -0.617691 -1.02604e-17 5.98978 0.11501 -2.06272 2.34501 -0.572974 -1.10457e-17 6.50583 -0.443523 -1.26549 0.517771 -0.637399 -1.97295e-17 7.60548 -1.50593 -0.595172 -0.565344 -0.636963 -2.53307e-17 9.49737 -0.914492 -0.00322759 -2.02957 -0.84831 -2.90401e-17 10.5513 1.57691 0.0876577 0.690601 -0.127187 -1.29193e-17 4.78644 0.715339 1.24588 7.59434 -8.9512 -1.8116e-17 4.82109 0.421791 0.952057 -4.13184 -4.29342 -2.00958e-17 4.83041 0.765062 1.87333 -6.70534 2.56472 1.23299 -7.60731 7.53374 20.0064 5.6273 -3.34279 12.9547 3.2495 -3.26872 -84.274 50.8006 8.7093 29.2081 0.0598081 0.137039 4.37381 -0.809306 -21.5494 24.234 0.0496219 0.113701 -21.9439 -59.7265 -19.7594 -1.23299 -7.60729 7.53365 -21.5047 3.33994 2.13781 -12.9547 3.2495 -3.26872 81.8701 41.8131 -3.57159 -29.2081 0.0598081 0.137039 -3.71825 -0.576046 18.2018 -24.234 0.0496218 0.113702 29.0616 -65.4262 22.0672 9.23673 -4.20556 2.0327 -3.39779 4.34037 -17.0987 -0.852353 -38.7721 -0.655187 -0.816697 3.05018 -0.0315055 -2.32622 -40.4017 -6.04875 -5.35369 0.988349 15.9756 0.779096 -9.8844 12.4959 1.55214e-15 -7.35643e-16 -4.70717e-17 -9.23673 -4.20556 2.0327 -17.5035 -2.98571 7.10299 0.852353 -38.7721 -0.655187 2.42725 9.02922 -0.0337348 2.32622 -40.4017 -6.04875 7.06406 -4.29249 -15.7806 -0.779096 -9.8844 12.4959 -9.83426e-16 -5.46986e-16 -1.27229e-14 
-5.58523 92.1418 75.3596 -8.26369 7.31895 -177.194 0 5.07867 -1.15138 -3.55469 4.52729 -0.212176 0 5.61661 1.07143 -2.72145 3.20402 -0.616046 -1.02604e-17 5.98978 0.11501 -2.05922 2.34608 -0.571215 -1.10457e-17 6.50583 -0.443523 -1.26334 0.515577 -0.635605 -1.97295e-17 7.60548 -1.50593 -0.593976 -0.5674 -0.635719 -2.53307e-17 9.49737 -0.914492 -0.00293248 -2.03283 -0.847282 -2.90401e-17 10.5513 1.57691 0.0883652 0.690725 -0.127596 -1.29193e-17 4.78644 0.715339 1.2502 7.58633 -8.92073 -1.8116e-17 4.82109 0.421791 0.953961 -4.1323 -4.27987 -2.00958e-17 4.83041 0.765062 1.85752 -6.69624 2.53677 1.23299 -7.60731 7.53374 19.9858 5.63518 -3.3772 12.9547 3.2495 -3.26872 -84.2519 50.8597 8.72749 29.2081 0.0598081 0.137039 4.37111 -0.808257 -21.5354 24.234 0.0496219 0.113701 -21.9859 -59.7759 -19.8211 -1.23299 -7.60729 7.53365 -21.5357 3.33956 2.14124 -12.9547 3.2495 -3.26872 81.9019 41.8238 -3.62875 -29.2081 0.0598081 0.137039 -3.73095 -0.580156 18.266 -24.234 0.0496218 0.113702 29.0746 -65.4602 22.051 9.23673 -4.20556 2.0327 -3.38422 4.35393 -17.1221 -0.852353 -38.7721 -0.655187 -0.816833 3.05069 -0.0315072 -2.32622 -40.4017 -6.04875 -5.35103 0.979199 15.9758 0.779096 -9.8844 12.4959 6.68392e-17 -7.93498e-16 1.07838e-17 -9.23673 -4.20556 2.0327 -17.4885 -2.9684 7.08859 0.852353 -38.7721 -0.655187 2.4236 9.01579 -0.0333962 2.32622 -40.4017 -6.04875 7.03777 -4.27239 -15.7795 -0.779096 -9.8844 12.4959 -6.06852e-16 -5.58754e-16 -1.27464e-14 
-5.57795 92.1411 75.3316 -8.23898 7.30882 -177.19 0 5.07867 -1.15138 -3.5447 4.51973 -0.20918 0 5.61661 1.07143 -2.71394 3.19863 -0.611081 -1.02604e-17 5.98978 0.11501 -2.05405 2.34388 -0.566447 -1.10457e-17 6.50583 -0.443523 -1.2606 0.517831 -0.630775 -1.97295e-17 7.60548 -1.50593 -0.592643 -0.560561 -0.63142 -2.53307e-17 9.49737 -0.914492 -0.00244175 -2.02061 -0.8422 -2.90401e-17 10.5513 1.57691 0.0880872 0.689289 -0.127587 -1.29193e-17 4.78644 0.715339 1.24994 7.55314 -8.97902 -1.8116e-17 4.82109 0.421791 0.932043 -4.12521 -4.30691 -2.00958e-17 4.83041 0.765062 1.88961 -6.68161 2.62129 1.23299 -7.60731 7.53374 19.9206 5.64035 -3.42686 12.9547 3.2495 -3.26872 -84.0377 50.8419 8.73984 29.2081 0.0598081 0.137039 4.36407 -0.805523 -21.4991 24.234 0.0496219 0.113701 -22.3386 -59.7452 -20.142 -1.23299 -7.60729 7.53365 -21.532 3.34645 2.15937 -12.9547 3.2495 -3.26872 81.8743 41.9365 -3.67651 -29.2081 0.0598081 0.137039 -3.74173 -0.583661 18.3206 -24.234 0.0496218 0.113702 29.2518 -65.5955 22.2559 9.23673 -4.20556 2.0327 -3.35588 4.34978 -17.1365 -0.852353 -38.7721 -0.655187 -0.819479 3.06056 -0.0315386 -2.32622 -40.4017 -6.04875 -5.34483 0.949006 15.9752 0.779096 -9.8844 12.4959 -7.49295e-16 -8.31427e-16 4.8712e-17 -9.23673 -4.20556 2.0327 -17.4654 -2.97943 7.08964 0.852353 -38.7721 -0.655187 2.42399 9.01724 -0.0334328 2.32622 -40.4017 -6.04875 7.07771 -4.27296 -15.7841 -0.779096 -9.8844 12.4959 -9.83426e-16 -5.46986e-16 -1.27229e-14 
-5.57036 92.1408 75.3036 -8.2261 7.30343 -177.187 0 5.07867 -1.15138 -3.53802 4.51254 -0.210133 0 5.61661 1.07143 -2.70813 3.1938 -0.611517 -1.02604e-17 5.98978 0.11501 -2.04916 2.34105 -0.566912 -1.10457e-17 6.50583 -0.443523 -1.25703 0.518051 -0.631206 -1.97295e-17 7.60548 -1.50593 -0.590379 -0.556885 -0.632553 -2.53307e-17 9.49737 -0.914492 -0.00195096 -2.01372 -0.84408 -2.90401e-17 10.5513 1.57691 0.088229 0.688912 -0.127451 -1.29193e-17 4.78644 0.715339 1.2461 7.51575 -8.95461 -1.8116e-17 4.82109 0.421791 0.93243 -4.11996 -4.29652 -2.00958e-17 4.83041 0.765062 1.87475 -6.65587 2.61936 1.23299 -7.60731 7.53374 19.8491 5.65182 -3.46771 12.9547 3.2495 -3.26872 -83.9771 50.9314 8.78298 29.2081 0.0598081 0.137039 4.36847 -0.807233 -21.5218 24.234 0.0496219 0.113701 -22.4105 -59.8662 -20.2416 -1.23299 -7.60729 7.53365 -21.4974 3.34819 2.18356 -12.9547 3.2495 -3.26872 81.8167 41.9903 -3.68769 -29.2081 0.0598081 0.137039 -3.7541 -0.587692 18.3832 -24.234 0.0496218 0.113702 29.2856 -65.6741 22.2856 9.23673 -4.20556 2.0327 -3.34077 4.35847 -17.1511 -0.852353 -38.7721 -0.655187 -0.817818 3.05436 -0.0315189 -2.32622 -40.4017 -6.04875 -5.33108 0.93639 15.9733 0.779096 -9.8844 12.4959 1.16507e-15 -7.47739e-16 -3.49757e-17 -9.23673 -4.20556 2.0327 -17.4474 -2.98181 7.09887 0.852353 -38.7721 -0.655187 2.42181 9.00922 -0.033231 2.32622 -40.4017 -6.04875 7.05119 -4.25955 -15.7821 -0.779096 -9.8844 12.4959 -9.93923e-16 -5.46658e-16 -1.27222e-14 
-5.56399 92.1418 75.2756 -8.21286 7.31038 -177.171 0 5.07867 -1.15138 -3.52493 4.49738 -0.208913 0 5.61661 1.07143 -2.69762 3.18484 -0.608141 -1.02604e-17 5.98978 0.11501 -2.04134 2.339 -0.563325 -1.10457e-17 6.50583 -0.443523 -1.25204 0.527235 -0.627452 -1.97295e-17 7.60548 -1.50593 -0.587794 -0.540404 -0.629498 -2.53307e-17 9.49737 -0.914492 -0.00141711 -1.98967 -0.840943 -2.90401e-17 10.5513 1.57691 0.0880328 0.687262 -0.126749 -1.29193e-17 4.78644 0.715339 1.239 7.48057 -8.98965 -1.8116e-17 4.82109 0.421791 0.917728 -4.11386 -4.31365 -2.00958e-17 4.83041 0.765062 1.8845 -6.64033 2.65813 1.23299 -7.60731 7.53374 19.7934 5.65025 -3.50278 12.9547 3.2495 -3.26872 -83.8432 50.9691 8.76925 29.2081 0.0598081 0.137039 4.36898 -0.807428 -21.5244 24.234 0.0496219 0.113701 -22.5907 -59.8926 -20.3933 -1.23299 -7.60729 7.53365 -21.4619 3.34606 2.20278 -12.9547 3.2495 -3.26872 81.7191 42.1003 -3.69332 -29.2081 0.0598081 0.137039 -3.76444 -0.591074 18.4355 -24.234 0.0496218 0.113702 29.4482 -65.8282 22.4574 9.23673 -4.20556 2.0327 -3.32364 4.37562 -17.1673 -0.852353 -38.7721 -0.655187 -0.81758 3.05347 -0.0315161 -2.32622 -40.4017 -6.04875 -5.32799 0.927103 15.9723 0.779096 -9.8844 12.4959 -7.17802e-16 -8.30114e-16 4.73998e-17 -9.23673 -4.20556 2.0327 -17.4345 -2.97404 7.08628 0.852353 -38.7721 -0.655187 2.42336 9.0149 -0.0333739 2.32622 -40.4017 -6.04875 7.06945 -4.25089 -15.7864 -0.779096 -9.8844 12.4959 -2.1978e-16 -5.82946e-16 -1.27585e-14 
-5.55627 92.1433 75.2475 -8.20804 7.32283 -177.168 0 5.07867 -1.15138 -3.51154 4.49354 -0.208971 0 5.61661 1.07143 -2.68663 3.18303 -0.605881 -1.02604e-17 5.98978 0.11501 -2.03323 2.33923 -0.560588 -1.10457e-17 6.50583 -0.443523 -1.24679 0.531488 -0.624585 -1.97295e-17 7.60548 -1.50593 -0.585179 -0.533446 -0.627685 -2.53307e-17 9.49737 -0.914492 -0.00123401 -1.98164 -0.839041 -2.90401e-17 10.5513 1.57691 0.0886099 0.686302 -0.126052 -1.29193e-17 4.78644 0.715339 1.23416 7.45595 -8.97916 -1.8116e-17 4.82109 0.421791 0.918397 -4.10877 -4.30937 -2.00958e-17 4.83041 0.765062 1.85072 -6.62721 2.63805 1.23299 -7.60731 7.53374 19.7843 5.65283 -3.53523 12.9547 3.2495 -3.26872 -83.8801 51.0938 8.78874 29.2081 0.0598081 0.137039 4.37352 -0.809195 -21.5479 24.234 0.0496219 0.113701 -22.6223 -60.0017 -20.4562 -1.23299 -7.60729 7.53365 -21.4815 3.34387 2.22027 -12.9547 3.2495 -3.26872 81.6303 42.2066 -3.70969 -29.2081 0.0598081 0.137039 -3.77328 -0.593975 18.4803 -24.234 0.0496218 0.113702 29.6986 -65.9415 22.7031 9.23673 -4.20556 2.0327 -3.31475 4.40988 -17.1669 -0.852353 -38.7721 -0.655187 -0.811759 3.03173 -0.0314457 -2.32622 -40.4017 -6.04875 -5.32323 0.932539 15.9709 0.779096 -9.8844 12.4959 -7.70291e-16 -8.32411e-16 4.96962e-17 -9.23673 -4.20556 2.0327 -17.4221 -2.95126 7.08202 0.852353 -38.7721 -0.655187 2.41779 8.99443 -0.03286 2.32622 -40.4017 -6.04875 7.0444 -4.23266 -15.7861 -0.779096 -9.8844 12.4959 -5.85856e-16 -5.59738e-16 -1.27474e-14 
-5.55006 92.143 75.2203 -8.18727 7.31289 -177.152 0 5.07867 -1.15138 -3.51421 4.49127 -0.207083 0 5.61661 1.07143 -2.68922 3.17975 -0.604219 -1.02604e-17 5.98978 0.11501 -2.03494 2.33344 -0.558937 -1.10457e-17 6.50583 -0.443523 -1.24815 0.518669 -0.623121 -1.97295e-17 7.60548 -1.50593 -0.585372 -0.544795 -0.625873 -2.53307e-17 9.49737 -0.914492 -0.000704092 -1.99574 -0.838432 -2.90401e-17 10.5513 1.57691 0.0884925 0.689806 -0.127611 -1.29193e-17 4.78644 0.715339 1.25327 7.52475 -9.0032 -1.8116e-17 4.82109 0.421791 0.912827 -4.10306 -4.32025 -2.00958e-17 4.83041 0.765062 1.88473 -6.6506 2.66161 1.23299 -7.60731 7.53374 19.8205 5.65156 -3.52808 12.9547 3.2495 -3.26872 -83.8514 51.1323 8.7941 29.2081 0.0598081 0.137039 4.36724 -0.806756 -21.5155 24.234 0.0496219 0.113701 -22.7536 -59.9624 -20.5476 -1.23299 -7.60729 7.53365 -21.5242 3.33646 2.18938 -12.9547 3.2495 -3.26872 81.9007 42.2843 -3.75722 -29.2081 0.0598081 0.137039 -3.78106 -0.596533 18.5197 -24.234 0.0496218 0.113702 29.3222 -66.0117 22.4177 9.23673 -4.20556 2.0327 -3.29304 4.41747 -17.1856 -0.852353 -38.7721 -0.655187 -0.80776 3.0168 -0.031396 -2.32622 -40.4017 -6.04875 -5.27112 0.927776 15.9583 0.779096 -9.8844 12.4959 -3.83224e-16 -8.08219e-16 2.55045e-17 -9.23673 -4.20556 2.0327 -17.4007 -2.93941 7.05591 0.852353 -38.7721 -0.655187 2.40953 8.96405 -0.0321009 2.32622 -40.4017 -6.04875 7.063 -4.22443 -15.7857 -0.779096 -9.8844 12.4959 -5.96354e-16 -5.59082e-16 -1.27471e-14 
-5.54286 92.1406 75.193 -8.18584 7.27987 -177.148 0 5.07867 -1.15138 -3.51959 4.49868 -0.212602 0 5.61661 1.07143 -2.69254 3.18262 -0.611136 -1.02604e-17 5.98978 0.11501 -2.03696 2.32901 -0.566666 -1.10457e-17 6.50583 -0.443523 -1.24826 0.503659 -0.631652 -1.97295e-17 7.60548 -1.50593 -0.585274 -0.563362 -0.634748 -2.53307e-17 9.49737 -0.914492 -0.00190731 -2.02247 -0.847508 -2.90401e-17 10.5513 1.57691 0.0890583 0.690756 -0.129177 -1.29193e-17 4.78644 0.715339 1.26016 7.51411 -8.96163 -1.8116e-17 4.82109 0.421791 0.927148 -4.08674 -4.30072 -2.00958e-17 4.83041 0.765062 1.86915 -6.63425 2.64906 1.23299 -7.60731 7.53374 19.8634 5.67279 -3.54374 12.9547 3.2495 -3.26872 -83.9461 51.1771 8.90373 29.2081 0.0598081 0.137039 4.37661 -0.810397 -21.5638 24.234 0.0496219 0.113701 -22.7991 -60.0205 -20.6226 -1.23299 -7.60729 7.53365 -21.6202 3.33822 2.18831 -12.9547 3.2495 -3.26872 81.952 42.2719 -3.74984 -29.2081 0.0598081 0.137039 -3.7953 -0.601232 18.5918 -24.234 0.0496218 0.113702 29.304 -65.9718 22.3301 9.23673 -4.20556 2.0327 -3.28848 4.4128 -17.1747 -0.852353 -38.7721 -0.655187 -0.799199 2.98483 -0.0312862 -2.32622 -40.4017 -6.04875 -5.29192 0.90916 15.9596 0.779096 -9.8844 12.4959 4.01412e-16 -7.83371e-16 6.56407e-19 -9.23673 -4.20556 2.0327 -17.4048 -2.97569 7.05385 0.852353 -38.7721 -0.655187 2.41158 8.97158 -0.0322885 2.32622 -40.4017 -6.04875 7.09055 -4.24352 -15.7821 -0.779096 -9.8844 12.4959 -5.96354e-16 -5.59082e-16 -1.27471e-14 
-5.53662 92.1395 75.1659 -8.18425 7.25845 -177.131 0 5.07867 -1.15138 -3.51877 4.49099 -0.219914 0 5.61661 1.07143 -2.69092 3.17598 -0.618648 -1.02604e-17 5.98978 0.11501 -2.03549 2.32118 -0.574597 -1.10457e-17 6.50583 -0.443523 -1.2465 0.495488 -0.639983 -1.97295e-17 7.60548 -1.50593 -0.585359 -0.569196 -0.643569 -2.53307e-17 9.49737 -0.914492 -0.0053237 -2.03096 -0.856309 -2.90401e-17 10.5513 1.57691 0.0889002 0.689955 -0.129845 -1.29193e-17 4.78644 0.715339 1.2608 7.51862 -8.96395 -1.8116e-17 4.82109 0.421791 0.901781 -4.06491 -4.30221 -2.00958e-17 4.83041 0.765062 1.89731 -6.62743 2.68686 1.23299 -7.60731 7.53374 19.8835 5.68165 -3.55869 12.9547 3.2495 -3.26872 -83.9948 51.1967 8.96666 29.2081 0.0598081 0.137039 4.38078 -0.812021 -21.5853 24.234 0.0496219 0.113701 -22.8722 -60.0544 -20.6893 -1.23299 -7.60729 7.53365 -21.6494 3.33323 2.20012 -12.9547 3.2495 -3.26872 81.9788 42.2829 -3.75852 -29.2081 0.0598081 0.137039 -3.80216 -0.603502 18.6266 -24.234 0.0496218 0.113702 29.2484 -65.9633 22.2551 9.23673 -4.20556 2.0327 -3.28585 4.41533 -17.1848 -0.852353 -38.7721 -0.655187 -0.792032 2.95806 -0.0311906 -2.32622 -40.4017 -6.04875 -5.28377 0.901452 15.9582 0.779096 -9.8844 12.4959 2.35775e-15 -6.98044e-16 -8.46709e-17 -9.23673 -4.20556 2.0327 -17.4049 -2.98596 7.03462 0.852353 -38.7721 -0.655187 2.40923 8.96297 -0.0320739 2.32622 -40.4017 -6.04875 7.09061 -4.25182 -15.783 -0.779096 -9.8844 12.4959 -9.83421e-16 -5.46986e-16 -1.27229e-14 
-5.52855 92.1374 75.1389 -8.18093 7.22826 -177.133 0 5.07867 -1.15138 -3.53201 4.49293 -0.221121 0 5.61661 1.07143 -2.70111 3.17439 -0.623243 -1.02604e-17 5.98978 0.11501 -2.04173 2.3156 -0.580065 -1.10457e-17 6.50583 -0.443523 -1.24963 0.48116 -0.645601 -1.97295e-17 7.60548 -1.50593 -0.585456 -0.585116 -0.648594 -2.53307e-17 9.49737 -0.914492 -0.00374504 -2.04578 -0.862971 -2.90401e-17 10.5513 1.57691 0.0878167 0.692826 -0.130565 -1.29193e-17 4.78644 0.715339 1.27093 7.525 -8.99493 -1.8116e-17 4.82109 0.421791 0.903854 -4.06525 -4.31593 -2.00958e-17 4.83041 0.765062 1.93435 -6.60206 2.77393 1.23299 -7.60731 7.53374 19.8323 5.69498 -3.56219 12.9547 3.2495 -3.26872 -83.8082 51.1723 9.0051 29.2081 0.0598081 0.137039 4.37668 -0.810425 -21.5642 24.234 0.0496219 0.113701 -23.2219 -60.0168 -20.9859 -1.23299 -7.60729 7.53365 -21.5826 3.34689 2.21156 -12.9547 3.2495 -3.26872 82.0894 42.2713 -3.75441 -29.2081 0.0598081 0.137039 -3.79826 -0.602211 18.6068 -24.234 0.0496218 0.113702 28.9201 -65.9232 22.0189 9.23673 -4.20556 2.0327 -3.28073 4.40363 -17.2039 -0.852353 -38.7721 -0.655187 -0.787641 2.94166 -0.0311303 -2.32622 -40.4017 -6.04875 -5.26381 0.889289 15.9535 0.779096 -9.8844 12.4959 -2.99204e-16 -8.04609e-16 2.18943e-17 -9.23673 -4.20556 2.0327 -17.4055 -3.0179 7.03569 0.852353 -38.7721 -0.655187 2.40967 8.96458 -0.0321142 2.32622 -40.4017 -6.04875 7.12157 -4.26984 -15.7807 -0.779096 -9.8844 12.4959 -6.06857e-16 -5.58754e-16 -1.27464e-14 
-5.52213 92.1378 75.1119 -8.17479 7.2192 -177.113 0 5.07867 -1.15138 -3.53768 4.49225 -0.229426 0 5.61661 1.07143 -2.70338 3.17352 -0.633963 -1.02604e-17 5.98978 0.11501 -2.04208 2.31217 -0.591746 -1.10457e-17 6.50583 -0.443523 -1.24764 0.475513 -0.658063 -1.97295e-17 7.60548 -1.50593 -0.58398 -0.592398 -0.661523 -2.53307e-17 9.49737 -0.914492 -0.00467981 -2.05654 -0.876792 -2.90401e-17 10.5513 1.57691 0.0880449 0.692811 -0.131457 -1.29193e-17 4.78644 0.715339 1.27277 7.51289 -8.94567 -1.8116e-17 4.82109 0.421791 0.913831 -4.04456 -4.29365 -2.00958e-17 4.83041 0.765062 1.93018 -6.58331 2.76679 1.23299 -7.60731 7.53374 19.8322 5.71075 -3.57991 12.9547 3.2495 -3.26872 -83.8354 51.2355 9.08563 29.2081 0.0598081 0.137039 4.38934 -0.815359 -21.6295 24.234 0.0496219 0.113701 -23.2765 -60.127 -21.051 -1.23299 -7.60729 7.53365 -21.5924 3.34336 2.22932 -12.9547 3.2495 -3.26872 82.0546 42.1896 -3.68723 -29.2081 0.0598081 0.137039 -3.79929 -0.602552 18.612 -24.234 0.0496218 0.113702 28.7881 -65.8221 21.8035 9.23673 -4.20556 2.0327 -3.27482 4.40652 -17.2149 -0.852353 -38.7721 -0.655187 -0.785848 2.93497 -0.0311054 -2.32622 -40.4017 -6.04875 -5.2585 0.883708 15.9542 0.779096 -9.8844 12.4959 -7.59788e-16 -8.31754e-16 4.90398e-17 -9.23673 -4.20556 2.0327 -17.4011 -3.02866 7.00759 0.852353 -38.7721 -0.655187 2.4127 8.97569 -0.0323912 2.32622 -40.4017 -6.04875 7.11212 -4.26169 -15.7805 -0.779096 -9.8844 12.4959 -5.96354e-16 -5.59082e-16 -1.27471e-14 
-5.51491 92.1381 75.0852 -8.16242 7.21386 -177.11 0 5.07867 -1.15138 -3.53211 4.47531 -0.237496 0 5.61661 1.07143 -2.69695 3.16398 -0.642274 -1.02604e-17 5.98978 0.11501 -2.03648 2.30737 -0.600193 -1.10457e-17 6.50583 -0.443523 -1.24271 0.481344 -0.666735 -1.97295e-17 7.60548 -1.50593 -0.582324 -0.582158 -0.671005 -2.53307e-17 9.49737 -0.914492 -0.00751431 -2.04547 -0.886259 -2.90401e-17 10.5513 1.57691 0.0879957 0.69108 -0.131587 -1.29193e-17 4.78644 0.715339 1.26856 7.51921 -8.86948 -1.8116e-17 4.82109 0.421791 0.897506 -4.02568 -4.25873 -2.00958e-17 4.83041 0.765062 1.93188 -6.60081 2.72786 1.23299 -7.60731 7.53374 19.8436 5.70469 -3.56774 12.9547 3.2495 -3.26872 -83.9909 51.2898 9.10367 29.2081 0.0598081 0.137039 4.39594 -0.81794 -21.6636 24.234 0.0496219 0.113701 -23.0631 -60.2194 -20.884 -1.23299 -7.60729 7.53365 -21.5968 3.32904 2.23263 -12.9547 3.2495 -3.26872 82.0059 42.205 -3.62935 -29.2081 0.0598081 0.137039 -3.79253 -0.600316 18.5778 -24.234 0.0496218 0.113702 28.7584 -65.7722 21.7536 9.23673 -4.20556 2.0327 -3.26114 4.41441 -17.2256 -0.852353 -38.7721 -0.655187 -0.784076 2.92835 -0.0310805 -2.32622 -40.4017 -6.04875 -5.25208 0.872936 15.9548 0.779096 -9.8844 12.4959 -3.83224e-16 -8.08219e-16 2.55045e-17 -9.23673 -4.20556 2.0327 -17.386 -3.03394 6.99101 0.852353 -38.7721 -0.655187 2.41234 8.9744 -0.0323589 2.32622 -40.4017 -6.04875 7.08539 -4.24728 -15.78 -0.779096 -9.8844 12.4959 -5.96354e-16 -5.59082e-16 -1.27471e-14 
-5.5084 92.139 75.0585 -8.16585 7.21369 -177.098 0 5.07867 -1.15138 -3.52815 4.48384 -0.238485 0 5.61661 1.07143 -2.69354 3.16775 -0.643261 -1.02604e-17 5.98978 0.11501 -2.03363 2.30766 -0.601353 -1.10457e-17 6.50583 -0.443523 -1.24075 0.475721 -0.667589 -1.97295e-17 7.60548 -1.50593 -0.580962 -0.591932 -0.672187 -2.53307e-17 9.49737 -0.914492 -0.00664124 -2.05506 -0.886846 -2.90401e-17 10.5513 1.57691 0.0872182 0.692415 -0.130951 -1.29193e-17 4.78644 0.715339 1.27412 7.52523 -8.91664 -1.8116e-17 4.82109 0.421791 0.895689 -4.02808 -4.27903 -2.00958e-17 4.83041 0.765062 1.91914 -6.58046 2.81542 1.23299 -7.60731 7.53374 19.7961 5.70451 -3.57213 12.9547 3.2495 -3.26872 -83.8527 51.2539 9.06916 29.2081 0.0598081 0.137039 4.3869 -0.814406 -21.6169 24.234 0.0496219 0.113701 -23.2971 -60.1436 -21.0832 -1.23299 -7.60729 7.53365 -21.5732 3.34499 2.24512 -12.9547 3.2495 -3.26872 81.9919 42.2357 -3.63352 -29.2081 0.0598081 0.137039 -3.77681 -0.595133 18.4981 -24.234 0.0496218 0.113702 28.8139 -65.7562 21.8667 9.23673 -4.20556 2.0327 -3.26142 4.42353 -17.2397 -0.852353 -38.7721 -0.655187 -0.783313 2.9255 -0.0310698 -2.32622 -40.4017 -6.04875 -5.25086 0.875803 15.9543 0.779096 -9.8844 12.4959 1.43456e-17 -7.95467e-16 1.27522e-17 -9.23673 -4.20556 2.0327 -17.3928 -3.03102 6.99122 0.852353 -38.7721 -0.655187 2.41191 8.97281 -0.0323193 2.32622 -40.4017 -6.04875 7.12382 -4.25438 -15.7828 -0.779096 -9.8844 12.4959 -5.96354e-16 -5.59082e-16 -1.27471e-14 
-5.50121 92.1407 75.0322 -8.16148 7.22595 -177.096 0 5.07867 -1.15138 -3.52691 4.49591 -0.239252 0 5.61661 1.07143 -2.69198 3.17511 -0.644666 -1.02604e-17 5.98978 0.11501 -2.03238 2.31077 -0.603153 -1.10457e-17 6.50583 -0.443523 -1.23998 0.471884 -0.669617 -1.97295e-17 7.60548 -1.50593 -0.581006 -0.60104 -0.674505 -2.53307e-17 9.49737 -0.914492 -0.00762208 -2.06707 -0.888663 -2.90401e-17 10.5513 1.57691 0.0871927 0.693473 -0.130885 -1.29193e-17 4.78644 0.715339 1.27359 7.52742 -8.89418 -1.8116e-17 4.82109 0.421791 0.889423 -4.02322 -4.26862 -2.00958e-17 4.83041 0.765062 1.91113 -6.55839 2.82226 1.23299 -7.60731 7.53374 19.786 5.71124 -3.59439 12.9547 3.2495 -3.26872 -83.8411 51.309 9.09019 29.2081 0.0598081 0.137039 4.39251 -0.816596 -21.6458 24.234 0.0496219 0.113701 -23.3678 -60.2102 -21.176 -1.23299 -7.60729 7.53365 -21.5685 3.35152 2.26171 -12.9547 3.2495 -3.26872 81.9841 42.2049 -3.61621 -29.2081 0.0598081 0.137039 -3.76756 -0.592097 18.4513 -24.234 0.0496218 0.113702 28.7888 -65.699 21.8315 9.23673 -4.20556 2.0327 -3.25511 4.44905 -17.2466 -0.852353 -38.7721 -0.655187 -0.780769 2.916 -0.0310336 -2.32622 -40.4017 -6.04875 -5.24136 0.88151 15.954 0.779096 -9.8844 12.4959 4.11915e-16 -7.83043e-16 3.28203e-19 -9.23673 -4.20556 2.0327 -17.3821 -3.01093 6.99565 0.852353 -38.7721 -0.655187 2.40651 8.95295 -0.0318246 2.32622 -40.4017 -6.04875 7.10268 -4.23461 -15.7814 -0.779096 -9.8844 12.4959 -5.96354e-16 -5.59082e-16 -1.27471e-14 
-5.49402 92.1404 75.0062 -8.14915 7.22117 -177.094 0 5.07867 -1.15138 -3.54378 4.48839 -0.238068 0 5.61661 1.07143 -2.7047 3.17059 -0.648247 -1.02604e-17 5.98978 0.11501 -2.04008 2.31163 -0.607842 -1.10457e-17 6.50583 -0.443523 -1.2441 0.477746 -0.67438 -1.97295e-17 7.60548 -1.50593 -0.581685 -0.592903 -0.678012 -2.53307e-17 9.49737 -0.914492 -0.00579686 -2.04679 -0.894435 -2.90401e-17 10.5513 1.57691 0.0852862 0.694599 -0.131194 -1.29193e-17 4.78644 0.715339 1.27517 7.53978 -8.91834 -1.8116e-17 4.82109 0.421791 0.872693 -4.02953 -4.28001 -2.00958e-17 4.83041 0.765062 1.9827 -6.55334 2.92205 1.23299 -7.60731 7.53374 19.6763 5.70951 -3.59827 12.9547 3.2495 -3.26872 -83.5179 51.2324 9.05756 29.2081 0.0598081 0.137039 4.38935 -0.815362 -21.6295 24.234 0.0496219 0.113701 -23.6862 -60.1565 -21.4431 -1.23299 -7.60729 7.53365 -21.3609 3.35589 2.28975 -12.9547 3.2495 -3.26872 82.0322 42.1249 -3.53334 -29.2081 0.0598081 0.137039 -3.75245 -0.587153 18.3748 -24.234 0.0496218 0.113702 28.2156 -65.6479 21.3759 9.23673 -4.20556 2.0327 -3.24065 4.45598 -17.2674 -0.852353 -38.7721 -0.655187 -0.779669 2.91189 -0.0310178 -2.32622 -40.4017 -6.04875 -5.22325 0.868623 15.952 0.779096 -9.8844 12.4959 8.09484e-16 -7.58523e-16 -2.41917e-17 -9.23673 -4.20556 2.0327 -17.368 -3.009 6.99105 0.852353 -38.7721 -0.655187 2.40252 8.93826 -0.0314602 2.32622 -40.4017 -6.04875 7.10718 -4.22937 -15.7815 -0.779096 -9.8844 12.4959 -5.96354e-16 -5.59082e-16 -1.27471e-14 
-5.48753 92.14 74.98 -8.139 7.21281 -177.086 0 5.07867 -1.15138 -3.55704 4.48428 -0.247466 0 5.61661 1.07143 -2.71243 3.16864 -0.661967 -1.02604e-17 5.98978 0.11501 -2.04386 2.30962 -0.622864 -1.10457e-17 6.50583 -0.443523 -1.24376 0.478087 -0.690222 -1.97295e-17 7.60548 -1.50593 -0.580569 -0.594405 -0.694021 -2.53307e-17 9.49737 -0.914492 -0.00600715 -2.04836 -0.911577 -2.90401e-17 10.5513 1.57691 0.0851471 0.69408 -0.132179 -1.29193e-17 4.78644 0.715339 1.27874 7.53356 -8.83368 -1.8116e-17 4.82109 0.421791 0.885182 -4.00837 -4.24097 -2.00958e-17 4.83041 0.765062 1.97696 -6.53237 2.92445 1.23299 -7.60731 7.53374 19.6539 5.72008 -3.60542 12.9547 3.2495 -3.26872 -83.4427 51.2876 9.11362 29.2081 0.0598081 0.137039 4.40027 -0.819635 -21.6859 24.234 0.0496219 0.113701 -23.8078 -60.2763 -21.5772 -1.23299 -7.60729 7.53365 -21.3289 3.3533 2.31217 -12.9547 3.2495 -3.26872 81.987 42.0119 -3.43568 -29.2081 0.0598081 0.137039 -3.74008 -0.583124 18.3123 -24.234 0.0496218 0.113702 28.0596 -65.4787 21.1656 9.23673 -4.20556 2.0327 -3.23166 4.46029 -17.2728 -0.852353 -38.7721 -0.655187 -0.778224 2.9065 -0.0309969 -2.32622 -40.4017 -6.04875 -5.21639 0.855601 15.954 0.779096 -9.8844 12.4959 4.3292e-16 -7.82058e-16 -6.56407e-19 -9.23673 -4.20556 2.0327 -17.3597 -3.02944 6.99428 0.852353 -38.7721 -0.655187 2.4082 8.95915 -0.0319789 2.32622 -40.4017 -6.04875 7.0968 -4.22099 -15.7794 -0.779096 -9.8844 12.4959 -5.96354e-16 -5.59082e-16 -1.27471e-14 
-5.48067 92.1401 74.9536 -8.12651 7.20748 -177.083 0 5.07867 -1.15138 -3.55824 4.46686 -0.256736 0 5.61661 1.07143 -2.71108 3.15804 -0.673007 -1.02604e-17 5.98978 0.11501 -2.04174 2.30351 -0.63482 -1.10457e-17 6.50583 -0.443523 -1.24065 0.482961 -0.702836 -1.97295e-17 7.60548 -1.50593 -0.579792 -0.585974 -0.707281 -2.53307e-17 9.49737 -0.914492 -0.00917229 -2.03829 -0.924914 -2.90401e-17 10.5513 1.57691 0.0846411 0.691673 -0.133069 -1.29193e-17 4.78644 0.715339 1.28113 7.56652 -8.76851 -1.8116e-17 4.82109 0.421791 0.856316 -3.98284 -4.21147 -2.00958e-17 4.83041 0.765062 1.99158 -6.54844 2.93886 1.23299 -7.60731 7.53374 19.6567 5.71561 -3.60729 12.9547 3.2495 -3.26872 -83.4455 51.3288 9.17007 29.2081 0.0598081 0.137039 4.4073 -0.82239 -21.7222 24.234 0.0496219 0.113701 -23.8942 -60.3639 -21.6818 -1.23299 -7.60729 7.53365 -21.3155 3.33909 2.32413 -12.9547 3.2495 -3.26872 81.9935 41.9879 -3.38723 -29.2081 0.0598081 0.137039 -3.72546 -0.57838 18.2383 -24.234 0.0496218 0.113702 27.9294 -65.3791 21.0475 9.23673 -4.20556 2.0327 -3.21932 4.46887 -17.2763 -0.852353 -38.7721 -0.655187 -0.776255 2.89914 -0.0309683 -2.32622 -40.4017 -6.04875 -5.2007 0.845638 15.9533 0.779096 -9.8844 12.4959 4.22417e-16 -7.82715e-16 2.88531e-33 -9.23673 -4.20556 2.0327 -17.3458 -3.04151 6.98052 0.852353 -38.7721 -0.655187 2.41112 8.96992 -0.0322471 2.32622 -40.4017 -6.04875 7.07554 -4.20903 -15.7805 -0.779096 -9.8844 12.4959 -5.96354e-16 -5.59082e-16 -1.27471e-14 
-5.47491 92.1412 74.9276 -8.11326 7.21447 -177.067 0 5.07867 -1.15138 -3.55291 4.46173 -0.265068 0 5.61661 1.07143 -2.7045 3.15562 -0.682133 -1.02604e-17 5.98978 0.11501 -2.03557 2.30237 -0.64441 -1.10457e-17 6.50583 -0.443523 -1.23507 0.485901 -0.712543 -1.97295e-17 7.60548 -1.50593 -0.576992 -0.583082 -0.717936 -2.53307e-17 9.49737 -0.914492 -0.0103209 -2.03528 -0.935465 -2.90401e-17 10.5513 1.57691 0.0844895 0.691607 -0.133185 -1.29193e-17 4.78644 0.715339 1.28824 7.60619 -8.70656 -1.8116e-17 4.82109 0.421791 0.857305 -3.97674 -4.18219 -2.00958e-17 4.83041 0.765062 1.95003 -6.55283 2.92509 1.23299 -7.60731 7.53374 19.6466 5.70372 -3.58761 12.9547 3.2495 -3.26872 -83.4873 51.3992 9.15368 29.2081 0.0598081 0.137039 4.41121 -0.823924 -21.7424 24.234 0.0496219 0.113701 -23.7971 -60.456 -21.6054 -1.23299 -7.60729 7.53365 -21.3217 3.33091 2.3203 -12.9547 3.2495 -3.26872 82.0023 41.9507 -3.35528 -29.2081 0.0598081 0.137039 -3.70813 -0.572782 18.1507 -24.234 0.0496218 0.113702 27.8517 -65.2683 20.9912 9.23673 -4.20556 2.0327 -3.2059 4.49304 -17.2881 -0.852353 -38.7721 -0.655187 -0.771894 2.88286 -0.030904 -2.32622 -40.4017 -6.04875 -5.17753 0.846509 15.9497 0.779096 -9.8844 12.4959 1.97068e-15 -7.1014e-16 -7.2575e-17 -9.23673 -4.20556 2.0327 -17.3311 -3.03302 6.97455 0.852353 -38.7721 -0.655187 2.41154 8.97145 -0.0322853 2.32622 -40.4017 -6.04875 7.06607 -4.19047 -15.7814 -0.779096 -9.8844 12.4959 -5.96354e-16 -5.59082e-16 -1.27471e-14 
-5.46883 92.1428 74.9019 -8.11222 7.22689 -177.052 0 5.07867 -1.15138 -3.57016 4.46544 -0.268821 0 5.61661 1.07143 -2.71724 3.1578 -0.690834 -1.02604e-17 5.98978 0.11501 -2.04399 2.30276 -0.654492 -1.10457e-17 6.50583 -0.443523 -1.23977 0.481625 -0.72319 -1.97295e-17 7.60548 -1.50593 -0.579485 -0.590656 -0.727728 -2.53307e-17 9.49737 -0.914492 -0.0115957 -2.04148 -0.94568 -2.90401e-17 10.5513 1.57691 0.0830845 0.694533 -0.135343 -1.29193e-17 4.78644 0.715339 1.31029 7.68741 -8.7119 -1.8116e-17 4.82109 0.421791 0.847788 -3.95963 -4.18309 -2.00958e-17 4.83041 0.765062 1.98194 -6.57445 3.00589 1.23299 -7.60731 7.53374 19.6004 5.69638 -3.57215 12.9547 3.2495 -3.26872 -83.3256 51.3113 9.151 29.2081 0.0598081 0.137039 4.40357 -0.820926 -21.7029 24.234 0.0496219 0.113701 -23.9547 -60.3708 -21.706 -1.23299 -7.60729 7.53365 -21.2941 3.32266 2.30496 -12.9547 3.2495 -3.26872 82.235 41.8823 -3.33436 -29.2081 0.0598081 0.137039 -3.69282 -0.567862 18.0733 -24.234 0.0496218 0.113702 27.3299 -65.1414 20.5764 9.23673 -4.20556 2.0327 -3.20373 4.52245 -17.3064 -0.852353 -38.7721 -0.655187 -0.766939 2.86435 -0.0308294 -2.32622 -40.4017 -6.04875 -5.14595 0.861565 15.9436 0.779096 -9.8844 12.4959 -3.09706e-16 -8.04937e-16 2.22225e-17 -9.23673 -4.20556 2.0327 -17.3276 -3.00168 6.94181 0.852353 -38.7721 -0.655187 2.40407 8.94398 -0.0316019 2.32622 -40.4017 -6.04875 7.07318 -4.18125 -15.7837 -0.779096 -9.8844 12.4959 -5.96354e-16 -5.59082e-16 -1.27471e-14 
-5.46256 92.144 74.8766 -8.11151 7.23945 -177.037 0 5.07867 -1.15138 -3.58823 4.4788 -0.278722 0 5.61661 1.07143 -2.72939 3.16637 -0.705663 -1.02604e-17 5.98978 0.11501 -2.05182 2.30515 -0.670948 -1.10457e-17 6.50583 -0.443523 -1.24271 0.47526 -0.740727 -1.97295e-17 7.60548 -1.50593 -0.58104 -0.603852 -0.745148 -2.53307e-17 9.49737 -0.914492 -0.0137056 -2.06051 -0.963433 -2.90401e-17 10.5513 1.57691 0.0830227 0.695419 -0.13783 -1.29193e-17 4.78644 0.715339 1.32839 7.73573 -8.63264 -1.8116e-17 4.82109 0.421791 0.857042 -3.94587 -4.14572 -2.00958e-17 4.83041 0.765062 1.96821 -6.56944 3.00134 1.23299 -7.60731 7.53374 19.6217 5.70397 -3.56885 12.9547 3.2495 -3.26872 -83.2825 51.3122 9.20794 29.2081 0.0598081 0.137039 4.40677 -0.82218 -21.7194 24.234 0.0496219 0.113701 -24.0818 -60.3971 -21.8249 -1.23299 -7.60729 7.53365 -21.3485 3.31259 2.29876 -12.9547 3.2495 -3.26872 82.3345 41.7591 -3.28338 -29.2081 0.0598081 0.137039 -3.68556 -0.565537 18.0367 -24.234 0.0496218 0.113702 27.1011 -64.936 20.3051 9.23673 -4.20556 2.0327 -3.20172 4.55558 -17.3105 -0.852353 -38.7721 -0.655187 -0.761179 2.84284 -0.0307407 -2.32622 -40.4017 -6.04875 -5.15443 0.865731 15.9462 0.779096 -9.8844 12.4959 1.94965e-15 -7.10797e-16 -7.19175e-17 -9.23673 -4.20556 2.0327 -17.3278 -2.98922 6.93406 0.852353 -38.7721 -0.655187 2.40521 8.94817 -0.031706 2.32622 -40.4017 -6.04875 7.07097 -4.16976 -15.7822 -0.779096 -9.8844 12.4959 -5.96354e-16 -5.59082e-16 -1.27471e-14 
-5.45724 92.1438 74.8512 -8.10544 7.23153 -177.017 0 5.07867 -1.15138 -3.59306 4.46519 -0.290156 0 5.61661 1.07143 -2.73114 3.15811 -0.718997 -1.02604e-17 5.98978 0.11501 -2.05249 2.29971 -0.685469 -1.10457e-17 6.50583 -0.443523 -1.24151 0.478048 -0.756091 -1.97295e-17 7.60548 -1.50593 -0.581932 -0.597969 -0.760937 -2.53307e-17 9.49737 -0.914492 -0.0185295 -2.05556 -0.978735 -2.90401e-17 10.5513 1.57691 0.0829653 0.692835 -0.139573 -1.29193e-17 4.78644 0.715339 1.33644 7.79161 -8.57708 -1.8116e-17 4.82109 0.421791 0.826358 -3.92928 -4.12051 -2.00958e-17 4.83041 0.765062 1.98009 -6.59945 3.01348 1.23299 -7.60731 7.53374 19.6592 5.69739 -3.56182 12.9547 3.2495 -3.26872 -83.3221 51.3512 9.2587 29.2081 0.0598081 0.137039 4.4122 -0.824315 -21.7475 24.234 0.0496219 0.113701 -24.1279 -60.4394 -21.8824 -1.23299 -7.60729 7.53365 -21.3913 3.29132 2.29598 -12.9547 3.2495 -3.26872 82.3954 41.6805 -3.25123 -29.2081 0.0598081 0.137039 -3.67655 -0.562659 17.9912 -24.234 0.0496218 0.113702 26.9815 -64.7833 20.162 9.23673 -4.20556 2.0327 -3.19574 4.5565 -17.3175 -0.852353 -38.7721 -0.655187 -0.761215 2.84297 -0.0307413 -2.32622 -40.4017 -6.04875 -5.15392 0.852525 15.9481 0.779096 -9.8844 12.4959 -3.09678e-16 -8.04936e-16 2.22213e-17 -9.23673 -4.20556 2.0327 -17.3255 -2.99452 6.90614 0.852353 -38.7721 -0.655187 2.40732 8.95592 -0.0318985 2.32622 -40.4017 -6.04875 7.0753 -4.16919 -15.7845 -0.779096 -9.8844 12.4959 -5.96354e-16 -5.59082e-16 -1.27471e-14 
-5.45025 92.1451 74.8264 -8.10081 7.24358 -177.014 0 5.07867 -1.15138 -3.60096 4.4594 -0.297044 0 5.61661 1.07143 -2.73631 3.15476 -0.728524 -1.02604e-17 5.98978 0.11501 -2.05586 2.29787 -0.695956 -1.10457e-17 6.50583 -0.443523 -1.24292 0.480134 -0.767003 -1.97295e-17 7.60548 -1.50593 -0.583437 -0.594988 -0.772039 -2.53307e-17 9.49737 -0.914492 -0.0208687 -2.05187 -0.989005 -2.90401e-17 10.5513 1.57691 0.0829213 0.69236 -0.141594 -1.29193e-17 4.78644 0.715339 1.35405 7.84254 -8.53218 -1.8116e-17 4.82109 0.421791 0.821515 -3.92144 -4.09842 -2.00958e-17 4.83041 0.765062 1.95191 -6.62173 3.0378 1.23299 -7.60731 7.53374 19.6253 5.68929 -3.56546 12.9547 3.2495 -3.26872 -83.2795 51.3837 9.2691 29.2081 0.0598081 0.137039 4.40838 -0.822812 -21.7278 24.234 0.0496219 0.113701 -24.208 -60.4887 -21.96 -1.23299 -7.60729 7.53365 -21.4537 3.27446 2.28266 -12.9547 3.2495 -3.26872 82.5009 41.7113 -3.24679 -29.2081 0.0598081 0.137039 -3.66864 -0.560139 17.9512 -24.234 0.0496218 0.113702 26.9349 -64.7064 20.1404 9.23673 -4.20556 2.0327 -3.18907 4.58744 -17.3277 -0.852353 -38.7721 -0.655187 -0.755831 2.82286 -0.0306564 -2.32622 -40.4017 -6.04875 -5.13626 0.860345 15.9446 0.779096 -9.8844 12.4959 -1.53391e-15 -8.68041e-16 8.53265e-17 -9.23673 -4.20556 2.0327 -17.3184 -2.97126 6.91733 0.852353 -38.7721 -0.655187 2.40106 8.93289 -0.0313272 2.32622 -40.4017 -6.04875 7.08576 -4.16002 -15.7847 -0.779096 -9.8844 12.4959 -5.96354e-16 -5.59082e-16 -1.27471e-14 
-5.44379 92.1459 74.8018 -8.08401 7.25108 -177.009 0 5.07867 -1.15138 -3.60043 4.45234 -0.301781 0 5.61661 1.07143 -2.73517 3.15048 -0.734128 -1.02604e-17 5.98978 0.11501 -2.05512 2.29489 -0.702385 -1.10457e-17 6.50583 -0.443523 -1.24214 0.481169 -0.773955 -1.97295e-17 7.60548 -1.50593 -0.584279 -0.592448 -0.779388 -2.53307e-17 9.49737 -0.914492 -0.0237444 -2.05028 -0.995112 -2.90401e-17 10.5513 1.57691 0.0829871 0.691738 -0.143342 -1.29193e-17 4.78644 0.715339 1.36547 7.88604 -8.48865 -1.8116e-17 4.82109 0.421791 0.811257 -3.91556 -4.07769 -2.00958e-17 4.83041 0.765062 1.92931 -6.64395 3.04843 1.23299 -7.60731 7.53374 19.6179 5.68093 -3.56823 12.9547 3.2495 -3.26872 -83.2798 51.4022 9.28535 29.2081 0.0598081 0.137039 4.40892 -0.823023 -21.7305 24.234 0.0496219 0.113701 -24.2466 -60.5288 -21.9888 -1.23299 -7.60729 7.53365 -21.5265 3.25829 2.26631 -12.9547 3.2495 -3.26872 82.5839 41.7058 -3.23792 -29.2081 0.0598081 0.137039 -3.66483 -0.558927 17.932 -24.234 0.0496218 0.113702 26.8819 -64.6315 20.065 9.23673 -4.20556 2.0327 -3.17117 4.60672 -17.3347 -0.852353 -38.7721 -0.655187 -0.754292 2.81711 -0.0306318 -2.32622 -40.4017 -6.04875 -5.13162 0.851367 15.9441 0.779096 -9.8844 12.4959 -4.04243e-16 -8.09204e-16 2.64898e-17 -9.23673 -4.20556 2.0327 -17.3021 -2.9712 6.92069 0.852353 -38.7721 -0.655187 2.40368 8.94252 -0.0315657 2.32622 -40.4017 -6.04875 7.09751 -4.14635 -15.7866 -0.779096 -9.8844 12.4959 -5.96354e-16 -5.59082e-16 -1.27471e-14 
-5.43711 92.1456 74.7768 -8.07134 7.24618 -177.007 0 5.07867 -1.15138 -3.59718 4.44034 -0.306181 0 5.61661 1.07143 -2.73184 3.14274 -0.738637 -1.02604e-17 5.98978 0.11501 -2.05254 2.29011 -0.707411 -1.10457e-17 6.50583 -0.443523 -1.24004 0.482922 -0.779292 -1.97295e-17 7.60548 -1.50593 -0.584121 -0.586787 -0.785195 -2.53307e-17 9.49737 -0.914492 -0.0261118 -2.04352 -1.00021 -2.90401e-17 10.5513 1.57691 0.082854 0.690404 -0.144188 -1.29193e-17 4.78644 0.715339 1.36957 7.90705 -8.45385 -1.8116e-17 4.82109 0.421791 0.79535 -3.9094 -4.06161 -2.00958e-17 4.83041 0.765062 1.91814 -6.65101 3.06455 1.23299 -7.60731 7.53374 19.6141 5.67466 -3.56851 12.9547 3.2495 -3.26872 -83.2879 51.4255 9.30846 29.2081 0.0598081 0.137039 4.41182 -0.824165 -21.7456 24.234 0.0496219 0.113701 -24.2969 -60.5683 -22.0373 -1.23299 -7.60729 7.53365 -21.558 3.24768 2.26162 -12.9547 3.2495 -3.26872 82.6189 41.7299 -3.23564 -29.2081 0.0598081 0.137039 -3.66418 -0.55872 17.9287 -24.234 0.0496218 0.113702 26.8433 -64.6087 20.0218 9.23673 -4.20556 2.0327 -3.15652 4.60974 -17.3464 -0.852353 -38.7721 -0.655187 -0.755193 2.82048 -0.0306462 -2.32622 -40.4017 -6.04875 -5.12922 0.833847 15.9445 0.779096 -9.8844 12.4959 7.88465e-16 -7.5918e-16 -2.35347e-17 -9.23673 -4.20556 2.0327 -17.2889 -2.97657 6.92452 0.852353 -38.7721 -0.655187 2.40362 8.94232 -0.0315607 2.32622 -40.4017 -6.04875 7.10155 -4.14206 -15.7882 -0.779096 -9.8844 12.4959 -5.96354e-16 -5.59082e-16 -1.27471e-14 
-5.4317 92.148 74.7517 -8.06586 7.27054 -176.99 0 5.07867 -1.15138 -3.5825 4.42644 -0.309603 0 5.61661 1.07143 -2.71921 3.13622 -0.740865 -1.02604e-17 5.98978 0.11501 -2.04301 2.29279 -0.709531 -1.10457e-17 6.50583 -0.443523 -1.23369 0.5023 -0.780863 -1.97295e-17 7.60548 -1.50593 -0.581727 -0.562005 -0.78782 -2.53307e-17 9.49737 -0.914492 -0.0271084 -2.00796 -1.00151 -2.90401e-17 10.5513 1.57691 0.0827898 0.687257 -0.142641 -1.29193e-17 4.78644 0.715339 1.35489 7.8406 -8.43632 -1.8116e-17 4.82109 0.421791 0.788548 -3.90755 -4.05324 -2.00958e-17 4.83041 0.765062 1.87839 -6.61999 3.0719 1.23299 -7.60731 7.53374 19.4619 5.66901 -3.6019 12.9547 3.2495 -3.26872 -83.2378 51.4452 9.25724 29.2081 0.0598081 0.137039 4.41134 -0.823976 -21.7431 24.234 0.0496219 0.113701 -24.1478 -60.6423 -21.9384 -1.23299 -7.60729 7.53365 -21.4762 3.24766 2.29784 -12.9547 3.2495 -3.26872 82.3606 41.7454 -3.20048 -29.2081 0.0598081 0.137039 -3.66209 -0.558054 17.9181 -24.234 0.0496218 0.113702 27.1488 -64.6638 20.2791 9.23673 -4.20556 2.0327 -3.14797 4.63768 -17.365 -0.852353 -38.7721 -0.655187 -0.757105 2.82762 -0.0306767 -2.32622 -40.4017 -6.04875 -5.14637 0.830553 15.9506 0.779096 -9.8844 12.4959 4.58626e-17 -7.94154e-16 1.1439e-17 -9.23673 -4.20556 2.0327 -17.2806 -2.95227 6.93115 0.852353 -38.7721 -0.655187 2.40472 8.94636 -0.031661 2.32622 -40.4017 -6.04875 7.09852 -4.12453 -15.7937 -0.779096 -9.8844 12.4959 -5.96354e-16 -5.59082e-16 -1.27471e-14 
-5.42482 92.149 74.7263 -8.05888 7.28658 -176.993 0 5.07867 -1.15138 -3.56706 4.40729 -0.304615 0 5.61661 1.07143 -2.70792 3.12478 -0.733501 -1.02604e-17 5.98978 0.11501 -2.03508 2.29135 -0.701357 -1.10457e-17 6.50583 -0.443523 -1.22999 0.516791 -0.771687 -1.97295e-17 7.60548 -1.50593 -0.580235 -0.540415 -0.77909 -2.53307e-17 9.49737 -0.914492 -0.0261361 -1.97442 -0.991647 -2.90401e-17 10.5513 1.57691 0.0819958 0.68606 -0.14066 -1.29193e-17 4.78644 0.715339 1.34583 7.80689 -8.48158 -1.8116e-17 4.82109 0.421791 0.767821 -3.91295 -4.07398 -2.00958e-17 4.83041 0.765062 1.87635 -6.60889 3.12461 1.23299 -7.60731 7.53374 19.329 5.65324 -3.62016 12.9547 3.2495 -3.26872 -83.074 51.4403 9.15995 29.2081 0.0598081 0.137039 4.39709 -0.81839 -21.6695 24.234 0.0496219 0.113701 -24.243 -60.6053 -22.0291 -1.23299 -7.60729 7.53365 -21.3761 3.25399 2.31896 -12.9547 3.2495 -3.26872 82.2277 41.8604 -3.22224 -29.2081 0.0598081 0.137039 -3.6525 -0.555014 17.8697 -24.234 0.0496218 0.113702 27.3885 -64.8137 20.6027 9.23673 -4.20556 2.0327 -3.13994 4.65624 -17.377 -0.852353 -38.7721 -0.655187 -0.760446 2.8401 -0.0307293 -2.32622 -40.4017 -6.04875 -5.12458 0.828819 15.9492 0.779096 -9.8844 12.4959 4.1191e-16 -7.83043e-16 3.28352e-19 -9.23673 -4.20556 2.0327 -17.2684 -2.93908 6.93566 0.852353 -38.7721 -0.655187 2.40512 8.94783 -0.0316975 2.32622 -40.4017 -6.04875 7.07984 -4.11072 -15.7967 -0.779096 -9.8844 12.4959 -5.96354e-16 -5.59082e-16 -1.27471e-14 
-5.41877 92.1498 74.7006 -8.05423 7.29927 -176.991 0 5.07867 -1.15138 -3.55775 4.39918 -0.299633 0 5.61661 1.07143 -2.70134 3.11939 -0.726949 -1.02604e-17 5.98978 0.11501 -2.03025 2.28991 -0.694204 -1.10457e-17 6.50583 -0.443523 -1.22757 0.520874 -0.763987 -1.97295e-17 7.60548 -1.50593 -0.578278 -0.53336 -0.771596 -2.53307e-17 9.49737 -0.914492 -0.0235869 -1.96219 -0.984332 -2.90401e-17 10.5513 1.57691 0.0820745 0.686765 -0.139546 -1.29193e-17 4.78644 0.715339 1.34271 7.78378 -8.50049 -1.8116e-17 4.82109 0.421791 0.775675 -3.92292 -4.08314 -2.00958e-17 4.83041 0.765062 1.84845 -6.58111 3.13096 1.23299 -7.60731 7.53374 19.2526 5.65091 -3.63337 12.9547 3.2495 -3.26872 -82.9954 51.4941 9.11762 29.2081 0.0598081 0.137039 4.39078 -0.815921 -21.6369 24.234 0.0496219 0.113701 -24.311 -60.6166 -22.1063 -1.23299 -7.60729 7.53365 -21.3198 3.26107 2.32519 -12.9547 3.2495 -3.26872 82.1709 41.9029 -3.2456 -29.2081 0.0598081 0.137039 -3.65348 -0.555322 17.8747 -24.234 0.0496218 0.113702 27.4276 -64.9033 20.6707 9.23673 -4.20556 2.0327 -3.1348 4.66746 -17.3864 -0.852353 -38.7721 -0.655187 -0.765464 2.85884 -0.0308069 -2.32622 -40.4017 -6.04875 -5.10149 0.82827 15.9459 0.779096 -9.8844 12.4959 8.0948e-16 -7.58523e-16 -2.41914e-17 -9.23673 -4.20556 2.0327 -17.2606 -2.92429 6.94836 0.852353 -38.7721 -0.655187 2.4037 8.94259 -0.0315676 2.32622 -40.4017 -6.04875 7.08237 -4.10196 -15.7972 -0.779096 -9.8844 12.4959 -5.96354e-16 -5.59082e-16 -1.27471e-14 
-5.412 92.1491 74.6749 -8.03811 7.29454 -177.001 0 5.07867 -1.15138 -3.55108 4.38207 -0.296575 0 5.61661 1.07143 -2.69654 3.10832 -0.722479 -1.02604e-17 5.98978 0.11501 -2.0269 2.28453 -0.689502 -1.10457e-17 6.50583 -0.443523 -1.22587 0.524913 -0.759218 -1.97295e-17 7.60548 -1.50593 -0.57743 -0.523157 -0.767016 -2.53307e-17 9.49737 -0.914492 -0.0232238 -1.94799 -0.979801 -2.90401e-17 10.5513 1.57691 0.0821413 0.685714 -0.139167 -1.29193e-17 4.78644 0.715339 1.33775 7.76834 -8.50714 -1.8116e-17 4.82109 0.421791 0.767199 -3.92257 -4.08708 -2.00958e-17 4.83041 0.765062 1.86336 -6.57559 3.13345 1.23299 -7.60731 7.53374 19.238 5.64812 -3.64448 12.9547 3.2495 -3.26872 -82.9943 51.5407 9.13112 29.2081 0.0598081 0.137039 4.39251 -0.816598 -21.6459 24.234 0.0496219 0.113701 -24.3596 -60.6464 -22.1702 -1.23299 -7.60729 7.53365 -21.3015 3.25853 2.32819 -12.9547 3.2495 -3.26872 82.1558 41.9484 -3.26089 -29.2081 0.0598081 0.137039 -3.66021 -0.557457 17.9086 -24.234 0.0496218 0.113702 27.4354 -64.9744 20.6909 9.23673 -4.20556 2.0327 -3.11796 4.66947 -17.3809 -0.852353 -38.7721 -0.655187 -0.767512 2.86649 -0.0308381 -2.32622 -40.4017 -6.04875 -5.09027 0.808684 15.9448 0.779096 -9.8844 12.4959 2.36824e-15 -6.97388e-16 -8.53265e-17 -9.23673 -4.20556 2.0327 -17.2435 -2.94549 6.95474 0.852353 -38.7721 -0.655187 2.40965 8.96451 -0.0321123 2.32622 -40.4017 -6.04875 7.07626 -4.09547 -15.7978 -0.779096 -9.8844 12.4959 -5.96354e-16 -5.59082e-16 -1.27471e-14 
-5.40546 92.1477 74.6491 -8.03835 7.28216 -177.016 0 5.07867 -1.15138 -3.54308 4.36617 -0.296419 0 5.61661 1.07143 -2.69087 3.09739 -0.720123 -1.02604e-17 5.98978 0.11501 -2.0236 2.27706 -0.68684 -1.10457e-17 6.50583 -0.443523 -1.22441 0.525359 -0.756506 -1.97295e-17 7.60548 -1.50593 -0.57752 -0.517189 -0.764954 -2.53307e-17 9.49737 -0.914492 -0.0243068 -1.94238 -0.976382 -2.90401e-17 10.5513 1.57691 0.0830674 0.683848 -0.139232 -1.29193e-17 4.78644 0.715339 1.33701 7.74743 -8.49253 -1.8116e-17 4.82109 0.421791 0.766421 -3.91574 -4.0804 -2.00958e-17 4.83041 0.765062 1.83254 -6.57542 3.11571 1.23299 -7.60731 7.53374 19.2371 5.64908 -3.66442 12.9547 3.2495 -3.26872 -83.0923 51.6158 9.17064 29.2081 0.0598081 0.137039 4.39637 -0.818109 -21.6658 24.234 0.0496219 0.113701 -24.3066 -60.7276 -22.166 -1.23299 -7.60729 7.53365 -21.3941 3.25265 2.32181 -12.9547 3.2495 -3.26872 82.1259 42.0699 -3.30638 -29.2081 0.0598081 0.137039 -3.67232 -0.56131 17.9698 -24.234 0.0496218 0.113702 27.7388 -65.0672 20.9624 9.23673 -4.20556 2.0327 -3.1171 4.67643 -17.3634 -0.852353 -38.7721 -0.655187 -0.763294 2.85073 -0.0307735 -2.32622 -40.4017 -6.04875 -5.09182 0.799724 15.9443 0.779096 -9.8844 12.4959 8.78916e-17 -7.92512e-16 9.79723e-18 -9.23673 -4.20556 2.0327 -17.2436 -2.9711 6.97646 0.852353 -38.7721 -0.655187 2.41377 8.97965 -0.0324902 2.32622 -40.4017 -6.04875 7.07928 -4.10721 -15.7984 -0.779096 -9.8844 12.4959 -5.96354e-16 -5.59082e-16 -1.27471e-14 
-5.40126 92.1463 74.6237 -8.0344 7.26443 -177.004 0 5.07867 -1.15138 -3.53211 4.34976 -0.294002 0 5.61661 1.07143 -2.68325 3.08491 -0.715389 -1.02604e-17 5.98978 0.11501 -2.01849 2.26864 -0.681783 -1.10457e-17 6.50583 -0.443523 -1.22219 0.523141 -0.750971 -1.97295e-17 7.60548 -1.50593 -0.576838 -0.51294 -0.75975 -2.53307e-17 9.49737 -0.914492 -0.0246407 -1.93356 -0.97038 -2.90401e-17 10.5513 1.57691 0.0827228 0.683491 -0.138525 -1.29193e-17 4.78644 0.715339 1.33453 7.72798 -8.54472 -1.8116e-17 4.82109 0.421791 0.750031 -3.92202 -4.10468 -2.00958e-17 4.83041 0.765062 1.83005 -6.56392 3.14995 1.23299 -7.60731 7.53374 19.1768 5.64606 -3.67901 12.9547 3.2495 -3.26872 -83.0336 51.616 9.16609 29.2081 0.0598081 0.137039 4.39548 -0.817758 -21.6612 24.234 0.0496219 0.113701 -24.34 -60.6882 -22.1902 -1.23299 -7.60729 7.53365 -21.3845 3.25702 2.32379 -12.9547 3.2495 -3.26872 82.1348 42.1561 -3.37479 -29.2081 0.0598081 0.137039 -3.68101 -0.564082 18.0137 -24.234 0.0496218 0.113702 27.8156 -65.1802 21.085 9.23673 -4.20556 2.0327 -3.11344 4.661 -17.3747 -0.852353 -38.7721 -0.655187 -0.766548 2.86289 -0.0308235 -2.32622 -40.4017 -6.04875 -5.07881 0.784234 15.9416 0.779096 -9.8844 12.4959 1.96016e-15 -7.10469e-16 -7.22458e-17 -9.23673 -4.20556 2.0327 -17.2418 -2.98127 6.968 0.852353 -38.7721 -0.655187 2.41271 8.97575 -0.0323926 2.32622 -40.4017 -6.04875 7.09228 -4.11839 -15.8006 -0.779096 -9.8844 12.4959 -5.96354e-16 -5.59082e-16 -1.27471e-14 
-5.39605 92.1452 74.5987 -8.04114 7.24858 -177.001 0 5.07867 -1.15138 -3.53878 4.34649 -0.291705 0 5.61661 1.07143 -2.69011 3.07991 -0.713107 -1.02604e-17 5.98978 0.11501 -2.02445 2.25914 -0.679485 -1.10457e-17 6.50583 -0.443523 -1.22718 0.505435 -0.748928 -1.97295e-17 7.60548 -1.50593 -0.579831 -0.529609 -0.757199 -2.53307e-17 9.49737 -0.914492 -0.0255972 -1.95718 -0.967451 -2.90401e-17 10.5513 1.57691 0.0830141 0.686076 -0.14008 -1.29193e-17 4.78644 0.715339 1.34938 7.76342 -8.54291 -1.8116e-17 4.82109 0.421791 0.752189 -3.91183 -4.10388 -2.00958e-17 4.83041 0.765062 1.81584 -6.57468 3.13843 1.23299 -7.60731 7.53374 19.2283 5.65068 -3.67158 12.9547 3.2495 -3.26872 -83.0904 51.649 9.21463 29.2081 0.0598081 0.137039 4.39734 -0.818486 -21.6708 24.234 0.0496219 0.113701 -24.3443 -60.6558 -22.1705 -1.23299 -7.60729 7.53365 -21.5133 3.2534 2.28385 -12.9547 3.2495 -3.26872 82.3928 42.251 -3.47199 -29.2081 0.0598081 0.137039 -3.6974 -0.56933 18.0964 -24.234 0.0496218 0.113702 27.6722 -65.2276 20.9729 9.23673 -4.20556 2.0327 -3.12174 4.64438 -17.3805 -0.852353 -38.7721 -0.655187 -0.770865 2.87901 -0.0308887 -2.32622 -40.4017 -6.04875 -5.04662 0.784287 15.9349 0.779096 -9.8844 12.4959 2.39976e-15 -6.96075e-16 -8.66399e-17 -9.23673 -4.20556 2.0327 -17.2486 -2.98674 6.9656 0.852353 -38.7721 -0.655187 2.40905 8.96228 -0.0320569 2.32622 -40.4017 -6.04875 7.09278 -4.12834 -15.7974 -0.779096 -9.8844 12.4959 -9.83416e-16 -5.46986e-16 -1.27229e-14 
-5.39125 92.1442 74.5745 -8.03734 7.23077 -176.989 0 5.07867 -1.15138 -3.54026 4.34883 -0.294082 0 5.61661 1.07143 -2.69166 3.0788 -0.714883 -1.02604e-17 5.98978 0.11501 -2.02639 2.25138 -0.681727 -1.10457e-17 6.50583 -0.443523 -1.22858 0.487678 -0.751874 -1.97295e-17 7.60548 -1.50593 -0.581463 -0.547559 -0.760334 -2.53307e-17 9.49737 -0.914492 -0.0281613 -1.98523 -0.969992 -2.90401e-17 10.5513 1.57691 0.0835871 0.686808 -0.141931 -1.29193e-17 4.78644 0.715339 1.36005 7.78323 -8.51353 -1.8116e-17 4.82109 0.421791 0.751976 -3.89354 -4.09055 -2.00958e-17 4.83041 0.765062 1.7999 -6.57887 3.11191 1.23299 -7.60731 7.53374 19.3156 5.66347 -3.67222 12.9547 3.2495 -3.26872 -83.2345 51.6444 9.31768 29.2081 0.0598081 0.137039 4.40571 -0.821768 -21.714 24.234 0.0496219 0.113701 -24.2917 -60.612 -22.1153 -1.23299 -7.60729 7.53365 -21.6749 3.24811 2.25034 -12.9547 3.2495 -3.26872 82.5773 42.2833 -3.5475 -29.2081 0.0598081 0.137039 -3.72107 -0.576958 18.2161 -24.234 0.0496218 0.113702 27.6032 -65.2203 20.8501 9.23673 -4.20556 2.0327 -3.11739 4.62803 -17.3839 -0.852353 -38.7721 -0.655187 -0.774618 2.89303 -0.0309443 -2.32622 -40.4017 -6.04875 -5.0581 0.765259 15.9365 0.779096 -9.8844 12.4959 1.24909e-15 -7.44129e-16 -3.85861e-17 -9.23673 -4.20556 2.0327 -17.2515 -3.01807 6.95563 0.852353 -38.7721 -0.655187 2.41784 8.9946 -0.0328642 2.32622 -40.4017 -6.04875 7.11724 -4.13857 -15.7981 -0.779096 -9.8844 12.4959 -6.06866e-16 -5.58753e-16 -1.27464e-14 
-5.38674 92.1441 74.5503 -8.04339 7.22716 -176.971 0 5.07867 -1.15138 -3.53788 4.34913 -0.297471 0 5.61661 1.07143 -2.68977 3.07738 -0.717541 -1.02604e-17 5.98978 0.11501 -2.02551 2.24701 -0.684752 -1.10457e-17 6.50583 -0.443523 -1.22816 0.478515 -0.75517 -1.97295e-17 7.60548 -1.50593 -0.582356 -0.555299 -0.763986 -2.53307e-17 9.49737 -0.914492 -0.0310207 -1.99698 -0.97294 -2.90401e-17 10.5513 1.57691 0.0835778 0.686545 -0.14266 -1.29193e-17 4.78644 0.715339 1.36481 7.79102 -8.51582 -1.8116e-17 4.82109 0.421791 0.735157 -3.88598 -4.09189 -2.00958e-17 4.83041 0.765062 1.79834 -6.58096 3.13099 1.23299 -7.60731 7.53374 19.3439 5.66956 -3.67803 12.9547 3.2495 -3.26872 -83.2846 51.6333 9.36858 29.2081 0.0598081 0.137039 4.40749 -0.822465 -21.7232 24.234 0.0496219 0.113701 -24.3243 -60.5785 -22.1335 -1.23299 -7.60729 7.53365 -21.7523 3.24569 2.24067 -12.9547 3.2495 -3.26872 82.6567 42.3187 -3.60295 -29.2081 0.0598081 0.137039 -3.73555 -0.581651 18.2893 -24.234 0.0496218 0.113702 27.6141 -65.2339 20.8446 9.23673 -4.20556 2.0327 -3.12188 4.63074 -17.3949 -0.852353 -38.7721 -0.655187 -0.775541 2.89648 -0.0309579 -2.32622 -40.4017 -6.04875 -5.06662 0.759412 15.9388 0.779096 -9.8844 12.4959 4.43441e-16 -7.81729e-16 -9.85499e-19 -9.23673 -4.20556 2.0327 -17.2598 -3.02476 6.94216 0.852353 -38.7721 -0.655187 2.42276 9.01272 -0.033319 2.32622 -40.4017 -6.04875 7.12058 -4.1456 -15.8019 -0.779096 -9.8844 12.4959 -5.96354e-16 -5.59082e-16 -1.27471e-14 
-5.38085 92.1441 74.5266 -8.04356 7.22708 -176.97 0 5.07867 -1.15138 -3.5325 4.3444 -0.299531 0 5.61661 1.07143 -2.68544 3.07434 -0.719219 -1.02604e-17 5.98978 0.11501 -2.02255 2.24337 -0.686212 -1.10457e-17 6.50583 -0.443523 -1.22658 0.47398 -0.756594 -1.97295e-17 7.60548 -1.50593 -0.58248 -0.558189 -0.765661 -2.53307e-17 9.49737 -0.914492 -0.0330387 -2.00279 -0.974364 -2.90401e-17 10.5513 1.57691 0.0839667 0.687976 -0.142914 -1.29193e-17 4.78644 0.715339 1.36385 7.79163 -8.45083 -1.8116e-17 4.82109 0.421791 0.737925 -3.87166 -4.06183 -2.00958e-17 4.83041 0.765062 1.77044 -6.59282 3.07038 1.23299 -7.60731 7.53374 19.3282 5.6712 -3.65506 12.9547 3.2495 -3.26872 -83.5024 51.6502 9.38298 29.2081 0.0598081 0.137039 4.40689 -0.822229 -21.7201 24.234 0.0496219 0.113701 -23.9251 -60.6046 -21.8092 -1.23299 -7.60729 7.53365 -21.7874 3.24066 2.2173 -12.9547 3.2495 -3.26872 82.6868 42.2988 -3.60567 -29.2081 0.0598081 0.137039 -3.74365 -0.584286 18.3303 -24.234 0.0496218 0.113702 27.5303 -65.1772 20.7326 9.23673 -4.20556 2.0327 -3.12219 4.63931 -17.3976 -0.852353 -38.7721 -0.655187 -0.775527 2.89642 -0.0309577 -2.32622 -40.4017 -6.04875 -5.06036 0.757012 15.939 0.779096 -9.8844 12.4959 1.19653e-15 -7.46428e-16 -3.62866e-17 -9.23673 -4.20556 2.0327 -17.2593 -3.03212 6.94347 0.852353 -38.7721 -0.655187 2.42619 9.0253 -0.0336358 2.32622 -40.4017 -6.04875 7.1157 -4.14542 -15.8025 -0.779096 -9.8844 12.4959 -5.96354e-16 -5.59082e-16 -1.27471e-14 
-5.37639 92.1422 74.5025 -8.05863 7.1994 -176.957 0 5.07867 -1.15138 -3.52782 4.3341 -0.298547 0 5.61661 1.07143 -2.68225 3.06629 -0.719242 -1.02604e-17 5.98978 0.11501 -2.01967 2.23907 -0.686352 -1.10457e-17 6.50583 -0.443523 -1.22519 0.474173 -0.755941 -1.97295e-17 7.60548 -1.50593 -0.581676 -0.555334 -0.764605 -2.53307e-17 9.49737 -0.914492 -0.0327334 -1.98861 -0.973328 -2.90401e-17 10.5513 1.57691 0.0819555 0.689467 -0.141038 -1.29193e-17 4.78644 0.715339 1.34647 7.709 -8.5074 -1.8116e-17 4.82109 0.421791 0.721424 -3.8705 -4.08747 -2.00958e-17 4.83041 0.765062 1.79371 -6.54007 3.15922 1.23299 -7.60731 7.53374 19.1364 5.67743 -3.65173 12.9547 3.2495 -3.26872 -83.3223 51.461 9.33376 29.2081 0.0598081 0.137039 4.39339 -0.816942 -21.6504 24.234 0.0496219 0.113701 -23.8947 -60.4149 -21.7774 -1.23299 -7.60729 7.53365 -21.5865 3.26624 2.25163 -12.9547 3.2495 -3.26872 82.5035 42.2539 -3.56674 -29.2081 0.0598081 0.137039 -3.74107 -0.583444 18.3172 -24.234 0.0496218 0.113702 27.4546 -65.1852 20.7116 9.23673 -4.20556 2.0327 -3.13384 4.62727 -17.4225 -0.852353 -38.7721 -0.655187 -0.77226 2.88422 -0.0309094 -2.32622 -40.4017 -6.04875 -5.09112 0.743056 15.944 0.779096 -9.8844 12.4959 5.63841e-17 -7.93825e-16 1.111e-17 -9.23673 -4.20556 2.0327 -17.2832 -3.06882 6.93633 0.852353 -38.7721 -0.655187 2.43433 9.05524 -0.0343927 2.32622 -40.4017 -6.04875 7.14744 -4.17841 -15.8059 -0.779096 -9.8844 12.4959 -5.96354e-16 -5.59082e-16 -1.27471e-14 
-5.37068 92.1411 74.4784 -8.06349 7.18637 -176.959 0 5.07867 -1.15138 -3.52213 4.33157 -0.297077 0 5.61661 1.07143 -2.6781 3.06204 -0.717317 -1.02604e-17 5.98978 0.11501 -2.01642 2.23205 -0.684018 -1.10457e-17 6.50583 -0.443523 -1.22331 0.463296 -0.753177 -1.97295e-17 7.60548 -1.50593 -0.580192 -0.56814 -0.76209 -2.53307e-17 9.49737 -0.914492 -0.0314003 -2.00288 -0.970856 -2.90401e-17 10.5513 1.57691 0.0816306 0.691391 -0.139652 -1.29193e-17 4.78644 0.715339 1.33858 7.65545 -8.51212 -1.8116e-17 4.82109 0.421791 0.726379 -3.85606 -4.08979 -2.00958e-17 4.83041 0.765062 1.77519 -6.47846 3.1741 1.23299 -7.60731 7.53374 19.0638 5.69019 -3.65489 12.9547 3.2495 -3.26872 -83.2958 51.4343 9.3496 29.2081 0.0598081 0.137039 4.38737 -0.814591 -21.6193 24.234 0.0496219 0.113701 -23.8791 -60.3594 -21.7839 -1.23299 -7.60729 7.53365 -21.5303 3.28787 2.26968 -12.9547 3.2495 -3.26872 82.4084 42.2431 -3.58055 -29.2081 0.0598081 0.137039 -3.73935 -0.582887 18.3086 -24.234 0.0496218 0.113702 27.5634 -65.169 20.8089 9.23673 -4.20556 2.0327 -3.14008 4.62278 -17.431 -0.852353 -38.7721 -0.655187 -0.772658 2.88571 -0.0309154 -2.32622 -40.4017 -6.04875 -5.0746 0.738062 15.9433 0.779096 -9.8844 12.4959 -7.49267e-16 -8.31425e-16 4.87107e-17 -9.23673 -4.20556 2.0327 -17.286 -3.08764 6.94012 0.852353 -38.7721 -0.655187 2.43711 9.06546 -0.0346522 2.32622 -40.4017 -6.04875 7.11172 -4.18126 -15.804 -0.779096 -9.8844 12.4959 -5.96354e-16 -5.59082e-16 -1.27471e-14 
-5.36668 92.1401 74.4541 -8.07422 7.17063 -176.944 0 5.07867 -1.15138 -3.51712 4.32118 -0.293064 0 5.61661 1.07143 -2.67517 3.05298 -0.712143 -1.02604e-17 5.98978 0.11501 -2.01452 2.22455 -0.678447 -1.10457e-17 6.50583 -0.443523 -1.22287 0.458503 -0.747228 -1.97295e-17 7.60548 -1.50593 -0.579702 -0.570696 -0.756105 -2.53307e-17 9.49737 -0.914492 -0.0300873 -2.00376 -0.964834 -2.90401e-17 10.5513 1.57691 0.0815654 0.692038 -0.138849 -1.29193e-17 4.78644 0.715339 1.33475 7.63551 -8.52414 -1.8116e-17 4.82109 0.421791 0.72159 -3.85026 -4.09621 -2.00958e-17 4.83041 0.765062 1.77558 -6.45192 3.17272 1.23299 -7.60731 7.53374 19.0195 5.6931 -3.6586 12.9547 3.2495 -3.26872 -83.2656 51.4175 9.35584 29.2081 0.0598081 0.137039 4.38429 -0.813388 -21.6034 24.234 0.0496219 0.113701 -23.8831 -60.2816 -21.7981 -1.23299 -7.60729 7.53365 -21.4953 3.29678 2.27239 -12.9547 3.2495 -3.26872 82.3848 42.2604 -3.61197 -29.2081 0.0598081 0.137039 -3.74087 -0.583381 18.3163 -24.234 0.0496218 0.113702 27.5957 -65.2054 20.8541 9.23673 -4.20556 2.0327 -3.15169 4.61139 -17.4422 -0.852353 -38.7721 -0.655187 -0.774536 2.89272 -0.0309431 -2.32622 -40.4017 -6.04875 -5.06416 0.736603 15.941 0.779096 -9.8844 12.4959 7.77939e-16 -7.59838e-16 -2.28771e-17 -9.23673 -4.20556 2.0327 -17.3014 -3.09466 6.91769 0.852353 -38.7721 -0.655187 2.43677 9.06421 -0.0346204 2.32622 -40.4017 -6.04875 7.12331 -4.19732 -15.8028 -0.779096 -9.8844 12.4959 -5.96354e-16 -5.59082e-16 -1.27471e-14 
-5.36222 92.1404 74.4302 -8.07827 7.17018 -176.931 0 5.07867 -1.15138 -3.51195 4.31622 -0.289411 0 5.61661 1.07143 -2.67157 3.04908 -0.707515 -1.02604e-17 5.98978 0.11501 -2.01201 2.22282 -0.673512 -1.10457e-17 6.50583 -0.443523 -1.2218 0.459932 -0.74187 -1.97295e-17 7.60548 -1.50593 -0.578757 -0.567946 -0.750919 -2.53307e-17 9.49737 -0.914492 -0.0283765 -1.99838 -0.959397 -2.90401e-17 10.5513 1.57691 0.0816755 0.692045 -0.137972 -1.29193e-17 4.78644 0.715339 1.3325 7.6152 -8.52988 -1.8116e-17 4.82109 0.421791 0.729438 -3.84908 -4.09878 -2.00958e-17 4.83041 0.765062 1.76373 -6.42866 3.16911 1.23299 -7.60731 7.53374 18.9712 5.69112 -3.6711 12.9547 3.2495 -3.26872 -83.2214 51.431 9.32945 29.2081 0.0598081 0.137039 4.38211 -0.812541 -21.5922 24.234 0.0496219 0.113701 -23.8763 -60.2763 -21.8049 -1.23299 -7.60729 7.53365 -21.4743 3.30287 2.28097 -12.9547 3.2495 -3.26872 82.3338 42.2861 -3.62175 -29.2081 0.0598081 0.137039 -3.73919 -0.582833 18.3077 -24.234 0.0496218 0.113702 27.7093 -65.2388 20.9775 9.23673 -4.20556 2.0327 -3.15435 4.62237 -17.458 -0.852353 -38.7721 -0.655187 -0.772937 2.88675 -0.0309195 -2.32622 -40.4017 -6.04875 -5.06662 0.735166 15.9423 0.779096 -9.8844 12.4959 -7.28243e-16 -8.3044e-16 4.77252e-17 -9.23673 -4.20556 2.0327 -17.3044 -3.09292 6.91146 0.852353 -38.7721 -0.655187 2.43771 9.06765 -0.0347078 2.32622 -40.4017 -6.04875 7.1027 -4.19312 -15.8017 -0.779096 -9.8844 12.4959 -5.96354e-16 -5.59082e-16 -1.27471e-14 
-5.35856 92.1401 74.4067 -8.07229 7.16193 -176.911 0 5.07867 -1.15138 -3.50281 4.3087 -0.286908 0 5.61661 1.07143 -2.66463 3.04344 -0.703407 -1.02604e-17 5.98978 0.11501 -2.00716 2.21929 -0.669162 -1.10457e-17 6.50583 -0.443523 -1.2193 0.459596 -0.737267 -1.97295e-17 7.60548 -1.50593 -0.577672 -0.566035 -0.746627 -2.53307e-17 9.49737 -0.914492 -0.028027 -1.99457 -0.954576 -2.90401e-17 10.5513 1.57691 0.0816252 0.692445 -0.13731 -1.29193e-17 4.78644 0.715339 1.33145 7.61593 -8.54315 -1.8116e-17 4.82109 0.421791 0.720731 -3.83483 -4.10494 -2.00958e-17 4.83041 0.765062 1.76056 -6.41651 3.17287 1.23299 -7.60731 7.53374 18.9398 5.68735 -3.67636 12.9547 3.2495 -3.26872 -83.1936 51.4316 9.30791 29.2081 0.0598081 0.137039 4.38051 -0.811916 -21.5839 24.234 0.0496219 0.113701 -23.8623 -60.2551 -21.8075 -1.23299 -7.60729 7.53365 -21.4626 3.30604 2.28225 -12.9547 3.2495 -3.26872 82.3169 42.3044 -3.63315 -29.2081 0.0598081 0.137039 -3.73825 -0.582529 18.303 -24.234 0.0496218 0.113702 27.7378 -65.263 21.0164 9.23673 -4.20556 2.0327 -3.14913 4.62405 -17.4711 -0.852353 -38.7721 -0.655187 -0.772262 2.88423 -0.0309095 -2.32622 -40.4017 -6.04875 -5.05212 0.726653 15.9408 0.779096 -9.8844 12.4959 3.90881e-16 -7.84029e-16 1.314e-18 -9.23673 -4.20556 2.0327 -17.302 -3.09665 6.89478 0.852353 -38.7721 -0.655187 2.43911 9.07281 -0.0348389 2.32622 -40.4017 -6.04875 7.1116 -4.19365 -15.8026 -0.779096 -9.8844 12.4959 -5.96354e-16 -5.59082e-16 -1.27471e-14 
-5.35313 92.1387 74.3832 -8.06436 7.14436 -176.911 0 5.07867 -1.15138 -3.50425 4.29557 -0.283949 0 5.61661 1.07143 -2.66544 3.03426 -0.702261 -1.02604e-17 5.98978 0.11501 -2.00634 2.21587 -0.668403 -1.10457e-17 6.50583 -0.443523 -1.21828 0.462687 -0.736197 -1.97295e-17 7.60548 -1.50593 -0.575716 -0.558839 -0.744915 -2.53307e-17 9.49737 -0.914492 -0.0257218 -1.97566 -0.955024 -2.90401e-17 10.5513 1.57691 0.0797943 0.693395 -0.136052 -1.29193e-17 4.78644 0.715339 1.31961 7.58579 -8.57525 -1.8116e-17 4.82109 0.421791 0.703742 -3.83503 -4.12091 -2.00958e-17 4.83041 0.765062 1.80183 -6.36622 3.24675 1.23299 -7.60731 7.53374 18.8283 5.68825 -3.67231 12.9547 3.2495 -3.26872 -82.9581 51.353 9.28362 29.2081 0.0598081 0.137039 4.37726 -0.81065 -21.5672 24.234 0.0496219 0.113701 -24.0383 -60.1782 -21.9546 -1.23299 -7.60729 7.53365 -21.2277 3.32185 2.31957 -12.9547 3.2495 -3.26872 82.242 42.2125 -3.56797 -29.2081 0.0598081 0.137039 -3.7295 -0.579686 18.2587 -24.234 0.0496218 0.113702 27.33 -65.2269 20.7038 9.23673 -4.20556 2.0327 -3.1391 4.6142 -17.4926 -0.852353 -38.7721 -0.655187 -0.773243 2.88789 -0.030924 -2.32622 -40.4017 -6.04875 -5.05333 0.702836 15.9423 0.779096 -9.8844 12.4959 -7.38755e-16 -8.31097e-16 4.83822e-17 -9.23673 -4.20556 2.0327 -17.2941 -3.1074 6.88746 0.852353 -38.7721 -0.655187 2.43602 9.06145 -0.0345503 2.32622 -40.4017 -6.04875 7.11057 -4.19818 -15.8015 -0.779096 -9.8844 12.4959 -5.96354e-16 -5.59082e-16 -1.27471e-14 
-5.34857 92.1376 74.3597 -8.07474 7.12846 -176.895 0 5.07867 -1.15138 -3.52625 4.28754 -0.286526 0 5.61661 1.07143 -2.68198 3.02819 -0.710323 -1.02604e-17 5.98978 0.11501 -2.01691 2.21107 -0.677566 -1.10457e-17 6.50583 -0.443523 -1.22349 0.459083 -0.745804 -1.97295e-17 7.60548 -1.50593 -0.57682 -0.562776 -0.753487 -2.53307e-17 9.49737 -0.914492 -0.0240146 -1.97497 -0.965691 -2.90401e-17 10.5513 1.57691 0.0790454 0.694919 -0.136953 -1.29193e-17 4.78644 0.715339 1.32442 7.57601 -8.54524 -1.8116e-17 4.82109 0.421791 0.715599 -3.81054 -4.10726 -2.00958e-17 4.83041 0.765062 1.83084 -6.32509 3.28898 1.23299 -7.60731 7.53374 18.7355 5.70263 -3.67725 12.9547 3.2495 -3.26872 -82.7656 51.3218 9.32463 29.2081 0.0598081 0.137039 4.37654 -0.810371 -21.5635 24.234 0.0496219 0.113701 -24.2171 -60.1853 -22.125 -1.23299 -7.60729 7.53365 -21.1131 3.32714 2.34081 -12.9547 3.2495 -3.26872 82.2511 42.1102 -3.48734 -29.2081 0.0598081 0.137039 -3.7216 -0.577129 18.2188 -24.234 0.0496218 0.113702 26.9715 -65.1093 20.3585 9.23673 -4.20556 2.0327 -3.15118 4.60719 -17.5126 -0.852353 -38.7721 -0.655187 -0.772856 2.88645 -0.0309183 -2.32622 -40.4017 -6.04875 -5.0363 0.701676 15.9409 0.779096 -9.8844 12.4959 1.55205e-15 -7.35646e-16 -4.70682e-17 -9.23673 -4.20556 2.0327 -17.3084 -3.11851 6.87299 0.852353 -38.7721 -0.655187 2.43672 9.06403 -0.0346158 2.32622 -40.4017 -6.04875 7.11174 -4.21063 -15.7994 -0.779096 -9.8844 12.4959 -5.96354e-16 -5.59082e-16 -1.27471e-14 
-5.34474 92.1373 74.3362 -8.06894 7.1198 -176.875 0 5.07867 -1.15138 -3.52667 4.26833 -0.294212 0 5.61661 1.07143 -2.67974 3.01671 -0.719839 -1.02604e-17 5.98978 0.11501 -2.01351 2.20605 -0.687662 -1.10457e-17 6.50583 -0.443523 -1.21882 0.467943 -0.756241 -1.97295e-17 7.60548 -1.50593 -0.573675 -0.550033 -0.764657 -2.53307e-17 9.49737 -0.914492 -0.0237495 -1.95773 -0.977997 -2.90401e-17 10.5513 1.57691 0.0789334 0.692395 -0.137112 -1.29193e-17 4.78644 0.715339 1.32104 7.55597 -8.46226 -1.8116e-17 4.82109 0.421791 0.71662 -3.79263 -4.06968 -2.00958e-17 4.83041 0.765062 1.82942 -6.30727 3.2572 1.23299 -7.60731 7.53374 18.6826 5.70372 -3.68378 12.9547 3.2495 -3.26872 -82.7442 51.3514 9.36305 29.2081 0.0598081 0.137039 4.38068 -0.811983 -21.5848 24.234 0.0496219 0.113701 -24.2118 -60.2641 -22.156 -1.23299 -7.60729 7.53365 -21.0495 3.31946 2.36372 -12.9547 3.2495 -3.26872 82.1266 42.038 -3.40343 -29.2081 0.0598081 0.137039 -3.7102 -0.57345 18.1612 -24.234 0.0496218 0.113702 26.955 -65.0038 20.3103 9.23673 -4.20556 2.0327 -3.14615 4.61128 -17.5235 -0.852353 -38.7721 -0.655187 -0.771203 2.88027 -0.0308937 -2.32622 -40.4017 -6.04875 -5.04472 0.687084 15.9451 0.779096 -9.8844 12.4959 -7.07219e-16 -8.29783e-16 4.70682e-17 -9.23673 -4.20556 2.0327 -17.3056 -3.12956 6.84849 0.852353 -38.7721 -0.655187 2.44137 9.08112 -0.0350506 2.32622 -40.4017 -6.04875 7.08458 -4.20178 -15.798 -0.779096 -9.8844 12.4959 -5.96354e-16 -5.59082e-16 -1.27471e-14 
-5.33997 92.1363 74.3128 -8.07699 7.10728 -176.864 0 5.07867 -1.15138 -3.52169 4.24519 -0.297452 0 5.61661 1.07143 -2.67484 3.00184 -0.722884 -1.02604e-17 5.98978 0.11501 -2.0092 2.1988 -0.690793 -1.10457e-17 6.50583 -0.443523 -1.21516 0.475822 -0.759217 -1.97295e-17 7.60548 -1.50593 -0.571627 -0.536406 -0.768228 -2.53307e-17 9.49737 -0.914492 -0.0234521 -1.93902 -0.981475 -2.90401e-17 10.5513 1.57691 0.078781 0.690174 -0.136836 -1.29193e-17 4.78644 0.715339 1.32383 7.57407 -8.44816 -1.8116e-17 4.82109 0.421791 0.708728 -3.78718 -4.06314 -2.00958e-17 4.83041 0.765062 1.83015 -6.31744 3.28289 1.23299 -7.60731 7.53374 18.6417 5.69124 -3.67923 12.9547 3.2495 -3.26872 -82.7049 51.3914 9.3482 29.2081 0.0598081 0.137039 4.37496 -0.809754 -21.5553 24.234 0.0496219 0.113701 -24.2645 -60.2932 -22.22 -1.23299 -7.60729 7.53365 -21.0235 3.31264 2.37162 -12.9547 3.2495 -3.26872 82.0632 42.0659 -3.36913 -29.2081 0.0598081 0.137039 -3.69242 -0.567732 18.0713 -24.234 0.0496218 0.113702 27.047 -64.9762 20.4397 9.23673 -4.20556 2.0327 -3.15429 4.6098 -17.5356 -0.852353 -38.7721 -0.655187 -0.769977 2.8757 -0.0308753 -2.32622 -40.4017 -6.04875 -5.0374 0.683283 15.9448 0.779096 -9.8844 12.4959 -3.83233e-16 -8.0822e-16 2.55051e-17 -9.23673 -4.20556 2.0327 -17.3157 -3.14349 6.83496 0.852353 -38.7721 -0.655187 2.44439 9.09223 -0.035334 2.32622 -40.4017 -6.04875 7.0752 -4.21149 -15.7992 -0.779096 -9.8844 12.4959 -5.96354e-16 -5.59082e-16 -1.27471e-14 
-5.33596 92.1362 74.2895 -8.08334 7.10378 -176.846 0 5.07867 -1.15138 -3.51841 4.24281 -0.29856 0 5.61661 1.07143 -2.67158 2.99958 -0.724358 -1.02604e-17 5.98978 0.11501 -2.00609 2.19703 -0.692376 -1.10457e-17 6.50583 -0.443523 -1.21256 0.475297 -0.760664 -1.97295e-17 7.60548 -1.50593 -0.569597 -0.537814 -0.770109 -2.53307e-17 9.49737 -0.914492 -0.0219542 -1.93911 -0.983479 -2.90401e-17 10.5513 1.57691 0.0787001 0.690836 -0.13669 -1.29193e-17 4.78644 0.715339 1.3295 7.5806 -8.44358 -1.8116e-17 4.82109 0.421791 0.720106 -3.79045 -4.06024 -2.00958e-17 4.83041 0.765062 1.81695 -6.30384 3.2971 1.23299 -7.60731 7.53374 18.5844 5.68978 -3.68624 12.9547 3.2495 -3.26872 -82.6588 51.4264 9.3432 29.2081 0.0598081 0.137039 4.37141 -0.808377 -21.537 24.234 0.0496219 0.113701 -24.2879 -60.3133 -22.2505 -1.23299 -7.60729 7.53365 -21.0062 3.31627 2.37733 -12.9547 3.2495 -3.26872 82.0513 42.0717 -3.35551 -29.2081 0.0598081 0.137039 -3.68044 -0.563898 18.0108 -24.234 0.0496218 0.113702 27.0539 -64.9518 20.4795 9.23673 -4.20556 2.0327 -3.16134 4.61694 -17.5539 -0.852353 -38.7721 -0.655187 -0.768494 2.87016 -0.030853 -2.32622 -40.4017 -6.04875 -5.01945 0.687808 15.9416 0.779096 -9.8844 12.4959 1.17551e-15 -7.47085e-16 -3.56296e-17 -9.23673 -4.20556 2.0327 -17.3242 -3.13739 6.82642 0.852353 -38.7721 -0.655187 2.44293 9.08684 -0.0351964 2.32622 -40.4017 -6.04875 7.08228 -4.21661 -15.7991 -0.779096 -9.8844 12.4959 -5.96354e-16 -5.59082e-16 -1.27471e-14 
-5.33174 92.1363 74.2662 -8.08727 7.10367 -176.834 0 5.07867 -1.15138 -3.51509 4.23145 -0.299817 0 5.61661 1.07143 -2.66836 2.99347 -0.725818 -1.02604e-17 5.98978 0.11501 -2.00336 2.19599 -0.69379 -1.10457e-17 6.50583 -0.443523 -1.21046 0.483543 -0.761902 -1.97295e-17 7.60548 -1.50593 -0.568554 -0.526539 -0.771725 -2.53307e-17 9.49737 -0.914492 -0.0217289 -1.92394 -0.984926 -2.90401e-17 10.5513 1.57691 0.078762 0.690121 -0.136562 -1.29193e-17 4.78644 0.715339 1.32951 7.5744 -8.41659 -1.8116e-17 4.82109 0.421791 0.727796 -3.78313 -4.04718 -2.00958e-17 4.83041 0.765062 1.81628 -6.30549 3.27199 1.23299 -7.60731 7.53374 18.5226 5.68377 -3.69287 12.9547 3.2495 -3.26872 -82.6936 51.446 9.32369 29.2081 0.0598081 0.137039 4.36986 -0.807771 -21.529 24.234 0.0496219 0.113701 -24.1013 -60.3504 -22.1042 -1.23299 -7.60729 7.53365 -20.9945 3.30944 2.37986 -12.9547 3.2495 -3.26872 81.9974 42.0969 -3.32029 -29.2081 0.0598081 0.137039 -3.67502 -0.56217 17.9834 -24.234 0.0496218 0.113702 27.1077 -64.9597 20.5265 9.23673 -4.20556 2.0327 -3.1651 4.63048 -17.5707 -0.852353 -38.7721 -0.655187 -0.765932 2.86059 -0.0308141 -2.32622 -40.4017 -6.04875 -5.01783 0.687763 15.9423 0.779096 -9.8844 12.4959 1.60461e-15 -7.33347e-16 -4.93675e-17 -9.23673 -4.20556 2.0327 -17.327 -3.14207 6.81914 0.852353 -38.7721 -0.655187 2.4472 9.10256 -0.0355981 2.32622 -40.4017 -6.04875 7.05145 -4.21041 -15.7992 -0.779096 -9.8844 12.4959 -5.96354e-16 -5.59082e-16 -1.27471e-14 
-5.32814 92.1361 74.243 -8.0935 7.1005 -176.816 0 5.07867 -1.15138 -3.50982 4.22617 -0.300099 0 5.61661 1.07143 -2.66414 2.98985 -0.725412 -1.02604e-17 5.98978 0.11501 -2.00013 2.19434 -0.693108 -1.10457e-17 6.50583 -0.443523 -1.20837 0.485418 -0.760869 -1.97295e-17 7.60548 -1.50593 -0.567305 -0.5233 -0.771011 -2.53307e-17 9.49737 -0.914492 -0.0208816 -1.91875 -0.983945 -2.90401e-17 10.5513 1.57691 0.0785647 0.690394 -0.136321 -1.29193e-17 4.78644 0.715339 1.33522 7.58476 -8.43616 -1.8116e-17 4.82109 0.421791 0.73053 -3.78282 -4.05534 -2.00958e-17 4.83041 0.765062 1.81415 -6.30785 3.28885 1.23299 -7.60731 7.53374 18.4776 5.67655 -3.69142 12.9547 3.2495 -3.26872 -82.6539 51.4265 9.28071 29.2081 0.0598081 0.137039 4.35877 -0.803471 -21.4718 24.234 0.0496219 0.113701 -24.1049 -60.2947 -22.0971 -1.23299 -7.60729 7.53365 -20.997 3.30878 2.37464 -12.9547 3.2495 -3.26872 81.9994 42.1478 -3.33222 -29.2081 0.0598081 0.137039 -3.66929 -0.560343 17.9545 -24.234 0.0496218 0.113702 27.1556 -64.9834 20.6045 9.23673 -4.20556 2.0327 -3.17207 4.64125 -17.5861 -0.852353 -38.7721 -0.655187 -0.763251 2.85057 -0.0307729 -2.32622 -40.4017 -6.04875 -5.00298 0.691196 15.94 0.779096 -9.8844 12.4959 1.22807e-15 -7.45114e-16 -3.76008e-17 -9.23673 -4.20556 2.0327 -17.3366 -3.14603 6.80609 0.852353 -38.7721 -0.655187 2.45123 9.11736 -0.0359773 2.32622 -40.4017 -6.04875 7.05354 -4.21646 -15.8011 -0.779096 -9.8844 12.4959 -5.96354e-16 -5.59082e-16 -1.27471e-14 
-5.32418 92.1362 74.2201 -8.0998 7.09725 -176.797 0 5.07867 -1.15138 -3.52371 4.23101 -0.298651 0 5.61661 1.07143 -2.67587 2.99158 -0.727164 -1.02604e-17 5.98978 0.11501 -2.00854 2.19383 -0.695579 -1.10457e-17 6.50583 -0.443523 -1.21403 0.479137 -0.763324 -1.97295e-17 7.60548 -1.50593 -0.569585 -0.532165 -0.772769 -2.53307e-17 9.49737 -0.914492 -0.0195247 -1.9255 -0.985903 -2.90401e-17 10.5513 1.57691 0.0780128 0.693056 -0.138005 -1.29193e-17 4.78644 0.715339 1.35695 7.61431 -8.47255 -1.8116e-17 4.82109 0.421791 0.744191 -3.77893 -4.07025 -2.00958e-17 4.83041 0.765062 1.83669 -6.30326 3.34376 1.23299 -7.60731 7.53374 18.3598 5.68196 -3.71334 12.9547 3.2495 -3.26872 -82.4568 51.353 9.27936 29.2081 0.0598081 0.137039 4.34191 -0.796956 -21.3849 24.234 0.0496219 0.113701 -24.2652 -60.2096 -22.236 -1.23299 -7.60729 7.53365 -20.9958 3.31044 2.36453 -12.9547 3.2495 -3.26872 82.1611 42.1796 -3.36919 -29.2081 0.0598081 0.137039 -3.66743 -0.559751 17.9451 -24.234 0.0496218 0.113702 26.9688 -64.9807 20.4905 9.23673 -4.20556 2.0327 -3.17906 4.65331 -17.6134 -0.852353 -38.7721 -0.655187 -0.759424 2.83628 -0.0307133 -2.32622 -40.4017 -6.04875 -4.97069 0.701587 15.9332 0.779096 -9.8844 12.4959 3.53987e-15 -6.48679e-16 -1.34035e-16 -9.23673 -4.20556 2.0327 -17.3444 -3.13731 6.79799 0.852353 -38.7721 -0.655187 2.4488 9.10844 -0.0357485 2.32622 -40.4017 -6.04875 7.06374 -4.22183 -15.8015 -0.779096 -9.8844 12.4959 -9.83407e-16 -5.46986e-16 -1.27229e-14 
-5.31962 92.1363 74.1978 -8.10373 7.09713 -176.785 0 5.07867 -1.15138 -3.53598 4.2215 -0.301328 0 5.61661 1.07143 -2.68519 2.9864 -0.732803 -1.02604e-17 5.98978 0.11501 -2.0148 2.19146 -0.701644 -1.10457e-17 6.50583 -0.443523 -1.21733 0.481009 -0.769824 -1.97295e-17 7.60548 -1.50593 -0.571141 -0.527843 -0.778541 -2.53307e-17 9.49737 -0.914492 -0.0201874 -1.9212 -0.993212 -2.90401e-17 10.5513 1.57691 0.0781549 0.694032 -0.139922 -1.29193e-17 4.78644 0.715339 1.36835 7.66878 -8.39818 -1.8116e-17 4.82109 0.421791 0.753553 -3.77584 -4.03674 -2.00958e-17 4.83041 0.765062 1.839 -6.33479 3.27476 1.23299 -7.60731 7.53374 18.352 5.67592 -3.68507 12.9547 3.2495 -3.26872 -82.513 51.3767 9.26574 29.2081 0.0598081 0.137039 4.33504 -0.79431 -21.3496 24.234 0.0496219 0.113701 -24.1053 -60.2335 -22.0952 -1.23299 -7.60729 7.53365 -20.9913 3.2898 2.33441 -12.9547 3.2495 -3.26872 82.2939 42.0721 -3.319 -29.2081 0.0598081 0.137039 -3.66537 -0.559097 17.9347 -24.234 0.0496218 0.113702 26.5679 -64.8431 20.0775 9.23673 -4.20556 2.0327 -3.18436 4.65979 -17.6305 -0.852353 -38.7721 -0.655187 -0.760097 2.83879 -0.0307238 -2.32622 -40.4017 -6.04875 -4.96534 0.70185 15.9338 0.779096 -9.8844 12.4959 1.19499e-16 -7.91195e-16 8.48027e-18 -9.23673 -4.20556 2.0327 -17.3475 -3.14326 6.78723 0.852353 -38.7721 -0.655187 2.4533 9.12496 -0.0361724 2.32622 -40.4017 -6.04875 7.02346 -4.21164 -15.7991 -0.779096 -9.8844 12.4959 -6.06871e-16 -5.58753e-16 -1.27464e-14 
-5.31557 92.136 74.1758 -8.10996 7.09396 -176.766 0 5.07867 -1.15138 -3.54012 4.22322 -0.307788 0 5.61661 1.07143 -2.68729 2.98702 -0.740688 -1.02604e-17 5.98978 0.11501 -2.01595 2.1888 -0.710109 -1.10457e-17 6.50583 -0.443523 -1.21693 0.474533 -0.77882 -1.97295e-17 7.60548 -1.50593 -0.57135 -0.536276 -0.787691 -2.53307e-17 9.49737 -0.914492 -0.0220489 -1.93504 -1.0024 -2.90401e-17 10.5513 1.57691 0.0780278 0.694393 -0.141469 -1.29193e-17 4.78644 0.715339 1.37835 7.69861 -8.35775 -1.8116e-17 4.82109 0.421791 0.749262 -3.7561 -4.01754 -2.00958e-17 4.83041 0.765062 1.84502 -6.34452 3.27077 1.23299 -7.60731 7.53374 18.3826 5.67884 -3.66512 12.9547 3.2495 -3.26872 -82.6076 51.3351 9.31498 29.2081 0.0598081 0.137039 4.32866 -0.791857 -21.3167 24.234 0.0496219 0.113701 -24.0799 -60.1731 -22.0612 -1.23299 -7.60729 7.53365 -21.056 3.28349 2.31478 -12.9547 3.2495 -3.26872 82.3966 42.034 -3.31649 -29.2081 0.0598081 0.137039 -3.6646 -0.558853 17.9308 -24.234 0.0496218 0.113702 26.4392 -64.7348 19.9302 9.23673 -4.20556 2.0327 -3.19099 4.66173 -17.6433 -0.852353 -38.7721 -0.655187 -0.761555 2.84424 -0.0307466 -2.32622 -40.4017 -6.04875 -4.96412 0.697909 15.9349 0.779096 -9.8844 12.4959 1.57306e-15 -7.34662e-16 -4.80529e-17 -9.23673 -4.20556 2.0327 -17.3608 -3.14752 6.7713 0.852353 -38.7721 -0.655187 2.45731 9.1397 -0.0365518 2.32622 -40.4017 -6.04875 7.06078 -4.22707 -15.8027 -0.779096 -9.8844 12.4959 -5.96354e-16 -5.59082e-16 -1.27471e-14 
-5.31116 92.1368 74.1538 -8.10945 7.10611 -176.752 0 5.07867 -1.15138 -3.54006 4.24022 -0.312455 0 5.61661 1.07143 -2.68614 2.9968 -0.745887 -1.02604e-17 5.98978 0.11501 -2.01466 2.19093 -0.715646 -1.10457e-17 6.50583 -0.443523 -1.21515 0.464626 -0.784542 -1.97295e-17 7.60548 -1.50593 -0.570274 -0.552652 -0.794014 -2.53307e-17 9.49737 -0.914492 -0.0223543 -1.95875 -1.0089 -2.90401e-17 10.5513 1.57691 0.0780944 0.695385 -0.14226 -1.29193e-17 4.78644 0.715339 1.39071 7.72497 -8.33018 -1.8116e-17 4.82109 0.421791 0.756481 -3.75091 -4.00383 -2.00958e-17 4.83041 0.765062 1.83475 -6.33239 3.27554 1.23299 -7.60731 7.53374 18.3968 5.68673 -3.66478 12.9547 3.2495 -3.26872 -82.6596 51.3249 9.3598 29.2081 0.0598081 0.137039 4.32064 -0.788778 -21.2754 24.234 0.0496219 0.113701 -24.1353 -60.1392 -22.116 -1.23299 -7.60729 7.53365 -21.1097 3.28798 2.30864 -12.9547 3.2495 -3.26872 82.477 42.0006 -3.34892 -29.2081 0.0598081 0.137039 -3.66143 -0.557845 17.9148 -24.234 0.0496218 0.113702 26.4146 -64.627 19.899 9.23673 -4.20556 2.0327 -3.19089 4.67499 -17.6616 -0.852353 -38.7721 -0.655187 -0.764991 2.85707 -0.0307997 -2.32622 -40.4017 -6.04875 -4.95846 0.694886 15.9366 0.779096 -9.8844 12.4959 -7.0719e-16 -8.29782e-16 4.7067e-17 -9.23673 -4.20556 2.0327 -17.3601 -3.14198 6.77356 0.852353 -38.7721 -0.655187 2.46223 9.15778 -0.0370185 2.32622 -40.4017 -6.04875 7.04809 -4.21791 -15.8043 -0.779096 -9.8844 12.4959 -5.96354e-16 -5.59082e-16 -1.27471e-14 
-5.30587 92.1367 74.132 -8.10943 7.10644 -176.751 0 5.07867 -1.15138 -3.53734 4.24161 -0.312657 0 5.61661 1.07143 -2.68372 2.99802 -0.745807 -1.02604e-17 5.98978 0.11501 -2.01296 2.19213 -0.715878 -1.10457e-17 6.50583 -0.443523 -1.21396 0.465948 -0.784883 -1.97295e-17 7.60548 -1.50593 -0.56979 -0.551297 -0.794643 -2.53307e-17 9.49737 -0.914492 -0.0224695 -1.95783 -1.00919 -2.90401e-17 10.5513 1.57691 0.0782228 0.69489 -0.14256 -1.29193e-17 4.78644 0.715339 1.39518 7.74054 -8.32034 -1.8116e-17 4.82109 0.421791 0.754662 -3.75126 -3.99913 -2.00958e-17 4.83041 0.765062 1.84877 -6.34153 3.29379 1.23299 -7.60731 7.53374 18.3949 5.68564 -3.66428 12.9547 3.2495 -3.26872 -82.677 51.3254 9.37681 29.2081 0.0598081 0.137039 4.3181 -0.787804 -21.2623 24.234 0.0496219 0.113701 -24.1607 -60.1242 -22.1522 -1.23299 -7.60729 7.53365 -21.1321 3.28654 2.30159 -12.9547 3.2495 -3.26872 82.4879 41.9861 -3.34352 -29.2081 0.0598081 0.137039 -3.65849 -0.55691 17.8999 -24.234 0.0496218 0.113702 26.432 -64.5698 19.9044 9.23673 -4.20556 2.0327 -3.19117 4.67404 -17.6685 -0.852353 -38.7721 -0.655187 -0.769992 2.87575 -0.0308756 -2.32622 -40.4017 -6.04875 -4.9603 0.684095 15.9394 0.779096 -9.8844 12.4959 1.16497e-15 -7.47743e-16 -3.49716e-17 -9.23673 -4.20556 2.0327 -17.3635 -3.16783 6.78263 0.852353 -38.7721 -0.655187 2.4745 9.20284 -0.0381884 2.32622 -40.4017 -6.04875 7.06396 -4.22331 -15.8084 -0.779096 -9.8844 12.4959 -5.96354e-16 -5.59082e-16 -1.27471e-14 
-5.30176 92.1366 74.11 -8.11319 7.1064 -176.739 0 5.07867 -1.15138 -3.52682 4.23022 -0.316543 0 5.61661 1.07143 -2.67419 2.99338 -0.749338 -1.02604e-17 5.98978 0.11501 -2.00527 2.19426 -0.719223 -1.10457e-17 6.50583 -0.443523 -1.20841 0.480474 -0.787778 -1.97295e-17 7.60548 -1.50593 -0.567349 -0.532636 -0.798245 -2.53307e-17 9.49737 -0.914492 -0.0232606 -1.93164 -1.01269 -2.90401e-17 10.5513 1.57691 0.0780004 0.693335 -0.141093 -1.29193e-17 4.78644 0.715339 1.37936 7.68651 -8.27373 -1.8116e-17 4.82109 0.421791 0.757006 -3.74169 -3.97757 -2.00958e-17 4.83041 0.765062 1.83068 -6.31981 3.26013 1.23299 -7.60731 7.53374 18.2823 5.68318 -3.66558 12.9547 3.2495 -3.26872 -82.7653 51.3254 9.3548 29.2081 0.0598081 0.137039 4.32119 -0.788989 -21.2782 24.234 0.0496219 0.113701 -23.7897 -60.179 -21.8648 -1.23299 -7.60729 7.53365 -21.0404 3.28647 2.32305 -12.9547 3.2495 -3.26872 82.2835 41.9615 -3.28225 -29.2081 0.0598081 0.137039 -3.65622 -0.556193 17.8885 -24.234 0.0496218 0.113702 26.5549 -64.5605 19.9937 9.23673 -4.20556 2.0327 -3.1955 4.67444 -17.6799 -0.852353 -38.7721 -0.655187 -0.773953 2.89055 -0.0309345 -2.32622 -40.4017 -6.04875 -4.96882 0.674303 15.9441 0.779096 -9.8844 12.4959 1.99166e-15 -7.09156e-16 -7.35583e-17 -9.23673 -4.20556 2.0327 -17.3675 -3.18672 6.78184 0.852353 -38.7721 -0.655187 2.48546 9.24313 -0.039243 2.32622 -40.4017 -6.04875 7.03139 -4.21921 -15.8113 -0.779096 -9.8844 12.4959 -9.83407e-16 -5.46986e-16 -1.27229e-14 
-5.2967 92.1378 74.0879 -8.12109 7.12374 -176.739 0 5.07867 -1.15138 -3.51567 4.22402 -0.312856 0 5.61661 1.07143 -2.6662 2.9903 -0.744198 -1.02604e-17 5.98978 0.11501 -1.99972 2.19636 -0.713443 -1.10457e-17 6.50583 -0.443523 -1.20593 0.490373 -0.781088 -1.97295e-17 7.60548 -1.50593 -0.56634 -0.519962 -0.791732 -2.53307e-17 9.49737 -0.914492 -0.0222616 -1.90993 -1.00527 -2.90401e-17 10.5513 1.57691 0.0768785 0.693399 -0.139142 -1.29193e-17 4.78644 0.715339 1.37082 7.64733 -8.33348 -1.8116e-17 4.82109 0.421791 0.747872 -3.72653 -4.00425 -2.00958e-17 4.83041 0.765062 1.83073 -6.27767 3.32564 1.23299 -7.60731 7.53374 18.154 5.67603 -3.67141 12.9547 3.2495 -3.26872 -82.6271 51.2306 9.27443 29.2081 0.0598081 0.137039 4.3065 -0.783365 -21.2026 24.234 0.0496219 0.113701 -23.8042 -60.0576 -21.8608 -1.23299 -7.60729 7.53365 -20.9443 3.29987 2.33935 -12.9547 3.2495 -3.26872 82.1453 42.0559 -3.2896 -29.2081 0.0598081 0.137039 -3.64995 -0.554205 17.8569 -24.234 0.0496218 0.113702 26.7671 -64.6698 20.267 9.23673 -4.20556 2.0327 -3.20213 4.68736 -17.6987 -0.852353 -38.7721 -0.655187 -0.780072 2.9134 -0.0310236 -2.32622 -40.4017 -6.04875 -4.96733 0.677202 15.9461 0.779096 -9.8844 12.4959 7.74317e-17 -7.92838e-16 1.01235e-17 -9.23673 -4.20556 2.0327 -17.3749 -3.18406 6.78624 0.852353 -38.7721 -0.655187 2.49253 9.26909 -0.0399267 2.32622 -40.4017 -6.04875 7.03274 -4.21999 -15.8173 -0.779096 -9.8844 12.4959 -6.06871e-16 -5.58753e-16 -1.27464e-14 
-5.29273 92.1391 74.0664 -8.13286 7.14151 -176.726 0 5.07867 -1.15138 -3.51833 4.23276 -0.308142 0 5.61661 1.07143 -2.66951 2.99534 -0.740191 -1.02604e-17 5.98978 0.11501 -2.00231 2.19893 -0.709244 -1.10457e-17 6.50583 -0.443523 -1.20847 0.486833 -0.77654 -1.97295e-17 7.60548 -1.50593 -0.567066 -0.526236 -0.786738 -2.53307e-17 9.49737 -0.914492 -0.0203483 -1.9152 -1.00074 -2.90401e-17 10.5513 1.57691 0.0764631 0.696201 -0.138927 -1.29193e-17 4.78644 0.715339 1.37824 7.66215 -8.35189 -1.8116e-17 4.82109 0.421791 0.761586 -3.72005 -4.01252 -2.00958e-17 4.83041 0.765062 1.81296 -6.23867 3.33238 1.23299 -7.60731 7.53374 18.0821 5.67964 -3.67227 12.9547 3.2495 -3.26872 -82.5297 51.2116 9.24873 29.2081 0.0598081 0.137039 4.29668 -0.779621 -21.1521 24.234 0.0496219 0.113701 -23.8442 -59.9808 -21.8952 -1.23299 -7.60729 7.53365 -20.9068 3.30874 2.33036 -12.9547 3.2495 -3.26872 82.2058 42.0684 -3.32847 -29.2081 0.0598081 0.137039 -3.65004 -0.554235 17.8573 -24.234 0.0496218 0.113702 26.6709 -64.6889 20.2332 9.23673 -4.20556 2.0327 -3.21584 4.69025 -17.7256 -0.852353 -38.7721 -0.655187 -0.790616 2.95278 -0.0311713 -2.32622 -40.4017 -6.04875 -4.9396 0.688851 15.9432 0.779096 -9.8844 12.4959 -7.49257e-16 -8.31425e-16 4.87102e-17 -9.23673 -4.20556 2.0327 -17.3842 -3.17199 6.79876 0.852353 -38.7721 -0.655187 2.4969 9.28515 -0.0403511 2.32622 -40.4017 -6.04875 7.0147 -4.21217 -15.8174 -0.779096 -9.8844 12.4959 -5.96354e-16 -5.59082e-16 -1.27471e-14 
-5.28926 92.1382 74.045 -8.15597 7.1316 -176.712 0 5.07867 -1.15138 -3.52876 4.22374 -0.305731 0 5.61661 1.07143 -2.67925 2.98976 -0.738466 -1.02604e-17 5.98978 0.11501 -2.01037 2.19687 -0.707639 -1.10457e-17 6.50583 -0.443523 -1.21443 0.49053 -0.775161 -1.97295e-17 7.60548 -1.50593 -0.570636 -0.518144 -0.784403 -2.53307e-17 9.49737 -0.914492 -0.0211324 -1.9055 -0.998485 -2.90401e-17 10.5513 1.57691 0.0767694 0.694932 -0.139605 -1.29193e-17 4.78644 0.715339 1.38122 7.6856 -8.34597 -1.8116e-17 4.82109 0.421791 0.758879 -3.70539 -4.01126 -2.00958e-17 4.83041 0.765062 1.81723 -6.23664 3.32138 1.23299 -7.60731 7.53374 18.105 5.68012 -3.66554 12.9547 3.2495 -3.26872 -82.5113 51.2248 9.24242 29.2081 0.0598081 0.137039 4.2948 -0.778905 -21.1424 24.234 0.0496219 0.113701 -23.8825 -59.9468 -21.9373 -1.23299 -7.60729 7.53365 -20.9314 3.2994 2.31252 -12.9547 3.2495 -3.26872 82.2463 42.0549 -3.33095 -29.2081 0.0598081 0.137039 -3.65822 -0.556824 17.8986 -24.234 0.0496218 0.113702 26.6275 -64.672 20.1855 9.23673 -4.20556 2.0327 -3.24318 4.64896 -17.7458 -0.852353 -38.7721 -0.655187 -0.809731 3.02416 -0.0314206 -2.32622 -40.4017 -6.04875 -4.94434 0.68037 15.9483 0.779096 -9.8844 12.4959 3.90867e-16 -7.84029e-16 1.31459e-18 -9.23673 -4.20556 2.0327 -17.4141 -3.20385 6.80152 0.852353 -38.7721 -0.655187 2.51097 9.33679 -0.0417252 2.32622 -40.4017 -6.04875 7.02009 -4.23327 -15.8197 -0.779096 -9.8844 12.4959 -5.96354e-16 -5.59082e-16 -1.27471e-14 
-5.28608 92.1382 74.0235 -8.17497 7.1332 -176.696 0 5.07867 -1.15138 -3.53648 4.21667 -0.308255 0 5.61661 1.07143 -2.68554 2.98589 -0.741805 -1.02604e-17 5.98978 0.11501 -2.01528 2.19551 -0.711163 -1.10457e-17 6.50583 -0.443523 -1.21748 0.493401 -0.778932 -1.97295e-17 7.60548 -1.50593 -0.572877 -0.511051 -0.787741 -2.53307e-17 9.49737 -0.914492 -0.0231706 -1.89806 -1.00222 -2.90401e-17 10.5513 1.57691 0.076823 0.693274 -0.140177 -1.29193e-17 4.78644 0.715339 1.38155 7.70094 -8.31142 -1.8116e-17 4.82109 0.421791 0.750165 -3.69211 -3.99672 -2.00958e-17 4.83041 0.765062 1.80448 -6.23212 3.30995 1.23299 -7.60731 7.53374 18.1333 5.68261 -3.65412 12.9547 3.2495 -3.26872 -82.5707 51.2574 9.25754 29.2081 0.0598081 0.137039 4.29753 -0.779943 -21.1564 24.234 0.0496219 0.113701 -23.8312 -59.9778 -21.902 -1.23299 -7.60729 7.53365 -20.9557 3.28968 2.29915 -12.9547 3.2495 -3.26872 82.2849 42.0392 -3.33521 -29.2081 0.0598081 0.137039 -3.66777 -0.559859 17.9468 -24.234 0.0496218 0.113702 26.5193 -64.6226 20.0765 9.23673 -4.20556 2.0327 -3.26708 4.60533 -17.7785 -0.852353 -38.7721 -0.655187 -0.835342 3.1198 -0.0317173 -2.32622 -40.4017 -6.04875 -4.93795 0.67077 15.9539 0.779096 -9.8844 12.4959 3.53648e-17 -7.9481e-16 1.20954e-17 -9.23673 -4.20556 2.0327 -17.4358 -3.21985 6.81515 0.852353 -38.7721 -0.655187 2.52277 9.3801 -0.0428874 2.32622 -40.4017 -6.04875 7.01226 -4.2432 -15.8237 -0.779096 -9.8844 12.4959 -5.96354e-16 -5.59082e-16 -1.27471e-14 
-5.28235 92.1391 74.0024 -8.20745 7.14328 -176.676 0 5.07867 -1.15138 -3.5633 4.20453 -0.308417 0 5.61661 1.07143 -2.70768 2.97911 -0.747007 -1.02604e-17 5.98978 0.11501 -2.03129 2.19488 -0.717128 -1.10457e-17 6.50583 -0.443523 -1.22775 0.499597 -0.785041 -1.97295e-17 7.60548 -1.50593 -0.577923 -0.499233 -0.791921 -2.53307e-17 9.49737 -0.914492 -0.0234944 -1.87778 -1.00806 -2.90401e-17 10.5513 1.57691 0.0759315 0.693823 -0.141692 -1.29193e-17 4.78644 0.715339 1.39257 7.74067 -8.29285 -1.8116e-17 4.82109 0.421791 0.752299 -3.68079 -3.9887 -2.00958e-17 4.83041 0.765062 1.82634 -6.24085 3.34751 1.23299 -7.60731 7.53374 18.0511 5.68119 -3.62809 12.9547 3.2495 -3.26872 -82.4396 51.1841 9.21632 29.2081 0.0598081 0.137039 4.28678 -0.775855 -21.1012 24.234 0.0496219 0.113701 -23.8286 -59.9152 -21.89 -1.23299 -7.60729 7.53365 -20.8767 3.27736 2.27565 -12.9547 3.2495 -3.26872 82.4087 41.9715 -3.29635 -29.2081 0.0598081 0.137039 -3.67097 -0.560877 17.9629 -24.234 0.0496218 0.113702 26.0227 -64.5151 19.6507 9.23673 -4.20556 2.0327 -3.30342 4.56607 -17.8207 -0.852353 -38.7721 -0.655187 -0.86206 3.21957 -0.0319811 -2.32622 -40.4017 -6.04875 -4.93093 0.675015 15.9589 0.779096 -9.8844 12.4959 -1.1363e-15 -8.4352e-16 6.0805e-17 -9.23673 -4.20556 2.0327 -17.4721 -3.2243 6.81672 0.852353 -38.7721 -0.655187 2.53399 9.4213 -0.0440018 2.32622 -40.4017 -6.04875 7.02127 -4.26116 -15.8292 -0.779096 -9.8844 12.4959 -5.96354e-16 -5.59082e-16 -1.27471e-14 
-5.27775 92.1406 73.9815 -8.23451 7.16276 -176.659 0 5.07867 -1.15138 -3.58264 4.20306 -0.312506 0 5.61661 1.07143 -2.72283 2.97925 -0.75506 -1.02604e-17 5.98978 0.11501 -2.04234 2.19569 -0.726104 -1.10457e-17 6.50583 -0.443523 -1.23406 0.501974 -0.794714 -1.97295e-17 7.60548 -1.50593 -0.581414 -0.496231 -0.800686 -2.53307e-17 9.49737 -0.914492 -0.0250023 -1.87484 -1.01747 -2.90401e-17 10.5513 1.57691 0.0756623 0.693365 -0.143414 -1.29193e-17 4.78644 0.715339 1.40019 7.76097 -8.22282 -1.8116e-17 4.82109 0.421791 0.75928 -3.65961 -3.95701 -2.00958e-17 4.83041 0.765062 1.81103 -6.22625 3.34429 1.23299 -7.60731 7.53374 18.0425 5.68778 -3.6121 12.9547 3.2495 -3.26872 -82.4052 51.1473 9.22724 29.2081 0.0598081 0.137039 4.28254 -0.774243 -21.0793 24.234 0.0496219 0.113701 -23.8729 -59.8986 -21.9265 -1.23299 -7.60729 7.53365 -20.892 3.26777 2.25765 -12.9547 3.2495 -3.26872 82.4487 41.8949 -3.23902 -29.2081 0.0598081 0.137039 -3.67279 -0.561458 17.9721 -24.234 0.0496218 0.113702 25.8433 -64.3629 19.4422 9.23673 -4.20556 2.0327 -3.33381 4.54744 -17.8421 -0.852353 -38.7721 -0.655187 -0.884071 3.30176 -0.0321635 -2.32622 -40.4017 -6.04875 -4.94489 0.678545 15.9683 0.779096 -9.8844 12.4959 2.70262e-15 -6.75501e-16 -1.07213e-16 -9.23673 -4.20556 2.0327 -17.5047 -3.24463 6.83864 0.852353 -38.7721 -0.655187 2.5556 9.5006 -0.0461698 2.32622 -40.4017 -6.04875 7.0273 -4.26853 -15.8342 -0.779096 -9.8844 12.4959 -5.96354e-16 -5.59082e-16 -1.27471e-14 
-5.2738 92.1424 73.9608 -8.2628 7.18556 -176.636 0 5.07867 -1.15138 -3.59375 4.19921 -0.317465 0 5.61661 1.07143 -2.73141 2.97746 -0.762128 -1.02604e-17 5.98978 0.11501 -2.04887 2.19505 -0.733842 -1.10457e-17 6.50583 -0.443523 -1.23764 0.504587 -0.803075 -1.97295e-17 7.60548 -1.50593 -0.584246 -0.491346 -0.808686 -2.53307e-17 9.49737 -0.914492 -0.0278797 -1.87123 -1.02592 -2.90401e-17 10.5513 1.57691 0.0756028 0.691734 -0.144731 -1.29193e-17 4.78644 0.715339 1.40603 7.80305 -8.16126 -1.8116e-17 4.82109 0.421791 0.747625 -3.63741 -3.92986 -2.00958e-17 4.83041 0.765062 1.80833 -6.22452 3.34949 1.23299 -7.60731 7.53374 18.0732 5.69152 -3.59851 12.9547 3.2495 -3.26872 -82.4533 51.1467 9.26062 29.2081 0.0598081 0.137039 4.28024 -0.773371 -21.0675 24.234 0.0496219 0.113701 -23.9061 -59.9017 -21.9655 -1.23299 -7.60729 7.53365 -20.9209 3.25301 2.24286 -12.9547 3.2495 -3.26872 82.4814 41.8486 -3.20746 -29.2081 0.0598081 0.137039 -3.67468 -0.562061 17.9817 -24.234 0.0496218 0.113702 25.7201 -64.2436 19.304 9.23673 -4.20556 2.0327 -3.3646 4.53964 -17.8679 -0.852353 -38.7721 -0.655187 -0.90252 3.37063 -0.032292 -2.32622 -40.4017 -6.04875 -4.95441 0.686741 15.9762 0.779096 -9.8844 12.4959 9.84984e-17 -7.91851e-16 9.13608e-18 -9.23673 -4.20556 2.0327 -17.5384 -3.26165 6.85836 0.852353 -38.7721 -0.655187 2.57857 9.58482 -0.0485062 2.32622 -40.4017 -6.04875 7.02961 -4.27509 -15.8417 -0.779096 -9.8844 12.4959 -5.96354e-16 -5.59082e-16 -1.27471e-14 
-5.27021 92.1428 73.9404 -8.31017 7.19808 -176.612 0 5.07867 -1.15138 -3.6096 4.19219 -0.31845 0 5.61661 1.07143 -2.74484 2.97324 -0.765449 -1.02604e-17 5.98978 0.11501 -2.05922 2.19432 -0.737572 -1.10457e-17 6.50583 -0.443523 -1.24434 0.509653 -0.807037 -1.97295e-17 7.60548 -1.50593 -0.587979 -0.482559 -0.81174 -2.53307e-17 9.49737 -0.914492 -0.0286648 -1.86004 -1.02938 -2.90401e-17 10.5513 1.57691 0.0757451 0.690369 -0.14552 -1.29193e-17 4.78644 0.715339 1.41367 7.84218 -8.12955 -1.8116e-17 4.82109 0.421791 0.750712 -3.62884 -3.91615 -2.00958e-17 4.83041 0.765062 1.79915 -6.22349 3.3758 1.23299 -7.60731 7.53374 18.0831 5.6901 -3.58342 12.9547 3.2495 -3.26872 -82.4295 51.1653 9.24684 29.2081 0.0598081 0.137039 4.27517 -0.771451 -21.0414 24.234 0.0496219 0.113701 -23.982 -59.9148 -22.0379 -1.23299 -7.60729 7.53365 -20.934 3.2417 2.22839 -12.9547 3.2495 -3.26872 82.4913 41.8248 -3.17784 -29.2081 0.0598081 0.137039 -3.67315 -0.561572 17.974 -24.234 0.0496218 0.113702 25.6817 -64.1561 19.2847 9.23673 -4.20556 2.0327 -3.41649 4.52537 -17.8871 -0.852353 -38.7721 -0.655187 -0.919011 3.4322 -0.032388 -2.32622 -40.4017 -6.04875 -4.95948 0.706056 15.9823 0.779096 -9.8844 12.4959 -7.49248e-16 -8.31424e-16 4.87098e-17 -9.23673 -4.20556 2.0327 -17.5944 -3.28432 6.88035 0.852353 -38.7721 -0.655187 2.60075 9.66616 -0.0507958 2.32622 -40.4017 -6.04875 7.04726 -4.30437 -15.8482 -0.779096 -9.8844 12.4959 -5.96354e-16 -5.59082e-16 -1.27471e-14 
-5.26956 92.1422 73.9198 -8.37237 7.19473 -176.56 0 5.07867 -1.15138 -3.63607 4.18762 -0.32158 0 5.61661 1.07143 -2.76714 2.96911 -0.772266 -1.02604e-17 5.98978 0.11501 -2.07658 2.18894 -0.745034 -1.10457e-17 6.50583 -0.443523 -1.25579 0.502587 -0.815075 -1.97295e-17 7.60548 -1.50593 -0.594811 -0.487898 -0.818447 -2.53307e-17 9.49737 -0.914492 -0.0312661 -1.86974 -1.03598 -2.90401e-17 10.5513 1.57691 0.0762715 0.690826 -0.147921 -1.29193e-17 4.78644 0.715339 1.43256 7.90547 -8.08429 -1.8116e-17 4.82109 0.421791 0.762308 -3.60292 -3.89553 -2.00958e-17 4.83041 0.765062 1.79067 -6.2361 3.3751 1.23299 -7.60731 7.53374 18.1312 5.69508 -3.56659 12.9547 3.2495 -3.26872 -82.5044 51.1791 9.2853 29.2081 0.0598081 0.137039 4.27633 -0.771888 -21.0474 24.234 0.0496219 0.113701 -23.9171 -59.9311 -21.9757 -1.23299 -7.60729 7.53365 -21.0657 3.22301 2.18778 -12.9547 3.2495 -3.26872 82.674 41.8343 -3.19536 -29.2081 0.0598081 0.137039 -3.68129 -0.56417 18.0151 -24.234 0.0496218 0.113702 25.5696 -64.0711 19.1766 9.23673 -4.20556 2.0327 -3.48689 4.49001 -17.9263 -0.852353 -38.7721 -0.655187 -0.937462 3.50108 -0.0324745 -2.32622 -40.4017 -6.04875 -4.94362 0.73493 15.983 0.779096 -9.8844 12.4959 -1.15734e-15 -8.44506e-16 6.17914e-17 -9.23673 -4.20556 2.0327 -17.6683 -3.28852 6.86448 0.852353 -38.7721 -0.655187 2.61287 9.71055 -0.0520591 2.32622 -40.4017 -6.04875 7.0637 -4.34802 -15.8523 -0.779096 -9.8844 12.4959 -5.96354e-16 -5.59082e-16 -1.27471e-14 
-5.2743 92.1393 73.9022 -8.44176 7.17547 -176.504 0 5.07867 -1.15138 -3.65968 4.17537 -0.32489 0 5.61661 1.07143 -2.78728 2.95999 -0.778667 -1.02604e-17 5.98978 0.11501 -2.09226 2.18215 -0.751987 -1.10457e-17 6.50583 -0.443523 -1.26601 0.500302 -0.822401 -1.97295e-17 7.60548 -1.50593 -0.600937 -0.48463 -0.824359 -2.53307e-17 9.49737 -0.914492 -0.0338405 -1.86633 -1.04205 -2.90401e-17 10.5513 1.57691 0.0764371 0.689553 -0.149495 -1.29193e-17 4.78644 0.715339 1.44052 7.93454 -8.04403 -1.8116e-17 4.82109 0.421791 0.76365 -3.59462 -3.87819 -2.00958e-17 4.83041 0.765062 1.7827 -6.24349 3.38194 1.23299 -7.60731 7.53374 18.168 5.6985 -3.54505 12.9547 3.2495 -3.26872 -82.5184 51.1506 9.2891 29.2081 0.0598081 0.137039 4.27787 -0.772475 -21.0553 24.234 0.0496219 0.113701 -23.8988 -59.9062 -21.9434 -1.23299 -7.60729 7.53365 -21.1341 3.20736 2.16081 -12.9547 3.2495 -3.26872 82.7414 41.8056 -3.18888 -29.2081 0.0598081 0.137039 -3.69324 -0.567996 18.0754 -24.234 0.0496218 0.113702 25.4572 -63.9836 19.0586 9.23673 -4.20556 2.0327 -3.56506 4.43528 -17.9785 -0.852353 -38.7721 -0.655187 -0.957208 3.57479 -0.0325424 -2.32622 -40.4017 -6.04875 -4.97391 0.741586 15.9925 0.779096 -9.8844 12.4959 -6.71632e-18 -7.96454e-16 1.37392e-17 -9.23673 -4.20556 2.0327 -17.7574 -3.32376 6.85494 0.852353 -38.7721 -0.655187 2.6328 9.78358 -0.0541583 2.32622 -40.4017 -6.04875 7.07972 -4.40189 -15.8556 -0.779096 -9.8844 12.4959 -5.96354e-16 -5.59082e-16 -1.27471e-14 
-5.28608 92.1359 73.8892 -8.50281 7.15059 -176.433 0 5.07867 -1.15138 -3.67606 4.15843 -0.33 0 5.61661 1.07143 -2.80092 2.94781 -0.786085 -1.02604e-17 5.98978 0.11501 -2.10259 2.17387 -0.759865 -1.10457e-17 6.50583 -0.443523 -1.27229 0.49891 -0.830456 -1.97295e-17 7.60548 -1.50593 -0.604854 -0.478928 -0.831394 -2.53307e-17 9.49737 -0.914492 -0.0362965 -1.85835 -1.04946 -2.90401e-17 10.5513 1.57691 0.0764234 0.688262 -0.150318 -1.29193e-17 4.78644 0.715339 1.44232 7.94423 -8.01826 -1.8116e-17 4.82109 0.421791 0.75706 -3.59151 -3.86802 -2.00958e-17 4.83041 0.765062 1.77498 -6.25059 3.41211 1.23299 -7.60731 7.53374 18.1724 5.70053 -3.52014 12.9547 3.2495 -3.26872 -82.517 51.1285 9.28022 29.2081 0.0598081 0.137039 4.2801 -0.77332 -21.0668 24.234 0.0496219 0.113701 -23.8576 -59.905 -21.8934 -1.23299 -7.60729 7.53365 -21.1531 3.19441 2.14608 -12.9547 3.2495 -3.26872 82.7467 41.7474 -3.16651 -29.2081 0.0598081 0.137039 -3.70422 -0.571522 18.1309 -24.234 0.0496218 0.113702 25.3107 -63.8741 18.9171 9.23673 -4.20556 2.0327 -3.64079 4.36687 -18.0448 -0.852353 -38.7721 -0.655187 -0.979646 3.65854 -0.0325886 -2.32622 -40.4017 -6.04875 -4.97987 0.740905 15.9984 0.779096 -9.8844 12.4959 4.11896e-16 -7.83043e-16 3.28796e-19 -9.23673 -4.20556 2.0327 -17.8444 -3.3507 6.80804 0.852353 -38.7721 -0.655187 2.64733 9.83683 -0.0557056 2.32622 -40.4017 -6.04875 7.11212 -4.45223 -15.8614 -0.779096 -9.8844 12.4959 -5.96354e-16 -5.59082e-16 -1.27471e-14 
-5.30225 92.135 73.8774 -8.55859 7.14996 -176.346 0 5.07867 -1.15138 -3.66443 4.14098 -0.335947 0 5.61661 1.07143 -2.7917 2.93687 -0.788895 -1.02604e-17 5.98978 0.11501 -2.09685 2.16839 -0.761855 -1.10457e-17 6.50583 -0.443523 -1.26858 0.506521 -0.832132 -1.97295e-17 7.60548 -1.50593 -0.604639 -0.463734 -0.833874 -2.53307e-17 9.49737 -0.914492 -0.0392712 -1.84416 -1.05015 -2.90401e-17 10.5513 1.57691 0.0777235 0.684831 -0.149148 -1.29193e-17 4.78644 0.715339 1.42932 7.90274 -7.95951 -1.8116e-17 4.82109 0.421791 0.750311 -3.58515 -3.84296 -2.00958e-17 4.83041 0.765062 1.6879 -6.24845 3.35385 1.23299 -7.60731 7.53374 18.2133 5.69528 -3.5055 12.9547 3.2495 -3.26872 -82.7084 51.1852 9.23503 29.2081 0.0598081 0.137039 4.28748 -0.776121 -21.1048 24.234 0.0496219 0.113701 -23.5568 -59.9751 -21.6418 -1.23299 -7.60729 7.53365 -21.2507 3.18025 2.13822 -12.9547 3.2495 -3.26872 82.5274 41.7561 -3.16035 -29.2081 0.0598081 0.137039 -3.72006 -0.57663 18.211 -24.234 0.0496218 0.113702 25.6889 -63.8517 19.2009 9.23673 -4.20556 2.0327 -3.71239 4.32448 -18.1056 -0.852353 -38.7721 -0.655187 -1.00013 3.73501 -0.0326021 -2.32622 -40.4017 -6.04875 -4.9995 0.75026 16.0068 0.779096 -9.8844 12.4959 -7.38726e-16 -8.31096e-16 4.8381e-17 -9.23673 -4.20556 2.0327 -17.9252 -3.35424 6.74799 0.852353 -38.7721 -0.655187 2.66309 9.89453 -0.0573981 2.32622 -40.4017 -6.04875 7.11283 -4.4686 -15.866 -0.779096 -9.8844 12.4959 -5.96354e-16 -5.59082e-16 -1.27471e-14 
-5.3165 92.1354 73.8673 -8.60371 7.16546 -176.273 0 5.07867 -1.15138 -3.65756 4.12528 -0.331141 0 5.61661 1.07143 -2.78833 2.92594 -0.782011 -1.02604e-17 5.98978 0.11501 -2.09553 2.16494 -0.754216 -1.10457e-17 6.50583 -0.443523 -1.26952 0.513055 -0.82364 -1.97295e-17 7.60548 -1.50593 -0.605997 -0.448552 -0.82495 -2.53307e-17 9.49737 -0.914492 -0.0396273 -1.82076 -1.0404 -2.90401e-17 10.5513 1.57691 0.0771577 0.684647 -0.148114 -1.29193e-17 4.78644 0.715339 1.42573 7.89861 -8.02 -1.8116e-17 4.82109 0.421791 0.72316 -3.60533 -3.87222 -2.00958e-17 4.83041 0.765062 1.67886 -6.25364 3.43986 1.23299 -7.60731 7.53374 18.1664 5.67932 -3.49564 12.9547 3.2495 -3.26872 -82.5918 51.1132 9.11926 29.2081 0.0598081 0.137039 4.27498 -0.771378 -21.0405 24.234 0.0496219 0.113701 -23.6009 -59.8546 -21.6335 -1.23299 -7.60729 7.53365 -21.2142 3.17382 2.13003 -12.9547 3.2495 -3.26872 82.4789 41.8338 -3.19288 -29.2081 0.0598081 0.137039 -3.73081 -0.580114 18.2654 -24.234 0.0496218 0.113702 25.6519 -63.9262 19.2678 9.23673 -4.20556 2.0327 -3.769 4.31013 -18.1778 -0.852353 -38.7721 -0.655187 -1.01438 3.78815 -0.0325954 -2.32622 -40.4017 -6.04875 -4.98396 0.771856 16.005 0.779096 -9.8844 12.4959 1.16495e-15 -7.47744e-16 -3.49706e-17 -9.23673 -4.20556 2.0327 -17.9875 -3.3214 6.69264 0.852353 -38.7721 -0.655187 2.66549 9.90333 -0.0576575 2.32622 -40.4017 -6.04875 7.13508 -4.47731 -15.873 -0.779096 -9.8844 12.4959 -5.96354e-16 -5.59082e-16 -1.27471e-14 
-5.329 92.1348 73.8593 -8.66387 7.17102 -176.212 0 5.07867 -1.15138 -3.66915 4.11896 -0.325797 0 5.61661 1.07143 -2.79987 2.9208 -0.778053 -1.02604e-17 5.98978 0.11501 -2.10497 2.16274 -0.74993 -1.10457e-17 6.50583 -0.443523 -1.27683 0.51318 -0.819129 -1.97295e-17 7.60548 -1.50593 -0.609564 -0.444793 -0.819027 -2.53307e-17 9.49737 -0.914492 -0.038434 -1.81374 -1.03493 -2.90401e-17 10.5513 1.57691 0.0778733 0.686558 -0.148392 -1.29193e-17 4.78644 0.715339 1.4257 7.89043 -7.99335 -1.8116e-17 4.82109 0.421791 0.738913 -3.62562 -3.86176 -2.00958e-17 4.83041 0.765062 1.64198 -6.24942 3.45609 1.23299 -7.60731 7.53374 18.1463 5.67924 -3.48114 12.9547 3.2495 -3.26872 -82.5181 51.1121 9.02648 29.2081 0.0598081 0.137039 4.26607 -0.768007 -20.9947 24.234 0.0496219 0.113701 -23.5775 -59.8066 -21.5885 -1.23299 -7.60729 7.53365 -21.1987 3.16515 2.11566 -12.9547 3.2495 -3.26872 82.4091 41.7799 -3.14204 -29.2081 0.0598081 0.137039 -3.7439 -0.584366 18.3316 -24.234 0.0496218 0.113702 25.5286 -63.8829 19.1474 9.23673 -4.20556 2.0327 -3.83989 4.31614 -18.2262 -0.852353 -38.7721 -0.655187 -1.01382 3.78608 -0.0325959 -2.32622 -40.4017 -6.04875 -4.99279 0.807526 16.0052 0.779096 -9.8844 12.4959 1.99165e-15 -7.09157e-16 -7.35579e-17 -9.23673 -4.20556 2.0327 -18.0666 -3.31021 6.66691 0.852353 -38.7721 -0.655187 2.67067 9.92227 -0.0582174 2.32622 -40.4017 -6.04875 7.15784 -4.49536 -15.8726 -0.779096 -9.8844 12.4959 -5.96354e-16 -5.59082e-16 -1.27471e-14 
-5.29971 92.1391 73.7957 -8.72461 7.14651 -176.141 0 5.07867 -1.15138 -3.69738 4.05877 -0.323782 0 5.61661 1.07143 -2.82514 2.87886 -0.779719 -1.02604e-17 5.98978 0.11501 -2.12481 2.13727 -0.751665 -1.10457e-17 6.50583 -0.443523 -1.29055 0.514675 -0.821095 -1.97295e-17 7.60548 -1.50593 -0.617789 -0.423998 -0.818638 -2.53307e-17 9.49737 -0.914492 -0.0411891 -1.78279 -1.03541 -2.90401e-17 10.5513 1.57691 0.0780216 0.685181 -0.149574 -1.29193e-17 4.78644 0.715339 1.41988 7.88485 -7.96407 -1.8116e-17 4.82109 0.421791 0.722237 -3.59764 -3.85174 -2.00958e-17 4.83041 0.765062 1.69066 -6.2256 3.50845 1.23299 -7.60731 7.53374 18.1773 5.67455 -3.45056 12.9547 3.2495 -3.26872 -82.5598 51.0723 9.05175 29.2081 0.0598081 0.137039 4.25972 -0.76561 -20.962 24.234 0.0496219 0.113701 -23.4517 -59.7136 -21.4427 -1.23299 -7.60729 7.53365 -21.1612 3.13953 2.10428 -12.9547 3.2495 -3.26872 82.4089 41.7274 -3.12424 -29.2081 0.0598081 0.137039 -3.75917 -0.589349 18.4088 -24.234 0.0496218 0.113702 25.327 -63.8096 18.9369 9.23673 -4.20556 2.0327 -3.88589 4.35123 -18.2637 -0.852353 -38.7721 -0.655187 -1.0007 3.73711 -0.0326021 -2.32622 -40.4017 -6.04875 -5.00002 0.861629 16.0077 0.779096 -9.8844 12.4959 1.2386e-15 -7.44456e-16 -3.82585e-17 -9.23673 -4.20556 2.0327 -18.1202 -3.26662 6.6239 0.852353 -38.7721 -0.655187 2.66819 9.91319 -0.057949 2.32622 -40.4017 -6.04875 7.16392 -4.56436 -15.8677 -0.779096 -9.8844 12.4959 -5.96354e-16 -5.59082e-16 -1.27471e-14 
-5.30036 92.1372 73.7722 -8.77305 7.11612 -176.069 0 5.07867 -1.15138 -3.70509 4.04438 -0.326405 0 5.61661 1.07143 -2.83231 2.86514 -0.78312 -1.02604e-17 5.98978 0.11501 -2.13035 2.12177 -0.754603 -1.10457e-17 6.50583 -0.443523 -1.29383 0.498473 -0.824073 -1.97295e-17 7.60548 -1.50593 -0.619278 -0.437366 -0.821257 -2.53307e-17 9.49737 -0.914492 -0.0414471 -1.8015 -1.03878 -2.90401e-17 10.5513 1.57691 0.0789148 0.685975 -0.150019 -1.29193e-17 4.78644 0.715339 1.41822 7.86199 -7.87865 -1.8116e-17 4.82109 0.421791 0.73666 -3.58649 -3.81384 -2.00958e-17 4.83041 0.765062 1.64612 -6.1778 3.46708 1.23299 -7.60731 7.53374 18.2329 5.68604 -3.42688 12.9547 3.2495 -3.26872 -82.687 51.0609 9.10004 29.2081 0.0598081 0.137039 4.25912 -0.765385 -20.959 24.234 0.0496219 0.113701 -23.3066 -59.6494 -21.3245 -1.23299 -7.60729 7.53365 -21.218 3.13596 2.09376 -12.9547 3.2495 -3.26872 82.3457 41.6887 -3.14733 -29.2081 0.0598081 0.137039 -3.77947 -0.596011 18.5116 -24.234 0.0496218 0.113702 25.4031 -63.726 18.9963 9.23673 -4.20556 2.0327 -3.93864 4.36246 -18.2927 -0.852353 -38.7721 -0.655187 -0.985628 3.68087 -0.0325954 -2.32622 -40.4017 -6.04875 -5.00808 0.884409 16.0083 0.779096 -9.8844 12.4959 -7.17683e-16 -8.30109e-16 4.73946e-17 -9.23673 -4.20556 2.0327 -18.1828 -3.25662 6.59447 0.852353 -38.7721 -0.655187 2.6655 9.90335 -0.0576581 2.32622 -40.4017 -6.04875 7.1852 -4.60771 -15.863 -0.779096 -9.8844 12.4959 -5.96354e-16 -5.59082e-16 -1.27471e-14 
-5.30358 92.1329 73.7515 -8.83591 7.05764 -175.983 0 5.07867 -1.15138 -3.70217 4.00625 -0.326328 0 5.61661 1.07143 -2.83182 2.83693 -0.781998 -1.02604e-17 5.98978 0.11501 -2.13099 2.10042 -0.752661 -1.10457e-17 6.50583 -0.443523 -1.29546 0.49032 -0.82167 -1.97295e-17 7.60548 -1.50593 -0.621545 -0.434501 -0.818315 -2.53307e-17 9.49737 -0.914492 -0.0441737 -1.79882 -1.03538 -2.90401e-17 10.5513 1.57691 0.0797695 0.686744 -0.14916 -1.29193e-17 4.78644 0.715339 1.4053 7.85934 -7.81281 -1.8116e-17 4.82109 0.421791 0.728329 -3.57038 -3.78644 -2.00958e-17 4.83041 0.765062 1.62508 -6.17732 3.41077 1.23299 -7.60731 7.53374 18.2747 5.67408 -3.3604 12.9547 3.2495 -3.26872 -82.9919 51.0646 9.08131 29.2081 0.0598081 0.137039 4.26746 -0.768532 -21.0018 24.234 0.0496219 0.113701 -22.6322 -59.5565 -20.7369 -1.23299 -7.60729 7.53365 -21.2357 3.11904 2.06558 -12.9547 3.2495 -3.26872 82.2666 41.5656 -3.13607 -29.2081 0.0598081 0.137039 -3.7962 -0.601529 18.5964 -24.234 0.0496218 0.113702 25.2945 -63.5988 18.8886 9.23673 -4.20556 2.0327 -4.01017 4.33511 -18.3426 -0.852353 -38.7721 -0.655187 -0.974306 3.63861 -0.0325806 -2.32622 -40.4017 -6.04875 -5.00551 0.905313 16.0063 0.779096 -9.8844 12.4959 3.80515e-18 -7.96125e-16 1.34104e-17 -9.23673 -4.20556 2.0327 -18.2658 -3.29161 6.51204 0.852353 -38.7721 -0.655187 2.67413 9.93495 -0.0585933 2.32622 -40.4017 -6.04875 7.17259 -4.66411 -15.8595 -0.779096 -9.8844 12.4959 -5.96354e-16 -5.59082e-16 -1.27471e-14 
-5.30747 92.1306 73.7313 -8.87816 7.01789 -175.89 0 5.07867 -1.15138 -3.70374 3.99264 -0.324704 0 5.61661 1.07143 -2.83482 2.82294 -0.78106 -1.02604e-17 5.98978 0.11501 -2.13347 2.08512 -0.75124 -1.10457e-17 6.50583 -0.443523 -1.29787 0.471321 -0.819554 -1.97295e-17 7.60548 -1.50593 -0.622558 -0.450499 -0.815285 -2.53307e-17 9.49737 -0.914492 -0.0435416 -1.81401 -1.03224 -2.90401e-17 10.5513 1.57691 0.0790366 0.691519 -0.148306 -1.29193e-17 4.78644 0.715339 1.40358 7.82956 -7.84558 -1.8116e-17 4.82109 0.421791 0.733222 -3.5515 -3.8017 -2.00958e-17 4.83041 0.765062 1.62859 -6.12884 3.48075 1.23299 -7.60731 7.53374 18.2361 5.67057 -3.30636 12.9547 3.2495 -3.26872 -82.9347 50.8507 9.00469 29.2081 0.0598081 0.137039 4.25937 -0.76548 -20.9603 24.234 0.0496219 0.113701 -22.3074 -59.1786 -20.3792 -1.23299 -7.60729 7.53365 -21.2011 3.12515 2.04568 -12.9547 3.2495 -3.26872 82.2258 41.5028 -3.15368 -29.2081 0.0598081 0.137039 -3.81929 -0.609191 18.7134 -24.234 0.0496218 0.113702 25.0829 -63.5276 18.7465 9.23673 -4.20556 2.0327 -4.05671 4.33539 -18.409 -0.852353 -38.7721 -0.655187 -0.958261 3.57872 -0.0325453 -2.32622 -40.4017 -6.04875 -4.99706 0.925784 16.0008 0.779096 -9.8844 12.4959 2.73415e-15 -6.74188e-16 -1.08527e-16 -9.23673 -4.20556 2.0327 -18.3299 -3.29277 6.43768 0.852353 -38.7721 -0.655187 2.67549 9.93991 -0.0587404 2.32622 -40.4017 -6.04875 7.21385 -4.70841 -15.8587 -0.779096 -9.8844 12.4959 -5.96354e-16 -5.59082e-16 -1.27471e-14 
-5.3122 92.1284 73.7118 -8.92348 6.97845 -175.785 0 5.07867 -1.15138 -3.71656 3.9787 -0.327025 0 5.61661 1.07143 -2.84665 2.81009 -0.787522 -1.02604e-17 5.98978 0.11501 -2.14247 2.07097 -0.757958 -1.10457e-17 6.50583 -0.443523 -1.30451 0.455095 -0.825619 -1.97295e-17 7.60548 -1.50593 -0.626682 -0.466608 -0.820459 -2.53307e-17 9.49737 -0.914492 -0.0447069 -1.82911 -1.03616 -2.90401e-17 10.5513 1.57691 0.0791513 0.696783 -0.149162 -1.29193e-17 4.78644 0.715339 1.41066 7.77935 -7.77235 -1.8116e-17 4.82109 0.421791 0.773265 -3.51026 -3.76648 -2.00958e-17 4.83041 0.765062 1.60051 -6.06984 3.43897 1.23299 -7.60731 7.53374 18.0249 5.67797 -3.28418 12.9547 3.2495 -3.26872 -82.9544 50.5943 8.95808 29.2081 0.0598081 0.137039 4.2512 -0.7624 -20.9182 24.234 0.0496219 0.113701 -21.391 -58.8166 -19.5818 -1.23299 -7.60729 7.53365 -21.212 3.11988 2.01936 -12.9547 3.2495 -3.26872 82.1513 41.3881 -3.14623 -29.2081 0.0598081 0.137039 -3.84725 -0.618539 18.8552 -24.234 0.0496218 0.113702 25.0098 -63.3931 18.6469 9.23673 -4.20556 2.0327 -4.10783 4.33983 -18.4953 -0.852353 -38.7721 -0.655187 -0.939825 3.5099 -0.0324839 -2.32622 -40.4017 -6.04875 -4.99581 0.950431 15.9975 0.779096 -9.8844 12.4959 9.85315e-17 -7.91849e-16 9.1346e-18 -9.23673 -4.20556 2.0327 -18.3922 -3.28878 6.34452 0.852353 -38.7721 -0.655187 2.67604 9.94193 -0.0588005 2.32622 -40.4017 -6.04875 7.1865 -4.73486 -15.8539 -0.779096 -9.8844 12.4959 -5.96354e-16 -5.59082e-16 -1.27471e-14 
-5.31738 92.1274 73.693 -8.97683 6.9562 -175.68 0 5.07867 -1.15138 -3.70232 3.94618 -0.322228 0 5.61661 1.07143 -2.83917 2.78576 -0.779911 -1.02604e-17 5.98978 0.11501 -2.13941 2.05451 -0.748646 -1.10457e-17 6.50583 -0.443523 -1.30576 0.454049 -0.814797 -1.97295e-17 7.60548 -1.50593 -0.629528 -0.458898 -0.80934 -2.53307e-17 9.49737 -0.914492 -0.0458081 -1.81801 -1.02158 -2.90401e-17 10.5513 1.57691 0.0798028 0.699109 -0.148606 -1.29193e-17 4.78644 0.715339 1.41637 7.77417 -7.7469 -1.8116e-17 4.82109 0.421791 0.784316 -3.48019 -3.75434 -2.00958e-17 4.83041 0.765062 1.55372 -6.05908 3.37681 1.23299 -7.60731 7.53374 17.8763 5.64719 -3.23829 12.9547 3.2495 -3.26872 -82.9204 50.3313 8.72088 29.2081 0.0598081 0.137039 4.21603 -0.749231 -20.7377 24.234 0.0496219 0.113701 -20.628 -58.2844 -18.8863 -1.23299 -7.60729 7.53365 -21.2854 3.0994 1.95807 -12.9547 3.2495 -3.26872 82.0114 41.4083 -3.19724 -29.2081 0.0598081 0.137039 -3.87005 -0.626221 18.9709 -24.234 0.0496218 0.113702 25.3836 -63.4741 19.0265 9.23673 -4.20556 2.0327 -4.16435 4.36609 -18.5797 -0.852353 -38.7721 -0.655187 -0.919223 3.43299 -0.0323892 -2.32622 -40.4017 -6.04875 -5.01813 0.9848 15.9987 0.779096 -9.8844 12.4959 1.96006e-15 -7.10473e-16 -7.22416e-17 -9.23673 -4.20556 2.0327 -18.4645 -3.29296 6.24605 0.852353 -38.7721 -0.655187 2.68912 9.9898 -0.0602282 2.32622 -40.4017 -6.04875 7.13725 -4.75255 -15.852 -0.779096 -9.8844 12.4959 -9.83397e-16 -5.46987e-16 -1.27229e-14 
-5.32328 92.1233 73.6745 -9.0143 6.89981 -175.575 0 5.07867 -1.15138 -3.68333 3.93511 -0.312835 0 5.61661 1.07143 -2.82912 2.77028 -0.767142 -1.02604e-17 5.98978 0.11501 -2.13447 2.03377 -0.734864 -1.10457e-17 6.50583 -0.443523 -1.30708 0.423367 -0.799492 -1.97295e-17 7.60548 -1.50593 -0.63221 -0.488116 -0.793491 -2.53307e-17 9.49737 -0.914492 -0.0473695 -1.84947 -1.00265 -2.90401e-17 10.5513 1.57691 0.0790051 0.706723 -0.147507 -1.29193e-17 4.78644 0.715339 1.421 7.7766 -7.80959 -1.8116e-17 4.82109 0.421791 0.768865 -3.4652 -3.78378 -2.00958e-17 4.83041 0.765062 1.53197 -5.99035 3.40883 1.23299 -7.60731 7.53374 17.7317 5.63574 -3.1857 12.9547 3.2495 -3.26872 -82.8036 50.0341 8.59082 29.2081 0.0598081 0.137039 4.18596 -0.738071 -20.5835 24.234 0.0496219 0.113701 -20.1905 -57.7024 -18.4927 -1.23299 -7.60729 7.53365 -21.2933 3.11552 1.90489 -12.9547 3.2495 -3.26872 82.0609 41.3426 -3.37058 -29.2081 0.0598081 0.137039 -3.89993 -0.636363 19.1227 -24.234 0.0496218 0.113702 25.5459 -63.6125 19.3367 9.23673 -4.20556 2.0327 -4.2083 4.3478 -18.6781 -0.852353 -38.7721 -0.655187 -0.903834 3.37554 -0.0323003 -2.32622 -40.4017 -6.04875 -4.99178 0.998342 15.9888 0.779096 -9.8844 12.4959 -6.96607e-16 -8.29121e-16 4.64067e-17 -9.23673 -4.20556 2.0327 -18.5284 -3.32892 6.14939 0.852353 -38.7721 -0.655187 2.70155 10.0353 -0.0615958 2.32622 -40.4017 -6.04875 7.15469 -4.79477 -15.8512 -0.779096 -9.8844 12.4959 -6.0688e-16 -5.58753e-16 -1.27464e-14 
-5.32924 92.1167 73.6752 -9.06342 6.83562 -175.434 0 5.07867 -1.15138 -4.14543 3.67215 -0.316797 0 5.61661 1.07143 -3.18842 2.6168 -0.89296 -1.02604e-17 5.98978 0.11501 -2.35893 1.99459 -0.875983 -1.10457e-17 6.50583 -0.443523 -1.43096 0.472998 -0.940694 -1.97295e-17 7.60548 -1.50593 -0.665546 -0.370292 -0.895304 -2.53307e-17 9.49737 -0.914492 -0.0190089 -1.51594 -1.18421 -2.90401e-17 10.5513 1.57691 0.0439489 0.784064 -0.164497 -1.29193e-17 4.78644 0.715339 1.46415 8.43507 -7.46514 -1.8116e-17 4.82109 0.421791 0.764474 -3.66837 -3.6421 -2.00958e-17 4.83041 0.765062 2.72837 -6.29395 3.89456 1.23299 -7.60731 7.53374 15.5817 5.45819 -2.20911 12.9547 3.2495 -3.26872 -80.4642 47.9186 7.52777 29.2081 0.0598081 0.137039 3.99135 -0.668057 -19.5889 24.234 0.0496219 0.113701 -17.6104 -55.8368 -15.6326 -1.23299 -7.60729 7.53365 -16.6227 2.95061 1.78213 -12.9547 3.2495 -3.26872 84.7129 37.0309 -1.32794 -29.2081 0.0598081 0.137039 -3.70023 -0.570237 18.1108 -24.234 0.0496218 0.113702 10.8609 -58.9388 6.88977 9.23673 -4.20556 2.0327 -4.27169 4.2386 -19.1859 -0.852353 -38.7721 -0.655187 -0.915282 3.41828 -0.0323679 -2.32622 -40.4017 -6.04875 -4.58038 1.06031 15.9103 0.779096 -9.8844 12.4959 3.90839e-16 -7.8403e-16 1.31578e-18 -9.23673 -4.20556 2.0327 -18.5375 -3.17034 5.8859 0.852353 -38.7721 -0.655187 2.62262 9.74629 -0.0530831 2.32622 -40.4017 -6.04875 6.79817 -4.75714 -15.8264 -0.779096 -9.8844 12.4959 -5.96354e-16 -5.59082e-16 -1.27471e-14 
-5.33712 92.1032 73.6908 -9.10265 6.73325 -175.276 0 5.07867 -1.15138 -4.40408 3.42339 -0.47908 0 5.61661 1.07143 -3.32059 2.49318 -1.14886 -1.02604e-17 5.98978 0.11501 -2.38586 1.97684 -1.13966 -1.10457e-17 6.50583 -0.443523 -1.3668 0.624074 -1.20306 -1.97295e-17 7.60548 -1.50593 -0.566923 -0.199625 -1.14908 -2.53307e-17 9.49737 -0.914492 0.0698394 -1.15159 -1.53057 -2.90401e-17 10.5513 1.57691 0.0214837 0.808314 -0.129633 -1.29193e-17 4.78644 0.715339 1.08466 6.8504 -6.25123 -1.8116e-17 4.82109 0.421791 0.741838 -3.45503 -3.11433 -2.00958e-17 4.83041 0.765062 2.86148 -5.27902 3.77126 1.23299 -7.60731 7.53374 14.4931 5.47764 -1.01191 12.9547 3.2495 -3.26872 -79.5455 45.9097 6.78929 29.2081 0.0598081 0.137039 3.91028 -0.640011 -19.1763 24.234 0.0496219 0.113701 -16.3654 -54.4299 -14.1713 -1.23299 -7.60729 7.53365 -10.7983 3.32811 2.7226 -12.9547 3.2495 -3.26872 81.482 29.5223 2.32314 -29.2081 0.0598081 0.137039 -3.25726 -0.437319 15.8851 -24.234 0.0496218 0.113702 6.34259 -51.0302 2.75593 9.23673 -4.20556 2.0327 -4.2912 4.15421 -19.2451 -0.852353 -38.7721 -0.655187 -0.90602 3.3837 -0.0323139 -2.32622 -40.4017 -6.04875 -5.46452 0.747762 16.1297 0.779096 -9.8844 12.4959 1.1965e-15 -7.46429e-16 -3.62853e-17 -9.23673 -4.20556 2.0327 -18.7374 -3.6136 5.63405 0.852353 -38.7721 -0.655187 2.80912 10.4284 -0.0738383 2.32622 -40.4017 -6.04875 7.14463 -4.91744 -15.8595 -0.779096 -9.8844 12.4959 -5.96354e-16 -5.59082e-16 -1.27471e-14 
-5.34499 92.0837 73.7266 -9.13483 6.59172 -175.089 0 5.07867 -1.15138 -4.58027 3.17188 -0.709938 0 5.61661 1.07143 -3.37947 2.33543 -1.45499 -1.02604e-17 5.98978 0.11501 -2.3582 1.86019 -1.44966 -1.10457e-17 6.50583 -0.443523 -1.26593 0.601969 -1.50861 -1.97295e-17 7.60548 -1.50593 -0.461538 -0.224408 -1.46474 -2.53307e-17 9.49737 -0.914492 0.124166 -1.06859 -1.93158 -2.90401e-17 10.5513 1.57691 -4.44255e-05 0.825865 -0.0890549 -1.29193e-17 4.78644 0.715339 0.795681 5.38596 -5.19649 -1.8116e-17 4.82109 0.421791 0.061504 -2.95702 -2.66678 -2.00958e-17 4.83041 0.765062 3.31617 -3.95379 4.11494 1.23299 -7.60731 7.53374 13.8517 5.59327 -0.0867616 12.9547 3.2495 -3.26872 -79.927 44.796 7.50102 29.2081 0.0598081 0.137039 3.84699 -0.618567 -18.8549 24.234 0.0496219 0.113701 -16.0666 -53.9993 -14.0557 -1.23299 -7.60729 7.53365 -5.7429 3.95013 3.98438 -12.9547 3.2495 -3.26872 79.2974 22.9699 4.41688 -29.2081 0.0598081 0.137039 -2.80292 -0.320157 13.6262 -24.234 0.0496218 0.113702 4.00389 -43.4235 1.86513 9.23673 -4.20556 2.0327 -4.35409 3.8931 -19.4594 -0.852353 -38.7721 -0.655187 -0.955459 3.56826 -0.0325374 -2.32622 -40.4017 -6.04875 -5.4359 0.564695 16.1887 0.779096 -9.8844 12.4959 5.64267e-17 -7.93823e-16 1.11083e-17 -9.23673 -4.20556 2.0327 -18.7793 -3.87353 5.41454 0.852353 -38.7721 -0.655187 2.89721 10.7498 -0.0844157 2.32622 -40.4017 -6.04875 6.53254 -4.88216 -15.8884 -0.779096 -9.8844 12.4959 -5.96354e-16 -5.59082e-16 -1.27471e-14 
-5.34858 92.0552 73.7879 -9.13328 6.41029 -174.859 0 5.07867 -1.15138 -4.7098 2.97713 -0.82029 0 5.61661 1.07143 -3.42998 2.21302 -1.61021 -1.02604e-17 5.98978 0.11501 -2.33881 1.79856 -1.60133 -1.10457e-17 6.50583 -0.443523 -1.19091 0.641547 -1.65004 -1.97295e-17 7.60548 -1.50593 -0.353388 -0.158991 -1.61228 -2.53307e-17 9.49737 -0.914492 0.240286 -0.86349 -2.14777 -2.90401e-17 10.5513 1.57691 -0.00104696 0.844825 -0.0488429 -1.29193e-17 4.78644 0.715339 0.718904 4.21275 -4.63996 -1.8116e-17 4.82109 0.421791 0.0131292 -2.9236 -2.42866 -2.00958e-17 4.83041 0.765062 3.07555 -2.9405 4.27976 1.23299 -7.60731 7.53374 13.0224 5.57612 0.657262 12.9547 3.2495 -3.26872 -78.6938 44.6846 7.03233 29.2081 0.0598081 0.137039 3.74189 -0.583829 -18.3224 24.234 0.0496219 0.113701 -16.897 -53.9167 -14.919 -1.23299 -7.60729 7.53365 -1.83598 4.57666 4.79667 -12.9547 3.2495 -3.26872 77.2478 17.5282 5.9348 -29.2081 0.0598081 0.137039 -2.49699 -0.251907 12.1166 -24.234 0.0496218 0.113702 3.0292 -37.4947 2.41607 9.23673 -4.20556 2.0327 -4.36189 3.58161 -19.7115 -0.852353 -38.7721 -0.655187 -1.00033 3.73575 -0.0326021 -2.32622 -40.4017 -6.04875 -5.59631 0.344116 16.2271 0.779096 -9.8844 12.4959 4.11891e-16 -7.83044e-16 3.28944e-19 -9.23673 -4.20556 2.0327 -18.8574 -4.35582 5.79592 0.852353 -38.7721 -0.655187 3.06259 11.3515 -0.105609 2.32622 -40.4017 -6.04875 6.69984 -5.00142 -15.9371 -0.779096 -9.8844 12.4959 -5.96354e-16 -5.59082e-16 -1.27471e-14 
-5.34604 92.0131 73.8779 -9.107 6.17335 -174.572 0 5.07867 -1.15138 -4.7539 2.66414 -0.906586 0 5.61661 1.07143 -3.42709 2.03463 -1.72528 -1.02604e-17 5.98978 0.11501 -2.30091 1.73458 -1.72036 -1.10457e-17 6.50583 -0.443523 -1.1227 0.782496 -1.76529 -1.97295e-17 7.60548 -1.50593 -0.281501 0.0759961 -1.73405 -2.53307e-17 9.49737 -0.914492 0.299606 -0.477759 -2.30603 -2.90401e-17 10.5513 1.57691 -0.00365965 0.834828 -0.0236463 -1.29193e-17 4.78644 0.715339 0.58598 3.05406 -4.19683 -1.8116e-17 4.82109 0.421791 -0.225093 -2.72129 -2.24288 -2.00958e-17 4.83041 0.765062 3.12169 -2.37324 4.48347 1.23299 -7.60731 7.53374 12.1726 5.45037 1.05052 12.9547 3.2495 -3.26872 -78.0326 44.65 6.99789 29.2081 0.0598081 0.137039 3.86639 -0.625102 -18.9533 24.234 0.0496219 0.113701 -16.0641 -54.2515 -14.2299 -1.23299 -7.60729 7.53365 0.670216 4.90948 5.44409 -12.9547 3.2495 -3.26872 76.0038 13.0373 7.25856 -29.2081 0.0598081 0.137039 -2.38465 -0.228957 11.5643 -24.234 0.0496218 0.113702 2.29471 -32.4217 2.71503 9.23673 -4.20556 2.0327 -4.36018 3.1168 -20.0389 -0.852353 -38.7721 -0.655187 -1.0826 4.04273 -0.0323794 -2.32622 -40.4017 -6.04875 -5.64706 0.0444419 16.2553 0.779096 -9.8844 12.4959 -1.89984e-15 -8.79475e-16 9.67608e-17 -9.23673 -4.20556 2.0327 -18.9225 -4.94197 5.79012 0.852353 -38.7721 -0.655187 3.2585 12.0614 -0.13296 2.32622 -40.4017 -6.04875 6.77081 -5.1234 -16.0022 -0.779096 -9.8844 12.4959 -5.96354e-16 -5.59082e-16 -1.27471e-14 
-5.32859 91.9575 73.9983 -9.03953 5.89997 -174.259 0 5.07867 -1.15138 -4.75264 2.52309 -0.97359 0 5.61661 1.07143 -3.40891 1.94664 -1.79872 -1.02604e-17 5.98978 0.11501 -2.26718 1.67294 -1.79053 -1.10457e-17 6.50583 -0.443523 -1.07586 0.773342 -1.83132 -1.97295e-17 7.60548 -1.50593 -0.23511 0.119991 -1.80338 -2.53307e-17 9.49737 -0.914492 0.329005 -0.386777 -2.40355 -2.90401e-17 10.5513 1.57691 -0.00314644 0.840791 -0.000324893 -1.29193e-17 4.78644 0.715339 0.493607 2.14107 -3.64902 -1.8116e-17 4.82109 0.421791 -0.393175 -2.48488 -2.0084 -2.00958e-17 4.83041 0.765062 3.10553 -1.73819 4.34501 1.23299 -7.60731 7.53374 12.143 5.47572 1.3786 12.9547 3.2495 -3.26872 -77.7639 44.9421 6.72757 29.2081 0.0598081 0.137039 3.98357 -0.665341 -19.5492 24.234 0.0496219 0.113701 -15.5366 -54.5924 -13.6096 -1.23299 -7.60729 7.53365 2.15838 5.14359 5.84251 -12.9547 3.2495 -3.26872 75.3011 10.8057 7.93865 -29.2081 0.0598081 0.137039 -2.45419 -0.24303 11.9061 -24.234 0.0496218 0.113702 1.60961 -29.3394 2.71618 9.23673 -4.20556 2.0327 -4.32181 2.65127 -20.4153 -0.852353 -38.7721 -0.655187 -1.14201 4.26434 -0.0319439 -2.32622 -40.4017 -6.04875 -5.61421 -0.288438 16.261 0.779096 -9.8844 12.4959 1.52039e-15 -7.36966e-16 -4.57488e-17 -9.23673 -4.20556 2.0327 -18.9418 -5.81249 6.02567 0.852353 -38.7721 -0.655187 3.56484 13.1648 -0.180581 2.32622 -40.4017 -6.04875 6.44297 -5.09694 -16.0363 -0.779096 -9.8844 12.4959 -2.09311e-16 -5.83272e-16 -1.27592e-14 
-5.29186 91.8885 74.1457 -8.90938 5.56919 -173.92 0 5.07867 -1.15138 -4.71442 2.46536 -1.01482 0 5.61661 1.07143 -3.37397 1.90507 -1.84225 -1.02604e-17 5.98978 0.11501 -2.23207 1.62151 -1.83612 -1.10457e-17 6.50583 -0.443523 -1.04077 0.712298 -1.87634 -1.97295e-17 7.60548 -1.50593 -0.207333 0.0900521 -1.85083 -2.53307e-17 9.49737 -0.914492 0.335569 -0.400002 -2.46422 -2.90401e-17 10.5513 1.57691 -0.00468998 0.84988 0.0127216 -1.29193e-17 4.78644 0.715339 0.4152 1.39333 -3.41589 -1.8116e-17 4.82109 0.421791 -0.504696 -2.22404 -1.91194 -2.00958e-17 4.83041 0.765062 3.12407 -1.18173 4.64559 1.23299 -7.60731 7.53374 11.9121 5.56542 1.52691 12.9547 3.2495 -3.26872 -77.5576 44.9391 6.74708 29.2081 0.0598081 0.137039 4.12526 -0.715831 -20.2726 24.234 0.0496219 0.113701 -14.704 -54.6006 -12.8802 -1.23299 -7.60729 7.53365 3.01598 5.31547 6.08365 -12.9547 3.2495 -3.26872 74.9711 9.28417 8.30664 -29.2081 0.0598081 0.137039 -2.61371 -0.276944 12.6916 -24.234 0.0496218 0.113702 1.20538 -26.818 2.70201 9.23673 -4.20556 2.0327 -4.21304 2.08474 -20.8558 -0.852353 -38.7721 -0.655187 -1.21186 4.52477 -0.0311373 -2.32622 -40.4017 -6.04875 -5.59617 -0.706765 16.2508 0.779096 -9.8844 12.4959 -3.2009e-16 -8.05589e-16 2.28744e-17 -9.23673 -4.20556 2.0327 -18.9214 -6.89832 6.75367 0.852353 -38.7721 -0.655187 3.93173 14.4748 -0.245337 2.32622 -40.4017 -6.04875 6.81041 -5.20591 -16.1344 -0.779096 -9.8844 12.4959 -5.85828e-16 -5.5974e-16 -1.27474e-14 
-5.22387 91.8246 74.3151 -8.74159 5.27731 -173.542 0 5.07867 -1.15138 -4.65231 2.42329 -1.02398 0 5.61661 1.07143 -3.32845 1.8761 -1.8438 -1.02604e-17 5.98978 0.11501 -2.19669 1.58465 -1.83618 -1.10457e-17 6.50583 -0.443523 -1.01497 0.669208 -1.87567 -1.97295e-17 7.60548 -1.50593 -0.188946 0.0795356 -1.8509 -2.53307e-17 9.49737 -0.914492 0.340142 -0.415254 -2.47075 -2.90401e-17 10.5513 1.57691 -0.00171566 0.855046 0.0210398 -1.29193e-17 4.78644 0.715339 0.388734 0.926715 -3.03832 -1.8116e-17 4.82109 0.421791 -0.582865 -2.01191 -1.74693 -2.00958e-17 4.83041 0.765062 3.08228 -0.839479 4.65917 1.23299 -7.60731 7.53374 11.8837 5.64247 1.58778 12.9547 3.2495 -3.26872 -77.1192 45.126 6.21534 29.2081 0.0598081 0.137039 4.17208 -0.732959 -20.5124 24.234 0.0496219 0.113701 -14.3547 -54.3873 -12.6744 -1.23299 -7.60729 7.53365 3.42095 5.3691 6.16485 -12.9547 3.2495 -3.26872 74.7662 8.73197 8.63645 -29.2081 0.0598081 0.137039 -2.76383 -0.310959 13.4328 -24.234 0.0496218 0.113702 0.935214 -25.2826 2.84622 9.23673 -4.20556 2.0327 -4.04655 1.59413 -21.3248 -0.852353 -38.7721 -0.655187 -1.25307 4.67839 -0.030512 -2.32622 -40.4017 -6.04875 -5.55218 -1.06937 16.2243 0.779096 -9.8844 12.4959 7.88408e-16 -7.59182e-16 -2.35323e-17 -9.23673 -4.20556 2.0327 -18.7228 -8.05247 7.91911 0.852353 -38.7721 -0.655187 4.33395 15.895 -0.325877 2.32622 -40.4017 -6.04875 6.53001 -5.02223 -16.2113 -0.779096 -9.8844 12.4959 -9.83397e-16 -5.46987e-16 -1.27229e-14 
-5.10645 91.7722 74.5 -8.57837 4.99298 -173.123 0 5.07867 -1.15138 -4.57199 2.4375 -1.02212 0 5.61661 1.07143 -3.27182 1.88439 -1.83322 -1.02604e-17 5.98978 0.11501 -2.15739 1.56416 -1.82713 -1.10457e-17 6.50583 -0.443523 -0.992401 0.604778 -1.86762 -1.97295e-17 7.60548 -1.50593 -0.178273 0.0288251 -1.84379 -2.53307e-17 9.49737 -0.914492 0.333021 -0.485646 -2.46232 -2.90401e-17 10.5513 1.57691 -0.00126533 0.864353 0.0259464 -1.29193e-17 4.78644 0.715339 0.352529 0.485976 -2.76881 -1.8116e-17 4.82109 0.421791 -0.694958 -1.78425 -1.62954 -2.00958e-17 4.83041 0.765062 3.06185 -0.464196 4.94332 1.23299 -7.60731 7.53374 11.7557 5.75291 1.56354 12.9547 3.2495 -3.26872 -76.7829 45.1229 5.82069 29.2081 0.0598081 0.137039 4.2482 -0.761282 -20.9029 24.234 0.0496219 0.113701 -13.6188 -53.9016 -12.1964 -1.23299 -7.60729 7.53365 3.63826 5.42502 6.2261 -12.9547 3.2495 -3.26872 74.7245 8.29867 8.92465 -29.2081 0.0598081 0.137039 -2.95038 -0.356086 14.357 -24.234 0.0496218 0.113702 0.745593 -23.8742 2.92711 9.23673 -4.20556 2.0327 -3.85503 1.10075 -21.7945 -0.852353 -38.7721 -0.655187 -1.28598 4.80103 -0.0299331 -2.32622 -40.4017 -6.04875 -5.57598 -1.35629 16.206 0.779096 -9.8844 12.4959 1.20703e-15 -7.45772e-16 -3.6943e-17 -9.23673 -4.20556 2.0327 -18.4719 -9.28724 9.43145 0.852353 -38.7721 -0.655187 4.77198 17.4209 -0.42477 2.32622 -40.4017 -6.04875 6.76788 -4.84861 -16.3476 -0.779096 -9.8844 12.4959 -9.93923e-16 -5.46658e-16 -1.27222e-14 
-4.92101 91.7372 74.6986 -8.41163 4.71058 -172.65 0 5.07867 -1.15138 -4.47797 2.43743 -0.994903 0 5.61661 1.07143 -3.21083 1.88656 -1.79084 -1.02604e-17 5.98978 0.11501 -2.12054 1.54678 -1.78376 -1.10457e-17 6.50583 -0.443523 -0.978087 0.562886 -1.82509 -1.97295e-17 7.60548 -1.50593 -0.175529 0.0110667 -1.8008 -2.53307e-17 9.49737 -0.914492 0.323896 -0.531365 -2.41306 -2.90401e-17 10.5513 1.57691 -4.8761e-05 0.866355 0.0279795 -1.29193e-17 4.78644 0.715339 0.333919 0.180506 -2.33698 -1.8116e-17 4.82109 0.421791 -0.79912 -1.58979 -1.43799 -2.00958e-17 4.83041 0.765062 2.97384 -0.187976 4.9889 1.23299 -7.60731 7.53374 11.8682 5.84827 1.51035 12.9547 3.2495 -3.26872 -76.4299 45.1815 5.10044 29.2081 0.0598081 0.137039 4.29502 -0.778994 -21.1435 24.234 0.0496219 0.113701 -12.9432 -53.3531 -11.8624 -1.23299 -7.60729 7.53365 3.60661 5.41169 6.17837 -12.9547 3.2495 -3.26872 74.6447 8.72654 9.19661 -29.2081 0.0598081 0.137039 -3.13048 -0.402693 15.2526 -24.234 0.0496218 0.113702 0.703005 -23.1404 3.09197 9.23673 -4.20556 2.0327 -3.6249 0.593596 -22.2837 -0.852353 -38.7721 -0.655187 -1.31175 4.89704 -0.0294305 -2.32622 -40.4017 -6.04875 -5.66843 -1.53083 16.1916 0.779096 -9.8844 12.4959 1.60459e-15 -7.33348e-16 -4.93671e-17 -9.23673 -4.20556 2.0327 -18.0124 -10.559 11.612 0.852353 -38.7721 -0.655187 5.2246 18.9731 -0.538972 2.32622 -40.4017 -6.04875 6.63632 -4.43776 -16.4561 -0.779096 -9.8844 12.4959 1.71535e-15 -6.67607e-16 -1.28432e-14 
-4.65078 91.7303 74.9082 -8.29819 4.53457 -172.156 0 5.07867 -1.15138 -4.38833 2.41336 -0.945641 0 5.61661 1.07143 -3.156 1.88846 -1.72891 -1.02604e-17 5.98978 0.11501 -2.09081 1.54701 -1.72261 -1.10457e-17 6.50583 -0.443523 -0.971552 0.566232 -1.76602 -1.97295e-17 7.60548 -1.50593 -0.177359 0.0521684 -1.74137 -2.53307e-17 9.49737 -0.914492 0.31588 -0.506361 -2.3417 -2.90401e-17 10.5513 1.57691 -0.00291067 0.858472 0.0259488 -1.29193e-17 4.78644 0.715339 0.306134 -0.0479886 -1.95059 -1.8116e-17 4.82109 0.421791 -0.937703 -1.40309 -1.26711 -2.00958e-17 4.83041 0.765062 2.85576 0.0211248 5.26947 1.23299 -7.60731 7.53374 11.9919 5.91798 1.4458 12.9547 3.2495 -3.26872 -76.0495 45.0963 4.28502 29.2081 0.0598081 0.137039 4.37116 -0.808286 -21.5358 24.234 0.0496219 0.113701 -12.0785 -52.8859 -11.4234 -1.23299 -7.60729 7.53365 3.50075 5.36287 6.03567 -12.9547 3.2495 -3.26872 74.5675 9.33102 9.55069 -29.2081 0.0598081 0.137039 -3.30831 -0.451678 16.1405 -24.234 0.0496218 0.113702 0.740432 -22.3378 3.20804 9.23673 -4.20556 2.0327 -3.38722 0.148202 -22.8076 -0.852353 -38.7721 -0.655187 -1.3402 5.003 -0.0288254 -2.32622 -40.4017 -6.04875 -5.90402 -1.52363 16.2026 0.779096 -9.8844 12.4959 -1.09414e-15 -8.41873e-16 5.91584e-17 -9.23673 -4.20556 2.0327 -17.2082 -11.7166 15.41 0.852353 -38.7721 -0.655187 5.66459 20.4564 -0.661442 2.32622 -40.4017 -6.04875 6.66476 -3.94786 -16.6142 -0.779096 -9.8844 12.4959 -2.46836e-15 -4.89474e-16 -1.2665e-14 
-4.27984 91.7357 75.1173 -8.29514 4.39542 -171.585 0 5.07867 -1.15138 -4.3525 2.33012 -0.881445 0 5.61661 1.07143 -3.14582 1.87774 -1.664 -1.02604e-17 5.98978 0.11501 -2.09552 1.55704 -1.65808 -1.10457e-17 6.50583 -0.443523 -0.990588 0.614379 -1.70575 -1.97295e-17 7.60548 -1.50593 -0.193696 0.156195 -1.676 -2.53307e-17 9.49737 -0.914492 0.303142 -0.420863 -2.25669 -2.90401e-17 10.5513 1.57691 -0.010011 0.838076 0.0156459 -1.29193e-17 4.78644 0.715339 0.287297 -0.296936 -1.30483 -1.8116e-17 4.82109 0.421791 -1.13715 -1.2345 -0.981285 -2.00958e-17 4.83041 0.765062 2.77452 0.249394 5.42183 1.23299 -7.60731 7.53374 12.3464 5.97091 1.41323 12.9547 3.2495 -3.26872 -75.7033 44.9279 3.29638 29.2081 0.0598081 0.137039 4.44079 -0.835595 -21.8953 24.234 0.0496219 0.113701 -11.2904 -52.402 -11.0678 -1.23299 -7.60729 7.53365 3.29855 5.26141 5.73578 -12.9547 3.2495 -3.26872 74.5562 10.2934 10.0506 -29.2081 0.0598081 0.137039 -3.4422 -0.490524 16.8115 -24.234 0.0496218 0.113702 0.800638 -21.6858 3.42517 9.23673 -4.20556 2.0327 -3.20146 -0.308617 -23.3588 -0.852353 -38.7721 -0.655187 -1.38023 5.15209 -0.0278843 -2.32622 -40.4017 -6.04875 -6.29303 -1.34677 16.2255 0.779096 -9.8844 12.4959 7.67332e-16 -7.6017e-16 -2.25444e-17 -9.23673 -4.20556 2.0327 -15.8328 -12.6251 21.4373 0.852353 -38.7721 -0.655187 6.06028 21.7676 -0.781008 2.32622 -40.4017 -6.04875 5.92609 -3.35452 -16.7294 -0.779096 -9.8844 12.4959 -2.6197e-16 -5.81297e-16 -1.27569e-14 
-3.77657 91.7306 75.3002 -8.37536 4.1288 -170.868 0 5.07867 -1.15138 -4.38347 2.25518 -0.82868 0 5.61661 1.07143 -3.18194 1.887 -1.62274 -1.02604e-17 5.98978 0.11501 -2.13093 1.57613 -1.61679 -1.10457e-17 6.50583 -0.443523 -1.02762 0.635506 -1.66922 -1.97295e-17 7.60548 -1.50593 -0.218073 0.222561 -1.63014 -2.53307e-17 9.49737 -0.914492 0.28649 -0.390667 -2.1855 -2.90401e-17 10.5513 1.57691 -0.0211633 0.814449 -0.000579561 -1.29193e-17 4.78644 0.715339 0.282791 -0.690396 -0.479489 -1.8116e-17 4.82109 0.421791 -1.30439 -0.974884 -0.610571 -2.00958e-17 4.83041 0.765062 2.66256 0.521702 5.65797 1.23299 -7.60731 7.53374 12.6941 6.03301 1.38444 12.9547 3.2495 -3.26872 -75.5585 44.5621 2.58002 29.2081 0.0598081 0.137039 4.53502 -0.873362 -22.3832 24.234 0.0496219 0.113701 -10.3394 -51.8167 -10.7075 -1.23299 -7.60729 7.53365 3.03206 5.19393 5.43323 -12.9547 3.2495 -3.26872 74.7272 11.2129 10.5395 -29.2081 0.0598081 0.137039 -3.57513 -0.530781 17.4798 -24.234 0.0496218 0.113702 0.904515 -20.7868 3.64499 9.23673 -4.20556 2.0327 -3.04428 -0.921532 -23.9071 -0.852353 -38.7721 -0.655187 -1.43476 5.3551 -0.0264344 -2.32622 -40.4017 -6.04875 -6.90112 -1.1739 16.2915 0.779096 -9.8844 12.4959 4.32948e-16 -7.82056e-16 -6.58184e-19 -9.23673 -4.20556 2.0327 -14.0724 -13.3555 28.1629 0.852353 -38.7721 -0.655187 6.44523 23.0216 -0.905699 2.32622 -40.4017 -6.04875 5.55043 -3.1325 -16.8629 -0.779096 -9.8844 12.4959 2.89752e-15 -7.16974e-16 -1.28925e-14 
-3.12886 91.696 75.4428 -8.37003 3.61065 -170.055 0 5.07867 -1.15138 -4.38173 2.17506 -0.770932 0 5.61661 1.07143 -3.19137 1.87066 -1.56218 -1.02604e-17 5.98978 0.11501 -2.14978 1.5317 -1.5523 -1.10457e-17 6.50583 -0.443523 -1.05518 0.519616 -1.61303 -1.97295e-17 7.60548 -1.50593 -0.242863 0.148839 -1.55956 -2.53307e-17 9.49737 -0.914492 0.251531 -0.575039 -2.08657 -2.90401e-17 10.5513 1.57691 -0.0304022 0.794774 -0.0189784 -1.29193e-17 4.78644 0.715339 0.211018 -0.630106 0.426869 -1.8116e-17 4.82109 0.421791 -1.59149 -0.753161 -0.215781 -2.00958e-17 4.83041 0.765062 2.64914 0.72817 5.9303 1.23299 -7.60731 7.53374 14.6213 6.16466 1.50855 12.9547 3.2495 -3.26872 -75.691 44.6365 2.22182 29.2081 0.0598081 0.137039 4.71944 -0.949988 -23.3429 24.234 0.0496219 0.113701 -11.4621 -51.6118 -11.7295 -1.23299 -7.60729 7.53365 2.18252 5.08657 5.01424 -12.9547 3.2495 -3.26872 75.3324 12.6408 10.6988 -29.2081 0.0598081 0.137039 -3.69349 -0.568059 18.0769 -24.234 0.0496218 0.113702 1.12109 -19.8957 3.79529 9.23673 -4.20556 2.0327 -2.77428 -1.82797 -24.4063 -0.852353 -38.7721 -0.655187 -1.51027 5.63605 -0.0241067 -2.32622 -40.4017 -6.04875 -7.69132 -1.21656 16.3867 0.779096 -9.8844 12.4959 1.19649e-15 -7.4643e-16 -3.62848e-17 -9.23673 -4.20556 2.0327 -11.9435 -14.0647 34.0891 0.852353 -38.7721 -0.655187 6.86334 24.3586 -1.05025 2.32622 -40.4017 -6.04875 5.58626 -3.19769 -16.9166 -0.779096 -9.8844 12.4959 3.36881e-15 -7.32689e-16 -1.29083e-14 
-2.4043 91.6652 75.5768 -8.29791 3.05109 -168.981 0 5.07867 -1.15138 -4.35599 2.10523 -0.734198 0 5.61661 1.07143 -3.16901 1.86523 -1.51887 -1.02604e-17 5.98978 0.11501 -2.14022 1.50704 -1.50472 -1.10457e-17 6.50583 -0.443523 -1.05777 0.435229 -1.57171 -1.97295e-17 7.60548 -1.50593 -0.252699 0.106047 -1.50887 -2.53307e-17 9.49737 -0.914492 0.223353 -0.716659 -2.00955 -2.90401e-17 10.5513 1.57691 -0.0312575 0.768609 -0.0342233 -1.29193e-17 4.78644 0.715339 0.21654 -1.00129 1.8892 -1.8116e-17 4.82109 0.421791 -1.79241 -0.499832 0.442378 -2.00958e-17 4.83041 0.765062 2.40523 1.21086 5.64455 1.23299 -7.60731 7.53374 16.0659 6.32594 1.35088 12.9547 3.2495 -3.26872 -76.4995 45.1435 2.07332 29.2081 0.0598081 0.137039 5.0434 -1.09351 -25.0451 24.234 0.0496219 0.113701 -9.97944 -51.9383 -10.7457 -1.23299 -7.60729 7.53365 1.44672 5.0851 4.8558 -12.9547 3.2495 -3.26872 75.6939 13.748 10.9894 -29.2081 0.0598081 0.137039 -3.84311 -0.61713 18.8344 -24.234 0.0496218 0.113702 1.42359 -18.8355 3.66211 9.23673 -4.20556 2.0327 -2.43746 -2.87904 -25.0708 -0.852353 -38.7721 -0.655187 -1.60471 5.98722 -0.020672 -2.32622 -40.4017 -6.04875 -8.59893 -1.2643 16.5111 0.779096 -9.8844 12.4959 1.99163e-15 -7.09158e-16 -7.3557e-17 -9.23673 -4.20556 2.0327 -9.96534 -14.4309 39.0384 0.852353 -38.7721 -0.655187 7.24575 25.558 -1.19057 2.32622 -40.4017 -6.04875 5.84724 -3.16072 -16.9566 -0.779096 -9.8844 12.4959 4.92749e-15 -8.05588e-16 -1.29811e-14 
-1.64732 91.656 75.7205 -8.32601 2.55857 -167.509 0 5.07867 -1.15138 -4.30449 1.98038 -0.693713 0 5.61661 1.07143 -3.12462 1.83896 -1.46974 -1.02604e-17 5.98978 0.11501 -2.11572 1.52417 -1.44945 -1.10457e-17 6.50583 -0.443523 -1.05568 0.489512 -1.51625 -1.97295e-17 7.60548 -1.50593 -0.264742 0.223279 -1.44416 -2.53307e-17 9.49737 -0.914492 0.199309 -0.621256 -1.90607 -2.90401e-17 10.5513 1.57691 -0.0345697 0.736799 -0.0461707 -1.29193e-17 4.78644 0.715339 0.284058 -1.63049 3.33651 -1.8116e-17 4.82109 0.421791 -2.08204 -0.308222 1.09915 -2.00958e-17 4.83041 0.765062 2.08046 1.73071 5.38063 1.23299 -7.60731 7.53374 16.4551 6.29182 1.10383 12.9547 3.2495 -3.26872 -76.2108 45.1414 1.0295 29.2081 0.0598081 0.137039 5.2648 -1.19831 -26.2213 24.234 0.0496219 0.113701 -8.12214 -51.5438 -9.4213 -1.23299 -7.60729 7.53365 1.03162 5.09425 4.77493 -12.9547 3.2495 -3.26872 75.4369 15.0736 11.7037 -29.2081 0.0598081 0.137039 -3.90435 -0.637846 19.1454 -24.234 0.0496218 0.113702 1.56388 -18.3767 3.68839 9.23673 -4.20556 2.0327 -2.24249 -3.96618 -26.1309 -0.852353 -38.7721 -0.655187 -1.71934 6.413 -0.0157232 -2.32622 -40.4017 -6.04875 -9.70079 -1.06201 16.6683 0.779096 -9.8844 12.4959 8.5158e-16 -7.5655e-16 -2.61645e-17 -9.23673 -4.20556 2.0327 -8.54588 -14.2325 43.1603 0.852353 -38.7721 -0.655187 7.44654 26.1787 -1.26728 2.32622 -40.4017 -6.04875 5.89454 -2.97069 -16.9962 -0.779096 -9.8844 12.4959 -1.99707e-15 -5.05189e-16 -1.26808e-14 
-0.877962 91.6402 75.8554 -8.48602 1.95398 -165.612 0 5.07867 -1.15138 -4.22026 1.88654 -0.65542 0 5.61661 1.07143 -3.0534 1.8056 -1.41705 -1.02604e-17 5.98978 0.11501 -2.06849 1.5163 -1.38907 -1.10457e-17 6.50583 -0.443523 -1.03528 0.486822 -1.45586 -1.97295e-17 7.60548 -1.50593 -0.260732 0.264545 -1.37508 -2.53307e-17 9.49737 -0.914492 0.190023 -0.61222 -1.79898 -2.90401e-17 10.5513 1.57691 -0.0390871 0.714547 -0.0588469 -1.29193e-17 4.78644 0.715339 0.360517 -1.80702 4.45906 -1.8116e-17 4.82109 0.421791 -2.37976 -0.204181 1.60561 -2.00958e-17 4.83041 0.765062 1.49742 2.17531 5.61931 1.23299 -7.60731 7.53374 17.1391 6.22821 0.922272 12.9547 3.2495 -3.26872 -74.4545 45.0513 -0.451437 29.2081 0.0598081 0.137039 5.42235 -1.27632 -27.0653 24.234 0.0496219 0.113701 -9.15333 -50.9375 -10.1535 -1.23299 -7.60729 7.53365 0.406828 5.12093 4.6126 -12.9547 3.2495 -3.26872 75.143 16.6133 12.2228 -29.2081 0.0598081 0.137039 -3.88744 -0.632086 19.0595 -24.234 0.0496218 0.113702 1.66468 -18.2921 4.00015 9.23673 -4.20556 2.0327 -2.31725 -5.26841 -27.4707 -0.852353 -38.7721 -0.655187 -1.87504 6.99047 -0.00763273 -2.32622 -40.4017 -6.04875 -10.8046 -0.686206 16.8528 0.779096 -9.8844 12.4959 4.591e-17 -7.94151e-16 1.14368e-17 -9.23673 -4.20556 2.0327 -7.83344 -13.6771 46.3411 0.852353 -38.7721 -0.655187 7.37232 25.95 -1.23869 2.32622 -40.4017 -6.04875 6.0786 -3.04863 -17.0873 -0.779096 -9.8844 12.4959 -2.51439e-16 -5.81626e-16 -1.27572e-14 
-0.126707 91.5767 75.9846 -8.69822 1.0787 -163.321 0 5.07867 -1.15138 -4.14392 1.718 -0.614287 0 5.61661 1.07143 -2.99471 1.69462 -1.35281 -1.02604e-17 5.98978 0.11501 -2.03173 1.45097 -1.31243 -1.10457e-17 6.50583 -0.443523 -1.02269 0.473987 -1.37741 -1.97295e-17 7.60548 -1.50593 -0.260699 0.314532 -1.28821 -2.53307e-17 9.49737 -0.914492 0.188593 -0.587602 -1.68468 -2.90401e-17 10.5513 1.57691 -0.0263416 0.685696 -0.0686837 -1.29193e-17 4.78644 0.715339 0.496457 -1.76317 6.02355 -1.8116e-17 4.82109 0.421791 -2.62911 -0.118861 2.32081 -2.00958e-17 4.83041 0.765062 0.769504 2.5587 5.22583 1.23299 -7.60731 7.53374 17.9935 6.20814 0.643326 12.9547 3.2495 -3.26872 -72.9718 46.0673 -2.1898 29.2081 0.0598081 0.137039 5.64337 -1.39069 -28.2596 24.234 0.0496219 0.113701 -8.87056 -51.0025 -10.0704 -1.23299 -7.60729 7.53365 -0.230291 5.13859 4.53665 -12.9547 3.2495 -3.26872 74.7133 17.7689 12.5738 -29.2081 0.0598081 0.137039 -3.88133 -0.63001 19.0284 -24.234 0.0496218 0.113702 1.93089 -18.2907 4.2042 9.23673 -4.20556 2.0327 -2.67407 -6.87963 -29.0591 -0.852353 -38.7721 -0.655187 -2.04591 7.62299 0.00305816 -2.32622 -40.4017 -6.04875 -11.8006 -0.295852 17.0066 0.779096 -9.8844 12.4959 -7.49229e-16 -8.31423e-16 4.87089e-17 -9.23673 -4.20556 2.0327 -7.72503 -13.1171 48.3481 0.852353 -38.7721 -0.655187 7.05689 24.9685 -1.12032 2.32622 -40.4017 -6.04875 5.88179 -3.4537 -17.0996 -0.779096 -9.8844 12.4959 -2.90805e-15 -4.6298e-16 -1.26385e-14 
0.602801 91.4525 76.1425 -8.95823 0.0129736 -160.673 0 5.07867 -1.15138 -4.09155 1.61781 -0.553475 0 5.61661 1.07143 -2.96711 1.59535 -1.26837 -1.02604e-17 5.98978 0.11501 -2.02587 1.37955 -1.21813 -1.10457e-17 6.50583 -0.443523 -1.04053 0.425409 -1.28181 -1.97295e-17 7.60548 -1.50593 -0.284337 0.312825 -1.18167 -2.53307e-17 9.49737 -0.914492 0.178235 -0.59906 -1.5518 -2.90401e-17 10.5513 1.57691 -0.0117306 0.662083 -0.0726017 -1.29193e-17 4.78644 0.715339 0.587182 -1.68269 7.22328 -1.8116e-17 4.82109 0.421791 -2.96977 -0.070254 2.86481 -2.00958e-17 4.83041 0.765062 0.264319 2.94967 5.3535 1.23299 -7.60731 7.53374 19.0167 6.22025 0.154951 12.9547 3.2495 -3.26872 -69.8675 47.0112 -4.42197 29.2081 0.0598081 0.137039 5.87283 -1.51569 -29.5131 24.234 0.0496219 0.113701 -10.4249 -51.3997 -11.4516 -1.23299 -7.60729 7.53365 -0.793413 5.2628 4.69339 -12.9547 3.2495 -3.26872 73.9107 19.3233 12.8791 -29.2081 0.0598081 0.137039 -3.87882 -0.629158 19.0157 -24.234 0.0496218 0.113702 2.07276 -19.3078 4.40423 9.23673 -4.20556 2.0327 -3.29044 -8.5626 -30.9679 -0.852353 -38.7721 -0.655187 -2.16309 8.05595 0.0114842 -2.32622 -40.4017 -6.04875 -12.8284 0.0732524 17.1164 0.779096 -9.8844 12.4959 3.78619e-18 -7.96126e-16 1.34113e-17 -9.23673 -4.20556 2.0327 -7.99997 -12.6142 49.0618 0.852353 -38.7721 -0.655187 6.68622 23.7954 -0.987872 2.32622 -40.4017 -6.04875 5.50674 -4.40433 -17.0828 -0.779096 -9.8844 12.4959 -6.5954e-16 -5.56449e-16 -1.27441e-14 
1.3058 91.249 76.3399 -9.24455 -1.11951 -157.661 0 5.07867 -1.15138 -3.99932 1.32909 -0.457817 0 5.61661 1.07143 -2.92306 1.35156 -1.13767 -1.02604e-17 5.98978 0.11501 -2.01403 1.25989 -1.07402 -1.10457e-17 6.50583 -0.443523 -1.0637 0.519104 -1.12536 -1.97295e-17 7.60548 -1.50593 -0.31346 0.503414 -1.02102 -2.53307e-17 9.49737 -0.914492 0.192379 -0.312446 -1.37423 -2.90401e-17 10.5513 1.57691 0.0254193 0.644136 -0.062487 -1.29193e-17 4.78644 0.715339 0.823959 -1.5714 8.90184 -1.8116e-17 4.82109 0.421791 -3.01377 0.0506091 3.66106 -2.00958e-17 4.83041 0.765062 -0.797843 3.13241 4.56018 1.23299 -7.60731 7.53374 18.3757 6.08872 -0.440728 12.9547 3.2495 -3.26872 -67.1921 49.012 -7.65868 29.2081 0.0598081 0.137039 6.10854 -1.651 -30.8165 24.234 0.0496219 0.113701 -7.1251 -51.9684 -9.16833 -1.23299 -7.60729 7.53365 -0.951036 5.33415 4.98883 -12.9547 3.2495 -3.26872 72.5913 20.1912 13.288 -29.2081 0.0598081 0.137039 -3.85239 -0.620237 18.8815 -24.234 0.0496218 0.113702 2.23032 -20.3227 4.39153 9.23673 -4.20556 2.0327 -4.13206 -10.1144 -33.2389 -0.852353 -38.7721 -0.655187 -2.18292 8.12914 0.0129978 -2.32622 -40.4017 -6.04875 -13.6895 0.578733 17.1642 0.779096 -9.8844 12.4959 2.48481e-17 -7.95139e-16 1.2424e-17 -9.23673 -4.20556 2.0327 -8.60403 -12.4438 47.7449 0.852353 -38.7721 -0.655187 6.85754 24.3402 -1.04818 2.32622 -40.4017 -6.04875 2.89743 -10.5182 -16.6737 -0.779096 -9.8844 12.4959 -9.83392e-16 -5.46987e-16 -1.27229e-14 
2.0329 91.0313 76.5806 -9.45556 -2.28628 -154.552 0 5.07867 -1.15138 -3.88405 0.971644 -0.301 0 5.61661 1.07143 -2.8936 1.05341 -0.954614 -1.02604e-17 5.98978 0.11501 -2.03731 1.14543 -0.882963 -1.10457e-17 6.50583 -0.443523 -1.14743 0.748765 -0.914883 -1.97295e-17 7.60548 -1.50593 -0.411364 0.84079 -0.80182 -2.53307e-17 9.49737 -0.914492 0.16848 0.252392 -1.10603 -2.90401e-17 10.5513 1.57691 0.05414 0.650163 -0.0514657 -1.29193e-17 4.78644 0.715339 1.24438 -2.15776 10.4085 -1.8116e-17 4.82109 0.421791 -3.06427 0.252809 4.38798 -2.00958e-17 4.83041 0.765062 -1.70122 3.51478 3.99386 1.23299 -7.60731 7.53374 14.5569 5.81009 -1.39716 12.9547 3.2495 -3.26872 -63.2863 49.1425 -11.1821 29.2081 0.0598081 0.137039 6.05275 -1.61834 -30.5065 24.234 0.0496219 0.113701 -2.79758 -50.2591 -6.42534 -1.23299 -7.60729 7.53365 -0.267677 5.51353 5.51387 -12.9547 3.2495 -3.26872 70.2935 21.8497 14.0641 -29.2081 0.0598081 0.137039 -3.76219 -0.590304 18.4242 -24.234 0.0496218 0.113702 1.91969 -22.7483 4.47155 9.23673 -4.20556 2.0327 -4.90861 -11.1931 -36.1991 -0.852353 -38.7721 -0.655187 -1.95595 7.29018 -0.00280612 -2.32622 -40.4017 -6.04875 -14.5146 1.04004 17.1092 0.779096 -9.8844 12.4959 4.11886e-16 -7.83044e-16 3.29092e-19 -9.23673 -4.20556 2.0327 -9.77798 -11.8023 44.9707 0.852353 -38.7721 -0.655187 6.34443 22.6953 -0.872262 2.32622 -40.4017 -6.04875 2.17053 -12.1198 -16.5812 -0.779096 -9.8844 12.4959 -6.06885e-16 -5.58753e-16 -1.27464e-14 
2.89453 90.7819 76.9411 -9.42665 -3.82072 -151.702 0 5.07867 -1.15138 -3.67878 0.752458 -0.0841781 0 5.61661 1.07143 -2.81274 0.81005 -0.694812 -1.02604e-17 5.98978 0.11501 -2.0414 0.940626 -0.613079 -1.10457e-17 6.50583 -0.443523 -1.24627 0.656799 -0.63305 -1.97295e-17 7.60548 -1.50593 -0.538556 0.778049 -0.506281 -2.53307e-17 9.49737 -0.914492 0.10246 0.23373 -0.744871 -2.90401e-17 10.5513 1.57691 0.0821171 0.709126 -0.0446394 -1.29193e-17 4.78644 0.715339 1.52124 -2.26242 11.8555 -1.8116e-17 4.82109 0.421791 -3.1999 0.474026 5.05749 -2.00958e-17 4.83041 0.765062 -2.30499 4.26027 3.60292 1.23299 -7.60731 7.53374 12.2233 5.73717 -2.06918 12.9547 3.2495 -3.26872 -59.7531 48.4113 -14.3302 29.2081 0.0598081 0.137039 5.8735 -1.51607 -29.5168 24.234 0.0496219 0.113701 -2.81212 -47.8448 -6.90548 -1.23299 -7.60729 7.53365 -0.368996 5.78178 5.59655 -12.9547 3.2495 -3.26872 68.6729 24.5647 14.2497 -29.2081 0.0598081 0.137039 -3.58311 -0.533231 17.5198 -24.234 0.0496218 0.113702 1.86463 -25.7726 5.01944 9.23673 -4.20556 2.0327 -5.4881 -12.4684 -39.0748 -0.852353 -38.7721 -0.655187 -1.5544 5.80018 -0.0225741 -2.32622 -40.4017 -6.04875 -15.4557 1.75683 16.9688 0.779096 -9.8844 12.4959 8.09451e-16 -7.58525e-16 -2.41896e-17 -9.23673 -4.20556 2.0327 -10.6452 -12.1045 42.3935 0.852353 -38.7721 -0.655187 6.15536 22.0793 -0.811046 2.32622 -40.4017 -6.04875 0.405348 -14.6262 -16.4868 -0.779096 -9.8844 12.4959 -1.37042e-15 -5.34892e-16 -1.27108e-14 
4.0257 90.6374 77.4084 -8.83861 -5.66728 -149.033 0 5.07867 -1.15138 -3.42082 0.598227 0.178299 0 5.61661 1.07143 -2.68754 0.607524 -0.371211 -1.02604e-17 5.98978 0.11501 -2.01324 0.724736 -0.276731 -1.10457e-17 6.50583 -0.443523 -1.32563 0.459751 -0.289906 -1.97295e-17 7.60548 -1.50593 -0.646126 0.577909 -0.157779 -2.53307e-17 9.49737 -0.914492 0.054266 -0.0214235 -0.340463 -2.90401e-17 10.5513 1.57691 0.128182 0.770589 -0.0402206 -1.29193e-17 4.78644 0.715339 1.66199 -1.7941 13.5492 -1.8116e-17 4.82109 0.421791 -3.10522 0.636963 5.84909 -2.00958e-17 4.83041 0.765062 -2.98253 4.64782 2.82577 1.23299 -7.60731 7.53374 11.0003 5.83584 -2.72233 12.9547 3.2495 -3.26872 -57.7672 48.5044 -16.9507 29.2081 0.0598081 0.137039 5.78697 -1.46815 -29.0424 24.234 0.0496219 0.113701 -2.11371 -46.1877 -7.17822 -1.23299 -7.60729 7.53365 -0.862583 6.02944 5.48252 -12.9547 3.2495 -3.26872 67.7779 26.8915 14.3519 -29.2081 0.0598081 0.137039 -3.46006 -0.495809 16.9009 -24.234 0.0496218 0.113702 1.93055 -28.2169 5.20963 9.23673 -4.20556 2.0327 -5.55668 -14.1154 -41.1918 -0.852353 -38.7721 -0.655187 -1.00418 3.75009 -0.0326016 -2.32622 -40.4017 -6.04875 -16.3464 2.88655 16.8045 0.779096 -9.8844 12.4959 1.98109e-15 -7.09487e-16 -7.32273e-17 -9.23673 -4.20556 2.0327 -10.8632 -13.5002 40.3153 0.852353 -38.7721 -0.655187 6.10752 21.9226 -0.795869 2.32622 -40.4017 -6.04875 -1.17757 -15.6714 -16.4881 -0.779096 -9.8844 12.4959 -4.10073e-15 -4.13286e-16 -1.25888e-14 
5.46197 90.744 77.9924 -7.65996 -7.05189 -146.43 0 5.07867 -1.15138 -3.02829 0.46763 0.430687 0 5.61661 1.07143 -2.43098 0.464619 -0.0375076 -1.02604e-17 5.98978 0.11501 -1.87776 0.612554 0.0690343 -1.10457e-17 6.50583 -0.443523 -1.32164 0.43243 0.0599561 -1.97295e-17 7.60548 -1.50593 -0.70063 0.552139 0.181977 -2.53307e-17 9.49737 -0.914492 0.0190573 -0.0704268 0.0440035 -2.90401e-17 10.5513 1.57691 0.171451 0.80253 -0.0321235 -1.29193e-17 4.78644 0.715339 1.70177 -1.21792 15.3787 -1.8116e-17 4.82109 0.421791 -3.09061 0.624276 6.71417 -2.00958e-17 4.83041 0.765062 -3.46679 4.68979 2.05291 1.23299 -7.60731 7.53374 10.3364 5.7814 -3.29712 12.9547 3.2495 -3.26872 -56.3598 48.4456 -19.5534 29.2081 0.0598081 0.137039 5.76651 -1.45696 -28.9305 24.234 0.0496219 0.113701 -1.31457 -45.1635 -7.06342 -1.23299 -7.60729 7.53365 -1.15144 6.18812 5.51774 -12.9547 3.2495 -3.26872 66.3235 28.6295 15.3239 -29.2081 0.0598081 0.137039 -3.31913 -0.454728 16.1944 -24.234 0.0496218 0.113702 2.26239 -30.1912 5.11336 9.23673 -4.20556 2.0327 -4.7302 -15.4912 -42.2261 -0.852353 -38.7721 -0.655187 -0.369142 1.37833 -0.0196185 -2.32622 -40.4017 -6.04875 -16.8744 4.01297 16.5614 0.779096 -9.8844 12.4959 7.75265e-17 -7.92834e-16 1.01194e-17 -9.23673 -4.20556 2.0327 -10.2304 -15.3065 38.4307 0.852353 -38.7721 -0.655187 6.09733 21.8892 -0.792653 2.32622 -40.4017 -6.04875 -2.18258 -14.9708 -16.4404 -0.779096 -9.8844 12.4959 -2.62634e-15 -4.82562e-16 -1.26581e-14 
6.93847 91.2995 78.7973 -8.01121 -6.70918 -143.36 0 5.07867 -1.15138 -2.5655 0.593107 0.620821 0 5.61661 1.07143 -2.08229 0.623205 0.236319 -1.02604e-17 5.98978 0.11501 -1.65054 0.902389 0.354974 -1.10457e-17 6.50583 -0.443523 -1.2223 0.966195 0.352517 -1.97295e-17 7.60548 -1.50593 -0.675956 1.05615 0.453881 -2.53307e-17 9.49737 -0.914492 0.0348635 0.559956 0.335005 -2.90401e-17 10.5513 1.57691 0.20096 0.800155 -0.0130849 -1.29193e-17 4.78644 0.715339 1.56746 -0.172373 16.5508 -1.8116e-17 4.82109 0.421791 -3.0282 0.191803 7.33465 -2.00958e-17 4.83041 0.765062 -4.6774 4.58575 2.02438 1.23299 -7.60731 7.53374 9.15412 5.36335 -3.97284 12.9547 3.2495 -3.26872 -53.3789 48.1315 -23.9755 29.2081 0.0598081 0.137039 5.60034 -1.36795 -28.0261 24.234 0.0496219 0.113701 -1.93822 -45.4418 -7.20955 -1.23299 -7.60729 7.53365 -0.969429 6.08539 5.91156 -12.9547 3.2495 -3.26872 63.696 28.996 17.1743 -29.2081 0.0598081 0.137039 -3.0544 -0.382613 14.8736 -24.234 0.0496218 0.113702 2.74942 -31.1565 4.4815 9.23673 -4.20556 2.0327 -4.47465 -14.8078 -41.711 -0.852353 -38.7721 -0.655187 0.217317 -0.810457 0.0156844 -2.32622 -40.4017 -6.04875 -17.4051 6.62168 16.828 0.779096 -9.8844 12.4959 4.11882e-16 -7.83044e-16 3.2924e-19 -9.23673 -4.20556 2.0327 -10.2831 -14.6039 35.8326 0.852353 -38.7721 -0.655187 5.85517 21.0906 -0.717928 2.32622 -40.4017 -6.04875 -2.95675 -12.3475 -16.2554 -0.779096 -9.8844 12.4959 -1.03607e-15 -5.45012e-16 -1.27206e-14 
8.20873 91.9201 79.5651 -8.35363 -6.69432 -140.362 0 5.07867 -1.15138 -2.20411 0.309848 0.762602 0 5.61661 1.07143 -1.83493 0.584897 0.433206 -1.02604e-17 5.98978 0.11501 -1.50607 1.22036 0.548544 -1.10457e-17 6.50583 -0.443523 -1.19273 1.88135 0.546866 -1.97295e-17 7.60548 -1.50593 -0.714838 2.10348 0.639479 -2.53307e-17 9.49737 -0.914492 -0.0341105 1.93634 0.562171 -2.90401e-17 10.5513 1.57691 0.21535 0.735702 -0.010097 -1.29193e-17 4.78644 0.715339 1.45597 0.755365 17.9523 -1.8116e-17 4.82109 0.421791 -3.27478 -0.354689 8.09978 -2.00958e-17 4.83041 0.765062 -5.71401 3.09246 1.7285 1.23299 -7.60731 7.53374 5.64691 4.94373 -4.91748 12.9547 3.2495 -3.26872 -52.9238 48.1801 -27.1004 29.2081 0.0598081 0.137039 5.30697 -1.21891 -26.4467 24.234 0.0496219 0.113701 2.86061 -43.6337 -4.57814 -1.23299 -7.60729 7.53365 -0.419449 5.63912 6.09038 -12.9547 3.2495 -3.26872 60.6794 29.0787 19.7244 -29.2081 0.0598081 0.137039 -2.69434 -0.294936 13.0892 -24.234 0.0496218 0.113702 3.57621 -31.325 4.95682 9.23673 -4.20556 2.0327 -4.48451 -14.2001 -38.2997 -0.852353 -38.7721 -0.655187 0.670827 -2.49773 0.0582354 -2.32622 -40.4017 -6.04875 -17.1954 8.89538 17.0392 0.779096 -9.8844 12.4959 4.22417e-16 -7.82715e-16 2.88531e-33 -9.23673 -4.20556 2.0327 -10.9773 -13.6571 32.5898 0.852353 -38.7721 -0.655187 5.39779 19.56 -0.585847 2.32622 -40.4017 -6.04875 -3.27731 -9.85586 -16.0341 -0.779096 -9.8844 12.4959 -1.76799e-15 -5.10373e-16 -1.2698e-14 
9.31498 92.2311 80.3906 -7.50904 -7.83606 -137.172 0 5.07867 -1.15138 -1.64177 -0.697119 0.93875 0 5.61661 1.07143 -1.46487 -3.49579e-05 0.686569 -1.02604e-17 5.98978 0.11501 -1.2892 1.1305 0.782074 -1.10457e-17 6.50583 -0.443523 -1.14115 2.59968 0.776354 -1.97295e-17 7.60548 -1.50593 -0.773493 3.17384 0.855168 -2.53307e-17 9.49737 -0.914492 -0.179542 3.35575 0.830589 -2.90401e-17 10.5513 1.57691 0.221144 0.643907 -0.0226229 -1.29193e-17 4.78644 0.715339 1.04138 2.0236 18.7918 -1.8116e-17 4.82109 0.421791 -3.69181 -0.412418 8.57413 -2.00958e-17 4.83041 0.765062 -6.74676 0.64579 1.33454 1.23299 -7.60731 7.53374 1.53182 4.47239 -4.96498 12.9547 3.2495 -3.26872 -59.794 49.6856 -25.5951 29.2081 0.0598081 0.137039 5.10686 -1.12298 -25.3811 24.234 0.0496219 0.113701 10.9057 -36.5996 -1.30681 -1.23299 -7.60729 7.53365 -0.505015 4.61503 5.13043 -12.9547 3.2495 -3.26872 58.5585 29.4146 21.5076 -29.2081 0.0598081 0.137039 -2.45077 -0.242309 11.8891 -24.234 0.0496218 0.113702 4.6001 -30.7983 5.26694 9.23673 -4.20556 2.0327 -4.51708 -14.9941 -32.5752 -0.852353 -38.7721 -0.655187 0.914748 -3.40215 0.0865812 -2.32622 -40.4017 -6.04875 -15.7979 9.19522 16.7156 0.779096 -9.8844 12.4959 1.19648e-15 -7.4643e-16 -3.62844e-17 -9.23673 -4.20556 2.0327 -11.8186 -14.3046 29.3273 0.852353 -38.7721 -0.655187 5.03086 18.3118 -0.488609 2.32622 -40.4017 -6.04875 -3.98066 -8.51988 -15.8088 -0.779096 -9.8844 12.4959 -2.40927e-16 -5.81955e-16 -1.27578e-14 
10.4785 92.4283 81.3307 -6.40194 -9.3827 -134.018 0 5.07867 -1.15138 -1.37107 -0.211435 1.0167 0 5.61661 1.07143 -1.32313 0.231189 0.834215 -1.02604e-17 5.98978 0.11501 -1.23342 1.07678 0.926609 -1.10457e-17 6.50583 -0.443523 -1.1747 2.12432 0.918016 -1.97295e-17 7.60548 -1.50593 -0.84744 2.42707 0.984582 -2.53307e-17 9.49737 -0.914492 -0.281515 2.43124 0.981973 -2.90401e-17 10.5513 1.57691 0.189368 0.721386 -0.00833479 -1.29193e-17 4.78644 0.715339 0.96558 1.56979 18.1434 -1.8116e-17 4.82109 0.421791 -4.16452 -0.596585 8.22645 -2.00958e-17 4.83041 0.765062 -6.03306 1.32402 3.91881 1.23299 -7.60731 7.53374 -0.540297 4.82834 -5.39473 12.9547 3.2495 -3.26872 -63.9945 44.3624 -21.4401 29.2081 0.0598081 0.137039 5.08891 -1.11461 -25.2861 24.234 0.0496219 0.113701 7.60501 -29.2153 -3.58053 -1.23299 -7.60729 7.53365 -0.809032 4.78899 4.6948 -12.9547 3.2495 -3.26872 58.4531 31.2937 20.6502 -29.2081 0.0598081 0.137039 -2.54673 -0.262414 12.3613 -24.234 0.0496218 0.113702 4.4487 -30.7999 5.13301 9.23673 -4.20556 2.0327 -4.92972 -16.4312 -26.2975 -0.852353 -38.7721 -0.655187 0.885934 -3.29545 0.0830348 -2.32622 -40.4017 -6.04875 -13.1296 9.07721 16.2672 0.779096 -9.8844 12.4959 2.37866e-15 -6.97063e-16 -8.56513e-17 -9.23673 -4.20556 2.0327 -13.1251 -15.7702 25.9788 0.852353 -38.7721 -0.655187 4.79908 17.5145 -0.431266 2.32622 -40.4017 -6.04875 -2.65961 -8.22684 -15.8736 -0.779096 -9.8844 12.4959 -1.98785e-16 -5.8393e-16 -1.27595e-14 
11.708 92.7636 82.4659 -5.94707 -10.9365 -130.515 0 5.07867 -1.15138 -1.40002 0.0743529 0.980811 0 5.61661 1.07143 -1.38202 0.378368 0.826366 -1.02604e-17 5.98978 0.11501 -1.28335 1.08251 0.915869 -1.10457e-17 6.50583 -0.443523 -1.20912 1.92481 0.910682 -1.97295e-17 7.60548 -1.50593 -0.857172 2.06944 0.971116 -2.53307e-17 9.49737 -0.914492 -0.274329 1.98259 0.944817 -2.90401e-17 10.5513 1.57691 0.176634 0.756656 0.00559592 -1.29193e-17 4.78644 0.715339 0.706028 2.52853 18.7852 -1.8116e-17 4.82109 0.421791 -4.1078 -0.724624 8.57945 -2.00958e-17 4.83041 0.765062 -6.76152 0.731135 4.4529 1.23299 -7.60731 7.53374 -1.17926 4.73153 -5.22814 12.9547 3.2495 -3.26872 -66.0553 41.6688 -20.005 29.2081 0.0598081 0.137039 5.30435 -1.21764 -26.4327 24.234 0.0496219 0.113701 5.79422 -24.9088 -3.04366 -1.23299 -7.60729 7.53365 -1.09022 4.64155 4.49041 -12.9547 3.2495 -3.26872 58.4706 31.5484 19.9019 -29.2081 0.0598081 0.137039 -2.67624 -0.290862 12.9999 -24.234 0.0496218 0.113702 4.74662 -29.2053 4.63999 9.23673 -4.20556 2.0327 -6.35843 -17.9127 -20.4799 -0.852353 -38.7721 -0.655187 0.528137 -1.96757 0.0434202 -2.32622 -40.4017 -6.04875 -11.2505 9.37483 16.1825 0.779096 -9.8844 12.4959 -3.39524e-15 -9.49737e-16 1.54928e-16 -9.23673 -4.20556 2.0327 -15.2504 -16.6465 22.4727 0.852353 -38.7721 -0.655187 4.52778 16.5729 -0.368211 2.32622 -40.4017 -6.04875 -1.76965 -7.12946 -15.8492 -0.779096 -9.8844 12.4959 -9.72852e-16 -5.47646e-16 -1.27232e-14 
13.027 93.2508 83.7817 -5.77442 -12.098 -126.541 0 5.07867 -1.15138 -1.08696 -0.422271 1.14598 0 5.61661 1.07143 -1.20228 0.108083 1.04403 -1.02604e-17 5.98978 0.11501 -1.19994 1.1138 1.10912 -1.10457e-17 6.50583 -0.443523 -1.21763 2.42943 1.10283 -1.97295e-17 7.60548 -1.50593 -0.916962 2.81091 1.16105 -2.53307e-17 9.49737 -0.914492 -0.360075 2.92293 1.14961 -2.90401e-17 10.5513 1.57691 0.186442 0.693675 -0.00136013 -1.29193e-17 4.78644 0.715339 -0.100368 4.62355 18.605 -1.8116e-17 4.82109 0.421791 -4.73956 -1.10076 8.50482 -2.00958e-17 4.83041 0.765062 -7.73231 -1.69325 3.82591 1.23299 -7.60731 7.53374 -2.1322 3.98019 -4.36875 12.9547 3.2495 -3.26872 -70.6593 44.2074 -18.5653 29.2081 0.0598081 0.137039 5.20314 -1.16858 -25.8927 24.234 0.0496219 0.113701 8.42914 -20.6139 -2.88946 -1.23299 -7.60729 7.53365 -1.3797 3.49042 3.51257 -12.9547 3.2495 -3.26872 57.407 30.9214 20.46 -29.2081 0.0598081 0.137039 -2.63498 -0.281644 12.7963 -24.234 0.0496218 0.113702 5.4978 -28.5049 3.97175 9.23673 -4.20556 2.0327 -8.05154 -19.1654 -15.2837 -0.852353 -38.7721 -0.655187 -0.071612 0.267261 -0.00449799 -2.32622 -40.4017 -6.04875 -9.8978 11.1774 16.231 0.779096 -9.8844 12.4959 2.63926e-15 -6.78471e-16 -1.04573e-16 -9.23673 -4.20556 2.0327 -17.6049 -16.7632 18.2106 0.852353 -38.7721 -0.655187 4.20933 15.4568 -0.299865 2.32622 -40.4017 -6.04875 -1.3608 -4.87711 -15.6828 -0.779096 -9.8844 12.4959 2.10235e-15 -6.79701e-16 -1.28553e-14 
14.4212 93.8236 84.9855 -5.70933 -12.436 -122.224 0 5.07867 -1.15138 -0.730616 0.173004 1.18668 0 5.61661 1.07143 -0.943871 0.526425 1.14249 -1.02604e-17 5.98978 0.11501 -1.04089 1.38436 1.19684 -1.10457e-17 6.50583 -0.443523 -1.15529 2.46637 1.18749 -1.97295e-17 7.60548 -1.50593 -0.935772 2.69485 1.23578 -2.53307e-17 9.49737 -0.914492 -0.441842 2.77085 1.23988 -2.90401e-17 10.5513 1.57691 0.16474 0.720966 0.00972255 -1.29193e-17 4.78644 0.715339 -0.38407 5.00881 17.7754 -1.8116e-17 4.82109 0.421791 -5.50029 -1.84438 8.06114 -2.00958e-17 4.83041 0.765062 -7.61171 -1.49099 4.72035 1.23299 -7.60731 7.53374 -2.9578 3.972 -4.4371 12.9547 3.2495 -3.26872 -72.9527 41.489 -17.3297 29.2081 0.0598081 0.137039 5.04022 -1.09206 -25.0284 24.234 0.0496219 0.113701 6.49371 -15.1611 -3.93165 -1.23299 -7.60729 7.53365 -1.13471 3.32083 3.21417 -12.9547 3.2495 -3.26872 57.0119 30.612 19.9623 -29.2081 0.0598081 0.137039 -2.66265 -0.287815 12.9329 -24.234 0.0496218 0.113702 5.33925 -28.4088 3.5863 9.23673 -4.20556 2.0327 -8.99761 -19.6426 -11.7621 -0.852353 -38.7721 -0.655187 -0.744036 2.77881 -0.0304639 -2.32622 -40.4017 -6.04875 -8.35452 13.7898 16.1004 0.779096 -9.8844 12.4959 2.80783e-15 -6.70898e-16 -1.11816e-16 -9.23673 -4.20556 2.0327 -19.4932 -15.9547 13.5288 0.852353 -38.7721 -0.655187 3.83229 14.121 -0.22696 2.32622 -40.4017 -6.04875 0.934175 -2.2365 -15.837 -0.779096 -9.8844 12.4959 3.73477e-15 -7.55891e-16 -1.29315e-14 
15.7557 94.3761 85.9286 -5.3539 -12.6803 -118.038 0 5.07867 -1.15138 -0.464497 -4.65002e-05 1.18593 0 5.61661 1.07143 -0.74669 0.502671 1.16413 -1.02604e-17 5.98978 0.11501 -0.910947 1.56839 1.19122 -1.10457e-17 6.50583 -0.443523 -1.09033 2.98144 1.17577 -1.97295e-17 7.60548 -1.50593 -0.945203 3.38179 1.2248 -2.53307e-17 9.49737 -0.914492 -0.529779 3.67505 1.24318 -2.90401e-17 10.5513 1.57691 0.145185 0.657606 -0.00125455 -1.29193e-17 4.78644 0.715339 -0.589169 5.63934 18.046 -1.8116e-17 4.82109 0.421791 -6.01149 -2.43771 8.20764 -2.00958e-17 4.83041 0.765062 -8.37495 -2.61326 4.21334 1.23299 -7.60731 7.53374 -4.72014 3.7489 -4.48208 12.9547 3.2495 -3.26872 -75.2643 38.524 -15.9373 29.2081 0.0598081 0.137039 4.98836 -1.06833 -24.7545 24.234 0.0496219 0.113701 6.67403 -9.56985 -3.91289 -1.23299 -7.60729 7.53365 -0.341521 2.7632 2.98062 -12.9547 3.2495 -3.26872 55.7902 29.4276 20.3753 -29.2081 0.0598081 0.137039 -2.68376 -0.292571 13.0371 -24.234 0.0496218 0.113702 5.75567 -27.7017 3.74573 9.23673 -4.20556 2.0327 -9.41261 -19.5139 -8.96697 -0.852353 -38.7721 -0.655187 -1.25917 4.70112 -0.03041 -2.32622 -40.4017 -6.04875 -7.76378 15.2386 16.0818 0.779096 -9.8844 12.4959 5.13004e-15 -5.7414e-16 -2.08575e-16 -9.23673 -4.20556 2.0327 -20.8614 -14.9708 9.30764 0.852353 -38.7721 -0.655187 3.37269 12.4737 -0.150021 2.32622 -40.4017 -6.04875 2.06802 0.905907 -15.8223 -0.779096 -9.8844 12.4959 7.64724e-15 -9.15099e-16 -1.31028e-14 
16.9724 94.824 86.6322 -5.16501 -12.9365 -114.153 0 5.07867 -1.15138 -0.186105 0.163111 1.15643 0 5.61661 1.07143 -0.54902 0.679384 1.18046 -1.02604e-17 5.98978 0.11501 -0.791386 1.78744 1.19957 -1.10457e-17 6.50583 -0.443523 -1.04892 3.28408 1.18128 -1.97295e-17 7.60548 -1.50593 -0.988234 3.73031 1.23115 -2.53307e-17 9.49737 -0.914492 -0.656516 4.10079 1.28327 -2.90401e-17 10.5513 1.57691 0.121183 0.633416 0.00120716 -1.29193e-17 4.78644 0.715339 -0.838893 5.87186 17.523 -1.8116e-17 4.82109 0.421791 -6.82064 -3.24542 7.92774 -2.00958e-17 4.83041 0.765062 -8.45167 -3.07173 5.04381 1.23299 -7.60731 7.53374 -5.37485 3.49894 -4.55744 12.9547 3.2495 -3.26872 -74.4991 35.8305 -16.7455 29.2081 0.0598081 0.137039 4.80491 -0.986768 -23.7901 24.234 0.0496219 0.113701 4.59648 -7.30208 -4.09839 -1.23299 -7.60729 7.53365 0.213812 2.3963 2.87425 -12.9547 3.2495 -3.26872 55.1329 28.8735 20.2489 -29.2081 0.0598081 0.137039 -2.76858 -0.312079 13.4562 -24.234 0.0496218 0.113702 5.68477 -27.4332 3.87074 9.23673 -4.20556 2.0327 -9.66151 -18.6989 -6.7321 -0.852353 -38.7721 -0.655187 -1.7194 6.41321 -0.0157206 -2.32622 -40.4017 -6.04875 -6.92264 15.9795 15.861 0.779096 -9.8844 12.4959 -3.70852e-15 -9.5854e-16 1.75825e-16 -9.23673 -4.20556 2.0327 -22.1589 -13.9089 5.34702 0.852353 -38.7721 -0.655187 3.04154 11.275 -0.102815 2.32622 -40.4017 -6.04875 3.30243 3.51901 -15.9148 -0.779096 -9.8844 12.4959 3.98963e-16 -6.04914e-16 -1.27808e-14 
18.0739 95.0878 87.224 -4.99309 -13.3744 -110.531 0 5.07867 -1.15138 -0.0725023 0.380732 1.05326 0 5.61661 1.07143 -0.45517 0.866905 1.09635 -1.02604e-17 5.98978 0.11501 -0.721382 1.95515 1.11349 -1.10457e-17 6.50583 -0.443523 -1.00181 3.43306 1.09474 -1.97295e-17 7.60548 -1.50593 -0.989151 3.87039 1.14829 -2.53307e-17 9.49737 -0.914492 -0.716487 4.27816 1.20953 -2.90401e-17 10.5513 1.57691 0.0997882 0.619223 0.0031862 -1.29193e-17 4.78644 0.715339 -0.89408 5.8167 18.1312 -1.8116e-17 4.82109 0.421791 -7.36223 -3.57873 8.21238 -2.00958e-17 4.83041 0.765062 -9.03994 -2.97555 5.00574 1.23299 -7.60731 7.53374 -5.69336 3.54874 -4.75148 12.9547 3.2495 -3.26872 -74.1471 33.9569 -17.0432 29.2081 0.0598081 0.137039 4.84068 -1.00238 -23.9775 24.234 0.0496219 0.113701 3.40433 -7.27147 -3.04311 -1.23299 -7.60729 7.53365 0.879096 2.35669 3.08387 -12.9547 3.2495 -3.26872 54.3926 28.5366 20.1174 -29.2081 0.0598081 0.137039 -2.91096 -0.346298 14.1613 -24.234 0.0496218 0.113702 5.45063 -26.9043 3.78872 9.23673 -4.20556 2.0327 -9.84946 -17.6325 -5.1577 -0.852353 -38.7721 -0.655187 -2.1745 8.09808 0.0123523 -2.32622 -40.4017 -6.04875 -6.39243 15.0607 15.7509 0.779096 -9.8844 12.4959 1.08053e-15 -7.51371e-16 -3.13432e-17 -9.23673 -4.20556 2.0327 -23.4769 -12.9048 2.26024 0.852353 -38.7721 -0.655187 2.78514 10.3409 -0.0710459 2.32622 -40.4017 -6.04875 4.43599 5.18875 -16.0834 -0.779096 -9.8844 12.4959 9.72843e-16 -6.32638e-16 -1.28082e-14 
19.1408 95.1248 87.7355 -4.44899 -14.0278 -107.28 0 5.07867 -1.15138 0.014946 0.502657 0.985266 0 5.61661 1.07143 -0.39943 0.969954 1.05013 -1.02604e-17 5.98978 0.11501 -0.694151 2.0471 1.06831 -1.10457e-17 6.50583 -0.443523 -1.00225 3.52703 1.0494 -1.97295e-17 7.60548 -1.50593 -1.0306 3.96924 1.10921 -2.53307e-17 9.49737 -0.914492 -0.803404 4.38586 1.19403 -2.90401e-17 10.5513 1.57691 0.0882194 0.60683 -0.000542113 -1.29193e-17 4.78644 0.715339 -1.12364 6.14095 18.5935 -1.8116e-17 4.82109 0.421791 -7.99491 -3.88682 8.40449 -2.00958e-17 4.83041 0.765062 -9.63056 -3.40861 5.1488 1.23299 -7.60731 7.53374 -5.55951 3.44905 -4.77295 12.9547 3.2495 -3.26872 -73.1366 33.3172 -17.925 29.2081 0.0598081 0.137039 4.66858 -0.928521 -23.0777 24.234 0.0496219 0.113701 2.37278 -9.68651 -2.76269 -1.23299 -7.60729 7.53365 1.00872 2.1765 3.07132 -12.9547 3.2495 -3.26872 54.089 28.8136 20.2404 -29.2081 0.0598081 0.137039 -3.03798 -0.378395 14.7921 -24.234 0.0496218 0.113702 5.07064 -26.5539 3.74595 9.23673 -4.20556 2.0327 -9.88159 -16.9383 -3.74401 -0.852353 -38.7721 -0.655187 -2.69135 9.99797 0.0604736 -2.32622 -40.4017 -6.04875 -5.70485 12.8808 15.6532 0.779096 -9.8844 12.4959 2.76567e-15 -6.72875e-16 -1.0984e-16 -9.23673 -4.20556 2.0327 -24.8152 -12.6088 -0.491686 0.852353 -38.7721 -0.655187 2.70087 10.0328 -0.0615201 2.32622 -40.4017 -6.04875 4.68515 5.93263 -16.0633 -0.779096 -9.8844 12.4959 3.3161e-15 -7.30383e-16 -1.29059e-14 
20.1686 95.0072 88.1574 -3.69569 -14.6905 -104.286 0 5.07867 -1.15138 0.0217682 0.64329 0.912105 0 5.61661 1.07143 -0.396849 1.05342 0.984511 -1.02604e-17 5.98978 0.11501 -0.698682 2.07125 1.00508 -1.10457e-17 6.50583 -0.443523 -1.01296 3.46828 0.9853 -1.97295e-17 7.60548 -1.50593 -1.06322 3.86772 1.0538 -2.53307e-17 9.49737 -0.914492 -0.864719 4.26431 1.15466 -2.90401e-17 10.5513 1.57691 0.0779337 0.609163 -0.00734517 -1.29193e-17 4.78644 0.715339 -1.16953 6.03255 19.2939 -1.8116e-17 4.82109 0.421791 -8.44418 -3.972 8.71645 -2.00958e-17 4.83041 0.765062 -10.226 -3.24148 5.44201 1.23299 -7.60731 7.53374 -5.52202 3.66351 -5.01726 12.9547 3.2495 -3.26872 -72.2619 32.567 -18.4945 29.2081 0.0598081 0.137039 4.46069 -0.84352 -21.9983 24.234 0.0496219 0.113701 1.6637 -13.242 -2.51014 -1.23299 -7.60729 7.53365 1.20117 2.26056 3.18491 -12.9547 3.2495 -3.26872 54.0836 29.1197 20.4885 -29.2081 0.0598081 0.137039 -3.15509 -0.409311 15.3751 -24.234 0.0496218 0.113702 4.46827 -25.7793 3.47225 9.23673 -4.20556 2.0327 -9.63232 -16.56 -2.71286 -0.852353 -38.7721 -0.655187 -3.27239 12.1116 0.134992 -2.32622 -40.4017 -6.04875 -5.22778 9.9166 15.653 0.779096 -9.8844 12.4959 -2.61057e-15 -9.12791e-16 1.30077e-16 -9.23673 -4.20556 2.0327 -26.1267 -12.6393 -2.76994 0.852353 -38.7721 -0.655187 2.71478 10.0837 -0.0630614 2.32622 -40.4017 -6.04875 5.20149 5.77828 -16.15 -0.779096 -9.8844 12.4959 -2.81312e-15 -4.66936e-16 -1.26425e-14 
21.1422 94.8691 88.5264 -3.07712 -15.0896 -101.242 0 5.07867 -1.15138 0.165573 0.0736472 1.1396 0 5.61661 1.07143 -0.342167 0.715462 1.21394 -1.02604e-17 5.98978 0.11501 -0.699408 2.02392 1.21158 -1.10457e-17 6.50583 -0.443523 -1.07423 3.85307 1.18558 -1.97295e-17 7.60548 -1.50593 -1.13686 4.54859 1.27254 -2.53307e-17 9.49737 -0.914492 -0.932774 5.15079 1.40335 -2.90401e-17 10.5513 1.57691 0.0923335 0.545531 -0.0341812 -1.29193e-17 4.78644 0.715339 -1.30398 6.48055 18.9177 -1.8116e-17 4.82109 0.421791 -8.49834 -4.13006 8.56009 -2.00958e-17 4.83041 0.765062 -11.2315 -4.17305 5.11617 1.23299 -7.60731 7.53374 -7.45563 3.84954 -5.13405 12.9547 3.2495 -3.26872 -72.9046 32.2607 -16.298 29.2081 0.0598081 0.137039 4.09327 -0.704277 -20.1092 24.234 0.0496219 0.113701 2.72466 -14.4074 -4.68571 -1.23299 -7.60729 7.53365 1.72964 1.91463 2.70657 -12.9547 3.2495 -3.26872 53.7088 28.4657 21.2953 -29.2081 0.0598081 0.137039 -3.13212 -0.403147 15.2607 -24.234 0.0496218 0.113702 4.18828 -25.3672 3.3357 9.23673 -4.20556 2.0327 -9.0516 -15.9572 -1.8381 -0.852353 -38.7721 -0.655187 -3.80279 14.0159 0.221627 -2.32622 -40.4017 -6.04875 -5.42034 6.95753 15.8149 0.779096 -9.8844 12.4959 3.38094e-16 -7.86338e-16 3.62327e-18 -9.23673 -4.20556 2.0327 -27.1568 -12.2369 -5.18294 0.852353 -38.7721 -0.655187 2.69515 10.0119 -0.0608903 2.32622 -40.4017 -6.04875 4.85071 5.79745 -16.0235 -0.779096 -9.8844 12.4959 -3.3688e-15 -4.47595e-16 -1.26232e-14 
22.1716 94.7384 88.9173 -2.87495 -15.0848 -98.2091 0 5.07867 -1.15138 0.692156 -0.526269 1.75255 0 5.61661 1.07143 -0.0616421 0.383063 1.87014 -1.02604e-17 5.98978 0.11501 -0.590344 2.06568 1.83035 -1.10457e-17 6.50583 -0.443523 -1.15456 4.40126 1.79616 -1.97295e-17 7.60548 -1.50593 -1.25639 5.47582 1.9087 -2.53307e-17 9.49737 -0.914492 -1.02222 6.33664 2.11148 -2.90401e-17 10.5513 1.57691 0.131895 0.495135 -0.0581436 -1.29193e-17 4.78644 0.715339 -1.71745 7.98356 16.4466 -1.8116e-17 4.82109 0.421791 -8.50702 -4.75879 7.36426 -2.00958e-17 4.83041 0.765062 -11.9001 -5.99286 4.71208 1.23299 -7.60731 7.53374 -10.787 4.0759 -5.03432 12.9547 3.2495 -3.26872 -73.9584 31.3057 -10.6489 29.2081 0.0598081 0.137039 3.85827 -0.622386 -18.9123 24.234 0.0496219 0.113701 3.01467 -12.5711 -9.36021 -1.23299 -7.60729 7.53365 2.31431 1.51516 1.391 -12.9547 3.2495 -3.26872 53.5728 27.0527 21.29 -29.2081 0.0598081 0.137039 -3.17138 -0.413713 15.4564 -24.234 0.0496218 0.113702 3.65555 -25.9757 3.03639 9.23673 -4.20556 2.0327 -7.96074 -15.0614 -0.844257 -0.852353 -38.7721 -0.655187 -4.31253 15.8198 0.321339 -2.32622 -40.4017 -6.04875 -5.7613 4.42219 15.9314 0.779096 -9.8844 12.4959 -7.38669e-16 -8.31093e-16 4.83786e-17 -9.23673 -4.20556 2.0327 -27.9608 -11.3833 -7.84356 0.852353 -38.7721 -0.655187 2.70985 10.0656 -0.0625134 2.32622 -40.4017 -6.04875 5.09268 6.05194 -16.0465 -0.779096 -9.8844 12.4959 -2.21825e-15 -4.95644e-16 -1.26712e-14 
23.2234 94.6197 89.3165 -2.78526 -14.8362 -95.1456 0 5.07867 -1.15138 1.02853 -0.140372 1.82564 0 5.61661 1.07143 0.164643 0.711682 2.0019 -1.02604e-17 5.98978 0.11501 -0.469195 2.34443 1.95213 -1.10457e-17 6.50583 -0.443523 -1.14801 4.6068 1.9096 -1.97295e-17 7.60548 -1.50593 -1.34477 5.66797 2.03331 -2.53307e-17 9.49737 -0.914492 -1.18716 6.55808 2.29436 -2.90401e-17 10.5513 1.57691 0.118519 0.488448 -0.05675 -1.29193e-17 4.78644 0.715339 -1.57705 6.85498 15.787 -1.8116e-17 4.82109 0.421791 -9.32069 -5.4809 7.02108 -2.00958e-17 4.83041 0.765062 -11.4847 -5.21631 5.0666 1.23299 -7.60731 7.53374 -12.5344 4.68085 -5.92086 12.9547 3.2495 -3.26872 -72.3837 26.929 -9.78215 29.2081 0.0598081 0.137039 4.36663 -0.806551 -21.5125 24.234 0.0496219 0.113701 0.889681 -13.0438 -7.32342 -1.23299 -7.60729 7.53365 2.94998 1.64118 1.47563 -12.9547 3.2495 -3.26872 53.27 26.9457 21.3614 -29.2081 0.0598081 0.137039 -3.58785 -0.534737 17.5437 -24.234 0.0496218 0.113702 2.10894 -26.616 1.65522 9.23673 -4.20556 2.0327 -6.57847 -14.3118 -0.545596 -0.852353 -38.7721 -0.655187 -4.81145 17.5572 0.434245 -2.32622 -40.4017 -6.04875 -5.45695 2.5211 15.8629 0.779096 -9.8844 12.4959 2.71297e-15 -6.7518e-16 -1.07534e-16 -9.23673 -4.20556 2.0327 -28.7596 -10.7823 -9.79525 0.852353 -38.7721 -0.655187 2.89565 10.7441 -0.0842243 2.32622 -40.4017 -6.04875 6.45404 6.5267 -16.3366 -0.779096 -9.8844 12.4959 5.55395e-15 -8.35612e-16 -1.30112e-14 
24.166 94.5478 89.6527 -2.65976 -14.5843 -92.0562 0 5.07867 -1.15138 0.986295 0.0717782 1.71276 0 5.61661 1.07143 0.14123 0.925004 1.88955 -1.02604e-17 5.98978 0.11501 -0.478593 2.54937 1.84344 -1.10457e-17 6.50583 -0.443523 -1.14542 4.83357 1.80087 -1.97295e-17 7.60548 -1.50593 -1.36505 5.91653 1.94019 -2.53307e-17 9.49737 -0.914492 -1.23768 6.84056 2.20447 -2.90401e-17 10.5513 1.57691 0.107157 0.466156 -0.0549934 -1.29193e-17 4.78644 0.715339 -1.14779 5.24595 16.7837 -1.8116e-17 4.82109 0.421791 -9.26281 -5.22571 7.54438 -2.00958e-17 4.83041 0.765062 -12.0812 -4.64096 4.30897 1.23299 -7.60731 7.53374 -12.9454 4.94031 -6.50777 12.9547 3.2495 -3.26872 -71.0319 24.0864 -10.7263 29.2081 0.0598081 0.137039 4.70705 -0.944753 -23.2784 24.234 0.0496219 0.113701 -0.132283 -16.3623 -4.19881 -1.23299 -7.60729 7.53365 3.8738 1.73167 2.25559 -12.9547 3.2495 -3.26872 52.2677 26.2283 21.9211 -29.2081 0.0598081 0.137039 -3.9423 -0.650894 19.3382 -24.234 0.0496218 0.113702 1.84463 -26.598 1.02223 9.23673 -4.20556 2.0327 -5.19014 -13.4173 -0.418332 -0.852353 -38.7721 -0.655187 -5.10558 18.5674 0.507773 -2.32622 -40.4017 -6.04875 -6.39077 1.00072 15.9618 0.779096 -9.8844 12.4959 9.86311e-17 -7.91845e-16 9.13016e-18 -9.23673 -4.20556 2.0327 -29.397 -9.97457 -11.3116 0.852353 -38.7721 -0.655187 2.97897 11.0475 -0.0946752 2.32622 -40.4017 -6.04875 7.17803 7.26424 -16.4943 -0.779096 -9.8844 12.4959 -3.91097e-15 -4.21522e-16 -1.25971e-14 
24.8649 94.5045 89.9829 -2.32755 -14.4389 -88.9828 0 5.07867 -1.15138 1.02428 -0.382965 1.53087 0 5.61661 1.07143 0.183193 0.689758 1.71333 -1.02604e-17 5.98978 0.11501 -0.440144 2.55137 1.66504 -1.10457e-17 6.50583 -0.443523 -1.1083 5.24762 1.62076 -1.97295e-17 7.60548 -1.50593 -1.38647 6.61339 1.76789 -2.53307e-17 9.49737 -0.914492 -1.35086 7.68186 2.05618 -2.90401e-17 10.5513 1.57691 0.0870972 0.394465 -0.0696874 -1.29193e-17 4.78644 0.715339 -0.8963 4.02968 16.8539 -1.8116e-17 4.82109 0.421791 -9.44333 -5.44863 7.60865 -2.00958e-17 4.83041 0.765062 -12.4168 -4.56274 4.98528 1.23299 -7.60731 7.53374 -12.8902 4.62474 -6.74009 12.9547 3.2495 -3.26872 -69.1845 22.7332 -13.4354 29.2081 0.0598081 0.137039 4.3703 -0.807973 -21.5315 24.234 0.0496219 0.113701 -1.0855 -21.362 -2.95018 -1.23299 -7.60729 7.53365 4.59807 1.29231 2.75916 -12.9547 3.2495 -3.26872 51.3158 26.1052 23.3816 -29.2081 0.0598081 0.137039 -4.04064 -0.685319 19.8393 -24.234 0.0496218 0.113702 1.55141 -26.3142 0.976846 9.23673 -4.20556 2.0327 -3.94302 -12.3305 0.449117 -0.852353 -38.7721 -0.655187 -5.16692 18.7767 0.523749 -2.32622 -40.4017 -6.04875 -7.28681 -0.200336 16.0343 0.779096 -9.8844 12.4959 -3.62181e-16 -8.07233e-16 2.45187e-17 -9.23673 -4.20556 2.0327 -30.1576 -9.13322 -13.3108 0.852353 -38.7721 -0.655187 3.05126 11.3103 -0.1041 2.32622 -40.4017 -6.04875 8.14069 7.88773 -16.75 -0.779096 -9.8844 12.4959 -7.65774e-15 -2.64858e-16 -1.24404e-14 
25.3474 94.3898 90.3415 -1.82145 -14.3837 -85.9571 0 5.07867 -1.15138 0.869689 -1.11391 1.56234 0 5.61661 1.07143 0.0580214 0.264943 1.71624 -1.02604e-17 5.98978 0.11501 -0.549788 2.50141 1.64323 -1.10457e-17 6.50583 -0.443523 -1.1998 5.74386 1.58403 -1.97295e-17 7.60548 -1.50593 -1.47999 7.54863 1.76503 -2.53307e-17 9.49737 -0.914492 -1.47165 8.87361 2.09459 -2.90401e-17 10.5513 1.57691 0.0885642 0.304766 -0.111069 -1.29193e-17 4.78644 0.715339 -0.146337 1.81679 16.4524 -1.8116e-17 4.82109 0.421791 -9.04281 -5.54785 7.49092 -2.00958e-17 4.83041 0.765062 -12.7853 -4.11265 5.66603 1.23299 -7.60731 7.53374 -15.7182 5.76601 -8.02693 12.9547 3.2495 -3.26872 -66.5055 18.675 -14.6105 29.2081 0.0598081 0.137039 3.60471 -0.540122 -17.6298 24.234 0.0496219 0.113701 -1.29357 -22.8365 -5.4833 -1.23299 -7.60729 7.53365 5.796 1.29155 3.22787 -12.9547 3.2495 -3.26872 50.2442 25.1975 25.2464 -29.2081 0.0598081 0.137039 -4.02214 -0.678767 19.7449 -24.234 0.0496218 0.113702 1.41794 -26.3354 1.75211 9.23673 -4.20556 2.0327 -2.91213 -11.0159 1.70323 -0.852353 -38.7721 -0.655187 -4.99243 18.1801 0.478883 -2.32622 -40.4017 -6.04875 -8.65709 -1.83576 15.9972 0.779096 -9.8844 12.4959 1.43077e-17 -7.95468e-16 1.27534e-17 -9.23673 -4.20556 2.0327 -30.9394 -8.11525 -15.2013 0.852353 -38.7721 -0.655187 3.05799 11.3347 -0.104995 2.32622 -40.4017 -6.04875 9.36591 7.81516 -17.0815 -0.779096 -9.8844 12.4959 6.9545e-15 -8.89827e-16 -1.30654e-14 
25.7484 94.193 90.677 -1.2853 -14.2682 -83.2454 0 5.07867 -1.15138 1.06085 -2.59021 2.71922 0 5.61661 1.07143 -0.0239904 -0.737206 2.90579 -1.02604e-17 5.98978 0.11501 -0.76872 2.16825 2.81031 -1.10457e-17 6.50583 -0.443523 -1.58368 6.2108 2.76377 -1.97295e-17 7.60548 -1.50593 -1.71872 8.71068 3.06329 -2.53307e-17 9.49737 -0.914492 -1.40207 10.314 3.52875 -2.90401e-17 10.5513 1.57691 0.230056 0.356438 -0.14352 -1.29193e-17 4.78644 0.715339 -1.17267 7.41368 11.6928 -1.8116e-17 4.82109 0.421791 -7.63121 -6.27551 5.20537 -2.00958e-17 4.83041 0.765062 -12.8058 -9.92141 3.95025 1.23299 -7.60731 7.53374 -19.6757 6.1599 -7.46754 12.9547 3.2495 -3.26872 -61.1021 18.4943 -7.73293 29.2081 0.0598081 0.137039 2.78461 -0.315978 -13.5366 24.234 0.0496219 0.113701 -5.92949 -19.4212 -15.8787 -1.23299 -7.60729 7.53365 6.89123 1.36473 1.43084 -12.9547 3.2495 -3.26872 50.2566 23.1116 23.9973 -29.2081 0.0598081 0.137039 -3.96209 -0.657746 19.4389 -24.234 0.0496218 0.113702 2.21965 -29.3874 3.91392 9.23673 -4.20556 2.0327 -1.79522 -9.75652 4.39451 -0.852353 -38.7721 -0.655187 -4.78185 17.455 0.427131 -2.32622 -40.4017 -6.04875 -9.66769 -2.71592 15.7572 0.779096 -9.8844 12.4959 -3.62181e-16 -8.07233e-16 2.45187e-17 -9.23673 -4.20556 2.0327 -31.4884 -6.67118 -18.3084 0.852353 -38.7721 -0.655187 2.91525 10.8155 -0.0866432 2.32622 -40.4017 -6.04875 10.408 6.98484 -17.4014 -0.779096 -9.8844 12.4959 -7.73909e-15 -2.53844e-16 -1.24415e-14 
26.187 93.9799 91.2025 -0.684132 -14.2998 -80.3095 0 5.07867 -1.15138 1.29478 -3.95293 3.00131 0 5.61661 1.07143 0.0493332 -1.60185 3.22794 -1.02604e-17 5.98978 0.11501 -0.818028 1.97874 3.10528 -1.10457e-17 6.50583 -0.443523 -1.77307 7.00505 3.05306 -1.97295e-17 7.60548 -1.50593 -1.98134 10.2698 3.42414 -2.53307e-17 9.49737 -0.914492 -1.69796 12.0747 4.03249 -2.90401e-17 10.5513 1.57691 0.260548 0.259025 -0.185204 -1.29193e-17 4.78644 0.715339 -1.17073 7.03518 9.94835 -1.8116e-17 4.82109 0.421791 -8.71305 -7.63396 4.35362 -2.00958e-17 4.83041 0.765062 -10.9968 -10.4781 3.99633 1.23299 -7.60731 7.53374 -21.2063 5.84828 -7.91494 12.9547 3.2495 -3.26872 -57.6628 18.0763 -8.55222 29.2081 0.0598081 0.137039 3.42685 -0.486138 -16.7354 24.234 0.0496219 0.113701 -6.31033 -21.3398 -11.3827 -1.23299 -7.60729 7.53365 6.90104 0.593928 0.904068 -12.9547 3.2495 -3.26872 50.3938 23.3113 25.1723 -29.2081 0.0598081 0.137039 -4.65259 -0.921687 22.9933 -24.234 0.0496218 0.113702 0.226305 -30.8857 0.818702 9.23673 -4.20556 2.0327 -1.43202 -8.65423 7.15718 -0.852353 -38.7721 -0.655187 -4.4474 16.2923 0.350379 -2.32622 -40.4017 -6.04875 -9.19682 -2.59044 15.6019 0.779096 -9.8844 12.4959 1.43077e-17 -7.95468e-16 1.27534e-17 -9.23673 -4.20556 2.0327 -32.8078 -5.97852 -19.4864 0.852353 -38.7721 -0.655187 3.12702 11.5853 -0.114335 2.32622 -40.4017 -6.04875 13.3249 6.39881 -18.1556 -0.779096 -9.8844 12.4959 -1.18365e-15 -5.38423e-16 -1.27143e-14 
26.768 93.8211 91.955 -0.0875688 -14.6634 -76.7848 0 5.07867 -1.15138 0.946397 -3.56696 3.05649 0 5.61661 1.07143 -0.224171 -1.33623 3.24742 -1.02604e-17 5.98978 0.11501 -1.01639 2.03623 3.13545 -1.10457e-17 6.50583 -0.443523 -1.90944 6.83384 3.09753 -1.97295e-17 7.60548 -1.50593 -2.03256 9.92974 3.49444 -2.53307e-17 9.49737 -0.914492 -1.61252 11.6237 4.04596 -2.90401e-17 10.5513 1.57691 0.286832 0.34007 -0.16366 -1.29193e-17 4.78644 0.715339 -0.470168 3.19592 10.4811 -1.8116e-17 4.82109 0.421791 -8.01636 -6.19585 4.67313 -2.00958e-17 4.83041 0.765062 -11.2054 -7.79387 3.00496 1.23299 -7.60731 7.53374 -21.6296 6.7274 -8.56367 12.9547 3.2495 -3.26872 -56.2726 18.3526 -8.76579 29.2081 0.0598081 0.137039 4.00203 -0.671827 -19.6435 24.234 0.0496219 0.113701 -5.29729 -24.2878 -6.88856 -1.23299 -7.60729 7.53365 7.61734 1.04695 1.4941 -12.9547 3.2495 -3.26872 49.3249 21.6309 24.5946 -29.2081 0.0598081 0.137039 -5.17233 -1.15376 25.7278 -24.234 0.0496218 0.113702 0.635275 -31.1579 -0.165015 9.23673 -4.20556 2.0327 -2.28015 -7.8202 7.86887 -0.852353 -38.7721 -0.655187 -3.95846 14.5697 0.250381 -2.32622 -40.4017 -6.04875 -9.29566 -1.82276 15.5205 0.779096 -9.8844 12.4959 2.48481e-17 -7.95139e-16 1.2424e-17 -9.23673 -4.20556 2.0327 -34.4441 -4.80623 -20.5735 0.852353 -38.7721 -0.655187 3.21328 11.8978 -0.126431 2.32622 -40.4017 -6.04875 14.609 6.50784 -18.7785 -0.779096 -9.8844 12.4959 9.41221e-16 -6.3132e-16 -1.28069e-14 
27.2734 93.6654 92.8207 0.561805 -15.1128 -73.0315 0 5.07867 -1.15138 0.746469 -3.8833 3.02845 0 5.61661 1.07143 -0.375423 -1.53294 3.17098 -1.02604e-17 5.98978 0.11501 -1.13713 2.00262 3.04851 -1.10457e-17 6.50583 -0.443523 -1.99766 7.0978 3.00005 -1.97295e-17 7.60548 -1.50593 -2.11971 10.4108 3.40822 -2.53307e-17 9.49737 -0.914492 -1.70214 12.166 3.97931 -2.90401e-17 10.5513 1.57691 0.272788 0.302257 -0.171028 -1.29193e-17 4.78644 0.715339 -0.138865 0.981948 10.5537 -1.8116e-17 4.82109 0.421791 -7.88032 -6.08136 4.7379 -2.00958e-17 4.83041 0.765062 -10.9798 -6.4054 2.65023 1.23299 -7.60731 7.53374 -21.5097 6.58849 -8.81782 12.9547 3.2495 -3.26872 -55.0481 18.2468 -10.8059 29.2081 0.0598081 0.137039 3.86784 -0.625606 -18.9609 24.234 0.0496219 0.113701 -4.98363 -25.9369 -4.63931 -1.23299 -7.60729 7.53365 7.68211 0.51219 1.65118 -12.9547 3.2495 -3.26872 48.8177 22.189 25.9794 -29.2081 0.0598081 0.137039 -5.33075 -1.23052 26.5729 -24.234 0.0496218 0.113702 -0.497945 -31.6198 -0.942383 9.23673 -4.20556 2.0327 -3.86832 -7.93926 6.37101 -0.852353 -38.7721 -0.655187 -3.63967 13.4331 0.193109 -2.32622 -40.4017 -6.04875 -8.55515 -0.0740651 15.6084 0.779096 -9.8844 12.4959 2.48481e-17 -7.95139e-16 1.2424e-17 -9.23673 -4.20556 2.0327 -36.3167 -3.33685 -22.6611 0.852353 -38.7721 -0.655187 3.35126 12.3964 -0.146756 2.32622 -40.4017 -6.04875 15.9702 6.99745 -19.5281 -0.779096 -9.8844 12.4959 -1.32825e-15 -5.36869e-16 -1.27124e-14 
27.538 93.4401 93.7525 1.31121 -15.4117 -69.4286 0 5.07867 -1.15138 1.01426 -3.72885 2.98017 0 5.61661 1.07143 -0.144847 -1.56913 3.15667 -1.02604e-17 5.98978 0.11501 -0.933429 1.71678 3.05487 -1.10457e-17 6.50583 -0.443523 -1.83711 6.5309 3.02273 -1.97295e-17 7.60548 -1.50593 -1.96123 9.56302 3.37223 -2.53307e-17 9.49737 -0.914492 -1.52526 11.2309 3.88666 -2.90401e-17 10.5513 1.57691 0.263139 0.41076 -0.138388 -1.29193e-17 4.78644 0.715339 -0.654414 2.3714 9.76927 -1.8116e-17 4.82109 0.421791 -7.95162 -5.29989 4.35572 -2.00958e-17 4.83041 0.765062 -10.9442 -5.83192 2.6767 1.23299 -7.60731 7.53374 -19.5043 5.5254 -7.73284 12.9547 3.2495 -3.26872 -56.0778 22.9135 -8.74379 29.2081 0.0598081 0.137039 3.6813 -0.564304 -18.0163 24.234 0.0496219 0.113701 -7.33692 -29.3914 -5.57912 -1.23299 -7.60729 7.53365 7.46662 0.218476 1.37803 -12.9547 3.2495 -3.26872 48.7939 23.21 24.615 -29.2081 0.0598081 0.137039 -5.28819 -1.20961 26.3453 -24.234 0.0496218 0.113702 -0.954429 -31.1543 -0.95493 9.23673 -4.20556 2.0327 -5.53093 -8.7427 3.23956 -0.852353 -38.7721 -0.655187 -3.54397 13.0899 0.177151 -2.32622 -40.4017 -6.04875 -6.86811 1.54048 15.4932 0.779096 -9.8844 12.4959 4.11872e-16 -7.83044e-16 3.29533e-19 -9.23673 -4.20556 2.0327 -38.0051 -1.75072 -24.3687 0.852353 -38.7721 -0.655187 3.47475 12.8412 -0.165965 2.32622 -40.4017 -6.04875 17.0914 7.41737 -20.0049 -0.779096 -9.8844 12.4959 -9.519e-15 -1.83493e-16 -1.23591e-14 
27.6957 93.0673 94.7909 2.35279 -15.5527 -66.1724 0 5.07867 -1.15138 0.831294 -3.79357 2.99826 0 5.61661 1.07143 -0.282224 -1.71258 3.14649 -1.02604e-17 5.98978 0.11501 -1.03498 1.50188 3.04161 -1.10457e-17 6.50583 -0.443523 -1.89963 6.26134 3.00686 -1.97295e-17 7.60548 -1.50593 -1.97277 9.2103 3.34456 -2.53307e-17 9.49737 -0.914492 -1.47725 10.8525 3.86145 -2.90401e-17 10.5513 1.57691 0.262351 0.439008 -0.125295 -1.29193e-17 4.78644 0.715339 -0.854407 2.80534 9.25563 -1.8116e-17 4.82109 0.421791 -7.66022 -5.21557 4.10814 -2.00958e-17 4.83041 0.765062 -10.5457 -5.72931 3.1614 1.23299 -7.60731 7.53374 -18.4126 5.04508 -7.24093 12.9547 3.2495 -3.26872 -57.1066 24.9144 -8.48849 29.2081 0.0598081 0.137039 3.35756 -0.46591 -16.388 24.234 0.0496219 0.113701 -7.33185 -30.9154 -5.74853 -1.23299 -7.60729 7.53365 7.19635 -0.131909 1.13582 -12.9547 3.2495 -3.26872 50.3854 23.4702 23.6996 -29.2081 0.0598081 0.137039 -5.42552 -1.27782 27.0813 -24.234 0.0496218 0.113702 -1.37234 -29.4745 -0.713734 9.23673 -4.20556 2.0327 -7.34625 -9.89111 -0.135221 -0.852353 -38.7721 -0.655187 -3.57134 13.1881 0.181656 -2.32622 -40.4017 -6.04875 -5.8973 1.80816 15.3886 0.779096 -9.8844 12.4959 8.09442e-16 -7.58526e-16 -2.4189e-17 -9.23673 -4.20556 2.0327 -39.7465 -0.793531 -25.3122 0.852353 -38.7721 -0.655187 3.74568 13.8122 -0.211455 2.32622 -40.4017 -6.04875 17.4414 7.48871 -20.1923 -0.779096 -9.8844 12.4959 -4.32211e-15 -4.03732e-16 -1.25793e-14 
27.8606 92.5709 95.839 3.67374 -15.4664 -63.5785 0 5.07867 -1.15138 0.808954 -3.38592 3.10897 0 5.61661 1.07143 -0.29662 -1.61324 3.26934 -1.02604e-17 5.98978 0.11501 -1.0398 1.22954 3.18403 -1.10457e-17 6.50583 -0.443523 -1.9017 5.45938 3.16583 -1.97295e-17 7.60548 -1.50593 -1.89728 7.98751 3.46252 -2.53307e-17 9.49737 -0.914492 -1.28395 9.4332 3.93623 -2.90401e-17 10.5513 1.57691 0.270763 0.558833 -0.0931656 -1.29193e-17 4.78644 0.715339 -1.24678 4.15038 8.1975 -1.8116e-17 4.82109 0.421791 -7.39118 -4.78466 3.5883 -2.00958e-17 4.83041 0.765062 -10.3252 -5.42935 4.2388 1.23299 -7.60731 7.53374 -16.0972 4.25528 -5.9996 12.9547 3.2495 -3.26872 -59.1117 29.3896 -5.72635 29.2081 0.0598081 0.137039 3.16319 -0.411617 -15.4167 24.234 0.0496219 0.113701 -9.78811 -33.5313 -8.17898 -1.23299 -7.60729 7.53365 6.56861 -0.0520587 0.824644 -12.9547 3.2495 -3.26872 52.2765 23.652 21.9852 -29.2081 0.0598081 0.137039 -5.47099 -1.30089 27.326 -24.234 0.0496218 0.113702 -1.70035 -27.6438 -0.543816 9.23673 -4.20556 2.0327 -9.03597 -11.452 -3.07061 -0.852353 -38.7721 -0.655187 -3.73342 13.7684 0.209297 -2.32622 -40.4017 -6.04875 -4.61731 1.02698 15.2202 0.779096 -9.8844 12.4959 4.59384e-17 -7.9415e-16 1.14354e-17 -9.23673 -4.20556 2.0327 -41.4595 -0.57141 -25.5494 0.852353 -38.7721 -0.655187 4.08547 15.0196 -0.27495 2.32622 -40.4017 -6.04875 17.9922 6.85216 -20.2981 -0.779096 -9.8844 12.4959 9.32299e-15 -1.75248e-15 -1.39522e-14 
28.0556 91.7588 96.8384 5.2904 -15.4895 -61.3603 0 5.07867 -1.15138 0.421712 -3.29727 3.2957 0 5.61661 1.07143 -0.634129 -1.6753 3.41114 -1.02604e-17 5.98978 0.11501 -1.32297 1.03611 3.32387 -1.10457e-17 6.50583 -0.443523 -2.11948 5.06788 3.30436 -1.97295e-17 7.60548 -1.50593 -1.99613 7.43236 3.60789 -2.53307e-17 9.49737 -0.914492 -1.2229 8.73703 4.08747 -2.90401e-17 10.5513 1.57691 0.283121 0.595919 -0.0823344 -1.29193e-17 4.78644 0.715339 -1.38586 4.54588 8.24303 -1.8116e-17 4.82109 0.421791 -7.07476 -4.78453 3.60181 -2.00958e-17 4.83041 0.765062 -9.79683 -5.24389 4.0679 1.23299 -7.60731 7.53374 -14.658 3.94088 -5.46276 12.9547 3.2495 -3.26872 -60.6215 31.3226 -5.00849 29.2081 0.0598081 0.137039 3.03398 -0.37748 -14.7733 24.234 0.0496219 0.113701 -9.82948 -34.9374 -8.54 -1.23299 -7.60729 7.53365 5.84811 -0.0920755 0.588894 -12.9547 3.2495 -3.26872 54.221 23.4794 21.8801 -29.2081 0.0598081 0.137039 -5.55517 -1.34425 27.7804 -24.234 0.0496218 0.113702 -1.93354 -25.9923 -0.410762 9.23673 -4.20556 2.0327 -11.1555 -12.3596 -5.87804 -0.852353 -38.7721 -0.655187 -3.43565 12.7005 0.15978 -2.32622 -40.4017 -6.04875 -4.38469 2.92686 15.2858 0.779096 -9.8844 12.4959 4.11872e-16 -7.83044e-16 3.29536e-19 -9.23673 -4.20556 2.0327 -43.7444 -1.38672 -24.4536 0.852353 -38.7721 -0.655187 4.81345 17.5641 -0.434727 2.32622 -40.4017 -6.04875 18.0513 4.83504 -19.9904 -0.779096 -9.8844 12.4959 8.9167e-15 -1.76487e-15 -1.39653e-14 
28.2983 91.2457 97.7176 6.72959 -16.4207 -59.1303 0 5.07867 -1.15138 -0.195456 -3.07736 3.51526 0 5.61661 1.07143 -1.17501 -1.58639 3.55262 -1.02604e-17 5.98978 0.11501 -1.77259 1.02117 3.45964 -1.10457e-17 6.50583 -0.443523 -2.45793 4.87491 3.43309 -1.97295e-17 7.60548 -1.50593 -2.17465 7.12819 3.7761 -2.53307e-17 9.49737 -0.914492 -1.19064 8.27635 4.27653 -2.90401e-17 10.5513 1.57691 0.288363 0.627064 -0.0734659 -1.29193e-17 4.78644 0.715339 -1.34828 3.25645 7.3388 -1.8116e-17 4.82109 0.421791 -6.56061 -4.5496 3.17301 -2.00958e-17 4.83041 0.765062 -8.96315 -4.03023 5.22298 1.23299 -7.60731 7.53374 -13.8009 4.01769 -5.31627 12.9547 3.2495 -3.26872 -61.1156 32.3588 -5.21675 29.2081 0.0598081 0.137039 2.87945 -0.338687 -14.0062 24.234 0.0496219 0.113701 -9.70471 -35.8718 -8.69393 -1.23299 -7.60729 7.53365 5.65948 0.046208 0.798445 -12.9547 3.2495 -3.26872 55.2422 22.5134 22.7294 -29.2081 0.0598081 0.137039 -5.53806 -1.33537 27.6879 -24.234 0.0496218 0.113702 -1.98425 -24.6804 -0.339978 9.23673 -4.20556 2.0327 -13.879 -12.2465 -8.49823 -0.852353 -38.7721 -0.655187 -3.009 11.1567 0.0985512 -2.32622 -40.4017 -6.04875 -4.79011 5.14124 15.3912 0.779096 -9.8844 12.4959 1.58349e-15 -7.34337e-16 -4.8378e-17 -9.23673 -4.20556 2.0327 -46.301 -1.57183 -22.4957 0.852353 -38.7721 -0.655187 5.32233 19.3048 -0.565209 2.32622 -40.4017 -6.04875 18.1014 3.81561 -20.269 -0.779096 -9.8844 12.4959 8.16484e-16 -6.51519e-16 -1.28277e-14 
28.3483 91.0312 98.3296 6.8523 -17.2176 -57.5081 0 5.07867 -1.15138 -0.578048 -3.15121 3.73534 0 5.61661 1.07143 -1.51644 -1.5974 3.70013 -1.02604e-17 5.98978 0.11501 -2.05319 1.14023 3.60269 -1.10457e-17 6.50583 -0.443523 -2.66537 5.17757 3.56703 -1.97295e-17 7.60548 -1.50593 -2.29117 7.53435 3.9578 -2.53307e-17 9.49737 -0.914492 -1.16297 8.61825 4.48095 -2.90401e-17 10.5513 1.57691 0.285453 0.57205 -0.0711125 -1.29193e-17 4.78644 0.715339 -1.22636 2.23745 7.26256 -1.8116e-17 4.82109 0.421791 -5.99463 -4.46341 3.16101 -2.00958e-17 4.83041 0.765062 -8.45814 -2.95152 4.98923 1.23299 -7.60731 7.53374 -13.0225 3.72878 -5.19167 12.9547 3.2495 -3.26872 -60.7554 32.8797 -7.07686 29.2081 0.0598081 0.137039 2.68791 -0.293639 -13.0587 24.234 0.0496219 0.113701 -9.26509 -36.6214 -7.88835 -1.23299 -7.60729 7.53365 5.88865 -0.0664449 1.19699 -12.9547 3.2495 -3.26872 55.4157 20.8537 24.858 -29.2081 0.0598081 0.137039 -5.34579 -1.23796 26.6534 -24.234 0.0496218 0.113702 -1.35847 -23.2737 0.227911 9.23673 -4.20556 2.0327 -15.4486 -10.9014 -10.0472 -0.852353 -38.7721 -0.655187 -2.55876 9.51219 0.0464898 -2.32622 -40.4017 -6.04875 -5.00589 7.8742 15.4831 0.779096 -9.8844 12.4959 4.54053e-16 -7.81396e-16 -1.31815e-18 -9.23673 -4.20556 2.0327 -47.4621 -1.49345 -18.5211 0.852353 -38.7721 -0.655187 5.91826 21.2995 -0.737082 2.32622 -40.4017 -6.04875 17.4738 2.40477 -20.2877 -0.779096 -9.8844 12.4959 1.37068e-14 -1.9516e-15 -1.41513e-14 
28.1985 91.169 98.6644 5.98478 -17.7317 -56.7022 0 5.07867 -1.15138 -0.643623 -3.11993 3.86812 0 5.61661 1.07143 -1.56479 -1.49753 3.79374 -1.02604e-17 5.98978 0.11501 -2.06328 1.33733 3.70756 -1.10457e-17 6.50583 -0.443523 -2.63766 5.53527 3.67716 -1.97295e-17 7.60548 -1.50593 -2.23436 7.94854 4.08909 -2.53307e-17 9.49737 -0.914492 -1.03692 8.9477 4.56712 -2.90401e-17 10.5513 1.57691 0.263981 0.494759 -0.0582281 -1.29193e-17 4.78644 0.715339 -1.10714 1.29632 7.12265 -1.8116e-17 4.82109 0.421791 -5.65437 -4.1928 3.10658 -2.00958e-17 4.83041 0.765062 -8.29354 -1.75818 5.36567 1.23299 -7.60731 7.53374 -11.3007 3.07621 -4.64986 12.9547 3.2495 -3.26872 -61.8345 34.4347 -9.38543 29.2081 0.0598081 0.137039 2.58984 -0.271863 -12.5749 24.234 0.0496219 0.113701 -8.15975 -38.1828 -6.01241 -1.23299 -7.60729 7.53365 6.3607 -0.14194 1.90365 -12.9547 3.2495 -3.26872 55.0834 19.3477 27.322 -29.2081 0.0598081 0.137039 -5.11291 -1.12572 25.4121 -24.234 0.0496218 0.113702 -0.899425 -21.3671 0.626817 9.23673 -4.20556 2.0327 -15.8847 -8.91258 -10.8375 -0.852353 -38.7721 -0.655187 -2.18768 8.14673 0.0133655 -2.32622 -40.4017 -6.04875 -4.81879 9.65338 15.4547 0.779096 -9.8844 12.4959 3.53932e-17 -7.94809e-16 1.20945e-17 -9.23673 -4.20556 2.0327 -47.0359 -2.58048 -11.8734 0.852353 -38.7721 -0.655187 7.0599 24.978 -1.12143 2.32622 -40.4017 -6.04875 15.5615 -1.21812 -19.2809 -0.779096 -9.8844 12.4959 -4.85179e-15 -4.03466e-16 -1.25797e-14 
27.8865 91.3411 98.9467 5.63214 -17.5119 -55.6975 0 5.07867 -1.15138 -0.541432 -3.10617 3.90911 0 5.61661 1.07143 -1.45256 -1.49129 3.84367 -1.02604e-17 5.98978 0.11501 -1.92276 1.34204 3.78677 -1.10457e-17 6.50583 -0.443523 -2.47456 5.56781 3.77936 -1.97295e-17 7.60548 -1.50593 -2.05073 7.93781 4.17786 -2.53307e-17 9.49737 -0.914492 -0.809409 8.84206 4.55312 -2.90401e-17 10.5513 1.57691 0.245478 0.444713 -0.0180641 -1.29193e-17 4.78644 0.715339 -1.14395 0.847135 6.69328 -1.8116e-17 4.82109 0.421791 -5.4788 -3.67767 2.88586 -2.00958e-17 4.83041 0.765062 -8.30537 -0.703677 5.97521 1.23299 -7.60731 7.53374 -7.81564 2.08475 -3.37458 12.9547 3.2495 -3.26872 -65.8866 37.5438 -11.1104 29.2081 0.0598081 0.137039 2.65746 -0.286784 -12.9084 24.234 0.0496219 0.113701 -5.88873 -39.6773 -2.93456 -1.23299 -7.60729 7.53365 6.75287 -0.111226 2.55922 -12.9547 3.2495 -3.26872 55.2257 17.9143 28.6376 -29.2081 0.0598081 0.137039 -4.97872 -1.06384 24.7023 -24.234 0.0496218 0.113702 -0.686898 -18.86 1.03322 9.23673 -4.20556 2.0327 -15.9294 -7.76526 -11.4674 -0.852353 -38.7721 -0.655187 -1.93337 7.20657 -0.00419576 -2.32622 -40.4017 -6.04875 -4.26122 10.3452 15.3132 0.779096 -9.8844 12.4959 2.48481e-17 -7.95139e-16 1.2424e-17 -9.23673 -4.20556 2.0327 -45.0426 -4.80957 -4.64939 0.852353 -38.7721 -0.655187 8.42918 29.1229 -1.67169 2.32622 -40.4017 -6.04875 13.5817 -4.87841 -18.3873 -0.779096 -9.8844 12.4959 -4.59314e-15 -3.96581e-16 -1.25721e-14 
27.6468 91.324 99.4198 6.71573 -16.1155 -50.9316 0 5.07867 -1.15138 -0.624914 -2.92052 3.74415 0 5.61661 1.07143 -1.43803 -1.48193 3.70886 -1.02604e-17 5.98978 0.11501 -1.82724 1.09918 3.69764 -1.10457e-17 6.50583 -0.443523 -2.28522 4.93121 3.71633 -1.97295e-17 7.60548 -1.50593 -1.79313 7.04055 4.0741 -2.53307e-17 9.49737 -0.914492 -0.50675 7.83005 4.31502 -2.90401e-17 10.5513 1.57691 0.247066 0.517499 0.04817 -1.29193e-17 4.78644 0.715339 -1.2541 -0.131996 4.84925 -1.8116e-17 4.82109 0.421791 -5.12613 -2.80958 1.95509 -2.00958e-17 4.83041 0.765062 -7.51279 1.11942 6.44155 1.23299 -7.60731 7.53374 -4.25048 1.86527 -2.18686 12.9547 3.2495 -3.26872 -71.45 40.4962 -10.28 29.2081 0.0598081 0.137039 2.81132 -0.322281 -13.6688 24.234 0.0496219 0.113701 -3.44725 -37.7661 -0.870928 -1.23299 -7.60729 7.53365 7.14704 0.442836 3.13071 -12.9547 3.2495 -3.26872 56.7505 15.3028 26.6067 -29.2081 0.0598081 0.137039 -5.04148 -1.09254 25.0338 -24.234 0.0496218 0.113702 -0.800589 -16.886 2.47293 9.23673 -4.20556 2.0327 -16.4941 -8.07068 -14.8073 -0.852353 -38.7721 -0.655187 -1.87178 6.97842 -0.00781789 -2.32622 -40.4017 -6.04875 -3.74399 9.8762 15.1934 0.779096 -9.8844 12.4959 -6.16754e-15 -1.06122e-15 2.78503e-16 -9.23673 -4.20556 2.0327 -42.2711 -5.45136 -0.52635 0.852353 -38.7721 -0.655187 9.57293 32.3514 -2.19959 2.32622 -40.4017 -6.04875 11.6051 -7.28361 -17.8477 -0.779096 -9.8844 12.4959 7.22427e-17 -5.91081e-16 -1.27666e-14 
27.6724 91.2753 99.8622 8.81716 -13.6282 -43.5396 0 5.07867 -1.15138 -0.703157 -3.10775 3.36148 0 5.61661 1.07143 -1.38291 -1.75659 3.36378 -1.02604e-17 5.98978 0.11501 -1.69242 0.654049 3.39023 -1.10457e-17 6.50583 -0.443523 -2.04583 4.21072 3.42527 -1.97295e-17 7.60548 -1.50593 -1.52775 6.19991 3.72641 -2.53307e-17 9.49737 -0.914492 -0.284905 7.00909 3.86716 -2.90401e-17 10.5513 1.57691 0.259474 0.600372 0.0980395 -1.29193e-17 4.78644 0.715339 -1.36223 -1.01764 2.90396 -1.8116e-17 4.82109 0.421791 -4.98882 -2.33078 0.982926 -2.00958e-17 4.83041 0.765062 -6.80898 2.68653 5.531 1.23299 -7.60731 7.53374 -1.56063 1.94945 -1.40824 12.9547 3.2495 -3.26872 -75.7651 43.2156 -9.22646 29.2081 0.0598081 0.137039 3.02444 -0.375022 -14.7259 24.234 0.0496219 0.113701 -2.01951 -34.6473 0.10311 -1.23299 -7.60729 7.53365 7.16281 0.784115 3.52375 -12.9547 3.2495 -3.26872 58.6451 12.4898 23.7334 -29.2081 0.0598081 0.137039 -5.4467 -1.28855 27.1951 -24.234 0.0496218 0.113702 -1.79234 -15.4666 2.93492 9.23673 -4.20556 2.0327 -17.6778 -9.78507 -20.0643 -0.852353 -38.7721 -0.655187 -1.96248 7.31434 -0.00239817 -2.32622 -40.4017 -6.04875 -3.82247 9.66829 15.1861 0.779096 -9.8844 12.4959 6.30174e-16 -7.66105e-16 -1.66097e-17 -9.23673 -4.20556 2.0327 -39.8716 -5.09639 -0.793404 0.852353 -38.7721 -0.655187 10.3825 34.5067 -2.60757 2.32622 -40.4017 -6.04875 10.0941 -8.20145 -17.4679 -0.779096 -9.8844 12.4959 1.35986e-15 -6.44732e-16 -1.28324e-14 
27.9044 91.3667 100.009 10.3297 -11.2562 -36.5778 0 5.07867 -1.15138 -0.756139 -3.60259 2.93957 0 5.61661 1.07143 -1.30408 -2.18865 2.95605 -1.02604e-17 5.98978 0.11501 -1.54717 0.259067 2.99755 -1.10457e-17 6.50583 -0.443523 -1.81342 3.88167 3.03941 -1.97295e-17 7.60548 -1.50593 -1.31395 5.97273 3.2998 -2.53307e-17 9.49737 -0.914492 -0.163253 6.92325 3.37883 -2.90401e-17 10.5513 1.57691 0.271585 0.628195 0.118315 -1.29193e-17 4.78644 0.715339 -1.35894 -1.59327 1.66161 -1.8116e-17 4.82109 0.421791 -4.80725 -2.39726 0.366245 -2.00958e-17 4.83041 0.765062 -6.59818 3.32072 3.86447 1.23299 -7.60731 7.53374 0.0201402 1.87885 -0.894406 12.9547 3.2495 -3.26872 -77.7483 45.5441 -9.53296 29.2081 0.0598081 0.137039 3.22236 -0.427764 -15.7119 24.234 0.0496219 0.113701 -1.16602 -32.2454 0.897804 -1.23299 -7.60729 7.53365 6.92044 0.632414 3.82282 -12.9547 3.2495 -3.26872 59.9364 9.68497 21.9915 -29.2081 0.0598081 0.137039 -5.96745 -1.56907 30.0331 -24.234 0.0496218 0.113702 -2.23628 -13.8563 2.72588 9.23673 -4.20556 2.0327 -19.0207 -11.4754 -25.5574 -0.852353 -38.7721 -0.655187 -2.11622 7.88286 0.00800712 -2.32622 -40.4017 -6.04875 -4.47555 10.6504 15.2533 0.779096 -9.8844 12.4959 -2.66323e-15 -9.15095e-16 1.3238e-16 -9.23673 -4.20556 2.0327 -38.03 -4.89201 -2.9428 0.852353 -38.7721 -0.655187 11.1106 36.3541 -2.99699 2.32622 -40.4017 -6.04875 8.98676 -7.09781 -17.1344 -0.779096 -9.8844 12.4959 1.39149e-15 -6.4605e-16 -1.2834e-14 
27.9833 91.678 99.9277 10.273 -10.3774 -30.1938 0 5.07867 -1.15138 -0.806471 -3.83164 2.56252 0 5.61661 1.07143 -1.22832 -2.31455 2.56945 -1.02604e-17 5.98978 0.11501 -1.41555 0.213656 2.60457 -1.10457e-17 6.50583 -0.443523 -1.60759 3.97855 2.64618 -1.97295e-17 7.60548 -1.50593 -1.15219 6.20818 2.89649 -2.53307e-17 9.49737 -0.914492 -0.103227 7.2876 2.94003 -2.90401e-17 10.5513 1.57691 0.270323 0.640577 0.121544 -1.29193e-17 4.78644 0.715339 -1.41383 -1.98937 0.072091 -1.8116e-17 4.82109 0.421791 -4.52955 -2.72107 -0.400015 -2.00958e-17 4.83041 0.765062 -6.08326 3.35566 2.74005 1.23299 -7.60731 7.53374 0.568978 1.70887 -0.600767 12.9547 3.2495 -3.26872 -77.3195 47.422 -11.4708 29.2081 0.0598081 0.137039 3.28412 -0.444966 -16.0204 24.234 0.0496219 0.113701 -0.669709 -30.0993 1.66289 -1.23299 -7.60729 7.53365 6.73556 0.22968 4.19862 -12.9547 3.2495 -3.26872 60.7254 6.61653 21.2535 -29.2081 0.0598081 0.137039 -6.36586 -1.80695 32.2577 -24.234 0.0496218 0.113702 -1.93518 -12.3721 2.65344 9.23673 -4.20556 2.0327 -19.9799 -10.9897 -30.805 -0.852353 -38.7721 -0.655187 -2.16869 8.07662 0.0119091 -2.32622 -40.4017 -6.04875 -5.42762 12.8107 15.391 0.779096 -9.8844 12.4959 -1.21004e-15 -8.46812e-16 6.40974e-17 -9.23673 -4.20556 2.0327 -36.0559 -3.24055 -5.06501 0.852353 -38.7721 -0.655187 11.5638 37.4613 -3.24956 2.32622 -40.4017 -6.04875 7.86409 -4.56878 -16.871 -0.779096 -9.8844 12.4959 -4.41387e-15 -4.0416e-16 -1.25801e-14 
27.8527 91.9159 99.9451 9.33644 -9.7038 -23.9558 0 5.07867 -1.15138 -0.79819 -4.1614 2.06871 0 5.61661 1.07143 -1.05559 -2.50013 2.05958 -1.02604e-17 5.98978 0.11501 -1.19277 0.142558 2.06607 -1.10457e-17 6.50583 -0.443523 -1.30712 4.12182 2.08948 -1.97295e-17 7.60548 -1.50593 -0.947211 6.52336 2.31707 -2.53307e-17 9.49737 -0.914492 -0.0785717 7.66353 2.32165 -2.90401e-17 10.5513 1.57691 0.264371 0.641728 0.061867 -1.29193e-17 4.78644 0.715339 -1.25682 0.607753 -1.24722 -1.8116e-17 4.82109 0.421791 -4.27681 -3.30893 -1.02094 -2.00958e-17 4.83041 0.765062 -5.41903 0.95295 1.64738 1.23299 -7.60731 7.53374 2.01835 1.16007 0.185857 12.9547 3.2495 -3.26872 -78.8895 49.5316 -11.9705 29.2081 0.0598081 0.137039 3.31392 -0.453392 -16.1695 24.234 0.0496219 0.113701 0.168838 -28.201 2.09384 -1.23299 -7.60729 7.53365 3.74639 -1.21098 3.48717 -12.9547 3.2495 -3.26872 63.2601 5.97924 21.5374 -29.2081 0.0598081 0.137039 -6.81411 -2.10062 34.8248 -24.234 0.0496218 0.113702 -1.08995 -11.8348 1.00894 9.23673 -4.20556 2.0327 -20.0759 -9.57749 -35.8424 -0.852353 -38.7721 -0.655187 -2.2218 8.27259 0.0160396 -2.32622 -40.4017 -6.04875 -5.63253 13.6979 15.4229 0.779096 -9.8844 12.4959 -1.16786e-15 -8.44835e-16 6.21202e-17 -9.23673 -4.20556 2.0327 -33.1922 -1.27602 -6.94271 0.852353 -38.7721 -0.655187 11.8063 38.0403 -3.38772 2.32622 -40.4017 -6.04875 6.47396 -1.61603 -16.4957 -0.779096 -9.8844 12.4959 2.3943e-15 -6.87834e-16 -1.28755e-14 
27.5485 91.8166 99.9421 8.29368 -8.89996 -17.8981 0 5.07867 -1.15138 -0.69509 -4.1984 1.58682 0 5.61661 1.07143 -0.790621 -2.46311 1.58548 -1.02604e-17 5.98978 0.11501 -0.892536 0.172244 1.56217 -1.10457e-17 6.50583 -0.443523 -0.94693 4.17905 1.57806 -1.97295e-17 7.60548 -1.50593 -0.700208 6.62545 1.76984 -2.53307e-17 9.49737 -0.914492 -0.018617 7.70599 1.71617 -2.90401e-17 10.5513 1.57691 0.258476 0.673087 0.0140115 -1.29193e-17 4.78644 0.715339 -0.960872 3.03135 -2.46193 -1.8116e-17 4.82109 0.421791 -3.92424 -3.885 -1.57616 -2.00958e-17 4.83041 0.765062 -5.23558 -1.41189 0.113389 1.23299 -7.60731 7.53374 3.1796 0.850105 0.824874 12.9547 3.2495 -3.26872 -81.0362 51.0069 -11.8062 29.2081 0.0598081 0.137039 3.39722 -0.477398 -16.5867 24.234 0.0496219 0.113701 1.00745 -25.442 1.77648 -1.23299 -7.60729 7.53365 1.23782 -2.25676 3.15275 -12.9547 3.2495 -3.26872 65.3058 5.38234 22.0654 -29.2081 0.0598081 0.137039 -7.04548 -2.26375 36.1801 -24.234 0.0496218 0.113702 -1.25911 -11.4946 0.375316 9.23673 -4.20556 2.0327 -19.8138 -8.37962 -40.9805 -0.852353 -38.7721 -0.655187 -2.40521 8.94818 0.0317066 -2.32622 -40.4017 -6.04875 -5.1822 12.3704 15.3952 0.779096 -9.8844 12.4959 -2.32892e-15 -8.93212e-16 1.10498e-16 -9.23673 -4.20556 2.0327 -30.0577 -0.379289 -8.69439 0.852353 -38.7721 -0.655187 12.2641 39.1087 -3.65422 2.32622 -40.4017 -6.04875 5.54118 0.782533 -16.1661 -0.779096 -9.8844 12.4959 -3.22109e-15 -4.53859e-16 -1.26297e-14 
27.0188 91.4784 99.8751 8.2126 -7.79292 -12.2787 0 5.07867 -1.15138 -0.829468 -4.00201 1.24005 0 5.61661 1.07143 -0.766753 -2.31729 1.22399 -1.02604e-17 5.98978 0.11501 -0.803853 0.153779 1.17548 -1.10457e-17 6.50583 -0.443523 -0.768079 3.9407 1.18921 -1.97295e-17 7.60548 -1.50593 -0.565058 6.29299 1.36305 -2.53307e-17 9.49737 -0.914492 0.0288047 7.21737 1.26172 -2.90401e-17 10.5513 1.57691 0.260908 0.751268 -0.0100515 -1.29193e-17 4.78644 0.715339 -0.712039 4.62442 -3.75536 -1.8116e-17 4.82109 0.421791 -3.59476 -3.91193 -2.18137 -2.00958e-17 4.83041 0.765062 -4.87325 -3.14589 -1.45763 1.23299 -7.60731 7.53374 3.79866 0.980845 1.18672 12.9547 3.2495 -3.26872 -82.2492 52.0317 -11.0786 29.2081 0.0598081 0.137039 3.59184 -0.536071 -17.5649 24.234 0.0496219 0.113701 1.33345 -22.3993 0.633091 -1.23299 -7.60729 7.53365 -0.588396 -2.74665 3.14082 -12.9547 3.2495 -3.26872 66.815 4.37818 22.4076 -29.2081 0.0598081 0.137039 -7.15115 -2.34102 36.8066 -24.234 0.0496218 0.113702 -1.68888 -11.2429 0.498626 9.23673 -4.20556 2.0327 -20.1604 -8.03143 -45.3829 -0.852353 -38.7721 -0.655187 -2.65057 9.8487 0.0560529 -2.32622 -40.4017 -6.04875 -4.53696 10.2108 15.3646 0.779096 -9.8844 12.4959 4.60578e-15 -6.04266e-16 -1.78448e-16 -9.23673 -4.20556 2.0327 -27.7856 -1.35511 -10.1772 0.852353 -38.7721 -0.655187 13.0481 40.8639 -4.12676 2.32622 -40.4017 -6.04875 4.78379 1.78231 -15.9585 -0.779096 -9.8844 12.4959 8.77874e-16 -6.28681e-16 -1.28042e-14 
26.2705 91.1239 99.7982 8.85925 -6.52138 -7.23806 0 5.07867 -1.15138 -1.26515 -3.679 1.02669 0 5.61661 1.07143 -1.05155 -2.14106 0.956069 -1.02604e-17 5.98978 0.11501 -0.981811 0.0672314 0.88545 -1.10457e-17 6.50583 -0.443523 -0.806565 3.48766 0.898368 -1.97295e-17 7.60548 -1.50593 -0.561712 5.68518 1.08266 -2.53307e-17 9.49737 -0.914492 0.0587287 6.42048 0.94789 -2.90401e-17 10.5513 1.57691 0.272747 0.855582 -0.0156134 -1.29193e-17 4.78644 0.715339 -0.548096 5.45312 -5.15264 -1.8116e-17 4.82109 0.421791 -3.11071 -3.66253 -2.85148 -2.00958e-17 4.83041 0.765062 -4.19133 -3.90702 -2.6837 1.23299 -7.60731 7.53374 4.13031 1.37004 1.43699 12.9547 3.2495 -3.26872 -82.7682 53.4577 -9.81757 29.2081 0.0598081 0.137039 4.01245 -0.675443 -19.6965 24.234 0.0496219 0.113701 1.9241 -19.884 -0.0797681 -1.23299 -7.60729 7.53365 -1.86256 -2.91812 3.30219 -12.9547 3.2495 -3.26872 68.5306 2.83946 22.2746 -29.2081 0.0598081 0.137039 -7.30354 -2.45561 37.7188 -24.234 0.0496218 0.113702 -1.8709 -10.5638 0.567185 9.23673 -4.20556 2.0327 -21.0496 -8.08881 -48.8884 -0.852353 -38.7721 -0.655187 -2.84314 10.5526 0.0778657 -2.32622 -40.4017 -6.04875 -3.94909 8.44957 15.3477 0.779096 -9.8844 12.4959 -2.94471e-15 -9.22902e-16 1.40187e-16 -9.23673 -4.20556 2.0327 -26.4749 -3.68364 -11.2896 0.852353 -38.7721 -0.655187 13.9767 42.8261 -4.71128 2.32622 -40.4017 -6.04875 4.1689 2.04608 -15.83 -0.779096 -9.8844 12.4959 1.38094e-15 -6.4572e-16 -1.28334e-14 
25.4305 90.8411 99.7637 9.6306 -5.301 -2.29811 0 5.07867 -1.15138 -1.79162 -3.2404 0.870899 0 5.61661 1.07143 -1.44135 -1.89415 0.73153 -1.02604e-17 5.98978 0.11501 -1.25799 0.0191776 0.639411 -1.10457e-17 6.50583 -0.443523 -0.934484 3.01303 0.65335 -1.97295e-17 7.60548 -1.50593 -0.622275 5.04448 0.862977 -2.53307e-17 9.49737 -0.914492 0.062617 5.60208 0.713553 -2.90401e-17 10.5513 1.57691 0.28664 0.96438 -0.00468438 -1.29193e-17 4.78644 0.715339 -0.475908 5.81948 -6.56067 -1.8116e-17 4.82109 0.421791 -2.59086 -3.41294 -3.53359 -2.00958e-17 4.83041 0.765062 -3.25093 -3.96698 -4.10446 1.23299 -7.60731 7.53374 4.39488 1.78357 1.69664 12.9547 3.2495 -3.26872 -83.1271 55.0573 -8.3058 29.2081 0.0598081 0.137039 4.64496 -0.918585 -22.9546 24.234 0.0496219 0.113701 2.69046 -17.1906 -0.126997 -1.23299 -7.60729 7.53365 -2.73644 -2.97847 3.62365 -12.9547 3.2495 -3.26872 69.9672 0.649437 22.0833 -29.2081 0.0598081 0.137039 -7.46641 -2.58235 38.706 -24.234 0.0496218 0.113702 -1.82567 -9.9204 0.355726 9.23673 -4.20556 2.0327 -22.0715 -8.03425 -51.9718 -0.852353 -38.7721 -0.655187 -2.98046 11.0529 0.0948662 -2.32622 -40.4017 -6.04875 -3.75039 7.21443 15.4026 0.779096 -9.8844 12.4959 -3.15571e-15 -9.31803e-16 1.49089e-16 -9.23673 -4.20556 2.0327 -25.798 -6.22541 -12.6517 0.852353 -38.7721 -0.655187 14.78 44.4259 -5.23691 2.32622 -40.4017 -6.04875 3.7084 1.83679 -15.7614 -0.779096 -9.8844 12.4959 -1.70466e-15 -5.13012e-16 -1.2701e-14 
24.59 90.6211 99.7797 10.2307 -3.75078 2.75117 0 5.07867 -1.15138 -2.2414 -3.00683 0.70279 0 5.61661 1.07143 -1.7757 -1.79925 0.503334 -1.02604e-17 5.98978 0.11501 -1.4998 -0.0661297 0.386873 -1.10457e-17 6.50583 -0.443523 -1.04831 2.70097 0.403688 -1.97295e-17 7.60548 -1.50593 -0.692125 4.67428 0.639365 -2.53307e-17 9.49737 -0.914492 0.0382861 5.1451 0.488558 -2.90401e-17 10.5513 1.57691 0.305246 1.04192 0.00566511 -1.29193e-17 4.78644 0.715339 -0.364149 6.44123 -7.78487 -1.8116e-17 4.82109 0.421791 -2.13109 -3.3805 -4.13209 -2.00958e-17 4.83041 0.765062 -2.27263 -4.38412 -6.10586 1.23299 -7.60731 7.53374 4.62471 1.94328 2.08339 12.9547 3.2495 -3.26872 -83.1487 56.7907 -7.20197 29.2081 0.0598081 0.137039 5.38199 -1.25604 -26.8485 24.234 0.0496219 0.113701 3.38784 -14.2988 0.0150408 -1.23299 -7.60729 7.53365 -3.58681 -3.28815 3.83886 -12.9547 3.2495 -3.26872 70.963 -1.59584 22.3082 -29.2081 0.0598081 0.137039 -7.5619 -2.65878 39.2909 -24.234 0.0496218 0.113702 -1.89474 -9.64977 0.109099 9.23673 -4.20556 2.0327 -23.0988 -8.1963 -55.0327 -0.852353 -38.7721 -0.655187 -3.11503 11.5418 0.112691 -2.32622 -40.4017 -6.04875 -3.79346 6.24581 15.5246 0.779096 -9.8844 12.4959 3.27468e-16 -7.86671e-16 3.95621e-18 -9.23673 -4.20556 2.0327 -25.6064 -8.91819 -14.6148 0.852353 -38.7721 -0.655187 15.3508 45.51 -5.62078 2.32622 -40.4017 -6.04875 3.40241 1.34417 -15.7099 -0.779096 -9.8844 12.4959 1.46035e-16 -5.94046e-16 -1.27699e-14 
23.8119 90.4551 99.7945 10.341 -1.94967 7.94684 0 5.07867 -1.15138 -2.53145 -2.81793 0.511858 0 5.61661 1.07143 -1.97666 -1.74372 0.271328 -1.02604e-17 5.98978 0.11501 -1.64149 -0.167718 0.130135 -1.10457e-17 6.50583 -0.443523 -1.09905 2.41809 0.153948 -1.97295e-17 7.60548 -1.50593 -0.736546 4.35964 0.408051 -2.53307e-17 9.49737 -0.914492 0.00275431 4.78486 0.263036 -2.90401e-17 10.5513 1.57691 0.327786 1.12002 0.0188781 -1.29193e-17 4.78644 0.715339 -0.192654 7.15755 -8.93407 -1.8116e-17 4.82109 0.421791 -1.69371 -3.41437 -4.68967 -2.00958e-17 4.83041 0.765062 -1.40748 -4.91245 -8.47038 1.23299 -7.60731 7.53374 4.52196 2.01173 2.4527 12.9547 3.2495 -3.26872 -82.9038 58.7831 -6.40182 29.2081 0.0598081 0.137039 6.15406 -1.67796 -31.0702 24.234 0.0496219 0.113701 4.17388 -11.3361 0.2364 -1.23299 -7.60729 7.53365 -4.4127 -3.65568 4.00742 -12.9547 3.2495 -3.26872 71.4031 -3.83946 22.6235 -29.2081 0.0598081 0.137039 -7.57967 -2.67317 39.4003 -24.234 0.0496218 0.113702 -2.174 -9.85071 0.0647583 9.23673 -4.20556 2.0327 -23.98 -8.58818 -58.1318 -0.852353 -38.7721 -0.655187 -3.2804 12.1405 0.136168 -2.32622 -40.4017 -6.04875 -3.79422 5.46376 15.6372 0.779096 -9.8844 12.4959 3.90559e-15 -6.25488e-16 -1.57227e-16 -9.23673 -4.20556 2.0327 -25.7452 -11.573 -17.2786 0.852353 -38.7721 -0.655187 15.6073 45.9834 -5.79596 2.32622 -40.4017 -6.04875 3.2103 0.740699 -15.667 -0.779096 -9.8844 12.4959 1.98785e-16 -5.96354e-16 -1.27719e-14 
23.093 90.394 99.7762 10.1575 -0.659906 13.3506 0 5.07867 -1.15138 -2.67941 -2.45699 0.335792 0 5.61661 1.07143 -2.05958 -1.53863 0.0698004 -1.02604e-17 5.98978 0.11501 -1.69974 -0.155314 -0.0987077 -1.10457e-17 6.50583 -0.443523 -1.10581 2.17473 -0.0657866 -1.97295e-17 7.60548 -1.50593 -0.76759 4.03689 0.202842 -2.53307e-17 9.49737 -0.914492 -0.0443109 4.41655 0.0769544 -2.90401e-17 10.5513 1.57691 0.348173 1.22021 0.0408398 -1.29193e-17 4.78644 0.715339 0.00206613 7.8157 -10.1803 -1.8116e-17 4.82109 0.421791 -1.31401 -3.44118 -5.28365 -2.00958e-17 4.83041 0.765062 -0.615509 -5.20853 -11.0207 1.23299 -7.60731 7.53374 3.99841 2.06303 2.7348 12.9547 3.2495 -3.26872 -82.0208 61.1901 -6.21361 29.2081 0.0598081 0.137039 6.89356 -2.15578 -35.2891 24.234 0.0496219 0.113701 4.80893 -8.46033 0.447806 -1.23299 -7.60729 7.53365 -5.08976 -3.97532 4.21695 -12.9547 3.2495 -3.26872 71.3098 -6.4156 22.8619 -29.2081 0.0598081 0.137039 -7.51208 -2.61869 38.9852 -24.234 0.0496218 0.113702 -2.59911 -10.2281 0.217741 9.23673 -4.20556 2.0327 -24.6588 -8.47175 -61.1042 -0.852353 -38.7721 -0.655187 -3.41103 12.6118 0.155934 -2.32622 -40.4017 -6.04875 -4.05539 5.15771 15.7669 0.779096 -9.8844 12.4959 -5.67494e-15 -1.0445e-15 2.6179e-16 -9.23673 -4.20556 2.0327 -26.2006 -13.4737 -20.2945 0.852353 -38.7721 -0.655187 15.4657 45.7231 -5.69906 2.32622 -40.4017 -6.04875 2.96653 0.200357 -15.6467 -0.779096 -9.8844 12.4959 -9.62274e-16 -5.47977e-16 -1.27235e-14 
22.3547 90.4374 99.8398 10.0994 -0.033674 18.6775 0 5.07867 -1.15138 -2.74156 -1.98273 0.206948 0 5.61661 1.07143 -2.07742 -1.21365 -0.0746431 -1.02604e-17 5.98978 0.11501 -1.71524 -0.013682 -0.270969 -1.10457e-17 6.50583 -0.443523 -1.09418 2.06057 -0.229127 -1.97295e-17 7.60548 -1.50593 -0.790456 3.81483 0.0526436 -2.53307e-17 9.49737 -0.914492 -0.0815459 4.15848 -0.0486377 -2.90401e-17 10.5513 1.57691 0.36814 1.32175 0.0699582 -1.29193e-17 4.78644 0.715339 0.250131 8.54041 -11.5487 -1.8116e-17 4.82109 0.421791 -0.921867 -3.48093 -5.9228 -2.00958e-17 4.83041 0.765062 -0.0374946 -5.56302 -13.5559 1.23299 -7.60731 7.53374 3.45073 2.03715 3.03705 12.9547 3.2495 -3.26872 -80.5618 64.1576 -6.68058 29.2081 0.0598081 0.137039 7.59861 -2.68868 -39.5184 24.234 0.0496219 0.113701 5.25664 -6.01424 0.431592 -1.23299 -7.60729 7.53365 -5.63668 -4.3295 4.38665 -12.9547 3.2495 -3.26872 70.9823 -9.46918 23.0206 -29.2081 0.0598081 0.137039 -7.41272 -2.54004 38.3793 -24.234 0.0496218 0.113702 -2.97756 -10.2622 0.450966 9.23673 -4.20556 2.0327 -25.1256 -7.64002 -63.558 -0.852353 -38.7721 -0.655187 -3.45863 12.7832 0.163403 -2.32622 -40.4017 -6.04875 -4.74293 5.22825 15.9611 0.779096 -9.8844 12.4959 3.73679e-15 -6.32741e-16 -1.49974e-16 -9.23673 -4.20556 2.0327 -26.8178 -14.4776 -22.9505 0.852353 -38.7721 -0.655187 14.8887 44.6356 -5.30934 2.32622 -40.4017 -6.04875 2.60958 -0.354162 -15.6604 -0.779096 -9.8844 12.4959 5.54154e-16 -6.19224e-16 -1.27948e-14 
21.5003 90.456 100.169 9.98606 0.517313 22.2141 0 5.07867 -1.15138 -2.76497 -1.60853 0.209467 0 5.61661 1.07143 -2.09076 -0.948711 -0.0924281 -1.02604e-17 5.98978 0.11501 -1.72581 0.128237 -0.302814 -1.10457e-17 6.50583 -0.443523 -1.09019 2.03794 -0.254038 -1.97295e-17 7.60548 -1.50593 -0.793046 3.67889 0.0336707 -2.53307e-17 9.49737 -0.914492 -0.060099 4.00746 -0.0546782 -2.90401e-17 10.5513 1.57691 0.393888 1.38127 0.0956187 -1.29193e-17 4.78644 0.715339 0.500101 9.07635 -12.7202 -1.8116e-17 4.82109 0.421791 -0.292419 -3.55599 -6.44252 -2.00958e-17 4.83041 0.765062 0.125396 -6.05776 -15.3265 1.23299 -7.60731 7.53374 3.19656 1.93606 3.36686 12.9547 3.2495 -3.26872 -79.933 66.6341 -6.19051 29.2081 0.0598081 0.137039 8.3711 -3.37581 -44.4594 24.234 0.0496219 0.113701 5.93345 -3.86547 0.338848 -1.23299 -7.60729 7.53365 -6.04167 -4.63308 4.33121 -12.9547 3.2495 -3.26872 70.8891 -12.2891 23.716 -29.2081 0.0598081 0.137039 -7.36198 -2.50053 38.0717 -24.234 0.0496218 0.113702 -2.97114 -9.6171 0.68417 9.23673 -4.20556 2.0327 -25.066 -7.15679 -64.9163 -0.852353 -38.7721 -0.655187 -3.49591 12.9173 0.169353 -2.32622 -40.4017 -6.04875 -5.10066 4.64627 16.0907 0.779096 -9.8844 12.4959 2.06544e-15 -7.05863e-16 -7.6852e-17 -9.23673 -4.20556 2.0327 -26.9634 -16.1475 -23.8629 0.852353 -38.7721 -0.655187 14.1217 43.1215 -4.80486 2.32622 -40.4017 -6.04875 2.14962 -1.08284 -15.6738 -0.779096 -9.8844 12.4959 1.37039e-15 -6.45391e-16 -1.2833e-14 
20.5257 90.3924 100.637 9.75464 1.03595 23.9247 0 5.07867 -1.15138 -2.81125 -1.31985 0.298542 0 5.61661 1.07143 -2.15459 -0.758705 -0.0321085 -1.02604e-17 5.98978 0.11501 -1.78215 0.227927 -0.24369 -1.10457e-17 6.50583 -0.443523 -1.13699 2.00548 -0.192115 -1.97295e-17 7.60548 -1.50593 -0.816438 3.53021 0.101715 -2.53307e-17 9.49737 -0.914492 -0.0318023 3.85126 0.0279957 -2.90401e-17 10.5513 1.57691 0.417105 1.40757 0.116375 -1.29193e-17 4.78644 0.715339 0.60732 9.20038 -13.5606 -1.8116e-17 4.82109 0.421791 0.265004 -3.61443 -6.80487 -2.00958e-17 4.83041 0.765062 0.391062 -6.18423 -16.1318 1.23299 -7.60731 7.53374 3.15328 1.84391 3.56356 12.9547 3.2495 -3.26872 -80.6305 67.7535 -4.24029 29.2081 0.0598081 0.137039 9.20783 -4.27401 -50.3179 24.234 0.0496219 0.113701 6.47123 -1.5778 0.787482 -1.23299 -7.60729 7.53365 -6.35558 -4.786 4.14379 -12.9547 3.2495 -3.26872 71.0199 -14.1572 24.8503 -29.2081 0.0598081 0.137039 -7.33914 -2.48289 37.9337 -24.234 0.0496218 0.113702 -2.76938 -8.95886 0.957667 9.23673 -4.20556 2.0327 -24.5492 -7.09997 -65.2273 -0.852353 -38.7721 -0.655187 -3.51864 12.9989 0.173022 -2.32622 -40.4017 -6.04875 -4.82347 3.36829 16.0645 0.779096 -9.8844 12.4959 8.51636e-16 -7.56548e-16 -2.61668e-17 -9.23673 -4.20556 2.0327 -26.7122 -18.5334 -23.3894 0.852353 -38.7721 -0.655187 13.2938 41.3953 -4.27893 2.32622 -40.4017 -6.04875 1.7832 -1.9686 -15.7028 -0.779096 -9.8844 12.4959 -5.43604e-16 -5.6139e-16 -1.27494e-14 
19.5755 90.3142 101.158 9.41535 1.41897 25.5368 0 5.07867 -1.15138 -2.82671 -1.06338 0.361532 0 5.61661 1.07143 -2.18835 -0.578045 0.00863184 -1.02604e-17 5.98978 0.11501 -1.81986 0.33652 -0.206309 -1.10457e-17 6.50583 -0.443523 -1.17806 2.00824 -0.155286 -1.97295e-17 7.60548 -1.50593 -0.850759 3.42991 0.145737 -2.53307e-17 9.49737 -0.914492 -0.0411339 3.73842 0.0952244 -2.90401e-17 10.5513 1.57691 0.429124 1.42382 0.134669 -1.29193e-17 4.78644 0.715339 0.558547 8.95469 -14.2251 -1.8116e-17 4.82109 0.421791 0.504244 -3.68694 -7.09051 -2.00958e-17 4.83041 0.765062 1.00942 -5.94361 -16.861 1.23299 -7.60731 7.53374 3.09872 1.75452 3.64652 12.9547 3.2495 -3.26872 -81.2111 68.3314 -2.61358 29.2081 0.0598081 0.137039 9.95619 -5.2629 -56.2295 24.234 0.0496219 0.113701 6.55992 0.879926 1.51691 -1.23299 -7.60729 7.53365 -6.56366 -4.91228 4.06705 -12.9547 3.2495 -3.26872 70.7272 -15.4689 26.2235 -29.2081 0.0598081 0.137039 -7.26538 -2.42651 37.4897 -24.234 0.0496218 0.113702 -2.99208 -8.9196 0.997175 9.23673 -4.20556 2.0327 -23.8921 -7.00511 -65.4178 -0.852353 -38.7721 -0.655187 -3.55385 13.1254 0.178772 -2.32622 -40.4017 -6.04875 -4.52201 1.9467 16.0345 0.779096 -9.8844 12.4959 1.98105e-15 -7.09489e-16 -7.32255e-17 -9.23673 -4.20556 2.0327 -26.357 -20.5347 -22.8014 0.852353 -38.7721 -0.655187 12.2583 39.0954 -3.6508 2.32622 -40.4017 -6.04875 1.70103 -2.35584 -15.7327 -0.779096 -9.8844 12.4959 -1.37039e-15 -5.34893e-16 -1.27108e-14 
18.6928 90.2383 101.71 8.94594 1.72369 27.2574 0 5.07867 -1.15138 -2.74587 -0.843022 0.39024 0 5.61661 1.07143 -2.11508 -0.385883 0.0288553 -1.02604e-17 5.98978 0.11501 -1.76356 0.465329 -0.192132 -1.10457e-17 6.50583 -0.443523 -1.14493 2.05364 -0.14246 -1.97295e-17 7.60548 -1.50593 -0.841898 3.37384 0.156956 -2.53307e-17 9.49737 -0.914492 -0.0487302 3.64084 0.122386 -2.90401e-17 10.5513 1.57691 0.429484 1.44247 0.15275 -1.29193e-17 4.78644 0.715339 0.481585 8.54677 -14.9055 -1.8116e-17 4.82109 0.421791 0.632855 -3.70803 -7.35764 -2.00958e-17 4.83041 0.765062 1.49149 -5.83158 -17.5419 1.23299 -7.60731 7.53374 2.92485 1.67087 3.74451 12.9547 3.2495 -3.26872 -81.0044 69.0161 -2.1876 29.2081 0.0598081 0.137039 10.4995 -6.1414 -61.1498 24.234 0.0496219 0.113701 6.56175 3.06654 1.66442 -1.23299 -7.60729 7.53365 -6.64328 -4.99512 4.08327 -12.9547 3.2495 -3.26872 69.8807 -16.6987 27.8154 -29.2081 0.0598081 0.137039 -7.09119 -2.2969 36.4507 -24.234 0.0496218 0.113702 -3.50444 -9.14635 1.13951 9.23673 -4.20556 2.0327 -23.1614 -6.90157 -65.8138 -0.852353 -38.7721 -0.655187 -3.61365 13.3399 0.188714 -2.32622 -40.4017 -6.04875 -4.29262 0.458682 16.0509 0.779096 -9.8844 12.4959 7.75976e-17 -7.92831e-16 1.01162e-17 -9.23673 -4.20556 2.0327 -25.6887 -22.2199 -21.5606 0.852353 -38.7721 -0.655187 11.0228 36.136 -2.94898 2.32622 -40.4017 -6.04875 1.9153 -1.75719 -15.7342 -0.779096 -9.8844 12.4959 -2.30434e-16 -5.82611e-16 -1.27582e-14 
17.85 90.1599 102.3 8.25623 2.02792 29.0943 0 5.07867 -1.15138 -2.58871 -0.669125 0.378855 0 5.61661 1.07143 -1.95801 -0.208104 0.0238491 -1.02604e-17 5.98978 0.11501 -1.6297 0.589836 -0.200329 -1.10457e-17 6.50583 -0.443523 -1.04585 2.11194 -0.150285 -1.97295e-17 7.60548 -1.50593 -0.787197 3.33264 0.137853 -2.53307e-17 9.49737 -0.914492 -0.042863 3.54265 0.113059 -2.90401e-17 10.5513 1.57691 0.422242 1.46299 0.172946 -1.29193e-17 4.78644 0.715339 0.425995 8.15037 -15.6992 -1.8116e-17 4.82109 0.421791 0.754663 -3.75136 -7.65645 -2.00958e-17 4.83041 0.765062 1.86187 -5.91482 -18.0266 1.23299 -7.60731 7.53374 2.67924 1.57947 3.86155 12.9547 3.2495 -3.26872 -79.6899 69.8226 -3.15722 29.2081 0.0598081 0.137039 10.8821 -6.88246 -65.1224 24.234 0.0496219 0.113701 6.54079 4.8818 1.28782 -1.23299 -7.60729 7.53365 -6.69947 -5.02494 4.13555 -12.9547 3.2495 -3.26872 68.707 -18.0638 29.431 -29.2081 0.0598081 0.137039 -6.8441 -2.12123 34.9994 -24.234 0.0496218 0.113702 -4.05468 -9.49634 1.37698 9.23673 -4.20556 2.0327 -22.351 -6.95407 -66.2105 -0.852353 -38.7721 -0.655187 -3.72798 13.7489 0.208342 -2.32622 -40.4017 -6.04875 -3.95384 -1.07594 16.0695 0.779096 -9.8844 12.4959 -3.62167e-16 -8.07233e-16 2.45183e-17 -9.23673 -4.20556 2.0327 -24.7541 -23.727 -19.9041 0.852353 -38.7721 -0.655187 9.69412 32.6809 -2.25892 2.32622 -40.4017 -6.04875 2.56867 -0.119097 -15.7372 -0.779096 -9.8844 12.4959 -9.72814e-16 -5.47647e-16 -1.27232e-14 
17.0273 90.0948 102.966 7.54421 2.25136 30.9129 0 5.07867 -1.15138 -2.40337 -0.515643 0.366615 0 5.61661 1.07143 -1.7717 -0.0399552 0.024979 -1.02604e-17 5.98978 0.11501 -1.46917 0.701081 -0.200419 -1.10457e-17 6.50583 -0.443523 -0.92658 2.14448 -0.150044 -1.97295e-17 7.60548 -1.50593 -0.717385 3.26035 0.123105 -2.53307e-17 9.49737 -0.914492 -0.0330574 3.3975 0.110386 -2.90401e-17 10.5513 1.57691 0.406155 1.48767 0.197834 -1.29193e-17 4.78644 0.715339 0.337639 7.73346 -16.5654 -1.8116e-17 4.82109 0.421791 0.830309 -3.72145 -7.97613 -2.00958e-17 4.83041 0.765062 2.2069 -5.95078 -18.4192 1.23299 -7.60731 7.53374 2.46862 1.51871 3.96405 12.9547 3.2495 -3.26872 -77.6109 70.7786 -5.03735 29.2081 0.0598081 0.137039 11.1803 -7.56612 -68.6766 24.234 0.0496219 0.113701 6.43883 6.35253 0.869243 -1.23299 -7.60729 7.53365 -6.71289 -4.95212 4.26821 -12.9547 3.2495 -3.26872 67.324 -19.6252 30.85 -29.2081 0.0598081 0.137039 -6.55126 -1.92486 33.3107 -24.234 0.0496218 0.113702 -4.58934 -9.81332 1.51953 9.23673 -4.20556 2.0327 -21.485 -6.99413 -66.5395 -0.852353 -38.7721 -0.655187 -3.84996 14.184 0.230181 -2.32622 -40.4017 -6.04875 -3.57952 -2.53919 16.0861 0.779096 -9.8844 12.4959 1.42934e-17 -7.95469e-16 1.27539e-17 -9.23673 -4.20556 2.0327 -23.5921 -24.9792 -17.6723 0.852353 -38.7721 -0.655187 8.31986 28.8031 -1.62438 2.32622 -40.4017 -6.04875 3.69434 2.80939 -15.7695 -0.779096 -9.8844 12.4959 -6.06909e-16 -5.58752e-16 -1.27464e-14 
16.2469 90.0771 103.731 7.06661 2.35671 32.6609 0 5.07867 -1.15138 -2.26177 -0.369902 0.364739 0 5.61661 1.07143 -1.62936 0.116238 0.0360619 -1.02604e-17 5.98978 0.11501 -1.34636 0.807612 -0.189279 -1.10457e-17 6.50583 -0.443523 -0.835275 2.17419 -0.13862 -1.97295e-17 7.60548 -1.50593 -0.661283 3.19202 0.124219 -2.53307e-17 9.49737 -0.914492 -0.0216748 3.26513 0.128725 -2.90401e-17 10.5513 1.57691 0.384983 1.51302 0.227751 -1.29193e-17 4.78644 0.715339 0.230631 7.3812 -17.4766 -1.8116e-17 4.82109 0.421791 0.87817 -3.67057 -8.32373 -2.00958e-17 4.83041 0.765062 2.58587 -5.88797 -18.72 1.23299 -7.60731 7.53374 2.42302 1.46806 4.05215 12.9547 3.2495 -3.26872 -74.7583 71.8026 -7.80978 29.2081 0.0598081 0.137039 11.4138 -8.2013 -71.9037 24.234 0.0496219 0.113701 6.27795 7.49325 0.485378 -1.23299 -7.60729 7.53365 -6.69925 -4.83751 4.48602 -12.9547 3.2495 -3.26872 65.9755 -21.3677 31.9925 -29.2081 0.0598081 0.137039 -6.23723 -1.72776 31.534 -24.234 0.0496218 0.113702 -5.09629 -9.8977 1.48867 9.23673 -4.20556 2.0327 -20.6808 -6.82861 -66.6957 -0.852353 -38.7721 -0.655187 -3.92869 14.464 0.244767 -2.32622 -40.4017 -6.04875 -3.45193 -3.70851 16.1182 0.779096 -9.8844 12.4959 4.11863e-16 -7.83044e-16 3.29833e-19 -9.23673 -4.20556 2.0327 -22.5174 -25.6862 -15.4211 0.852353 -38.7721 -0.655187 6.95629 24.6522 -1.08366 2.32622 -40.4017 -6.04875 5.25447 6.63713 -15.9072 -0.779096 -9.8844 12.4959 -1.37038e-15 -5.34893e-16 -1.27108e-14 
15.5361 90.1372 104.614 6.91708 2.23565 34.3482 0 5.07867 -1.15138 -2.172 -0.309924 0.378671 0 5.61661 1.07143 -1.53808 0.215389 0.0613257 -1.02604e-17 5.98978 0.11501 -1.2678 0.914301 -0.164096 -1.10457e-17 6.50583 -0.443523 -0.774637 2.29947 -0.112656 -1.97295e-17 7.60548 -1.50593 -0.620155 3.2602 0.14597 -2.53307e-17 9.49737 -0.914492 -0.00418314 3.30897 0.17173 -2.90401e-17 10.5513 1.57691 0.362778 1.52489 0.260216 -1.29193e-17 4.78644 0.715339 0.16714 7.22244 -18.3307 -1.8116e-17 4.82109 0.421791 0.944253 -3.67906 -8.65874 -2.00958e-17 4.83041 0.765062 2.99698 -5.87895 -19.0907 1.23299 -7.60731 7.53374 2.55298 1.32757 4.1696 12.9547 3.2495 -3.26872 -70.5133 72.8825 -12.1793 29.2081 0.0598081 0.137039 11.5864 -8.76004 -74.6951 24.234 0.0496219 0.113701 6.11652 8.20914 0.186636 -1.23299 -7.60729 7.53365 -6.63424 -4.81583 4.76489 -12.9547 3.2495 -3.26872 64.8073 -23.3152 32.9619 -29.2081 0.0598081 0.137039 -5.90003 -1.53077 29.6615 -24.234 0.0496218 0.113702 -5.55875 -9.59396 1.28014 9.23673 -4.20556 2.0327 -19.9125 -6.27755 -66.7541 -0.852353 -38.7721 -0.655187 -3.9465 14.5272 0.24812 -2.32622 -40.4017 -6.04875 -3.76284 -4.50657 16.1641 0.779096 -9.8844 12.4959 3.54027e-17 -7.94809e-16 1.20942e-17 -9.23673 -4.20556 2.0327 -21.5996 -25.6357 -13.5682 0.852353 -38.7721 -0.655187 5.6662 20.4618 -0.661912 2.32622 -40.4017 -6.04875 6.98003 10.8292 -16.1937 -0.779096 -9.8844 12.4959 -3.71358e-15 -4.25386e-16 -1.2613e-14 
14.9017 90.2387 105.623 6.96915 2.00463 36.0178 0 5.07867 -1.15138 -2.12963 -0.309486 0.392587 0 5.61661 1.07143 -1.49181 0.268383 0.0831827 -1.02604e-17 5.98978 0.11501 -1.22718 1.00943 -0.142773 -1.10457e-17 6.50583 -0.443523 -0.7381 2.47433 -0.0893932 -1.97295e-17 7.60548 -1.50593 -0.591504 3.40665 0.169996 -2.53307e-17 9.49737 -0.914492 0.0160316 3.4597 0.218905 -2.90401e-17 10.5513 1.57691 0.34179 1.53227 0.294489 -1.29193e-17 4.78644 0.715339 0.163451 7.2525 -19.0509 -1.8116e-17 4.82109 0.421791 1.04895 -3.72119 -8.94642 -2.00958e-17 4.83041 0.765062 3.44339 -5.93528 -19.5647 1.23299 -7.60731 7.53374 2.79034 1.128 4.30117 12.9547 3.2495 -3.26872 -65.1434 73.824 -17.7621 29.2081 0.0598081 0.137039 11.7116 -9.24102 -77.0697 24.234 0.0496219 0.113701 6.0275 8.60012 -0.0953242 -1.23299 -7.60729 7.53365 -6.53628 -4.87015 5.10901 -12.9547 3.2495 -3.26872 63.7415 -25.2641 33.7074 -29.2081 0.0598081 0.137039 -5.54285 -1.33776 27.7136 -24.234 0.0496218 0.113702 -5.98877 -9.22189 0.971802 9.23673 -4.20556 2.0327 -19.1745 -5.49534 -66.7632 -0.852353 -38.7721 -0.655187 -3.93956 14.5026 0.246811 -2.32622 -40.4017 -6.04875 -4.37308 -5.12711 16.2174 0.779096 -9.8844 12.4959 2.48481e-17 -7.95139e-16 1.2424e-17 -9.23673 -4.20556 2.0327 -20.9166 -25.0174 -12.7413 0.852353 -38.7721 -0.655187 4.54726 16.6408 -0.372591 2.32622 -40.4017 -6.04875 8.61375 14.8663 -16.6103 -0.779096 -9.8844 12.4959 1.6413e-15 -6.64302e-16 -1.28402e-14 
14.3501 90.3293 106.734 7.18301 1.75675 37.6767 0 5.07867 -1.15138 -2.13438 -0.311841 0.406198 0 5.61661 1.07143 -1.49043 0.306914 0.0986785 -1.02604e-17 5.98978 0.11501 -1.22493 1.0874 -0.128682 -1.10457e-17 6.50583 -0.443523 -0.728833 2.62485 -0.0727567 -1.97295e-17 7.60548 -1.50593 -0.579326 3.53155 0.191477 -2.53307e-17 9.49737 -0.914492 0.0323901 3.59738 0.265289 -2.90401e-17 10.5513 1.57691 0.320181 1.54814 0.332392 -1.29193e-17 4.78644 0.715339 0.187339 7.36509 -19.6445 -1.8116e-17 4.82109 0.421791 1.18769 -3.70695 -9.18905 -2.00958e-17 4.83041 0.765062 3.88331 -5.92251 -20.1338 1.23299 -7.60731 7.53374 3.05016 0.935542 4.38916 12.9547 3.2495 -3.26872 -59.1041 74.5248 -23.976 29.2081 0.0598081 0.137039 11.8028 -9.6566 -79.1047 24.234 0.0496219 0.113701 5.98168 8.73044 -0.324274 -1.23299 -7.60729 7.53365 -6.41236 -4.91152 5.54601 -12.9547 3.2495 -3.26872 62.6318 -27.076 34.0908 -29.2081 0.0598081 0.137039 -5.17372 -1.15433 25.7348 -24.234 0.0496218 0.113702 -6.37784 -9.07673 0.656317 9.23673 -4.20556 2.0327 -18.5068 -4.57362 -66.7246 -0.852353 -38.7721 -0.655187 -3.92653 14.4563 0.244362 -2.32622 -40.4017 -6.04875 -5.05097 -5.72118 16.2647 0.779096 -9.8844 12.4959 -3.62167e-16 -8.07233e-16 2.45183e-17 -9.23673 -4.20556 2.0327 -20.5247 -24.1304 -13.0289 0.852353 -38.7721 -0.655187 3.72637 13.7432 -0.20806 2.32622 -40.4017 -6.04875 9.88805 18.1131 -17.0383 -0.779096 -9.8844 12.4959 4.88518e-15 -8.03935e-16 -1.29795e-14 
13.889 90.397 107.911 7.60256 1.48298 39.3032 0 5.07867 -1.15138 -2.17629 -0.305645 0.426972 0 5.61661 1.07143 -1.52461 0.344872 0.115695 -1.02604e-17 5.98978 0.11501 -1.2538 1.1599 -0.114512 -1.10457e-17 6.50583 -0.443523 -0.743853 2.75452 -0.0570629 -1.97295e-17 7.60548 -1.50593 -0.582044 3.63538 0.214641 -2.53307e-17 9.49737 -0.914492 0.0448771 3.71533 0.313813 -2.90401e-17 10.5513 1.57691 0.296076 1.56884 0.372952 -1.29193e-17 4.78644 0.715339 0.250246 7.55467 -20.2271 -1.8116e-17 4.82109 0.421791 1.34851 -3.64352 -9.43449 -2.00958e-17 4.83041 0.765062 4.26167 -5.8176 -20.6418 1.23299 -7.60731 7.53374 3.32276 0.758225 4.42909 12.9547 3.2495 -3.26872 -52.5753 75.0289 -30.6754 29.2081 0.0598081 0.137039 11.8673 -10.0047 -80.7996 24.234 0.0496219 0.113701 6.04321 8.60859 -0.480034 -1.23299 -7.60729 7.53365 -6.29025 -4.91653 6.01867 -12.9547 3.2495 -3.26872 61.4843 -28.6954 34.0563 -29.2081 0.0598081 0.137039 -4.8143 -0.990625 23.8378 -24.234 0.0496218 0.113702 -6.68502 -9.14422 0.423206 9.23673 -4.20556 2.0327 -17.9541 -3.48904 -66.6306 -0.852353 -38.7721 -0.655187 -3.91556 14.4173 0.242307 -2.32622 -40.4017 -6.04875 -5.72502 -6.26663 16.3105 0.779096 -9.8844 12.4959 4.01308e-16 -7.83374e-16 6.59665e-19 -9.23673 -4.20556 2.0327 -20.3129 -23.0645 -13.7047 0.852353 -38.7721 -0.655187 3.23782 11.9866 -0.129958 2.32622 -40.4017 -6.04875 10.679 20.2126 -17.3539 -0.779096 -9.8844 12.4959 -9.34993e-15 -1.90758e-16 -1.23663e-14 
13.5136 90.4349 109.126 8.13183 1.25259 40.8887 0 5.07867 -1.15138 -2.26552 -0.273444 0.452468 0 5.61661 1.07143 -1.60439 0.385725 0.133393 -1.02604e-17 5.98978 0.11501 -1.32134 1.22934 -0.0997544 -1.10457e-17 6.50583 -0.443523 -0.786337 2.86221 -0.0417045 -1.97295e-17 7.60548 -1.50593 -0.598117 3.72144 0.239605 -2.53307e-17 9.49737 -0.914492 0.0617339 3.82796 0.36061 -2.90401e-17 10.5513 1.57691 0.273369 1.58894 0.414856 -1.29193e-17 4.78644 0.715339 0.371836 7.85888 -20.7653 -1.8116e-17 4.82109 0.421791 1.55918 -3.62635 -9.67507 -2.00958e-17 4.83041 0.765062 4.64201 -5.67483 -21.0923 1.23299 -7.60731 7.53374 3.62363 0.593584 4.42909 12.9547 3.2495 -3.26872 -45.7481 75.3273 -37.6341 29.2081 0.0598081 0.137039 11.9112 -10.2832 -82.1504 24.234 0.0496219 0.113701 6.29583 8.36354 -0.643715 -1.23299 -7.60729 7.53365 -6.20204 -4.918 6.46918 -12.9547 3.2495 -3.26872 60.5102 -30.2228 33.7273 -29.2081 0.0598081 0.137039 -4.5021 -0.859852 22.2112 -24.234 0.0496218 0.113702 -6.83028 -9.2839 0.264705 9.23673 -4.20556 2.0327 -17.5501 -2.39944 -66.4607 -0.852353 -38.7721 -0.655187 -3.9468 14.5283 0.248175 -2.32622 -40.4017 -6.04875 -6.39513 -6.79227 16.3616 0.779096 -9.8844 12.4959 -3.51612e-16 -8.06903e-16 2.41884e-17 -9.23673 -4.20556 2.0327 -20.3459 -21.8455 -14.8498 0.852353 -38.7721 -0.655187 3.16293 11.7154 -0.119313 2.32622 -40.4017 -6.04875 11.0417 20.7377 -17.482 -0.779096 -9.8844 12.4959 1.09596e-15 -6.33517e-16 -1.28212e-14 
13.213 90.4267 110.336 8.75685 1.14124 42.3878 0 5.07867 -1.15138 -2.40777 -0.173006 0.481156 0 5.61661 1.07143 -1.73496 0.457781 0.144797 -1.02604e-17 5.98978 0.11501 -1.43146 1.30013 -0.0925684 -1.10457e-17 6.50583 -0.443523 -0.861719 2.91342 -0.0333799 -1.97295e-17 7.60548 -1.50593 -0.636298 3.72671 0.2609 -2.53307e-17 9.49737 -0.914492 0.0671751 3.85892 0.405554 -2.90401e-17 10.5513 1.57691 0.251811 1.61792 0.454585 -1.29193e-17 4.78644 0.715339 0.477215 8.19186 -21.1026 -1.8116e-17 4.82109 0.421791 1.77261 -3.5654 -9.84542 -2.00958e-17 4.83041 0.765062 5.05283 -5.50839 -21.6386 1.23299 -7.60731 7.53374 3.95683 0.466698 4.41771 12.9547 3.2495 -3.26872 -39.624 75.4278 -43.8463 29.2081 0.0598081 0.137039 11.9417 -10.5083 -83.2398 24.234 0.0496219 0.113701 6.65807 8.24899 -0.834362 -1.23299 -7.60729 7.53365 -6.11585 -4.88059 6.92282 -12.9547 3.2495 -3.26872 59.7 -31.5117 33.2412 -29.2081 0.0598081 0.137039 -4.23074 -0.754519 20.8119 -24.234 0.0496218 0.113702 -6.93557 -9.55772 0.214303 9.23673 -4.20556 2.0327 -17.3779 -1.44388 -66.2044 -0.852353 -38.7721 -0.655187 -4.05141 14.8992 0.268266 -2.32622 -40.4017 -6.04875 -7.2385 -7.32442 16.4105 0.779096 -9.8844 12.4959 1.17534e-15 -7.47092e-16 -3.5623e-17 -9.23673 -4.20556 2.0327 -20.6882 -20.354 -16.9371 0.852353 -38.7721 -0.655187 3.39568 12.5565 -0.153555 2.32622 -40.4017 -6.04875 10.4567 18.7953 -17.1864 -0.779096 -9.8844 12.4959 -1.56566e-16 -5.85579e-16 -1.27615e-14 
12.9415 90.2451 111.502 9.35962 1.33151 43.9474 0 5.07867 -1.15138 -2.56302 -0.248031 0.528429 0 5.61661 1.07143 -1.87529 0.419043 0.16247 -1.02604e-17 5.98978 0.11501 -1.54563 1.32955 -0.0780326 -1.10457e-17 6.50583 -0.443523 -0.938117 3.0468 -0.0232963 -1.97295e-17 7.60548 -1.50593 -0.668044 3.8814 0.283696 -2.53307e-17 9.49737 -0.914492 0.0867128 4.04554 0.44065 -2.90401e-17 10.5513 1.57691 0.236452 1.5984 0.476703 -1.29193e-17 4.78644 0.715339 0.652825 8.44352 -21.5643 -1.8116e-17 4.82109 0.421791 2.11574 -3.50928 -10.0473 -2.00958e-17 4.83041 0.765062 5.23017 -5.63157 -22.0497 1.23299 -7.60731 7.53374 4.33157 0.288315 4.43922 12.9547 3.2495 -3.26872 -33.8398 75.3634 -49.8553 29.2081 0.0598081 0.137039 11.9685 -10.7392 -84.3552 24.234 0.0496219 0.113701 6.95681 8.37944 -0.871659 -1.23299 -7.60729 7.53365 -6.24046 -4.92571 7.02276 -12.9547 3.2495 -3.26872 58.9209 -32.3965 32.6097 -29.2081 0.0598081 0.137039 -4.01844 -0.677362 19.7257 -24.234 0.0496218 0.113702 -7.01205 -10.1982 0.256993 9.23673 -4.20556 2.0327 -17.4692 -0.808739 -65.9294 -0.852353 -38.7721 -0.655187 -4.21214 15.4667 0.300442 -2.32622 -40.4017 -6.04875 -8.37396 -7.74953 16.6249 0.779096 -9.8844 12.4959 5.6512e-17 -7.93819e-16 1.11047e-17 -9.23673 -4.20556 2.0327 -21.5355 -19.925 -16.8397 0.852353 -38.7721 -0.655187 4.49643 16.4636 -0.361209 2.32622 -40.4017 -6.04875 7.76223 9.57263 -16.0383 -0.779096 -9.8844 12.4959 1.8823e-16 -5.96024e-16 -1.27716e-14 
12.7559 90.24 112.662 9.61064 1.94208 45.483 0 5.07867 -1.15138 -2.77778 -0.386113 0.507497 0 5.61661 1.07143 -2.07101 0.291253 0.107458 -1.02604e-17 5.98978 0.11501 -1.70004 1.25765 -0.132288 -1.10457e-17 6.50583 -0.443523 -1.0317 3.06936 -0.0808419 -1.97295e-17 7.60548 -1.50593 -0.707038 3.95527 0.241711 -2.53307e-17 9.49737 -0.914492 0.0998854 4.1672 0.402608 -2.90401e-17 10.5513 1.57691 0.226814 1.57303 0.483164 -1.29193e-17 4.78644 0.715339 0.826205 8.70276 -21.7658 -1.8116e-17 4.82109 0.421791 2.40201 -3.54043 -10.1689 -2.00958e-17 4.83041 0.765062 5.46611 -5.76135 -22.3068 1.23299 -7.60731 7.53374 4.75182 0.153812 4.55693 12.9547 3.2495 -3.26872 -30.2079 75.3034 -53.5535 29.2081 0.0598081 0.137039 11.9841 -10.897 -85.1166 24.234 0.0496219 0.113701 7.4213 8.81111 -1.14707 -1.23299 -7.60729 7.53365 -6.52156 -4.977 6.94104 -12.9547 3.2495 -3.26872 58.5139 -32.6472 32.0084 -29.2081 0.0598081 0.137039 -3.87201 -0.626783 18.9806 -24.234 0.0496218 0.113702 -6.95094 -11.0563 0.339913 9.23673 -4.20556 2.0327 -17.866 -0.844008 -65.5145 -0.852353 -38.7721 -0.655187 -4.52873 16.5763 0.368425 -2.32622 -40.4017 -6.04875 -9.15133 -8.29716 16.8635 0.779096 -9.8844 12.4959 2.48481e-17 -7.95139e-16 1.2424e-17 -9.23673 -4.20556 2.0327 -22.1054 -19.4413 -17.0864 0.852353 -38.7721 -0.655187 4.80036 17.5189 -0.431573 2.32622 -40.4017 -6.04875 6.95641 7.35214 -15.8706 -0.779096 -9.8844 12.4959 5.85799e-16 -6.20542e-16 -1.27961e-14 
12.5554 90.1412 113.774 9.05309 3.01553 46.8982 0 5.07867 -1.15138 -2.89071 -0.569066 0.430321 0 5.61661 1.07143 -2.187 0.0645797 0.0120306 -1.02604e-17 5.98978 0.11501 -1.78881 1.028 -0.222636 -1.10457e-17 6.50583 -0.443523 -1.08022 2.84727 -0.167817 -1.97295e-17 7.60548 -1.50593 -0.724857 3.76366 0.158506 -2.53307e-17 9.49737 -0.914492 0.0926154 4.02567 0.320743 -2.90401e-17 10.5513 1.57691 0.214877 1.55819 0.48877 -1.29193e-17 4.78644 0.715339 0.85 8.7258 -21.6973 -1.8116e-17 4.82109 0.421791 2.47632 -3.53629 -10.2033 -2.00958e-17 4.83041 0.765062 5.6295 -5.7398 -22.6599 1.23299 -7.60731 7.53374 5.0598 0.177976 4.69219 12.9547 3.2495 -3.26872 -29.7545 75.5621 -53.9762 29.2081 0.0598081 0.137039 11.999 -11.0722 -85.9614 24.234 0.0496219 0.113701 7.65422 9.64799 -1.33345 -1.23299 -7.60729 7.53365 -6.82178 -4.79964 6.78262 -12.9547 3.2495 -3.26872 57.7079 -32.1803 31.0965 -29.2081 0.0598081 0.137039 -3.83628 -0.614764 18.7993 -24.234 0.0496218 0.113702 -6.78764 -12.4209 0.1347 9.23673 -4.20556 2.0327 -18.3867 -2.03429 -65.186 -0.852353 -38.7721 -0.655187 -5.07445 18.461 0.49975 -2.32622 -40.4017 -6.04875 -9.68471 -9.25406 17.1192 0.779096 -9.8844 12.4959 2.48481e-17 -7.95139e-16 1.2424e-17 -9.23673 -4.20556 2.0327 -22.5776 -19.8023 -18.5025 0.852353 -38.7721 -0.655187 5.03356 18.3211 -0.489296 2.32622 -40.4017 -6.04875 6.29151 5.69841 -15.7333 -0.779096 -9.8844 12.4959 -1.77675e-16 -5.84919e-16 -1.27605e-14 
12.2721 90.0243 114.893 7.63899 4.1115 48.0062 0 5.07867 -1.15138 -2.84338 -0.846749 0.305194 0 5.61661 1.07143 -2.1503 -0.251043 -0.114096 -1.02604e-17 5.98978 0.11501 -1.74269 0.700829 -0.339748 -1.10457e-17 6.50583 -0.443523 -1.02559 2.51341 -0.27922 -1.97295e-17 7.60548 -1.50593 -0.677789 3.46813 0.0344852 -2.53307e-17 9.49737 -0.914492 0.0962183 3.76549 0.187194 -2.90401e-17 10.5513 1.57691 0.20614 1.53829 0.484973 -1.29193e-17 4.78644 0.715339 0.825716 8.58562 -21.4696 -1.8116e-17 4.82109 0.421791 2.43433 -3.62952 -10.1587 -2.00958e-17 4.83041 0.765062 5.663 -5.77902 -22.7684 1.23299 -7.60731 7.53374 5.18902 0.28811 4.87055 12.9547 3.2495 -3.26872 -32.5118 75.9883 -51.1976 29.2081 0.0598081 0.137039 12.0114 -11.2502 -86.8187 24.234 0.0496219 0.113701 7.73908 10.8098 -1.36759 -1.23299 -7.60729 7.53365 -7.1782 -4.52882 6.4426 -12.9547 3.2495 -3.26872 57.1631 -31.0524 30.4679 -29.2081 0.0598081 0.137039 -3.89084 -0.633168 19.0762 -24.234 0.0496218 0.113702 -6.65029 -13.7617 -0.143507 9.23673 -4.20556 2.0327 -18.5944 -4.0421 -65.0841 -0.852353 -38.7721 -0.655187 -5.74456 20.7231 0.684895 -2.32622 -40.4017 -6.04875 -9.38068 -9.96813 17.4543 0.779096 -9.8844 12.4959 -1.13618e-15 -8.43515e-16 6.08003e-17 -9.23673 -4.20556 2.0327 -22.5039 -21.0881 -19.8676 0.852353 -38.7721 -0.655187 5.32035 19.2981 -0.564672 2.32622 -40.4017 -6.04875 5.31375 3.22559 -15.5012 -0.779096 -9.8844 12.4959 -5.85795e-16 -5.59742e-16 -1.27474e-14 
11.9145 90.1681 116.106 6.49158 4.3739 48.5925 0 5.07867 -1.15138 -2.68297 -1.04766 0.179318 0 5.61661 1.07143 -1.99328 -0.459368 -0.221606 -1.02604e-17 5.98978 0.11501 -1.59318 0.504664 -0.438275 -1.10457e-17 6.50583 -0.443523 -0.892087 2.3184 -0.373326 -1.97295e-17 7.60548 -1.50593 -0.581102 3.30329 -0.0814311 -2.53307e-17 9.49737 -0.914492 0.118523 3.61608 0.0593666 -2.90401e-17 10.5513 1.57691 0.196807 1.5145 0.479491 -1.29193e-17 4.78644 0.715339 0.871579 8.59436 -21.3309 -1.8116e-17 4.82109 0.421791 2.37909 -3.8319 -10.1341 -2.00958e-17 4.83041 0.765062 5.63128 -6.0306 -22.2451 1.23299 -7.60731 7.53374 5.09664 0.334769 4.99617 12.9547 3.2495 -3.26872 -36.1435 75.9287 -47.5069 29.2081 0.0598081 0.137039 12.0156 -11.3227 -87.168 24.234 0.0496219 0.113701 7.88349 11.3734 -1.31484 -1.23299 -7.60729 7.53365 -7.37806 -4.34972 6.13487 -12.9547 3.2495 -3.26872 57.659 -30.5319 30.5474 -29.2081 0.0598081 0.137039 -4.00608 -0.673016 19.6627 -24.234 0.0496218 0.113702 -6.29196 -13.4655 -0.242805 9.23673 -4.20556 2.0327 -18.236 -5.33697 -65.0229 -0.852353 -38.7721 -0.655187 -6.34262 22.6894 0.871666 -2.32622 -40.4017 -6.04875 -8.71907 -9.94181 17.7574 0.779096 -9.8844 12.4959 -2.32889e-15 -8.93211e-16 1.10496e-16 -9.23673 -4.20556 2.0327 -21.6334 -21.7205 -20.6369 0.852353 -38.7721 -0.655187 5.31421 19.2772 -0.563006 2.32622 -40.4017 -6.04875 4.89911 2.84695 -15.4526 -0.779096 -9.8844 12.4959 -5.96354e-16 -5.59082e-16 -1.27471e-14 
11.5706 90.5438 117.421 7.05106 3.52647 49.1588 0 5.07867 -1.15138 -2.59988 -1.03015 0.104068 0 5.61661 1.07143 -1.89953 -0.410007 -0.274292 -1.02604e-17 5.98978 0.11501 -1.50264 0.642571 -0.489288 -1.10457e-17 6.50583 -0.443523 -0.799663 2.55084 -0.424866 -1.97295e-17 7.60548 -1.50593 -0.505191 3.57317 -0.143659 -2.53307e-17 9.49737 -0.914492 0.15832 3.9234 -0.00713607 -2.90401e-17 10.5513 1.57691 0.185074 1.46712 0.475492 -1.29193e-17 4.78644 0.715339 1.11459 9.08659 -21.5602 -1.8116e-17 4.82109 0.421791 2.49893 -4.23156 -10.2802 -2.00958e-17 4.83041 0.765062 5.63818 -6.71151 -21.3629 1.23299 -7.60731 7.53374 4.99122 0.104463 5.05895 12.9547 3.2495 -3.26872 -35.3526 75.1546 -48.283 29.2081 0.0598081 0.137039 12.0105 -11.236 -86.7505 24.234 0.0496219 0.113701 8.16202 10.4237 -1.12535 -1.23299 -7.60729 7.53365 -7.34891 -4.58062 6.03095 -12.9547 3.2495 -3.26872 59.3469 -31.5555 31.1664 -29.2081 0.0598081 0.137039 -4.11778 -0.712908 20.2331 -24.234 0.0496218 0.113702 -5.8364 -10.8993 -0.145707 9.23673 -4.20556 2.0327 -17.8479 -4.54458 -64.7297 -0.852353 -38.7721 -0.655187 -6.72633 23.9234 1.00185 -2.32622 -40.4017 -6.04875 -8.87581 -8.43657 18.0983 0.779096 -9.8844 12.4959 7.35512e-16 -7.61496e-16 -2.12183e-17 -9.23673 -4.20556 2.0327 -20.7222 -20.1688 -20.9886 0.852353 -38.7721 -0.655187 5.09641 18.5361 -0.505402 2.32622 -40.4017 -6.04875 4.80269 3.6196 -15.5232 -0.779096 -9.8844 12.4959 -5.96354e-16 -5.59082e-16 -1.27471e-14 
11.3256 90.9971 118.843 8.73077 2.2239 49.9277 0 5.07867 -1.15138 -2.63554 -0.964586 0.0446895 0 5.61661 1.07143 -1.90835 -0.255643 -0.318736 -1.02604e-17 5.98978 0.11501 -1.49343 0.984676 -0.537586 -1.10457e-17 6.50583 -0.443523 -0.749993 3.1452 -0.4763 -1.97295e-17 7.60548 -1.50593 -0.43753 4.26628 -0.196912 -2.53307e-17 9.49737 -0.914492 0.233361 4.68963 -0.071469 -2.90401e-17 10.5513 1.57691 0.175588 1.37464 0.463425 -1.29193e-17 4.78644 0.715339 1.58307 9.97878 -22.0011 -1.8116e-17 4.82109 0.421791 2.9242 -4.7747 -10.5154 -2.00958e-17 4.83041 0.765062 5.66777 -8.06765 -20.2811 1.23299 -7.60731 7.53374 5.08085 -0.431801 5.16039 12.9547 3.2495 -3.26872 -31.2515 74.1404 -52.3771 29.2081 0.0598081 0.137039 12.0024 -11.118 -86.1821 24.234 0.0496219 0.113701 8.77022 8.65085 -0.772739 -1.23299 -7.60729 7.53365 -7.28065 -5.25416 5.97844 -12.9547 3.2495 -3.26872 61.8063 -33.4726 32.2349 -29.2081 0.0598081 0.137039 -4.23619 -0.756577 20.84 -24.234 0.0496218 0.113702 -5.34851 -7.22555 0.0443554 9.23673 -4.20556 2.0327 -17.6507 -2.51806 -64.0684 -0.852353 -38.7721 -0.655187 -6.98784 24.7516 1.0951 -2.32622 -40.4017 -6.04875 -9.9669 -6.22042 18.6401 0.779096 -9.8844 12.4959 -1.50207e-15 -8.66713e-16 8.39985e-17 -9.23673 -4.20556 2.0327 -20.0161 -17.1694 -21.3132 0.852353 -38.7721 -0.655187 4.79174 17.4892 -0.429502 2.32622 -40.4017 -6.04875 4.75681 4.51172 -15.6079 -0.779096 -9.8844 12.4959 1.77666e-16 -5.95364e-16 -1.27713e-14 
11.248 91.131 120.268 9.24519 1.93324 50.6127 0 5.07867 -1.15138 -2.74409 -1.52645 -0.0553106 0 5.61661 1.07143 -1.98381 -0.601397 -0.424787 -1.02604e-17 5.98978 0.11501 -1.51577 1.02831 -0.638142 -1.10457e-17 6.50583 -0.443523 -0.694455 3.82657 -0.575699 -1.97295e-17 7.60548 -1.50593 -0.333685 5.28965 -0.303611 -2.53307e-17 9.49737 -0.914492 0.3668 5.89696 -0.224124 -2.90401e-17 10.5513 1.57691 0.191674 1.19482 0.420539 -1.29193e-17 4.78644 0.715339 2.11715 10.7837 -21.9201 -1.8116e-17 4.82109 0.421791 3.70653 -5.41003 -10.5093 -2.00958e-17 4.83041 0.765062 5.68723 -10.1182 -19.4199 1.23299 -7.60731 7.53374 5.46742 -1.21228 5.46369 12.9547 3.2495 -3.26872 -29.8081 73.2474 -53.7928 29.2081 0.0598081 0.137039 12.0066 -11.1772 -86.4674 24.234 0.0496219 0.113701 9.29978 7.7733 -0.335732 -1.23299 -7.60729 7.53365 -7.57401 -6.32207 5.43338 -12.9547 3.2495 -3.26872 64.4099 -34.3321 33.929 -29.2081 0.0598081 0.137039 -4.40457 -0.821144 21.7069 -24.234 0.0496218 0.113702 -4.97581 -4.43835 -0.0395903 9.23673 -4.20556 2.0327 -17.7025 -2.14368 -63.0309 -0.852353 -38.7721 -0.655187 -7.48507 26.297 1.28224 -2.32622 -40.4017 -6.04875 -10.4902 -5.24633 19.1775 0.779096 -9.8844 12.4959 -5.43553e-15 -1.02691e-15 2.44191e-16 -9.23673 -4.20556 2.0327 -19.4346 -15.6234 -21.8083 0.852353 -38.7721 -0.655187 4.62876 16.9244 -0.391165 2.32622 -40.4017 -6.04875 4.25717 3.70033 -15.5296 -0.779096 -9.8844 12.4959 -1.88225e-16 -5.8426e-16 -1.27598e-14 
11.3559 91.017 121.728 9.39697 2.12299 51.3843 0 5.07867 -1.15138 -2.86158 -1.86059 -0.168896 0 5.61661 1.07143 -2.08534 -0.885251 -0.560445 -1.02604e-17 5.98978 0.11501 -1.568 0.909682 -0.763726 -1.10457e-17 6.50583 -0.443523 -0.682579 3.96035 -0.701249 -1.97295e-17 7.60548 -1.50593 -0.272134 5.5917 -0.434248 -2.53307e-17 9.49737 -0.914492 0.444993 6.2873 -0.388699 -2.90401e-17 10.5513 1.57691 0.192371 1.09407 0.392682 -1.29193e-17 4.78644 0.715339 2.31162 10.9475 -21.9577 -1.8116e-17 4.82109 0.421791 4.00958 -5.49482 -10.5902 -2.00958e-17 4.83041 0.765062 5.6494 -10.65 -18.6793 1.23299 -7.60731 7.53374 5.59603 -1.49893 5.46902 12.9547 3.2495 -3.26872 -32.2752 72.8496 -50.8523 29.2081 0.0598081 0.137039 12.0135 -11.2865 -86.9937 24.234 0.0496219 0.113701 9.10457 7.34607 -0.0691231 -1.23299 -7.60729 7.53365 -7.8864 -6.64039 5.10708 -12.9547 3.2495 -3.26872 65.8705 -34.379 34.2759 -29.2081 0.0598081 0.137039 -4.55686 -0.882075 22.4953 -24.234 0.0496218 0.113702 -4.71576 -2.74672 0.0217405 9.23673 -4.20556 2.0327 -17.8839 -2.35461 -61.644 -0.852353 -38.7721 -0.655187 -8.07493 28.0794 1.52046 -2.32622 -40.4017 -6.04875 -9.84769 -4.82163 19.2813 0.779096 -9.8844 12.4959 2.64027e-16 -7.89314e-16 6.59961e-18 -9.23673 -4.20556 2.0327 -19.0907 -14.6698 -22.4662 0.852353 -38.7721 -0.655187 4.57842 16.7494 -0.379646 2.32622 -40.4017 -6.04875 3.28815 1.64133 -15.3937 -0.779096 -9.8844 12.4959 -5.85795e-16 -5.59742e-16 -1.27474e-14 
11.5414 90.8222 123.142 9.61554 2.28683 52.1503 0 5.07867 -1.15138 -2.92892 -1.77373 -0.282402 0 5.61661 1.07143 -2.14269 -0.88726 -0.695703 -1.02604e-17 5.98978 0.11501 -1.59136 0.849212 -0.892239 -1.10457e-17 6.50583 -0.443523 -0.669399 3.76627 -0.831362 -1.97295e-17 7.60548 -1.50593 -0.228061 5.35438 -0.57004 -2.53307e-17 9.49737 -0.914492 0.478178 6.02434 -0.543897 -2.90401e-17 10.5513 1.57691 0.177982 1.07194 0.380838 -1.29193e-17 4.78644 0.715339 2.31888 10.8038 -22.1968 -1.8116e-17 4.82109 0.421791 3.96852 -5.35736 -10.7678 -2.00958e-17 4.83041 0.765062 5.59724 -10.283 -17.9363 1.23299 -7.60731 7.53374 5.61093 -1.41034 5.3348 12.9547 3.2495 -3.26872 -34.9751 72.944 -47.7139 29.2081 0.0598081 0.137039 12.0191 -11.3877 -87.4814 24.234 0.0496219 0.113701 9.01989 7.23532 0.194507 -1.23299 -7.60729 7.53365 -8.18591 -6.47213 5.05239 -12.9547 3.2495 -3.26872 66.7166 -34.4271 33.8352 -29.2081 0.0598081 0.137039 -4.71962 -0.949906 23.3426 -24.234 0.0496218 0.113702 -4.40327 -1.50289 0.214837 9.23673 -4.20556 2.0327 -18.1281 -2.54993 -60.3635 -0.852353 -38.7721 -0.655187 -8.71793 29.9582 1.79935 -2.32622 -40.4017 -6.04875 -8.67222 -4.16985 19.0297 0.779096 -9.8844 12.4959 -4.99572e-15 -1.0125e-15 2.29787e-16 -9.23673 -4.20556 2.0327 -18.7248 -13.6893 -23.1663 0.852353 -38.7721 -0.655187 4.51042 16.5124 -0.364328 2.32622 -40.4017 -6.04875 1.99786 -0.48042 -15.3038 -0.779096 -9.8844 12.4959 -2.09344e-16 -5.8327e-16 -1.27592e-14 
11.8032 90.4627 124.491 9.27218 2.51213 52.7444 0 5.07867 -1.15138 -2.89003 -1.85956 -0.420669 0 5.61661 1.07143 -2.09816 -1.00879 -0.840466 -1.02604e-17 5.98978 0.11501 -1.52573 0.725074 -1.02798 -1.10457e-17 6.50583 -0.443523 -0.585383 3.62312 -0.964884 -1.97295e-17 7.60548 -1.50593 -0.140761 5.22907 -0.718752 -2.53307e-17 9.49737 -0.914492 0.52511 5.88812 -0.720049 -2.90401e-17 10.5513 1.57691 0.175898 1.04041 0.362505 -1.29193e-17 4.78644 0.715339 2.3914 10.7687 -22.24 -1.8116e-17 4.82109 0.421791 4.04501 -5.29384 -10.8236 -2.00958e-17 4.83041 0.765062 5.46015 -10.4169 -17.2813 1.23299 -7.60731 7.53374 5.7644 -1.39275 5.36883 12.9547 3.2495 -3.26872 -37.7456 73.1431 -44.7557 29.2081 0.0598081 0.137039 12.0243 -11.5032 -88.0377 24.234 0.0496219 0.113701 9.22891 7.55579 0.280646 -1.23299 -7.60729 7.53365 -8.69018 -6.47426 4.83178 -12.9547 3.2495 -3.26872 67.3752 -34.3356 33.5903 -29.2081 0.0598081 0.137039 -4.9406 -1.04656 24.5013 -24.234 0.0496218 0.113702 -3.80448 -0.693113 0.102275 9.23673 -4.20556 2.0327 -18.3195 -3.39455 -59.3786 -0.852353 -38.7721 -0.655187 -9.58778 32.3919 2.20683 -2.32622 -40.4017 -6.04875 -7.49067 -3.97201 18.6751 0.779096 -9.8844 12.4959 2.74586e-16 -7.88984e-16 6.26963e-18 -9.23673 -4.20556 2.0327 -18.0467 -13.2805 -23.9016 0.852353 -38.7721 -0.655187 4.45843 16.3308 -0.352803 2.32622 -40.4017 -6.04875 0.537259 -2.92141 -15.2557 -0.779096 -9.8844 12.4959 -1.98785e-16 -5.8393e-16 -1.27595e-14 
12.1521 89.999 125.752 8.62879 2.87701 53.2477 0 5.07867 -1.15138 -2.77653 -1.96455 -0.568427 0 5.61661 1.07143 -1.99077 -1.15832 -0.988484 -1.02604e-17 5.98978 0.11501 -1.41362 0.540122 -1.16797 -1.10457e-17 6.50583 -0.443523 -0.47441 3.37731 -1.10284 -1.97295e-17 7.60548 -1.50593 -0.0488288 4.98416 -0.873716 -2.53307e-17 9.49737 -0.914492 0.552256 5.61022 -0.897576 -2.90401e-17 10.5513 1.57691 0.173597 1.03068 0.344032 -1.29193e-17 4.78644 0.715339 2.41242 10.6351 -22.3194 -1.8116e-17 4.82109 0.421791 3.98703 -5.18037 -10.8912 -2.00958e-17 4.83041 0.765062 5.29062 -10.3575 -16.5924 1.23299 -7.60731 7.53374 5.74684 -1.28775 5.34577 12.9547 3.2495 -3.26872 -42.4594 73.075 -39.6746 29.2081 0.0598081 0.137039 12.0288 -11.6349 -88.6718 24.234 0.0496219 0.113701 9.09653 8.10027 0.0337615 -1.23299 -7.60729 7.53365 -9.23576 -6.37117 4.63156 -12.9547 3.2495 -3.26872 67.7068 -33.878 33.3234 -29.2081 0.0598081 0.137039 -5.13367 -1.13542 25.5221 -24.234 0.0496218 0.113702 -3.36244 -0.233157 0.0130731 9.23673 -4.20556 2.0327 -18.8073 -4.66156 -58.5339 -0.852353 -38.7721 -0.655187 -10.853 35.7105 2.85691 -2.32622 -40.4017 -6.04875 -5.9888 -4.41179 18.1419 0.779096 -9.8844 12.4959 1.97046e-15 -7.1015e-16 -7.25644e-17 -9.23673 -4.20556 2.0327 -17.3558 -13.2809 -24.6109 0.852353 -38.7721 -0.655187 4.42188 16.203 -0.3448 2.32622 -40.4017 -6.04875 -0.911591 -5.51422 -15.2727 -0.779096 -9.8844 12.4959 -9.72805e-16 -5.47648e-16 -1.27232e-14 
12.5118 89.5891 126.928 8.23603 3.02002 53.6228 0 5.07867 -1.15138 -2.60809 -1.74477 -0.693926 0 5.61661 1.07143 -1.83339 -1.06298 -1.10819 -1.02604e-17 5.98978 0.11501 -1.27096 0.454562 -1.28466 -1.10457e-17 6.50583 -0.443523 -0.359744 2.97461 -1.22056 -1.97295e-17 7.60548 -1.50593 0.0278498 4.43543 -1.00804 -2.53307e-17 9.49737 -0.914492 0.545775 4.939 -1.03794 -2.90401e-17 10.5513 1.57691 0.159235 1.074 0.338565 -1.29193e-17 4.78644 0.715339 2.35129 10.3994 -22.538 -1.8116e-17 4.82109 0.421791 3.74774 -4.95558 -11.0114 -2.00958e-17 4.83041 0.765062 5.07661 -9.78258 -15.8613 1.23299 -7.60731 7.53374 5.60643 -0.978637 5.21619 12.9547 3.2495 -3.26872 -47.5814 72.863 -34.0848 29.2081 0.0598081 0.137039 12.0322 -11.7858 -89.3988 24.234 0.0496219 0.113701 8.80725 8.552 -0.108607 -1.23299 -7.60729 7.53365 -9.75141 -5.97675 4.63166 -12.9547 3.2495 -3.26872 67.698 -33.4428 32.7616 -29.2081 0.0598081 0.137039 -5.27461 -1.20295 26.2725 -24.234 0.0496218 0.113702 -2.95111 0.102349 0.116444 9.23673 -4.20556 2.0327 -19.6529 -5.54018 -57.718 -0.852353 -38.7721 -0.655187 -12.6442 39.9711 3.88082 -2.32622 -40.4017 -6.04875 -4.29877 -5.26583 17.5003 0.779096 -9.8844 12.4959 7.7645e-17 -7.92829e-16 1.01142e-17 -9.23673 -4.20556 2.0327 -16.584 -13.0455 -25.1107 0.852353 -38.7721 -0.655187 4.34711 15.9411 -0.328679 2.32622 -40.4017 -6.04875 -2.24907 -7.53403 -15.359 -0.779096 -9.8844 12.4959 -6.06913e-16 -5.58752e-16 -1.27464e-14 
12.759 89.3442 127.997 8.23229 3.01033 53.7518 0 5.07867 -1.15138 -2.49805 -1.46174 -0.785589 0 5.61661 1.07143 -1.72628 -0.892698 -1.19598 -1.02604e-17 5.98978 0.11501 -1.17125 0.469078 -1.37082 -1.10457e-17 6.50583 -0.443523 -0.277004 2.7095 -1.30874 -1.97295e-17 7.60548 -1.50593 0.0873263 4.03308 -1.10888 -2.53307e-17 9.49737 -0.914492 0.549983 4.43013 -1.1435 -2.90401e-17 10.5513 1.57691 0.149497 1.11037 0.331785 -1.29193e-17 4.78644 0.715339 2.36434 10.34 -22.7043 -1.8116e-17 4.82109 0.421791 3.6961 -4.80307 -11.0906 -2.00958e-17 4.83041 0.765062 4.89098 -9.49087 -15.0658 1.23299 -7.60731 7.53374 5.57546 -0.749814 5.12397 12.9547 3.2495 -3.26872 -51.0922 72.4668 -30.2131 29.2081 0.0598081 0.137039 12.0335 -11.9071 -89.9834 24.234 0.0496219 0.113701 8.82344 8.69144 -0.123864 -1.23299 -7.60729 7.53365 -10.237 -5.72814 4.62707 -12.9547 3.2495 -3.26872 67.9513 -33.2102 32.4604 -29.2081 0.0598081 0.137039 -5.39824 -1.26406 26.9345 -24.234 0.0496218 0.113702 -2.43172 0.536677 0.291177 9.23673 -4.20556 2.0327 -20.3568 -5.85183 -56.8615 -0.852353 -38.7721 -0.655187 -14.1986 43.2769 4.85471 -2.32622 -40.4017 -6.04875 -3.24172 -5.1188 17.032 0.779096 -9.8844 12.4959 2.34691e-15 -6.98386e-16 -8.43284e-17 -9.23673 -4.20556 2.0327 -15.8744 -12.5444 -25.3569 0.852353 -38.7721 -0.655187 4.24449 15.5806 -0.307107 2.32622 -40.4017 -6.04875 -3.35852 -8.89526 -15.4777 -0.779096 -9.8844 12.4959 -1.75738e-15 -5.10706e-16 -1.26987e-14 
12.9249 89.1905 128.973 8.29941 3.05154 53.7233 0 5.07867 -1.15138 -2.46505 -1.33595 -0.8514 0 5.61661 1.07143 -1.69031 -0.815592 -1.26206 -1.02604e-17 5.98978 0.11501 -1.12771 0.498976 -1.43304 -1.10457e-17 6.50583 -0.443523 -0.228035 2.65226 -1.37148 -1.97295e-17 7.60548 -1.50593 0.136104 3.93074 -1.18061 -2.53307e-17 9.49737 -0.914492 0.5785 4.29433 -1.22647 -2.90401e-17 10.5513 1.57691 0.14999 1.11077 0.318264 -1.29193e-17 4.78644 0.715339 2.44132 10.3914 -22.734 -1.8116e-17 4.82109 0.421791 3.87994 -4.81474 -11.1021 -2.00958e-17 4.83041 0.765062 4.82674 -9.55835 -14.3323 1.23299 -7.60731 7.53374 5.57925 -0.707194 5.0633 12.9547 3.2495 -3.26872 -53.4774 71.6548 -27.4767 29.2081 0.0598081 0.137039 12.0337 -11.9935 -90.3996 24.234 0.0496219 0.113701 8.82901 8.60844 -0.176547 -1.23299 -7.60729 7.53365 -10.6333 -5.74977 4.53651 -12.9547 3.2495 -3.26872 68.4495 -33.0159 32.6745 -29.2081 0.0598081 0.137039 -5.49297 -1.3121 27.4443 -24.234 0.0496218 0.113702 -1.98139 0.875102 0.404989 9.23673 -4.20556 2.0327 -20.8474 -6.07046 -55.9908 -0.852353 -38.7721 -0.655187 -15.3483 45.5054 5.61912 -2.32622 -40.4017 -6.04875 -2.85934 -4.37904 16.7481 0.779096 -9.8844 12.4959 2.02325e-15 -7.0784e-16 -7.48742e-17 -9.23673 -4.20556 2.0327 -15.3605 -12.1996 -25.4743 0.852353 -38.7721 -0.655187 4.18736 15.3794 -0.295377 2.32622 -40.4017 -6.04875 -4.16925 -9.89543 -15.5817 -0.779096 -9.8844 12.4959 -3.3371e-15 -4.48915e-16 -1.26248e-14 
13.0586 89.117 129.856 8.40673 2.99885 53.7267 0 5.07867 -1.15138 -2.4332 -1.24706 -0.903174 0 5.61661 1.07143 -1.65509 -0.75079 -1.31086 -1.02604e-17 5.98978 0.11501 -1.08835 0.545182 -1.47977 -1.10457e-17 6.50583 -0.443523 -0.185089 2.65986 -1.41909 -1.97295e-17 7.60548 -1.50593 0.177397 3.91174 -1.23653 -2.53307e-17 9.49737 -0.914492 0.602757 4.2574 -1.29117 -2.90401e-17 10.5513 1.57691 0.148201 1.10336 0.307494 -1.29193e-17 4.78644 0.715339 2.50284 10.4238 -22.7767 -1.8116e-17 4.82109 0.421791 4.02113 -4.83508 -11.1199 -2.00958e-17 4.83041 0.765062 4.87917 -9.56304 -13.7131 1.23299 -7.60731 7.53374 5.41494 -0.713882 4.93215 12.9547 3.2495 -3.26872 -55.3929 70.5951 -25.1915 29.2081 0.0598081 0.137039 12.0335 -12.0389 -90.6189 24.234 0.0496219 0.113701 8.59635 8.36494 -0.170407 -1.23299 -7.60729 7.53365 -10.8551 -5.80467 4.50045 -12.9547 3.2495 -3.26872 68.8699 -32.8037 33.0991 -29.2081 0.0598081 0.137039 -5.52741 -1.32984 27.6302 -24.234 0.0496218 0.113702 -1.79171 1.09644 0.509082 9.23673 -4.20556 2.0327 -21.1553 -6.11926 -55.2531 -0.852353 -38.7721 -0.655187 -16.1834 47.0167 6.19523 -2.32622 -40.4017 -6.04875 -2.74595 -3.69574 16.5644 0.779096 -9.8844 12.4959 -3.09365e-16 -8.04923e-16 2.22082e-17 -9.23673 -4.20556 2.0327 -14.9091 -11.8512 -25.4972 0.852353 -38.7721 -0.655187 4.16167 15.2888 -0.290166 2.32622 -40.4017 -6.04875 -4.70995 -10.4899 -15.6527 -0.779096 -9.8844 12.4959 -1.44429e-15 -5.31924e-16 -1.27075e-14 
13.1308 89.1032 130.634 8.69341 2.85201 53.701 0 5.07867 -1.15138 -2.39943 -1.06851 -0.928082 0 5.61661 1.07143 -1.62094 -0.612395 -1.3308 -1.02604e-17 5.98978 0.11501 -1.05709 0.631838 -1.4996 -1.10457e-17 6.50583 -0.443523 -0.159459 2.64673 -1.4411 -1.97295e-17 7.60548 -1.50593 0.199385 3.83247 -1.26502 -2.53307e-17 9.49737 -0.914492 0.610363 4.13988 -1.3216 -2.90401e-17 10.5513 1.57691 0.143827 1.11055 0.303916 -1.29193e-17 4.78644 0.715339 2.53291 10.4307 -22.8788 -1.8116e-17 4.82109 0.421791 4.06336 -4.76108 -11.1607 -2.00958e-17 4.83041 0.765062 4.95544 -9.43194 -13.2127 1.23299 -7.60731 7.53374 5.19203 -0.673441 4.72937 12.9547 3.2495 -3.26872 -56.6799 69.6032 -23.5587 29.2081 0.0598081 0.137039 12.0336 -12.0221 -90.5376 24.234 0.0496219 0.113701 8.38355 7.90548 -0.189448 -1.23299 -7.60729 7.53365 -10.9786 -5.77431 4.53916 -12.9547 3.2495 -3.26872 69.0556 -32.6647 33.376 -29.2081 0.0598081 0.137039 -5.51983 -1.32592 27.5893 -24.234 0.0496218 0.113702 -1.68875 1.18404 0.638576 9.23673 -4.20556 2.0327 -21.4326 -5.9094 -54.5539 -0.852353 -38.7721 -0.655187 -16.7766 48.0383 6.61426 -2.32622 -40.4017 -6.04875 -2.75398 -3.24449 16.422 0.779096 -9.8844 12.4959 1.56231e-15 -7.34999e-16 -4.77154e-17 -9.23673 -4.20556 2.0327 -14.5209 -11.353 -25.4326 0.852353 -38.7721 -0.655187 4.14238 15.2207 -0.286282 2.32622 -40.4017 -6.04875 -5.09071 -10.8207 -15.7054 -0.779096 -9.8844 12.4959 -3.71352e-15 -4.25389e-16 -1.2613e-14 
13.1123 89.1155 131.356 8.9143 2.80878 53.487 0 5.07867 -1.15138 -2.36968 -0.972544 -0.911783 0 5.61661 1.07143 -1.59454 -0.533505 -1.31234 -1.02604e-17 5.98978 0.11501 -1.03328 0.685593 -1.4789 -1.10457e-17 6.50583 -0.443523 -0.148254 2.65009 -1.42218 -1.97295e-17 7.60548 -1.50593 0.211473 3.79077 -1.25234 -2.53307e-17 9.49737 -0.914492 0.616201 4.07914 -1.3121 -2.90401e-17 10.5513 1.57691 0.148293 1.11339 0.299657 -1.29193e-17 4.78644 0.715339 2.55405 10.4358 -22.9506 -1.8116e-17 4.82109 0.421791 4.11261 -4.6626 -11.1831 -2.00958e-17 4.83041 0.765062 4.98023 -9.38259 -12.8442 1.23299 -7.60731 7.53374 5.06381 -0.641969 4.53339 12.9547 3.2495 -3.26872 -57.4772 68.6243 -22.5343 29.2081 0.0598081 0.137039 12.0337 -11.9643 -90.2591 24.234 0.0496219 0.113701 8.19729 7.30333 -0.30278 -1.23299 -7.60729 7.53365 -11.1169 -5.74605 4.45533 -12.9547 3.2495 -3.26872 69.2021 -32.482 33.4996 -29.2081 0.0598081 0.137039 -5.51846 -1.32522 27.5819 -24.234 0.0496218 0.113702 -1.56268 1.12072 0.838169 9.23673 -4.20556 2.0327 -21.5521 -5.84586 -53.6902 -0.852353 -38.7721 -0.655187 -17.1868 48.7208 6.90854 -2.32622 -40.4017 -6.04875 -3.26997 -2.89518 16.3093 0.779096 -9.8844 12.4959 2.00213e-15 -7.08831e-16 -7.3884e-17 -9.23673 -4.20556 2.0327 -14.1547 -11.0257 -25.2458 0.852353 -38.7721 -0.655187 4.11619 15.1282 -0.281042 2.32622 -40.4017 -6.04875 -5.33085 -11.0739 -15.7373 -0.779096 -9.8844 12.4959 -3.77691e-15 -4.22417e-16 -1.26104e-14 
12.949 89.1711 132.002 9.10022 2.92309 53.2453 0 5.07867 -1.15138 -2.36252 -0.868709 -0.856984 0 5.61661 1.07143 -1.59351 -0.456992 -1.2652 -1.02604e-17 5.98978 0.11501 -1.03158 0.726646 -1.42688 -1.10457e-17 6.50583 -0.443523 -0.164197 2.62631 -1.3724 -1.97295e-17 7.60548 -1.50593 0.204435 3.70761 -1.20644 -2.53307e-17 9.49737 -0.914492 0.613472 3.98315 -1.26701 -2.90401e-17 10.5513 1.57691 0.158533 1.1172 0.296291 -1.29193e-17 4.78644 0.715339 2.49909 10.3032 -23.0489 -1.8116e-17 4.82109 0.421791 4.14122 -4.55109 -11.2254 -2.00958e-17 4.83041 0.765062 5.00365 -9.20961 -12.6465 1.23299 -7.60731 7.53374 4.91647 -0.573222 4.28758 12.9547 3.2495 -3.26872 -58.0388 67.4337 -21.7717 29.2081 0.0598081 0.137039 12.0334 -11.8861 -89.882 24.234 0.0496219 0.113701 7.67506 6.68826 -0.520086 -1.23299 -7.60729 7.53365 -11.2558 -5.64837 4.29086 -12.9547 3.2495 -3.26872 69.1865 -32.185 33.376 -29.2081 0.0598081 0.137039 -5.51718 -1.32456 27.575 -24.234 0.0496218 0.113702 -1.53174 0.755669 1.12071 9.23673 -4.20556 2.0327 -21.3691 -6.02026 -52.5584 -0.852353 -38.7721 -0.655187 -17.3219 48.9414 7.00625 -2.32622 -40.4017 -6.04875 -4.29087 -2.54454 16.1933 0.779096 -9.8844 12.4959 8.51679e-16 -7.56546e-16 -2.61686e-17 -9.23673 -4.20556 2.0327 -13.8888 -10.8275 -24.9805 0.852353 -38.7721 -0.655187 4.06364 14.9425 -0.270658 2.32622 -40.4017 -6.04875 -5.41751 -11.2042 -15.7426 -0.779096 -9.8844 12.4959 -2.61589e-15 -4.82887e-16 -1.26588e-14 
12.6279 89.2738 132.562 9.34277 3.11622 53.0525 0 5.07867 -1.15138 -2.37068 -0.7109 -0.778601 0 5.61661 1.07143 -1.60849 -0.340863 -1.19919 -1.02604e-17 5.98978 0.11501 -1.04489 0.788792 -1.35493 -1.10457e-17 6.50583 -0.443523 -0.198056 2.59071 -1.30294 -1.97295e-17 7.60548 -1.50593 0.184845 3.58833 -1.13951 -2.53307e-17 9.49737 -0.914492 0.605999 3.84624 -1.19744 -2.90401e-17 10.5513 1.57691 0.168945 1.12345 0.297406 -1.29193e-17 4.78644 0.715339 2.3856 10.0691 -23.1803 -1.8116e-17 4.82109 0.421791 4.12987 -4.44219 -11.2877 -2.00958e-17 4.83041 0.765062 5.03821 -8.96248 -12.615 1.23299 -7.60731 7.53374 4.75024 -0.481496 4.01222 12.9547 3.2495 -3.26872 -58.3098 66.2449 -21.3698 29.2081 0.0598081 0.137039 12.0325 -11.8031 -89.4821 24.234 0.0496219 0.113701 6.96186 6.19619 -0.742239 -1.23299 -7.60729 7.53365 -11.3729 -5.50288 4.13085 -12.9547 3.2495 -3.26872 68.9438 -31.84 33.1448 -29.2081 0.0598081 0.137039 -5.49594 -1.31363 27.4604 -24.234 0.0496218 0.113702 -1.64028 0.190902 1.43689 9.23673 -4.20556 2.0327 -20.9041 -6.27519 -51.2917 -0.852353 -38.7721 -0.655187 -17.1028 48.5826 6.84797 -2.32622 -40.4017 -6.04875 -5.57584 -2.40534 16.0938 0.779096 -9.8844 12.4959 -7.28034e-16 -8.3043e-16 4.77154e-17 -9.23673 -4.20556 2.0327 -13.6883 -10.597 -24.6702 0.852353 -38.7721 -0.655187 3.96543 14.5944 -0.251704 2.32622 -40.4017 -6.04875 -5.43497 -11.1594 -15.7296 -0.779096 -9.8844 12.4959 -4.90623e-15 -3.75692e-16 -1.25633e-14 
12.1845 89.3994 133.081 9.63022 3.37793 52.9024 0 5.07867 -1.15138 -2.4118 -0.599204 -0.695807 0 5.61661 1.07143 -1.65321 -0.253207 -1.13091 -1.02604e-17 5.98978 0.11501 -1.08319 0.849507 -1.28079 -1.10457e-17 6.50583 -0.443523 -0.246581 2.60246 -1.23059 -1.97295e-17 7.60548 -1.50593 0.158109 3.54291 -1.06713 -2.53307e-17 9.49737 -0.914492 0.604353 3.79972 -1.12304 -2.90401e-17 10.5513 1.57691 0.179368 1.12094 0.300246 -1.29193e-17 4.78644 0.715339 2.28196 9.85814 -23.2659 -1.8116e-17 4.82109 0.421791 4.142 -4.36327 -11.3276 -2.00958e-17 4.83041 0.765062 5.08291 -8.8245 -12.7078 1.23299 -7.60731 7.53374 4.61923 -0.439446 3.77983 12.9547 3.2495 -3.26872 -58.217 65.2584 -21.3899 29.2081 0.0598081 0.137039 12.0313 -11.7353 -89.1554 24.234 0.0496219 0.113701 6.33799 5.88692 -0.88541 -1.23299 -7.60729 7.53365 -11.4456 -5.43779 3.99326 -12.9547 3.2495 -3.26872 68.6084 -31.5345 33.0524 -29.2081 0.0598081 0.137039 -5.46565 -1.29815 27.2971 -24.234 0.0496218 0.113702 -1.80053 -0.426421 1.65384 9.23673 -4.20556 2.0327 -20.3754 -6.49489 -50.2221 -0.852353 -38.7721 -0.655187 -16.5429 47.6408 6.44825 -2.32622 -40.4017 -6.04875 -6.88177 -2.77131 16.0544 0.779096 -9.8844 12.4959 -3.83285e-16 -8.08223e-16 2.55083e-17 -9.23673 -4.20556 2.0327 -13.5577 -10.3456 -24.3575 0.852353 -38.7721 -0.655187 3.84399 14.1627 -0.229091 2.32622 -40.4017 -6.04875 -5.38407 -11.0554 -15.702 -0.779096 -9.8844 12.4959 4.48456e-16 -6.14599e-16 -1.27905e-14 
11.6843 89.5407 133.611 9.88134 3.65022 52.7434 0 5.07867 -1.15138 -2.46534 -0.559228 -0.622592 0 5.61661 1.07143 -1.70715 -0.213792 -1.07018 -1.02604e-17 5.98978 0.11501 -1.12986 0.887885 -1.21572 -1.10457e-17 6.50583 -0.443523 -0.295595 2.63793 -1.16662 -1.97295e-17 7.60548 -1.50593 0.129891 3.5531 -1.00123 -2.53307e-17 9.49737 -0.914492 0.603945 3.8186 -1.05515 -2.90401e-17 10.5513 1.57691 0.186356 1.11416 0.304587 -1.29193e-17 4.78644 0.715339 2.2019 9.69955 -23.2891 -1.8116e-17 4.82109 0.421791 4.13963 -4.3067 -11.3361 -2.00958e-17 4.83041 0.765062 5.14444 -8.74221 -12.8335 1.23299 -7.60731 7.53374 4.49264 -0.437971 3.6089 12.9547 3.2495 -3.26872 -58.0309 64.4897 -21.4776 29.2081 0.0598081 0.137039 12.0301 -11.6836 -88.9065 24.234 0.0496219 0.113701 5.86978 5.75126 -0.977792 -1.23299 -7.60729 7.53365 -11.4489 -5.43031 3.90311 -12.9547 3.2495 -3.26872 68.2156 -31.2421 33.0721 -29.2081 0.0598081 0.137039 -5.43657 -1.28338 27.1406 -24.234 0.0496218 0.113702 -1.98344 -1.04683 1.78862 9.23673 -4.20556 2.0327 -19.9341 -6.58211 -49.6292 -0.852353 -38.7721 -0.655187 -15.699 46.1506 5.85897 -2.32622 -40.4017 -6.04875 -7.93208 -3.67585 16.0864 0.779096 -9.8844 12.4959 1.4284e-17 -7.95469e-16 1.27542e-17 -9.23673 -4.20556 2.0327 -13.3937 -10.1025 -24.0048 0.852353 -38.7721 -0.655187 3.7051 13.6672 -0.204349 2.32622 -40.4017 -6.04875 -5.2487 -10.9102 -15.6566 -0.779096 -9.8844 12.4959 -4.04771e-15 -4.15606e-16 -1.25912e-14 
11.1992 89.6989 134.171 10.0637 3.90363 52.589 0 5.07867 -1.15138 -2.51656 -0.583224 -0.567829 0 5.61661 1.07143 -1.75497 -0.221165 -1.02494 -1.02604e-17 5.98978 0.11501 -1.17251 0.89299 -1.16885 -1.10457e-17 6.50583 -0.443523 -0.336667 2.66521 -1.12033 -1.97295e-17 7.60548 -1.50593 0.101728 3.57987 -0.951678 -2.53307e-17 9.49737 -0.914492 0.597967 3.85459 -1.00197 -2.90401e-17 10.5513 1.57691 0.188352 1.1096 0.310085 -1.29193e-17 4.78644 0.715339 2.13759 9.58565 -23.2258 -1.8116e-17 4.82109 0.421791 4.08861 -4.23942 -11.3029 -2.00958e-17 4.83041 0.765062 5.21263 -8.66396 -13.0035 1.23299 -7.60731 7.53374 4.36746 -0.451134 3.51465 12.9547 3.2495 -3.26872 -57.9782 63.9814 -21.4058 29.2081 0.0598081 0.137039 12.0293 -11.6512 -88.7502 24.234 0.0496219 0.113701 5.57349 5.76735 -0.999326 -1.23299 -7.60729 7.53365 -11.4088 -5.44572 3.86601 -12.9547 3.2495 -3.26872 67.752 -30.8965 33.0618 -29.2081 0.0598081 0.137039 -5.41949 -1.27475 27.0487 -24.234 0.0496218 0.113702 -2.17637 -1.64972 1.83962 9.23673 -4.20556 2.0327 -19.6581 -6.46661 -49.6397 -0.852353 -38.7721 -0.655187 -14.635 44.1437 5.14073 -2.32622 -40.4017 -6.04875 -8.59328 -4.99279 16.1859 0.779096 -9.8844 12.4959 -3.62157e-16 -8.07233e-16 2.4518e-17 -9.23673 -4.20556 2.0327 -13.1693 -9.87304 -23.6492 0.852353 -38.7721 -0.655187 3.56005 13.1476 -0.179792 2.32622 -40.4017 -6.04875 -5.06993 -10.7031 -15.6017 -0.779096 -9.8844 12.4959 8.25793e-17 -5.91402e-16 -1.2767e-14 
10.769 89.8716 134.75 10.1337 4.10426 52.459 0 5.07867 -1.15138 -2.53517 -0.659848 -0.531363 0 5.61661 1.07143 -1.76959 -0.266431 -0.991957 -1.02604e-17 5.98978 0.11501 -1.18895 0.867046 -1.13665 -1.10457e-17 6.50583 -0.443523 -0.35628 2.67552 -1.08819 -1.97295e-17 7.60548 -1.50593 0.0805836 3.60619 -0.917232 -2.53307e-17 9.49737 -0.914492 0.584883 3.88601 -0.962208 -2.90401e-17 10.5513 1.57691 0.187507 1.11016 0.31634 -1.29193e-17 4.78644 0.715339 2.0761 9.49254 -23.0775 -1.8116e-17 4.82109 0.421791 3.97868 -4.16393 -11.2264 -2.00958e-17 4.83041 0.765062 5.25536 -8.58807 -13.2458 1.23299 -7.60731 7.53374 4.25038 -0.464385 3.48871 12.9547 3.2495 -3.26872 -58.0921 63.7165 -21.1897 29.2081 0.0598081 0.137039 12.0287 -11.6294 -88.6452 24.234 0.0496219 0.113701 5.41669 5.87784 -0.987373 -1.23299 -7.60729 7.53365 -11.3415 -5.46087 3.8628 -12.9547 3.2495 -3.26872 67.2091 -30.5345 32.9518 -29.2081 0.0598081 0.137039 -5.42304 -1.27654 27.0678 -24.234 0.0496218 0.113702 -2.31978 -2.33022 1.81637 9.23673 -4.20556 2.0327 -19.4596 -6.2222 -50.1373 -0.852353 -38.7721 -0.655187 -13.4851 41.8029 4.39866 -2.32622 -40.4017 -6.04875 -8.98983 -6.44774 16.3308 0.779096 -9.8844 12.4959 -1.53374e-15 -8.68032e-16 8.53176e-17 -9.23673 -4.20556 2.0327 -12.8283 -9.65286 -23.3172 0.852353 -38.7721 -0.655187 3.39963 12.5708 -0.154167 2.32622 -40.4017 -6.04875 -4.85033 -10.4099 -15.5427 -0.779096 -9.8844 12.4959 -2.12325e-15 -4.99603e-16 -1.26752e-14 
10.4066 90.0519 135.339 10.0542 4.2406 52.3202 0 5.07867 -1.15138 -2.50335 -0.80427 -0.50841 0 5.61661 1.07143 -1.7362 -0.360612 -0.96544 -1.02604e-17 5.98978 0.11501 -1.16605 0.80388 -1.11202 -1.10457e-17 6.50583 -0.443523 -0.346574 2.67111 -1.06313 -1.97295e-17 7.60548 -1.50593 0.0733721 3.63528 -0.893064 -2.53307e-17 9.49737 -0.914492 0.568601 3.91903 -0.932561 -2.90401e-17 10.5513 1.57691 0.186741 1.11384 0.321804 -1.29193e-17 4.78644 0.715339 2.02122 9.41236 -22.9019 -1.8116e-17 4.82109 0.421791 3.82476 -4.08269 -11.1338 -2.00958e-17 4.83041 0.765062 5.2537 -8.53092 -13.4999 1.23299 -7.60731 7.53374 4.14417 -0.481623 3.51359 12.9547 3.2495 -3.26872 -58.4709 63.5686 -20.7649 29.2081 0.0598081 0.137039 12.0279 -11.6052 -88.529 24.234 0.0496219 0.113701 5.3225 6.00833 -1.00744 -1.23299 -7.60729 7.53365 -11.2824 -5.47251 3.84068 -12.9547 3.2495 -3.26872 66.6168 -30.105 32.7586 -29.2081 0.0598081 0.137039 -5.44077 -1.2855 27.1632 -24.234 0.0496218 0.113702 -2.42154 -3.02843 1.75806 9.23673 -4.20556 2.0327 -19.167 -5.96582 -50.8435 -0.852353 -38.7721 -0.655187 -12.3756 39.3638 3.72016 -2.32622 -40.4017 -6.04875 -9.2796 -7.78407 16.4734 0.779096 -9.8844 12.4959 -1.74084e-17 -7.97119e-16 1.44048e-17 -9.23673 -4.20556 2.0327 -12.343 -9.48846 -22.9947 0.852353 -38.7721 -0.655187 3.23019 11.959 -0.128857 2.32622 -40.4017 -6.04875 -4.62286 -10.0109 -15.4814 -0.779096 -9.8844 12.4959 -1.79963e-15 -5.09056e-16 -1.26967e-14 
10.0939 90.2404 135.902 9.89419 4.32816 52.2235 0 5.07867 -1.15138 -2.43681 -0.952677 -0.493737 0 5.61661 1.07143 -1.67128 -0.459729 -0.94284 -1.02604e-17 5.98978 0.11501 -1.1177 0.729171 -1.09142 -1.10457e-17 6.50583 -0.443523 -0.319394 2.64521 -1.04197 -1.97295e-17 7.60548 -1.50593 0.0746023 3.63864 -0.875022 -2.53307e-17 9.49737 -0.914492 0.549961 3.92026 -0.908779 -2.90401e-17 10.5513 1.57691 0.186856 1.12298 0.326988 -1.29193e-17 4.78644 0.715339 1.95547 9.30727 -22.7298 -1.8116e-17 4.82109 0.421791 3.64891 -4.00158 -11.0409 -2.00958e-17 4.83041 0.765062 5.23537 -8.43095 -13.781 1.23299 -7.60731 7.53374 4.02936 -0.484574 3.54194 12.9547 3.2495 -3.26872 -58.9674 63.4304 -20.2344 29.2081 0.0598081 0.137039 12.0269 -11.5747 -88.3818 24.234 0.0496219 0.113701 5.19401 6.1201 -1.09872 -1.23299 -7.60729 7.53365 -11.2243 -5.45852 3.81572 -12.9547 3.2495 -3.26872 66.019 -29.694 32.4784 -29.2081 0.0598081 0.137039 -5.46522 -1.29792 27.2947 -24.234 0.0496218 0.113702 -2.51232 -3.69075 1.72216 9.23673 -4.20556 2.0327 -18.7413 -5.72498 -51.5471 -0.852353 -38.7721 -0.655187 -11.3706 36.9934 3.14099 -2.32622 -40.4017 -6.04875 -9.5441 -8.84827 16.5791 0.779096 -9.8844 12.4959 4.11853e-16 -7.83045e-16 3.30129e-19 -9.23673 -4.20556 2.0327 -11.8024 -9.35053 -22.7285 0.852353 -38.7721 -0.655187 3.06337 11.3543 -0.105713 2.32622 -40.4017 -6.04875 -4.36592 -9.51167 -15.4167 -0.779096 -9.8844 12.4959 -2.56307e-15 -4.85198e-16 -1.26611e-14 
9.81076 90.44 136.421 9.70815 4.38077 52.0992 0 5.07867 -1.15138 -2.35515 -1.08042 -0.47947 0 5.61661 1.07143 -1.59304 -0.543869 -0.919264 -1.02604e-17 5.98978 0.11501 -1.05764 0.660864 -1.06926 -1.10457e-17 6.50583 -0.443523 -0.283932 2.61083 -1.01927 -1.97295e-17 7.60548 -1.50593 0.0824818 3.62397 -0.857071 -2.53307e-17 9.49737 -0.914492 0.535161 3.89852 -0.886336 -2.90401e-17 10.5513 1.57691 0.18822 1.13467 0.331637 -1.29193e-17 4.78644 0.715339 1.88735 9.18374 -22.5781 -1.8116e-17 4.82109 0.421791 3.49775 -3.93069 -10.9559 -2.00958e-17 4.83041 0.765062 5.21897 -8.3258 -14.0238 1.23299 -7.60731 7.53374 3.91604 -0.478337 3.56881 12.9547 3.2495 -3.26872 -59.5037 63.2938 -19.6615 29.2081 0.0598081 0.137039 12.0258 -11.5428 -88.2284 24.234 0.0496219 0.113701 5.08194 6.22048 -1.2344 -1.23299 -7.60729 7.53365 -11.1757 -5.42991 3.78042 -12.9547 3.2495 -3.26872 65.4616 -29.3194 32.178 -29.2081 0.0598081 0.137039 -5.49372 -1.31249 27.4484 -24.234 0.0496218 0.113702 -2.58679 -4.25363 1.74945 9.23673 -4.20556 2.0327 -18.2124 -5.49619 -52.1399 -0.852353 -38.7721 -0.655187 -10.4808 34.7613 2.65897 -2.32622 -40.4017 -6.04875 -9.79265 -9.64516 16.6423 0.779096 -9.8844 12.4959 -3.51593e-16 -8.06902e-16 2.41878e-17 -9.23673 -4.20556 2.0327 -11.2192 -9.21199 -22.4343 0.852353 -38.7721 -0.655187 2.88727 10.7136 -0.0831977 2.32622 -40.4017 -6.04875 -4.11714 -8.89966 -15.3495 -0.779096 -9.8844 12.4959 -2.5842e-15 -4.84538e-16 -1.26601e-14 
9.55306 90.6613 136.881 9.60568 4.39345 51.9817 0 5.07867 -1.15138 -2.28402 -1.15967 -0.462057 0 5.61661 1.07143 -1.52544 -0.589686 -0.893232 -1.02604e-17 5.98978 0.11501 -1.006 0.625476 -1.04395 -1.10457e-17 6.50583 -0.443523 -0.253928 2.59817 -0.99354 -1.97295e-17 7.60548 -1.50593 0.0900673 3.62107 -0.835704 -2.53307e-17 9.49737 -0.914492 0.526133 3.88826 -0.861371 -2.90401e-17 10.5513 1.57691 0.190863 1.14505 0.335859 -1.29193e-17 4.78644 0.715339 1.82703 9.06703 -22.45 -1.8116e-17 4.82109 0.421791 3.40934 -3.8917 -10.8828 -2.00958e-17 4.83041 0.765062 5.23527 -8.25166 -14.2529 1.23299 -7.60731 7.53374 3.8101 -0.480603 3.58542 12.9547 3.2495 -3.26872 -59.8997 63.1482 -19.2169 29.2081 0.0598081 0.137039 12.0248 -11.5152 -88.0954 24.234 0.0496219 0.113701 4.95995 6.31854 -1.37017 -1.23299 -7.60729 7.53365 -11.1367 -5.42114 3.75131 -12.9547 3.2495 -3.26872 64.9756 -29.0714 31.905 -29.2081 0.0598081 0.137039 -5.52533 -1.32875 27.6189 -24.234 0.0496218 0.113702 -2.6354 -4.68985 1.78684 9.23673 -4.20556 2.0327 -17.6938 -5.21598 -52.6097 -0.852353 -38.7721 -0.655187 -9.70286 32.7046 2.26322 -2.32622 -40.4017 -6.04875 -10.0298 -10.2009 16.6808 0.779096 -9.8844 12.4959 4.01289e-16 -7.83375e-16 6.60258e-19 -9.23673 -4.20556 2.0327 -10.6886 -8.993 -22.1671 0.852353 -38.7721 -0.655187 2.71347 10.0789 -0.0629152 2.32622 -40.4017 -6.04875 -3.84308 -8.17419 -15.2818 -0.779096 -9.8844 12.4959 2.44687e-15 -6.90134e-16 -1.28778e-14 
9.32784 90.9098 137.289 9.62595 4.34133 51.8553 0 5.07867 -1.15138 -2.23054 -1.20337 -0.439506 0 5.61661 1.07143 -1.47437 -0.602986 -0.862837 -1.02604e-17 5.98978 0.11501 -0.967597 0.627278 -1.01414 -1.10457e-17 6.50583 -0.443523 -0.231743 2.62802 -0.963596 -1.97295e-17 7.60548 -1.50593 0.0965046 3.65942 -0.809231 -2.53307e-17 9.49737 -0.914492 0.524505 3.92353 -0.83231 -2.90401e-17 10.5513 1.57691 0.194285 1.15066 0.339336 -1.29193e-17 4.78644 0.715339 1.79705 9.00334 -22.3532 -1.8116e-17 4.82109 0.421791 3.39835 -3.88331 -10.8236 -2.00958e-17 4.83041 0.765062 5.30008 -8.25711 -14.438 1.23299 -7.60731 7.53374 3.71504 -0.506115 3.5969 12.9547 3.2495 -3.26872 -60.0733 63.0682 -18.9796 29.2081 0.0598081 0.137039 12.0239 -11.493 -87.9882 24.234 0.0496219 0.113701 4.86718 6.37909 -1.46095 -1.23299 -7.60729 7.53365 -11.0952 -5.45316 3.73357 -12.9547 3.2495 -3.26872 64.5752 -28.9711 31.6979 -29.2081 0.0598081 0.137039 -5.55499 -1.34412 27.7793 -24.234 0.0496218 0.113702 -2.66558 -5.00207 1.80919 9.23673 -4.20556 2.0327 -17.263 -4.84235 -53.0185 -0.852353 -38.7721 -0.655187 -9.03856 30.8698 1.94561 -2.32622 -40.4017 -6.04875 -10.2437 -10.5212 16.7257 0.779096 -9.8844 12.4959 -3.51584e-16 -8.06902e-16 2.41875e-17 -9.23673 -4.20556 2.0327 -10.222 -8.6552 -21.8868 0.852353 -38.7721 -0.655187 2.54742 9.47058 -0.0453453 2.32622 -40.4017 -6.04875 -3.53807 -7.3206 -15.2134 -0.779096 -9.8844 12.4959 1.4232e-15 -6.47371e-16 -1.28354e-14 
9.1653 91.1738 137.668 9.69336 4.26602 51.7399 0 5.07867 -1.15138 -2.1935 -1.26406 -0.421452 0 5.61661 1.07143 -1.43893 -0.626948 -0.838002 -1.02604e-17 5.98978 0.11501 -0.941333 0.635085 -0.989989 -1.10457e-17 6.50583 -0.443523 -0.215112 2.69158 -0.93946 -1.97295e-17 7.60548 -1.50593 0.102271 3.74632 -0.787702 -2.53307e-17 9.49737 -0.914492 0.527094 4.01789 -0.809226 -2.90401e-17 10.5513 1.57691 0.197959 1.14889 0.340512 -1.29193e-17 4.78644 0.715339 1.80771 9.01695 -22.2777 -1.8116e-17 4.82109 0.421791 3.4385 -3.88104 -10.7759 -2.00958e-17 4.83041 0.765062 5.40483 -8.34848 -14.5584 1.23299 -7.60731 7.53374 3.64974 -0.55931 3.61898 12.9547 3.2495 -3.26872 -60.1961 63.0924 -18.7779 29.2081 0.0598081 0.137039 12.0233 -11.4791 -87.9213 24.234 0.0496219 0.113701 4.81963 6.42245 -1.48601 -1.23299 -7.60729 7.53365 -11.0622 -5.52792 3.70785 -12.9547 3.2495 -3.26872 64.2381 -28.938 31.493 -29.2081 0.0598081 0.137039 -5.59267 -1.3638 27.9833 -24.234 0.0496218 0.113702 -2.65829 -5.243 1.78627 9.23673 -4.20556 2.0327 -16.9339 -4.44788 -53.3507 -0.852353 -38.7721 -0.655187 -8.51965 29.3861 1.71127 -2.32622 -40.4017 -6.04875 -10.4101 -10.5628 16.795 0.779096 -9.8844 12.4959 -3.72721e-16 -8.07563e-16 2.48481e-17 -9.23673 -4.20556 2.0327 -9.81646 -8.25747 -21.6595 0.852353 -38.7721 -0.655187 2.3917 8.89846 -0.0304775 2.32622 -40.4017 -6.04875 -3.22063 -6.41653 -15.1469 -0.779096 -9.8844 12.4959 -9.3051e-16 -5.493e-16 -1.27252e-14 
9.0803 91.4402 138.05 9.75193 4.18702 51.6403 0 5.07867 -1.15138 -2.16574 -1.35167 -0.415223 0 5.61661 1.07143 -1.41373 -0.677752 -0.826995 -1.02604e-17 5.98978 0.11501 -0.922417 0.623964 -0.979608 -1.10457e-17 6.50583 -0.443523 -0.200589 2.74802 -0.929389 -1.97295e-17 7.60548 -1.50593 0.108975 3.8352 -0.780049 -2.53307e-17 9.49737 -0.914492 0.530462 4.1212 -0.800501 -2.90401e-17 10.5513 1.57691 0.200188 1.14281 0.339595 -1.29193e-17 4.78644 0.715339 1.84734 9.08383 -22.2463 -1.8116e-17 4.82109 0.421791 3.495 -3.85712 -10.7535 -2.00958e-17 4.83041 0.765062 5.49543 -8.40809 -14.5689 1.23299 -7.60731 7.53374 3.60573 -0.612895 3.64371 12.9547 3.2495 -3.26872 -60.4432 63.2301 -18.4252 29.2081 0.0598081 0.137039 12.0228 -11.4678 -87.8668 24.234 0.0496219 0.113701 4.82321 6.43907 -1.45418 -1.23299 -7.60729 7.53365 -11.0301 -5.59123 3.67186 -12.9547 3.2495 -3.26872 63.963 -28.9353 31.1971 -29.2081 0.0598081 0.137039 -5.64776 -1.39289 28.2822 -24.234 0.0496218 0.113702 -2.56277 -5.3776 1.74263 9.23673 -4.20556 2.0327 -16.6172 -4.04707 -53.5097 -0.852353 -38.7721 -0.655187 -8.20214 28.4565 1.57407 -2.32622 -40.4017 -6.04875 -10.5052 -10.2869 16.88 0.779096 -9.8844 12.4959 -7.59722e-16 -8.3175e-16 4.90356e-17 -9.23673 -4.20556 2.0327 -9.43715 -7.83131 -21.508 0.852353 -38.7721 -0.655187 2.23945 8.3377 -0.0174526 2.32622 -40.4017 -6.04875 -2.9332 -5.52163 -15.0844 -0.779096 -9.8844 12.4959 -2.19922e-16 -5.82939e-16 -1.27585e-14 
9.06245 91.6973 138.429 9.83938 4.12896 51.509 0 5.07867 -1.15138 -2.15017 -1.4389 -0.410213 0 5.61661 1.07143 -1.40247 -0.73506 -0.822184 -1.02604e-17 5.98978 0.11501 -0.913952 0.60053 -0.97422 -1.10457e-17 6.50583 -0.443523 -0.194978 2.77727 -0.924916 -1.97295e-17 7.60548 -1.50593 0.112344 3.89035 -0.77808 -2.53307e-17 9.49737 -0.914492 0.531181 4.19189 -0.797674 -2.90401e-17 10.5513 1.57691 0.201662 1.13584 0.338461 -1.29193e-17 4.78644 0.715339 1.8736 9.11941 -22.2794 -1.8116e-17 4.82109 0.421791 3.52908 -3.78952 -10.7674 -2.00958e-17 4.83041 0.765062 5.52946 -8.34181 -14.4601 1.23299 -7.60731 7.53374 3.55984 -0.647168 3.63165 12.9547 3.2495 -3.26872 -60.8816 63.3725 -17.8486 29.2081 0.0598081 0.137039 12.022 -11.4503 -87.7827 24.234 0.0496219 0.113701 4.81772 6.40875 -1.41581 -1.23299 -7.60729 7.53365 -10.996 -5.60616 3.61126 -12.9547 3.2495 -3.26872 63.6932 -28.9266 30.7237 -29.2081 0.0598081 0.137039 -5.72202 -1.43267 28.6864 -24.234 0.0496218 0.113702 -2.35924 -5.44123 1.74638 9.23673 -4.20556 2.0327 -16.1572 -3.57368 -53.2914 -0.852353 -38.7721 -0.655187 -8.01028 27.8868 1.49351 -2.32622 -40.4017 -6.04875 -10.476 -10.0686 16.8879 0.779096 -9.8844 12.4959 3.71036e-18 -7.96129e-16 1.34149e-17 -9.23673 -4.20556 2.0327 -9.10678 -7.37069 -21.3656 0.852353 -38.7721 -0.655187 2.08595 7.77103 -0.00583711 2.32622 -40.4017 -6.04875 -2.70628 -4.69209 -15.03 -0.779096 -9.8844 12.4959 -5.85785e-16 -5.59742e-16 -1.27474e-14 
9.104 91.9374 138.772 9.91909 4.11307 51.3596 0 5.07867 -1.15138 -2.15031 -1.56947 -0.402858 0 5.61661 1.07143 -1.40708 -0.827051 -0.819713 -1.02604e-17 5.98978 0.11501 -0.916688 0.559154 -0.969892 -1.10457e-17 6.50583 -0.443523 -0.196484 2.81719 -0.921867 -1.97295e-17 7.60548 -1.50593 0.115206 3.97245 -0.777272 -2.53307e-17 9.49737 -0.914492 0.536124 4.3007 -0.798653 -2.90401e-17 10.5513 1.57691 0.205062 1.11941 0.335319 -1.29193e-17 4.78644 0.715339 1.87947 9.0973 -22.3142 -1.8116e-17 4.82109 0.421791 3.56784 -3.73676 -10.7887 -2.00958e-17 4.83041 0.765062 5.50844 -8.22475 -14.3503 1.23299 -7.60731 7.53374 3.52096 -0.695304 3.60895 12.9547 3.2495 -3.26872 -61.4468 63.4996 -17.1563 29.2081 0.0598081 0.137039 12.0214 -11.4355 -87.7114 24.234 0.0496219 0.113701 4.77373 6.39605 -1.36539 -1.23299 -7.60729 7.53365 -10.9722 -5.63676 3.51941 -12.9547 3.2495 -3.26872 63.4358 -28.8881 30.2399 -29.2081 0.0598081 0.137039 -5.79707 -1.47357 29.0964 -24.234 0.0496218 0.113702 -2.13757 -5.45907 1.74605 9.23673 -4.20556 2.0327 -15.6966 -3.20224 -52.8287 -0.852353 -38.7721 -0.655187 -7.88971 27.5258 1.4438 -2.32622 -40.4017 -6.04875 -10.3571 -10.0868 16.824 0.779096 -9.8844 12.4959 2.48481e-17 -7.95139e-16 1.2424e-17 -9.23673 -4.20556 2.0327 -8.83935 -6.94024 -21.1821 0.852353 -38.7721 -0.655187 1.94175 7.23761 0.0036843 2.32622 -40.4017 -6.04875 -2.53016 -3.94603 -14.9822 -0.779096 -9.8844 12.4959 -9.83354e-16 -5.46988e-16 -1.27229e-14 
9.19981 92.1447 139.072 9.94023 4.11188 51.1912 0 5.07867 -1.15138 -2.13261 -1.6921 -0.399041 0 5.61661 1.07143 -1.3965 -0.914916 -0.818599 -1.02604e-17 5.98978 0.11501 -0.907691 0.512646 -0.967366 -1.10457e-17 6.50583 -0.443523 -0.189472 2.84029 -0.920907 -1.97295e-17 7.60548 -1.50593 0.122258 4.0321 -0.779215 -2.53307e-17 9.49737 -0.914492 0.540446 4.37841 -0.802809 -2.90401e-17 10.5513 1.57691 0.207466 1.10395 0.332687 -1.29193e-17 4.78644 0.715339 1.86368 9.03232 -22.3346 -1.8116e-17 4.82109 0.421791 3.56845 -3.68451 -10.8034 -2.00958e-17 4.83041 0.765062 5.44842 -8.06973 -14.2757 1.23299 -7.60731 7.53374 3.45383 -0.719985 3.58601 12.9547 3.2495 -3.26872 -62.3216 63.6473 -16.1567 29.2081 0.0598081 0.137039 12.0212 -11.4313 -87.6911 24.234 0.0496219 0.113701 4.74033 6.51943 -1.34623 -1.23299 -7.60729 7.53365 -10.9516 -5.64582 3.44991 -12.9547 3.2495 -3.26872 63.0437 -28.7817 29.7977 -29.2081 0.0598081 0.137039 -5.85402 -1.50508 29.4086 -24.234 0.0496218 0.113702 -1.95211 -5.5313 1.72804 9.23673 -4.20556 2.0327 -15.3962 -3.04352 -52.3937 -0.852353 -38.7721 -0.655187 -7.82024 27.3167 1.41548 -2.32622 -40.4017 -6.04875 -10.1202 -10.3182 16.7434 0.779096 -9.8844 12.4959 2.48481e-17 -7.95139e-16 1.2424e-17 -9.23673 -4.20556 2.0327 -8.58679 -6.56817 -20.9591 0.852353 -38.7721 -0.655187 1.80874 6.74468 0.0112712 2.32622 -40.4017 -6.04875 -2.38068 -3.32676 -14.9398 -0.779096 -9.8844 12.4959 -2.19922e-16 -5.82939e-16 -1.27585e-14 
9.32648 92.3142 139.333 9.90026 4.14135 51.0236 0 5.07867 -1.15138 -2.09829 -1.77221 -0.401308 0 5.61661 1.07143 -1.37153 -0.9765 -0.821369 -1.02604e-17 5.98978 0.11501 -0.888237 0.467566 -0.969503 -1.10457e-17 6.50583 -0.443523 -0.176062 2.82661 -0.924727 -1.97295e-17 7.60548 -1.50593 0.129876 4.03437 -0.786158 -2.53307e-17 9.49737 -0.914492 0.539077 4.38268 -0.810338 -2.90401e-17 10.5513 1.57691 0.208111 1.09574 0.330673 -1.29193e-17 4.78644 0.715339 1.8445 8.97404 -22.3424 -1.8116e-17 4.82109 0.421791 3.52639 -3.63082 -10.8102 -2.00958e-17 4.83041 0.765062 5.35935 -7.91086 -14.2469 1.23299 -7.60731 7.53374 3.38444 -0.705999 3.57265 12.9547 3.2495 -3.26872 -63.4304 63.7897 -14.9081 29.2081 0.0598081 0.137039 12.0218 -11.4447 -87.7555 24.234 0.0496219 0.113701 4.71394 6.73722 -1.36464 -1.23299 -7.60729 7.53365 -10.9661 -5.61508 3.3942 -12.9547 3.2495 -3.26872 62.543 -28.5892 29.3493 -29.2081 0.0598081 0.137039 -5.89782 -1.52958 29.6493 -24.234 0.0496218 0.113702 -1.79077 -5.72073 1.72011 9.23673 -4.20556 2.0327 -15.2719 -3.08602 -52.0549 -0.852353 -38.7721 -0.655187 -7.80637 27.2748 1.40986 -2.32622 -40.4017 -6.04875 -9.77924 -10.5235 16.6807 0.779096 -9.8844 12.4959 2.48481e-17 -7.95139e-16 1.2424e-17 -9.23673 -4.20556 2.0327 -8.35877 -6.29132 -20.7477 0.852353 -38.7721 -0.655187 1.69224 6.31236 0.0169711 2.32622 -40.4017 -6.04875 -2.28672 -2.8434 -14.9052 -0.779096 -9.8844 12.4959 -5.85785e-16 -5.59742e-16 -1.27474e-14 
9.45791 92.494 139.528 9.93922 4.13873 50.9285 0 5.07867 -1.15138 -2.07524 -1.75172 -0.399308 0 5.61661 1.07143 -1.35637 -0.963103 -0.821811 -1.02604e-17 5.98978 0.11501 -0.877699 0.466545 -0.969778 -1.10457e-17 6.50583 -0.443523 -0.172131 2.80121 -0.926947 -1.97295e-17 7.60548 -1.50593 0.129983 3.99008 -0.790367 -2.53307e-17 9.49737 -0.914492 0.532289 4.32794 -0.81257 -2.90401e-17 10.5513 1.57691 0.207486 1.09551 0.33127 -1.29193e-17 4.78644 0.715339 1.80834 8.8883 -22.3909 -1.8116e-17 4.82109 0.421791 3.50069 -3.5805 -10.8373 -2.00958e-17 4.83041 0.765062 5.27711 -7.71408 -14.2707 1.23299 -7.60731 7.53374 3.27367 -0.657915 3.5218 12.9547 3.2495 -3.26872 -64.3747 63.8744 -13.8467 29.2081 0.0598081 0.137039 12.0229 -11.4693 -87.8744 24.234 0.0496219 0.113701 4.62913 7.01402 -1.36522 -1.23299 -7.60729 7.53365 -10.9866 -5.54615 3.36131 -12.9547 3.2495 -3.26872 61.9647 -28.4792 28.8101 -29.2081 0.0598081 0.137039 -5.93664 -1.55151 29.8632 -24.234 0.0496218 0.113702 -1.59286 -6.06041 1.74907 9.23673 -4.20556 2.0327 -15.1869 -3.11583 -51.7081 -0.852353 -38.7721 -0.655187 -7.78635 27.2144 1.40176 -2.32622 -40.4017 -6.04875 -9.48542 -10.6464 16.6203 0.779096 -9.8844 12.4959 2.48481e-17 -7.95139e-16 1.2424e-17 -9.23673 -4.20556 2.0327 -8.23599 -6.00367 -20.6201 0.852353 -38.7721 -0.655187 1.60324 5.98173 0.0207308 2.32622 -40.4017 -6.04875 -2.16282 -2.29502 -14.8781 -0.779096 -9.8844 12.4959 -5.96354e-16 -5.59082e-16 -1.27471e-14 
9.59662 92.6797 139.68 10.0925 4.1255 50.8872 0 5.07867 -1.15138 -2.0958 -1.74221 -0.386629 0 5.61661 1.07143 -1.37996 -0.949511 -0.816279 -1.02604e-17 5.98978 0.11501 -0.898541 0.488684 -0.96418 -1.10457e-17 6.50583 -0.443523 -0.190734 2.83552 -0.923313 -1.97295e-17 7.60548 -1.50593 0.118087 4.02221 -0.785819 -2.53307e-17 9.49737 -0.914492 0.526748 4.36623 -0.805598 -2.90401e-17 10.5513 1.57691 0.208216 1.08768 0.330466 -1.29193e-17 4.78644 0.715339 1.79549 8.85047 -22.4527 -1.8116e-17 4.82109 0.421791 3.55073 -3.55469 -10.8731 -2.00958e-17 4.83041 0.765062 5.23542 -7.63881 -14.3466 1.23299 -7.60731 7.53374 3.19766 -0.656324 3.48872 12.9547 3.2495 -3.26872 -64.9179 63.9557 -13.2555 29.2081 0.0598081 0.137039 12.0241 -11.4995 -88.0199 24.234 0.0496219 0.113701 4.55024 7.29928 -1.34303 -1.23299 -7.60729 7.53365 -11.0267 -5.54277 3.29526 -12.9547 3.2495 -3.26872 61.3907 -28.4075 28.2794 -29.2081 0.0598081 0.137039 -5.96602 -1.56822 30.0252 -24.234 0.0496218 0.113702 -1.35877 -6.61309 1.78393 9.23673 -4.20556 2.0327 -15.1535 -3.08918 -51.3701 -0.852353 -38.7721 -0.655187 -7.7533 27.1145 1.38842 -2.32622 -40.4017 -6.04875 -9.33619 -10.7554 16.5774 0.779096 -9.8844 12.4959 2.48481e-17 -7.95139e-16 1.2424e-17 -9.23673 -4.20556 2.0327 -8.23807 -5.67354 -20.5212 0.852353 -38.7721 -0.655187 1.54079 5.74957 0.0230608 2.32622 -40.4017 -6.04875 -2.04172 -1.7261 -14.8573 -0.779096 -9.8844 12.4959 -9.83354e-16 -5.46988e-16 -1.27229e-14 
9.78447 92.859 139.874 10.2057 4.11177 50.8627 0 5.07867 -1.15138 -2.123 -1.82933 -0.379907 0 5.61661 1.07143 -1.40849 -1.00463 -0.816469 -1.02604e-17 5.98978 0.11501 -0.92341 0.475873 -0.965255 -1.10457e-17 6.50583 -0.443523 -0.209892 2.89364 -0.926338 -1.97295e-17 7.60548 -1.50593 0.105055 4.11473 -0.787658 -2.53307e-17 9.49737 -0.914492 0.519593 4.48078 -0.804873 -2.90401e-17 10.5513 1.57691 0.208571 1.07388 0.326765 -1.29193e-17 4.78644 0.715339 1.81837 8.87873 -22.5135 -1.8116e-17 4.82109 0.421791 3.59691 -3.51472 -10.9086 -2.00958e-17 4.83041 0.765062 5.20498 -7.63102 -14.3991 1.23299 -7.60731 7.53374 3.1648 -0.698434 3.49517 12.9547 3.2495 -3.26872 -65.5654 64.0962 -12.6117 29.2081 0.0598081 0.137039 12.0255 -11.5348 -88.1897 24.234 0.0496219 0.113701 4.51504 7.63464 -1.29886 -1.23299 -7.60729 7.53365 -11.1009 -5.58779 3.1806 -12.9547 3.2495 -3.26872 60.7408 -28.1346 27.6808 -29.2081 0.0598081 0.137039 -6.00095 -1.58824 30.2183 -24.234 0.0496218 0.113702 -1.10462 -7.40145 1.76316 9.23673 -4.20556 2.0327 -15.0718 -2.9807 -51.0875 -0.852353 -38.7721 -0.655187 -7.68314 26.9018 1.3603 -2.32622 -40.4017 -6.04875 -9.22917 -10.8838 16.5579 0.779096 -9.8844 12.4959 2.48481e-17 -7.95139e-16 1.2424e-17 -9.23673 -4.20556 2.0327 -8.20959 -5.31265 -20.4256 0.852353 -38.7721 -0.655187 1.47332 5.49862 0.0252925 2.32622 -40.4017 -6.04875 -1.90681 -1.21867 -14.8357 -0.779096 -9.8844 12.4959 -6.06923e-16 -5.58752e-16 -1.27464e-14 
10.0065 93.016 140.114 10.2086 4.14407 50.8585 0 5.07867 -1.15138 -2.14735 -2.00718 -0.381337 0 5.61661 1.07143 -1.43429 -1.13269 -0.825436 -1.02604e-17 5.98978 0.11501 -0.946057 0.408704 -0.975886 -1.10457e-17 6.50583 -0.443523 -0.225918 2.93346 -0.939079 -1.97295e-17 7.60548 -1.50593 0.091904 4.2147 -0.799144 -2.53307e-17 9.49737 -0.914492 0.508558 4.61022 -0.813663 -2.90401e-17 10.5513 1.57691 0.209118 1.05958 0.319941 -1.29193e-17 4.78644 0.715339 1.85126 8.92063 -22.5425 -1.8116e-17 4.82109 0.421791 3.6063 -3.4607 -10.9291 -2.00958e-17 4.83041 0.765062 5.14844 -7.57468 -14.47 1.23299 -7.60731 7.53374 3.15176 -0.74839 3.53198 12.9547 3.2495 -3.26872 -66.5149 64.2855 -11.6629 29.2081 0.0598081 0.137039 12.0269 -11.5727 -88.3722 24.234 0.0496219 0.113701 4.48229 7.97319 -1.2527 -1.23299 -7.60729 7.53365 -11.1869 -5.63964 3.03436 -12.9547 3.2495 -3.26872 60.0666 -27.6515 26.9922 -29.2081 0.0598081 0.137039 -6.0469 -1.61481 30.4728 -24.234 0.0496218 0.113702 -0.875553 -8.26463 1.6937 9.23673 -4.20556 2.0327 -14.9331 -2.85564 -50.8757 -0.852353 -38.7721 -0.655187 -7.5908 26.6206 1.32366 -2.32622 -40.4017 -6.04875 -9.03507 -11.045 16.5251 0.779096 -9.8844 12.4959 2.48481e-17 -7.95139e-16 1.2424e-17 -9.23673 -4.20556 2.0327 -8.1125 -4.98545 -20.3231 0.852353 -38.7721 -0.655187 1.38656 5.17568 0.0277264 2.32622 -40.4017 -6.04875 -1.77957 -0.830927 -14.8171 -0.779096 -9.8844 12.4959 -5.96354e-16 -5.59082e-16 -1.27471e-14 
10.2269 93.156 140.359 10.1883 4.20463 50.8821 0 5.07867 -1.15138 -2.17371 -2.17678 -0.382192 0 5.61661 1.07143 -1.46278 -1.25998 -0.834704 -1.02604e-17 5.98978 0.11501 -0.971505 0.331981 -0.986469 -1.10457e-17 6.50583 -0.443523 -0.245663 2.94615 -0.951704 -1.97295e-17 7.60548 -1.50593 0.0749517 4.28026 -0.809764 -2.53307e-17 9.49737 -0.914492 0.493614 4.70084 -0.820729 -2.90401e-17 10.5513 1.57691 0.20977 1.04976 0.313225 -1.29193e-17 4.78644 0.715339 1.86314 8.92927 -22.5541 -1.8116e-17 4.82109 0.421791 3.58789 -3.41044 -10.9432 -2.00958e-17 4.83041 0.765062 5.07148 -7.43542 -14.5952 1.23299 -7.60731 7.53374 3.15257 -0.780256 3.57369 12.9547 3.2495 -3.26872 -67.493 64.5069 -10.6625 29.2081 0.0598081 0.137039 12.0278 -11.6019 -88.5128 24.234 0.0496219 0.113701 4.42694 8.22613 -1.23595 -1.23299 -7.60729 7.53365 -11.2532 -5.66022 2.9007 -12.9547 3.2495 -3.26872 59.4788 -27.1508 26.2243 -29.2081 0.0598081 0.137039 -6.10351 -1.64793 30.7873 -24.234 0.0496218 0.113702 -0.687027 -9.02028 1.66555 9.23673 -4.20556 2.0327 -14.7859 -2.71624 -50.6781 -0.852353 -38.7721 -0.655187 -7.4873 26.3038 1.2831 -2.32622 -40.4017 -6.04875 -8.78087 -11.1976 16.4684 0.779096 -9.8844 12.4959 2.48481e-17 -7.95139e-16 1.2424e-17 -9.23673 -4.20556 2.0327 -8.01735 -4.68796 -20.2422 0.852353 -38.7721 -0.655187 1.3004 4.85475 0.0296577 2.32622 -40.4017 -6.04875 -1.6775 -0.516617 -14.8047 -0.779096 -9.8844 12.4959 -5.96354e-16 -5.59082e-16 -1.27471e-14 
10.4497 93.295 140.58 10.1869 4.28948 50.9595 0 5.07867 -1.15138 -2.20723 -2.32153 -0.382652 0 5.61661 1.07143 -1.49741 -1.36996 -0.844349 -1.02604e-17 5.98978 0.11501 -1.002 0.264594 -0.997223 -1.10457e-17 6.50583 -0.443523 -0.269433 2.95481 -0.964262 -1.97295e-17 7.60548 -1.50593 0.0552827 4.33466 -0.819591 -2.53307e-17 9.49737 -0.914492 0.4778 4.77726 -0.826786 -2.90401e-17 10.5513 1.57691 0.211245 1.04195 0.307357 -1.29193e-17 4.78644 0.715339 1.86597 8.92561 -22.5573 -1.8116e-17 4.82109 0.421791 3.57765 -3.36127 -10.9537 -2.00958e-17 4.83041 0.765062 4.98962 -7.3061 -14.7651 1.23299 -7.60731 7.53374 3.17589 -0.804522 3.61976 12.9547 3.2495 -3.26872 -68.378 64.8242 -9.77728 29.2081 0.0598081 0.137039 12.0286 -11.6283 -88.6402 24.234 0.0496219 0.113701 4.39687 8.44111 -1.20677 -1.23299 -7.60729 7.53365 -11.3261 -5.67758 2.78281 -12.9547 3.2495 -3.26872 58.9275 -26.7166 25.4162 -29.2081 0.0598081 0.137039 -6.16615 -1.68506 31.1364 -24.234 0.0496218 0.113702 -0.496607 -9.67693 1.64203 9.23673 -4.20556 2.0327 -14.6575 -2.54431 -50.5021 -0.852353 -38.7721 -0.655187 -7.35899 25.9088 1.23358 -2.32622 -40.4017 -6.04875 -8.59741 -11.3235 16.4091 0.779096 -9.8844 12.4959 2.48481e-17 -7.95139e-16 1.2424e-17 -9.23673 -4.20556 2.0327 -7.97111 -4.39354 -20.2219 0.852353 -38.7721 -0.655187 1.21627 4.54122 0.0310761 2.32622 -40.4017 -6.04875 -1.57415 -0.212135 -14.798 -0.779096 -9.8844 12.4959 -5.96354e-16 -5.59082e-16 -1.27471e-14 
10.6735 93.4256 140.765 10.1587 4.35653 51.0819 0 5.07867 -1.15138 -2.23118 -2.43545 -0.386309 0 5.61661 1.07143 -1.52232 -1.45598 -0.855296 -1.02604e-17 5.98978 0.11501 -1.02443 0.211725 -1.00946 -1.10457e-17 6.50583 -0.443523 -0.286746 2.9635 -0.978059 -1.97295e-17 7.60548 -1.50593 0.0390888 4.37939 -0.831203 -2.53307e-17 9.49737 -0.914492 0.46267 4.83782 -0.834814 -2.90401e-17 10.5513 1.57691 0.212772 1.03607 0.302409 -1.29193e-17 4.78644 0.715339 1.86411 8.91482 -22.5532 -1.8116e-17 4.82109 0.421791 3.57855 -3.32782 -10.9577 -2.00958e-17 4.83041 0.765062 4.91839 -7.20584 -14.9526 1.23299 -7.60731 7.53374 3.20697 -0.821789 3.6707 12.9547 3.2495 -3.26872 -69.2114 65.1587 -8.95092 29.2081 0.0598081 0.137039 12.0296 -11.662 -88.8023 24.234 0.0496219 0.113701 4.36091 8.71384 -1.17838 -1.23299 -7.60729 7.53365 -11.4014 -5.69388 2.68297 -12.9547 3.2495 -3.26872 58.3648 -26.3405 24.6464 -29.2081 0.0598081 0.137039 -6.22709 -1.72168 31.4772 -24.234 0.0496218 0.113702 -0.304945 -10.3362 1.59891 9.23673 -4.20556 2.0327 -14.565 -2.40556 -50.4065 -0.852353 -38.7721 -0.655187 -7.24255 25.5481 1.18937 -2.32622 -40.4017 -6.04875 -8.47855 -11.481 16.3579 0.779096 -9.8844 12.4959 4.11844e-16 -7.83045e-16 3.30421e-19 -9.23673 -4.20556 2.0327 -7.92594 -4.13166 -20.2498 0.852353 -38.7721 -0.655187 1.14039 4.25829 0.0319594 2.32622 -40.4017 -6.04875 -1.45094 0.0951278 -14.7946 -0.779096 -9.8844 12.4959 -5.96354e-16 -5.59082e-16 -1.27471e-14 
10.8882 93.552 140.923 10.1513 4.37009 51.199 0 5.07867 -1.15138 -2.23875 -2.47671 -0.390232 0 5.61661 1.07143 -1.53184 -1.48726 -0.863888 -1.02604e-17 5.98978 0.11501 -1.03536 0.184582 -1.01985 -1.10457e-17 6.50583 -0.443523 -0.297689 2.948 -0.9901 -1.97295e-17 7.60548 -1.50593 0.0247105 4.37045 -0.841917 -2.53307e-17 9.49737 -0.914492 0.444507 4.82755 -0.840469 -2.90401e-17 10.5513 1.57691 0.212234 1.03846 0.300156 -1.29193e-17 4.78644 0.715339 1.84906 8.88497 -22.5742 -1.8116e-17 4.82109 0.421791 3.56096 -3.27214 -10.9701 -2.00958e-17 4.83041 0.765062 4.84971 -7.07993 -15.1076 1.23299 -7.60731 7.53374 3.21224 -0.803093 3.69723 12.9547 3.2495 -3.26872 -70.0576 65.4467 -8.0963 29.2081 0.0598081 0.137039 12.0304 -11.6932 -88.9529 24.234 0.0496219 0.113701 4.29852 9.02446 -1.17743 -1.23299 -7.60729 7.53365 -11.4708 -5.66106 2.62002 -12.9547 3.2495 -3.26872 57.7412 -25.9682 23.8566 -29.2081 0.0598081 0.137039 -6.27861 -1.75302 31.7662 -24.234 0.0496218 0.113702 -0.116186 -11.0757 1.60187 9.23673 -4.20556 2.0327 -14.5041 -2.24746 -50.3752 -0.852353 -38.7721 -0.655187 -7.12595 25.1847 1.14579 -2.32622 -40.4017 -6.04875 -8.39103 -11.6297 16.3129 0.779096 -9.8844 12.4959 8.09413e-16 -7.58527e-16 -2.41872e-17 -9.23673 -4.20556 2.0327 -7.87549 -3.86191 -20.2706 0.852353 -38.7721 -0.655187 1.07626 4.01905 0.0324128 2.32622 -40.4017 -6.04875 -1.31883 0.431623 -14.7917 -0.779096 -9.8844 12.4959 -9.8335e-16 -5.46988e-16 -1.27229e-14 
11.084 93.6663 141.064 10.1189 4.34167 51.2696 0 5.07867 -1.15138 -2.23246 -2.4744 -0.394084 0 5.61661 1.07143 -1.52825 -1.48596 -0.870196 -1.02604e-17 5.98978 0.11501 -1.03559 0.17253 -1.02796 -1.10457e-17 6.50583 -0.443523 -0.301422 2.91782 -0.99976 -1.97295e-17 7.60548 -1.50593 0.0145119 4.32893 -0.851395 -2.53307e-17 9.49737 -0.914492 0.427338 4.77435 -0.845049 -2.90401e-17 10.5513 1.57691 0.211293 1.04515 0.299064 -1.29193e-17 4.78644 0.715339 1.83039 8.84911 -22.5904 -1.8116e-17 4.82109 0.421791 3.54666 -3.2073 -10.9762 -2.00958e-17 4.83041 0.765062 4.78754 -6.95552 -15.2313 1.23299 -7.60731 7.53374 3.21675 -0.761978 3.71424 12.9547 3.2495 -3.26872 -70.9106 65.7089 -7.22581 29.2081 0.0598081 0.137039 12.0311 -11.7268 -89.1145 24.234 0.0496219 0.113701 4.25093 9.351 -1.18257 -1.23299 -7.60729 7.53365 -11.5451 -5.5997 2.57181 -12.9547 3.2495 -3.26872 57.1105 -25.5677 23.0899 -29.2081 0.0598081 0.137039 -6.32883 -1.78392 32.0488 -24.234 0.0496218 0.113702 0.0776162 -11.9257 1.62087 9.23673 -4.20556 2.0327 -14.4587 -2.13306 -50.378 -0.852353 -38.7721 -0.655187 -7.02203 24.8591 1.10755 -2.32622 -40.4017 -6.04875 -8.32334 -11.7854 16.2713 0.779096 -9.8844 12.4959 4.59953e-17 -7.94147e-16 1.14328e-17 -9.23673 -4.20556 2.0327 -7.78265 -3.63017 -20.2627 0.852353 -38.7721 -0.655187 1.02071 3.8118 0.0325886 2.32622 -40.4017 -6.04875 -1.18343 0.775649 -14.7873 -0.779096 -9.8844 12.4959 -6.06928e-16 -5.58751e-16 -1.27464e-14 
11.2627 93.7639 141.193 10.0665 4.31165 51.3231 0 5.07867 -1.15138 -2.22467 -2.45322 -0.397822 0 5.61661 1.07143 -1.5232 -1.47185 -0.875664 -1.02604e-17 5.98978 0.11501 -1.03481 0.164223 -1.03501 -1.10457e-17 6.50583 -0.443523 -0.30489 2.87607 -1.00822 -1.97295e-17 7.60548 -1.50593 0.00404886 4.26797 -0.859652 -2.53307e-17 9.49737 -0.914492 0.409612 4.69726 -0.848374 -2.90401e-17 10.5513 1.57691 0.21034 1.05458 0.298529 -1.29193e-17 4.78644 0.715339 1.80546 8.80502 -22.5964 -1.8116e-17 4.82109 0.421791 3.53031 -3.12882 -10.9755 -2.00958e-17 4.83041 0.765062 4.74594 -6.82673 -15.3549 1.23299 -7.60731 7.53374 3.22737 -0.706984 3.72431 12.9547 3.2495 -3.26872 -71.7082 65.9512 -6.37905 29.2081 0.0598081 0.137039 12.0318 -11.7596 -89.2727 24.234 0.0496219 0.113701 4.19965 9.61209 -1.20303 -1.23299 -7.60729 7.53365 -11.6138 -5.51966 2.53651 -12.9547 3.2495 -3.26872 56.5231 -25.1405 22.3345 -29.2081 0.0598081 0.137039 -6.38263 -1.81739 32.3524 -24.234 0.0496218 0.113702 0.249223 -12.833 1.64151 9.23673 -4.20556 2.0327 -14.4176 -2.04189 -50.4104 -0.852353 -38.7721 -0.655187 -6.91292 24.5154 1.06801 -2.32622 -40.4017 -6.04875 -8.29753 -11.976 16.232 0.779096 -9.8844 12.4959 4.11844e-16 -7.83045e-16 3.30425e-19 -9.23673 -4.20556 2.0327 -7.68596 -3.4448 -20.2485 0.852353 -38.7721 -0.655187 0.975763 3.64405 0.0325835 2.32622 -40.4017 -6.04875 -1.03823 1.06659 -14.7857 -0.779096 -9.8844 12.4959 -5.96354e-16 -5.59082e-16 -1.27471e-14 
11.4249 93.848 141.31 9.99378 4.25264 51.3695 0 5.07867 -1.15138 -2.21026 -2.40722 -0.401974 0 5.61661 1.07143 -1.51121 -1.4395 -0.880523 -1.02604e-17 5.98978 0.11501 -1.02819 0.162669 -1.04148 -1.10457e-17 6.50583 -0.443523 -0.304542 2.82104 -1.01599 -1.97295e-17 7.60548 -1.50593 -0.00452993 4.18279 -0.867749 -2.53307e-17 9.49737 -0.914492 0.391655 4.58934 -0.851565 -2.90401e-17 10.5513 1.57691 0.20896 1.06787 0.299019 -1.29193e-17 4.78644 0.715339 1.77103 8.74429 -22.5996 -1.8116e-17 4.82109 0.421791 3.50631 -3.04479 -10.9716 -2.00958e-17 4.83041 0.765062 4.71553 -6.66561 -15.4761 1.23299 -7.60731 7.53374 3.23301 -0.636977 3.72619 12.9547 3.2495 -3.26872 -72.4711 66.1663 -5.5408 29.2081 0.0598081 0.137039 12.0323 -11.7932 -89.4345 24.234 0.0496219 0.113701 4.12536 9.81496 -1.21838 -1.23299 -7.60729 7.53365 -11.6657 -5.4189 2.5185 -12.9547 3.2495 -3.26872 55.9982 -24.7146 21.6055 -29.2081 0.0598081 0.137039 -6.43741 -1.85189 32.6627 -24.234 0.0496218 0.113702 0.387376 -13.7135 1.66486 9.23673 -4.20556 2.0327 -14.3244 -1.92955 -50.4842 -0.852353 -38.7721 -0.655187 -6.78499 24.1101 1.02245 -2.32622 -40.4017 -6.04875 -8.29632 -12.2063 16.1909 0.779096 -9.8844 12.4959 3.54217e-17 -7.94808e-16 1.20936e-17 -9.23673 -4.20556 2.0327 -7.55402 -3.28059 -20.223 0.852353 -38.7721 -0.655187 0.935232 3.49276 0.0324657 2.32622 -40.4017 -6.04875 -0.903655 1.34264 -14.7838 -0.779096 -9.8844 12.4959 -5.96354e-16 -5.59082e-16 -1.27471e-14 
11.5734 93.9244 141.42 9.91476 4.18124 51.3758 0 5.07867 -1.15138 -2.19455 -2.34693 -0.403017 0 5.61661 1.07143 -1.49771 -1.39658 -0.881995 -1.02604e-17 5.98978 0.11501 -1.02032 0.165484 -1.04438 -1.10457e-17 6.50583 -0.443523 -0.303747 2.75926 -1.02012 -1.97295e-17 7.60548 -1.50593 -0.0126453 4.08496 -0.872359 -2.53307e-17 9.49737 -0.914492 0.374843 4.46569 -0.851421 -2.90401e-17 10.5513 1.57691 0.207841 1.08352 0.30019 -1.29193e-17 4.78644 0.715339 1.73401 8.67962 -22.595 -1.8116e-17 4.82109 0.421791 3.4857 -2.94836 -10.9615 -2.00958e-17 4.83041 0.765062 4.69072 -6.49822 -15.5767 1.23299 -7.60731 7.53374 3.23875 -0.559321 3.72297 12.9547 3.2495 -3.26872 -73.1999 66.3586 -4.70819 29.2081 0.0598081 0.137039 12.0328 -11.8252 -89.5888 24.234 0.0496219 0.113701 4.063 9.96121 -1.24795 -1.23299 -7.60729 7.53365 -11.7082 -5.30883 2.5109 -12.9547 3.2495 -3.26872 55.54 -24.306 20.9225 -29.2081 0.0598081 0.137039 -6.49138 -1.88628 32.9693 -24.234 0.0496218 0.113702 0.518671 -14.5743 1.69958 9.23673 -4.20556 2.0327 -14.1834 -1.78362 -50.5807 -0.852353 -38.7721 -0.655187 -6.6297 23.6147 0.968319 -2.32622 -40.4017 -6.04875 -8.31018 -12.4392 16.1527 0.779096 -9.8844 12.4959 4.11844e-16 -7.83045e-16 3.30425e-19 -9.23673 -4.20556 2.0327 -7.40926 -3.14412 -20.1692 0.852353 -38.7721 -0.655187 0.901619 3.36727 0.0322867 2.32622 -40.4017 -6.04875 -0.771902 1.60729 -14.7817 -0.779096 -9.8844 12.4959 -9.8335e-16 -5.46988e-16 -1.27229e-14 
11.7197 93.9947 141.524 9.83114 4.1277 51.3956 0 5.07867 -1.15138 -2.18529 -2.29714 -0.403502 0 5.61661 1.07143 -1.48974 -1.36235 -0.883465 -1.02604e-17 5.98978 0.11501 -1.01693 0.162405 -1.04721 -1.10457e-17 6.50583 -0.443523 -0.30598 2.69678 -1.02409 -1.97295e-17 7.60548 -1.50593 -0.0224975 3.99053 -0.876282 -2.53307e-17 9.49737 -0.914492 0.358189 4.34766 -0.850617 -2.90401e-17 10.5513 1.57691 0.207284 1.09965 0.301591 -1.29193e-17 4.78644 0.715339 1.70098 8.62318 -22.5883 -1.8116e-17 4.82109 0.421791 3.46725 -2.83295 -10.9497 -2.00958e-17 4.83041 0.765062 4.68807 -6.32134 -15.6881 1.23299 -7.60731 7.53374 3.24675 -0.484398 3.71275 12.9547 3.2495 -3.26872 -73.8574 66.5438 -3.91102 29.2081 0.0598081 0.137039 12.0332 -11.8573 -89.7434 24.234 0.0496219 0.113701 3.99035 10.0509 -1.28634 -1.23299 -7.60729 7.53365 -11.7433 -5.20427 2.51315 -12.9547 3.2495 -3.26872 55.1358 -23.9227 20.2685 -29.2081 0.0598081 0.137039 -6.54169 -1.91871 33.2561 -24.234 0.0496218 0.113702 0.624156 -15.4275 1.7177 9.23673 -4.20556 2.0327 -14.011 -1.6135 -50.6958 -0.852353 -38.7721 -0.655187 -6.44808 23.0308 0.906654 -2.32622 -40.4017 -6.04875 -8.34692 -12.6596 16.1186 0.779096 -9.8844 12.4959 4.22417e-16 -7.82715e-16 2.88531e-33 -9.23673 -4.20556 2.0327 -7.28242 -3.02629 -20.1456 0.852353 -38.7721 -0.655187 0.87227 3.25769 0.0320702 2.32622 -40.4017 -6.04875 -0.629555 1.83508 -14.7832 -0.779096 -9.8844 12.4959 -1.38092e-15 -5.34564e-16 -1.27101e-14 
11.8656 94.0616 141.619 9.76183 4.08245 51.4229 0 5.07867 -1.15138 -2.18364 -2.25134 -0.401911 0 5.61661 1.07143 -1.48817 -1.33217 -0.884463 -1.02604e-17 5.98978 0.11501 -1.01864 0.154139 -1.04972 -1.10457e-17 6.50583 -0.443523 -0.312057 2.62693 -1.02788 -1.97295e-17 7.60548 -1.50593 -0.0345946 3.88872 -0.879447 -2.53307e-17 9.49737 -0.914492 0.341201 4.22249 -0.848919 -2.90401e-17 10.5513 1.57691 0.206797 1.11763 0.303441 -1.29193e-17 4.78644 0.715339 1.66562 8.56006 -22.5861 -1.8116e-17 4.82109 0.421791 3.44423 -2.69283 -10.9392 -2.00958e-17 4.83041 0.765062 4.69499 -6.09666 -15.7974 1.23299 -7.60731 7.53374 3.24254 -0.404661 3.68854 12.9547 3.2495 -3.26872 -74.4434 66.7305 -3.14785 29.2081 0.0598081 0.137039 12.0334 -11.8861 -89.8822 24.234 0.0496219 0.113701 3.90814 10.0649 -1.32341 -1.23299 -7.60729 7.53365 -11.7578 -5.09269 2.52927 -12.9547 3.2495 -3.26872 54.7868 -23.5747 19.643 -29.2081 0.0598081 0.137039 -6.58346 -1.94591 33.4948 -24.234 0.0496218 0.113702 0.701526 -16.2417 1.74027 9.23673 -4.20556 2.0327 -13.794 -1.39503 -50.8253 -0.852353 -38.7721 -0.655187 -6.23959 22.3544 0.838074 -2.32622 -40.4017 -6.04875 -8.41559 -12.8566 16.0855 0.779096 -9.8844 12.4959 8.09413e-16 -7.58527e-16 -2.41872e-17 -9.23673 -4.20556 2.0327 -7.17295 -2.90022 -20.1199 0.852353 -38.7721 -0.655187 0.841991 3.14463 0.0317878 2.32622 -40.4017 -6.04875 -0.483393 2.04131 -14.7874 -0.779096 -9.8844 12.4959 -1.0045e-15 -5.46327e-16 -1.27219e-14 
13.4863 93.4461 138.247 9.67054 4.06173 51.4664 0 5.07867 -1.15138 -1.71551 -1.13888 -0.520844 0 5.61661 1.07143 -1.05775 -0.546169 -0.952171 -1.02604e-17 5.98978 0.11501 -0.674312 0.439942 -1.12644 -1.10457e-17 6.50583 -0.443523 -0.0796294 2.07689 -1.1016 -1.97295e-17 7.60548 -1.50593 0.0824093 2.86801 -0.983265 -2.53307e-17 9.49737 -0.914492 0.314093 2.91207 -0.950912 -2.90401e-17 10.5513 1.57691 0.171725 1.25114 0.36005 -1.29193e-17 4.78644 0.715339 1.15164 7.40538 -23.0412 -1.8116e-17 4.82109 0.421791 2.95651 -2.71906 -11.1444 -2.00958e-17 4.83041 0.765062 3.64576 -5.00259 -15.2671 1.23299 -7.60731 7.53374 2.62273 0.282733 3.3872 12.9547 3.2495 -3.26872 -77.0252 66.5803 -1.41687 29.2081 0.0598081 0.137039 12.0337 -11.978 -90.3251 24.234 0.0496219 0.113701 3.86105 10.6674 -1.22631 -1.23299 -7.60729 7.53365 -12.1906 -4.22598 3.02673 -12.9547 3.2495 -3.26872 51.9468 -23.4178 19.0325 -29.2081 0.0598081 0.137039 -6.44072 -1.85399 32.6814 -24.234 0.0496218 0.113702 1.40902 -18.3507 2.44513 9.23673 -4.20556 2.0327 -14.792 -2.18905 -51.0133 -0.852353 -38.7721 -0.655187 -6.53582 23.3135 0.936222 -2.32622 -40.4017 -6.04875 -8.18468 -13.5518 15.8749 0.779096 -9.8844 12.4959 -1.88898e-15 -8.78803e-16 9.60881e-17 -9.23673 -4.20556 2.0327 -9.47173 -4.35581 -20.4612 0.852353 -38.7721 -0.655187 1.46952 5.48445 0.0254096 2.32622 -40.4017 -6.04875 -1.39372 -0.37605 -14.9145 -0.779096 -9.8844 12.4959 -6.06928e-16 -5.58751e-16 -1.27464e-14 
13.6527 93.4547 138.056 9.60686 4.0057 51.4969 0 5.07867 -1.15138 -1.58226 -0.837545 -0.524553 0 5.61661 1.07143 -0.942665 -0.345336 -0.930158 -1.02604e-17 5.98978 0.11501 -0.597429 0.488159 -1.10799 -1.10457e-17 6.50583 -0.443523 -0.0547616 1.85251 -1.08069 -1.97295e-17 7.60548 -1.50593 0.0590549 2.51178 -0.967566 -2.53307e-17 9.49737 -0.914492 0.246864 2.46798 -0.915553 -2.90401e-17 10.5513 1.57691 0.156041 1.31302 0.37622 -1.29193e-17 4.78644 0.715339 1.2613 7.9337 -22.865 -1.8116e-17 4.82109 0.421791 2.48608 -2.35724 -11.0196 -2.00958e-17 4.83041 0.765062 4.02986 -5.46851 -15.8271 1.23299 -7.60731 7.53374 2.80627 0.495555 3.32654 12.9547 3.2495 -3.26872 -77.4798 66.5958 -1.27615 29.2081 0.0598081 0.137039 12.0328 -11.8257 -89.5913 24.234 0.0496219 0.113701 3.70384 10.3085 -1.99297 -1.23299 -7.60729 7.53365 -12.0825 -3.9055 3.13067 -12.9547 3.2495 -3.26872 51.4006 -22.473 18.3926 -29.2081 0.0598081 0.137039 -6.38089 -1.8163 32.3426 -24.234 0.0496218 0.113702 0.788415 -19.4493 2.93982 9.23673 -4.20556 2.0327 -14.4916 -1.87015 -51.4536 -0.852353 -38.7721 -0.655187 -6.28332 22.4968 0.852261 -2.32622 -40.4017 -6.04875 -8.11563 -13.6648 15.9548 0.779096 -9.8844 12.4959 3.58976e-16 -7.85358e-16 2.6434e-18 -9.23673 -4.20556 2.0327 -9.59944 -4.59481 -20.7797 0.852353 -38.7721 -0.655187 1.59702 5.95864 0.020974 2.32622 -40.4017 -6.04875 -1.67514 -0.175145 -14.8912 -0.779096 -9.8844 12.4959 -9.8335e-16 -5.46988e-16 -1.27229e-14 
13.742 93.4945 138.011 9.55841 3.95649 51.5344 0 5.07867 -1.15138 -1.63535 -0.632389 -0.513205 0 5.61661 1.07143 -0.988669 -0.215585 -0.931676 -1.02604e-17 5.98978 0.11501 -0.633546 0.533659 -1.11027 -1.10457e-17 6.50583 -0.443523 -0.0825534 1.74113 -1.0834 -1.97295e-17 7.60548 -1.50593 0.0448996 2.32522 -0.967692 -2.53307e-17 9.49737 -0.914492 0.247881 2.25595 -0.920172 -2.90401e-17 10.5513 1.57691 0.158269 1.34119 0.384709 -1.29193e-17 4.78644 0.715339 1.17418 7.6808 -23.1112 -1.8116e-17 4.82109 0.421791 2.60525 -2.29588 -11.1341 -2.00958e-17 4.83041 0.765062 4.03478 -4.91098 -15.5519 1.23299 -7.60731 7.53374 2.79181 0.665193 3.14508 12.9547 3.2495 -3.26872 -76.8291 66.835 -2.12878 29.2081 0.0598081 0.137039 12.0325 -11.801 -89.4721 24.234 0.0496219 0.113701 3.68158 10.1004 -1.58427 -1.23299 -7.60729 7.53365 -12.0408 -3.76805 3.20727 -12.9547 3.2495 -3.26872 51.2789 -22.714 18.1844 -29.2081 0.0598081 0.137039 -6.4433 -1.85562 32.6961 -24.234 0.0496218 0.113702 0.968184 -19.7802 2.48612 9.23673 -4.20556 2.0327 -14.227 -1.79379 -51.3281 -0.852353 -38.7721 -0.655187 -6.09885 21.8942 0.793133 -2.32622 -40.4017 -6.04875 -7.89356 -13.8603 15.93 0.779096 -9.8844 12.4959 4.22417e-16 -7.82715e-16 2.88531e-33 -9.23673 -4.20556 2.0327 -9.72636 -4.74569 -20.7541 0.852353 -38.7721 -0.655187 1.69328 6.31624 0.016924 2.32622 -40.4017 -6.04875 -1.3733 -0.0919147 -14.9078 -0.779096 -9.8844 12.4959 -6.06928e-16 -5.58751e-16 -1.27464e-14 
13.8261 93.5398 137.976 9.50726 3.93215 51.6039 0 5.07867 -1.15138 -1.65264 -0.478306 -0.515051 0 5.61661 1.07143 -0.996202 -0.116328 -0.937539 -1.02604e-17 5.98978 0.11501 -0.63567 0.553552 -1.11529 -1.10457e-17 6.50583 -0.443523 -0.0837502 1.61351 -1.08762 -1.97295e-17 7.60548 -1.50593 0.0478284 2.12512 -0.972543 -2.53307e-17 9.49737 -0.914492 0.25059 2.01146 -0.928811 -2.90401e-17 10.5513 1.57691 0.155569 1.3695 0.398676 -1.29193e-17 4.78644 0.715339 1.0963 7.5406 -23.118 -1.8116e-17 4.82109 0.421791 2.5773 -2.10545 -11.1303 -2.00958e-17 4.83041 0.765062 4.00576 -4.57641 -15.6749 1.23299 -7.60731 7.53374 2.81915 0.802162 3.01619 12.9547 3.2495 -3.26872 -75.9531 67.1983 -3.05715 29.2081 0.0598081 0.137039 12.0301 -11.6833 -88.905 24.234 0.0496219 0.113701 3.92304 9.56731 -1.78529 -1.23299 -7.60729 7.53365 -11.8632 -3.5488 3.44529 -12.9547 3.2495 -3.26872 51.4273 -23 18.2185 -29.2081 0.0598081 0.137039 -6.35846 -1.8023 32.2159 -24.234 0.0496218 0.113702 0.830717 -19.561 2.77252 9.23673 -4.20556 2.0327 -13.8253 -1.58502 -51.3135 -0.852353 -38.7721 -0.655187 -5.8525 21.0818 0.717125 -2.32622 -40.4017 -6.04875 -8.14811 -14.1549 15.9087 0.779096 -9.8844 12.4959 -1.12557e-15 -8.43183e-16 6.04681e-17 -9.23673 -4.20556 2.0327 -9.74515 -4.79083 -20.7248 0.852353 -38.7721 -0.655187 1.72004 6.41559 0.0156909 2.32622 -40.4017 -6.04875 -1.32431 0.0914384 -14.8985 -0.779096 -9.8844 12.4959 -5.96354e-16 -5.59082e-16 -1.27471e-14 
13.8982 92.851 137.942 9.4323 3.92614 51.673 0 5.07867 -1.15138 -1.686 -0.49792 -0.511607 0 5.61661 1.07143 -1.01946 -0.13076 -0.939939 -1.02604e-17 5.98978 0.11501 -0.650524 0.539069 -1.11798 -1.10457e-17 6.50583 -0.443523 -0.0940277 1.59473 -1.08908 -1.97295e-17 7.60548 -1.50593 0.0443952 2.10487 -0.974212 -2.53307e-17 9.49737 -0.914492 0.25298 2.00888 -0.929849 -2.90401e-17 10.5513 1.57691 0.150605 1.38464 0.409107 -1.29193e-17 4.78644 0.715339 1.09214 7.52817 -23.2167 -1.8116e-17 4.82109 0.421791 2.52248 -2.09445 -11.1845 -2.00958e-17 4.83041 0.765062 4.16644 -4.33473 -15.65 1.23299 -7.60731 7.53374 2.58732 0.801021 2.86858 12.9547 3.2495 -3.26872 -74.606 67.4661 -4.50058 29.2081 0.0598081 0.137039 12.0278 -11.6015 -88.5109 24.234 0.0496219 0.113701 3.95821 9.23829 -1.5186 -1.23299 -7.60729 7.53365 -11.6456 -3.54264 3.57186 -12.9547 3.2495 -3.26872 51.3836 -23.1509 18.4638 -29.2081 0.0598081 0.137039 -6.28315 -1.75579 31.7917 -24.234 0.0496218 0.113702 0.640904 -19.4774 2.69642 9.23673 -4.20556 2.0327 -12.8028 -0.555704 -51.3153 -0.852353 -38.7721 -0.655187 -4.38525 16.0748 0.33686 -2.32622 -40.4017 -6.04875 -10.49 -3.42247 17.4729 0.779096 -9.8844 12.4959 -3.8768e-15 -9.6577e-16 1.83055e-16 -9.23673 -4.20556 2.0327 -9.69237 -4.89159 -20.8507 0.852353 -38.7721 -0.655187 1.9121 7.12777 0.00547541 2.32622 -40.4017 -6.04875 -2.5107 -3.3666 -15.0417 -0.779096 -9.8844 12.4959 1.77628e-16 -5.95362e-16 -1.27713e-14 
13.9502 92.6179 137.904 9.36565 3.95058 51.7701 0 5.07867 -1.15138 -1.71121 -0.514929 -0.489582 0 5.61661 1.07143 -1.04226 -0.143141 -0.91802 -1.02604e-17 5.98978 0.11501 -0.669333 0.532097 -1.09263 -1.10457e-17 6.50583 -0.443523 -0.111082 1.59135 -1.06103 -1.97295e-17 7.60548 -1.50593 0.0368164 2.10032 -0.945063 -2.53307e-17 9.49737 -0.914492 0.258718 2.01838 -0.900206 -2.90401e-17 10.5513 1.57691 0.155031 1.39818 0.421307 -1.29193e-17 4.78644 0.715339 1.11148 7.58703 -23.3516 -1.8116e-17 4.82109 0.421791 2.57254 -1.99328 -11.248 -2.00958e-17 4.83041 0.765062 4.29735 -4.33452 -15.7641 1.23299 -7.60731 7.53374 2.60105 0.785265 2.80011 12.9547 3.2495 -3.26872 -72.7137 67.9288 -6.4129 29.2081 0.0598081 0.137039 12.0227 -11.466 -87.8582 24.234 0.0496219 0.113701 4.17671 8.68426 -1.78272 -1.23299 -7.60729 7.53365 -11.4815 -3.51832 3.69142 -12.9547 3.2495 -3.26872 51.241 -23.6599 18.5953 -29.2081 0.0598081 0.137039 -6.1925 -1.70082 31.2835 -24.234 0.0496218 0.113702 0.635252 -19.3126 2.69441 9.23673 -4.20556 2.0327 -12.4376 -0.357396 -51.4104 -0.852353 -38.7721 -0.655187 -4.07171 14.971 0.272242 -2.32622 -40.4017 -6.04875 -10.817 -2.1091 17.6856 0.779096 -9.8844 12.4959 2.24101e-15 -7.03019e-16 -7.96957e-17 -9.23673 -4.20556 2.0327 -9.74674 -5.00852 -20.9641 0.852353 -38.7721 -0.655187 1.99319 7.42798 0.000442929 2.32622 -40.4017 -6.04875 -2.65814 -4.10127 -15.0825 -0.779096 -9.8844 12.4959 -9.62188e-16 -5.4798e-16 -1.27235e-14 
13.9925 92.5269 137.846 9.30723 4.02784 51.8695 0 5.07867 -1.15138 -1.76319 -0.623778 -0.468553 0 5.61661 1.07143 -1.08883 -0.219235 -0.902821 -1.02604e-17 5.98978 0.11501 -0.70582 0.496415 -1.0752 -1.10457e-17 6.50583 -0.443523 -0.137646 1.62607 -1.04213 -1.97295e-17 7.60548 -1.50593 0.0255154 2.17082 -0.9227 -2.53307e-17 9.49737 -0.914492 0.266541 2.11895 -0.879239 -2.90401e-17 10.5513 1.57691 0.160275 1.39816 0.426398 -1.29193e-17 4.78644 0.715339 1.14517 7.66369 -23.4174 -1.8116e-17 4.82109 0.421791 2.6158 -1.94665 -11.277 -2.00958e-17 4.83041 0.765062 4.4466 -4.33165 -15.9521 1.23299 -7.60731 7.53374 2.65572 0.71491 2.79373 12.9547 3.2495 -3.26872 -70.9759 68.3633 -8.12038 29.2081 0.0598081 0.137039 12.0204 -11.4147 -87.6114 24.234 0.0496219 0.113701 4.24314 8.20081 -1.73667 -1.23299 -7.60729 7.53365 -11.3426 -3.57717 3.72743 -12.9547 3.2495 -3.26872 51.3153 -23.9574 18.8808 -29.2081 0.0598081 0.137039 -6.10758 -1.65032 30.8098 -24.234 0.0496218 0.113702 0.42644 -19.087 2.60299 9.23673 -4.20556 2.0327 -12.1753 -0.261341 -51.4529 -0.852353 -38.7721 -0.655187 -3.90571 14.3823 0.24047 -2.32622 -40.4017 -6.04875 -10.8187 -1.98907 17.717 0.779096 -9.8844 12.4959 -1.84664e-15 -8.77148e-16 9.44337e-17 -9.23673 -4.20556 2.0327 -9.85255 -5.13685 -21.0706 0.852353 -38.7721 -0.655187 2.04382 7.61529 -0.00291603 2.32622 -40.4017 -6.04875 -2.65 -4.39504 -15.0973 -0.779096 -9.8844 12.4959 1.6705e-16 -5.95032e-16 -1.27706e-14 
14.0259 92.4839 137.779 9.24491 4.09181 51.9869 0 5.07867 -1.15138 -1.81943 -0.677608 -0.448765 0 5.61661 1.07143 -1.13796 -0.264529 -0.890839 -1.02604e-17 5.98978 0.11501 -0.744123 0.459054 -1.06101 -1.10457e-17 6.50583 -0.443523 -0.16607 1.60047 -1.02667 -1.97295e-17 7.60548 -1.50593 0.0128574 2.15346 -0.903753 -2.53307e-17 9.49737 -0.914492 0.272516 2.11307 -0.860763 -2.90401e-17 10.5513 1.57691 0.163831 1.40802 0.4344 -1.29193e-17 4.78644 0.715339 1.15377 7.68446 -23.5304 -1.8116e-17 4.82109 0.421791 2.63913 -1.84921 -11.3281 -2.00958e-17 4.83041 0.765062 4.54383 -4.15978 -16.1166 1.23299 -7.60731 7.53374 2.72884 0.707187 2.76533 12.9547 3.2495 -3.26872 -69.6544 68.7788 -9.34364 29.2081 0.0598081 0.137039 12.0187 -11.3809 -87.4482 24.234 0.0496219 0.113701 4.25263 7.77488 -1.67523 -1.23299 -7.60729 7.53365 -11.2108 -3.55241 3.80795 -12.9547 3.2495 -3.26872 51.4103 -24.3088 19.0019 -29.2081 0.0598081 0.137039 -6.02967 -1.60481 30.3773 -24.234 0.0496218 0.113702 0.279074 -18.7828 2.56768 9.23673 -4.20556 2.0327 -11.8822 -0.121364 -51.4637 -0.852353 -38.7721 -0.655187 -3.75031 13.8287 0.212272 -2.32622 -40.4017 -6.04875 -10.7627 -1.99604 17.7085 0.779096 -9.8844 12.4959 1.90691e-15 -7.12798e-16 -6.99162e-17 -9.23673 -4.20556 2.0327 -9.93238 -5.22548 -21.1787 0.852353 -38.7721 -0.655187 2.07251 7.72136 -0.00489278 2.32622 -40.4017 -6.04875 -2.57026 -4.5587 -15.1051 -0.779096 -9.8844 12.4959 -5.75197e-16 -5.60074e-16 -1.27477e-14 
14.0444 92.464 137.721 9.17548 4.17091 52.1083 0 5.07867 -1.15138 -1.887 -0.744082 -0.43343 0 5.61661 1.07143 -1.19584 -0.319696 -0.885972 -1.02604e-17 5.98978 0.11501 -0.788977 0.413012 -1.05447 -1.10457e-17 6.50583 -0.443523 -0.198222 1.57013 -1.01928 -1.97295e-17 7.60548 -1.50593 -0.00302644 2.13497 -0.892206 -2.53307e-17 9.49737 -0.914492 0.275479 2.10419 -0.848901 -2.90401e-17 10.5513 1.57691 0.167673 1.41807 0.439936 -1.29193e-17 4.78644 0.715339 1.17645 7.72979 -23.6314 -1.8116e-17 4.82109 0.421791 2.65858 -1.73902 -11.3716 -2.00958e-17 4.83041 0.765062 4.65425 -4.00285 -16.2855 1.23299 -7.60731 7.53374 2.81515 0.699651 2.75661 12.9547 3.2495 -3.26872 -68.6372 69.1621 -10.2208 29.2081 0.0598081 0.137039 12.0174 -11.3547 -87.3223 24.234 0.0496219 0.113701 4.24963 7.44582 -1.65662 -1.23299 -7.60729 7.53365 -11.1198 -3.54455 3.86072 -12.9547 3.2495 -3.26872 51.5537 -24.5939 19.0949 -29.2081 0.0598081 0.137039 -5.9606 -1.56512 29.9952 -24.234 0.0496218 0.113702 0.127794 -18.4743 2.51378 9.23673 -4.20556 2.0327 -11.5757 0.047207 -51.4938 -0.852353 -38.7721 -0.655187 -3.59206 13.2625 0.185098 -2.32622 -40.4017 -6.04875 -10.7156 -2.02314 17.698 0.779096 -9.8844 12.4959 -1.85722e-15 -8.77479e-16 9.47643e-17 -9.23673 -4.20556 2.0327 -10.0002 -5.31395 -21.2813 0.852353 -38.7721 -0.655187 2.09172 7.79235 -0.00624611 2.32622 -40.4017 -6.04875 -2.51082 -4.65675 -15.1073 -0.779096 -9.8844 12.4959 -9.83345e-16 -5.46988e-16 -1.27229e-14 
14.0563 92.4524 137.686 9.11615 4.22071 52.2178 0 5.07867 -1.15138 -1.95121 -0.821001 -0.419175 0 5.61661 1.07143 -1.24997 -0.380559 -0.881639 -1.02604e-17 5.98978 0.11501 -0.830718 0.366736 -1.04858 -1.10457e-17 6.50583 -0.443523 -0.227367 1.54931 -1.01261 -1.97295e-17 7.60548 -1.50593 -0.0173445 2.13051 -0.881823 -2.53307e-17 9.49737 -0.914492 0.279057 2.1107 -0.837807 -2.90401e-17 10.5513 1.57691 0.172241 1.42724 0.444697 -1.29193e-17 4.78644 0.715339 1.21462 7.79946 -23.7379 -1.8116e-17 4.82109 0.421791 2.68965 -1.64404 -11.4154 -2.00958e-17 4.83041 0.765062 4.75146 -3.87717 -16.4578 1.23299 -7.60731 7.53374 2.91603 0.679478 2.76386 12.9547 3.2495 -3.26872 -67.7593 69.5444 -10.9371 29.2081 0.0598081 0.137039 12.0164 -11.3362 -87.233 24.234 0.0496219 0.113701 4.24266 7.17935 -1.65783 -1.23299 -7.60729 7.53365 -11.0537 -3.55584 3.89621 -12.9547 3.2495 -3.26872 51.7077 -24.8912 19.1444 -29.2081 0.0598081 0.137039 -5.8971 -1.52917 29.6453 -24.234 0.0496218 0.113702 0.0129039 -18.1438 2.48315 9.23673 -4.20556 2.0327 -11.2437 0.275457 -51.5499 -0.852353 -38.7721 -0.655187 -3.42746 12.671 0.158496 -2.32622 -40.4017 -6.04875 -10.6719 -2.08112 17.6823 0.779096 -9.8844 12.4959 -1.963e-15 -8.82107e-16 9.93923e-17 -9.23673 -4.20556 2.0327 -10.0263 -5.34958 -21.3807 0.852353 -38.7721 -0.655187 2.09827 7.81655 -0.00671299 2.32622 -40.4017 -6.04875 -2.42566 -4.74085 -15.1094 -0.779096 -9.8844 12.4959 -2.19941e-16 -5.82938e-16 -1.27585e-14 
14.4836 92.4164 137.385 9.05304 4.25493 52.3449 0 5.07867 -1.15138 -1.88904 -0.862898 -0.442174 0 5.61661 1.07143 -1.18722 -0.41135 -0.898243 -1.02604e-17 5.98978 0.11501 -0.77904 0.324162 -1.06798 -1.10457e-17 6.50583 -0.443523 -0.188744 1.49202 -1.03109 -1.97295e-17 7.60548 -1.50593 0.00179019 2.07055 -0.904857 -2.53307e-17 9.49737 -0.914492 0.275293 2.03645 -0.858562 -2.90401e-17 10.5513 1.57691 0.167885 1.44638 0.456387 -1.29193e-17 4.78644 0.715339 1.18291 7.71044 -23.9074 -1.8116e-17 4.82109 0.421791 2.56506 -1.57585 -11.4911 -2.00958e-17 4.83041 0.765062 4.57945 -3.69757 -16.5228 1.23299 -7.60731 7.53374 2.88353 0.694343 2.73763 12.9547 3.2495 -3.26872 -67.8689 69.9864 -11.0146 29.2081 0.0598081 0.137039 12.0162 -11.3331 -87.2181 24.234 0.0496219 0.113701 4.33479 7.18526 -1.55538 -1.23299 -7.60729 7.53365 -11.08 -3.50898 3.99225 -12.9547 3.2495 -3.26872 51.188 -25.0295 19.0683 -29.2081 0.0598081 0.137039 -5.81409 -1.48294 29.1896 -24.234 0.0496218 0.113702 0.0479063 -18.1563 2.54262 9.23673 -4.20556 2.0327 -11.0784 0.617533 -51.6854 -0.852353 -38.7721 -0.655187 -3.26391 12.0809 0.13375 -2.32622 -40.4017 -6.04875 -10.634 -2.27291 17.6106 0.779096 -9.8844 12.4959 1.13293e-15 -7.49079e-16 -3.36358e-17 -9.23673 -4.20556 2.0327 -10.3337 -5.3187 -21.5294 0.852353 -38.7721 -0.655187 2.13777 7.96248 -0.0095882 2.32622 -40.4017 -6.04875 -2.4344 -5.00706 -15.1331 -0.779096 -9.8844 12.4959 -9.72767e-16 -5.4765e-16 -1.27232e-14 
14.5824 92.4001 137.283 8.98819 4.25353 52.4644 0 5.07867 -1.15138 -1.89301 -0.865279 -0.436037 0 5.61661 1.07143 -1.18954 -0.417323 -0.893794 -1.02604e-17 5.98978 0.11501 -0.782819 0.301765 -1.06426 -1.10457e-17 6.50583 -0.443523 -0.19545 1.4466 -1.02713 -1.97295e-17 7.60548 -1.50593 -0.00857891 2.01077 -0.899537 -2.53307e-17 9.49737 -0.914492 0.265613 1.96567 -0.848632 -2.90401e-17 10.5513 1.57691 0.169053 1.46688 0.461981 -1.29193e-17 4.78644 0.715339 1.2223 7.81757 -24.0046 -1.8116e-17 4.82109 0.421791 2.5062 -1.51779 -11.5193 -2.00958e-17 4.83041 0.765062 4.68298 -3.60917 -16.8083 1.23299 -7.60731 7.53374 2.9264 0.716536 2.71687 12.9547 3.2495 -3.26872 -67.4443 70.169 -11.3032 29.2081 0.0598081 0.137039 12.0146 -11.3039 -87.0777 24.234 0.0496219 0.113701 4.21664 7.15027 -1.75199 -1.23299 -7.60729 7.53365 -10.9889 -3.47419 4.05255 -12.9547 3.2495 -3.26872 51.0156 -25.1057 19.0613 -29.2081 0.0598081 0.137039 -5.72884 -1.43636 28.7235 -24.234 0.0496218 0.113702 -0.125383 -18.1515 2.59475 9.23673 -4.20556 2.0327 -10.7961 0.852228 -51.8814 -0.852353 -38.7721 -0.655187 -3.1278 11.5881 0.114444 -2.32622 -40.4017 -6.04875 -10.5156 -2.3911 17.567 0.779096 -9.8844 12.4959 -2.26536e-15 -8.90564e-16 1.0785e-16 -9.23673 -4.20556 2.0327 -10.3643 -5.31512 -21.6729 0.852353 -38.7721 -0.655187 2.14348 7.98357 -0.010012 2.32622 -40.4017 -6.04875 -2.43152 -5.07566 -15.1415 -0.779096 -9.8844 12.4959 -9.93923e-16 -5.46658e-16 -1.27222e-14 
14.6697 92.3895 137.207 8.91122 4.2455 52.5876 0 5.07867 -1.15138 -1.9053 -0.850043 -0.431765 0 5.61661 1.07143 -1.19666 -0.409142 -0.892788 -1.02604e-17 5.98978 0.11501 -0.787618 0.292811 -1.06381 -1.10457e-17 6.50583 -0.443523 -0.199232 1.40658 -1.02614 -1.97295e-17 7.60548 -1.50593 -0.0109596 1.95314 -0.898249 -2.53307e-17 9.49737 -0.914492 0.265896 1.90162 -0.845238 -2.90401e-17 10.5513 1.57691 0.16905 1.48457 0.470927 -1.29193e-17 4.78644 0.715339 1.22453 7.80349 -24.224 -1.8116e-17 4.82109 0.421791 2.52708 -1.43867 -11.6153 -2.00958e-17 4.83041 0.765062 4.74543 -3.459 -16.9207 1.23299 -7.60731 7.53374 2.92212 0.746517 2.65227 12.9547 3.2495 -3.26872 -66.7553 70.4772 -11.9252 29.2081 0.0598081 0.137039 12.0142 -11.2978 -87.0483 24.234 0.0496219 0.113701 4.24094 7.20669 -1.68121 -1.23299 -7.60729 7.53365 -10.9411 -3.42552 4.13966 -12.9547 3.2495 -3.26872 50.8014 -25.3409 19.0454 -29.2081 0.0598081 0.137039 -5.66629 -1.40275 28.3829 -24.234 0.0496218 0.113702 -0.163959 -18.1383 2.53933 9.23673 -4.20556 2.0327 -10.5058 1.06068 -51.9695 -0.852353 -38.7721 -0.655187 -2.9897 11.0865 0.0960544 -2.32622 -40.4017 -6.04875 -10.4473 -2.51179 17.5357 0.779096 -9.8844 12.4959 1.89633e-15 -7.13129e-16 -6.95857e-17 -9.23673 -4.20556 2.0327 -10.409 -5.3442 -21.7816 0.852353 -38.7721 -0.655187 2.16846 8.07578 -0.0118911 2.32622 -40.4017 -6.04875 -2.33727 -5.15535 -15.1469 -0.779096 -9.8844 12.4959 -9.93923e-16 -5.46658e-16 -1.27222e-14 
14.7536 92.3821 137.145 8.80269 4.23111 52.6988 0 5.07867 -1.15138 -1.90524 -0.863711 -0.433852 0 5.61661 1.07143 -1.19242 -0.418933 -0.896028 -1.02604e-17 5.98978 0.11501 -0.782419 0.277132 -1.06752 -1.10457e-17 6.50583 -0.443523 -0.194223 1.38388 -1.02932 -1.97295e-17 7.60548 -1.50593 -0.00786509 1.92365 -0.902026 -2.53307e-17 9.49737 -0.914492 0.267091 1.86897 -0.847991 -2.90401e-17 10.5513 1.57691 0.168548 1.49726 0.478754 -1.29193e-17 4.78644 0.715339 1.21962 7.78721 -24.3948 -1.8116e-17 4.82109 0.421791 2.52507 -1.37838 -11.6889 -2.00958e-17 4.83041 0.765062 4.83389 -3.33273 -17.1002 1.23299 -7.60731 7.53374 2.91549 0.757387 2.60405 12.9547 3.2495 -3.26872 -66.0627 70.687 -12.5177 29.2081 0.0598081 0.137039 12.0138 -11.2914 -87.0175 24.234 0.0496219 0.113701 4.22366 7.25169 -1.67943 -1.23299 -7.60729 7.53365 -10.8562 -3.38911 4.23907 -12.9547 3.2495 -3.26872 50.5739 -25.5241 19.1176 -29.2081 0.0598081 0.137039 -5.59077 -1.3628 27.9729 -24.234 0.0496218 0.113702 -0.243436 -18.0994 2.52616 9.23673 -4.20556 2.0327 -10.222 1.21599 -52.0578 -0.852353 -38.7721 -0.655187 -2.86774 10.6423 0.0808221 -2.32622 -40.4017 -6.04875 -10.3974 -2.63053 17.5059 0.779096 -9.8844 12.4959 7.77398e-17 -7.92825e-16 1.011e-17 -9.23673 -4.20556 2.0327 -10.4028 -5.37221 -21.8776 0.852353 -38.7721 -0.655187 2.17787 8.11053 -0.0126099 2.32622 -40.4017 -6.04875 -2.2793 -5.19815 -15.1463 -0.779096 -9.8844 12.4959 -9.93923e-16 -5.46658e-16 -1.27222e-14 
14.836 92.3758 137.093 8.68996 4.21808 52.8046 0 5.07867 -1.15138 -1.8958 -0.868969 -0.435349 0 5.61661 1.07143 -1.18077 -0.422394 -0.897594 -1.02604e-17 5.98978 0.11501 -0.771988 0.263723 -1.06981 -1.10457e-17 6.50583 -0.443523 -0.186973 1.35555 -1.03136 -1.97295e-17 7.60548 -1.50593 -0.00469197 1.88413 -0.904822 -2.53307e-17 9.49737 -0.914492 0.266092 1.82394 -0.84894 -2.90401e-17 10.5513 1.57691 0.166739 1.51164 0.487277 -1.29193e-17 4.78644 0.715339 1.20531 7.75142 -24.616 -1.8116e-17 4.82109 0.421791 2.50646 -1.32018 -11.7886 -2.00958e-17 4.83041 0.765062 4.92798 -3.19122 -17.2431 1.23299 -7.60731 7.53374 2.85591 0.777337 2.53816 12.9547 3.2495 -3.26872 -65.3799 70.8644 -13.1068 29.2081 0.0598081 0.137039 12.0131 -11.2781 -86.9532 24.234 0.0496219 0.113701 4.19788 7.31616 -1.68254 -1.23299 -7.60729 7.53365 -10.7605 -3.338 4.33844 -12.9547 3.2495 -3.26872 50.2588 -25.6683 19.1789 -29.2081 0.0598081 0.137039 -5.51372 -1.32275 27.5562 -24.234 0.0496218 0.113702 -0.318188 -18.0962 2.49699 9.23673 -4.20556 2.0327 -9.96186 1.34838 -52.1359 -0.852353 -38.7721 -0.655187 -2.75347 10.2251 0.0674126 -2.32622 -40.4017 -6.04875 -10.2897 -2.72827 17.4703 0.779096 -9.8844 12.4959 2.73379e-15 -6.74204e-16 -1.08511e-16 -9.23673 -4.20556 2.0327 -10.3913 -5.40495 -21.9686 0.852353 -38.7721 -0.655187 2.18682 8.14356 -0.0132987 2.32622 -40.4017 -6.04875 -2.22642 -5.23564 -15.1454 -0.779096 -9.8844 12.4959 -1.38091e-15 -5.34564e-16 -1.27101e-14 