HIERARCHY
ROOT root
{
  OFFSET 0 93.2929 0
  CHANNELS 6 Xposition Yposition Zposition Zrotation Xrotation Yrotation
  JOINT torso_1
  {
    OFFSET 0 5.07867 -1.15138
    CHANNELS 6 Xposition Yposition Zposition Zrotation Xrotation Yrotation
    JOINT torso_2
    {
      OFFSET 0 5.61661 1.07143
      CHANNELS 6 Xposition Yposition Zposition Zrotation Xrotation Yrotation
      JOINT torso_3
      {
        OFFSET -1.02604e-17 5.98978 0.11501
        CHANNELS 6 Xposition Yposition Zposition Zrotation Xrotation Yrotation
        JOINT torso_4
        {
          OFFSET -1.10457e-17 6.50583 -0.443523
          CHANNELS 6 Xposition Yposition Zposition Zrotation Xrotation Yrotation
          JOINT torso_5
          {
            OFFSET -1.97295e-17 7.60548 -1.50593
            CHANNELS 6 Xposition Yposition Zposition Zrotation Xrotation Yrotation
            JOINT torso_6
            {
              OFFSET -2.53307e-17 9.49737 -0.914492
              CHANNELS 6 Xposition Yposition Zposition Zrotation Xrotation Yrotation
              JOINT torso_7
              {
                OFFSET -2.90401e-17 10.5513 1.57691
                CHANNELS 6 Xposition Yposition Zposition Zrotation Xrotation Yrotation
                JOINT neck_1
                {
                  OFFSET -1.29193e-17 4.78644 0.715339
                  CHANNELS 6 Xposition Yposition Zposition Zrotation Xrotation Yrotation
                  JOINT neck_2
                  {
                    OFFSET -1.8116e-17 4.82109 0.421791
                    CHANNELS 6 Xposition Yposition Zposition Zrotation Xrotation Yrotation
                    JOINT head
                    {
                      OFFSET -2.00958e-17 4.83041 0.765062
                      CHANNELS 6 Xposition Yposition Zposition Zrotation Xrotation Yrotation
                      End Site
                      {
                        OFFSET 0 0.1 0
                      }
                    }
                  }
                }
                JOINT l_shoulder
                {
                  OFFSET 1.23299 -7.60731 7.53374
                  CHANNELS 6 Xposition Yposition Zposition Zrotation Xrotation Yrotation
                  JOINT l_up_arm
                  {
                    OFFSET 12.9547 3.2495 -3.26872
                    CHANNELS 6 Xposition Yposition Zposition Zrotation Xrotation Yrotation
                    JOINT l_low_arm
                    {
                      OFFSET 29.2081 0.0598081 0.137039
                      CHANNELS 6 Xposition Yposition Zposition Zrotation Xrotation Yrotation
                      JOINT l_hand
                      {
                        OFFSET 24.234 0.0496219 0.113701
                        CHANNELS 6 Xposition Yposition Zposition Zrotation Xrotation Yrotation
                        End Site
                        {
                          OFFSET 0.1 0 0
                        }
                      }
                    }
                  }
                }
                JOINT r_shoulder
                {
                  OFFSET -1.23299 -7.60729 7.53365
                  CHANNELS 6 Xposition Yposition Zposition Zrotation Xrotation Yrotation
                  JOINT r_up_arm
                  {
                    OFFSET -12.9547 3.2495 -3.26872
                    CHANNELS 6 Xposition Yposition Zposition Zrotation Xrotation Yrotation
                    JOINT r_low_arm
                    {
                      OFFSET -29.2081 0.0598081 0.137039
                      CHANNELS 6 Xposition Yposition Zposition Zrotation Xrotation Yrotation
                      JOINT r_hand
                      {
                        OFFSET -24.234 0.0496218 0.113702
                        CHANNELS 6 Xposition Yposition Zposition Zrotation Xrotation Yrotation
                        End Site
                        {
                          OFFSET -0.1 0 0
                        }
                      }
                    }
                  }
                }
              }
            }
          }
        }
      }
    }
  }
  JOINT l_up_leg
  {
    OFFSET 9.23673 -4.20556 2.0327
    CHANNELS 6 Xposition Yposition Zposition Zrotation Xrotation Yrotation
    JOINT l_low_leg
    {
      OFFSET -0.852353 -38.7721 -0.655187
      CHANNELS 6 Xposition Yposition Zposition Zrotation Xrotation Yrotation
      JOINT l_foot
      {
        OFFSET -2.32622 -40.4017 -6.04875
        CHANNELS 6 Xposition Yposition Zposition Zrotation Xrotation Yrotation
        JOINT l_toes
        {
          OFFSET 0.779096 -9.8844 12.4959
          CHANNELS 6 Xposition Yposition Zposition Zrotation Xrotation Yrotation
          End Site
          {
            OFFSET 0 0 0.1
          }
        }
      }
    }
  }
  JOINT r_up_leg
  {
    OFFSET -9.23673 -4.20556 2.0327
    CHANNELS 6 Xposition Yposition Zposition Zrotation Xrotation Yrotation
    JOINT r_low_leg
    {
      OFFSET 0.852353 -38.7721 -0.655187
      CHANNELS 6 Xposition Yposition Zposition Zrotation Xrotation Yrotation
      JOINT r_foot
      {
        OFFSET 2.32622 -40.4017 -6.04875
        CHANNELS 6 Xposition Yposition Zposition Zrotation Xrotation Yrotation
        JOINT r_toes
        {
          OFFSET -0.779096 -9.8844 12.4959
          CHANNELS 6 Xposition Yposition Zposition Zrotation Xrotation Yrotation
          End Site
          {
            OFFSET 0 0 0.1
          }
        }
      }
    }
  }
}
MOTION
Frames: 549
Frame Time: 0.016667
0 93.2929 0 -0 0 -0 0 5.07867 -1.15138 -0 0 -0 0 5.61661 1.07143 -0 0 -0 -1.02604e-17 5.98978 0.11501 -0 0 -0 -1.10457e-17 6.50583 -0.443523 -0 0 -0 -1.97295e-17 7.60548 -1.50593 -0 0 -0 -2.53307e-17 9.49737 -0.914492 -0 0 -0 -2.90401e-17 10.5513 1.57691 -0 0 -0 -1.29193e-17 4.78644 0.715339 -0 0 -0 -1.8116e-17 4.82109 0.421791 -0 0 -0 -2.00958e-17 4.83041 0.765062 -0 0 -0 1.23299 -7.60731 7.53374 -0 0 -0 12.9547 3.2495 -3.26872 -0 0 -0 29.2081 0.0598081 0.137039 -0 0 -0 24.234 0.0496219 0.113701 -0 0 -0 -1.23299 -7.60729 7.53365 -0 0 -0 -12.9547 3.2495 -3.26872 -0 0 -0 -29.2081 0.0598081 0.137039 -0 0 -0 -24.234 0.0496218 0.113702 -0 0 -0 9.23673 -4.20556 2.0327 -0 0 -0 -0.852353 -38.7721 -0.655187 -0 0 -0 -2.32622 -40.4017 -6.04875 -0 0 -0 0.779096 -9.8844 12.4959 -0 0 -0 -9.23673 -4.20556 2.0327 -0 0 -0 0.852353 -38.7721 -0.655187 -0 0 -0 2.32622 -40.4017 -6.04875 -0 0 -0 -0.779096 -9.8844 12.4959 -0 0 -0 
10.0213 91.6557 59.1166 9.23859 -8.24495 0.655607 0 5.07867 -1.15138 -3.40852 3.59694 0.434468 0 5.61661 1.07143 -2.70267 2.78608 0.0704343 -1.02604e-17 5.98978 0.11501 -2.05774 2.27533 0.139695 -1.10457e-17 6.50583 -0.443523 -1.36978 0.754334 0.132603 -1.97295e-17 7.60548 -1.50593 -0.607871 0.153065 0.256139 -2.53307e-17 9.49737 -0.914492 0.224322 -0.865653 -0.0453827 -2.90401e-17 10.5513 1.57691 -0.0334826 0.914672 -0.10273 -1.29193e-17 4.78644 0.715339 0.666952 8.35998 -2.1747 -1.8116e-17 4.82109 0.421791 1.03698 -2.51713 -1.14193 -2.00958e-17 4.83041 0.765062 0.0262929 -5.08522 -0.866525 1.23299 -7.60731 7.53374 12.4471 3.31729 2.73749 12.9547 3.2495 -3.26872 -97.0114 25.8792 8.30673 29.2081 0.0598081 0.137039 4.20621 -0.745594 -20.6874 24.234 0.0496219 0.113701 -3.2845 -15.1273 -1.05529 -1.23299 -7.60729 7.53365 -12.4409 3.32548 -3.40039 -12.9547 3.2495 -3.26872 99.9304 26.8544 -12.2588 -29.2081 0.0598081 0.137039 -4.88536 -1.02196 24.2107 -24.234 0.0496218 0.113702 4.12476 -23.03 1.31414 9.23673 -4.20556 2.0327 -8.59851 3.38225 -15.2227 -0.852353 -38.7721 -0.655187 -0.748269 2.79462 -0.0305341 -2.32622 -40.4017 -6.04875 -1.16822 1.59731 15.1223 0.779096 -9.8844 12.4959 8.18555e-16 -7.57956e-16 -2.47586e-17 -9.23673 -4.20556 2.0327 -8.48267 -4.92788 19.4236 0.852353 -38.7721 -0.655187 2.78646 10.3457 -0.0711985 2.32622 -40.4017 -6.04875 -1.8885 -6.01907 -15.2376 -0.779096 -9.8844 12.4959 -1.39149e-15 -5.34234e-16 -1.27098e-14 
9.98999 91.6625 59.1071 9.23003 -8.30125 0.545034 0 5.07867 -1.15138 -3.45782 3.47994 0.432278 0 5.61661 1.07143 -2.73909 2.72252 0.0489245 -1.02604e-17 5.98978 0.11501 -2.08036 2.27261 0.117479 -1.10457e-17 6.50583 -0.443523 -1.38491 0.8472 0.110663 -1.97295e-17 7.60548 -1.50593 -0.617373 0.271303 0.238138 -2.53307e-17 9.49737 -0.914492 0.22153 -0.680534 -0.0647523 -2.90401e-17 10.5513 1.57691 -0.0367998 0.907404 -0.0994816 -1.29193e-17 4.78644 0.715339 0.627363 8.05832 -2.09019 -1.8116e-17 4.82109 0.421791 1.00695 -2.57837 -1.10701 -2.00958e-17 4.83041 0.765062 0.213833 -5.09115 -0.61633 1.23299 -7.60731 7.53374 11.5262 3.24388 2.60808 12.9547 3.2495 -3.26872 -96.0554 25.7689 7.96153 29.2081 0.0598081 0.137039 4.16594 -0.73071 -20.481 24.234 0.0496219 0.113701 -3.06514 -15.4259 -1.17522 -1.23299 -7.60729 7.53365 -11.4349 3.2531 -3.20121 -12.9547 3.2495 -3.26872 99.2903 26.6402 -11.669 -29.2081 0.0598081 0.137039 -4.78312 -0.977199 23.6745 -24.234 0.0496218 0.113702 3.85418 -22.79 1.37946 9.23673 -4.20556 2.0327 -8.56875 3.42889 -15.1932 -0.852353 -38.7721 -0.655187 -0.741984 2.77114 -0.0304295 -2.32622 -40.4017 -6.04875 -1.22154 1.6222 15.1351 0.779096 -9.8844 12.4959 2.0084e-15 -7.08349e-16 -7.43653e-17 -9.23673 -4.20556 2.0327 -8.43822 -5.03708 19.5561 0.852353 -38.7721 -0.655187 2.83091 10.508 -0.0764087 2.32622 -40.4017 -6.04875 -1.96404 -5.89993 -15.2251 -0.779096 -9.8844 12.4959 -2.57991e-15 -4.84717e-16 -1.26603e-14 
9.95261 91.7014 59.0696 9.26774 -8.55275 0.479306 0 5.07867 -1.15138 -3.48305 3.39645 0.447778 0 5.61661 1.07143 -2.76095 2.67914 0.0568546 -1.02604e-17 5.98978 0.11501 -2.09628 2.27803 0.125196 -1.10457e-17 6.50583 -0.443523 -1.39585 0.940425 0.118443 -1.97295e-17 7.60548 -1.50593 -0.621973 0.384058 0.248572 -2.53307e-17 9.49737 -0.914492 0.229256 -0.536645 -0.0543468 -2.90401e-17 10.5513 1.57691 -0.0358935 0.899034 -0.100017 -1.29193e-17 4.78644 0.715339 0.629952 8.08479 -2.06372 -1.8116e-17 4.82109 0.421791 1.07056 -2.68324 -1.09591 -2.00958e-17 4.83041 0.765062 0.192904 -5.21703 -0.492744 1.23299 -7.60731 7.53374 11.3095 3.12525 2.6281 12.9547 3.2495 -3.26872 -95.6007 25.8481 7.57249 29.2081 0.0598081 0.137039 4.11042 -0.71046 -20.1968 24.234 0.0496219 0.113701 -3.20232 -15.5811 -1.17054 -1.23299 -7.60729 7.53365 -11.1773 3.14258 -3.1916 -12.9547 3.2495 -3.26872 98.9582 26.4362 -11.2494 -29.2081 0.0598081 0.137039 -4.6948 -0.939445 23.213 -24.234 0.0496218 0.113702 3.99935 -22.6417 1.42415 9.23673 -4.20556 2.0327 -8.58288 3.62006 -15.2762 -0.852353 -38.7721 -0.655187 -0.739271 2.76101 -0.0303836 -2.32622 -40.4017 -6.04875 -1.28253 1.88456 15.1366 0.779096 -9.8844 12.4959 8.24281e-16 -7.57688e-16 -2.5027e-17 -9.23673 -4.20556 2.0327 -8.43752 -4.98374 19.6342 0.852353 -38.7721 -0.655187 2.87985 10.6865 -0.0822919 2.32622 -40.4017 -6.04875 -1.9758 -5.63677 -15.2077 -0.779096 -9.8844 12.4959 -9.99649e-16 -5.46434e-16 -1.2722e-14 
9.91798 91.7625 59.0174 9.3315 -8.93732 0.498451 0 5.07867 -1.15138 -3.51335 3.39362 0.467734 0 5.61661 1.07143 -2.78616 2.69716 0.0722745 -1.02604e-17 5.98978 0.11501 -2.11652 2.33154 0.139459 -1.10457e-17 6.50583 -0.443523 -1.40974 1.05319 0.132678 -1.97295e-17 7.60548 -1.50593 -0.628301 0.503297 0.265866 -2.53307e-17 9.49737 -0.914492 0.237313 -0.398253 -0.0367825 -2.90401e-17 10.5513 1.57691 -0.0331022 0.889597 -0.103211 -1.29193e-17 4.78644 0.715339 0.643013 8.28362 -2.10091 -1.8116e-17 4.82109 0.421791 1.14164 -2.94234 -1.11241 -2.00958e-17 4.83041 0.765062 0.199671 -5.47623 -0.388439 1.23299 -7.60731 7.53374 11.4433 3.01654 2.69599 12.9547 3.2495 -3.26872 -95.6105 26.2232 7.27997 29.2081 0.0598081 0.137039 4.07573 -0.697964 -20.0195 24.234 0.0496219 0.113701 -3.18733 -15.8146 -1.13219 -1.23299 -7.60729 7.53365 -11.2569 3.01755 -3.24687 -12.9547 3.2495 -3.26872 98.8927 26.4499 -10.9757 -29.2081 0.0598081 0.137039 -4.62051 -0.908335 22.826 -24.234 0.0496218 0.113702 4.20036 -22.7666 1.60323 9.23673 -4.20556 2.0327 -8.60882 3.91281 -15.5548 -0.852353 -38.7721 -0.655187 -0.741405 2.76898 -0.0304198 -2.32622 -40.4017 -6.04875 -1.42193 2.28075 15.137 0.779096 -9.8844 12.4959 2.77107e-17 -7.95004e-16 1.22899e-17 -9.23673 -4.20556 2.0327 -8.46762 -4.76393 19.684 0.852353 -38.7721 -0.655187 2.9142 10.8117 -0.086513 2.32622 -40.4017 -6.04875 -1.91847 -5.27702 -15.193 -0.779096 -9.8844 12.4959 1.94491e-16 -5.96175e-16 -1.27717e-14 
9.88261 91.8124 58.9686 9.35668 -9.24104 0.526239 0 5.07867 -1.15138 -3.56313 3.44873 0.481493 0 5.61661 1.07143 -2.82402 2.75486 0.0795825 -1.02604e-17 5.98978 0.11501 -2.14551 2.40637 0.144376 -1.10457e-17 6.50583 -0.443523 -1.4285 1.14688 0.137112 -1.97295e-17 7.60548 -1.50593 -0.637765 0.58985 0.27372 -2.53307e-17 9.49737 -0.914492 0.24096 -0.302141 -0.0286822 -2.90401e-17 10.5513 1.57691 -0.0324093 0.883384 -0.11007 -1.29193e-17 4.78644 0.715339 0.663465 8.54855 -2.11241 -1.8116e-17 4.82109 0.421791 1.19147 -3.26902 -1.11575 -2.00958e-17 4.83041 0.765062 0.318638 -5.88489 -0.300459 1.23299 -7.60731 7.53374 11.6668 2.92762 2.76595 12.9547 3.2495 -3.26872 -95.567 26.4763 7.01115 29.2081 0.0598081 0.137039 4.04559 -0.687204 -19.8656 24.234 0.0496219 0.113701 -3.22675 -15.9401 -1.21542 -1.23299 -7.60729 7.53365 -11.5148 2.91025 -3.35797 -12.9547 3.2495 -3.26872 99.2575 26.5943 -10.7879 -29.2081 0.0598081 0.137039 -4.5675 -0.886497 22.5505 -24.234 0.0496218 0.113702 4.22451 -22.8899 1.78107 9.23673 -4.20556 2.0327 -8.59708 4.12029 -15.8516 -0.852353 -38.7721 -0.655187 -0.752338 2.80981 -0.0306004 -2.32622 -40.4017 -6.04875 -1.56925 2.57321 15.1491 0.779096 -9.8844 12.4959 2.48481e-17 -7.95139e-16 1.2424e-17 -9.23673 -4.20556 2.0327 -8.4666 -4.59124 19.7132 0.852353 -38.7721 -0.655187 2.93849 10.9001 -0.0895422 2.32622 -40.4017 -6.04875 -1.85311 -4.95655 -15.1783 -0.779096 -9.8844 12.4959 -5.93491e-16 -5.59216e-16 -1.27472e-14 
9.84397 91.8545 58.92 9.36602 -9.57174 0.544724 0 5.07867 -1.15138 -3.59769 3.5632 0.478671 0 5.61661 1.07143 -2.84481 2.84861 0.0714298 -1.02604e-17 5.98978 0.11501 -2.15998 2.49313 0.134715 -1.10457e-17 6.50583 -0.443523 -1.43458 1.2082 0.12697 -1.97295e-17 7.60548 -1.50593 -0.63898 0.62622 0.264227 -2.53307e-17 9.49737 -0.914492 0.244832 -0.267307 -0.0400701 -2.90401e-17 10.5513 1.57691 -0.0322192 0.882726 -0.115477 -1.29193e-17 4.78644 0.715339 0.684895 8.71847 -2.03622 -1.8116e-17 4.82109 0.421791 1.22478 -3.50783 -1.07938 -2.00958e-17 4.83041 0.765062 0.382216 -6.23697 -0.268205 1.23299 -7.60731 7.53374 11.8536 2.9041 2.77425 12.9547 3.2495 -3.26872 -95.5045 26.7349 6.87018 29.2081 0.0598081 0.137039 4.05678 -0.691188 -19.9227 24.234 0.0496219 0.113701 -3.29454 -16.2022 -1.19941 -1.23299 -7.60729 7.53365 -11.7591 2.86524 -3.40632 -12.9547 3.2495 -3.26872 99.5961 26.6772 -10.7222 -29.2081 0.0598081 0.137039 -4.55743 -0.882381 22.4982 -24.234 0.0496218 0.113702 4.19933 -22.8936 1.83705 9.23673 -4.20556 2.0327 -8.5673 4.34531 -16.1377 -0.852353 -38.7721 -0.655187 -0.769965 2.87565 -0.0308752 -2.32622 -40.4017 -6.04875 -1.71938 2.82012 15.1646 0.779096 -9.8844 12.4959 4.20986e-16 -7.82759e-16 4.47281e-20 -9.23673 -4.20556 2.0327 -8.45711 -4.37834 19.742 0.852353 -38.7721 -0.655187 2.95731 10.9687 -0.0919157 2.32622 -40.4017 -6.04875 -1.72372 -4.68131 -15.1661 -0.779096 -9.8844 12.4959 -9.92492e-16 -5.46703e-16 -1.27223e-14 
9.806 91.8804 58.8771 9.3513 -9.89077 0.569672 0 5.07867 -1.15138 -3.60771 3.66259 0.463368 0 5.61661 1.07143 -2.84359 2.9334 0.0548354 -1.02604e-17 5.98978 0.11501 -2.15678 2.57311 0.117591 -1.10457e-17 6.50583 -0.443523 -1.42704 1.26943 0.11007 -1.97295e-17 7.60548 -1.50593 -0.632322 0.669429 0.245979 -2.53307e-17 9.49737 -0.914492 0.248844 -0.222193 -0.0602914 -2.90401e-17 10.5513 1.57691 -0.0320509 0.880569 -0.117649 -1.29193e-17 4.78644 0.715339 0.700558 8.78854 -2.00785 -1.8116e-17 4.82109 0.421791 1.23928 -3.66959 -1.0656 -2.00958e-17 4.83041 0.765062 0.423897 -6.51426 -0.160447 1.23299 -7.60731 7.53374 11.9798 2.89183 2.77251 12.9547 3.2495 -3.26872 -95.4491 27.0083 6.76861 29.2081 0.0598081 0.137039 4.08249 -0.70039 -20.0541 24.234 0.0496219 0.113701 -3.34302 -16.5086 -1.1025 -1.23299 -7.60729 7.53365 -11.9148 2.83544 -3.40414 -12.9547 3.2495 -3.26872 99.777 26.7384 -10.7115 -29.2081 0.0598081 0.137039 -4.57459 -0.889403 22.5873 -24.234 0.0496218 0.113702 4.15719 -22.8818 1.79811 9.23673 -4.20556 2.0327 -8.51763 4.54485 -16.411 -0.852353 -38.7721 -0.655187 -0.802044 2.99546 -0.0313232 -2.32622 -40.4017 -6.04875 -1.82528 2.96832 15.1798 0.779096 -9.8844 12.4959 -3.69859e-16 -8.07473e-16 2.47586e-17 -9.23673 -4.20556 2.0327 -8.42028 -4.17887 19.7581 0.852353 -38.7721 -0.655187 2.98331 11.0633 -0.095232 2.32622 -40.4017 -6.04875 -1.65537 -4.4508 -15.1551 -0.779096 -9.8844 12.4959 -5.97785e-16 -5.59037e-16 -1.2747e-14 
9.77041 91.8747 58.8417 9.34628 -10.0959 0.563496 0 5.07867 -1.15138 -3.60621 3.73505 0.441407 0 5.61661 1.07143 -2.83396 2.99743 0.0324422 -1.02604e-17 5.98978 0.11501 -2.14681 2.63363 0.0951083 -1.10457e-17 6.50583 -0.443523 -1.41486 1.31856 0.0879694 -1.97295e-17 7.60548 -1.50593 -0.624001 0.70604 0.221805 -2.53307e-17 9.49737 -0.914492 0.250144 -0.18223 -0.0865833 -2.90401e-17 10.5513 1.57691 -0.0326858 0.877736 -0.118516 -1.29193e-17 4.78644 0.715339 0.706656 8.8041 -1.96584 -1.8116e-17 4.82109 0.421791 1.24757 -3.77905 -1.04636 -2.00958e-17 4.83041 0.765062 0.446702 -6.742 -0.0468998 1.23299 -7.60731 7.53374 12.0378 2.88902 2.77395 12.9547 3.2495 -3.26872 -95.4362 27.1712 6.69577 29.2081 0.0598081 0.137039 4.11081 -0.710598 -20.1988 24.234 0.0496219 0.113701 -3.33723 -16.7296 -0.986983 -1.23299 -7.60729 7.53365 -11.9718 2.81131 -3.39071 -12.9547 3.2495 -3.26872 99.8272 26.758 -10.6811 -29.2081 0.0598081 0.137039 -4.59092 -0.89611 22.6722 -24.234 0.0496218 0.113702 4.08224 -22.8002 1.74299 9.23673 -4.20556 2.0327 -8.48382 4.63954 -16.6067 -0.852353 -38.7721 -0.655187 -0.839486 3.13528 -0.0317612 -2.32622 -40.4017 -6.04875 -1.87551 2.96218 15.193 0.779096 -9.8844 12.4959 8.15693e-16 -7.58045e-16 -2.46692e-17 -9.23673 -4.20556 2.0327 -8.39497 -4.10465 19.7833 0.852353 -38.7721 -0.655187 3.02003 11.1968 -0.0999879 2.32622 -40.4017 -6.04875 -1.60602 -4.38161 -15.1542 -0.779096 -9.8844 12.4959 -5.96354e-16 -5.59082e-16 -1.27471e-14 
9.74028 91.8358 58.8126 9.3329 -10.2058 0.5452 0 5.07867 -1.15138 -3.60215 3.84214 0.420716 0 5.61661 1.07143 -2.82486 3.07292 0.0113053 -1.02604e-17 5.98978 0.11501 -2.13778 2.67725 0.0745172 -1.10457e-17 6.50583 -0.443523 -1.40468 1.30594 0.0676471 -1.97295e-17 7.60548 -1.50593 -0.616981 0.663576 0.199409 -2.53307e-17 9.49737 -0.914492 0.250176 -0.241839 -0.111051 -2.90401e-17 10.5513 1.57691 -0.0334341 0.883666 -0.11764 -1.29193e-17 4.78644 0.715339 0.710068 8.7623 -1.94026 -1.8116e-17 4.82109 0.421791 1.25674 -3.78595 -1.03428 -2.00958e-17 4.83041 0.765062 0.467885 -6.81862 0.0376507 1.23299 -7.60731 7.53374 12.069 2.94483 2.74924 12.9547 3.2495 -3.26872 -95.4348 27.266 6.69141 29.2081 0.0598081 0.137039 4.12201 -0.714661 -20.2561 24.234 0.0496219 0.113701 -3.33181 -16.8901 -0.940514 -1.23299 -7.60729 7.53365 -12.0076 2.8523 -3.35489 -12.9547 3.2495 -3.26872 99.8444 26.7509 -10.6966 -29.2081 0.0598081 0.137039 -4.59459 -0.89762 22.6912 -24.234 0.0496218 0.113702 4.04836 -22.7494 1.75109 9.23673 -4.20556 2.0327 -8.45112 4.65765 -16.7452 -0.852353 -38.7721 -0.655187 -0.877922 3.2788 -0.0321157 -2.32622 -40.4017 -6.04875 -1.82827 2.80056 15.1952 0.779096 -9.8844 12.4959 -7.64565e-16 -8.32142e-16 4.94278e-17 -9.23673 -4.20556 2.0327 -8.36153 -4.13814 19.7925 0.852353 -38.7721 -0.655187 3.06885 11.3742 -0.106445 2.32622 -40.4017 -6.04875 -1.62746 -4.44764 -15.1582 -0.779096 -9.8844 12.4959 5.9206e-16 -6.20978e-16 -1.27966e-14 
9.71469 91.7719 58.7885 9.34958 -10.2067 0.518963 0 5.07867 -1.15138 -3.60852 3.94911 0.402372 0 5.61661 1.07143 -2.82651 3.13953 -0.00973435 -1.02604e-17 5.98978 0.11501 -2.137 2.69885 0.0539016 -1.10457e-17 6.50583 -0.443523 -1.40132 1.25032 0.0472653 -1.97295e-17 7.60548 -1.50593 -0.614002 0.572943 0.177939 -2.53307e-17 9.49737 -0.914492 0.248372 -0.359038 -0.134944 -2.90401e-17 10.5513 1.57691 -0.0343763 0.895408 -0.11608 -1.29193e-17 4.78644 0.715339 0.710566 8.65666 -1.92192 -1.8116e-17 4.82109 0.421791 1.27148 -3.72283 -1.02534 -2.00958e-17 4.83041 0.765062 0.501713 -6.79026 0.0943435 1.23299 -7.60731 7.53374 12.0375 3.03924 2.7098 12.9547 3.2495 -3.26872 -95.4954 27.2398 6.73871 29.2081 0.0598081 0.137039 4.11668 -0.712728 -20.2289 24.234 0.0496219 0.113701 -3.23493 -16.9265 -0.934261 -1.23299 -7.60729 7.53365 -11.985 2.93561 -3.31114 -12.9547 3.2495 -3.26872 99.8501 26.6792 -10.7349 -29.2081 0.0598081 0.137039 -4.59476 -0.897692 22.6921 -24.234 0.0496218 0.113702 3.98871 -22.6763 1.7472 9.23673 -4.20556 2.0327 -8.44935 4.59617 -16.8429 -0.852353 -38.7721 -0.655187 -0.907761 3.3902 -0.0323244 -2.32622 -40.4017 -6.04875 -1.76554 2.537 15.1963 0.779096 -9.8844 12.4959 8.14243e-16 -7.58136e-16 -2.45788e-17 -9.23673 -4.20556 2.0327 -8.363 -4.27939 19.7826 0.852353 -38.7721 -0.655187 3.12222 11.5679 -0.113675 2.32622 -40.4017 -6.04875 -1.68286 -4.64969 -15.17 -0.779096 -9.8844 12.4959 -9.88179e-16 -5.46927e-16 -1.27225e-14 
9.69853 91.6971 58.7704 9.37864 -10.1581 0.51301 0 5.07867 -1.15138 -3.62249 4.04232 0.3923 0 5.61661 1.07143 -2.83688 3.19126 -0.0225507 -1.02604e-17 5.98978 0.11501 -2.14356 2.70422 0.0417788 -1.10457e-17 6.50583 -0.443523 -1.40431 1.17592 0.0352853 -1.97295e-17 7.60548 -1.50593 -0.614356 0.465602 0.166142 -2.53307e-17 9.49737 -0.914492 0.247435 -0.496054 -0.149188 -2.90401e-17 10.5513 1.57691 -0.0348175 0.909142 -0.114018 -1.29193e-17 4.78644 0.715339 0.710959 8.54985 -1.92942 -1.8116e-17 4.82109 0.421791 1.29082 -3.64198 -1.02801 -2.00958e-17 4.83041 0.765062 0.554974 -6.70509 0.111215 1.23299 -7.60731 7.53374 12.0205 3.14008 2.68363 12.9547 3.2495 -3.26872 -95.5068 27.1593 6.80833 29.2081 0.0598081 0.137039 4.0953 -0.704998 -20.1195 24.234 0.0496219 0.113701 -3.2224 -16.8495 -1.01415 -1.23299 -7.60729 7.53365 -11.9443 3.03382 -3.27938 -12.9547 3.2495 -3.26872 99.8656 26.5644 -10.8037 -29.2081 0.0598081 0.137039 -4.58793 -0.894877 22.6566 -24.234 0.0496218 0.113702 3.93926 -22.6394 1.76159 9.23673 -4.20556 2.0327 -8.4644 4.49666 -16.937 -0.852353 -38.7721 -0.655187 -0.935726 3.4946 -0.0324673 -2.32622 -40.4017 -6.04875 -1.70108 2.22345 15.1986 0.779096 -9.8844 12.4959 -3.68413e-16 -8.07383e-16 2.46686e-17 -9.23673 -4.20556 2.0327 -8.38687 -4.45861 19.7295 0.852353 -38.7721 -0.655187 3.17624 11.7637 -0.12118 2.32622 -40.4017 -6.04875 -1.77915 -4.90825 -15.1823 -0.779096 -9.8844 12.4959 -2.01657e-16 -5.83795e-16 -1.27594e-14 
9.69593 91.6204 58.7569 9.41889 -10.0726 0.540599 0 5.07867 -1.15138 -3.66161 4.14092 0.382783 0 5.61661 1.07143 -2.86692 3.24203 -0.0386156 -1.02604e-17 5.98978 0.11501 -2.16411 2.70301 0.0258871 -1.10457e-17 6.50583 -0.443523 -1.41597 1.0802 0.0184443 -1.97295e-17 7.60548 -1.50593 -0.618535 0.332992 0.15043 -2.53307e-17 9.49737 -0.914492 0.246771 -0.662579 -0.168497 -2.90401e-17 10.5513 1.57691 -0.0351633 0.926146 -0.114263 -1.29193e-17 4.78644 0.715339 0.723571 8.49208 -1.9444 -1.8116e-17 4.82109 0.421791 1.30759 -3.57889 -1.03331 -2.00958e-17 4.83041 0.765062 0.666168 -6.61382 0.121159 1.23299 -7.60731 7.53374 11.9958 3.26178 2.64876 12.9547 3.2495 -3.26872 -95.2985 27.139 6.93781 29.2081 0.0598081 0.137039 4.06629 -0.694582 -19.9713 24.234 0.0496219 0.113701 -3.34595 -16.8592 -1.23581 -1.23299 -7.60729 7.53365 -11.9429 3.14014 -3.26567 -12.9547 3.2495 -3.26872 100.067 26.4325 -10.8948 -29.2081 0.0598081 0.137039 -4.57825 -0.890903 22.6063 -24.234 0.0496218 0.113702 3.81392 -22.5558 1.72738 9.23673 -4.20556 2.0327 -8.49766 4.37063 -17.0577 -0.852353 -38.7721 -0.655187 -0.960385 3.58665 -0.0325509 -2.32622 -40.4017 -6.04875 -1.63224 1.9057 15.199 0.779096 -9.8844 12.4959 4.19545e-16 -7.82804e-16 8.97524e-20 -9.23673 -4.20556 2.0327 -8.43863 -4.63953 19.6283 0.852353 -38.7721 -0.655187 3.21939 11.9199 -0.127305 2.32622 -40.4017 -6.04875 -1.87776 -5.19231 -15.1969 -0.779096 -9.8844 12.4959 -9.91051e-16 -5.46792e-16 -1.27224e-14 
9.70533 91.5474 58.7421 9.45005 -9.99328 0.597415 0 5.07867 -1.15138 -3.66876 4.22511 0.359892 0 5.61661 1.07143 -2.86877 3.28473 -0.0639083 -1.02604e-17 5.98978 0.11501 -2.16244 2.69748 0.000787909 -1.10457e-17 6.50583 -0.443523 -1.41061 0.99256 -0.00707248 -1.97295e-17 7.60548 -1.50593 -0.61311 0.213315 0.122848 -2.53307e-17 9.49737 -0.914492 0.24609 -0.815517 -0.199655 -2.90401e-17 10.5513 1.57691 -0.0350617 0.940595 -0.113192 -1.29193e-17 4.78644 0.715339 0.740457 8.41006 -1.94314 -1.8116e-17 4.82109 0.421791 1.32948 -3.51004 -1.03158 -2.00958e-17 4.83041 0.765062 0.65898 -6.53459 0.120933 1.23299 -7.60731 7.53374 11.9771 3.37357 2.62406 12.9547 3.2495 -3.26872 -95.2699 27.1662 7.06467 29.2081 0.0598081 0.137039 4.05687 -0.691217 -19.9232 24.234 0.0496219 0.113701 -3.36154 -16.9126 -1.28471 -1.23299 -7.60729 7.53365 -11.9939 3.24366 -3.2446 -12.9547 3.2495 -3.26872 100.157 26.1718 -11.0057 -29.2081 0.0598081 0.137039 -4.57169 -0.888214 22.5723 -24.234 0.0496218 0.113702 3.79215 -22.3349 1.72418 9.23673 -4.20556 2.0327 -8.52614 4.24472 -17.1778 -0.852353 -38.7721 -0.655187 -0.986454 3.68395 -0.0325961 -2.32622 -40.4017 -6.04875 -1.57963 1.59591 15.2 0.779096 -9.8844 12.4959 2.62841e-17 -7.95094e-16 1.23792e-17 -9.23673 -4.20556 2.0327 -8.49245 -4.8186 19.504 0.852353 -38.7721 -0.655187 3.26573 12.0875 -0.134016 2.32622 -40.4017 -6.04875 -1.93821 -5.46331 -15.2136 -0.779096 -9.8844 12.4959 -5.9779e-16 -5.59037e-16 -1.2747e-14 
9.72113 91.4784 58.7241 9.50515 -9.90398 0.668598 0 5.07867 -1.15138 -3.68131 4.28011 0.342385 0 5.61661 1.07143 -2.87656 3.31164 -0.0846694 -1.02604e-17 5.98978 0.11501 -2.16606 2.69059 -0.0200001 -1.10457e-17 6.50583 -0.443523 -1.41068 0.927547 -0.0277619 -1.97295e-17 7.60548 -1.50593 -0.612325 0.127921 0.101741 -2.53307e-17 9.49737 -0.914492 0.243044 -0.921169 -0.222864 -2.90401e-17 10.5513 1.57691 -0.0355498 0.951417 -0.110492 -1.29193e-17 4.78644 0.715339 0.739067 8.26082 -1.97706 -1.8116e-17 4.82109 0.421791 1.32786 -3.4593 -1.04674 -2.00958e-17 4.83041 0.765062 0.692442 -6.45715 0.140174 1.23299 -7.60731 7.53374 11.8863 3.46429 2.60568 12.9547 3.2495 -3.26872 -95.2547 27.1024 7.17927 29.2081 0.0598081 0.137039 4.0496 -0.68863 -19.8861 24.234 0.0496219 0.113701 -3.29185 -16.8234 -1.29733 -1.23299 -7.60729 7.53365 -11.8839 3.33176 -3.19264 -12.9547 3.2495 -3.26872 100.099 25.972 -11.0733 -29.2081 0.0598081 0.137039 -4.56616 -0.88595 22.5436 -24.234 0.0496218 0.113702 3.71423 -22.2439 1.71048 9.23673 -4.20556 2.0327 -8.58131 4.11498 -17.3155 -0.852353 -38.7721 -0.655187 -1.00839 3.76582 -0.0325998 -2.32622 -40.4017 -6.04875 -1.55164 1.32059 15.2026 0.779096 -9.8844 12.4959 -3.71285e-16 -8.07518e-16 2.48032e-17 -9.23673 -4.20556 2.0327 -8.56766 -5.02186 19.3975 0.852353 -38.7721 -0.655187 3.3199 12.2832 -0.142032 2.32622 -40.4017 -6.04875 -2.04698 -5.71162 -15.23 -0.779096 -9.8844 12.4959 5.92046e-16 -6.20978e-16 -1.27966e-14 
9.73758 91.4141 58.7061 9.55261 -9.80024 0.727611 0 5.07867 -1.15138 -3.71497 4.3175 0.330916 0 5.61661 1.07143 -2.90236 3.32769 -0.102977 -1.02604e-17 5.98978 0.11501 -2.18376 2.6791 -0.0396051 -1.10457e-17 6.50583 -0.443523 -1.42107 0.865863 -0.0483209 -1.97295e-17 7.60548 -1.50593 -0.618136 0.0496726 0.082317 -2.53307e-17 9.49737 -0.914492 0.237886 -1.0189 -0.243302 -2.90401e-17 10.5513 1.57691 -0.0367243 0.961397 -0.11162 -1.29193e-17 4.78644 0.715339 0.746331 8.19734 -1.99302 -1.8116e-17 4.82109 0.421791 1.33513 -3.45574 -1.053 -2.00958e-17 4.83041 0.765062 0.778365 -6.44627 0.163571 1.23299 -7.60731 7.53374 11.8186 3.53132 2.60797 12.9547 3.2495 -3.26872 -95.1636 26.9551 7.2676 29.2081 0.0598081 0.137039 4.02503 -0.679915 -19.7607 24.234 0.0496219 0.113701 -3.27023 -16.6695 -1.35855 -1.23299 -7.60729 7.53365 -11.892 3.38844 -3.20747 -12.9547 3.2495 -3.26872 100.28 25.7865 -11.0854 -29.2081 0.0598081 0.137039 -4.54593 -0.877694 22.4385 -24.234 0.0496218 0.113702 3.60768 -22.0707 1.63501 9.23673 -4.20556 2.0327 -8.63297 3.97106 -17.4327 -0.852353 -38.7721 -0.655187 -1.02901 3.84275 -0.0325747 -2.32622 -40.4017 -6.04875 -1.51553 1.059 15.2049 0.779096 -9.8844 12.4959 4.19545e-16 -7.82804e-16 8.97524e-20 -9.23673 -4.20556 2.0327 -8.63132 -5.24608 19.325 0.852353 -38.7721 -0.655187 3.37398 12.4783 -0.150219 2.32622 -40.4017 -6.04875 -2.16887 -5.92675 -15.2447 -0.779096 -9.8844 12.4959 -5.92046e-16 -5.59306e-16 -1.27472e-14 
9.9292 91.7059 58.9715 9.62549 -9.71806 0.796693 0 5.07867 -1.15138 -3.71789 3.96406 0.317648 0 5.61661 1.07143 -2.8958 3.10731 -0.118988 -1.02604e-17 5.98978 0.11501 -2.17267 2.58697 -0.0578926 -1.10457e-17 6.50583 -0.443523 -1.40655 0.991566 -0.0661429 -1.97295e-17 7.60548 -1.50593 -0.607065 0.284173 0.0632876 -2.53307e-17 9.49737 -0.914492 0.244352 -0.697801 -0.265672 -2.90401e-17 10.5513 1.57691 -0.0377888 0.935935 -0.115007 -1.29193e-17 4.78644 0.715339 0.766964 8.26312 -1.96997 -1.8116e-17 4.82109 0.421791 1.32248 -3.53804 -1.04347 -2.00958e-17 4.83041 0.765062 0.702191 -6.65936 0.191768 1.23299 -7.60731 7.53374 11.589 3.3355 2.70975 12.9547 3.2495 -3.26872 -95.1565 26.7484 7.18583 29.2081 0.0598081 0.137039 3.9737 -0.661909 -19.4991 24.234 0.0496219 0.113701 -3.18227 -16.4552 -1.24369 -1.23299 -7.60729 7.53365 -11.707 3.19867 -3.2874 -12.9547 3.2495 -3.26872 100.205 25.5442 -11.0156 -29.2081 0.0598081 0.137039 -4.50986 -0.863086 22.2515 -24.234 0.0496218 0.113702 3.38883 -21.769 1.43013 9.23673 -4.20556 2.0327 -8.79807 4.13422 -17.5479 -0.852353 -38.7721 -0.655187 -0.925625 3.45689 -0.0324216 -2.32622 -40.4017 -6.04875 -2.02334 2.23078 15.2299 0.779096 -9.8844 12.4959 2.62841e-17 -7.95094e-16 1.23792e-17 -9.23673 -4.20556 2.0327 -8.8693 -4.91941 19.254 0.852353 -38.7721 -0.655187 3.21752 11.9131 -0.127038 2.32622 -40.4017 -6.04875 -1.86662 -5.07474 -15.2177 -0.779096 -9.8844 12.4959 -9.92487e-16 -5.46703e-16 -1.27223e-14 
9.93984 91.6852 58.9807 9.68002 -9.67723 0.860758 0 5.07867 -1.15138 -3.73598 3.95325 0.32239 0 5.61661 1.07143 -2.91378 3.09357 -0.115054 -1.02604e-17 5.98978 0.11501 -2.18754 2.56782 -0.0549373 -1.10457e-17 6.50583 -0.443523 -1.41723 0.965639 -0.0644946 -1.97295e-17 7.60548 -1.50593 -0.613176 0.2547 0.0659987 -2.53307e-17 9.49737 -0.914492 0.244098 -0.745127 -0.260801 -2.90401e-17 10.5513 1.57691 -0.0362579 0.936112 -0.119357 -1.29193e-17 4.78644 0.715339 0.796334 8.33492 -2.04368 -1.8116e-17 4.82109 0.421791 1.37337 -3.62929 -1.07457 -2.00958e-17 4.83041 0.765062 0.676737 -6.67203 0.226841 1.23299 -7.60731 7.53374 11.691 3.32372 2.7644 12.9547 3.2495 -3.26872 -95.1202 26.7224 7.23568 29.2081 0.0598081 0.137039 3.93931 -0.649992 -19.3241 24.234 0.0496219 0.113701 -3.34047 -16.3146 -1.29697 -1.23299 -7.60729 7.53365 -12.0277 3.18693 -3.38479 -12.9547 3.2495 -3.26872 100.526 25.3682 -11.0688 -29.2081 0.0598081 0.137039 -4.48073 -0.851388 22.1006 -24.234 0.0496218 0.113702 3.44397 -21.6476 1.35967 9.23673 -4.20556 2.0327 -8.86724 4.05067 -17.6306 -0.852353 -38.7721 -0.655187 -0.945324 3.53043 -0.0325046 -2.32622 -40.4017 -6.04875 -1.92073 2.19521 15.2115 0.779096 -9.8844 12.4959 -3.71285e-16 -8.07518e-16 2.48032e-17 -9.23673 -4.20556 2.0327 -8.93221 -4.99495 19.2219 0.852353 -38.7721 -0.655187 3.23059 11.9605 -0.128916 2.32622 -40.4017 -6.04875 -1.99738 -5.11931 -15.2221 -0.779096 -9.8844 12.4959 1.94477e-16 -5.96174e-16 -1.27717e-14 
9.94781 91.6646 58.9911 9.73518 -9.64703 0.937893 0 5.07867 -1.15138 -3.75538 4.03447 0.316847 0 5.61661 1.07143 -2.92921 3.13621 -0.123902 -1.02604e-17 5.98978 0.11501 -2.19939 2.56761 -0.0651489 -1.10457e-17 6.50583 -0.443523 -1.42492 0.890419 -0.07582 -1.97295e-17 7.60548 -1.50593 -0.617792 0.149092 0.0548562 -2.53307e-17 9.49737 -0.914492 0.240015 -0.884865 -0.27195 -2.90401e-17 10.5513 1.57691 -0.0358956 0.947628 -0.121023 -1.29193e-17 4.78644 0.715339 0.811106 8.35325 -1.98128 -1.8116e-17 4.82109 0.421791 1.38402 -3.59965 -1.04399 -2.00958e-17 4.83041 0.765062 0.65689 -6.68186 0.131565 1.23299 -7.60731 7.53374 11.7405 3.40371 2.75486 12.9547 3.2495 -3.26872 -95.2532 26.6604 7.41512 29.2081 0.0598081 0.137039 3.93065 -0.647009 -19.28 24.234 0.0496219 0.113701 -3.28685 -16.2063 -1.29559 -1.23299 -7.60729 7.53365 -12.2453 3.26149 -3.41824 -12.9547 3.2495 -3.26872 100.793 25.1726 -11.212 -29.2081 0.0598081 0.137039 -4.46642 -0.845675 22.0265 -24.234 0.0496218 0.113702 3.45966 -21.4724 1.31421 9.23673 -4.20556 2.0327 -8.91462 4.01732 -17.7163 -0.852353 -38.7721 -0.655187 -0.947147 3.53723 -0.032511 -2.32622 -40.4017 -6.04875 -1.96133 2.12244 15.2141 0.779096 -9.8844 12.4959 8.15679e-16 -7.58046e-16 -2.46686e-17 -9.23673 -4.20556 2.0327 -9.00644 -5.09026 19.1541 0.852353 -38.7721 -0.655187 3.26254 12.076 -0.13355 2.32622 -40.4017 -6.04875 -1.98693 -5.2105 -15.2354 -0.779096 -9.8844 12.4959 -5.93482e-16 -5.59217e-16 -1.27472e-14 
9.95311 91.6455 59.0033 9.80056 -9.63596 1.02018 0 5.07867 -1.15138 -3.77339 4.07911 0.320615 0 5.61661 1.07143 -2.94495 3.16146 -0.121959 -1.02604e-17 5.98978 0.11501 -2.21239 2.57402 -0.0639944 -1.10457e-17 6.50583 -0.443523 -1.43494 0.861791 -0.0748283 -1.97295e-17 7.60548 -1.50593 -0.624067 0.106692 0.0573008 -2.53307e-17 9.49737 -0.914492 0.237438 -0.942222 -0.268575 -2.90401e-17 10.5513 1.57691 -0.0357965 0.952815 -0.120912 -1.29193e-17 4.78644 0.715339 0.812974 8.31737 -2.02463 -1.8116e-17 4.82109 0.421791 1.38197 -3.62159 -1.06313 -2.00958e-17 4.83041 0.765062 0.687058 -6.68937 0.150093 1.23299 -7.60731 7.53374 11.7871 3.43739 2.76285 12.9547 3.2495 -3.26872 -95.2805 26.5793 7.46382 29.2081 0.0598081 0.137039 3.91505 -0.641653 -19.2006 24.234 0.0496219 0.113701 -3.31998 -16.0192 -1.34226 -1.23299 -7.60729 7.53365 -12.3221 3.30817 -3.43048 -12.9547 3.2495 -3.26872 100.9 25.084 -11.2853 -29.2081 0.0598081 0.137039 -4.45107 -0.839571 21.9471 -24.234 0.0496218 0.113702 3.42202 -21.4733 1.29086 9.23673 -4.20556 2.0327 -8.97778 3.9925 -17.8107 -0.852353 -38.7721 -0.655187 -0.955551 3.56861 -0.0325376 -2.32622 -40.4017 -6.04875 -1.99728 2.07554 15.2175 0.779096 -9.8844 12.4959 -3.68413e-16 -8.07383e-16 2.46686e-17 -9.23673 -4.20556 2.0327 -9.08459 -5.15466 19.1049 0.852353 -38.7721 -0.655187 3.29104 12.179 -0.137737 2.32622 -40.4017 -6.04875 -2.06008 -5.2812 -15.2421 -0.779096 -9.8844 12.4959 -5.96354e-16 -5.59082e-16 -1.27471e-14 
9.95505 91.6297 59.0185 9.84026 -9.64807 1.0979 0 5.07867 -1.15138 -3.80509 4.14154 0.320681 0 5.61661 1.07143 -2.96988 3.20052 -0.128426 -1.02604e-17 5.98978 0.11501 -2.23155 2.59195 -0.0719462 -1.10457e-17 6.50583 -0.443523 -1.44873 0.835823 -0.0837841 -1.97295e-17 7.60548 -1.50593 -0.63324 0.0600542 0.050212 -2.53307e-17 9.49737 -0.914492 0.232125 -0.999856 -0.274695 -2.90401e-17 10.5513 1.57691 -0.0369634 0.959497 -0.122349 -1.29193e-17 4.78644 0.715339 0.815189 8.28794 -2.00154 -1.8116e-17 4.82109 0.421791 1.37332 -3.63744 -1.05172 -2.00958e-17 4.83041 0.765062 0.764951 -6.71057 0.155233 1.23299 -7.60731 7.53374 11.6817 3.48032 2.72723 12.9547 3.2495 -3.26872 -95.1562 26.427 7.52795 29.2081 0.0598081 0.137039 3.90552 -0.638393 -19.1522 24.234 0.0496219 0.113701 -3.27952 -15.8775 -1.39817 -1.23299 -7.60729 7.53365 -12.3332 3.34673 -3.43032 -12.9547 3.2495 -3.26872 101.052 24.9935 -11.2909 -29.2081 0.0598081 0.137039 -4.43263 -0.832267 21.8518 -24.234 0.0496218 0.113702 3.31547 -21.3929 1.19798 9.23673 -4.20556 2.0327 -9.01445 3.98405 -17.8924 -0.852353 -38.7721 -0.655187 -0.969069 3.61906 -0.0325709 -2.32622 -40.4017 -6.04875 -2.02905 2.01253 15.2246 0.779096 -9.8844 12.4959 4.19545e-16 -7.82804e-16 8.97524e-20 -9.23673 -4.20556 2.0327 -9.13785 -5.18639 19.0796 0.852353 -38.7721 -0.655187 3.315 12.2655 -0.141299 2.32622 -40.4017 -6.04875 -2.077 -5.33875 -15.2487 -0.779096 -9.8844 12.4959 -9.92487e-16 -5.46703e-16 -1.27223e-14 
9.95122 91.6112 59.036 9.87456 -9.63914 1.12724 0 5.07867 -1.15138 -3.81916 4.18536 0.324689 0 5.61661 1.07143 -2.98189 3.2267 -0.127233 -1.02604e-17 5.98978 0.11501 -2.2412 2.60051 -0.0715191 -1.10457e-17 6.50583 -0.443523 -1.45595 0.812561 -0.0838421 -1.97295e-17 7.60548 -1.50593 -0.637209 0.0208642 0.0510342 -2.53307e-17 9.49737 -0.914492 0.231624 -1.05326 -0.272909 -2.90401e-17 10.5513 1.57691 -0.0370704 0.964781 -0.122945 -1.29193e-17 4.78644 0.715339 0.823866 8.26913 -1.98307 -1.8116e-17 4.82109 0.421791 1.39522 -3.62431 -1.04207 -2.00958e-17 4.83041 0.765062 0.739174 -6.74846 0.180763 1.23299 -7.60731 7.53374 11.6403 3.5056 2.71791 12.9547 3.2495 -3.26872 -95.0915 26.2937 7.53342 29.2081 0.0598081 0.137039 3.89073 -0.633355 -19.077 24.234 0.0496219 0.113701 -3.29942 -15.7454 -1.44459 -1.23299 -7.60729 7.53365 -12.4252 3.38334 -3.4516 -12.9547 3.2495 -3.26872 101.147 24.8771 -11.2849 -29.2081 0.0598081 0.137039 -4.41122 -0.823834 21.7412 -24.234 0.0496218 0.113702 3.30081 -21.2697 1.13865 9.23673 -4.20556 2.0327 -9.04975 3.9507 -17.9287 -0.852353 -38.7721 -0.655187 -0.984754 3.67761 -0.0325945 -2.32622 -40.4017 -6.04875 -2.02023 1.94238 15.226 0.779096 -9.8844 12.4959 2.62841e-17 -7.95094e-16 1.23792e-17 -9.23673 -4.20556 2.0327 -9.17001 -5.27331 19.0856 0.852353 -38.7721 -0.655187 3.35085 12.3949 -0.146695 2.32622 -40.4017 -6.04875 -2.14816 -5.38761 -15.2542 -0.779096 -9.8844 12.4959 -2.01657e-16 -5.83795e-16 -1.27594e-14 
9.94646 91.5926 59.0536 9.88004 -9.61922 1.14742 0 5.07867 -1.15138 -3.82413 4.22851 0.329398 0 5.61661 1.07143 -2.98699 3.25172 -0.123955 -1.02604e-17 5.98978 0.11501 -2.24591 2.6082 -0.0687769 -1.10457e-17 6.50583 -0.443523 -1.46028 0.789296 -0.0815729 -1.97295e-17 7.60548 -1.50593 -0.64006 -0.0177409 0.0538729 -2.53307e-17 9.49737 -0.914492 0.230671 -1.10474 -0.269113 -2.90401e-17 10.5513 1.57691 -0.0370602 0.969201 -0.12285 -1.29193e-17 4.78644 0.715339 0.82428 8.24695 -1.96361 -1.8116e-17 4.82109 0.421791 1.39947 -3.60673 -1.03241 -2.00958e-17 4.83041 0.765062 0.744957 -6.74966 0.215823 1.23299 -7.60731 7.53374 11.6143 3.53511 2.70449 12.9547 3.2495 -3.26872 -95.0754 26.1979 7.57664 29.2081 0.0598081 0.137039 3.8871 -0.632121 -19.0586 24.234 0.0496219 0.113701 -3.29197 -15.6545 -1.49852 -1.23299 -7.60729 7.53365 -12.4606 3.41749 -3.4563 -12.9547 3.2495 -3.26872 101.178 24.8052 -11.2683 -29.2081 0.0598081 0.137039 -4.39579 -0.817785 21.6615 -24.234 0.0496218 0.113702 3.27338 -21.2104 1.05552 9.23673 -4.20556 2.0327 -9.05674 3.91315 -17.9357 -0.852353 -38.7721 -0.655187 -0.998779 3.72995 -0.0326021 -2.32622 -40.4017 -6.04875 -2.00114 1.85165 15.2265 0.779096 -9.8844 12.4959 2.48481e-17 -7.95139e-16 1.2424e-17 -9.23673 -4.20556 2.0327 -9.17888 -5.35357 19.0914 0.852353 -38.7721 -0.655187 3.37692 12.4889 -0.150669 2.32622 -40.4017 -6.04875 -2.16894 -5.43917 -15.2595 -0.779096 -9.8844 12.4959 -1.38717e-15 -5.34414e-16 -1.271e-14 
9.93932 91.5754 59.0715 9.89094 -9.6081 1.14737 0 5.07867 -1.15138 -3.82752 4.26711 0.339728 0 5.61661 1.07143 -2.99203 3.27416 -0.114551 -1.02604e-17 5.98978 0.11501 -2.25114 2.61553 -0.059773 -1.10457e-17 6.50583 -0.443523 -1.4659 0.769886 -0.0729482 -1.97295e-17 7.60548 -1.50593 -0.643633 -0.0510619 0.0635287 -2.53307e-17 9.49737 -0.914492 0.230567 -1.15044 -0.258168 -2.90401e-17 10.5513 1.57691 -0.0369402 0.973251 -0.122153 -1.29193e-17 4.78644 0.715339 0.821366 8.23624 -1.94473 -1.8116e-17 4.82109 0.421791 1.40423 -3.59203 -1.02339 -2.00958e-17 4.83041 0.765062 0.7428 -6.73456 0.235214 1.23299 -7.60731 7.53374 11.617 3.55723 2.70343 12.9547 3.2495 -3.26872 -95.0737 26.1112 7.59432 29.2081 0.0598081 0.137039 3.88313 -0.630772 -19.0384 24.234 0.0496219 0.113701 -3.30509 -15.5625 -1.5533 -1.23299 -7.60729 7.53365 -12.4817 3.44968 -3.46884 -12.9547 3.2495 -3.26872 101.195 24.7377 -11.2277 -29.2081 0.0598081 0.137039 -4.37119 -0.808195 21.5346 -24.234 0.0496218 0.113702 3.24286 -21.1612 1.00477 9.23673 -4.20556 2.0327 -9.06858 3.87762 -17.9283 -0.852353 -38.7721 -0.655187 -1.01439 3.78821 -0.0325954 -2.32622 -40.4017 -6.04875 -1.98585 1.77008 15.2273 0.779096 -9.8844 12.4959 2.00549e-15 -7.08486e-16 -7.42291e-17 -9.23673 -4.20556 2.0327 -9.18358 -5.44915 19.1182 0.852353 -38.7721 -0.655187 3.41143 12.6133 -0.155997 2.32622 -40.4017 -6.04875 -2.22105 -5.47215 -15.2636 -0.779096 -9.8844 12.4959 -9.95364e-16 -5.46613e-16 -1.27222e-14 
9.93378 91.5584 59.0896 9.88397 -9.58259 1.1692 0 5.07867 -1.15138 -3.83899 4.28953 0.342275 0 5.61661 1.07143 -3.002 3.29014 -0.117548 -1.02604e-17 5.98978 0.11501 -2.25939 2.62902 -0.0636907 -1.10457e-17 6.50583 -0.443523 -1.47418 0.775401 -0.0770217 -1.97295e-17 7.60548 -1.50593 -0.651508 -0.0559281 0.0607775 -2.53307e-17 9.49737 -0.914492 0.223976 -1.14688 -0.258197 -2.90401e-17 10.5513 1.57691 -0.0386139 0.975424 -0.12145 -1.29193e-17 4.78644 0.715339 0.809561 8.12749 -1.91086 -1.8116e-17 4.82109 0.421791 1.3904 -3.57984 -1.00752 -2.00958e-17 4.83041 0.765062 0.810338 -6.69601 0.287171 1.23299 -7.60731 7.53374 11.2495 3.56305 2.62559 12.9547 3.2495 -3.26872 -94.8038 25.8511 7.54502 29.2081 0.0598081 0.137039 3.8692 -0.626057 -18.9677 24.234 0.0496219 0.113701 -3.14459 -15.4369 -1.63667 -1.23299 -7.60729 7.53365 -12.2646 3.47036 -3.41867 -12.9547 3.2495 -3.26872 101.071 24.7058 -11.1176 -29.2081 0.0598081 0.137039 -4.34346 -0.79746 21.3917 -24.234 0.0496218 0.113702 3.12823 -21.1465 1.00456 9.23673 -4.20556 2.0327 -9.06235 3.82765 -17.9204 -0.852353 -38.7721 -0.655187 -1.03196 3.85379 -0.0325688 -2.32622 -40.4017 -6.04875 -1.99515 1.66328 15.2353 0.779096 -9.8844 12.4959 3.2052e-17 -7.94824e-16 1.21089e-17 -9.23673 -4.20556 2.0327 -9.17808 -5.53606 19.1198 0.852353 -38.7721 -0.655187 3.43858 12.7111 -0.16024 2.32622 -40.4017 -6.04875 -2.25899 -5.50623 -15.2665 -0.779096 -9.8844 12.4959 -5.97795e-16 -5.59037e-16 -1.2747e-14 
9.9269 91.5435 59.1082 9.88451 -9.57505 1.19185 0 5.07867 -1.15138 -3.8367 4.31097 0.351948 0 5.61661 1.07143 -3.00278 3.30082 -0.109244 -1.02604e-17 5.98978 0.11501 -2.26151 2.63075 -0.0557234 -1.10457e-17 6.50583 -0.443523 -1.47831 0.76272 -0.0693293 -1.97295e-17 7.60548 -1.50593 -0.65517 -0.0794491 0.0692563 -2.53307e-17 9.49737 -0.914492 0.222654 -1.17631 -0.24738 -2.90401e-17 10.5513 1.57691 -0.0394307 0.979474 -0.120594 -1.29193e-17 4.78644 0.715339 0.807621 8.1095 -1.91115 -1.8116e-17 4.82109 0.421791 1.39007 -3.54253 -1.00766 -2.00958e-17 4.83041 0.765062 0.809928 -6.67799 0.315947 1.23299 -7.60731 7.53374 11.1236 3.56275 2.60297 12.9547 3.2495 -3.26872 -94.6186 25.6953 7.47141 29.2081 0.0598081 0.137039 3.848 -0.618916 -18.8601 24.234 0.0496219 0.113701 -3.20594 -15.3256 -1.71972 -1.23299 -7.60729 7.53365 -12.2166 3.49332 -3.41628 -12.9547 3.2495 -3.26872 101.017 24.6325 -11.0305 -29.2081 0.0598081 0.137039 -4.31168 -0.785252 21.228 -24.234 0.0496218 0.113702 3.09079 -21.1063 0.982644 9.23673 -4.20556 2.0327 -9.06713 3.78379 -17.9046 -0.852353 -38.7721 -0.655187 -1.05471 3.93864 -0.0325045 -2.32622 -40.4017 -6.04875 -1.96561 1.58195 15.236 0.779096 -9.8844 12.4959 -3.7128e-16 -8.07518e-16 2.48031e-17 -9.23673 -4.20556 2.0327 -9.18003 -5.60746 19.0952 0.852353 -38.7721 -0.655187 3.46681 12.8126 -0.1647 2.32622 -40.4017 -6.04875 -2.31124 -5.52982 -15.2672 -0.779096 -9.8844 12.4959 5.92032e-16 -6.20977e-16 -1.27966e-14 
9.92071 91.5277 59.1282 9.88149 -9.54928 1.22621 0 5.07867 -1.15138 -3.83517 4.34867 0.359721 0 5.61661 1.07143 -3.0036 3.31998 -0.101942 -1.02604e-17 5.98978 0.11501 -2.26287 2.63174 -0.0484974 -1.10457e-17 6.50583 -0.443523 -1.48048 0.733373 -0.0624135 -1.97295e-17 7.60548 -1.50593 -0.655744 -0.124255 0.0764783 -2.53307e-17 9.49737 -0.914492 0.224561 -1.23571 -0.239844 -2.90401e-17 10.5513 1.57691 -0.0391018 0.985156 -0.1195 -1.29193e-17 4.78644 0.715339 0.809175 8.10009 -1.91048 -1.8116e-17 4.82109 0.421791 1.40094 -3.51747 -1.00706 -2.00958e-17 4.83041 0.765062 0.795058 -6.65403 0.334813 1.23299 -7.60731 7.53374 11.1066 3.59226 2.59624 12.9547 3.2495 -3.26872 -94.61 25.6582 7.49178 29.2081 0.0598081 0.137039 3.84518 -0.617969 -18.8458 24.234 0.0496219 0.113701 -3.21008 -15.3024 -1.7778 -1.23299 -7.60729 7.53365 -12.2181 3.5282 -3.41922 -12.9547 3.2495 -3.26872 100.984 24.565 -10.9836 -29.2081 0.0598081 0.137039 -4.29177 -0.777658 21.1256 -24.234 0.0496218 0.113702 3.09316 -21.0795 0.966956 9.23673 -4.20556 2.0327 -9.07126 3.72068 -17.8859 -0.852353 -38.7721 -0.655187 -1.07901 4.02932 -0.0323984 -2.32622 -40.4017 -6.04875 -1.90181 1.5022 15.2299 0.779096 -9.8844 12.4959 4.19536e-16 -7.82805e-16 9.00486e-20 -9.23673 -4.20556 2.0327 -9.18198 -5.68307 19.06 0.852353 -38.7721 -0.655187 3.49029 12.8971 -0.16845 2.32622 -40.4017 -6.04875 -2.3277 -5.56912 -15.2724 -0.779096 -9.8844 12.4959 -1.38429e-15 -5.34549e-16 -1.27101e-14 
9.91237 91.5151 59.1473 9.89444 -9.54732 1.24716 0 5.07867 -1.15138 -3.82701 4.37679 0.367154 0 5.61661 1.07143 -3.00084 3.33672 -0.0944704 -1.02604e-17 5.98978 0.11501 -2.26313 2.64189 -0.0402654 -1.10457e-17 6.50583 -0.443523 -1.48456 0.73446 -0.0535703 -1.97295e-17 7.60548 -1.50593 -0.660818 -0.134604 0.0859454 -2.53307e-17 9.49737 -0.914492 0.22065 -1.24497 -0.226941 -2.90401e-17 10.5513 1.57691 -0.0393253 0.986886 -0.116592 -1.29193e-17 4.78644 0.715339 0.79671 7.99613 -1.90581 -1.8116e-17 4.82109 0.421791 1.39557 -3.50753 -1.00508 -2.00958e-17 4.83041 0.765062 0.78685 -6.62294 0.342273 1.23299 -7.60731 7.53374 10.8637 3.59922 2.53262 12.9547 3.2495 -3.26872 -94.4131 25.5123 7.41341 29.2081 0.0598081 0.137039 3.83463 -0.614438 -18.7923 24.234 0.0496219 0.113701 -3.1638 -15.2455 -1.84709 -1.23299 -7.60729 7.53365 -12.0773 3.56012 -3.36425 -12.9547 3.2495 -3.26872 100.687 24.5926 -10.9426 -29.2081 0.0598081 0.137039 -4.27685 -0.771991 21.0488 -24.234 0.0496218 0.113702 3.18291 -21.2246 1.11927 9.23673 -4.20556 2.0327 -9.08738 3.67847 -17.8364 -0.852353 -38.7721 -0.655187 -1.10326 4.11978 -0.0322541 -2.32622 -40.4017 -6.04875 -1.8903 1.43626 15.2329 0.779096 -9.8844 12.4959 2.62889e-17 -7.95094e-16 1.2379e-17 -9.23673 -4.20556 2.0327 -9.19456 -5.76028 19.0496 0.852353 -38.7721 -0.655187 3.52466 13.0206 -0.174 2.32622 -40.4017 -6.04875 -2.35473 -5.59829 -15.2756 -0.779096 -9.8844 12.4959 -5.99236e-16 -5.58992e-16 -1.27469e-14 
9.90564 91.5012 59.1675 9.89146 -9.52157 1.2815 0 5.07867 -1.15138 -3.81263 4.39225 0.372901 0 5.61661 1.07143 -2.99246 3.34382 -0.087395 -1.02604e-17 5.98978 0.11501 -2.25847 2.64168 -0.0328802 -1.10457e-17 6.50583 -0.443523 -1.48417 0.725491 -0.0459898 -1.97295e-17 7.60548 -1.50593 -0.66248 -0.149782 0.0935383 -2.53307e-17 9.49737 -0.914492 0.217668 -1.26312 -0.21747 -2.90401e-17 10.5513 1.57691 -0.0405566 0.988344 -0.114279 -1.29193e-17 4.78644 0.715339 0.780567 7.94576 -1.93891 -1.8116e-17 4.82109 0.421791 1.36813 -3.49947 -1.0219 -2.00958e-17 4.83041 0.765062 0.80365 -6.60759 0.393858 1.23299 -7.60731 7.53374 10.8145 3.60677 2.51312 12.9547 3.2495 -3.26872 -94.3491 25.4591 7.3721 29.2081 0.0598081 0.137039 3.83317 -0.613949 -18.7849 24.234 0.0496219 0.113701 -3.18179 -15.2142 -1.88947 -1.23299 -7.60729 7.53365 -11.9695 3.58174 -3.33281 -12.9547 3.2495 -3.26872 100.502 24.6374 -10.8883 -29.2081 0.0598081 0.137039 -4.26719 -0.768337 20.9992 -24.234 0.0496218 0.113702 3.18685 -21.3503 1.18819 9.23673 -4.20556 2.0327 -9.0909 3.61265 -17.7336 -0.852353 -38.7721 -0.655187 -1.13074 4.22227 -0.0320443 -2.32622 -40.4017 -6.04875 -1.84558 1.35381 15.2312 0.779096 -9.8844 12.4959 8.17105e-16 -7.58002e-16 -2.4713e-17 -9.23673 -4.20556 2.0327 -9.20089 -5.8312 19.0169 0.852353 -38.7721 -0.655187 3.54769 13.1033 -0.17776 2.32622 -40.4017 -6.04875 -2.35149 -5.6412 -15.2783 -0.779096 -9.8844 12.4959 -1.38861e-15 -5.34324e-16 -1.27099e-14 
9.89697 91.4867 59.1882 9.89187 -9.48466 1.29401 0 5.07867 -1.15138 -3.81138 4.41107 0.38209 0 5.61661 1.07143 -2.99459 3.3511 -0.0777979 -1.02604e-17 5.98978 0.11501 -2.26101 2.63667 -0.022955 -1.10457e-17 6.50583 -0.443523 -1.48768 0.70116 -0.0361009 -1.97295e-17 7.60548 -1.50593 -0.663895 -0.18244 0.104047 -2.53307e-17 9.49737 -0.914492 0.219055 -1.30644 -0.206845 -2.90401e-17 10.5513 1.57691 -0.0403582 0.99172 -0.112964 -1.29193e-17 4.78644 0.715339 0.774126 7.9169 -1.93168 -1.8116e-17 4.82109 0.421791 1.36805 -3.49034 -1.0195 -2.00958e-17 4.83041 0.765062 0.793418 -6.57672 0.381652 1.23299 -7.60731 7.53374 10.8409 3.6302 2.5142 12.9547 3.2495 -3.26872 -94.3799 25.4444 7.38219 29.2081 0.0598081 0.137039 3.83646 -0.615048 -18.8015 24.234 0.0496219 0.113701 -3.16912 -15.1716 -1.89143 -1.23299 -7.60729 7.53365 -11.9476 3.60546 -3.33324 -12.9547 3.2495 -3.26872 100.433 24.6393 -10.8471 -29.2081 0.0598081 0.137039 -4.26813 -0.768691 21.004 -24.234 0.0496218 0.113702 3.1995 -21.3812 1.19321 9.23673 -4.20556 2.0327 -9.09962 3.54916 -17.6002 -0.852353 -38.7721 -0.655187 -1.15065 4.29653 -0.0318615 -2.32622 -40.4017 -6.04875 -1.76426 1.28535 15.2215 0.779096 -9.8844 12.4959 1.21612e-15 -7.45488e-16 -3.72271e-17 -9.23673 -4.20556 2.0327 -9.20469 -5.91108 19.001 0.852353 -38.7721 -0.655187 3.56636 13.1703 -0.180833 2.32622 -40.4017 -6.04875 -2.36831 -5.6829 -15.2818 -0.779096 -9.8844 12.4959 -2.18375e-15 -4.97097e-16 -1.26727e-14 
9.88799 91.4737 59.21 9.8844 -9.46342 1.30133 0 5.07867 -1.15138 -3.8114 4.43136 0.385255 0 5.61661 1.07143 -2.99633 3.35923 -0.0747297 -1.02604e-17 5.98978 0.11501 -2.26263 2.63174 -0.0196304 -1.10457e-17 6.50583 -0.443523 -1.48957 0.675131 -0.0330091 -1.97295e-17 7.60548 -1.50593 -0.664577 -0.217667 0.107259 -2.53307e-17 9.49737 -0.914492 0.219077 -1.353 -0.203908 -2.90401e-17 10.5513 1.57691 -0.0407207 0.994258 -0.11247 -1.29193e-17 4.78644 0.715339 0.769402 7.899 -1.91393 -1.8116e-17 4.82109 0.421791 1.35864 -3.46254 -1.01225 -2.00958e-17 4.83041 0.765062 0.789907 -6.5404 0.401994 1.23299 -7.60731 7.53374 10.8666 3.65395 2.51118 12.9547 3.2495 -3.26872 -94.3969 25.3882 7.40021 29.2081 0.0598081 0.137039 3.83452 -0.614398 -18.7917 24.234 0.0496219 0.113701 -3.16816 -15.1326 -1.88683 -1.23299 -7.60729 7.53365 -11.9421 3.62564 -3.33528 -12.9547 3.2495 -3.26872 100.408 24.6342 -10.8219 -29.2081 0.0598081 0.137039 -4.27399 -0.770907 21.0341 -24.234 0.0496218 0.113702 3.20771 -21.3388 1.18854 9.23673 -4.20556 2.0327 -9.10145 3.49656 -17.4118 -0.852353 -38.7721 -0.655187 -1.17326 4.38086 -0.0316224 -2.32622 -40.4017 -6.04875 -1.69329 1.21726 15.2149 0.779096 -9.8844 12.4959 2.91704e-17 -7.94959e-16 1.22439e-17 -9.23673 -4.20556 2.0327 -9.20532 -5.96075 18.9946 0.852353 -38.7721 -0.655187 3.57754 13.2104 -0.182683 2.32622 -40.4017 -6.04875 -2.35577 -5.72526 -15.283 -0.779096 -9.8844 12.4959 1.9014e-16 -5.95994e-16 -1.27716e-14 
9.877 91.4608 59.2339 9.86625 -9.44559 1.27859 0 5.07867 -1.15138 -3.8085 4.45285 0.387679 0 5.61661 1.07143 -2.99542 3.36863 -0.0723675 -1.02604e-17 5.98978 0.11501 -2.26218 2.62733 -0.0170333 -1.10457e-17 6.50583 -0.443523 -1.49004 0.648444 -0.0307773 -1.97295e-17 7.60548 -1.50593 -0.664672 -0.254573 0.109337 -2.53307e-17 9.49737 -0.914492 0.218533 -1.40213 -0.202307 -2.90401e-17 10.5513 1.57691 -0.0412581 0.99659 -0.112188 -1.29193e-17 4.78644 0.715339 0.7635 7.87721 -1.87322 -1.8116e-17 4.82109 0.421791 1.3426 -3.43489 -0.994722 -2.00958e-17 4.83041 0.765062 0.782065 -6.48855 0.416059 1.23299 -7.60731 7.53374 10.8916 3.68117 2.50536 12.9547 3.2495 -3.26872 -94.4235 25.3241 7.42836 29.2081 0.0598081 0.137039 3.83013 -0.612931 -18.7694 24.234 0.0496219 0.113701 -3.16804 -15.1252 -1.88279 -1.23299 -7.60729 7.53365 -11.932 3.64732 -3.3402 -12.9547 3.2495 -3.26872 100.381 24.6295 -10.7885 -29.2081 0.0598081 0.137039 -4.27629 -0.771779 21.046 -24.234 0.0496218 0.113702 3.21571 -21.2529 1.21912 9.23673 -4.20556 2.0327 -9.09364 3.44506 -17.1906 -0.852353 -38.7721 -0.655187 -1.19771 4.47202 -0.0313264 -2.32622 -40.4017 -6.04875 -1.60506 1.14318 15.2066 0.779096 -9.8844 12.4959 -1.55967e-15 -8.69413e-16 8.66981e-17 -9.23673 -4.20556 2.0327 -9.18469 -6.03065 19.0198 0.852353 -38.7721 -0.655187 3.59677 13.2794 -0.185884 2.32622 -40.4017 -6.04875 -2.36178 -5.75006 -15.2841 -0.779096 -9.8844 12.4959 1.98785e-16 -5.96354e-16 -1.27719e-14 
9.86633 91.4478 59.2595 9.83184 -9.4223 1.24563 0 5.07867 -1.15138 -3.7916 4.47569 0.386456 0 5.61661 1.07143 -2.98274 3.37885 -0.071678 -1.02604e-17 5.98978 0.11501 -2.25292 2.62192 -0.0159923 -1.10457e-17 6.50583 -0.443523 -1.48436 0.620058 -0.0298981 -1.97295e-17 7.60548 -1.50593 -0.661884 -0.293613 0.109016 -2.53307e-17 9.49737 -0.914492 0.217058 -1.45582 -0.202679 -2.90401e-17 10.5513 1.57691 -0.0417945 0.998605 -0.111602 -1.29193e-17 4.78644 0.715339 0.756008 7.85152 -1.81817 -1.8116e-17 4.82109 0.421791 1.31963 -3.39839 -0.970966 -2.00958e-17 4.83041 0.765062 0.741714 -6.44305 0.4264 1.23299 -7.60731 7.53374 10.9409 3.70664 2.50673 12.9547 3.2495 -3.26872 -94.5374 25.2273 7.45467 29.2081 0.0598081 0.137039 3.82428 -0.610979 -18.7398 24.234 0.0496219 0.113701 -3.13759 -15.0994 -1.83996 -1.23299 -7.60729 7.53365 -11.9495 3.66863 -3.34822 -12.9547 3.2495 -3.26872 100.323 24.6054 -10.7613 -29.2081 0.0598081 0.137039 -4.27972 -0.773079 21.0636 -24.234 0.0496218 0.113702 3.26873 -21.1474 1.28675 9.23673 -4.20556 2.0327 -9.07094 3.39593 -16.951 -0.852353 -38.7721 -0.655187 -1.21942 4.55295 -0.0310309 -2.32622 -40.4017 -6.04875 -1.50482 1.05935 15.1977 0.779096 -9.8844 12.4959 -3.77044e-16 -8.07788e-16 2.50732e-17 -9.23673 -4.20556 2.0327 -9.14936 -6.10553 19.0469 0.852353 -38.7721 -0.655187 3.6149 13.3443 -0.188923 2.32622 -40.4017 -6.04875 -2.34912 -5.77435 -15.2846 -0.779096 -9.8844 12.4959 -1.97344e-16 -5.83975e-16 -1.27595e-14 
9.8531 91.4307 59.286 9.77296 -9.38737 1.21801 0 5.07867 -1.15138 -3.75333 4.51171 0.38604 0 5.61661 1.07143 -2.95378 3.39525 -0.066032 -1.02604e-17 5.98978 0.11501 -2.23213 2.61424 -0.00918787 -1.10457e-17 6.50583 -0.443523 -1.47147 0.577597 -0.0228848 -1.97295e-17 7.60548 -1.50593 -0.655199 -0.350525 0.11376 -2.53307e-17 9.49737 -0.914492 0.216159 -1.53551 -0.19769 -2.90401e-17 10.5513 1.57691 -0.0417516 1.00215 -0.109601 -1.29193e-17 4.78644 0.715339 0.744172 7.81065 -1.77031 -1.8116e-17 4.82109 0.421791 1.28802 -3.36255 -0.950798 -2.00958e-17 4.83041 0.765062 0.66935 -6.38236 0.40645 1.23299 -7.60731 7.53374 11.0888 3.74594 2.52121 12.9547 3.2495 -3.26872 -94.7748 25.1513 7.52168 29.2081 0.0598081 0.137039 3.82433 -0.610995 -18.74 24.234 0.0496219 0.113701 -3.13469 -15.0468 -1.78909 -1.23299 -7.60729 7.53365 -12.0009 3.70749 -3.35401 -12.9547 3.2495 -3.26872 100.186 24.6158 -10.7862 -29.2081 0.0598081 0.137039 -4.29116 -0.777423 21.1224 -24.234 0.0496218 0.113702 3.41338 -21.1501 1.4106 9.23673 -4.20556 2.0327 -9.02272 3.34131 -16.7175 -0.852353 -38.7721 -0.655187 -1.24074 4.63241 -0.0307108 -2.32622 -40.4017 -6.04875 -1.38054 0.943435 15.1864 0.779096 -9.8844 12.4959 -3.72721e-16 -8.07563e-16 2.48481e-17 -9.23673 -4.20556 2.0327 -9.08838 -6.17007 19.0539 0.852353 -38.7721 -0.655187 3.62361 13.3755 -0.190391 2.32622 -40.4017 -6.04875 -2.34862 -5.80392 -15.2858 -0.779096 -9.8844 12.4959 -1.98785e-16 -5.8393e-16 -1.27595e-14 
9.83236 91.4049 59.3111 9.70895 -9.3092 1.16397 0 5.07867 -1.15138 -3.72684 4.54621 0.387855 0 5.61661 1.07143 -2.93467 3.40983 -0.0602849 -1.02604e-17 5.98978 0.11501 -2.21859 2.60415 -0.00256319 -1.10457e-17 6.50583 -0.443523 -1.46385 0.528551 -0.0163789 -1.97295e-17 7.60548 -1.50593 -0.651547 -0.413129 0.118925 -2.53307e-17 9.49737 -0.914492 0.21432 -1.61959 -0.192738 -2.90401e-17 10.5513 1.57691 -0.0419121 1.00657 -0.108524 -1.29193e-17 4.78644 0.715339 0.729957 7.76035 -1.7039 -1.8116e-17 4.82109 0.421791 1.25198 -3.3411 -0.922107 -2.00958e-17 4.83041 0.765062 0.646316 -6.31878 0.395498 1.23299 -7.60731 7.53374 11.212 3.79667 2.52839 12.9547 3.2495 -3.26872 -94.9461 25.0832 7.6219 29.2081 0.0598081 0.137039 3.82587 -0.61151 -18.7478 24.234 0.0496219 0.113701 -3.1364 -15.0388 -1.81404 -1.23299 -7.60729 7.53365 -12.0085 3.74982 -3.35886 -12.9547 3.2495 -3.26872 100.116 24.6632 -10.7956 -29.2081 0.0598081 0.137039 -4.30869 -0.784107 21.2126 -24.234 0.0496218 0.113702 3.46327 -21.1597 1.49155 9.23673 -4.20556 2.0327 -8.96319 3.25401 -16.4908 -0.852353 -38.7721 -0.655187 -1.25836 4.69809 -0.0304238 -2.32622 -40.4017 -6.04875 -1.25549 0.778613 15.1768 0.779096 -9.8844 12.4959 2.34073e-17 -7.95184e-16 1.24691e-17 -9.23673 -4.20556 2.0327 -9.01237 -6.29439 19.0958 0.852353 -38.7721 -0.655187 3.63807 13.4273 -0.192837 2.32622 -40.4017 -6.04875 -2.36322 -5.86238 -15.2885 -0.779096 -9.8844 12.4959 -5.94913e-16 -5.59172e-16 -1.27471e-14 
9.80537 91.3755 59.334 9.64875 -9.20839 1.09106 0 5.07867 -1.15138 -3.7087 4.5682 0.38605 0 5.61661 1.07143 -2.92198 3.41624 -0.0600918 -1.02604e-17 5.98978 0.11501 -2.20952 2.58991 -0.00181814 -1.10457e-17 6.50583 -0.443523 -1.45901 0.481618 -0.0158895 -1.97295e-17 7.60548 -1.50593 -0.650003 -0.470532 0.118355 -2.53307e-17 9.49737 -0.914492 0.210435 -1.69387 -0.19331 -2.90401e-17 10.5513 1.57691 -0.042497 1.01069 -0.108059 -1.29193e-17 4.78644 0.715339 0.71754 7.68641 -1.62474 -1.8116e-17 4.82109 0.421791 1.22135 -3.30745 -0.887569 -2.00958e-17 4.83041 0.765062 0.640919 -6.25462 0.416999 1.23299 -7.60731 7.53374 11.2392 3.84438 2.51848 12.9547 3.2495 -3.26872 -95.0141 24.9589 7.69824 29.2081 0.0598081 0.137039 3.82742 -0.612026 -18.7557 24.234 0.0496219 0.113701 -3.11282 -15.0289 -1.82541 -1.23299 -7.60729 7.53365 -11.9896 3.78964 -3.35812 -12.9547 3.2495 -3.26872 100.064 24.6658 -10.7872 -29.2081 0.0598081 0.137039 -4.33195 -0.793025 21.3324 -24.234 0.0496218 0.113702 3.48667 -21.0657 1.5392 9.23673 -4.20556 2.0327 -8.90327 3.14165 -16.2499 -0.852353 -38.7721 -0.655187 -1.27598 4.76378 -0.0301164 -2.32622 -40.4017 -6.04875 -1.15438 0.592185 15.1738 0.779096 -9.8844 12.4959 -7.674e-16 -8.32275e-16 4.95607e-17 -9.23673 -4.20556 2.0327 -8.93747 -6.46544 19.1507 0.852353 -38.7721 -0.655187 3.66168 13.5119 -0.196861 2.32622 -40.4017 -6.04875 -2.36074 -5.94239 -15.2909 -0.779096 -9.8844 12.4959 -2.0023e-16 -5.8384e-16 -1.27594e-14 
9.77876 91.3483 59.3534 9.57882 -9.11044 1.04398 0 5.07867 -1.15138 -3.68781 4.58371 0.381477 0 5.61661 1.07143 -2.90634 3.41796 -0.0624391 -1.02604e-17 5.98978 0.11501 -2.19783 2.57281 -0.00347929 -1.10457e-17 6.50583 -0.443523 -1.45182 0.435351 -0.0176753 -1.97295e-17 7.60548 -1.50593 -0.647004 -0.525431 0.115183 -2.53307e-17 9.49737 -0.914492 0.207082 -1.76336 -0.196538 -2.90401e-17 10.5513 1.57691 -0.0429861 1.01491 -0.107088 -1.29193e-17 4.78644 0.715339 0.706725 7.59312 -1.54609 -1.8116e-17 4.82109 0.421791 1.19237 -3.26146 -0.85325 -2.00958e-17 4.83041 0.765062 0.650268 -6.16138 0.42953 1.23299 -7.60731 7.53374 11.218 3.88977 2.4986 12.9547 3.2495 -3.26872 -95.0271 24.8335 7.75925 29.2081 0.0598081 0.137039 3.8286 -0.612422 -18.7617 24.234 0.0496219 0.113701 -3.0812 -14.9929 -1.81197 -1.23299 -7.60729 7.53365 -11.9355 3.82995 -3.33913 -12.9547 3.2495 -3.26872 99.982 24.649 -10.7743 -29.2081 0.0598081 0.137039 -4.35776 -0.802985 21.4654 -24.234 0.0496218 0.113702 3.49798 -20.9656 1.55012 9.23673 -4.20556 2.0327 -8.83379 3.02242 -16.0612 -0.852353 -38.7721 -0.655187 -1.29753 4.84406 -0.0297132 -2.32622 -40.4017 -6.04875 -1.05505 0.409151 15.1724 0.779096 -9.8844 12.4959 8.14205e-16 -7.58138e-16 -2.4577e-17 -9.23673 -4.20556 2.0327 -8.86045 -6.61981 19.1487 0.852353 -38.7721 -0.655187 3.68033 13.5786 -0.200062 2.32622 -40.4017 -6.04875 -2.35713 -6.00897 -15.2907 -0.779096 -9.8844 12.4959 -1.78328e-15 -5.09657e-16 -1.26976e-14 
9.82075 91.3593 59.416 9.53412 -9.02328 0.996053 0 5.07867 -1.15138 -3.64925 4.54891 0.37812 0 5.61661 1.07143 -2.87643 3.38724 -0.0596633 -1.02604e-17 5.98978 0.11501 -2.17584 2.54013 0.00053641 -1.10457e-17 6.50583 -0.443523 -1.43746 0.405073 -0.0137547 -1.97295e-17 7.60548 -1.50593 -0.639878 -0.548383 0.116614 -2.53307e-17 9.49737 -0.914492 0.205707 -1.79355 -0.194615 -2.90401e-17 10.5513 1.57691 -0.0424427 1.01533 -0.106108 -1.29193e-17 4.78644 0.715339 0.703354 7.56849 -1.46899 -1.8116e-17 4.82109 0.421791 1.15032 -3.20341 -0.81999 -2.00958e-17 4.83041 0.765062 0.578117 -6.10404 0.426383 1.23299 -7.60731 7.53374 11.2695 3.90523 2.50614 12.9547 3.2495 -3.26872 -95.056 24.8187 7.82915 29.2081 0.0598081 0.137039 3.82586 -0.611504 -18.7478 24.234 0.0496219 0.113701 -3.18973 -15.0228 -1.82671 -1.23299 -7.60729 7.53365 -11.9769 3.84376 -3.34415 -12.9547 3.2495 -3.26872 99.8503 24.6582 -10.8088 -29.2081 0.0598081 0.137039 -4.37994 -0.811599 21.5798 -24.234 0.0496218 0.113702 3.58 -20.8994 1.58516 9.23673 -4.20556 2.0327 -8.82808 2.96281 -15.935 -0.852353 -38.7721 -0.655187 -1.30043 4.85487 -0.0296566 -2.32622 -40.4017 -6.04875 -1.01527 0.391467 15.1686 0.779096 -9.8844 12.4959 8.19987e-16 -7.57867e-16 -2.48481e-17 -9.23673 -4.20556 2.0327 -8.85376 -6.69411 19.1148 0.852353 -38.7721 -0.655187 3.675 13.5595 -0.199145 2.32622 -40.4017 -6.04875 -2.33682 -5.98223 -15.2902 -0.779096 -9.8844 12.4959 -9.96814e-16 -5.46522e-16 -1.27221e-14 
9.81602 91.3478 59.443 9.4947 -8.95675 0.945439 0 5.07867 -1.15138 -3.63289 4.56415 0.376182 0 5.61661 1.07143 -2.8651 3.38937 -0.0595555 -1.02604e-17 5.98978 0.11501 -2.1679 2.52546 0.00107845 -1.10457e-17 6.50583 -0.443523 -1.43296 0.365121 -0.013669 -1.97295e-17 7.60548 -1.50593 -0.638432 -0.595893 0.115572 -2.53307e-17 9.49737 -0.914492 0.202931 -1.85638 -0.195449 -2.90401e-17 10.5513 1.57691 -0.0423088 1.01865 -0.106034 -1.29193e-17 4.78644 0.715339 0.698598 7.53479 -1.41632 -1.8116e-17 4.82109 0.421791 1.12952 -3.18106 -0.797435 -2.00958e-17 4.83041 0.765062 0.566008 -6.00909 0.474789 1.23299 -7.60731 7.53374 11.2903 3.94687 2.48964 12.9547 3.2495 -3.26872 -95.075 24.8311 7.89382 29.2081 0.0598081 0.137039 3.82651 -0.611723 -18.7511 24.234 0.0496219 0.113701 -3.19132 -15.1053 -1.82222 -1.23299 -7.60729 7.53365 -11.9917 3.87089 -3.33583 -12.9547 3.2495 -3.26872 99.8104 24.6759 -10.7989 -29.2081 0.0598081 0.137039 -4.39898 -0.819035 21.678 -24.234 0.0496218 0.113702 3.58943 -20.8253 1.5784 9.23673 -4.20556 2.0327 -8.80287 2.86411 -15.8276 -0.852353 -38.7721 -0.655187 -1.32385 4.94212 -0.0291795 -2.32622 -40.4017 -6.04875 -0.921615 0.302667 15.1628 0.779096 -9.8844 12.4959 4.23863e-16 -7.82624e-16 -9.03448e-20 -9.23673 -4.20556 2.0327 -8.81698 -6.80849 19.0978 0.852353 -38.7721 -0.655187 3.68882 13.6089 -0.201526 2.32622 -40.4017 -6.04875 -2.33103 -6.00207 -15.2915 -0.779096 -9.8844 12.4959 -1.78617e-15 -5.09521e-16 -1.26975e-14 
9.81312 91.3384 59.4703 9.44606 -8.91454 0.902858 0 5.07867 -1.15138 -3.6169 4.61163 0.377923 0 5.61661 1.07143 -2.85469 3.40965 -0.0534253 -1.02604e-17 5.98978 0.11501 -2.16152 2.51493 0.00797586 -1.10457e-17 6.50583 -0.443523 -1.42947 0.305397 -0.00745368 -1.97295e-17 7.60548 -1.50593 -0.636371 -0.672272 0.120604 -2.53307e-17 9.49737 -0.914492 0.20256 -1.96375 -0.189954 -2.90401e-17 10.5513 1.57691 -0.0410118 1.02573 -0.106414 -1.29193e-17 4.78644 0.715339 0.70468 7.58013 -1.36814 -1.8116e-17 4.82109 0.421791 1.12118 -3.13738 -0.775924 -2.00958e-17 4.83041 0.765062 0.545026 -5.95169 0.483792 1.23299 -7.60731 7.53374 11.499 4.00275 2.49583 12.9547 3.2495 -3.26872 -95.1549 24.9187 7.97442 29.2081 0.0598081 0.137039 3.82677 -0.61181 -18.7524 24.234 0.0496219 0.113701 -3.3115 -15.1997 -1.83767 -1.23299 -7.60729 7.53365 -12.2262 3.9171 -3.36413 -12.9547 3.2495 -3.26872 99.8786 24.7086 -10.8619 -29.2081 0.0598081 0.137039 -4.41869 -0.826773 21.7798 -24.234 0.0496218 0.113702 3.75013 -20.7892 1.62484 9.23673 -4.20556 2.0327 -8.76684 2.79549 -15.744 -0.852353 -38.7721 -0.655187 -1.34447 5.0189 -0.02873 -2.32622 -40.4017 -6.04875 -0.847047 0.216648 15.1594 0.779096 -9.8844 12.4959 -1.16208e-15 -8.44609e-16 6.18943e-17 -9.23673 -4.20556 2.0327 -8.77664 -6.90312 19.0481 0.852353 -38.7721 -0.655187 3.7058 13.6697 -0.204471 2.32622 -40.4017 -6.04875 -2.31449 -6.00756 -15.2897 -0.779096 -9.8844 12.4959 5.87681e-16 -6.20796e-16 -1.27964e-14 
9.81221 91.3271 59.4982 9.40782 -8.84702 0.858843 0 5.07867 -1.15138 -3.60381 4.64901 0.37442 0 5.61661 1.07143 -2.84519 3.42625 -0.05367 -1.02604e-17 5.98978 0.11501 -2.15528 2.50677 0.00800592 -1.10457e-17 6.50583 -0.443523 -1.42549 0.257316 -0.00813392 -1.97295e-17 7.60548 -1.50593 -0.634866 -0.732393 0.118594 -2.53307e-17 9.49737 -0.914492 0.199745 -2.04789 -0.191771 -2.90401e-17 10.5513 1.57691 -0.0401466 1.03086 -0.10741 -1.29193e-17 4.78644 0.715339 0.706796 7.60549 -1.30005 -1.8116e-17 4.82109 0.421791 1.10043 -3.11389 -0.745661 -2.00958e-17 4.83041 0.765062 0.525756 -5.91859 0.490232 1.23299 -7.60731 7.53374 11.6789 4.05692 2.49182 12.9547 3.2495 -3.26872 -95.2711 25.0135 8.07449 29.2081 0.0598081 0.137039 3.83781 -0.6155 -18.8084 24.234 0.0496219 0.113701 -3.34825 -15.3428 -1.84792 -1.23299 -7.60729 7.53365 -12.4183 3.95353 -3.38009 -12.9547 3.2495 -3.26872 99.9724 24.7929 -10.9182 -29.2081 0.0598081 0.137039 -4.44638 -0.837709 21.9229 -24.234 0.0496218 0.113702 3.81661 -20.7724 1.6384 9.23673 -4.20556 2.0327 -8.74053 2.73333 -15.6577 -0.852353 -38.7721 -0.655187 -1.351 5.04324 -0.0285817 -2.32622 -40.4017 -6.04875 -0.783573 0.130647 15.1559 0.779096 -9.8844 12.4959 -3.75612e-16 -8.07698e-16 2.49836e-17 -9.23673 -4.20556 2.0327 -8.74951 -7.02102 18.9808 0.852353 -38.7721 -0.655187 3.72313 13.7316 -0.207493 2.32622 -40.4017 -6.04875 -2.29225 -6.03342 -15.2907 -0.779096 -9.8844 12.4959 -1.95894e-16 -5.84065e-16 -1.27596e-14 
9.82155 91.3134 59.5256 9.40169 -8.75378 0.834302 0 5.07867 -1.15138 -3.58327 4.67499 0.367274 0 5.61661 1.07143 -2.83153 3.43462 -0.0557406 -1.02604e-17 5.98978 0.11501 -2.14777 2.49167 0.00613152 -1.10457e-17 6.50583 -0.443523 -1.42248 0.208971 -0.0102764 -1.97295e-17 7.60548 -1.50593 -0.637035 -0.788716 0.114836 -2.53307e-17 9.49737 -0.914492 0.191088 -2.12848 -0.191705 -2.90401e-17 10.5513 1.57691 -0.039068 1.03539 -0.108048 -1.29193e-17 4.78644 0.715339 0.70883 7.6089 -1.24456 -1.8116e-17 4.82109 0.421791 1.07577 -3.05417 -0.721059 -2.00958e-17 4.83041 0.765062 0.474736 -5.88961 0.498472 1.23299 -7.60731 7.53374 11.8081 4.0978 2.47773 12.9547 3.2495 -3.26872 -95.479 25.01 8.15479 29.2081 0.0598081 0.137039 3.85156 -0.620111 -18.8781 24.234 0.0496219 0.113701 -3.28389 -15.3764 -1.75687 -1.23299 -7.60729 7.53365 -12.7232 3.99236 -3.39328 -12.9547 3.2495 -3.26872 100.017 24.8973 -11.0485 -29.2081 0.0598081 0.137039 -4.4868 -0.85382 22.1321 -24.234 0.0496218 0.113702 4.02688 -20.8099 1.70941 9.23673 -4.20556 2.0327 -8.74969 2.67056 -15.6026 -0.852353 -38.7721 -0.655187 -1.34437 5.01856 -0.0287321 -2.32622 -40.4017 -6.04875 -0.747997 0.0547887 15.1548 0.779096 -9.8844 12.4959 4.19526e-16 -7.82805e-16 9.03448e-20 -9.23673 -4.20556 2.0327 -8.76868 -7.15559 18.8801 0.852353 -38.7721 -0.655187 3.73951 13.7901 -0.210367 2.32622 -40.4017 -6.04875 -2.26934 -6.09785 -15.2933 -0.779096 -9.8844 12.4959 -5.94908e-16 -5.59172e-16 -1.27471e-14 
9.85004 91.2986 59.5496 9.43378 -8.64759 0.864194 0 5.07867 -1.15138 -3.5862 4.68697 0.366795 0 5.61661 1.07143 -2.83807 3.43468 -0.0550593 -1.02604e-17 5.98978 0.11501 -2.15565 2.47668 0.00672616 -1.10457e-17 6.50583 -0.443523 -1.43124 0.169946 -0.0097219 -1.97295e-17 7.60548 -1.50593 -0.6463 -0.829676 0.116336 -2.53307e-17 9.49737 -0.914492 0.181301 -2.18168 -0.187025 -2.90401e-17 10.5513 1.57691 -0.0393044 1.04002 -0.108395 -1.29193e-17 4.78644 0.715339 0.699148 7.57664 -1.21181 -1.8116e-17 4.82109 0.421791 1.04204 -3.01055 -0.707401 -2.00958e-17 4.83041 0.765062 0.487929 -5.82846 0.474058 1.23299 -7.60731 7.53374 11.8343 4.13009 2.45328 12.9547 3.2495 -3.26872 -95.5544 24.8973 8.19848 29.2081 0.0598081 0.137039 3.85482 -0.621208 -18.8947 24.234 0.0496219 0.113701 -3.21329 -15.2655 -1.71256 -1.23299 -7.60729 7.53365 -12.8267 4.02451 -3.38085 -12.9547 3.2495 -3.26872 100.058 25.0327 -11.1471 -29.2081 0.0598081 0.137039 -4.52697 -0.869998 22.3402 -24.234 0.0496218 0.113702 4.0374 -20.9471 1.68901 9.23673 -4.20556 2.0327 -8.80612 2.59792 -15.6411 -0.852353 -38.7721 -0.655187 -1.33577 4.9865 -0.0289231 -2.32622 -40.4017 -6.04875 -0.7392 -0.00335881 15.1557 0.779096 -9.8844 12.4959 2.62936e-17 -7.95094e-16 1.23789e-17 -9.23673 -4.20556 2.0327 -8.84787 -7.27669 18.7392 0.852353 -38.7721 -0.655187 3.75021 13.8283 -0.212253 2.32622 -40.4017 -6.04875 -2.26019 -6.19242 -15.2978 -0.779096 -9.8844 12.4959 -5.96354e-16 -5.59082e-16 -1.27471e-14 
9.90273 91.282 59.568 9.49175 -8.52263 0.951267 0 5.07867 -1.15138 -3.56523 4.69154 0.365127 0 5.61661 1.07143 -2.82589 3.42972 -0.0516133 -1.02604e-17 5.98978 0.11501 -2.14984 2.45699 0.0109717 -1.10457e-17 6.50583 -0.443523 -1.43062 0.132215 -0.00473867 -1.97295e-17 7.60548 -1.50593 -0.650045 -0.867258 0.12118 -2.53307e-17 9.49737 -0.914492 0.173514 -2.23392 -0.17909 -2.90401e-17 10.5513 1.57691 -0.0388518 1.0448 -0.106047 -1.29193e-17 4.78644 0.715339 0.687529 7.53081 -1.20535 -1.8116e-17 4.82109 0.421791 1.021 -2.93612 -0.706731 -2.00958e-17 4.83041 0.765062 0.383101 -5.77612 0.416854 1.23299 -7.60731 7.53374 11.9063 4.15581 2.45755 12.9547 3.2495 -3.26872 -95.814 24.7542 8.17987 29.2081 0.0598081 0.137039 3.85616 -0.621657 -18.9015 24.234 0.0496219 0.113701 -3.09425 -15.0312 -1.57995 -1.23299 -7.60729 7.53365 -12.926 4.06248 -3.3723 -12.9547 3.2495 -3.26872 99.9199 25.0033 -11.2418 -29.2081 0.0598081 0.137039 -4.55353 -0.880791 22.478 -24.234 0.0496218 0.113702 4.15763 -21.0113 1.75464 9.23673 -4.20556 2.0327 -8.9006 2.48513 -15.7385 -0.852353 -38.7721 -0.655187 -1.33542 4.9852 -0.0289307 -2.32622 -40.4017 -6.04875 -0.737304 -0.0552009 15.1553 0.779096 -9.8844 12.4959 4.20972e-16 -7.8276e-16 4.51724e-20 -9.23673 -4.20556 2.0327 -8.97346 -7.42596 18.5764 0.852353 -38.7721 -0.655187 3.77066 13.9013 -0.215878 2.32622 -40.4017 -6.04875 -2.22662 -6.31492 -15.3087 -0.779096 -9.8844 12.4959 -1.3886e-15 -5.34324e-16 -1.27099e-14 
9.97694 91.2646 59.5811 9.54107 -8.39183 1.10621 0 5.07867 -1.15138 -3.57412 4.71153 0.37047 0 5.61661 1.07143 -2.83774 3.43295 -0.045554 -1.02604e-17 5.98978 0.11501 -2.16126 2.44135 0.0176151 -1.10457e-17 6.50583 -0.443523 -1.44171 0.0830483 0.00236905 -1.97295e-17 7.60548 -1.50593 -0.658683 -0.920663 0.130482 -2.53307e-17 9.49737 -0.914492 0.168061 -2.30123 -0.168685 -2.90401e-17 10.5513 1.57691 -0.0388712 1.05284 -0.104312 -1.29193e-17 4.78644 0.715339 0.672976 7.4785 -1.22991 -1.8116e-17 4.82109 0.421791 0.988773 -2.88659 -0.719788 -2.00958e-17 4.83041 0.765062 0.393432 -5.68137 0.350864 1.23299 -7.60731 7.53374 11.9234 4.20006 2.44745 12.9547 3.2495 -3.26872 -95.8684 24.6078 8.18102 29.2081 0.0598081 0.137039 3.83639 -0.615021 -18.8012 24.234 0.0496219 0.113701 -3.04228 -14.7627 -1.62014 -1.23299 -7.60729 7.53365 -12.8869 4.11014 -3.34583 -12.9547 3.2495 -3.26872 99.8782 25.0012 -11.3069 -29.2081 0.0598081 0.137039 -4.57144 -0.888108 22.571 -24.234 0.0496218 0.113702 4.09439 -21.1636 1.72147 9.23673 -4.20556 2.0327 -9.0028 2.35123 -15.9207 -0.852353 -38.7721 -0.655187 -1.34365 5.01586 -0.0287483 -2.32622 -40.4017 -6.04875 -0.70532 -0.108219 15.1513 0.779096 -9.8844 12.4959 -3.6983e-16 -8.07472e-16 2.47577e-17 -9.23673 -4.20556 2.0327 -9.10999 -7.56414 18.39 0.852353 -38.7721 -0.655187 3.79014 13.9708 -0.219356 2.32622 -40.4017 -6.04875 -2.22921 -6.4202 -15.3169 -0.779096 -9.8844 12.4959 -5.99245e-16 -5.58992e-16 -1.27469e-14 
10.0633 91.2483 59.5923 9.60902 -8.26329 1.27776 0 5.07867 -1.15138 -3.58677 4.73274 0.370935 0 5.61661 1.07143 -2.851 3.43774 -0.0461493 -1.02604e-17 5.98978 0.11501 -2.17267 2.42735 0.0171613 -1.10457e-17 6.50583 -0.443523 -1.45104 0.0362767 0.00183537 -1.97295e-17 7.60548 -1.50593 -0.665435 -0.97431 0.131675 -2.53307e-17 9.49737 -0.914492 0.163442 -2.37116 -0.16762 -2.90401e-17 10.5513 1.57691 -0.0385452 1.06175 -0.103986 -1.29193e-17 4.78644 0.715339 0.669998 7.48435 -1.20738 -1.8116e-17 4.82109 0.421791 0.976417 -2.85027 -0.711447 -2.00958e-17 4.83041 0.765062 0.361747 -5.63127 0.285066 1.23299 -7.60731 7.53374 11.9596 4.23906 2.45565 12.9547 3.2495 -3.26872 -95.8991 24.4953 8.14141 29.2081 0.0598081 0.137039 3.81292 -0.607196 -18.6822 24.234 0.0496219 0.113701 -3.03478 -14.5758 -1.66411 -1.23299 -7.60729 7.53365 -12.9116 4.14559 -3.35488 -12.9547 3.2495 -3.26872 99.8978 24.8188 -11.3201 -29.2081 0.0598081 0.137039 -4.57168 -0.888207 22.5722 -24.234 0.0496218 0.113702 4.0404 -21.0379 1.67169 9.23673 -4.20556 2.0327 -9.13025 2.20851 -16.1184 -0.852353 -38.7721 -0.655187 -1.35499 5.05812 -0.0284897 -2.32622 -40.4017 -6.04875 -0.692751 -0.148322 15.1489 0.779096 -9.8844 12.4959 -1.16497e-15 -8.44699e-16 6.19847e-17 -9.23673 -4.20556 2.0327 -9.27306 -7.73874 18.2042 0.852353 -38.7721 -0.655187 3.82888 14.1089 -0.22634 2.32622 -40.4017 -6.04875 -2.2087 -6.52612 -15.3281 -0.779096 -9.8844 12.4959 1.95894e-16 -5.96219e-16 -1.27718e-14 
10.1541 91.2364 59.6045 9.6711 -8.15663 1.41736 0 5.07867 -1.15138 -3.55934 4.79516 0.374724 0 5.61661 1.07143 -2.83247 3.46259 -0.0327929 -1.02604e-17 5.98978 0.11501 -2.16101 2.40954 0.0324718 -1.10457e-17 6.50583 -0.443523 -1.44319 -0.0477599 0.0174698 -1.97295e-17 7.60548 -1.50593 -0.658793 -1.07514 0.145941 -2.53307e-17 9.49737 -0.914492 0.168685 -2.51919 -0.154427 -2.90401e-17 10.5513 1.57691 -0.0348085 1.07309 -0.100651 -1.29193e-17 4.78644 0.715339 0.674266 7.55015 -1.19926 -1.8116e-17 4.82109 0.421791 0.971023 -2.76091 -0.709444 -2.00958e-17 4.83041 0.765062 0.173939 -5.59127 0.20905 1.23299 -7.60731 7.53374 12.4471 4.31704 2.53301 12.9547 3.2495 -3.26872 -96.3697 24.6434 8.24953 29.2081 0.0598081 0.137039 3.8222 -0.610282 -18.7292 24.234 0.0496219 0.113701 -3.19247 -14.5466 -1.6572 -1.23299 -7.60729 7.53365 -13.2472 4.22568 -3.38876 -12.9547 3.2495 -3.26872 99.8517 24.6155 -11.4779 -29.2081 0.0598081 0.137039 -4.58358 -0.893091 22.634 -24.234 0.0496218 0.113702 4.2686 -20.9248 1.69514 9.23673 -4.20556 2.0327 -9.25835 2.09658 -16.2602 -0.852353 -38.7721 -0.655187 -1.36162 5.08278 -0.0283348 -2.32622 -40.4017 -6.04875 -0.640761 -0.148542 15.1366 0.779096 -9.8844 12.4959 2.05115e-17 -7.95319e-16 1.26047e-17 -9.23673 -4.20556 2.0327 -9.43681 -7.87979 18.0135 0.852353 -38.7721 -0.655187 3.85804 14.2128 -0.231661 2.32622 -40.4017 -6.04875 -2.14629 -6.62617 -15.338 -0.779096 -9.8844 12.4959 -1.78183e-15 -5.09702e-16 -1.26976e-14 
10.2468 91.2282 59.6181 9.73221 -8.04002 1.52841 0 5.07867 -1.15138 -3.57709 4.83509 0.381 0 5.61661 1.07143 -2.84962 3.48054 -0.0269967 -1.02604e-17 5.98978 0.11501 -2.17543 2.40398 0.0380917 -1.10457e-17 6.50583 -0.443523 -1.45438 -0.0975919 0.0227558 -1.97295e-17 7.60548 -1.50593 -0.665388 -1.13284 0.153227 -2.53307e-17 9.49737 -0.914492 0.166478 -2.59744 -0.147959 -2.90401e-17 10.5513 1.57691 -0.0331122 1.0801 -0.099459 -1.29193e-17 4.78644 0.715339 0.658618 7.53779 -1.12402 -1.8116e-17 4.82109 0.421791 0.933739 -2.77027 -0.677058 -2.00958e-17 4.83041 0.765062 0.181638 -5.51561 0.155857 1.23299 -7.60731 7.53374 12.6708 4.38377 2.5717 12.9547 3.2495 -3.26872 -96.6452 24.6655 8.40856 29.2081 0.0598081 0.137039 3.84539 -0.618036 -18.8468 24.234 0.0496219 0.113701 -3.121 -14.5452 -1.69784 -1.23299 -7.60729 7.53365 -13.2893 4.2709 -3.38834 -12.9547 3.2495 -3.26872 99.8775 24.5046 -11.5295 -29.2081 0.0598081 0.137039 -4.5961 -0.89824 22.6991 -24.234 0.0496218 0.113702 4.19094 -20.8011 1.59993 9.23673 -4.20556 2.0327 -9.38297 2.01381 -16.4085 -0.852353 -38.7721 -0.655187 -1.34925 5.03671 -0.0286218 -2.32622 -40.4017 -6.04875 -0.626952 -0.142361 15.1291 0.779096 -9.8844 12.4959 4.20967e-16 -7.8276e-16 4.532e-20 -9.23673 -4.20556 2.0327 -9.58456 -8.04094 17.9129 0.852353 -38.7721 -0.655187 3.88829 14.3204 -0.237234 2.32622 -40.4017 -6.04875 -2.13506 -6.6874 -15.347 -0.779096 -9.8844 12.4959 -2.04586e-16 -5.83658e-16 -1.27593e-14 
10.3443 91.2224 59.6356 9.80604 -7.90624 1.65086 0 5.07867 -1.15138 -3.61043 4.86947 0.381262 0 5.61661 1.07143 -2.87918 3.49296 -0.0295797 -1.02604e-17 5.98978 0.11501 -2.20017 2.39015 0.0335166 -1.10457e-17 6.50583 -0.443523 -1.47265 -0.158778 0.0164639 -1.97295e-17 7.60548 -1.50593 -0.677952 -1.20264 0.148712 -2.53307e-17 9.49737 -0.914492 0.158571 -2.69774 -0.149269 -2.90401e-17 10.5513 1.57691 -0.0318814 1.08807 -0.103526 -1.29193e-17 4.78644 0.715339 0.671738 7.64831 -1.03554 -1.8116e-17 4.82109 0.421791 0.918362 -2.74078 -0.636544 -2.00958e-17 4.83041 0.765062 0.192449 -5.53953 0.168665 1.23299 -7.60731 7.53374 12.9108 4.42412 2.6187 12.9547 3.2495 -3.26872 -96.8235 24.5698 8.53381 29.2081 0.0598081 0.137039 3.85803 -0.622285 -18.911 24.234 0.0496219 0.113701 -3.13403 -14.526 -1.73993 -1.23299 -7.60729 7.53365 -13.7383 4.30402 -3.47561 -12.9547 3.2495 -3.26872 100.265 24.3712 -11.6294 -29.2081 0.0598081 0.137039 -4.60551 -0.902123 22.748 -24.234 0.0496218 0.113702 4.24894 -20.4819 1.47402 9.23673 -4.20556 2.0327 -9.52543 1.91769 -16.5276 -0.852353 -38.7721 -0.655187 -1.3345 4.98179 -0.0289507 -2.32622 -40.4017 -6.04875 -0.631534 -0.117528 15.1246 0.779096 -9.8844 12.4959 -3.69821e-16 -8.07472e-16 2.47574e-17 -9.23673 -4.20556 2.0327 -9.7567 -8.19743 17.809 0.852353 -38.7721 -0.655187 3.91056 14.3996 -0.241375 2.32622 -40.4017 -6.04875 -2.12005 -6.75673 -15.353 -0.779096 -9.8844 12.4959 -5.94904e-16 -5.59173e-16 -1.27471e-14 
10.445 91.2175 59.6557 9.86267 -7.76074 1.80155 0 5.07867 -1.15138 -3.63374 4.88525 0.380311 0 5.61661 1.07143 -2.89896 3.49555 -0.0337045 -1.02604e-17 5.98978 0.11501 -2.21612 2.3786 0.0281595 -1.10457e-17 6.50583 -0.443523 -1.48421 -0.19943 0.0104156 -1.97295e-17 7.60548 -1.50593 -0.685982 -1.2458 0.144246 -2.53307e-17 9.49737 -0.914492 0.153743 -2.75223 -0.152886 -2.90401e-17 10.5513 1.57691 -0.0310753 1.09427 -0.104346 -1.29193e-17 4.78644 0.715339 0.671153 7.6431 -0.891072 -1.8116e-17 4.82109 0.421791 0.90593 -2.71572 -0.571096 -2.00958e-17 4.83041 0.765062 0.172202 -5.51562 0.117697 1.23299 -7.60731 7.53374 12.9498 4.45769 2.63804 12.9547 3.2495 -3.26872 -96.8992 24.3923 8.64604 29.2081 0.0598081 0.137039 3.88486 -0.631359 -19.0472 24.234 0.0496219 0.113701 -3.06595 -14.4911 -1.75929 -1.23299 -7.60729 7.53365 -13.8349 4.33823 -3.48995 -12.9547 3.2495 -3.26872 100.406 24.1787 -11.6908 -29.2081 0.0598081 0.137039 -4.61752 -0.907094 22.8104 -24.234 0.0496218 0.113702 4.119 -20.1649 1.32047 9.23673 -4.20556 2.0327 -9.65294 1.82628 -16.7363 -0.852353 -38.7721 -0.655187 -1.3155 4.91101 -0.0293537 -2.32622 -40.4017 -6.04875 -0.638677 -0.101852 15.1216 0.779096 -9.8844 12.4959 -3.72721e-16 -8.07563e-16 2.48481e-17 -9.23673 -4.20556 2.0327 -9.92246 -8.34202 17.663 0.852353 -38.7721 -0.655187 3.9268 14.4573 -0.244412 2.32622 -40.4017 -6.04875 -2.07717 -6.83145 -15.3612 -0.779096 -9.8844 12.4959 5.92003e-16 -6.20975e-16 -1.27966e-14 
9.85053 91.274 59.88 9.90668 -7.6095 1.95404 0 5.07867 -1.15138 -3.78279 4.78974 0.422061 0 5.61661 1.07143 -3.03069 3.42136 -0.0107308 -1.02604e-17 5.98978 0.11501 -2.31747 2.32839 0.0494294 -1.10457e-17 6.50583 -0.443523 -1.55598 -0.215105 0.0303858 -1.97295e-17 7.60548 -1.50593 -0.722835 -1.23042 0.176718 -2.53307e-17 9.49737 -0.914492 0.159237 -2.7206 -0.121582 -2.90401e-17 10.5513 1.57691 -0.0290435 1.0931 -0.104522 -1.29193e-17 4.78644 0.715339 0.650818 7.60294 -0.858039 -1.8116e-17 4.82109 0.421791 1.02508 -2.66544 -0.556214 -2.00958e-17 4.83041 0.765062 0.473365 -5.41855 0.143581 1.23299 -7.60731 7.53374 13.1245 4.45575 2.72702 12.9547 3.2495 -3.26872 -96.8618 24.0745 8.70979 29.2081 0.0598081 0.137039 3.90022 -0.636585 -19.1253 24.234 0.0496219 0.113701 -2.88222 -14.1556 -1.67063 -1.23299 -7.60729 7.53365 -13.6252 4.33734 -3.51246 -12.9547 3.2495 -3.26872 100.478 23.9893 -11.7566 -29.2081 0.0598081 0.137039 -4.61423 -0.905733 22.7934 -24.234 0.0496218 0.113702 4.12991 -20.0165 1.19392 9.23673 -4.20556 2.0327 -9.36205 1.87574 -16.8385 -0.852353 -38.7721 -0.655187 -1.28005 4.77891 -0.0300427 -2.32622 -40.4017 -6.04875 -0.574347 0.0736859 15.1371 0.779096 -9.8844 12.4959 2.33978e-17 -7.95184e-16 1.24694e-17 -9.23673 -4.20556 2.0327 -9.6459 -8.15263 17.664 0.852353 -38.7721 -0.655187 3.84184 14.1551 -0.228698 2.32622 -40.4017 -6.04875 -2.07451 -6.86832 -15.3369 -0.779096 -9.8844 12.4959 -1.38424e-15 -5.34551e-16 -1.27101e-14 
9.88426 91.2638 59.9076 9.94459 -7.44916 2.1267 0 5.07867 -1.15138 -3.81254 4.73532 0.431866 0 5.61661 1.07143 -3.05774 3.38445 -0.00477521 -1.02604e-17 5.98978 0.11501 -2.33912 2.30708 0.0539348 -1.10457e-17 6.50583 -0.443523 -1.57257 -0.213265 0.035063 -1.97295e-17 7.60548 -1.50593 -0.73328 -1.21086 0.184837 -2.53307e-17 9.49737 -0.914492 0.156551 -2.68744 -0.11263 -2.90401e-17 10.5513 1.57691 -0.0291837 1.09177 -0.102413 -1.29193e-17 4.78644 0.715339 0.630625 7.51388 -0.742264 -1.8116e-17 4.82109 0.421791 1.03981 -2.6768 -0.50365 -2.00958e-17 4.83041 0.765062 0.512726 -5.37476 0.137288 1.23299 -7.60731 7.53374 13.1053 4.42806 2.80924 12.9547 3.2495 -3.26872 -96.9137 23.6707 8.7455 29.2081 0.0598081 0.137039 3.93669 -0.649086 -19.3107 24.234 0.0496219 0.113701 -2.74667 -13.9035 -1.58764 -1.23299 -7.60729 7.53365 -13.4698 4.33388 -3.51321 -12.9547 3.2495 -3.26872 100.405 23.4932 -11.7323 -29.2081 0.0598081 0.137039 -4.59645 -0.898385 22.7009 -24.234 0.0496218 0.113702 3.98521 -19.5138 1.1426 9.23673 -4.20556 2.0327 -9.42433 1.80678 -17.0674 -0.852353 -38.7721 -0.655187 -1.24565 4.65073 -0.0306328 -2.32622 -40.4017 -6.04875 -0.623641 0.0411171 15.1449 0.779096 -9.8844 12.4959 4.20967e-16 -7.8276e-16 4.53205e-20 -9.23673 -4.20556 2.0327 -9.75782 -8.32359 17.5938 0.852353 -38.7721 -0.655187 3.86869 14.2507 -0.233616 2.32622 -40.4017 -6.04875 -2.01759 -6.95899 -15.3333 -0.779096 -9.8844 12.4959 -9.95374e-16 -5.46613e-16 -1.27222e-14 
9.91946 91.2546 59.9364 9.96825 -7.31356 2.2303 0 5.07867 -1.15138 -3.83281 4.79102 0.443733 0 5.61661 1.07143 -3.07595 3.40781 0.00273062 -1.02604e-17 5.98978 0.11501 -2.35338 2.30259 0.0618447 -1.10457e-17 6.50583 -0.443523 -1.58365 -0.272569 0.0418795 -1.97295e-17 7.60548 -1.50593 -0.738654 -1.28813 0.193387 -2.53307e-17 9.49737 -0.914492 0.158754 -2.78384 -0.104137 -2.90401e-17 10.5513 1.57691 -0.0278457 1.10122 -0.100837 -1.29193e-17 4.78644 0.715339 0.620591 7.49189 -0.536686 -1.8116e-17 4.82109 0.421791 1.01335 -2.64744 -0.411971 -2.00958e-17 4.83041 0.765062 0.541968 -5.3474 0.0602695 1.23299 -7.60731 7.53374 13.1429 4.48239 2.83363 12.9547 3.2495 -3.26872 -96.7226 23.4231 8.87135 29.2081 0.0598081 0.137039 3.95534 -0.655527 -19.4056 24.234 0.0496219 0.113701 -2.91318 -13.9505 -1.81067 -1.23299 -7.60729 7.53365 -13.4097 4.38571 -3.51071 -12.9547 3.2495 -3.26872 100.34 23.2307 -11.7302 -29.2081 0.0598081 0.137039 -4.57827 -0.890909 22.6064 -24.234 0.0496218 0.113702 3.83395 -19.2242 1.08814 9.23673 -4.20556 2.0327 -9.48625 1.71323 -17.2229 -0.852353 -38.7721 -0.655187 -1.23696 4.61833 -0.0307697 -2.32622 -40.4017 -6.04875 -0.561075 0.0237586 15.1377 0.779096 -9.8844 12.4959 2.62983e-17 -7.95093e-16 1.23787e-17 -9.23673 -4.20556 2.0327 -9.83724 -8.43717 17.492 0.852353 -38.7721 -0.655187 3.87159 14.261 -0.23415 2.32622 -40.4017 -6.04875 -2.01777 -7.0341 -15.3404 -0.779096 -9.8844 12.4959 1.38279e-15 -6.45688e-16 -1.28336e-14 
9.95635 91.2486 59.9677 9.98792 -7.17869 2.31834 0 5.07867 -1.15138 -3.84589 4.7783 0.444954 0 5.61661 1.07143 -3.08786 3.39247 -0.000268615 -1.02604e-17 5.98978 0.11501 -2.36314 2.28314 0.0569481 -1.10457e-17 6.50583 -0.443523 -1.59111 -0.29906 0.0356664 -1.97295e-17 7.60548 -1.50593 -0.744899 -1.31278 0.188191 -2.53307e-17 9.49737 -0.914492 0.154309 -2.81424 -0.107528 -2.90401e-17 10.5513 1.57691 -0.0267253 1.10386 -0.101147 -1.29193e-17 4.78644 0.715339 0.614524 7.5023 -0.371258 -1.8116e-17 4.82109 0.421791 0.99852 -2.64202 -0.337738 -2.00958e-17 4.83041 0.765062 0.551133 -5.35995 0.162928 1.23299 -7.60731 7.53374 13.1259 4.48379 2.88765 12.9547 3.2495 -3.26872 -96.7077 23.2217 8.95898 29.2081 0.0598081 0.137039 3.98199 -0.664794 -19.5413 24.234 0.0496219 0.113701 -2.81641 -14.0936 -1.81874 -1.23299 -7.60729 7.53365 -13.4171 4.38559 -3.5346 -12.9547 3.2495 -3.26872 100.304 22.7547 -11.6573 -29.2081 0.0598081 0.137039 -4.56449 -0.885266 22.5349 -24.234 0.0496218 0.113702 3.72009 -18.6146 0.920492 9.23673 -4.20556 2.0327 -9.54466 1.64865 -17.3643 -0.852353 -38.7721 -0.655187 -1.21335 4.53033 -0.0311166 -2.32622 -40.4017 -6.04875 -0.487319 0.0129797 15.1304 0.779096 -9.8844 12.4959 8.17086e-16 -7.58003e-16 -2.47121e-17 -9.23673 -4.20556 2.0327 -9.91665 -8.59418 17.4538 0.852353 -38.7721 -0.655187 3.89301 14.3372 -0.238109 2.32622 -40.4017 -6.04875 -1.96034 -7.09903 -15.3406 -0.779096 -9.8844 12.4959 -1.77746e-15 -5.09884e-16 -1.26979e-14 
9.99309 91.2437 60.0008 9.97767 -7.05728 2.3741 0 5.07867 -1.15138 -3.84674 4.75754 0.458141 0 5.61661 1.07143 -3.08834 3.37397 0.0102592 -1.02604e-17 5.98978 0.11501 -2.36121 2.27413 0.0689954 -1.10457e-17 6.50583 -0.443523 -1.58867 -0.296198 0.0481222 -1.97295e-17 7.60548 -1.50593 -0.739542 -1.30598 0.202122 -2.53307e-17 9.49737 -0.914492 0.164759 -2.79147 -0.0986244 -2.90401e-17 10.5513 1.57691 -0.0255987 1.10433 -0.094521 -1.29193e-17 4.78644 0.715339 0.581897 7.39364 -0.203752 -1.8116e-17 4.82109 0.421791 0.985575 -2.66438 -0.264785 -2.00958e-17 4.83041 0.765062 0.535644 -5.3216 0.211177 1.23299 -7.60731 7.53374 13.091 4.48472 2.95272 12.9547 3.2495 -3.26872 -96.4575 22.9974 8.95399 29.2081 0.0598081 0.137039 4.00696 -0.673543 -19.6685 24.234 0.0496219 0.113701 -2.94703 -14.1751 -1.93811 -1.23299 -7.60729 7.53365 -12.8495 4.39021 -3.46362 -12.9547 3.2495 -3.26872 99.7963 22.2044 -11.4523 -29.2081 0.0598081 0.137039 -4.51002 -0.86315 22.2523 -24.234 0.0496218 0.113702 3.39225 -18.0586 0.948184 9.23673 -4.20556 2.0327 -9.56896 1.59508 -17.4877 -0.852353 -38.7721 -0.655187 -1.19255 4.4528 -0.0313921 -2.32622 -40.4017 -6.04875 -0.478549 -0.0209279 15.1333 0.779096 -9.8844 12.4959 -3.6837e-16 -8.07381e-16 2.46668e-17 -9.23673 -4.20556 2.0327 -9.96127 -8.71834 17.4536 0.852353 -38.7721 -0.655187 3.90202 14.3692 -0.239784 2.32622 -40.4017 -6.04875 -1.89363 -7.15475 -15.3405 -0.779096 -9.8844 12.4959 5.87652e-16 -6.20794e-16 -1.27964e-14 
9.99279 91.2464 60.0371 9.96391 -6.93597 2.4176 0 5.07867 -1.15138 -3.8692 4.72059 0.458861 0 5.61661 1.07143 -3.10435 3.34789 0.00124565 -1.02604e-17 5.98978 0.11501 -2.37014 2.26375 0.060057 -1.10457e-17 6.50583 -0.443523 -1.5933 -0.282984 0.0381766 -1.97295e-17 7.60548 -1.50593 -0.741286 -1.28945 0.194112 -2.53307e-17 9.49737 -0.914492 0.165872 -2.75231 -0.109426 -2.90401e-17 10.5513 1.57691 -0.0256086 1.10273 -0.0902012 -1.29193e-17 4.78644 0.715339 0.549132 7.27645 -0.0113738 -1.8116e-17 4.82109 0.421791 0.939551 -2.68971 -0.181055 -2.00958e-17 4.83041 0.765062 0.618167 -5.26988 0.354529 1.23299 -7.60731 7.53374 12.8947 4.48053 2.98071 12.9547 3.2495 -3.26872 -96.0304 22.8592 8.94785 29.2081 0.0598081 0.137039 4.03045 -0.681829 -19.7883 24.234 0.0496219 0.113701 -2.95769 -14.5008 -2.03038 -1.23299 -7.60729 7.53365 -12.2415 4.37197 -3.36187 -12.9547 3.2495 -3.26872 99.2757 21.588 -11.1254 -29.2081 0.0598081 0.137039 -4.43541 -0.833368 21.8662 -24.234 0.0496218 0.113702 3.09569 -17.3065 0.984707 9.23673 -4.20556 2.0327 -9.5695 1.5317 -17.5403 -0.852353 -38.7721 -0.655187 -1.17556 4.38942 -0.0315963 -2.32622 -40.4017 -6.04875 -0.433663 -0.0333898 15.1322 0.779096 -9.8844 12.4959 2.33978e-17 -7.95184e-16 1.24694e-17 -9.23673 -4.20556 2.0327 -9.97315 -8.84619 17.4948 0.852353 -38.7721 -0.655187 3.91107 14.4014 -0.24147 2.32622 -40.4017 -6.04875 -1.8303 -7.17642 -15.3375 -0.779096 -9.8844 12.4959 -1.95884e-16 -5.84066e-16 -1.27596e-14 
10.0137 91.2441 60.0715 9.95641 -6.82372 2.4407 0 5.07867 -1.15138 -3.88751 4.66671 0.455238 0 5.61661 1.07143 -3.11662 3.30831 -0.0105409 -1.02604e-17 5.98978 0.11501 -2.37627 2.23354 0.0467104 -1.10457e-17 6.50583 -0.443523 -1.59451 -0.293344 0.0232183 -1.97295e-17 7.60548 -1.50593 -0.740246 -1.29243 0.179531 -2.53307e-17 9.49737 -0.914492 0.16771 -2.75249 -0.125589 -2.90401e-17 10.5513 1.57691 -0.0248191 1.10166 -0.0893929 -1.29193e-17 4.78644 0.715339 0.538263 7.2435 0.188862 -1.8116e-17 4.82109 0.421791 0.91948 -2.6507 -0.0925091 -2.00958e-17 4.83041 0.765062 0.624867 -5.2243 0.524197 1.23299 -7.60731 7.53374 12.8965 4.47025 3.05835 12.9547 3.2495 -3.26872 -95.9798 22.6753 9.00582 29.2081 0.0598081 0.137039 4.05178 -0.689402 -19.8972 24.234 0.0496219 0.113701 -2.85931 -14.7385 -1.93986 -1.23299 -7.60729 7.53365 -12.0507 4.34183 -3.34746 -12.9547 3.2495 -3.26872 99.0507 20.9179 -10.8561 -29.2081 0.0598081 0.137039 -4.37552 -0.809878 21.557 -24.234 0.0496218 0.113702 2.93677 -16.3636 0.875727 9.23673 -4.20556 2.0327 -9.59449 1.4904 -17.5124 -0.852353 -38.7721 -0.655187 -1.15072 4.2968 -0.0318607 -2.32622 -40.4017 -6.04875 -0.336343 -0.0294894 15.1204 0.779096 -9.8844 12.4959 2.48481e-17 -7.95139e-16 1.2424e-17 -9.23673 -4.20556 2.0327 -9.99875 -8.97604 17.5331 0.852353 -38.7721 -0.655187 3.92281 14.4431 -0.243664 2.32622 -40.4017 -6.04875 -1.81782 -7.19826 -15.3333 -0.779096 -9.8844 12.4959 -1.38714e-15 -5.34415e-16 -1.271e-14 
10.0374 91.2419 60.1053 9.95284 -6.7114 2.47579 0 5.07867 -1.15138 -3.83398 4.73515 0.46669 0 5.61661 1.07143 -3.07684 3.33207 0.0170438 -1.02604e-17 5.98978 0.11501 -2.34656 2.21472 0.0813924 -1.10457e-17 6.50583 -0.443523 -1.57035 -0.370948 0.0577799 -1.97295e-17 7.60548 -1.50593 -0.717266 -1.39497 0.210921 -2.53307e-17 9.49737 -0.914492 0.190879 -2.908 -0.100745 -2.90401e-17 10.5513 1.57691 -0.0168097 1.10695 -0.0779872 -1.29193e-17 4.78644 0.715339 0.513079 7.32357 0.312236 -1.8116e-17 4.82109 0.421791 0.920562 -2.60711 -0.0407882 -2.00958e-17 4.83041 0.765062 0.370755 -5.15002 0.483395 1.23299 -7.60731 7.53374 13.8726 4.58079 3.23315 12.9547 3.2495 -3.26872 -96.2411 23.1023 9.17774 29.2081 0.0598081 0.137039 4.12331 -0.71513 -20.2628 24.234 0.0496219 0.113701 -3.63212 -15.2735 -1.95075 -1.23299 -7.60729 7.53365 -12.1251 4.4155 -3.31562 -12.9547 3.2495 -3.26872 98.2692 20.3973 -10.8876 -29.2081 0.0598081 0.137039 -4.33319 -0.793503 21.3388 -24.234 0.0496218 0.113702 3.3697 -16.014 1.18939 9.23673 -4.20556 2.0327 -9.62865 1.41871 -17.5449 -0.852353 -38.7721 -0.655187 -1.14236 4.26564 -0.0319407 -2.32622 -40.4017 -6.04875 -0.217994 -0.015598 15.1048 0.779096 -9.8844 12.4959 8.17086e-16 -7.58003e-16 -2.47121e-17 -9.23673 -4.20556 2.0327 -10.0523 -9.09504 17.4993 0.852353 -38.7721 -0.655187 3.93194 14.4755 -0.245377 2.32622 -40.4017 -6.04875 -1.63321 -7.28608 -15.3354 -0.779096 -9.8844 12.4959 -9.95374e-16 -5.46613e-16 -1.27222e-14 
10.0616 91.2387 60.1436 9.93497 -6.60229 2.52195 0 5.07867 -1.15138 -3.83539 4.80875 0.441197 0 5.61661 1.07143 -3.07141 3.37166 -0.00852801 -1.02604e-17 5.98978 0.11501 -2.33927 2.21121 0.0559973 -1.10457e-17 6.50583 -0.443523 -1.55882 -0.445773 0.0291627 -1.97295e-17 7.60548 -1.50593 -0.708654 -1.4893 0.17966 -2.53307e-17 9.49737 -0.914492 0.188296 -3.04377 -0.136422 -2.90401e-17 10.5513 1.57691 -0.013836 1.10875 -0.0754959 -1.29193e-17 4.78644 0.715339 0.480594 7.35305 0.549755 -1.8116e-17 4.82109 0.421791 0.811152 -2.61871 0.061002 -2.00958e-17 4.83041 0.765062 0.420579 -5.01519 0.613869 1.23299 -7.60731 7.53374 14.6411 4.74271 3.30857 12.9547 3.2495 -3.26872 -96.7845 23.6981 9.61014 29.2081 0.0598081 0.137039 4.23463 -0.756197 -20.8333 24.234 0.0496219 0.113701 -3.65305 -16.3369 -1.77283 -1.23299 -7.60729 7.53365 -12.2362 4.47194 -3.2374 -12.9547 3.2495 -3.26872 98.0876 20.0976 -10.8702 -29.2081 0.0598081 0.137039 -4.31357 -0.785973 21.2377 -24.234 0.0496218 0.113702 3.39589 -15.5676 1.28694 9.23673 -4.20556 2.0327 -9.64123 1.36147 -17.4963 -0.852353 -38.7721 -0.655187 -1.13076 4.22236 -0.0320441 -2.32622 -40.4017 -6.04875 -0.0748257 -0.0223273 15.0792 0.779096 -9.8844 12.4959 2.77486e-17 -7.95003e-16 1.22881e-17 -9.23673 -4.20556 2.0327 -10.08 -9.18607 17.52 0.852353 -38.7721 -0.655187 3.93128 14.4732 -0.245253 2.32622 -40.4017 -6.04875 -1.48647 -7.3504 -15.3363 -0.779096 -9.8844 12.4959 -2.01685e-16 -5.83794e-16 -1.27594e-14 
10.0725 91.2339 60.189 9.87286 -6.48851 2.51118 0 5.07867 -1.15138 -3.86689 4.801 0.416734 0 5.61661 1.07143 -3.088 3.36928 -0.0414074 -1.02604e-17 5.98978 0.11501 -2.34613 2.20406 0.020848 -1.10457e-17 6.50583 -0.443523 -1.55637 -0.462707 -0.00816017 -1.97295e-17 7.60548 -1.50593 -0.705117 -1.5028 0.142105 -2.53307e-17 9.49737 -0.914492 0.184568 -3.06278 -0.177975 -2.90401e-17 10.5513 1.57691 -0.0144963 1.10478 -0.0763347 -1.29193e-17 4.78644 0.715339 0.459072 7.30531 0.797576 -1.8116e-17 4.82109 0.421791 0.769496 -2.64301 0.170261 -2.00958e-17 4.83041 0.765062 0.536262 -4.90832 0.826837 1.23299 -7.60731 7.53374 14.9934 4.79787 3.40521 12.9547 3.2495 -3.26872 -97.1227 23.5612 9.79815 29.2081 0.0598081 0.137039 4.29786 -0.780086 -21.1583 24.234 0.0496219 0.113701 -3.39659 -16.7603 -1.43935 -1.23299 -7.60729 7.53365 -12.1889 4.44929 -3.22991 -12.9547 3.2495 -3.26872 98.0519 19.6335 -10.6743 -29.2081 0.0598081 0.137039 -4.2966 -0.779496 21.1504 -24.234 0.0496218 0.113702 3.24456 -14.781 1.23032 9.23673 -4.20556 2.0327 -9.60272 1.32367 -17.3695 -0.852353 -38.7721 -0.655187 -1.10805 4.13764 -0.0322211 -2.32622 -40.4017 -6.04875 -0.0244562 -0.0931608 15.0816 0.779096 -9.8844 12.4959 1.21321e-15 -7.45624e-16 -3.70908e-17 -9.23673 -4.20556 2.0327 -10.0459 -9.28389 17.5883 0.852353 -38.7721 -0.655187 3.92537 14.4522 -0.244143 2.32622 -40.4017 -6.04875 -1.43401 -7.37761 -15.3261 -0.779096 -9.8844 12.4959 -2.5755e-15 -4.849e-16 -1.26605e-14 
10.0692 91.2287 60.2389 9.78609 -6.37547 2.46544 0 5.07867 -1.15138 -3.84186 4.80186 0.395694 0 5.61661 1.07143 -3.06072 3.36998 -0.062085 -1.02604e-17 5.98978 0.11501 -2.32135 2.20444 0.00325795 -1.10457e-17 6.50583 -0.443523 -1.53395 -0.458141 -0.0263422 -1.97295e-17 7.60548 -1.50593 -0.690689 -1.50494 0.121295 -2.53307e-17 9.49737 -0.914492 0.186778 -3.061 -0.202809 -2.90401e-17 10.5513 1.57691 -0.0133588 1.09941 -0.0712535 -1.29193e-17 4.78644 0.715339 0.432324 7.1628 1.09574 -1.8116e-17 4.82109 0.421791 0.727682 -2.59854 0.302134 -2.00958e-17 4.83041 0.765062 0.484419 -4.84578 0.857476 1.23299 -7.60731 7.53374 15.1608 4.83886 3.43626 12.9547 3.2495 -3.26872 -97.0464 23.3585 9.84943 29.2081 0.0598081 0.137039 4.32942 -0.792164 -21.3207 24.234 0.0496219 0.113701 -3.50343 -17.1753 -1.29559 -1.23299 -7.60729 7.53365 -11.8489 4.44657 -3.12022 -12.9547 3.2495 -3.26872 97.3292 19.2018 -10.4772 -29.2081 0.0598081 0.137039 -4.27347 -0.770712 21.0315 -24.234 0.0496218 0.113702 3.30323 -14.2507 1.46051 9.23673 -4.20556 2.0327 -9.53652 1.28662 -17.2358 -0.852353 -38.7721 -0.655187 -1.09091 4.07372 -0.0323324 -2.32622 -40.4017 -6.04875 0.0698755 -0.180458 15.0828 0.779096 -9.8844 12.4959 4.25327e-16 -7.82578e-16 -1.36404e-19 -9.23673 -4.20556 2.0327 -9.98544 -9.35774 17.6219 0.852353 -38.7721 -0.655187 3.90803 14.3906 -0.240902 2.32622 -40.4017 -6.04875 -1.3137 -7.43702 -15.3186 -0.779096 -9.8844 12.4959 -2.07515e-16 -5.83566e-16 -1.27591e-14 
10.0499 91.2211 60.2955 9.67913 -6.2474 2.3765 0 5.07867 -1.15138 -3.83148 4.76594 0.373264 0 5.61661 1.07143 -3.04599 3.34713 -0.0891886 -1.02604e-17 5.98978 0.11501 -2.30614 2.18252 -0.0244214 -1.10457e-17 6.50583 -0.443523 -1.51922 -0.471882 -0.0560474 -1.97295e-17 7.60548 -1.50593 -0.683341 -1.51574 0.0894013 -2.53307e-17 9.49737 -0.914492 0.181077 -3.07486 -0.236848 -2.90401e-17 10.5513 1.57691 -0.0139273 1.09552 -0.0725147 -1.29193e-17 4.78644 0.715339 0.415793 7.08815 1.31559 -1.8116e-17 4.82109 0.421791 0.660684 -2.55118 0.397887 -2.00958e-17 4.83041 0.765062 0.544966 -4.75443 1.07291 1.23299 -7.60731 7.53374 15.2259 4.86747 3.46052 12.9547 3.2495 -3.26872 -97.1157 23.2041 9.93548 29.2081 0.0598081 0.137039 4.31769 -0.787663 -21.2603 24.234 0.0496219 0.113701 -3.30107 -17.6511 -1.12737 -1.23299 -7.60729 7.53365 -11.6768 4.41926 -3.07849 -12.9547 3.2495 -3.26872 97.0962 18.8155 -10.2312 -29.2081 0.0598081 0.137039 -4.24397 -0.759589 20.8799 -24.234 0.0496218 0.113702 3.14365 -13.532 1.4835 9.23673 -4.20556 2.0327 -9.44403 1.23625 -17.0474 -0.852353 -38.7721 -0.655187 -1.07315 4.00746 -0.0324275 -2.32622 -40.4017 -6.04875 0.276156 -0.276681 15.0657 0.779096 -9.8844 12.4959 2.63031e-17 -7.95093e-16 1.23786e-17 -9.23673 -4.20556 2.0327 -9.86381 -9.47556 17.7217 0.852353 -38.7721 -0.655187 3.89897 14.3584 -0.239215 2.32622 -40.4017 -6.04875 -1.33376 -7.43762 -15.311 -0.779096 -9.8844 12.4959 5.93444e-16 -6.21066e-16 -1.27966e-14 
10.0214 91.2126 60.3588 9.5791 -6.11543 2.33113 0 5.07867 -1.15138 -3.75925 4.7815 0.363751 0 5.61661 1.07143 -2.98732 3.34723 -0.0863201 -1.02604e-17 5.98978 0.11501 -2.26156 2.15633 -0.0177102 -1.10457e-17 6.50583 -0.443523 -1.48596 -0.525796 -0.0492269 -1.97295e-17 7.60548 -1.50593 -0.662428 -1.58156 0.0913588 -2.53307e-17 9.49737 -0.914492 0.187225 -3.17821 -0.236705 -2.90401e-17 10.5513 1.57691 -0.00990871 1.09713 -0.0669177 -1.29193e-17 4.78644 0.715339 0.404454 7.02875 1.4395 -1.8116e-17 4.82109 0.421791 0.658427 -2.44673 0.451247 -2.00958e-17 4.83041 0.765062 0.362911 -4.61714 1.12408 1.23299 -7.60731 7.53374 15.685 4.93525 3.53987 12.9547 3.2495 -3.26872 -97.5946 23.0181 10.0108 29.2081 0.0598081 0.137039 4.31461 -0.786481 -21.2444 24.234 0.0496219 0.113701 -3.33303 -17.7314 -0.851215 -1.23299 -7.60729 7.53365 -11.8085 4.44888 -3.08133 -12.9547 3.2495 -3.26872 96.4931 18.3852 -10.2133 -29.2081 0.0598081 0.137039 -4.23697 -0.756963 20.844 -24.234 0.0496218 0.113702 3.53395 -13.0772 1.72244 9.23673 -4.20556 2.0327 -9.35344 1.1804 -16.9 -0.852353 -38.7721 -0.655187 -1.0577 3.94982 -0.0324935 -2.32622 -40.4017 -6.04875 0.430133 -0.375383 15.0596 0.779096 -9.8844 12.4959 2.48481e-17 -7.95139e-16 1.2424e-17 -9.23673 -4.20556 2.0327 -9.76977 -9.57571 17.7246 0.852353 -38.7721 -0.655187 3.88745 14.3174 -0.237078 2.32622 -40.4017 -6.04875 -1.23406 -7.5019 -15.3051 -0.779096 -9.8844 12.4959 -1.95875e-16 -5.84066e-16 -1.27596e-14 
9.98336 91.2068 60.4279 9.45845 -5.98966 2.30395 0 5.07867 -1.15138 -3.60152 4.82918 0.356138 0 5.61661 1.07143 -2.86218 3.36971 -0.0650843 -1.02604e-17 5.98978 0.11501 -2.172 2.1377 0.0088982 -1.10457e-17 6.50583 -0.443523 -1.42628 -0.58787 -0.0209946 -1.97295e-17 7.60548 -1.50593 -0.631773 -1.65556 0.110303 -2.53307e-17 9.49737 -0.914492 0.188871 -3.30431 -0.213483 -2.90401e-17 10.5513 1.57691 -0.00359804 1.09489 -0.0549243 -1.29193e-17 4.78644 0.715339 0.372545 6.85154 1.54178 -1.8116e-17 4.82109 0.421791 0.598544 -2.30368 0.494099 -2.00958e-17 4.83041 0.765062 0.0463183 -4.41566 1.0049 1.23299 -7.60731 7.53374 16.4025 5.04946 3.60442 12.9547 3.2495 -3.26872 -98.8818 22.9794 10.3057 29.2081 0.0598081 0.137039 4.3634 -0.805279 -21.4958 24.234 0.0496219 0.113701 -3.053 -17.7099 -0.390561 -1.23299 -7.60729 7.53365 -12.1376 4.53658 -3.03326 -12.9547 3.2495 -3.26872 95.5044 18.3239 -10.4624 -29.2081 0.0598081 0.137039 -4.27638 -0.771814 21.0464 -24.234 0.0496218 0.113702 4.27208 -13.3106 2.19613 9.23673 -4.20556 2.0327 -9.23046 1.13834 -16.772 -0.852353 -38.7721 -0.655187 -1.04346 3.8967 -0.0325405 -2.32622 -40.4017 -6.04875 0.625462 -0.472318 15.0428 0.779096 -9.8844 12.4959 2.48481e-17 -7.95139e-16 1.2424e-17 -9.23673 -4.20556 2.0327 -9.64295 -9.61651 17.6982 0.852353 -38.7721 -0.655187 3.85488 14.2015 -0.231081 2.32622 -40.4017 -6.04875 -1.14854 -7.55297 -15.3051 -0.779096 -9.8844 12.4959 -1.98785e-16 -5.8393e-16 -1.27595e-14 
9.92642 91.2112 60.5028 9.33265 -5.90644 2.21744 0 5.07867 -1.15138 -3.60249 4.83711 0.382849 0 5.61661 1.07143 -2.86945 3.37626 -0.0374645 -1.02604e-17 5.98978 0.11501 -2.18074 2.13868 0.0360821 -1.10457e-17 6.50583 -0.443523 -1.43842 -0.602455 0.00623202 -1.97295e-17 7.60548 -1.50593 -0.641947 -1.66604 0.140862 -2.53307e-17 9.49737 -0.914492 0.182611 -3.31537 -0.182198 -2.90401e-17 10.5513 1.57691 -0.00526172 1.09379 -0.0543112 -1.29193e-17 4.78644 0.715339 0.31974 6.71424 1.56418 -1.8116e-17 4.82109 0.421791 0.540938 -2.38519 0.502023 -2.00958e-17 4.83041 0.765062 0.268394 -4.19729 1.03017 1.23299 -7.60731 7.53374 16.6171 5.08986 3.64837 12.9547 3.2495 -3.26872 -99.2422 22.4702 10.4644 29.2081 0.0598081 0.137039 4.33569 -0.794572 -21.353 24.234 0.0496219 0.113701 -2.74779 -17.3069 -0.312002 -1.23299 -7.60729 7.53365 -11.9057 4.53654 -3.04368 -12.9547 3.2495 -3.26872 95.3122 18.4911 -10.4194 -29.2081 0.0598081 0.137039 -4.303 -0.781938 21.1834 -24.234 0.0496218 0.113702 4.09775 -13.616 2.23398 9.23673 -4.20556 2.0327 -9.08137 1.16774 -16.6784 -0.852353 -38.7721 -0.655187 -1.01267 3.78177 -0.0325969 -2.32622 -40.4017 -6.04875 0.724876 -0.55451 15.0422 0.779096 -9.8844 12.4959 2.48481e-17 -7.95139e-16 1.2424e-17 -9.23673 -4.20556 2.0327 -9.45949 -9.63851 17.8558 0.852353 -38.7721 -0.655187 3.82487 14.0946 -0.225614 2.32622 -40.4017 -6.04875 -1.24462 -7.47863 -15.2936 -0.779096 -9.8844 12.4959 5.93444e-16 -6.21066e-16 -1.27966e-14 
9.85971 91.2273 60.5802 9.18676 -5.84532 2.09034 0 5.07867 -1.15138 -3.59253 4.9685 0.398721 0 5.61661 1.07143 -2.86752 3.44667 -0.0119885 -1.02604e-17 5.98978 0.11501 -2.1844 2.14753 0.0643604 -1.10457e-17 6.50583 -0.443523 -1.44285 -0.698483 0.0308843 -1.97295e-17 7.60548 -1.50593 -0.643312 -1.80391 0.164738 -2.53307e-17 9.49737 -0.914492 0.183999 -3.5236 -0.157324 -2.90401e-17 10.5513 1.57691 -0.00106567 1.1039 -0.0609916 -1.29193e-17 4.78644 0.715339 0.335661 6.93086 1.65428 -1.8116e-17 4.82109 0.421791 0.57731 -2.3741 0.542912 -2.00958e-17 4.83041 0.765062 0.273695 -4.2184 0.94768 1.23299 -7.60731 7.53374 17.3878 5.21236 3.6417 12.9547 3.2495 -3.26872 -99.1858 22.43 10.5833 29.2081 0.0598081 0.137039 4.30513 -0.782855 -21.1956 24.234 0.0496219 0.113701 -3.39013 -17.5434 -0.430755 -1.23299 -7.60729 7.53365 -12.7571 4.59628 -3.19474 -12.9547 3.2495 -3.26872 95.5373 18.6383 -10.6285 -29.2081 0.0598081 0.137039 -4.35089 -0.800327 21.43 -24.234 0.0496218 0.113702 4.68794 -13.799 2.4147 9.23673 -4.20556 2.0327 -8.91229 1.18433 -16.4703 -0.852353 -38.7721 -0.655187 -0.996228 3.72043 -0.0326017 -2.32622 -40.4017 -6.04875 0.8268 -0.59636 15.0424 0.779096 -9.8844 12.4959 2.48481e-17 -7.95139e-16 1.2424e-17 -9.23673 -4.20556 2.0327 -9.27375 -9.63331 17.9553 0.852353 -38.7721 -0.655187 3.78688 13.9592 -0.218773 2.32622 -40.4017 -6.04875 -1.10426 -7.42401 -15.2787 -0.779096 -9.8844 12.4959 -5.91989e-16 -5.59309e-16 -1.27472e-14 
9.79027 91.2533 60.6611 9.04263 -5.78948 1.92506 0 5.07867 -1.15138 -3.57987 5.0028 0.3864 0 5.61661 1.07143 -2.85405 3.46654 -0.0181851 -1.02604e-17 5.98978 0.11501 -2.17365 2.14084 0.0584995 -1.10457e-17 6.50583 -0.443523 -1.4315 -0.748945 0.0224226 -1.97295e-17 7.60548 -1.50593 -0.635149 -1.85699 0.153279 -2.53307e-17 9.49737 -0.914492 0.183616 -3.60937 -0.172774 -2.90401e-17 10.5513 1.57691 0.00205898 1.10114 -0.065645 -1.29193e-17 4.78644 0.715339 0.344334 6.91188 1.80324 -1.8116e-17 4.82109 0.421791 0.576246 -2.29776 0.608912 -2.00958e-17 4.83041 0.765062 0.272841 -4.14621 0.986591 1.23299 -7.60731 7.53374 17.8803 5.33605 3.57854 12.9547 3.2495 -3.26872 -99.5555 22.675 10.8928 29.2081 0.0598081 0.137039 4.34295 -0.797368 -21.3904 24.234 0.0496219 0.113701 -3.29365 -18.264 -0.187701 -1.23299 -7.60729 7.53365 -13.1614 4.63924 -3.18228 -12.9547 3.2495 -3.26872 95.7129 18.7834 -10.825 -29.2081 0.0598081 0.137039 -4.45728 -0.842039 21.9793 -24.234 0.0496218 0.113702 4.81507 -13.9513 2.25701 9.23673 -4.20556 2.0327 -8.7382 1.23377 -16.2332 -0.852353 -38.7721 -0.655187 -0.967155 3.61192 -0.0325669 -2.32622 -40.4017 -6.04875 0.956642 -0.580868 15.027 0.779096 -9.8844 12.4959 -7.67381e-16 -8.32274e-16 4.95598e-17 -9.23673 -4.20556 2.0327 -9.0736 -9.6002 18.0695 0.852353 -38.7721 -0.655187 3.73559 13.7761 -0.209678 2.32622 -40.4017 -6.04875 -0.972945 -7.32802 -15.2696 -0.779096 -9.8844 12.4959 5.91989e-16 -6.20975e-16 -1.27966e-14 
9.72599 91.292 60.7469 8.91272 -5.7639 1.74547 0 5.07867 -1.15138 -3.60738 4.92841 0.397418 0 5.61661 1.07143 -2.87837 3.42526 -0.00719729 -1.02604e-17 5.98978 0.11501 -2.19161 2.12602 0.0690676 -1.10457e-17 6.50583 -0.443523 -1.44328 -0.720379 0.0328605 -1.97295e-17 7.60548 -1.50593 -0.640033 -1.79738 0.166928 -2.53307e-17 9.49737 -0.914492 0.184953 -3.5317 -0.16294 -2.90401e-17 10.5513 1.57691 0.00234026 1.09016 -0.065644 -1.29193e-17 4.78644 0.715339 0.318644 6.78061 1.79404 -1.8116e-17 4.82109 0.421791 0.589954 -2.30647 0.602988 -2.00958e-17 4.83041 0.765062 0.433144 -4.04166 1.13689 1.23299 -7.60731 7.53374 18.0949 5.34133 3.62195 12.9547 3.2495 -3.26872 -99.7643 22.4219 10.9489 29.2081 0.0598081 0.137039 4.35596 -0.802397 -21.4575 24.234 0.0496219 0.113701 -2.99553 -18.2657 0.214435 -1.23299 -7.60729 7.53365 -13.0037 4.5911 -3.18614 -12.9547 3.2495 -3.26872 95.6329 18.6955 -10.7931 -29.2081 0.0598081 0.137039 -4.52678 -0.869925 22.3393 -24.234 0.0496218 0.113702 4.74883 -14.0349 2.04038 9.23673 -4.20556 2.0327 -8.57464 1.30639 -16.0464 -0.852353 -38.7721 -0.655187 -0.939052 3.50702 -0.0324809 -2.32622 -40.4017 -6.04875 0.932494 -0.546311 15.0374 0.779096 -9.8844 12.4959 -3.74176e-16 -8.07654e-16 2.4939e-17 -9.23673 -4.20556 2.0327 -8.88052 -9.58109 18.2277 0.852353 -38.7721 -0.655187 3.70392 13.6629 -0.204143 2.32622 -40.4017 -6.04875 -0.920915 -7.15481 -15.2543 -0.779096 -9.8844 12.4959 9.92468e-16 -6.33581e-16 -1.28091e-14 
9.67642 91.3429 60.8367 8.797 -5.77422 1.56685 0 5.07867 -1.15138 -3.6422 4.8366 0.41107 0 5.61661 1.07143 -2.90651 3.37472 0.00121186 -1.02604e-17 5.98978 0.11501 -2.2111 2.11265 0.0770626 -1.10457e-17 6.50583 -0.443523 -1.45514 -0.672724 0.0404269 -1.97295e-17 7.60548 -1.50593 -0.644043 -1.72176 0.178183 -2.53307e-17 9.49737 -0.914492 0.189454 -3.42882 -0.156348 -2.90401e-17 10.5513 1.57691 0.00147316 1.07933 -0.0667061 -1.29193e-17 4.78644 0.715339 0.29657 6.7041 1.87967 -1.8116e-17 4.82109 0.421791 0.612962 -2.28977 0.641082 -2.00958e-17 4.83041 0.765062 0.568981 -4.02091 1.13238 1.23299 -7.60731 7.53374 18.1914 5.30971 3.68545 12.9547 3.2495 -3.26872 -99.9117 21.9365 10.948 29.2081 0.0598081 0.137039 4.33951 -0.796042 -21.3727 24.234 0.0496219 0.113701 -2.6812 -17.9766 0.541176 -1.23299 -7.60729 7.53365 -12.7203 4.51457 -3.21128 -12.9547 3.2495 -3.26872 95.4918 18.5012 -10.629 -29.2081 0.0598081 0.137039 -4.5384 -0.874634 22.3995 -24.234 0.0496218 0.113702 4.61875 -13.9949 1.93843 9.23673 -4.20556 2.0327 -8.43663 1.41937 -15.8572 -0.852353 -38.7721 -0.655187 -0.909124 3.39529 -0.0323326 -2.32622 -40.4017 -6.04875 0.916692 -0.442637 15.0417 0.779096 -9.8844 12.4959 -3.72721e-16 -8.07563e-16 2.48481e-17 -9.23673 -4.20556 2.0327 -8.72123 -9.4483 18.3678 0.852353 -38.7721 -0.655187 3.63751 13.4253 -0.192742 2.32622 -40.4017 -6.04875 -0.81149 -6.97588 -15.24 -0.779096 -9.8844 12.4959 5.97809e-16 -6.21248e-16 -1.27968e-14 
9.64933 91.4013 60.9275 8.69973 -5.78704 1.40448 0 5.07867 -1.15138 -3.65717 4.92416 0.448679 0 5.61661 1.07143 -2.9234 3.41041 0.0600974 -1.02604e-17 5.98978 0.11501 -2.22451 2.08299 0.141447 -1.10457e-17 6.50583 -0.443523 -1.45468 -0.808083 0.100185 -1.97295e-17 7.60548 -1.50593 -0.623344 -1.87574 0.238595 -2.53307e-17 9.49737 -0.914492 0.229471 -3.69491 -0.111647 -2.90401e-17 10.5513 1.57691 0.0129886 1.08696 -0.0677616 -1.29193e-17 4.78644 0.715339 0.301074 7.14866 1.79854 -1.8116e-17 4.82109 0.421791 0.71402 -2.21034 0.600572 -2.00958e-17 4.83041 0.765062 0.479443 -4.04749 1.02073 1.23299 -7.60731 7.53374 20.1877 5.52628 3.862 12.9547 3.2495 -3.26872 -100.778 22.4509 11.2377 29.2081 0.0598081 0.137039 4.35393 -0.801606 -21.4469 24.234 0.0496219 0.113701 -3.72594 -18.2164 0.59926 -1.23299 -7.60729 7.53365 -13.7876 4.58934 -3.46067 -12.9547 3.2495 -3.26872 95.964 18.384 -10.8425 -29.2081 0.0598081 0.137039 -4.5393 -0.875004 22.4042 -24.234 0.0496218 0.113702 5.1913 -14.1022 1.95153 9.23673 -4.20556 2.0327 -8.33966 1.47846 -15.6992 -0.852353 -38.7721 -0.655187 -0.904738 3.37892 -0.0323059 -2.32622 -40.4017 -6.04875 1.04889 -0.245679 15.0113 0.779096 -9.8844 12.4959 -3.72721e-16 -8.07563e-16 2.48481e-17 -9.23673 -4.20556 2.0327 -8.60065 -9.32543 18.4512 0.852353 -38.7721 -0.655187 3.57786 13.2116 -0.182737 2.32622 -40.4017 -6.04875 -0.61034 -6.78737 -15.23 -0.779096 -9.8844 12.4959 -1.95875e-16 -5.84066e-16 -1.27596e-14 
9.6455 91.468 61.0178 8.63129 -5.83288 1.23201 0 5.07867 -1.15138 -3.6999 4.97481 0.422476 0 5.61661 1.07143 -2.94736 3.45131 0.0297614 -1.02604e-17 5.98978 0.11501 -2.23763 2.10056 0.109228 -1.10457e-17 6.50583 -0.443523 -1.45373 -0.838678 0.0640267 -1.97295e-17 7.60548 -1.50593 -0.618114 -1.91138 0.201868 -2.53307e-17 9.49737 -0.914492 0.22793 -3.75746 -0.156778 -2.90401e-17 10.5513 1.57691 0.0152081 1.08143 -0.0714265 -1.29193e-17 4.78644 0.715339 0.291812 7.11539 2.00087 -1.8116e-17 4.82109 0.421791 0.700728 -2.23955 0.690255 -2.00958e-17 4.83041 0.765062 0.579769 -3.8937 1.01052 1.23299 -7.60731 7.53374 20.8734 5.70012 3.85509 12.9547 3.2495 -3.26872 -101.648 22.6511 11.7349 29.2081 0.0598081 0.137039 4.45892 -0.842792 -21.9891 24.234 0.0496219 0.113701 -3.26849 -18.841 1.03394 -1.23299 -7.60729 7.53365 -14.0221 4.61061 -3.44918 -12.9547 3.2495 -3.26872 96.1586 18.234 -10.8923 -29.2081 0.0598081 0.137039 -4.57909 -0.891249 22.6107 -24.234 0.0496218 0.113702 5.25204 -13.914 1.91774 9.23673 -4.20556 2.0327 -8.26224 1.61301 -15.5146 -0.852353 -38.7721 -0.655187 -0.875112 3.26831 -0.0320931 -2.32622 -40.4017 -6.04875 0.977369 -0.0351934 14.9993 0.779096 -9.8844 12.4959 4.19507e-16 -7.82806e-16 9.09372e-20 -9.23673 -4.20556 2.0327 -8.51602 -9.19405 18.64 0.852353 -38.7721 -0.655187 3.52714 13.0295 -0.174404 2.32622 -40.4017 -6.04875 -0.317764 -6.59185 -15.2251 -0.779096 -9.8844 12.4959 -2.17936e-15 -4.9728e-16 -1.26728e-14 
9.66764 91.535 61.1075 8.57072 -5.86312 1.06315 0 5.07867 -1.15138 -3.76248 4.88273 0.413465 0 5.61661 1.07143 -2.99178 3.40756 0.0115523 -1.02604e-17 5.98978 0.11501 -2.26687 2.10084 0.0881619 -1.10457e-17 6.50583 -0.443523 -1.46886 -0.768554 0.0424597 -1.97295e-17 7.60548 -1.50593 -0.624777 -1.8064 0.18384 -2.53307e-17 9.49737 -0.914492 0.225023 -3.61442 -0.177405 -2.90401e-17 10.5513 1.57691 0.0117271 1.06481 -0.0730377 -1.29193e-17 4.78644 0.715339 0.268886 7.03674 2.01623 -1.8116e-17 4.82109 0.421791 0.685721 -2.2788 0.697106 -2.00958e-17 4.83041 0.765062 0.792069 -3.88453 1.16407 1.23299 -7.60731 7.53374 21.0272 5.65629 3.93877 12.9547 3.2495 -3.26872 -101.77 22.1898 11.7574 29.2081 0.0598081 0.137039 4.48172 -0.851888 -22.1071 24.234 0.0496219 0.113701 -2.96746 -18.8039 1.36449 -1.23299 -7.60729 7.53365 -13.8312 4.52407 -3.45879 -12.9547 3.2495 -3.26872 96.1809 18.042 -10.7608 -29.2081 0.0598081 0.137039 -4.58856 -0.895141 22.6599 -24.234 0.0496218 0.113702 5.08658 -13.7804 1.90293 9.23673 -4.20556 2.0327 -8.21452 1.72538 -15.3417 -0.852353 -38.7721 -0.655187 -0.850598 3.17677 -0.0318736 -2.32622 -40.4017 -6.04875 0.788091 0.138917 15.0203 0.779096 -9.8844 12.4959 -3.69811e-16 -8.07472e-16 2.47571e-17 -9.23673 -4.20556 2.0327 -8.45345 -9.06554 18.7995 0.852353 -38.7721 -0.655187 3.47461 12.8407 -0.165943 2.32622 -40.4017 -6.04875 -0.291477 -6.34187 -15.2102 -0.779096 -9.8844 12.4959 -6.02174e-16 -5.58855e-16 -1.27468e-14 
10.4603 91.3648 60.5551 8.51437 -5.91457 0.888403 0 5.07867 -1.15138 -3.64128 5.20162 0.369095 0 5.61661 1.07143 -2.88295 3.63012 -0.0211071 -1.02604e-17 5.98978 0.11501 -2.1844 2.23196 0.0571606 -1.10457e-17 6.50583 -0.443523 -1.41068 -0.797802 0.0111549 -1.97295e-17 7.60548 -1.50593 -0.597717 -1.9347 0.143177 -2.53307e-17 9.49737 -0.914492 0.212693 -3.8032 -0.214521 -2.90401e-17 10.5513 1.57691 0.0097812 1.07972 -0.0703634 -1.29193e-17 4.78644 0.715339 0.267574 7.02809 2.1366 -1.8116e-17 4.82109 0.421791 0.598835 -2.36323 0.75056 -2.00958e-17 4.83041 0.765062 0.457505 -4.03363 1.11972 1.23299 -7.60731 7.53374 20.9732 5.74596 3.88594 12.9547 3.2495 -3.26872 -101.645 21.9515 11.6094 29.2081 0.0598081 0.137039 4.54057 -0.875619 -22.4121 24.234 0.0496219 0.113701 -3.11892 -19.2813 1.51372 -1.23299 -7.60729 7.53365 -13.985 4.58908 -3.41511 -12.9547 3.2495 -3.26872 95.934 17.6023 -10.3763 -29.2081 0.0598081 0.137039 -4.58867 -0.895186 22.6605 -24.234 0.0496218 0.113702 4.95333 -13.4371 2.00249 9.23673 -4.20556 2.0327 -8.62518 1.19657 -15.3965 -0.852353 -38.7721 -0.655187 -0.981533 3.66558 -0.032591 -2.32622 -40.4017 -6.04875 0.888147 -0.435032 15.0142 0.779096 -9.8844 12.4959 8.15608e-16 -7.58049e-16 -2.46656e-17 -9.23673 -4.20556 2.0327 -8.83111 -9.94145 18.7967 0.852353 -38.7721 -0.655187 3.72088 13.7236 -0.2071 2.32622 -40.4017 -6.04875 -0.23774 -6.41802 -15.2398 -0.779096 -9.8844 12.4959 -2.18079e-15 -4.9719e-16 -1.26728e-14 
10.4954 91.3906 60.5833 8.47115 -5.93827 0.71477 0 5.07867 -1.15138 -3.66582 5.22669 0.358586 0 5.61661 1.07143 -2.89747 3.64257 -0.0376524 -1.02604e-17 5.98978 0.11501 -2.19153 2.22183 0.0409097 -1.10457e-17 6.50583 -0.443523 -1.40969 -0.844745 -0.0070364 -1.97295e-17 7.60548 -1.50593 -0.592521 -1.99116 0.125665 -2.53307e-17 9.49737 -0.914492 0.218145 -3.88721 -0.236808 -2.90401e-17 10.5513 1.57691 0.0102417 1.08622 -0.0716592 -1.29193e-17 4.78644 0.715339 0.269964 7.08596 2.15103 -1.8116e-17 4.82109 0.421791 0.562992 -2.15144 0.75302 -2.00958e-17 4.83041 0.765062 0.495863 -4.10938 1.18452 1.23299 -7.60731 7.53374 21.1359 5.8115 3.87644 12.9547 3.2495 -3.26872 -101.721 21.7604 11.5914 29.2081 0.0598081 0.137039 4.48898 -0.854797 -22.1447 24.234 0.0496219 0.113701 -2.97871 -19.561 1.50275 -1.23299 -7.60729 7.53365 -14.0279 4.61093 -3.43107 -12.9547 3.2495 -3.26872 95.9259 17.4735 -10.1886 -29.2081 0.0598081 0.137039 -4.57017 -0.887594 22.5644 -24.234 0.0496218 0.113702 4.86923 -13.3388 1.85746 9.23673 -4.20556 2.0327 -8.61311 1.15331 -15.2376 -0.852353 -38.7721 -0.655187 -1.0203 3.81026 -0.0325887 -2.32622 -40.4017 -6.04875 0.966 -0.379302 14.9984 0.779096 -9.8844 12.4959 -7.64452e-16 -8.32137e-16 4.94225e-17 -9.23673 -4.20556 2.0327 -8.77471 -9.96484 18.8442 0.852353 -38.7721 -0.655187 3.72425 13.7356 -0.207688 2.32622 -40.4017 -6.04875 -0.242632 -6.28478 -15.2521 -0.779096 -9.8844 12.4959 -9.98303e-16 -5.46475e-16 -1.2722e-14 
10.5243 91.4094 60.6218 8.44842 -5.93453 0.566556 0 5.07867 -1.15138 -3.71746 5.20253 0.382876 0 5.61661 1.07143 -2.9449 3.61742 -0.00834474 -1.02604e-17 5.98978 0.11501 -2.22578 2.19068 0.0731606 -1.10457e-17 6.50583 -0.443523 -1.42776 -0.886485 0.0239632 -1.97295e-17 7.60548 -1.50593 -0.589398 -2.02736 0.161569 -2.53307e-17 9.49737 -0.914492 0.240873 -3.95615 -0.213186 -2.90401e-17 10.5513 1.57691 0.0141439 1.08846 -0.0691131 -1.29193e-17 4.78644 0.715339 0.257944 7.24365 1.89208 -1.8116e-17 4.82109 0.421791 0.670877 -2.15717 0.634574 -2.00958e-17 4.83041 0.765062 0.492533 -4.006 1.3369 1.23299 -7.60731 7.53374 21.9775 5.87389 4.00342 12.9547 3.2495 -3.26872 -101.83 21.7011 11.5151 29.2081 0.0598081 0.137039 4.46779 -0.846327 -22.035 24.234 0.0496219 0.113701 -3.42701 -19.521 1.53936 -1.23299 -7.60729 7.53365 -14.1092 4.6169 -3.54591 -12.9547 3.2495 -3.26872 95.9108 16.9203 -10.1136 -29.2081 0.0598081 0.137039 -4.53586 -0.873605 22.3863 -24.234 0.0496218 0.113702 4.97157 -12.9939 1.79263 9.23673 -4.20556 2.0327 -8.61828 1.13677 -15.1507 -0.852353 -38.7721 -0.655187 -1.03067 3.84896 -0.0325714 -2.32622 -40.4017 -6.04875 0.984979 -0.332592 14.9966 0.779096 -9.8844 12.4959 4.18038e-16 -7.82897e-16 1.82467e-19 -9.23673 -4.20556 2.0327 -8.7548 -10.0641 19.0063 0.852353 -38.7721 -0.655187 3.75386 13.8414 -0.212899 2.32622 -40.4017 -6.04875 -0.127068 -6.21066 -15.2423 -0.779096 -9.8844 12.4959 -1.78614e-15 -5.09523e-16 -1.26975e-14 
10.5598 91.4316 60.6641 8.40822 -5.93679 0.42312 0 5.07867 -1.15138 -3.65839 5.28137 0.377101 0 5.61661 1.07143 -2.8931 3.66671 -0.00271816 -1.02604e-17 5.98978 0.11501 -2.18305 2.22525 0.0896783 -1.10457e-17 6.50583 -0.443523 -1.39265 -0.877952 0.0422211 -1.97295e-17 7.60548 -1.50593 -0.560631 -2.05056 0.17621 -2.53307e-17 9.49737 -0.914492 0.261217 -3.97156 -0.208225 -2.90401e-17 10.5513 1.57691 0.0190759 1.08332 -0.0477572 -1.29193e-17 4.78644 0.715339 0.214222 6.85843 1.93266 -1.8116e-17 4.82109 0.421791 0.667434 -2.08714 0.648264 -2.00958e-17 4.83041 0.765062 0.241134 -3.78162 1.10715 1.23299 -7.60731 7.53374 22.1872 6.00713 3.86666 12.9547 3.2495 -3.26872 -101.474 22.0465 11.5544 29.2081 0.0598081 0.137039 4.54765 -0.878498 -22.4488 24.234 0.0496219 0.113701 -3.87358 -20.2438 1.43924 -1.23299 -7.60729 7.53365 -13.2763 4.73889 -3.18273 -12.9547 3.2495 -3.26872 94.1717 16.536 -10.1125 -29.2081 0.0598081 0.137039 -4.49556 -0.857336 22.1774 -24.234 0.0496218 0.113702 5.39928 -13.3094 2.56068 9.23673 -4.20556 2.0327 -8.58268 1.10535 -15.0543 -0.852353 -38.7721 -0.655187 -1.05549 3.94156 -0.0325016 -2.32622 -40.4017 -6.04875 0.792092 -0.353776 15.0192 0.779096 -9.8844 12.4959 2.63078e-17 -7.95093e-16 1.23784e-17 -9.23673 -4.20556 2.0327 -8.74027 -10.0905 19.0874 0.852353 -38.7721 -0.655187 3.7561 13.8493 -0.213294 2.32622 -40.4017 -6.04875 0.230561 -6.22695 -15.2601 -0.779096 -9.8844 12.4959 -9.96843e-16 -5.46521e-16 -1.27221e-14 
10.5899 91.4509 60.7063 8.37739 -5.95389 0.286275 0 5.07867 -1.15138 -3.68544 5.16523 0.353395 0 5.61661 1.07143 -2.91067 3.60403 -0.0316738 -1.02604e-17 5.98978 0.11501 -2.19363 2.20328 0.0593585 -1.10457e-17 6.50583 -0.443523 -1.39821 -0.82305 0.0108305 -1.97295e-17 7.60548 -1.50593 -0.568031 -1.95742 0.146248 -2.53307e-17 9.49737 -0.914492 0.245438 -3.84067 -0.237873 -2.90401e-17 10.5513 1.57691 0.0151629 1.06509 -0.0429728 -1.29193e-17 4.78644 0.715339 0.152271 6.61124 1.81327 -1.8116e-17 4.82109 0.421791 0.513885 -2.07414 0.585915 -2.00958e-17 4.83041 0.765062 0.508016 -3.57302 1.42469 1.23299 -7.60731 7.53374 22.304 6.0191 3.82123 12.9547 3.2495 -3.26872 -101.402 22.4641 11.5797 29.2081 0.0598081 0.137039 4.60436 -0.901752 -22.7433 24.234 0.0496219 0.113701 -3.53592 -21.071 1.72231 -1.23299 -7.60729 7.53365 -12.7844 4.70834 -2.95967 -12.9547 3.2495 -3.26872 93.6803 16.5267 -9.90583 -29.2081 0.0598081 0.137039 -4.49077 -0.855414 22.1526 -24.234 0.0496218 0.113702 5.20327 -13.3842 2.48655 9.23673 -4.20556 2.0327 -8.567 1.11456 -14.8864 -0.852353 -38.7721 -0.655187 -1.068 3.98825 -0.0324512 -2.32622 -40.4017 -6.04875 0.779669 -0.344651 15.0142 0.779096 -9.8844 12.4959 -7.67371e-16 -8.32274e-16 4.95593e-17 -9.23673 -4.20556 2.0327 -8.69422 -10.1128 19.2308 0.852353 -38.7721 -0.655187 3.76484 13.8806 -0.214845 2.32622 -40.4017 -6.04875 0.167812 -6.11228 -15.2561 -0.779096 -9.8844 12.4959 -2.01704e-16 -5.83793e-16 -1.27594e-14 
10.6179 91.4669 60.7464 8.34073 -5.95629 0.155016 0 5.07867 -1.15138 -3.76652 5.19856 0.35466 0 5.61661 1.07143 -2.9859 3.61426 -0.0330745 -1.02604e-17 5.98978 0.11501 -2.25782 2.18596 0.0569738 -1.10457e-17 6.50583 -0.443523 -1.44709 -0.88156 0.00337954 -1.97295e-17 7.60548 -1.50593 -0.601486 -2.03231 0.142834 -2.53307e-17 9.49737 -0.914492 0.226908 -3.96366 -0.229484 -2.90401e-17 10.5513 1.57691 0.018192 1.06481 -0.0547489 -1.29193e-17 4.78644 0.715339 0.181131 6.78878 1.80889 -1.8116e-17 4.82109 0.421791 0.551074 -2.04544 0.585697 -2.00958e-17 4.83041 0.765062 0.699825 -3.55102 1.41967 1.23299 -7.60731 7.53374 22.7996 6.08219 3.70747 12.9547 3.2495 -3.26872 -100.985 22.6687 11.6535 29.2081 0.0598081 0.137039 4.63145 -0.912981 -22.8843 24.234 0.0496219 0.113701 -3.81271 -21.5547 1.75526 -1.23299 -7.60729 7.53365 -13.9611 4.70629 -3.03636 -12.9547 3.2495 -3.26872 94.0605 17.0172 -10.0936 -29.2081 0.0598081 0.137039 -4.56582 -0.885813 22.5418 -24.234 0.0496218 0.113702 6.08782 -13.8692 2.30539 9.23673 -4.20556 2.0327 -8.56163 1.1498 -14.7975 -0.852353 -38.7721 -0.655187 -1.05872 3.95362 -0.0324896 -2.32622 -40.4017 -6.04875 0.819895 -0.291759 15.0102 0.779096 -9.8844 12.4959 -3.74181e-16 -8.07654e-16 2.49393e-17 -9.23673 -4.20556 2.0327 -8.65957 -10.1173 19.2996 0.852353 -38.7721 -0.655187 3.75839 13.8575 -0.213701 2.32622 -40.4017 -6.04875 0.166936 -6.03299 -15.2486 -0.779096 -9.8844 12.4959 -5.94894e-16 -5.59173e-16 -1.27471e-14 
10.6465 91.4807 60.7852 8.31209 -5.94313 0.0275071 0 5.07867 -1.15138 -3.65201 5.21943 0.352329 0 5.61661 1.07143 -2.90426 3.6205 -0.00343265 -1.02604e-17 5.98978 0.11501 -2.20964 2.18466 0.0944327 -1.10457e-17 6.50583 -0.443523 -1.42228 -0.864478 0.041244 -1.97295e-17 7.60548 -1.50593 -0.597692 -2.025 0.172676 -2.53307e-17 9.49737 -0.914492 0.218196 -3.98077 -0.182957 -2.90401e-17 10.5513 1.57691 0.025823 1.04382 -0.0495011 -1.29193e-17 4.78644 0.715339 0.196781 6.72288 1.74785 -1.8116e-17 4.82109 0.421791 0.599091 -1.94233 0.559012 -2.00958e-17 4.83041 0.765062 0.292139 -3.62343 1.28037 1.23299 -7.60731 7.53374 23.2062 6.09312 3.43428 12.9547 3.2495 -3.26872 -100.736 23.3547 11.5283 29.2081 0.0598081 0.137039 4.67042 -0.929272 -23.0872 24.234 0.0496219 0.113701 -4.28633 -22.5329 1.67963 -1.23299 -7.60729 7.53365 -14.9425 4.79098 -2.86201 -12.9547 3.2495 -3.26872 93.1214 17.9073 -10.6218 -29.2081 0.0598081 0.137039 -4.66202 -0.925652 23.0422 -24.234 0.0496218 0.113702 7.40333 -15.3789 2.95127 9.23673 -4.20556 2.0327 -8.54412 1.14495 -14.7643 -0.852353 -38.7721 -0.655187 -1.06552 3.979 -0.032462 -2.32622 -40.4017 -6.04875 0.750297 -0.300192 15.0168 0.779096 -9.8844 12.4959 2.33883e-17 -7.95184e-16 1.24697e-17 -9.23673 -4.20556 2.0327 -8.65354 -10.1359 19.2787 0.852353 -38.7721 -0.655187 3.75435 13.8431 -0.212984 2.32622 -40.4017 -6.04875 0.398193 -6.06305 -15.2652 -0.779096 -9.8844 12.4959 -5.96354e-16 -5.59082e-16 -1.27471e-14 
10.6757 91.4958 60.823 8.31223 -5.95134 -0.0712962 0 5.07867 -1.15138 -3.65486 5.09213 0.364973 0 5.61661 1.07143 -2.91612 3.54683 0.0152921 -1.02604e-17 5.98978 0.11501 -2.22589 2.16144 0.111347 -1.10457e-17 6.50583 -0.443523 -1.44391 -0.796709 0.0590978 -1.97295e-17 7.60548 -1.50593 -0.62093 -1.90469 0.19355 -2.53307e-17 9.49737 -0.914492 0.197137 -3.81593 -0.154469 -2.90401e-17 10.5513 1.57691 0.0208418 1.02491 -0.0497072 -1.29193e-17 4.78644 0.715339 0.136506 6.61003 1.43912 -1.8116e-17 4.82109 0.421791 0.477334 -2.01965 0.412272 -2.00958e-17 4.83041 0.765062 0.529313 -3.57086 1.62768 1.23299 -7.60731 7.53374 23.2074 6.03414 3.30568 12.9547 3.2495 -3.26872 -100.759 23.8467 11.3553 29.2081 0.0598081 0.137039 4.68268 -0.93443 -23.1511 24.234 0.0496219 0.113701 -3.73059 -23.1744 1.91459 -1.23299 -7.60729 7.53365 -14.8113 4.76556 -2.72715 -12.9547 3.2495 -3.26872 93.1088 18.746 -10.6821 -29.2081 0.0598081 0.137039 -4.70915 -0.945528 23.288 -24.234 0.0496218 0.113702 6.93595 -16.5267 2.82042 9.23673 -4.20556 2.0327 -8.55189 1.17802 -14.7303 -0.852353 -38.7721 -0.655187 -1.06253 3.96784 -0.0324745 -2.32622 -40.4017 -6.04875 0.694999 -0.27531 15.0126 0.779096 -9.8844 12.4959 -3.71262e-16 -8.07517e-16 2.48025e-17 -9.23673 -4.20556 2.0327 -8.64509 -10.1618 19.4107 0.852353 -38.7721 -0.655187 3.76487 13.8807 -0.214849 2.32622 -40.4017 -6.04875 0.388044 -5.9944 -15.264 -0.779096 -9.8844 12.4959 9.88084e-16 -6.33352e-16 -1.2809e-14 
10.7025 91.5099 60.861 8.31246 -5.95962 -0.169989 0 5.07867 -1.15138 -3.68589 5.00419 0.398216 0 5.61661 1.07143 -2.95012 3.49231 0.049678 -1.02604e-17 5.98978 0.11501 -2.25463 2.14183 0.146578 -1.10457e-17 6.50583 -0.443523 -1.46859 -0.760861 0.0956673 -1.97295e-17 7.60548 -1.50593 -0.632941 -1.83949 0.236045 -2.53307e-17 9.49737 -0.914492 0.202603 -3.73105 -0.112725 -2.90401e-17 10.5513 1.57691 0.020979 1.02148 -0.047906 -1.29193e-17 4.78644 0.715339 0.111375 6.60655 1.37517 -1.8116e-17 4.82109 0.421791 0.506628 -2.06814 0.380615 -2.00958e-17 4.83041 0.765062 0.563748 -3.57628 1.51351 1.23299 -7.60731 7.53374 23.3455 5.98099 3.34858 12.9547 3.2495 -3.26872 -100.888 23.7191 11.012 29.2081 0.0598081 0.137039 4.67384 -0.93071 -23.1051 24.234 0.0496219 0.113701 -3.32966 -22.9455 2.27658 -1.23299 -7.60729 7.53365 -14.7053 4.7141 -2.78912 -12.9547 3.2495 -3.26872 93.0616 18.7159 -10.496 -29.2081 0.0598081 0.137039 -4.71563 -0.94828 23.3218 -24.234 0.0496218 0.113702 6.70485 -16.7679 2.48227 9.23673 -4.20556 2.0327 -8.56649 1.20836 -14.6785 -0.852353 -38.7721 -0.655187 -1.05821 3.95171 -0.0324916 -2.32622 -40.4017 -6.04875 0.577764 -0.26547 15.0315 0.779096 -9.8844 12.4959 4.19498e-16 -7.82806e-16 9.12335e-20 -9.23673 -4.20556 2.0327 -8.65094 -10.2021 19.4936 0.852353 -38.7721 -0.655187 3.78157 13.9402 -0.217823 2.32622 -40.4017 -6.04875 0.441384 -5.95696 -15.2614 -0.779096 -9.8844 12.4959 -1.77884e-15 -5.09842e-16 -1.26978e-14 
10.7279 91.5225 60.8997 8.30053 -5.96184 -0.266541 0 5.07867 -1.15138 -3.70493 4.93935 0.415593 0 5.61661 1.07143 -2.96758 3.44628 0.069195 -1.02604e-17 5.98978 0.11501 -2.26688 2.11151 0.168622 -1.10457e-17 6.50583 -0.443523 -1.47509 -0.765381 0.118146 -1.97295e-17 7.60548 -1.50593 -0.629579 -1.82823 0.260986 -2.53307e-17 9.49737 -0.914492 0.218301 -3.7226 -0.0933776 -2.90401e-17 10.5513 1.57691 0.0240436 1.01914 -0.0463743 -1.29193e-17 4.78644 0.715339 0.111389 6.63549 1.37659 -1.8116e-17 4.82109 0.421791 0.5497 -1.97535 0.380728 -2.00958e-17 4.83041 0.765062 0.48044 -3.60023 1.39724 1.23299 -7.60731 7.53374 23.5407 5.97447 3.36468 12.9547 3.2495 -3.26872 -101.094 23.5968 10.8617 29.2081 0.0598081 0.137039 4.64383 -0.918138 -22.9487 24.234 0.0496219 0.113701 -3.09052 -22.8204 2.37342 -1.23299 -7.60729 7.53365 -14.6609 4.70357 -2.80625 -12.9547 3.2495 -3.26872 92.9923 18.5733 -10.3823 -29.2081 0.0598081 0.137039 -4.70357 -0.943162 23.2589 -24.234 0.0496218 0.113702 6.5439 -16.8161 2.22454 9.23673 -4.20556 2.0327 -8.5739 1.23103 -14.5846 -0.852353 -38.7721 -0.655187 -1.05919 3.95538 -0.0324878 -2.32622 -40.4017 -6.04875 0.595005 -0.236442 15.0236 0.779096 -9.8844 12.4959 2.63078e-17 -7.95093e-16 1.23784e-17 -9.23673 -4.20556 2.0327 -8.64442 -10.1715 19.5421 0.852353 -38.7721 -0.655187 3.76493 13.8809 -0.21486 2.32622 -40.4017 -6.04875 0.455114 -5.93147 -15.2646 -0.779096 -9.8844 12.4959 -6.00733e-16 -5.58899e-16 -1.27469e-14 
10.7531 91.534 60.939 8.2948 -5.96102 -0.344748 0 5.07867 -1.15138 -3.71086 4.90798 0.433423 0 5.61661 1.07143 -2.97728 3.4188 0.09059 -1.02604e-17 5.98978 0.11501 -2.27571 2.08616 0.192388 -1.10457e-17 6.50583 -0.443523 -1.48205 -0.783865 0.142335 -1.97295e-17 7.60548 -1.50593 -0.629927 -1.84649 0.286962 -2.53307e-17 9.49737 -0.914492 0.227615 -3.75543 -0.06883 -2.90401e-17 10.5513 1.57691 0.0259804 1.01972 -0.0437308 -1.29193e-17 4.78644 0.715339 0.105001 6.68623 1.2924 -1.8116e-17 4.82109 0.421791 0.57443 -1.9634 0.341188 -2.00958e-17 4.83041 0.765062 0.43696 -3.53116 1.35186 1.23299 -7.60731 7.53374 23.7439 5.96009 3.39312 12.9547 3.2495 -3.26872 -101.212 23.3729 10.6501 29.2081 0.0598081 0.137039 4.59336 -0.897216 -22.6862 24.234 0.0496219 0.113701 -3.01533 -22.5349 2.36402 -1.23299 -7.60729 7.53365 -14.6944 4.71191 -2.8551 -12.9547 3.2495 -3.26872 92.8628 18.3311 -10.2863 -29.2081 0.0598081 0.137039 -4.63155 -0.912925 22.8835 -24.234 0.0496218 0.113702 6.57319 -16.7292 2.31811 9.23673 -4.20556 2.0327 -8.5819 1.2412 -14.5311 -0.852353 -38.7721 -0.655187 -1.06253 3.96785 -0.0324745 -2.32622 -40.4017 -6.04875 0.553018 -0.228551 15.0261 0.779096 -9.8844 12.4959 -3.71262e-16 -8.07517e-16 2.48025e-17 -9.23673 -4.20556 2.0327 -8.63373 -10.2089 19.6147 0.852353 -38.7721 -0.655187 3.77904 13.9312 -0.217371 2.32622 -40.4017 -6.04875 0.444684 -5.88414 -15.2671 -0.779096 -9.8844 12.4959 -2.00244e-16 -5.83839e-16 -1.27594e-14 
10.7754 91.5439 60.9781 8.30404 -5.95738 -0.433672 0 5.07867 -1.15138 -3.72496 4.91667 0.440522 0 5.61661 1.07143 -2.99001 3.41645 0.0954113 -1.02604e-17 5.98978 0.11501 -2.28539 2.07203 0.197348 -1.10457e-17 6.50583 -0.443523 -1.489 -0.819402 0.14693 -1.97295e-17 7.60548 -1.50593 -0.631796 -1.89349 0.292532 -2.53307e-17 9.49737 -0.914492 0.230901 -3.82026 -0.0633746 -2.90401e-17 10.5513 1.57691 0.0256606 1.02479 -0.0440212 -1.29193e-17 4.78644 0.715339 0.107058 6.76047 1.2879 -1.8116e-17 4.82109 0.421791 0.572712 -1.94533 0.338964 -2.00958e-17 4.83041 0.765062 0.436385 -3.49933 1.27922 1.23299 -7.60731 7.53374 23.8533 5.95998 3.39814 12.9547 3.2495 -3.26872 -101.277 23.1347 10.535 29.2081 0.0598081 0.137039 4.55464 -0.881348 -22.4851 24.234 0.0496219 0.113701 -2.92515 -22.3248 2.2906 -1.23299 -7.60729 7.53365 -14.7658 4.73344 -2.89249 -12.9547 3.2495 -3.26872 92.9037 18.1603 -10.1993 -29.2081 0.0598081 0.137039 -4.56842 -0.88688 22.5553 -24.234 0.0496218 0.113702 6.49014 -16.5843 2.36693 9.23673 -4.20556 2.0327 -8.60123 1.27328 -14.4475 -0.852353 -38.7721 -0.655187 -1.05502 3.93982 -0.0325033 -2.32622 -40.4017 -6.04875 0.499141 -0.213035 15.0275 0.779096 -9.8844 12.4959 -7.68831e-16 -8.3232e-16 4.96049e-17 -9.23673 -4.20556 2.0327 -8.64492 -10.2221 19.6468 0.852353 -38.7721 -0.655187 3.78084 13.9376 -0.217693 2.32622 -40.4017 -6.04875 0.44422 -5.86614 -15.2687 -0.779096 -9.8844 12.4959 5.93435e-16 -6.21065e-16 -1.27966e-14 
10.7968 91.5523 61.0169 8.30385 -5.9444 -0.514315 0 5.07867 -1.15138 -3.74174 4.91236 0.447364 0 5.61661 1.07143 -3.00508 3.40779 0.10088 -1.02604e-17 5.98978 0.11501 -2.29636 2.05778 0.202898 -1.10457e-17 6.50583 -0.443523 -1.49614 -0.843843 0.152631 -1.97295e-17 7.60548 -1.50593 -0.632748 -1.92345 0.299489 -2.53307e-17 9.49737 -0.914492 0.23643 -3.86274 -0.0568214 -2.90401e-17 10.5513 1.57691 0.0259321 1.0285 -0.0433953 -1.29193e-17 4.78644 0.715339 0.11196 6.82479 1.23877 -1.8116e-17 4.82109 0.421791 0.601421 -1.94361 0.317392 -2.00958e-17 4.83041 0.765062 0.440547 -3.47634 1.23491 1.23299 -7.60731 7.53374 23.9518 5.94486 3.43186 12.9547 3.2495 -3.26872 -101.347 22.8578 10.4061 29.2081 0.0598081 0.137039 4.53849 -0.874774 -22.4013 24.234 0.0496219 0.113701 -2.82154 -22.0028 2.31449 -1.23299 -7.60729 7.53365 -14.8297 4.73942 -2.94189 -12.9547 3.2495 -3.26872 92.9429 17.8788 -10.1257 -29.2081 0.0598081 0.137039 -4.52958 -0.871061 22.3537 -24.234 0.0496218 0.113702 6.44973 -16.3643 2.32095 9.23673 -4.20556 2.0327 -8.6132 1.29048 -14.3924 -0.852353 -38.7721 -0.655187 -1.04998 3.92102 -0.0325206 -2.32622 -40.4017 -6.04875 0.464769 -0.210557 15.0295 0.779096 -9.8844 12.4959 8.14148e-16 -7.5814e-16 -2.45744e-17 -9.23673 -4.20556 2.0327 -8.64287 -10.2481 19.6795 0.852353 -38.7721 -0.655187 3.785 13.9525 -0.218436 2.32622 -40.4017 -6.04875 0.408997 -5.83844 -15.2701 -0.779096 -9.8844 12.4959 -1.38419e-15 -5.34553e-16 -1.27101e-14 
10.8168 91.5581 61.0545 8.30247 -5.90103 -0.597712 0 5.07867 -1.15138 -3.75771 4.9067 0.448729 0 5.61661 1.07143 -3.01827 3.39698 0.100529 -1.02604e-17 5.98978 0.11501 -2.30505 2.04068 0.202862 -1.10457e-17 6.50583 -0.443523 -1.5007 -0.87329 0.152757 -1.97295e-17 7.60548 -1.50593 -0.631887 -1.95777 0.300459 -2.53307e-17 9.49737 -0.914492 0.242184 -3.90796 -0.0565464 -2.90401e-17 10.5513 1.57691 0.0261026 1.03205 -0.042877 -1.29193e-17 4.78644 0.715339 0.120675 6.87701 1.20621 -1.8116e-17 4.82109 0.421791 0.62974 -1.92554 0.303841 -2.00958e-17 4.83041 0.765062 0.441088 -3.4892 1.18332 1.23299 -7.60731 7.53374 24.0037 5.93245 3.45477 12.9547 3.2495 -3.26872 -101.349 22.5878 10.2967 29.2081 0.0598081 0.137039 4.52994 -0.871307 -22.3569 24.234 0.0496219 0.113701 -2.77705 -21.7149 2.30472 -1.23299 -7.60729 7.53365 -14.8721 4.74836 -2.9734 -12.9547 3.2495 -3.26872 92.9835 17.6114 -10.0682 -29.2081 0.0598081 0.137039 -4.50119 -0.859603 22.2066 -24.234 0.0496218 0.113702 6.39516 -16.1705 2.25043 9.23673 -4.20556 2.0327 -8.62232 1.28904 -14.323 -0.852353 -38.7721 -0.655187 -1.04093 3.88723 -0.0325475 -2.32622 -40.4017 -6.04875 0.424195 -0.221991 15.033 0.779096 -9.8844 12.4959 2.7777e-17 -7.95001e-16 1.22867e-17 -9.23673 -4.20556 2.0327 -8.64718 -10.2801 19.7083 0.852353 -38.7721 -0.655187 3.77828 13.9285 -0.217235 2.32622 -40.4017 -6.04875 0.410219 -5.84329 -15.2714 -0.779096 -9.8844 12.4959 -9.95388e-16 -5.46612e-16 -1.27222e-14 
10.8362 91.5654 61.0913 8.29925 -5.86994 -0.666448 0 5.07867 -1.15138 -3.7721 4.90386 0.450471 0 5.61661 1.07143 -3.03051 3.38795 0.100981 -1.02604e-17 5.98978 0.11501 -2.31317 2.02418 0.203723 -1.10457e-17 6.50583 -0.443523 -1.50496 -0.903385 0.153944 -1.97295e-17 7.60548 -1.50593 -0.630777 -1.99369 0.302371 -2.53307e-17 9.49737 -0.914492 0.248377 -3.95555 -0.0550898 -2.90401e-17 10.5513 1.57691 0.0261786 1.03621 -0.041525 -1.29193e-17 4.78644 0.715339 0.129749 6.92755 1.1339 -1.8116e-17 4.82109 0.421791 0.665914 -1.91658 0.272339 -2.00958e-17 4.83041 0.765062 0.468212 -3.47807 1.15337 1.23299 -7.60731 7.53374 24.0497 5.91699 3.48091 12.9547 3.2495 -3.26872 -101.352 22.3357 10.1789 29.2081 0.0598081 0.137039 4.52567 -0.869574 -22.3348 24.234 0.0496219 0.113701 -2.74414 -21.4179 2.31248 -1.23299 -7.60729 7.53365 -14.9083 4.76145 -3.00349 -12.9547 3.2495 -3.26872 93.0175 17.3276 -10.0236 -29.2081 0.0598081 0.137039 -4.4663 -0.845633 22.026 -24.234 0.0496218 0.113702 6.36676 -15.9988 2.22442 9.23673 -4.20556 2.0327 -8.6297 1.29325 -14.2767 -0.852353 -38.7721 -0.655187 -1.03382 3.86073 -0.0325648 -2.32622 -40.4017 -6.04875 0.387418 -0.22788 15.0364 0.779096 -9.8844 12.4959 -3.71257e-16 -8.07517e-16 2.48023e-17 -9.23673 -4.20556 2.0327 -8.64725 -10.3058 19.7307 0.852353 -38.7721 -0.655187 3.77468 13.9157 -0.216594 2.32622 -40.4017 -6.04875 0.38963 -5.82937 -15.2725 -0.779096 -9.8844 12.4959 -2.01714e-16 -5.83793e-16 -1.27594e-14 
10.8536 91.5729 61.1268 8.27485 -5.84461 -0.742669 0 5.07867 -1.15138 -3.77889 4.91109 0.451951 0 5.61661 1.07143 -3.03551 3.38568 0.101806 -1.02604e-17 5.98978 0.11501 -2.31527 2.01185 0.205146 -1.10457e-17 6.50583 -0.443523 -1.50446 -0.934573 0.155751 -1.97295e-17 7.60548 -1.50593 -0.62612 -2.03311 0.304169 -2.53307e-17 9.49737 -0.914492 0.256736 -4.00755 -0.0544472 -2.90401e-17 10.5513 1.57691 0.0264557 1.04109 -0.0400012 -1.29193e-17 4.78644 0.715339 0.142298 6.98008 1.07383 -1.8116e-17 4.82109 0.421791 0.707623 -1.90504 0.24684 -2.00958e-17 4.83041 0.765062 0.486776 -3.47164 1.10065 1.23299 -7.60731 7.53374 24.0887 5.90571 3.50169 12.9547 3.2495 -3.26872 -101.347 22.1228 10.0677 29.2081 0.0598081 0.137039 4.52108 -0.867717 -22.311 24.234 0.0496219 0.113701 -2.74446 -21.1871 2.27127 -1.23299 -7.60729 7.53365 -14.9438 4.7779 -3.03111 -12.9547 3.2495 -3.26872 93.0399 17.0746 -9.97168 -29.2081 0.0598081 0.137039 -4.43287 -0.832371 21.8531 -24.234 0.0496218 0.113702 6.3446 -15.8502 2.20165 9.23673 -4.20556 2.0327 -8.61679 1.30267 -14.2332 -0.852353 -38.7721 -0.655187 -1.02772 3.83794 -0.0325771 -2.32622 -40.4017 -6.04875 0.373073 -0.239464 15.038 0.779096 -9.8844 12.4959 -1.16493e-15 -8.44698e-16 6.19829e-17 -9.23673 -4.20556 2.0327 -8.62182 -10.3379 19.7547 0.852353 -38.7721 -0.655187 3.77555 13.9188 -0.21675 2.32622 -40.4017 -6.04875 0.370543 -5.79596 -15.2734 -0.779096 -9.8844 12.4959 5.93425e-16 -6.21065e-16 -1.27966e-14 
10.8697 91.5822 61.1593 8.27274 -5.84392 -0.808605 0 5.07867 -1.15138 -3.75173 4.88647 0.454038 0 5.61661 1.07143 -3.01608 3.37236 0.0994335 -1.02604e-17 5.98978 0.11501 -2.30164 2.02734 0.20539 -1.10457e-17 6.50583 -0.443523 -1.50143 -0.868645 0.160626 -1.97295e-17 7.60548 -1.50593 -0.629656 -1.9773 0.308257 -2.53307e-17 9.49737 -0.914492 0.252595 -3.8981 -0.0424204 -2.90401e-17 10.5513 1.57691 0.0234754 1.03705 -0.0311862 -1.29193e-17 4.78644 0.715339 0.138184 6.68618 1.01274 -1.8116e-17 4.82109 0.421791 0.738501 -1.91966 0.223222 -2.00958e-17 4.83041 0.765062 0.46547 -3.39223 1.01583 1.23299 -7.60731 7.53374 23.1302 5.78925 3.40704 12.9547 3.2495 -3.26872 -100.568 21.7175 9.74724 29.2081 0.0598081 0.137039 4.49096 -0.855592 -22.1549 24.234 0.0496219 0.113701 -2.55973 -20.9625 2.05501 -1.23299 -7.60729 7.53365 -14.2815 4.77871 -2.83156 -12.9547 3.2495 -3.26872 92.0392 16.9434 -9.87166 -29.2081 0.0598081 0.137039 -4.39875 -0.818949 21.6769 -24.234 0.0496218 0.113702 6.50547 -16.1893 2.56756 9.23673 -4.20556 2.0327 -8.62006 1.31431 -14.2635 -0.852353 -38.7721 -0.655187 -1.03051 3.84836 -0.0325718 -2.32622 -40.4017 -6.04875 0.263751 -0.260166 15.0578 0.779096 -9.8844 12.4959 8.12664e-16 -7.58187e-16 -2.45277e-17 -9.23673 -4.20556 2.0327 -8.61752 -10.3553 19.7756 0.852353 -38.7721 -0.655187 3.78282 13.9447 -0.218046 2.32622 -40.4017 -6.04875 0.323132 -5.77036 -15.2803 -0.779096 -9.8844 12.4959 -1.95856e-16 -5.84067e-16 -1.27596e-14 
10.8839 91.5901 61.1913 8.25501 -5.83691 -0.884536 0 5.07867 -1.15138 -3.71932 4.82574 0.469601 0 5.61661 1.07143 -2.99773 3.32921 0.117364 -1.02604e-17 5.98978 0.11501 -2.29178 2.0111 0.225004 -1.10457e-17 6.50583 -0.443523 -1.50295 -0.828981 0.183108 -1.97295e-17 7.60548 -1.50593 -0.635661 -1.93286 0.330234 -2.53307e-17 9.49737 -0.914492 0.249556 -3.8234 -0.0120094 -2.90401e-17 10.5513 1.57691 0.0205582 1.03387 -0.0275938 -1.29193e-17 4.78644 0.715339 0.133837 6.62565 0.796899 -1.8116e-17 4.82109 0.421791 0.737455 -1.90286 0.126406 -2.00958e-17 4.83041 0.765062 0.51181 -3.4079 1.07763 1.23299 -7.60731 7.53374 22.5945 5.66094 3.33057 12.9547 3.2495 -3.26872 -99.8338 21.6427 9.34108 29.2081 0.0598081 0.137039 4.41936 -0.82714 -21.7846 24.234 0.0496219 0.113701 -2.71488 -20.9282 1.75261 -1.23299 -7.60729 7.53365 -14.0453 4.76613 -2.74284 -12.9547 3.2495 -3.26872 91.5684 17.1446 -9.81468 -29.2081 0.0598081 0.137039 -4.36513 -0.805846 21.5034 -24.234 0.0496218 0.113702 6.55974 -16.7303 2.73056 9.23673 -4.20556 2.0327 -8.61405 1.31725 -14.226 -0.852353 -38.7721 -0.655187 -1.03632 3.87005 -0.0325591 -2.32622 -40.4017 -6.04875 0.272286 -0.272421 15.0576 0.779096 -9.8844 12.4959 -1.55664e-15 -8.69271e-16 8.65564e-17 -9.23673 -4.20556 2.0327 -8.59361 -10.3647 19.7843 0.852353 -38.7721 -0.655187 3.78257 13.9438 -0.218002 2.32622 -40.4017 -6.04875 0.212502 -5.71884 -15.2795 -0.779096 -9.8844 12.4959 9.8953e-16 -6.33443e-16 -1.2809e-14 
10.8969 91.5961 61.2224 8.24275 -5.81773 -0.962952 0 5.07867 -1.15138 -3.70519 4.78865 0.494474 0 5.61661 1.07143 -2.99433 3.29782 0.14688 -1.02604e-17 5.98978 0.11501 -2.29149 1.98843 0.256635 -1.10457e-17 6.50583 -0.443523 -1.50706 -0.832015 0.216657 -1.97295e-17 7.60548 -1.50593 -0.635347 -1.93308 0.364385 -2.53307e-17 9.49737 -0.914492 0.259848 -3.82237 0.0224737 -2.90401e-17 10.5513 1.57691 0.0216237 1.03743 -0.0247828 -1.29193e-17 4.78644 0.715339 0.137445 6.65713 0.612226 -1.8116e-17 4.82109 0.421791 0.801202 -1.9024 0.0434674 -2.00958e-17 4.83041 0.765062 0.508152 -3.37429 1.03773 1.23299 -7.60731 7.53374 22.4892 5.6135 3.30503 12.9547 3.2495 -3.26872 -99.7005 21.7696 9.07377 29.2081 0.0598081 0.137039 4.38965 -0.815491 -21.6312 24.234 0.0496219 0.113701 -2.69121 -20.8616 1.67056 -1.23299 -7.60729 7.53365 -13.9953 4.76722 -2.74501 -12.9547 3.2495 -3.26872 91.4163 17.2162 -9.7549 -29.2081 0.0598081 0.137039 -4.34906 -0.799627 21.4206 -24.234 0.0496218 0.113702 6.54894 -17.061 2.63491 9.23673 -4.20556 2.0327 -8.61392 1.33212 -14.1837 -0.852353 -38.7721 -0.655187 -1.02776 3.83809 -0.032577 -2.32622 -40.4017 -6.04875 0.312923 -0.262411 15.0481 0.779096 -9.8844 12.4959 1.89902e-17 -7.95413e-16 1.26986e-17 -9.23673 -4.20556 2.0327 -8.57366 -10.4066 19.8328 0.852353 -38.7721 -0.655187 3.78956 13.9688 -0.219253 2.32622 -40.4017 -6.04875 0.203991 -5.69301 -15.2816 -0.779096 -9.8844 12.4959 2.01714e-16 -5.96491e-16 -1.27721e-14 
10.9083 91.6037 61.2523 8.23447 -5.82 -1.0472 0 5.07867 -1.15138 -3.70665 4.77948 0.520475 0 5.61661 1.07143 -3.00176 3.2836 0.17766 -1.02604e-17 5.98978 0.11501 -2.29811 1.97413 0.289884 -1.10457e-17 6.50583 -0.443523 -1.51325 -0.84677 0.251529 -1.97295e-17 7.60548 -1.50593 -0.63261 -1.94991 0.400384 -2.53307e-17 9.49737 -0.914492 0.276034 -3.8494 0.0560642 -2.90401e-17 10.5513 1.57691 0.0247501 1.04111 -0.0223787 -1.29193e-17 4.78644 0.715339 0.148324 6.737 0.467192 -1.8116e-17 4.82109 0.421791 0.875429 -1.89915 -0.0203848 -2.00958e-17 4.83041 0.765062 0.501063 -3.37369 0.953907 1.23299 -7.60731 7.53374 22.5725 5.59346 3.30046 12.9547 3.2495 -3.26872 -99.7261 21.9391 8.8647 29.2081 0.0598081 0.137039 4.35697 -0.802784 -21.4626 24.234 0.0496219 0.113701 -2.70541 -20.7724 1.53114 -1.23299 -7.60729 7.53365 -14.0508 4.77931 -2.77282 -12.9547 3.2495 -3.26872 91.3937 17.2853 -9.72504 -29.2081 0.0598081 0.137039 -4.3318 -0.792975 21.3317 -24.234 0.0496218 0.113702 6.5711 -17.3504 2.55609 9.23673 -4.20556 2.0327 -8.6151 1.37 -14.1079 -0.852353 -38.7721 -0.655187 -1.01801 3.80173 -0.0325915 -2.32622 -40.4017 -6.04875 0.312236 -0.24481 15.0442 0.779096 -9.8844 12.4959 1.21316e-15 -7.45626e-16 -3.70891e-17 -9.23673 -4.20556 2.0327 -8.55825 -10.4102 19.8881 0.852353 -38.7721 -0.655187 3.78776 13.9623 -0.21893 2.32622 -40.4017 -6.04875 0.177038 -5.66192 -15.2817 -0.779096 -9.8844 12.4959 -1.78174e-15 -5.09706e-16 -1.26976e-14 
10.9191 91.6096 61.2809 8.23438 -5.80699 -1.12782 0 5.07867 -1.15138 -3.71152 4.78853 0.536047 0 5.61661 1.07143 -3.00987 3.2836 0.195343 -1.02604e-17 5.98978 0.11501 -2.30528 1.96832 0.308813 -1.10457e-17 6.50583 -0.443523 -1.51957 -0.863118 0.271104 -1.97295e-17 7.60548 -1.50593 -0.632972 -1.97451 0.420803 -2.53307e-17 9.49737 -0.914492 0.283996 -3.88534 0.0758983 -2.90401e-17 10.5513 1.57691 0.0258957 1.04468 -0.0210659 -1.29193e-17 4.78644 0.715339 0.152729 6.80561 0.373547 -1.8116e-17 4.82109 0.421791 0.91173 -1.91777 -0.0614293 -2.00958e-17 4.83041 0.765062 0.541604 -3.37819 0.886845 1.23299 -7.60731 7.53374 22.6647 5.58755 3.29073 12.9547 3.2495 -3.26872 -99.7921 22.0034 8.7456 29.2081 0.0598081 0.137039 4.34972 -0.799981 -21.4253 24.234 0.0496219 0.113701 -2.69762 -20.6312 1.44238 -1.23299 -7.60729 7.53365 -14.1203 4.79851 -2.79958 -12.9547 3.2495 -3.26872 91.4198 17.3584 -9.69173 -29.2081 0.0598081 0.137039 -4.30142 -0.781337 21.1753 -24.234 0.0496218 0.113702 6.60659 -17.5841 2.59966 9.23673 -4.20556 2.0327 -8.62101 1.39004 -14.0232 -0.852353 -38.7721 -0.655187 -1.00955 3.77015 -0.0325991 -2.32622 -40.4017 -6.04875 0.280852 -0.244179 15.046 0.779096 -9.8844 12.4959 4.25346e-16 -7.82577e-16 -1.37294e-19 -9.23673 -4.20556 2.0327 -8.55434 -10.4299 19.9496 0.852353 -38.7721 -0.655187 3.78681 13.959 -0.21876 2.32622 -40.4017 -6.04875 0.196512 -5.65662 -15.2839 -0.779096 -9.8844 12.4959 -1.78906e-15 -5.09386e-16 -1.26974e-14 
10.9295 91.6156 61.3092 8.23793 -5.79422 -1.19622 0 5.07867 -1.15138 -3.70189 4.82228 0.543502 0 5.61661 1.07143 -3.00579 3.29949 0.205829 -1.02604e-17 5.98978 0.11501 -2.30528 1.97082 0.3202 -1.10457e-17 6.50583 -0.443523 -1.52283 -0.879949 0.283081 -1.97295e-17 7.60548 -1.50593 -0.635947 -2.00811 0.431611 -2.53307e-17 9.49737 -0.914492 0.284305 -3.93343 0.092168 -2.90401e-17 10.5513 1.57691 0.0268598 1.04665 -0.0209205 -1.29193e-17 4.78644 0.715339 0.170267 6.8284 0.33134 -1.8116e-17 4.82109 0.421791 0.940783 -1.90986 -0.077838 -2.00958e-17 4.83041 0.765062 0.529796 -3.38669 0.781833 1.23299 -7.60731 7.53374 22.6232 5.57745 3.22417 12.9547 3.2495 -3.26872 -99.737 22.0283 8.65893 29.2081 0.0598081 0.137039 4.34446 -0.797949 -21.3981 24.234 0.0496219 0.113701 -2.69125 -20.5212 1.33376 -1.23299 -7.60729 7.53365 -14.4099 4.83463 -2.79451 -12.9547 3.2495 -3.26872 91.3859 17.6055 -9.7553 -29.2081 0.0598081 0.137039 -4.28528 -0.775195 21.0922 -24.234 0.0496218 0.113702 6.90768 -18.0411 2.80507 9.23673 -4.20556 2.0327 -8.632 1.41216 -13.9701 -0.852353 -38.7721 -0.655187 -1.00028 3.73556 -0.0326021 -2.32622 -40.4017 -6.04875 0.2583 -0.234358 15.0465 0.779096 -9.8844 12.4959 4.22417e-16 -7.82715e-16 2.88531e-33 -9.23673 -4.20556 2.0327 -8.55441 -10.4287 19.9821 0.852353 -38.7721 -0.655187 3.77794 13.9273 -0.217176 2.32622 -40.4017 -6.04875 0.154912 -5.64376 -15.2859 -0.779096 -9.8844 12.4959 -1.78906e-15 -5.09386e-16 -1.26974e-14 
10.9389 91.6238 61.3356 8.24249 -5.81181 -1.26185 0 5.07867 -1.15138 -3.70083 4.83682 0.552749 0 5.61661 1.07143 -3.00832 3.30704 0.216147 -1.02604e-17 5.98978 0.11501 -2.30908 1.97607 0.330529 -1.10457e-17 6.50583 -0.443523 -1.52844 -0.87826 0.294338 -1.97295e-17 7.60548 -1.50593 -0.639813 -2.01256 0.443081 -2.53307e-17 9.49737 -0.914492 0.284714 -3.93769 0.106587 -2.90401e-17 10.5513 1.57691 0.025247 1.04773 -0.0207965 -1.29193e-17 4.78644 0.715339 0.173509 6.8568 0.231965 -1.8116e-17 4.82109 0.421791 0.962318 -1.92865 -0.121344 -2.00958e-17 4.83041 0.765062 0.569613 -3.40346 0.778065 1.23299 -7.60731 7.53374 22.5532 5.54619 3.18504 12.9547 3.2495 -3.26872 -99.6278 21.997 8.52693 29.2081 0.0598081 0.137039 4.33811 -0.795503 -21.3655 24.234 0.0496219 0.113701 -2.68324 -20.3362 1.2935 -1.23299 -7.60729 7.53365 -14.467 4.8485 -2.78855 -12.9547 3.2495 -3.26872 91.4264 17.8407 -9.77702 -29.2081 0.0598081 0.137039 -4.28143 -0.773734 21.0724 -24.234 0.0496218 0.113702 6.90297 -18.4557 2.83434 9.23673 -4.20556 2.0327 -8.64455 1.45999 -13.9342 -0.852353 -38.7721 -0.655187 -0.992629 3.70699 -0.0326004 -2.32622 -40.4017 -6.04875 0.236174 -0.21221 15.0474 0.779096 -9.8844 12.4959 -1.55811e-15 -8.69363e-16 8.66479e-17 -9.23673 -4.20556 2.0327 -8.55705 -10.4025 20.0321 0.852353 -38.7721 -0.655187 3.77085 13.902 -0.215913 2.32622 -40.4017 -6.04875 0.142516 -5.62191 -15.2861 -0.779096 -9.8844 12.4959 5.87567e-16 -6.2079e-16 -1.27964e-14 
10.9473 91.6301 61.3606 8.2526 -5.81743 -1.32993 0 5.07867 -1.15138 -3.70471 4.85496 0.563983 0 5.61661 1.07143 -3.01435 3.31721 0.228551 -1.02604e-17 5.98978 0.11501 -2.31474 1.98192 0.343502 -1.10457e-17 6.50583 -0.443523 -1.53382 -0.88031 0.30802 -1.97295e-17 7.60548 -1.50593 -0.641159 -2.02168 0.457392 -2.53307e-17 9.49737 -0.914492 0.289512 -3.95174 0.121458 -2.90401e-17 10.5513 1.57691 0.0251212 1.04993 -0.0201526 -1.29193e-17 4.78644 0.715339 0.178856 6.89387 0.161045 -1.8116e-17 4.82109 0.421791 0.999177 -1.9366 -0.152459 -2.00958e-17 4.83041 0.765062 0.585673 -3.43579 0.740539 1.23299 -7.60731 7.53374 22.5681 5.53168 3.16758 12.9547 3.2495 -3.26872 -99.6085 21.9888 8.40019 29.2081 0.0598081 0.137039 4.33568 -0.794566 -21.3529 24.234 0.0496219 0.113701 -2.67251 -20.1276 1.29162 -1.23299 -7.60729 7.53365 -14.5374 4.86066 -2.80032 -12.9547 3.2495 -3.26872 91.4559 17.9464 -9.75673 -29.2081 0.0598081 0.137039 -4.27338 -0.770683 21.031 -24.234 0.0496218 0.113702 6.94058 -18.7117 2.84136 9.23673 -4.20556 2.0327 -8.66183 1.49145 -13.8841 -0.852353 -38.7721 -0.655187 -0.986597 3.68449 -0.0325963 -2.32622 -40.4017 -6.04875 0.214224 -0.194135 15.0479 0.779096 -9.8844 12.4959 -1.16932e-15 -8.44926e-16 6.22117e-17 -9.23673 -4.20556 2.0327 -8.56206 -10.4017 20.0942 0.852353 -38.7721 -0.655187 3.76983 13.8984 -0.215731 2.32622 -40.4017 -6.04875 0.137711 -5.61014 -15.2878 -0.779096 -9.8844 12.4959 5.96354e-16 -6.21202e-16 -1.27968e-14 
10.9529 91.6355 61.3882 8.24705 -5.81653 -1.40807 0 5.07867 -1.15138 -3.79546 4.82617 0.563156 0 5.61661 1.07143 -3.09022 3.30131 0.204059 -1.02604e-17 5.98978 0.11501 -2.37258 1.98217 0.312003 -1.10457e-17 6.50583 -0.443523 -1.57941 -0.860041 0.275213 -1.97295e-17 7.60548 -1.50593 -0.675557 -2.00152 0.429893 -2.53307e-17 9.49737 -0.914492 0.267199 -3.90559 0.103224 -2.90401e-17 10.5513 1.57691 0.0182962 1.05238 -0.0354809 -1.29193e-17 4.78644 0.715339 0.215695 6.99039 0.189278 -1.8116e-17 4.82109 0.421791 1.0209 -2.00454 -0.133038 -2.00958e-17 4.83041 0.765062 0.896479 -3.52249 0.831995 1.23299 -7.60731 7.53374 21.7562 5.42778 3.10603 12.9547 3.2495 -3.26872 -98.8859 21.4868 8.26424 29.2081 0.0598081 0.137039 4.25252 -0.762911 -20.9251 24.234 0.0496219 0.113701 -2.29615 -19.7272 1.05935 -1.23299 -7.60729 7.53365 -14.6277 4.78317 -2.88744 -12.9547 3.2495 -3.26872 92.2078 18.2128 -9.65129 -29.2081 0.0598081 0.137039 -4.27373 -0.770816 21.0329 -24.234 0.0496218 0.113702 6.59332 -18.7276 2.58621 9.23673 -4.20556 2.0327 -8.66887 1.54209 -13.836 -0.852353 -38.7721 -0.655187 -0.967806 3.61435 -0.0325683 -2.32622 -40.4017 -6.04875 0.243453 -0.175029 15.0439 0.779096 -9.8844 12.4959 4.1656e-16 -7.82943e-16 2.28824e-19 -9.23673 -4.20556 2.0327 -8.53143 -10.3888 20.1806 0.852353 -38.7721 -0.655187 3.75874 13.8588 -0.213761 2.32622 -40.4017 -6.04875 -0.0799266 -5.52702 -15.2778 -0.779096 -9.8844 12.4959 -5.91961e-16 -5.59311e-16 -1.27473e-14 
10.9584 91.6397 61.4158 8.2506 -5.80382 -1.47644 0 5.07867 -1.15138 -3.79193 4.82616 0.575991 0 5.61661 1.07143 -3.0925 3.29358 0.21688 -1.02604e-17 5.98978 0.11501 -2.37665 1.97219 0.32465 -1.10457e-17 6.50583 -0.443523 -1.58512 -0.868117 0.288134 -1.97295e-17 7.60548 -1.50593 -0.679023 -2.01982 0.442589 -2.53307e-17 9.49737 -0.914492 0.270574 -3.93423 0.119067 -2.90401e-17 10.5513 1.57691 0.0176441 1.05672 -0.0409938 -1.29193e-17 4.78644 0.715339 0.257623 7.18117 0.145198 -1.8116e-17 4.82109 0.421791 1.11693 -1.98474 -0.148553 -2.00958e-17 4.83041 0.765062 0.787322 -3.68781 0.785405 1.23299 -7.60731 7.53374 21.5358 5.34047 3.10612 12.9547 3.2495 -3.26872 -98.4717 21.1235 7.96174 29.2081 0.0598081 0.137039 4.16679 -0.731017 -20.4854 24.234 0.0496219 0.113701 -2.54323 -19.2233 0.886299 -1.23299 -7.60729 7.53365 -14.9376 4.75898 -3.02348 -12.9547 3.2495 -3.26872 92.5102 18.145 -9.66803 -29.2081 0.0598081 0.137039 -4.25982 -0.76556 20.9614 -24.234 0.0496218 0.113702 6.68664 -18.6121 2.54513 9.23673 -4.20556 2.0327 -8.68126 1.54633 -13.7755 -0.852353 -38.7721 -0.655187 -0.965545 3.60591 -0.0325634 -2.32622 -40.4017 -6.04875 0.215901 -0.176365 15.0507 0.779096 -9.8844 12.4959 2.63173e-17 -7.95093e-16 1.23781e-17 -9.23673 -4.20556 2.0327 -8.53821 -10.4066 20.1788 0.852353 -38.7721 -0.655187 3.75738 13.8539 -0.213522 2.32622 -40.4017 -6.04875 -0.0714659 -5.53011 -15.2787 -0.779096 -9.8844 12.4959 -2.18075e-15 -4.97191e-16 -1.26728e-14 
10.9647 91.6437 61.4423 8.27252 -5.79434 -1.52869 0 5.07867 -1.15138 -3.77794 4.872 0.588971 0 5.61661 1.07143 -3.08641 3.31296 0.234148 -1.02604e-17 5.98978 0.11501 -2.37547 1.96971 0.342525 -1.10457e-17 6.50583 -0.443523 -1.58824 -0.907006 0.306465 -1.97295e-17 7.60548 -1.50593 -0.681379 -2.07653 0.459967 -2.53307e-17 9.49737 -0.914492 0.273161 -4.01429 0.13927 -2.90401e-17 10.5513 1.57691 0.0193754 1.06331 -0.043146 -1.29193e-17 4.78644 0.715339 0.284485 7.27217 0.068956 -1.8116e-17 4.82109 0.421791 1.14227 -1.92962 -0.180146 -2.00958e-17 4.83041 0.765062 0.706323 -3.74403 0.740482 1.23299 -7.60731 7.53374 21.3996 5.34059 3.04349 12.9547 3.2495 -3.26872 -98.3873 21.1106 7.9292 29.2081 0.0598081 0.137039 4.11987 -0.713877 -20.2452 24.234 0.0496219 0.113701 -2.57349 -19.0496 0.690585 -1.23299 -7.60729 7.53365 -15.2073 4.79824 -3.06043 -12.9547 3.2495 -3.26872 92.6905 18.2937 -9.81169 -29.2081 0.0598081 0.137039 -4.26972 -0.769297 21.0122 -24.234 0.0496218 0.113702 6.79127 -18.8628 2.57541 9.23673 -4.20556 2.0327 -8.71138 1.55981 -13.7416 -0.852353 -38.7721 -0.655187 -0.961048 3.58912 -0.0325526 -2.32622 -40.4017 -6.04875 0.266991 -0.139272 15.0341 0.779096 -9.8844 12.4959 8.17048e-16 -7.58004e-16 -2.47103e-17 -9.23673 -4.20556 2.0327 -8.56059 -10.403 20.1804 0.852353 -38.7721 -0.655187 3.74949 13.8258 -0.212126 2.32622 -40.4017 -6.04875 -0.0828825 -5.53977 -15.2838 -0.779096 -9.8844 12.4959 -1.79053e-15 -5.0934e-16 -1.26973e-14 
10.97 91.648 61.4686 8.29185 -5.78813 -1.58691 0 5.07867 -1.15138 -3.76335 4.90288 0.610253 0 5.61661 1.07143 -3.08252 3.32659 0.261052 -1.02604e-17 5.98978 0.11501 -2.37684 1.97159 0.370152 -1.10457e-17 6.50583 -0.443523 -1.5944 -0.923671 0.335264 -1.97295e-17 7.60548 -1.50593 -0.685766 -2.10226 0.489107 -2.53307e-17 9.49737 -0.914492 0.275401 -4.05359 0.171002 -2.90401e-17 10.5513 1.57691 0.0198493 1.06676 -0.0428133 -1.29193e-17 4.78644 0.715339 0.28973 7.32405 -0.0295749 -1.8116e-17 4.82109 0.421791 1.17592 -1.95992 -0.223301 -2.00958e-17 4.83041 0.765062 0.682591 -3.76425 0.695712 1.23299 -7.60731 7.53374 21.3795 5.31918 3.03911 12.9547 3.2495 -3.26872 -98.3767 20.9878 7.82272 29.2081 0.0598081 0.137039 4.08567 -0.701522 -20.0703 24.234 0.0496219 0.113701 -2.65442 -18.7001 0.610035 -1.23299 -7.60729 7.53365 -15.3648 4.82074 -3.12604 -12.9547 3.2495 -3.26872 92.771 18.3946 -9.92728 -29.2081 0.0598081 0.137039 -4.27783 -0.772369 21.0539 -24.234 0.0496218 0.113702 6.90756 -19.1137 2.64559 9.23673 -4.20556 2.0327 -8.73424 1.56619 -13.7059 -0.852353 -38.7721 -0.655187 -0.959303 3.58261 -0.0325481 -2.32622 -40.4017 -6.04875 0.227352 -0.134958 15.0388 0.779096 -9.8844 12.4959 2.77865e-17 -7.95001e-16 1.22863e-17 -9.23673 -4.20556 2.0327 -8.57314 -10.4542 20.2305 0.852353 -38.7721 -0.655187 3.7667 13.8872 -0.215174 2.32622 -40.4017 -6.04875 -0.0816278 -5.53467 -15.2862 -0.779096 -9.8844 12.4959 -2.04662e-16 -5.83654e-16 -1.27593e-14 
10.976 91.6525 61.4948 8.29618 -5.78457 -1.63451 0 5.07867 -1.15138 -3.75003 4.9451 0.621816 0 5.61661 1.07143 -3.07601 3.34951 0.276808 -1.02604e-17 5.98978 0.11501 -2.37566 1.97851 0.385553 -1.10457e-17 6.50583 -0.443523 -1.59733 -0.943912 0.350752 -1.97295e-17 7.60548 -1.50593 -0.68924 -2.13326 0.503808 -2.53307e-17 9.49737 -0.914492 0.274114 -4.10086 0.189459 -2.90401e-17 10.5513 1.57691 0.0201667 1.06921 -0.0449259 -1.29193e-17 4.78644 0.715339 0.301763 7.36871 -0.07994 -1.8116e-17 4.82109 0.421791 1.18652 -1.9614 -0.244106 -2.00958e-17 4.83041 0.765062 0.682384 -3.82114 0.64931 1.23299 -7.60731 7.53374 21.4047 5.32528 3.00222 12.9547 3.2495 -3.26872 -98.4939 20.9403 7.86549 29.2081 0.0598081 0.137039 4.07894 -0.699104 -20.0359 24.234 0.0496219 0.113701 -2.6366 -18.4999 0.553648 -1.23299 -7.60729 7.53365 -15.6765 4.84885 -3.1693 -12.9547 3.2495 -3.26872 92.9358 18.6463 -10.0523 -29.2081 0.0598081 0.137039 -4.30358 -0.782162 21.1864 -24.234 0.0496218 0.113702 7.08351 -19.4777 2.68502 9.23673 -4.20556 2.0327 -8.74526 1.5842 -13.6469 -0.852353 -38.7721 -0.655187 -0.955505 3.56843 -0.0325375 -2.32622 -40.4017 -6.04875 0.217272 -0.124681 15.0379 0.779096 -9.8844 12.4959 2.48481e-17 -7.95139e-16 1.2424e-17 -9.23673 -4.20556 2.0327 -8.58351 -10.4404 20.2523 0.852353 -38.7721 -0.655187 3.75685 13.852 -0.213428 2.32622 -40.4017 -6.04875 -0.0566119 -5.54221 -15.2878 -0.779096 -9.8844 12.4959 -9.90985e-16 -5.46796e-16 -1.27224e-14 
10.9805 91.6594 61.5196 8.29868 -5.81462 -1.6854 0 5.07867 -1.15138 -3.74203 4.96938 0.640953 0 5.61661 1.07143 -3.07427 3.36486 0.299917 -1.02604e-17 5.98978 0.11501 -2.37734 1.99086 0.408963 -1.10457e-17 6.50583 -0.443523 -1.60198 -0.938822 0.375067 -1.97295e-17 7.60548 -1.50593 -0.691921 -2.13157 0.528613 -2.53307e-17 9.49737 -0.914492 0.277504 -4.10171 0.215501 -2.90401e-17 10.5513 1.57691 0.0203945 1.06952 -0.045111 -1.29193e-17 4.78644 0.715339 0.304213 7.37799 -0.127814 -1.8116e-17 4.82109 0.421791 1.21708 -1.99999 -0.264394 -2.00958e-17 4.83041 0.765062 0.683076 -3.84874 0.576683 1.23299 -7.60731 7.53374 21.3954 5.3092 2.99062 12.9547 3.2495 -3.26872 -98.5086 20.8565 7.83166 29.2081 0.0598081 0.137039 4.06754 -0.695024 -19.9777 24.234 0.0496219 0.113701 -2.67329 -18.2382 0.517711 -1.23299 -7.60729 7.53365 -15.7688 4.8591 -3.2036 -12.9547 3.2495 -3.26872 93.0133 18.8262 -10.1234 -29.2081 0.0598081 0.137039 -4.32645 -0.790917 21.3041 -24.234 0.0496218 0.113702 7.11338 -19.8111 2.67075 9.23673 -4.20556 2.0327 -8.75557 1.62719 -13.633 -0.852353 -38.7721 -0.655187 -0.9542 3.56356 -0.0325337 -2.32622 -40.4017 -6.04875 0.209374 -0.102994 15.0384 0.779096 -9.8844 12.4959 4.20948e-16 -7.82761e-16 4.59129e-20 -9.23673 -4.20556 2.0327 -8.58042 -10.4249 20.2993 0.852353 -38.7721 -0.655187 3.76016 13.8639 -0.214015 2.32622 -40.4017 -6.04875 -0.0765748 -5.51034 -15.288 -0.779096 -9.8844 12.4959 -5.97823e-16 -5.59036e-16 -1.2747e-14 
10.9858 91.6649 61.5435 8.29175 -5.83534 -1.72811 0 5.07867 -1.15138 -3.73124 5.00336 0.649891 0 5.61661 1.07143 -3.06706 3.38681 0.311164 -1.02604e-17 5.98978 0.11501 -2.37326 2.00543 0.420379 -1.10457e-17 6.50583 -0.443523 -1.60051 -0.939288 0.386751 -1.97295e-17 7.60548 -1.50593 -0.690789 -2.13981 0.53986 -2.53307e-17 9.49737 -0.914492 0.279993 -4.11395 0.226989 -2.90401e-17 10.5513 1.57691 0.0201268 1.07069 -0.0456187 -1.29193e-17 4.78644 0.715339 0.308883 7.38365 -0.176803 -1.8116e-17 4.82109 0.421791 1.23329 -2.01437 -0.285679 -2.00958e-17 4.83041 0.765062 0.697421 -3.8984 0.570053 1.23299 -7.60731 7.53374 21.3717 5.31268 2.96338 12.9547 3.2495 -3.26872 -98.5067 20.8265 7.84538 29.2081 0.0598081 0.137039 4.06356 -0.693599 -19.9573 24.234 0.0496219 0.113701 -2.71053 -18.1297 0.470826 -1.23299 -7.60729 7.53365 -15.838 4.87134 -3.21412 -12.9547 3.2495 -3.26872 93.0568 18.9677 -10.1521 -29.2081 0.0598081 0.137039 -4.34346 -0.797465 21.3917 -24.234 0.0496218 0.113702 7.13546 -20.0442 2.65366 9.23673 -4.20556 2.0327 -8.75683 1.65994 -13.5946 -0.852353 -38.7721 -0.655187 -0.954989 3.56651 -0.032536 -2.32622 -40.4017 -6.04875 0.201261 -0.0956268 15.0395 0.779096 -9.8844 12.4959 2.63173e-17 -7.95093e-16 1.23781e-17 -9.23673 -4.20556 2.0327 -8.5807 -10.3912 20.3334 0.852353 -38.7721 -0.655187 3.75203 13.8348 -0.212575 2.32622 -40.4017 -6.04875 -0.0259278 -5.50842 -15.2893 -0.779096 -9.8844 12.4959 -9.92454e-16 -5.46704e-16 -1.27223e-14 
10.9908 91.6714 61.567 8.29214 -5.87785 -1.76433 0 5.07867 -1.15138 -3.72431 5.02741 0.661314 0 5.61661 1.07143 -3.06323 3.40307 0.324936 -1.02604e-17 5.98978 0.11501 -2.37162 2.01835 0.434514 -1.10457e-17 6.50583 -0.443523 -1.60051 -0.933398 0.40134 -1.97295e-17 7.60548 -1.50593 -0.689723 -2.13909 0.554329 -2.53307e-17 9.49737 -0.914492 0.284411 -4.11597 0.241205 -2.90401e-17 10.5513 1.57691 0.0204961 1.07103 -0.0453488 -1.29193e-17 4.78644 0.715339 0.313145 7.38515 -0.224468 -1.8116e-17 4.82109 0.421791 1.25495 -2.02462 -0.306554 -2.00958e-17 4.83041 0.765062 0.702214 -3.91617 0.537707 1.23299 -7.60731 7.53374 21.3615 5.31119 2.94564 12.9547 3.2495 -3.26872 -98.5114 20.84 7.84722 29.2081 0.0598081 0.137039 4.0578 -0.691542 -19.9279 24.234 0.0496219 0.113701 -2.74748 -18.0507 0.457522 -1.23299 -7.60729 7.53365 -15.8834 4.87885 -3.22045 -12.9547 3.2495 -3.26872 93.0735 19.0791 -10.1656 -29.2081 0.0598081 0.137039 -4.35226 -0.800865 21.4371 -24.234 0.0496218 0.113702 7.15964 -20.2536 2.63856 9.23673 -4.20556 2.0327 -8.76898 1.70528 -13.5695 -0.852353 -38.7721 -0.655187 -0.958872 3.581 -0.0325469 -2.32622 -40.4017 -6.04875 0.219852 -0.0683101 15.0359 0.779096 -9.8844 12.4959 1.60925e-15 -7.33248e-16 -4.94666e-17 -9.23673 -4.20556 2.0327 -8.58206 -10.3602 20.3584 0.852353 -38.7721 -0.655187 3.75564 13.8477 -0.213213 2.32622 -40.4017 -6.04875 -0.0303671 -5.47995 -15.2887 -0.779096 -9.8844 12.4959 -2.18222e-15 -4.97145e-16 -1.26727e-14 
10.9941 91.674 61.5902 8.27244 -5.88324 -1.82551 0 5.07867 -1.15138 -3.71236 5.04624 0.669269 0 5.61661 1.07143 -3.05417 3.41598 0.334741 -1.02604e-17 5.98978 0.11501 -2.36514 2.02823 0.444601 -1.10457e-17 6.50583 -0.443523 -1.5963 -0.929511 0.411576 -1.97295e-17 7.60548 -1.50593 -0.686069 -2.13976 0.563869 -2.53307e-17 9.49737 -0.914492 0.288678 -4.1185 0.249791 -2.90401e-17 10.5513 1.57691 0.0206687 1.07097 -0.0454028 -1.29193e-17 4.78644 0.715339 0.316545 7.37872 -0.249695 -1.8116e-17 4.82109 0.421791 1.27456 -2.0372 -0.317226 -2.00958e-17 4.83041 0.765062 0.706917 -3.94534 0.531137 1.23299 -7.60731 7.53374 21.3525 5.31656 2.93087 12.9547 3.2495 -3.26872 -98.5258 20.8561 7.88336 29.2081 0.0598081 0.137039 4.05661 -0.691119 -19.9218 24.234 0.0496219 0.113701 -2.77535 -18.0328 0.423073 -1.23299 -7.60729 7.53365 -15.9042 4.88209 -3.22714 -12.9547 3.2495 -3.26872 93.0631 19.1877 -10.1463 -29.2081 0.0598081 0.137039 -4.35965 -0.803723 21.4752 -24.234 0.0496218 0.113702 7.17696 -20.4345 2.62533 9.23673 -4.20556 2.0327 -8.75897 1.72393 -13.5171 -0.852353 -38.7721 -0.655187 -0.959778 3.58438 -0.0325493 -2.32622 -40.4017 -6.04875 0.243347 -0.0776892 15.0343 0.779096 -9.8844 12.4959 8.22925e-16 -7.57775e-16 -2.49399e-17 -9.23673 -4.20556 2.0327 -8.56084 -10.3639 20.3944 0.852353 -38.7721 -0.655187 3.75603 13.8491 -0.213282 2.32622 -40.4017 -6.04875 -0.00549936 -5.46821 -15.2889 -0.779096 -9.8844 12.4959 -2.06131e-16 -5.83609e-16 -1.27592e-14 
10.9978 91.6769 61.6128 8.25265 -5.88846 -1.8868 0 5.07867 -1.15138 -3.69632 5.05299 0.676438 0 5.61661 1.07143 -3.04234 3.42102 0.344491 -1.02604e-17 5.98978 0.11501 -2.3575 2.03298 0.454183 -1.10457e-17 6.50583 -0.443523 -1.59217 -0.923805 0.42118 -1.97295e-17 7.60548 -1.50593 -0.684041 -2.13555 0.572448 -2.53307e-17 9.49737 -0.914492 0.290302 -4.1166 0.259391 -2.90401e-17 10.5513 1.57691 0.0210056 1.06954 -0.0462106 -1.29193e-17 4.78644 0.715339 0.32194 7.37603 -0.273616 -1.8116e-17 4.82109 0.421791 1.28806 -2.04935 -0.327141 -2.00958e-17 4.83041 0.765062 0.710308 -3.97841 0.532629 1.23299 -7.60731 7.53374 21.3381 5.31238 2.91629 12.9547 3.2495 -3.26872 -98.5865 20.8536 7.92409 29.2081 0.0598081 0.137039 4.05293 -0.689807 -19.903 24.234 0.0496219 0.113701 -2.75198 -18.0024 0.430387 -1.23299 -7.60729 7.53365 -16.0094 4.8806 -3.24657 -12.9547 3.2495 -3.26872 93.0906 19.3164 -10.142 -29.2081 0.0598081 0.137039 -4.36563 -0.806042 21.506 -24.234 0.0496218 0.113702 7.24336 -20.6243 2.63293 9.23673 -4.20556 2.0327 -8.74936 1.74933 -13.453 -0.852353 -38.7721 -0.655187 -0.956495 3.57213 -0.0325404 -2.32622 -40.4017 -6.04875 0.26871 -0.0819996 15.0314 0.779096 -9.8844 12.4959 -7.64414e-16 -8.32135e-16 4.94207e-17 -9.23673 -4.20556 2.0327 -8.5368 -10.3785 20.4382 0.852353 -38.7721 -0.655187 3.76073 13.8659 -0.214115 2.32622 -40.4017 -6.04875 -0.00161221 -5.44526 -15.2875 -0.779096 -9.8844 12.4959 1.97315e-16 -5.96308e-16 -1.27719e-14 
11.0038 91.6792 61.6349 8.24566 -5.88224 -1.92597 0 5.07867 -1.15138 -3.68591 5.05876 0.683318 0 5.61661 1.07143 -3.03523 3.42487 0.352758 -1.02604e-17 5.98978 0.11501 -2.35321 2.0371 0.462282 -1.10457e-17 6.50583 -0.443523 -1.59047 -0.919325 0.42931 -1.97295e-17 7.60548 -1.50593 -0.683631 -2.13203 0.580118 -2.53307e-17 9.49737 -0.914492 0.290869 -4.11291 0.267628 -2.90401e-17 10.5513 1.57691 0.0208561 1.0688 -0.0469487 -1.29193e-17 4.78644 0.715339 0.322868 7.36464 -0.283646 -1.8116e-17 4.82109 0.421791 1.29436 -2.07058 -0.331054 -2.00958e-17 4.83041 0.765062 0.722676 -4.00634 0.524191 1.23299 -7.60731 7.53374 21.3065 5.31037 2.90646 12.9547 3.2495 -3.26872 -98.5951 20.824 7.97274 29.2081 0.0598081 0.137039 4.04794 -0.688031 -19.8776 24.234 0.0496219 0.113701 -2.76122 -17.9461 0.409166 -1.23299 -7.60729 7.53365 -16.0424 4.87913 -3.25808 -12.9547 3.2495 -3.26872 93.1058 19.4372 -10.1367 -29.2081 0.0598081 0.137039 -4.37215 -0.808575 21.5396 -24.234 0.0496218 0.113702 7.24667 -20.8233 2.63247 9.23673 -4.20556 2.0327 -8.75299 1.76549 -13.4208 -0.852353 -38.7721 -0.655187 -0.952174 3.556 -0.0325275 -2.32622 -40.4017 -6.04875 0.279541 -0.082304 15.0306 0.779096 -9.8844 12.4959 4.1801e-16 -7.82898e-16 1.83652e-19 -9.23673 -4.20556 2.0327 -8.53327 -10.3963 20.4644 0.852353 -38.7721 -0.655187 3.76429 13.8786 -0.214746 2.32622 -40.4017 -6.04875 0.0154087 -5.44077 -15.2873 -0.779096 -9.8844 12.4959 -5.93416e-16 -5.5922e-16 -1.27472e-14 
11.0107 91.6826 61.6564 8.25051 -5.88783 -1.95283 0 5.07867 -1.15138 -3.6769 5.06697 0.688972 0 5.61661 1.07143 -3.02884 3.43033 0.359345 -1.02604e-17 5.98978 0.11501 -2.34933 2.0421 0.46861 -1.10457e-17 6.50583 -0.443523 -1.58874 -0.915117 0.435537 -1.97295e-17 7.60548 -1.50593 -0.68315 -2.12983 0.585816 -2.53307e-17 9.49737 -0.914492 0.291258 -4.11136 0.273849 -2.90401e-17 10.5513 1.57691 0.0207501 1.06821 -0.0477196 -1.29193e-17 4.78644 0.715339 0.325235 7.35663 -0.293825 -1.8116e-17 4.82109 0.421791 1.30044 -2.09643 -0.335225 -2.00958e-17 4.83041 0.765062 0.724545 -4.0376 0.525218 1.23299 -7.60731 7.53374 21.2774 5.31035 2.8976 12.9547 3.2495 -3.26872 -98.5973 20.8142 8.02343 29.2081 0.0598081 0.137039 4.04341 -0.686421 -19.8545 24.234 0.0496219 0.113701 -2.77825 -17.9286 0.399957 -1.23299 -7.60729 7.53365 -16.0859 4.87806 -3.26898 -12.9547 3.2495 -3.26872 93.1228 19.521 -10.1295 -29.2081 0.0598081 0.137039 -4.37467 -0.809556 21.5526 -24.234 0.0496218 0.113702 7.25511 -20.9624 2.6384 9.23673 -4.20556 2.0327 -8.7682 1.78608 -13.4 -0.852353 -38.7721 -0.655187 -0.950226 3.54873 -0.0325213 -2.32622 -40.4017 -6.04875 0.283556 -0.0710604 15.0294 0.779096 -9.8844 12.4959 2.63173e-17 -7.95093e-16 1.23781e-17 -9.23673 -4.20556 2.0327 -8.54614 -10.3969 20.4745 0.852353 -38.7721 -0.655187 3.76612 13.8851 -0.21507 2.32622 -40.4017 -6.04875 0.0322029 -5.43954 -15.2872 -0.779096 -9.8844 12.4959 -5.96354e-16 -5.59082e-16 -1.27471e-14 
11.0185 91.6878 61.6774 8.26634 -5.91562 -1.96087 0 5.07867 -1.15138 -3.68706 5.07907 0.694013 0 5.61661 1.07143 -3.0371 3.43822 0.362543 -1.02604e-17 5.98978 0.11501 -2.35561 2.04654 0.470527 -1.10457e-17 6.50583 -0.443523 -1.5928 -0.919031 0.436708 -1.97295e-17 7.60548 -1.50593 -0.6848 -2.13532 0.587419 -2.53307e-17 9.49737 -0.914492 0.292122 -4.12233 0.274744 -2.90401e-17 10.5513 1.57691 0.0204564 1.06933 -0.0505369 -1.29193e-17 4.78644 0.715339 0.333202 7.40602 -0.304904 -1.8116e-17 4.82109 0.421791 1.30758 -2.12119 -0.339736 -2.00958e-17 4.83041 0.765062 0.763293 -4.07633 0.552222 1.23299 -7.60731 7.53374 21.3096 5.31625 2.90822 12.9547 3.2495 -3.26872 -98.6331 20.8037 8.09987 29.2081 0.0598081 0.137039 4.03732 -0.684261 -19.8234 24.234 0.0496219 0.113701 -2.78291 -17.8979 0.398619 -1.23299 -7.60729 7.53365 -16.186 4.87033 -3.31173 -12.9547 3.2495 -3.26872 93.3405 19.5654 -10.117 -29.2081 0.0598081 0.137039 -4.37827 -0.810954 21.5712 -24.234 0.0496218 0.113702 7.15934 -20.9771 2.53854 9.23673 -4.20556 2.0327 -8.79678 1.82752 -13.3854 -0.852353 -38.7721 -0.655187 -0.9479 3.54005 -0.0325135 -2.32622 -40.4017 -6.04875 0.295466 -0.0346714 15.0246 0.779096 -9.8844 12.4959 4.20948e-16 -7.82761e-16 4.59129e-20 -9.23673 -4.20556 2.0327 -8.57218 -10.3697 20.4756 0.852353 -38.7721 -0.655187 3.7669 13.8879 -0.215211 2.32622 -40.4017 -6.04875 0.0270262 -5.427 -15.2856 -0.779096 -9.8844 12.4959 -9.92454e-16 -5.46704e-16 -1.27223e-14 
11.0268 91.6924 61.6989 8.26722 -5.94609 -1.95825 0 5.07867 -1.15138 -3.68853 5.10377 0.695743 0 5.61661 1.07143 -3.03717 3.45436 0.363458 -1.02604e-17 5.98978 0.11501 -2.35566 2.05392 0.469986 -1.10457e-17 6.50583 -0.443523 -1.59172 -0.92793 0.435259 -1.97295e-17 7.60548 -1.50593 -0.683476 -2.14945 0.585441 -2.53307e-17 9.49737 -0.914492 0.29341 -4.14763 0.272408 -2.90401e-17 10.5513 1.57691 0.0207616 1.07099 -0.0535102 -1.29193e-17 4.78644 0.715339 0.34707 7.47168 -0.278227 -1.8116e-17 4.82109 0.421791 1.32506 -2.14129 -0.32654 -2.00958e-17 4.83041 0.765062 0.757943 -4.12372 0.551488 1.23299 -7.60731 7.53374 21.38 5.32531 2.93273 12.9547 3.2495 -3.26872 -98.7912 20.7299 8.19983 29.2081 0.0598081 0.137039 4.04022 -0.685289 -19.8382 24.234 0.0496219 0.113701 -2.72435 -17.7776 0.455875 -1.23299 -7.60729 7.53365 -16.3842 4.86318 -3.37676 -12.9547 3.2495 -3.26872 93.5759 19.5284 -10.1136 -29.2081 0.0598081 0.137039 -4.38311 -0.812842 21.5962 -24.234 0.0496218 0.113702 7.14668 -20.8815 2.44064 9.23673 -4.20556 2.0327 -8.81111 1.86948 -13.3828 -0.852353 -38.7721 -0.655187 -0.947593 3.5389 -0.0325125 -2.32622 -40.4017 -6.04875 0.30913 -0.0114432 15.0214 0.779096 -9.8844 12.4959 8.18518e-16 -7.57958e-16 -2.47563e-17 -9.23673 -4.20556 2.0327 -8.58614 -10.3421 20.46 0.852353 -38.7721 -0.655187 3.77013 13.8994 -0.215785 2.32622 -40.4017 -6.04875 0.038751 -5.4111 -15.2848 -0.779096 -9.8844 12.4959 -5.97823e-16 -5.59036e-16 -1.2747e-14 
11.0343 91.6966 61.7202 8.26535 -5.97979 -1.9616 0 5.07867 -1.15138 -3.68218 5.13671 0.700143 0 5.61661 1.07143 -3.03122 3.47589 0.368238 -1.02604e-17 5.98978 0.11501 -2.35147 2.06731 0.474138 -1.10457e-17 6.50583 -0.443523 -1.58845 -0.931082 0.439106 -1.97295e-17 7.60548 -1.50593 -0.68099 -2.16053 0.588576 -2.53307e-17 9.49737 -0.914492 0.29577 -4.1652 0.27536 -2.90401e-17 10.5513 1.57691 0.0208742 1.07202 -0.0545866 -1.29193e-17 4.78644 0.715339 0.355432 7.49827 -0.262676 -1.8116e-17 4.82109 0.421791 1.33705 -2.15944 -0.318284 -2.00958e-17 4.83041 0.765062 0.731941 -4.17341 0.53731 1.23299 -7.60731 7.53374 21.387 5.33147 2.94342 12.9547 3.2495 -3.26872 -98.8391 20.6119 8.28793 29.2081 0.0598081 0.137039 4.03944 -0.685011 -19.8342 24.234 0.0496219 0.113701 -2.73839 -17.6304 0.437303 -1.23299 -7.60729 7.53365 -16.4821 4.86626 -3.41175 -12.9547 3.2495 -3.26872 93.6562 19.5217 -10.1221 -29.2081 0.0598081 0.137039 -4.38579 -0.813889 21.61 -24.234 0.0496218 0.113702 7.15346 -20.8884 2.43608 9.23673 -4.20556 2.0327 -8.82222 1.90317 -13.3981 -0.852353 -38.7721 -0.655187 -0.953714 3.56175 -0.0325322 -2.32622 -40.4017 -6.04875 0.322658 0.00393541 15.0197 0.779096 -9.8844 12.4959 -1.55659e-15 -8.69268e-16 8.65537e-17 -9.23673 -4.20556 2.0327 -8.59445 -10.3186 20.4579 0.852353 -38.7721 -0.655187 3.77678 13.9232 -0.216968 2.32622 -40.4017 -6.04875 0.0480135 -5.39497 -15.285 -0.779096 -9.8844 12.4959 1.95837e-16 -5.96216e-16 -1.27718e-14 
11.0432 91.6984 61.743 8.2774 -5.98616 -1.96379 0 5.07867 -1.15138 -3.66114 5.16925 0.700581 0 5.61661 1.07143 -3.01399 3.49596 0.372676 -1.02604e-17 5.98978 0.11501 -2.34003 2.07269 0.477522 -1.10457e-17 6.50583 -0.443523 -1.58037 -0.948253 0.441696 -1.97295e-17 7.60548 -1.50593 -0.677152 -2.18366 0.589253 -2.53307e-17 9.49737 -0.914492 0.295557 -4.20678 0.27756 -2.90401e-17 10.5513 1.57691 0.0213336 1.07309 -0.0559603 -1.29193e-17 4.78644 0.715339 0.36364 7.56281 -0.261788 -1.8116e-17 4.82109 0.421791 1.33072 -2.1528 -0.317731 -2.00958e-17 4.83041 0.765062 0.673544 -4.23602 0.552406 1.23299 -7.60731 7.53374 21.5639 5.34742 2.97167 12.9547 3.2495 -3.26872 -99.1542 20.5395 8.41241 29.2081 0.0598081 0.137039 4.05472 -0.690446 -19.9122 24.234 0.0496219 0.113701 -2.70374 -17.4957 0.526579 -1.23299 -7.60729 7.53365 -16.7744 4.87755 -3.47621 -12.9547 3.2495 -3.26872 93.8327 19.5146 -10.1677 -29.2081 0.0598081 0.137039 -4.39215 -0.816371 21.6428 -24.234 0.0496218 0.113702 7.22603 -20.8559 2.43386 9.23673 -4.20556 2.0327 -8.8476 1.90688 -13.3762 -0.852353 -38.7721 -0.655187 -0.960932 3.58869 -0.0325523 -2.32622 -40.4017 -6.04875 0.351839 0.016661 15.014 0.779096 -9.8844 12.4959 -3.77143e-16 -8.07793e-16 2.50784e-17 -9.23673 -4.20556 2.0327 -8.61785 -10.3333 20.4453 0.852353 -38.7721 -0.655187 3.78906 13.967 -0.219162 2.32622 -40.4017 -6.04875 0.0755121 -5.40215 -15.2871 -0.779096 -9.8844 12.4959 1.98785e-16 -5.96354e-16 -1.27719e-14 
11.0526 91.7 61.7654 8.2895 -5.99243 -1.96596 0 5.07867 -1.15138 -3.67288 5.1875 0.706476 0 5.61661 1.07143 -3.02251 3.5084 0.376178 -1.02604e-17 5.98978 0.11501 -2.34562 2.07806 0.478908 -1.10457e-17 6.50583 -0.443523 -1.58297 -0.960728 0.442522 -1.97295e-17 7.60548 -1.50593 -0.676969 -2.19573 0.591028 -2.53307e-17 9.49737 -0.914492 0.297779 -4.22521 0.277132 -2.90401e-17 10.5513 1.57691 0.0202663 1.07583 -0.0575969 -1.29193e-17 4.78644 0.715339 0.361113 7.60282 -0.237554 -1.8116e-17 4.82109 0.421791 1.32912 -2.18369 -0.306546 -2.00958e-17 4.83041 0.765062 0.696658 -4.25739 0.554881 1.23299 -7.60731 7.53374 21.661 5.35941 3.03529 12.9547 3.2495 -3.26872 -99.4193 20.3165 8.55309 29.2081 0.0598081 0.137039 4.06861 -0.695404 -19.9831 24.234 0.0496219 0.113701 -2.58134 -17.196 0.601869 -1.23299 -7.60729 7.53365 -16.7914 4.8729 -3.54415 -12.9547 3.2495 -3.26872 94.1031 19.4081 -10.1327 -29.2081 0.0598081 0.137039 -4.39698 -0.818261 21.6677 -24.234 0.0496218 0.113702 6.98712 -20.682 2.26699 9.23673 -4.20556 2.0327 -8.87382 1.9239 -13.376 -0.852353 -38.7721 -0.655187 -0.961424 3.59053 -0.0325536 -2.32622 -40.4017 -6.04875 0.372158 0.0314004 15.0108 0.779096 -9.8844 12.4959 -3.72721e-16 -8.07563e-16 2.48481e-17 -9.23673 -4.20556 2.0327 -8.63981 -10.3456 20.4311 0.852353 -38.7721 -0.655187 3.79985 14.0054 -0.221097 2.32622 -40.4017 -6.04875 0.0628116 -5.39632 -15.2854 -0.779096 -9.8844 12.4959 1.98785e-16 -5.96354e-16 -1.27719e-14 
11.064 91.6986 61.7875 8.33679 -5.96586 -1.95929 0 5.07867 -1.15138 -3.6841 5.21954 0.7087 0 5.61661 1.07143 -3.0314 3.52701 0.375829 -1.02604e-17 5.98978 0.11501 -2.3523 2.08481 0.477641 -1.10457e-17 6.50583 -0.443523 -1.58686 -0.978219 0.440547 -1.97295e-17 7.60548 -1.50593 -0.678675 -2.22194 0.589741 -2.53307e-17 9.49737 -0.914492 0.2977 -4.26152 0.275216 -2.90401e-17 10.5513 1.57691 0.0203042 1.07957 -0.0582988 -1.29193e-17 4.78644 0.715339 0.362837 7.62723 -0.18004 -1.8116e-17 4.82109 0.421791 1.33202 -2.19015 -0.280087 -2.00958e-17 4.83041 0.765062 0.670243 -4.30463 0.517856 1.23299 -7.60731 7.53374 21.7044 5.3772 3.08107 12.9547 3.2495 -3.26872 -99.4904 20.0695 8.66056 29.2081 0.0598081 0.137039 4.07951 -0.699311 -20.0388 24.234 0.0496219 0.113701 -2.6289 -16.9381 0.588504 -1.23299 -7.60729 7.53365 -16.8474 4.87875 -3.59547 -12.9547 3.2495 -3.26872 94.193 19.2049 -10.109 -29.2081 0.0598081 0.137039 -4.39689 -0.818227 21.6673 -24.234 0.0496218 0.113702 6.96519 -20.4465 2.25084 9.23673 -4.20556 2.0327 -8.93177 1.89412 -13.3796 -0.852353 -38.7721 -0.655187 -0.967444 3.613 -0.0325675 -2.32622 -40.4017 -6.04875 0.350611 0.0381655 15.014 0.779096 -9.8844 12.4959 4.1947e-16 -7.82807e-16 9.21221e-20 -9.23673 -4.20556 2.0327 -8.70494 -10.4038 20.3767 0.852353 -38.7721 -0.655187 3.81863 14.0724 -0.224484 2.32622 -40.4017 -6.04875 0.0770047 -5.43987 -15.2883 -0.779096 -9.8844 12.4959 -9.89501e-16 -5.46842e-16 -1.27224e-14 
11.0853 91.6935 61.8079 8.39611 -5.92417 -1.93677 0 5.07867 -1.15138 -3.69183 5.24883 0.705683 0 5.61661 1.07143 -3.03782 3.54181 0.370691 -1.02604e-17 5.98978 0.11501 -2.3576 2.08577 0.471642 -1.10457e-17 6.50583 -0.443523 -1.59062 -1.00285 0.433994 -1.97295e-17 7.60548 -1.50593 -0.6821 -2.2547 0.583279 -2.53307e-17 9.49737 -0.914492 0.293866 -4.30331 0.269635 -2.90401e-17 10.5513 1.57691 0.019976 1.08303 -0.0585194 -1.29193e-17 4.78644 0.715339 0.362848 7.61575 -0.138692 -1.8116e-17 4.82109 0.421791 1.31325 -2.16487 -0.261308 -2.00958e-17 4.83041 0.765062 0.645069 -4.31595 0.524237 1.23299 -7.60731 7.53374 21.6592 5.40152 3.08633 12.9547 3.2495 -3.26872 -99.4578 19.9173 8.79049 29.2081 0.0598081 0.137039 4.09411 -0.704557 -20.1134 24.234 0.0496219 0.113701 -2.67799 -16.8382 0.550023 -1.23299 -7.60729 7.53365 -16.8756 4.90027 -3.59508 -12.9547 3.2495 -3.26872 94.2448 19.0771 -10.1412 -29.2081 0.0598081 0.137039 -4.40663 -0.822041 21.7175 -24.234 0.0496218 0.113702 6.93629 -20.313 2.26787 9.23673 -4.20556 2.0327 -9.00563 1.8391 -13.3899 -0.852353 -38.7721 -0.655187 -0.978593 3.65461 -0.0325872 -2.32622 -40.4017 -6.04875 0.342724 0.0346527 15.0131 0.779096 -9.8844 12.4959 4.22417e-16 -7.82715e-16 2.88531e-33 -9.23673 -4.20556 2.0327 -8.79554 -10.4741 20.2652 0.852353 -38.7721 -0.655187 3.83817 14.142 -0.22803 2.32622 -40.4017 -6.04875 0.0786984 -5.50576 -15.2912 -0.779096 -9.8844 12.4959 -1.39002e-15 -5.3428e-16 -1.27098e-14 
11.124 91.6818 61.8248 8.47072 -5.84645 -1.86816 0 5.07867 -1.15138 -3.70313 5.26554 0.701285 0 5.61661 1.07143 -3.04865 3.54768 0.364073 -1.02604e-17 5.98978 0.11501 -2.36682 2.08024 0.464101 -1.10457e-17 6.50583 -0.443523 -1.59815 -1.02822 0.426151 -1.97295e-17 7.60548 -1.50593 -0.689104 -2.28379 0.576114 -2.53307e-17 9.49737 -0.914492 0.286533 -4.33871 0.26427 -2.90401e-17 10.5513 1.57691 0.0193412 1.08681 -0.0580126 -1.29193e-17 4.78644 0.715339 0.356311 7.57817 -0.113386 -1.8116e-17 4.82109 0.421791 1.28575 -2.15933 -0.250886 -2.00958e-17 4.83041 0.765062 0.642728 -4.30299 0.543684 1.23299 -7.60731 7.53374 21.5963 5.42341 3.09819 12.9547 3.2495 -3.26872 -99.3965 19.7938 8.88591 29.2081 0.0598081 0.137039 4.11399 -0.711741 -20.215 24.234 0.0496219 0.113701 -2.70401 -16.7249 0.559987 -1.23299 -7.60729 7.53365 -16.8696 4.91817 -3.58543 -12.9547 3.2495 -3.26872 94.2595 18.9395 -10.1754 -29.2081 0.0598081 0.137039 -4.42463 -0.829119 21.8105 -24.234 0.0496218 0.113702 6.90784 -20.2031 2.26512 9.23673 -4.20556 2.0327 -9.10335 1.7398 -13.4546 -0.852353 -38.7721 -0.655187 -0.993395 3.70985 -0.0326007 -2.32622 -40.4017 -6.04875 0.32806 0.00623966 15.0151 0.779096 -9.8844 12.4959 -3.69773e-16 -8.07471e-16 2.4756e-17 -9.23673 -4.20556 2.0327 -8.92239 -10.5992 20.0802 0.852353 -38.7721 -0.655187 3.87166 14.2612 -0.234163 2.32622 -40.4017 -6.04875 0.0758674 -5.60353 -15.2953 -0.779096 -9.8844 12.4959 -5.99302e-16 -5.5899e-16 -1.27469e-14 
11.1821 91.6682 61.8373 8.56069 -5.75375 -1.77145 0 5.07867 -1.15138 -3.72563 5.26968 0.697367 0 5.61661 1.07143 -3.06713 3.54483 0.357553 -1.02604e-17 5.98978 0.11501 -2.37968 2.06727 0.456814 -1.10457e-17 6.50583 -0.443523 -1.60533 -1.06139 0.418403 -1.97295e-17 7.60548 -1.50593 -0.692058 -2.31371 0.569882 -2.53307e-17 9.49737 -0.914492 0.285373 -4.37797 0.255211 -2.90401e-17 10.5513 1.57691 0.0192226 1.09194 -0.0569832 -1.29193e-17 4.78644 0.715339 0.346632 7.582 -0.0890907 -1.8116e-17 4.82109 0.421791 1.26233 -2.14881 -0.242097 -2.00958e-17 4.83041 0.765062 0.636048 -4.3135 0.566239 1.23299 -7.60731 7.53374 21.7044 5.46118 3.15463 12.9547 3.2495 -3.26872 -99.4832 19.7558 8.98693 29.2081 0.0598081 0.137039 4.13923 -0.72092 -20.3442 24.234 0.0496219 0.113701 -2.74583 -16.6321 0.607099 -1.23299 -7.60729 7.53365 -16.7982 4.93102 -3.59485 -12.9547 3.2495 -3.26872 94.3652 18.7005 -10.161 -29.2081 0.0598081 0.137039 -4.44075 -0.835489 21.8939 -24.234 0.0496218 0.113702 6.70218 -19.944 2.13296 9.23673 -4.20556 2.0327 -9.22895 1.61967 -13.5388 -0.852353 -38.7721 -0.655187 -1.00985 3.77125 -0.032599 -2.32622 -40.4017 -6.04875 0.326892 -0.0135497 15.0134 0.779096 -9.8844 12.4959 8.15565e-16 -7.58051e-16 -2.46638e-17 -9.23673 -4.20556 2.0327 -9.08805 -10.7461 19.8522 0.852353 -38.7721 -0.655187 3.91046 14.3992 -0.241355 2.32622 -40.4017 -6.04875 0.10278 -5.72213 -15.2998 -0.779096 -9.8844 12.4959 -9.92449e-16 -5.46704e-16 -1.27223e-14 
11.2668 91.6599 61.8481 8.63776 -5.68512 -1.61646 0 5.07867 -1.15138 -3.74098 5.29534 0.687607 0 5.61661 1.07143 -3.07844 3.55623 0.345859 -1.02604e-17 5.98978 0.11501 -2.38738 2.06338 0.44488 -1.10457e-17 6.50583 -0.443523 -1.60861 -1.09397 0.406145 -1.97295e-17 7.60548 -1.50593 -0.693661 -2.35162 0.55811 -2.53307e-17 9.49737 -0.914492 0.282924 -4.42792 0.242087 -2.90401e-17 10.5513 1.57691 0.0203982 1.098 -0.0553317 -1.29193e-17 4.78644 0.715339 0.343814 7.57256 -0.0406282 -1.8116e-17 4.82109 0.421791 1.24012 -2.15202 -0.221539 -2.00958e-17 4.83041 0.765062 0.616137 -4.30681 0.55994 1.23299 -7.60731 7.53374 21.7587 5.50367 3.19414 12.9547 3.2495 -3.26872 -99.5647 19.7259 9.09264 29.2081 0.0598081 0.137039 4.16591 -0.73069 -20.4808 24.234 0.0496219 0.113701 -2.739 -16.5635 0.654691 -1.23299 -7.60729 7.53365 -16.7985 4.94534 -3.58682 -12.9547 3.2495 -3.26872 94.3653 18.4195 -10.1557 -29.2081 0.0598081 0.137039 -4.45138 -0.839701 21.9488 -24.234 0.0496218 0.113702 6.67918 -19.6757 2.09454 9.23673 -4.20556 2.0327 -9.36074 1.52769 -13.6722 -0.852353 -38.7721 -0.655187 -1.02353 3.82231 -0.0325841 -2.32622 -40.4017 -6.04875 0.326851 -0.0047893 15.0102 0.779096 -9.8844 12.4959 2.7796e-17 -7.95e-16 1.22859e-17 -9.23673 -4.20556 2.0327 -9.27284 -10.8725 19.5466 0.852353 -38.7721 -0.655187 3.95589 14.5606 -0.249894 2.32622 -40.4017 -6.04875 0.14417 -5.80699 -15.304 -0.779096 -9.8844 12.4959 -5.97828e-16 -5.59036e-16 -1.2747e-14 
11.3892 91.6546 61.8621 8.7439 -5.60806 -1.36989 0 5.07867 -1.15138 -3.68956 5.32656 0.676277 0 5.61661 1.07143 -3.03222 3.56916 0.350382 -1.02604e-17 5.98978 0.11501 -2.34991 2.04715 0.45266 -1.10457e-17 6.50583 -0.443523 -1.57422 -1.15433 0.414631 -1.97295e-17 7.60548 -1.50593 -0.665333 -2.4095 0.562725 -2.53307e-17 9.49737 -0.914492 0.301158 -4.52612 0.237442 -2.90401e-17 10.5513 1.57691 0.0256644 1.10525 -0.0443338 -1.29193e-17 4.78644 0.715339 0.324673 7.61381 -0.060679 -1.8116e-17 4.82109 0.421791 1.20163 -2.0827 -0.23655 -2.00958e-17 4.83041 0.765062 0.345191 -4.30447 0.492722 1.23299 -7.60731 7.53374 22.5696 5.60354 3.33412 12.9547 3.2495 -3.26872 -100.588 19.9901 9.24609 29.2081 0.0598081 0.137039 4.24349 -0.759513 -20.8788 24.234 0.0496219 0.113701 -2.81711 -16.4617 0.993544 -1.23299 -7.60729 7.53365 -16.8761 5.00482 -3.5889 -12.9547 3.2495 -3.26872 94.1825 17.9271 -10.1842 -29.2081 0.0598081 0.137039 -4.4417 -0.835864 21.8988 -24.234 0.0496218 0.113702 6.66651 -19.2843 2.08723 9.23673 -4.20556 2.0327 -9.53992 1.44766 -13.8116 -0.852353 -38.7721 -0.655187 -1.02921 3.84352 -0.0325743 -2.32622 -40.4017 -6.04875 0.307925 0.0474571 14.9995 0.779096 -9.8844 12.4959 4.20943e-16 -7.82761e-16 4.6061e-20 -9.23673 -4.20556 2.0327 -9.54511 -10.9909 19.1093 0.852353 -38.7721 -0.655187 4.00513 14.7352 -0.259294 2.32622 -40.4017 -6.04875 0.324392 -5.93966 -15.3153 -0.779096 -9.8844 12.4959 -9.92449e-16 -5.46704e-16 -1.27223e-14 
11.5579 91.6476 61.8716 8.89622 -5.4948 -1.01854 0 5.07867 -1.15138 -3.69365 5.40463 0.668512 0 5.61661 1.07143 -3.02964 3.61302 0.349869 -1.02604e-17 5.98978 0.11501 -2.34215 2.05447 0.457169 -1.10457e-17 6.50583 -0.443523 -1.55847 -1.22177 0.420371 -1.97295e-17 7.60548 -1.50593 -0.643474 -2.48799 0.569049 -2.53307e-17 9.49737 -0.914492 0.322376 -4.63457 0.228489 -2.90401e-17 10.5513 1.57691 0.0310645 1.11832 -0.0277253 -1.29193e-17 4.78644 0.715339 0.273898 7.50656 -0.063057 -1.8116e-17 4.82109 0.421791 1.14439 -2.08869 -0.244653 -2.00958e-17 4.83041 0.765062 0.23169 -4.15727 0.342524 1.23299 -7.60731 7.53374 23.3304 5.78089 3.45517 12.9547 3.2495 -3.26872 -101.387 20.3189 9.5299 29.2081 0.0598081 0.137039 4.35702 -0.802803 -21.4629 24.234 0.0496219 0.113701 -2.98083 -16.3929 1.15375 -1.23299 -7.60729 7.53365 -16.4162 5.0951 -3.46709 -12.9547 3.2495 -3.26872 93.6417 17.3803 -10.1138 -29.2081 0.0598081 0.137039 -4.40879 -0.82289 21.7287 -24.234 0.0496218 0.113702 6.53208 -19.0218 2.20703 9.23673 -4.20556 2.0327 -9.78955 1.33718 -14.1355 -0.852353 -38.7721 -0.655187 -1.03199 3.85389 -0.0325687 -2.32622 -40.4017 -6.04875 0.251308 0.126452 14.9905 0.779096 -9.8844 12.4959 -7.65869e-16 -8.32227e-16 4.95119e-17 -9.23673 -4.20556 2.0327 -9.90496 -11.1589 18.6551 0.852353 -38.7721 -0.655187 4.07392 14.9788 -0.272675 2.32622 -40.4017 -6.04875 0.486201 -6.09076 -15.3309 -0.779096 -9.8844 12.4959 1.94363e-16 -5.9617e-16 -1.27717e-14 
11.7818 91.6372 61.8748 9.06589 -5.3568 -0.528897 0 5.07867 -1.15138 -3.74323 5.46834 0.618826 0 5.61661 1.07143 -3.0588 3.65332 0.28949 -1.02604e-17 5.98978 0.11501 -2.35887 2.06388 0.395557 -1.10457e-17 6.50583 -0.443523 -1.56168 -1.27336 0.357047 -1.97295e-17 7.60548 -1.50593 -0.646323 -2.55261 0.506656 -2.53307e-17 9.49737 -0.914492 0.307963 -4.71525 0.163721 -2.90401e-17 10.5513 1.57691 0.0305111 1.12904 -0.0237146 -1.29193e-17 4.78644 0.715339 0.255564 7.45067 0.0332822 -1.8116e-17 4.82109 0.421791 1.04241 -2.1076 -0.205743 -2.00958e-17 4.83041 0.765062 0.317256 -4.08653 0.331369 1.23299 -7.60731 7.53374 23.5706 5.90434 3.49918 12.9547 3.2495 -3.26872 -101.61 20.5197 9.76873 29.2081 0.0598081 0.137039 4.4439 -0.836832 -21.9114 24.234 0.0496219 0.113701 -2.96818 -16.5768 1.24056 -1.23299 -7.60729 7.53365 -16.3085 5.13477 -3.35183 -12.9547 3.2495 -3.26872 93.5749 16.9709 -10.0332 -29.2081 0.0598081 0.137039 -4.37609 -0.810108 21.5599 -24.234 0.0496218 0.113702 6.47788 -18.5743 2.32445 9.23673 -4.20556 2.0327 -10.0944 1.19078 -14.5467 -0.852353 -38.7721 -0.655187 -1.04092 3.88719 -0.0325475 -2.32622 -40.4017 -6.04875 0.190802 0.207248 14.9833 0.779096 -9.8844 12.4959 2.19002e-17 -7.95277e-16 1.25622e-17 -9.23673 -4.20556 2.0327 -10.334 -11.3724 18.1569 0.852353 -38.7721 -0.655187 4.1707 15.3206 -0.291993 2.32622 -40.4017 -6.04875 0.563109 -6.22055 -15.3448 -0.779096 -9.8844 12.4959 -9.89501e-16 -5.46842e-16 -1.27224e-14 
12.044 91.6162 61.8741 9.26906 -5.15889 0.0462877 0 5.07867 -1.15138 -3.80361 5.48751 0.56671 0 5.61661 1.07143 -3.09796 3.66242 0.223774 -1.02604e-17 5.98978 0.11501 -2.38339 2.05472 0.327976 -1.10457e-17 6.50583 -0.443523 -1.57137 -1.31927 0.288617 -1.97295e-17 7.60548 -1.50593 -0.654036 -2.5984 0.439586 -2.53307e-17 9.49737 -0.914492 0.291507 -4.76507 0.0957382 -2.90401e-17 10.5513 1.57691 0.0286492 1.13952 -0.0214143 -1.29193e-17 4.78644 0.715339 0.254706 7.38154 0.0982283 -1.8116e-17 4.82109 0.421791 0.99284 -2.0743 -0.179758 -2.00958e-17 4.83041 0.765062 0.354336 -4.04556 0.357317 1.23299 -7.60731 7.53374 23.5582 5.98777 3.52048 12.9547 3.2495 -3.26872 -101.564 20.6422 9.90693 29.2081 0.0598081 0.137039 4.51305 -0.864475 -22.2693 24.234 0.0496219 0.113701 -2.95743 -16.7129 1.32191 -1.23299 -7.60729 7.53365 -16.2102 5.16434 -3.21784 -12.9547 3.2495 -3.26872 93.5498 16.6028 -9.97923 -29.2081 0.0598081 0.137039 -4.36633 -0.806318 21.5096 -24.234 0.0496218 0.113702 6.37637 -18.1656 2.30289 9.23673 -4.20556 2.0327 -10.4637 0.996723 -15.1139 -0.852353 -38.7721 -0.655187 -1.04853 3.9156 -0.0325253 -2.32622 -40.4017 -6.04875 0.147489 0.286568 14.9749 0.779096 -9.8844 12.4959 -7.67343e-16 -8.32273e-16 4.9558e-17 -9.23673 -4.20556 2.0327 -10.8358 -11.693 17.6159 0.852353 -38.7721 -0.655187 4.3066 15.799 -0.320088 2.32622 -40.4017 -6.04875 0.605189 -6.38157 -15.3653 -0.779096 -9.8844 12.4959 -9.93923e-16 -5.46658e-16 -1.27222e-14 
12.3246 91.5879 61.8734 9.4809 -4.92194 0.654273 0 5.07867 -1.15138 -3.85772 5.48723 0.526791 0 5.61661 1.07143 -3.13644 3.65529 0.172946 -1.02604e-17 5.98978 0.11501 -2.40953 2.03493 0.276025 -1.10457e-17 6.50583 -0.443523 -1.58463 -1.36591 0.236237 -1.97295e-17 7.60548 -1.50593 -0.663945 -2.63674 0.38935 -2.53307e-17 9.49737 -0.914492 0.27784 -4.80692 0.0447252 -2.90401e-17 10.5513 1.57691 0.0282584 1.1498 -0.018618 -1.29193e-17 4.78644 0.715339 0.256692 7.34023 0.122305 -1.8116e-17 4.82109 0.421791 0.969555 -2.02215 -0.172581 -2.00958e-17 4.83041 0.765062 0.357039 -4.02338 0.368812 1.23299 -7.60731 7.53374 23.5045 6.05504 3.54512 12.9547 3.2495 -3.26872 -101.438 20.8141 9.97202 29.2081 0.0598081 0.137039 4.56315 -0.884818 -22.5292 24.234 0.0496219 0.113701 -2.98141 -16.8239 1.34302 -1.23299 -7.60729 7.53365 -16.1289 5.18714 -3.10779 -12.9547 3.2495 -3.26872 93.5158 16.2172 -9.93381 -29.2081 0.0598081 0.137039 -4.36535 -0.805935 21.5045 -24.234 0.0496218 0.113702 6.26389 -17.7658 2.18265 9.23673 -4.20556 2.0327 -10.8614 0.763379 -15.7672 -0.852353 -38.7721 -0.655187 -1.06192 3.96558 -0.032477 -2.32622 -40.4017 -6.04875 0.153481 0.355161 14.9588 0.779096 -9.8844 12.4959 -1.56247e-15 -8.69544e-16 8.68297e-17 -9.23673 -4.20556 2.0327 -11.3568 -12.1451 17.1336 0.852353 -38.7721 -0.655187 4.49611 16.4625 -0.361139 2.32622 -40.4017 -6.04875 0.634168 -6.52979 -15.3929 -0.779096 -9.8844 12.4959 9.8653e-16 -6.33303e-16 -1.28089e-14 
12.6162 91.5646 61.8766 9.70136 -4.70961 1.2949 0 5.07867 -1.15138 -3.90521 5.50147 0.498571 0 5.61661 1.07143 -3.17292 3.65538 0.13677 -1.02604e-17 5.98978 0.11501 -2.43617 2.0186 0.239019 -1.10457e-17 6.50583 -0.443523 -1.60007 -1.41662 0.199128 -1.97295e-17 7.60548 -1.50593 -0.674788 -2.68145 0.354842 -2.53307e-17 9.49737 -0.914492 0.267182 -4.86075 0.00931505 -2.90401e-17 10.5513 1.57691 0.0290068 1.16237 -0.0151169 -1.29193e-17 4.78644 0.715339 0.257895 7.35462 0.0849076 -1.8116e-17 4.82109 0.421791 0.952059 -1.97596 -0.193328 -2.00958e-17 4.83041 0.765062 0.34507 -4.00871 0.405858 1.23299 -7.60731 7.53374 23.472 6.1179 3.57671 12.9547 3.2495 -3.26872 -101.348 21.0031 9.99985 29.2081 0.0598081 0.137039 4.5946 -0.897728 -22.6926 24.234 0.0496219 0.113701 -3.02968 -16.899 1.28887 -1.23299 -7.60729 7.53365 -16.0973 5.21471 -3.0309 -12.9547 3.2495 -3.26872 93.5139 15.8015 -9.9103 -29.2081 0.0598081 0.137039 -4.35743 -0.802867 21.4637 -24.234 0.0496218 0.113702 6.13639 -17.312 2.04174 9.23673 -4.20556 2.0327 -11.2815 0.56449 -16.4164 -0.852353 -38.7721 -0.655187 -1.0738 4.00988 -0.0324244 -2.32622 -40.4017 -6.04875 0.146477 0.467468 14.9421 0.779096 -9.8844 12.4959 -7.73248e-16 -8.32549e-16 4.98348e-17 -9.23673 -4.20556 2.0327 -11.907 -12.6452 16.6604 0.852353 -38.7721 -0.655187 4.72972 17.2746 -0.414726 2.32622 -40.4017 -6.04875 0.713528 -6.62264 -15.4229 -0.779096 -9.8844 12.4959 -1.94349e-16 -5.84115e-16 -1.27597e-14 
12.9197 91.5508 61.8877 9.94524 -4.50626 1.99579 0 5.07867 -1.15138 -3.93137 5.53516 0.478435 0 5.61661 1.07143 -3.19037 3.66678 0.115346 -1.02604e-17 5.98978 0.11501 -2.44694 2.00648 0.218412 -1.10457e-17 6.50583 -0.443523 -1.60094 -1.47675 0.178467 -1.97295e-17 7.60548 -1.50593 -0.671304 -2.73638 0.336018 -2.53307e-17 9.49737 -0.914492 0.270346 -4.93674 -0.0175556 -2.90401e-17 10.5513 1.57691 0.0326141 1.17829 -0.00627138 -1.29193e-17 4.78644 0.715339 0.240904 7.42394 0.0693749 -1.8116e-17 4.82109 0.421791 0.913427 -1.95665 -0.207687 -2.00958e-17 4.83041 0.765062 0.233301 -3.98292 0.339848 1.23299 -7.60731 7.53374 23.8467 6.22098 3.66793 12.9547 3.2495 -3.26872 -101.62 21.4231 10.0643 29.2081 0.0598081 0.137039 4.65615 -0.923286 -23.0129 24.234 0.0496219 0.113701 -3.25523 -17.0475 1.27518 -1.23299 -7.60729 7.53365 -15.9444 5.25924 -2.9611 -12.9547 3.2495 -3.26872 93.4184 15.172 -9.82204 -29.2081 0.0598081 0.137039 -4.31555 -0.786742 21.248 -24.234 0.0496218 0.113702 5.86132 -16.6462 1.92101 9.23673 -4.20556 2.0327 -11.7329 0.407216 -17.0773 -0.852353 -38.7721 -0.655187 -1.0766 4.02032 -0.0324106 -2.32622 -40.4017 -6.04875 0.0987348 0.651701 14.9226 0.779096 -9.8844 12.4959 -3.742e-16 -8.07655e-16 2.49405e-17 -9.23673 -4.20556 2.0327 -12.5244 -13.1392 16.0604 0.852353 -38.7721 -0.655187 4.98127 18.1418 -0.476073 2.32622 -40.4017 -6.04875 0.86037 -6.673 -15.4577 -0.779096 -9.8844 12.4959 -1.98785e-16 -5.8393e-16 -1.27595e-14 
13.2277 91.545 61.9077 10.1955 -4.28369 2.76484 0 5.07867 -1.15138 -3.95928 5.62431 0.449978 0 5.61661 1.07143 -3.20868 3.71112 0.0868244 -1.02604e-17 5.98978 0.11501 -2.4608 2.00336 0.189948 -1.10457e-17 6.50583 -0.443523 -1.60474 -1.56933 0.148538 -1.97295e-17 7.60548 -1.50593 -0.67267 -2.83787 0.306804 -2.53307e-17 9.49737 -0.914492 0.265892 -5.08245 -0.0498749 -2.90401e-17 10.5513 1.57691 0.0389925 1.19761 0.00123122 -1.29193e-17 4.78644 0.715339 0.236846 7.52086 0.0998152 -1.8116e-17 4.82109 0.421791 0.855027 -1.90709 -0.200101 -2.00958e-17 4.83041 0.765062 0.116892 -3.93743 0.251853 1.23299 -7.60731 7.53374 24.3587 6.38236 3.71643 12.9547 3.2495 -3.26872 -102.016 22.0103 10.3416 29.2081 0.0598081 0.137039 4.76222 -0.968291 -23.5665 24.234 0.0496219 0.113701 -3.48167 -17.377 1.21421 -1.23299 -7.60729 7.53365 -16.2097 5.33338 -2.8841 -12.9547 3.2495 -3.26872 93.3929 14.6918 -9.85416 -29.2081 0.0598081 0.137039 -4.2919 -0.777716 21.1263 -24.234 0.0496218 0.113702 5.94248 -16.1075 1.87727 9.23673 -4.20556 2.0327 -12.2019 0.272855 -17.7969 -0.852353 -38.7721 -0.655187 -1.06809 3.98857 -0.0324508 -2.32622 -40.4017 -6.04875 0.0802649 0.904608 14.8922 0.779096 -9.8844 12.4959 2.33694e-17 -7.95185e-16 1.24703e-17 -9.23673 -4.20556 2.0327 -13.185 -13.6558 15.3508 0.852353 -38.7721 -0.655187 5.25502 19.0764 -0.547078 2.32622 -40.4017 -6.04875 1.00393 -6.65168 -15.4953 -0.779096 -9.8844 12.4959 -5.94875e-16 -5.59174e-16 -1.27471e-14 
13.521 91.5415 61.9438 10.4429 -4.02396 3.5357 0 5.07867 -1.15138 -4.00911 5.65117 0.4142 0 5.61661 1.07143 -3.24474 3.72149 0.0393502 -1.02604e-17 5.98978 0.11501 -2.48905 1.99545 0.137789 -1.10457e-17 6.50583 -0.443523 -1.6226 -1.61786 0.0945767 -1.97295e-17 7.60548 -1.50593 -0.690848 -2.87413 0.255442 -2.53307e-17 9.49737 -0.914492 0.242603 -5.12029 -0.0982644 -2.90401e-17 10.5513 1.57691 0.0396335 1.21065 0.00443353 -1.29193e-17 4.78644 0.715339 0.221625 7.54313 0.228412 -1.8116e-17 4.82109 0.421791 0.779386 -1.90655 -0.147367 -2.00958e-17 4.83041 0.765062 0.122472 -3.88521 0.23444 1.23299 -7.60731 7.53374 24.397 6.47139 3.75383 12.9547 3.2495 -3.26872 -102.075 22.334 10.6408 29.2081 0.0598081 0.137039 4.8861 -1.02239 -24.2159 24.234 0.0496219 0.113701 -3.4495 -17.6116 1.13444 -1.23299 -7.60729 7.53365 -16.2524 5.35417 -2.78635 -12.9547 3.2495 -3.26872 93.4951 14.3102 -9.8392 -29.2081 0.0598081 0.137039 -4.28261 -0.774185 21.0785 -24.234 0.0496218 0.113702 5.76111 -15.5183 1.76063 9.23673 -4.20556 2.0327 -12.6647 0.146512 -18.5625 -0.852353 -38.7721 -0.655187 -1.04821 3.91439 -0.0325263 -2.32622 -40.4017 -6.04875 0.0304277 1.15982 14.8713 0.779096 -9.8844 12.4959 -1.55951e-15 -8.69406e-16 8.6691e-17 -9.23673 -4.20556 2.0327 -13.8449 -14.2951 14.6579 0.852353 -38.7721 -0.655187 5.5843 20.1877 -0.638264 2.32622 -40.4017 -6.04875 1.09422 -6.52535 -15.533 -0.779096 -9.8844 12.4959 5.91918e-16 -6.20971e-16 -1.27966e-14 
13.7936 91.534 61.9954 10.6833 -3.71771 4.34023 0 5.07867 -1.15138 -4.04889 5.68891 0.386158 0 5.61661 1.07143 -3.28084 3.72948 0.00536685 -1.02604e-17 5.98978 0.11501 -2.52542 1.97171 0.0982983 -1.10457e-17 6.50583 -0.443523 -1.65286 -1.69834 0.0520128 -1.97295e-17 7.60548 -1.50593 -0.72321 -2.9435 0.215054 -2.53307e-17 9.49737 -0.914492 0.208555 -5.21244 -0.124955 -2.90401e-17 10.5513 1.57691 0.0416764 1.22539 0.00439004 -1.29193e-17 4.78644 0.715339 0.226845 7.65423 0.323236 -1.8116e-17 4.82109 0.421791 0.715448 -1.82794 -0.109122 -2.00958e-17 4.83041 0.765062 0.109988 -3.88376 0.253917 1.23299 -7.60731 7.53374 24.5269 6.55159 3.74174 12.9547 3.2495 -3.26872 -101.901 22.6729 10.9753 29.2081 0.0598081 0.137039 5.02673 -1.08584 -24.957 24.234 0.0496219 0.113701 -3.68897 -17.8369 0.959323 -1.23299 -7.60729 7.53365 -16.9333 5.39611 -2.74044 -12.9547 3.2495 -3.26872 93.7999 14.2229 -10.0434 -29.2081 0.0598081 0.137039 -4.30895 -0.784215 21.214 -24.234 0.0496218 0.113702 6.04852 -15.2651 1.69466 9.23673 -4.20556 2.0327 -13.1252 -0.00494902 -19.3967 -0.852353 -38.7721 -0.655187 -1.03161 3.85248 -0.0325695 -2.32622 -40.4017 -6.04875 0.0286258 1.40873 14.8483 0.779096 -9.8844 12.4959 1.89333e-17 -7.95416e-16 1.27013e-17 -9.23673 -4.20556 2.0327 -14.5237 -15.0917 13.9029 0.852353 -38.7721 -0.655187 5.98951 21.5347 -0.758978 2.32622 -40.4017 -6.04875 1.18972 -6.30058 -15.5734 -0.779096 -9.8844 12.4959 -1.3841e-15 -5.34557e-16 -1.27101e-14 
14.0395 91.5102 62.0464 10.9213 -3.3366 5.15511 0 5.07867 -1.15138 -4.05897 5.65632 0.364601 0 5.61661 1.07143 -3.29187 3.69674 -0.0219015 -1.02604e-17 5.98978 0.11501 -2.53976 1.94163 0.0670993 -1.10457e-17 6.50583 -0.443523 -1.66723 -1.73337 0.0204338 -1.97295e-17 7.60548 -1.50593 -0.744612 -2.9375 0.186728 -2.53307e-17 9.49737 -0.914492 0.182346 -5.17471 -0.14848 -2.90401e-17 10.5513 1.57691 0.0411298 1.23606 0.0162768 -1.29193e-17 4.78644 0.715339 0.170963 7.51477 0.479363 -1.8116e-17 4.82109 0.421791 0.64212 -1.78164 -0.0494715 -2.00958e-17 4.83041 0.765062 0.0278831 -3.78268 0.219647 1.23299 -7.60731 7.53374 24.3783 6.61273 3.75551 12.9547 3.2495 -3.26872 -101.637 23.0346 11.2576 29.2081 0.0598081 0.137039 5.22541 -1.17927 -26.0113 24.234 0.0496219 0.113701 -3.78844 -18.0629 0.900724 -1.23299 -7.60729 7.53365 -16.5312 5.43916 -2.53896 -12.9547 3.2495 -3.26872 93.5203 13.788 -10.0828 -29.2081 0.0598081 0.137039 -4.33471 -0.794095 21.3466 -24.234 0.0496218 0.113702 5.6936 -14.8752 1.55668 9.23673 -4.20556 2.0327 -13.5773 -0.231431 -20.3505 -0.852353 -38.7721 -0.655187 -1.02625 3.83247 -0.0325796 -2.32622 -40.4017 -6.04875 0.00802105 1.56092 14.8371 0.779096 -9.8844 12.4959 -1.16342e-15 -8.4465e-16 6.19354e-17 -9.23673 -4.20556 2.0327 -15.2321 -16.1701 13.1429 0.852353 -38.7721 -0.655187 6.51086 23.2332 -0.927766 2.32622 -40.4017 -6.04875 1.43555 -5.98398 -15.6311 -0.779096 -9.8844 12.4959 -2.03221e-16 -5.83745e-16 -1.27593e-14 
14.259 91.4707 62.0954 11.1016 -2.90852 5.99475 0 5.07867 -1.15138 -4.07106 5.6009 0.344686 0 5.61661 1.07143 -3.30787 3.64381 -0.0485411 -1.02604e-17 5.98978 0.11501 -2.56102 1.8885 0.0350132 -1.10457e-17 6.50583 -0.443523 -1.69013 -1.79584 -0.0126915 -1.97295e-17 7.60548 -1.50593 -0.775371 -2.95079 0.158047 -2.53307e-17 9.49737 -0.914492 0.147383 -5.16206 -0.166869 -2.90401e-17 10.5513 1.57691 0.0414107 1.25057 0.0289306 -1.29193e-17 4.78644 0.715339 0.107738 7.34338 0.608693 -1.8116e-17 4.82109 0.421791 0.511686 -1.67006 -0.00478014 -2.00958e-17 4.83041 0.765062 0.0898658 -3.61345 0.311086 1.23299 -7.60731 7.53374 24.1636 6.68118 3.76954 12.9547 3.2495 -3.26872 -101.38 23.423 11.6048 29.2081 0.0598081 0.137039 5.43903 -1.28476 -27.155 24.234 0.0496219 0.113701 -3.72399 -18.2803 0.886182 -1.23299 -7.60729 7.53365 -16.2403 5.48396 -2.33481 -12.9547 3.2495 -3.26872 93.2994 13.2823 -10.0605 -29.2081 0.0598081 0.137039 -4.34857 -0.799441 21.4181 -24.234 0.0496218 0.113702 5.49768 -14.404 1.35501 9.23673 -4.20556 2.0327 -13.9842 -0.523327 -21.3077 -0.852353 -38.7721 -0.655187 -1.03843 3.87792 -0.0325539 -2.32622 -40.4017 -6.04875 0.0803327 1.61263 14.8228 0.779096 -9.8844 12.4959 8.12593e-16 -7.5819e-16 -2.45246e-17 -9.23673 -4.20556 2.0327 -15.9351 -17.4572 12.2739 0.852353 -38.7721 -0.655187 7.12764 25.19 -1.14642 2.32622 -40.4017 -6.04875 1.64953 -5.46017 -15.6829 -0.779096 -9.8844 12.4959 -9.90966e-16 -5.46796e-16 -1.27224e-14 
14.4481 91.4254 62.1549 11.2314 -2.46181 6.81643 0 5.07867 -1.15138 -4.06804 5.52354 0.329446 0 5.61661 1.07143 -3.31436 3.57174 -0.0705662 -1.02604e-17 5.98978 0.11501 -2.57714 1.81779 0.00708838 -1.10457e-17 6.50583 -0.443523 -1.71241 -1.87229 -0.0412354 -1.97295e-17 7.60548 -1.50593 -0.808667 -2.97388 0.133981 -2.53307e-17 9.49737 -0.914492 0.109964 -5.15572 -0.177999 -2.90401e-17 10.5513 1.57691 0.0416362 1.26979 0.0412836 -1.29193e-17 4.78644 0.715339 0.047061 7.17401 0.874628 -1.8116e-17 4.82109 0.421791 0.391194 -1.53935 0.102248 -2.00958e-17 4.83041 0.765062 0.119362 -3.37027 0.291538 1.23299 -7.60731 7.53374 23.7814 6.71913 3.79033 12.9547 3.2495 -3.26872 -101.043 23.6023 11.9504 29.2081 0.0598081 0.137039 5.64807 -1.39319 -28.2852 24.234 0.0496219 0.113701 -3.61086 -18.2917 0.872075 -1.23299 -7.60729 7.53365 -15.9182 5.52045 -2.15659 -12.9547 3.2495 -3.26872 93.107 12.741 -10.0269 -29.2081 0.0598081 0.137039 -4.36218 -0.804708 21.4882 -24.234 0.0496218 0.113702 5.27305 -13.8173 1.06616 9.23673 -4.20556 2.0327 -14.3426 -0.809946 -22.2765 -0.852353 -38.7721 -0.655187 -1.04641 3.90768 -0.0325318 -2.32622 -40.4017 -6.04875 0.22124 1.60886 14.8069 0.779096 -9.8844 12.4959 -1.55656e-15 -8.69267e-16 8.65524e-17 -9.23673 -4.20556 2.0327 -16.6704 -18.8844 11.2005 0.852353 -38.7721 -0.655187 7.82106 27.3191 -1.41582 2.32622 -40.4017 -6.04875 1.92675 -4.72016 -15.7303 -0.779096 -9.8844 12.4959 -5.97833e-16 -5.59036e-16 -1.2747e-14 
14.6068 91.3968 62.2333 11.2825 -2.01158 7.65502 0 5.07867 -1.15138 -4.023 5.44093 0.316846 0 5.61661 1.07143 -3.28584 3.4957 -0.0850002 -1.02604e-17 5.98978 0.11501 -2.567 1.74858 -0.0113833 -1.10457e-17 6.50583 -0.443523 -1.71707 -1.93426 -0.0588494 -1.97295e-17 7.60548 -1.50593 -0.832305 -2.98568 0.119114 -2.53307e-17 9.49737 -0.914492 0.0771162 -5.1265 -0.180654 -2.90401e-17 10.5513 1.57691 0.0420746 1.29127 0.05852 -1.29193e-17 4.78644 0.715339 -0.0231637 6.99589 1.1427 -1.8116e-17 4.82109 0.421791 0.271603 -1.42758 0.208639 -2.00958e-17 4.83041 0.765062 0.0629071 -3.09424 0.303511 1.23299 -7.60731 7.53374 23.3065 6.72318 3.81728 12.9547 3.2495 -3.26872 -100.557 23.7948 12.1668 29.2081 0.0598081 0.137039 5.83839 -1.49653 -29.3241 24.234 0.0496219 0.113701 -3.59821 -18.251 0.759998 -1.23299 -7.60729 7.53365 -15.3554 5.56337 -1.93868 -12.9547 3.2495 -3.26872 92.597 12.1203 -9.9269 -29.2081 0.0598081 0.137039 -4.33347 -0.793616 21.3402 -24.234 0.0496218 0.113702 5.06759 -13.2129 0.996152 9.23673 -4.20556 2.0327 -14.6125 -1.08716 -23.2908 -0.852353 -38.7721 -0.655187 -1.05428 3.93706 -0.032506 -2.32622 -40.4017 -6.04875 0.334766 1.59044 14.799 0.779096 -9.8844 12.4959 1.20721e-15 -7.45905e-16 -3.681e-17 -9.23673 -4.20556 2.0327 -17.4347 -20.3282 9.90992 0.852353 -38.7721 -0.655187 8.54649 29.4639 -1.72309 2.32622 -40.4017 -6.04875 2.34227 -3.74175 -15.7782 -0.779096 -9.8844 12.4959 -5.96354e-16 -5.59082e-16 -1.27471e-14 
14.7316 91.4054 62.3494 11.2664 -1.6541 8.46341 0 5.07867 -1.15138 -3.95606 5.37777 0.307121 0 5.61661 1.07143 -3.23788 3.43507 -0.0954774 -1.02604e-17 5.98978 0.11501 -2.54395 1.68806 -0.0275555 -1.10457e-17 6.50583 -0.443523 -1.71489 -1.99817 -0.0750046 -1.97295e-17 7.60548 -1.50593 -0.855069 -3.0063 0.103882 -2.53307e-17 9.49737 -0.914492 0.0406556 -5.11686 -0.179849 -2.90401e-17 10.5513 1.57691 0.0421374 1.31657 0.0715176 -1.29193e-17 4.78644 0.715339 -0.0788209 6.93508 1.46157 -1.8116e-17 4.82109 0.421791 0.126024 -1.30772 0.338454 -2.00958e-17 4.83041 0.765062 -0.000588205 -2.82932 0.348278 1.23299 -7.60731 7.53374 22.8338 6.70593 3.83076 12.9547 3.2495 -3.26872 -100.152 23.9907 12.3292 29.2081 0.0598081 0.137039 5.99884 -1.58716 -30.2079 24.234 0.0496219 0.113701 -3.46734 -18.115 0.668325 -1.23299 -7.60729 7.53365 -15.0603 5.59325 -1.78597 -12.9547 3.2495 -3.26872 92.3103 11.6543 -9.78427 -29.2081 0.0598081 0.137039 -4.28789 -0.776188 21.1057 -24.234 0.0496218 0.113702 4.9307 -12.5913 0.921923 9.23673 -4.20556 2.0327 -14.781 -1.22855 -24.2679 -0.852353 -38.7721 -0.655187 -1.04096 3.88736 -0.0325474 -2.32622 -40.4017 -6.04875 0.471343 1.67532 14.7774 0.779096 -9.8844 12.4959 -7.62897e-16 -8.32087e-16 4.93727e-17 -9.23673 -4.20556 2.0327 -18.1462 -21.6395 8.67302 0.852353 -38.7721 -0.655187 9.2629 31.4975 -2.05071 2.32622 -40.4017 -6.04875 2.85374 -2.49431 -15.8206 -0.779096 -9.8844 12.4959 -1.38854e-15 -5.34326e-16 -1.27099e-14 
14.8313 91.4264 62.5162 11.21 -1.30359 9.26147 0 5.07867 -1.15138 -3.89262 5.29712 0.308876 0 5.61661 1.07143 -3.18892 3.3655 -0.0939432 -1.02604e-17 5.98978 0.11501 -2.51505 1.62447 -0.030827 -1.10457e-17 6.50583 -0.443523 -1.70227 -2.06227 -0.0787795 -1.97295e-17 7.60548 -1.50593 -0.862453 -3.01617 0.10188 -2.53307e-17 9.49737 -0.914492 0.0228337 -5.09764 -0.178125 -2.90401e-17 10.5513 1.57691 0.0424325 1.34319 0.0859471 -1.29193e-17 4.78644 0.715339 -0.150957 6.93759 1.81228 -1.8116e-17 4.82109 0.421791 0.0109832 -1.20037 0.479634 -2.00958e-17 4.83041 0.765062 -0.126135 -2.5427 0.366302 1.23299 -7.60731 7.53374 22.7056 6.71086 3.923 12.9547 3.2495 -3.26872 -100.008 24.1222 12.422 29.2081 0.0598081 0.137039 6.16136 -1.68233 -31.111 24.234 0.0496219 0.113701 -3.45825 -17.6749 0.700077 -1.23299 -7.60729 7.53365 -14.4606 5.60932 -1.68663 -12.9547 3.2495 -3.26872 92.1363 10.8467 -9.44256 -29.2081 0.0598081 0.137039 -4.22022 -0.750704 20.758 -24.234 0.0496218 0.113702 4.40887 -11.5435 0.672899 9.23673 -4.20556 2.0327 -14.8814 -1.30179 -25.1996 -0.852353 -38.7721 -0.655187 -1.0102 3.77258 -0.0325987 -2.32622 -40.4017 -6.04875 0.570387 1.752 14.7625 0.779096 -9.8844 12.4959 1.60625e-15 -7.33388e-16 -4.93265e-17 -9.23673 -4.20556 2.0327 -18.7725 -22.8714 7.74908 0.852353 -38.7721 -0.655187 9.96632 33.4122 -2.39444 2.32622 -40.4017 -6.04875 3.52241 -1.19533 -15.8848 -0.779096 -9.8844 12.4959 2.56941e-15 -6.95146e-16 -1.28831e-14 
14.9133 91.4401 62.7442 11.1308 -0.957262 10.061 0 5.07867 -1.15138 -3.8036 5.24349 0.311821 0 5.61661 1.07143 -3.11498 3.31195 -0.0816658 -1.02604e-17 5.98978 0.11501 -2.46665 1.5538 -0.0214297 -1.10457e-17 6.50583 -0.443523 -1.67205 -2.17202 -0.0719173 -1.97295e-17 7.60548 -1.50593 -0.855313 -3.07586 0.107327 -2.53307e-17 9.49737 -0.914492 0.015186 -5.17616 -0.170583 -2.90401e-17 10.5513 1.57691 0.0478036 1.36713 0.101457 -1.29193e-17 4.78644 0.715339 -0.211677 6.97627 2.1925 -1.8116e-17 4.82109 0.421791 -0.114241 -0.964465 0.633097 -2.00958e-17 4.83041 0.765062 -0.351362 -2.22275 0.339224 1.23299 -7.60731 7.53374 23.1909 6.81098 4.01968 12.9547 3.2495 -3.26872 -100.607 24.3944 12.6959 29.2081 0.0598081 0.137039 6.35716 -1.80162 -32.2099 24.234 0.0496219 0.113701 -3.43896 -17.1761 0.981271 -1.23299 -7.60729 7.53365 -14.3435 5.6643 -1.65094 -12.9547 3.2495 -3.26872 92.0116 9.94698 -9.19504 -29.2081 0.0598081 0.137039 -4.14123 -0.721549 20.3532 -24.234 0.0496218 0.113702 4.29691 -10.3765 0.546271 9.23673 -4.20556 2.0327 -14.9335 -1.28058 -26.0286 -0.852353 -38.7721 -0.655187 -0.956308 3.57143 -0.0325398 -2.32622 -40.4017 -6.04875 0.723371 1.77722 14.7399 0.779096 -9.8844 12.4959 8.22944e-16 -7.57774e-16 -2.49405e-17 -9.23673 -4.20556 2.0327 -19.2039 -23.9584 7.42514 0.852353 -38.7721 -0.655187 10.6219 35.1236 -2.73332 2.32622 -40.4017 -6.04875 4.23419 -0.056418 -15.9751 -0.779096 -9.8844 12.4959 -1.88434e-16 -5.84346e-16 -1.276e-14 
14.9786 91.4343 63.0354 11.0141 -0.572651 10.8504 0 5.07867 -1.15138 -3.69888 5.18558 0.328894 0 5.61661 1.07143 -3.01869 3.25898 -0.0470877 -1.02604e-17 5.98978 0.11501 -2.3915 1.48149 0.0146467 -1.10457e-17 6.50583 -0.443523 -1.61022 -2.30331 -0.0408777 -1.97295e-17 7.60548 -1.50593 -0.813561 -3.13938 0.136445 -2.53307e-17 9.49737 -0.914492 0.0393942 -5.27719 -0.160907 -2.90401e-17 10.5513 1.57691 0.0551446 1.38181 0.127477 -1.29193e-17 4.78644 0.715339 -0.328678 6.864 2.62385 -1.8116e-17 4.82109 0.421791 -0.265585 -0.709721 0.800964 -2.00958e-17 4.83041 0.765062 -0.66352 -1.73775 0.185148 1.23299 -7.60731 7.53374 24.6576 7.06595 4.19957 12.9547 3.2495 -3.26872 -101.921 24.8188 13.1557 29.2081 0.0598081 0.137039 6.63042 -1.97689 -33.7653 24.234 0.0496219 0.113701 -3.88243 -16.7482 1.44173 -1.23299 -7.60729 7.53365 -13.5984 5.78859 -1.58819 -12.9547 3.2495 -3.26872 91.5805 8.47663 -8.78809 -29.2081 0.0598081 0.137039 -4.02224 -0.678821 19.7452 -24.234 0.0496218 0.113702 3.79185 -8.74921 0.480585 9.23673 -4.20556 2.0327 -14.915 -1.20752 -26.8089 -0.852353 -38.7721 -0.655187 -0.881798 3.29327 -0.0321461 -2.32622 -40.4017 -6.04875 0.825853 1.65175 14.7378 0.779096 -9.8844 12.4959 -1.16044e-15 -8.4451e-16 6.17957e-17 -9.23673 -4.20556 2.0327 -19.1726 -24.9857 8.39182 0.852353 -38.7721 -0.655187 11.2243 36.6351 -3.05966 2.32622 -40.4017 -6.04875 5.14126 0.80885 -16.1343 -0.779096 -9.8844 12.4959 -1.38704e-15 -5.34419e-16 -1.271e-14 
15.0091 91.3934 63.3804 10.8404 -0.103531 11.6025 0 5.07867 -1.15138 -3.64602 5.17086 0.296001 0 5.61661 1.07143 -2.96039 3.24229 -0.083308 -1.02604e-17 5.98978 0.11501 -2.34733 1.42959 -0.0268221 -1.10457e-17 6.50583 -0.443523 -1.57575 -2.43497 -0.0917583 -1.97295e-17 7.60548 -1.50593 -0.806928 -3.22951 0.0848062 -2.53307e-17 9.49737 -0.914492 0.0124273 -5.40741 -0.210806 -2.90401e-17 10.5513 1.57691 0.0567055 1.38719 0.139621 -1.29193e-17 4.78644 0.715339 -0.413165 6.52171 3.26301 -1.8116e-17 4.82109 0.421791 -0.521407 -0.492012 1.06707 -2.00958e-17 4.83041 0.765062 -0.660289 -1.17179 0.230074 1.23299 -7.60731 7.53374 25.4899 7.33333 4.20115 12.9547 3.2495 -3.26872 -102.773 24.9771 13.8748 29.2081 0.0598081 0.137039 6.91307 -2.16948 -35.4033 24.234 0.0496219 0.113701 -3.80269 -16.7438 1.87732 -1.23299 -7.60729 7.53365 -13.3282 5.90195 -1.449 -12.9547 3.2495 -3.26872 91.2924 7.42686 -8.47871 -29.2081 0.0598081 0.137039 -3.92394 -0.644592 19.2446 -24.234 0.0496218 0.113702 3.92571 -7.28148 0.754089 9.23673 -4.20556 2.0327 -14.8185 -1.15157 -27.4451 -0.852353 -38.7721 -0.655187 -0.790102 2.95086 -0.0311643 -2.32622 -40.4017 -6.04875 0.932215 1.33137 14.7554 0.779096 -9.8844 12.4959 4.16484e-16 -7.82946e-16 2.31786e-19 -9.23673 -4.20556 2.0327 -18.7602 -26.008 10.0686 0.852353 -38.7721 -0.655187 11.7981 38.0209 -3.38302 2.32622 -40.4017 -6.04875 5.79264 1.45837 -16.2644 -0.779096 -9.8844 12.4959 -2.18366e-15 -4.97101e-16 -1.26727e-14 
14.9794 91.3426 63.7717 10.6399 0.407049 12.4113 0 5.07867 -1.15138 -3.62528 4.99913 0.297597 0 5.61661 1.07143 -2.89961 3.1312 -0.0676724 -1.02604e-17 5.98978 0.11501 -2.26751 1.32534 -0.0110746 -1.10457e-17 6.50583 -0.443523 -1.47151 -2.59111 -0.0898759 -1.97295e-17 7.60548 -1.50593 -0.701942 -3.24917 0.0907329 -2.53307e-17 9.49737 -0.914492 0.0911531 -5.4706 -0.275292 -2.90401e-17 10.5513 1.57691 0.0667295 1.39073 0.176826 -1.29193e-17 4.78644 0.715339 -0.657227 6.26513 3.84801 -1.8116e-17 4.82109 0.421791 -0.814719 -0.304243 1.28186 -2.00958e-17 4.83041 0.765062 -0.745602 -0.510468 0.190713 1.23299 -7.60731 7.53374 28.785 7.83033 4.51468 12.9547 3.2495 -3.26872 -105.313 25.6268 14.5833 29.2081 0.0598081 0.137039 7.34027 -2.48391 -37.9419 24.234 0.0496219 0.113701 -4.82622 -16.9722 3.13945 -1.23299 -7.60729 7.53365 -11.0594 5.99963 -1.33945 -12.9547 3.2495 -3.26872 91.3219 3.92217 -7.17046 -29.2081 0.0598081 0.137039 -3.70794 -0.572734 18.1496 -24.234 0.0496218 0.113702 1.76217 -3.30164 0.261582 9.23673 -4.20556 2.0327 -14.6469 -1.13764 -27.9659 -0.852353 -38.7721 -0.655187 -0.713641 2.66528 -0.029926 -2.32622 -40.4017 -6.04875 0.800886 0.90675 14.8063 0.779096 -9.8844 12.4959 2.63315e-17 -7.95092e-16 1.23777e-17 -9.23673 -4.20556 2.0327 -18.2206 -27.3625 11.9579 0.852353 -38.7721 -0.655187 12.6344 39.9492 -3.87491 2.32622 -40.4017 -6.04875 6.70136 1.32066 -16.4011 -0.779096 -9.8844 12.4959 -3.77097e-15 -4.22696e-16 -1.26106e-14 
14.895 91.3207 64.1865 10.4601 0.889701 13.3366 0 5.07867 -1.15138 -3.67228 5.02307 0.207569 0 5.61661 1.07143 -2.89637 3.1599 -0.178695 -1.02604e-17 5.98978 0.11501 -2.24831 1.31077 -0.12834 -1.10457e-17 6.50583 -0.443523 -1.43666 -2.71978 -0.220465 -1.97295e-17 7.60548 -1.50593 -0.685593 -3.35483 -0.0383076 -2.53307e-17 9.49737 -0.914492 0.0638977 -5.62094 -0.407894 -2.90401e-17 10.5513 1.57691 0.0751565 1.38997 0.193783 -1.29193e-17 4.78644 0.715339 -0.691293 5.44523 4.74756 -1.8116e-17 4.82109 0.421791 -1.13347 -0.0524661 1.66456 -2.00958e-17 4.83041 0.765062 -0.550377 0.320269 0.317324 1.23299 -7.60731 7.53374 29.6715 8.28651 4.3901 12.9547 3.2495 -3.26872 -106.638 26.0084 15.9242 29.2081 0.0598081 0.137039 7.81951 -2.87325 -40.8945 24.234 0.0496219 0.113701 -3.93339 -17.7001 4.71088 -1.23299 -7.60729 7.53365 -10.4819 6.13187 -0.913822 -12.9547 3.2495 -3.26872 90.6086 1.72545 -6.60115 -29.2081 0.0598081 0.137039 -3.58338 -0.533363 17.5211 -24.234 0.0496218 0.113702 2.38132 -0.836841 0.666386 9.23673 -4.20556 2.0327 -14.4829 -1.04831 -28.6536 -0.852353 -38.7721 -0.655187 -0.607083 2.26723 -0.0275642 -2.32622 -40.4017 -6.04875 0.791492 0.856727 14.8195 0.779096 -9.8844 12.4959 4.20934e-16 -7.82761e-16 4.63573e-20 -9.23673 -4.20556 2.0327 -17.5828 -29.1904 13.9455 0.852353 -38.7721 -0.655187 13.937 42.7447 -4.68575 2.32622 -40.4017 -6.04875 6.87836 -0.060612 -16.3313 -0.779096 -9.8844 12.4959 -2.12136e-16 -5.83327e-16 -1.27589e-14 
14.7766 91.3632 64.6276 10.302 1.3822 14.3998 0 5.07867 -1.15138 -3.71643 4.74838 0.0667347 0 5.61661 1.07143 -2.89508 3.00853 -0.361412 -1.02604e-17 5.98978 0.11501 -2.23375 1.24777 -0.326808 -1.10457e-17 6.50583 -0.443523 -1.41275 -2.59718 -0.428323 -1.97295e-17 7.60548 -1.50593 -0.698498 -3.1435 -0.245645 -2.53307e-17 9.49737 -0.914492 -0.0075649 -5.31339 -0.601463 -2.90401e-17 10.5513 1.57691 0.0604768 1.34616 0.181762 -1.29193e-17 4.78644 0.715339 -0.683457 4.99534 5.82896 -1.8116e-17 4.82109 0.421791 -1.44057 -0.0872514 2.13316 -2.00958e-17 4.83041 0.765062 -0.390656 0.566112 0.631096 1.23299 -7.60731 7.53374 29.397 8.24548 4.51764 12.9547 3.2495 -3.26872 -106.08 25.4564 16.1002 29.2081 0.0598081 0.137039 7.90222 -2.94469 -41.4168 24.234 0.0496219 0.113701 -3.79854 -18.136 4.82192 -1.23299 -7.60729 7.53365 -9.73621 5.96749 -0.651187 -12.9547 3.2495 -3.26872 90.3697 0.803663 -6.06783 -29.2081 0.0598081 0.137039 -3.48079 -0.502061 17.0049 -24.234 0.0496218 0.113702 2.33951 0.904144 1.13974 9.23673 -4.20556 2.0327 -14.3066 -0.948836 -29.4963 -0.852353 -38.7721 -0.655187 -0.496395 1.85371 -0.0243269 -2.32622 -40.4017 -6.04875 0.42098 0.884084 14.8856 0.779096 -9.8844 12.4959 -7.6584e-16 -8.32225e-16 4.95107e-17 -9.23673 -4.20556 2.0327 -17.0382 -30.4295 15.7484 0.852353 -38.7721 -0.655187 14.828 44.5187 -5.26886 2.32622 -40.4017 -6.04875 6.88606 -1.15999 -16.2402 -0.779096 -9.8844 12.4959 -1.78313e-15 -5.09664e-16 -1.26976e-14 
14.6248 91.46 65.0837 10.1513 1.82632 15.5715 0 5.07867 -1.15138 -3.68771 4.45467 -0.00185301 0 5.61661 1.07143 -2.84845 2.84001 -0.450634 -1.02604e-17 5.98978 0.11501 -2.19422 1.18143 -0.426159 -1.10457e-17 6.50583 -0.443523 -1.38247 -2.45038 -0.53198 -1.97295e-17 7.60548 -1.50593 -0.705139 -2.91388 -0.350835 -2.53307e-17 9.49737 -0.914492 -0.055318 -4.99914 -0.691817 -2.90401e-17 10.5513 1.57691 0.0496035 1.31243 0.171974 -1.29193e-17 4.78644 0.715339 -0.671535 4.75526 6.47587 -1.8116e-17 4.82109 0.421791 -1.69941 -0.11662 2.40528 -2.00958e-17 4.83041 0.765062 -0.497887 0.685348 1.02198 1.23299 -7.60731 7.53374 29.0983 8.11457 4.64688 12.9547 3.2495 -3.26872 -105.766 25.331 15.7306 29.2081 0.0598081 0.137039 7.9036 -2.9459 -41.4255 24.234 0.0496219 0.113701 -3.583 -18.3435 5.19324 -1.23299 -7.60729 7.53365 -9.34022 5.81739 -0.574913 -12.9547 3.2495 -3.26872 90.0277 0.503797 -5.536 -29.2081 0.0598081 0.137039 -3.35338 -0.464586 16.3658 -24.234 0.0496218 0.113702 2.34413 1.60053 1.55537 9.23673 -4.20556 2.0327 -14.1064 -0.833555 -30.5651 -0.852353 -38.7721 -0.655187 -0.391897 1.46333 -0.0205379 -2.32622 -40.4017 -6.04875 0.112865 1.09143 14.92 0.779096 -9.8844 12.4959 2.18812e-17 -7.95278e-16 1.25631e-17 -9.23673 -4.20556 2.0327 -16.2915 -30.8071 17.9686 0.852353 -38.7721 -0.655187 15.0066 44.8614 -5.38829 2.32622 -40.4017 -6.04875 7.07115 -1.40759 -16.22 -0.779096 -9.8844 12.4959 -1.78906e-15 -5.09386e-16 -1.26974e-14 
14.4261 91.5759 65.5475 9.98023 2.22935 16.8315 0 5.07867 -1.15138 -3.63654 4.28391 -0.0309133 0 5.61661 1.07143 -2.79163 2.73697 -0.479279 -1.02604e-17 5.98978 0.11501 -2.14976 1.13359 -0.456275 -1.10457e-17 6.50583 -0.443523 -1.35011 -2.38214 -0.563441 -1.97295e-17 7.60548 -1.50593 -0.700432 -2.78589 -0.383115 -2.53307e-17 9.49737 -0.914492 -0.0741448 -4.85424 -0.717572 -2.90401e-17 10.5513 1.57691 0.052335 1.28824 0.161378 -1.29193e-17 4.78644 0.715339 -0.645116 4.71869 7.13535 -1.8116e-17 4.82109 0.421791 -1.87616 -0.0661703 2.68242 -2.00958e-17 4.83041 0.765062 -0.792903 0.758224 1.06176 1.23299 -7.60731 7.53374 29.2488 8.05343 4.72336 12.9547 3.2495 -3.26872 -105.685 25.5481 15.1004 29.2081 0.0598081 0.137039 7.74277 -2.80811 -40.4134 24.234 0.0496219 0.113701 -3.74856 -18.4863 4.86857 -1.23299 -7.60729 7.53365 -9.32773 5.72972 -0.610349 -12.9547 3.2495 -3.26872 89.7893 0.558768 -5.282 -29.2081 0.0598081 0.137039 -3.30428 -0.450552 16.12 -24.234 0.0496218 0.113702 2.52815 1.65641 1.63605 9.23673 -4.20556 2.0327 -13.8628 -0.71648 -31.723 -0.852353 -38.7721 -0.655187 -0.300038 1.12021 -0.01662 -2.32622 -40.4017 -6.04875 -0.145674 1.41799 14.9408 0.779096 -9.8844 12.4959 2.48481e-17 -7.95139e-16 1.2424e-17 -9.23673 -4.20556 2.0327 -15.3942 -30.4807 20.5231 0.852353 -38.7721 -0.655187 14.5805 44.0369 -5.10473 2.32622 -40.4017 -6.04875 7.31314 -1.51117 -16.2602 -0.779096 -9.8844 12.4959 -6.00804e-16 -5.58896e-16 -1.27469e-14 
14.1653 91.6915 66.0209 9.74379 2.5901 18.105 0 5.07867 -1.15138 -3.57893 4.1444 -0.0407595 0 5.61661 1.07143 -2.73274 2.65873 -0.480801 -1.02604e-17 5.98978 0.11501 -2.10482 1.09896 -0.456942 -1.10457e-17 6.50583 -0.443523 -1.31823 -2.33047 -0.566611 -1.97295e-17 7.60548 -1.50593 -0.69384 -2.67617 -0.386784 -2.53307e-17 9.49737 -0.914492 -0.0886205 -4.7502 -0.716307 -2.90401e-17 10.5513 1.57691 0.0568188 1.25483 0.151245 -1.29193e-17 4.78644 0.715339 -0.636112 4.56979 7.7185 -1.8116e-17 4.82109 0.421791 -2.04041 -0.00151028 2.92636 -2.00958e-17 4.83041 0.765062 -1.01373 0.990814 1.20172 1.23299 -7.60731 7.53374 29.704 8.07565 4.74076 12.9547 3.2495 -3.26872 -106.059 25.8364 14.7022 29.2081 0.0598081 0.137039 7.64637 -2.72784 -39.8138 24.234 0.0496219 0.113701 -3.77655 -18.5818 4.93746 -1.23299 -7.60729 7.53365 -9.37322 5.68013 -0.670974 -12.9547 3.2495 -3.26872 89.4679 0.738898 -5.19254 -29.2081 0.0598081 0.137039 -3.31268 -0.452936 16.1621 -24.234 0.0496218 0.113702 2.91129 1.48938 1.56071 9.23673 -4.20556 2.0327 -13.5226 -0.678404 -32.7483 -0.852353 -38.7721 -0.655187 -0.24871 0.928499 -0.0141916 -2.32622 -40.4017 -6.04875 -0.489431 1.62335 14.9796 0.779096 -9.8844 12.4959 -3.71238e-16 -8.07516e-16 2.48017e-17 -9.23673 -4.20556 2.0327 -14.2319 -29.7211 23.6136 0.852353 -38.7721 -0.655187 13.7657 42.3911 -4.57623 2.32622 -40.4017 -6.04875 7.8352 -1.50568 -16.3458 -0.779096 -9.8844 12.4959 -2.1807e-15 -4.97193e-16 -1.26728e-14 
13.8334 91.7968 66.5158 9.49956 2.95458 19.3852 0 5.07867 -1.15138 -3.65331 3.96728 -0.0368159 0 5.61661 1.07143 -2.77284 2.56585 -0.484928 -1.02604e-17 5.98978 0.11501 -2.12501 1.0686 -0.464127 -1.10457e-17 6.50583 -0.443523 -1.32032 -2.27005 -0.580944 -1.97295e-17 7.60548 -1.50593 -0.690957 -2.5326 -0.393219 -2.53307e-17 9.49737 -0.914492 -0.087326 -4.61652 -0.734175 -2.90401e-17 10.5513 1.57691 0.0621452 1.21157 0.128138 -1.29193e-17 4.78644 0.715339 -0.654924 4.51435 8.44805 -1.8116e-17 4.82109 0.421791 -2.23279 -0.095003 3.23189 -2.00958e-17 4.83041 0.765062 -0.890852 1.20033 1.30627 1.23299 -7.60731 7.53374 30.767 8.15511 4.80604 12.9547 3.2495 -3.26872 -106.664 26.1666 14.2759 29.2081 0.0598081 0.137039 7.5144 -2.62067 -39.0009 24.234 0.0496219 0.113701 -3.89468 -18.767 4.91818 -1.23299 -7.60729 7.53365 -9.24407 5.55875 -0.8551 -12.9547 3.2495 -3.26872 90.2108 0.641599 -4.56684 -29.2081 0.0598081 0.137039 -3.26791 -0.440303 15.9382 -24.234 0.0496218 0.113702 2.41358 2.00666 1.14539 9.23673 -4.20556 2.0327 -13.1249 -0.659589 -33.6166 -0.852353 -38.7721 -0.655187 -0.198577 0.74128 -0.0116543 -2.32622 -40.4017 -6.04875 -0.923758 1.74139 15.0296 0.779096 -9.8844 12.4959 -3.72721e-16 -8.07563e-16 2.48481e-17 -9.23673 -4.20556 2.0327 -12.9218 -28.632 27.2045 0.852353 -38.7721 -0.655187 12.7026 40.1017 -3.91604 2.32622 -40.4017 -6.04875 8.4418 -1.3559 -16.4305 -0.779096 -9.8844 12.4959 5.8597e-16 -6.20739e-16 -1.27963e-14 
13.426 91.8801 67.0345 9.26012 3.36072 20.6727 0 5.07867 -1.15138 -3.73813 3.68451 -0.0183682 0 5.61661 1.07143 -2.79822 2.42995 -0.474193 -1.02604e-17 5.98978 0.11501 -2.11436 1.04479 -0.453948 -1.10457e-17 6.50583 -0.443523 -1.27992 -2.1524 -0.575164 -1.97295e-17 7.60548 -1.50593 -0.634687 -2.29012 -0.380373 -2.53307e-17 9.49737 -0.914492 -0.0290129 -4.35604 -0.755522 -2.90401e-17 10.5513 1.57691 0.0720513 1.15567 0.12232 -1.29193e-17 4.78644 0.715339 -0.643011 3.99512 9.07219 -1.8116e-17 4.82109 0.421791 -2.39429 -0.0417372 3.48841 -2.00958e-17 4.83041 0.765062 -0.996897 1.57605 1.63013 1.23299 -7.60731 7.53374 32.066 8.3276 4.98794 12.9547 3.2495 -3.26872 -108.437 26.2294 14.1203 29.2081 0.0598081 0.137039 7.51162 -2.61844 -38.9838 24.234 0.0496219 0.113701 -3.52158 -18.4242 5.70762 -1.23299 -7.60729 7.53365 -7.98631 5.43209 -0.962097 -12.9547 3.2495 -3.26872 90.5987 -0.913815 -3.36349 -29.2081 0.0598081 0.137039 -3.16092 -0.410878 15.4041 -24.234 0.0496218 0.113702 1.1182 3.94742 0.677496 9.23673 -4.20556 2.0327 -12.6903 -0.693868 -34.4049 -0.852353 -38.7721 -0.655187 -0.149833 0.559271 -0.00903071 -2.32622 -40.4017 -6.04875 -1.53731 1.71016 15.1079 0.779096 -9.8844 12.4959 -1.16489e-15 -8.44696e-16 6.19811e-17 -9.23673 -4.20556 2.0327 -11.5058 -27.2442 31.3862 0.852353 -38.7721 -0.655187 11.4737 37.2437 -3.19873 2.32622 -40.4017 -6.04875 9.47628 -1.22668 -16.5684 -0.779096 -9.8844 12.4959 -1.78016e-15 -5.09803e-16 -1.26977e-14 
12.9464 91.9416 67.5635 9.06313 3.80658 21.9368 0 5.07867 -1.15138 -3.86778 3.57284 -0.0380111 0 5.61661 1.07143 -2.86605 2.40602 -0.514447 -1.02604e-17 5.98978 0.11501 -2.14469 1.06583 -0.490783 -1.10457e-17 6.50583 -0.443523 -1.2783 -2.08896 -0.618376 -1.97295e-17 7.60548 -1.50593 -0.618457 -2.17618 -0.412796 -2.53307e-17 9.49737 -0.914492 -0.00998398 -4.28503 -0.785636 -2.90401e-17 10.5513 1.57691 0.080659 1.09298 0.106845 -1.29193e-17 4.78644 0.715339 -0.516364 3.22589 10.0001 -1.8116e-17 4.82109 0.421791 -2.51431 0.0501096 3.88675 -2.00958e-17 4.83041 0.765062 -0.989197 2.14315 1.8649 1.23299 -7.60731 7.53374 32.9932 8.52914 5.00852 12.9547 3.2495 -3.26872 -109.111 26.0503 14.22 29.2081 0.0598081 0.137039 7.49321 -2.60374 -38.8712 24.234 0.0496219 0.113701 -3.65161 -18.6052 5.91635 -1.23299 -7.60729 7.53365 -7.72812 5.41895 -0.950924 -12.9547 3.2495 -3.26872 90.1219 -1.66723 -2.77779 -29.2081 0.0598081 0.137039 -3.07972 -0.389259 14.9996 -24.234 0.0496218 0.113702 1.68596 4.94597 0.786265 9.23673 -4.20556 2.0327 -12.2865 -0.772194 -35.2844 -0.852353 -38.7721 -0.655187 -0.102308 0.381845 -0.00632415 -2.32622 -40.4017 -6.04875 -2.11446 1.66189 15.1877 0.779096 -9.8844 12.4959 4.16484e-16 -7.82946e-16 2.31786e-19 -9.23673 -4.20556 2.0327 -10.0915 -25.5466 36.1168 0.852353 -38.7721 -0.655187 10.136 33.8618 -2.48047 2.32622 -40.4017 -6.04875 10.3341 -1.03728 -16.7238 -0.779096 -9.8844 12.4959 -6.00804e-16 -5.58896e-16 -1.27469e-14 
12.4127 91.9869 68.0943 8.89073 4.22553 23.1871 0 5.07867 -1.15138 -4.00268 3.41706 -0.133201 0 5.61661 1.07143 -2.92082 2.38581 -0.650057 -1.02604e-17 5.98978 0.11501 -2.16198 1.11458 -0.631664 -1.10457e-17 6.50583 -0.443523 -1.26616 -1.93871 -0.768982 -1.97295e-17 7.60548 -1.50593 -0.613644 -1.96341 -0.554023 -2.53307e-17 9.49737 -0.914492 -0.0423235 -4.08175 -0.905598 -2.90401e-17 10.5513 1.57691 0.0701085 1.00804 0.0716168 -1.29193e-17 4.78644 0.715339 -0.373883 2.43812 11.1452 -1.8116e-17 4.82109 0.421791 -2.75445 -0.0620241 4.38483 -2.00958e-17 4.83041 0.765062 -0.872621 2.63092 2.4747 1.23299 -7.60731 7.53374 33.6999 8.60732 5.05095 12.9547 3.2495 -3.26872 -109.321 25.6329 14.1947 29.2081 0.0598081 0.137039 7.41859 -2.54476 -38.4163 24.234 0.0496219 0.113701 -3.80627 -19.4184 5.87047 -1.23299 -7.60729 7.53365 -7.67852 5.32526 -0.953707 -12.9547 3.2495 -3.26872 89.9255 -1.49612 -2.2388 -29.2081 0.0598081 0.137039 -3.00509 -0.36993 14.6285 -24.234 0.0496218 0.113702 2.10265 5.69606 1.16254 9.23673 -4.20556 2.0327 -11.838 -0.829311 -36.1753 -0.852353 -38.7721 -0.655187 -0.0449111 0.167602 -0.00285979 -2.32622 -40.4017 -6.04875 -2.84528 1.53951 15.269 0.779096 -9.8844 12.4959 -3.69754e-16 -8.0747e-16 2.47554e-17 -9.23673 -4.20556 2.0327 -8.74889 -23.7494 41.1255 0.852353 -38.7721 -0.655187 8.86668 30.3832 -1.86663 2.32622 -40.4017 -6.04875 11.3668 -0.673655 -16.87 -0.779096 -9.8844 12.4959 -1.78461e-15 -5.09571e-16 -1.26976e-14 
11.8514 92.0232 68.6208 8.77418 4.58209 24.4857 0 5.07867 -1.15138 -4.13706 3.23954 -0.231621 0 5.61661 1.07143 -2.96933 2.36769 -0.785945 -1.02604e-17 5.98978 0.11501 -2.17322 1.18061 -0.77106 -1.10457e-17 6.50583 -0.443523 -1.2494 -1.75293 -0.91358 -1.97295e-17 7.60548 -1.50593 -0.604692 -1.70681 -0.687797 -2.53307e-17 9.49737 -0.914492 -0.0713088 -3.82351 -1.01023 -2.90401e-17 10.5513 1.57691 0.0560537 0.923068 0.0345414 -1.29193e-17 4.78644 0.715339 -0.209176 1.59678 12.1664 -1.8116e-17 4.82109 0.421791 -3.0007 -0.20931 4.83009 -2.00958e-17 4.83041 0.765062 -0.806224 3.1676 3.30476 1.23299 -7.60731 7.53374 34.3079 8.61386 5.10107 12.9547 3.2495 -3.26872 -109.482 25.3489 14.0216 29.2081 0.0598081 0.137039 7.34899 -2.49062 -37.9945 24.234 0.0496219 0.113701 -3.87094 -20.4553 6.0792 -1.23299 -7.60729 7.53365 -7.77469 5.21806 -0.937612 -12.9547 3.2495 -3.26872 89.6563 -0.855742 -1.69556 -29.2081 0.0598081 0.137039 -2.9446 -0.354639 14.3281 -24.234 0.0496218 0.113702 2.56834 5.89398 1.47292 9.23673 -4.20556 2.0327 -11.4073 -0.862989 -37.2809 -0.852353 -38.7721 -0.655187 0.00293762 -0.0109616 0.000191617 -2.32622 -40.4017 -6.04875 -3.62643 1.43827 15.3336 0.779096 -9.8844 12.4959 2.33599e-17 -7.95185e-16 1.24705e-17 -9.23673 -4.20556 2.0327 -7.56414 -22.0087 46.0354 0.852353 -38.7721 -0.655187 7.81824 27.3106 -1.41467 2.32622 -40.4017 -6.04875 12.3646 -0.393702 -16.8916 -0.779096 -9.8844 12.4959 -1.39298e-15 -5.34141e-16 -1.27097e-14 
11.2891 92.0548 69.1461 8.68265 4.85863 25.8458 0 5.07867 -1.15138 -4.20313 2.95201 -0.253922 0 5.61661 1.07143 -2.94414 2.28123 -0.783221 -1.02604e-17 5.98978 0.11501 -2.11681 1.18412 -0.771733 -1.10457e-17 6.50583 -0.443523 -1.15816 -1.65654 -0.924721 -1.97295e-17 7.60548 -1.50593 -0.509422 -1.41732 -0.687839 -2.53307e-17 9.49737 -0.914492 -0.0114504 -3.62682 -1.02737 -2.90401e-17 10.5513 1.57691 0.0660158 0.836169 0.0146204 -1.29193e-17 4.78644 0.715339 -0.241365 1.16529 12.7783 -1.8116e-17 4.82109 0.421791 -3.37569 -0.0185691 5.07474 -2.00958e-17 4.83041 0.765062 -0.927605 3.51742 4.08251 1.23299 -7.60731 7.53374 37.6226 8.88875 5.18834 12.9547 3.2495 -3.26872 -113.132 25.415 14.8131 29.2081 0.0598081 0.137039 7.49912 -2.60844 -38.9073 24.234 0.0496219 0.113701 -4.08541 -20.8098 7.27105 -1.23299 -7.60729 7.53365 -8.18696 4.983 -1.28901 -12.9547 3.2495 -3.26872 90.2425 -1.38465 -0.870281 -29.2081 0.0598081 0.137039 -2.89933 -0.343414 14.1036 -24.234 0.0496218 0.113702 2.33165 7.17473 0.760416 9.23673 -4.20556 2.0327 -10.9834 -0.874149 -38.4893 -0.852353 -38.7721 -0.655187 0.0172581 -0.0643958 0.00113373 -2.32622 -40.4017 -6.04875 -4.34043 1.34863 15.367 0.779096 -9.8844 12.4959 2.48481e-17 -7.95139e-16 1.2424e-17 -9.23673 -4.20556 2.0327 -6.63882 -20.1805 50.4852 0.852353 -38.7721 -0.655187 6.84157 24.2896 -1.0425 2.32622 -40.4017 -6.04875 14.0351 0.224352 -16.8939 -0.779096 -9.8844 12.4959 -5.9933e-16 -5.58989e-16 -1.27469e-14 
10.7445 92.0667 69.6696 8.55231 5.21036 27.2897 0 5.07867 -1.15138 -4.40586 3.14525 -0.280432 0 5.61661 1.07143 -3.0538 2.48524 -0.805628 -1.02604e-17 5.98978 0.11501 -2.17973 1.27821 -0.80408 -1.10457e-17 6.50583 -0.443523 -1.17395 -1.84558 -0.97748 -1.97295e-17 7.60548 -1.50593 -0.500284 -1.55297 -0.718899 -2.53307e-17 9.49737 -0.914492 -0.0128201 -3.98458 -1.03562 -2.90401e-17 10.5513 1.57691 0.076473 0.79463 -0.0259977 -1.29193e-17 4.78644 0.715339 -0.107951 0.582114 13.8042 -1.8116e-17 4.82109 0.421791 -3.59957 -0.0348629 5.51074 -2.00958e-17 4.83041 0.765062 -0.482921 4.42917 4.2841 1.23299 -7.60731 7.53374 40.4516 9.42728 4.84506 12.9547 3.2495 -3.26872 -115.875 25.0355 16.8127 29.2081 0.0598081 0.137039 7.8855 -2.93012 -41.3108 24.234 0.0496219 0.113701 -4.17429 -21.1328 8.65339 -1.23299 -7.60729 7.53365 -10.2045 4.99365 -1.54021 -12.9547 3.2495 -3.26872 91.3869 -0.928238 -0.911117 -29.2081 0.0598081 0.137039 -2.98171 -0.363968 14.5123 -24.234 0.0496218 0.113702 3.69369 7.14677 0.0811934 9.23673 -4.20556 2.0327 -10.6178 -0.977356 -39.825 -0.852353 -38.7721 -0.655187 0.0310431 -0.115828 0.00205318 -2.32622 -40.4017 -6.04875 -4.73816 1.32338 15.3468 0.779096 -9.8844 12.4959 -3.71233e-16 -8.07516e-16 2.48016e-17 -9.23673 -4.20556 2.0327 -5.8594 -18.5208 54.2446 0.852353 -38.7721 -0.655187 6.01352 21.6138 -0.766421 2.32622 -40.4017 -6.04875 15.2335 1.2622 -16.7537 -0.779096 -9.8844 12.4959 5.91889e-16 -6.2097e-16 -1.27966e-14 
10.1998 91.9902 70.1775 8.43337 5.6725 28.8563 0 5.07867 -1.15138 -4.57228 3.19346 -0.411288 0 5.61661 1.07143 -3.125 2.60737 -0.992283 -1.02604e-17 5.98978 0.11501 -2.20791 1.40142 -1.00894 -1.10457e-17 6.50583 -0.443523 -1.17156 -1.74439 -1.191 -1.97295e-17 7.60548 -1.50593 -0.508146 -1.44176 -0.924961 -2.53307e-17 9.49737 -0.914492 -0.0688904 -3.86093 -1.20246 -2.90401e-17 10.5513 1.57691 0.0549702 0.74601 -0.0685369 -1.29193e-17 4.78644 0.715339 0.188845 -0.211732 15.0525 -1.8116e-17 4.82109 0.421791 -3.81838 -0.363537 6.0647 -2.00958e-17 4.83041 0.765062 -0.425687 5.00279 4.96055 1.23299 -7.60731 7.53374 40.4616 9.56747 4.75356 12.9547 3.2495 -3.26872 -115.711 24.3388 17.9664 29.2081 0.0598081 0.137039 8.09716 -3.11838 -42.6641 24.234 0.0496219 0.113701 -3.95261 -22.2752 9.14639 -1.23299 -7.60729 7.53365 -10.5112 4.90871 -1.33216 -12.9547 3.2495 -3.26872 91.6865 -0.223487 -0.851356 -29.2081 0.0598081 0.137039 -2.98854 -0.365698 14.5463 -24.234 0.0496218 0.113702 3.91549 7.18989 0.67648 9.23673 -4.20556 2.0327 -10.4069 -1.38196 -41.1348 -0.852353 -38.7721 -0.655187 -0.0180746 0.0674476 -0.00116666 -2.32622 -40.4017 -6.04875 -5.47168 1.79305 15.4016 0.779096 -9.8844 12.4959 2.33599e-17 -7.95185e-16 1.24705e-17 -9.23673 -4.20556 2.0327 -5.05514 -18.2425 56.802 0.852353 -38.7721 -0.655187 6.66091 23.7146 -0.979094 2.32622 -40.4017 -6.04875 14.2209 -6.79633 -14.3147 -0.779096 -9.8844 12.4959 -1.78013e-15 -5.09804e-16 -1.26977e-14 
9.71374 92.2252 70.6745 8.39276 6.28282 30.5801 0 5.07867 -1.15138 -4.6661 2.88869 -0.499075 0 5.61661 1.07143 -3.18067 2.43895 -1.12486 -1.02604e-17 5.98978 0.11501 -2.24782 1.36199 -1.15733 -1.10457e-17 6.50583 -0.443523 -1.19849 -1.48661 -1.33893 -1.97295e-17 7.60548 -1.50593 -0.558704 -1.11228 -1.07006 -2.53307e-17 9.49737 -0.914492 -0.150079 -3.37961 -1.3146 -2.90401e-17 10.5513 1.57691 0.0368454 0.699385 -0.0958499 -1.29193e-17 4.78644 0.715339 0.344696 -0.618726 15.8282 -1.8116e-17 4.82109 0.421791 -4.22257 -0.473744 6.40468 -2.00958e-17 4.83041 0.765062 -0.409953 5.0285 5.84811 1.23299 -7.60731 7.53374 39.4908 9.33608 4.78912 12.9547 3.2495 -3.26872 -114.48 24.2162 18.2158 29.2081 0.0598081 0.137039 8.17263 -3.1877 -43.1536 24.234 0.0496219 0.113701 -3.64059 -23.606 9.73529 -1.23299 -7.60729 7.53365 -10.2141 4.68365 -0.984159 -12.9547 3.2495 -3.26872 91.4397 0.347958 -0.689649 -29.2081 0.0598081 0.137039 -2.9557 -0.357403 14.3832 -24.234 0.0496218 0.113702 3.78572 6.8064 1.15596 9.23673 -4.20556 2.0327 -10.4788 -1.9819 -42.3877 -0.852353 -38.7721 -0.655187 -0.106854 0.398813 -0.00658935 -2.32622 -40.4017 -6.04875 -6.2524 2.71238 15.5322 0.779096 -9.8844 12.4959 2.48481e-17 -7.95139e-16 1.2424e-17 -9.23673 -4.20556 2.0327 -5.34054 -17.2063 57.1711 0.852353 -38.7721 -0.655187 6.13547 22.0142 -0.804721 2.32622 -40.4017 -6.04875 13.3763 -6.44402 -14.3004 -0.779096 -9.8844 12.4959 5.87425e-16 -6.20784e-16 -1.27964e-14 
9.2383 92.4144 71.1543 8.31617 7.1304 32.3567 0 5.07867 -1.15138 -4.73741 2.55374 -0.492681 0 5.61661 1.07143 -3.27032 2.15986 -1.12654 -1.02604e-17 5.98978 0.11501 -2.33491 1.18051 -1.16125 -1.10457e-17 6.50583 -0.443523 -1.27476 -1.39933 -1.33909 -1.97295e-17 7.60548 -1.50593 -0.635473 -0.933789 -1.05963 -2.53307e-17 9.49737 -0.914492 -0.201957 -3.09737 -1.30184 -2.90401e-17 10.5513 1.57691 0.0497809 0.678458 -0.105018 -1.29193e-17 4.78644 0.715339 0.427173 -0.646666 16.4901 -1.8116e-17 4.82109 0.421791 -4.48404 -0.337727 6.696 -2.00958e-17 4.83041 0.765062 -0.463438 5.11131 6.03061 1.23299 -7.60731 7.53374 38.8618 9.15202 4.69126 12.9547 3.2495 -3.26872 -113.361 24.8359 18.0666 29.2081 0.0598081 0.137039 8.13202 -3.15026 -42.8898 24.234 0.0496219 0.113701 -3.5718 -24.6538 10.1007 -1.23299 -7.60729 7.53365 -9.88417 4.55968 -0.628765 -12.9547 3.2495 -3.26872 90.886 0.477816 -0.908549 -29.2081 0.0598081 0.137039 -3.01729 -0.373036 14.6891 -24.234 0.0496218 0.113702 3.97979 6.01301 0.884002 9.23673 -4.20556 2.0327 -10.8014 -2.91819 -43.5681 -0.852353 -38.7721 -0.655187 -0.274603 1.0252 -0.015438 -2.32622 -40.4017 -6.04875 -6.79557 3.47557 15.7011 0.779096 -9.8844 12.4959 4.20929e-16 -7.82761e-16 4.65054e-20 -9.23673 -4.20556 2.0327 -5.9661 -16.7856 55.631 0.852353 -38.7721 -0.655187 5.85989 21.1063 -0.719356 2.32622 -40.4017 -6.04875 12.0285 -8.28984 -14.1157 -0.779096 -9.8844 12.4959 -9.87971e-16 -5.46937e-16 -1.27225e-14 
8.71747 92.5683 71.5941 8.23658 8.18223 34.1017 0 5.07867 -1.15138 -5.06666 2.08116 -0.2555 0 5.61661 1.07143 -3.58003 1.74008 -0.856627 -1.02604e-17 5.98978 0.11501 -2.57774 0.86485 -0.904076 -1.10457e-17 6.50583 -0.443523 -1.43629 -1.54433 -1.09677 -1.97295e-17 7.60548 -1.50593 -0.690619 -0.824054 -0.78178 -2.53307e-17 9.49737 -0.914492 -0.134176 -3.01784 -1.12097 -2.90401e-17 10.5513 1.57691 0.102948 0.662871 -0.119811 -1.29193e-17 4.78644 0.715339 0.0622155 0.194342 16.4731 -1.8116e-17 4.82109 0.421791 -4.83558 -0.0143567 6.65873 -2.00958e-17 4.83041 0.765062 0.258217 4.74204 5.75522 1.23299 -7.60731 7.53374 41.7768 9.31924 4.42783 12.9547 3.2495 -3.26872 -116.243 25.5762 18.5978 29.2081 0.0598081 0.137039 8.15526 -3.17164 -43.0406 24.234 0.0496219 0.113701 -3.4551 -23.6515 10.9002 -1.23299 -7.60729 7.53365 -9.7904 4.22368 -0.931662 -12.9547 3.2495 -3.26872 94.2588 -1.75289 0.878141 -29.2081 0.0598081 0.137039 -2.96534 -0.359827 14.431 -24.234 0.0496218 0.113702 1.60273 7.84724 -2.1399 9.23673 -4.20556 2.0327 -11.2841 -4.10533 -44.1997 -0.852353 -38.7721 -0.655187 -0.488655 1.8248 -0.0240707 -2.32622 -40.4017 -6.04875 -7.27496 3.95651 15.8348 0.779096 -9.8844 12.4959 -7.65826e-16 -8.32225e-16 4.95101e-17 -9.23673 -4.20556 2.0327 -6.88598 -16.7573 53.2954 0.852353 -38.7721 -0.655187 5.51325 19.9491 -0.618058 2.32622 -40.4017 -6.04875 11.6859 -9.13203 -13.973 -0.779096 -9.8844 12.4959 2.57081e-15 -6.95188e-16 -1.28831e-14 
8.08258 92.705 71.9798 8.03543 9.25027 35.7321 0 5.07867 -1.15138 -5.20934 2.41373 -0.0826911 0 5.61661 1.07143 -3.75488 1.85737 -0.661187 -1.02604e-17 5.98978 0.11501 -2.73146 0.793434 -0.698959 -1.10457e-17 6.50583 -0.443523 -1.5688 -1.99438 -0.895687 -1.97295e-17 7.60548 -1.50593 -0.754802 -1.34183 -0.558062 -2.53307e-17 9.49737 -0.914492 -0.0819426 -3.75161 -0.902359 -2.90401e-17 10.5513 1.57691 0.158617 0.710568 -0.0976994 -1.29193e-17 4.78644 0.715339 0.276037 -0.223939 16.6056 -1.8116e-17 4.82109 0.421791 -4.52936 0.433225 6.68911 -2.00958e-17 4.83041 0.765062 0.0839518 5.7463 5.47611 1.23299 -7.60731 7.53374 42.3529 9.85853 4.0256 12.9547 3.2495 -3.26872 -116.955 25.8735 19.7144 29.2081 0.0598081 0.137039 8.33761 -3.34345 -44.237 24.234 0.0496219 0.113701 -3.4384 -22.5839 11.3987 -1.23299 -7.60729 7.53365 -10.2109 4.62148 -0.770779 -12.9547 3.2495 -3.26872 94.0353 -3.70549 0.528962 -29.2081 0.0598081 0.137039 -2.95942 -0.358335 14.4016 -24.234 0.0496218 0.113702 2.47802 8.19765 -2.48332 9.23673 -4.20556 2.0327 -11.7455 -5.41376 -45.1225 -0.852353 -38.7721 -0.655187 -0.682545 2.54912 -0.0293133 -2.32622 -40.4017 -6.04875 -7.71734 4.49366 15.9848 0.779096 -9.8844 12.4959 -7.70291e-16 -8.32411e-16 4.96962e-17 -9.23673 -4.20556 2.0327 -7.47244 -16.99 51.6362 0.852353 -38.7721 -0.655187 5.24798 19.0525 -0.545197 2.32622 -40.4017 -6.04875 11.1001 -9.46388 -14.0798 -0.779096 -9.8844 12.4959 6.03795e-16 -6.21481e-16 -1.27971e-14 
7.31279 92.8624 72.3435 7.67924 10.0478 37.2173 0 5.07867 -1.15138 -5.30762 2.48265 -0.0579945 0 5.61661 1.07143 -3.86469 1.85466 -0.664958 -1.02604e-17 5.98978 0.11501 -2.83291 0.758209 -0.711834 -1.10457e-17 6.50583 -0.443523 -1.66129 -2.02691 -0.917997 -1.97295e-17 7.60548 -1.50593 -0.841627 -1.41267 -0.569723 -2.53307e-17 9.49737 -0.914492 -0.150903 -3.83232 -0.904485 -2.90401e-17 10.5513 1.57691 0.175438 0.700589 -0.107444 -1.29193e-17 4.78644 0.715339 0.316194 -0.0614032 17.6448 -1.8116e-17 4.82109 0.421791 -4.83073 0.308848 7.15836 -2.00958e-17 4.83041 0.765062 0.468583 5.43807 5.13367 1.23299 -7.60731 7.53374 42.1567 9.9603 3.9786 12.9547 3.2495 -3.26872 -116.306 26.0767 20.1705 29.2081 0.0598081 0.137039 8.25678 -3.2664 -43.7038 24.234 0.0496219 0.113701 -3.27969 -22.9768 10.345 -1.23299 -7.60729 7.53365 -9.96247 4.67365 -0.624691 -12.9547 3.2495 -3.26872 93.7704 -4.89216 0.552043 -29.2081 0.0598081 0.137039 -2.80703 -0.321104 13.6463 -24.234 0.0496218 0.113702 2.79068 9.28523 -1.59827 9.23673 -4.20556 2.0327 -11.8239 -6.63479 -45.6978 -0.852353 -38.7721 -0.655187 -0.854392 3.19094 -0.0319102 -2.32622 -40.4017 -6.04875 -8.39176 4.95493 16.1972 0.779096 -9.8844 12.4959 1.21012e-15 -7.45768e-16 -3.69466e-17 -9.23673 -4.20556 2.0327 -7.72096 -17.1486 50.0023 0.852353 -38.7721 -0.655187 4.94508 18.0175 -0.467017 2.32622 -40.4017 -6.04875 9.83501 -9.20047 -14.3123 -0.779096 -9.8844 12.4959 -2.96838e-15 -4.60294e-16 -1.26359e-14 
6.43047 93.0347 72.711 7.02979 10.5982 38.5922 0 5.07867 -1.15138 -5.03656 2.00186 0.199265 0 5.61661 1.07143 -3.6028 1.56226 -0.341534 -1.02604e-17 5.98978 0.11501 -2.58692 0.745902 -0.388182 -1.10457e-17 6.50583 -0.443523 -1.44577 -1.61423 -0.576644 -1.97295e-17 7.60548 -1.50593 -0.629553 -0.817836 -0.248887 -2.53307e-17 9.49737 -0.914492 0.090266 -2.91463 -0.690157 -2.90401e-17 10.5513 1.57691 0.212951 0.677273 0.0115199 -1.29193e-17 4.78644 0.715339 0.360864 -1.58978 17.1356 -1.8116e-17 4.82109 0.421791 -5.00262 0.57444 6.89873 -2.00958e-17 4.83041 0.765062 -0.781107 5.81829 5.53977 1.23299 -7.60731 7.53374 42.2284 10.0878 4.1802 12.9547 3.2495 -3.26872 -118.552 25.8891 21.1612 29.2081 0.0598081 0.137039 8.69485 -3.70186 -46.6524 24.234 0.0496219 0.113701 -2.6058 -21.2754 11.3282 -1.23299 -7.60729 7.53365 -2.85644 4.83371 0.46143 -12.9547 3.2495 -3.26872 90.9886 -11.6884 3.84918 -29.2081 0.0598081 0.137039 -2.51086 -0.254786 12.1846 -24.234 0.0496218 0.113702 -1.94352 14.1985 -0.941198 9.23673 -4.20556 2.0327 -11.4421 -7.94638 -46.5467 -0.852353 -38.7721 -0.655187 -1.04505 3.90261 -0.0325359 -2.32622 -40.4017 -6.04875 -9.72533 5.06585 16.5849 0.779096 -9.8844 12.4959 -7.6285e-16 -8.32085e-16 4.93706e-17 -9.23673 -4.20556 2.0327 -7.40282 -17.7276 48.2561 0.852353 -38.7721 -0.655187 4.78194 17.4553 -0.427151 2.32622 -40.4017 -6.04875 9.93359 -8.50576 -14.4818 -0.779096 -9.8844 12.4959 3.75161e-15 -7.5675e-16 -1.29323e-14 
5.48255 93.2135 73.0796 6.17336 10.978 40.0081 0 5.07867 -1.15138 -4.96384 2.06975 0.359485 0 5.61661 1.07143 -3.59241 1.58323 -0.162365 -1.02604e-17 5.98978 0.11501 -2.60438 0.75697 -0.204265 -1.10457e-17 6.50583 -0.443523 -1.49928 -1.60946 -0.389509 -1.97295e-17 7.60548 -1.50593 -0.691425 -0.849723 -0.0560817 -2.53307e-17 9.49737 -0.914492 0.0798842 -2.9262 -0.47229 -2.90401e-17 10.5513 1.57691 0.259226 0.697403 0.0538688 -1.29193e-17 4.78644 0.715339 0.66757 -2.90538 17.7267 -1.8116e-17 4.82109 0.421791 -5.18708 0.659889 7.1265 -2.00958e-17 4.83041 0.765062 -0.00682078 6.54291 4.82808 1.23299 -7.60731 7.53374 41.4377 10.3764 3.93442 12.9547 3.2495 -3.26872 -118.656 27.0143 23.0629 29.2081 0.0598081 0.137039 9.18559 -4.24762 -50.1533 24.234 0.0496219 0.113701 -0.588758 -21.4196 12.8186 -1.23299 -7.60729 7.53365 -1.08925 5.05151 1.3421 -12.9547 3.2495 -3.26872 89.0375 -15.3958 4.6707 -29.2081 0.0598081 0.137039 -2.53606 -0.260115 12.3087 -24.234 0.0496218 0.113702 -0.735685 15.9746 -1.44472 9.23673 -4.20556 2.0327 -10.882 -9.07385 -47.5642 -0.852353 -38.7721 -0.655187 -1.12426 4.1981 -0.0320982 -2.32622 -40.4017 -6.04875 -9.85794 5.51189 16.8127 0.779096 -9.8844 12.4959 -1.16637e-15 -8.44788e-16 6.20737e-17 -9.23673 -4.20556 2.0327 -6.74134 -18.3089 46.7036 0.852353 -38.7721 -0.655187 4.62093 16.8972 -0.389364 2.32622 -40.4017 -6.04875 8.75252 -7.24047 -14.7141 -0.779096 -9.8844 12.4959 -5.79984e-16 -5.59826e-16 -1.27478e-14 
4.53896 93.4083 73.3859 5.45652 11.3004 41.5811 0 5.07867 -1.15138 -4.82619 2.05438 0.414209 0 5.61661 1.07143 -3.50797 1.5747 -0.117663 -1.02604e-17 5.98978 0.11501 -2.55836 0.798047 -0.165476 -1.10457e-17 6.50583 -0.443523 -1.50066 -1.43031 -0.344015 -1.97295e-17 7.60548 -1.50593 -0.729206 -0.72331 -0.0138191 -2.53307e-17 9.49737 -0.914492 0.0416769 -2.70018 -0.399875 -2.90401e-17 10.5513 1.57691 0.264538 0.70465 0.0620648 -1.29193e-17 4.78644 0.715339 0.832403 -3.12487 18.5046 -1.8116e-17 4.82109 0.421791 -5.26735 0.301902 7.48904 -2.00958e-17 4.83041 0.765062 0.150381 6.34905 4.2904 1.23299 -7.60731 7.53374 40.0174 10.2392 4.20188 12.9547 3.2495 -3.26872 -117.061 26.7028 22.9935 29.2081 0.0598081 0.137039 9.20601 -4.27183 -50.3044 24.234 0.0496219 0.113701 -0.381887 -21.2474 12.2339 -1.23299 -7.60729 7.53365 0.0162025 5.03491 1.50114 -12.9547 3.2495 -3.26872 88.3291 -16.9934 4.89737 -29.2081 0.0598081 0.137039 -2.52269 -0.257276 12.2428 -24.234 0.0496218 0.113702 -0.928771 17.4265 -0.764542 9.23673 -4.20556 2.0327 -10.2836 -9.94549 -48.2528 -0.852353 -38.7721 -0.655187 -1.07511 4.01477 -0.032418 -2.32622 -40.4017 -6.04875 -10.5759 6.19828 17.1391 0.779096 -9.8844 12.4959 -1.16786e-15 -8.44835e-16 6.21202e-17 -9.23673 -4.20556 2.0327 -6.1887 -18.9163 45.279 0.852353 -38.7721 -0.655187 4.54389 16.6291 -0.371832 2.32622 -40.4017 -6.04875 7.86246 -5.85151 -14.8971 -0.779096 -9.8844 12.4959 1.38405e-15 -6.45725e-16 -1.28337e-14 
3.65552 93.6016 73.5721 4.91553 11.82 43.4078 0 5.07867 -1.15138 -4.71297 1.92936 0.609473 0 5.61661 1.07143 -3.42939 1.49038 0.123394 -1.02604e-17 5.98978 0.11501 -2.5031 0.814821 0.0781912 -1.10457e-17 6.50583 -0.443523 -1.46992 -1.23017 -0.093471 -1.97295e-17 7.60548 -1.50593 -0.689305 -0.507456 0.230531 -2.53307e-17 9.49737 -0.914492 0.124841 -2.41908 -0.185933 -2.90401e-17 10.5513 1.57691 0.295774 0.700445 0.099996 -1.29193e-17 4.78644 0.715339 0.643487 -3.08279 18.2829 -1.8116e-17 4.82109 0.421791 -5.30181 0.256239 7.3867 -2.00958e-17 4.83041 0.765062 0.0177799 5.81982 3.74616 1.23299 -7.60731 7.53374 40.7108 10.08 4.18407 12.9547 3.2495 -3.26872 -117.455 27.0262 22.6421 29.2081 0.0598081 0.137039 9.30741 -4.39398 -51.0611 24.234 0.0496219 0.113701 -0.885015 -20.6668 12.2181 -1.23299 -7.60729 7.53365 1.26432 5.12931 1.79074 -12.9547 3.2495 -3.26872 87.8295 -19.3265 6.79268 -29.2081 0.0598081 0.137039 -2.34041 -0.220189 11.3469 -24.234 0.0496218 0.113702 -2.10853 18.4878 -0.758366 9.23673 -4.20556 2.0327 -10.0559 -10.9572 -48.8411 -0.852353 -38.7721 -0.655187 -1.0258 3.8308 -0.0325804 -2.32622 -40.4017 -6.04875 -11.9484 7.2522 17.5337 0.779096 -9.8844 12.4959 2.03836e-17 -7.95325e-16 1.26101e-17 -9.23673 -4.20556 2.0327 -6.21115 -19.5078 43.6729 0.852353 -38.7721 -0.655187 4.46266 16.3456 -0.353734 2.32622 -40.4017 -6.04875 7.56659 -4.81977 -15.0351 -0.779096 -9.8844 12.4959 -1.38108e-15 -5.34652e-16 -1.27103e-14 
2.82864 93.7954 73.6006 4.46966 12.6523 45.5603 0 5.07867 -1.15138 -4.65999 2.05595 0.695002 0 5.61661 1.07143 -3.44176 1.59215 0.131253 -1.02604e-17 5.98978 0.11501 -2.53354 1.04549 0.119968 -1.10457e-17 6.50583 -0.443523 -1.55642 -0.773927 0.0137972 -1.97295e-17 7.60548 -1.50593 -0.77063 -0.28701 0.339647 -2.53307e-17 9.49737 -0.914492 0.143992 -1.89801 -0.0318822 -2.90401e-17 10.5513 1.57691 0.300976 0.738062 0.153802 -1.29193e-17 4.78644 0.715339 1.27887 -4.83788 18.2906 -1.8116e-17 4.82109 0.421791 -5.01513 -0.358722 7.38133 -2.00958e-17 4.83041 0.765062 -0.592933 6.51016 3.3302 1.23299 -7.60731 7.53374 34.0834 9.46115 4.59545 12.9547 3.2495 -3.26872 -112.716 28.009 19.3009 29.2081 0.0598081 0.137039 9.06042 -4.10198 -49.2377 24.234 0.0496219 0.113701 2.28995 -20.1311 12.4032 -1.23299 -7.60729 7.53365 5.39403 5.83958 3.48051 -12.9547 3.2495 -3.26872 84.9904 -22.4456 8.85092 -29.2081 0.0598081 0.137039 -2.26733 -0.20615 10.9885 -24.234 0.0496218 0.113702 -3.44902 18.9236 0.335575 9.23673 -4.20556 2.0327 -10.4763 -12.1434 -49.5204 -0.852353 -38.7721 -0.655187 -0.940067 3.51081 -0.0324849 -2.32622 -40.4017 -6.04875 -12.935 8.68372 18.0602 0.779096 -9.8844 12.4959 2.48481e-17 -7.95139e-16 1.2424e-17 -9.23673 -4.20556 2.0327 -6.7647 -20.0869 41.8791 0.852353 -38.7721 -0.655187 4.35901 15.9828 -0.331222 2.32622 -40.4017 -6.04875 5.94551 -3.9495 -15.238 -0.779096 -9.8844 12.4959 -9.95416e-16 -5.46611e-16 -1.27222e-14 
2.03534 93.9821 73.456 4.11689 13.5828 48.0584 0 5.07867 -1.15138 -4.69763 1.54809 0.701428 0 5.61661 1.07143 -3.61361 1.24558 0.0652089 -1.02604e-17 5.98978 0.11501 -2.72439 1.07285 0.100144 -1.10457e-17 6.50583 -0.443523 -1.81504 0.0559826 0.0680579 -1.97295e-17 7.60548 -1.50593 -1.00569 0.429301 0.423974 -2.53307e-17 9.49737 -0.914492 0.0256451 -0.651366 0.177858 -2.90401e-17 10.5513 1.57691 0.269103 0.749097 0.154564 -1.29193e-17 4.78644 0.715339 1.79089 -5.72512 18.1058 -1.8116e-17 4.82109 0.421791 -5.12757 -0.981059 7.36355 -2.00958e-17 4.83041 0.765062 -0.4655 5.7524 2.93691 1.23299 -7.60731 7.53374 23.522 7.20465 5.06553 12.9547 3.2495 -3.26872 -101.652 25.5385 9.86465 29.2081 0.0598081 0.137039 7.31632 -2.46548 -37.7973 24.234 0.0496219 0.113701 2.92792 -17.4932 8.29052 -1.23299 -7.60729 7.53365 8.20336 6.19827 4.2504 -12.9547 3.2495 -3.26872 82.2052 -23.4221 10.5455 -29.2081 0.0598081 0.137039 -2.00952 -0.160399 9.72703 -24.234 0.0496218 0.113702 -3.62666 17.7765 1.77087 9.23673 -4.20556 2.0327 -11.3297 -13.4047 -49.1771 -0.852353 -38.7721 -0.655187 -0.864484 3.22862 -0.0320028 -2.32622 -40.4017 -6.04875 -13.8142 10.4881 18.6351 0.779096 -9.8844 12.4959 1.60915e-15 -7.33252e-16 -4.94629e-17 -9.23673 -4.20556 2.0327 -7.79413 -20.5051 39.3274 0.852353 -38.7721 -0.655187 4.23208 15.5369 -0.304543 2.32622 -40.4017 -6.04875 3.00181 -2.98545 -15.3045 -0.779096 -9.8844 12.4959 -5.97847e-16 -5.59035e-16 -1.2747e-14 
1.25102 94.1389 73.2109 3.71356 14.4413 50.7852 0 5.07867 -1.15138 -4.38148 0.945041 0.85792 0 5.61661 1.07143 -3.49412 0.831758 0.274846 -1.02604e-17 5.98978 0.11501 -2.69241 0.960351 0.360978 -1.10457e-17 6.50583 -0.443523 -1.90264 0.578161 0.376431 -1.97295e-17 7.60548 -1.50593 -1.09898 0.917288 0.730867 -2.53307e-17 9.49737 -0.914492 -0.00752593 0.141316 0.549523 -2.90401e-17 10.5513 1.57691 0.257154 0.786771 0.167381 -1.29193e-17 4.78644 0.715339 1.84794 -5.53038 17.567 -1.8116e-17 4.82109 0.421791 -4.99872 -0.817073 7.2393 -2.00958e-17 4.83041 0.765062 -1.23152 5.00901 1.47994 1.23299 -7.60731 7.53374 16.648 5.59778 4.53497 12.9547 3.2495 -3.26872 -94.0581 21.9774 0.882521 29.2081 0.0598081 0.137039 5.22699 -1.18002 -26.0197 24.234 0.0496219 0.113701 1.42777 -12.9208 3.81839 -1.23299 -7.60729 7.53365 9.6832 6.6408 4.29471 -12.9547 3.2495 -3.26872 78.4549 -24.0436 11.4669 -29.2081 0.0598081 0.137039 -1.6156 -0.101722 7.8079 -24.234 0.0496218 0.113702 -3.43297 15.2249 2.68444 9.23673 -4.20556 2.0327 -12.27 -14.6886 -47.8223 -0.852353 -38.7721 -0.655187 -0.839928 3.13693 -0.0317659 -2.32622 -40.4017 -6.04875 -14.5864 12.5728 19.1004 0.779096 -9.8844 12.4959 2.80335e-15 -6.71132e-16 -1.11583e-16 -9.23673 -4.20556 2.0327 -8.9636 -20.8682 36.2745 0.852353 -38.7721 -0.655187 4.10361 15.0838 -0.27854 2.32622 -40.4017 -6.04875 1.01379 -2.21083 -15.2886 -0.779096 -9.8844 12.4959 -5.96354e-16 -5.59082e-16 -1.27471e-14 
0.420479 94.2468 72.9895 3.0534 15.1032 53.4171 0 5.07867 -1.15138 -3.97 0.644963 1.10072 0 5.61661 1.07143 -3.29255 0.608425 0.611904 -1.02604e-17 5.98978 0.11501 -2.59293 0.873072 0.7463 -1.10457e-17 6.50583 -0.443523 -1.92674 0.759674 0.791075 -1.97295e-17 7.60548 -1.50593 -1.11965 0.996925 1.12354 -2.53307e-17 9.49737 -0.914492 0.031416 0.283343 0.963737 -2.90401e-17 10.5513 1.57691 0.27709 0.827171 0.17322 -1.29193e-17 4.78644 0.715339 1.55568 -4.38219 16.81 -1.8116e-17 4.82109 0.421791 -4.46866 -0.654512 7.03555 -2.00958e-17 4.83041 0.765062 -2.30484 4.19584 -0.323049 1.23299 -7.60731 7.53374 12.8054 4.9682 3.55092 12.9547 3.2495 -3.26872 -90.9703 20.4216 -4.67841 29.2081 0.0598081 0.137039 3.7023 -0.571015 -18.1222 24.234 0.0496219 0.113701 1.71267 -9.17179 1.05285 -1.23299 -7.60729 7.53365 9.61674 6.82627 3.98158 -12.9547 3.2495 -3.26872 75.5575 -23.8857 11.3566 -29.2081 0.0598081 0.137039 -1.3543 -0.0702052 6.5395 -24.234 0.0496218 0.113702 -2.83532 11.994 2.69025 9.23673 -4.20556 2.0327 -12.6567 -15.9454 -45.3794 -0.852353 -38.7721 -0.655187 -0.836962 3.12585 -0.0317346 -2.32622 -40.4017 -6.04875 -14.5725 13.0458 18.9473 0.779096 -9.8844 12.4959 -7.49015e-15 -1.11648e-15 3.3377e-16 -9.23673 -4.20556 2.0327 -9.87749 -21.3483 33.378 0.852353 -38.7721 -0.655187 3.97069 14.6131 -0.252704 2.32622 -40.4017 -6.04875 0.0748553 -1.53099 -15.2523 -0.779096 -9.8844 12.4959 -1.38851e-15 -5.34327e-16 -1.27099e-14 
-0.489353 94.3426 72.8648 2.18542 15.506 55.9905 0 5.07867 -1.15138 -3.55279 0.595786 1.18961 0 5.61661 1.07143 -3.05245 0.560093 0.768046 -1.02604e-17 5.98978 0.11501 -2.45243 0.878315 0.928157 -1.10457e-17 6.50583 -0.443523 -1.90484 0.878987 0.985728 -1.97295e-17 7.60548 -1.50593 -1.135 0.98179 1.28961 -2.53307e-17 9.49737 -0.914492 -0.0165066 0.327435 1.1618 -2.90401e-17 10.5513 1.57691 0.266058 0.841661 0.159646 -1.29193e-17 4.78644 0.715339 1.23455 -3.24301 16.0735 -1.8116e-17 4.82109 0.421791 -4.0706 -0.945573 6.8377 -2.00958e-17 4.83041 0.765062 -3.07355 3.28756 -1.02135 1.23299 -7.60731 7.53374 9.63092 4.52506 2.5157 12.9547 3.2495 -3.26872 -88.9068 17.9631 -7.94058 29.2081 0.0598081 0.137039 2.735 -0.304404 -13.2912 24.234 0.0496219 0.113701 2.37914 -5.77217 -0.711858 -1.23299 -7.60729 7.53365 8.88467 6.70715 3.33076 -12.9547 3.2495 -3.26872 73.465 -22.2675 9.66796 -29.2081 0.0598081 0.137039 -1.22827 -0.0571026 5.92883 -24.234 0.0496218 0.113702 -2.14784 8.9964 3.94505 9.23673 -4.20556 2.0327 -11.9865 -16.9563 -41.4758 -0.852353 -38.7721 -0.655187 -0.808912 3.0211 -0.0314104 -2.32622 -40.4017 -6.04875 -13.9572 10.7657 18.1084 0.779096 -9.8844 12.4959 -1.9839e-15 -8.82993e-16 1.00279e-16 -9.23673 -4.20556 2.0327 -10.5263 -21.6971 30.7302 0.852353 -38.7721 -0.655187 3.75599 13.849 -0.213275 2.32622 -40.4017 -6.04875 -0.518808 -0.635976 -15.1485 -0.779096 -9.8844 12.4959 -5.9934e-16 -5.58989e-16 -1.27469e-14 
-1.46499 94.4806 72.8478 1.48491 15.6415 58.4211 0 5.07867 -1.15138 -3.31317 0.382645 1.16349 0 5.61661 1.07143 -2.9147 0.445986 0.755621 -1.02604e-17 5.98978 0.11501 -2.37419 0.908911 0.913874 -1.10457e-17 6.50583 -0.443523 -1.89911 1.20263 0.969962 -1.97295e-17 7.60548 -1.50593 -1.1792 1.29352 1.25879 -2.53307e-17 9.49737 -0.914492 -0.136065 0.824984 1.16851 -2.90401e-17 10.5513 1.57691 0.232174 0.808731 0.136861 -1.29193e-17 4.78644 0.715339 1.01054 -2.56847 15.6458 -1.8116e-17 4.82109 0.421791 -3.97914 -1.46633 6.74763 -2.00958e-17 4.83041 0.765062 -3.10448 2.1826 -1.0219 1.23299 -7.60731 7.53374 7.00084 4.01401 1.7687 12.9547 3.2495 -3.26872 -87.2138 14.585 -9.81655 29.2081 0.0598081 0.137039 2.2429 -0.201752 -10.8699 24.234 0.0496219 0.113701 3.09758 -2.63892 -1.55317 -1.23299 -7.60729 7.53365 8.45755 6.38749 2.86087 -12.9547 3.2495 -3.26872 72.0627 -20.405 8.75991 -29.2081 0.0598081 0.137039 -1.09967 -0.0451287 5.30632 -24.234 0.0496218 0.113702 -1.47593 7.01957 5.26718 9.23673 -4.20556 2.0327 -10.951 -17.5564 -37.3047 -0.852353 -38.7721 -0.655187 -0.76275 2.8487 -0.0307651 -2.32622 -40.4017 -6.04875 -13.8889 9.02241 17.6343 0.779096 -9.8844 12.4959 4.37422e-15 -6.09804e-16 -1.7291e-16 -9.23673 -4.20556 2.0327 -11.0389 -21.6642 28.0501 0.852353 -38.7721 -0.655187 3.46289 12.7986 -0.164079 2.32622 -40.4017 -6.04875 -0.853399 0.427661 -15.0095 -0.779096 -9.8844 12.4959 5.91875e-16 -6.20969e-16 -1.27966e-14 
-2.42305 94.6649 72.9334 1.18406 15.6614 60.5821 0 5.07867 -1.15138 -3.18663 0.120546 1.38764 0 5.61661 1.07143 -2.85402 0.388057 0.998457 -1.02604e-17 5.98978 0.11501 -2.33362 1.12922 1.15669 -1.10457e-17 6.50583 -0.443523 -1.89639 1.89735 1.23255 -1.97295e-17 7.60548 -1.50593 -1.14102 2.10262 1.52025 -2.53307e-17 9.49737 -0.914492 -0.0344916 1.95087 1.40788 -2.90401e-17 10.5513 1.57691 0.224646 0.776669 0.187658 -1.29193e-17 4.78644 0.715339 1.34978 -4.85322 14.4115 -1.8116e-17 4.82109 0.421791 -3.73766 -1.83581 6.21611 -2.00958e-17 4.83041 0.765062 -3.46636 2.81486 -1.04656 1.23299 -7.60731 7.53374 4.59898 3.69628 0.904268 12.9547 3.2495 -3.26872 -85.3814 13.0837 -13.2313 29.2081 0.0598081 0.137039 2.0318 -0.16432 -9.83701 24.234 0.0496219 0.113701 3.72058 -0.544893 -1.16807 -1.23299 -7.60729 7.53365 11.4752 7.06116 4.42551 -12.9547 3.2495 -3.26872 70.9947 -23.4151 13.5857 -29.2081 0.0598081 0.137039 -0.926898 -0.0312517 4.4709 -24.234 0.0496218 0.113702 -3.4314 6.80024 3.53698 9.23673 -4.20556 2.0327 -10.1595 -17.6841 -34.1191 -0.852353 -38.7721 -0.655187 -0.749129 2.79783 -0.0305482 -2.32622 -40.4017 -6.04875 -14.71 8.33137 17.692 0.779096 -9.8844 12.4959 4.12701e-17 -7.94439e-16 1.17242e-17 -9.23673 -4.20556 2.0327 -11.5984 -21.4383 25.2834 0.852353 -38.7721 -0.655187 3.22345 11.9346 -0.127888 2.32622 -40.4017 -6.04875 -0.16718 1.37406 -15.0398 -0.779096 -9.8844 12.4959 -1.38403e-15 -5.3456e-16 -1.27101e-14 
-3.27663 94.8403 73.0517 0.897006 15.8457 62.682 0 5.07867 -1.15138 -3.1267 0.095901 1.41053 0 5.61661 1.07143 -2.84864 0.395156 1.04568 -1.02604e-17 5.98978 0.11501 -2.34572 1.16713 1.20933 -1.10457e-17 6.50583 -0.443523 -1.93287 2.02193 1.29173 -1.97295e-17 7.60548 -1.50593 -1.1748 2.21084 1.57935 -2.53307e-17 9.49737 -0.914492 -0.0577601 2.09465 1.4746 -2.90401e-17 10.5513 1.57691 0.214966 0.789964 0.20922 -1.29193e-17 4.78644 0.715339 1.40224 -5.64915 13.5756 -1.8116e-17 4.82109 0.421791 -3.48243 -1.67234 5.8473 -2.00958e-17 4.83041 0.765062 -3.2421 3.0901 -0.719618 1.23299 -7.60731 7.53374 2.79199 3.66346 0.188105 12.9547 3.2495 -3.26872 -84.0303 11.2917 -14.087 29.2081 0.0598081 0.137039 1.94133 -0.149476 -9.39531 24.234 0.0496219 0.113701 3.9572 0.612436 -0.904491 -1.23299 -7.60729 7.53365 11.6481 7.0117 4.74748 -12.9547 3.2495 -3.26872 69.4643 -24.3709 13.23 -29.2081 0.0598081 0.137039 -0.938762 -0.0321261 4.52824 -24.234 0.0496218 0.113702 -2.46406 6.75679 3.13226 9.23673 -4.20556 2.0327 -9.92547 -17.8117 -31.7447 -0.852353 -38.7721 -0.655187 -0.842099 3.14503 -0.0317884 -2.32622 -40.4017 -6.04875 -14.3564 8.78919 17.7184 0.779096 -9.8844 12.4959 1.21308e-15 -7.45629e-16 -3.70855e-17 -9.23673 -4.20556 2.0327 -12.3058 -21.073 23.0028 0.852353 -38.7721 -0.655187 2.94488 10.9234 -0.0903451 2.32622 -40.4017 -6.04875 -0.137408 2.40462 -14.9147 -0.779096 -9.8844 12.4959 1.38104e-15 -6.4563e-16 -1.28336e-14 
-4.02826 94.9609 73.1569 0.478181 16.162 64.83 0 5.07867 -1.15138 -3.41883 0.299976 1.59815 0 5.61661 1.07143 -3.15531 0.478423 1.19572 -1.02604e-17 5.98978 0.11501 -2.62695 1.13173 1.329 -1.10457e-17 6.50583 -0.443523 -2.17987 1.80513 1.37857 -1.97295e-17 7.60548 -1.50593 -1.35618 1.8149 1.67994 -2.53307e-17 9.49737 -0.914492 -0.156913 1.47972 1.64679 -2.90401e-17 10.5513 1.57691 0.216519 0.800995 0.118717 -1.29193e-17 4.78644 0.715339 0.670445 -2.38928 13.1835 -1.8116e-17 4.82109 0.421791 -3.1564 -2.27996 5.72945 -2.00958e-17 4.83041 0.765062 -1.94774 0.839372 -2.18803 1.23299 -7.60731 7.53374 3.31947 3.43525 -0.180121 12.9547 3.2495 -3.26872 -84.0794 10.3105 -13.6835 29.2081 0.0598081 0.137039 1.81209 -0.129507 -8.7652 24.234 0.0496219 0.113701 4.35408 1.69588 -0.876388 -1.23299 -7.60729 7.53365 6.57354 5.66522 3.04346 -12.9547 3.2495 -3.26872 73.0409 -17.3474 13.238 -29.2081 0.0598081 0.137039 -0.864757 -0.0268837 4.1706 -24.234 0.0496218 0.113702 -1.86887 1.39401 1.00579 9.23673 -4.20556 2.0327 -9.93408 -17.915 -30.6728 -0.852353 -38.7721 -0.655187 -0.956804 3.57328 -0.0325412 -2.32622 -40.4017 -6.04875 -14.0798 8.66083 17.7901 0.779096 -9.8844 12.4959 2.80186e-15 -6.71178e-16 -1.11536e-16 -9.23673 -4.20556 2.0327 -13.1439 -20.9886 20.7583 0.852353 -38.7721 -0.655187 2.74603 10.1979 -0.0665678 2.32622 -40.4017 -6.04875 -0.0671159 3.15952 -14.822 -0.779096 -9.8844 12.4959 1.39149e-15 -6.4605e-16 -1.2834e-14 
-4.71011 95.0471 73.2359 0.0770849 16.4422 66.9826 0 5.07867 -1.15138 -3.28916 0.939006 1.5323 0 5.61661 1.07143 -3.01961 0.877527 1.13064 -1.02604e-17 5.98978 0.11501 -2.51246 1.2891 1.25796 -1.10457e-17 6.50583 -0.443523 -2.07892 1.56128 1.30652 -1.97295e-17 7.60548 -1.50593 -1.27626 1.28382 1.57793 -2.53307e-17 9.49737 -0.914492 -0.126156 0.795467 1.52968 -2.90401e-17 10.5513 1.57691 0.185694 0.848759 0.114768 -1.29193e-17 4.78644 0.715339 0.359462 -1.04255 11.8991 -1.8116e-17 4.82109 0.421791 -2.81293 -2.32572 5.13067 -2.00958e-17 4.83041 0.765062 -2.59531 -0.0247109 -1.28265 1.23299 -7.60731 7.53374 3.14056 3.57372 -0.56222 12.9547 3.2495 -3.26872 -85.4255 7.82778 -12.636 29.2081 0.0598081 0.137039 1.83655 -0.133175 -8.88436 24.234 0.0496219 0.113701 4.42315 3.14959 -1.69113 -1.23299 -7.60729 7.53365 4.59937 5.63229 2.84718 -12.9547 3.2495 -3.26872 72.8392 -15.5226 13.0213 -29.2081 0.0598081 0.137039 -0.74282 -0.0192542 3.58169 -24.234 0.0496218 0.113702 -1.40322 -0.27605 1.1214 9.23673 -4.20556 2.0327 -9.93988 -17.8698 -29.6204 -0.852353 -38.7721 -0.655187 -1.11878 4.17766 -0.0321417 -2.32622 -40.4017 -6.04875 -14.2625 8.7395 17.8283 0.779096 -9.8844 12.4959 4.78822e-15 -5.96634e-16 -1.86081e-16 -9.23673 -4.20556 2.0327 -13.9708 -21.0163 18.2931 0.852353 -38.7721 -0.655187 2.66616 9.90576 -0.0577292 2.32622 -40.4017 -6.04875 0.197085 3.63282 -14.8514 -0.779096 -9.8844 12.4959 1.39149e-15 -6.4605e-16 -1.2834e-14 
-5.30508 95.1201 73.3077 -0.202124 16.5818 69.132 0 5.07867 -1.15138 -3.14378 0.987314 1.42201 0 5.61661 1.07143 -2.9152 0.902227 1.03458 -1.02604e-17 5.98978 0.11501 -2.46225 1.30801 1.14933 -1.10457e-17 6.50583 -0.443523 -2.07129 1.62124 1.18713 -1.97295e-17 7.60548 -1.50593 -1.34654 1.32564 1.45395 -2.53307e-17 9.49737 -0.914492 -0.286847 0.856865 1.45414 -2.90401e-17 10.5513 1.57691 0.158351 0.82746 0.10051 -1.29193e-17 4.78644 0.715339 -0.189897 0.8697 11.4652 -1.8116e-17 4.82109 0.421791 -3.45407 -2.68909 4.90509 -2.00958e-17 4.83041 0.765062 -1.65437 -1.62841 -1.73168 1.23299 -7.60731 7.53374 3.03023 3.18107 -0.462616 12.9547 3.2495 -3.26872 -85.4703 6.24755 -12.4655 29.2081 0.0598081 0.137039 1.81875 -0.130502 -8.79763 24.234 0.0496219 0.113701 4.14208 3.77336 -1.69946 -1.23299 -7.60729 7.53365 3.29163 5.05841 2.11343 -12.9547 3.2495 -3.26872 72.8024 -14.3919 11.4384 -29.2081 0.0598081 0.137039 -0.62255 -0.0129596 3.00113 -24.234 0.0496218 0.113702 -0.565223 -0.445473 2.89627 9.23673 -4.20556 2.0327 -10.0591 -17.723 -29.1157 -0.852353 -38.7721 -0.655187 -1.43157 5.34322 -0.0265246 -2.32622 -40.4017 -6.04875 -14.1291 8.55242 17.9505 0.779096 -9.8844 12.4959 -7.4939e-16 -8.31524e-16 4.88098e-17 -9.23673 -4.20556 2.0327 -14.7583 -20.6382 16.131 0.852353 -38.7721 -0.655187 2.52791 9.39897 -0.0433968 2.32622 -40.4017 -6.04875 -0.03191 4.14013 -14.6971 -0.779096 -9.8844 12.4959 -1.77712e-15 -5.09899e-16 -1.26979e-14 
-5.80474 95.1828 73.3928 -0.455867 16.6171 71.2182 0 5.07867 -1.15138 -3.03458 1.40767 1.21894 0 5.61661 1.07143 -2.78041 1.17181 0.816532 -1.02604e-17 5.98978 0.11501 -2.33721 1.40418 0.923628 -1.10457e-17 6.50583 -0.443523 -1.94988 1.45198 0.957055 -1.97295e-17 7.60548 -1.50593 -1.27818 0.992436 1.20367 -2.53307e-17 9.49737 -0.914492 -0.319759 0.479182 1.19275 -2.90401e-17 10.5513 1.57691 0.12624 0.865794 0.0923842 -1.29193e-17 4.78644 0.715339 -0.269878 1.62062 11.0913 -1.8116e-17 4.82109 0.421791 -3.35224 -2.65684 4.74541 -2.00958e-17 4.83041 0.765062 -1.95944 -1.90693 -1.63221 1.23299 -7.60731 7.53374 2.49777 3.29009 -0.422761 12.9547 3.2495 -3.26872 -85.7181 4.80275 -11.2019 29.2081 0.0598081 0.137039 1.93287 -0.148126 -9.35401 24.234 0.0496219 0.113701 4.25371 3.65263 -2.16727 -1.23299 -7.60729 7.53365 2.40089 5.03527 1.71867 -12.9547 3.2495 -3.26872 72.3089 -12.1901 9.86266 -29.2081 0.0598081 0.137039 -0.710857 -0.0174636 3.42736 -24.234 0.0496218 0.113702 -0.0352275 -1.36502 4.12602 9.23673 -4.20556 2.0327 -9.80772 -17.2711 -27.6496 -0.852353 -38.7721 -0.655187 -1.7026 6.35083 -0.0164995 -2.32622 -40.4017 -6.04875 -13.8213 7.64052 17.9043 0.779096 -9.8844 12.4959 8.14015e-16 -7.58146e-16 -2.45682e-17 -9.23673 -4.20556 2.0327 -15.3637 -20.2807 13.8125 0.852353 -38.7721 -0.655187 2.44554 9.09645 -0.0354418 2.32622 -40.4017 -6.04875 0.0726152 4.52169 -14.7377 -0.779096 -9.8844 12.4959 -6.00833e-16 -5.58895e-16 -1.27469e-14 
-6.23047 95.227 73.4972 -0.749529 16.5773 73.2796 0 5.07867 -1.15138 -2.90327 1.44387 1.05281 0 5.61661 1.07143 -2.64642 1.21516 0.657015 -1.02604e-17 5.98978 0.11501 -2.21961 1.43267 0.757801 -1.10457e-17 6.50583 -0.443523 -1.8441 1.48446 0.790301 -1.97295e-17 7.60548 -1.50593 -1.22515 1.02605 1.02208 -2.53307e-17 9.49737 -0.914492 -0.357144 0.549204 1.00555 -2.90401e-17 10.5513 1.57691 0.101699 0.863996 0.0887353 -1.29193e-17 4.78644 0.715339 -0.382925 2.15863 10.3597 -1.8116e-17 4.82109 0.421791 -3.31739 -2.70022 4.42199 -2.00958e-17 4.83041 0.765062 -2.11204 -2.29325 -1.41959 1.23299 -7.60731 7.53374 2.23257 3.04165 -0.0989607 12.9547 3.2495 -3.26872 -85.9514 3.90659 -10.6668 29.2081 0.0598081 0.137039 2.04729 -0.166938 -9.91272 24.234 0.0496219 0.113701 4.19895 3.56799 -1.91853 -1.23299 -7.60729 7.53365 1.91292 4.63817 1.27068 -12.9547 3.2495 -3.26872 72.0326 -10.4225 9.05849 -29.2081 0.0598081 0.137039 -0.902523 -0.0295072 4.35309 -24.234 0.0496218 0.113702 0.224779 -1.9163 4.24128 9.23673 -4.20556 2.0327 -9.34018 -16.7455 -25.6045 -0.852353 -38.7721 -0.655187 -2.00851 7.48467 0.000556351 -2.32622 -40.4017 -6.04875 -13.3924 6.34866 17.7849 0.779096 -9.8844 12.4959 -2.34859e-15 -8.94016e-16 1.11302e-16 -9.23673 -4.20556 2.0327 -15.8856 -19.9117 11.6308 0.852353 -38.7721 -0.655187 2.37608 8.84101 -0.029073 2.32622 -40.4017 -6.04875 0.0312128 4.80572 -14.7156 -0.779096 -9.8844 12.4959 -2.57671e-15 -4.84818e-16 -1.26604e-14 
-6.59428 95.2596 73.6109 -0.965204 16.5106 75.2981 0 5.07867 -1.15138 -2.83532 1.49719 0.907504 0 5.61661 1.07143 -2.56772 1.27664 0.518072 -1.02604e-17 5.98978 0.11501 -2.14004 1.48243 0.617368 -1.10457e-17 6.50583 -0.443523 -1.76033 1.53535 0.650797 -1.97295e-17 7.60548 -1.50593 -1.17047 1.07406 0.872686 -2.53307e-17 9.49737 -0.914492 -0.364361 0.632205 0.841689 -2.90401e-17 10.5513 1.57691 0.0831977 0.862709 0.0891831 -1.29193e-17 4.78644 0.715339 -0.396745 2.21695 9.50716 -1.8116e-17 4.82109 0.421791 -3.17703 -2.73391 4.04433 -2.00958e-17 4.83041 0.765062 -2.2391 -2.3111 -1.21665 1.23299 -7.60731 7.53374 1.86179 2.89355 0.107789 12.9547 3.2495 -3.26872 -85.8603 3.60164 -10.0338 29.2081 0.0598081 0.137039 2.19371 -0.192688 -10.629 24.234 0.0496219 0.113701 4.232 2.83189 -1.61974 -1.23299 -7.60729 7.53365 1.89358 4.33518 1.08387 -12.9547 3.2495 -3.26872 71.5698 -9.0814 8.43665 -29.2081 0.0598081 0.137039 -1.17026 -0.0515459 5.64797 -24.234 0.0496218 0.113702 0.449366 -2.4346 3.94654 9.23673 -4.20556 2.0327 -8.7397 -16.1254 -23.0211 -0.852353 -38.7721 -0.655187 -2.35164 8.75104 0.0269059 -2.32622 -40.4017 -6.04875 -13.1173 5.01705 17.6974 0.779096 -9.8844 12.4959 -2.75664e-15 -9.19285e-16 1.36571e-16 -9.23673 -4.20556 2.0327 -16.3844 -19.3436 9.70028 0.852353 -38.7721 -0.655187 2.27329 8.46246 -0.0202185 2.32622 -40.4017 -6.04875 0.309852 4.91188 -14.7936 -0.779096 -9.8844 12.4959 -1.39599e-15 -5.34047e-16 -1.27096e-14 
-6.91723 95.2876 73.7264 -1.1538 16.4345 77.2494 0 5.07867 -1.15138 -2.79867 1.55459 0.805044 0 5.61661 1.07143 -2.51885 1.34012 0.422136 -1.02604e-17 5.98978 0.11501 -2.08412 1.5273 0.521856 -1.10457e-17 6.50583 -0.443523 -1.69627 1.56877 0.556961 -1.97295e-17 7.60548 -1.50593 -1.12022 1.09345 0.771237 -2.53307e-17 9.49737 -0.914492 -0.352199 0.664627 0.725121 -2.90401e-17 10.5513 1.57691 0.0688028 0.86518 0.0965254 -1.29193e-17 4.78644 0.715339 -0.401746 2.12072 8.58424 -1.8116e-17 4.82109 0.421791 -2.98958 -2.71132 3.63058 -2.00958e-17 4.83041 0.765062 -2.30283 -2.18311 -1.17397 1.23299 -7.60731 7.53374 1.6161 2.77981 0.299762 12.9547 3.2495 -3.26872 -85.7713 3.61789 -9.46953 29.2081 0.0598081 0.137039 2.29581 -0.211761 -11.1293 24.234 0.0496219 0.113701 4.26878 1.83876 -1.31329 -1.23299 -7.60729 7.53365 2.06866 4.13613 0.989377 -12.9547 3.2495 -3.26872 71.1423 -8.04367 7.95531 -29.2081 0.0598081 0.137039 -1.38948 -0.0741392 6.71017 -24.234 0.0496218 0.113702 0.516617 -2.91003 3.75856 9.23673 -4.20556 2.0327 -8.05025 -15.368 -20.1293 -0.852353 -38.7721 -0.655187 -2.67503 9.93823 0.058691 -2.32622 -40.4017 -6.04875 -12.7715 3.73445 17.6092 0.779096 -9.8844 12.4959 -1.56992e-15 -8.6987e-16 8.71555e-17 -9.23673 -4.20556 2.0327 -16.8472 -18.7864 7.85405 0.852353 -38.7721 -0.655187 2.19467 8.17252 -0.0139068 2.32622 -40.4017 -6.04875 0.491149 5.01704 -14.8446 -0.779096 -9.8844 12.4959 -9.95421e-16 -5.46611e-16 -1.27222e-14 
-7.20562 95.3103 73.8274 -1.32609 16.3355 79.21 0 5.07867 -1.15138 -2.78532 1.58251 0.716226 0 5.61661 1.07143 -2.48781 1.38751 0.336891 -1.02604e-17 5.98978 0.11501 -2.04216 1.57381 0.436771 -1.10457e-17 6.50583 -0.443523 -1.64293 1.62969 0.473029 -1.97295e-17 7.60548 -1.50593 -1.07612 1.14797 0.681554 -2.53307e-17 9.49737 -0.914492 -0.338087 0.740173 0.621468 -2.90401e-17 10.5513 1.57691 0.0558684 0.860787 0.102545 -1.29193e-17 4.78644 0.715339 -0.420007 2.02627 7.64765 -1.8116e-17 4.82109 0.421791 -2.82662 -2.72815 3.2068 -2.00958e-17 4.83041 0.765062 -2.30522 -2.0985 -1.19306 1.23299 -7.60731 7.53374 1.43367 2.66809 0.447507 12.9547 3.2495 -3.26872 -85.7321 3.6962 -8.96551 29.2081 0.0598081 0.137039 2.3567 -0.223578 -11.4281 24.234 0.0496219 0.113701 4.39219 0.68143 -1.0676 -1.23299 -7.60729 7.53365 2.34085 3.96054 0.96447 -12.9547 3.2495 -3.26872 70.756 -7.21355 7.67754 -29.2081 0.0598081 0.137039 -1.56059 -0.0946365 7.54074 -24.234 0.0496218 0.113702 0.532814 -3.34461 3.69445 9.23673 -4.20556 2.0327 -7.33859 -14.54 -17.1238 -0.852353 -38.7721 -0.655187 -2.98253 11.0604 0.0951316 -2.32622 -40.4017 -6.04875 -12.4269 2.55593 17.5246 0.779096 -9.8844 12.4959 1.88575e-17 -7.9542e-16 1.27049e-17 -9.23673 -4.20556 2.0327 -17.3039 -18.2161 6.11697 0.852353 -38.7721 -0.655187 2.13675 7.95872 -0.00951266 2.32622 -40.4017 -6.04875 0.808728 5.05706 -14.9273 -0.779096 -9.8844 12.4959 -1.78607e-15 -5.09526e-16 -1.26975e-14 
-7.46188 95.3296 73.9197 -1.50066 16.2181 81.2095 0 5.07867 -1.15138 -2.77797 1.55674 0.634874 0 5.61661 1.07143 -2.4614 1.40043 0.257763 -1.02604e-17 5.98978 0.11501 -2.00564 1.60882 0.35725 -1.10457e-17 6.50583 -0.443523 -1.59593 1.71678 0.394076 -1.97295e-17 7.60548 -1.50593 -1.03972 1.24723 0.59803 -2.53307e-17 9.49737 -0.914492 -0.329848 0.870326 0.527972 -2.90401e-17 10.5513 1.57691 0.0444438 0.848801 0.105513 -1.29193e-17 4.78644 0.715339 -0.454631 1.96145 6.72564 -1.8116e-17 4.82109 0.421791 -2.68734 -2.77609 2.78772 -2.00958e-17 4.83041 0.765062 -2.26211 -2.07082 -1.23814 1.23299 -7.60731 7.53374 1.29581 2.53533 0.569998 12.9547 3.2495 -3.26872 -85.667 3.78827 -8.59689 29.2081 0.0598081 0.137039 2.35925 -0.224081 -11.4406 24.234 0.0496219 0.113701 4.49847 -0.611081 -0.868458 -1.23299 -7.60729 7.53365 2.59067 3.76044 0.945862 -12.9547 3.2495 -3.26872 70.4712 -6.43331 7.53002 -29.2081 0.0598081 0.137039 -1.69272 -0.112189 8.18306 -24.234 0.0496218 0.113702 0.510679 -3.83454 3.71473 9.23673 -4.20556 2.0327 -6.65792 -13.6565 -14.1069 -0.852353 -38.7721 -0.655187 -3.25599 12.0523 0.132594 -2.32622 -40.4017 -6.04875 -12.0196 1.52195 17.4326 0.779096 -9.8844 12.4959 8.16991e-16 -7.58007e-16 -2.47077e-17 -9.23673 -4.20556 2.0327 -17.7383 -17.6225 4.39556 0.852353 -38.7721 -0.655187 2.09088 7.78926 -0.00618665 2.32622 -40.4017 -6.04875 1.01274 5.10225 -14.9815 -0.779096 -9.8844 12.4959 1.91296e-16 -5.96026e-16 -1.27716e-14 
-7.68646 95.3419 74.005 -1.64973 16.0874 83.2245 0 5.07867 -1.15138 -2.78132 1.5551 0.557438 0 5.61661 1.07143 -2.44231 1.42493 0.179927 -1.02604e-17 5.98978 0.11501 -1.97532 1.6466 0.278995 -1.10457e-17 6.50583 -0.443523 -1.55401 1.78903 0.315821 -1.97295e-17 7.60548 -1.50593 -1.00719 1.32083 0.515977 -2.53307e-17 9.49737 -0.914492 -0.322106 0.967981 0.436632 -2.90401e-17 10.5513 1.57691 0.0347546 0.838473 0.105439 -1.29193e-17 4.78644 0.715339 -0.484547 1.89043 5.86331 -1.8116e-17 4.82109 0.421791 -2.55195 -2.8198 2.39511 -2.00958e-17 4.83041 0.765062 -2.17732 -2.03423 -1.28802 1.23299 -7.60731 7.53374 1.12492 2.46331 0.61924 12.9547 3.2495 -3.26872 -85.5294 3.91396 -8.22373 29.2081 0.0598081 0.137039 2.32818 -0.218004 -11.2881 24.234 0.0496219 0.113701 4.60215 -2.12557 -0.756277 -1.23299 -7.60729 7.53365 2.83492 3.61397 0.959425 -12.9547 3.2495 -3.26872 70.2785 -5.65243 7.40167 -29.2081 0.0598081 0.137039 -1.80456 -0.128227 8.72754 -24.234 0.0496218 0.113702 0.430135 -4.40342 3.8337 9.23673 -4.20556 2.0327 -6.02915 -12.7213 -11.0083 -0.852353 -38.7721 -0.655187 -3.4986 12.927 0.169786 -2.32622 -40.4017 -6.04875 -11.5437 0.613727 17.3334 0.779096 -9.8844 12.4959 -1.55644e-15 -8.69262e-16 8.65471e-17 -9.23673 -4.20556 2.0327 -18.1623 -16.9892 2.69221 0.852353 -38.7721 -0.655187 2.059 7.67141 -0.00395511 2.32622 -40.4017 -6.04875 1.24431 5.08722 -15.0448 -0.779096 -9.8844 12.4959 1.387e-15 -6.45863e-16 -1.28338e-14 
-7.87652 95.3443 74.0678 -1.81265 15.9342 85.2821 0 5.07867 -1.15138 -2.78496 1.54249 0.483349 0 5.61661 1.07143 -2.42222 1.4392 0.104683 -1.02604e-17 5.98978 0.11501 -1.94445 1.67845 0.203475 -1.10457e-17 6.50583 -0.443523 -1.51183 1.8614 0.240474 -1.97295e-17 7.60548 -1.50593 -0.974683 1.39867 0.437004 -2.53307e-17 9.49737 -0.914492 -0.312654 1.07051 0.348826 -2.90401e-17 10.5513 1.57691 0.0273096 0.826033 0.102635 -1.29193e-17 4.78644 0.715339 -0.508886 1.82684 5.04876 -1.8116e-17 4.82109 0.421791 -2.39106 -2.88363 2.02578 -2.00958e-17 4.83041 0.765062 -2.06609 -2.03221 -1.34096 1.23299 -7.60731 7.53374 0.96005 2.40784 0.650668 12.9547 3.2495 -3.26872 -85.3997 4.06258 -7.8862 29.2081 0.0598081 0.137039 2.27392 -0.207596 -11.0219 24.234 0.0496219 0.113701 4.69389 -3.68807 -0.684101 -1.23299 -7.60729 7.53365 3.02791 3.47923 0.957325 -12.9547 3.2495 -3.26872 70.1866 -4.8785 7.31447 -29.2081 0.0598081 0.137039 -1.90686 -0.143848 9.22617 -24.234 0.0496218 0.113702 0.316806 -5.00549 3.96667 9.23673 -4.20556 2.0327 -5.46188 -11.7606 -7.79892 -0.852353 -38.7721 -0.655187 -3.70754 13.6759 0.204773 -2.32622 -40.4017 -6.04875 -10.9973 -0.217372 17.225 0.779096 -9.8844 12.4959 -1.56543e-15 -8.69683e-16 8.69683e-17 -9.23673 -4.20556 2.0327 -18.5736 -16.3409 0.970104 0.852353 -38.7721 -0.655187 2.03811 7.59418 -0.00252901 2.32622 -40.4017 -6.04875 1.42021 5.02548 -15.095 -0.779096 -9.8844 12.4959 -4.15351e-15 -4.10883e-16 -1.25865e-14 
-8.04704 95.3336 74.0935 -2.00909 15.778 87.3793 0 5.07867 -1.15138 -2.79131 1.53951 0.411252 0 5.61661 1.07143 -2.40403 1.45486 0.0307844 -1.02604e-17 5.98978 0.11501 -1.91566 1.70716 0.12979 -1.10457e-17 6.50583 -0.443523 -1.4717 1.92151 0.167208 -1.97295e-17 7.60548 -1.50593 -0.943795 1.45982 0.360767 -2.53307e-17 9.49737 -0.914492 -0.302368 1.15249 0.26445 -2.90401e-17 10.5513 1.57691 0.022816 0.813381 0.0968915 -1.29193e-17 4.78644 0.715339 -0.525918 1.76999 4.29778 -1.8116e-17 4.82109 0.421791 -2.21439 -2.95306 1.68648 -2.00958e-17 4.83041 0.765062 -1.92458 -2.06857 -1.40623 1.23299 -7.60731 7.53374 0.774911 2.3991 0.64032 12.9547 3.2495 -3.26872 -85.2499 4.25664 -7.53879 29.2081 0.0598081 0.137039 2.20998 -0.195668 -10.7086 24.234 0.0496219 0.113701 4.77153 -5.28969 -0.669953 -1.23299 -7.60729 7.53365 3.16318 3.38019 0.946261 -12.9547 3.2495 -3.26872 70.1708 -4.11282 7.24015 -29.2081 0.0598081 0.137039 -2.01005 -0.16053 9.72981 -24.234 0.0496218 0.113702 0.181406 -5.6238 4.09916 9.23673 -4.20556 2.0327 -4.97357 -10.8019 -4.39937 -0.852353 -38.7721 -0.655187 -3.88362 14.3038 0.23637 -2.32622 -40.4017 -6.04875 -10.3921 -0.98808 17.1106 0.779096 -9.8844 12.4959 -3.14972e-15 -9.31569e-16 1.48854e-16 -9.23673 -4.20556 2.0327 -18.9964 -15.7053 -0.755903 0.852353 -38.7721 -0.655187 2.02533 7.5469 -0.00166997 2.32622 -40.4017 -6.04875 1.5801 4.89439 -15.1458 -0.779096 -9.8844 12.4959 -4.57055e-15 -3.97616e-16 -1.25732e-14 
-8.2093 95.3127 74.0845 -2.23728 15.6124 89.565 0 5.07867 -1.15138 -2.80109 1.53585 0.340722 0 5.61661 1.07143 -2.38956 1.46607 -0.0418574 -1.02604e-17 5.98978 0.11501 -1.89143 1.73157 0.0577479 -1.10457e-17 6.50583 -0.443523 -1.43677 1.97681 0.0959395 -1.97295e-17 7.60548 -1.50593 -0.918402 1.51747 0.288035 -2.53307e-17 9.49737 -0.914492 -0.295569 1.23031 0.186156 -2.90401e-17 10.5513 1.57691 0.0208082 0.798783 0.0881593 -1.29193e-17 4.78644 0.715339 -0.544081 1.70757 3.58946 -1.8116e-17 4.82109 0.421791 -2.03815 -3.04179 1.36724 -2.00958e-17 4.83041 0.765062 -1.75235 -2.12516 -1.48514 1.23299 -7.60731 7.53374 0.572899 2.42615 0.591913 12.9547 3.2495 -3.26872 -85.0827 4.46282 -7.23415 29.2081 0.0598081 0.137039 2.13812 -0.182693 -10.3569 24.234 0.0496219 0.113701 4.8439 -6.78759 -0.690579 -1.23299 -7.60729 7.53365 3.23599 3.31091 0.912744 -12.9547 3.2495 -3.26872 70.272 -3.36966 7.17777 -29.2081 0.0598081 0.137039 -2.11096 -0.177745 10.223 -24.234 0.0496218 0.113702 0.00502219 -6.25977 4.21644 9.23673 -4.20556 2.0327 -4.56743 -9.86227 -0.802547 -0.852353 -38.7721 -0.655187 -4.03053 14.8252 0.264201 -2.32622 -40.4017 -6.04875 -9.7305 -1.69 16.9946 0.779096 -9.8844 12.4959 1.28669e-17 -7.95653e-16 1.29389e-17 -9.23673 -4.20556 2.0327 -19.4427 -15.0884 -2.47542 0.852353 -38.7721 -0.655187 2.02938 7.5619 -0.00194132 2.32622 -40.4017 -6.04875 1.68623 4.7276 -15.1877 -0.779096 -9.8844 12.4959 -1.79955e-15 -5.08964e-16 -1.26969e-14 
-8.37122 95.2874 74.0514 -2.47737 15.4286 91.7774 0 5.07867 -1.15138 -2.8083 1.54721 0.275096 0 5.61661 1.07143 -2.37432 1.48248 -0.109536 -1.02604e-17 5.98978 0.11501 -1.86877 1.75656 -0.00900822 -1.10457e-17 6.50583 -0.443523 -1.40569 2.02429 0.0304991 -1.97295e-17 7.60548 -1.50593 -0.897712 1.56323 0.222777 -2.53307e-17 9.49737 -0.914492 -0.291202 1.29449 0.118369 -2.90401e-17 10.5513 1.57691 0.0216378 0.782427 0.076519 -1.29193e-17 4.78644 0.715339 -0.561883 1.63299 2.95304 -1.8116e-17 4.82109 0.421791 -1.8657 -3.13778 1.08155 -2.00958e-17 4.83041 0.765062 -1.56583 -2.20211 -1.55807 1.23299 -7.60731 7.53374 0.330097 2.5109 0.48451 12.9547 3.2495 -3.26872 -84.882 4.64931 -6.957 29.2081 0.0598081 0.137039 2.06249 -0.169527 -9.98699 24.234 0.0496219 0.113701 4.90292 -8.18794 -0.759295 -1.23299 -7.60729 7.53365 3.26615 3.29758 0.86499 -12.9547 3.2495 -3.26872 70.4385 -2.66902 7.15357 -29.2081 0.0598081 0.137039 -2.20651 -0.194873 10.6907 -24.234 0.0496218 0.113702 -0.201004 -6.87356 4.32052 9.23673 -4.20556 2.0327 -4.20909 -8.9317 3.10627 -0.852353 -38.7721 -0.655187 -4.15206 15.2549 0.288229 -2.32622 -40.4017 -6.04875 -9.01397 -2.29528 16.8846 0.779096 -9.8844 12.4959 8.16991e-16 -7.58007e-16 -2.47077e-17 -9.23673 -4.20556 2.0327 -19.8932 -14.5 -4.1829 0.852353 -38.7721 -0.655187 2.05055 7.64018 -0.0033749 2.32622 -40.4017 -6.04875 1.79001 4.5562 -15.2272 -0.779096 -9.8844 12.4959 -2.04775e-16 -5.83649e-16 -1.27593e-14 
-8.52709 95.2627 74.0005 -2.70686 15.2226 94.054 0 5.07867 -1.15138 -2.81804 1.55494 0.215255 0 5.61661 1.07143 -2.36333 1.49307 -0.171845 -1.02604e-17 5.98978 0.11501 -1.8521 1.78089 -0.0701954 -1.10457e-17 6.50583 -0.443523 -1.38218 2.07913 -0.0286608 -1.97295e-17 7.60548 -1.50593 -0.884966 1.622 0.166246 -2.53307e-17 9.49737 -0.914492 -0.291294 1.37707 0.0630106 -2.90401e-17 10.5513 1.57691 0.0254215 0.761638 0.0616831 -1.29193e-17 4.78644 0.715339 -0.582957 1.57575 2.39943 -1.8116e-17 4.82109 0.421791 -1.70091 -3.24785 0.834184 -2.00958e-17 4.83041 0.765062 -1.34958 -2.3009 -1.64848 1.23299 -7.60731 7.53374 0.047583 2.63329 0.324835 12.9547 3.2495 -3.26872 -84.6429 4.77474 -6.7613 29.2081 0.0598081 0.137039 1.98073 -0.155861 -9.58764 24.234 0.0496219 0.113701 4.95834 -9.45542 -0.851755 -1.23299 -7.60729 7.53365 3.26489 3.31777 0.79305 -12.9547 3.2495 -3.26872 70.6979 -2.06057 7.17788 -29.2081 0.0598081 0.137039 -2.28992 -0.210484 11.0995 -24.234 0.0496218 0.113702 -0.43735 -7.44882 4.4113 9.23673 -4.20556 2.0327 -3.91919 -7.99687 7.18466 -0.852353 -38.7721 -0.655187 -4.24654 15.5878 0.307532 -2.32622 -40.4017 -6.04875 -8.21596 -2.77017 16.7806 0.779096 -9.8844 12.4959 1.61213e-15 -7.33112e-16 -4.96026e-17 -9.23673 -4.20556 2.0327 -20.344 -13.8783 -5.88527 0.852353 -38.7721 -0.655187 2.07952 7.74724 -0.00538342 2.32622 -40.4017 -6.04875 1.88464 4.39662 -15.2625 -0.779096 -9.8844 12.4959 -2.57521e-15 -4.84912e-16 -1.26605e-14 
-8.66171 95.2282 73.943 -2.92536 14.9078 96.3282 0 5.07867 -1.15138 -2.81125 1.55123 0.164245 0 5.61661 1.07143 -2.34046 1.49126 -0.224432 -1.02604e-17 5.98978 0.11501 -1.82873 1.79874 -0.121719 -1.10457e-17 6.50583 -0.443523 -1.35694 2.13612 -0.0776025 -1.97295e-17 7.60548 -1.50593 -0.873443 1.68974 0.120611 -2.53307e-17 9.49737 -0.914492 -0.291964 1.47429 0.0212259 -2.90401e-17 10.5513 1.57691 0.0318432 0.736506 0.0442415 -1.29193e-17 4.78644 0.715339 -0.598553 1.54535 1.97492 -1.8116e-17 4.82109 0.421791 -1.5442 -3.34849 0.646127 -2.00958e-17 4.83041 0.765062 -1.11814 -2.41216 -1.74874 1.23299 -7.60731 7.53374 -0.265542 2.78649 0.12017 12.9547 3.2495 -3.26872 -84.371 4.81599 -6.59484 29.2081 0.0598081 0.137039 1.89723 -0.142507 -9.18019 24.234 0.0496219 0.113701 5.00721 -10.6727 -0.998072 -1.23299 -7.60729 7.53365 3.24329 3.37146 0.699802 -12.9547 3.2495 -3.26872 71.0251 -1.53535 7.24201 -29.2081 0.0598081 0.137039 -2.35505 -0.223102 11.4191 -24.234 0.0496218 0.113702 -0.669079 -7.98108 4.51768 9.23673 -4.20556 2.0327 -3.63844 -7.07139 11.2564 -0.852353 -38.7721 -0.655187 -4.31995 15.8458 0.322909 -2.32622 -40.4017 -6.04875 -7.25687 -3.18956 16.6669 0.779096 -9.8844 12.4959 -7.61305e-16 -8.32036e-16 4.93218e-17 -9.23673 -4.20556 2.0327 -20.672 -13.2317 -7.52018 0.852353 -38.7721 -0.655187 2.10664 7.84747 -0.00731355 2.32622 -40.4017 -6.04875 1.97751 4.24482 -15.2926 -0.779096 -9.8844 12.4959 -2.18813e-15 -4.96915e-16 -1.26725e-14 
-8.7882 95.1722 73.8681 -3.11317 14.5326 98.5891 0 5.07867 -1.15138 -2.7896 1.5455 0.12059 0 5.61661 1.07143 -2.30781 1.48448 -0.268443 -1.02604e-17 5.98978 0.11501 -1.80032 1.81215 -0.16457 -1.10457e-17 6.50583 -0.443523 -1.33142 2.18914 -0.117311 -1.97295e-17 7.60548 -1.50593 -0.863969 1.75543 0.0849001 -2.53307e-17 9.49737 -0.914492 -0.294034 1.56984 -0.00786024 -2.90401e-17 10.5513 1.57691 0.0400019 0.709239 0.025331 -1.29193e-17 4.78644 0.715339 -0.609002 1.51116 1.67175 -1.8116e-17 4.82109 0.421791 -1.39678 -3.4378 0.513783 -2.00958e-17 4.83041 0.765062 -0.9153 -2.49348 -1.82862 1.23299 -7.60731 7.53374 -0.599535 2.96745 -0.112218 12.9547 3.2495 -3.26872 -84.094 4.74763 -6.44572 29.2081 0.0598081 0.137039 1.81589 -0.130083 -8.78371 24.234 0.0496219 0.113701 5.03237 -11.8148 -1.19046 -1.23299 -7.60729 7.53365 3.19062 3.45566 0.584596 -12.9547 3.2495 -3.26872 71.405 -1.09049 7.32008 -29.2081 0.0598081 0.137039 -2.40493 -0.23302 11.6641 -24.234 0.0496218 0.113702 -0.887322 -8.49107 4.62612 9.23673 -4.20556 2.0327 -3.42402 -6.15858 15.2214 -0.852353 -38.7721 -0.655187 -4.37503 16.039 0.334661 -2.32622 -40.4017 -6.04875 -6.18028 -3.54115 16.5424 0.779096 -9.8844 12.4959 4.17924e-16 -7.82902e-16 1.87206e-19 -9.23673 -4.20556 2.0327 -20.9223 -12.5763 -9.01139 0.852353 -38.7721 -0.655187 2.13997 7.97061 -0.00975123 2.32622 -40.4017 -6.04875 1.99909 4.05992 -15.3123 -0.779096 -9.8844 12.4959 -2.06273e-16 -5.83602e-16 -1.27592e-14 
-8.91881 95.1019 73.7434 -3.27582 14.139 100.87 0 5.07867 -1.15138 -2.76527 1.57046 0.0818248 0 5.61661 1.07143 -2.27417 1.49425 -0.308392 -1.02604e-17 5.98978 0.11501 -1.77227 1.83082 -0.203632 -1.10457e-17 6.50583 -0.443523 -1.30754 2.22718 -0.153371 -1.97295e-17 7.60548 -1.50593 -0.855806 1.79542 0.0521022 -2.53307e-17 9.49737 -0.914492 -0.296019 1.63154 -0.0350707 -2.90401e-17 10.5513 1.57691 0.0482197 0.685925 0.00744507 -1.29193e-17 4.78644 0.715339 -0.603477 1.46844 1.5296 -1.8116e-17 4.82109 0.421791 -1.26682 -3.52678 0.454717 -2.00958e-17 4.83041 0.765062 -0.731626 -2.54106 -1.94519 1.23299 -7.60731 7.53374 -0.941997 3.16073 -0.352091 12.9547 3.2495 -3.26872 -83.8653 4.57081 -6.26849 29.2081 0.0598081 0.137039 1.74229 -0.119337 -8.4253 24.234 0.0496219 0.113701 5.06253 -12.8059 -1.45625 -1.23299 -7.60729 7.53365 3.11708 3.54694 0.490418 -12.9547 3.2495 -3.26872 71.8078 -0.806622 7.37833 -29.2081 0.0598081 0.137039 -2.43649 -0.239413 11.8192 -24.234 0.0496218 0.113702 -1.05173 -8.92796 4.73539 9.23673 -4.20556 2.0327 -3.41898 -5.3452 18.4424 -0.852353 -38.7721 -0.655187 -4.40394 16.1403 0.340902 -2.32622 -40.4017 -6.04875 -5.0532 -3.73821 16.4161 0.779096 -9.8844 12.4959 2.63505e-17 -7.95092e-16 1.23771e-17 -9.23673 -4.20556 2.0327 -21.1802 -11.923 -10.4068 0.852353 -38.7721 -0.655187 2.18641 8.14204 -0.0132667 2.32622 -40.4017 -6.04875 2.05847 3.84397 -15.3419 -0.779096 -9.8844 12.4959 1.97282e-16 -5.96307e-16 -1.27719e-14 
-9.08459 95.017 73.57 -3.44917 13.7401 103.255 0 5.07867 -1.15138 -2.74341 1.63555 0.0369304 0 5.61661 1.07143 -2.24054 1.52935 -0.356773 -1.02604e-17 5.98978 0.11501 -1.74275 1.85848 -0.251781 -1.10457e-17 6.50583 -0.443523 -1.2808 2.24412 -0.199279 -1.97295e-17 7.60548 -1.50593 -0.845054 1.79731 0.00644881 -2.53307e-17 9.49737 -0.914492 -0.298629 1.64331 -0.0789061 -2.90401e-17 10.5513 1.57691 0.0535001 0.671611 -0.00670632 -1.29193e-17 4.78644 0.715339 -0.580434 1.38029 1.52085 -1.8116e-17 4.82109 0.421791 -1.16602 -3.60546 0.455993 -2.00958e-17 4.83041 0.765062 -0.57792 -2.53493 -2.05653 1.23299 -7.60731 7.53374 -1.28018 3.33441 -0.570943 12.9547 3.2495 -3.26872 -83.6954 4.2808 -6.07239 29.2081 0.0598081 0.137039 1.67772 -0.110297 -8.11116 24.234 0.0496219 0.113701 5.08163 -13.6081 -1.7678 -1.23299 -7.60729 7.53365 3.04595 3.61603 0.456932 -12.9547 3.2495 -3.26872 72.1892 -0.659736 7.39065 -29.2081 0.0598081 0.137039 -2.45293 -0.242776 11.9 -24.234 0.0496218 0.113702 -1.18349 -9.27934 4.8187 9.23673 -4.20556 2.0327 -3.6628 -4.76123 20.5587 -0.852353 -38.7721 -0.655187 -4.41618 16.1831 0.34356 -2.32622 -40.4017 -6.04875 -3.94983 -3.79944 16.2891 0.779096 -9.8844 12.4959 -7.67286e-16 -8.3227e-16 4.95553e-17 -9.23673 -4.20556 2.0327 -21.5072 -11.3049 -11.8169 0.852353 -38.7721 -0.655187 2.2588 8.40903 -0.0190247 2.32622 -40.4017 -6.04875 2.16431 3.6137 -15.3831 -0.779096 -9.8844 12.4959 -1.97282e-16 -5.83977e-16 -1.27595e-14 
-9.27544 94.9231 73.3684 -3.59848 13.3567 105.669 0 5.07867 -1.15138 -2.72876 1.73688 -0.00914058 0 5.61661 1.07143 -2.21153 1.59084 -0.409202 -1.02604e-17 5.98978 0.11501 -1.71592 1.89865 -0.305696 -1.10457e-17 6.50583 -0.443523 -1.25502 2.24617 -0.252404 -1.97295e-17 7.60548 -1.50593 -0.834521 1.76879 -0.049205 -2.53307e-17 9.49737 -0.914492 -0.303745 1.6135 -0.135688 -2.90401e-17 10.5513 1.57691 0.0552311 0.666267 -0.0179223 -1.29193e-17 4.78644 0.715339 -0.542914 1.2821 1.64939 -1.8116e-17 4.82109 0.421791 -1.10639 -3.66203 0.519906 -2.00958e-17 4.83041 0.765062 -0.449242 -2.50999 -2.13054 1.23299 -7.60731 7.53374 -1.59889 3.46155 -0.752243 12.9547 3.2495 -3.26872 -83.5709 3.81254 -5.84393 29.2081 0.0598081 0.137039 1.61938 -0.102437 -7.82745 24.234 0.0496219 0.113701 5.0629 -14.1803 -2.1365 -1.23299 -7.60729 7.53365 2.96623 3.64028 0.467901 -12.9547 3.2495 -3.26872 72.5891 -0.581052 7.353 -29.2081 0.0598081 0.137039 -2.45848 -0.243919 11.9273 -24.234 0.0496218 0.113702 -1.32742 -9.47266 4.85423 9.23673 -4.20556 2.0327 -4.10856 -4.36049 21.6865 -0.852353 -38.7721 -0.655187 -4.39613 16.1129 0.33921 -2.32622 -40.4017 -6.04875 -2.97288 -3.76393 16.1622 0.779096 -9.8844 12.4959 4.1791e-16 -7.82902e-16 1.87799e-19 -9.23673 -4.20556 2.0327 -21.8842 -10.7036 -13.1761 0.852353 -38.7721 -0.655187 2.35491 8.76309 -0.0271933 2.32622 -40.4017 -6.04875 2.31876 3.38599 -15.4377 -0.779096 -9.8844 12.4959 5.93349e-16 -6.21061e-16 -1.27966e-14 
-9.43212 94.8244 73.1605 -3.67715 12.9208 107.962 0 5.07867 -1.15138 -2.69657 1.81864 -0.0476899 0 5.61661 1.07143 -2.16919 1.64201 -0.452669 -1.02604e-17 5.98978 0.11501 -1.68005 1.9331 -0.352606 -1.10457e-17 6.50583 -0.443523 -1.224 2.24696 -0.299068 -1.97295e-17 7.60548 -1.50593 -0.820927 1.74288 -0.100994 -2.53307e-17 9.49737 -0.914492 -0.308575 1.58789 -0.189343 -2.90401e-17 10.5513 1.57691 0.0561363 0.664169 -0.0292211 -1.29193e-17 4.78644 0.715339 -0.497246 1.23848 1.9072 -1.8116e-17 4.82109 0.421791 -1.07625 -3.69339 0.643086 -2.00958e-17 4.83041 0.765062 -0.345787 -2.49575 -2.10476 1.23299 -7.60731 7.53374 -1.89132 3.52657 -0.899819 12.9547 3.2495 -3.26872 -83.4778 3.13041 -5.53168 29.2081 0.0598081 0.137039 1.56788 -0.0957442 -7.57721 24.234 0.0496219 0.113701 4.96843 -14.5573 -2.56981 -1.23299 -7.60729 7.53365 2.88666 3.62177 0.487361 -12.9547 3.2495 -3.26872 73.0374 -0.503795 7.31355 -29.2081 0.0598081 0.137039 -2.45203 -0.242594 11.8956 -24.234 0.0496218 0.113702 -1.53421 -9.40762 4.80212 9.23673 -4.20556 2.0327 -4.57132 -3.89151 22.53 -0.852353 -38.7721 -0.655187 -4.24138 15.5697 0.306465 -2.32622 -40.4017 -6.04875 -2.26596 -3.79143 16.045 0.779096 -9.8844 12.4959 4.22417e-16 -7.82715e-16 2.88531e-33 -9.23673 -4.20556 2.0327 -22.1496 -10.0822 -14.4296 0.852353 -38.7721 -0.655187 2.4527 9.12274 -0.0361154 2.32622 -40.4017 -6.04875 2.49768 3.18077 -15.4966 -0.779096 -9.8844 12.4959 -1.78005e-15 -5.09808e-16 -1.26977e-14 
-9.55218 94.7079 72.9539 -3.68807 12.4259 110.04 0 5.07867 -1.15138 -2.63459 1.92452 -0.0663163 0 5.61661 1.07143 -2.1075 1.70696 -0.472865 -1.02604e-17 5.98978 0.11501 -1.6326 1.96571 -0.377772 -1.10457e-17 6.50583 -0.443523 -1.18767 2.21935 -0.32493 -1.97295e-17 7.60548 -1.50593 -0.802553 1.67209 -0.136219 -2.53307e-17 9.49737 -0.914492 -0.3084 1.50246 -0.230052 -2.90401e-17 10.5513 1.57691 0.0589669 0.673951 -0.0395108 -1.29193e-17 4.78644 0.715339 -0.434008 1.30578 2.32542 -1.8116e-17 4.82109 0.421791 -1.07593 -3.7229 0.837284 -2.00958e-17 4.83041 0.765062 -0.303534 -2.46192 -2.07838 1.23299 -7.60731 7.53374 -2.10535 3.54567 -1.00925 12.9547 3.2495 -3.26872 -83.481 2.43232 -5.00116 29.2081 0.0598081 0.137039 1.53376 -0.0914353 -7.41149 24.234 0.0496219 0.113701 4.79178 -14.9822 -3.12016 -1.23299 -7.60729 7.53365 2.78608 3.56943 0.546878 -12.9547 3.2495 -3.26872 73.4988 -0.518129 7.2395 -29.2081 0.0598081 0.137039 -2.43953 -0.240035 11.8341 -24.234 0.0496218 0.113702 -1.75306 -9.04433 4.6524 9.23673 -4.20556 2.0327 -4.96852 -3.32737 22.852 -0.852353 -38.7721 -0.655187 -3.87109 14.2592 0.234058 -2.32622 -40.4017 -6.04875 -2.14059 -3.72087 15.9712 0.779096 -9.8844 12.4959 -3.69716e-16 -8.07469e-16 2.47542e-17 -9.23673 -4.20556 2.0327 -22.2871 -9.50518 -15.5144 0.852353 -38.7721 -0.655187 2.55948 9.51482 -0.0465619 2.32622 -40.4017 -6.04875 2.73668 2.9231 -15.5622 -0.779096 -9.8844 12.4959 -1.78906e-15 -5.09386e-16 -1.26974e-14 
-9.63056 94.1156 72.7449 -3.59955 11.9485 111.902 0 5.07867 -1.15138 -2.54701 2.23707 -0.046843 0 5.61661 1.07143 -2.03724 1.88106 -0.449566 -1.02604e-17 5.98978 0.11501 -1.58604 1.99781 -0.358314 -1.10457e-17 6.50583 -0.443523 -1.15973 2.01852 -0.309843 -1.97295e-17 7.60548 -1.50593 -0.786133 1.32671 -0.135842 -2.53307e-17 9.49737 -0.914492 -0.301517 1.03018 -0.238589 -2.90401e-17 10.5513 1.57691 0.0650536 0.724454 -0.0507595 -1.29193e-17 4.78644 0.715339 -0.358071 2.08887 2.88876 -1.8116e-17 4.82109 0.421791 -1.08239 -3.73099 1.0985 -2.00958e-17 4.83041 0.765062 -0.354948 -2.59475 -2.20685 1.23299 -7.60731 7.53374 -1.61417 3.45719 -0.84577 12.9547 3.2495 -3.26872 -83.9406 2.60467 -3.87971 29.2081 0.0598081 0.137039 1.537 -0.0918383 -7.42723 24.234 0.0496219 0.113701 4.39232 -15.8325 -3.54078 -1.23299 -7.60729 7.53365 1.81146 3.39133 0.31292 -12.9547 3.2495 -3.26872 74.6366 -0.0216888 6.50814 -29.2081 0.0598081 0.137039 -2.44332 -0.240811 11.8527 -24.234 0.0496218 0.113702 -1.84987 -8.74436 4.45178 9.23673 -4.20556 2.0327 -5.16938 -2.85262 22.1366 -0.852353 -38.7721 -0.655187 -3.14377 11.646 0.116648 -2.32622 -40.4017 -6.04875 -3.48358 0.251009 16.0411 0.779096 -9.8844 12.4959 -1.16486e-15 -8.44694e-16 6.19794e-17 -9.23673 -4.20556 2.0327 -22.4656 -9.13063 -16.4493 0.852353 -38.7721 -0.655187 2.88183 10.6937 -0.0825336 2.32622 -40.4017 -6.04875 2.18721 0.677894 -15.5403 -0.779096 -9.8844 12.4959 5.8734e-16 -6.2078e-16 -1.27964e-14 
-9.71624 93.329 72.5794 -3.41162 11.4991 113.52 0 5.07867 -1.15138 -2.44367 2.67832 -0.01473 0 5.61661 1.07143 -1.95625 2.1317 -0.408801 -1.02604e-17 5.98978 0.11501 -1.5324 2.058 -0.320539 -1.10457e-17 6.50583 -0.443523 -1.1276 1.76171 -0.275939 -1.97295e-17 7.60548 -1.50593 -0.761668 0.887124 -0.118227 -2.53307e-17 9.49737 -0.914492 -0.282305 0.426207 -0.233868 -2.90401e-17 10.5513 1.57691 0.0744517 0.790142 -0.0589028 -1.29193e-17 4.78644 0.715339 -0.302983 3.08364 3.48269 -1.8116e-17 4.82109 0.421791 -1.14993 -3.74168 1.37265 -2.00958e-17 4.83041 0.765062 -0.461525 -2.85738 -2.1822 1.23299 -7.60731 7.53374 -0.765518 3.35493 -0.580671 12.9547 3.2495 -3.26872 -84.8295 3.29178 -2.49093 29.2081 0.0598081 0.137039 1.59913 -0.0997734 -7.72903 24.234 0.0496219 0.113701 4.02327 -17.0128 -3.8439 -1.23299 -7.60729 7.53365 0.646155 3.23369 0.0573445 -12.9547 3.2495 -3.26872 75.8876 0.425914 5.73241 -29.2081 0.0598081 0.137039 -2.46704 -0.245688 11.9694 -24.234 0.0496218 0.113702 -1.90445 -8.26168 4.13206 9.23673 -4.20556 2.0327 -5.28014 -2.13994 21.2738 -0.852353 -38.7721 -0.655187 -2.4217 9.00881 0.0332214 -2.32622 -40.4017 -6.04875 -5.19602 4.9872 16.2949 0.779096 -9.8844 12.4959 -2.75213e-15 -9.19097e-16 1.36383e-16 -9.23673 -4.20556 2.0327 -22.7863 -9.06056 -17.3138 0.852353 -38.7721 -0.655187 3.40762 12.5996 -0.155404 2.32622 -40.4017 -6.04875 1.66291 -2.29122 -15.5519 -0.779096 -9.8844 12.4959 -9.87914e-16 -5.4694e-16 -1.27225e-14 
-9.79943 93.0148 72.3912 -3.21784 10.9841 114.944 0 5.07867 -1.15138 -2.37334 2.93779 0.0158433 0 5.61661 1.07143 -1.89423 2.29526 -0.377742 -1.02604e-17 5.98978 0.11501 -1.48533 2.13768 -0.294656 -1.10457e-17 6.50583 -0.443523 -1.09181 1.68378 -0.251611 -1.97295e-17 7.60548 -1.50593 -0.729936 0.72452 -0.110636 -2.53307e-17 9.49737 -0.914492 -0.255615 0.210088 -0.246957 -2.90401e-17 10.5513 1.57691 0.0803213 0.827714 -0.054256 -1.29193e-17 4.78644 0.715339 -0.245824 3.38921 4.2433 -1.8116e-17 4.82109 0.421791 -1.31928 -3.81941 1.71442 -2.00958e-17 4.83041 0.765062 -0.456882 -2.99941 -2.0722 1.23299 -7.60731 7.53374 -0.473952 3.23695 -0.479354 12.9547 3.2495 -3.26872 -85.384 3.35063 -1.54966 29.2081 0.0598081 0.137039 1.66907 -0.109107 -8.06907 24.234 0.0496219 0.113701 3.85775 -17.9327 -4.25418 -1.23299 -7.60729 7.53365 0.686379 3.14568 0.316588 -12.9547 3.2495 -3.26872 76.2943 -0.0962086 5.78487 -29.2081 0.0598081 0.137039 -2.44743 -0.241652 11.8729 -24.234 0.0496218 0.113702 -2.13499 -7.26579 3.83763 9.23673 -4.20556 2.0327 -5.29852 -1.38358 19.5633 -0.852353 -38.7721 -0.655187 -2.00435 7.46929 0.000283778 -2.32622 -40.4017 -6.04875 -5.483 4.58814 16.3254 0.779096 -9.8844 12.4959 8.06465e-16 -7.58477e-16 -2.42377e-17 -9.23673 -4.20556 2.0327 -23.1009 -9.16687 -18.0144 0.852353 -38.7721 -0.655187 3.86982 14.2547 -0.233825 2.32622 -40.4017 -6.04875 2.07103 -3.04071 -15.6175 -0.779096 -9.8844 12.4959 -5.97856e-16 -5.59035e-16 -1.2747e-14 
-9.8864 92.8106 72.2358 -3.02281 10.7042 116.258 0 5.07867 -1.15138 -2.40792 3.12659 0.0692401 0 5.61661 1.07143 -1.92137 2.41776 -0.338298 -1.02604e-17 5.98978 0.11501 -1.50516 2.2076 -0.260476 -1.10457e-17 6.50583 -0.443523 -1.10498 1.64474 -0.219123 -1.97295e-17 7.60548 -1.50593 -0.725561 0.630374 -0.0875864 -2.53307e-17 9.49737 -0.914492 -0.230207 0.0986028 -0.244493 -2.90401e-17 10.5513 1.57691 0.0839502 0.864578 -0.0425701 -1.29193e-17 4.78644 0.715339 -0.171521 3.32466 5.12848 -1.8116e-17 4.82109 0.421791 -1.46041 -3.84116 2.11056 -2.00958e-17 4.83041 0.765062 -0.416293 -2.90092 -2.05181 1.23299 -7.60731 7.53374 -0.600801 3.19731 -0.518748 12.9547 3.2495 -3.26872 -85.2309 3.17179 -0.952572 29.2081 0.0598081 0.137039 1.71359 -0.115268 -8.28567 24.234 0.0496219 0.113701 3.53567 -18.8211 -4.51146 -1.23299 -7.60729 7.53365 1.26831 3.1551 0.794486 -12.9547 3.2495 -3.26872 76.4075 -0.843719 6.01255 -29.2081 0.0598081 0.137039 -2.39811 -0.231657 11.6305 -24.234 0.0496218 0.113702 -2.49358 -6.34207 3.61835 9.23673 -4.20556 2.0327 -5.46666 -0.619961 17.1259 -0.852353 -38.7721 -0.655187 -1.63454 6.09806 -0.0194666 -2.32622 -40.4017 -6.04875 -5.33226 3.89977 16.2445 0.779096 -9.8844 12.4959 2.78529e-17 -7.94998e-16 1.22832e-17 -9.23673 -4.20556 2.0327 -23.7247 -9.44559 -18.5115 0.852353 -38.7721 -0.655187 4.42833 16.2256 -0.346206 2.32622 -40.4017 -6.04875 2.48398 -3.3348 -15.6757 -0.779096 -9.8844 12.4959 -5.96354e-16 -5.59082e-16 -1.27471e-14 
-10.0133 92.6398 72.051 -2.99433 10.7024 117.633 0 5.07867 -1.15138 -2.56061 3.2616 0.138249 0 5.61661 1.07143 -2.04818 2.50646 -0.297473 -1.02604e-17 5.98978 0.11501 -1.60128 2.26573 -0.22548 -1.10457e-17 6.50583 -0.443523 -1.17303 1.62774 -0.185492 -1.97295e-17 7.60548 -1.50593 -0.75072 0.581725 -0.0525581 -2.53307e-17 9.49737 -0.914492 -0.205497 0.0541407 -0.228822 -2.90401e-17 10.5513 1.57691 0.0880991 0.89888 -0.0317697 -1.29193e-17 4.78644 0.715339 -0.0912909 3.16229 5.92001 -1.8116e-17 4.82109 0.421791 -1.5169 -3.88933 2.46628 -2.00958e-17 4.83041 0.765062 -0.4589 -2.81542 -1.96678 1.23299 -7.60731 7.53374 -0.798154 3.1919 -0.558521 12.9547 3.2495 -3.26872 -84.9104 3.09799 -0.592775 29.2081 0.0598081 0.137039 1.75637 -0.12135 -8.49388 24.234 0.0496219 0.113701 3.25145 -19.6844 -4.58017 -1.23299 -7.60729 7.53365 1.93057 3.2043 1.24932 -12.9547 3.2495 -3.26872 76.5522 -1.63668 6.34568 -29.2081 0.0598081 0.137039 -2.34855 -0.221833 11.3871 -24.234 0.0496218 0.113702 -2.85955 -5.5965 3.43621 9.23673 -4.20556 2.0327 -5.85609 -0.0235593 14.913 -0.852353 -38.7721 -0.655187 -1.32358 4.9411 -0.0291853 -2.32622 -40.4017 -6.04875 -5.06196 3.45947 16.1319 0.779096 -9.8844 12.4959 1.21305e-15 -7.4563e-16 -3.70843e-17 -9.23673 -4.20556 2.0327 -24.9099 -9.98779 -18.8816 0.852353 -38.7721 -0.655187 5.13818 18.6787 -0.516235 2.32622 -40.4017 -6.04875 3.18046 -3.48912 -15.7695 -0.779096 -9.8844 12.4959 -5.96354e-16 -5.59082e-16 -1.27471e-14 
-10.1377 92.4829 71.7919 -3.31255 10.8652 119.304 0 5.07867 -1.15138 -2.83347 3.28121 0.202754 0 5.61661 1.07143 -2.27545 2.51526 -0.274739 -1.02604e-17 5.98978 0.11501 -1.77604 2.27466 -0.208792 -1.10457e-17 6.50583 -0.443523 -1.29796 1.61096 -0.170529 -1.97295e-17 7.60548 -1.50593 -0.813906 0.567759 -0.025897 -2.53307e-17 9.49737 -0.914492 -0.199827 0.0582923 -0.216876 -2.90401e-17 10.5513 1.57691 0.0909556 0.92521 -0.0257013 -1.29193e-17 4.78644 0.715339 -0.0318446 3.01386 6.60534 -1.8116e-17 4.82109 0.421791 -1.55737 -3.96518 2.77271 -2.00958e-17 4.83041 0.765062 -0.449117 -2.77316 -1.90218 1.23299 -7.60731 7.53374 -0.854037 3.16459 -0.517073 12.9547 3.2495 -3.26872 -84.5906 3.06553 -0.417321 29.2081 0.0598081 0.137039 1.78185 -0.125048 -8.61795 24.234 0.0496219 0.113701 3.06482 -20.1629 -4.47942 -1.23299 -7.60729 7.53365 2.43917 3.22646 1.56578 -12.9547 3.2495 -3.26872 76.9737 -2.26117 6.61168 -29.2081 0.0598081 0.137039 -2.29112 -0.210721 11.1054 -24.234 0.0496218 0.113702 -3.16363 -5.21217 3.42352 9.23673 -4.20556 2.0327 -6.47723 0.174764 12.9702 -0.852353 -38.7721 -0.655187 -1.10675 4.1328 -0.0322302 -2.32622 -40.4017 -6.04875 -4.74459 3.21219 16.0001 0.779096 -9.8844 12.4959 8.21489e-16 -7.5782e-16 -2.4895e-17 -9.23673 -4.20556 2.0327 -26.5548 -10.7156 -19.1381 0.852353 -38.7721 -0.655187 5.92851 21.3334 -0.740212 2.32622 -40.4017 -6.04875 3.9042 -3.51403 -15.8954 -0.779096 -9.8844 12.4959 5.91847e-16 -6.20967e-16 -1.27966e-14 
-10.2333 92.3548 71.4553 -3.84109 11.0525 121.368 0 5.07867 -1.15138 -3.17157 3.29673 0.245624 0 5.61661 1.07143 -2.55282 2.51313 -0.282421 -1.02604e-17 5.98978 0.11501 -1.98877 2.26094 -0.222672 -1.10457e-17 6.50583 -0.443523 -1.44804 1.54826 -0.187748 -1.97295e-17 7.60548 -1.50593 -0.895861 0.501548 -0.0271826 -2.53307e-17 9.49737 -0.914492 -0.210244 0.000480903 -0.232235 -2.90401e-17 10.5513 1.57691 0.0909695 0.95247 -0.0209386 -1.29193e-17 4.78644 0.715339 0.0238948 2.77597 7.146 -1.8116e-17 4.82109 0.421791 -1.58673 -3.98359 3.01049 -2.00958e-17 4.83041 0.765062 -0.393913 -2.56117 -1.84369 1.23299 -7.60731 7.53374 -0.87889 3.21649 -0.471569 12.9547 3.2495 -3.26872 -84.2653 2.9744 -0.241923 29.2081 0.0598081 0.137039 1.79042 -0.126305 -8.6597 24.234 0.0496219 0.113701 3.03928 -20.1485 -4.34793 -1.23299 -7.60729 7.53365 2.86355 3.29112 1.82617 -12.9547 3.2495 -3.26872 77.5131 -2.94933 6.64773 -29.2081 0.0598081 0.137039 -2.25011 -0.202964 10.9043 -24.234 0.0496218 0.113702 -3.26675 -5.02926 3.56952 9.23673 -4.20556 2.0327 -7.20258 0.0442562 10.9193 -0.852353 -38.7721 -0.655187 -0.990504 3.69907 -0.0325992 -2.32622 -40.4017 -6.04875 -4.37668 3.08042 15.8757 0.779096 -9.8844 12.4959 -7.64281e-16 -8.32129e-16 4.94145e-17 -9.23673 -4.20556 2.0327 -28.3638 -11.3654 -19.2268 0.852353 -38.7721 -0.655187 6.71747 23.8952 -0.998759 2.32622 -40.4017 -6.04875 4.72277 -3.33037 -16.0796 -0.779096 -9.8844 12.4959 -2.17611e-15 -4.97431e-16 -1.2673e-14 
-10.2423 92.2693 71.0498 -4.38494 11.0814 123.783 0 5.07867 -1.15138 -3.4905 3.22607 0.250797 0 5.61661 1.07143 -2.80753 2.45846 -0.327062 -1.02604e-17 5.98978 0.11501 -2.18172 2.22107 -0.274365 -1.10457e-17 6.50583 -0.443523 -1.57998 1.5026 -0.243897 -1.97295e-17 7.60548 -1.50593 -0.97278 0.48414 -0.0700352 -2.53307e-17 9.49737 -0.914492 -0.234895 0.01205 -0.288846 -2.90401e-17 10.5513 1.57691 0.0850852 0.968015 -0.0173586 -1.29193e-17 4.78644 0.715339 0.0745403 2.47399 7.56918 -1.8116e-17 4.82109 0.421791 -1.61883 -3.90859 3.19457 -2.00958e-17 4.83041 0.765062 -0.285619 -2.20488 -1.73026 1.23299 -7.60731 7.53374 -0.934235 3.24513 -0.409423 12.9547 3.2495 -3.26872 -83.9161 2.52431 -0.169328 29.2081 0.0598081 0.137039 1.76363 -0.122397 -8.52924 24.234 0.0496219 0.113701 3.1559 -19.475 -4.1417 -1.23299 -7.60729 7.53365 3.27218 3.30536 2.029 -12.9547 3.2495 -3.26872 78.0487 -3.61366 6.50742 -29.2081 0.0598081 0.137039 -2.22368 -0.198044 10.7748 -24.234 0.0496218 0.113702 -3.20204 -4.93687 3.81819 9.23673 -4.20556 2.0327 -7.83178 -0.267109 8.61032 -0.852353 -38.7721 -0.655187 -0.958276 3.57878 -0.0325453 -2.32622 -40.4017 -6.04875 -3.90924 2.97374 15.7569 0.779096 -9.8844 12.4959 3.58639e-15 -6.46757e-16 -1.35958e-16 -9.23673 -4.20556 2.0327 -29.9597 -11.754 -19.129 0.852353 -38.7721 -0.655187 7.44696 26.1799 -1.26744 2.32622 -40.4017 -6.04875 5.47941 -2.8091 -16.2918 -0.779096 -9.8844 12.4959 3.35824e-15 -7.32124e-16 -1.29077e-14 
-10.1965 92.2214 70.5706 -4.89392 10.955 126.433 0 5.07867 -1.15138 -3.75175 3.11749 0.214884 0 5.61661 1.07143 -3.00844 2.38481 -0.407246 -1.02604e-17 5.98978 0.11501 -2.33071 2.17388 -0.362423 -1.10457e-17 6.50583 -0.443523 -1.67612 1.47143 -0.336955 -1.97295e-17 7.60548 -1.50593 -1.03236 0.496413 -0.154907 -2.53307e-17 9.49737 -0.914492 -0.266769 0.0671065 -0.388527 -2.90401e-17 10.5513 1.57691 0.0753333 0.975284 -0.0158126 -1.29193e-17 4.78644 0.715339 0.135174 2.11989 7.90437 -1.8116e-17 4.82109 0.421791 -1.63335 -3.75085 3.3399 -2.00958e-17 4.83041 0.765062 -0.219074 -1.72035 -1.53248 1.23299 -7.60731 7.53374 -1.11317 3.29081 -0.374424 12.9547 3.2495 -3.26872 -83.5347 1.782 -0.132875 29.2081 0.0598081 0.137039 1.70568 -0.114158 -8.24718 24.234 0.0496219 0.113701 3.32363 -18.5065 -3.99655 -1.23299 -7.60729 7.53365 3.64114 3.29119 2.19322 -12.9547 3.2495 -3.26872 78.4978 -4.22019 6.27643 -29.2081 0.0598081 0.137039 -2.21983 -0.197332 10.7559 -24.234 0.0496218 0.113702 -3.06173 -4.7837 4.08036 9.23673 -4.20556 2.0327 -8.37122 -0.675714 6.24453 -0.852353 -38.7721 -0.655187 -0.987815 3.68903 -0.0325973 -2.32622 -40.4017 -6.04875 -3.4218 2.86347 15.6537 0.779096 -9.8844 12.4959 -3.5765e-16 -8.0695e-16 2.42358e-17 -9.23673 -4.20556 2.0327 -31.287 -11.8817 -18.8477 0.852353 -38.7721 -0.655187 8.0963 28.143 -1.52941 2.32622 -40.4017 -6.04875 6.22665 -2.01883 -16.52 -0.779096 -9.8844 12.4959 -1.37341e-15 -5.34987e-16 -1.27105e-14 
-10.105 92.1783 70.0446 -5.24861 10.7688 129.086 0 5.07867 -1.15138 -3.95171 2.99195 0.16611 0 5.61661 1.07143 -3.15773 2.30629 -0.493988 -1.02604e-17 5.98978 0.11501 -2.44045 2.13057 -0.45808 -1.10457e-17 6.50583 -0.443523 -1.74336 1.46301 -0.438478 -1.97295e-17 7.60548 -1.50593 -1.07756 0.542559 -0.252092 -2.53307e-17 9.49737 -0.914492 -0.300181 0.161404 -0.500143 -2.90401e-17 10.5513 1.57691 0.0637273 0.97478 -0.0170401 -1.29193e-17 4.78644 0.715339 0.196 1.78523 8.16565 -1.8116e-17 4.82109 0.421791 -1.63181 -3.53738 3.45332 -2.00958e-17 4.83041 0.765062 -0.166036 -1.17356 -1.21382 1.23299 -7.60731 7.53374 -1.34076 3.33336 -0.357363 12.9547 3.2495 -3.26872 -83.1625 0.870319 -0.143341 29.2081 0.0598081 0.137039 1.62009 -0.10252 -7.83093 24.234 0.0496219 0.113701 3.50472 -17.5446 -3.84462 -1.23299 -7.60729 7.53365 3.9153 3.23308 2.28664 -12.9547 3.2495 -3.26872 78.9382 -4.69154 6.02567 -29.2081 0.0598081 0.137039 -2.2318 -0.199547 10.8146 -24.234 0.0496218 0.113702 -2.95607 -4.44465 4.24278 9.23673 -4.20556 2.0327 -8.8194 -0.961211 3.9894 -0.852353 -38.7721 -0.655187 -1.04648 3.90796 -0.0325316 -2.32622 -40.4017 -6.04875 -2.93686 2.65815 15.567 0.779096 -9.8844 12.4959 1.60759e-15 -7.33301e-16 -4.94136e-17 -9.23673 -4.20556 2.0327 -32.2786 -11.7801 -18.1721 0.852353 -38.7721 -0.655187 8.67707 29.8408 -1.78105 2.32622 -40.4017 -6.04875 6.87728 -1.07963 -16.7236 -0.779096 -9.8844 12.4959 4.15338e-15 -7.69396e-16 -1.2945e-14 
-9.97387 92.0676 69.5042 -5.54083 10.4483 131.587 0 5.07867 -1.15138 -4.09442 2.8764 0.123677 0 5.61661 1.07143 -3.26246 2.23167 -0.567872 -1.02604e-17 5.98978 0.11501 -2.51619 2.07626 -0.540505 -1.10457e-17 6.50583 -0.443523 -1.78582 1.42309 -0.527514 -1.97295e-17 7.60548 -1.50593 -1.10538 0.548153 -0.340621 -2.53307e-17 9.49737 -0.914492 -0.325214 0.191839 -0.605144 -2.90401e-17 10.5513 1.57691 0.0523856 0.97476 -0.0206529 -1.29193e-17 4.78644 0.715339 0.262598 1.51696 8.40408 -1.8116e-17 4.82109 0.421791 -1.60901 -3.29471 3.55572 -2.00958e-17 4.83041 0.765062 -0.109725 -0.676117 -0.842572 1.23299 -7.60731 7.53374 -1.44722 3.3903 -0.294668 12.9547 3.2495 -3.26872 -82.9583 0.0562956 -0.00187235 29.2081 0.0598081 0.137039 1.53246 -0.0912611 -7.40516 24.234 0.0496219 0.113701 3.64834 -16.9415 -3.81684 -1.23299 -7.60729 7.53365 3.9914 3.16859 2.28123 -12.9547 3.2495 -3.26872 79.472 -4.98668 5.74126 -29.2081 0.0598081 0.137039 -2.25528 -0.203932 10.9296 -24.234 0.0496218 0.113702 -2.92076 -3.90201 4.3102 9.23673 -4.20556 2.0327 -9.14499 -1.22146 1.88483 -0.852353 -38.7721 -0.655187 -1.11473 4.16258 -0.0321725 -2.32622 -40.4017 -6.04875 -2.40426 2.12467 15.4948 0.779096 -9.8844 12.4959 3.59544e-15 -6.4638e-16 -1.36335e-16 -9.23673 -4.20556 2.0327 -33.2089 -12.0268 -16.9312 0.852353 -38.7721 -0.655187 9.50152 32.1561 -2.16493 2.32622 -40.4017 -6.04875 7.14124 -1.12374 -16.7869 -0.779096 -9.8844 12.4959 7.73904e-15 -9.18814e-16 -1.31068e-14 
-9.79702 91.8594 69.0134 -5.80065 9.89722 133.812 0 5.07867 -1.15138 -4.15112 2.83007 0.0908622 0 5.61661 1.07143 -3.29963 2.19564 -0.620712 -1.02604e-17 5.98978 0.11501 -2.5398 2.01486 -0.59951 -1.10457e-17 6.50583 -0.443523 -1.79152 1.30737 -0.5934 -1.97295e-17 7.60548 -1.50593 -1.10707 0.442393 -0.411962 -2.53307e-17 9.49737 -0.914492 -0.337792 0.0549192 -0.694498 -2.90401e-17 10.5513 1.57691 0.0419259 0.981356 -0.0253998 -1.29193e-17 4.78644 0.715339 0.334389 1.3327 8.69268 -1.8116e-17 4.82109 0.421791 -1.61165 -3.04944 3.67802 -2.00958e-17 4.83041 0.765062 -0.063694 -0.309218 -0.4573 1.23299 -7.60731 7.53374 -1.33516 3.47548 -0.138862 12.9547 3.2495 -3.26872 -83.0311 -0.524616 0.425671 29.2081 0.0598081 0.137039 1.46207 -0.0826959 -7.06344 24.234 0.0496219 0.113701 3.65506 -16.8849 -4.05621 -1.23299 -7.60729 7.53365 3.78891 3.13698 2.16928 -12.9547 3.2495 -3.26872 80.1551 -5.13346 5.39338 -29.2081 0.0598081 0.137039 -2.28956 -0.21042 11.0977 -24.234 0.0496218 0.113702 -2.9495 -3.14062 4.34289 9.23673 -4.20556 2.0327 -9.26239 -1.58515 0.119148 -0.852353 -38.7721 -0.655187 -1.18735 4.4334 -0.0314566 -2.32622 -40.4017 -6.04875 -1.76116 1.24429 15.4353 0.779096 -9.8844 12.4959 8.30537e-16 -7.57443e-16 -2.5272e-17 -9.23673 -4.20556 2.0327 -34.3802 -13.2858 -15.0391 0.852353 -38.7721 -0.655187 11.0013 36.0824 -2.93727 2.32622 -40.4017 -6.04875 6.79064 -2.84089 -16.6314 -0.779096 -9.8844 12.4959 4.18804e-15 -7.70856e-16 -1.29465e-14 
-9.54056 91.6593 68.6486 -5.91248 9.23162 135.798 0 5.07867 -1.15138 -4.14098 2.90034 0.0803599 0 5.61661 1.07143 -3.2827 2.23672 -0.640315 -1.02604e-17 5.98978 0.11501 -2.52143 1.9867 -0.623156 -1.10457e-17 6.50583 -0.443523 -1.76855 1.15598 -0.623455 -1.97295e-17 7.60548 -1.50593 -1.08623 0.261037 -0.451458 -2.53307e-17 9.49737 -0.914492 -0.33256 -0.200965 -0.750806 -2.90401e-17 10.5513 1.57691 0.0326598 0.993433 -0.0283379 -1.29193e-17 4.78644 0.715339 0.414646 1.12357 8.95486 -1.8116e-17 4.82109 0.421791 -1.62164 -2.84146 3.78806 -2.00958e-17 4.83041 0.765062 -0.00601609 -0.0239636 -0.0599026 1.23299 -7.60731 7.53374 -1.1317 3.60282 0.0287 12.9547 3.2495 -3.26872 -83.2081 -0.956758 0.926368 29.2081 0.0598081 0.137039 1.42014 -0.0777961 -6.86001 24.234 0.0496219 0.113701 3.5321 -17.213 -4.47663 -1.23299 -7.60729 7.53365 3.52062 3.19071 2.04936 -12.9547 3.2495 -3.26872 80.9034 -5.3352 5.09604 -29.2081 0.0598081 0.137039 -2.32407 -0.217059 11.267 -24.234 0.0496218 0.113702 -3.10712 -2.23988 4.34776 9.23673 -4.20556 2.0327 -9.14895 -1.91772 -1.36441 -0.852353 -38.7721 -0.655187 -1.25197 4.67428 -0.0305301 -2.32622 -40.4017 -6.04875 -1.06996 0.194226 15.3944 0.779096 -9.8844 12.4959 2.78623e-17 -7.94997e-16 1.22827e-17 -9.23673 -4.20556 2.0327 -34.9483 -14.805 -12.5378 0.852353 -38.7721 -0.655187 12.5715 39.8079 -3.83712 2.32622 -40.4017 -6.04875 6.66749 -3.80226 -16.4944 -0.779096 -9.8844 12.4959 -1.37039e-15 -5.35129e-16 -1.27107e-14 
-9.21375 91.5217 68.3884 -5.91735 8.66902 137.793 0 5.07867 -1.15138 -4.1427 3.0538 0.106719 0 5.61661 1.07143 -3.27682 2.33992 -0.621346 -1.02604e-17 5.98978 0.11501 -2.51077 2.01219 -0.607274 -1.10457e-17 6.50583 -0.443523 -1.75118 1.04614 -0.612421 -1.97295e-17 7.60548 -1.50593 -1.06078 0.104953 -0.447858 -2.53307e-17 9.49737 -0.914492 -0.305224 -0.433638 -0.762328 -2.90401e-17 10.5513 1.57691 0.025331 1.00551 -0.0274583 -1.29193e-17 4.78644 0.715339 0.491585 0.852158 9.04848 -1.8116e-17 4.82109 0.421791 -1.56359 -2.71232 3.8252 -2.00958e-17 4.83041 0.765062 0.0777745 0.161431 0.265936 1.23299 -7.60731 7.53374 -0.893012 3.7214 0.176794 12.9547 3.2495 -3.26872 -83.3917 -1.32343 1.16969 29.2081 0.0598081 0.137039 1.40539 -0.076108 -6.78845 24.234 0.0496219 0.113701 3.41927 -17.4458 -4.85741 -1.23299 -7.60729 7.53365 3.38466 3.30029 1.9872 -12.9547 3.2495 -3.26872 81.5795 -5.78373 5.02845 -29.2081 0.0598081 0.137039 -2.33316 -0.218825 11.3116 -24.234 0.0496218 0.113702 -3.36763 -1.42039 4.28493 9.23673 -4.20556 2.0327 -8.98066 -2.11577 -2.8399 -0.852353 -38.7721 -0.655187 -1.29774 4.84485 -0.0297091 -2.32622 -40.4017 -6.04875 -0.517723 -0.634806 15.3756 0.779096 -9.8844 12.4959 -3.71214e-16 -8.07516e-16 2.4801e-17 -9.23673 -4.20556 2.0327 -34.7147 -15.9902 -9.49623 0.852353 -38.7721 -0.655187 13.8647 42.5959 -4.63942 2.32622 -40.4017 -6.04875 6.79833 -3.59268 -16.3906 -0.779096 -9.8844 12.4959 -4.95605e-15 -3.73334e-16 -1.25613e-14 
-8.86629 91.4632 68.2284 -5.78492 8.28796 139.842 0 5.07867 -1.15138 -4.17458 3.22978 0.170564 0 5.61661 1.07143 -3.29603 2.47603 -0.565164 -1.02604e-17 5.98978 0.11501 -2.51874 2.10491 -0.554359 -1.10457e-17 6.50583 -0.443523 -1.74609 1.06446 -0.562324 -1.97295e-17 7.60548 -1.50593 -1.03574 0.0880458 -0.401387 -2.53307e-17 9.49737 -0.914492 -0.256231 -0.491224 -0.7277 -2.90401e-17 10.5513 1.57691 0.0198433 1.00307 -0.023777 -1.29193e-17 4.78644 0.715339 0.537305 0.59515 8.91187 -1.8116e-17 4.82109 0.421791 -1.42976 -2.72676 3.76474 -2.00958e-17 4.83041 0.765062 0.158838 0.108837 0.557075 1.23299 -7.60731 7.53374 -0.627301 3.7364 0.301139 12.9547 3.2495 -3.26872 -83.5931 -1.63431 0.956347 29.2081 0.0598081 0.137039 1.41023 -0.07666 -6.81193 24.234 0.0496219 0.113701 3.43965 -17.3936 -5.08906 -1.23299 -7.60729 7.53365 3.4351 3.36691 1.98622 -12.9547 3.2495 -3.26872 82.1007 -6.48528 5.34158 -29.2081 0.0598081 0.137039 -2.30318 -0.21303 11.1645 -24.234 0.0496218 0.113702 -3.65116 -0.787701 4.16157 9.23673 -4.20556 2.0327 -8.77839 -2.15978 -4.28935 -0.852353 -38.7721 -0.655187 -1.33656 4.98945 -0.0289057 -2.32622 -40.4017 -6.04875 -0.174871 -1.05359 15.3719 0.779096 -9.8844 12.4959 2.3341e-17 -7.95186e-16 1.24711e-17 -9.23673 -4.20556 2.0327 -33.8213 -16.718 -6.04473 0.852353 -38.7721 -0.655187 14.8739 44.6071 -5.29944 2.32622 -40.4017 -6.04875 7.06752 -2.68159 -16.2847 -0.779096 -9.8844 12.4959 -1.00899e-15 -5.45998e-16 -1.27216e-14 
-8.52682 91.4831 68.1436 -5.68658 7.9961 141.965 0 5.07867 -1.15138 -4.24221 3.3374 0.260204 0 5.61661 1.07143 -3.34795 2.58118 -0.484326 -1.02604e-17 5.98978 0.11501 -2.55294 2.2232 -0.477189 -1.10457e-17 6.50583 -0.443523 -1.76027 1.20764 -0.485638 -1.97295e-17 7.60548 -1.50593 -1.02026 0.230421 -0.323332 -2.53307e-17 9.49737 -0.914492 -0.1984 -0.33781 -0.656654 -2.90401e-17 10.5513 1.57691 0.0157985 0.982767 -0.0194091 -1.29193e-17 4.78644 0.715339 0.54221 0.367205 8.60052 -1.8116e-17 4.82109 0.421791 -1.25974 -2.87752 3.62834 -2.00958e-17 4.83041 0.765062 0.272626 -0.185154 0.763287 1.23299 -7.60731 7.53374 -0.36939 3.63156 0.392291 12.9547 3.2495 -3.26872 -83.764 -1.95722 0.298529 29.2081 0.0598081 0.137039 1.4244 -0.0782873 -6.88066 24.234 0.0496219 0.113701 3.57733 -16.9383 -5.21089 -1.23299 -7.60729 7.53365 3.63934 3.36002 2.03745 -12.9547 3.2495 -3.26872 82.4735 -7.28659 6.02842 -29.2081 0.0598081 0.137039 -2.23002 -0.19922 10.8058 -24.234 0.0496218 0.113702 -3.93841 -0.459124 4.0296 9.23673 -4.20556 2.0327 -8.62302 -2.20432 -5.78169 -0.852353 -38.7721 -0.655187 -1.36073 5.07946 -0.0283558 -2.32622 -40.4017 -6.04875 -0.0831344 -1.06618 15.3766 0.779096 -9.8844 12.4959 8.16972e-16 -7.58008e-16 -2.47068e-17 -9.23673 -4.20556 2.0327 -32.5702 -17.1765 -2.41822 0.852353 -38.7721 -0.655187 15.6714 46.1005 -5.84003 2.32622 -40.4017 -6.04875 7.40532 -1.47345 -16.1728 -0.779096 -9.8844 12.4959 9.86388e-16 -6.33296e-16 -1.28089e-14 
-8.23479 91.5583 68.0634 -5.69384 7.67601 144.204 0 5.07867 -1.15138 -4.31474 3.39119 0.344705 0 5.61661 1.07143 -3.40496 2.65096 -0.409081 -1.02604e-17 5.98978 0.11501 -2.5908 2.32732 -0.405099 -1.10457e-17 6.50583 -0.443523 -1.77724 1.37496 -0.412095 -1.97295e-17 7.60548 -1.50593 -1.00763 0.412464 -0.246994 -2.53307e-17 9.49737 -0.914492 -0.14291 -0.125126 -0.584366 -2.90401e-17 10.5513 1.57691 0.0114315 0.959859 -0.0131766 -1.29193e-17 4.78644 0.715339 0.531785 0.0506416 8.17468 -1.8116e-17 4.82109 0.421791 -1.10983 -3.01152 3.43638 -2.00958e-17 4.83041 0.765062 0.438076 -0.436796 0.890143 1.23299 -7.60731 7.53374 -0.202449 3.51632 0.418583 12.9547 3.2495 -3.26872 -83.8626 -2.25178 -0.556947 29.2081 0.0598081 0.137039 1.44253 -0.0803955 -6.96865 24.234 0.0496219 0.113701 3.80172 -16.2394 -5.27223 -1.23299 -7.60729 7.53365 3.94763 3.37086 2.18003 -12.9547 3.2495 -3.26872 82.6358 -8.14276 6.88741 -29.2081 0.0598081 0.137039 -2.13399 -0.181812 10.3357 -24.234 0.0496218 0.113702 -4.1643 -0.410221 3.89757 9.23673 -4.20556 2.0327 -8.5468 -2.2924 -7.41861 -0.852353 -38.7721 -0.655187 -1.35589 5.06144 -0.028469 -2.32622 -40.4017 -6.04875 -0.163231 -0.829696 15.3875 0.779096 -9.8844 12.4959 -3.682e-16 -8.07374e-16 2.46597e-17 -9.23673 -4.20556 2.0327 -31.1153 -17.4561 1.19427 0.852353 -38.7721 -0.655187 16.2703 47.1689 -6.25609 2.32622 -40.4017 -6.04875 7.68038 -0.188617 -16.0655 -0.779096 -9.8844 12.4959 -2.17457e-15 -4.9748e-16 -1.2673e-14 
-7.91296 91.6521 67.9335 -5.71989 7.23446 146.535 0 5.07867 -1.15138 -4.33472 3.36696 0.406931 0 5.61661 1.07143 -3.41729 2.66534 -0.351458 -1.02604e-17 5.98978 0.11501 -2.59258 2.38908 -0.350043 -1.10457e-17 6.50583 -0.443523 -1.76774 1.52251 -0.354473 -1.97295e-17 7.60548 -1.50593 -0.981473 0.592585 -0.190408 -2.53307e-17 9.49737 -0.914492 -0.0922172 0.091434 -0.530023 -2.90401e-17 10.5513 1.57691 0.00549368 0.938238 -0.00643668 -1.29193e-17 4.78644 0.715339 0.511277 -0.284459 7.68394 -1.8116e-17 4.82109 0.421791 -1.00513 -3.06082 3.21156 -2.00958e-17 4.83041 0.765062 0.61082 -0.568188 0.959178 1.23299 -7.60731 7.53374 -0.124597 3.39791 0.423517 12.9547 3.2495 -3.26872 -83.8884 -2.52677 -1.37302 29.2081 0.0598081 0.137039 1.45784 -0.0821968 -7.04291 24.234 0.0496219 0.113701 4.00721 -15.3995 -5.31796 -1.23299 -7.60729 7.53365 4.25019 3.39487 2.33865 -12.9547 3.2495 -3.26872 82.6307 -8.96017 7.66118 -29.2081 0.0598081 0.137039 -2.03881 -0.165359 9.8703 -24.234 0.0496218 0.113702 -4.29801 -0.526062 3.81447 9.23673 -4.20556 2.0327 -8.44994 -2.43604 -9.18418 -0.852353 -38.7721 -0.655187 -1.33472 4.98261 -0.0289459 -2.32622 -40.4017 -6.04875 -0.264669 -0.584451 15.3999 0.779096 -9.8844 12.4959 2.3341e-17 -7.95186e-16 1.24711e-17 -9.23673 -4.20556 2.0327 -29.3833 -17.5481 4.66285 0.852353 -38.7721 -0.655187 16.6534 47.8297 -6.52663 2.32622 -40.4017 -6.04875 7.80992 1.00625 -15.9684 -0.779096 -9.8844 12.4959 -2.18663e-15 -4.96962e-16 -1.26725e-14 
-7.58462 91.7244 67.7771 -5.7397 6.69372 148.867 0 5.07867 -1.15138 -4.27735 3.28904 0.44711 0 5.61661 1.07143 -3.36663 2.63731 -0.305396 -1.02604e-17 5.98978 0.11501 -2.54699 2.41255 -0.305504 -1.10457e-17 6.50583 -0.443523 -1.72632 1.63839 -0.306906 -1.97295e-17 7.60548 -1.50593 -0.940745 0.751713 -0.14848 -2.53307e-17 9.49737 -0.914492 -0.0486302 0.284406 -0.487467 -2.90401e-17 10.5513 1.57691 -0.000963149 0.918348 -0.00157346 -1.29193e-17 4.78644 0.715339 0.459651 -0.459928 7.13095 -1.8116e-17 4.82109 0.421791 -0.922601 -3.068 2.95871 -2.00958e-17 4.83041 0.765062 0.686088 -0.717547 0.99205 1.23299 -7.60731 7.53374 -0.0658329 3.25957 0.436917 12.9547 3.2495 -3.26872 -83.9681 -2.7645 -2.04635 29.2081 0.0598081 0.137039 1.46998 -0.0836398 -7.10182 24.234 0.0496219 0.113701 4.1332 -14.6025 -5.37716 -1.23299 -7.60729 7.53365 4.37109 3.37718 2.43364 -12.9547 3.2495 -3.26872 82.5312 -9.52559 8.24288 -29.2081 0.0598081 0.137039 -1.96501 -0.153149 9.50991 -24.234 0.0496218 0.113702 -4.3382 -0.823967 3.76869 9.23673 -4.20556 2.0327 -8.31397 -2.59063 -10.938 -0.852353 -38.7721 -0.655187 -1.29064 4.81837 -0.0298455 -2.32622 -40.4017 -6.04875 -0.325549 -0.472366 15.4095 0.779096 -9.8844 12.4959 8.16972e-16 -7.58008e-16 -2.47068e-17 -9.23673 -4.20556 2.0327 -27.6544 -17.5379 7.5988 0.852353 -38.7721 -0.655187 16.8876 48.225 -6.69358 2.32622 -40.4017 -6.04875 8.06821 2.0664 -15.8877 -0.779096 -9.8844 12.4959 5.85804e-16 -6.20731e-16 -1.27963e-14 
-7.26758 91.7454 67.6153 -5.8273 6.13381 151.196 0 5.07867 -1.15138 -4.18769 3.22878 0.47479 0 5.61661 1.07143 -3.29481 2.60484 -0.264994 -1.02604e-17 5.98978 0.11501 -2.48975 2.40833 -0.265809 -1.10457e-17 6.50583 -0.443523 -1.68196 1.68535 -0.264343 -1.97295e-17 7.60548 -1.50593 -0.905477 0.828887 -0.11197 -2.53307e-17 9.49737 -0.914492 -0.0205793 0.376324 -0.446276 -2.90401e-17 10.5513 1.57691 -0.00604279 0.909014 0.000703849 -1.29193e-17 4.78644 0.715339 0.366606 -0.438415 6.51264 -1.8116e-17 4.82109 0.421791 -0.875244 -3.07329 2.67499 -2.00958e-17 4.83041 0.765062 0.739799 -0.886887 0.968916 1.23299 -7.60731 7.53374 0.0505492 3.14756 0.448371 12.9547 3.2495 -3.26872 -84.1155 -2.87602 -2.56726 29.2081 0.0598081 0.137039 1.48517 -0.0854633 -7.17557 24.234 0.0496219 0.113701 4.18256 -14.0363 -5.38058 -1.23299 -7.60729 7.53365 4.24081 3.33433 2.45507 -12.9547 3.2495 -3.26872 82.4661 -9.77556 8.58928 -29.2081 0.0598081 0.137039 -1.9218 -0.14622 9.29904 -24.234 0.0496218 0.113702 -4.31726 -1.31281 3.74598 9.23673 -4.20556 2.0327 -8.23868 -2.76441 -12.659 -0.852353 -38.7721 -0.655187 -1.23165 4.59855 -0.0308508 -2.32622 -40.4017 -6.04875 -0.361856 -0.522479 15.4189 0.779096 -9.8844 12.4959 2.78623e-17 -7.94997e-16 1.22827e-17 -9.23673 -4.20556 2.0327 -26.2847 -17.5016 9.71696 0.852353 -38.7721 -0.655187 17.0445 48.4862 -6.80603 2.32622 -40.4017 -6.04875 8.4754 2.99353 -15.8065 -0.779096 -9.8844 12.4959 -9.87895e-16 -5.4694e-16 -1.27225e-14 
-6.99348 91.7214 67.461 -5.99293 5.53706 153.525 0 5.07867 -1.15138 -3.92769 4.09402 0.578032 0 5.61661 1.07143 -3.15211 3.06361 -0.144342 -1.02604e-17 5.98978 0.11501 -2.46742 2.44764 -0.15883 -1.10457e-17 6.50583 -0.443523 -1.7515 1.02558 -0.185904 -1.97295e-17 7.60548 -1.50593 -1.06047 -0.194974 -0.0449741 -2.53307e-17 9.49737 -0.914492 -0.252885 -1.11776 -0.247357 -2.90401e-17 10.5513 1.57691 -0.0126217 0.969989 -0.0904967 -1.29193e-17 4.78644 0.715339 0.0864396 2.4375 5.9687 -1.8116e-17 4.82109 0.421791 -0.437813 -2.80728 2.45886 -2.00958e-17 4.83041 0.765062 0.709701 -2.46874 0.11279 1.23299 -7.60731 7.53374 1.40031 3.67211 -0.370995 12.9547 3.2495 -3.26872 -84.3154 -2.56811 -1.31395 29.2081 0.0598081 0.137039 1.50523 -0.0878976 -7.27295 24.234 0.0496219 0.113701 3.41672 -14.2434 -5.83671 -1.23299 -7.60729 7.53365 -4.59428 2.74052 0.470435 -12.9547 3.2495 -3.26872 81.6718 2.26485 6.38767 -29.2081 0.0598081 0.137039 -2.2308 -0.199369 10.8096 -24.234 0.0496218 0.113702 1.95056 -14.1819 1.49749 9.23673 -4.20556 2.0327 -8.28686 -2.99645 -14.0855 -0.852353 -38.7721 -0.655187 -1.15119 4.29854 -0.0318561 -2.32622 -40.4017 -6.04875 0.00066795 -0.512913 15.3762 0.779096 -9.8844 12.4959 -3.71209e-16 -8.07516e-16 2.48008e-17 -9.23673 -4.20556 2.0327 -25.1826 -17.5158 11.358 0.852353 -38.7721 -0.655187 17.1137 48.6005 -6.85582 2.32622 -40.4017 -6.04875 8.37508 3.74987 -15.674 -0.779096 -9.8844 12.4959 -9.93923e-16 -5.46658e-16 -1.27222e-14 
-6.75065 91.6801 67.3371 -6.20535 4.92865 155.725 0 5.07867 -1.15138 -3.58236 4.95288 0.670987 0 5.61661 1.07143 -2.95165 3.49053 0.00258079 -1.02604e-17 5.98978 0.11501 -2.40836 2.46217 -0.0257273 -1.10457e-17 6.50583 -0.443523 -1.7999 0.376747 -0.0752389 -1.97295e-17 7.60548 -1.50593 -1.20066 -1.1722 0.0447666 -2.53307e-17 9.49737 -0.914492 -0.45635 -2.55665 -0.0329833 -2.90401e-17 10.5513 1.57691 0.00235955 1.02104 -0.175553 -1.29193e-17 4.78644 0.715339 -0.136162 5.69764 4.97617 -1.8116e-17 4.82109 0.421791 -0.151056 -2.7377 2.01452 -2.00958e-17 4.83041 0.765062 0.422153 -4.34577 -0.174852 1.23299 -7.60731 7.53374 2.68594 4.18674 -1.31582 12.9547 3.2495 -3.26872 -85.1285 -3.59633 -0.0509788 29.2081 0.0598081 0.137039 1.53931 -0.0921134 -7.43842 24.234 0.0496219 0.113701 2.68833 -13.1928 -6.44717 -1.23299 -7.60729 7.53365 -13.2843 2.40743 -1.23679 -12.9547 3.2495 -3.26872 81.3564 12.1626 4.84962 -29.2081 0.0598081 0.137039 -2.6118 -0.276546 12.682 -24.234 0.0496218 0.113702 8.28712 -24.8957 1.29121 9.23673 -4.20556 2.0327 -8.34696 -3.20133 -15.545 -0.852353 -38.7721 -0.655187 -1.04035 3.88508 -0.032549 -2.32622 -40.4017 -6.04875 0.059325 -0.474068 15.3554 0.779096 -9.8844 12.4959 4.19394e-16 -7.82809e-16 9.44918e-20 -9.23673 -4.20556 2.0327 -24.441 -17.4144 12.4068 0.852353 -38.7721 -0.655187 16.9566 48.3402 -6.74295 2.32622 -40.4017 -6.04875 8.7889 3.31359 -15.6651 -0.779096 -9.8844 12.4959 9.86364e-16 -6.33295e-16 -1.28089e-14 
-6.55751 91.6454 67.2182 -6.48556 4.32789 157.801 0 5.07867 -1.15138 -3.37711 5.51441 0.740936 0 5.61661 1.07143 -2.88547 3.74313 0.12442 -1.02604e-17 5.98978 0.11501 -2.47736 2.3594 0.0748475 -1.10457e-17 6.50583 -0.443523 -1.95611 -0.251178 -0.00234648 -1.97295e-17 7.60548 -1.50593 -1.42762 -2.00932 0.0985023 -2.53307e-17 9.49737 -0.914492 -0.70183 -3.86309 0.19115 -2.90401e-17 10.5513 1.57691 0.0392342 1.08373 -0.290689 -1.29193e-17 4.78644 0.715339 -0.00926785 8.7625 4.34592 -1.8116e-17 4.82109 0.421791 0.026698 -2.65268 1.76049 -2.00958e-17 4.83041 0.765062 0.43545 -5.9056 -0.705578 1.23299 -7.60731 7.53374 4.38561 4.4235 -2.05832 12.9547 3.2495 -3.26872 -85.5616 -2.94436 0.426339 29.2081 0.0598081 0.137039 1.53834 -0.0919859 -7.43375 24.234 0.0496219 0.113701 2.19869 -13.8531 -5.73242 -1.23299 -7.60729 7.53365 -25.0968 2.48693 -3.70188 -12.9547 3.2495 -3.26872 84.0895 25.8475 2.91043 -29.2081 0.0598081 0.137039 -2.92209 -0.349068 14.2164 -24.234 0.0496218 0.113702 16.7358 -37.1552 6.15628 9.23673 -4.20556 2.0327 -8.53385 -3.6022 -17.1764 -0.852353 -38.7721 -0.655187 -0.991255 3.70187 -0.0325996 -2.32622 -40.4017 -6.04875 1.02732 -0.133122 15.2084 0.779096 -9.8844 12.4959 2.636e-17 -7.95091e-16 1.23768e-17 -9.23673 -4.20556 2.0327 -23.6639 -17.5259 13.6336 0.852353 -38.7721 -0.655187 16.6873 47.8873 -6.55071 2.32622 -40.4017 -6.04875 9.64752 3.0484 -15.6888 -0.779096 -9.8844 12.4959 1.38998e-15 -6.46003e-16 -1.28339e-14 
-6.35184 91.6281 67.1555 -6.72983 3.72528 159.731 0 5.07867 -1.15138 -3.2117 5.71238 0.836083 0 5.61661 1.07143 -2.81795 3.83868 0.279029 -1.02604e-17 5.98978 0.11501 -2.48582 2.33988 0.221534 -1.10457e-17 6.50583 -0.443523 -2.01336 -0.439211 0.140877 -1.97295e-17 7.60548 -1.50593 -1.50118 -2.1708 0.22646 -2.53307e-17 9.49737 -0.914492 -0.763267 -4.16174 0.381864 -2.90401e-17 10.5513 1.57691 0.0673523 1.10286 -0.343626 -1.29193e-17 4.78644 0.715339 0.21749 9.85331 3.66818 -1.8116e-17 4.82109 0.421791 0.138778 -2.82615 1.47989 -2.00958e-17 4.83041 0.765062 0.0052208 -6.85357 -1.33516 1.23299 -7.60731 7.53374 5.23732 4.44749 -2.40365 12.9547 3.2495 -3.26872 -86.3828 -1.53828 0.424488 29.2081 0.0598081 0.137039 1.64867 -0.106319 -7.96985 24.234 0.0496219 0.113701 2.26114 -15.0215 -5.45887 -1.23299 -7.60729 7.53365 -30.4136 2.74463 -4.61376 -12.9547 3.2495 -3.26872 86.2347 33.0631 1.85921 -29.2081 0.0598081 0.137039 -3.26974 -0.440836 15.9474 -24.234 0.0496218 0.113702 19.6423 -43.8391 9.57131 9.23673 -4.20556 2.0327 -8.57912 -4.09595 -18.9551 -0.852353 -38.7721 -0.655187 -0.980762 3.6627 -0.03259 -2.32622 -40.4017 -6.04875 1.02397 -0.104596 15.1809 0.779096 -9.8844 12.4959 2.48481e-17 -7.95139e-16 1.2424e-17 -9.23673 -4.20556 2.0327 -22.9583 -17.6609 14.3927 0.852353 -38.7721 -0.655187 16.1933 47.0341 -6.20218 2.32622 -40.4017 -6.04875 10.8382 2.46779 -15.772 -0.779096 -9.8844 12.4959 -1.77697e-15 -5.09905e-16 -1.26979e-14 
-6.12527 91.6428 67.152 -6.94994 3.17519 161.557 0 5.07867 -1.15138 -3.083 5.40071 0.903144 0 5.61661 1.07143 -2.76958 3.67003 0.396396 -1.02604e-17 5.98978 0.11501 -2.48814 2.29181 0.341847 -1.10457e-17 6.50583 -0.443523 -2.05565 -0.259892 0.263898 -1.97295e-17 7.60548 -1.50593 -1.56345 -1.76005 0.349287 -2.53307e-17 9.49737 -0.914492 -0.834082 -3.6443 0.539413 -2.90401e-17 10.5513 1.57691 0.0773804 1.07586 -0.364915 -1.29193e-17 4.78644 0.715339 0.253481 9.51575 3.02682 -1.8116e-17 4.82109 0.421791 -0.0371561 -3.03327 1.18972 -2.00958e-17 4.83041 0.765062 0.138854 -7.27384 -1.698 1.23299 -7.60731 7.53374 5.32558 4.20932 -2.47817 12.9547 3.2495 -3.26872 -86.4519 -0.654667 -0.771969 29.2081 0.0598081 0.137039 1.74475 -0.119658 -8.43727 24.234 0.0496219 0.113701 2.4983 -15.8609 -4.57607 -1.23299 -7.60729 7.53365 -32.2448 2.67093 -5.08897 -12.9547 3.2495 -3.26872 85.9774 38.0332 2.00629 -29.2081 0.0598081 0.137039 -3.93658 -0.648944 19.3089 -24.234 0.0496218 0.113702 19.3288 -49.57 9.25018 9.23673 -4.20556 2.0327 -8.6303 -4.72142 -20.5267 -0.852353 -38.7721 -0.655187 -1.03125 3.85114 -0.0325703 -2.32622 -40.4017 -6.04875 0.94653 -0.049099 15.1657 0.779096 -9.8844 12.4959 4.20906e-16 -7.82762e-16 4.72459e-20 -9.23673 -4.20556 2.0327 -22.1041 -17.7849 15.263 0.852353 -38.7721 -0.655187 15.5069 45.7991 -5.7272 2.32622 -40.4017 -6.04875 11.4662 2.05513 -15.8138 -0.779096 -9.8844 12.4959 1.91225e-16 -5.96023e-16 -1.27716e-14 
-5.87192 91.6836 67.2055 -7.1265 2.7335 163.267 0 5.07867 -1.15138 -3.1024 5.2932 0.969931 0 5.61661 1.07143 -2.81744 3.6138 0.484124 -1.02604e-17 5.98978 0.11501 -2.53518 2.2941 0.440917 -1.10457e-17 6.50583 -0.443523 -2.10324 -0.195556 0.369508 -1.97295e-17 7.60548 -1.50593 -1.58516 -1.55168 0.461565 -2.53307e-17 9.49737 -0.914492 -0.825093 -3.34426 0.647156 -2.90401e-17 10.5513 1.57691 0.0883317 1.07228 -0.366216 -1.29193e-17 4.78644 0.715339 0.350074 8.67497 2.78904 -1.8116e-17 4.82109 0.421791 0.133537 -2.99183 1.07994 -2.00958e-17 4.83041 0.765062 -0.0500282 -7.2216 -2.43779 1.23299 -7.60731 7.53374 4.88453 4.39345 -2.72205 12.9547 3.2495 -3.26872 -86.264 0.600373 -1.20261 29.2081 0.0598081 0.137039 1.88797 -0.141033 -9.13505 24.234 0.0496219 0.113701 3.08481 -17.4396 -4.27454 -1.23299 -7.60729 7.53365 -32.3397 2.80424 -5.12179 -12.9547 3.2495 -3.26872 85.0645 40.3193 1.54093 -29.2081 0.0598081 0.137039 -4.74265 -0.959803 23.463 -24.234 0.0496218 0.113702 17.1988 -52.9796 6.76551 9.23673 -4.20556 2.0327 -8.67041 -5.30308 -21.9556 -0.852353 -38.7721 -0.655187 -1.10173 4.11407 -0.0322644 -2.32622 -40.4017 -6.04875 0.783029 0.139752 15.1515 0.779096 -9.8844 12.4959 2.636e-17 -7.95091e-16 1.23768e-17 -9.23673 -4.20556 2.0327 -21.3657 -17.6725 15.8786 0.852353 -38.7721 -0.655187 14.5713 44.0188 -5.09866 2.32622 -40.4017 -6.04875 12.2519 1.13716 -15.8661 -0.779096 -9.8844 12.4959 -1.97273e-16 -5.83977e-16 -1.27595e-14 
-5.58062 91.7331 67.2775 -7.28005 2.35303 164.854 0 5.07867 -1.15138 -3.09822 5.0397 1.05996 0 5.61661 1.07143 -2.85094 3.46179 0.596337 -1.02604e-17 5.98978 0.11501 -2.577 2.25584 0.561343 -1.10457e-17 6.50583 -0.443523 -2.15572 -0.0526612 0.495946 -1.97295e-17 7.60548 -1.50593 -1.62261 -1.25161 0.597449 -2.53307e-17 9.49737 -0.914492 -0.835939 -2.93594 0.789946 -2.90401e-17 10.5513 1.57691 0.0914698 1.04652 -0.363389 -1.29193e-17 4.78644 0.715339 0.311492 8.17862 2.41835 -1.8116e-17 4.82109 0.421791 0.194226 -3.03281 0.901493 -2.00958e-17 4.83041 0.765062 0.00652685 -7.36544 -2.98301 1.23299 -7.60731 7.53374 4.76398 4.25638 -2.67161 12.9547 3.2495 -3.26872 -86.097 0.748548 -2.04576 29.2081 0.0598081 0.137039 1.93886 -0.149057 -9.38326 24.234 0.0496219 0.113701 3.26651 -17.5258 -3.70443 -1.23299 -7.60729 7.53365 -32.1525 2.76936 -5.22358 -12.9547 3.2495 -3.26872 84.1451 41.3871 1.32912 -29.2081 0.0598081 0.137039 -5.31216 -1.22138 26.4733 -24.234 0.0496218 0.113702 15.1028 -54.9597 4.28414 9.23673 -4.20556 2.0327 -8.70221 -5.83121 -23.1604 -0.852353 -38.7721 -0.655187 -1.17695 4.3946 -0.0315803 -2.32622 -40.4017 -6.04875 0.526815 0.361846 15.1596 0.779096 -9.8844 12.4959 2.48481e-17 -7.95139e-16 1.2424e-17 -9.23673 -4.20556 2.0327 -20.8043 -17.4428 16.0518 0.852353 -38.7721 -0.655187 13.5325 41.9029 -4.42846 2.32622 -40.4017 -6.04875 12.3484 0.271829 -15.9276 -0.779096 -9.8844 12.4959 -1.98785e-16 -5.8393e-16 -1.27595e-14 
-5.25129 91.769 67.3493 -7.43276 1.9367 166.406 0 5.07867 -1.15138 -3.07883 4.91814 1.13985 0 5.61661 1.07143 -2.85928 3.3778 0.697303 -1.02604e-17 5.98978 0.11501 -2.59065 2.2367 0.670282 -1.10457e-17 6.50583 -0.443523 -2.18147 0.0166699 0.611202 -1.97295e-17 7.60548 -1.50593 -1.63398 -1.10341 0.722009 -2.53307e-17 9.49737 -0.914492 -0.823188 -2.72211 0.907996 -2.90401e-17 10.5513 1.57691 0.0953837 1.02889 -0.355219 -1.29193e-17 4.78644 0.715339 0.247376 7.79976 2.08995 -1.8116e-17 4.82109 0.421791 0.272472 -3.19283 0.740698 -2.00958e-17 4.83041 0.765062 -0.102756 -7.32168 -3.5435 1.23299 -7.60731 7.53374 4.82229 4.24658 -2.55216 12.9547 3.2495 -3.26872 -86.3967 1.71577 -2.50427 29.2081 0.0598081 0.137039 1.95594 -0.1518 -9.46661 24.234 0.0496219 0.113701 3.614 -18.269 -3.54769 -1.23299 -7.60729 7.53365 -31.2833 2.79854 -5.19945 -12.9547 3.2495 -3.26872 83.2755 40.7731 1.18074 -29.2081 0.0598081 0.137039 -5.66784 -1.40363 28.3914 -24.234 0.0496218 0.113702 12.9799 -55.0028 1.88735 9.23673 -4.20556 2.0327 -8.72064 -6.3725 -24.255 -0.852353 -38.7721 -0.655187 -1.2478 4.65876 -0.0305981 -2.32622 -40.4017 -6.04875 0.226113 0.493292 15.1815 0.779096 -9.8844 12.4959 -3.71209e-16 -8.07516e-16 2.48008e-17 -9.23673 -4.20556 2.0327 -20.4504 -17.1262 15.8384 0.852353 -38.7721 -0.655187 12.4201 39.4652 -3.74661 2.32622 -40.4017 -6.04875 12.3071 -0.9541 -16.0088 -0.779096 -9.8844 12.4959 -1.38696e-15 -5.34423e-16 -1.271e-14 
-4.87398 91.7979 67.4329 -7.58328 1.61366 167.905 0 5.07867 -1.15138 -3.08402 4.93572 1.19025 0 5.61661 1.07143 -2.88144 3.37249 0.760832 -1.02604e-17 5.98978 0.11501 -2.6171 2.22324 0.73885 -1.10457e-17 6.50583 -0.443523 -2.2149 -0.0173574 0.683735 -1.97295e-17 7.60548 -1.50593 -1.65563 -1.13598 0.800495 -2.53307e-17 9.49737 -0.914492 -0.821304 -2.76916 0.990606 -2.90401e-17 10.5513 1.57691 0.102646 1.02526 -0.352656 -1.29193e-17 4.78644 0.715339 0.203314 7.60207 1.87138 -1.8116e-17 4.82109 0.421791 0.309788 -3.19644 0.63184 -2.00958e-17 4.83041 0.765062 -0.157909 -7.20496 -3.99405 1.23299 -7.60731 7.53374 5.15286 4.30896 -2.4563 12.9547 3.2495 -3.26872 -86.7539 2.10827 -2.76601 29.2081 0.0598081 0.137039 1.91388 -0.145087 -9.26138 24.234 0.0496219 0.113701 3.67349 -18.5716 -3.51074 -1.23299 -7.60729 7.53365 -31.159 2.88172 -5.22101 -12.9547 3.2495 -3.26872 82.6944 40.3937 1.24108 -29.2081 0.0598081 0.137039 -5.82817 -1.49077 29.2668 -24.234 0.0496218 0.113702 12.6345 -54.7797 1.25224 9.23673 -4.20556 2.0327 -8.76254 -6.81324 -25.3309 -0.852353 -38.7721 -0.655187 -1.31684 4.916 -0.0293261 -2.32622 -40.4017 -6.04875 0.0255808 0.672212 15.1955 0.779096 -9.8844 12.4959 4.19394e-16 -7.82809e-16 9.44918e-20 -9.23673 -4.20556 2.0327 -20.1163 -16.7234 15.7585 0.852353 -38.7721 -0.655187 11.3078 36.84 -3.10598 2.32622 -40.4017 -6.04875 11.8758 -2.14632 -16.098 -0.779096 -9.8844 12.4959 5.88795e-16 -6.20871e-16 -1.27964e-14 
-4.43009 91.8332 67.5215 -7.73049 1.42971 169.252 0 5.07867 -1.15138 -3.10912 5.00903 1.23149 0 5.61661 1.07143 -2.91285 3.40799 0.807706 -1.02604e-17 5.98978 0.11501 -2.6464 2.24088 0.788476 -1.10457e-17 6.50583 -0.443523 -2.24402 -0.0431238 0.735974 -1.97295e-17 7.60548 -1.50593 -1.6701 -1.18659 0.857788 -2.53307e-17 9.49737 -0.914492 -0.811869 -2.85225 1.04976 -2.90401e-17 10.5513 1.57691 0.109935 1.01773 -0.35607 -1.29193e-17 4.78644 0.715339 0.193768 7.54492 1.6452 -1.8116e-17 4.82109 0.421791 0.390513 -3.29716 0.523928 -2.00958e-17 4.83041 0.765062 -0.282417 -7.08434 -4.15927 1.23299 -7.60731 7.53374 5.49621 4.40199 -2.40759 12.9547 3.2495 -3.26872 -87.0238 2.48495 -2.8769 29.2081 0.0598081 0.137039 1.85636 -0.136157 -8.98092 24.234 0.0496219 0.113701 3.5858 -19.1011 -3.58431 -1.23299 -7.60729 7.53365 -31.1934 2.96597 -5.27026 -12.9547 3.2495 -3.26872 82.3635 40.0193 1.53366 -29.2081 0.0598081 0.137039 -5.85798 -1.50733 29.4304 -24.234 0.0496218 0.113702 12.7617 -54.1472 1.39816 9.23673 -4.20556 2.0327 -8.77596 -7.11152 -26.3738 -0.852353 -38.7721 -0.655187 -1.38349 5.16425 -0.027803 -2.32622 -40.4017 -6.04875 -0.315179 0.859796 15.2275 0.779096 -9.8844 12.4959 2.636e-17 -7.95091e-16 1.23768e-17 -9.23673 -4.20556 2.0327 -19.5994 -16.192 16.3462 0.852353 -38.7721 -0.655187 10.1641 33.9359 -2.49485 2.32622 -40.4017 -6.04875 11.3392 -3.46388 -16.232 -0.779096 -9.8844 12.4959 1.78453e-15 -6.70709e-16 -1.28463e-14 
-3.93133 91.8639 67.5897 -7.88786 1.26682 170.516 0 5.07867 -1.15138 -3.13925 5.04036 1.24781 0 5.61661 1.07143 -2.94218 3.42742 0.822549 -1.02604e-17 5.98978 0.11501 -2.67078 2.26441 0.804334 -1.10457e-17 6.50583 -0.443523 -2.26557 -0.0200416 0.752079 -1.97295e-17 7.60548 -1.50593 -1.68369 -1.1811 0.878613 -2.53307e-17 9.49737 -0.914492 -0.812708 -2.87112 1.07487 -2.90401e-17 10.5513 1.57691 0.11509 0.997888 -0.364702 -1.29193e-17 4.78644 0.715339 0.178652 7.55751 1.48036 -1.8116e-17 4.82109 0.421791 0.430979 -3.40279 0.442992 -2.00958e-17 4.83041 0.765062 -0.350492 -7.1047 -4.1279 1.23299 -7.60731 7.53374 5.728 4.48411 -2.40415 12.9547 3.2495 -3.26872 -87.0321 2.76202 -3.01859 29.2081 0.0598081 0.137039 1.79005 -0.12622 -8.65784 24.234 0.0496219 0.113701 3.33799 -19.8515 -3.64052 -1.23299 -7.60729 7.53365 -31.2744 2.97326 -5.33674 -12.9547 3.2495 -3.26872 81.6652 39.8625 2.27304 -29.2081 0.0598081 0.137039 -5.82741 -1.49035 29.2627 -24.234 0.0496218 0.113702 13.3965 -53.6349 2.07599 9.23673 -4.20556 2.0327 -8.77421 -7.3646 -27.3802 -0.852353 -38.7721 -0.655187 -1.44793 5.40413 -0.0260551 -2.32622 -40.4017 -6.04875 -0.692397 1.01254 15.2726 0.779096 -9.8844 12.4959 2.48481e-17 -7.95139e-16 1.2424e-17 -9.23673 -4.20556 2.0327 -18.8544 -15.632 17.6857 0.852353 -38.7721 -0.655187 9.02015 30.8179 -1.93709 2.32622 -40.4017 -6.04875 10.7046 -4.6949 -16.402 -0.779096 -9.8844 12.4959 -1.91225e-16 -5.84261e-16 -1.27598e-14 
-3.38018 91.8928 67.6255 -8.03405 1.16352 171.766 0 5.07867 -1.15138 -3.23073 5.04976 1.23815 0 5.61661 1.07143 -3.01365 3.43846 0.797699 -1.02604e-17 5.98978 0.11501 -2.72063 2.27731 0.778325 -1.10457e-17 6.50583 -0.443523 -2.29548 -0.0175762 0.723994 -1.97295e-17 7.60548 -1.50593 -1.69664 -1.18599 0.856161 -2.53307e-17 9.49737 -0.914492 -0.810418 -2.91672 1.05475 -2.90401e-17 10.5513 1.57691 0.121464 0.984132 -0.38535 -1.29193e-17 4.78644 0.715339 0.240332 7.71463 1.51161 -1.8116e-17 4.82109 0.421791 0.491775 -3.45679 0.458923 -2.00958e-17 4.83041 0.765062 -0.361296 -7.15247 -4.10793 1.23299 -7.60731 7.53374 5.94435 4.55027 -2.37181 12.9547 3.2495 -3.26872 -86.896 3.08954 -3.0105 29.2081 0.0598081 0.137039 1.72778 -0.117235 -8.35467 24.234 0.0496219 0.113701 3.14418 -20.8056 -3.54862 -1.23299 -7.60729 7.53365 -31.8619 2.98143 -5.54486 -12.9547 3.2495 -3.26872 81.9946 40.387 2.95745 -29.2081 0.0598081 0.137039 -5.82659 -1.4899 29.2582 -24.234 0.0496218 0.113702 13.2746 -53.2773 2.26614 9.23673 -4.20556 2.0327 -8.7605 -7.50907 -28.363 -0.852353 -38.7721 -0.655187 -1.50191 5.60497 -0.0243826 -2.32622 -40.4017 -6.04875 -0.841088 1.23697 15.2812 0.779096 -9.8844 12.4959 2.48481e-17 -7.95139e-16 1.2424e-17 -9.23673 -4.20556 2.0327 -17.9801 -14.9702 19.4751 0.852353 -38.7721 -0.655187 7.89701 27.5477 -1.44679 2.32622 -40.4017 -6.04875 10.1843 -5.74014 -16.5676 -0.779096 -9.8844 12.4959 -1.38696e-15 -5.34423e-16 -1.271e-14 
-2.77781 91.9279 67.6252 -8.14929 1.13329 173.015 0 5.07867 -1.15138 -3.35913 5.11058 1.19052 0 5.61661 1.07143 -3.10909 3.48875 0.728152 -1.02604e-17 5.98978 0.11501 -2.78629 2.29721 0.706356 -1.10457e-17 6.50583 -0.443523 -2.32704 -0.0553531 0.64798 -1.97295e-17 7.60548 -1.50593 -1.70852 -1.24452 0.782366 -2.53307e-17 9.49737 -0.914492 -0.808563 -3.05563 0.98359 -2.90401e-17 10.5513 1.57691 0.134586 0.979919 -0.418918 -1.29193e-17 4.78644 0.715339 0.392154 8.01997 1.83743 -1.8116e-17 4.82109 0.421791 0.611793 -3.3636 0.619584 -2.00958e-17 4.83041 0.765062 -0.433418 -7.28199 -4.25017 1.23299 -7.60731 7.53374 6.33189 4.61639 -2.29841 12.9547 3.2495 -3.26872 -86.7792 3.17067 -2.80801 29.2081 0.0598081 0.137039 1.67465 -0.109834 -8.0962 24.234 0.0496219 0.113701 2.83806 -21.6807 -3.37857 -1.23299 -7.60729 7.53365 -33.4213 3.01584 -5.92754 -12.9547 3.2495 -3.26872 82.8507 41.6607 3.65093 -29.2081 0.0598081 0.137039 -5.94409 -1.55578 29.9043 -24.234 0.0496218 0.113702 13.2461 -53.5098 2.18562 9.23673 -4.20556 2.0327 -8.6892 -7.52957 -29.2421 -0.852353 -38.7721 -0.655187 -1.54325 5.75873 -0.0229732 -2.32622 -40.4017 -6.04875 -1.0851 1.47685 15.2988 0.779096 -9.8844 12.4959 2.48481e-17 -7.95139e-16 1.2424e-17 -9.23673 -4.20556 2.0327 -17.062 -14.3063 21.4163 0.852353 -38.7721 -0.655187 6.8935 24.454 -1.06104 2.32622 -40.4017 -6.04875 9.84985 -6.48578 -16.6796 -0.779096 -9.8844 12.4959 5.88771e-16 -6.2087e-16 -1.27964e-14 
-2.13088 91.9709 67.5828 -8.23129 1.22699 174.217 0 5.07867 -1.15138 -3.379 5.16913 1.14855 0 5.61661 1.07143 -3.11546 3.55094 0.68093 -1.02604e-17 5.98978 0.11501 -2.78691 2.36589 0.659444 -1.10457e-17 6.50583 -0.443523 -2.31881 0.0158657 0.599218 -1.97295e-17 7.60548 -1.50593 -1.70566 -1.18242 0.732857 -2.53307e-17 9.49737 -0.914492 -0.815582 -3.0177 0.938851 -2.90401e-17 10.5513 1.57691 0.140937 0.950957 -0.44046 -1.29193e-17 4.78644 0.715339 0.455719 8.10842 2.04166 -1.8116e-17 4.82109 0.421791 0.579142 -3.35711 0.713374 -2.00958e-17 4.83041 0.765062 -0.490465 -7.3016 -4.36564 1.23299 -7.60731 7.53374 6.49677 4.67698 -2.38965 12.9547 3.2495 -3.26872 -86.5832 3.4618 -2.78432 29.2081 0.0598081 0.137039 1.63029 -0.103841 -7.88045 24.234 0.0496219 0.113701 2.44379 -22.83 -3.21723 -1.23299 -7.60729 7.53365 -34.1558 2.97456 -6.0537 -12.9547 3.2495 -3.26872 82.3816 42.1673 4.29879 -29.2081 0.0598081 0.137039 -6.06618 -1.62608 30.5799 -24.234 0.0496218 0.113702 13.8201 -53.7317 2.70967 9.23673 -4.20556 2.0327 -8.5209 -7.38429 -30.0487 -0.852353 -38.7721 -0.655187 -1.57222 5.86645 -0.0219192 -2.32622 -40.4017 -6.04875 -1.72785 1.60051 15.3743 0.779096 -9.8844 12.4959 -3.71205e-16 -8.07515e-16 2.48007e-17 -9.23673 -4.20556 2.0327 -16.1001 -13.5914 23.3537 0.852353 -38.7721 -0.655187 5.98465 21.5187 -0.757477 2.32622 -40.4017 -6.04875 9.64102 -6.63622 -16.8029 -0.779096 -9.8844 12.4959 -9.87857e-16 -5.46942e-16 -1.27225e-14 
-1.46207 92.0075 67.4964 -8.30374 1.37252 175.361 0 5.07867 -1.15138 -3.45399 5.21472 1.10856 0 5.61661 1.07143 -3.17056 3.60656 0.627689 -1.02604e-17 5.98978 0.11501 -2.82687 2.4105 0.605894 -1.10457e-17 6.50583 -0.443523 -2.338 0.0340056 0.542907 -1.97295e-17 7.60548 -1.50593 -1.71606 -1.16733 0.675691 -2.53307e-17 9.49737 -0.914492 -0.819681 -3.05026 0.890274 -2.90401e-17 10.5513 1.57691 0.156425 0.948388 -0.471855 -1.29193e-17 4.78644 0.715339 0.624606 8.30779 2.39038 -1.8116e-17 4.82109 0.421791 0.605722 -3.1477 0.88235 -2.00958e-17 4.83041 0.765062 -0.50669 -7.34581 -4.62683 1.23299 -7.60731 7.53374 6.66607 4.71088 -2.42651 12.9547 3.2495 -3.26872 -86.3007 3.61417 -2.7014 29.2081 0.0598081 0.137039 1.56578 -0.0954295 -7.56695 24.234 0.0496219 0.113701 2.14121 -23.8337 -2.91731 -1.23299 -7.60729 7.53365 -35.8615 2.99704 -6.42104 -12.9547 3.2495 -3.26872 82.5991 44.1466 4.96244 -29.2081 0.0598081 0.137039 -6.28084 -1.75442 31.7789 -24.234 0.0496218 0.113702 14.0883 -55.1524 3.10175 9.23673 -4.20556 2.0327 -8.33793 -7.12716 -30.8136 -0.852353 -38.7721 -0.655187 -1.5827 5.90541 -0.0215244 -2.32622 -40.4017 -6.04875 -1.88489 1.85419 15.3722 0.779096 -9.8844 12.4959 4.19384e-16 -7.82809e-16 9.4788e-20 -9.23673 -4.20556 2.0327 -15.189 -12.7874 24.9638 0.852353 -38.7721 -0.655187 5.12575 18.6363 -0.513002 2.32622 -40.4017 -6.04875 9.6508 -6.36095 -16.8977 -0.779096 -9.8844 12.4959 9.8634e-16 -6.33294e-16 -1.28089e-14 
-0.758484 92.0075 67.386 -8.46977 1.43845 176.448 0 5.07867 -1.15138 -3.5594 5.16284 1.10808 0 5.61661 1.07143 -3.2508 3.60342 0.607421 -1.02604e-17 5.98978 0.11501 -2.8762 2.45034 0.584381 -1.10457e-17 6.50583 -0.443523 -2.35989 0.11491 0.51885 -1.97295e-17 7.60548 -1.50593 -1.71605 -1.03745 0.660581 -2.53307e-17 9.49737 -0.914492 -0.807427 -2.91379 0.862694 -2.90401e-17 10.5513 1.57691 0.158987 0.944163 -0.501907 -1.29193e-17 4.78644 0.715339 0.702479 8.69509 2.7528 -1.8116e-17 4.82109 0.421791 0.587831 -3.18069 1.05335 -2.00958e-17 4.83041 0.765062 -0.431114 -7.58014 -5.08452 1.23299 -7.60731 7.53374 6.98095 4.62652 -2.25899 12.9547 3.2495 -3.26872 -86.233 4.45687 -2.71386 29.2081 0.0598081 0.137039 1.52609 -0.0904322 -7.37416 24.234 0.0496219 0.113701 1.97469 -25.2081 -2.55426 -1.23299 -7.60729 7.53365 -36.3081 2.91953 -6.75047 -12.9547 3.2495 -3.26872 83.9259 44.8092 5.59034 -29.2081 0.0598081 0.137039 -6.53038 -1.91142 33.1916 -24.234 0.0496218 0.113702 10.7443 -55.0644 0.135897 9.23673 -4.20556 2.0327 -8.19761 -6.9897 -31.5782 -0.852353 -38.7721 -0.655187 -1.61268 6.01684 -0.0203557 -2.32622 -40.4017 -6.04875 -2.29061 1.90931 15.4091 0.779096 -9.8844 12.4959 -3.69688e-16 -8.07468e-16 2.47533e-17 -9.23673 -4.20556 2.0327 -14.3497 -12.2549 26.219 0.852353 -38.7721 -0.655187 4.42676 16.2201 -0.345864 2.32622 -40.4017 -6.04875 9.45444 -5.60423 -16.9051 -0.779096 -9.8844 12.4959 -1.38239e-15 -5.34613e-16 -1.27102e-14 
-0.0356484 91.9516 67.2647 -8.76999 1.42857 177.403 0 5.07867 -1.15138 -3.65728 5.29788 1.06252 0 5.61661 1.07143 -3.32629 3.70121 0.545207 -1.02604e-17 5.98978 0.11501 -2.93097 2.49917 0.523729 -1.10457e-17 6.50583 -0.443523 -2.38754 0.0786705 0.454021 -1.97295e-17 7.60548 -1.50593 -1.73282 -1.10899 0.60031 -2.53307e-17 9.49737 -0.914492 -0.817362 -3.05074 0.801315 -2.90401e-17 10.5513 1.57691 0.169132 0.943664 -0.522378 -1.29193e-17 4.78644 0.715339 0.743395 8.69529 3.11743 -1.8116e-17 4.82109 0.421791 0.588035 -2.88614 1.21801 -2.00958e-17 4.83041 0.765062 -0.420305 -7.61814 -5.29294 1.23299 -7.60731 7.53374 7.3604 4.81937 -2.2651 12.9547 3.2495 -3.26872 -86.2909 4.80057 -2.33146 29.2081 0.0598081 0.137039 1.49629 -0.0867698 -7.22947 24.234 0.0496219 0.113701 1.51076 -26.5693 -2.66808 -1.23299 -7.60729 7.53365 -37.0395 2.91158 -6.87595 -12.9547 3.2495 -3.26872 83.474 44.8679 6.28718 -29.2081 0.0598081 0.137039 -6.81938 -2.10424 34.8557 -24.234 0.0496218 0.113702 10.632 -55.187 -0.69851 9.23673 -4.20556 2.0327 -8.12537 -6.90661 -32.0824 -0.852353 -38.7721 -0.655187 -1.6299 6.08081 -0.0196581 -2.32622 -40.4017 -6.04875 -3.02522 1.6826 15.5097 0.779096 -9.8844 12.4959 8.15437e-16 -7.58056e-16 -2.46585e-17 -9.23673 -4.20556 2.0327 -13.6848 -12.1484 26.9842 0.852353 -38.7721 -0.655187 4.02681 14.8121 -0.26348 2.32622 -40.4017 -6.04875 9.61693 -4.78311 -16.8826 -0.779096 -9.8844 12.4959 4.15325e-15 -7.6939e-16 -1.2945e-14 
0.708066 91.8546 67.1301 -9.21724 1.30861 178.21 0 5.07867 -1.15138 -4.03432 5.93015 1.13849 0 5.61661 1.07143 -3.66617 3.99951 0.638417 -1.02604e-17 5.98978 0.11501 -3.191 2.43447 0.630931 -1.10457e-17 6.50583 -0.443523 -2.5302 -0.647537 0.559213 -1.97295e-17 7.60548 -1.50593 -1.71582 -1.98706 0.704566 -2.53307e-17 9.49737 -0.914492 -0.628739 -4.34926 0.856373 -2.90401e-17 10.5513 1.57691 0.223645 1.08689 -0.558518 -1.29193e-17 4.78644 0.715339 1.32233 9.9619 2.10942 -1.8116e-17 4.82109 0.421791 0.749047 -2.29836 0.768823 -2.00958e-17 4.83041 0.765062 -0.41645 -7.52935 -4.39481 1.23299 -7.60731 7.53374 12.0847 5.17262 -1.24657 12.9547 3.2495 -3.26872 -83.9506 11.0681 -0.771727 29.2081 0.0598081 0.137039 1.51896 -0.0895402 -7.33955 24.234 0.0496219 0.113701 -5.24681 -32.1527 -3.65867 -1.23299 -7.60729 7.53365 -41.5871 3.70243 -7.53553 -12.9547 3.2495 -3.26872 90.2076 48.5222 4.57892 -29.2081 0.0598081 0.137039 -7.12783 -2.32384 36.6682 -24.234 0.0496218 0.113702 6.59388 -56.3569 -3.63057 9.23673 -4.20556 2.0327 -8.18139 -6.8405 -32.5397 -0.852353 -38.7721 -0.655187 -1.61116 6.01118 -0.0204165 -2.32622 -40.4017 -6.04875 -2.66532 1.79036 15.3949 0.779096 -9.8844 12.4959 -3.68171e-16 -8.07373e-16 2.46585e-17 -9.23673 -4.20556 2.0327 -13.7887 -11.672 25.6821 0.852353 -38.7721 -0.655187 3.6763 13.5642 -0.199368 2.32622 -40.4017 -6.04875 11.1297 -5.25242 -16.845 -0.779096 -9.8844 12.4959 -5.78155e-16 -5.59888e-16 -1.27478e-14 
1.53935 91.5626 67.0328 -9.84148 0.92034 178.877 0 5.07867 -1.15138 -4.41863 6.57862 1.12999 0 5.61661 1.07143 -3.99872 4.3216 0.674488 -1.02604e-17 5.98978 0.11501 -3.43093 2.43481 0.692395 -1.10457e-17 6.50583 -0.443523 -2.62691 -1.18029 0.616296 -1.97295e-17 7.60548 -1.50593 -1.64279 -2.6729 0.7534 -2.53307e-17 9.49737 -0.914492 -0.396278 -5.45775 0.821857 -2.90401e-17 10.5513 1.57691 0.313377 1.13347 -0.576752 -1.29193e-17 4.78644 0.715339 1.79087 10.6825 2.15928 -1.8116e-17 4.82109 0.421791 0.977984 -2.18241 0.793187 -2.00958e-17 4.83041 0.765062 -1.12659 -7.39956 -4.72908 1.23299 -7.60731 7.53374 18.0774 6.16392 -1.019 12.9547 3.2495 -3.26872 -83.9005 21.8474 1.17111 29.2081 0.0598081 0.137039 1.84207 -0.13396 -8.91123 24.234 0.0496219 0.113701 -12.6813 -42.7134 -7.815 -1.23299 -7.60729 7.53365 -44.707 4.0852 -7.25315 -12.9547 3.2495 -3.26872 92.2415 48.0933 3.55951 -29.2081 0.0598081 0.137039 -7.61862 -2.70499 39.6409 -24.234 0.0496218 0.113702 6.92533 -56.5939 -5.06991 9.23673 -4.20556 2.0327 -8.31702 -7.35843 -32.5423 -0.852353 -38.7721 -0.655187 -1.67861 6.26175 -0.0175799 -2.32622 -40.4017 -6.04875 -4.30903 1.89169 15.5687 0.779096 -9.8844 12.4959 1.21149e-15 -7.45679e-16 -3.70352e-17 -9.23673 -4.20556 2.0327 -14.5716 -11.5 24.4188 0.852353 -38.7721 -0.655187 3.86721 14.2454 -0.233343 2.32622 -40.4017 -6.04875 10.3069 -13.6582 -15.3077 -0.779096 -9.8844 12.4959 -4.16083e-15 -4.10562e-16 -1.25862e-14 
2.39274 91.6435 66.8723 -10.5238 0.206588 179.397 0 5.07867 -1.15138 -4.6968 6.27758 1.0595 0 5.61661 1.07143 -4.22333 4.11023 0.611818 -1.02604e-17 5.98978 0.11501 -3.59295 2.3116 0.639468 -1.10457e-17 6.50583 -0.443523 -2.70299 -1.13055 0.550449 -1.97295e-17 7.60548 -1.50593 -1.64888 -2.46901 0.695555 -2.53307e-17 9.49737 -0.914492 -0.357957 -5.27393 0.734909 -2.90401e-17 10.5513 1.57691 0.346015 1.04504 -0.583248 -1.29193e-17 4.78644 0.715339 1.86542 10.779 1.79185 -1.8116e-17 4.82109 0.421791 0.333738 -2.29087 0.576459 -2.00958e-17 4.83041 0.765062 -0.526079 -7.88999 -3.54788 1.23299 -7.60731 7.53374 22.0806 6.6049 -1.319 12.9547 3.2495 -3.26872 -83.1251 28.907 2.02536 29.2081 0.0598081 0.137039 2.10605 -0.17699 -10.1999 24.234 0.0496219 0.113701 -20.4465 -50.7282 -13.5555 -1.23299 -7.60729 7.53365 -45.2958 3.77667 -6.7898 -12.9547 3.2495 -3.26872 90.6604 49.068 4.9842 -29.2081 0.0598081 0.137039 -7.6631 -2.74159 39.9163 -24.234 0.0496218 0.113702 8.19713 -58.0172 -2.99461 9.23673 -4.20556 2.0327 -8.46281 -7.99533 -32.6623 -0.852353 -38.7721 -0.655187 -1.6436 6.13172 -0.019089 -2.32622 -40.4017 -6.04875 -5.43834 2.36079 15.7277 0.779096 -9.8844 12.4959 4.25451e-16 -7.82572e-16 -1.42182e-19 -9.23673 -4.20556 2.0327 -14.9405 -12.2938 24.0111 0.852353 -38.7721 -0.655187 3.85301 14.1948 -0.230739 2.32622 -40.4017 -6.04875 10.5473 -12.9513 -15.4299 -0.779096 -9.8844 12.4959 -6.10003e-16 -5.58513e-16 -1.27465e-14 
3.33225 91.8777 66.797 -11.0061 -0.349521 179.753 0 5.07867 -1.15138 -5.11116 5.88627 0.914503 0 5.61661 1.07143 -4.53069 3.85567 0.397431 -1.02604e-17 5.98978 0.11501 -3.78402 2.15377 0.422173 -1.10457e-17 6.50583 -0.443523 -2.7758 -1.11499 0.31279 -1.97295e-17 7.60548 -1.50593 -1.6408 -2.28577 0.479905 -2.53307e-17 9.49737 -0.914492 -0.329743 -5.06409 0.462635 -2.90401e-17 10.5513 1.57691 0.363696 1.01291 -0.618678 -1.29193e-17 4.78644 0.715339 1.90691 11.0106 2.66357 -1.8116e-17 4.82109 0.421791 0.38473 -2.43534 0.971255 -2.00958e-17 4.83041 0.765062 -0.376512 -8.34352 -3.01277 1.23299 -7.60731 7.53374 24.3323 7.06277 -1.47942 12.9547 3.2495 -3.26872 -83.3881 32.8066 2.93461 29.2081 0.0598081 0.137039 2.28283 -0.209229 -11.0655 24.234 0.0496219 0.113701 -25.1363 -56.3526 -17.8264 -1.23299 -7.60729 7.53365 -45.3784 3.42749 -6.70321 -12.9547 3.2495 -3.26872 88.5772 51.35 8.89051 -29.2081 0.0598081 0.137039 -7.68795 -2.7622 40.0706 -24.234 0.0496218 0.113702 6.77966 -59.2521 -3.91348 9.23673 -4.20556 2.0327 -8.4037 -8.64949 -32.7149 -0.852353 -38.7721 -0.655187 -1.64402 6.13326 -0.0190716 -2.32622 -40.4017 -6.04875 -6.14549 3.31042 15.826 0.779096 -9.8844 12.4959 4.22417e-16 -7.82715e-16 2.88531e-33 -9.23673 -4.20556 2.0327 -15.1068 -12.6842 23.9993 0.852353 -38.7721 -0.655187 3.69433 13.6287 -0.20248 2.32622 -40.4017 -6.04875 10.6517 -12.7672 -15.3391 -0.779096 -9.8844 12.4959 -3.36872e-15 -4.47692e-16 -1.26233e-14 
4.28651 92.1718 66.8826 -11.0623 -0.584712 179.993 0 5.07867 -1.15138 -5.19975 5.25966 0.871965 0 5.61661 1.07143 -4.53174 3.51305 0.277488 -1.02604e-17 5.98978 0.11501 -3.71846 2.16196 0.283277 -1.10457e-17 6.50583 -0.443523 -2.6902 -0.576514 0.146233 -1.97295e-17 7.60548 -1.50593 -1.5965 -1.54591 0.363375 -2.53307e-17 9.49737 -0.914492 -0.390829 -3.98329 0.25502 -2.90401e-17 10.5513 1.57691 0.275228 0.915974 -0.622869 -1.29193e-17 4.78644 0.715339 1.11229 11.8713 2.72041 -1.8116e-17 4.82109 0.421791 -0.0883889 -4.03835 0.943899 -2.00958e-17 4.83041 0.765062 0.782962 -9.43356 -1.45955 1.23299 -7.60731 7.53374 24.156 6.89476 -1.44746 12.9547 3.2495 -3.26872 -83.1098 33.8503 2.52212 29.2081 0.0598081 0.137039 2.38444 -0.22902 -11.5642 24.234 0.0496219 0.113701 -26.3765 -59.7961 -19.2679 -1.23299 -7.60729 7.53365 -38.3391 2.29699 -6.1489 -12.9547 3.2495 -3.26872 86.9132 46.3914 13.0519 -29.2081 0.0598081 0.137039 -7.0728 -2.28357 36.342 -24.234 0.0496218 0.113702 2.8138 -52.0503 -7.57451 9.23673 -4.20556 2.0327 -7.9731 -9.29672 -33.0737 -0.852353 -38.7721 -0.655187 -1.72738 6.44285 -0.0153439 -2.32622 -40.4017 -6.04875 -7.69519 4.13829 16.2669 0.779096 -9.8844 12.4959 -7.65741e-16 -8.32221e-16 4.95066e-17 -9.23673 -4.20556 2.0327 -14.5798 -13.2921 23.3217 0.852353 -38.7721 -0.655187 3.74348 13.8043 -0.211065 2.32622 -40.4017 -6.04875 8.62532 -11.3986 -15.4587 -0.779096 -9.8844 12.4959 5.81188e-16 -6.20539e-16 -1.27961e-14 
5.1625 92.5003 67.0417 -10.7976 -0.553314 -179.832 0 5.07867 -1.15138 -4.98431 4.83963 0.71253 0 5.61661 1.07143 -4.20808 3.35091 0.0815044 -1.02604e-17 5.98978 0.11501 -3.37262 2.31043 0.088628 -1.10457e-17 6.50583 -0.443523 -2.37204 0.0739383 -0.0478648 -1.97295e-17 7.60548 -1.50593 -1.38815 -0.843392 0.18657 -2.53307e-17 9.49737 -0.914492 -0.356323 -2.93695 -0.0315512 -2.90401e-17 10.5513 1.57691 0.190337 0.806584 -0.528691 -1.29193e-17 4.78644 0.715339 0.168115 10.7021 3.37245 -1.8116e-17 4.82109 0.421791 -0.903135 -4.71784 1.18494 -2.00958e-17 4.83041 0.765062 1.32259 -9.72661 -0.66494 1.23299 -7.60731 7.53374 22.9574 6.84612 -0.937712 12.9547 3.2495 -3.26872 -86.3845 33.9424 1.43851 29.2081 0.0598081 0.137039 2.3901 -0.230159 -11.592 24.234 0.0496219 0.113701 -20.5532 -62.4611 -15.9985 -1.23299 -7.60729 7.53365 -27.4211 1.15195 -3.87402 -12.9547 3.2495 -3.26872 82.6049 36.6859 17.8508 -29.2081 0.0598081 0.137039 -5.54274 -1.33779 27.7132 -24.234 0.0496218 0.113702 3.55136 -40.6143 -4.83733 9.23673 -4.20556 2.0327 -7.35289 -9.78123 -33.4182 -0.852353 -38.7721 -0.655187 -1.83661 6.84804 -0.00977604 -2.32622 -40.4017 -6.04875 -9.15632 5.08181 16.8909 0.779096 -9.8844 12.4959 -2.75055e-15 -9.19047e-16 1.36333e-16 -9.23673 -4.20556 2.0327 -13.7502 -13.8576 22.301 0.852353 -38.7721 -0.655187 3.8418 14.1549 -0.228691 2.32622 -40.4017 -6.04875 6.71901 -9.41754 -15.5798 -0.779096 -9.8844 12.4959 -1.95751e-16 -5.84072e-16 -1.27596e-14 
5.94055 92.7941 67.0445 -10.4965 -0.291284 -179.666 0 5.07867 -1.15138 -4.84404 4.89453 0.582348 0 5.61661 1.07143 -3.93958 3.43119 -0.0611819 -1.02604e-17 5.98978 0.11501 -3.04576 2.46978 -0.0396255 -1.10457e-17 6.50583 -0.443523 -2.02808 0.361427 -0.148014 -1.97295e-17 7.60548 -1.50593 -1.05746 -0.698928 0.0718825 -2.53307e-17 9.49737 -0.914492 -0.0787095 -2.58876 -0.261048 -2.90401e-17 10.5513 1.57691 0.144422 0.776253 -0.392229 -1.29193e-17 4.78644 0.715339 0.0380702 7.78536 2.48715 -1.8116e-17 4.82109 0.421791 -1.40074 -4.60665 0.741264 -2.00958e-17 4.83041 0.765062 1.21879 -7.94335 1.75992 1.23299 -7.60731 7.53374 21.2878 7.10023 -0.777254 12.9547 3.2495 -3.26872 -85.916 33.2208 0.737136 29.2081 0.0598081 0.137039 2.10189 -0.176286 -10.1795 24.234 0.0496219 0.113701 -23.1384 -62.988 -18.8907 -1.23299 -7.60729 7.53365 -17.5855 1.48645 -0.610887 -12.9547 3.2495 -3.26872 79.5453 28.2155 21.2301 -29.2081 0.0598081 0.137039 -3.80269 -0.603666 18.6292 -24.234 0.0496218 0.113702 2.28583 -30.4829 -0.393254 9.23673 -4.20556 2.0327 -6.73816 -9.95722 -33.7939 -0.852353 -38.7721 -0.655187 -1.96809 7.3351 -0.00204555 -2.32622 -40.4017 -6.04875 -10.0213 6.11458 17.3638 0.779096 -9.8844 12.4959 2.39055e-15 -6.96599e-16 -8.61152e-17 -9.23673 -4.20556 2.0327 -13.0173 -13.6839 21.1656 0.852353 -38.7721 -0.655187 3.75344 13.8399 -0.212824 2.32622 -40.4017 -6.04875 5.77937 -7.84392 -15.6825 -0.779096 -9.8844 12.4959 -5.94837e-16 -5.59177e-16 -1.27471e-14 
6.57102 92.9217 67.0124 -10.3221 -0.260858 -179.445 0 5.07867 -1.15138 -4.78934 4.65505 0.451698 0 5.61661 1.07143 -3.75285 3.36341 -0.198455 -1.02604e-17 5.98978 0.11501 -2.78197 2.61736 -0.162009 -1.10457e-17 6.50583 -0.443523 -1.71916 0.89015 -0.237013 -1.97295e-17 7.60548 -1.50593 -0.721561 -0.161035 -0.0458472 -2.53307e-17 9.49737 -0.914492 0.250274 -1.72992 -0.4833 -2.90401e-17 10.5513 1.57691 0.149104 0.711509 -0.278564 -1.29193e-17 4.78644 0.715339 0.19948 4.91964 2.07128 -1.8116e-17 4.82109 0.421791 -1.38825 -5.04338 0.553519 -2.00958e-17 4.83041 0.765062 0.255493 -6.55174 3.39918 1.23299 -7.60731 7.53374 19.2659 7.05651 -0.643653 12.9547 3.2495 -3.26872 -84.5094 34.8494 -0.372384 29.2081 0.0598081 0.137039 1.98325 -0.156242 -9.59985 24.234 0.0496219 0.113701 -27.0348 -65.8948 -23.2996 -1.23299 -7.60729 7.53365 -10.1099 2.13652 2.38816 -12.9547 3.2495 -3.26872 76.7316 19.275 24.2024 -29.2081 0.0598081 0.137039 -2.76436 -0.311081 13.4353 -24.234 0.0496218 0.113702 1.08268 -21.6465 2.12795 9.23673 -4.20556 2.0327 -6.27154 -10.2736 -33.8016 -0.852353 -38.7721 -0.655187 -2.10756 7.85089 0.00738082 -2.32622 -40.4017 -6.04875 -10.8404 6.47884 17.7658 0.779096 -9.8844 12.4959 3.59842e-15 -6.4624e-16 -1.36475e-16 -9.23673 -4.20556 2.0327 -12.4195 -13.4354 20.5834 0.852353 -38.7721 -0.655187 3.62688 13.3873 -0.190944 2.32622 -40.4017 -6.04875 4.71794 -7.02719 -15.6518 -0.779096 -9.8844 12.4959 -5.96354e-16 -5.59082e-16 -1.27471e-14 
7.06987 92.9322 67.0207 -10.4833 -0.580305 -179.114 0 5.07867 -1.15138 -4.73098 4.12632 0.388688 0 5.61661 1.07143 -3.63711 3.11352 -0.250203 -1.02604e-17 5.98978 0.11501 -2.63342 2.68318 -0.203125 -1.10457e-17 6.50583 -0.443523 -1.55383 1.50758 -0.2549 -1.97295e-17 7.60548 -1.50593 -0.542792 0.660132 -0.0754403 -2.53307e-17 9.49737 -0.914492 0.441991 -0.527753 -0.556563 -2.90401e-17 10.5513 1.57691 0.162266 0.624706 -0.201431 -1.29193e-17 4.78644 0.715339 0.221978 2.33157 1.28608 -1.8116e-17 4.82109 0.421791 -1.81001 -5.44659 0.181078 -2.00958e-17 4.83041 0.765062 0.254794 -5.88055 4.79454 1.23299 -7.60731 7.53374 17.3618 6.74661 -0.671244 12.9547 3.2495 -3.26872 -81.7878 37.4623 -2.08952 29.2081 0.0598081 0.137039 2.00429 -0.159711 -9.70258 24.234 0.0496219 0.113701 -32.5318 -69.1769 -28.7513 -1.23299 -7.60729 7.53365 -5.13015 2.6023 4.52124 -12.9547 3.2495 -3.26872 74.4421 12.9706 26.7592 -29.2081 0.0598081 0.137039 -2.33608 -0.219378 11.3258 -24.234 0.0496218 0.113702 -0.244834 -16.3132 2.788 9.23673 -4.20556 2.0327 -6.19114 -10.7918 -33.8537 -0.852353 -38.7721 -0.655187 -2.18628 8.14156 0.0132572 -2.32622 -40.4017 -6.04875 -11.4007 6.59575 18.0589 0.779096 -9.8844 12.4959 3.99902e-15 -6.21297e-16 -1.61417e-16 -9.23673 -4.20556 2.0327 -12.3613 -13.2945 19.7747 0.852353 -38.7721 -0.655187 3.47774 12.852 -0.166443 2.32622 -40.4017 -6.04875 4.22126 -7.18167 -15.6423 -0.779096 -9.8844 12.4959 -5.96354e-16 -5.59082e-16 -1.27471e-14 
7.45257 92.9559 67.0083 -10.8751 -0.974034 -178.674 0 5.07867 -1.15138 -4.74964 4.17315 0.341331 0 5.61661 1.07143 -3.62032 3.15359 -0.305949 -1.02604e-17 5.98978 0.11501 -2.58369 2.75541 -0.248482 -1.10457e-17 6.50583 -0.443523 -1.48285 1.64887 -0.282857 -1.97295e-17 7.60548 -1.50593 -0.441407 0.807396 -0.107927 -2.53307e-17 9.49737 -0.914492 0.56788 -0.232726 -0.617723 -2.90401e-17 10.5513 1.57691 0.171931 0.624184 -0.140169 -1.29193e-17 4.78644 0.715339 0.310507 -0.661767 1.09049 -1.8116e-17 4.82109 0.421791 -1.80104 -5.26327 0.0970537 -2.00958e-17 4.83041 0.765062 -0.00774624 -4.20998 5.02571 1.23299 -7.60731 7.53374 15.4278 6.95921 -1.06179 12.9547 3.2495 -3.26872 -79.2059 39.7627 -2.8753 29.2081 0.0598081 0.137039 2.16645 -0.187728 -10.4954 24.234 0.0496219 0.113701 -37.4253 -71.7893 -33.5496 -1.23299 -7.60729 7.53365 -1.77513 3.59933 6.40297 -12.9547 3.2495 -3.26872 72.2548 9.51623 27.6305 -29.2081 0.0598081 0.137039 -2.30772 -0.213882 11.1867 -24.234 0.0496218 0.113702 -1.33467 -14.2776 2.94846 9.23673 -4.20556 2.0327 -6.39502 -11.2441 -34.1139 -0.852353 -38.7721 -0.655187 -2.18898 8.15153 0.0134661 -2.32622 -40.4017 -6.04875 -11.9834 7.00053 18.336 0.779096 -9.8844 12.4959 2.41635e-15 -6.95461e-16 -8.72535e-17 -9.23673 -4.20556 2.0327 -12.71 -12.9261 19.0329 0.852353 -38.7721 -0.655187 3.23991 11.9941 -0.13026 2.32622 -40.4017 -6.04875 4.07414 -7.55398 -15.599 -0.779096 -9.8844 12.4959 -5.96354e-16 -5.59082e-16 -1.27471e-14 
7.75216 93.0372 66.9907 -11.2957 -1.25825 -178.127 0 5.07867 -1.15138 -4.7089 3.88227 0.330279 0 5.61661 1.07143 -3.57587 3.00238 -0.305488 -1.02604e-17 5.98978 0.11501 -2.53353 2.76768 -0.237326 -1.10457e-17 6.50583 -0.443523 -1.43067 1.95052 -0.259021 -1.97295e-17 7.60548 -1.50593 -0.381154 1.25925 -0.0850901 -2.53307e-17 9.49737 -0.914492 0.647724 0.418407 -0.612287 -2.90401e-17 10.5513 1.57691 0.183159 0.585791 -0.097694 -1.29193e-17 4.78644 0.715339 0.281745 -2.69144 0.81557 -1.8116e-17 4.82109 0.421791 -1.8446 -5.17065 -0.0295712 -2.00958e-17 4.83041 0.765062 -0.0749227 -3.36796 4.8602 1.23299 -7.60731 7.53374 14.2336 6.88503 -1.23087 12.9547 3.2495 -3.26872 -76.8298 41.7904 -4.38309 29.2081 0.0598081 0.137039 2.27448 -0.207681 -11.0246 24.234 0.0496219 0.113701 -41.6488 -73.6011 -37.2282 -1.23299 -7.60729 7.53365 0.548585 4.0607 7.50269 -12.9547 3.2495 -3.26872 70.0368 7.45964 28.2819 -29.2081 0.0598081 0.137039 -2.37406 -0.226839 11.5122 -24.234 0.0496218 0.113702 -2.09069 -13.6409 2.45194 9.23673 -4.20556 2.0327 -6.71484 -11.5785 -34.4221 -0.852353 -38.7721 -0.655187 -2.1746 8.09844 0.0123597 -2.32622 -40.4017 -6.04875 -12.6821 7.74205 18.6897 0.779096 -9.8844 12.4959 -2.34231e-15 -8.9377e-16 1.11056e-16 -9.23673 -4.20556 2.0327 -13.1114 -12.4415 18.3266 0.852353 -38.7721 -0.655187 3.02446 11.2129 -0.100568 2.32622 -40.4017 -6.04875 3.84354 -7.68298 -15.5893 -0.779096 -9.8844 12.4959 -2.00306e-16 -5.83835e-16 -1.27594e-14 
7.97438 93.1593 67.0295 -11.6413 -1.52372 -177.415 0 5.07867 -1.15138 -4.59627 3.67789 0.307279 0 5.61661 1.07143 -3.47013 2.90411 -0.315171 -1.02604e-17 5.98978 0.11501 -2.43828 2.79814 -0.239989 -1.10457e-17 6.50583 -0.443523 -1.34803 2.21028 -0.254077 -1.97295e-17 7.60548 -1.50593 -0.309349 1.62617 -0.0888091 -2.53307e-17 9.49737 -0.914492 0.71478 0.933698 -0.626872 -2.90401e-17 10.5513 1.57691 0.191729 0.55126 -0.0709281 -1.29193e-17 4.78644 0.715339 0.29989 -4.00908 0.582686 -1.8116e-17 4.82109 0.421791 -1.7036 -5.22596 -0.125609 -2.00958e-17 4.83041 0.765062 -0.379053 -2.87315 4.38488 1.23299 -7.60731 7.53374 13.1935 6.7702 -1.41591 12.9547 3.2495 -3.26872 -74.7218 43.5914 -5.80695 29.2081 0.0598081 0.137039 2.34406 -0.221079 -11.366 24.234 0.0496219 0.113701 -45.9601 -74.8494 -41.1169 -1.23299 -7.60729 7.53365 1.83058 4.34644 8.19857 -12.9547 3.2495 -3.26872 68.0532 6.46101 28.5728 -29.2081 0.0598081 0.137039 -2.41039 -0.234102 11.6907 -24.234 0.0496218 0.113702 -2.65665 -14.1002 2.13368 9.23673 -4.20556 2.0327 -7.05922 -11.9585 -34.5137 -0.852353 -38.7721 -0.655187 -2.16474 8.06206 0.0116095 -2.32622 -40.4017 -6.04875 -13.0861 8.82661 18.96 0.779096 -9.8844 12.4959 8.07816e-16 -7.58389e-16 -2.43251e-17 -9.23673 -4.20556 2.0327 -13.4905 -11.7849 17.5212 0.852353 -38.7721 -0.655187 2.74018 10.1766 -0.0659074 2.32622 -40.4017 -6.04875 3.69589 -7.55256 -15.5903 -0.779096 -9.8844 12.4959 -9.90881e-16 -5.468e-16 -1.27224e-14 
8.15852 93.3007 67.0857 -11.9359 -1.81385 -176.588 0 5.07867 -1.15138 -4.40473 3.38842 0.255947 0 5.61661 1.07143 -3.29363 2.75795 -0.334067 -1.02604e-17 5.98978 0.11501 -2.28881 2.79097 -0.245189 -1.10457e-17 6.50583 -0.443523 -1.2281 2.44426 -0.250511 -1.97295e-17 7.60548 -1.50593 -0.225188 1.98194 -0.10036 -2.53307e-17 9.49737 -0.914492 0.76111 1.38721 -0.658018 -2.90401e-17 10.5513 1.57691 0.204691 0.518666 -0.0425972 -1.29193e-17 4.78644 0.715339 0.261139 -4.37532 0.595488 -1.8116e-17 4.82109 0.421791 -1.60842 -5.24885 -0.118498 -2.00958e-17 4.83041 0.765062 -0.694368 -3.06171 3.30462 1.23299 -7.60731 7.53374 13.3393 6.50206 -1.12815 12.9547 3.2495 -3.26872 -75.3138 45.5243 -7.29259 29.2081 0.0598081 0.137039 2.42751 -0.237713 -11.7758 24.234 0.0496219 0.113701 -43.7682 -76.0712 -39.2117 -1.23299 -7.60729 7.53365 2.45594 4.33342 8.48076 -12.9547 3.2495 -3.26872 66.7978 5.14107 28.643 -29.2081 0.0598081 0.137039 -2.39156 -0.230321 11.5982 -24.234 0.0496218 0.113702 -2.82276 -14.0346 1.78366 9.23673 -4.20556 2.0327 -7.43617 -12.4096 -34.2463 -0.852353 -38.7721 -0.655187 -2.17018 8.08212 0.0120224 -2.32622 -40.4017 -6.04875 -13.4406 10.0559 19.2202 0.779096 -9.8844 12.4959 -7.10097e-15 -1.10441e-15 3.21694e-16 -9.23673 -4.20556 2.0327 -13.8357 -11.17 16.4728 0.852353 -38.7721 -0.655187 2.47424 9.20189 -0.0381635 2.32622 -40.4017 -6.04875 3.24647 -7.17856 -15.5718 -0.779096 -9.8844 12.4959 1.94221e-16 -5.96164e-16 -1.27717e-14 
8.3134 93.4086 67.091 -12.2288 -2.00329 -175.911 0 5.07867 -1.15138 -4.27237 3.33239 0.229067 0 5.61661 1.07143 -3.17194 2.74371 -0.343632 -1.02604e-17 5.98978 0.11501 -2.18435 2.83824 -0.249323 -1.10457e-17 6.50583 -0.443523 -1.14126 2.59472 -0.251855 -1.97295e-17 7.60548 -1.50593 -0.156367 2.16392 -0.114752 -2.53307e-17 9.49737 -0.914492 0.807808 1.63381 -0.677096 -2.90401e-17 10.5513 1.57691 0.205477 0.493422 -0.026434 -1.29193e-17 4.78644 0.715339 0.151213 -4.65658 -0.262982 -1.8116e-17 4.82109 0.421791 -1.45286 -5.45215 -0.502033 -2.00958e-17 4.83041 0.765062 -0.560495 -3.08915 3.4469 1.23299 -7.60731 7.53374 12.9506 6.34704 -1.23713 12.9547 3.2495 -3.26872 -74.5011 46.2027 -8.07014 29.2081 0.0598081 0.137039 2.45206 -0.242728 -11.8965 24.234 0.0496219 0.113701 -44.7838 -75.9749 -40.1261 -1.23299 -7.60729 7.53365 2.63456 4.4173 8.69563 -12.9547 3.2495 -3.26872 65.4902 5.02016 28.6684 -29.2081 0.0598081 0.137039 -2.33527 -0.219213 11.3218 -24.234 0.0496218 0.113702 -3.10236 -15.3725 1.53415 9.23673 -4.20556 2.0327 -7.69868 -12.6979 -33.1734 -0.852353 -38.7721 -0.655187 -2.17238 8.09024 0.01219 -2.32622 -40.4017 -6.04875 -13.6639 11.0569 19.3874 0.779096 -9.8844 12.4959 6.73028e-15 -5.11668e-16 -2.71047e-16 -9.23673 -4.20556 2.0327 -14.1593 -10.439 15.4734 0.852353 -38.7721 -0.655187 2.19662 8.17972 -0.0140584 2.32622 -40.4017 -6.04875 3.21119 -7.03476 -15.5824 -0.779096 -9.8844 12.4959 -1.38541e-15 -5.34472e-16 -1.271e-14 
8.48301 93.4506 67.049 -12.4299 -2.16403 -175.557 0 5.07867 -1.15138 -4.1706 3.28739 0.182841 0 5.61661 1.07143 -3.07027 2.74168 -0.379941 -1.02604e-17 5.98978 0.11501 -2.08712 2.87969 -0.282234 -1.10457e-17 6.50583 -0.443523 -1.05166 2.71182 -0.283479 -1.97295e-17 7.60548 -1.50593 -0.0774915 2.28686 -0.163209 -2.53307e-17 9.49737 -0.914492 0.85924 1.80005 -0.733948 -2.90401e-17 10.5513 1.57691 0.203604 0.469874 -0.0108213 -1.29193e-17 4.78644 0.715339 0.135225 -4.87027 -0.746658 -1.8116e-17 4.82109 0.421791 -1.20147 -5.62696 -0.707249 -2.00958e-17 4.83041 0.765062 -0.516648 -3.23451 3.5051 1.23299 -7.60731 7.53374 12.4754 6.19887 -1.30843 12.9547 3.2495 -3.26872 -73.9177 46.7265 -8.40859 29.2081 0.0598081 0.137039 2.48715 -0.249987 -12.0691 24.234 0.0496219 0.113701 -46.4878 -76.1039 -42.0314 -1.23299 -7.60729 7.53365 2.76922 4.51853 8.89785 -12.9547 3.2495 -3.26872 64.462 4.62542 28.6917 -29.2081 0.0598081 0.137039 -2.22839 -0.198895 10.7977 -24.234 0.0496218 0.113702 -3.00172 -16.1008 1.47114 9.23673 -4.20556 2.0327 -7.71283 -12.9117 -30.8828 -0.852353 -38.7721 -0.655187 -2.1972 8.18185 0.0141039 -2.32622 -40.4017 -6.04875 -13.6449 11.573 19.3832 0.779096 -9.8844 12.4959 2.427e-15 -6.95033e-16 -8.76814e-17 -9.23673 -4.20556 2.0327 -14.2578 -9.85006 14.7914 0.852353 -38.7721 -0.655187 1.96251 7.31446 0.00239664 2.32622 -40.4017 -6.04875 2.67051 -6.91657 -15.5429 -0.779096 -9.8844 12.4959 -5.99397e-16 -5.58987e-16 -1.27469e-14 
8.7224 93.4455 66.9584 -12.4829 -2.30755 -175.539 0 5.07867 -1.15138 -4.0495 3.08695 0.148272 0 5.61661 1.07143 -2.95638 2.6483 -0.397534 -1.02604e-17 5.98978 0.11501 -1.98414 2.87558 -0.298904 -1.10457e-17 6.50583 -0.443523 -0.963512 2.85647 -0.301926 -1.97295e-17 7.60548 -1.50593 -0.00713748 2.48342 -0.199157 -2.53307e-17 9.49737 -0.914492 0.894 2.05588 -0.771233 -2.90401e-17 10.5513 1.57691 0.196867 0.432152 0.0023488 -1.29193e-17 4.78644 0.715339 0.0814909 -5.00459 -1.24802 -1.8116e-17 4.82109 0.421791 -1.09418 -5.90997 -0.924538 -2.00958e-17 4.83041 0.765062 -0.207791 -3.44027 3.81899 1.23299 -7.60731 7.53374 12.1493 5.96673 -1.30658 12.9547 3.2495 -3.26872 -73.5163 47.128 -8.41119 29.2081 0.0598081 0.137039 2.55535 -0.264411 -12.4048 24.234 0.0496219 0.113701 -48.8131 -76.3117 -44.5872 -1.23299 -7.60729 7.53365 2.89387 4.51988 8.93358 -12.9547 3.2495 -3.26872 63.412 4.81118 28.8621 -29.2081 0.0598081 0.137039 -2.10093 -0.175986 10.1739 -24.234 0.0496218 0.113702 -2.96653 -17.0141 1.17187 9.23673 -4.20556 2.0327 -7.31466 -13.0224 -27.4839 -0.852353 -38.7721 -0.655187 -2.29909 8.55753 0.0223772 -2.32622 -40.4017 -6.04875 -13.1712 10.6876 19.0254 0.779096 -9.8844 12.4959 1.14699e-14 4.80021e-16 -1.28749e-15 -9.23673 -4.20556 2.0327 -14.1074 -9.44813 14.4914 0.852353 -38.7721 -0.655187 1.77761 6.62923 0.0128804 2.32622 -40.4017 -6.04875 2.27275 -6.9081 -15.5149 -0.779096 -9.8844 12.4959 -1.38845e-15 -5.34329e-16 -1.27099e-14 
9.05394 93.4347 66.8528 -12.3555 -2.44494 -175.715 0 5.07867 -1.15138 -3.97352 2.93604 0.131252 0 5.61661 1.07143 -2.87842 2.5825 -0.403442 -1.02604e-17 5.98978 0.11501 -1.90592 2.86797 -0.304878 -1.10457e-17 6.50583 -0.443523 -0.892075 2.95125 -0.308138 -1.97295e-17 7.60548 -1.50593 0.0594081 2.5955 -0.220759 -2.53307e-17 9.49737 -0.914492 0.938424 2.20714 -0.795328 -2.90401e-17 10.5513 1.57691 0.188284 0.406465 0.020926 -1.29193e-17 4.78644 0.715339 0.079564 -5.4448 -1.48808 -1.8116e-17 4.82109 0.421791 -0.80224 -6.12773 -1.01341 -2.00958e-17 4.83041 0.765062 0.028683 -3.3886 3.92287 1.23299 -7.60731 7.53374 11.7326 5.77166 -1.23187 12.9547 3.2495 -3.26872 -73.4083 47.2544 -8.11668 29.2081 0.0598081 0.137039 2.68719 -0.293479 -13.055 24.234 0.0496219 0.113701 -48.5411 -76.704 -44.7431 -1.23299 -7.60729 7.53365 3.24126 4.6761 9.02689 -12.9547 3.2495 -3.26872 62.4986 4.877 28.951 -29.2081 0.0598081 0.137039 -1.97497 -0.154749 9.55852 -24.234 0.0496218 0.113702 -2.89938 -17.7155 0.826515 9.23673 -4.20556 2.0327 -6.42453 -12.9594 -23.6829 -0.852353 -38.7721 -0.655187 -2.51339 9.34569 0.0419636 -2.32622 -40.4017 -6.04875 -12.1749 7.87505 18.3195 0.779096 -9.8844 12.4959 5.2174e-15 -5.67465e-16 -2.15345e-16 -9.23673 -4.20556 2.0327 -13.7054 -9.1696 14.6119 0.852353 -38.7721 -0.655187 1.60492 5.988 0.0206643 2.32622 -40.4017 -6.04875 1.99482 -6.73442 -15.4822 -0.779096 -9.8844 12.4959 -1.39149e-15 -5.34234e-16 -1.27098e-14 
9.42099 93.4631 66.8517 -12.2203 -2.36686 -175.914 0 5.07867 -1.15138 -3.9461 2.732 0.15491 0 5.61661 1.07143 -2.84537 2.49882 -0.368827 -1.02604e-17 5.98978 0.11501 -1.86759 2.88888 -0.267945 -1.10457e-17 6.50583 -0.443523 -0.856385 3.14544 -0.267995 -1.97295e-17 7.60548 -1.50593 0.103479 2.85379 -0.189009 -2.53307e-17 9.49737 -0.914492 0.989244 2.54156 -0.764422 -2.90401e-17 10.5513 1.57691 0.180848 0.37071 0.0440919 -1.29193e-17 4.78644 0.715339 0.0451418 -5.89824 -1.75406 -1.8116e-17 4.82109 0.421791 -0.441944 -6.42733 -1.11443 -2.00958e-17 4.83041 0.765062 0.357495 -3.47012 3.89311 1.23299 -7.60731 7.53374 11.4324 5.45453 -1.04263 12.9547 3.2495 -3.26872 -73.0233 47.1498 -8.4392 29.2081 0.0598081 0.137039 2.81266 -0.322604 -13.6752 24.234 0.0496219 0.113701 -45.5918 -76.9755 -42.056 -1.23299 -7.60729 7.53365 3.80925 4.80125 9.1087 -12.9547 3.2495 -3.26872 61.5662 4.62707 29.1169 -29.2081 0.0598081 0.137039 -1.81585 -0.129903 8.78257 -24.234 0.0496218 0.113702 -2.78516 -18.388 0.455886 9.23673 -4.20556 2.0327 -5.46459 -12.6698 -20.1938 -0.852353 -38.7721 -0.655187 -2.70968 10.065 0.0624959 -2.32622 -40.4017 -6.04875 -11.3995 5.82038 17.8764 0.779096 -9.8844 12.4959 5.19325e-15 -5.71506e-16 -2.11209e-16 -9.23673 -4.20556 2.0327 -13.2645 -8.86514 14.949 0.852353 -38.7721 -0.655187 1.48875 5.556 0.0248084 2.32622 -40.4017 -6.04875 1.78398 -6.43112 -15.4607 -0.779096 -9.8844 12.4959 -1.39149e-15 -5.34234e-16 -1.27098e-14 
9.7621 93.5207 66.8842 -12.1774 -2.15231 -176.044 0 5.07867 -1.15138 -4.00315 2.69239 0.21561 0 5.61661 1.07143 -2.88804 2.5059 -0.308187 -1.02604e-17 5.98978 0.11501 -1.89208 2.94626 -0.205372 -1.10457e-17 6.50583 -0.443523 -0.868961 3.28143 -0.202634 -1.97295e-17 7.60548 -1.50593 0.122025 3.0052 -0.123507 -2.53307e-17 9.49737 -0.914492 1.04539 2.7421 -0.699462 -2.90401e-17 10.5513 1.57691 0.17345 0.34774 0.0681273 -1.29193e-17 4.78644 0.715339 -0.0271913 -6.26796 -2.26032 -1.8116e-17 4.82109 0.421791 -0.0725596 -6.79635 -1.32867 -2.00958e-17 4.83041 0.765062 0.851989 -3.43469 3.9951 1.23299 -7.60731 7.53374 11.3205 5.23927 -0.949721 12.9547 3.2495 -3.26872 -71.5617 46.8515 -8.85786 29.2081 0.0598081 0.137039 2.91026 -0.346254 -14.1588 24.234 0.0496219 0.113701 -44.9842 -76.5422 -41.0933 -1.23299 -7.60729 7.53365 4.42636 5.10537 9.29474 -12.9547 3.2495 -3.26872 60.7251 4.40535 28.9665 -29.2081 0.0598081 0.137039 -1.63591 -0.104456 7.90687 -24.234 0.0496218 0.113702 -2.70219 -19.5242 0.286479 9.23673 -4.20556 2.0327 -4.75163 -12.2416 -17.4771 -0.852353 -38.7721 -0.655187 -2.84992 10.5773 0.0786765 -2.32622 -40.4017 -6.04875 -10.966 4.95526 17.7232 0.779096 -9.8844 12.4959 4.7972e-15 -5.96259e-16 -1.86456e-16 -9.23673 -4.20556 2.0327 -12.9678 -8.41694 15.3344 0.852353 -38.7721 -0.655187 1.38161 5.15725 0.0278504 2.32622 -40.4017 -6.04875 1.84477 -6.16086 -15.4538 -0.779096 -9.8844 12.4959 -1.78754e-15 -5.09481e-16 -1.26974e-14 
10.0219 93.5679 66.8907 -12.1746 -1.99409 -176.094 0 5.07867 -1.15138 -4.05239 2.63162 0.264042 0 5.61661 1.07143 -2.91934 2.48904 -0.25532 -1.02604e-17 5.98978 0.11501 -1.90752 2.97646 -0.14691 -1.10457e-17 6.50583 -0.443523 -0.871405 3.37723 -0.142504 -1.97295e-17 7.60548 -1.50593 0.144971 3.12952 -0.0639922 -2.53307e-17 9.49737 -0.914492 1.09744 2.88721 -0.652503 -2.90401e-17 10.5513 1.57691 0.173857 0.323298 0.0935345 -1.29193e-17 4.78644 0.715339 -0.0501506 -6.07046 -2.35591 -1.8116e-17 4.82109 0.421791 0.173213 -7.11573 -1.36902 -2.00958e-17 4.83041 0.765062 1.21299 -3.85594 3.5186 1.23299 -7.60731 7.53374 12.2108 5.05523 -0.697023 12.9547 3.2495 -3.26872 -70.7521 47.4403 -9.28241 29.2081 0.0598081 0.137039 3.06408 -0.385304 -14.9229 24.234 0.0496219 0.113701 -45.6788 -76.4197 -41.4039 -1.23299 -7.60729 7.53365 4.88632 5.34385 9.43277 -12.9547 3.2495 -3.26872 60.2773 3.81667 28.4397 -29.2081 0.0598081 0.137039 -1.47353 -0.0838935 7.11811 -24.234 0.0496218 0.113702 -2.46749 -20.3331 0.179381 9.23673 -4.20556 2.0327 -4.33836 -11.8726 -15.6255 -0.852353 -38.7721 -0.655187 -2.9751 11.0334 0.094181 -2.32622 -40.4017 -6.04875 -10.7092 4.62557 17.702 0.779096 -9.8844 12.4959 2.81544e-15 -6.70613e-16 -1.12102e-16 -9.23673 -4.20556 2.0327 -12.798 -7.96432 15.6321 0.852353 -38.7721 -0.655187 1.2759 4.76347 0.0301184 2.32622 -40.4017 -6.04875 1.8487 -5.95746 -15.4403 -0.779096 -9.8844 12.4959 -1.39301e-15 -5.34139e-16 -1.27097e-14 
10.1694 93.5883 66.8706 -12.177 -1.82135 -176.001 0 5.07867 -1.15138 -4.06383 2.48605 0.262194 0 5.61661 1.07143 -2.90963 2.42466 -0.252457 -1.02604e-17 5.98978 0.11501 -1.8904 3.0017 -0.139396 -1.10457e-17 6.50583 -0.443523 -0.849651 3.53631 -0.132295 -1.97295e-17 7.60548 -1.50593 0.170241 3.36675 -0.058582 -2.53307e-17 9.49737 -0.914492 1.1296 3.18641 -0.654698 -2.90401e-17 10.5513 1.57691 0.174001 0.28602 0.115107 -1.29193e-17 4.78644 0.715339 -0.0398369 -6.05631 -2.16357 -1.8116e-17 4.82109 0.421791 0.328852 -7.34163 -1.2749 -2.00958e-17 4.83041 0.765062 1.41774 -4.32448 2.82968 1.23299 -7.60731 7.53374 12.7122 4.84865 -0.539769 12.9547 3.2495 -3.26872 -70.7568 48.2984 -9.69501 29.2081 0.0598081 0.137039 3.26665 -0.44008 -15.933 24.234 0.0496219 0.113701 -42.6043 -77.0852 -38.712 -1.23299 -7.60729 7.53365 5.29829 5.48008 9.55839 -12.9547 3.2495 -3.26872 59.7837 3.28709 27.9243 -29.2081 0.0598081 0.137039 -1.36349 -0.0712478 6.58433 -24.234 0.0496218 0.113702 -2.21364 -21.2572 -0.126459 9.23673 -4.20556 2.0327 -4.16131 -11.5283 -14.5337 -0.852353 -38.7721 -0.655187 -3.11356 11.5364 0.11249 -2.32622 -40.4017 -6.04875 -10.4161 4.32689 17.6761 0.779096 -9.8844 12.4959 7.56035e-15 -4.72877e-16 -3.09838e-16 -9.23673 -4.20556 2.0327 -12.7255 -7.3699 15.7063 0.852353 -38.7721 -0.655187 1.15038 4.29554 0.0318646 2.32622 -40.4017 -6.04875 1.86901 -5.89013 -15.4389 -0.779096 -9.8844 12.4959 -1.39149e-15 -5.34234e-16 -1.27098e-14 
10.233 93.5906 66.8616 -12.1623 -1.58009 -175.834 0 5.07867 -1.15138 -4.03348 2.37746 0.246772 0 5.61661 1.07143 -2.87034 2.38107 -0.262776 -1.02604e-17 5.98978 0.11501 -1.85431 3.03524 -0.145932 -1.10457e-17 6.50583 -0.443523 -0.820108 3.68713 -0.134109 -1.97295e-17 7.60548 -1.50593 0.192161 3.58489 -0.0662803 -2.53307e-17 9.49737 -0.914492 1.14948 3.4791 -0.660444 -2.90401e-17 10.5513 1.57691 0.167679 0.260245 0.134333 -1.29193e-17 4.78644 0.715339 -0.0523709 -6.20804 -2.19679 -1.8116e-17 4.82109 0.421791 0.465957 -7.54041 -1.27963 -2.00958e-17 4.83041 0.765062 1.60417 -4.63269 2.45473 1.23299 -7.60731 7.53374 12.6407 4.62396 -0.467666 12.9547 3.2495 -3.26872 -70.1045 48.4892 -10.359 29.2081 0.0598081 0.137039 3.37869 -0.47203 -16.4937 24.234 0.0496219 0.113701 -39.1244 -77.1675 -35.2919 -1.23299 -7.60729 7.53365 5.7419 5.68796 9.6649 -12.9547 3.2495 -3.26872 58.9751 3.28612 27.2857 -29.2081 0.0598081 0.137039 -1.24773 -0.0590631 6.02333 -24.234 0.0496218 0.113702 -1.98087 -22.9773 -0.237009 9.23673 -4.20556 2.0327 -4.12685 -11.1278 -14.0217 -0.852353 -38.7721 -0.655187 -3.2354 11.9779 0.12961 -2.32622 -40.4017 -6.04875 -10.2068 3.94279 17.6521 0.779096 -9.8844 12.4959 3.22219e-15 -6.57759e-16 -1.24956e-16 -9.23673 -4.20556 2.0327 -12.6787 -6.71731 15.6652 0.852353 -38.7721 -0.655187 1.04867 3.91614 0.0325253 2.32622 -40.4017 -6.04875 1.77943 -5.87997 -15.4385 -0.779096 -9.8844 12.4959 -1.39149e-15 -5.34234e-16 -1.27098e-14 
10.246 93.5839 66.8652 -12.0859 -1.2567 -175.639 0 5.07867 -1.15138 -3.93848 2.37189 0.223792 0 5.61661 1.07143 -2.78078 2.3868 -0.275301 -1.02604e-17 5.98978 0.11501 -1.78055 3.05831 -0.154839 -1.10457e-17 6.50583 -0.443523 -0.762321 3.73473 -0.140572 -1.97295e-17 7.60548 -1.50593 0.231457 3.64317 -0.0834427 -2.53307e-17 9.49737 -0.914492 1.16882 3.56556 -0.679805 -2.90401e-17 10.5513 1.57691 0.160151 0.25499 0.15187 -1.29193e-17 4.78644 0.715339 -0.072582 -6.02596 -2.36023 -1.8116e-17 4.82109 0.421791 0.564199 -7.71923 -1.34961 -2.00958e-17 4.83041 0.765062 1.70477 -4.90796 2.26589 1.23299 -7.60731 7.53374 12.86 4.48059 -0.36972 12.9547 3.2495 -3.26872 -69.1809 48.6402 -10.7358 29.2081 0.0598081 0.137039 3.45282 -0.493823 -16.8656 24.234 0.0496219 0.113701 -39.571 -76.7626 -35.2317 -1.23299 -7.60729 7.53365 6.09076 5.97327 9.72155 -12.9547 3.2495 -3.26872 58.2839 3.56948 26.2252 -29.2081 0.0598081 0.137039 -1.1349 -0.0482878 5.47702 -24.234 0.0496218 0.113702 -1.76065 -24.9193 -0.12373 9.23673 -4.20556 2.0327 -4.0989 -10.6637 -13.7414 -0.852353 -38.7721 -0.655187 -3.32816 12.313 0.143271 -2.32622 -40.4017 -6.04875 -10.0289 3.54403 17.6119 0.779096 -9.8844 12.4959 1.62123e-15 -7.32732e-16 -4.99823e-17 -9.23673 -4.20556 2.0327 -12.5841 -6.00507 15.6187 0.852353 -38.7721 -0.655187 0.96002 3.58529 0.0325505 2.32622 -40.4017 -6.04875 1.73982 -5.87465 -15.4433 -0.779096 -9.8844 12.4959 -9.95449e-16 -5.4661e-16 -1.27222e-14 
10.2498 93.5494 66.8611 -11.9319 -0.84162 -175.553 0 5.07867 -1.15138 -3.86611 2.40463 0.192394 0 5.61661 1.07143 -2.70564 2.4169 -0.299885 -1.02604e-17 5.98978 0.11501 -1.71603 3.09035 -0.177372 -1.10457e-17 6.50583 -0.443523 -0.707599 3.76569 -0.162988 -1.97295e-17 7.60548 -1.50593 0.269976 3.6717 -0.117123 -2.53307e-17 9.49737 -0.914492 1.18612 3.6113 -0.719816 -2.90401e-17 10.5513 1.57691 0.155654 0.24933 0.164408 -1.29193e-17 4.78644 0.715339 -0.0605499 -5.78205 -2.37311 -1.8116e-17 4.82109 0.421791 0.649825 -7.8552 -1.35026 -2.00958e-17 4.83041 0.765062 1.86527 -5.19889 2.05463 1.23299 -7.60731 7.53374 13.1894 4.41491 -0.345028 12.9547 3.2495 -3.26872 -68.3742 49.0795 -10.8369 29.2081 0.0598081 0.137039 3.54103 -0.520438 -17.309 24.234 0.0496219 0.113701 -41.4477 -76.7268 -36.8054 -1.23299 -7.60729 7.53365 6.44941 6.25101 9.7993 -12.9547 3.2495 -3.26872 57.8177 3.90588 25.1246 -29.2081 0.0598081 0.137039 -1.06177 -0.0418835 5.12321 -24.234 0.0496218 0.113702 -1.54453 -26.6818 -0.0384992 9.23673 -4.20556 2.0327 -3.96016 -10.1249 -13.3756 -0.852353 -38.7721 -0.655187 -3.38763 12.5275 0.152316 -2.32622 -40.4017 -6.04875 -9.84152 3.10803 17.5332 0.779096 -9.8844 12.4959 -7.61134e-16 -8.32029e-16 4.93146e-17 -9.23673 -4.20556 2.0327 -12.3895 -5.24127 15.7029 0.852353 -38.7721 -0.655187 0.878376 3.28049 0.0321198 2.32622 -40.4017 -6.04875 1.74843 -5.93434 -15.4486 -0.779096 -9.8844 12.4959 -5.9788e-16 -5.59034e-16 -1.2747e-14 
10.2563 93.5014 66.8256 -11.7325 -0.323361 -175.548 0 5.07867 -1.15138 -3.81189 2.34217 0.143509 0 5.61661 1.07143 -2.64022 2.40627 -0.345577 -1.02604e-17 5.98978 0.11501 -1.65667 3.13391 -0.221618 -1.10457e-17 6.50583 -0.443523 -0.656197 3.88996 -0.20526 -1.97295e-17 7.60548 -1.50593 0.304328 3.84638 -0.170558 -2.53307e-17 9.49737 -0.914492 1.20047 3.84651 -0.777369 -2.90401e-17 10.5513 1.57691 0.151176 0.232571 0.173705 -1.29193e-17 4.78644 0.715339 -0.0104972 -5.76835 -2.18135 -1.8116e-17 4.82109 0.421791 0.778031 -7.93653 -1.25046 -2.00958e-17 4.83041 0.765062 1.97435 -5.49896 1.75198 1.23299 -7.60731 7.53374 13.1192 4.26573 -0.315923 12.9547 3.2495 -3.26872 -67.9355 49.5471 -11.1545 29.2081 0.0598081 0.137039 3.62726 -0.547178 -17.7434 24.234 0.0496219 0.113701 -40.0722 -77.2143 -35.6177 -1.23299 -7.60729 7.53365 6.91165 6.42603 9.86247 -12.9547 3.2495 -3.26872 57.3731 4.10384 24.3086 -29.2081 0.0598081 0.137039 -1.00707 -0.0373898 4.85865 -24.234 0.0496218 0.113702 -1.31643 -28.0923 -0.00836541 9.23673 -4.20556 2.0327 -3.7325 -9.48218 -12.8578 -0.852353 -38.7721 -0.655187 -3.40228 12.5803 0.154576 -2.32622 -40.4017 -6.04875 -9.69866 2.82307 17.4532 0.779096 -9.8844 12.4959 -1.95842e-15 -8.81916e-16 9.92016e-17 -9.23673 -4.20556 2.0327 -12.1281 -4.40393 15.8499 0.852353 -38.7721 -0.655187 0.811642 3.0313 0.0314447 2.32622 -40.4017 -6.04875 1.67362 -6.00923 -15.4476 -0.779096 -9.8844 12.4959 1.95732e-16 -5.96211e-16 -1.27718e-14 
10.2581 93.4379 66.7449 -11.4769 0.26202 -175.593 0 5.07867 -1.15138 -3.7391 2.2158 0.0949936 0 5.61661 1.07143 -2.56457 2.35572 -0.388804 -1.02604e-17 5.98978 0.11501 -1.59177 3.15682 -0.263356 -1.10457e-17 6.50583 -0.443523 -0.604552 4.02462 -0.244247 -1.97295e-17 7.60548 -1.50593 0.335375 4.05204 -0.220307 -2.53307e-17 9.49737 -0.914492 1.20983 4.12676 -0.827747 -2.90401e-17 10.5513 1.57691 0.143962 0.218323 0.179719 -1.29193e-17 4.78644 0.715339 0.0225911 -5.77462 -2.12105 -1.8116e-17 4.82109 0.421791 0.892108 -7.9877 -1.20971 -2.00958e-17 4.83041 0.765062 2.14274 -5.66865 1.63961 1.23299 -7.60731 7.53374 12.8521 4.05345 -0.248832 12.9547 3.2495 -3.26872 -67.4353 49.5801 -11.4707 29.2081 0.0598081 0.137039 3.6596 -0.557391 -17.9065 24.234 0.0496219 0.113701 -38.0252 -77.2547 -33.5334 -1.23299 -7.60729 7.53365 7.39853 6.54079 9.82554 -12.9547 3.2495 -3.26872 56.9248 4.60379 23.5097 -29.2081 0.0598081 0.137039 -0.953914 -0.0332672 4.60168 -24.234 0.0496218 0.113702 -1.14485 -29.5709 0.105637 9.23673 -4.20556 2.0327 -3.39448 -8.79286 -12.1627 -0.852353 -38.7721 -0.655187 -3.38285 12.5103 0.151579 -2.32622 -40.4017 -6.04875 -9.61178 2.64926 17.3854 0.779096 -9.8844 12.4959 -1.17091e-15 -8.44978e-16 6.22633e-17 -9.23673 -4.20556 2.0327 -11.8117 -3.51976 16.0266 0.852353 -38.7721 -0.655187 0.762496 2.84775 0.0307617 2.32622 -40.4017 -6.04875 1.5998 -6.14148 -15.4501 -0.779096 -9.8844 12.4959 -5.93302e-16 -5.59225e-16 -1.27472e-14 
10.2332 93.3701 66.5987 -11.245 0.948005 -175.679 0 5.07867 -1.15138 -3.70915 2.22478 0.0642597 0 5.61661 1.07143 -2.52866 2.37105 -0.422505 -1.02604e-17 5.98978 0.11501 -1.55807 3.17973 -0.298325 -1.10457e-17 6.50583 -0.443523 -0.572527 4.05636 -0.280046 -1.97295e-17 7.60548 -1.50593 0.360248 4.089 -0.264537 -2.53307e-17 9.49737 -0.914492 1.22412 4.20129 -0.87638 -2.90401e-17 10.5513 1.57691 0.135609 0.21858 0.181453 -1.29193e-17 4.78644 0.715339 0.0333084 -5.68011 -2.33834 -1.8116e-17 4.82109 0.421791 1.01471 -8.03025 -1.29878 -2.00958e-17 4.83041 0.765062 2.45066 -5.52192 1.89396 1.23299 -7.60731 7.53374 12.6691 3.98265 -0.282036 12.9547 3.2495 -3.26872 -65.9962 49.3154 -11.2256 29.2081 0.0598081 0.137039 3.66055 -0.557693 -17.9113 24.234 0.0496219 0.113701 -41.5582 -76.5641 -36.3831 -1.23299 -7.60729 7.53365 7.90784 6.7773 9.82129 -12.9547 3.2495 -3.26872 56.5944 5.42826 22.431 -29.2081 0.0598081 0.137039 -0.923428 -0.0310108 4.45434 -24.234 0.0496218 0.113702 -1.02655 -31.2382 0.380193 9.23673 -4.20556 2.0327 -3.04903 -7.98236 -11.3801 -0.852353 -38.7721 -0.655187 -3.30849 12.242 0.140328 -2.32622 -40.4017 -6.04875 -9.57515 2.65687 17.3348 0.779096 -9.8844 12.4959 2.39653e-15 -6.96319e-16 -8.6396e-17 -9.23673 -4.20556 2.0327 -11.5458 -2.52239 16.3107 0.852353 -38.7721 -0.655187 0.718681 2.6841 0.0300199 2.32622 -40.4017 -6.04875 1.70316 -6.35792 -15.4695 -0.779096 -9.8844 12.4959 -9.92397e-16 -5.46706e-16 -1.27223e-14 
10.1623 93.3029 66.3825 -10.9409 1.67335 -175.797 0 5.07867 -1.15138 -3.64957 2.08589 0.000319034 0 5.61661 1.07143 -2.46024 2.30943 -0.486008 -1.02604e-17 5.98978 0.11501 -1.49609 3.18815 -0.361934 -1.10457e-17 6.50583 -0.443523 -0.518558 4.17117 -0.343226 -1.97295e-17 7.60548 -1.50593 0.394145 4.27343 -0.34081 -2.53307e-17 9.49737 -0.914492 1.2322 4.45126 -0.960336 -2.90401e-17 10.5513 1.57691 0.133666 0.207314 0.181524 -1.29193e-17 4.78644 0.715339 0.148266 -5.51549 -1.89251 -1.8116e-17 4.82109 0.421791 1.14866 -7.95753 -1.08251 -2.00958e-17 4.83041 0.765062 2.39664 -5.74808 1.45946 1.23299 -7.60731 7.53374 12.4398 3.82502 -0.188601 12.9547 3.2495 -3.26872 -65.8373 49.86 -11.1716 29.2081 0.0598081 0.137039 3.73315 -0.580999 -18.2782 24.234 0.0496219 0.113701 -40.0674 -77.0915 -35.127 -1.23299 -7.60729 7.53365 8.40248 6.78234 9.71464 -12.9547 3.2495 -3.26872 56.5102 5.46828 21.5093 -29.2081 0.0598081 0.137039 -0.932296 -0.0316591 4.49721 -24.234 0.0496218 0.113702 -0.787301 -31.692 0.539867 9.23673 -4.20556 2.0327 -2.64511 -7.03072 -10.5191 -0.852353 -38.7721 -0.655187 -3.14648 11.6558 0.117023 -2.32622 -40.4017 -6.04875 -9.49833 2.8059 17.2495 0.779096 -9.8844 12.4959 4.30048e-16 -7.82381e-16 -3.33832e-19 -9.23673 -4.20556 2.0327 -11.2303 -1.48802 16.6816 0.852353 -38.7721 -0.655187 0.682459 2.5488 0.0293121 2.32622 -40.4017 -6.04875 1.65175 -6.48688 -15.4741 -0.779096 -9.8844 12.4959 -2.01837e-16 -5.83787e-16 -1.27593e-14 
10.0632 93.1391 66.0856 -10.4005 2.31546 -176.153 0 5.07867 -1.15138 -3.48344 1.83924 -0.0567842 0 5.61661 1.07143 -2.31707 2.17684 -0.525777 -1.02604e-17 5.98978 0.11501 -1.38746 3.1573 -0.403914 -1.10457e-17 6.50583 -0.443523 -0.444515 4.29542 -0.386059 -1.97295e-17 7.60548 -1.50593 0.424318 4.50285 -0.398855 -2.53307e-17 9.49737 -0.914492 1.21222 4.75657 -1.01385 -2.90401e-17 10.5513 1.57691 0.127001 0.189961 0.172997 -1.29193e-17 4.78644 0.715339 0.193678 -5.22775 -1.70988 -1.8116e-17 4.82109 0.421791 1.11062 -7.94629 -0.988982 -2.00958e-17 4.83041 0.765062 2.57843 -6.01675 1.46708 1.23299 -7.60731 7.53374 12.1929 3.58104 -0.13266 12.9547 3.2495 -3.26872 -65.7887 49.9174 -10.8441 29.2081 0.0598081 0.137039 3.76419 -0.591119 -18.4352 24.234 0.0496219 0.113701 -39.0955 -77.0794 -34.2222 -1.23299 -7.60729 7.53365 8.58539 6.58124 9.39348 -12.9547 3.2495 -3.26872 56.3562 6.67554 20.7231 -29.2081 0.0598081 0.137039 -0.955959 -0.0334216 4.6116 -24.234 0.0496218 0.113702 -0.628965 -32.9438 0.726965 9.23673 -4.20556 2.0327 -1.87663 -5.93748 -9.37458 -0.852353 -38.7721 -0.655187 -2.86041 10.6156 0.0799375 -2.32622 -40.4017 -6.04875 -9.68648 3.37249 17.2418 0.779096 -9.8844 12.4959 2.40263e-15 -6.9608e-16 -8.66345e-17 -9.23673 -4.20556 2.0327 -10.7145 -0.648996 17.2204 0.852353 -38.7721 -0.655187 0.687925 2.56922 0.0294244 2.32622 -40.4017 -6.04875 1.62198 -6.93636 -15.4777 -0.779096 -9.8844 12.4959 -1.38691e-15 -5.34425e-16 -1.271e-14 
9.95625 92.8497 65.7379 -9.74779 2.97222 -176.664 0 5.07867 -1.15138 -3.28594 1.73507 -0.11871 0 5.61661 1.07143 -2.15229 2.11212 -0.572991 -1.02604e-17 5.98978 0.11501 -1.26255 3.11121 -0.454887 -1.10457e-17 6.50583 -0.443523 -0.358918 4.28416 -0.438865 -1.97295e-17 7.60548 -1.50593 0.461737 4.50192 -0.469923 -2.53307e-17 9.49737 -0.914492 1.18886 4.77827 -1.07966 -2.90401e-17 10.5513 1.57691 0.118827 0.200103 0.163231 -1.29193e-17 4.78644 0.715339 0.285656 -4.99243 -1.4241 -1.8116e-17 4.82109 0.421791 1.17244 -7.77897 -0.845575 -2.00958e-17 4.83041 0.765062 2.5376 -5.97636 1.52528 1.23299 -7.60731 7.53374 11.7137 3.47611 -0.108831 12.9547 3.2495 -3.26872 -66.193 49.8798 -9.79788 29.2081 0.0598081 0.137039 3.79981 -0.602849 -18.6156 24.234 0.0496219 0.113701 -37.5238 -76.8521 -32.7927 -1.23299 -7.60729 7.53365 8.64412 6.49536 9.06667 -12.9547 3.2495 -3.26872 56.4426 7.95199 19.6788 -29.2081 0.0598081 0.137039 -1.00219 -0.0370025 4.83514 -24.234 0.0496218 0.113702 -0.417606 -33.8958 1.04027 9.23673 -4.20556 2.0327 -1.01509 -4.68884 -8.22784 -0.852353 -38.7721 -0.655187 -2.48277 9.23325 0.0389841 -2.32622 -40.4017 -6.04875 -10.0465 5.04701 17.3834 0.779096 -9.8844 12.4959 -3.92643e-15 -9.68026e-16 1.85311e-16 -9.23673 -4.20556 2.0327 -10.0954 0.256389 17.919 0.852353 -38.7721 -0.655187 0.674883 2.5205 0.0291532 2.32622 -40.4017 -6.04875 1.41073 -7.80594 -15.4629 -0.779096 -9.8844 12.4959 5.88724e-16 -6.20868e-16 -1.27964e-14 
9.86793 92.7591 65.4057 -9.23538 3.84835 -177.056 0 5.07867 -1.15138 -3.0801 1.67709 -0.157158 0 5.61661 1.07143 -1.98377 2.07316 -0.585711 -1.02604e-17 5.98978 0.11501 -1.13743 3.07666 -0.465412 -1.10457e-17 6.50583 -0.443523 -0.274081 4.24821 -0.45216 -1.97295e-17 7.60548 -1.50593 0.50089 4.46847 -0.499191 -2.53307e-17 9.49737 -0.914492 1.16926 4.7294 -1.11592 -2.90401e-17 10.5513 1.57691 0.116173 0.21186 0.16172 -1.29193e-17 4.78644 0.715339 0.26541 -3.94264 -1.29839 -1.8116e-17 4.82109 0.421791 1.10683 -7.73949 -0.794479 -2.00958e-17 4.83041 0.765062 2.55039 -6.3455 1.48537 1.23299 -7.60731 7.53374 12.7297 3.3236 0.245504 12.9547 3.2495 -3.26872 -66.8687 50.3686 -9.01988 29.2081 0.0598081 0.137039 3.90465 -0.638098 -19.1477 24.234 0.0496219 0.113701 -38.3559 -76.3216 -32.9721 -1.23299 -7.60729 7.53365 8.71135 6.26225 8.65041 -12.9547 3.2495 -3.26872 56.9383 8.49834 18.3907 -29.2081 0.0598081 0.137039 -1.06464 -0.0421269 5.13714 -24.234 0.0496218 0.113702 -0.39304 -34.0523 1.07614 9.23673 -4.20556 2.0327 -0.249664 -3.19524 -7.06213 -0.852353 -38.7721 -0.655187 -2.20969 8.22794 0.0150823 -2.32622 -40.4017 -6.04875 -9.97498 5.21971 17.2858 0.779096 -9.8844 12.4959 -1.57459e-15 -8.70064e-16 8.73498e-17 -9.23673 -4.20556 2.0327 -9.60929 1.32224 18.4799 0.852353 -38.7721 -0.655187 0.667176 2.49171 0.0289877 2.32622 -40.4017 -6.04875 1.45121 -7.92937 -15.4672 -0.779096 -9.8844 12.4959 -1.95732e-16 -5.84073e-16 -1.27596e-14 
9.80377 92.7693 65.1897 -9.13616 4.71406 -177.23 0 5.07867 -1.15138 -3.1727 1.70461 -0.192299 0 5.61661 1.07143 -2.04671 2.11192 -0.637786 -1.02604e-17 5.98978 0.11501 -1.18068 3.1363 -0.519486 -1.10457e-17 6.50583 -0.443523 -0.297575 4.3298 -0.507409 -1.97295e-17 7.60548 -1.50593 0.487727 4.56056 -0.556376 -2.53307e-17 9.49737 -0.914492 1.16533 4.85499 -1.17836 -2.90401e-17 10.5513 1.57691 0.115741 0.208631 0.157448 -1.29193e-17 4.78644 0.715339 0.278766 -3.56614 -1.15215 -1.8116e-17 4.82109 0.421791 1.31092 -7.74274 -0.719516 -2.00958e-17 4.83041 0.765062 2.69706 -6.51335 1.47687 1.23299 -7.60731 7.53374 12.9624 3.21017 0.380313 12.9547 3.2495 -3.26872 -67.4287 50.7417 -8.33585 29.2081 0.0598081 0.137039 4.09925 -0.70642 -20.1396 24.234 0.0496219 0.113701 -34.0165 -76.4224 -28.9398 -1.23299 -7.60729 7.53365 8.99924 6.11309 8.52048 -12.9547 3.2495 -3.26872 57.4875 8.35014 17.5599 -29.2081 0.0598081 0.137039 -1.16355 -0.0509218 5.61577 -24.234 0.0496218 0.113702 -0.245522 -33.9373 1.13001 9.23673 -4.20556 2.0327 0.0803531 -1.79483 -5.95587 -0.852353 -38.7721 -0.655187 -1.95419 7.28364 -0.00291593 -2.32622 -40.4017 -6.04875 -9.88648 5.75226 17.2172 0.779096 -9.8844 12.4959 1.87437e-17 -7.95425e-16 1.27102e-17 -9.23673 -4.20556 2.0327 -9.57584 2.42045 18.7941 0.852353 -38.7721 -0.655187 0.621497 2.32107 0.0279275 2.32622 -40.4017 -6.04875 1.97864 -7.94521 -15.4967 -0.779096 -9.8844 12.4959 -5.94828e-16 -5.59177e-16 -1.27471e-14 
9.71063 92.8648 65.0355 -9.44714 5.56918 -177.222 0 5.07867 -1.15138 -3.44382 1.64447 -0.208613 0 5.61661 1.07143 -2.25786 2.10116 -0.688655 -1.02604e-17 5.98978 0.11501 -1.33781 3.19377 -0.568594 -1.10457e-17 6.50583 -0.443523 -0.403054 4.4707 -0.553965 -1.97295e-17 7.60548 -1.50593 0.427921 4.7653 -0.590436 -2.53307e-17 9.49737 -0.914492 1.16455 5.13703 -1.21784 -2.90401e-17 10.5513 1.57691 0.113545 0.20063 0.155536 -1.29193e-17 4.78644 0.715339 0.265342 -3.27616 -1.20819 -1.8116e-17 4.82109 0.421791 1.46082 -7.73093 -0.740637 -2.00958e-17 4.83041 0.765062 3.05037 -6.65136 1.57789 1.23299 -7.60731 7.53374 13.0409 3.0248 0.567191 12.9547 3.2495 -3.26872 -66.7927 50.6562 -8.6496 29.2081 0.0598081 0.137039 4.18244 -0.736789 -20.5655 24.234 0.0496219 0.113701 -30.5834 -75.9542 -25.3621 -1.23299 -7.60729 7.53365 9.5616 6.00008 8.46467 -12.9547 3.2495 -3.26872 57.842 8.12459 17.0221 -29.2081 0.0598081 0.137039 -1.21335 -0.0556657 5.85692 -24.234 0.0496218 0.113702 -0.0906561 -34.0635 1.26868 9.23673 -4.20556 2.0327 -0.082271 -0.49821 -5.00279 -0.852353 -38.7721 -0.655187 -1.72334 6.42782 -0.0155354 -2.32622 -40.4017 -6.04875 -10.089 6.90396 17.295 0.779096 -9.8844 12.4959 -3.71195e-16 -8.07515e-16 2.48004e-17 -9.23673 -4.20556 2.0327 -9.98397 3.37523 18.9814 0.852353 -38.7721 -0.655187 0.645332 2.41011 0.0284977 2.32622 -40.4017 -6.04875 2.25947 -7.81439 -15.5239 -0.779096 -9.8844 12.4959 -9.92397e-16 -5.46706e-16 -1.27223e-14 
9.48569 92.9358 64.7952 -9.87908 6.14653 -177.24 0 5.07867 -1.15138 -3.64263 1.23871 -0.252947 0 5.61661 1.07143 -2.40957 1.85241 -0.755165 -1.02604e-17 5.98978 0.11501 -1.44752 3.11597 -0.63426 -1.10457e-17 6.50583 -0.443523 -0.470515 4.63899 -0.618315 -1.97295e-17 7.60548 -1.50593 0.386152 5.11517 -0.64767 -2.53307e-17 9.49737 -0.914492 1.15737 5.59956 -1.28365 -2.90401e-17 10.5513 1.57691 0.111138 0.170728 0.146226 -1.29193e-17 4.78644 0.715339 0.271172 -2.57694 -1.05663 -1.8116e-17 4.82109 0.421791 1.46022 -7.72696 -0.674852 -2.00958e-17 4.83041 0.765062 3.02573 -7.03532 1.56501 1.23299 -7.60731 7.53374 13.3688 2.71571 0.936622 12.9547 3.2495 -3.26872 -66.978 50.9776 -8.59683 29.2081 0.0598081 0.137039 4.31326 -0.785968 -21.2374 24.234 0.0496219 0.113701 -27.0919 -75.6078 -21.7971 -1.23299 -7.60729 7.53365 9.79314 5.53157 8.13266 -12.9547 3.2495 -3.26872 58.3254 7.91043 16.4644 -29.2081 0.0598081 0.137039 -1.26934 -0.0612516 6.12809 -24.234 0.0496218 0.113702 0.0499189 -33.6994 1.1743 9.23673 -4.20556 2.0327 -0.46987 0.441014 -3.94146 -0.852353 -38.7721 -0.655187 -1.59794 5.96205 -0.0209377 -2.32622 -40.4017 -6.04875 -10.1611 7.79491 17.3459 0.779096 -9.8844 12.4959 -3.72721e-16 -8.07563e-16 2.48481e-17 -9.23673 -4.20556 2.0327 -10.6444 4.27672 19.1536 0.852353 -38.7721 -0.655187 0.594322 2.21955 0.0272322 2.32622 -40.4017 -6.04875 2.71012 -7.90226 -15.5575 -0.779096 -9.8844 12.4959 -2.01846e-16 -5.83786e-16 -1.27593e-14 
9.19203 92.8319 64.5896 -10.2123 6.2977 -177.488 0 5.07867 -1.15138 -3.8269 0.924043 -0.284557 0 5.61661 1.07143 -2.564 1.61472 -0.810573 -1.02604e-17 5.98978 0.11501 -1.56605 2.95023 -0.691268 -1.10457e-17 6.50583 -0.443523 -0.552519 4.58514 -0.676914 -1.97295e-17 7.60548 -1.50593 0.324372 5.13811 -0.696586 -2.53307e-17 9.49737 -0.914492 1.12117 5.67555 -1.33274 -2.90401e-17 10.5513 1.57691 0.10636 0.16167 0.131257 -1.29193e-17 4.78644 0.715339 0.302459 -2.138 -0.808026 -1.8116e-17 4.82109 0.421791 1.35221 -7.44695 -0.564889 -2.00958e-17 4.83041 0.765062 3.05646 -6.91742 1.52541 1.23299 -7.60731 7.53374 13.2609 2.66986 1.06424 12.9547 3.2495 -3.26872 -67.4624 51.0504 -7.52012 29.2081 0.0598081 0.137039 4.38709 -0.814499 -21.6179 24.234 0.0496219 0.113701 -24.8164 -74.8801 -19.8396 -1.23299 -7.60729 7.53365 9.76579 5.28522 7.82828 -12.9547 3.2495 -3.26872 58.9248 8.7601 15.5691 -29.2081 0.0598081 0.137039 -1.3513 -0.0699111 6.52528 -24.234 0.0496218 0.113702 0.205042 -34.2802 1.20699 9.23673 -4.20556 2.0327 -0.829281 0.804515 -3.00737 -0.852353 -38.7721 -0.655187 -1.60444 5.9862 -0.0206829 -2.32622 -40.4017 -6.04875 -9.87666 7.56474 17.2347 0.779096 -9.8844 12.4959 -3.14499e-15 -9.31325e-16 1.4861e-16 -9.23673 -4.20556 2.0327 -11.2907 4.74779 19.4686 0.852353 -38.7721 -0.655187 0.526552 1.96638 0.0252886 2.32622 -40.4017 -6.04875 2.9729 -8.63547 -15.56 -0.779096 -9.8844 12.4959 -9.90862e-16 -5.46801e-16 -1.27224e-14 
8.88766 92.6319 64.5339 -10.4325 6.14766 -177.867 0 5.07867 -1.15138 -3.95202 1.03274 -0.299283 0 5.61661 1.07143 -2.68067 1.61205 -0.852556 -1.02604e-17 5.98978 0.11501 -1.65937 2.80057 -0.736541 -1.10457e-17 6.50583 -0.443523 -0.623964 4.22905 -0.726008 -1.97295e-17 7.60548 -1.50593 0.265615 4.62389 -0.737441 -2.53307e-17 9.49737 -0.914492 1.06873 5.09081 -1.36698 -2.90401e-17 10.5513 1.57691 0.0963737 0.205778 0.124977 -1.29193e-17 4.78644 0.715339 0.325914 -2.24166 -0.611663 -1.8116e-17 4.82109 0.421791 1.23784 -6.87475 -0.479332 -2.00958e-17 4.83041 0.765062 3.02346 -6.09335 1.50592 1.23299 -7.60731 7.53374 12.8476 3.00247 0.984796 12.9547 3.2495 -3.26872 -68.0379 50.8299 -5.7506 29.2081 0.0598081 0.137039 4.46681 -0.845943 -22.0299 24.234 0.0496219 0.113701 -23.3523 -73.8659 -18.8403 -1.23299 -7.60729 7.53365 9.70862 5.57916 7.73831 -12.9547 3.2495 -3.26872 59.5071 9.83885 14.3313 -29.2081 0.0598081 0.137039 -1.44462 -0.0804715 6.97793 -24.234 0.0496218 0.113702 0.391589 -35.4027 1.48043 9.23673 -4.20556 2.0327 -1.11195 0.665253 -2.45418 -0.852353 -38.7721 -0.655187 -1.70985 6.37775 -0.0161656 -2.32622 -40.4017 -6.04875 -9.35782 6.72184 17.0538 0.779096 -9.8844 12.4959 1.99279e-15 -7.09031e-16 -7.36832e-17 -9.23673 -4.20556 2.0327 -11.8662 4.70588 19.8084 0.852353 -38.7721 -0.655187 0.493723 1.84373 0.0242394 2.32622 -40.4017 -6.04875 3.31607 -9.70753 -15.5275 -0.779096 -9.8844 12.4959 -9.93923e-16 -5.46658e-16 -1.27222e-14 
8.59089 92.4411 64.5592 -10.6103 5.96972 -178.4 0 5.07867 -1.15138 -4.06848 1.21539 -0.263494 0 5.61661 1.07143 -2.79746 1.64025 -0.836871 -1.02604e-17 5.98978 0.11501 -1.75746 2.64603 -0.728436 -1.10457e-17 6.50583 -0.443523 -0.699852 3.79917 -0.728197 -1.97295e-17 7.60548 -1.50593 0.209217 4.02237 -0.728467 -2.53307e-17 9.49737 -0.914492 1.02094 4.38258 -1.35593 -2.90401e-17 10.5513 1.57691 0.08395 0.244584 0.117737 -1.29193e-17 4.78644 0.715339 0.245809 -1.9252 -0.995715 -1.8116e-17 4.82109 0.421791 0.987287 -6.47206 -0.676381 -2.00958e-17 4.83041 0.765062 3.3626 -5.35833 2.1987 1.23299 -7.60731 7.53374 13.6044 3.41996 0.86235 12.9547 3.2495 -3.26872 -66.7159 50.4454 -3.80025 29.2081 0.0598081 0.137039 4.57226 -0.888554 -22.5765 24.234 0.0496219 0.113701 -31.8813 -72.5492 -26.4556 -1.23299 -7.60729 7.53365 9.44634 5.87553 7.67287 -12.9547 3.2495 -3.26872 60.3317 11.4848 13.0696 -29.2081 0.0598081 0.137039 -1.5381 -0.0917996 7.43174 -24.234 0.0496218 0.113702 0.326219 -37.1392 1.56525 9.23673 -4.20556 2.0327 -1.36133 0.440767 -2.01482 -0.852353 -38.7721 -0.655187 -1.839 6.8569 -0.00964557 -2.32622 -40.4017 -6.04875 -8.9364 5.81252 16.9398 0.779096 -9.8844 12.4959 -1.55165e-15 -8.69061e-16 8.63464e-17 -9.23673 -4.20556 2.0327 -12.3901 4.43257 20.1422 0.852353 -38.7721 -0.655187 0.501764 1.87377 0.0245029 2.32622 -40.4017 -6.04875 3.77456 -10.7495 -15.4823 -0.779096 -9.8844 12.4959 -9.93923e-16 -5.46658e-16 -1.27222e-14 
8.28241 92.3031 64.625 -10.7868 5.95492 -178.946 0 5.07867 -1.15138 -4.23737 1.12189 -0.282277 0 5.61661 1.07143 -2.93284 1.54512 -0.882002 -1.02604e-17 5.98978 0.11501 -1.85671 2.528 -0.779458 -1.10457e-17 6.50583 -0.443523 -0.763069 3.65258 -0.784799 -1.97295e-17 7.60548 -1.50593 0.166065 3.86171 -0.778857 -2.53307e-17 9.49737 -0.914492 0.989875 4.20274 -1.41183 -2.90401e-17 10.5513 1.57691 0.084584 0.244819 0.11265 -1.29193e-17 4.78644 0.715339 0.299716 -1.89573 -0.211046 -1.8116e-17 4.82109 0.421791 0.958433 -6.0527 -0.323599 -2.00958e-17 4.83041 0.765062 3.10128 -5.19739 1.72137 1.23299 -7.60731 7.53374 13.9372 3.62278 0.831281 12.9547 3.2495 -3.26872 -67.5566 51.5238 -2.49113 29.2081 0.0598081 0.137039 4.89012 -1.02418 -24.237 24.234 0.0496219 0.113701 -29.0407 -73.883 -24.5045 -1.23299 -7.60729 7.53365 9.28164 5.88453 7.67766 -12.9547 3.2495 -3.26872 60.9605 11.3237 12.6101 -29.2081 0.0598081 0.137039 -1.65773 -0.107393 8.01308 -24.234 0.0496218 0.113702 0.541635 -36.8138 1.08065 9.23673 -4.20556 2.0327 -1.68319 0.484679 -1.64955 -0.852353 -38.7721 -0.655187 -1.90693 7.10863 -0.00578114 -2.32622 -40.4017 -6.04875 -8.45118 5.19805 16.832 0.779096 -9.8844 12.4959 1.99892e-15 -7.08792e-16 -7.39224e-17 -9.23673 -4.20556 2.0327 -12.8728 4.32604 20.5421 0.852353 -38.7721 -0.655187 0.477978 1.78491 0.0237113 2.32622 -40.4017 -6.04875 3.87905 -11.3685 -15.4134 -0.779096 -9.8844 12.4959 -2.57808e-15 -4.84777e-16 -1.26603e-14 
7.97486 92.237 64.8122 -10.8266 6.15774 -179.556 0 5.07867 -1.15138 -4.33615 0.892473 -0.258373 0 5.61661 1.07143 -3.02276 1.39131 -0.866909 -1.02604e-17 5.98978 0.11501 -1.93061 2.44539 -0.765895 -1.10457e-17 6.50583 -0.443523 -0.822841 3.67683 -0.770836 -1.97295e-17 7.60548 -1.50593 0.121627 3.96664 -0.754518 -2.53307e-17 9.49737 -0.914492 0.96828 4.35439 -1.38122 -2.90401e-17 10.5513 1.57691 0.0772965 0.229852 0.110624 -1.29193e-17 4.78644 0.715339 0.279029 -1.92504 0.0455877 -1.8116e-17 4.82109 0.421791 0.821552 -5.85881 -0.208159 -2.00958e-17 4.83041 0.765062 3.11761 -5.17525 1.73304 1.23299 -7.60731 7.53374 14.0756 3.52093 0.886602 12.9547 3.2495 -3.26872 -67.2889 51.3711 -2.35051 29.2081 0.0598081 0.137039 5.04059 -1.09223 -25.0303 24.234 0.0496219 0.113701 -26.9206 -73.9572 -22.5311 -1.23299 -7.60729 7.53365 9.24213 5.78169 7.62277 -12.9547 3.2495 -3.26872 61.1305 12.2439 12.7282 -29.2081 0.0598081 0.137039 -1.68477 -0.11109 8.14462 -24.234 0.0496218 0.113702 0.465295 -37.7438 0.660663 9.23673 -4.20556 2.0327 -1.87093 0.743783 -1.26831 -0.852353 -38.7721 -0.655187 -1.93772 7.22268 -0.00393058 -2.32622 -40.4017 -6.04875 -8.2025 4.83936 16.7944 0.779096 -9.8844 12.4959 4.38893e-15 -6.09161e-16 -1.73554e-16 -9.23673 -4.20556 2.0327 -13.1923 4.07737 20.9491 0.852353 -38.7721 -0.655187 0.571436 2.13406 0.0266094 2.32622 -40.4017 -6.04875 4.11446 -11.7272 -15.3867 -0.779096 -9.8844 12.4959 -4.56439e-15 -3.97904e-16 -1.25735e-14 
7.69774 92.2313 65.1716 -10.6589 6.59425 179.734 0 5.07867 -1.15138 -4.34654 0.927557 -0.215108 0 5.61661 1.07143 -3.04098 1.40781 -0.829381 -1.02604e-17 5.98978 0.11501 -1.94933 2.43475 -0.728995 -1.10457e-17 6.50583 -0.443523 -0.846878 3.62388 -0.73181 -1.97295e-17 7.60548 -1.50593 0.105384 3.87638 -0.710734 -2.53307e-17 9.49737 -0.914492 0.966888 4.24615 -1.32981 -2.90401e-17 10.5513 1.57691 0.0714012 0.247539 0.114283 -1.29193e-17 4.78644 0.715339 0.319048 -1.9591 0.348755 -1.8116e-17 4.82109 0.421791 0.904935 -5.72432 -0.0645208 -2.00958e-17 4.83041 0.765062 2.76807 -4.97309 1.64907 1.23299 -7.60731 7.53374 13.9386 3.47367 0.953593 12.9547 3.2495 -3.26872 -67.2358 51.0048 -2.30592 29.2081 0.0598081 0.137039 5.12785 -1.13285 -25.4925 24.234 0.0496219 0.113701 -23.9354 -73.705 -19.7421 -1.23299 -7.60729 7.53365 9.2911 5.88757 7.59738 -12.9547 3.2495 -3.26872 61.291 12.7297 12.7518 -29.2081 0.0598081 0.137039 -1.65722 -0.107325 8.01064 -24.234 0.0496218 0.113702 0.45697 -38.1659 0.541522 9.23673 -4.20556 2.0327 -1.84861 1.17899 -0.82579 -0.852353 -38.7721 -0.655187 -1.9432 7.24297 -0.00359487 -2.32622 -40.4017 -6.04875 -7.86506 4.7419 16.7482 0.779096 -9.8844 12.4959 -3.54351e-16 -8.06797e-16 2.40827e-17 -9.23673 -4.20556 2.0327 -13.2223 3.81547 21.5028 0.852353 -38.7721 -0.655187 0.690829 2.58007 0.0294832 2.32622 -40.4017 -6.04875 4.19646 -11.5973 -15.3636 -0.779096 -9.8844 12.4959 -1.40374e-15 -5.33708e-16 -1.27093e-14 
7.42615 92.2414 65.5797 -10.4188 7.04557 178.925 0 5.07867 -1.15138 -4.36165 0.95004 -0.115905 0 5.61661 1.07143 -3.07447 1.41674 -0.726501 -1.02604e-17 5.98978 0.11501 -1.98959 2.43072 -0.62543 -1.10457e-17 6.50583 -0.443523 -0.897856 3.5855 -0.627185 -1.97295e-17 7.60548 -1.50593 0.069101 3.81848 -0.594417 -2.53307e-17 9.49737 -0.914492 0.960946 4.1587 -1.20422 -2.90401e-17 10.5513 1.57691 0.0694014 0.256283 0.116307 -1.29193e-17 4.78644 0.715339 0.28283 -1.56491 0.406792 -1.8116e-17 4.82109 0.421791 0.874055 -5.75478 -0.0419129 -2.00958e-17 4.83041 0.765062 2.84274 -5.09476 1.66597 1.23299 -7.60731 7.53374 14.4592 3.40257 1.05093 12.9547 3.2495 -3.26872 -66.797 50.504 -2.57494 29.2081 0.0598081 0.137039 5.12571 -1.13184 -25.4811 24.234 0.0496219 0.113701 -24.4025 -73.0054 -20.0827 -1.23299 -7.60729 7.53365 9.27822 5.89137 7.49496 -12.9547 3.2495 -3.26872 61.6262 13.2781 12.8395 -29.2081 0.0598081 0.137039 -1.60792 -0.100751 7.77093 -24.234 0.0496218 0.113702 0.401624 -38.6704 0.407106 9.23673 -4.20556 2.0327 -1.75737 1.67079 -0.212343 -0.852353 -38.7721 -0.655187 -1.92201 7.16449 -0.00488261 -2.32622 -40.4017 -6.04875 -7.65861 4.70437 16.721 0.779096 -9.8844 12.4959 2.00351e-15 -7.08553e-16 -7.41615e-17 -9.23673 -4.20556 2.0327 -13.1463 3.30354 22.0927 0.852353 -38.7721 -0.655187 0.909662 3.3973 0.0323363 2.32622 -40.4017 -6.04875 4.36601 -11.4354 -15.3571 -0.779096 -9.8844 12.4959 -2.97565e-15 -4.59977e-16 -1.26355e-14 
7.09251 92.2453 65.8404 -10.2439 7.42045 178.183 0 5.07867 -1.15138 -4.4325 0.952512 -0.0372471 0 5.61661 1.07143 -3.14402 1.41204 -0.657746 -1.02604e-17 5.98978 0.11501 -2.05081 2.42044 -0.559812 -1.10457e-17 6.50583 -0.443523 -0.954545 3.55319 -0.561371 -1.97295e-17 7.60548 -1.50593 0.0352086 3.77213 -0.517755 -2.53307e-17 9.49737 -0.914492 0.962513 4.09855 -1.12174 -2.90401e-17 10.5513 1.57691 0.0686448 0.261771 0.115327 -1.29193e-17 4.78644 0.715339 0.290715 -1.4187 0.534529 -1.8116e-17 4.82109 0.421791 0.907154 -5.78126 0.0159705 -2.00958e-17 4.83041 0.765062 2.91203 -5.0742 1.72669 1.23299 -7.60731 7.53374 14.6202 3.37776 1.04499 12.9547 3.2495 -3.26872 -66.6536 50.2877 -2.32166 29.2081 0.0598081 0.137039 5.18166 -1.15832 -25.7783 24.234 0.0496219 0.113701 -23.7592 -72.7905 -19.7933 -1.23299 -7.60729 7.53365 9.25225 5.93739 7.47504 -12.9547 3.2495 -3.26872 61.9654 13.3838 12.9119 -29.2081 0.0598081 0.137039 -1.56651 -0.0953918 7.56972 -24.234 0.0496218 0.113702 0.555423 -38.6246 0.428504 9.23673 -4.20556 2.0327 -1.80201 2.22464 0.394273 -0.852353 -38.7721 -0.655187 -1.86352 6.9478 -0.00828508 -2.32622 -40.4017 -6.04875 -7.37316 4.64072 16.6689 0.779096 -9.8844 12.4959 2.01269e-15 -7.0817e-16 -7.45443e-17 -9.23673 -4.20556 2.0327 -13.1914 2.97955 22.7611 0.852353 -38.7721 -0.655187 1.05836 3.95229 0.0324915 2.32622 -40.4017 -6.04875 4.61731 -11.3307 -15.3409 -0.779096 -9.8844 12.4959 -2.18969e-15 -4.96818e-16 -1.26724e-14 
6.68602 92.2191 65.9418 -10.1611 7.68704 177.588 0 5.07867 -1.15138 -4.50597 0.727274 0.0210481 0 5.61661 1.07143 -3.21512 1.25901 -0.605719 -1.02604e-17 5.98978 0.11501 -2.11151 2.33969 -0.508397 -1.10457e-17 6.50583 -0.443523 -1.00835 3.57196 -0.508016 -1.97295e-17 7.60548 -1.50593 0.00140773 3.86281 -0.453702 -2.53307e-17 9.49737 -0.914492 0.962578 4.22048 -1.05368 -2.90401e-17 10.5513 1.57691 0.0685978 0.253831 0.113176 -1.29193e-17 4.78644 0.715339 0.299906 -1.1881 0.745638 -1.8116e-17 4.82109 0.421791 0.862217 -5.77987 0.110481 -2.00958e-17 4.83041 0.765062 2.98304 -5.24483 1.60292 1.23299 -7.60731 7.53374 14.7854 3.24397 1.12155 12.9547 3.2495 -3.26872 -66.5509 50.1904 -2.339 29.2081 0.0598081 0.137039 5.22196 -1.17762 -25.9929 24.234 0.0496219 0.113701 -22.6091 -72.5414 -18.8355 -1.23299 -7.60729 7.53365 9.20511 5.82869 7.37121 -12.9547 3.2495 -3.26872 62.2888 13.4683 12.9683 -29.2081 0.0598081 0.137039 -1.52097 -0.089669 7.34855 -24.234 0.0496218 0.113702 0.677841 -38.4227 0.395974 9.23673 -4.20556 2.0327 -2.00824 2.7803 0.91197 -0.852353 -38.7721 -0.655187 -1.78156 6.6439 -0.012679 -2.32622 -40.4017 -6.04875 -7.10054 4.41118 16.6085 0.779096 -9.8844 12.4959 1.61666e-15 -7.32923e-16 -4.97918e-17 -9.23673 -4.20556 2.0327 -13.3812 2.78592 23.3484 0.852353 -38.7721 -0.655187 1.17158 4.3746 0.0316418 2.32622 -40.4017 -6.04875 4.7233 -11.4038 -15.3308 -0.779096 -9.8844 12.4959 -1.39455e-15 -5.3409e-16 -1.27097e-14 
6.21148 92.1576 66.0327 -10.0802 7.74137 177.123 0 5.07867 -1.15138 -4.53349 0.571627 0.0511341 0 5.61661 1.07143 -3.24859 1.13307 -0.581624 -1.02604e-17 5.98978 0.11501 -2.14114 2.23153 -0.486304 -1.10457e-17 6.50583 -0.443523 -1.03707 3.49454 -0.485259 -1.97295e-17 7.60548 -1.50593 -0.0192202 3.80233 -0.426074 -2.53307e-17 9.49737 -0.914492 0.954416 4.16014 -1.02009 -2.90401e-17 10.5513 1.57691 0.0647495 0.259487 0.110165 -1.29193e-17 4.78644 0.715339 0.322602 -1.16314 0.926297 -1.8116e-17 4.82109 0.421791 0.833458 -5.73472 0.192518 -2.00958e-17 4.83041 0.765062 2.94741 -5.19913 1.47291 1.23299 -7.60731 7.53374 14.7491 3.19054 1.14992 12.9547 3.2495 -3.26872 -66.8395 49.9816 -1.83493 29.2081 0.0598081 0.137039 5.29135 -1.21127 -26.3632 24.234 0.0496219 0.113701 -20.9073 -71.9793 -17.3468 -1.23299 -7.60729 7.53365 9.01195 5.79997 7.27273 -12.9547 3.2495 -3.26872 62.648 13.9264 12.7759 -29.2081 0.0598081 0.137039 -1.49535 -0.0865279 7.22415 -24.234 0.0496218 0.113702 0.778525 -38.5804 0.51262 9.23673 -4.20556 2.0327 -2.24202 3.07616 1.33838 -0.852353 -38.7721 -0.655187 -1.71612 6.40103 -0.0158741 -2.32622 -40.4017 -6.04875 -6.67223 3.96472 16.4955 0.779096 -9.8844 12.4959 -1.15714e-15 -8.44404e-16 6.16897e-17 -9.23673 -4.20556 2.0327 -13.6215 2.5653 23.7289 0.852353 -38.7721 -0.655187 1.21762 4.54625 0.031057 2.32622 -40.4017 -6.04875 4.92662 -11.6024 -15.305 -0.779096 -9.8844 12.4959 5.887e-16 -6.20867e-16 -1.27964e-14 
5.66749 92.1057 66.1942 -9.99226 7.7049 176.804 0 5.07867 -1.15138 -4.47994 0.424906 0.0553289 0 5.61661 1.07143 -3.21572 1.01002 -0.564223 -1.02604e-17 5.98978 0.11501 -2.12012 2.1136 -0.463122 -1.10457e-17 6.50583 -0.443523 -1.03035 3.38888 -0.458846 -1.97295e-17 7.60548 -1.50593 -0.0203695 3.69975 -0.400137 -2.53307e-17 9.49737 -0.914492 0.945297 4.02228 -0.991265 -2.90401e-17 10.5513 1.57691 0.0665861 0.272603 0.113094 -1.29193e-17 4.78644 0.715339 0.327323 -0.836804 1.2658 -1.8116e-17 4.82109 0.421791 0.858005 -5.69042 0.349139 -2.00958e-17 4.83041 0.765062 2.61756 -5.51084 0.934 1.23299 -7.60731 7.53374 15.156 3.12332 1.36504 12.9547 3.2495 -3.26872 -68.4188 50.2928 -1.98295 29.2081 0.0598081 0.137039 5.3461 -1.23822 -26.6561 24.234 0.0496219 0.113701 -15.7136 -71.348 -12.5678 -1.23299 -7.60729 7.53365 8.55778 5.62682 6.99571 -12.9547 3.2495 -3.26872 63.1672 14.0009 12.4801 -29.2081 0.0598081 0.137039 -1.4832 -0.0850592 7.16519 -24.234 0.0496218 0.113702 0.927411 -38.3035 0.514688 9.23673 -4.20556 2.0327 -2.50014 3.23576 1.62609 -0.852353 -38.7721 -0.655187 -1.65067 6.158 -0.0187905 -2.32622 -40.4017 -6.04875 -6.26786 3.52981 16.3883 0.779096 -9.8844 12.4959 -3.75783e-16 -8.07706e-16 2.49916e-17 -9.23673 -4.20556 2.0327 -13.8459 2.22163 23.9256 0.852353 -38.7721 -0.655187 1.27932 4.77622 0.0300564 2.32622 -40.4017 -6.04875 4.79145 -11.6447 -15.2945 -0.779096 -9.8844 12.4959 -2.57195e-15 -4.85064e-16 -1.26606e-14 
5.09996 92.0924 66.3578 -9.86859 7.70849 176.604 0 5.07867 -1.15138 -4.43431 0.466122 0.0722977 0 5.61661 1.07143 -3.18999 1.00096 -0.540169 -1.02604e-17 5.98978 0.11501 -2.1065 2.04479 -0.43983 -1.10457e-17 6.50583 -0.443523 -1.02956 3.22975 -0.435243 -1.97295e-17 7.60548 -1.50593 -0.0244667 3.47909 -0.3764 -2.53307e-17 9.49737 -0.914492 0.933928 3.74869 -0.959968 -2.90401e-17 10.5513 1.57691 0.0597079 0.293266 0.11054 -1.29193e-17 4.78644 0.715339 0.292673 -0.794953 0.854838 -1.8116e-17 4.82109 0.421791 0.791274 -5.77409 0.161001 -2.00958e-17 4.83041 0.765062 2.70694 -5.42781 1.2759 1.23299 -7.60731 7.53374 15.2383 3.13555 1.35954 12.9547 3.2495 -3.26872 -68.6968 49.5089 -1.74908 29.2081 0.0598081 0.137039 5.28041 -1.20593 -26.3047 24.234 0.0496219 0.113701 -15.9552 -69.5607 -12.5781 -1.23299 -7.60729 7.53365 8.11778 5.61515 6.83337 -12.9547 3.2495 -3.26872 63.6966 14.6898 12.1422 -29.2081 0.0598081 0.137039 -1.47505 -0.08408 7.1256 -24.234 0.0496218 0.113702 0.894645 -38.8764 0.634888 9.23673 -4.20556 2.0327 -2.69113 3.31809 1.79805 -0.852353 -38.7721 -0.655187 -1.61719 6.03358 -0.020175 -2.32622 -40.4017 -6.04875 -5.9698 3.20976 16.3104 0.779096 -9.8844 12.4959 4.19346e-16 -7.82811e-16 9.59717e-20 -9.23673 -4.20556 2.0327 -14.0846 2.00516 23.9091 0.852353 -38.7721 -0.655187 1.29771 4.84473 0.0297102 2.32622 -40.4017 -6.04875 5.21713 -11.6067 -15.2995 -0.779096 -9.8844 12.4959 -3.37627e-15 -4.47409e-16 -1.2623e-14 
4.54547 92.1095 66.5115 -9.75048 7.77887 176.489 0 5.07867 -1.15138 -4.34032 0.690968 0.0881444 0 5.61661 1.07143 -3.14582 1.0949 -0.49584 -1.02604e-17 5.98978 0.11501 -2.10223 1.9922 -0.392302 -1.10457e-17 6.50583 -0.443523 -1.05551 2.95741 -0.394693 -1.97295e-17 7.60548 -1.50593 -0.0742005 3.05254 -0.338007 -2.53307e-17 9.49737 -0.914492 0.858445 3.121 -0.887296 -2.90401e-17 10.5513 1.57691 0.0638382 0.311406 0.0810373 -1.29193e-17 4.78644 0.715339 0.333688 0.403052 0.99439 -1.8116e-17 4.82109 0.421791 1.03001 -5.8722 0.238166 -2.00958e-17 4.83041 0.765062 2.33091 -6.14595 0.685589 1.23299 -7.60731 7.53374 16.2386 3.26514 1.12818 12.9547 3.2495 -3.26872 -70.9253 50.0477 -1.29875 29.2081 0.0598081 0.137039 5.17587 -1.15556 -25.7476 24.234 0.0496219 0.113701 -13.7753 -68.424 -10.9553 -1.23299 -7.60729 7.53365 5.01146 5.0272 6.0334 -12.9547 3.2495 -3.26872 64.6641 18.4231 11.1096 -29.2081 0.0598081 0.137039 -1.52005 -0.0895588 7.34405 -24.234 0.0496218 0.113702 3.21893 -42.1817 1.84777 9.23673 -4.20556 2.0327 -2.90743 3.45382 1.92594 -0.852353 -38.7721 -0.655187 -1.57651 5.8824 -0.0217584 -2.32622 -40.4017 -6.04875 -5.66927 3.09872 16.2425 0.779096 -9.8844 12.4959 8.18451e-16 -7.57963e-16 -2.47521e-17 -9.23673 -4.20556 2.0327 -14.2572 1.88465 23.9191 0.852353 -38.7721 -0.655187 1.30975 4.88959 0.0294715 2.32622 -40.4017 -6.04875 4.83283 -11.1958 -15.3147 -0.779096 -9.8844 12.4959 -1.39917e-15 -5.33898e-16 -1.27095e-14 
4.02439 92.1339 66.6144 -9.62752 7.87033 176.397 0 5.07867 -1.15138 -4.21615 1.06319 0.128237 0 5.61661 1.07143 -3.09044 1.26732 -0.418124 -1.02604e-17 5.98978 0.11501 -2.10469 1.96029 -0.318394 -1.10457e-17 6.50583 -0.443523 -1.10084 2.61556 -0.332649 -1.97295e-17 7.60548 -1.50593 -0.152097 2.5112 -0.279214 -2.53307e-17 9.49737 -0.914492 0.749043 2.32935 -0.777884 -2.90401e-17 10.5513 1.57691 0.0613401 0.321448 0.0357239 -1.29193e-17 4.78644 0.715339 0.329312 1.94226 0.422567 -1.8116e-17 4.82109 0.421791 1.05349 -6.0971 -0.0157245 -2.00958e-17 4.83041 0.765062 2.43072 -6.9342 0.932382 1.23299 -7.60731 7.53374 17.2882 3.47407 0.520389 12.9547 3.2495 -3.26872 -72.6957 49.8352 -0.0901588 29.2081 0.0598081 0.137039 4.9726 -1.06117 -24.6712 24.234 0.0496219 0.113701 -15.7846 -66.6592 -13.2266 -1.23299 -7.60729 7.53365 0.987988 4.42645 5.15087 -12.9547 3.2495 -3.26872 66.1579 23.6672 9.69614 -29.2081 0.0598081 0.137039 -1.62117 -0.102505 7.83534 -24.234 0.0496218 0.113702 6.28767 -46.8515 3.91013 9.23673 -4.20556 2.0327 -3.07289 3.58588 2.06095 -0.852353 -38.7721 -0.655187 -1.55608 5.80642 -0.0225133 -2.32622 -40.4017 -6.04875 -5.52182 2.97964 16.2147 0.779096 -9.8844 12.4959 8.19987e-16 -7.57867e-16 -2.48481e-17 -9.23673 -4.20556 2.0327 -14.4542 1.80623 23.852 0.852353 -38.7721 -0.655187 1.32644 4.95177 0.029125 2.32622 -40.4017 -6.04875 5.10846 -10.9303 -15.3301 -0.779096 -9.8844 12.4959 -1.39149e-15 -5.34234e-16 -1.27098e-14 
3.53961 92.1501 66.6964 -9.49439 7.91278 176.236 0 5.07867 -1.15138 -4.12799 1.49801 0.19834 0 5.61661 1.07143 -3.07297 1.48106 -0.318918 -1.02604e-17 5.98978 0.11501 -2.14294 1.96597 -0.230033 -1.10457e-17 6.50583 -0.443523 -1.17885 2.30983 -0.257206 -1.97295e-17 7.60548 -1.50593 -0.250111 2.00281 -0.205376 -2.53307e-17 9.49737 -0.914492 0.645058 1.58089 -0.637522 -2.90401e-17 10.5513 1.57691 0.0642255 0.325211 -0.0186615 -1.29193e-17 4.78644 0.715339 0.449978 3.20896 -0.340844 -1.8116e-17 4.82109 0.421791 1.2533 -6.42101 -0.34565 -2.00958e-17 4.83041 0.765062 2.4518 -7.64331 1.46083 1.23299 -7.60731 7.53374 17.4843 3.70328 -0.4584 12.9547 3.2495 -3.26872 -73.0276 49.7647 1.08366 29.2081 0.0598081 0.137039 4.72099 -0.950658 -23.351 24.234 0.0496219 0.113701 -19.4542 -65.8269 -17.4297 -1.23299 -7.60729 7.53365 -3.59754 3.978 4.34475 -12.9547 3.2495 -3.26872 67.4559 29.3054 8.36115 -29.2081 0.0598081 0.137039 -1.72671 -0.116959 8.34867 -24.234 0.0496218 0.113702 11.4754 -51.9068 8.01455 9.23673 -4.20556 2.0327 -3.23793 3.73602 2.15151 -0.852353 -38.7721 -0.655187 -1.51348 5.64802 -0.0239992 -2.32622 -40.4017 -6.04875 -5.25766 2.87473 16.1547 0.779096 -9.8844 12.4959 -1.16018e-15 -8.44499e-16 6.17843e-17 -9.23673 -4.20556 2.0327 -14.6102 1.69944 23.994 0.852353 -38.7721 -0.655187 1.32592 4.94982 0.0291362 2.32622 -40.4017 -6.04875 5.23879 -10.6427 -15.3383 -0.779096 -9.8844 12.4959 -5.99425e-16 -5.58986e-16 -1.27469e-14 
3.09354 92.1575 66.7717 -9.35463 7.93311 176.014 0 5.07867 -1.15138 -3.99856 1.77909 0.280217 0 5.61661 1.07143 -3.02238 1.60446 -0.195722 -1.02604e-17 5.98978 0.11501 -2.15605 1.94726 -0.113319 -1.10457e-17 6.50583 -0.443523 -1.24053 2.08315 -0.149864 -1.97295e-17 7.60548 -1.50593 -0.335477 1.64976 -0.10188 -2.53307e-17 9.49737 -0.914492 0.556954 1.03025 -0.472897 -2.90401e-17 10.5513 1.57691 0.0728241 0.317645 -0.0623166 -1.29193e-17 4.78644 0.715339 0.559613 4.28864 -0.946312 -1.8116e-17 4.82109 0.421791 1.33654 -6.68189 -0.610692 -2.00958e-17 4.83041 0.765062 2.39559 -8.45128 1.71373 1.23299 -7.60731 7.53374 17.7287 3.8618 -1.42256 12.9547 3.2495 -3.26872 -73.406 50.1463 1.94634 29.2081 0.0598081 0.137039 4.56931 -0.887344 -22.5612 24.234 0.0496219 0.113701 -22.2651 -65.9183 -20.6296 -1.23299 -7.60729 7.53365 -7.72603 3.60409 3.70699 -12.9547 3.2495 -3.26872 68.6466 33.8539 7.16643 -29.2081 0.0598081 0.137039 -1.8531 -0.135536 8.96421 -24.234 0.0496218 0.113702 16.9313 -55.7831 12.4846 9.23673 -4.20556 2.0327 -3.39203 3.86617 2.25173 -0.852353 -38.7721 -0.655187 -1.47191 5.49334 -0.0253357 -2.32622 -40.4017 -6.04875 -4.92519 2.76725 16.0874 0.779096 -9.8844 12.4959 -7.71826e-16 -8.32459e-16 4.97442e-17 -9.23673 -4.20556 2.0327 -14.7291 1.48506 24.0649 0.852353 -38.7721 -0.655187 1.36101 5.08053 0.0283496 2.32622 -40.4017 -6.04875 5.40177 -10.4177 -15.3421 -0.779096 -9.8844 12.4959 1.95714e-16 -5.9621e-16 -1.27718e-14 
2.68371 92.161 66.8401 -9.23392 7.95651 175.755 0 5.07867 -1.15138 -3.85599 1.90534 0.364267 0 5.61661 1.07143 -2.95687 1.64788 -0.0666653 -1.02604e-17 5.98978 0.11501 -2.15126 1.92238 0.0149362 -1.10457e-17 6.50583 -0.443523 -1.28626 1.96313 -0.0255083 -1.97295e-17 7.60548 -1.50593 -0.403225 1.48355 0.0202834 -2.53307e-17 9.49737 -0.914492 0.490306 0.737709 -0.301822 -2.90401e-17 10.5513 1.57691 0.0821168 0.309658 -0.0888712 -1.29193e-17 4.78644 0.715339 0.603646 4.89146 -1.39359 -1.8116e-17 4.82109 0.421791 1.3814 -6.98651 -0.808234 -2.00958e-17 4.83041 0.765062 2.25181 -9.07518 1.78374 1.23299 -7.60731 7.53374 17.99 3.91409 -2.10449 12.9547 3.2495 -3.26872 -74.2131 50.7682 2.2517 29.2081 0.0598081 0.137039 4.52847 -0.870716 -22.3493 24.234 0.0496219 0.113701 -22.5454 -66.5263 -21.2211 -1.23299 -7.60729 7.53365 -10.8266 3.30442 3.20526 -12.9547 3.2495 -3.26872 69.3603 37.479 6.33166 -29.2081 0.0598081 0.137039 -2.00269 -0.15932 9.69399 -24.234 0.0496218 0.113702 21.5925 -58.8001 16.3978 9.23673 -4.20556 2.0327 -3.53776 3.9918 2.38033 -0.852353 -38.7721 -0.655187 -1.42923 5.33453 -0.0265902 -2.32622 -40.4017 -6.04875 -4.58746 2.68994 16.0067 0.779096 -9.8844 12.4959 2.39798e-15 -6.96274e-16 -8.64404e-17 -9.23673 -4.20556 2.0327 -14.8335 1.28169 24.2083 0.852353 -38.7721 -0.655187 1.38835 5.18232 0.0276813 2.32622 -40.4017 -6.04875 5.42309 -10.1776 -15.3401 -0.779096 -9.8844 12.4959 1.98785e-16 -5.96354e-16 -1.27719e-14 
2.30244 92.1589 66.9062 -9.14231 7.98051 175.543 0 5.07867 -1.15138 -3.76476 2.00038 0.464549 0 5.61661 1.07143 -2.92557 1.67775 0.069755 -1.02604e-17 5.98978 0.11501 -2.16146 1.90691 0.154054 -1.10457e-17 6.50583 -0.443523 -1.333 1.87192 0.114409 -1.97295e-17 7.60548 -1.50593 -0.452981 1.36766 0.162335 -2.53307e-17 9.49737 -0.914492 0.460911 0.544339 -0.130755 -2.90401e-17 10.5513 1.57691 0.088419 0.309547 -0.100762 -1.29193e-17 4.78644 0.715339 0.617564 5.09847 -2.0247 -1.8116e-17 4.82109 0.421791 1.42886 -7.24744 -1.09227 -2.00958e-17 4.83041 0.765062 2.19819 -9.45599 2.09062 1.23299 -7.60731 7.53374 18.1555 3.94591 -2.59933 12.9547 3.2495 -3.26872 -74.2585 50.9165 2.21291 29.2081 0.0598081 0.137039 4.46785 -0.846351 -22.0352 24.234 0.0496219 0.113701 -23.7388 -66.5327 -22.249 -1.23299 -7.60729 7.53365 -12.6594 3.19557 2.94789 -12.9547 3.2495 -3.26872 69.8432 40.0613 5.66902 -29.2081 0.0598081 0.137039 -2.12433 -0.180103 10.2885 -24.234 0.0496218 0.113702 24.8707 -61.112 19.3977 9.23673 -4.20556 2.0327 -3.68912 4.12815 2.49251 -0.852353 -38.7721 -0.655187 -1.37758 5.14224 -0.0279498 -2.32622 -40.4017 -6.04875 -4.31239 2.6056 15.9337 0.779096 -9.8844 12.4959 1.6182e-15 -7.32874e-16 -4.98401e-17 -9.23673 -4.20556 2.0327 -14.9742 1.11352 24.2767 0.852353 -38.7721 -0.655187 1.40411 5.24101 0.0272737 2.32622 -40.4017 -6.04875 5.73475 -10.0578 -15.3427 -0.779096 -9.8844 12.4959 -5.93283e-16 -5.59226e-16 -1.27472e-14 
1.94564 92.1486 66.9814 -9.03114 7.93953 175.363 0 5.07867 -1.15138 -3.70192 2.06411 0.55617 0 5.61661 1.07143 -2.90791 1.69418 0.188502 -1.02604e-17 5.98978 0.11501 -2.1722 1.89152 0.276671 -1.10457e-17 6.50583 -0.443523 -1.37081 1.79765 0.238962 -1.97295e-17 7.60548 -1.50593 -0.488313 1.28046 0.290782 -2.53307e-17 9.49737 -0.914492 0.445703 0.405999 0.0116648 -2.90401e-17 10.5513 1.57691 0.0950009 0.315188 -0.102919 -1.29193e-17 4.78644 0.715339 0.577799 4.97027 -2.38586 -1.8116e-17 4.82109 0.421791 1.42763 -7.48603 -1.2595 -2.00958e-17 4.83041 0.765062 2.18042 -9.59136 2.12515 1.23299 -7.60731 7.53374 18.3392 4.01398 -2.92551 12.9547 3.2495 -3.26872 -74.3675 51.2066 2.1515 29.2081 0.0598081 0.137039 4.43768 -0.834374 -21.8792 24.234 0.0496219 0.113701 -24.4141 -66.6188 -22.8162 -1.23299 -7.60729 7.53365 -13.5068 3.19533 2.86819 -12.9547 3.2495 -3.26872 69.9554 41.5093 5.2409 -29.2081 0.0598081 0.137039 -2.22526 -0.198338 10.7826 -24.234 0.0496218 0.113702 26.8159 -62.6071 21.1348 9.23673 -4.20556 2.0327 -3.79936 4.18862 2.61874 -0.852353 -38.7721 -0.655187 -1.32993 4.96474 -0.0290499 -2.32622 -40.4017 -6.04875 -4.06115 2.45683 15.8704 0.779096 -9.8844 12.4959 -1.15711e-15 -8.44403e-16 6.16883e-17 -9.23673 -4.20556 2.0327 -15.0703 0.919017 24.2733 0.852353 -38.7721 -0.655187 1.40487 5.24385 0.0272536 2.32622 -40.4017 -6.04875 5.91027 -9.91253 -15.3368 -0.779096 -9.8844 12.4959 -1.38842e-15 -5.3433e-16 -1.27099e-14 
1.60394 92.1468 67.0617 -8.92953 7.86177 175.204 0 5.07867 -1.15138 -3.65589 2.04604 0.626082 0 5.61661 1.07143 -2.8951 1.66462 0.281902 -1.02604e-17 5.98978 0.11501 -2.17988 1.85696 0.37708 -1.10457e-17 6.50583 -0.443523 -1.39825 1.74701 0.341687 -1.97295e-17 7.60548 -1.50593 -0.513018 1.24074 0.397394 -2.53307e-17 9.49737 -0.914492 0.437615 0.326427 0.124024 -2.90401e-17 10.5513 1.57691 0.104545 0.31943 -0.103397 -1.29193e-17 4.78644 0.715339 0.534506 4.88509 -2.34845 -1.8116e-17 4.82109 0.421791 1.44314 -7.61562 -1.24573 -2.00958e-17 4.83041 0.765062 2.01049 -9.83105 1.7666 1.23299 -7.60731 7.53374 18.7343 4.05071 -3.04392 12.9547 3.2495 -3.26872 -75.3826 51.7209 1.97069 29.2081 0.0598081 0.137039 4.40106 -0.819958 -21.6901 24.234 0.0496219 0.113701 -23.2423 -66.8817 -21.7662 -1.23299 -7.60729 7.53365 -14.1148 3.14912 2.75021 -12.9547 3.2495 -3.26872 70.0944 42.3626 4.99739 -29.2081 0.0598081 0.137039 -2.31485 -0.215277 11.2218 -24.234 0.0496218 0.113702 27.7536 -63.5123 21.7612 9.23673 -4.20556 2.0327 -3.90342 4.18994 2.74231 -0.852353 -38.7721 -0.655187 -1.28647 4.80287 -0.0299239 -2.32622 -40.4017 -6.04875 -3.82819 2.3549 15.8114 0.779096 -9.8844 12.4959 1.60438e-15 -7.3345e-16 -4.92643e-17 -9.23673 -4.20556 2.0327 -15.1577 0.69895 24.206 0.852353 -38.7721 -0.655187 1.40073 5.22843 0.0273624 2.32622 -40.4017 -6.04875 6.00759 -9.71255 -15.3327 -0.779096 -9.8844 12.4959 -9.95459e-16 -5.4661e-16 -1.27222e-14 
1.27522 92.1707 67.1509 -8.85817 7.81862 175.102 0 5.07867 -1.15138 -3.56863 2.10926 0.674624 0 5.61661 1.07143 -2.843 1.68631 0.358346 -1.02604e-17 5.98978 0.11501 -2.15504 1.8397 0.461905 -1.10457e-17 6.50583 -0.443523 -1.39908 1.66245 0.429566 -1.97295e-17 7.60548 -1.50593 -0.521276 1.13458 0.485878 -2.53307e-17 9.49737 -0.914492 0.430303 0.164502 0.215343 -2.90401e-17 10.5513 1.57691 0.110573 0.330209 -0.0963988 -1.29193e-17 4.78644 0.715339 0.447359 4.60292 -2.34713 -1.8116e-17 4.82109 0.421791 1.37278 -7.70191 -1.25048 -2.00958e-17 4.83041 0.765062 1.77919 -9.76529 1.52015 1.23299 -7.60731 7.53374 19.3152 4.12329 -3.06532 12.9547 3.2495 -3.26872 -76.7868 52.0012 1.94391 29.2081 0.0598081 0.137039 4.36298 -0.805115 -21.4936 24.234 0.0496219 0.113701 -22.3077 -66.8248 -20.7911 -1.23299 -7.60729 7.53365 -14.4714 3.22566 2.72485 -12.9547 3.2495 -3.26872 69.9372 42.832 4.67402 -29.2081 0.0598081 0.137039 -2.37341 -0.226734 11.5092 -24.234 0.0496218 0.113702 28.7052 -64.0622 22.4694 9.23673 -4.20556 2.0327 -4.00685 4.16971 2.84785 -0.852353 -38.7721 -0.655187 -1.25832 4.69795 -0.0304244 -2.32622 -40.4017 -6.04875 -3.76117 2.35999 15.7886 0.779096 -9.8844 12.4959 4.27024e-16 -7.82523e-16 -1.91946e-19 -9.23673 -4.20556 2.0327 -15.2768 0.50508 24.0994 0.852353 -38.7721 -0.655187 1.39919 5.22268 0.0274027 2.32622 -40.4017 -6.04875 6.22609 -9.44567 -15.3367 -0.779096 -9.8844 12.4959 -9.93923e-16 -5.46658e-16 -1.27222e-14 
0.966971 92.217 67.2544 -8.80723 7.79177 175.044 0 5.07867 -1.15138 -3.54055 2.23676 0.730365 0 5.61661 1.07143 -2.83532 1.74614 0.429653 -1.02604e-17 5.98978 0.11501 -2.15897 1.84005 0.53824 -1.10457e-17 6.50583 -0.443523 -1.4149 1.55586 0.508562 -1.97295e-17 7.60548 -1.50593 -0.530605 0.981474 0.567856 -2.53307e-17 9.49737 -0.914492 0.434488 -0.0421263 0.294422 -2.90401e-17 10.5513 1.57691 0.114303 0.34488 -0.0897191 -1.29193e-17 4.78644 0.715339 0.379557 4.26516 -2.57178 -1.8116e-17 4.82109 0.421791 1.27428 -7.77964 -1.35904 -2.00958e-17 4.83041 0.765062 1.74377 -9.5299 1.63296 1.23299 -7.60731 7.53374 19.6765 4.26153 -3.17945 12.9547 3.2495 -3.26872 -77.2584 51.9564 2.13955 29.2081 0.0598081 0.137039 4.26832 -0.76887 -21.0063 24.234 0.0496219 0.113701 -23.9593 -66.4521 -22.1836 -1.23299 -7.60729 7.53365 -14.4404 3.40228 2.82605 -12.9547 3.2495 -3.26872 69.9298 43.1318 4.25483 -29.2081 0.0598081 0.137039 -2.40043 -0.232125 11.642 -24.234 0.0496218 0.113702 29.2469 -64.5078 23.117 9.23673 -4.20556 2.0327 -4.10248 4.11452 2.90784 -0.852353 -38.7721 -0.655187 -1.24294 4.64061 -0.030676 -2.32622 -40.4017 -6.04875 -3.69848 2.48078 15.7622 0.779096 -9.8844 12.4959 4.22417e-16 -7.82715e-16 2.88531e-33 -9.23673 -4.20556 2.0327 -15.4156 0.391409 23.9477 0.852353 -38.7721 -0.655187 1.36363 5.09028 0.0282877 2.32622 -40.4017 -6.04875 6.5515 -9.10603 -15.3551 -0.779096 -9.8844 12.4959 -1.38996e-15 -5.34282e-16 -1.27098e-14 
0.681262 92.2732 67.3635 -8.75962 7.79584 175.054 0 5.07867 -1.15138 -3.49759 2.33102 0.76284 0 5.61661 1.07143 -2.81184 1.79725 0.478298 -1.02604e-17 5.98978 0.11501 -2.15079 1.85362 0.593459 -1.10457e-17 6.50583 -0.443523 -1.42004 1.5027 0.565792 -1.97295e-17 7.60548 -1.50593 -0.537311 0.897906 0.626119 -2.53307e-17 9.49737 -0.914492 0.432205 -0.169262 0.352128 -2.90401e-17 10.5513 1.57691 0.124761 0.352381 -0.0820074 -1.29193e-17 4.78644 0.715339 0.310777 3.85479 -2.33405 -1.8116e-17 4.82109 0.421791 1.28472 -7.81322 -1.25401 -2.00958e-17 4.83041 0.765062 1.40648 -9.3381 1.18873 1.23299 -7.60731 7.53374 20.0436 4.40369 -3.27863 12.9547 3.2495 -3.26872 -78.6997 52.5653 2.27536 29.2081 0.0598081 0.137039 4.2381 -0.757496 -20.8511 24.234 0.0496219 0.113701 -23.0117 -66.9937 -21.4828 -1.23299 -7.60729 7.53365 -14.5583 3.51108 2.91575 -12.9547 3.2495 -3.26872 69.2345 43.059 4.10545 -29.2081 0.0598081 0.137039 -2.4372 -0.239564 11.8227 -24.234 0.0496218 0.113702 30.7248 -64.5902 24.1613 9.23673 -4.20556 2.0327 -4.19217 4.06871 2.92227 -0.852353 -38.7721 -0.655187 -1.23507 4.6113 -0.0307987 -2.32622 -40.4017 -6.04875 -3.7146 2.65911 15.7615 0.779096 -9.8844 12.4959 8.18451e-16 -7.57963e-16 -2.47521e-17 -9.23673 -4.20556 2.0327 -15.5255 0.289581 23.7962 0.852353 -38.7721 -0.655187 1.3458 5.02387 0.0287004 2.32622 -40.4017 -6.04875 6.64702 -8.65845 -15.3694 -0.779096 -9.8844 12.4959 -9.95459e-16 -5.4661e-16 -1.27222e-14 
1.23881 92.4189 67.0987 -8.7239 7.80661 175.063 0 5.07867 -1.15138 -3.60125 2.12871 0.826167 0 5.61661 1.07143 -2.91389 1.66231 0.535414 -1.02604e-17 5.98978 0.11501 -2.23518 1.79495 0.655247 -1.10457e-17 6.50583 -0.443523 -1.49265 1.54852 0.632494 -1.97295e-17 7.60548 -1.50593 -0.581778 1.01935 0.708037 -2.53307e-17 9.49737 -0.914492 0.427494 0.0123097 0.433216 -2.90401e-17 10.5513 1.57691 0.124232 0.344235 -0.0750373 -1.29193e-17 4.78644 0.715339 0.180499 3.30824 -2.65016 -1.8116e-17 4.82109 0.421791 1.21142 -7.80478 -1.40835 -2.00958e-17 4.83041 0.765062 1.90342 -8.96078 1.51799 1.23299 -7.60731 7.53374 20.1296 4.40233 -3.25046 12.9547 3.2495 -3.26872 -78.7794 52.3018 2.32795 29.2081 0.0598081 0.137039 4.12199 -0.714648 -20.2559 24.234 0.0496219 0.113701 -23.8462 -66.6029 -21.9422 -1.23299 -7.60729 7.53365 -13.7186 3.58084 3.08507 -12.9547 3.2495 -3.26872 68.726 43.6278 3.95641 -29.2081 0.0598081 0.137039 -2.4362 -0.239359 11.8177 -24.234 0.0496218 0.113702 31.6242 -65.3156 25.333 9.23673 -4.20556 2.0327 -3.86286 4.29065 3.03811 -0.852353 -38.7721 -0.655187 -1.18583 4.42772 -0.0314751 -2.32622 -40.4017 -6.04875 -3.85452 3.40516 15.798 0.779096 -9.8844 12.4959 2.79192e-17 -7.94995e-16 1.22801e-17 -9.23673 -4.20556 2.0327 -15.2361 0.697744 23.7928 0.852353 -38.7721 -0.655187 1.22633 4.57869 0.0309309 2.32622 -40.4017 -6.04875 6.87517 -8.33424 -15.3608 -0.779096 -9.8844 12.4959 -1.78599e-15 -5.0953e-16 -1.26975e-14 
1.11067 92.4363 67.182 -8.646 7.83089 175.062 0 5.07867 -1.15138 -3.59021 2.27082 0.848644 0 5.61661 1.07143 -2.91033 1.75609 0.554459 -1.02604e-17 5.98978 0.11501 -2.23199 1.84519 0.67891 -1.10457e-17 6.50583 -0.443523 -1.49356 1.52439 0.661522 -1.97295e-17 7.60548 -1.50593 -0.575921 0.943888 0.739779 -2.53307e-17 9.49737 -0.914492 0.443392 -0.0606935 0.456407 -2.90401e-17 10.5513 1.57691 0.128112 0.357294 -0.0618469 -1.29193e-17 4.78644 0.715339 0.116341 2.21303 -2.3348 -1.8116e-17 4.82109 0.421791 1.41414 -7.72988 -1.25441 -2.00958e-17 4.83041 0.765062 1.43533 -8.25354 1.15106 1.23299 -7.60731 7.53374 19.3866 4.6668 -3.49933 12.9547 3.2495 -3.26872 -79.5255 52.3945 2.88423 29.2081 0.0598081 0.137039 4.07959 -0.699343 -20.0392 24.234 0.0496219 0.113701 -23.0096 -67.103 -21.5909 -1.23299 -7.60729 7.53365 -12.8849 3.87294 3.47067 -12.9547 3.2495 -3.26872 66.9993 43.4671 3.94316 -29.2081 0.0598081 0.137039 -2.46462 -0.245187 11.9574 -24.234 0.0496218 0.113702 33.5605 -65.4686 27.1515 9.23673 -4.20556 2.0327 -3.84419 4.33092 3.02544 -0.852353 -38.7721 -0.655187 -1.17282 4.3792 -0.0316274 -2.32622 -40.4017 -6.04875 -3.91597 3.41421 15.8209 0.779096 -9.8844 12.4959 -1.16324e-15 -8.44642e-16 6.19277e-17 -9.23673 -4.20556 2.0327 -15.2705 0.798772 23.8162 0.852353 -38.7721 -0.655187 1.1413 4.26168 0.031951 2.32622 -40.4017 -6.04875 7.05116 -8.07611 -15.3511 -0.779096 -9.8844 12.4959 -6.00975e-16 -5.58889e-16 -1.27469e-14 
0.990988 92.4577 67.2502 -8.56642 7.86716 175.022 0 5.07867 -1.15138 -3.52146 2.23741 0.92662 0 5.61661 1.07143 -2.87357 1.73478 0.650616 -1.02604e-17 5.98978 0.11501 -2.21552 1.84996 0.781273 -1.10457e-17 6.50583 -0.443523 -1.50296 1.55831 0.769742 -1.97295e-17 7.60548 -1.50593 -0.586247 1.00208 0.853162 -2.53307e-17 9.49737 -0.914492 0.446487 0.0222009 0.568336 -2.90401e-17 10.5513 1.57691 0.129508 0.357898 -0.0494496 -1.29193e-17 4.78644 0.715339 -0.0159123 1.79127 -2.70735 -1.8116e-17 4.82109 0.421791 1.21402 -7.7224 -1.43475 -2.00958e-17 4.83041 0.765062 1.59417 -8.00628 1.38196 1.23299 -7.60731 7.53374 19.1794 4.691 -3.60891 12.9547 3.2495 -3.26872 -79.0648 52.4468 2.648 29.2081 0.0598081 0.137039 3.94703 -0.652653 -19.3632 24.234 0.0496219 0.113701 -25.4046 -66.9685 -23.5147 -1.23299 -7.60729 7.53365 -12.1974 3.98548 3.62546 -12.9547 3.2495 -3.26872 66.2707 44.0093 3.78961 -29.2081 0.0598081 0.137039 -2.45211 -0.242611 11.8959 -24.234 0.0496218 0.113702 34.7452 -66.3499 28.8252 9.23673 -4.20556 2.0327 -3.80435 4.32151 3.11755 -0.852353 -38.7721 -0.655187 -1.18898 4.43945 -0.0314366 -2.32622 -40.4017 -6.04875 -3.79682 3.45665 15.7954 0.779096 -9.8844 12.4959 1.60434e-15 -7.33452e-16 -4.9263e-17 -9.23673 -4.20556 2.0327 -15.2385 0.772522 23.6174 0.852353 -38.7721 -0.655187 1.12892 4.21551 0.0320602 2.32622 -40.4017 -6.04875 6.94613 -7.81407 -15.3779 -0.779096 -9.8844 12.4959 -2.5765e-15 -4.84826e-16 -1.26604e-14 
0.877215 92.4677 67.309 -8.50358 7.83386 174.966 0 5.07867 -1.15138 -3.52939 2.28781 0.966107 0 5.61661 1.07143 -2.88999 1.76378 0.684953 -1.02604e-17 5.98978 0.11501 -2.23062 1.86361 0.815124 -1.10457e-17 6.50583 -0.443523 -1.52099 1.54197 0.805582 -1.97295e-17 7.60548 -1.50593 -0.595094 0.971546 0.894186 -2.53307e-17 9.49737 -0.914492 0.451532 0.00137128 0.604281 -2.90401e-17 10.5513 1.57691 0.133366 0.367363 -0.0460429 -1.29193e-17 4.78644 0.715339 -0.0639004 1.10935 -2.63715 -1.8116e-17 4.82109 0.421791 1.27499 -7.661 -1.403 -2.00958e-17 4.83041 0.765062 1.47872 -7.4927 1.38204 1.23299 -7.60731 7.53374 18.6182 4.89355 -3.82623 12.9547 3.2495 -3.26872 -79.1414 52.7628 3.34121 29.2081 0.0598081 0.137039 3.90861 -0.63945 -19.1678 24.234 0.0496219 0.113701 -26.7833 -67.5115 -24.995 -1.23299 -7.60729 7.53365 -11.6374 4.12824 3.83717 -12.9547 3.2495 -3.26872 65.3993 44.118 3.73987 -29.2081 0.0598081 0.137039 -2.52522 -0.257859 12.2557 -24.234 0.0496218 0.113702 35.4342 -66.7154 29.5804 9.23673 -4.20556 2.0327 -3.78717 4.3093 3.16071 -0.852353 -38.7721 -0.655187 -1.17879 4.40146 -0.0315589 -2.32622 -40.4017 -6.04875 -3.67379 3.47318 15.754 0.779096 -9.8844 12.4959 3.59527e-15 -6.46387e-16 -1.36328e-16 -9.23673 -4.20556 2.0327 -15.2644 0.763476 23.6468 0.852353 -38.7721 -0.655187 1.06819 3.98896 0.0324509 2.32622 -40.4017 -6.04875 7.18212 -7.63733 -15.3617 -0.779096 -9.8844 12.4959 -1.79214e-15 -5.09289e-16 -1.26972e-14 
0.77616 92.4774 67.3508 -8.43779 7.77875 174.915 0 5.07867 -1.15138 -3.52009 2.23283 1.00188 0 5.61661 1.07143 -2.89179 1.7262 0.725219 -1.02604e-17 5.98978 0.11501 -2.23642 1.84468 0.857333 -1.10457e-17 6.50583 -0.443523 -1.5333 1.54804 0.848873 -1.97295e-17 7.60548 -1.50593 -0.604948 1.00413 0.941818 -2.53307e-17 9.49737 -0.914492 0.448155 0.0452243 0.645384 -2.90401e-17 10.5513 1.57691 0.136186 0.363477 -0.0432169 -1.29193e-17 4.78644 0.715339 -0.131385 0.766012 -2.54138 -1.8116e-17 4.82109 0.421791 1.17377 -7.55971 -1.36842 -2.00958e-17 4.83041 0.765062 1.55087 -7.24812 1.32378 1.23299 -7.60731 7.53374 18.636 4.98781 -3.90809 12.9547 3.2495 -3.26872 -79.4062 53.1143 3.83087 29.2081 0.0598081 0.137039 3.87126 -0.626753 -18.9781 24.234 0.0496219 0.113701 -28.5613 -67.8851 -26.5179 -1.23299 -7.60729 7.53365 -11.1798 4.17676 3.979 -12.9547 3.2495 -3.26872 64.9094 44.2394 3.76019 -29.2081 0.0598081 0.137039 -2.56458 -0.266265 12.4495 -24.234 0.0496218 0.113702 35.5042 -67.051 29.8191 9.23673 -4.20556 2.0327 -3.76735 4.283 3.23919 -0.852353 -38.7721 -0.655187 -1.16846 4.36296 -0.0316759 -2.32622 -40.4017 -6.04875 -3.63426 3.45873 15.7442 0.779096 -9.8844 12.4959 -7.53347e-16 -8.31689e-16 4.89741e-17 -9.23673 -4.20556 2.0327 -15.2411 0.654624 23.6186 0.852353 -38.7721 -0.655187 1.05978 3.95756 0.032486 2.32622 -40.4017 -6.04875 7.1188 -7.45663 -15.3714 -0.779096 -9.8844 12.4959 1.91083e-16 -5.96017e-16 -1.27716e-14 
0.680017 92.4874 67.3766 -8.39886 7.73732 174.927 0 5.07867 -1.15138 -3.50892 2.23334 1.0115 0 5.61661 1.07143 -2.8838 1.72467 0.734394 -1.02604e-17 5.98978 0.11501 -2.22981 1.83738 0.865926 -1.10457e-17 6.50583 -0.443523 -1.52952 1.52898 0.857018 -1.97295e-17 7.60548 -1.50593 -0.60272 0.990911 0.951161 -2.53307e-17 9.49737 -0.914492 0.446206 0.0361852 0.646696 -2.90401e-17 10.5513 1.57691 0.137438 0.365672 -0.0414829 -1.29193e-17 4.78644 0.715339 -0.178999 0.358753 -2.41853 -1.8116e-17 4.82109 0.421791 1.1058 -7.46838 -1.3185 -2.00958e-17 4.83041 0.765062 1.51194 -6.85128 1.37154 1.23299 -7.60731 7.53374 18.6228 5.12709 -3.98348 12.9547 3.2495 -3.26872 -80.0423 53.5614 4.72594 29.2081 0.0598081 0.137039 3.88461 -0.631276 -19.0459 24.234 0.0496219 0.113701 -30.137 -68.4893 -27.9739 -1.23299 -7.60729 7.53365 -10.8338 4.25088 4.12019 -12.9547 3.2495 -3.26872 64.4942 44.3204 3.77071 -29.2081 0.0598081 0.137039 -2.62173 -0.278719 12.7312 -24.234 0.0496218 0.113702 35.2443 -67.2644 29.7358 9.23673 -4.20556 2.0327 -3.76459 4.25786 3.27947 -0.852353 -38.7721 -0.655187 -1.16128 4.33618 -0.0317532 -2.32622 -40.4017 -6.04875 -3.55118 3.46906 15.7179 0.779096 -9.8844 12.4959 8.13826e-16 -7.58155e-16 -2.45593e-17 -9.23673 -4.20556 2.0327 -15.2715 0.619929 23.6336 0.852353 -38.7721 -0.655187 1.03175 3.85298 0.0325697 2.32622 -40.4017 -6.04875 7.31032 -7.33723 -15.3684 -0.779096 -9.8844 12.4959 -9.89302e-16 -5.4685e-16 -1.27224e-14 
0.596118 92.4967 67.3947 -8.34975 7.67145 174.965 0 5.07867 -1.15138 -3.57604 2.28293 1.01036 0 5.61661 1.07143 -2.94344 1.73737 0.723041 -1.02604e-17 5.98978 0.11501 -2.27948 1.80511 0.85089 -1.10457e-17 6.50583 -0.443523 -1.56484 1.43306 0.835631 -1.97295e-17 7.60548 -1.50593 -0.627423 0.866302 0.930468 -2.53307e-17 9.49737 -0.914492 0.432155 -0.143227 0.631744 -2.90401e-17 10.5513 1.57691 0.143582 0.369827 -0.0627488 -1.29193e-17 4.78644 0.715339 -0.0574512 0.566922 -2.18472 -1.8116e-17 4.82109 0.421791 1.17927 -7.3008 -1.21005 -2.00958e-17 4.83041 0.765062 1.47723 -6.82638 1.39729 1.23299 -7.60731 7.53374 18.6809 5.29735 -4.19635 12.9547 3.2495 -3.26872 -81.0719 53.762 6.0832 29.2081 0.0598081 0.137039 3.84255 -0.617088 -18.8324 24.234 0.0496219 0.113701 -31.8119 -69.0164 -29.6596 -1.23299 -7.60729 7.53365 -11.9846 4.12252 3.9137 -12.9547 3.2495 -3.26872 65.266 45.1971 3.49957 -29.2081 0.0598081 0.137039 -2.73196 -0.303578 13.2754 -24.234 0.0496218 0.113702 36.6438 -67.3858 30.9651 9.23673 -4.20556 2.0327 -3.7608 4.23148 3.28573 -0.852353 -38.7721 -0.655187 -1.14275 4.26707 -0.0319371 -2.32622 -40.4017 -6.04875 -3.36305 3.51822 15.6586 0.779096 -9.8844 12.4959 -1.55619e-15 -8.6925e-16 8.65351e-17 -9.23673 -4.20556 2.0327 -15.2759 0.618021 23.5632 0.852353 -38.7721 -0.655187 0.988582 3.69189 0.0325984 2.32622 -40.4017 -6.04875 7.35391 -7.18281 -15.3705 -0.779096 -9.8844 12.4959 -1.38995e-15 -5.34282e-16 -1.27098e-14 
0.528157 92.5149 67.4186 -8.33765 7.64381 175.039 0 5.07867 -1.15138 -3.56524 2.31302 1.01277 0 5.61661 1.07143 -2.94023 1.75016 0.72444 -1.02604e-17 5.98978 0.11501 -2.28206 1.8017 0.84757 -1.10457e-17 6.50583 -0.443523 -1.5722 1.4036 0.829056 -1.97295e-17 7.60548 -1.50593 -0.640869 0.837244 0.923573 -2.53307e-17 9.49737 -0.914492 0.410727 -0.180876 0.628314 -2.90401e-17 10.5513 1.57691 0.142151 0.369224 -0.0726225 -1.29193e-17 4.78644 0.715339 -0.045048 0.638368 -2.09627 -1.8116e-17 4.82109 0.421791 1.05468 -7.28631 -1.17594 -2.00958e-17 4.83041 0.765062 1.51311 -6.73907 1.4978 1.23299 -7.60731 7.53374 18.569 5.37938 -4.28061 12.9547 3.2495 -3.26872 -81.5174 53.8009 6.9426 29.2081 0.0598081 0.137039 3.82303 -0.610561 -18.7334 24.234 0.0496219 0.113701 -33.7361 -69.378 -31.3277 -1.23299 -7.60729 7.53365 -12.2472 4.0624 3.84647 -12.9547 3.2495 -3.26872 65.476 45.4188 3.39366 -29.2081 0.0598081 0.137039 -2.81065 -0.321996 13.6645 -24.234 0.0496218 0.113702 36.5164 -67.471 30.9449 9.23673 -4.20556 2.0327 -3.76725 4.22085 3.25799 -0.852353 -38.7721 -0.655187 -1.13135 4.22456 -0.0320391 -2.32622 -40.4017 -6.04875 -3.43153 3.56581 15.6718 0.779096 -9.8844 12.4959 1.86869e-17 -7.95427e-16 1.27128e-17 -9.23673 -4.20556 2.0327 -15.3069 0.560955 23.5265 0.852353 -38.7721 -0.655187 0.990242 3.69809 0.0325995 2.32622 -40.4017 -6.04875 7.48163 -7.06467 -15.3793 -0.779096 -9.8844 12.4959 -5.99435e-16 -5.58986e-16 -1.27469e-14 
0.469669 92.5412 67.4445 -8.32231 7.64414 175.149 0 5.07867 -1.15138 -3.58894 2.31453 1.01359 0 5.61661 1.07143 -2.96417 1.74808 0.716169 -1.02604e-17 5.98978 0.11501 -2.30427 1.79712 0.833869 -1.10457e-17 6.50583 -0.443523 -1.59143 1.3977 0.812388 -1.97295e-17 7.60548 -1.50593 -0.659231 0.839075 0.908279 -2.53307e-17 9.49737 -0.914492 0.394323 -0.168274 0.620435 -2.90401e-17 10.5513 1.57691 0.14218 0.367179 -0.0841033 -1.29193e-17 4.78644 0.715339 -0.0110692 0.467304 -2.15466 -1.8116e-17 4.82109 0.421791 1.01521 -7.16975 -1.20285 -2.00958e-17 4.83041 0.765062 1.59733 -6.50069 1.81001 1.23299 -7.60731 7.53374 17.9444 5.50046 -4.49683 12.9547 3.2495 -3.26872 -81.4948 53.6324 7.76955 29.2081 0.0598081 0.137039 3.781 -0.596637 -18.5204 24.234 0.0496219 0.113701 -35.4129 -69.7747 -32.8948 -1.23299 -7.60729 7.53365 -12.5586 4.00297 3.82905 -12.9547 3.2495 -3.26872 65.2938 45.9009 3.36483 -29.2081 0.0598081 0.137039 -2.91342 -0.346902 14.1737 -24.234 0.0496218 0.113702 37.7263 -67.7972 32.0752 9.23673 -4.20556 2.0327 -3.76625 4.20791 3.19832 -0.852353 -38.7721 -0.655187 -1.12697 4.20824 -0.0320759 -2.32622 -40.4017 -6.04875 -3.36276 3.69081 15.6465 0.779096 -9.8844 12.4959 -7.6721e-16 -8.32266e-16 4.95518e-17 -9.23673 -4.20556 2.0327 -15.3465 0.610379 23.4381 0.852353 -38.7721 -0.655187 0.95727 3.57502 0.032543 2.32622 -40.4017 -6.04875 7.71771 -6.92537 -15.4014 -0.779096 -9.8844 12.4959 -2.00325e-16 -5.83834e-16 -1.27594e-14 
0.359547 92.5369 67.4101 -8.32067 7.61443 175.253 0 5.07867 -1.15138 -3.61686 2.25514 1.01102 0 5.61661 1.07143 -2.99249 1.70834 0.697642 -1.02604e-17 5.98978 0.11501 -2.32684 1.77475 0.810303 -1.10457e-17 6.50583 -0.443523 -1.61205 1.40721 0.788593 -1.97295e-17 7.60548 -1.50593 -0.677749 0.870633 0.886641 -2.53307e-17 9.49737 -0.914492 0.380373 -0.0972538 0.606667 -2.90401e-17 10.5513 1.57691 0.140108 0.371494 -0.0959491 -1.29193e-17 4.78644 0.715339 0.0770458 0.244478 -2.00252 -1.8116e-17 4.82109 0.421791 1.03016 -6.98853 -1.12815 -2.00958e-17 4.83041 0.765062 1.54339 -6.28515 1.85847 1.23299 -7.60731 7.53374 16.5989 5.62584 -4.71152 12.9547 3.2495 -3.26872 -81.2357 53.1999 8.42972 29.2081 0.0598081 0.137039 3.69278 -0.567976 -18.0742 24.234 0.0496219 0.113701 -35.6465 -70.1981 -33.2889 -1.23299 -7.60729 7.53365 -12.547 3.93538 3.78294 -12.9547 3.2495 -3.26872 65.1041 46.3761 3.28303 -29.2081 0.0598081 0.137039 -3.01629 -0.372807 14.6844 -24.234 0.0496218 0.113702 38.3626 -68.1548 32.8042 9.23673 -4.20556 2.0327 -3.83435 4.25615 3.08686 -0.852353 -38.7721 -0.655187 -1.10605 4.13018 -0.0322351 -2.32622 -40.4017 -6.04875 -3.24793 3.66412 15.6133 0.779096 -9.8844 12.4959 2.00191e-15 -7.08652e-16 -7.40629e-17 -9.23673 -4.20556 2.0327 -15.4195 0.718005 23.3169 0.852353 -38.7721 -0.655187 0.909609 3.3971 0.032336 2.32622 -40.4017 -6.04875 7.60964 -6.84057 -15.408 -0.779096 -9.8844 12.4959 -1.7829e-15 -5.09675e-16 -1.26976e-14 
0.288511 92.5404 67.4006 -8.34057 7.57946 175.366 0 5.07867 -1.15138 -3.56318 2.16096 1.03619 0 5.61661 1.07143 -2.9618 1.64325 0.729007 -1.02604e-17 5.98978 0.11501 -2.3105 1.73837 0.840868 -1.10457e-17 6.50583 -0.443523 -1.61325 1.41958 0.820431 -1.97295e-17 7.60548 -1.50593 -0.687241 0.924107 0.920091 -2.53307e-17 9.49737 -0.914492 0.368356 -0.0150233 0.645563 -2.90401e-17 10.5513 1.57691 0.137372 0.375362 -0.0996041 -1.29193e-17 4.78644 0.715339 0.0598091 0.234757 -2.19188 -1.8116e-17 4.82109 0.421791 0.909373 -6.88869 -1.22037 -2.00958e-17 4.83041 0.765062 1.5483 -6.07969 2.06836 1.23299 -7.60731 7.53374 15.9626 5.61397 -4.68636 12.9547 3.2495 -3.26872 -80.737 52.8681 8.54849 29.2081 0.0598081 0.137039 3.59402 -0.536782 -17.5758 24.234 0.0496219 0.113701 -37.0864 -70.0394 -34.3339 -1.23299 -7.60729 7.53365 -12.4342 3.86526 3.6511 -12.9547 3.2495 -3.26872 65.0499 46.6368 3.05535 -29.2081 0.0598081 0.137039 -3.08576 -0.390851 15.0299 -24.234 0.0496218 0.113702 38.4713 -68.5526 33.085 9.23673 -4.20556 2.0327 -3.88105 4.24992 3.01674 -0.852353 -38.7721 -0.655187 -1.09682 4.09577 -0.0322962 -2.32622 -40.4017 -6.04875 -3.20521 3.67979 15.5967 0.779096 -9.8844 12.4959 4.38887e-15 -6.09163e-16 -1.73552e-16 -9.23673 -4.20556 2.0327 -15.4904 0.744323 23.2118 0.852353 -38.7721 -0.655187 0.888332 3.31766 0.0321956 2.32622 -40.4017 -6.04875 7.65157 -6.79576 -15.4199 -0.779096 -9.8844 12.4959 -2.18509e-15 -4.9701e-16 -1.26726e-14 
0.223825 92.5394 67.3877 -8.36407 7.51426 175.489 0 5.07867 -1.15138 -3.5255 2.16291 1.05828 0 5.61661 1.07143 -2.93998 1.63264 0.756838 -1.02604e-17 5.98978 0.11501 -2.29892 1.71562 0.868213 -1.10457e-17 6.50583 -0.443523 -1.61239 1.37959 0.847205 -1.97295e-17 7.60548 -1.50593 -0.690799 0.885072 0.947183 -2.53307e-17 9.49737 -0.914492 0.363955 -0.0621179 0.672965 -2.90401e-17 10.5513 1.57691 0.139447 0.38336 -0.101929 -1.29193e-17 4.78644 0.715339 0.0583116 0.225052 -2.22478 -1.8116e-17 4.82109 0.421791 0.893556 -6.72571 -1.23991 -2.00958e-17 4.83041 0.765062 1.39641 -5.79924 2.03583 1.23299 -7.60731 7.53374 15.7199 5.68534 -4.71074 12.9547 3.2495 -3.26872 -81.1378 52.821 9.19004 29.2081 0.0598081 0.137039 3.57646 -0.531338 -17.4874 24.234 0.0496219 0.113701 -38.1364 -70.2888 -35.3688 -1.23299 -7.60729 7.53365 -12.4767 3.84823 3.57957 -12.9547 3.2495 -3.26872 65.2611 46.5133 2.62116 -29.2081 0.0598081 0.137039 -3.19238 -0.419418 15.5613 -24.234 0.0496218 0.113702 38.0151 -68.7095 32.641 9.23673 -4.20556 2.0327 -3.92611 4.21168 2.9588 -0.852353 -38.7721 -0.655187 -1.08755 4.06118 -0.032352 -2.32622 -40.4017 -6.04875 -3.11425 3.68687 15.5657 0.779096 -9.8844 12.4959 -1.54232e-15 -8.68672e-16 8.59575e-17 -9.23673 -4.20556 2.0327 -15.5668 0.820213 23.045 0.852353 -38.7721 -0.655187 0.83017 3.10049 0.0316613 2.32622 -40.4017 -6.04875 7.70827 -6.74478 -15.4195 -0.779096 -9.8844 12.4959 -9.98544e-16 -5.46465e-16 -1.2722e-14 
0.166856 92.5373 67.3689 -8.41441 7.40727 175.629 0 5.07867 -1.15138 -3.53808 2.16531 1.07965 0 5.61661 1.07143 -2.96055 1.62282 0.778399 -1.02604e-17 5.98978 0.11501 -2.32151 1.69851 0.888329 -1.10457e-17 6.50583 -0.443523 -1.63656 1.35029 0.86589 -1.97295e-17 7.60548 -1.50593 -0.71069 0.858969 0.967824 -2.53307e-17 9.49737 -0.914492 0.35356 -0.0982293 0.700339 -2.90401e-17 10.5513 1.57691 0.142747 0.386506 -0.109648 -1.29193e-17 4.78644 0.715339 0.0990782 0.375156 -2.25542 -1.8116e-17 4.82109 0.421791 0.875826 -6.59257 -1.25592 -2.00958e-17 4.83041 0.765062 1.3895 -5.68656 2.01352 1.23299 -7.60731 7.53374 15.4925 5.7346 -4.77588 12.9547 3.2495 -3.26872 -81.3022 52.6524 9.65204 29.2081 0.0598081 0.137039 3.55386 -0.52437 -17.3736 24.234 0.0496219 0.113701 -39.188 -70.5426 -36.469 -1.23299 -7.60729 7.53365 -12.9487 3.76038 3.40949 -12.9547 3.2495 -3.26872 65.5924 46.7579 2.24045 -29.2081 0.0598081 0.137039 -3.31625 -0.453947 16.1802 -24.234 0.0496218 0.113702 38.6656 -68.9566 33.2206 9.23673 -4.20556 2.0327 -3.99855 4.1577 2.85498 -0.852353 -38.7721 -0.655187 -1.0654 3.97855 -0.0324625 -2.32622 -40.4017 -6.04875 -3.07194 3.70026 15.5464 0.779096 -9.8844 12.4959 -1.1694e-15 -8.44931e-16 6.22165e-17 -9.23673 -4.20556 2.0327 -15.6547 0.830908 22.8809 0.852353 -38.7721 -0.655187 0.789619 2.94905 0.0311581 2.32622 -40.4017 -6.04875 7.67896 -6.715 -15.4207 -0.779096 -9.8844 12.4959 -2.18201e-15 -4.97154e-16 -1.26727e-14 
0.119441 92.5495 67.3509 -8.47257 7.36146 175.798 0 5.07867 -1.15138 -3.52223 2.15182 1.09722 0 5.61661 1.07143 -2.95553 1.60947 0.799165 -1.02604e-17 5.98978 0.11501 -2.32341 1.69212 0.907503 -1.10457e-17 6.50583 -0.443523 -1.64555 1.35165 0.88476 -1.97295e-17 7.60548 -1.50593 -0.721662 0.876871 0.987227 -2.53307e-17 9.49737 -0.914492 0.344638 -0.0724174 0.725593 -2.90401e-17 10.5513 1.57691 0.143133 0.388108 -0.114197 -1.29193e-17 4.78644 0.715339 0.120175 0.547859 -2.34585 -1.8116e-17 4.82109 0.421791 0.843146 -6.50501 -1.29964 -2.00958e-17 4.83041 0.765062 1.35606 -5.60624 2.04765 1.23299 -7.60731 7.53374 15.2266 5.72242 -4.783 12.9547 3.2495 -3.26872 -81.1876 52.4146 9.8443 29.2081 0.0598081 0.137039 3.55499 -0.524718 -17.3793 24.234 0.0496219 0.113701 -39.814 -70.6768 -37.0166 -1.23299 -7.60729 7.53365 -13.2276 3.67179 3.25349 -12.9547 3.2495 -3.26872 65.8712 46.8127 1.90676 -29.2081 0.0598081 0.137039 -3.42563 -0.485638 16.7283 -24.234 0.0496218 0.113702 38.494 -69.1064 33.066 9.23673 -4.20556 2.0327 -4.06621 4.13585 2.69987 -0.852353 -38.7721 -0.655187 -1.05228 3.92958 -0.0325129 -2.32622 -40.4017 -6.04875 -3.11253 3.77076 15.5512 0.779096 -9.8844 12.4959 4.16237e-16 -7.82956e-16 2.4141e-19 -9.23673 -4.20556 2.0327 -15.7464 0.870328 22.7684 0.852353 -38.7721 -0.655187 0.76466 2.85583 0.0307951 2.32622 -40.4017 -6.04875 7.69283 -6.6513 -15.43 -0.779096 -9.8844 12.4959 -6.02534e-16 -5.5884e-16 -1.27468e-14 
0.0766319 92.5665 67.3366 -8.53138 7.32494 175.989 0 5.07867 -1.15138 -3.59253 2.18926 1.10347 0 5.61661 1.07143 -3.0238 1.6101 0.799398 -1.02604e-17 5.98978 0.11501 -2.38526 1.65226 0.90473 -1.10457e-17 6.50583 -0.443523 -1.69369 1.25518 0.87539 -1.97295e-17 7.60548 -1.50593 -0.75558 0.761487 0.97646 -2.53307e-17 9.49737 -0.914492 0.331522 -0.253422 0.733439 -2.90401e-17 10.5513 1.57691 0.152324 0.398692 -0.142131 -1.29193e-17 4.78644 0.715339 0.341402 1.38532 -2.25955 -1.8116e-17 4.82109 0.421791 0.990165 -6.37192 -1.2541 -2.00958e-17 4.83041 0.765062 1.24938 -5.92333 1.99382 1.23299 -7.60731 7.53374 15.3126 5.73042 -4.86276 12.9547 3.2495 -3.26872 -81.7273 52.1625 10.4413 29.2081 0.0598081 0.137039 3.54174 -0.52065 -17.3125 24.234 0.0496219 0.113701 -39.6014 -70.8046 -36.8642 -1.23299 -7.60729 7.53365 -15.4166 3.39648 2.64935 -12.9547 3.2495 -3.26872 67.5325 48.0119 1.24677 -29.2081 0.0598081 0.137039 -3.62777 -0.54721 17.7451 -24.234 0.0496218 0.113702 40.3389 -69.3127 34.453 9.23673 -4.20556 2.0327 -4.14683 4.11865 2.53836 -0.852353 -38.7721 -0.655187 -1.03301 3.85771 -0.0325666 -2.32622 -40.4017 -6.04875 -2.94177 3.95534 15.4893 0.779096 -9.8844 12.4959 -1.95373e-15 -8.81721e-16 9.90061e-17 -9.23673 -4.20556 2.0327 -15.8467 0.998052 22.5766 0.852353 -38.7721 -0.655187 0.704485 2.63108 0.0297527 2.32622 -40.4017 -6.04875 7.75725 -6.54143 -15.4297 -0.779096 -9.8844 12.4959 -5.96354e-16 -5.59082e-16 -1.27471e-14 
0.0365589 92.5833 67.3246 -8.57402 7.30632 176.211 0 5.07867 -1.15138 -3.55499 2.18037 1.12438 0 5.61661 1.07143 -3.00472 1.59877 0.829602 -1.02604e-17 5.98978 0.11501 -2.381 1.65492 0.932202 -1.10457e-17 6.50583 -0.443523 -1.70266 1.27481 0.902123 -1.97295e-17 7.60548 -1.50593 -0.771773 0.809416 1.0023 -2.53307e-17 9.49737 -0.914492 0.314619 -0.194704 0.77088 -2.90401e-17 10.5513 1.57691 0.152387 0.395404 -0.151548 -1.29193e-17 4.78644 0.715339 0.399118 1.84637 -2.31063 -1.8116e-17 4.82109 0.421791 0.937814 -6.46199 -1.27911 -2.00958e-17 4.83041 0.765062 1.22955 -6.16298 1.90586 1.23299 -7.60731 7.53374 15.0976 5.62251 -4.83384 12.9547 3.2495 -3.26872 -81.346 51.6697 10.2394 29.2081 0.0598081 0.137039 3.54407 -0.521366 -17.3243 24.234 0.0496219 0.113701 -38.8136 -70.4614 -35.9289 -1.23299 -7.60729 7.53365 -16.0312 3.23211 2.35261 -12.9547 3.2495 -3.26872 68.2747 48.0398 0.782019 -29.2081 0.0598081 0.137039 -3.78041 -0.596318 18.5165 -24.234 0.0496218 0.113702 39.3746 -69.4326 33.4207 9.23673 -4.20556 2.0327 -4.1938 4.14689 2.35678 -0.852353 -38.7721 -0.655187 -1.00881 3.7674 -0.0325996 -2.32622 -40.4017 -6.04875 -3.13485 4.01284 15.5337 0.779096 -9.8844 12.4959 2.78929e-15 -6.71719e-16 -1.10996e-16 -9.23673 -4.20556 2.0327 -15.9192 1.04342 22.4002 0.852353 -38.7721 -0.655187 0.697662 2.60559 0.0296196 2.32622 -40.4017 -6.04875 7.82971 -6.4721 -15.4408 -0.779096 -9.8844 12.4959 -2.18045e-15 -4.97203e-16 -1.26728e-14 
0.00606124 92.5975 67.3171 -8.61616 7.30885 176.415 0 5.07867 -1.15138 -3.55691 2.11239 1.12781 0 5.61661 1.07143 -3.01168 1.55793 0.832686 -1.02604e-17 5.98978 0.11501 -2.39122 1.63686 0.934719 -1.10457e-17 6.50583 -0.443523 -1.71511 1.29007 0.903345 -1.97295e-17 7.60548 -1.50593 -0.787423 0.860042 1.00509 -2.53307e-17 9.49737 -0.914492 0.298929 -0.13766 0.78256 -2.90401e-17 10.5513 1.57691 0.153088 0.401242 -0.162098 -1.29193e-17 4.78644 0.715339 0.461597 2.36997 -2.2184 -1.8116e-17 4.82109 0.421791 0.931499 -6.45565 -1.23754 -2.00958e-17 4.83041 0.765062 1.25146 -6.52204 1.80972 1.23299 -7.60731 7.53374 15.1121 5.46259 -4.5837 12.9547 3.2495 -3.26872 -81.7982 51.3915 9.9218 29.2081 0.0598081 0.137039 3.54324 -0.521109 -17.3201 24.234 0.0496219 0.113701 -35.9199 -70.4451 -33.1276 -1.23299 -7.60729 7.53365 -16.6304 3.03416 1.98637 -12.9547 3.2495 -3.26872 69.3193 48.0568 0.58692 -29.2081 0.0598081 0.137039 -3.91043 -0.639948 19.1762 -24.234 0.0496218 0.113702 37.0273 -69.42 30.9862 9.23673 -4.20556 2.0327 -4.24861 4.17665 2.17271 -0.852353 -38.7721 -0.655187 -0.988744 3.69249 -0.032598 -2.32622 -40.4017 -6.04875 -3.06366 4.13096 15.5089 0.779096 -9.8844 12.4959 -1.15241e-15 -8.44159e-16 6.14443e-17 -9.23673 -4.20556 2.0327 -15.9863 1.16042 22.1844 0.852353 -38.7721 -0.655187 0.664949 2.48339 0.0289392 2.32622 -40.4017 -6.04875 7.8629 -6.39246 -15.4523 -0.779096 -9.8844 12.4959 -2.0651e-16 -5.83592e-16 -1.27592e-14 
-0.0172109 92.5992 67.3089 -8.64987 7.24995 176.589 0 5.07867 -1.15138 -3.54689 2.16099 1.12798 0 5.61661 1.07143 -3.0074 1.57987 0.835647 -1.02604e-17 5.98978 0.11501 -2.39183 1.63304 0.937791 -1.10457e-17 6.50583 -0.443523 -1.71776 1.24814 0.9056 -1.97295e-17 7.60548 -1.50593 -0.791547 0.80191 1.00683 -2.53307e-17 9.49737 -0.914492 0.295756 -0.216989 0.789897 -2.90401e-17 10.5513 1.57691 0.153533 0.409896 -0.167219 -1.29193e-17 4.78644 0.715339 0.511237 2.44759 -2.20799 -1.8116e-17 4.82109 0.421791 0.966108 -6.40795 -1.23009 -2.00958e-17 4.83041 0.765062 1.16277 -6.51274 1.83158 1.23299 -7.60731 7.53374 15.0692 5.43774 -4.47953 12.9547 3.2495 -3.26872 -81.7731 50.5406 9.82938 29.2081 0.0598081 0.137039 3.51494 -0.512484 -17.1778 24.234 0.0496219 0.113701 -34.4902 -69.5515 -31.6514 -1.23299 -7.60729 7.53365 -17.0254 3.00801 1.79832 -12.9547 3.2495 -3.26872 69.8889 47.742 0.151081 -29.2081 0.0598081 0.137039 -4.02974 -0.681459 19.7838 -24.234 0.0496218 0.113702 35.7385 -69.0568 29.5372 9.23673 -4.20556 2.0327 -4.28306 4.17842 2.06681 -0.852353 -38.7721 -0.655187 -0.961668 3.59144 -0.0325542 -2.32622 -40.4017 -6.04875 -3.16194 4.13624 15.5278 0.779096 -9.8844 12.4959 4.16237e-16 -7.82956e-16 2.41413e-19 -9.23673 -4.20556 2.0327 -16.0523 1.18851 21.9471 0.852353 -38.7721 -0.655187 0.644211 2.40593 0.0284717 2.32622 -40.4017 -6.04875 8.01817 -6.40491 -15.4526 -0.779096 -9.8844 12.4959 -5.94809e-16 -5.59178e-16 -1.27471e-14 
-0.042348 92.5964 67.302 -8.69018 7.16663 176.799 0 5.07867 -1.15138 -3.52406 2.1376 1.12213 0 5.61661 1.07143 -2.9925 1.55892 0.835294 -1.02604e-17 5.98978 0.11501 -2.38435 1.61464 0.937145 -1.10457e-17 6.50583 -0.443523 -1.71632 1.23737 0.904971 -1.97295e-17 7.60548 -1.50593 -0.797312 0.801248 1.00437 -2.53307e-17 9.49737 -0.914492 0.28314 -0.219332 0.794247 -2.90401e-17 10.5513 1.57691 0.153066 0.409436 -0.169739 -1.29193e-17 4.78644 0.715339 0.523268 2.57633 -2.19255 -1.8116e-17 4.82109 0.421791 0.901151 -6.48187 -1.2254 -2.00958e-17 4.83041 0.765062 1.18649 -6.58009 1.84637 1.23299 -7.60731 7.53374 15.0738 5.36182 -4.36789 12.9547 3.2495 -3.26872 -81.6959 50.1193 9.60463 29.2081 0.0598081 0.137039 3.49549 -0.506597 -17.0799 24.234 0.0496219 0.113701 -33.6085 -69.0551 -30.7484 -1.23299 -7.60729 7.53365 -17.2401 2.957 1.67124 -12.9547 3.2495 -3.26872 70.3201 47.4352 -0.223468 -29.2081 0.0598081 0.137039 -4.09235 -0.703811 20.1035 -24.234 0.0496218 0.113702 34.8061 -68.6433 28.5749 9.23673 -4.20556 2.0327 -4.32396 4.14101 1.89875 -0.852353 -38.7721 -0.655187 -0.941183 3.51497 -0.0324892 -2.32622 -40.4017 -6.04875 -3.195 4.1255 15.5348 0.779096 -9.8844 12.4959 1.21447e-15 -7.45587e-16 -3.71273e-17 -9.23673 -4.20556 2.0327 -16.0979 1.16156 21.7965 0.852353 -38.7721 -0.655187 0.644756 2.40796 0.0284844 2.32622 -40.4017 -6.04875 7.94741 -6.40754 -15.4576 -0.779096 -9.8844 12.4959 1.95695e-16 -5.96209e-16 -1.27718e-14 
-0.0722616 92.5986 67.2979 -8.7504 7.09904 177.053 0 5.07867 -1.15138 -3.50159 2.09349 1.12647 0 5.61661 1.07143 -2.97758 1.53021 0.844991 -1.02604e-17 5.98978 0.11501 -2.37584 1.60671 0.947304 -1.10457e-17 6.50583 -0.443523 -1.71428 1.26388 0.916131 -1.97295e-17 7.60548 -1.50593 -0.799389 0.847294 1.01517 -2.53307e-17 9.49737 -0.914492 0.280203 -0.157404 0.81039 -2.90401e-17 10.5513 1.57691 0.15441 0.408392 -0.170056 -1.29193e-17 4.78644 0.715339 0.534378 2.63095 -2.24419 -1.8116e-17 4.82109 0.421791 0.904391 -6.59351 -1.24854 -2.00958e-17 4.83041 0.765062 1.09485 -6.74047 1.88821 1.23299 -7.60731 7.53374 14.9469 5.26698 -4.27393 12.9547 3.2495 -3.26872 -81.3155 49.8051 9.13674 29.2081 0.0598081 0.137039 3.47566 -0.500636 -16.9803 24.234 0.0496219 0.113701 -32.9322 -68.6689 -30.051 -1.23299 -7.60729 7.53365 -17.3127 2.90181 1.55043 -12.9547 3.2495 -3.26872 70.5179 47.0727 -0.47754 -29.2081 0.0598081 0.137039 -4.14328 -0.722283 20.364 -24.234 0.0496218 0.113702 33.9939 -68.3033 27.7304 9.23673 -4.20556 2.0327 -4.38002 4.10012 1.70275 -0.852353 -38.7721 -0.655187 -0.924984 3.4545 -0.0324185 -2.32622 -40.4017 -6.04875 -3.23338 4.15424 15.5381 0.779096 -9.8844 12.4959 1.61358e-15 -7.33067e-16 -4.96479e-17 -9.23673 -4.20556 2.0327 -16.1771 1.17164 21.5788 0.852353 -38.7721 -0.655187 0.639801 2.38945 0.0283687 2.32622 -40.4017 -6.04875 7.98673 -6.4168 -15.4647 -0.779096 -9.8844 12.4959 -1.38531e-15 -5.34475e-16 -1.271e-14 
-0.1014 92.6117 67.2979 -8.80064 7.08907 177.32 0 5.07867 -1.15138 -3.5248 2.05656 1.11905 0 5.61661 1.07143 -2.99678 1.5078 0.832598 -1.02604e-17 5.98978 0.11501 -2.39056 1.59696 0.934093 -1.10457e-17 6.50583 -0.443523 -1.7248 1.27604 0.902305 -1.97295e-17 7.60548 -1.50593 -0.808654 0.871019 1.00186 -2.53307e-17 9.49737 -0.914492 0.272626 -0.129032 0.802756 -2.90401e-17 10.5513 1.57691 0.154645 0.412214 -0.176831 -1.29193e-17 4.78644 0.715339 0.589019 2.88105 -2.09317 -1.8116e-17 4.82109 0.421791 0.917935 -6.69997 -1.17741 -2.00958e-17 4.83041 0.765062 1.06496 -7.05634 1.78684 1.23299 -7.60731 7.53374 14.9289 5.15118 -4.14451 12.9547 3.2495 -3.26872 -81.2244 49.5134 8.76228 29.2081 0.0598081 0.137039 3.47443 -0.500266 -16.9741 24.234 0.0496219 0.113701 -31.6317 -68.5116 -28.7552 -1.23299 -7.60729 7.53365 -17.6203 2.79712 1.36624 -12.9547 3.2495 -3.26872 71.334 46.9349 -0.673772 -29.2081 0.0598081 0.137039 -4.19456 -0.74115 20.6267 -24.234 0.0496218 0.113702 32.4077 -67.9869 26.1795 9.23673 -4.20556 2.0327 -4.43453 4.11993 1.45247 -0.852353 -38.7721 -0.655187 -0.904239 3.37705 -0.0323028 -2.32622 -40.4017 -6.04875 -3.20878 4.26662 15.5202 0.779096 -9.8844 12.4959 -2.34512e-15 -8.93903e-16 1.11189e-16 -9.23673 -4.20556 2.0327 -16.2379 1.27867 21.3117 0.852353 -38.7721 -0.655187 0.618375 2.30941 0.0278501 2.32622 -40.4017 -6.04875 7.9007 -6.32158 -15.4724 -0.779096 -9.8844 12.4959 1.92604e-16 -5.96113e-16 -1.27717e-14 
-0.126702 92.6306 67.297 -8.8572 7.09746 177.588 0 5.07867 -1.15138 -3.58592 2.05871 1.11138 0 5.61661 1.07143 -3.0464 1.50579 0.815412 -1.02604e-17 5.98978 0.11501 -2.42766 1.59136 0.914013 -1.10457e-17 6.50583 -0.443523 -1.74762 1.26698 0.879875 -1.97295e-17 7.60548 -1.50593 -0.821325 0.858764 0.981005 -2.53307e-17 9.49737 -0.914492 0.270437 -0.153246 0.787189 -2.90401e-17 10.5513 1.57691 0.15492 0.416305 -0.188542 -1.29193e-17 4.78644 0.715339 0.681015 3.25871 -2.08354 -1.8116e-17 4.82109 0.421791 0.952009 -6.84051 -1.17008 -2.00958e-17 4.83041 0.765062 1.11472 -7.41942 1.9369 1.23299 -7.60731 7.53374 14.9945 5.05269 -4.04113 12.9547 3.2495 -3.26872 -80.6279 49.0489 8.41617 29.2081 0.0598081 0.137039 3.44084 -0.490259 -16.8055 24.234 0.0496219 0.113701 -31.8331 -68.0009 -28.7026 -1.23299 -7.60729 7.53365 -18.1401 2.69885 1.13989 -12.9547 3.2495 -3.26872 72.482 46.8484 -0.909998 -29.2081 0.0598081 0.137039 -4.24273 -0.759117 20.8739 -24.234 0.0496218 0.113702 30.8552 -67.5767 24.6363 9.23673 -4.20556 2.0327 -4.48874 4.16028 1.22936 -0.852353 -38.7721 -0.655187 -0.883443 3.29941 -0.0321587 -2.32622 -40.4017 -6.04875 -3.26558 4.38941 15.5229 0.779096 -9.8844 12.4959 -3.80446e-16 -8.07901e-16 2.51861e-17 -9.23673 -4.20556 2.0327 -16.3214 1.38759 21.0531 0.852353 -38.7721 -0.655187 0.603374 2.25337 0.0274692 2.32622 -40.4017 -6.04875 8.01424 -6.26005 -15.4854 -0.779096 -9.8844 12.4959 -9.89288e-16 -5.46851e-16 -1.27224e-14 
-0.14697 92.6497 67.2929 -8.92217 7.11177 177.841 0 5.07867 -1.15138 -3.60261 2.05109 1.08844 0 5.61661 1.07143 -3.058 1.50019 0.790017 -1.02604e-17 5.98978 0.11501 -2.43808 1.5901 0.886175 -1.10457e-17 6.50583 -0.443523 -1.75273 1.28019 0.849399 -1.97295e-17 7.60548 -1.50593 -0.829505 0.874105 0.94871 -2.53307e-17 9.49737 -0.914492 0.258251 -0.145336 0.762696 -2.90401e-17 10.5513 1.57691 0.1576 0.410658 -0.196419 -1.29193e-17 4.78644 0.715339 0.738066 3.521 -1.88536 -1.8116e-17 4.82109 0.421791 0.947356 -6.96875 -1.07801 -2.00958e-17 4.83041 0.765062 1.04892 -7.73054 1.86813 1.23299 -7.60731 7.53374 15.0992 4.97587 -4.0133 12.9547 3.2495 -3.26872 -80.547 49.0209 8.1684 29.2081 0.0598081 0.137039 3.44739 -0.4922 -16.8383 24.234 0.0496219 0.113701 -31.6439 -68.0907 -28.552 -1.23299 -7.60729 7.53365 -18.6168 2.60635 1.02792 -12.9547 3.2495 -3.26872 72.981 46.4602 -1.03803 -29.2081 0.0598081 0.137039 -4.26774 -0.768538 21.0024 -24.234 0.0496218 0.113702 30.3995 -66.9116 23.8886 9.23673 -4.20556 2.0327 -4.55601 4.22017 1.05708 -0.852353 -38.7721 -0.655187 -0.858822 3.20748 -0.0319516 -2.32622 -40.4017 -6.04875 -3.40267 4.50049 15.556 0.779096 -9.8844 12.4959 -1.56079e-15 -8.69441e-16 8.67269e-17 -9.23673 -4.20556 2.0327 -16.3997 1.46032 20.8511 0.852353 -38.7721 -0.655187 0.607075 2.2672 0.0275645 2.32622 -40.4017 -6.04875 8.02297 -6.19632 -15.4971 -0.779096 -9.8844 12.4959 -2.182e-15 -4.97155e-16 -1.26727e-14 
-0.426824 92.5877 67.2899 -8.98912 7.11357 178.08 0 5.07867 -1.15138 -3.54015 2.09805 1.05705 0 5.61661 1.07143 -3.00223 1.52733 0.766483 -1.02604e-17 5.98978 0.11501 -2.39688 1.59639 0.862227 -1.10457e-17 6.50583 -0.443523 -1.72342 1.25914 0.82529 -1.97295e-17 7.60548 -1.50593 -0.81849 0.837076 0.9175 -2.53307e-17 9.49737 -0.914492 0.247616 -0.192889 0.737287 -2.90401e-17 10.5513 1.57691 0.156635 0.413994 -0.197229 -1.29193e-17 4.78644 0.715339 0.770523 3.64316 -1.80172 -1.8116e-17 4.82109 0.421791 0.789887 -7.02006 -1.04003 -2.00958e-17 4.83041 0.765062 0.908702 -7.91861 1.91158 1.23299 -7.60731 7.53374 14.9955 4.94766 -4.05978 12.9547 3.2495 -3.26872 -80.4378 48.9885 7.97806 29.2081 0.0598081 0.137039 3.45247 -0.49371 -16.8638 24.234 0.0496219 0.113701 -31.7845 -68.1124 -28.7333 -1.23299 -7.60729 7.53365 -18.9364 2.60077 0.999668 -12.9547 3.2495 -3.26872 73.2884 46.4318 -1.28118 -29.2081 0.0598081 0.137039 -4.2712 -0.769846 21.0202 -24.234 0.0496218 0.113702 30.177 -66.5923 23.6991 9.23673 -4.20556 2.0327 -4.78657 4.28961 0.82401 -0.852353 -38.7721 -0.655187 -0.846255 3.16055 -0.0318307 -2.32622 -40.4017 -6.04875 -3.32219 4.1813 15.5381 0.779096 -9.8844 12.4959 -1.1694e-15 -8.44931e-16 6.22168e-17 -9.23673 -4.20556 2.0327 -16.6418 1.51982 20.5744 0.852353 -38.7721 -0.655187 0.616417 2.3021 0.0278012 2.32622 -40.4017 -6.04875 8.01827 -6.36319 -15.5032 -0.779096 -9.8844 12.4959 -6.02534e-16 -5.5884e-16 -1.27468e-14 
-0.464332 92.5887 67.2932 -9.05328 7.11818 178.313 0 5.07867 -1.15138 -3.52554 2.09721 1.04994 0 5.61661 1.07143 -2.99075 1.52741 0.761013 -1.02604e-17 5.98978 0.11501 -2.38956 1.60259 0.856025 -1.10457e-17 6.50583 -0.443523 -1.72089 1.27622 0.819808 -1.97295e-17 7.60548 -1.50593 -0.820911 0.858078 0.910415 -2.53307e-17 9.49737 -0.914492 0.241648 -0.16058 0.736911 -2.90401e-17 10.5513 1.57691 0.156567 0.415734 -0.197828 -1.29193e-17 4.78644 0.715339 0.795397 3.7389 -1.83494 -1.8116e-17 4.82109 0.421791 0.729564 -7.13502 -1.05461 -2.00958e-17 4.83041 0.765062 0.854264 -8.08676 2.01801 1.23299 -7.60731 7.53374 14.7714 4.8766 -4.09262 12.9547 3.2495 -3.26872 -79.7191 48.9469 7.46362 29.2081 0.0598081 0.137039 3.43956 -0.489879 -16.7991 24.234 0.0496219 0.113701 -32.113 -68.0431 -28.9612 -1.23299 -7.60729 7.53365 -19.0457 2.56905 0.962799 -12.9547 3.2495 -3.26872 73.5862 46.455 -1.46733 -29.2081 0.0598081 0.137039 -4.27964 -0.773043 21.0636 -24.234 0.0496218 0.113702 29.8581 -66.4926 23.4412 9.23673 -4.20556 2.0327 -4.85999 4.34199 0.618661 -0.852353 -38.7721 -0.655187 -0.823689 3.07629 -0.0315876 -2.32622 -40.4017 -6.04875 -3.30665 4.22884 15.5241 0.779096 -9.8844 12.4959 8.12262e-16 -7.58205e-16 -2.45101e-17 -9.23673 -4.20556 2.0327 -16.7228 1.57773 20.3866 0.852353 -38.7721 -0.655187 0.618656 2.31046 0.0278571 2.32622 -40.4017 -6.04875 7.99323 -6.3551 -15.512 -0.779096 -9.8844 12.4959 -1.3884e-15 -5.3433e-16 -1.27099e-14 
-0.489314 92.5909 67.2977 -9.11093 7.12555 178.527 0 5.07867 -1.15138 -3.52823 2.10073 1.02976 0 5.61661 1.07143 -2.99133 1.53224 0.739111 -1.02604e-17 5.98978 0.11501 -2.38981 1.60883 0.833716 -1.10457e-17 6.50583 -0.443523 -1.72018 1.28869 0.797446 -1.97295e-17 7.60548 -1.50593 -0.823971 0.870325 0.886733 -2.53307e-17 9.49737 -0.914492 0.233429 -0.141944 0.717361 -2.90401e-17 10.5513 1.57691 0.156237 0.416846 -0.199314 -1.29193e-17 4.78644 0.715339 0.815103 3.777 -1.75419 -1.8116e-17 4.82109 0.421791 0.724703 -7.19054 -1.0159 -2.00958e-17 4.83041 0.765062 0.78603 -8.23289 2.06322 1.23299 -7.60731 7.53374 14.6399 4.84132 -4.13056 12.9547 3.2495 -3.26872 -79.3455 48.9149 7.1281 29.2081 0.0598081 0.137039 3.45704 -0.495072 -16.8868 24.234 0.0496219 0.113701 -31.949 -68.1323 -28.8147 -1.23299 -7.60729 7.53365 -19.1565 2.53768 0.956472 -12.9547 3.2495 -3.26872 73.7331 46.4256 -1.56581 -29.2081 0.0598081 0.137039 -4.30196 -0.781532 21.1784 -24.234 0.0496218 0.113702 29.64 -66.3354 23.1042 9.23673 -4.20556 2.0327 -4.92157 4.39398 0.429376 -0.852353 -38.7721 -0.655187 -0.804052 3.00295 -0.031349 -2.32622 -40.4017 -6.04875 -3.33488 4.2849 15.5225 0.779096 -9.8844 12.4959 -3.9323e-15 -9.68254e-16 1.8554e-16 -9.23673 -4.20556 2.0327 -16.7943 1.62358 20.2039 0.852353 -38.7721 -0.655187 0.626955 2.34146 0.0280614 2.32622 -40.4017 -6.04875 7.99056 -6.35074 -15.5195 -0.779096 -9.8844 12.4959 -2.0342e-16 -5.83737e-16 -1.27593e-14 
-0.509131 92.5929 67.3059 -9.16404 7.12932 178.723 0 5.07867 -1.15138 -3.54174 2.10131 1.00903 0 5.61661 1.07143 -3.0014 1.52728 0.720654 -1.02604e-17 5.98978 0.11501 -2.39928 1.5899 0.817235 -1.10457e-17 6.50583 -0.443523 -1.72554 1.25422 0.779464 -1.97295e-17 7.60548 -1.50593 -0.830251 0.830286 0.865516 -2.53307e-17 9.49737 -0.914492 0.22604 -0.218169 0.70236 -2.90401e-17 10.5513 1.57691 0.160868 0.423302 -0.208156 -1.29193e-17 4.78644 0.715339 0.898908 4.27326 -1.49431 -1.8116e-17 4.82109 0.421791 0.76657 -7.2297 -0.893297 -2.00958e-17 4.83041 0.765062 0.612021 -8.64039 1.82218 1.23299 -7.60731 7.53374 15.0964 4.74377 -4.01968 12.9547 3.2495 -3.26872 -80.0347 49.2248 6.82594 29.2081 0.0598081 0.137039 3.45856 -0.495523 -16.8944 24.234 0.0496219 0.113701 -30.7585 -68.4195 -27.7673 -1.23299 -7.60729 7.53365 -20.1325 2.44219 0.695888 -12.9547 3.2495 -3.26872 74.997 46.8345 -1.88413 -29.2081 0.0598081 0.137039 -4.32588 -0.790688 21.3015 -24.234 0.0496218 0.113702 29.3103 -66.2063 22.6609 9.23673 -4.20556 2.0327 -4.9854 4.43496 0.279453 -0.852353 -38.7721 -0.655187 -0.784879 2.93135 -0.0310918 -2.32622 -40.4017 -6.04875 -3.25734 4.37104 15.4948 0.779096 -9.8844 12.4959 9.35043e-18 -7.95817e-16 1.31021e-17 -9.23673 -4.20556 2.0327 -16.8457 1.68854 20.0025 0.852353 -38.7721 -0.655187 0.622173 2.3236 0.0279442 2.32622 -40.4017 -6.04875 7.85234 -6.30056 -15.5225 -0.779096 -9.8844 12.4959 -1.98785e-16 -5.8393e-16 -1.27595e-14 
-0.524468 92.5946 67.3154 -9.21331 7.12698 178.891 0 5.07867 -1.15138 -3.5302 2.19424 0.992549 0 5.61661 1.07143 -2.99192 1.58038 0.709379 -1.02604e-17 5.98978 0.11501 -2.39549 1.60525 0.805499 -1.10457e-17 6.50583 -0.443523 -1.72371 1.21203 0.766979 -1.97295e-17 7.60548 -1.50593 -0.833264 0.758123 0.84979 -2.53307e-17 9.49737 -0.914492 0.218066 -0.321255 0.694137 -2.90401e-17 10.5513 1.57691 0.161181 0.428635 -0.212469 -1.29193e-17 4.78644 0.715339 0.943132 4.4468 -1.55635 -1.8116e-17 4.82109 0.421791 0.735198 -7.31549 -0.918821 -2.00958e-17 4.83041 0.765062 0.576544 -8.79038 1.97967 1.23299 -7.60731 7.53374 15.2582 4.7199 -4.04255 12.9547 3.2495 -3.26872 -79.9661 48.9741 6.57903 29.2081 0.0598081 0.137039 3.44048 -0.490148 -16.8037 24.234 0.0496219 0.113701 -30.9219 -68.1115 -27.8475 -1.23299 -7.60729 7.53365 -20.7259 2.45588 0.589631 -12.9547 3.2495 -3.26872 75.7662 46.9078 -2.30271 -29.2081 0.0598081 0.137039 -4.36056 -0.804066 21.4802 -24.234 0.0496218 0.113702 29.2113 -65.9854 22.4955 9.23673 -4.20556 2.0327 -5.02401 4.46593 0.179576 -0.852353 -38.7721 -0.655187 -0.770763 2.87863 -0.0308871 -2.32622 -40.4017 -6.04875 -3.36552 4.3905 15.5137 0.779096 -9.8844 12.4959 2.00495e-15 -7.08509e-16 -7.42052e-17 -9.23673 -4.20556 2.0327 -16.9186 1.69295 19.829 0.852353 -38.7721 -0.655187 0.63534 2.37278 0.0282632 2.32622 -40.4017 -6.04875 8.07157 -6.35344 -15.5307 -0.779096 -9.8844 12.4959 -1.38684e-15 -5.34428e-16 -1.271e-14 
-0.535886 92.5967 67.325 -9.25343 7.13649 179.05 0 5.07867 -1.15138 -3.51287 2.26639 0.969648 0 5.61661 1.07143 -2.9775 1.6204 0.694995 -1.02604e-17 5.98978 0.11501 -2.38872 1.60866 0.79288 -1.10457e-17 6.50583 -0.443523 -1.71965 1.16076 0.753498 -1.97295e-17 7.60548 -1.50593 -0.836404 0.681537 0.831809 -2.53307e-17 9.49737 -0.914492 0.206911 -0.442459 0.683296 -2.90401e-17 10.5513 1.57691 0.16518 0.434021 -0.216508 -1.29193e-17 4.78644 0.715339 0.985542 4.7304 -1.39646 -1.8116e-17 4.82109 0.421791 0.721624 -7.36036 -0.844281 -2.00958e-17 4.83041 0.765062 0.461052 -8.99674 1.81979 1.23299 -7.60731 7.53374 15.6887 4.68424 -4.0187 12.9547 3.2495 -3.26872 -80.608 49.2058 6.34548 29.2081 0.0598081 0.137039 3.44192 -0.490575 -16.8109 24.234 0.0496219 0.113701 -30.2619 -68.3564 -27.2854 -1.23299 -7.60729 7.53365 -21.4973 2.44447 0.467765 -12.9547 3.2495 -3.26872 76.6311 46.9452 -2.7205 -29.2081 0.0598081 0.137039 -4.38761 -0.814586 21.6197 -24.234 0.0496218 0.113702 29.2524 -65.6691 22.312 9.23673 -4.20556 2.0327 -5.065 4.50846 0.0705709 -0.852353 -38.7721 -0.655187 -0.755899 2.82312 -0.0306575 -2.32622 -40.4017 -6.04875 -3.38124 4.436 15.5153 0.779096 -9.8844 12.4959 4.28617e-16 -7.82424e-16 -2.90584e-19 -9.23673 -4.20556 2.0327 -16.9522 1.70626 19.7028 0.852353 -38.7721 -0.655187 0.649395 2.42529 0.0285912 2.32622 -40.4017 -6.04875 7.96649 -6.32379 -15.5361 -0.779096 -9.8844 12.4959 -5.99454e-16 -5.58985e-16 -1.27469e-14 
-0.54564 92.601 67.3346 -9.27984 7.17336 179.208 0 5.07867 -1.15138 -3.48789 2.36796 0.956502 0 5.61661 1.07143 -2.95664 1.68242 0.689629 -1.02604e-17 5.98978 0.11501 -2.37594 1.63243 0.788845 -1.10457e-17 6.50583 -0.443523 -1.71216 1.12203 0.749922 -1.97295e-17 7.60548 -1.50593 -0.835228 0.613273 0.824923 -2.53307e-17 9.49737 -0.914492 0.202053 -0.537106 0.681468 -2.90401e-17 10.5513 1.57691 0.165359 0.441549 -0.217077 -1.29193e-17 4.78644 0.715339 1.01169 4.78852 -1.48233 -1.8116e-17 4.82109 0.421791 0.672146 -7.40002 -0.881943 -2.00958e-17 4.83041 0.765062 0.433191 -9.05741 1.92458 1.23299 -7.60731 7.53374 15.8348 4.68093 -4.06454 12.9547 3.2495 -3.26872 -80.6163 49.02 6.10414 29.2081 0.0598081 0.137039 3.42669 -0.486069 -16.7344 24.234 0.0496219 0.113701 -30.4068 -68.1554 -27.3348 -1.23299 -7.60729 7.53365 -21.9267 2.48699 0.414498 -12.9547 3.2495 -3.26872 77.264 47.0705 -3.18106 -29.2081 0.0598081 0.137039 -4.42472 -0.829144 21.8113 -24.234 0.0496218 0.113702 29.1891 -65.6006 22.228 9.23673 -4.20556 2.0327 -5.07655 4.56187 -0.0529065 -0.852353 -38.7721 -0.655187 -0.749405 2.79886 -0.0305527 -2.32622 -40.4017 -6.04875 -3.42991 4.46993 15.5195 0.779096 -9.8844 12.4959 -1.16166e-15 -8.44593e-16 6.18781e-17 -9.23673 -4.20556 2.0327 -16.9936 1.73969 19.5488 0.852353 -38.7721 -0.655187 0.66566 2.48605 0.0289547 2.32622 -40.4017 -6.04875 8.13952 -6.34169 -15.5461 -0.779096 -9.8844 12.4959 1.95685e-16 -5.96209e-16 -1.27718e-14 
-0.551783 92.6065 67.3462 -9.30565 7.22835 179.342 0 5.07867 -1.15138 -3.48026 2.46085 0.940872 0 5.61661 1.07143 -2.9489 1.74307 0.677576 -1.02604e-17 5.98978 0.11501 -2.37116 1.66178 0.777634 -1.10457e-17 6.50583 -0.443523 -1.70854 1.09853 0.739295 -1.97295e-17 7.60548 -1.50593 -0.834815 0.563364 0.811922 -2.53307e-17 9.49737 -0.914492 0.19838 -0.605987 0.671498 -2.90401e-17 10.5513 1.57691 0.165861 0.447027 -0.217169 -1.29193e-17 4.78644 0.715339 1.03619 4.8086 -1.4787 -1.8116e-17 4.82109 0.421791 0.660731 -7.44294 -0.878247 -2.00958e-17 4.83041 0.765062 0.387406 -9.09478 1.95135 1.23299 -7.60731 7.53374 15.8734 4.6939 -4.14801 12.9547 3.2495 -3.26872 -80.4458 48.9943 5.85311 29.2081 0.0598081 0.137039 3.41607 -0.482942 -16.6812 24.234 0.0496219 0.113701 -30.905 -68.234 -27.7563 -1.23299 -7.60729 7.53365 -22.1861 2.52229 0.42403 -12.9547 3.2495 -3.26872 77.6584 47.0893 -3.52629 -29.2081 0.0598081 0.137039 -4.45157 -0.839764 21.9501 -24.234 0.0496218 0.113702 29.2301 -65.486 22.2021 9.23673 -4.20556 2.0327 -5.09032 4.6372 -0.18424 -0.852353 -38.7721 -0.655187 -0.741587 2.76966 -0.0304228 -2.32622 -40.4017 -6.04875 -3.48971 4.51192 15.5303 0.779096 -9.8844 12.4959 4.16218e-16 -7.82957e-16 2.42154e-19 -9.23673 -4.20556 2.0327 -17.0124 1.76702 19.4763 0.852353 -38.7721 -0.655187 0.688265 2.57049 0.0294313 2.32622 -40.4017 -6.04875 8.08404 -6.30473 -15.5562 -0.779096 -9.8844 12.4959 -1.78131e-15 -5.09725e-16 -1.26977e-14 
-0.554489 92.6109 67.3589 -9.3398 7.2836 179.446 0 5.07867 -1.15138 -3.47077 2.51405 0.928365 0 5.61661 1.07143 -2.94028 1.78164 0.66828 -1.02604e-17 5.98978 0.11501 -2.36598 1.68715 0.769208 -1.10457e-17 6.50583 -0.443523 -1.70568 1.10123 0.731299 -1.97295e-17 7.60548 -1.50593 -0.836142 0.55434 0.802788 -2.53307e-17 9.49737 -0.914492 0.192785 -0.619683 0.665205 -2.90401e-17 10.5513 1.57691 0.165987 0.44915 -0.216844 -1.29193e-17 4.78644 0.715339 1.04399 4.81402 -1.51198 -1.8116e-17 4.82109 0.421791 0.616278 -7.4703 -0.893345 -2.00958e-17 4.83041 0.765062 0.375176 -9.17301 2.03361 1.23299 -7.60731 7.53374 15.8501 4.69695 -4.22432 12.9547 3.2495 -3.26872 -80.2 49.0116 5.57579 29.2081 0.0598081 0.137039 3.4023 -0.478903 -16.6121 24.234 0.0496219 0.113701 -31.4978 -68.3692 -28.2892 -1.23299 -7.60729 7.53365 -22.3103 2.53531 0.433629 -12.9547 3.2495 -3.26872 77.8546 47.1379 -3.74485 -29.2081 0.0598081 0.137039 -4.47057 -0.847328 22.0484 -24.234 0.0496218 0.113702 29.3006 -65.4536 22.2062 9.23673 -4.20556 2.0327 -5.1097 4.69657 -0.263075 -0.852353 -38.7721 -0.655187 -0.741073 2.76774 -0.0304141 -2.32622 -40.4017 -6.04875 -3.52403 4.55889 15.5352 0.779096 -9.8844 12.4959 -2.74574e-15 -9.18846e-16 1.36132e-16 -9.23673 -4.20556 2.0327 -17.045 1.78123 19.381 0.852353 -38.7721 -0.655187 0.712498 2.66101 0.0299051 2.32622 -40.4017 -6.04875 8.13128 -6.30523 -15.5683 -0.779096 -9.8844 12.4959 -2.04984e-16 -5.83639e-16 -1.27592e-14 
-0.556951 92.6132 67.3713 -9.34894 7.32332 179.549 0 5.07867 -1.15138 -3.43044 2.56348 0.907197 0 5.61661 1.07143 -2.90465 1.81787 0.654781 -1.02604e-17 5.98978 0.11501 -2.33931 1.70805 0.758322 -1.10457e-17 6.50583 -0.443523 -1.68726 1.09795 0.721625 -1.97295e-17 7.60548 -1.50593 -0.829055 0.539521 0.790012 -2.53307e-17 9.49737 -0.914492 0.18632 -0.64085 0.652807 -2.90401e-17 10.5513 1.57691 0.166223 0.451983 -0.212954 -1.29193e-17 4.78644 0.715339 1.028 4.7677 -1.40923 -1.8116e-17 4.82109 0.421791 0.574897 -7.48387 -0.846738 -2.00958e-17 4.83041 0.765062 0.241829 -9.17353 1.91775 1.23299 -7.60731 7.53374 15.9403 4.69937 -4.25028 12.9547 3.2495 -3.26872 -80.4154 49.2373 5.33019 29.2081 0.0598081 0.137039 3.40878 -0.480802 -16.6446 24.234 0.0496219 0.113701 -31.4126 -68.7075 -28.251 -1.23299 -7.60729 7.53365 -22.3209 2.56282 0.476761 -12.9547 3.2495 -3.26872 77.8754 47.098 -3.93709 -29.2081 0.0598081 0.137039 -4.47521 -0.849181 22.0724 -24.234 0.0496218 0.113702 29.4062 -65.3712 22.2589 9.23673 -4.20556 2.0327 -5.10743 4.7495 -0.338929 -0.852353 -38.7721 -0.655187 -0.738111 2.75668 -0.0303638 -2.32622 -40.4017 -6.04875 -3.55022 4.57963 15.5399 0.779096 -9.8844 12.4959 -1.17406e-15 -8.45125e-16 6.24108e-17 -9.23673 -4.20556 2.0327 -17.0424 1.77771 19.3051 0.852353 -38.7721 -0.655187 0.738353 2.75758 0.0303684 2.32622 -40.4017 -6.04875 8.05266 -6.27137 -15.5748 -0.779096 -9.8844 12.4959 5.93254e-16 -6.21057e-16 -1.27966e-14 
-0.555089 92.6127 67.3824 -9.33995 7.33869 179.599 0 5.07867 -1.15138 -3.39178 2.61802 0.891118 0 5.61661 1.07143 -2.87069 1.85477 0.646297 -1.02604e-17 5.98978 0.11501 -2.31382 1.72522 0.751929 -1.10457e-17 6.50583 -0.443523 -1.66975 1.08329 0.716394 -1.97295e-17 7.60548 -1.50593 -0.821213 0.510442 0.781795 -2.53307e-17 9.49737 -0.914492 0.182814 -0.676689 0.645035 -2.90401e-17 10.5513 1.57691 0.16523 0.455642 -0.20947 -1.29193e-17 4.78644 0.715339 1.01607 4.68848 -1.47656 -1.8116e-17 4.82109 0.421791 0.506425 -7.4731 -0.878181 -2.00958e-17 4.83041 0.765062 0.201289 -9.14044 2.05757 1.23299 -7.60731 7.53374 15.9822 4.72013 -4.30343 12.9547 3.2495 -3.26872 -80.3788 49.2846 5.17724 29.2081 0.0598081 0.137039 3.3938 -0.476417 -16.5695 24.234 0.0496219 0.113701 -32.0622 -68.775 -28.8275 -1.23299 -7.60729 7.53365 -22.344 2.61277 0.521951 -12.9547 3.2495 -3.26872 77.9482 47.2459 -4.1925 -29.2081 0.0598081 0.137039 -4.48457 -0.85292 22.1208 -24.234 0.0496218 0.113702 29.6706 -65.4372 22.5943 9.23673 -4.20556 2.0327 -5.0828 4.77994 -0.371734 -0.852353 -38.7721 -0.655187 -0.735406 2.74657 -0.0303173 -2.32622 -40.4017 -6.04875 -3.55334 4.57197 15.5363 0.779096 -9.8844 12.4959 1.60428e-15 -7.33454e-16 -4.92603e-17 -9.23673 -4.20556 2.0327 -17.0282 1.74305 19.2512 0.852353 -38.7721 -0.655187 0.759304 2.83583 0.0307119 2.32622 -40.4017 -6.04875 8.10722 -6.27656 -15.5852 -0.779096 -9.8844 12.4959 -1.95685e-16 -5.84075e-16 -1.27596e-14 
-0.551292 92.6105 67.391 -9.30661 7.34178 179.653 0 5.07867 -1.15138 -3.37768 2.62522 0.879254 0 5.61661 1.07143 -2.85132 1.87324 0.628335 -1.02604e-17 5.98978 0.11501 -2.28902 1.75926 0.732434 -1.10457e-17 6.50583 -0.443523 -1.64793 1.12683 0.699575 -1.97295e-17 7.60548 -1.50593 -0.805005 0.56071 0.768442 -2.53307e-17 9.49737 -0.914492 0.184743 -0.572084 0.617453 -2.90401e-17 10.5513 1.57691 0.153888 0.457867 -0.198442 -1.29193e-17 4.78644 0.715339 0.913921 4.39317 -1.6916 -1.8116e-17 4.82109 0.421791 0.345886 -7.58545 -0.983488 -2.00958e-17 4.83041 0.765062 0.45068 -8.97616 2.4516 1.23299 -7.60731 7.53374 15.5379 4.74819 -4.33286 12.9547 3.2495 -3.26872 -79.0668 49.1412 4.82869 29.2081 0.0598081 0.137039 3.37623 -0.471304 -16.4814 24.234 0.0496219 0.113701 -34.1573 -68.649 -30.5624 -1.23299 -7.60729 7.53365 -20.7726 2.6939 0.827908 -12.9547 3.2495 -3.26872 77.4368 46.4602 -3.927 -29.2081 0.0598081 0.137039 -4.41343 -0.824696 21.753 -24.234 0.0496218 0.113702 27.246 -65.1138 20.7044 9.23673 -4.20556 2.0327 -5.02628 4.80679 -0.464592 -0.852353 -38.7721 -0.655187 -0.732653 2.73629 -0.0302695 -2.32622 -40.4017 -6.04875 -3.60794 4.50476 15.5495 0.779096 -9.8844 12.4959 8.23086e-16 -7.5777e-16 -2.49449e-17 -9.23673 -4.20556 2.0327 -16.9792 1.70115 19.2166 0.852353 -38.7721 -0.655187 0.778547 2.9077 0.0310021 2.32622 -40.4017 -6.04875 8.05702 -6.25495 -15.597 -0.779096 -9.8844 12.4959 -5.94804e-16 -5.59179e-16 -1.27471e-14 
-0.543684 92.6046 67.3974 -9.25792 7.31739 179.661 0 5.07867 -1.15138 -3.39468 2.64214 0.830922 0 5.61661 1.07143 -2.85149 1.88866 0.571255 -1.02604e-17 5.98978 0.11501 -2.28017 1.75728 0.674856 -1.10457e-17 6.50583 -0.443523 -1.62873 1.10781 0.639682 -1.97295e-17 7.60548 -1.50593 -0.789685 0.521074 0.705957 -2.53307e-17 9.49737 -0.914492 0.186923 -0.624623 0.548348 -2.90401e-17 10.5513 1.57691 0.156105 0.460405 -0.197938 -1.29193e-17 4.78644 0.715339 0.92267 4.19572 -1.39837 -1.8116e-17 4.82109 0.421791 0.38439 -7.44314 -0.848215 -2.00958e-17 4.83041 0.765062 0.337431 -8.86882 2.40821 1.23299 -7.60731 7.53374 15.5793 4.85389 -4.38915 12.9547 3.2495 -3.26872 -79.2363 49.6001 5.05374 29.2081 0.0598081 0.137039 3.39983 -0.478181 -16.5997 24.234 0.0496219 0.113701 -35.2397 -69.3925 -31.7989 -1.23299 -7.60729 7.53365 -20.6076 2.72788 0.964498 -12.9547 3.2495 -3.26872 77.0204 46.1354 -3.62229 -29.2081 0.0598081 0.137039 -4.37434 -0.809414 21.5512 -24.234 0.0496218 0.113702 27.4809 -64.6128 20.6541 9.23673 -4.20556 2.0327 -4.97803 4.81349 -0.438704 -0.852353 -38.7721 -0.655187 -0.725765 2.71056 -0.0301478 -2.32622 -40.4017 -6.04875 -3.5417 4.45938 15.5384 0.779096 -9.8844 12.4959 -1.16011e-15 -8.44496e-16 6.17812e-17 -9.23673 -4.20556 2.0327 -16.9138 1.62396 19.1562 0.852353 -38.7721 -0.655187 0.795688 2.97172 0.0312403 2.32622 -40.4017 -6.04875 7.9759 -6.23184 -15.5945 -0.779096 -9.8844 12.4959 -5.96354e-16 -5.59082e-16 -1.27471e-14 
-0.537262 92.5954 67.4007 -9.1917 7.235 179.674 0 5.07867 -1.15138 -3.37312 2.62622 0.784206 0 5.61661 1.07143 -2.82276 1.87641 0.522319 -1.02604e-17 5.98978 0.11501 -2.25179 1.73793 0.624864 -1.10457e-17 6.50583 -0.443523 -1.60068 1.0898 0.588296 -1.97295e-17 7.60548 -1.50593 -0.774501 0.499106 0.649058 -2.53307e-17 9.49737 -0.914492 0.180168 -0.647284 0.488224 -2.90401e-17 10.5513 1.57691 0.153962 0.457744 -0.199504 -1.29193e-17 4.78644 0.715339 0.940566 4.1864 -1.18205 -1.8116e-17 4.82109 0.421791 0.286183 -7.38458 -0.750242 -2.00958e-17 4.83041 0.765062 0.320517 -8.86668 2.41179 1.23299 -7.60731 7.53374 15.5612 4.89695 -4.44889 12.9547 3.2495 -3.26872 -79.2996 49.8076 5.31697 29.2081 0.0598081 0.137039 3.40261 -0.478993 -16.6137 24.234 0.0496219 0.113701 -36.5418 -69.7659 -33.1384 -1.23299 -7.60729 7.53365 -20.5458 2.73925 1.04079 -12.9547 3.2495 -3.26872 77.14 46.3227 -3.61986 -29.2081 0.0598081 0.137039 -4.32267 -0.789456 21.285 -24.234 0.0496218 0.113702 27.5226 -64.4708 20.9293 9.23673 -4.20556 2.0327 -4.90061 4.76449 -0.462626 -0.852353 -38.7721 -0.655187 -0.721215 2.69357 -0.0300657 -2.32622 -40.4017 -6.04875 -3.49827 4.3693 15.5245 0.779096 -9.8844 12.4959 4.16218e-16 -7.82957e-16 2.42154e-19 -9.23673 -4.20556 2.0327 -16.8251 1.50128 19.0692 0.852353 -38.7721 -0.655187 0.81315 3.03693 0.0314632 2.32622 -40.4017 -6.04875 7.85391 -6.21357 -15.5971 -0.779096 -9.8844 12.4959 1.95685e-16 -5.96209e-16 -1.27718e-14 
-0.528017 92.59 67.4035 -9.15815 7.17057 179.668 0 5.07867 -1.15138 -3.34848 2.61353 0.751309 0 5.61661 1.07143 -2.79552 1.86831 0.48993 -1.02604e-17 5.98978 0.11501 -2.22708 1.72762 0.590632 -1.10457e-17 6.50583 -0.443523 -1.57812 1.0829 0.553237 -1.97295e-17 7.60548 -1.50593 -0.761756 0.493924 0.609404 -2.53307e-17 9.49737 -0.914492 0.176923 -0.650224 0.448632 -2.90401e-17 10.5513 1.57691 0.153486 0.456165 -0.200803 -1.29193e-17 4.78644 0.715339 0.960608 4.24377 -1.15678 -1.8116e-17 4.82109 0.421791 0.266097 -7.40443 -0.73734 -2.00958e-17 4.83041 0.765062 0.268225 -8.89314 2.62341 1.23299 -7.60731 7.53374 15.4829 4.90647 -4.48127 12.9547 3.2495 -3.26872 -79.1275 50.1564 5.33278 29.2081 0.0598081 0.137039 3.40417 -0.479451 -16.6215 24.234 0.0496219 0.113701 -37.9302 -70.2436 -34.4876 -1.23299 -7.60729 7.53365 -20.6383 2.74006 1.05713 -12.9547 3.2495 -3.26872 77.1211 46.4824 -3.55232 -29.2081 0.0598081 0.137039 -4.28321 -0.774398 21.0819 -24.234 0.0496218 0.113702 27.9333 -64.3734 21.4228 9.23673 -4.20556 2.0327 -4.85109 4.72491 -0.476409 -0.852353 -38.7721 -0.655187 -0.717131 2.67831 -0.0299908 -2.32622 -40.4017 -6.04875 -3.50934 4.30325 15.5277 0.779096 -9.8844 12.4959 -3.69622e-16 -8.07466e-16 2.47512e-17 -9.23673 -4.20556 2.0327 -16.7796 1.36515 19.1183 0.852353 -38.7721 -0.655187 0.836074 3.12253 0.0317256 2.32622 -40.4017 -6.04875 7.87905 -6.23613 -15.601 -0.779096 -9.8844 12.4959 5.94804e-16 -6.21105e-16 -1.27967e-14 
-0.502619 92.5971 67.4096 -9.12409 7.20375 179.605 0 5.07867 -1.15138 -3.38877 2.62601 0.735543 0 5.61661 1.07143 -2.82254 1.87691 0.462176 -1.02604e-17 5.98978 0.11501 -2.24268 1.72454 0.55891 -1.10457e-17 6.50583 -0.443523 -1.58309 1.06068 0.518453 -1.97295e-17 7.60548 -1.50593 -0.763323 0.463716 0.575467 -2.53307e-17 9.49737 -0.914492 0.173408 -0.688283 0.411523 -2.90401e-17 10.5513 1.57691 0.150631 0.462682 -0.209222 -1.29193e-17 4.78644 0.715339 0.999679 4.495 -1.0937 -1.8116e-17 4.82109 0.421791 0.219256 -7.37634 -0.709325 -2.00958e-17 4.83041 0.765062 0.435181 -9.03822 2.80947 1.23299 -7.60731 7.53374 15.4822 4.91856 -4.49629 12.9547 3.2495 -3.26872 -78.8906 50.2252 5.57142 29.2081 0.0598081 0.137039 3.41186 -0.481705 -16.6601 24.234 0.0496219 0.113701 -39.2728 -70.475 -35.6602 -1.23299 -7.60729 7.53365 -20.6912 2.70726 1.01948 -12.9547 3.2495 -3.26872 77.9539 46.571 -3.47769 -29.2081 0.0598081 0.137039 -4.26984 -0.769334 21.0132 -24.234 0.0496218 0.113702 26.4367 -64.2401 20.1472 9.23673 -4.20556 2.0327 -4.79775 4.77282 -0.468222 -0.852353 -38.7721 -0.655187 -0.711176 2.65607 -0.0298798 -2.32622 -40.4017 -6.04875 -3.44119 4.34973 15.5046 0.779096 -9.8844 12.4959 8.15323e-16 -7.58061e-16 -2.46538e-17 -9.23673 -4.20556 2.0327 -16.7192 1.38054 19.0901 0.852353 -38.7721 -0.655187 0.821978 3.0699 0.0315683 2.32622 -40.4017 -6.04875 7.87082 -6.16388 -15.6063 -0.779096 -9.8844 12.4959 -9.87705e-16 -5.46949e-16 -1.27225e-14 
-0.476928 92.6072 67.4178 -9.12725 7.24335 179.576 0 5.07867 -1.15138 -3.42174 2.69604 0.70118 0 5.61661 1.07143 -2.84154 1.92193 0.41904 -1.02604e-17 5.98978 0.11501 -2.25328 1.7375 0.512745 -1.10457e-17 6.50583 -0.443523 -1.58192 1.02871 0.468789 -1.97295e-17 7.60548 -1.50593 -0.761716 0.404138 0.523975 -2.53307e-17 9.49737 -0.914492 0.169214 -0.776723 0.358686 -2.90401e-17 10.5513 1.57691 0.151958 0.464134 -0.215462 -1.29193e-17 4.78644 0.715339 1.04397 4.57594 -0.819422 -1.8116e-17 4.82109 0.421791 0.264579 -7.31996 -0.581322 -2.00958e-17 4.83041 0.765062 0.369627 -9.02959 2.72536 1.23299 -7.60731 7.53374 15.6253 4.98615 -4.53767 12.9547 3.2495 -3.26872 -79.1277 50.3994 5.9021 29.2081 0.0598081 0.137039 3.44616 -0.491831 -16.8322 24.234 0.0496219 0.113701 -40.1773 -70.9325 -36.5922 -1.23299 -7.60729 7.53365 -20.9964 2.70472 1.01739 -12.9547 3.2495 -3.26872 78.1301 46.4918 -3.32708 -29.2081 0.0598081 0.137039 -4.27333 -0.770652 21.0311 -24.234 0.0496218 0.113702 26.4559 -63.9128 19.9264 9.23673 -4.20556 2.0327 -4.78286 4.83927 -0.400562 -0.852353 -38.7721 -0.655187 -0.699068 2.61084 -0.0296467 -2.32622 -40.4017 -6.04875 -3.56038 4.40144 15.5344 0.779096 -9.8844 12.4959 2.40405e-15 -6.95989e-16 -8.67254e-17 -9.23673 -4.20556 2.0327 -16.7013 1.32136 19.1364 0.852353 -38.7721 -0.655187 0.849572 3.17294 0.0318641 2.32622 -40.4017 -6.04875 7.87223 -6.12758 -15.6076 -0.779096 -9.8844 12.4959 -1.38994e-15 -5.34282e-16 -1.27098e-14 
-0.456654 92.6218 67.4237 -9.15511 7.31978 179.584 0 5.07867 -1.15138 -3.42322 2.73072 0.674079 0 5.61661 1.07143 -2.83734 1.94675 0.388969 -1.02604e-17 5.98978 0.11501 -2.24903 1.74977 0.480985 -1.10457e-17 6.50583 -0.443523 -1.57534 1.02513 0.435164 -1.97295e-17 7.60548 -1.50593 -0.761647 0.390592 0.488063 -2.53307e-17 9.49737 -0.914492 0.158815 -0.799191 0.324152 -2.90401e-17 10.5513 1.57691 0.15039 0.461069 -0.218828 -1.29193e-17 4.78644 0.715339 1.05687 4.70245 -0.763105 -1.8116e-17 4.82109 0.421791 0.18449 -7.26635 -0.556902 -2.00958e-17 4.83041 0.765062 0.435779 -9.08188 2.80732 1.23299 -7.60731 7.53374 15.6728 5.00436 -4.58825 12.9547 3.2495 -3.26872 -79.2457 50.4867 6.10296 29.2081 0.0598081 0.137039 3.45046 -0.493111 -16.8538 24.234 0.0496219 0.113701 -41.019 -71.1511 -37.4239 -1.23299 -7.60729 7.53365 -21.1652 2.68996 1.03055 -12.9547 3.2495 -3.26872 78.3346 46.6345 -3.34047 -29.2081 0.0598081 0.137039 -4.249 -0.761475 20.9061 -24.234 0.0496218 0.113702 26.5978 -63.812 20.132 9.23673 -4.20556 2.0327 -4.78702 4.91574 -0.39688 -0.852353 -38.7721 -0.655187 -0.696711 2.60204 -0.0296003 -2.32622 -40.4017 -6.04875 -3.61877 4.50015 15.5457 0.779096 -9.8844 12.4959 -3.6184e-16 -8.07125e-16 2.44109e-17 -9.23673 -4.20556 2.0327 -16.7083 1.32916 19.1632 0.852353 -38.7721 -0.655187 0.871358 3.25429 0.0320625 2.32622 -40.4017 -6.04875 7.86735 -6.08579 -15.6269 -0.779096 -9.8844 12.4959 1.92567e-16 -5.96111e-16 -1.27717e-14 
-0.437567 92.6272 67.4267 -9.13791 7.34743 179.57 0 5.07867 -1.15138 -3.42817 2.76242 0.663438 0 5.61661 1.07143 -2.83601 1.97144 0.372095 -1.02604e-17 5.98978 0.11501 -2.24261 1.76817 0.461905 -1.10457e-17 6.50583 -0.443523 -1.56651 1.02737 0.416213 -1.97295e-17 7.60548 -1.50593 -0.753217 0.384886 0.469307 -2.53307e-17 9.49737 -0.914492 0.162411 -0.791591 0.299805 -2.90401e-17 10.5513 1.57691 0.145902 0.465247 -0.217695 -1.29193e-17 4.78644 0.715339 1.05449 4.71685 -0.823594 -1.8116e-17 4.82109 0.421791 0.152921 -7.27895 -0.584773 -2.00958e-17 4.83041 0.765062 0.523498 -9.04462 2.97269 1.23299 -7.60731 7.53374 15.4579 5.0263 -4.6112 12.9547 3.2495 -3.26872 -78.693 50.4633 6.09372 29.2081 0.0598081 0.137039 3.43968 -0.489912 -16.7997 24.234 0.0496219 0.113701 -42.1929 -71.1089 -38.451 -1.23299 -7.60729 7.53365 -20.7338 2.72532 1.1119 -12.9547 3.2495 -3.26872 78.3605 46.4998 -3.2107 -29.2081 0.0598081 0.137039 -4.19892 -0.742769 20.6491 -24.234 0.0496218 0.113702 25.8298 -63.6535 19.6723 9.23673 -4.20556 2.0327 -4.74786 4.95589 -0.420058 -0.852353 -38.7721 -0.655187 -0.693836 2.5913 -0.0295431 -2.32622 -40.4017 -6.04875 -3.63265 4.51895 15.5471 0.779096 -9.8844 12.4959 2.32936e-17 -7.95187e-16 1.24726e-17 -9.23673 -4.20556 2.0327 -16.6795 1.31531 19.21 0.852353 -38.7721 -0.655187 0.878058 3.2793 0.0321173 2.32622 -40.4017 -6.04875 7.91779 -6.06053 -15.6339 -0.779096 -9.8844 12.4959 -5.93245e-16 -5.59228e-16 -1.27472e-14 
-0.421221 92.625 67.4267 -9.13784 7.34754 179.57 0 5.07867 -1.15138 -3.43929 2.79477 0.63492 0 5.61661 1.07143 -2.83808 1.99401 0.336725 -1.02604e-17 5.98978 0.11501 -2.24021 1.77186 0.424518 -1.10457e-17 6.50583 -0.443523 -1.55822 1.00762 0.37664 -1.97295e-17 7.60548 -1.50593 -0.748081 0.347253 0.427906 -2.53307e-17 9.49737 -0.914492 0.158899 -0.841916 0.257008 -2.90401e-17 10.5513 1.57691 0.145747 0.468024 -0.219455 -1.29193e-17 4.78644 0.715339 1.06724 4.66803 -0.702588 -1.8116e-17 4.82109 0.421791 0.168858 -7.15727 -0.528997 -2.00958e-17 4.83041 0.765062 0.506667 -8.9664 2.96958 1.23299 -7.60731 7.53374 15.4133 5.09518 -4.66238 12.9547 3.2495 -3.26872 -78.8791 50.5812 6.40703 29.2081 0.0598081 0.137039 3.46768 -0.498242 -16.9402 24.234 0.0496219 0.113701 -42.4555 -71.389 -38.8215 -1.23299 -7.60729 7.53365 -20.7582 2.74226 1.16936 -12.9547 3.2495 -3.26872 78.2336 46.3731 -3.05019 -29.2081 0.0598081 0.137039 -4.18989 -0.739424 20.6028 -24.234 0.0496218 0.113702 25.8832 -63.4011 19.5638 9.23673 -4.20556 2.0327 -4.73531 4.97076 -0.416476 -0.852353 -38.7721 -0.655187 -0.690769 2.57984 -0.0294815 -2.32622 -40.4017 -6.04875 -3.62944 4.5198 15.5484 0.779096 -9.8844 12.4959 -3.71167e-16 -8.07514e-16 2.47995e-17 -9.23673 -4.20556 2.0327 -16.6621 1.26196 19.204 0.852353 -38.7721 -0.655187 0.89572 3.34525 0.0322477 2.32622 -40.4017 -6.04875 7.88282 -6.06618 -15.6326 -0.779096 -9.8844 12.4959 -9.92369e-16 -5.46706e-16 -1.27223e-14 
-0.423422 92.6272 67.4099 -9.12593 7.36275 179.554 0 5.07867 -1.15138 -3.43096 2.79715 0.611846 0 5.61661 1.07143 -2.82572 1.99595 0.311122 -1.02604e-17 5.98978 0.11501 -2.22767 1.76785 0.398173 -1.10457e-17 6.50583 -0.443523 -1.54532 0.99861 0.349575 -1.97295e-17 7.60548 -1.50593 -0.741283 0.335662 0.398189 -2.53307e-17 9.49737 -0.914492 0.155157 -0.853923 0.225516 -2.90401e-17 10.5513 1.57691 0.14354 0.467672 -0.220523 -1.29193e-17 4.78644 0.715339 1.08 4.69023 -0.609643 -1.8116e-17 4.82109 0.421791 0.123524 -7.07473 -0.487014 -2.00958e-17 4.83041 0.765062 0.513268 -8.91882 2.96882 1.23299 -7.60731 7.53374 15.3577 5.12127 -4.69327 12.9547 3.2495 -3.26872 -78.9355 50.6054 6.61586 29.2081 0.0598081 0.137039 3.47008 -0.498961 -16.9523 24.234 0.0496219 0.113701 -42.8164 -71.4649 -39.174 -1.23299 -7.60729 7.53365 -20.7558 2.74512 1.19728 -12.9547 3.2495 -3.26872 78.2844 46.5812 -3.0517 -29.2081 0.0598081 0.137039 -4.17498 -0.733917 20.5263 -24.234 0.0496218 0.113702 25.898 -63.4215 19.6874 9.23673 -4.20556 2.0327 -4.723 5.0246 -0.419482 -0.852353 -38.7721 -0.655187 -0.681704 2.54598 -0.0292959 -2.32622 -40.4017 -6.04875 -3.62774 4.52612 15.5465 0.779096 -9.8844 12.4959 -1.16475e-15 -8.44689e-16 6.19745e-17 -9.23673 -4.20556 2.0327 -16.6388 1.22737 19.2424 0.852353 -38.7721 -0.655187 0.915073 3.4175 0.0323672 2.32622 -40.4017 -6.04875 7.79827 -6.03848 -15.6405 -0.779096 -9.8844 12.4959 1.94121e-16 -5.9616e-16 -1.27717e-14 
-0.41458 92.6242 67.4061 -9.13239 7.35975 179.573 0 5.07867 -1.15138 -3.41842 2.81289 0.598884 0 5.61661 1.07143 -2.81191 2.00719 0.29689 -1.02604e-17 5.98978 0.11501 -2.21426 1.773 0.382809 -1.10457e-17 6.50583 -0.443523 -1.53317 0.993837 0.334221 -1.97295e-17 7.60548 -1.50593 -0.733314 0.32603 0.381448 -2.53307e-17 9.49737 -0.914492 0.155525 -0.859055 0.206366 -2.90401e-17 10.5513 1.57691 0.141253 0.469951 -0.218929 -1.29193e-17 4.78644 0.715339 1.07428 4.69086 -0.68514 -1.8116e-17 4.82109 0.421791 0.111127 -7.05916 -0.52172 -2.00958e-17 4.83041 0.765062 0.527281 -8.84898 3.11027 1.23299 -7.60731 7.53374 15.244 5.1387 -4.69667 12.9547 3.2495 -3.26872 -78.7383 50.6467 6.64568 29.2081 0.0598081 0.137039 3.46512 -0.497479 -16.9274 24.234 0.0496219 0.113701 -43.3112 -71.4538 -39.5904 -1.23299 -7.60729 7.53365 -20.5678 2.77123 1.2416 -12.9547 3.2495 -3.26872 78.1866 46.4978 -2.98951 -29.2081 0.0598081 0.137039 -4.14347 -0.722356 20.3649 -24.234 0.0496218 0.113702 25.7521 -63.312 19.657 9.23673 -4.20556 2.0327 -4.71651 5.04433 -0.449285 -0.852353 -38.7721 -0.655187 -0.675732 2.52367 -0.0291707 -2.32622 -40.4017 -6.04875 -3.64303 4.51409 15.55 0.779096 -9.8844 12.4959 -3.7583e-16 -8.07708e-16 2.49938e-17 -9.23673 -4.20556 2.0327 -16.6403 1.17307 19.2705 0.852353 -38.7721 -0.655187 0.934951 3.49171 0.0324645 2.32622 -40.4017 -6.04875 7.85763 -6.07761 -15.6455 -0.779096 -9.8844 12.4959 -1.38527e-15 -5.34477e-16 -1.271e-14 
-0.404656 92.6219 67.4027 -9.13073 7.37198 179.588 0 5.07867 -1.15138 -3.45112 2.86502 0.588634 0 5.61661 1.07143 -2.83526 2.03505 0.279857 -1.02604e-17 5.98978 0.11501 -2.22958 1.76874 0.364044 -1.10457e-17 6.50583 -0.443523 -1.53943 0.938891 0.312982 -1.97295e-17 7.60548 -1.50593 -0.73485 0.246307 0.359939 -2.53307e-17 9.49737 -0.914492 0.155281 -0.970835 0.182624 -2.90401e-17 10.5513 1.57691 0.141041 0.479525 -0.224614 -1.29193e-17 4.78644 0.715339 1.11195 4.90397 -0.633466 -1.8116e-17 4.82109 0.421791 0.112291 -6.96978 -0.49876 -2.00958e-17 4.83041 0.765062 0.587486 -8.87832 3.12215 1.23299 -7.60731 7.53374 15.4674 5.17479 -4.69399 12.9547 3.2495 -3.26872 -78.8811 50.7346 6.94719 29.2081 0.0598081 0.137039 3.46711 -0.498074 -16.9374 24.234 0.0496219 0.113701 -43.9909 -71.4191 -40.1589 -1.23299 -7.60729 7.53365 -20.8533 2.77652 1.18958 -12.9547 3.2495 -3.26872 78.9269 46.5871 -3.09229 -29.2081 0.0598081 0.137039 -4.13729 -0.720099 20.3333 -24.234 0.0496218 0.113702 25.1215 -63.1842 19.1085 9.23673 -4.20556 2.0327 -4.70993 5.07763 -0.4826 -0.852353 -38.7721 -0.655187 -0.668852 2.49797 -0.0290235 -2.32622 -40.4017 -6.04875 -3.54887 4.54063 15.5232 0.779096 -9.8844 12.4959 1.60735e-15 -7.3331e-16 -4.94047e-17 -9.23673 -4.20556 2.0327 -16.6278 1.19848 19.2187 0.852353 -38.7721 -0.655187 0.925567 3.45667 0.0324218 2.32622 -40.4017 -6.04875 7.83148 -6.06202 -15.6432 -0.779096 -9.8844 12.4959 -5.99463e-16 -5.58985e-16 -1.27469e-14 
-0.396896 92.6189 67.399 -9.14465 7.36914 179.63 0 5.07867 -1.15138 -3.47243 2.92648 0.565964 0 5.61661 1.07143 -2.84764 2.07107 0.252184 -1.02604e-17 5.98978 0.11501 -2.23687 1.77509 0.334197 -1.10457e-17 6.50583 -0.443523 -1.53905 0.901312 0.280642 -1.97295e-17 7.60548 -1.50593 -0.734213 0.184893 0.325947 -2.53307e-17 9.49737 -0.914492 0.151648 -1.05965 0.147815 -2.90401e-17 10.5513 1.57691 0.142193 0.482093 -0.228843 -1.29193e-17 4.78644 0.715339 1.14211 4.99441 -0.4916 -1.8116e-17 4.82109 0.421791 0.136688 -6.90445 -0.433132 -2.00958e-17 4.83041 0.765062 0.553522 -8.84894 3.04247 1.23299 -7.60731 7.53374 15.6422 5.23019 -4.71984 12.9547 3.2495 -3.26872 -79.2247 50.8109 7.26348 29.2081 0.0598081 0.137039 3.48897 -0.504628 -17.0472 24.234 0.0496219 0.113701 -44.2064 -71.5669 -40.4387 -1.23299 -7.60729 7.53365 -21.1286 2.7846 1.17712 -12.9547 3.2495 -3.26872 79.1732 46.4744 -3.09619 -29.2081 0.0598081 0.137039 -4.14777 -0.723927 20.3869 -24.234 0.0496218 0.113702 25.0637 -62.9179 18.893 9.23673 -4.20556 2.0327 -4.71499 5.1033 -0.495799 -0.852353 -38.7721 -0.655187 -0.660364 2.46626 -0.0288377 -2.32622 -40.4017 -6.04875 -3.61111 4.52958 15.5408 0.779096 -9.8844 12.4959 8.23096e-16 -7.57769e-16 -2.49452e-17 -9.23673 -4.20556 2.0327 -16.6368 1.16862 19.192 0.852353 -38.7721 -0.655187 0.939072 3.50709 0.0324815 2.32622 -40.4017 -6.04875 7.84542 -6.08351 -15.6401 -0.779096 -9.8844 12.4959 1.95676e-16 -5.96208e-16 -1.27718e-14 
-0.389261 92.6144 67.3949 -9.15098 7.34475 179.667 0 5.07867 -1.15138 -3.47153 2.9433 0.546701 0 5.61661 1.07143 -2.8433 2.08065 0.231216 -1.02604e-17 5.98978 0.11501 -2.23284 1.77335 0.311734 -1.10457e-17 6.50583 -0.443523 -1.5339 0.884238 0.256996 -1.97295e-17 7.60548 -1.50593 -0.733913 0.161365 0.300453 -2.53307e-17 9.49737 -0.914492 0.143492 -1.0917 0.123881 -2.90401e-17 10.5513 1.57691 0.140649 0.481397 -0.230293 -1.29193e-17 4.78644 0.715339 1.1479 5.05633 -0.475752 -1.8116e-17 4.82109 0.421791 0.0729884 -6.83954 -0.427383 -2.00958e-17 4.83041 0.765062 0.624217 -8.84515 3.11313 1.23299 -7.60731 7.53374 15.7015 5.24554 -4.72881 12.9547 3.2495 -3.26872 -79.3608 50.7949 7.42891 29.2081 0.0598081 0.137039 3.49207 -0.505563 -17.0628 24.234 0.0496219 0.113701 -44.397 -71.5895 -40.6365 -1.23299 -7.60729 7.53365 -21.2466 2.78921 1.18854 -12.9547 3.2495 -3.26872 79.2972 46.5172 -3.11919 -29.2081 0.0598081 0.137039 -4.13349 -0.718715 20.3138 -24.234 0.0496218 0.113702 25.15 -62.807 19.0206 9.23673 -4.20556 2.0327 -4.71142 5.09815 -0.53274 -0.852353 -38.7721 -0.655187 -0.656607 2.45223 -0.028754 -2.32622 -40.4017 -6.04875 -3.61787 4.50654 15.5453 0.779096 -9.8844 12.4959 2.00803e-15 -7.08365e-16 -7.43499e-17 -9.23673 -4.20556 2.0327 -16.6366 1.10876 19.1658 0.852353 -38.7721 -0.655187 0.957691 3.57659 0.0325442 2.32622 -40.4017 -6.04875 7.85834 -6.12103 -15.6459 -0.779096 -9.8844 12.4959 -1.78129e-15 -5.09726e-16 -1.26977e-14 
-0.380489 92.6086 67.3902 -9.12647 7.31114 179.689 0 5.07867 -1.15138 -3.47451 2.97169 0.535418 0 5.61661 1.07143 -2.84283 2.09505 0.216557 -1.02604e-17 5.98978 0.11501 -2.23017 1.76945 0.295648 -1.10457e-17 6.50583 -0.443523 -1.52927 0.851336 0.240343 -1.97295e-17 7.60548 -1.50593 -0.729926 0.115292 0.282571 -2.53307e-17 9.49737 -0.914492 0.143939 -1.14667 0.105123 -2.90401e-17 10.5513 1.57691 0.13933 0.487613 -0.231412 -1.29193e-17 4.78644 0.715339 1.16823 5.06706 -0.475198 -1.8116e-17 4.82109 0.421791 0.0760896 -6.77467 -0.426176 -2.00958e-17 4.83041 0.765062 0.633748 -8.76862 3.19307 1.23299 -7.60731 7.53374 15.6033 5.28448 -4.75257 12.9547 3.2495 -3.26872 -79.2827 50.7147 7.58019 29.2081 0.0598081 0.137039 3.48788 -0.504301 -17.0417 24.234 0.0496219 0.113701 -44.6008 -71.5392 -40.8299 -1.23299 -7.60729 7.53365 -21.2605 2.821 1.19931 -12.9547 3.2495 -3.26872 79.4656 46.5258 -3.15876 -29.2081 0.0598081 0.137039 -4.12481 -0.715556 20.2694 -24.234 0.0496218 0.113702 24.9397 -62.7078 18.8811 9.23673 -4.20556 2.0327 -4.6814 5.0944 -0.572551 -0.852353 -38.7721 -0.655187 -0.648447 2.42175 -0.028569 -2.32622 -40.4017 -6.04875 -3.57399 4.47085 15.5362 0.779096 -9.8844 12.4959 -7.59409e-16 -8.31925e-16 4.92104e-17 -9.23673 -4.20556 2.0327 -16.6101 1.07248 19.1615 0.852353 -38.7721 -0.655187 0.956736 3.57303 0.0325415 2.32622 -40.4017 -6.04875 7.90076 -6.13596 -15.6427 -0.779096 -9.8844 12.4959 5.87027e-16 -6.20765e-16 -1.27964e-14 
-0.372918 92.6041 67.3847 -9.10553 7.2776 179.723 0 5.07867 -1.15138 -3.47069 2.98403 0.523737 0 5.61661 1.07143 -2.83754 2.10057 0.202925 -1.02604e-17 5.98978 0.11501 -2.22515 1.76283 0.280744 -1.10457e-17 6.50583 -0.443523 -1.52405 0.828966 0.224432 -1.97295e-17 7.60548 -1.50593 -0.728061 0.084849 0.265288 -2.53307e-17 9.49737 -0.914492 0.139884 -1.18609 0.0884005 -2.90401e-17 10.5513 1.57691 0.138437 0.490774 -0.232348 -1.29193e-17 4.78644 0.715339 1.17449 5.06223 -0.424836 -1.8116e-17 4.82109 0.421791 0.0651476 -6.70209 -0.403612 -2.00958e-17 4.83041 0.765062 0.633838 -8.70699 3.18912 1.23299 -7.60731 7.53374 15.5798 5.31086 -4.76162 12.9547 3.2495 -3.26872 -79.3706 50.6433 7.74074 29.2081 0.0598081 0.137039 3.50105 -0.508272 -17.1079 24.234 0.0496219 0.113701 -44.4204 -71.5638 -40.6783 -1.23299 -7.60729 7.53365 -21.309 2.83235 1.20652 -12.9547 3.2495 -3.26872 79.5073 46.4743 -3.14181 -29.2081 0.0598081 0.137039 -4.12589 -0.715951 20.275 -24.234 0.0496218 0.113702 24.8563 -62.603 18.7223 9.23673 -4.20556 2.0327 -4.6555 5.09048 -0.610295 -0.852353 -38.7721 -0.655187 -0.640428 2.39179 -0.0283829 -2.32622 -40.4017 -6.04875 -3.56605 4.43693 15.5372 0.779096 -9.8844 12.4959 1.6058e-15 -7.33407e-16 -4.93075e-17 -9.23673 -4.20556 2.0327 -16.5765 1.01295 19.1294 0.852353 -38.7721 -0.655187 0.969708 3.62145 0.0325727 2.32622 -40.4017 -6.04875 7.85363 -6.13467 -15.6401 -0.779096 -9.8844 12.4959 -5.9169e-16 -5.59325e-16 -1.27473e-14 
-0.363836 92.6015 67.3798 -9.09979 7.26831 179.744 0 5.07867 -1.15138 -3.47953 2.99173 0.518548 0 5.61661 1.07143 -2.84327 2.10382 0.194522 -1.02604e-17 5.98978 0.11501 -2.22815 1.75791 0.271431 -1.10457e-17 6.50583 -0.443523 -1.52455 0.811213 0.214534 -1.97295e-17 7.60548 -1.50593 -0.728028 0.0620459 0.255279 -2.53307e-17 9.49737 -0.914492 0.138571 -1.21534 0.0774623 -2.90401e-17 10.5513 1.57691 0.136705 0.494111 -0.233433 -1.29193e-17 4.78644 0.715339 1.18199 5.12826 -0.415507 -1.8116e-17 4.82109 0.421791 0.0594758 -6.65652 -0.399629 -2.00958e-17 4.83041 0.765062 0.668726 -8.69617 3.21836 1.23299 -7.60731 7.53374 15.595 5.31496 -4.7306 12.9547 3.2495 -3.26872 -79.393 50.5423 7.82124 29.2081 0.0598081 0.137039 3.50018 -0.508007 -17.1035 24.234 0.0496219 0.113701 -44.273 -71.5028 -40.5056 -1.23299 -7.60729 7.53365 -21.3195 2.83617 1.18808 -12.9547 3.2495 -3.26872 79.7278 46.4847 -3.14623 -29.2081 0.0598081 0.137039 -4.11579 -0.712283 20.2233 -24.234 0.0496218 0.113702 24.4794 -62.5227 18.3976 9.23673 -4.20556 2.0327 -4.64227 5.10072 -0.649454 -0.852353 -38.7721 -0.655187 -0.635653 2.37395 -0.0282701 -2.32622 -40.4017 -6.04875 -3.54021 4.42794 15.5324 0.779096 -9.8844 12.4959 8.23096e-16 -7.57769e-16 -2.49452e-17 -9.23673 -4.20556 2.0327 -16.5589 0.967652 19.1314 0.852353 -38.7721 -0.655187 0.984988 3.67848 0.0325953 2.32622 -40.4017 -6.04875 7.82579 -6.14072 -15.6414 -0.779096 -9.8844 12.4959 -9.92369e-16 -5.46706e-16 -1.27223e-14 
-0.358145 92.6015 67.3747 -9.09075 7.28363 179.794 0 5.07867 -1.15138 -3.47209 3.02822 0.51118 0 5.61661 1.07143 -2.83581 2.12491 0.187838 -1.02604e-17 5.98978 0.11501 -2.2228 1.76096 0.264583 -1.10457e-17 6.50583 -0.443523 -1.51981 0.787416 0.206963 -1.97295e-17 7.60548 -1.50593 -0.725999 0.0225367 0.246271 -2.53307e-17 9.49737 -0.914492 0.137069 -1.27413 0.0695754 -2.90401e-17 10.5513 1.57691 0.137376 0.497846 -0.233801 -1.29193e-17 4.78644 0.715339 1.18938 5.19091 -0.37887 -1.8116e-17 4.82109 0.421791 0.0906199 -6.60807 -0.381885 -2.00958e-17 4.83041 0.765062 0.608023 -8.67206 3.15505 1.23299 -7.60731 7.53374 15.7172 5.32348 -4.69998 12.9547 3.2495 -3.26872 -79.7083 50.5303 7.88675 29.2081 0.0598081 0.137039 3.50561 -0.50965 -17.1308 24.234 0.0496219 0.113701 -43.6958 -71.5454 -40.0007 -1.23299 -7.60729 7.53365 -21.5021 2.84722 1.15607 -12.9547 3.2495 -3.26872 79.8244 46.3869 -3.15708 -29.2081 0.0598081 0.137039 -4.10312 -0.707697 20.1585 -24.234 0.0496218 0.113702 24.6189 -62.3393 18.4118 9.23673 -4.20556 2.0327 -4.62629 5.13159 -0.682831 -0.852353 -38.7721 -0.655187 -0.632506 2.3622 -0.028195 -2.32622 -40.4017 -6.04875 -3.55258 4.42407 15.539 0.779096 -9.8844 12.4959 -1.16006e-15 -8.44494e-16 6.17791e-17 -9.23673 -4.20556 2.0327 -16.5444 0.9549 19.1188 0.852353 -38.7721 -0.655187 0.999843 3.73392 0.0326026 2.32622 -40.4017 -6.04875 7.8337 -6.13551 -15.6426 -0.779096 -9.8844 12.4959 -5.97913e-16 -5.59033e-16 -1.2747e-14 
-0.351765 92.6011 67.3696 -9.07801 7.29895 179.831 0 5.07867 -1.15138 -3.46301 3.06486 0.511868 0 5.61661 1.07143 -2.82869 2.14618 0.189789 -1.02604e-17 5.98978 0.11501 -2.21877 1.76685 0.266266 -1.10457e-17 6.50583 -0.443523 -1.51823 0.768202 0.208414 -1.97295e-17 7.60548 -1.50593 -0.726823 -0.0106425 0.246966 -2.53307e-17 9.49737 -0.914492 0.13418 -1.32014 0.0722149 -2.90401e-17 10.5513 1.57691 0.136257 0.500901 -0.233445 -1.29193e-17 4.78644 0.715339 1.18829 5.23742 -0.429463 -1.8116e-17 4.82109 0.421791 0.0618597 -6.5789 -0.40541 -2.00958e-17 4.83041 0.765062 0.641583 -8.64779 3.17012 1.23299 -7.60731 7.53374 15.7953 5.32564 -4.69686 12.9547 3.2495 -3.26872 -79.8117 50.3838 7.92242 29.2081 0.0598081 0.137039 3.49766 -0.507247 -17.0909 24.234 0.0496219 0.113701 -43.3716 -71.3807 -39.6745 -1.23299 -7.60729 7.53365 -21.5897 2.86717 1.14934 -12.9547 3.2495 -3.26872 79.9824 46.4025 -3.22993 -29.2081 0.0598081 0.137039 -4.08525 -0.701259 20.0672 -24.234 0.0496218 0.113702 24.671 -62.2978 18.5063 9.23673 -4.20556 2.0327 -4.60406 5.16329 -0.721645 -0.852353 -38.7721 -0.655187 -0.629338 2.35036 -0.0281187 -2.32622 -40.4017 -6.04875 -3.54911 4.41534 15.5395 0.779096 -9.8844 12.4959 2.00022e-15 -7.08706e-16 -7.40083e-17 -9.23673 -4.20556 2.0327 -16.52 0.950414 19.0759 0.852353 -38.7721 -0.655187 1.01058 3.77398 0.032599 2.32622 -40.4017 -6.04875 7.81071 -6.12344 -15.6482 -0.779096 -9.8844 12.4959 -2.00344e-16 -5.83833e-16 -1.27594e-14 
-0.346078 92.5977 67.364 -9.06385 7.28388 179.866 0 5.07867 -1.15138 -3.46038 3.10094 0.513912 0 5.61661 1.07143 -2.82694 2.16639 0.192393 -1.02604e-17 5.98978 0.11501 -2.21783 1.77163 0.268656 -1.10457e-17 6.50583 -0.443523 -1.51792 0.746444 0.21094 -1.97295e-17 7.60548 -1.50593 -0.725965 -0.0466459 0.249107 -2.53307e-17 9.49737 -0.914492 0.135745 -1.36796 0.0749264 -2.90401e-17 10.5513 1.57691 0.136233 0.505182 -0.232499 -1.29193e-17 4.78644 0.715339 1.19224 5.25814 -0.489284 -1.8116e-17 4.82109 0.421791 0.083777 -6.56423 -0.431919 -2.00958e-17 4.83041 0.765062 0.628369 -8.60743 3.17974 1.23299 -7.60731 7.53374 15.823 5.33939 -4.69362 12.9547 3.2495 -3.26872 -79.8557 50.3075 7.92628 29.2081 0.0598081 0.137039 3.49242 -0.505669 -17.0646 24.234 0.0496219 0.113701 -43.1006 -71.294 -39.4388 -1.23299 -7.60729 7.53365 -21.6323 2.89547 1.14843 -12.9547 3.2495 -3.26872 80.0268 46.3336 -3.25683 -29.2081 0.0598081 0.137039 -4.07138 -0.696282 19.9963 -24.234 0.0496218 0.113702 24.7617 -62.2127 18.5773 9.23673 -4.20556 2.0327 -4.58339 5.1662 -0.757712 -0.852353 -38.7721 -0.655187 -0.626591 2.3401 -0.028052 -2.32622 -40.4017 -6.04875 -3.54186 4.38765 15.5412 0.779096 -9.8844 12.4959 2.80471e-15 -6.71044e-16 -1.1167e-16 -9.23673 -4.20556 2.0327 -16.501 0.926267 19.054 0.852353 -38.7721 -0.655187 1.01514 3.79099 0.0325952 2.32622 -40.4017 -6.04875 7.81577 -6.12735 -15.6478 -0.779096 -9.8844 12.4959 -1.38681e-15 -5.34429e-16 -1.271e-14 
-0.340456 92.5944 67.3584 -9.04968 7.2687 179.901 0 5.07867 -1.15138 -3.45451 3.11425 0.514495 0 5.61661 1.07143 -2.82235 2.17343 0.193346 -1.02604e-17 5.98978 0.11501 -2.21485 1.77192 0.269371 -1.10457e-17 6.50583 -0.443523 -1.51646 0.736113 0.211613 -1.97295e-17 7.60548 -1.50593 -0.725893 -0.0635855 0.249507 -2.53307e-17 9.49737 -0.914492 0.134488 -1.38952 0.0764002 -2.90401e-17 10.5513 1.57691 0.13545 0.507407 -0.23166 -1.29193e-17 4.78644 0.715339 1.18765 5.25173 -0.54739 -1.8116e-17 4.82109 0.421791 0.0729883 -6.52423 -0.45876 -2.00958e-17 4.83041 0.765062 0.659218 -8.57244 3.18745 1.23299 -7.60731 7.53374 15.8187 5.34531 -4.69662 12.9547 3.2495 -3.26872 -79.8828 50.1919 7.93889 29.2081 0.0598081 0.137039 3.49319 -0.505899 -17.0684 24.234 0.0496219 0.113701 -42.7355 -71.2119 -39.0976 -1.23299 -7.60729 7.53365 -21.6282 2.90936 1.15633 -12.9547 3.2495 -3.26872 80.0215 46.2833 -3.25735 -29.2081 0.0598081 0.137039 -4.06374 -0.693553 19.9573 -24.234 0.0496218 0.113702 24.7749 -62.1709 18.5717 9.23673 -4.20556 2.0327 -4.56188 5.16639 -0.784065 -0.852353 -38.7721 -0.655187 -0.624851 2.3336 -0.0280095 -2.32622 -40.4017 -6.04875 -3.53276 4.35948 15.5419 0.779096 -9.8844 12.4959 -1.15227e-15 -8.44153e-16 6.1438e-17 -9.23673 -4.20556 2.0327 -16.481 0.910061 19.0093 0.852353 -38.7721 -0.655187 1.01638 3.79563 0.0325939 2.32622 -40.4017 -6.04875 7.80497 -6.12507 -15.6465 -0.779096 -9.8844 12.4959 -5.99473e-16 -5.58984e-16 -1.27469e-14 
-0.334412 92.5893 67.3529 -9.02501 7.2352 179.923 0 5.07867 -1.15138 -3.44714 3.12358 0.514647 0 5.61661 1.07143 -2.81638 2.17691 0.194332 -1.02604e-17 5.98978 0.11501 -2.21029 1.76788 0.270413 -1.10457e-17 6.50583 -0.443523 -1.5135 0.720455 0.212898 -1.97295e-17 7.60548 -1.50593 -0.72394 -0.085142 0.250161 -2.53307e-17 9.49737 -0.914492 0.135163 -1.41647 0.0773219 -2.90401e-17 10.5513 1.57691 0.134784 0.510121 -0.230533 -1.29193e-17 4.78644 0.715339 1.18747 5.23897 -0.5772 -1.8116e-17 4.82109 0.421791 0.0778296 -6.48906 -0.472137 -2.00958e-17 4.83041 0.765062 0.655196 -8.51766 3.16832 1.23299 -7.60731 7.53374 15.8162 5.35233 -4.69181 12.9547 3.2495 -3.26872 -79.8889 50.1004 7.93763 29.2081 0.0598081 0.137039 3.4916 -0.50542 -17.0604 24.234 0.0496219 0.113701 -42.4715 -71.1364 -38.8457 -1.23299 -7.60729 7.53365 -21.6253 2.92958 1.16293 -12.9547 3.2495 -3.26872 80.0252 46.2841 -3.27057 -29.2081 0.0598081 0.137039 -4.05564 -0.690659 19.9159 -24.234 0.0496218 0.113702 24.8164 -62.1581 18.6234 9.23673 -4.20556 2.0327 -4.53216 5.15874 -0.807444 -0.852353 -38.7721 -0.655187 -0.619159 2.31234 -0.0278691 -2.32622 -40.4017 -6.04875 -3.52002 4.31571 15.5416 0.779096 -9.8844 12.4959 1.2082e-15 -7.45832e-16 -3.68823e-17 -9.23673 -4.20556 2.0327 -16.4488 0.859644 18.994 0.852353 -38.7721 -0.655187 1.02321 3.82112 0.0325851 2.32622 -40.4017 -6.04875 7.77992 -6.12552 -15.6425 -0.779096 -9.8844 12.4959 -2.18039e-15 -4.97205e-16 -1.26728e-14 
-0.328851 92.585 67.3472 -9.00029 7.20164 179.945 0 5.07867 -1.15138 -3.43699 3.12947 0.515028 0 5.61661 1.07143 -2.8084 2.17784 0.196042 -1.02604e-17 5.98978 0.11501 -2.20451 1.76231 0.271946 -1.10457e-17 6.50583 -0.443523 -1.50981 0.705624 0.214402 -1.97295e-17 7.60548 -1.50593 -0.721913 -0.104562 0.250944 -2.53307e-17 9.49737 -0.914492 0.13539 -1.44154 0.0787105 -2.90401e-17 10.5513 1.57691 0.134299 0.512465 -0.229863 -1.29193e-17 4.78644 0.715339 1.18686 5.24437 -0.644592 -1.8116e-17 4.82109 0.421791 0.0791108 -6.45532 -0.502924 -2.00958e-17 4.83041 0.765062 0.667147 -8.47657 3.19726 1.23299 -7.60731 7.53374 15.8194 5.3574 -4.69012 12.9547 3.2495 -3.26872 -79.8758 50.0215 7.94234 29.2081 0.0598081 0.137039 3.49008 -0.504962 -17.0528 24.234 0.0496219 0.113701 -42.3173 -71.0472 -38.6863 -1.23299 -7.60729 7.53365 -21.6457 2.94333 1.16151 -12.9547 3.2495 -3.26872 80.0322 46.2644 -3.27488 -29.2081 0.0598081 0.137039 -4.04975 -0.688564 19.8859 -24.234 0.0496218 0.113702 24.8362 -62.1304 18.6272 9.23673 -4.20556 2.0327 -4.50189 5.15047 -0.828644 -0.852353 -38.7721 -0.655187 -0.613318 2.29052 -0.0277228 -2.32622 -40.4017 -6.04875 -3.51175 4.27502 15.5417 0.779096 -9.8844 12.4959 -3.66484e-16 -8.07319e-16 2.46044e-17 -9.23673 -4.20556 2.0327 -16.418 0.802683 18.9799 0.852353 -38.7721 -0.655187 1.0324 3.85542 0.0325684 2.32622 -40.4017 -6.04875 7.78311 -6.13094 -15.6406 -0.779096 -9.8844 12.4959 5.85439e-16 -6.20715e-16 -1.27963e-14 
-0.320994 92.5811 67.342 -8.9654 7.17104 179.936 0 5.07867 -1.15138 -3.44062 3.13509 0.519302 0 5.61661 1.07143 -2.81228 2.17804 0.199551 -1.02604e-17 5.98978 0.11501 -2.20785 1.75564 0.274777 -1.10457e-17 6.50583 -0.443523 -1.51258 0.688325 0.216832 -1.97295e-17 7.60548 -1.50593 -0.723039 -0.126601 0.253327 -2.53307e-17 9.49737 -0.914492 0.136273 -1.47119 0.0818288 -2.90401e-17 10.5513 1.57691 0.13425 0.51504 -0.231147 -1.29193e-17 4.78644 0.715339 1.19917 5.28125 -0.66812 -1.8116e-17 4.82109 0.421791 0.0885444 -6.436 -0.513183 -2.00958e-17 4.83041 0.765062 0.703556 -8.46603 3.20286 1.23299 -7.60731 7.53374 15.8233 5.36426 -4.70462 12.9547 3.2495 -3.26872 -79.7891 49.9517 7.96462 29.2081 0.0598081 0.137039 3.4837 -0.503044 -17.0207 24.234 0.0496219 0.113701 -42.3918 -70.9591 -38.736 -1.23299 -7.60729 7.53365 -21.7321 2.9487 1.14375 -12.9547 3.2495 -3.26872 80.1822 46.3293 -3.28406 -29.2081 0.0598081 0.137039 -4.04671 -0.687481 19.8703 -24.234 0.0496218 0.113702 24.7967 -62.1415 18.5992 9.23673 -4.20556 2.0327 -4.46358 5.1511 -0.844521 -0.852353 -38.7721 -0.655187 -0.60498 2.25937 -0.0275102 -2.32622 -40.4017 -6.04875 -3.4849 4.23712 15.5368 0.779096 -9.8844 12.4959 -3.72721e-16 -8.07563e-16 2.48481e-17 -9.23673 -4.20556 2.0327 -16.3708 0.733039 18.9882 0.852353 -38.7721 -0.655187 1.04394 3.89846 0.0325396 2.32622 -40.4017 -6.04875 7.75927 -6.12455 -15.6388 -0.779096 -9.8844 12.4959 2.00344e-16 -5.96451e-16 -1.2772e-14 
-0.314936 92.5807 67.3379 -8.95143 7.17713 179.953 0 5.07867 -1.15138 -3.45888 3.15197 0.522709 0 5.61661 1.07143 -2.82802 2.18614 0.200252 -1.02604e-17 5.98978 0.11501 -2.21998 1.75411 0.274493 -1.10457e-17 6.50583 -0.443523 -1.52067 0.670464 0.215605 -1.97295e-17 7.60548 -1.50593 -0.726836 -0.151994 0.252882 -2.53307e-17 9.49737 -0.914492 0.136732 -1.5097 0.0813055 -2.90401e-17 10.5513 1.57691 0.134654 0.518427 -0.234061 -1.29193e-17 4.78644 0.715339 1.21591 5.39495 -0.666817 -1.8116e-17 4.82109 0.421791 0.114866 -6.44456 -0.512151 -2.00958e-17 4.83041 0.765062 0.745736 -8.51158 3.19162 1.23299 -7.60731 7.53374 15.9164 5.36353 -4.69274 12.9547 3.2495 -3.26872 -79.7669 49.9275 7.97855 29.2081 0.0598081 0.137039 3.48065 -0.502126 -17.0054 24.234 0.0496219 0.113701 -42.4319 -70.8987 -38.719 -1.23299 -7.60729 7.53365 -21.8761 2.9371 1.09585 -12.9547 3.2495 -3.26872 80.4827 46.3212 -3.26969 -29.2081 0.0598081 0.137039 -4.04508 -0.686901 19.862 -24.234 0.0496218 0.113702 24.5106 -62.075 18.2813 9.23673 -4.20556 2.0327 -4.44478 5.17402 -0.872027 -0.852353 -38.7721 -0.655187 -0.60116 2.2451 -0.0274112 -2.32622 -40.4017 -6.04875 -3.46356 4.2347 15.5331 0.779096 -9.8844 12.4959 1.21132e-15 -7.45686e-16 -3.70285e-17 -9.23673 -4.20556 2.0327 -16.3465 0.698972 18.9804 0.852353 -38.7721 -0.655187 1.05864 3.95333 0.0324904 2.32622 -40.4017 -6.04875 7.74839 -6.11401 -15.6391 -0.779096 -9.8844 12.4959 -5.93235e-16 -5.59228e-16 -1.27472e-14 
-0.308422 92.5808 67.3342 -8.92848 7.19543 179.96 0 5.07867 -1.15138 -3.46617 3.16836 0.523139 0 5.61661 1.07143 -2.8337 2.19649 0.199757 -1.02604e-17 5.98978 0.11501 -2.2248 1.75903 0.273347 -1.10457e-17 6.50583 -0.443523 -1.52342 0.667129 0.213594 -1.97295e-17 7.60548 -1.50593 -0.728453 -0.161337 0.250919 -2.53307e-17 9.49737 -0.914492 0.136427 -1.52843 0.0798899 -2.90401e-17 10.5513 1.57691 0.135528 0.517715 -0.235762 -1.29193e-17 4.78644 0.715339 1.22339 5.44414 -0.623425 -1.8116e-17 4.82109 0.421791 0.137903 -6.46029 -0.491748 -2.00958e-17 4.83041 0.765062 0.772645 -8.55819 3.14149 1.23299 -7.60731 7.53374 16.0288 5.36128 -4.69 12.9547 3.2495 -3.26872 -79.8726 49.9304 7.99063 29.2081 0.0598081 0.137039 3.48249 -0.502681 -17.0147 24.234 0.0496219 0.113701 -42.3339 -70.9115 -38.6277 -1.23299 -7.60729 7.53365 -21.9979 2.92673 1.07731 -12.9547 3.2495 -3.26872 80.5514 46.2763 -3.19768 -29.2081 0.0598081 0.137039 -4.03782 -0.684325 19.825 -24.234 0.0496218 0.113702 24.5626 -61.9902 18.2509 9.23673 -4.20556 2.0327 -4.41519 5.2026 -0.870064 -0.852353 -38.7721 -0.655187 -0.601535 2.2465 -0.027421 -2.32622 -40.4017 -6.04875 -3.47561 4.21619 15.5407 0.779096 -9.8844 12.4959 1.61357e-15 -7.33067e-16 -4.96474e-17 -9.23673 -4.20556 2.0327 -16.315 0.671097 18.9738 0.852353 -38.7721 -0.655187 1.07434 4.01188 0.0324223 2.32622 -40.4017 -6.04875 7.76198 -6.10261 -15.6422 -0.779096 -9.8844 12.4959 -1.78438e-15 -5.09581e-16 -1.26976e-14 
-0.301848 92.5804 67.3304 -8.9081 7.20477 179.958 0 5.07867 -1.15138 -3.47081 3.17824 0.52453 0 5.61661 1.07143 -2.83781 2.20276 0.200781 -1.02604e-17 5.98978 0.11501 -2.22842 1.76209 0.2742 -1.10457e-17 6.50583 -0.443523 -1.52601 0.664572 0.214205 -1.97295e-17 7.60548 -1.50593 -0.730064 -0.167812 0.251802 -2.53307e-17 9.49737 -0.914492 0.135971 -1.54017 0.0810495 -2.90401e-17 10.5513 1.57691 0.135689 0.517155 -0.236208 -1.29193e-17 4.78644 0.715339 1.22294 5.46887 -0.619795 -1.8116e-17 4.82109 0.421791 0.143555 -6.48132 -0.490011 -2.00958e-17 4.83041 0.765062 0.832702 -8.58881 3.14907 1.23299 -7.60731 7.53374 16.1031 5.35944 -4.68811 12.9547 3.2495 -3.26872 -79.922 49.9221 7.97307 29.2081 0.0598081 0.137039 3.47551 -0.500585 -16.9796 24.234 0.0496219 0.113701 -42.3009 -70.8726 -38.5893 -1.23299 -7.60729 7.53365 -22.0293 2.92603 1.07938 -12.9547 3.2495 -3.26872 80.5564 46.2838 -3.13233 -29.2081 0.0598081 0.137039 -4.02286 -0.679032 19.7487 -24.234 0.0496218 0.113702 24.6416 -61.9657 18.3205 9.23673 -4.20556 2.0327 -4.38831 5.22331 -0.866188 -0.852353 -38.7721 -0.655187 -0.601641 2.2469 -0.0274238 -2.32622 -40.4017 -6.04875 -3.46966 4.19866 15.5425 0.779096 -9.8844 12.4959 -7.60935e-16 -8.32021e-16 4.93064e-17 -9.23673 -4.20556 2.0327 -16.2844 0.631494 18.9873 0.852353 -38.7721 -0.655187 1.09056 4.07241 0.032335 2.32622 -40.4017 -6.04875 7.75709 -6.09391 -15.6463 -0.779096 -9.8844 12.4959 1.90988e-16 -5.96013e-16 -1.27716e-14 
-0.295234 92.5797 67.3267 -8.8868 7.2108 179.95 0 5.07867 -1.15138 -3.4684 3.18803 0.527747 0 5.61661 1.07143 -2.83628 2.20923 0.204262 -1.02604e-17 5.98978 0.11501 -2.22741 1.76662 0.277883 -1.10457e-17 6.50583 -0.443523 -1.52547 0.665149 0.218124 -1.97295e-17 7.60548 -1.50593 -0.729012 -0.171051 0.255847 -2.53307e-17 9.49737 -0.914492 0.138013 -1.54417 0.0847115 -2.90401e-17 10.5513 1.57691 0.136032 0.517315 -0.235129 -1.29193e-17 4.78644 0.715339 1.21746 5.42513 -0.627754 -1.8116e-17 4.82109 0.421791 0.169007 -6.49934 -0.492998 -2.00958e-17 4.83041 0.765062 0.861165 -8.572 3.16405 1.23299 -7.60731 7.53374 16.1058 5.3676 -4.69924 12.9547 3.2495 -3.26872 -79.9311 49.9221 7.94647 29.2081 0.0598081 0.137039 3.47226 -0.499612 -16.9632 24.234 0.0496219 0.113701 -42.2043 -70.8548 -38.5038 -1.23299 -7.60729 7.53365 -21.9751 2.93747 1.10382 -12.9547 3.2495 -3.26872 80.3798 46.2653 -3.03976 -29.2081 0.0598081 0.137039 -4.00947 -0.674311 19.6804 -24.234 0.0496218 0.113702 24.8238 -61.9576 18.4713 9.23673 -4.20556 2.0327 -4.36121 5.24903 -0.858009 -0.852353 -38.7721 -0.655187 -0.59795 2.23311 -0.0273274 -2.32622 -40.4017 -6.04875 -3.4796 4.17823 15.5471 0.779096 -9.8844 12.4959 -7.70291e-16 -8.32411e-16 4.96962e-17 -9.23673 -4.20556 2.0327 -16.2562 0.591525 19.0114 0.852353 -38.7721 -0.655187 1.10374 4.12159 0.0322514 2.32622 -40.4017 -6.04875 7.77684 -6.08812 -15.6475 -0.779096 -9.8844 12.4959 -9.89246e-16 -5.46853e-16 -1.27224e-14 
-0.287498 92.5784 67.3228 -8.84685 7.2138 179.926 0 5.07867 -1.15138 -3.46639 3.19227 0.534833 0 5.61661 1.07143 -2.8356 2.21215 0.211534 -1.02604e-17 5.98978 0.11501 -2.22711 1.76982 0.285117 -1.10457e-17 6.50583 -0.443523 -1.52602 0.667562 0.225629 -1.97295e-17 7.60548 -1.50593 -0.728447 -0.170209 0.263676 -2.53307e-17 9.49737 -0.914492 0.140528 -1.54023 0.0920862 -2.90401e-17 10.5513 1.57691 0.13567 0.516895 -0.234157 -1.29193e-17 4.78644 0.715339 1.21282 5.36108 -0.67316 -1.8116e-17 4.82109 0.421791 0.170121 -6.5092 -0.513718 -2.00958e-17 4.83041 0.765062 0.92879 -8.53395 3.22321 1.23299 -7.60731 7.53374 16.0623 5.38112 -4.74294 12.9547 3.2495 -3.26872 -79.7453 49.8906 7.9391 29.2081 0.0598081 0.137039 3.4653 -0.497532 -16.9283 24.234 0.0496219 0.113701 -42.5304 -70.7597 -38.7721 -1.23299 -7.60729 7.53365 -21.8854 2.95315 1.14407 -12.9547 3.2495 -3.26872 80.2325 46.3536 -2.97174 -29.2081 0.0598081 0.137039 -3.99776 -0.670198 19.6207 -24.234 0.0496218 0.113702 25.0016 -62.065 18.684 9.23673 -4.20556 2.0327 -4.31348 5.26353 -0.84302 -0.852353 -38.7721 -0.655187 -0.599465 2.23877 -0.027367 -2.32622 -40.4017 -6.04875 -3.46447 4.14263 15.5456 0.779096 -9.8844 12.4959 2.7938e-15 -6.71532e-16 -1.11183e-16 -9.23673 -4.20556 2.0327 -16.2038 0.549255 19.0387 0.852353 -38.7721 -0.655187 1.11458 4.16202 0.0321741 2.32622 -40.4017 -6.04875 7.76749 -6.0686 -15.6504 -0.779096 -9.8844 12.4959 -1.38993e-15 -5.34283e-16 -1.27098e-14 
-0.281943 92.5772 67.318 -8.81426 7.21701 179.926 0 5.07867 -1.15138 -3.46418 3.19202 0.537963 0 5.61661 1.07143 -2.83378 2.2131 0.214527 -1.02604e-17 5.98978 0.11501 -2.22512 1.77261 0.288194 -1.10457e-17 6.50583 -0.443523 -1.52442 0.672266 0.228841 -1.97295e-17 7.60548 -1.50593 -0.726249 -0.165069 0.266929 -2.53307e-17 9.49737 -0.914492 0.143298 -1.53214 0.0937497 -2.90401e-17 10.5513 1.57691 0.136062 0.517088 -0.233383 -1.29193e-17 4.78644 0.715339 1.21068 5.33746 -0.673405 -1.8116e-17 4.82109 0.421791 0.19141 -6.51292 -0.513797 -2.00958e-17 4.83041 0.765062 0.93713 -8.51625 3.2106 1.23299 -7.60731 7.53374 16.0259 5.39324 -4.77232 12.9547 3.2495 -3.26872 -79.6625 49.9806 7.92151 29.2081 0.0598081 0.137039 3.46554 -0.497603 -16.9295 24.234 0.0496219 0.113701 -42.7498 -70.8153 -38.9838 -1.23299 -7.60729 7.53365 -21.803 2.95634 1.16956 -12.9547 3.2495 -3.26872 80.0975 46.3823 -2.87582 -29.2081 0.0598081 0.137039 -3.98968 -0.667368 19.5795 -24.234 0.0496218 0.113702 25.0462 -62.1311 18.7124 9.23673 -4.20556 2.0327 -4.27641 5.28229 -0.842513 -0.852353 -38.7721 -0.655187 -0.598513 2.23521 -0.0273421 -2.32622 -40.4017 -6.04875 -3.44384 4.11686 15.5434 0.779096 -9.8844 12.4959 -3.60209e-16 -8.07025e-16 2.43105e-17 -9.23673 -4.20556 2.0327 -16.1577 0.508234 19.0658 0.852353 -38.7721 -0.655187 1.129 4.2158 0.0320595 2.32622 -40.4017 -6.04875 7.7293 -6.04423 -15.6508 -0.779096 -9.8844 12.4959 -5.99482e-16 -5.58984e-16 -1.27469e-14 
-0.275638 92.5761 67.3129 -8.79289 7.22301 179.919 0 5.07867 -1.15138 -3.47601 3.18808 0.540497 0 5.61661 1.07143 -2.84306 2.21162 0.214425 -1.02604e-17 5.98978 0.11501 -2.23135 1.77245 0.287558 -1.10457e-17 6.50583 -0.443523 -1.52807 0.673072 0.227595 -1.97295e-17 7.60548 -1.50593 -0.727465 -0.163273 0.266499 -2.53307e-17 9.49737 -0.914492 0.144035 -1.5311 0.091805 -2.90401e-17 10.5513 1.57691 0.135677 0.518355 -0.235102 -1.29193e-17 4.78644 0.715339 1.21596 5.40831 -0.665489 -1.8116e-17 4.82109 0.421791 0.192898 -6.50547 -0.510615 -2.00958e-17 4.83041 0.765062 0.995064 -8.5626 3.21216 1.23299 -7.60731 7.53374 16.0676 5.38999 -4.7686 12.9547 3.2495 -3.26872 -79.6256 50.031 7.93392 29.2081 0.0598081 0.137039 3.46181 -0.496489 -16.9108 24.234 0.0496219 0.113701 -42.9998 -70.8234 -39.182 -1.23299 -7.60729 7.53365 -21.8057 2.94127 1.15254 -12.9547 3.2495 -3.26872 80.2592 46.4606 -2.79824 -29.2081 0.0598081 0.137039 -3.9809 -0.664299 19.5348 -24.234 0.0496218 0.113702 24.7545 -62.1899 18.475 9.23673 -4.20556 2.0327 -4.24968 5.29995 -0.842213 -0.852353 -38.7721 -0.655187 -0.598604 2.23555 -0.0273445 -2.32622 -40.4017 -6.04875 -3.40661 4.10564 15.5349 0.779096 -9.8844 12.4959 -2.35275e-15 -8.94189e-16 1.11474e-16 -9.23673 -4.20556 2.0327 -16.1257 0.477577 19.066 0.852353 -38.7721 -0.655187 1.13946 4.2548 0.0319679 2.32622 -40.4017 -6.04875 7.71954 -6.032 -15.6516 -0.779096 -9.8844 12.4959 -9.92359e-16 -5.46707e-16 -1.27223e-14 
-0.269244 92.5749 67.308 -8.76881 7.23216 179.905 0 5.07867 -1.15138 -3.47941 3.20793 0.534823 0 5.61661 1.07143 -2.844 2.22467 0.207356 -1.02604e-17 5.98978 0.11501 -2.23128 1.77757 0.279763 -1.10457e-17 6.50583 -0.443523 -1.52606 0.666832 0.218808 -1.97295e-17 7.60548 -1.50593 -0.725726 -0.177113 0.257155 -2.53307e-17 9.49737 -0.914492 0.144229 -1.55396 0.0816721 -2.90401e-17 10.5513 1.57691 0.136325 0.518631 -0.236755 -1.29193e-17 4.78644 0.715339 1.22515 5.44854 -0.622074 -1.8116e-17 4.82109 0.421791 0.214894 -6.4915 -0.490278 -2.00958e-17 4.83041 0.765062 0.983028 -8.56514 3.18707 1.23299 -7.60731 7.53374 16.1394 5.4047 -4.78104 12.9547 3.2495 -3.26872 -79.7337 50.1067 8.0153 29.2081 0.0598081 0.137039 3.46456 -0.49731 -16.9246 24.234 0.0496219 0.113701 -43.2967 -70.9053 -39.485 -1.23299 -7.60729 7.53365 -21.8914 2.9376 1.1502 -12.9547 3.2495 -3.26872 80.2839 46.4548 -2.70983 -29.2081 0.0598081 0.137039 -3.97463 -0.662112 19.5028 -24.234 0.0496218 0.113702 24.7853 -62.1383 18.4551 9.23673 -4.20556 2.0327 -4.22264 5.32988 -0.815303 -0.852353 -38.7721 -0.655187 -0.595066 2.22233 -0.0272514 -2.32622 -40.4017 -6.04875 -3.41274 4.08344 15.5397 0.779096 -9.8844 12.4959 -1.56856e-15 -8.69781e-16 8.7066e-17 -9.23673 -4.20556 2.0327 -16.0929 0.43773 19.088 0.852353 -38.7721 -0.655187 1.15375 4.3081 0.0318311 2.32622 -40.4017 -6.04875 7.72614 -6.0239 -15.652 -0.779096 -9.8844 12.4959 -1.78593e-15 -5.09532e-16 -1.26975e-14 
-0.263635 92.5721 67.303 -8.75823 7.21384 179.892 0 5.07867 -1.15138 -3.49457 3.22273 0.530069 0 5.61661 1.07143 -2.85624 2.23123 0.200729 -1.02604e-17 5.98978 0.11501 -2.24132 1.77238 0.272059 -1.10457e-17 6.50583 -0.443523 -1.53237 0.645403 0.209604 -1.97295e-17 7.60548 -1.50593 -0.730402 -0.205747 0.247584 -2.53307e-17 9.49737 -0.914492 0.140442 -1.60026 0.0738985 -2.90401e-17 10.5513 1.57691 0.137254 0.519759 -0.241188 -1.29193e-17 4.78644 0.715339 1.24835 5.58775 -0.587719 -1.8116e-17 4.82109 0.421791 0.208172 -6.46775 -0.47463 -2.00958e-17 4.83041 0.765062 1.02211 -8.62845 3.18105 1.23299 -7.60731 7.53374 16.2857 5.41148 -4.78981 12.9547 3.2495 -3.26872 -79.905 50.1746 8.15147 29.2081 0.0598081 0.137039 3.46298 -0.496837 -16.9166 24.234 0.0496219 0.113701 -43.6138 -70.9461 -39.7946 -1.23299 -7.60729 7.53365 -22.2006 2.91948 1.09504 -12.9547 3.2495 -3.26872 80.6417 46.6358 -2.74399 -29.2081 0.0598081 0.137039 -3.9762 -0.662659 19.5108 -24.234 0.0496218 0.113702 24.8568 -62.1714 18.5263 9.23673 -4.20556 2.0327 -4.21088 5.32747 -0.795252 -0.852353 -38.7721 -0.655187 -0.59281 2.2139 -0.0271916 -2.32622 -40.4017 -6.04875 -3.36764 4.07431 15.529 0.779096 -9.8844 12.4959 1.99862e-15 -7.08806e-16 -7.39089e-17 -9.23673 -4.20556 2.0327 -16.0755 0.385736 19.0976 0.852353 -38.7721 -0.655187 1.16233 4.34009 0.0317427 2.32622 -40.4017 -6.04875 7.73517 -6.03178 -15.6518 -0.779096 -9.8844 12.4959 -1.78906e-15 -5.09386e-16 -1.26974e-14 
-0.257049 92.5712 67.2987 -8.75173 7.21679 179.873 0 5.07867 -1.15138 -3.50769 3.25071 0.528576 0 5.61661 1.07143 -2.86754 2.24704 0.197728 -1.02604e-17 5.98978 0.11501 -2.25095 1.77564 0.267816 -1.10457e-17 6.50583 -0.443523 -1.53881 0.629466 0.20412 -1.97295e-17 7.60548 -1.50593 -0.734531 -0.229868 0.241943 -2.53307e-17 9.49737 -0.914492 0.1386 -1.63932 0.069912 -2.90401e-17 10.5513 1.57691 0.138534 0.520897 -0.245029 -1.29193e-17 4.78644 0.715339 1.27218 5.69298 -0.57117 -1.8116e-17 4.82109 0.421791 0.231883 -6.46467 -0.466022 -2.00958e-17 4.83041 0.765062 1.01649 -8.66247 3.1799 1.23299 -7.60731 7.53374 16.372 5.42303 -4.81152 12.9547 3.2495 -3.26872 -80.0026 50.2146 8.26289 29.2081 0.0598081 0.137039 3.46785 -0.498292 -16.9411 24.234 0.0496219 0.113701 -43.884 -70.9943 -40.0601 -1.23299 -7.60729 7.53365 -22.4802 2.90612 1.04291 -12.9547 3.2495 -3.26872 80.8938 46.7461 -2.77466 -29.2081 0.0598081 0.137039 -3.99061 -0.667694 19.5842 -24.234 0.0496218 0.113702 24.928 -62.183 18.5502 9.23673 -4.20556 2.0327 -4.20016 5.34634 -0.778857 -0.852353 -38.7721 -0.655187 -0.590092 2.20375 -0.0271192 -2.32622 -40.4017 -6.04875 -3.37646 4.0664 15.5325 0.779096 -9.8844 12.4959 1.22068e-15 -7.45296e-16 -3.74188e-17 -9.23673 -4.20556 2.0327 -16.0613 0.340131 19.1363 0.852353 -38.7721 -0.655187 1.17509 4.38766 0.0316022 2.32622 -40.4017 -6.04875 7.75357 -6.0339 -15.6506 -0.779096 -9.8844 12.4959 -1.39306e-15 -5.34136e-16 -1.27097e-14 
-0.252317 92.5701 67.2941 -8.73955 7.21074 179.875 0 5.07867 -1.15138 -3.51126 3.25606 0.526834 0 5.61661 1.07143 -2.8708 2.25122 0.195532 -1.02604e-17 5.98978 0.11501 -2.25441 1.77836 0.264659 -1.10457e-17 6.50583 -0.443523 -1.54165 0.629833 0.200281 -1.97295e-17 7.60548 -1.50593 -0.737862 -0.228168 0.238125 -2.53307e-17 9.49737 -0.914492 0.134452 -1.63962 0.0676393 -2.90401e-17 10.5513 1.57691 0.138535 0.519514 -0.246455 -1.29193e-17 4.78644 0.715339 1.27445 5.73586 -0.574478 -1.8116e-17 4.82109 0.421791 0.219073 -6.45505 -0.46804 -2.00958e-17 4.83041 0.765062 1.06505 -8.68145 3.19053 1.23299 -7.60731 7.53374 16.4078 5.42216 -4.81959 12.9547 3.2495 -3.26872 -80.0482 50.2119 8.31309 29.2081 0.0598081 0.137039 3.48002 -0.501937 -17.0022 24.234 0.0496219 0.113701 -43.9053 -71.0402 -40.0747 -1.23299 -7.60729 7.53365 -22.5784 2.89323 1.0276 -12.9547 3.2495 -3.26872 80.9541 46.7776 -2.75599 -29.2081 0.0598081 0.137039 -4.00215 -0.671739 19.6431 -24.234 0.0496218 0.113702 24.933 -62.2038 18.5219 9.23673 -4.20556 2.0327 -4.18136 5.34419 -0.772065 -0.852353 -38.7721 -0.655187 -0.593697 2.21722 -0.0272152 -2.32622 -40.4017 -6.04875 -3.38276 4.0452 15.5369 0.779096 -9.8844 12.4959 -3.66465e-16 -8.07318e-16 2.46037e-17 -9.23673 -4.20556 2.0327 -16.0411 0.285411 19.1478 0.852353 -38.7721 -0.655187 1.19215 4.45128 0.0313977 2.32622 -40.4017 -6.04875 7.77074 -6.03889 -15.6543 -0.779096 -9.8844 12.4959 -1.7875e-15 -5.09483e-16 -1.26974e-14 
-0.247504 92.5702 67.2901 -8.72197 7.21681 179.88 0 5.07867 -1.15138 -3.50822 3.26926 0.522727 0 5.61661 1.07143 -2.86832 2.25958 0.192528 -1.02604e-17 5.98978 0.11501 -2.25351 1.77787 0.262217 -1.10457e-17 6.50583 -0.443523 -1.54117 0.616243 0.197346 -1.97295e-17 7.60548 -1.50593 -0.738937 -0.24534 0.234468 -2.53307e-17 9.49737 -0.914492 0.131586 -1.67009 0.0649563 -2.90401e-17 10.5513 1.57691 0.139717 0.522072 -0.247753 -1.29193e-17 4.78644 0.715339 1.28203 5.81372 -0.491319 -1.8116e-17 4.82109 0.421791 0.245444 -6.40939 -0.429599 -2.00958e-17 4.83041 0.765062 1.02609 -8.70248 3.08557 1.23299 -7.60731 7.53374 16.5403 5.41839 -4.77924 12.9547 3.2495 -3.26872 -80.4453 50.2719 8.36363 29.2081 0.0598081 0.137039 3.49237 -0.505651 -17.0643 24.234 0.0496219 0.113701 -43.2807 -71.1806 -39.5327 -1.23299 -7.60729 7.53365 -22.802 2.88153 0.967178 -12.9547 3.2495 -3.26872 81.1425 46.8686 -2.79484 -29.2081 0.0598081 0.137039 -4.01972 -0.677921 19.7326 -24.234 0.0496218 0.113702 24.926 -62.2175 18.4474 9.23673 -4.20556 2.0327 -4.15991 5.35877 -0.769103 -0.852353 -38.7721 -0.655187 -0.594237 2.21924 -0.0272295 -2.32622 -40.4017 -6.04875 -3.36251 4.03798 15.5337 0.779096 -9.8844 12.4959 -1.56074e-15 -8.69439e-16 8.67239e-17 -9.23673 -4.20556 2.0327 -16.0116 0.255191 19.1651 0.852353 -38.7721 -0.655187 1.20355 4.49378 0.0312505 2.32622 -40.4017 -6.04875 7.73408 -6.0154 -15.6544 -0.779096 -9.8844 12.4959 -2.05041e-16 -5.83637e-16 -1.27592e-14 
-0.243141 92.5724 67.2862 -8.727 7.24737 179.895 0 5.07867 -1.15138 -3.50844 3.30362 0.525749 0 5.61661 1.07143 -2.86987 2.28111 0.196032 -1.02604e-17 5.98978 0.11501 -2.25615 1.78738 0.265567 -1.10457e-17 6.50583 -0.443523 -1.54425 0.604556 0.200607 -1.97295e-17 7.60548 -1.50593 -0.74158 -0.265959 0.237975 -2.53307e-17 9.49737 -0.914492 0.130236 -1.69892 0.0698017 -2.90401e-17 10.5513 1.57691 0.138985 0.52496 -0.248074 -1.29193e-17 4.78644 0.715339 1.28608 5.84709 -0.561901 -1.8116e-17 4.82109 0.421791 0.24707 -6.3783 -0.461201 -2.00958e-17 4.83041 0.765062 1.05307 -8.6639 3.14836 1.23299 -7.60731 7.53374 16.5829 5.42228 -4.77071 12.9547 3.2495 -3.26872 -80.4787 50.1044 8.38731 29.2081 0.0598081 0.137039 3.48943 -0.504766 -17.0495 24.234 0.0496219 0.113701 -43.0294 -70.9799 -39.2249 -1.23299 -7.60729 7.53365 -22.9029 2.89321 0.939077 -12.9547 3.2495 -3.26872 81.2781 46.9202 -2.8789 -29.2081 0.0598081 0.137039 -4.03309 -0.68265 19.8008 -24.234 0.0496218 0.113702 24.8902 -62.2635 18.4181 9.23673 -4.20556 2.0327 -4.15441 5.39427 -0.776893 -0.852353 -38.7721 -0.655187 -0.5953 2.22321 -0.0272576 -2.32622 -40.4017 -6.04875 -3.39741 4.04677 15.5404 0.779096 -9.8844 12.4959 -1.56543e-15 -8.69683e-16 8.69683e-17 -9.23673 -4.20556 2.0327 -16.0109 0.243713 19.1709 0.852353 -38.7721 -0.655187 1.21874 4.55043 0.0310411 2.32622 -40.4017 -6.04875 7.77772 -6.01586 -15.6595 -0.779096 -9.8844 12.4959 -9.90795e-16 -5.46804e-16 -1.27224e-14 
-0.238149 92.5728 67.2818 -8.72164 7.25966 179.897 0 5.07867 -1.15138 -3.51189 3.33414 0.528672 0 5.61661 1.07143 -2.87358 2.30034 0.19904 -1.02604e-17 5.98978 0.11501 -2.25992 1.79587 0.268479 -1.10457e-17 6.50583 -0.443523 -1.54754 0.593653 0.203398 -1.97295e-17 7.60548 -1.50593 -0.74366 -0.285527 0.241059 -2.53307e-17 9.49737 -0.914492 0.129854 -1.72717 0.073349 -2.90401e-17 10.5513 1.57691 0.139297 0.527103 -0.247954 -1.29193e-17 4.78644 0.715339 1.28842 5.87766 -0.561987 -1.8116e-17 4.82109 0.421791 0.264299 -6.35397 -0.461046 -2.00958e-17 4.83041 0.765062 1.06378 -8.62194 3.13574 1.23299 -7.60731 7.53374 16.6368 5.43238 -4.76367 12.9547 3.2495 -3.26872 -80.5538 50.0595 8.41836 29.2081 0.0598081 0.137039 3.49056 -0.505105 -17.0552 24.234 0.0496219 0.113701 -42.8751 -70.9098 -39.0809 -1.23299 -7.60729 7.53365 -22.9604 2.90639 0.927036 -12.9547 3.2495 -3.26872 81.3421 46.8644 -2.92692 -29.2081 0.0598081 0.137039 -4.03824 -0.684473 19.8271 -24.234 0.0496218 0.113702 24.9139 -62.2092 18.4194 9.23673 -4.20556 2.0327 -4.14248 5.41083 -0.774965 -0.852353 -38.7721 -0.655187 -0.598257 2.23426 -0.0273354 -2.32622 -40.4017 -6.04875 -3.40902 4.03888 15.5457 0.779096 -9.8844 12.4959 1.85921e-17 -7.95432e-16 1.27173e-17 -9.23673 -4.20556 2.0327 -15.9949 0.21908 19.19 0.852353 -38.7721 -0.655187 1.23017 4.59303 0.0308737 2.32622 -40.4017 -6.04875 7.75984 -6.00425 -15.6617 -0.779096 -9.8844 12.4959 -1.78593e-15 -5.09532e-16 -1.26975e-14 
-0.232422 92.5727 67.2777 -8.71623 7.27188 179.9 0 5.07867 -1.15138 -3.48816 3.35394 0.530597 0 5.61661 1.07143 -2.85534 2.31301 0.206979 -1.02604e-17 5.98978 0.11501 -2.24832 1.80085 0.277835 -1.10457e-17 6.50583 -0.443523 -1.54129 0.586902 0.212894 -1.97295e-17 7.60548 -1.50593 -0.74192 -0.296696 0.24962 -2.53307e-17 9.49737 -0.914492 0.127988 -1.74877 0.0826542 -2.90401e-17 10.5513 1.57691 0.140362 0.527015 -0.245229 -1.29193e-17 4.78644 0.715339 1.26792 5.86788 -0.552364 -1.8116e-17 4.82109 0.421791 0.254038 -6.30978 -0.458415 -2.00958e-17 4.83041 0.765062 1.03478 -8.56515 3.07462 1.23299 -7.60731 7.53374 16.8303 5.43325 -4.73183 12.9547 3.2495 -3.26872 -80.8981 50.1122 8.44557 29.2081 0.0598081 0.137039 3.50613 -0.509804 -17.1334 24.234 0.0496219 0.113701 -42.4881 -70.9152 -38.7387 -1.23299 -7.60729 7.53365 -23.0218 2.92337 0.925469 -12.9547 3.2495 -3.26872 81.2228 46.7854 -2.96781 -29.2081 0.0598081 0.137039 -4.04469 -0.686765 19.86 -24.234 0.0496218 0.113702 25.1536 -62.1693 18.5588 9.23673 -4.20556 2.0327 -4.12729 5.41612 -0.75897 -0.852353 -38.7721 -0.655187 -0.606747 2.26597 -0.0275556 -2.32622 -40.4017 -6.04875 -3.43749 4.02151 15.556 0.779096 -9.8844 12.4959 4.20853e-16 -7.82763e-16 4.88751e-20 -9.23673 -4.20556 2.0327 -15.9795 0.180241 19.1982 0.852353 -38.7721 -0.655187 1.24858 4.66164 0.030586 2.32622 -40.4017 -6.04875 7.75119 -6.00045 -15.6633 -0.779096 -9.8844 12.4959 -1.39306e-15 -5.34136e-16 -1.27097e-14 
-0.225291 92.5714 67.2734 -8.70974 7.27495 179.882 0 5.07867 -1.15138 -3.48079 3.37401 0.536087 0 5.61661 1.07143 -2.85028 2.32546 0.214601 -1.02604e-17 5.98978 0.11501 -2.24525 1.80606 0.286076 -1.10457e-17 6.50583 -0.443523 -1.54046 0.577758 0.221732 -1.97295e-17 7.60548 -1.50593 -0.741359 -0.310308 0.258476 -2.53307e-17 9.49737 -0.914492 0.128845 -1.76458 0.0912429 -2.90401e-17 10.5513 1.57691 0.139499 0.528719 -0.24272 -1.29193e-17 4.78644 0.715339 1.25657 5.82698 -0.603942 -1.8116e-17 4.82109 0.421791 0.244017 -6.26886 -0.482582 -2.00958e-17 4.83041 0.765062 1.06317 -8.47251 3.11838 1.23299 -7.60731 7.53374 16.8824 5.44449 -4.72693 12.9547 3.2495 -3.26872 -80.9688 50.0247 8.50143 29.2081 0.0598081 0.137039 3.51518 -0.512547 -17.1789 24.234 0.0496219 0.113701 -42.3199 -70.797 -38.5632 -1.23299 -7.60729 7.53365 -22.9765 2.9536 0.944363 -12.9547 3.2495 -3.26872 81.1994 46.8448 -3.05056 -29.2081 0.0598081 0.137039 -4.05238 -0.689501 19.8993 -24.234 0.0496218 0.113702 25.1963 -62.2556 18.6678 9.23673 -4.20556 2.0327 -4.11075 5.42027 -0.748726 -0.852353 -38.7721 -0.655187 -0.611488 2.28368 -0.0276765 -2.32622 -40.4017 -6.04875 -3.43544 4.00597 15.5549 0.779096 -9.8844 12.4959 -1.1616e-15 -8.4459e-16 6.18758e-17 -9.23673 -4.20556 2.0327 -15.9627 0.139374 19.23 0.852353 -38.7721 -0.655187 1.26087 4.70745 0.0303817 2.32622 -40.4017 -6.04875 7.75666 -6.00353 -15.6645 -0.779096 -9.8844 12.4959 -9.95487e-16 -5.46609e-16 -1.27222e-14 
-0.220222 92.5682 67.2682 -8.6908 7.25065 179.883 0 5.07867 -1.15138 -3.4779 3.37755 0.538553 0 5.61661 1.07143 -2.84808 2.32746 0.217954 -1.02604e-17 5.98978 0.11501 -2.24333 1.80595 0.28968 -1.10457e-17 6.50583 -0.443523 -1.53909 0.572593 0.225702 -1.97295e-17 7.60548 -1.50593 -0.739414 -0.315684 0.262485 -2.53307e-17 9.49737 -0.914492 0.131316 -1.76949 0.0943486 -2.90401e-17 10.5513 1.57691 0.139579 0.530156 -0.241003 -1.29193e-17 4.78644 0.715339 1.25311 5.79748 -0.622487 -1.8116e-17 4.82109 0.421791 0.271086 -6.23466 -0.490645 -2.00958e-17 4.83041 0.765062 1.06182 -8.40454 3.1322 1.23299 -7.60731 7.53374 16.8856 5.45397 -4.71355 12.9547 3.2495 -3.26872 -80.9898 49.9879 8.5227 29.2081 0.0598081 0.137039 3.52463 -0.51542 -17.2265 24.234 0.0496219 0.113701 -42.1336 -70.756 -38.3967 -1.23299 -7.60729 7.53365 -22.927 2.97224 0.949895 -12.9547 3.2495 -3.26872 81.1309 46.7993 -3.06237 -29.2081 0.0598081 0.137039 -4.05868 -0.691747 19.9315 -24.234 0.0496218 0.113702 25.2258 -62.2536 18.6777 9.23673 -4.20556 2.0327 -4.08646 5.40441 -0.744736 -0.852353 -38.7721 -0.655187 -0.614063 2.2933 -0.0277416 -2.32622 -40.4017 -6.04875 -3.43828 3.96778 15.5584 0.779096 -9.8844 12.4959 -1.95987e-15 -8.8196e-16 9.92457e-17 -9.23673 -4.20556 2.0327 -15.9361 0.0773656 19.2469 0.852353 -38.7721 -0.655187 1.27363 4.75501 0.0301591 2.32622 -40.4017 -6.04875 7.75615 -6.00832 -15.6632 -0.779096 -9.8844 12.4959 -5.97918e-16 -5.59033e-16 -1.2747e-14 
-0.215569 92.5655 67.2625 -8.68671 7.22918 179.889 0 5.07867 -1.15138 -3.47495 3.36406 0.537854 0 5.61661 1.07143 -2.84557 2.31918 0.217484 -1.02604e-17 5.98978 0.11501 -2.24151 1.80066 0.289183 -1.10457e-17 6.50583 -0.443523 -1.53803 0.573147 0.225184 -1.97295e-17 7.60548 -1.50593 -0.739557 -0.31065 0.261984 -2.53307e-17 9.49737 -0.914492 0.1297 -1.76095 0.0941403 -2.90401e-17 10.5513 1.57691 0.138904 0.52982 -0.240027 -1.29193e-17 4.78644 0.715339 1.24589 5.76934 -0.622723 -1.8116e-17 4.82109 0.421791 0.258745 -6.17799 -0.491468 -2.00958e-17 4.83041 0.765062 1.08058 -8.3455 3.14073 1.23299 -7.60731 7.53374 16.8756 5.45648 -4.70276 12.9547 3.2495 -3.26872 -81.0252 49.9228 8.57354 29.2081 0.0598081 0.137039 3.53582 -0.518832 -17.2828 24.234 0.0496219 0.113701 -41.907 -70.7184 -38.1848 -1.23299 -7.60729 7.53365 -22.8866 2.97817 0.956284 -12.9547 3.2495 -3.26872 81.0936 46.8008 -3.07733 -29.2081 0.0598081 0.137039 -4.06516 -0.694059 19.9645 -24.234 0.0496218 0.113702 25.2033 -62.2764 18.6558 9.23673 -4.20556 2.0327 -4.07443 5.38581 -0.745559 -0.852353 -38.7721 -0.655187 -0.618189 2.30872 -0.027845 -2.32622 -40.4017 -6.04875 -3.44191 3.94101 15.5601 0.779096 -9.8844 12.4959 -1.963e-15 -8.82107e-16 9.93923e-17 -9.23673 -4.20556 2.0327 -15.9233 0.0313089 19.2334 0.852353 -38.7721 -0.655187 1.28175 4.78525 0.030012 2.32622 -40.4017 -6.04875 7.7375 -6.0139 -15.6622 -0.779096 -9.8844 12.4959 -1.38836e-15 -5.34332e-16 -1.27099e-14 
-0.210226 92.5649 67.2566 -8.68669 7.2291 179.889 0 5.07867 -1.15138 -3.46968 3.36573 0.535411 0 5.61661 1.07143 -2.84189 2.31838 0.217193 -1.02604e-17 5.98978 0.11501 -2.24004 1.79282 0.289927 -1.10457e-17 6.50583 -0.443523 -1.53757 0.556779 0.22573 -1.97295e-17 7.60548 -1.50593 -0.740417 -0.329197 0.261545 -2.53307e-17 9.49737 -0.914492 0.128167 -1.79368 0.0952611 -2.90401e-17 10.5513 1.57691 0.140644 0.532009 -0.240975 -1.29193e-17 4.78644 0.715339 1.25656 5.83968 -0.520321 -1.8116e-17 4.82109 0.421791 0.296911 -6.11739 -0.443702 -2.00958e-17 4.83041 0.765062 0.998529 -8.33426 3.01115 1.23299 -7.60731 7.53374 16.9998 5.45144 -4.65849 12.9547 3.2495 -3.26872 -81.4582 49.9664 8.62165 29.2081 0.0598081 0.137039 3.54285 -0.520981 -17.3181 24.234 0.0496219 0.113701 -41.0816 -70.8244 -37.4671 -1.23299 -7.60729 7.53365 -23.1453 2.97168 0.888214 -12.9547 3.2495 -3.26872 81.2771 46.9031 -3.16794 -29.2081 0.0598081 0.137039 -4.07864 -0.698886 20.0334 -24.234 0.0496218 0.113702 25.3727 -62.2716 18.7382 9.23673 -4.20556 2.0327 -4.07238 5.39483 -0.741094 -0.852353 -38.7721 -0.655187 -0.617753 2.30709 -0.0278341 -2.32622 -40.4017 -6.04875 -3.42915 3.94413 15.5584 0.779096 -9.8844 12.4959 1.70045e-17 -7.95482e-16 1.27672e-17 -9.23673 -4.20556 2.0327 -15.912 0.00299569 19.2473 0.852353 -38.7721 -0.655187 1.28994 4.81579 0.0298591 2.32622 -40.4017 -6.04875 7.68919 -6.00065 -15.6583 -0.779096 -9.8844 12.4959 -1.78749e-15 -5.09484e-16 -1.26974e-14 
-0.205612 92.5631 67.2506 -8.67993 7.21086 179.888 0 5.07867 -1.15138 -3.45737 3.3778 0.540757 0 5.61661 1.07143 -2.83395 2.3231 0.225892 -1.02604e-17 5.98978 0.11501 -2.23606 1.79047 0.29874 -1.10457e-17 6.50583 -0.443523 -1.53706 0.542776 0.23479 -1.97295e-17 7.60548 -1.50593 -0.741403 -0.3458 0.270133 -2.53307e-17 9.49737 -0.914492 0.127232 -1.8163 0.10611 -2.90401e-17 10.5513 1.57691 0.139851 0.533731 -0.24109 -1.29193e-17 4.78644 0.715339 1.2612 5.87886 -0.593206 -1.8116e-17 4.82109 0.421791 0.28811 -6.09173 -0.47621 -2.00958e-17 4.83041 0.765062 1.01898 -8.30216 3.0761 1.23299 -7.60731 7.53374 17.0316 5.44086 -4.63487 12.9547 3.2495 -3.26872 -81.4933 49.7721 8.62511 29.2081 0.0598081 0.137039 3.53403 -0.518285 -17.2738 24.234 0.0496219 0.113701 -40.6843 -70.562 -37.031 -1.23299 -7.60729 7.53365 -23.2745 2.9856 0.84338 -12.9547 3.2495 -3.26872 81.4708 46.9933 -3.31336 -29.2081 0.0598081 0.137039 -4.08896 -0.702597 20.0861 -24.234 0.0496218 0.113702 25.4296 -62.3246 18.8517 9.23673 -4.20556 2.0327 -4.05773 5.38148 -0.73115 -0.852353 -38.7721 -0.655187 -0.62079 2.31843 -0.0279096 -2.32622 -40.4017 -6.04875 -3.4441 3.91956 15.5623 0.779096 -9.8844 12.4959 8.16849e-16 -7.58014e-16 -2.4701e-17 -9.23673 -4.20556 2.0327 -15.905 -0.0463322 19.2405 0.852353 -38.7721 -0.655187 1.2997 4.85215 0.0296714 2.32622 -40.4017 -6.04875 7.76509 -6.02417 -15.6595 -0.779096 -9.8844 12.4959 -6.0106e-16 -5.58886e-16 -1.27469e-14 
-0.202305 92.5613 67.2445 -8.69175 7.1956 179.904 0 5.07867 -1.15138 -3.45615 3.3944 0.545355 0 5.61661 1.07143 -2.83495 2.33069 0.23221 -1.02604e-17 5.98978 0.11501 -2.2383 1.78944 0.30525 -1.10457e-17 6.50583 -0.443523 -1.5401 0.526874 0.241564 -1.97295e-17 7.60548 -1.50593 -0.743392 -0.366588 0.276954 -2.53307e-17 9.49737 -0.914492 0.12755 -1.84493 0.114229 -2.90401e-17 10.5513 1.57691 0.140555 0.536091 -0.24078 -1.29193e-17 4.78644 0.715339 1.26662 5.89104 -0.612722 -1.8116e-17 4.82109 0.421791 0.307081 -6.07155 -0.484534 -2.00958e-17 4.83041 0.765062 1.00713 -8.24451 3.06786 1.23299 -7.60731 7.53374 17.0376 5.44772 -4.63291 12.9547 3.2495 -3.26872 -81.5218 49.7175 8.62401 29.2081 0.0598081 0.137039 3.53151 -0.517516 -17.2611 24.234 0.0496219 0.113701 -40.3861 -70.4503 -36.7468 -1.23299 -7.60729 7.53365 -23.3566 3.00263 0.825685 -12.9547 3.2495 -3.26872 81.5682 46.9492 -3.4287 -29.2081 0.0598081 0.137039 -4.103 -0.707657 20.1579 -24.234 0.0496218 0.113702 25.4996 -62.304 18.8805 9.23673 -4.20556 2.0327 -4.06691 5.37778 -0.736591 -0.852353 -38.7721 -0.655187 -0.619181 2.31242 -0.0278697 -2.32622 -40.4017 -6.04875 -3.44877 3.91375 15.5654 0.779096 -9.8844 12.4959 -3.68015e-16 -8.07367e-16 2.4652e-17 -9.23673 -4.20556 2.0327 -15.9118 -0.0810718 19.241 0.852353 -38.7721 -0.655187 1.30613 4.87609 0.0295444 2.32622 -40.4017 -6.04875 7.75524 -6.03364 -15.6561 -0.779096 -9.8844 12.4959 -5.96354e-16 -5.59082e-16 -1.27471e-14 
-0.199514 92.5594 67.2382 -8.68874 7.17744 179.916 0 5.07867 -1.15138 -3.45987 3.40964 0.549867 0 5.61661 1.07143 -2.8407 2.33509 0.239209 -1.02604e-17 5.98978 0.11501 -2.24555 1.78016 0.312735 -1.10457e-17 6.50583 -0.443523 -1.54704 0.497593 0.248584 -1.97295e-17 7.60548 -1.50593 -0.748416 -0.401416 0.283351 -2.53307e-17 9.49737 -0.914492 0.126658 -1.89996 0.123881 -2.90401e-17 10.5513 1.57691 0.142848 0.539688 -0.243652 -1.29193e-17 4.78644 0.715339 1.29396 5.97985 -0.584287 -1.8116e-17 4.82109 0.421791 0.332487 -6.00962 -0.470404 -2.00958e-17 4.83041 0.765062 0.995927 -8.25233 2.99417 1.23299 -7.60731 7.53374 17.1727 5.45028 -4.62997 12.9547 3.2495 -3.26872 -81.7713 49.6717 8.70416 29.2081 0.0598081 0.137039 3.533 -0.517971 -17.2686 24.234 0.0496219 0.113701 -39.8802 -70.3732 -36.28 -1.23299 -7.60729 7.53365 -23.7662 3.00138 0.736648 -12.9547 3.2495 -3.26872 81.9899 47.1433 -3.65819 -29.2081 0.0598081 0.137039 -4.13844 -0.720523 20.3392 -24.234 0.0496218 0.113702 25.7184 -62.4042 19.0175 9.23673 -4.20556 2.0327 -4.06407 5.37348 -0.743228 -0.852353 -38.7721 -0.655187 -0.6165 2.30241 -0.0278028 -2.32622 -40.4017 -6.04875 -3.41666 3.91202 15.5574 0.779096 -9.8844 12.4959 4.1928e-16 -7.82813e-16 9.80463e-20 -9.23673 -4.20556 2.0327 -15.9081 -0.111239 19.2083 0.852353 -38.7721 -0.655187 1.30938 4.8882 0.0294791 2.32622 -40.4017 -6.04875 7.78709 -6.04208 -15.6515 -0.779096 -9.8844 12.4959 -1.38836e-15 -5.34332e-16 -1.27099e-14 
-0.196517 92.5572 67.2312 -8.6847 7.15599 179.922 0 5.07867 -1.15138 -3.42902 3.40387 0.555462 0 5.61661 1.07143 -2.81779 2.33101 0.251693 -1.02604e-17 5.98978 0.11501 -2.23044 1.78121 0.326255 -1.10457e-17 6.50583 -0.443523 -1.53947 0.506428 0.263287 -1.97295e-17 7.60548 -1.50593 -0.745828 -0.384828 0.29705 -2.53307e-17 9.49737 -0.914492 0.126146 -1.87578 0.138964 -2.90401e-17 10.5513 1.57691 0.142798 0.536606 -0.240354 -1.29193e-17 4.78644 0.715339 1.2776 5.90479 -0.617009 -1.8116e-17 4.82109 0.421791 0.32505 -6.00884 -0.485633 -2.00958e-17 4.83041 0.765062 0.970432 -8.18138 2.974 1.23299 -7.60731 7.53374 17.139 5.43796 -4.62755 12.9547 3.2495 -3.26872 -81.7846 49.5615 8.63001 29.2081 0.0598081 0.137039 3.53909 -0.519831 -17.2992 24.234 0.0496219 0.113701 -39.4235 -70.2653 -35.8445 -1.23299 -7.60729 7.53365 -23.7094 3.01614 0.751059 -12.9547 3.2495 -3.26872 81.7772 47.0857 -3.75075 -29.2081 0.0598081 0.137039 -4.16059 -0.728628 20.4526 -24.234 0.0496218 0.113702 25.9553 -62.4567 19.2161 9.23673 -4.20556 2.0327 -4.05272 5.36587 -0.740675 -0.852353 -38.7721 -0.655187 -0.616061 2.30076 -0.0277918 -2.32622 -40.4017 -6.04875 -3.49118 3.86969 15.5787 0.779096 -9.8844 12.4959 -7.65584e-16 -8.32215e-16 4.95001e-17 -9.23673 -4.20556 2.0327 -15.898 -0.177975 19.2108 0.852353 -38.7721 -0.655187 1.32716 4.95446 0.0291096 2.32622 -40.4017 -6.04875 7.78772 -6.05622 -15.6519 -0.779096 -9.8844 12.4959 -2.03491e-16 -5.83734e-16 -1.27593e-14 
-0.1954 92.5537 67.2239 -8.6776 7.11642 179.939 0 5.07867 -1.15138 -3.40008 3.38419 0.562874 0 5.61661 1.07143 -2.79659 2.31779 0.265488 -1.02604e-17 5.98978 0.11501 -2.21606 1.77586 0.341691 -1.10457e-17 6.50583 -0.443523 -1.53262 0.512442 0.280507 -1.97295e-17 7.60548 -1.50593 -0.742924 -0.369078 0.31366 -2.53307e-17 9.49737 -0.914492 0.127114 -1.84775 0.156791 -2.90401e-17 10.5513 1.57691 0.142306 0.535542 -0.235391 -1.29193e-17 4.78644 0.715339 1.25572 5.77452 -0.730721 -1.8116e-17 4.82109 0.421791 0.304292 -5.98423 -0.53824 -2.00958e-17 4.83041 0.765062 0.98685 -8.0809 3.03894 1.23299 -7.60731 7.53374 17.0295 5.43305 -4.63352 12.9547 3.2495 -3.26872 -81.6714 49.4844 8.52595 29.2081 0.0598081 0.137039 3.53795 -0.519483 -17.2935 24.234 0.0496219 0.113701 -39.1099 -70.1538 -35.5457 -1.23299 -7.60729 7.53365 -23.564 3.04397 0.791305 -12.9547 3.2495 -3.26872 81.4973 47.1146 -3.85052 -29.2081 0.0598081 0.137039 -4.17516 -0.733987 20.5273 -24.234 0.0496218 0.113702 26.3006 -62.6131 19.5792 9.23673 -4.20556 2.0327 -4.04333 5.33388 -0.750369 -0.852353 -38.7721 -0.655187 -0.617509 2.30617 -0.027828 -2.32622 -40.4017 -6.04875 -3.46225 3.84082 15.5743 0.779096 -9.8844 12.4959 1.20971e-15 -7.45786e-16 -3.6929e-17 -9.23673 -4.20556 2.0327 -15.8907 -0.231715 19.1861 0.852353 -38.7721 -0.655187 1.33269 4.97505 0.0289906 2.32622 -40.4017 -6.04875 7.82615 -6.08005 -15.6539 -0.779096 -9.8844 12.4959 -1.38679e-15 -5.3443e-16 -1.271e-14 
-0.192704 92.5499 67.2163 -8.66403 7.07981 179.939 0 5.07867 -1.15138 -3.38494 3.36687 0.574585 0 5.61661 1.07143 -2.78672 2.30515 0.280914 -1.02604e-17 5.98978 0.11501 -2.20893 1.76892 0.358966 -1.10457e-17 6.50583 -0.443523 -1.52987 0.512607 0.299526 -1.97295e-17 7.60548 -1.50593 -0.739774 -0.361696 0.33283 -2.53307e-17 9.49737 -0.914492 0.132746 -1.83033 0.174575 -2.90401e-17 10.5513 1.57691 0.14218 0.537617 -0.231604 -1.29193e-17 4.78644 0.715339 1.24599 5.66094 -0.770811 -1.8116e-17 4.82109 0.421791 0.331379 -5.95095 -0.55607 -2.00958e-17 4.83041 0.765062 0.962083 -7.97621 3.01234 1.23299 -7.60731 7.53374 16.9021 5.43876 -4.64183 12.9547 3.2495 -3.26872 -81.5412 49.4075 8.44959 29.2081 0.0598081 0.137039 3.53667 -0.519091 -17.287 24.234 0.0496219 0.113701 -38.7687 -70.0549 -35.2315 -1.23299 -7.60729 7.53365 -23.4002 3.07187 0.813652 -12.9547 3.2495 -3.26872 81.3609 47.1648 -3.95853 -29.2081 0.0598081 0.137039 -4.19606 -0.741711 20.6344 -24.234 0.0496218 0.113702 26.3525 -62.7816 19.675 9.23673 -4.20556 2.0327 -4.02745 5.31268 -0.766665 -0.852353 -38.7721 -0.655187 -0.615743 2.29958 -0.0277838 -2.32622 -40.4017 -6.04875 -3.43754 3.81198 15.5686 0.779096 -9.8844 12.4959 -3.66446e-16 -8.07318e-16 2.4603e-17 -9.23673 -4.20556 2.0327 -15.8708 -0.281878 19.1768 0.852353 -38.7721 -0.655187 1.33513 4.98415 0.0289374 2.32622 -40.4017 -6.04875 7.79334 -6.07767 -15.6467 -0.779096 -9.8844 12.4959 -5.99491e-16 -5.58984e-16 -1.27469e-14 
-0.190691 92.548 67.2086 -8.65994 7.05828 179.944 0 5.07867 -1.15138 -3.37375 3.34125 0.583785 0 5.61661 1.07143 -2.77999 2.28839 0.293466 -1.02604e-17 5.98978 0.11501 -2.20482 1.76119 0.372734 -1.10457e-17 6.50583 -0.443523 -1.52915 0.518835 0.314292 -1.97295e-17 7.60548 -1.50593 -0.739187 -0.345057 0.34787 -2.53307e-17 9.49737 -0.914492 0.135001 -1.80594 0.189365 -2.90401e-17 10.5513 1.57691 0.142314 0.53756 -0.229572 -1.29193e-17 4.78644 0.715339 1.23656 5.61103 -0.800801 -1.8116e-17 4.82109 0.421791 0.34363 -5.93216 -0.569968 -2.00958e-17 4.83041 0.765062 0.962996 -7.92578 2.99806 1.23299 -7.60731 7.53374 16.8605 5.42866 -4.62939 12.9547 3.2495 -3.26872 -81.4735 49.3585 8.36489 29.2081 0.0598081 0.137039 3.53582 -0.518832 -17.2828 24.234 0.0496219 0.113701 -38.4541 -69.974 -34.9211 -1.23299 -7.60729 7.53365 -23.3404 3.07594 0.805123 -12.9547 3.2495 -3.26872 81.2856 47.2164 -4.0198 -29.2081 0.0598081 0.137039 -4.21694 -0.749473 20.7415 -24.234 0.0496218 0.113702 26.4221 -62.9167 19.7194 9.23673 -4.20556 2.0327 -4.0208 5.3041 -0.771805 -0.852353 -38.7721 -0.655187 -0.614394 2.29454 -0.0277499 -2.32622 -40.4017 -6.04875 -3.43648 3.79569 15.5691 0.779096 -9.8844 12.4959 2.00328e-15 -7.08563e-16 -7.41521e-17 -9.23673 -4.20556 2.0327 -15.8584 -0.341351 19.1689 0.852353 -38.7721 -0.655187 1.3498 5.03876 0.0286097 2.32622 -40.4017 -6.04875 7.76875 -6.08008 -15.6446 -0.779096 -9.8844 12.4959 -9.92355e-16 -5.46707e-16 -1.27223e-14 
-0.189196 92.547 67.2011 -8.63562 7.04608 179.948 0 5.07867 -1.15138 -3.35419 3.33228 0.590154 0 5.61661 1.07143 -2.76537 2.28142 0.304478 -1.02604e-17 5.98978 0.11501 -2.19474 1.75668 0.384979 -1.10457e-17 6.50583 -0.443523 -1.52378 0.518051 0.327311 -1.97295e-17 7.60548 -1.50593 -0.736018 -0.341241 0.360138 -2.53307e-17 9.49737 -0.914492 0.137623 -1.80047 0.201521 -2.90401e-17 10.5513 1.57691 0.142895 0.537951 -0.22806 -1.29193e-17 4.78644 0.715339 1.23479 5.59338 -0.802199 -1.8116e-17 4.82109 0.421791 0.356631 -5.91239 -0.57039 -2.00958e-17 4.83041 0.765062 0.936389 -7.88909 2.95705 1.23299 -7.60731 7.53374 16.858 5.42037 -4.62306 12.9547 3.2495 -3.26872 -81.4915 49.342 8.31078 29.2081 0.0598081 0.137039 3.53231 -0.51776 -17.2651 24.234 0.0496219 0.113701 -38.2043 -69.9148 -34.7013 -1.23299 -7.60729 7.53365 -23.3514 3.08483 0.791363 -12.9547 3.2495 -3.26872 81.3034 47.268 -4.12017 -29.2081 0.0598081 0.137039 -4.2317 -0.754985 20.8172 -24.234 0.0496218 0.113702 26.5403 -63.002 19.8403 9.23673 -4.20556 2.0327 -3.99596 5.30846 -0.767689 -0.852353 -38.7721 -0.655187 -0.611842 2.28501 -0.0276855 -2.32622 -40.4017 -6.04875 -3.42156 3.77302 15.5674 0.779096 -9.8844 12.4959 3.26918e-17 -7.94795e-16 1.20809e-17 -9.23673 -4.20556 2.0327 -15.8275 -0.378001 19.1576 0.852353 -38.7721 -0.655187 1.35732 5.06679 0.0284361 2.32622 -40.4017 -6.04875 7.76537 -6.06776 -15.6452 -0.779096 -9.8844 12.4959 -1.38992e-15 -5.34283e-16 -1.27098e-14 
-0.188605 92.5471 67.194 -8.64195 7.04301 179.967 0 5.07867 -1.15138 -3.36134 3.30714 0.595371 0 5.61661 1.07143 -2.77227 2.26942 0.305379 -1.02604e-17 5.98978 0.11501 -2.19909 1.76142 0.385402 -1.10457e-17 6.50583 -0.443523 -1.52836 0.545976 0.329074 -1.97295e-17 7.60548 -1.50593 -0.738911 -0.303393 0.363776 -2.53307e-17 9.49737 -0.914492 0.137704 -1.73585 0.205358 -2.90401e-17 10.5513 1.57691 0.141014 0.538098 -0.226954 -1.29193e-17 4.78644 0.715339 1.23159 5.49457 -0.819403 -1.8116e-17 4.82109 0.421791 0.368658 -5.91196 -0.576106 -2.00958e-17 4.83041 0.765062 0.974367 -7.84929 2.98071 1.23299 -7.60731 7.53374 16.4213 5.42185 -4.6588 12.9547 3.2495 -3.26872 -81.141 49.1288 8.14943 29.2081 0.0598081 0.137039 3.50651 -0.509922 -17.1354 24.234 0.0496219 0.113701 -37.6001 -69.8484 -34.2262 -1.23299 -7.60729 7.53365 -23.0344 3.08355 0.821891 -12.9547 3.2495 -3.26872 81.0987 47.229 -4.06021 -29.2081 0.0598081 0.137039 -4.2358 -0.756519 20.8383 -24.234 0.0496218 0.113702 26.3697 -63.073 19.749 9.23673 -4.20556 2.0327 -4.00113 5.32832 -0.797564 -0.852353 -38.7721 -0.655187 -0.60441 2.25724 -0.0274955 -2.32622 -40.4017 -6.04875 -3.42474 3.77579 15.568 0.779096 -9.8844 12.4959 2.40085e-15 -6.96139e-16 -8.65761e-17 -9.23673 -4.20556 2.0327 -15.8278 -0.400917 19.14 0.852353 -38.7721 -0.655187 1.36481 5.09466 0.0282598 2.32622 -40.4017 -6.04875 7.74708 -6.06519 -15.6471 -0.779096 -9.8844 12.4959 -1.39149e-15 -5.34234e-16 -1.27098e-14 
-0.189537 92.5461 67.1868 -8.62779 7.02802 -179.999 0 5.07867 -1.15138 -3.34854 3.29563 0.60112 0 5.61661 1.07143 -2.7637 2.26149 0.313048 -1.02604e-17 5.98978 0.11501 -2.19321 1.75731 0.39412 -1.10457e-17 6.50583 -0.443523 -1.52619 0.548464 0.338997 -1.97295e-17 7.60548 -1.50593 -0.737556 -0.298642 0.373674 -2.53307e-17 9.49737 -0.914492 0.140234 -1.72601 0.216081 -2.90401e-17 10.5513 1.57691 0.140782 0.540686 -0.225568 -1.29193e-17 4.78644 0.715339 1.23547 5.46275 -0.850595 -1.8116e-17 4.82109 0.421791 0.387048 -5.89456 -0.589046 -2.00958e-17 4.83041 0.765062 0.953476 -7.81102 2.96904 1.23299 -7.60731 7.53374 16.25 5.41053 -4.65549 12.9547 3.2495 -3.26872 -80.891 49.0256 7.97113 29.2081 0.0598081 0.137039 3.47556 -0.5006 -16.9798 24.234 0.0496219 0.113701 -37.4451 -69.6845 -34.0652 -1.23299 -7.60729 7.53365 -22.9724 3.09359 0.806886 -12.9547 3.2495 -3.26872 81.0676 47.2439 -4.12368 -29.2081 0.0598081 0.137039 -4.23154 -0.754925 20.8164 -24.234 0.0496218 0.113702 26.5409 -63.1097 19.9533 9.23673 -4.20556 2.0327 -3.98972 5.33263 -0.832069 -0.852353 -38.7721 -0.655187 -0.600034 2.24089 -0.0273819 -2.32622 -40.4017 -6.04875 -3.40312 3.76301 15.566 0.779096 -9.8844 12.4959 1.22226e-15 -7.45246e-16 -3.74682e-17 -9.23673 -4.20556 2.0327 -15.8088 -0.444961 19.0947 0.852353 -38.7721 -0.655187 1.38036 5.15258 0.0278816 2.32622 -40.4017 -6.04875 7.71215 -6.05554 -15.6481 -0.779096 -9.8844 12.4959 -5.99491e-16 -5.58984e-16 -1.27469e-14 
-0.188844 92.5457 67.1798 -8.61928 7.02206 -179.984 0 5.07867 -1.15138 -3.33149 3.29476 0.607653 0 5.61661 1.07143 -2.7519 2.2585 0.32316 -1.02604e-17 5.98978 0.11501 -2.18561 1.75271 0.404946 -1.10457e-17 6.50583 -0.443523 -1.52306 0.543009 0.350359 -1.97295e-17 7.60548 -1.50593 -0.736388 -0.30425 0.384369 -2.53307e-17 9.49737 -0.914492 0.141415 -1.73334 0.227517 -2.90401e-17 10.5513 1.57691 0.141341 0.542182 -0.224956 -1.29193e-17 4.78644 0.715339 1.23711 5.46496 -0.863221 -1.8116e-17 4.82109 0.421791 0.391258 -5.87366 -0.594905 -2.00958e-17 4.83041 0.765062 0.93162 -7.76773 2.93337 1.23299 -7.60731 7.53374 16.1875 5.41062 -4.66806 12.9547 3.2495 -3.26872 -80.8737 49.0073 7.94478 29.2081 0.0598081 0.137039 3.46386 -0.497101 -16.9211 24.234 0.0496219 0.113701 -37.2949 -69.6034 -33.9548 -1.23299 -7.60729 7.53365 -22.9902 3.10217 0.792234 -12.9547 3.2495 -3.26872 81.1386 47.2561 -4.25328 -29.2081 0.0598081 0.137039 -4.24389 -0.759554 20.8798 -24.234 0.0496218 0.113702 26.5765 -63.1371 19.9863 9.23673 -4.20556 2.0327 -3.97758 5.32958 -0.847255 -0.852353 -38.7721 -0.655187 -0.602572 2.25037 -0.0274479 -2.32622 -40.4017 -6.04875 -3.37696 3.755 15.5608 0.779096 -9.8844 12.4959 -1.55445e-15 -8.69193e-16 8.64781e-17 -9.23673 -4.20556 2.0327 -15.7949 -0.467563 19.0616 0.852353 -38.7721 -0.655187 1.3857 5.17248 0.027748 2.32622 -40.4017 -6.04875 7.70675 -6.04585 -15.648 -0.779096 -9.8844 12.4959 -9.92355e-16 -5.46707e-16 -1.27223e-14 
-0.188847 92.5459 67.1729 -8.60813 7.02515 -179.961 0 5.07867 -1.15138 -3.31789 3.29871 0.616148 0 5.61661 1.07143 -2.74316 2.26015 0.335668 -1.02604e-17 5.98978 0.11501 -2.1806 1.75532 0.418334 -1.10457e-17 6.50583 -0.443523 -1.52203 0.545689 0.364581 -1.97295e-17 7.60548 -1.50593 -0.736053 -0.30014 0.398356 -2.53307e-17 9.49737 -0.914492 0.143367 -1.72816 0.242225 -2.90401e-17 10.5513 1.57691 0.142247 0.542352 -0.223839 -1.29193e-17 4.78644 0.715339 1.23809 5.48059 -0.903485 -1.8116e-17 4.82109 0.421791 0.398446 -5.87694 -0.613046 -2.00958e-17 4.83041 0.765062 0.9192 -7.7485 2.90616 1.23299 -7.60731 7.53374 16.1632 5.40019 -4.68175 12.9547 3.2495 -3.26872 -80.7865 49.0313 7.83696 29.2081 0.0598081 0.137039 3.4528 -0.493805 -16.8655 24.234 0.0496219 0.113701 -37.2616 -69.551 -33.9286 -1.23299 -7.60729 7.53365 -23.0169 3.10589 0.779634 -12.9547 3.2495 -3.26872 81.165 47.2995 -4.35303 -29.2081 0.0598081 0.137039 -4.25535 -0.763866 20.9387 -24.234 0.0496218 0.113702 26.7406 -63.219 20.1369 9.23673 -4.20556 2.0327 -3.96471 5.3443 -0.865227 -0.852353 -38.7721 -0.655187 -0.60141 2.24603 -0.0274177 -2.32622 -40.4017 -6.04875 -3.37024 3.74734 15.5605 0.779096 -9.8844 12.4959 -7.73437e-16 -8.32558e-16 4.98437e-17 -9.23673 -4.20556 2.0327 -15.7775 -0.489037 19.0464 0.852353 -38.7721 -0.655187 1.39601 5.21085 0.0274852 2.32622 -40.4017 -6.04875 7.68939 -6.03152 -15.6504 -0.779096 -9.8844 12.4959 -2.01932e-16 -5.83782e-16 -1.27593e-14 
-0.188727 92.5451 67.1657 -8.59963 7.01927 -179.947 0 5.07867 -1.15138 -3.30554 3.2986 0.621761 0 5.61661 1.07143 -2.73439 2.26036 0.344354 -1.02604e-17 5.98978 0.11501 -2.17514 1.75763 0.427553 -1.10457e-17 6.50583 -0.443523 -1.52006 0.549954 0.374391 -1.97295e-17 7.60548 -1.50593 -0.735474 -0.293068 0.407873 -2.53307e-17 9.49737 -0.914492 0.144048 -1.71789 0.252538 -2.90401e-17 10.5513 1.57691 0.1426 0.542426 -0.222769 -1.29193e-17 4.78644 0.715339 1.23631 5.46977 -0.944575 -1.8116e-17 4.82109 0.421791 0.396124 -5.86642 -0.631788 -2.00958e-17 4.83041 0.765062 0.925087 -7.72793 2.91261 1.23299 -7.60731 7.53374 16.1268 5.39512 -4.69796 12.9547 3.2495 -3.26872 -80.7454 49.0323 7.78387 29.2081 0.0598081 0.137039 3.4508 -0.493209 -16.8555 24.234 0.0496219 0.113701 -37.172 -69.5294 -33.8635 -1.23299 -7.60729 7.53365 -23.0244 3.11109 0.77688 -12.9547 3.2495 -3.26872 81.179 47.3222 -4.43293 -29.2081 0.0598081 0.137039 -4.26747 -0.768439 21.001 -24.234 0.0496218 0.113702 26.8167 -63.2749 20.2127 9.23673 -4.20556 2.0327 -3.95348 5.34894 -0.873645 -0.852353 -38.7721 -0.655187 -0.601043 2.24466 -0.0274082 -2.32622 -40.4017 -6.04875 -3.36663 3.73265 15.5608 0.779096 -9.8844 12.4959 -1.95828e-15 -8.8191e-16 9.91956e-17 -9.23673 -4.20556 2.0327 -15.7663 -0.519973 19.0323 0.852353 -38.7721 -0.655187 1.40547 5.24607 0.0272378 2.32622 -40.4017 -6.04875 7.71226 -6.03365 -15.653 -0.779096 -9.8844 12.4959 -9.90776e-16 -5.46805e-16 -1.27224e-14 
-0.189571 92.5451 67.1584 -8.58848 7.02235 -179.924 0 5.07867 -1.15138 -3.29501 3.30335 0.623904 0 5.61661 1.07143 -2.7265 2.26356 0.349264 -1.02604e-17 5.98978 0.11501 -2.16983 1.75916 0.433417 -1.10457e-17 6.50583 -0.443523 -1.51727 0.547965 0.380649 -1.97295e-17 7.60548 -1.50593 -0.7341 -0.294376 0.413753 -2.53307e-17 9.49737 -0.914492 0.144747 -1.72118 0.258114 -2.90401e-17 10.5513 1.57691 0.143169 0.543817 -0.22209 -1.29193e-17 4.78644 0.715339 1.23699 5.49034 -0.937153 -1.8116e-17 4.82109 0.421791 0.404335 -5.84682 -0.628509 -2.00958e-17 4.83041 0.765062 0.915401 -7.7139 2.8573 1.23299 -7.60731 7.53374 16.1603 5.38983 -4.69091 12.9547 3.2495 -3.26872 -80.7961 49.0534 7.72544 29.2081 0.0598081 0.137039 3.44721 -0.492141 -16.8374 24.234 0.0496219 0.113701 -37.0216 -69.5247 -33.7211 -1.23299 -7.60729 7.53365 -23.0594 3.11236 0.759538 -12.9547 3.2495 -3.26872 81.2547 47.3551 -4.50569 -29.2081 0.0598081 0.137039 -4.28191 -0.773907 21.0752 -24.234 0.0496218 0.113702 26.7599 -63.3261 20.1371 9.23673 -4.20556 2.0327 -3.93841 5.36069 -0.896938 -0.852353 -38.7721 -0.655187 -0.601676 2.24703 -0.0274247 -2.32622 -40.4017 -6.04875 -3.36281 3.72137 15.5601 0.779096 -9.8844 12.4959 4.12977e-16 -7.83108e-16 3.9337e-19 -9.23673 -4.20556 2.0327 -15.7475 -0.545328 19.0116 0.852353 -38.7721 -0.655187 1.41829 5.2938 0.0268932 2.32622 -40.4017 -6.04875 7.67767 -6.01616 -15.6544 -0.779096 -9.8844 12.4959 -9.93923e-16 -5.46658e-16 -1.27222e-14 
-0.189956 92.5458 67.1514 -8.58677 7.03469 -179.909 0 5.07867 -1.15138 -3.2898 3.32162 0.624291 0 5.61661 1.07143 -2.7225 2.27465 0.351797 -1.02604e-17 5.98978 0.11501 -2.16756 1.76144 0.436529 -1.10457e-17 6.50583 -0.443523 -1.51602 0.535331 0.383582 -1.97295e-17 7.60548 -1.50593 -0.733697 -0.311771 0.416255 -2.53307e-17 9.49737 -0.914492 0.144487 -1.74957 0.260571 -2.90401e-17 10.5513 1.57691 0.143713 0.546619 -0.222601 -1.29193e-17 4.78644 0.715339 1.24173 5.56155 -0.921685 -1.8116e-17 4.82109 0.421791 0.413233 -5.82415 -0.621633 -2.00958e-17 4.83041 0.765062 0.908481 -7.72162 2.82276 1.23299 -7.60731 7.53374 16.3039 5.38279 -4.65371 12.9547 3.2495 -3.26872 -81.0139 49.0617 7.74214 29.2081 0.0598081 0.137039 3.44919 -0.492729 -16.8474 24.234 0.0496219 0.113701 -36.7581 -69.4952 -33.4578 -1.23299 -7.60729 7.53365 -23.199 3.11412 0.714796 -12.9547 3.2495 -3.26872 81.4904 47.3641 -4.60096 -29.2081 0.0598081 0.137039 -4.29523 -0.778968 21.1437 -24.234 0.0496218 0.113702 26.5825 -63.2932 19.931 9.23673 -4.20556 2.0327 -3.93118 5.37354 -0.908195 -0.852353 -38.7721 -0.655187 -0.605403 2.26095 -0.0275211 -2.32622 -40.4017 -6.04875 -3.35965 3.72148 15.559 0.779096 -9.8844 12.4959 2.79839e-15 -6.71341e-16 -1.11374e-16 -9.23673 -4.20556 2.0327 -15.7419 -0.561959 18.9898 0.852353 -38.7721 -0.655187 1.42945 5.33532 0.0265847 2.32622 -40.4017 -6.04875 7.69475 -6.01142 -15.6565 -0.779096 -9.8844 12.4959 -5.97927e-16 -5.59033e-16 -1.2747e-14 
-0.189689 92.5458 67.1445 -8.56923 7.04088 -179.905 0 5.07867 -1.15138 -3.28288 3.35064 0.62251 0 5.61661 1.07143 -2.71646 2.29235 0.352064 -1.02604e-17 5.98978 0.11501 -2.1637 1.76742 0.436896 -1.10457e-17 6.50583 -0.443523 -1.51321 0.522138 0.383627 -1.97295e-17 7.60548 -1.50593 -0.732483 -0.333219 0.415506 -2.53307e-17 9.49737 -0.914492 0.144136 -1.78201 0.260245 -2.90401e-17 10.5513 1.57691 0.144169 0.548054 -0.223094 -1.29193e-17 4.78644 0.715339 1.24873 5.59768 -0.910153 -1.8116e-17 4.82109 0.421791 0.41873 -5.79885 -0.616017 -2.00958e-17 4.83041 0.765062 0.904381 -7.70496 2.81568 1.23299 -7.60731 7.53374 16.41 5.38816 -4.6453 12.9547 3.2495 -3.26872 -81.1572 49.0103 7.78746 29.2081 0.0598081 0.137039 3.44734 -0.49218 -16.8381 24.234 0.0496219 0.113701 -36.6858 -69.4255 -33.391 -1.23299 -7.60729 7.53365 -23.326 3.12551 0.692969 -12.9547 3.2495 -3.26872 81.6388 47.352 -4.68714 -29.2081 0.0598081 0.137039 -4.30567 -0.782951 21.1974 -24.234 0.0496218 0.113702 26.5854 -63.2325 19.902 9.23673 -4.20556 2.0327 -3.90917 5.38686 -0.898719 -0.852353 -38.7721 -0.655187 -0.607418 2.26848 -0.0275728 -2.32622 -40.4017 -6.04875 -3.37403 3.69998 15.564 0.779096 -9.8844 12.4959 -2.73611e-15 -9.18396e-16 1.35681e-16 -9.23673 -4.20556 2.0327 -15.7195 -0.58837 18.9816 0.852353 -38.7721 -0.655187 1.44074 5.37737 0.026264 2.32622 -40.4017 -6.04875 7.71362 -6.00368 -15.6599 -0.779096 -9.8844 12.4959 -2.00358e-16 -5.83832e-16 -1.27594e-14 
-0.190604 92.5458 67.1372 -8.55534 7.0472 -179.888 0 5.07867 -1.15138 -3.27988 3.37873 0.619798 0 5.61661 1.07143 -2.71387 2.30898 0.350516 -1.02604e-17 5.98978 0.11501 -2.16252 1.77117 0.435124 -1.10457e-17 6.50583 -0.443523 -1.51249 0.504454 0.381432 -1.97295e-17 7.60548 -1.50593 -0.732921 -0.359135 0.412658 -2.53307e-17 9.49737 -0.914492 0.142166 -1.81987 0.258237 -2.90401e-17 10.5513 1.57691 0.144377 0.550727 -0.224034 -1.29193e-17 4.78644 0.715339 1.25694 5.65265 -0.913263 -1.8116e-17 4.82109 0.421791 0.408838 -5.77625 -0.617676 -2.00958e-17 4.83041 0.765062 0.920542 -7.68998 2.82289 1.23299 -7.60731 7.53374 16.5036 5.3949 -4.63912 12.9547 3.2495 -3.26872 -81.2666 48.9787 7.8479 29.2081 0.0598081 0.137039 3.4466 -0.491959 -16.8344 24.234 0.0496219 0.113701 -36.6879 -69.3708 -33.3807 -1.23299 -7.60729 7.53365 -23.4628 3.13517 0.667347 -12.9547 3.2495 -3.26872 81.8609 47.3489 -4.79416 -29.2081 0.0598081 0.137039 -4.3155 -0.78671 21.248 -24.234 0.0496218 0.113702 26.5231 -63.1705 19.8278 9.23673 -4.20556 2.0327 -3.89317 5.40437 -0.912329 -0.852353 -38.7721 -0.655187 -0.606795 2.26615 -0.0275569 -2.32622 -40.4017 -6.04875 -3.36694 3.6891 15.5633 0.779096 -9.8844 12.4959 8.05825e-16 -7.58506e-16 -2.42089e-17 -9.23673 -4.20556 2.0327 -15.6996 -0.612999 18.9709 0.852353 -38.7721 -0.655187 1.45337 5.42438 0.0258955 2.32622 -40.4017 -6.04875 7.71327 -5.99258 -15.6627 -0.779096 -9.8844 12.4959 -9.90776e-16 -5.46805e-16 -1.27224e-14 
-0.192844 92.5448 67.1291 -8.55325 7.03832 -179.855 0 5.07867 -1.15138 -3.27534 3.39894 0.616183 0 5.61661 1.07143 -2.70905 2.32186 0.347577 -1.02604e-17 5.98978 0.11501 -2.15836 1.7761 0.431944 -1.10457e-17 6.50583 -0.443523 -1.50876 0.495384 0.378075 -1.97295e-17 7.60548 -1.50593 -0.730652 -0.373243 0.408914 -2.53307e-17 9.49737 -0.914492 0.141752 -1.83856 0.253525 -2.90401e-17 10.5513 1.57691 0.143848 0.552347 -0.223267 -1.29193e-17 4.78644 0.715339 1.25333 5.66241 -0.92563 -1.8116e-17 4.82109 0.421791 0.402618 -5.76167 -0.623947 -2.00958e-17 4.83041 0.765062 0.931212 -7.66363 2.83213 1.23299 -7.60731 7.53374 16.5692 5.40163 -4.62063 12.9547 3.2495 -3.26872 -81.3181 48.9485 7.89183 29.2081 0.0598081 0.137039 3.45432 -0.494255 -16.8731 24.234 0.0496219 0.113701 -36.71 -69.3091 -33.3758 -1.23299 -7.60729 7.53365 -23.4349 3.14987 0.671848 -12.9547 3.2495 -3.26872 81.9283 47.2225 -4.83735 -29.2081 0.0598081 0.137039 -4.31933 -0.788177 21.2678 -24.234 0.0496218 0.113702 26.2921 -63.0652 19.5958 9.23673 -4.20556 2.0327 -3.88501 5.40066 -0.934808 -0.852353 -38.7721 -0.655187 -0.609297 2.2755 -0.0276208 -2.32622 -40.4017 -6.04875 -3.38899 3.66765 15.569 0.779096 -9.8844 12.4959 1.61198e-15 -7.33117e-16 -4.95978e-17 -9.23673 -4.20556 2.0327 -15.6957 -0.650728 18.9433 0.852353 -38.7721 -0.655187 1.46822 5.47963 0.0254492 2.32622 -40.4017 -6.04875 7.72992 -5.99962 -15.6645 -0.779096 -9.8844 12.4959 -1.38992e-15 -5.34283e-16 -1.27098e-14 
-0.193659 92.5449 67.1212 -8.53942 7.04458 -179.838 0 5.07867 -1.15138 -3.2746 3.41621 0.608884 0 5.61661 1.07143 -2.70648 2.33376 0.339765 -1.02604e-17 5.98978 0.11501 -2.15573 1.78037 0.42384 -1.10457e-17 6.50583 -0.443523 -1.5054 0.487869 0.369553 -1.97295e-17 7.60548 -1.50593 -0.728886 -0.386368 0.399753 -2.53307e-17 9.49737 -0.914492 0.140493 -1.85695 0.244073 -2.90401e-17 10.5513 1.57691 0.143696 0.553363 -0.223029 -1.29193e-17 4.78644 0.715339 1.25432 5.65096 -0.911581 -1.8116e-17 4.82109 0.421791 0.404535 -5.72637 -0.617558 -2.00958e-17 4.83041 0.765062 0.951584 -7.6318 2.84177 1.23299 -7.60731 7.53374 16.6201 5.41438 -4.61697 12.9547 3.2495 -3.26872 -81.4195 48.9204 7.97103 29.2081 0.0598081 0.137039 3.46347 -0.496983 -16.9191 24.234 0.0496219 0.113701 -36.6456 -69.3206 -33.31 -1.23299 -7.60729 7.53365 -23.4611 3.15935 0.680199 -12.9547 3.2495 -3.26872 81.955 47.1774 -4.86101 -29.2081 0.0598081 0.137039 -4.32434 -0.790098 21.2935 -24.234 0.0496218 0.113702 26.2506 -62.9833 19.5212 9.23673 -4.20556 2.0327 -3.86732 5.41701 -0.948884 -0.852353 -38.7721 -0.655187 -0.609379 2.2758 -0.0276229 -2.32622 -40.4017 -6.04875 -3.39518 3.65127 15.5714 0.779096 -9.8844 12.4959 -3.64854e-16 -8.07268e-16 2.45531e-17 -9.23673 -4.20556 2.0327 -15.6738 -0.67688 18.9195 0.852353 -38.7721 -0.655187 1.48209 5.53125 0.0250191 2.32622 -40.4017 -6.04875 7.71215 -5.98648 -15.6688 -0.779096 -9.8844 12.4959 -5.99501e-16 -5.58984e-16 -1.27469e-14 
-0.193323 92.5436 67.1133 -8.52991 7.03541 -179.83 0 5.07867 -1.15138 -3.27371 3.42553 0.603179 0 5.61661 1.07143 -2.70439 2.34021 0.333379 -1.02604e-17 5.98978 0.11501 -2.15349 1.78223 0.417102 -1.10457e-17 6.50583 -0.443523 -1.50277 0.482738 0.362577 -1.97295e-17 7.60548 -1.50593 -0.727528 -0.394574 0.392302 -2.53307e-17 9.49737 -0.914492 0.139367 -1.8673 0.236348 -2.90401e-17 10.5513 1.57691 0.143191 0.55414 -0.222922 -1.29193e-17 4.78644 0.715339 1.2561 5.65692 -0.906163 -1.8116e-17 4.82109 0.421791 0.404717 -5.70085 -0.614974 -2.00958e-17 4.83041 0.765062 0.959832 -7.61763 2.8564 1.23299 -7.60731 7.53374 16.6311 5.42217 -4.60621 12.9547 3.2495 -3.26872 -81.4684 48.8718 8.0345 29.2081 0.0598081 0.137039 3.46571 -0.497651 -16.9303 24.234 0.0496219 0.113701 -36.6232 -69.301 -33.2904 -1.23299 -7.60729 7.53365 -23.4608 3.16647 0.681112 -12.9547 3.2495 -3.26872 81.9732 47.1558 -4.87554 -29.2081 0.0598081 0.137039 -4.32248 -0.789384 21.284 -24.234 0.0496218 0.113702 26.2163 -62.9181 19.4986 9.23673 -4.20556 2.0327 -3.85476 5.42306 -0.956262 -0.852353 -38.7721 -0.655187 -0.607514 2.26883 -0.0275753 -2.32622 -40.4017 -6.04875 -3.40612 3.63139 15.5742 0.779096 -9.8844 12.4959 1.60726e-15 -7.33313e-16 -4.94011e-17 -9.23673 -4.20556 2.0327 -15.6584 -0.720608 18.9068 0.852353 -38.7721 -0.655187 1.4961 5.58337 0.0245721 2.32622 -40.4017 -6.04875 7.7091 -5.98807 -15.6711 -0.779096 -9.8844 12.4959 -9.9235e-16 -5.46707e-16 -1.27223e-14 
-0.194324 92.5426 67.1049 -8.52512 7.02965 -179.804 0 5.07867 -1.15138 -3.27039 3.43451 0.59758 0 5.61661 1.07143 -2.7006 2.34616 0.327411 -1.02604e-17 5.98978 0.11501 -2.15017 1.78364 0.410752 -1.10457e-17 6.50583 -0.443523 -1.49973 0.477461 0.356033 -1.97295e-17 7.60548 -1.50593 -0.726273 -0.402987 0.385234 -2.53307e-17 9.49737 -0.914492 0.137773 -1.8776 0.2295 -2.90401e-17 10.5513 1.57691 0.142762 0.555229 -0.222695 -1.29193e-17 4.78644 0.715339 1.25692 5.65707 -0.917304 -1.8116e-17 4.82109 0.421791 0.402757 -5.68264 -0.619909 -2.00958e-17 4.83041 0.765062 0.965122 -7.59001 2.87952 1.23299 -7.60731 7.53374 16.6178 5.42965 -4.59941 12.9547 3.2495 -3.26872 -81.493 48.8467 8.08086 29.2081 0.0598081 0.137039 3.46714 -0.498078 -16.9375 24.234 0.0496219 0.113701 -36.6216 -69.3023 -33.285 -1.23299 -7.60729 7.53365 -23.4633 3.17392 0.680762 -12.9547 3.2495 -3.26872 81.9848 47.1246 -4.89665 -29.2081 0.0598081 0.137039 -4.31974 -0.788333 21.2699 -24.234 0.0496218 0.113702 26.1961 -62.8601 19.4817 9.23673 -4.20556 2.0327 -3.84435 5.42181 -0.97818 -0.852353 -38.7721 -0.655187 -0.610276 2.27916 -0.0276458 -2.32622 -40.4017 -6.04875 -3.41139 3.61414 15.5758 0.779096 -9.8844 12.4959 -3.64854e-16 -8.07268e-16 2.45531e-17 -9.23673 -4.20556 2.0327 -15.6495 -0.747603 18.8873 0.852353 -38.7721 -0.655187 1.50648 5.62199 0.0242326 2.32622 -40.4017 -6.04875 7.70852 -5.98849 -15.6733 -0.779096 -9.8844 12.4959 -5.97927e-16 -5.59033e-16 -1.2747e-14 
-0.194125 92.5423 67.0964 -8.51029 7.03262 -179.793 0 5.07867 -1.15138 -3.26542 3.4451 0.594081 0 5.61661 1.07143 -2.69548 2.35332 0.323799 -1.02604e-17 5.98978 0.11501 -2.14588 1.78655 0.406882 -1.10457e-17 6.50583 -0.443523 -1.49617 0.473621 0.352022 -1.97295e-17 7.60548 -1.50593 -0.724465 -0.410204 0.380677 -2.53307e-17 9.49737 -0.914492 0.137174 -1.88624 0.2249 -2.90401e-17 10.5513 1.57691 0.142396 0.556314 -0.222456 -1.29193e-17 4.78644 0.715339 1.25884 5.65851 -0.918071 -1.8116e-17 4.82109 0.421791 0.404059 -5.65856 -0.620019 -2.00958e-17 4.83041 0.765062 0.967925 -7.57127 2.88486 1.23299 -7.60731 7.53374 16.6012 5.43622 -4.59656 12.9547 3.2495 -3.26872 -81.5219 48.8083 8.1335 29.2081 0.0598081 0.137039 3.46933 -0.498734 -16.9485 24.234 0.0496219 0.113701 -36.5896 -69.3019 -33.2572 -1.23299 -7.60729 7.53365 -23.461 3.18073 0.68001 -12.9547 3.2495 -3.26872 82.0033 47.0972 -4.92313 -29.2081 0.0598081 0.137039 -4.31997 -0.788422 21.271 -24.234 0.0496218 0.113702 26.1462 -62.8232 19.4445 9.23673 -4.20556 2.0327 -3.82485 5.43483 -0.987674 -0.852353 -38.7721 -0.655187 -0.610895 2.28147 -0.0276615 -2.32622 -40.4017 -6.04875 -3.41706 3.59495 15.5777 0.779096 -9.8844 12.4959 2.00325e-15 -7.08564e-16 -7.41509e-17 -9.23673 -4.20556 2.0327 -15.6291 -0.761107 18.8703 0.852353 -38.7721 -0.655187 1.51197 5.64239 0.0240504 2.32622 -40.4017 -6.04875 7.70231 -5.97613 -15.675 -0.779096 -9.8844 12.4959 -9.9235e-16 -5.46707e-16 -1.27223e-14 
-0.194279 92.5415 67.0876 -8.51393 7.03278 -179.78 0 5.07867 -1.15138 -3.27068 3.45599 0.592237 0 5.61661 1.07143 -2.69963 2.36014 0.320755 -1.02604e-17 5.98978 0.11501 -2.14904 1.78864 0.40326 -1.10457e-17 6.50583 -0.443523 -1.49811 0.46817 0.348088 -1.97295e-17 7.60548 -1.50593 -0.7258 -0.419213 0.376807 -2.53307e-17 9.49737 -0.914492 0.136132 -1.89821 0.221614 -2.90401e-17 10.5513 1.57691 0.142247 0.557391 -0.223145 -1.29193e-17 4.78644 0.715339 1.26577 5.67893 -0.931563 -1.8116e-17 4.82109 0.421791 0.40476 -5.64356 -0.625889 -2.00958e-17 4.83041 0.765062 0.985365 -7.5596 2.91361 1.23299 -7.60731 7.53374 16.5938 5.44297 -4.59822 12.9547 3.2495 -3.26872 -81.4797 48.7623 8.18062 29.2081 0.0598081 0.137039 3.46901 -0.498636 -16.9469 24.234 0.0496219 0.113701 -36.7002 -69.2706 -33.3387 -1.23299 -7.60729 7.53365 -23.5073 3.1837 0.668753 -12.9547 3.2495 -3.26872 82.0792 47.1047 -4.96294 -29.2081 0.0598081 0.137039 -4.32338 -0.789729 21.2886 -24.234 0.0496218 0.113702 26.1074 -62.8106 19.4196 9.23673 -4.20556 2.0327 -3.8235 5.44525 -0.99618 -0.852353 -38.7721 -0.655187 -0.61063 2.28048 -0.0276548 -2.32622 -40.4017 -6.04875 -3.42777 3.58835 15.5787 0.779096 -9.8844 12.4959 -7.59276e-16 -8.31919e-16 4.92045e-17 -9.23673 -4.20556 2.0327 -15.6282 -0.777388 18.8627 0.852353 -38.7721 -0.655187 1.51783 5.66419 0.0238535 2.32622 -40.4017 -6.04875 7.69988 -5.97734 -15.676 -0.779096 -9.8844 12.4959 -2.01932e-16 -5.83782e-16 -1.27593e-14 
-0.193218 92.5401 67.0775 -8.50178 7.02676 -179.778 0 5.07867 -1.15138 -3.25632 3.43432 0.591528 0 5.61661 1.07143 -2.68614 2.35257 0.318636 -1.02604e-17 5.98978 0.11501 -2.13635 1.79974 0.400521 -1.10457e-17 6.50583 -0.443523 -1.48893 0.505529 0.346392 -1.97295e-17 7.60548 -1.50593 -0.720614 -0.371338 0.376353 -2.53307e-17 9.49737 -0.914492 0.135416 -1.81873 0.217638 -2.90401e-17 10.5513 1.57691 0.13857 0.553025 -0.217445 -1.29193e-17 4.78644 0.715339 1.2165 5.49651 -0.992608 -1.8116e-17 4.82109 0.421791 0.357554 -5.67682 -0.655995 -2.00958e-17 4.83041 0.765062 1.05305 -7.46395 3.01763 1.23299 -7.60731 7.53374 16.3394 5.4489 -4.60584 12.9547 3.2495 -3.26872 -81.0889 48.6551 8.09863 29.2081 0.0598081 0.137039 3.47244 -0.499663 -16.9641 24.234 0.0496219 0.113701 -36.939 -69.2251 -33.5517 -1.23299 -7.60729 7.53365 -22.8624 3.20341 0.796066 -12.9547 3.2495 -3.26872 81.4598 46.7407 -4.74843 -29.2081 0.0598081 0.137039 -4.29681 -0.77957 21.1518 -24.234 0.0496218 0.113702 25.7634 -62.6799 19.1727 9.23673 -4.20556 2.0327 -3.8027 5.45114 -0.999523 -0.852353 -38.7721 -0.655187 -0.612125 2.28606 -0.0276927 -2.32622 -40.4017 -6.04875 -3.49751 3.53974 15.5991 0.779096 -9.8844 12.4959 1.60568e-15 -7.33412e-16 -4.93028e-17 -9.23673 -4.20556 2.0327 -15.6064 -0.822627 18.8632 0.852353 -38.7721 -0.655187 1.53294 5.7204 0.0233355 2.32622 -40.4017 -6.04875 7.67355 -5.97622 -15.6822 -0.779096 -9.8844 12.4959 -1.78277e-15 -5.09681e-16 -1.26976e-14 
-0.191989 92.5377 67.0672 -8.49493 7.00853 -179.779 0 5.07867 -1.15138 -3.26051 3.41187 0.58608 0 5.61661 1.07143 -2.68729 2.3405 0.310104 -1.02604e-17 5.98978 0.11501 -2.13471 1.79425 0.392242 -1.10457e-17 6.50583 -0.443523 -1.48578 0.512126 0.338368 -1.97295e-17 7.60548 -1.50593 -0.717475 -0.36199 0.368734 -2.53307e-17 9.49737 -0.914492 0.136776 -1.80077 0.207809 -2.90401e-17 10.5513 1.57691 0.137889 0.55346 -0.214868 -1.29193e-17 4.78644 0.715339 1.20158 5.4 -0.961469 -1.8116e-17 4.82109 0.421791 0.35942 -5.63668 -0.642617 -2.00958e-17 4.83041 0.765062 1.06227 -7.40413 3.03196 1.23299 -7.60731 7.53374 16.2538 5.46461 -4.59344 12.9547 3.2495 -3.26872 -81.0288 48.7191 8.12383 29.2081 0.0598081 0.137039 3.47471 -0.500344 -16.9755 24.234 0.0496219 0.113701 -37.0598 -69.3355 -33.7058 -1.23299 -7.60729 7.53365 -22.6208 3.216 0.85201 -12.9547 3.2495 -3.26872 81.1753 46.6703 -4.62377 -29.2081 0.0598081 0.137039 -4.27264 -0.770394 21.0276 -24.234 0.0496218 0.113702 25.7745 -62.6222 19.2239 9.23673 -4.20556 2.0327 -3.79648 5.44713 -1.00879 -0.852353 -38.7721 -0.655187 -0.610447 2.27979 -0.0276501 -2.32622 -40.4017 -6.04875 -3.44574 3.53148 15.5872 0.779096 -9.8844 12.4959 8.23143e-16 -7.57768e-16 -2.49467e-17 -9.23673 -4.20556 2.0327 -15.5898 -0.863932 18.8599 0.852353 -38.7721 -0.655187 1.54095 5.75018 0.023055 2.32622 -40.4017 -6.04875 7.62065 -5.97131 -15.6821 -0.779096 -9.8844 12.4959 -2.05097e-16 -5.83634e-16 -1.27592e-14 
-0.191434 92.5366 67.0568 -8.48544 6.99926 -179.771 0 5.07867 -1.15138 -3.26191 3.40185 0.582047 0 5.61661 1.07143 -2.68674 2.33423 0.303951 -1.02604e-17 5.98978 0.11501 -2.13232 1.79006 0.385981 -1.10457e-17 6.50583 -0.443523 -1.48236 0.513497 0.332014 -1.97295e-17 7.60548 -1.50593 -0.714224 -0.360814 0.362201 -2.53307e-17 9.49737 -0.914492 0.138605 -1.7964 0.199256 -2.90401e-17 10.5513 1.57691 0.137523 0.553968 -0.21438 -1.29193e-17 4.78644 0.715339 1.20067 5.37773 -0.918185 -1.8116e-17 4.82109 0.421791 0.376175 -5.62045 -0.622596 -2.00958e-17 4.83041 0.765062 1.03785 -7.37742 3.01427 1.23299 -7.60731 7.53374 16.2064 5.47547 -4.589 12.9547 3.2495 -3.26872 -81.0181 48.7413 8.18833 29.2081 0.0598081 0.137039 3.477 -0.501031 -16.987 24.234 0.0496219 0.113701 -37.1615 -69.3759 -33.8313 -1.23299 -7.60729 7.53365 -22.5092 3.21944 0.866933 -12.9547 3.2495 -3.26872 81.1008 46.6477 -4.57414 -29.2081 0.0598081 0.137039 -4.25783 -0.7648 20.9515 -24.234 0.0496218 0.113702 25.6833 -62.5706 19.1814 9.23673 -4.20556 2.0327 -3.78326 5.45101 -1.01368 -0.852353 -38.7721 -0.655187 -0.609501 2.27626 -0.027626 -2.32622 -40.4017 -6.04875 -3.44541 3.51662 15.5857 0.779096 -9.8844 12.4959 -3.67987e-16 -8.07365e-16 2.46508e-17 -9.23673 -4.20556 2.0327 -15.5724 -0.892839 18.8557 0.852353 -38.7721 -0.655187 1.54827 5.77739 0.022795 2.32622 -40.4017 -6.04875 7.57956 -5.9581 -15.68 -0.779096 -9.8844 12.4959 -1.98785e-16 -5.8393e-16 -1.27595e-14 
-0.190961 92.5364 67.0465 -8.48911 6.99939 -179.758 0 5.07867 -1.15138 -3.26236 3.39128 0.578537 0 5.61661 1.07143 -2.68629 2.32869 0.299353 -1.02604e-17 5.98978 0.11501 -2.13161 1.78838 0.380689 -1.10457e-17 6.50583 -0.443523 -1.48139 0.519549 0.326296 -1.97295e-17 7.60548 -1.50593 -0.714371 -0.352404 0.35631 -2.53307e-17 9.49737 -0.914492 0.136528 -1.78616 0.193859 -2.90401e-17 10.5513 1.57691 0.137303 0.552768 -0.214741 -1.29193e-17 4.78644 0.715339 1.19906 5.42097 -0.908965 -1.8116e-17 4.82109 0.421791 0.370137 -5.62549 -0.61865 -2.00958e-17 4.83041 0.765062 1.04526 -7.39812 3.0411 1.23299 -7.60731 7.53374 16.2285 5.46471 -4.57154 12.9547 3.2495 -3.26872 -81.0278 48.8056 8.20038 29.2081 0.0598081 0.137039 3.48015 -0.501975 -17.0029 24.234 0.0496219 0.113701 -37.2588 -69.438 -33.9198 -1.23299 -7.60729 7.53365 -22.5185 3.20798 0.858638 -12.9547 3.2495 -3.26872 81.0851 46.65 -4.51832 -29.2081 0.0598081 0.137039 -4.24115 -0.758528 20.8658 -24.234 0.0496218 0.113702 25.722 -62.5279 19.2384 9.23673 -4.20556 2.0327 -3.78191 5.46609 -1.02012 -0.852353 -38.7721 -0.655187 -0.606968 2.2668 -0.0275613 -2.32622 -40.4017 -6.04875 -3.46683 3.51056 15.5893 0.779096 -9.8844 12.4959 2.32699e-17 -7.95188e-16 1.24734e-17 -9.23673 -4.20556 2.0327 -15.5666 -0.928329 18.8667 0.852353 -38.7721 -0.655187 1.56334 5.83342 0.0222487 2.32622 -40.4017 -6.04875 7.55404 -5.95623 -15.683 -0.779096 -9.8844 12.4959 -5.94776e-16 -5.59181e-16 -1.27471e-14 
-0.190938 92.5361 67.0349 -8.478 7.00254 -179.735 0 5.07867 -1.15138 -3.28618 3.40567 0.574826 0 5.61661 1.07143 -2.70484 2.33677 0.289887 -1.02604e-17 5.98978 0.11501 -2.14491 1.78812 0.369608 -1.10457e-17 6.50583 -0.443523 -1.4894 0.505751 0.314237 -1.97295e-17 7.60548 -1.50593 -0.718659 -0.373908 0.344709 -2.53307e-17 9.49737 -0.914492 0.1354 -1.81458 0.183366 -2.90401e-17 10.5513 1.57691 0.137433 0.55664 -0.218812 -1.29193e-17 4.78644 0.715339 1.23128 5.51603 -0.877401 -1.8116e-17 4.82109 0.421791 0.393875 -5.60417 -0.601991 -2.00958e-17 4.83041 0.765062 1.06912 -7.44465 3.05267 1.23299 -7.60731 7.53374 16.1413 5.47748 -4.59338 12.9547 3.2495 -3.26872 -80.9861 48.7684 8.27823 29.2081 0.0598081 0.137039 3.47089 -0.4992 -16.9563 24.234 0.0496219 0.113701 -37.2071 -69.4553 -33.9119 -1.23299 -7.60729 7.53365 -22.678 3.19819 0.812158 -12.9547 3.2495 -3.26872 81.4408 46.7604 -4.55368 -29.2081 0.0598081 0.137039 -4.23979 -0.758015 20.8588 -24.234 0.0496218 0.113702 25.5358 -62.5226 19.1118 9.23673 -4.20556 2.0327 -3.7688 5.48423 -1.04315 -0.852353 -38.7721 -0.655187 -0.604159 2.2563 -0.027489 -2.32622 -40.4017 -6.04875 -3.43066 3.50993 15.5789 0.779096 -9.8844 12.4959 -3.71143e-16 -8.07513e-16 2.47988e-17 -9.23673 -4.20556 2.0327 -15.5519 -0.921405 18.8387 0.852353 -38.7721 -0.655187 1.56186 5.82793 0.0223029 2.32622 -40.4017 -6.04875 7.56344 -5.94684 -15.6857 -0.779096 -9.8844 12.4959 1.95628e-16 -5.96206e-16 -1.27718e-14 
-0.190611 92.5375 67.0231 -8.47466 7.02724 -179.706 0 5.07867 -1.15138 -3.29431 3.43941 0.570286 0 5.61661 1.07143 -2.71146 2.35602 0.284178 -1.02604e-17 5.98978 0.11501 -2.15092 1.79124 0.362848 -1.10457e-17 6.50583 -0.443523 -1.49325 0.484359 0.306207 -1.97295e-17 7.60548 -1.50593 -0.721951 -0.407134 0.336123 -2.53307e-17 9.49737 -0.914492 0.132411 -1.86704 0.176714 -2.90401e-17 10.5513 1.57691 0.138301 0.560097 -0.222798 -1.29193e-17 4.78644 0.715339 1.25816 5.66328 -0.836117 -1.8116e-17 4.82109 0.421791 0.403275 -5.59147 -0.58239 -2.00958e-17 4.83041 0.765062 1.05704 -7.50423 3.01132 1.23299 -7.60731 7.53374 16.255 5.47645 -4.58709 12.9547 3.2495 -3.26872 -81.0656 48.7733 8.3311 29.2081 0.0598081 0.137039 3.46792 -0.498312 -16.9414 24.234 0.0496219 0.113701 -37.2742 -69.4261 -33.9272 -1.23299 -7.60729 7.53365 -22.981 3.18496 0.741431 -12.9547 3.2495 -3.26872 81.8219 46.8008 -4.62677 -29.2081 0.0598081 0.137039 -4.24644 -0.760514 20.893 -24.234 0.0496218 0.113702 25.4569 -62.4576 18.9802 9.23673 -4.20556 2.0327 -3.76223 5.52766 -1.06041 -0.852353 -38.7721 -0.655187 -0.599638 2.23941 -0.0273716 -2.32622 -40.4017 -6.04875 -3.46001 3.51165 15.5855 0.779096 -9.8844 12.4959 8.15252e-16 -7.58064e-16 -2.46508e-17 -9.23673 -4.20556 2.0327 -15.5442 -0.916559 18.8113 0.852353 -38.7721 -0.655187 1.57195 5.86543 0.0219299 2.32622 -40.4017 -6.04875 7.55295 -5.93043 -15.6859 -0.779096 -9.8844 12.4959 -9.89189e-16 -5.46855e-16 -1.27224e-14 
-0.18878 92.5367 67.0112 -8.44496 7.02749 -179.699 0 5.07867 -1.15138 -3.28386 3.45998 0.564954 0 5.61661 1.07143 -2.70223 2.36805 0.280507 -1.02604e-17 5.98978 0.11501 -2.14501 1.79354 0.358248 -1.10457e-17 6.50583 -0.443523 -1.48914 0.4727 0.300655 -1.97295e-17 7.60548 -1.50593 -0.721644 -0.424389 0.329173 -2.53307e-17 9.49737 -0.914492 0.128445 -1.89502 0.171688 -2.90401e-17 10.5513 1.57691 0.138731 0.560037 -0.224721 -1.29193e-17 4.78644 0.715339 1.26794 5.73354 -0.812886 -1.8116e-17 4.82109 0.421791 0.385765 -5.58169 -0.572072 -2.00958e-17 4.83041 0.765062 1.07384 -7.54003 2.9994 1.23299 -7.60731 7.53374 16.3419 5.47655 -4.58849 12.9547 3.2495 -3.26872 -81.2205 48.7617 8.41764 29.2081 0.0598081 0.137039 3.47426 -0.50021 -16.9733 24.234 0.0496219 0.113701 -37.1891 -69.4271 -33.8696 -1.23299 -7.60729 7.53365 -23.1654 3.18004 0.710767 -12.9547 3.2495 -3.26872 82.0041 46.7929 -4.68535 -29.2081 0.0598081 0.137039 -4.25703 -0.764496 20.9473 -24.234 0.0496218 0.113702 25.4549 -62.4006 18.9463 9.23673 -4.20556 2.0327 -3.72695 5.53842 -1.05674 -0.852353 -38.7721 -0.655187 -0.601056 2.24471 -0.0274085 -2.32622 -40.4017 -6.04875 -3.47484 3.47525 15.5914 0.779096 -9.8844 12.4959 1.61197e-15 -7.33117e-16 -4.95975e-17 -9.23673 -4.20556 2.0327 -15.5087 -0.936818 18.794 0.852353 -38.7721 -0.655187 1.57911 5.89206 0.021661 2.32622 -40.4017 -6.04875 7.58101 -5.92292 -15.692 -0.779096 -9.8844 12.4959 -2.1819e-15 -4.97159e-16 -1.26727e-14 
-0.187595 92.5349 66.9992 -8.42421 7.01562 -179.683 0 5.07867 -1.15138 -3.27408 3.48602 0.560101 0 5.61661 1.07143 -2.69423 2.38223 0.278029 -1.02604e-17 5.98978 0.11501 -2.1401 1.79407 0.355667 -1.10457e-17 6.50583 -0.443523 -1.48601 0.452135 0.297687 -1.97295e-17 7.60548 -1.50593 -0.721075 -0.452708 0.324722 -2.53307e-17 9.49737 -0.914492 0.126247 -1.9371 0.169149 -2.90401e-17 10.5513 1.57691 0.139681 0.562358 -0.225897 -1.29193e-17 4.78644 0.715339 1.2828 5.7911 -0.807102 -1.8116e-17 4.82109 0.421791 0.386316 -5.56362 -0.569016 -2.00958e-17 4.83041 0.765062 1.05909 -7.55659 2.97869 1.23299 -7.60731 7.53374 16.4261 5.48075 -4.58798 12.9547 3.2495 -3.26872 -81.3607 48.7707 8.46628 29.2081 0.0598081 0.137039 3.47796 -0.501317 -16.9919 24.234 0.0496219 0.113701 -37.0985 -69.4198 -33.7957 -1.23299 -7.60729 7.53365 -23.3887 3.18467 0.675615 -12.9547 3.2495 -3.26872 82.1883 46.8661 -4.78683 -29.2081 0.0598081 0.137039 -4.27313 -0.77058 21.0301 -24.234 0.0496218 0.113702 25.5848 -62.422 19.0431 9.23673 -4.20556 2.0327 -3.70301 5.54427 -1.07607 -0.852353 -38.7721 -0.655187 -0.598291 2.23438 -0.0273363 -2.32622 -40.4017 -6.04875 -3.46777 3.45021 15.5895 0.779096 -9.8844 12.4959 4.27152e-16 -7.82517e-16 -1.97278e-19 -9.23673 -4.20556 2.0327 -15.4823 -0.961662 18.783 0.852353 -38.7721 -0.655187 1.58443 5.91182 0.0214593 2.32622 -40.4017 -6.04875 7.58042 -5.91776 -15.6945 -0.779096 -9.8844 12.4959 -9.98658e-16 -5.46461e-16 -1.2722e-14 
-0.185656 92.5332 66.9869 -8.40248 7.00038 -179.673 0 5.07867 -1.15138 -3.26258 3.49718 0.558209 0 5.61661 1.07143 -2.68491 2.38891 0.277722 -1.02604e-17 5.98978 0.11501 -2.13365 1.79574 0.354952 -1.10457e-17 6.50583 -0.443523 -1.48219 0.445288 0.296948 -1.97295e-17 7.60548 -1.50593 -0.720102 -0.460933 0.32315 -2.53307e-17 9.49737 -0.914492 0.124121 -1.94654 0.168835 -2.90401e-17 10.5513 1.57691 0.139175 0.563549 -0.225882 -1.29193e-17 4.78644 0.715339 1.28494 5.77876 -0.844042 -1.8116e-17 4.82109 0.421791 0.374337 -5.55634 -0.58571 -2.00958e-17 4.83041 0.765062 1.07273 -7.5464 3.01238 1.23299 -7.60731 7.53374 16.3988 5.48426 -4.59733 12.9547 3.2495 -3.26872 -81.3547 48.6884 8.49395 29.2081 0.0598081 0.137039 3.48592 -0.503709 -17.0319 24.234 0.0496219 0.113701 -36.9658 -69.3655 -33.6644 -1.23299 -7.60729 7.53365 -23.4349 3.19134 0.668073 -12.9547 3.2495 -3.26872 82.2434 46.88 -4.84811 -29.2081 0.0598081 0.137039 -4.29144 -0.777527 21.1242 -24.234 0.0496218 0.113702 25.5482 -62.458 19.0098 9.23673 -4.20556 2.0327 -3.67389 5.54195 -1.08973 -0.852353 -38.7721 -0.655187 -0.598168 2.23392 -0.0273331 -2.32622 -40.4017 -6.04875 -3.48717 3.41414 15.5938 0.779096 -9.8844 12.4959 2.64263e-17 -7.95089e-16 1.23747e-17 -9.23673 -4.20556 2.0327 -15.455 -0.995845 18.7686 0.852353 -38.7721 -0.655187 1.59155 5.93828 0.0211862 2.32622 -40.4017 -6.04875 7.59836 -5.91743 -15.6972 -0.779096 -9.8844 12.4959 -9.93923e-16 -5.46658e-16 -1.27222e-14 
-0.182786 92.5308 66.9747 -8.38341 6.97611 -179.671 0 5.07867 -1.15138 -3.2787 3.51016 0.557491 0 5.61661 1.07143 -2.69842 2.39389 0.275114 -1.02604e-17 5.98978 0.11501 -2.14396 1.78781 0.351592 -1.10457e-17 6.50583 -0.443523 -1.48872 0.41598 0.292671 -1.97295e-17 7.60548 -1.50593 -0.723221 -0.495107 0.319049 -2.53307e-17 9.49737 -0.914492 0.123581 -1.99691 0.165019 -2.90401e-17 10.5513 1.57691 0.139327 0.569004 -0.229647 -1.29193e-17 4.78644 0.715339 1.31202 5.90779 -0.838018 -1.8116e-17 4.82109 0.421791 0.390166 -5.5379 -0.582443 -2.00958e-17 4.83041 0.765062 1.10886 -7.6131 3.01027 1.23299 -7.60731 7.53374 16.5231 5.48092 -4.56169 12.9547 3.2495 -3.26872 -81.4007 48.6373 8.55374 29.2081 0.0598081 0.137039 3.48729 -0.504119 -17.0387 24.234 0.0496219 0.113701 -36.9507 -69.271 -33.5856 -1.23299 -7.60729 7.53365 -23.6882 3.1835 0.587123 -12.9547 3.2495 -3.26872 82.7582 46.9992 -4.95856 -29.2081 0.0598081 0.137039 -4.31463 -0.786376 21.2436 -24.234 0.0496218 0.113702 25.1417 -62.4785 18.6225 9.23673 -4.20556 2.0327 -3.65056 5.53278 -1.11213 -0.852353 -38.7721 -0.655187 -0.596387 2.22727 -0.0272863 -2.32622 -40.4017 -6.04875 -3.45557 3.39372 15.584 0.779096 -9.8844 12.4959 2.48481e-17 -7.95139e-16 1.2424e-17 -9.23673 -4.20556 2.0327 -15.4277 -1.02949 18.7538 0.852353 -38.7721 -0.655187 1.59335 5.94497 0.0211167 2.32622 -40.4017 -6.04875 7.58087 -5.91064 -15.6958 -0.779096 -9.8844 12.4959 -5.97932e-16 -5.59033e-16 -1.2747e-14 
-0.179821 92.5314 66.9626 -8.36581 6.98219 -179.667 0 5.07867 -1.15138 -3.28337 3.54049 0.551243 0 5.61661 1.07143 -2.70141 2.41128 0.26823 -1.02604e-17 5.98978 0.11501 -2.14673 1.79005 0.343457 -1.10457e-17 6.50583 -0.443523 -1.48939 0.395498 0.283185 -1.97295e-17 7.60548 -1.50593 -0.724153 -0.525184 0.30879 -2.53307e-17 9.49737 -0.914492 0.121568 -2.0433 0.155918 -2.90401e-17 10.5513 1.57691 0.14017 0.57095 -0.232905 -1.29193e-17 4.78644 0.715339 1.33294 5.96612 -0.796494 -1.8116e-17 4.82109 0.421791 0.411746 -5.52295 -0.56253 -2.00958e-17 4.83041 0.765062 1.10112 -7.63711 2.98717 1.23299 -7.60731 7.53374 16.6172 5.49456 -4.5642 12.9547 3.2495 -3.26872 -81.5127 48.5664 8.66553 29.2081 0.0598081 0.137039 3.49902 -0.507656 -17.0977 24.234 0.0496219 0.113701 -36.8812 -69.2363 -33.5045 -1.23299 -7.60729 7.53365 -23.9295 3.18098 0.540794 -12.9547 3.2495 -3.26872 83.0057 46.9586 -5.00809 -29.2081 0.0598081 0.137039 -4.34082 -0.796438 21.3784 -24.234 0.0496218 0.113702 25.0347 -62.3708 18.3901 9.23673 -4.20556 2.0327 -3.62734 5.5551 -1.10401 -0.852353 -38.7721 -0.655187 -0.593862 2.21784 -0.0272196 -2.32622 -40.4017 -6.04875 -3.50497 3.37174 15.5965 0.779096 -9.8844 12.4959 4.20839e-16 -7.82764e-16 4.93194e-20 -9.23673 -4.20556 2.0327 -15.4054 -1.06245 18.7538 0.852353 -38.7721 -0.655187 1.60753 5.99768 0.0205614 2.32622 -40.4017 -6.04875 7.62305 -5.90645 -15.6972 -0.779096 -9.8844 12.4959 -1.38834e-15 -5.34332e-16 -1.27099e-14 
-0.176476 92.5324 66.9504 -8.36039 6.99441 -179.664 0 5.07867 -1.15138 -3.27999 3.55497 0.546891 0 5.61661 1.07143 -2.69841 2.42057 0.264546 -1.02604e-17 5.98978 0.11501 -2.14554 1.79354 0.339168 -1.10457e-17 6.50583 -0.443523 -1.48887 0.390216 0.278344 -1.97295e-17 7.60548 -1.50593 -0.725899 -0.53326 0.303278 -2.53307e-17 9.49737 -0.914492 0.117288 -2.05766 0.152169 -2.90401e-17 10.5513 1.57691 0.140063 0.570224 -0.234179 -1.29193e-17 4.78644 0.715339 1.33839 6.01282 -0.771106 -1.8116e-17 4.82109 0.421791 0.389007 -5.51727 -0.551358 -2.00958e-17 4.83041 0.765062 1.13473 -7.67162 2.97419 1.23299 -7.60731 7.53374 16.673 5.49042 -4.56675 12.9547 3.2495 -3.26872 -81.5591 48.5234 8.68639 29.2081 0.0598081 0.137039 3.50108 -0.508277 -17.1081 24.234 0.0496219 0.113701 -36.8725 -69.2063 -33.4829 -1.23299 -7.60729 7.53365 -24.05 3.17535 0.525397 -12.9547 3.2495 -3.26872 83.1258 46.9833 -5.04151 -29.2081 0.0598081 0.137039 -4.3466 -0.798668 21.4082 -24.234 0.0496218 0.113702 25.0749 -62.3491 18.4071 9.23673 -4.20556 2.0327 -3.61589 5.5838 -1.10859 -0.852353 -38.7721 -0.655187 -0.590974 2.20705 -0.0271428 -2.32622 -40.4017 -6.04875 -3.53794 3.36413 15.6043 0.779096 -9.8844 12.4959 2.00638e-15 -7.08466e-16 -7.42483e-17 -9.23673 -4.20556 2.0327 -15.3882 -1.09249 18.7516 0.852353 -38.7721 -0.655187 1.62448 6.06068 0.0198802 2.32622 -40.4017 -6.04875 7.59986 -5.89778 -15.7035 -0.779096 -9.8844 12.4959 -5.9951e-16 -5.58983e-16 -1.27469e-14 
-0.173734 92.5341 66.9385 -8.35337 7.01901 -179.647 0 5.07867 -1.15138 -3.27247 3.58199 0.545484 0 5.61661 1.07143 -2.69219 2.43691 0.265118 -1.02604e-17 5.98978 0.11501 -2.14142 1.79792 0.340065 -1.10457e-17 6.50583 -0.443523 -1.48605 0.374227 0.279042 -1.97295e-17 7.60548 -1.50593 -0.724464 -0.55714 0.303297 -2.53307e-17 9.49737 -0.914492 0.117264 -2.09434 0.152263 -2.90401e-17 10.5513 1.57691 0.140603 0.573898 -0.234595 -1.29193e-17 4.78644 0.715339 1.34462 6.08551 -0.765128 -1.8116e-17 4.82109 0.421791 0.401511 -5.51535 -0.548373 -2.00958e-17 4.83041 0.765062 1.11518 -7.69445 2.94331 1.23299 -7.60731 7.53374 16.796 5.48576 -4.53535 12.9547 3.2495 -3.26872 -81.72 48.5458 8.679 29.2081 0.0598081 0.137039 3.50361 -0.50904 -17.1208 24.234 0.0496219 0.113701 -36.6731 -69.1807 -33.271 -1.23299 -7.60729 7.53365 -24.1785 3.18126 0.486564 -12.9547 3.2495 -3.26872 83.3285 46.9626 -5.09794 -29.2081 0.0598081 0.137039 -4.34931 -0.799716 21.4222 -24.234 0.0496218 0.113702 24.9537 -62.2894 18.2639 9.23673 -4.20556 2.0327 -3.60114 5.61309 -1.12663 -0.852353 -38.7721 -0.655187 -0.592822 2.21395 -0.027192 -2.32622 -40.4017 -6.04875 -3.54444 3.36579 15.6054 0.779096 -9.8844 12.4959 4.2873e-16 -7.82419e-16 -2.95916e-19 -9.23673 -4.20556 2.0327 -15.3746 -1.08493 18.74 0.852353 -38.7721 -0.655187 1.63097 6.08481 0.0196143 2.32622 -40.4017 -6.04875 7.60774 -5.88371 -15.7071 -0.779096 -9.8844 12.4959 -5.96354e-16 -5.59082e-16 -1.27471e-14 
-0.169997 92.5342 66.9265 -8.33582 7.02529 -179.642 0 5.07867 -1.15138 -3.26535 3.6078 0.542551 0 5.61661 1.07143 -2.68569 2.45317 0.263191 -1.02604e-17 5.98978 0.11501 -2.13692 1.80375 0.33781 -1.10457e-17 6.50583 -0.443523 -1.48277 0.363282 0.276386 -1.97295e-17 7.60548 -1.50593 -0.723321 -0.576237 0.299855 -2.53307e-17 9.49737 -0.914492 0.115911 -2.12175 0.149698 -2.90401e-17 10.5513 1.57691 0.140438 0.575512 -0.234975 -1.29193e-17 4.78644 0.715339 1.34808 6.08908 -0.762846 -1.8116e-17 4.82109 0.421791 0.398455 -5.50474 -0.547011 -2.00958e-17 4.83041 0.765062 1.12256 -7.69628 2.93928 1.23299 -7.60731 7.53374 16.86 5.49256 -4.53659 12.9547 3.2495 -3.26872 -81.8161 48.4669 8.72774 29.2081 0.0598081 0.137039 3.5103 -0.511067 -17.1544 24.234 0.0496219 0.113701 -36.5307 -69.1102 -33.1334 -1.23299 -7.60729 7.53365 -24.2654 3.1921 0.478989 -12.9547 3.2495 -3.26872 83.4093 46.956 -5.13097 -29.2081 0.0598081 0.137039 -4.35713 -0.80274 21.4625 -24.234 0.0496218 0.113702 24.9757 -62.2625 18.2575 9.23673 -4.20556 2.0327 -3.57482 5.62927 -1.12672 -0.852353 -38.7721 -0.655187 -0.593758 2.21745 -0.0272168 -2.32622 -40.4017 -6.04875 -3.57038 3.34445 15.6107 0.779096 -9.8844 12.4959 2.6431e-17 -7.95089e-16 1.23746e-17 -9.23673 -4.20556 2.0327 -15.3494 -1.09386 18.7277 0.852353 -38.7721 -0.655187 1.63531 6.10093 0.0194351 2.32622 -40.4017 -6.04875 7.61721 -5.87297 -15.7102 -0.779096 -9.8844 12.4959 1.95619e-16 -5.96206e-16 -1.27718e-14 
-0.166825 92.5345 66.9139 -8.32195 7.03167 -179.626 0 5.07867 -1.15138 -3.2596 3.60666 0.53914 0 5.61661 1.07143 -2.67959 2.45613 0.258302 -1.02604e-17 5.98978 0.11501 -2.13086 1.81243 0.332488 -1.10457e-17 6.50583 -0.443523 -1.47806 0.378405 0.27167 -1.97295e-17 7.60548 -1.50593 -0.720748 -0.55925 0.295492 -2.53307e-17 9.49737 -0.914492 0.115094 -2.0907 0.144181 -2.90401e-17 10.5513 1.57691 0.138281 0.574777 -0.232762 -1.29193e-17 4.78644 0.715339 1.33348 6.01754 -0.796583 -1.8116e-17 4.82109 0.421791 0.386615 -5.52217 -0.562297 -2.00958e-17 4.83041 0.765062 1.15903 -7.66702 2.99348 1.23299 -7.60731 7.53374 16.6927 5.49458 -4.5452 12.9547 3.2495 -3.26872 -81.6103 48.3448 8.6502 29.2081 0.0598081 0.137039 3.50639 -0.509881 -17.1347 24.234 0.0496219 0.113701 -36.4281 -69.0478 -33.0467 -1.23299 -7.60729 7.53365 -23.99 3.20095 0.529461 -12.9547 3.2495 -3.26872 83.1825 46.8238 -5.03983 -29.2081 0.0598081 0.137039 -4.34689 -0.798779 21.4097 -24.234 0.0496218 0.113702 24.8202 -62.2148 18.1459 9.23673 -4.20556 2.0327 -3.55157 5.64934 -1.15068 -0.852353 -38.7721 -0.655187 -0.593139 2.21513 -0.0272004 -2.32622 -40.4017 -6.04875 -3.60876 3.31928 15.6208 0.779096 -9.8844 12.4959 4.20834e-16 -7.82764e-16 4.94675e-20 -9.23673 -4.20556 2.0327 -15.321 -1.11641 18.7325 0.852353 -38.7721 -0.655187 1.64839 6.14952 0.0188877 2.32622 -40.4017 -6.04875 7.56276 -5.85401 -15.7168 -0.779096 -9.8844 12.4959 -5.93188e-16 -5.5923e-16 -1.27472e-14 
-0.161089 92.5353 66.901 -8.31014 7.04689 -179.642 0 5.07867 -1.15138 -3.25676 3.60087 0.538743 0 5.61661 1.07143 -2.6766 2.45504 0.256534 -1.02604e-17 5.98978 0.11501 -2.1278 1.81534 0.330648 -1.10457e-17 6.50583 -0.443523 -1.47574 0.387583 0.270108 -1.97295e-17 7.60548 -1.50593 -0.719218 -0.549911 0.294255 -2.53307e-17 9.49737 -0.914492 0.115725 -2.07438 0.142676 -2.90401e-17 10.5513 1.57691 0.137242 0.575476 -0.231532 -1.29193e-17 4.78644 0.715339 1.3271 5.97604 -0.811818 -1.8116e-17 4.82109 0.421791 0.38747 -5.50666 -0.568981 -2.00958e-17 4.83041 0.765062 1.16695 -7.65114 3.0321 1.23299 -7.60731 7.53374 16.5829 5.49514 -4.54532 12.9547 3.2495 -3.26872 -81.4653 48.2922 8.59957 29.2081 0.0598081 0.137039 3.49903 -0.507658 -17.0978 24.234 0.0496219 0.113701 -36.4458 -69.0228 -33.0726 -1.23299 -7.60729 7.53365 -23.8484 3.20655 0.551074 -12.9547 3.2495 -3.26872 83.0251 46.7866 -4.95783 -29.2081 0.0598081 0.137039 -4.32968 -0.79215 21.3211 -24.234 0.0496218 0.113702 24.8524 -62.1743 18.1941 9.23673 -4.20556 2.0327 -3.53377 5.67597 -1.14505 -0.852353 -38.7721 -0.655187 -0.592995 2.2146 -0.0271966 -2.32622 -40.4017 -6.04875 -3.61036 3.31433 15.6216 0.779096 -9.8844 12.4959 2.6431e-17 -7.95089e-16 1.23746e-17 -9.23673 -4.20556 2.0327 -15.2969 -1.13787 18.7489 0.852353 -38.7721 -0.655187 1.6597 6.19152 0.0184054 2.32622 -40.4017 -6.04875 7.54472 -5.84095 -15.72 -0.779096 -9.8844 12.4959 -5.96354e-16 -5.59082e-16 -1.27471e-14 
-0.156958 92.5358 66.8884 -8.30474 7.05914 -179.639 0 5.07867 -1.15138 -3.25383 3.60487 0.537269 0 5.61661 1.07143 -2.67394 2.45776 0.254472 -1.02604e-17 5.98978 0.11501 -2.12544 1.81579 0.32853 -1.10457e-17 6.50583 -0.443523 -1.474 0.385828 0.267935 -1.97295e-17 7.60548 -1.50593 -0.718386 -0.555484 0.291944 -2.53307e-17 9.49737 -0.914492 0.115477 -2.08154 0.140247 -2.90401e-17 10.5513 1.57691 0.136966 0.576777 -0.231351 -1.29193e-17 4.78644 0.715339 1.32657 5.97804 -0.793102 -1.8116e-17 4.82109 0.421791 0.392328 -5.50179 -0.560352 -2.00958e-17 4.83041 0.765062 1.14462 -7.64203 3.00278 1.23299 -7.60731 7.53374 16.5482 5.4994 -4.54875 12.9547 3.2495 -3.26872 -81.4462 48.2781 8.60063 29.2081 0.0598081 0.137039 3.49696 -0.507033 -17.0873 24.234 0.0496219 0.113701 -36.3888 -69.0193 -33.0363 -1.23299 -7.60729 7.53365 -23.8122 3.20943 0.553271 -12.9547 3.2495 -3.26872 83.0155 46.771 -4.9417 -29.2081 0.0598081 0.137039 -4.3192 -0.788127 21.2671 -24.234 0.0496218 0.113702 24.8321 -62.143 18.1863 9.23673 -4.20556 2.0327 -3.52239 5.69837 -1.13874 -0.852353 -38.7721 -0.655187 -0.593002 2.21462 -0.0271967 -2.32622 -40.4017 -6.04875 -3.61138 3.31433 15.6208 0.779096 -9.8844 12.4959 4.20834e-16 -7.82764e-16 4.94675e-20 -9.23673 -4.20556 2.0327 -15.2769 -1.14604 18.7427 0.852353 -38.7721 -0.655187 1.66661 6.21719 0.0181065 2.32622 -40.4017 -6.04875 7.4799 -5.81798 -15.721 -0.779096 -9.8844 12.4959 -2.00368e-16 -5.83831e-16 -1.27594e-14 
-0.15324 92.537 66.8762 -8.31526 7.07756 -179.627 0 5.07867 -1.15138 -3.25 3.5975 0.537123 0 5.61661 1.07143 -2.67035 2.45623 0.253231 -1.02604e-17 5.98978 0.11501 -2.12193 1.82142 0.327101 -1.10457e-17 6.50583 -0.443523 -1.4719 0.401173 0.266854 -1.97295e-17 7.60548 -1.50593 -0.717873 -0.537575 0.291729 -2.53307e-17 9.49737 -0.914492 0.113677 -2.05356 0.138947 -2.90401e-17 10.5513 1.57691 0.135239 0.576275 -0.229369 -1.29193e-17 4.78644 0.715339 1.30434 5.96973 -0.80813 -1.8116e-17 4.82109 0.421791 0.36996 -5.5279 -0.568292 -2.00958e-17 4.83041 0.765062 1.15602 -7.6483 3.01983 1.23299 -7.60731 7.53374 16.4976 5.48546 -4.51909 12.9547 3.2495 -3.26872 -81.3703 48.2624 8.51436 29.2081 0.0598081 0.137039 3.49485 -0.506396 -17.0767 24.234 0.0496219 0.113701 -36.2431 -68.9976 -32.8933 -1.23299 -7.60729 7.53365 -23.5741 3.20834 0.578836 -12.9547 3.2495 -3.26872 82.8654 46.6103 -4.84007 -29.2081 0.0598081 0.137039 -4.29532 -0.779006 21.1442 -24.234 0.0496218 0.113702 24.5852 -62.0357 17.9927 9.23673 -4.20556 2.0327 -3.52463 5.73202 -1.14567 -0.852353 -38.7721 -0.655187 -0.589974 2.20331 -0.027116 -2.32622 -40.4017 -6.04875 -3.65162 3.31745 15.6293 0.779096 -9.8844 12.4959 1.21439e-15 -7.45591e-16 -3.71237e-17 -9.23673 -4.20556 2.0327 -15.2753 -1.15552 18.7452 0.852353 -38.7721 -0.655187 1.67842 6.26105 0.0175886 2.32622 -40.4017 -6.04875 7.44229 -5.81067 -15.7252 -0.779096 -9.8844 12.4959 -1.38674e-15 -5.34432e-16 -1.271e-14 
-0.149622 92.5376 66.8638 -8.31368 7.09 -179.612 0 5.07867 -1.15138 -3.2506 3.61056 0.534058 0 5.61661 1.07143 -2.66963 2.46508 0.249202 -1.02604e-17 5.98978 0.11501 -2.12083 1.8249 0.323087 -1.10457e-17 6.50583 -0.443523 -1.47034 0.396575 0.262713 -1.97295e-17 7.60548 -1.50593 -0.716709 -0.549665 0.287462 -2.53307e-17 9.49737 -0.914492 0.114076 -2.07015 0.134678 -2.90401e-17 10.5513 1.57691 0.135159 0.578005 -0.228835 -1.29193e-17 4.78644 0.715339 1.30426 5.97161 -0.802653 -1.8116e-17 4.82109 0.421791 0.378561 -5.5074 -0.565195 -2.00958e-17 4.83041 0.765062 1.13476 -7.63796 3.02056 1.23299 -7.60731 7.53374 16.5155 5.49055 -4.51384 12.9547 3.2495 -3.26872 -81.4028 48.2699 8.51123 29.2081 0.0598081 0.137039 3.49041 -0.50506 -17.0544 24.234 0.0496219 0.113701 -36.1781 -68.9832 -32.8517 -1.23299 -7.60729 7.53365 -23.5633 3.22004 0.587486 -12.9547 3.2495 -3.26872 82.8652 46.5658 -4.82275 -29.2081 0.0598081 0.137039 -4.27563 -0.771525 21.0429 -24.234 0.0496218 0.113702 24.6552 -61.955 18.0755 9.23673 -4.20556 2.0327 -3.51758 5.75975 -1.14785 -0.852353 -38.7721 -0.655187 -0.586989 2.19216 -0.0270359 -2.32622 -40.4017 -6.04875 -3.65489 3.32039 15.629 0.779096 -9.8844 12.4959 -1.95033e-15 -8.81563e-16 9.88482e-17 -9.23673 -4.20556 2.0327 -15.2663 -1.16115 18.7365 0.852353 -38.7721 -0.655187 1.68621 6.29 0.0172418 2.32622 -40.4017 -6.04875 7.43759 -5.80503 -15.7279 -0.779096 -9.8844 12.4959 -2.03534e-16 -5.83732e-16 -1.27593e-14 
-0.144639 92.5381 66.8513 -8.30832 7.10224 -179.609 0 5.07867 -1.15138 -3.24598 3.61239 0.529682 0 5.61661 1.07143 -2.66457 2.46855 0.243385 -1.02604e-17 5.98978 0.11501 -2.11605 1.82954 0.317119 -1.10457e-17 6.50583 -0.443523 -1.46664 0.40293 0.256851 -1.97295e-17 7.60548 -1.50593 -0.715407 -0.545827 0.281715 -2.53307e-17 9.49737 -0.914492 0.111923 -2.0623 0.128251 -2.90401e-17 10.5513 1.57691 0.134073 0.578436 -0.227591 -1.29193e-17 4.78644 0.715339 1.29123 5.95505 -0.766051 -1.8116e-17 4.82109 0.421791 0.369286 -5.50647 -0.548828 -2.00958e-17 4.83041 0.765062 1.13666 -7.6263 2.99024 1.23299 -7.60731 7.53374 16.4561 5.49254 -4.50162 12.9547 3.2495 -3.26872 -81.4619 48.2409 8.49031 29.2081 0.0598081 0.137039 3.48654 -0.503894 -17.035 24.234 0.0496219 0.113701 -35.8618 -69.003 -32.6073 -1.23299 -7.60729 7.53365 -23.4 3.22454 0.610979 -12.9547 3.2495 -3.26872 82.7438 46.4318 -4.74207 -29.2081 0.0598081 0.137039 -4.25445 -0.763528 20.9341 -24.234 0.0496218 0.113702 24.5217 -61.8258 17.9606 9.23673 -4.20556 2.0327 -3.50418 5.78677 -1.15524 -0.852353 -38.7721 -0.655187 -0.585205 2.18549 -0.0269877 -2.32622 -40.4017 -6.04875 -3.68703 3.31044 15.6368 0.779096 -9.8844 12.4959 1.20489e-15 -7.45987e-16 -3.6728e-17 -9.23673 -4.20556 2.0327 -15.2447 -1.18177 18.7417 0.852353 -38.7721 -0.655187 1.6993 6.33859 0.0166508 2.32622 -40.4017 -6.04875 7.36604 -5.78418 -15.7302 -0.779096 -9.8844 12.4959 1.97202e-16 -5.96305e-16 -1.27719e-14 
-0.140021 92.538 66.839 -8.29078 7.10848 -179.605 0 5.07867 -1.15138 -3.23848 3.62096 0.526645 0 5.61661 1.07143 -2.65739 2.47442 0.240426 -1.02604e-17 5.98978 0.11501 -2.11011 1.83168 0.314118 -1.10457e-17 6.50583 -0.443523 -1.46209 0.399436 0.253953 -1.97295e-17 7.60548 -1.50593 -0.712787 -0.554341 0.27829 -2.53307e-17 9.49737 -0.914492 0.112155 -2.07266 0.125078 -2.90401e-17 10.5513 1.57691 0.133387 0.579929 -0.226905 -1.29193e-17 4.78644 0.715339 1.29122 5.95983 -0.790404 -1.8116e-17 4.82109 0.421791 0.367505 -5.49708 -0.559347 -2.00958e-17 4.83041 0.765062 1.1391 -7.6098 3.03061 1.23299 -7.60731 7.53374 16.4453 5.49057 -4.48739 12.9547 3.2495 -3.26872 -81.4418 48.2055 8.46857 29.2081 0.0598081 0.137039 3.47509 -0.500456 -16.9774 24.234 0.0496219 0.113701 -35.8846 -68.9343 -32.6178 -1.23299 -7.60729 7.53365 -23.3784 3.23597 0.611053 -12.9547 3.2495 -3.26872 82.7376 46.4272 -4.73377 -29.2081 0.0598081 0.137039 -4.2341 -0.755885 20.8296 -24.234 0.0496218 0.113702 24.5921 -61.7753 18.0741 9.23673 -4.20556 2.0327 -3.47932 5.80256 -1.1668 -0.852353 -38.7721 -0.655187 -0.586065 2.18871 -0.027011 -2.32622 -40.4017 -6.04875 -3.68227 3.29587 15.6361 0.779096 -9.8844 12.4959 -3.66389e-16 -8.07315e-16 2.46007e-17 -9.23673 -4.20556 2.0327 -15.2186 -1.20286 18.7458 0.852353 -38.7721 -0.655187 1.70963 6.37694 0.0161762 2.32622 -40.4017 -6.04875 7.37532 -5.77896 -15.7354 -0.779096 -9.8844 12.4959 -5.93188e-16 -5.5923e-16 -1.27472e-14 
-0.134716 92.5396 66.8269 -8.28001 7.13291 -179.6 0 5.07867 -1.15138 -3.25157 3.64977 0.525638 0 5.61661 1.07143 -2.6673 2.49091 0.236526 -1.02604e-17 5.98978 0.11501 -2.11685 1.83401 0.309234 -1.10457e-17 6.50583 -0.443523 -1.46569 0.377719 0.248198 -1.97295e-17 7.60548 -1.50593 -0.714009 -0.588429 0.272886 -2.53307e-17 9.49737 -0.914492 0.112284 -2.12065 0.118897 -2.90401e-17 10.5513 1.57691 0.132855 0.584971 -0.229248 -1.29193e-17 4.78644 0.715339 1.30582 6.06973 -0.786123 -1.8116e-17 4.82109 0.421791 0.371601 -5.48969 -0.557283 -2.00958e-17 4.83041 0.765062 1.16256 -7.63477 3.04535 1.23299 -7.60731 7.53374 16.5286 5.49658 -4.471 12.9547 3.2495 -3.26872 -81.447 48.1829 8.54677 29.2081 0.0598081 0.137039 3.47063 -0.49912 -16.955 24.234 0.0496219 0.113701 -36.0463 -68.8505 -32.7258 -1.23299 -7.60729 7.53365 -23.4605 3.24059 0.576253 -12.9547 3.2495 -3.26872 83.1094 46.3782 -4.79314 -29.2081 0.0598081 0.137039 -4.22373 -0.752004 20.7763 -24.234 0.0496218 0.113702 24.1868 -61.6475 17.7214 9.23673 -4.20556 2.0327 -3.46037 5.83101 -1.1802 -0.852353 -38.7721 -0.655187 -0.588215 2.19674 -0.0270689 -2.32622 -40.4017 -6.04875 -3.66265 3.30237 15.6306 0.779096 -9.8844 12.4959 2.32651e-17 -7.95188e-16 1.24735e-17 -9.23673 -4.20556 2.0327 -15.1956 -1.18212 18.7411 0.852353 -38.7721 -0.655187 1.70839 6.37233 0.0162336 2.32622 -40.4017 -6.04875 7.34136 -5.75002 -15.7358 -0.779096 -9.8844 12.4959 -5.96354e-16 -5.59082e-16 -1.27471e-14 
-0.127713 92.5397 66.8141 -8.26821 7.14819 -179.616 0 5.07867 -1.15138 -3.26193 3.66561 0.51919 0 5.61661 1.07143 -2.6738 2.50271 0.226812 -1.02604e-17 5.98978 0.11501 -2.12103 1.84111 0.297927 -1.10457e-17 6.50583 -0.443523 -1.46688 0.377981 0.23578 -1.97295e-17 7.60548 -1.50593 -0.715003 -0.594413 0.260607 -2.53307e-17 9.49737 -0.914492 0.110133 -2.13096 0.106845 -2.90401e-17 10.5513 1.57691 0.132779 0.584349 -0.231079 -1.29193e-17 4.78644 0.715339 1.31218 6.10098 -0.729006 -1.8116e-17 4.82109 0.421791 0.377648 -5.48835 -0.53088 -2.00958e-17 4.83041 0.765062 1.181 -7.65978 3.03574 1.23299 -7.60731 7.53374 16.5493 5.50526 -4.47059 12.9547 3.2495 -3.26872 -81.4822 48.1505 8.62441 29.2081 0.0598081 0.137039 3.47665 -0.500924 -16.9853 24.234 0.0496219 0.113701 -36.0408 -68.8834 -32.7528 -1.23299 -7.60729 7.53365 -23.4913 3.23503 0.570371 -12.9547 3.2495 -3.26872 83.1429 46.253 -4.71853 -29.2081 0.0598081 0.137039 -4.21752 -0.749687 20.7445 -24.234 0.0496218 0.113702 24.0981 -61.4709 17.5759 9.23673 -4.20556 2.0327 -3.44072 5.86011 -1.15757 -0.852353 -38.7721 -0.655187 -0.587874 2.19547 -0.0270597 -2.32622 -40.4017 -6.04875 -3.71358 3.28222 15.6445 0.779096 -9.8844 12.4959 -1.16311e-15 -8.44637e-16 6.19223e-17 -9.23673 -4.20556 2.0327 -15.1719 -1.21143 18.7582 0.852353 -38.7721 -0.655187 1.72341 6.42811 0.0155322 2.32622 -40.4017 -6.04875 7.34199 -5.74478 -15.7385 -0.779096 -9.8844 12.4959 -5.96354e-16 -5.59082e-16 -1.27471e-14 
-0.122402 92.5399 66.8013 -8.26281 7.16045 -179.614 0 5.07867 -1.15138 -3.26391 3.674 0.510356 0 5.61661 1.07143 -2.67341 2.50922 0.216009 -1.02604e-17 5.98978 0.11501 -2.12008 1.84403 0.286137 -1.10457e-17 6.50583 -0.443523 -1.46497 0.376358 0.223414 -1.97295e-17 7.60548 -1.50593 -0.715002 -0.600043 0.247735 -2.53307e-17 9.49737 -0.914492 0.106736 -2.13882 0.094726 -2.90401e-17 10.5513 1.57691 0.131908 0.583803 -0.231879 -1.29193e-17 4.78644 0.715339 1.31564 6.12574 -0.708178 -1.8116e-17 4.82109 0.421791 0.357694 -5.47324 -0.521512 -2.00958e-17 4.83041 0.765062 1.21348 -7.6732 3.05742 1.23299 -7.60731 7.53374 16.5352 5.50859 -4.47271 12.9547 3.2495 -3.26872 -81.4836 48.1188 8.68694 29.2081 0.0598081 0.137039 3.47774 -0.501252 -16.9908 24.234 0.0496219 0.113701 -36.0949 -68.8845 -32.8169 -1.23299 -7.60729 7.53365 -23.5031 3.23411 0.576852 -12.9547 3.2495 -3.26872 83.1888 46.2277 -4.70193 -29.2081 0.0598081 0.137039 -4.20361 -0.74451 20.6731 -24.234 0.0496218 0.113702 24.09 -61.3787 17.5921 9.23673 -4.20556 2.0327 -3.42947 5.88269 -1.15347 -0.852353 -38.7721 -0.655187 -0.588108 2.19634 -0.027066 -2.32622 -40.4017 -6.04875 -3.71812 3.27691 15.6473 0.779096 -9.8844 12.4959 1.60404e-15 -7.33464e-16 -4.9251e-17 -9.23673 -4.20556 2.0327 -15.1537 -1.23056 18.7665 0.852353 -38.7721 -0.655187 1.73601 6.47485 0.0149332 2.32622 -40.4017 -6.04875 7.31227 -5.73792 -15.7447 -0.779096 -9.8844 12.4959 -2.00368e-16 -5.83831e-16 -1.27594e-14 
-0.116717 92.5397 66.7885 -8.27496 7.1665 -179.616 0 5.07867 -1.15138 -3.26329 3.67986 0.505273 0 5.61661 1.07143 -2.67191 2.51357 0.209857 -1.02604e-17 5.98978 0.11501 -2.1184 1.84528 0.279617 -1.10457e-17 6.50583 -0.443523 -1.46317 0.373499 0.216691 -1.97295e-17 7.60548 -1.50593 -0.714433 -0.60603 0.240792 -2.53307e-17 9.49737 -0.914492 0.105182 -2.14717 0.0878655 -2.90401e-17 10.5513 1.57691 0.131572 0.584985 -0.231766 -1.29193e-17 4.78644 0.715339 1.31443 6.15024 -0.678932 -1.8116e-17 4.82109 0.421791 0.358839 -5.46564 -0.50817 -2.00958e-17 4.83041 0.765062 1.19395 -7.68192 3.04058 1.23299 -7.60731 7.53374 16.5335 5.50871 -4.44974 12.9547 3.2495 -3.26872 -81.5674 48.1398 8.71842 29.2081 0.0598081 0.137039 3.48176 -0.502459 -17.011 24.234 0.0496219 0.113701 -35.9364 -68.9031 -32.6922 -1.23299 -7.60729 7.53365 -23.4888 3.23623 0.57077 -12.9547 3.2495 -3.26872 83.2013 46.1657 -4.68288 -29.2081 0.0598081 0.137039 -4.1915 -0.740021 20.611 -24.234 0.0496218 0.113702 24.0248 -61.2714 17.5367 9.23673 -4.20556 2.0327 -3.43558 5.89905 -1.14503 -0.852353 -38.7721 -0.655187 -0.587298 2.19331 -0.0270442 -2.32622 -40.4017 -6.04875 -3.73251 3.28226 15.6507 0.779096 -9.8844 12.4959 -1.94875e-15 -8.81513e-16 9.87987e-17 -9.23673 -4.20556 2.0327 -15.1563 -1.25165 18.7728 0.852353 -38.7721 -0.655187 1.74565 6.51065 0.0144673 2.32622 -40.4017 -6.04875 7.29729 -5.74375 -15.7453 -0.779096 -9.8844 12.4959 -5.94771e-16 -5.59181e-16 -1.27471e-14 
-0.111307 92.5396 66.7755 -8.28718 7.17253 -179.618 0 5.07867 -1.15138 -3.26678 3.68989 0.501985 0 5.61661 1.07143 -2.67414 2.52007 0.205147 -1.02604e-17 5.98978 0.11501 -2.1199 1.84717 0.274367 -1.10457e-17 6.50583 -0.443523 -1.46378 0.368677 0.211154 -1.97295e-17 7.60548 -1.50593 -0.71522 -0.615339 0.235218 -2.53307e-17 9.49737 -0.914492 0.103701 -2.15935 0.082968 -2.90401e-17 10.5513 1.57691 0.130943 0.585799 -0.231991 -1.29193e-17 4.78644 0.715339 1.31567 6.15091 -0.688863 -1.8116e-17 4.82109 0.421791 0.356798 -5.45489 -0.512329 -2.00958e-17 4.83041 0.765062 1.20926 -7.67435 3.07133 1.23299 -7.60731 7.53374 16.5309 5.5138 -4.44637 12.9547 3.2495 -3.26872 -81.5945 48.0979 8.77822 29.2081 0.0598081 0.137039 3.48689 -0.503999 -17.0367 24.234 0.0496219 0.113701 -35.8641 -68.8397 -32.6198 -1.23299 -7.60729 7.53365 -23.5076 3.24304 0.571322 -12.9547 3.2495 -3.26872 83.243 46.1743 -4.69327 -29.2081 0.0598081 0.137039 -4.18606 -0.73801 20.5831 -24.234 0.0496218 0.113702 24.0273 -61.2396 17.553 9.23673 -4.20556 2.0327 -3.43968 5.91233 -1.14001 -0.852353 -38.7721 -0.655187 -0.588035 2.19607 -0.027064 -2.32622 -40.4017 -6.04875 -3.74704 3.28754 15.6526 0.779096 -9.8844 12.4959 1.69333e-17 -7.95485e-16 1.27703e-17 -9.23673 -4.20556 2.0327 -15.1606 -1.26238 18.7767 0.852353 -38.7721 -0.655187 1.75042 6.52835 0.0142347 2.32622 -40.4017 -6.04875 7.30065 -5.7529 -15.7478 -0.779096 -9.8844 12.4959 -5.96354e-16 -5.59082e-16 -1.27471e-14 
-0.105305 92.5391 66.7626 -8.28454 7.1757 -179.624 0 5.07867 -1.15138 -3.26069 3.70149 0.496898 0 5.61661 1.07143 -2.66844 2.5269 0.201066 -1.02604e-17 5.98978 0.11501 -2.11567 1.8466 0.2706 -1.10457e-17 6.50583 -0.443523 -1.46045 0.357456 0.207219 -1.97295e-17 7.60548 -1.50593 -0.713935 -0.631412 0.230419 -2.53307e-17 9.49737 -0.914492 0.102296 -2.18461 0.0784577 -2.90401e-17 10.5513 1.57691 0.131533 0.587357 -0.231927 -1.29193e-17 4.78644 0.715339 1.31669 6.17929 -0.630291 -1.8116e-17 4.82109 0.421791 0.37279 -5.44591 -0.485347 -2.00958e-17 4.83041 0.765062 1.18495 -7.68481 3.00788 1.23299 -7.60731 7.53374 16.614 5.51512 -4.41801 12.9547 3.2495 -3.26872 -81.8509 48.1511 8.83081 29.2081 0.0598081 0.137039 3.49642 -0.506869 -17.0846 24.234 0.0496219 0.113701 -35.4528 -68.855 -32.2622 -1.23299 -7.60729 7.53365 -23.599 3.24745 0.550203 -12.9547 3.2495 -3.26872 83.3182 46.1614 -4.72479 -29.2081 0.0598081 0.137039 -4.18492 -0.737586 20.5773 -24.234 0.0496218 0.113702 24.0678 -61.1632 17.5582 9.23673 -4.20556 2.0327 -3.43244 5.93201 -1.12306 -0.852353 -38.7721 -0.655187 -0.585089 2.18506 -0.0269846 -2.32622 -40.4017 -6.04875 -3.76256 3.28148 15.6568 0.779096 -9.8844 12.4959 1.21279e-15 -7.45641e-16 -3.70737e-17 -9.23673 -4.20556 2.0327 -15.1449 -1.28774 18.7901 0.852353 -38.7721 -0.655187 1.76023 6.56475 0.0137516 2.32622 -40.4017 -6.04875 7.25713 -5.74435 -15.747 -0.779096 -9.8844 12.4959 -5.96354e-16 -5.59082e-16 -1.27471e-14 
-0.0999152 92.5382 66.7497 -8.28453 7.17571 -179.624 0 5.07867 -1.15138 -3.22623 3.70557 0.493493 0 5.61661 1.07143 -2.64011 2.531 0.203293 -1.02604e-17 5.98978 0.11501 -2.09538 1.85161 0.273876 -1.10457e-17 6.50583 -0.443523 -1.44776 0.365558 0.21129 -1.97295e-17 7.60548 -1.50593 -0.708947 -0.622806 0.232817 -2.53307e-17 9.49737 -0.914492 0.100057 -2.1716 0.0824158 -2.90401e-17 10.5513 1.57691 0.131356 0.584892 -0.227936 -1.29193e-17 4.78644 0.715339 1.29317 6.07436 -0.661957 -1.8116e-17 4.82109 0.421791 0.350952 -5.44026 -0.50018 -2.00958e-17 4.83041 0.765062 1.15121 -7.62747 3.01957 1.23299 -7.60731 7.53374 16.6038 5.51515 -4.41752 12.9547 3.2495 -3.26872 -82.0199 48.141 8.81818 29.2081 0.0598081 0.137039 3.50539 -0.509581 -17.1297 24.234 0.0496219 0.113701 -35.0362 -68.7834 -31.9031 -1.23299 -7.60729 7.53365 -23.521 3.26905 0.591376 -12.9547 3.2495 -3.26872 82.9773 46.1239 -4.72799 -29.2081 0.0598081 0.137039 -4.18104 -0.736156 20.5574 -24.234 0.0496218 0.113702 24.4863 -61.186 17.9367 9.23673 -4.20556 2.0327 -3.42364 5.947 -1.10105 -0.852353 -38.7721 -0.655187 -0.583263 2.17824 -0.026935 -2.32622 -40.4017 -6.04875 -3.82054 3.26054 15.6705 0.779096 -9.8844 12.4959 8.21574e-16 -7.57817e-16 -2.48977e-17 -9.23673 -4.20556 2.0327 -15.1365 -1.32369 18.7952 0.852353 -38.7721 -0.655187 1.77445 6.61752 0.0130401 2.32622 -40.4017 -6.04875 7.2737 -5.75845 -15.7519 -0.779096 -9.8844 12.4959 -9.92336e-16 -5.46707e-16 -1.27223e-14 
-0.0936934 92.5374 66.7368 -8.28079 7.17554 -179.636 0 5.07867 -1.15138 -3.21298 3.71644 0.498757 0 5.61661 1.07143 -2.63025 2.53758 0.211019 -1.02604e-17 5.98978 0.11501 -2.08802 1.85513 0.282757 -1.10457e-17 6.50583 -0.443523 -1.44397 0.361136 0.221501 -1.97295e-17 7.60548 -1.50593 -0.705955 -0.629704 0.242698 -2.53307e-17 9.49737 -0.914492 0.103111 -2.17451 0.0918712 -2.90401e-17 10.5513 1.57691 0.130457 0.587065 -0.224642 -1.29193e-17 4.78644 0.715339 1.28558 5.9983 -0.750041 -1.8116e-17 4.82109 0.421791 0.353596 -5.44138 -0.539688 -2.00958e-17 4.83041 0.765062 1.1797 -7.56004 3.08774 1.23299 -7.60731 7.53374 16.525 5.52431 -4.43615 12.9547 3.2495 -3.26872 -81.9232 48.1047 8.78194 29.2081 0.0598081 0.137039 3.49933 -0.50775 -17.0993 24.234 0.0496219 0.113701 -34.9871 -68.6181 -31.8309 -1.23299 -7.60729 7.53365 -23.4049 3.3017 0.626376 -12.9547 3.2495 -3.26872 82.8883 46.2271 -4.81364 -29.2081 0.0598081 0.137039 -4.17737 -0.734802 20.5386 -24.234 0.0496218 0.113702 24.6258 -61.3286 18.1855 9.23673 -4.20556 2.0327 -3.41185 5.95694 -1.10931 -0.852353 -38.7721 -0.655187 -0.583118 2.1777 -0.0269311 -2.32622 -40.4017 -6.04875 -3.80138 3.25778 15.6641 0.779096 -9.8844 12.4959 1.21597e-15 -7.45492e-16 -3.72225e-17 -9.23673 -4.20556 2.0327 -15.1185 -1.34213 18.8213 0.852353 -38.7721 -0.655187 1.77878 6.63358 0.0128211 2.32622 -40.4017 -6.04875 7.24039 -5.75355 -15.7545 -0.779096 -9.8844 12.4959 -5.97942e-16 -5.59032e-16 -1.2747e-14 
-0.089193 92.5368 66.7241 -8.28452 7.17571 -179.624 0 5.07867 -1.15138 -3.19495 3.71514 0.502264 0 5.61661 1.07143 -2.61617 2.53916 0.217475 -1.02604e-17 5.98978 0.11501 -2.07731 1.86238 0.290408 -1.10457e-17 6.50583 -0.443523 -1.43756 0.376187 0.230448 -1.97295e-17 7.60548 -1.50593 -0.701627 -0.611912 0.251356 -2.53307e-17 9.49737 -0.914492 0.106338 -2.14479 0.0998026 -2.90401e-17 10.5513 1.57691 0.130755 0.58658 -0.220419 -1.29193e-17 4.78644 0.715339 1.26891 5.8645 -0.799578 -1.8116e-17 4.82109 0.421791 0.379068 -5.44303 -0.561566 -2.00958e-17 4.83041 0.765062 1.1449 -7.48164 3.08704 1.23299 -7.60731 7.53374 16.3894 5.53723 -4.46712 12.9547 3.2495 -3.26872 -81.8472 48.1294 8.70727 29.2081 0.0598081 0.137039 3.50476 -0.509388 -17.1265 24.234 0.0496219 0.113701 -34.7254 -68.5767 -31.6199 -1.23299 -7.60729 7.53365 -23.2155 3.32354 0.677429 -12.9547 3.2495 -3.26872 82.4987 46.1814 -4.79068 -29.2081 0.0598081 0.137039 -4.18229 -0.736614 20.5638 -24.234 0.0496218 0.113702 24.9267 -61.4123 18.4427 9.23673 -4.20556 2.0327 -3.40896 5.97062 -1.105 -0.852353 -38.7721 -0.655187 -0.581173 2.17043 -0.026878 -2.32622 -40.4017 -6.04875 -3.83528 3.24937 15.6724 0.779096 -9.8844 12.4959 -7.62352e-16 -8.32063e-16 4.93489e-17 -9.23673 -4.20556 2.0327 -15.1111 -1.37215 18.8263 0.852353 -38.7721 -0.655187 1.79198 6.68255 0.0121451 2.32622 -40.4017 -6.04875 7.21594 -5.75423 -15.755 -0.779096 -9.8844 12.4959 -9.92336e-16 -5.46707e-16 -1.27223e-14 
-0.0847807 92.5384 66.7114 -8.27757 7.20027 -179.607 0 5.07867 -1.15138 -3.16112 3.69259 0.499258 0 5.61661 1.07143 -2.58829 2.5288 0.220307 -1.02604e-17 5.98978 0.11501 -2.05695 1.85861 0.296436 -1.10457e-17 6.50583 -0.443523 -1.42505 0.383695 0.237462 -1.97295e-17 7.60548 -1.50593 -0.697159 -0.596487 0.25713 -2.53307e-17 9.49737 -0.914492 0.102865 -2.13114 0.104959 -2.90401e-17 10.5513 1.57691 0.131572 0.588684 -0.21739 -1.29193e-17 4.78644 0.715339 1.24196 5.90671 -0.667339 -1.8116e-17 4.82109 0.421791 0.384267 -5.40714 -0.502772 -2.00958e-17 4.83041 0.765062 1.0675 -7.52707 2.84258 1.23299 -7.60731 7.53374 16.5564 5.4985 -4.3562 12.9547 3.2495 -3.26872 -82.5893 48.2966 8.60831 29.2081 0.0598081 0.137039 3.51652 -0.512954 -17.1857 24.234 0.0496219 0.113701 -33.0866 -68.7035 -30.1813 -1.23299 -7.60729 7.53365 -23.2294 3.30645 0.627697 -12.9547 3.2495 -3.26872 82.4987 46.1814 -4.79189 -29.2081 0.0598081 0.137039 -4.18216 -0.736567 20.5631 -24.234 0.0496218 0.113702 24.8035 -61.4153 18.266 9.23673 -4.20556 2.0327 -3.39676 5.99695 -1.11846 -0.852353 -38.7721 -0.655187 -0.583582 2.17943 -0.0269437 -2.32622 -40.4017 -6.04875 -3.80535 3.26324 15.6663 0.779096 -9.8844 12.4959 1.20962e-15 -7.4579e-16 -3.69248e-17 -9.23673 -4.20556 2.0327 -15.0812 -1.36023 18.7997 0.852353 -38.7721 -0.655187 1.79891 6.70822 0.0117862 2.32622 -40.4017 -6.04875 7.06342 -5.70163 -15.7532 -0.779096 -9.8844 12.4959 -9.93923e-16 -5.46658e-16 -1.27222e-14 
-0.0789014 92.5392 66.6988 -8.28436 7.21857 -179.606 0 5.07867 -1.15138 -3.14362 3.74645 0.504947 0 5.61661 1.07143 -2.57533 2.55993 0.230441 -1.02604e-17 5.98978 0.11501 -2.04844 1.86701 0.308038 -1.10457e-17 6.50583 -0.443523 -1.4207 0.35231 0.249996 -1.97295e-17 7.60548 -1.50593 -0.693976 -0.646219 0.269046 -2.53307e-17 9.49737 -0.914492 0.106428 -2.1978 0.117628 -2.90401e-17 10.5513 1.57691 0.130398 0.596348 -0.215584 -1.29193e-17 4.78644 0.715339 1.24548 5.90916 -0.802265 -1.8116e-17 4.82109 0.421791 0.401896 -5.38746 -0.56184 -2.00958e-17 4.83041 0.765062 1.04107 -7.46973 2.93867 1.23299 -7.60731 7.53374 16.6653 5.50017 -4.30435 12.9547 3.2495 -3.26872 -82.7674 48.0378 8.58313 29.2081 0.0598081 0.137039 3.49517 -0.506492 -17.0783 24.234 0.0496219 0.113701 -32.6511 -68.2307 -29.6987 -1.23299 -7.60729 7.53365 -23.3507 3.35671 0.584012 -12.9547 3.2495 -3.26872 82.7411 46.2905 -4.98491 -29.2081 0.0598081 0.137039 -4.18524 -0.737705 20.5789 -24.234 0.0496218 0.113702 24.8474 -61.4807 18.3996 9.23673 -4.20556 2.0327 -3.38996 6.02018 -1.10681 -0.852353 -38.7721 -0.655187 -0.58475 2.1838 -0.0269754 -2.32622 -40.4017 -6.04875 -3.83361 3.26776 15.668 0.779096 -9.8844 12.4959 -1.9503e-15 -8.81561e-16 9.88466e-17 -9.23673 -4.20556 2.0327 -15.0889 -1.35227 18.7858 0.852353 -38.7721 -0.655187 1.80074 6.71504 0.0116904 2.32622 -40.4017 -6.04875 7.17248 -5.72735 -15.7585 -0.779096 -9.8844 12.4959 -1.3899e-15 -5.34283e-16 -1.27098e-14 
-0.0754052 92.5379 66.6861 -8.27865 7.20967 -179.586 0 5.07867 -1.15138 -3.13668 3.80592 0.505315 0 5.61661 1.07143 -2.57072 2.59292 0.233315 -1.02604e-17 5.98978 0.11501 -2.0464 1.87371 0.310946 -1.10457e-17 6.50583 -0.443523 -1.42029 0.314934 0.252912 -1.97295e-17 7.60548 -1.50593 -0.69425 -0.704828 0.271124 -2.53307e-17 9.49737 -0.914492 0.105818 -2.27855 0.121234 -2.90401e-17 10.5513 1.57691 0.131095 0.602131 -0.215334 -1.29193e-17 4.78644 0.715339 1.25275 5.92256 -0.838594 -1.8116e-17 4.82109 0.421791 0.414899 -5.38663 -0.57755 -2.00958e-17 4.83041 0.765062 1.02605 -7.41032 2.92906 1.23299 -7.60731 7.53374 16.7495 5.52736 -4.31334 12.9547 3.2495 -3.26872 -82.9278 47.9494 8.64997 29.2081 0.0598081 0.137039 3.49109 -0.505262 -17.0578 24.234 0.0496219 0.113701 -32.4218 -68.0249 -29.5086 -1.23299 -7.60729 7.53365 -23.489 3.39806 0.574175 -12.9547 3.2495 -3.26872 82.9333 46.1551 -5.15622 -29.2081 0.0598081 0.137039 -4.19306 -0.7406 20.619 -24.234 0.0496218 0.113702 24.9869 -61.3472 18.4857 9.23673 -4.20556 2.0327 -3.37903 6.02899 -1.10685 -0.852353 -38.7721 -0.655187 -0.581178 2.17045 -0.0268782 -2.32622 -40.4017 -6.04875 -3.8604 3.24941 15.6751 0.779096 -9.8844 12.4959 1.99682e-15 -7.08865e-16 -7.38496e-17 -9.23673 -4.20556 2.0327 -15.0732 -1.35886 18.7663 0.852353 -38.7721 -0.655187 1.79987 6.71181 0.0117358 2.32622 -40.4017 -6.04875 7.12699 -5.71605 -15.756 -0.779096 -9.8844 12.4959 -9.95511e-16 -5.46608e-16 -1.27222e-14 
-0.0698979 92.5361 66.6734 -8.28397 7.19743 -179.588 0 5.07867 -1.15138 -3.12437 3.80482 0.508293 0 5.61661 1.07143 -2.56153 2.5938 0.238322 -1.02604e-17 5.98978 0.11501 -2.0402 1.87739 0.316424 -1.10457e-17 6.50583 -0.443523 -1.41773 0.32074 0.259043 -1.97295e-17 7.60548 -1.50593 -0.694192 -0.69655 0.27773 -2.53307e-17 9.49737 -0.914492 0.103739 -2.2641 0.128007 -2.90401e-17 10.5513 1.57691 0.129961 0.602205 -0.212682 -1.29193e-17 4.78644 0.715339 1.22987 5.8704 -0.874936 -1.8116e-17 4.82109 0.421791 0.380565 -5.37511 -0.595463 -2.00958e-17 4.83041 0.765062 1.05711 -7.38982 2.93062 1.23299 -7.60731 7.53374 16.7255 5.52294 -4.29001 12.9547 3.2495 -3.26872 -82.9815 47.8381 8.59445 29.2081 0.0598081 0.137039 3.49228 -0.505622 -17.0638 24.234 0.0496219 0.113701 -31.982 -67.88 -29.122 -1.23299 -7.60729 7.53365 -23.324 3.41302 0.591893 -12.9547 3.2495 -3.26872 82.8053 46.0019 -5.15534 -29.2081 0.0598081 0.137039 -4.1957 -0.741579 20.6326 -24.234 0.0496218 0.113702 24.914 -61.299 18.4166 9.23673 -4.20556 2.0327 -3.37528 6.03266 -1.10825 -0.852353 -38.7721 -0.655187 -0.578619 2.16089 -0.026808 -2.32622 -40.4017 -6.04875 -3.91178 3.22718 15.688 0.779096 -9.8844 12.4959 -1.55114e-15 -8.69038e-16 8.63233e-17 -9.23673 -4.20556 2.0327 -15.0678 -1.39736 18.7636 0.852353 -38.7721 -0.655187 1.80977 6.7485 0.0112168 2.32622 -40.4017 -6.04875 7.10211 -5.72558 -15.7562 -0.779096 -9.8844 12.4959 -9.93923e-16 -5.46658e-16 -1.27222e-14 
-0.0626232 92.5343 66.66 -8.24949 7.18819 -179.615 0 5.07867 -1.15138 -3.10108 3.81621 0.509149 0 5.61661 1.07143 -2.54204 2.60125 0.242041 -1.02604e-17 5.98978 0.11501 -2.02502 1.88075 0.320867 -1.10457e-17 6.50583 -0.443523 -1.40769 0.316368 0.26457 -1.97295e-17 7.60548 -1.50593 -0.687978 -0.705025 0.282403 -2.53307e-17 9.49737 -0.914492 0.106132 -2.2681 0.132209 -2.90401e-17 10.5513 1.57691 0.128452 0.603782 -0.208646 -1.29193e-17 4.78644 0.715339 1.21232 5.72628 -0.91887 -1.8116e-17 4.82109 0.421791 0.373171 -5.34988 -0.615325 -2.00958e-17 4.83041 0.765062 1.04481 -7.27438 2.96928 1.23299 -7.60731 7.53374 16.6291 5.53835 -4.29879 12.9547 3.2495 -3.26872 -82.8979 47.6955 8.58841 29.2081 0.0598081 0.137039 3.4963 -0.506834 -17.084 24.234 0.0496219 0.113701 -31.8423 -67.7452 -28.9893 -1.23299 -7.60729 7.53365 -23.1335 3.45524 0.648669 -12.9547 3.2495 -3.26872 82.5519 45.9549 -5.17132 -29.2081 0.0598081 0.137039 -4.1946 -0.741169 20.6269 -24.234 0.0496218 0.113702 25.1155 -61.3198 18.647 9.23673 -4.20556 2.0327 -3.33416 6.03802 -1.09293 -0.852353 -38.7721 -0.655187 -0.578431 2.16019 -0.0268029 -2.32622 -40.4017 -6.04875 -3.92277 3.18712 15.6932 0.779096 -9.8844 12.4959 1.20644e-15 -7.45939e-16 -3.6776e-17 -9.23673 -4.20556 2.0327 -15.0215 -1.44636 18.7991 0.852353 -38.7721 -0.655187 1.8212 6.79089 0.0106092 2.32622 -40.4017 -6.04875 7.0992 -5.71764 -15.757 -0.779096 -9.8844 12.4959 -2.0196e-16 -5.83781e-16 -1.27593e-14 
-0.0577563 92.5334 66.6466 -8.23718 7.18214 -179.613 0 5.07867 -1.15138 -3.08422 3.8095 0.510779 0 5.61661 1.07143 -2.52838 2.59756 0.245334 -1.02604e-17 5.98978 0.11501 -2.01412 1.88029 0.324761 -1.10457e-17 6.50583 -0.443523 -1.40073 0.32092 0.269429 -1.97295e-17 7.60548 -1.50593 -0.68362 -0.698751 0.286794 -2.53307e-17 9.49737 -0.914492 0.108197 -2.25285 0.135932 -2.90401e-17 10.5513 1.57691 0.127463 0.604666 -0.205491 -1.29193e-17 4.78644 0.715339 1.19992 5.64264 -0.960335 -1.8116e-17 4.82109 0.421791 0.375989 -5.32562 -0.634172 -2.00958e-17 4.83041 0.765062 1.03143 -7.20549 2.99074 1.23299 -7.60731 7.53374 16.4858 5.54551 -4.30919 12.9547 3.2495 -3.26872 -82.7764 47.6194 8.55512 29.2081 0.0598081 0.137039 3.49811 -0.50738 -17.0931 24.234 0.0496219 0.113701 -31.6964 -67.6708 -28.872 -1.23299 -7.60729 7.53365 -22.9446 3.47449 0.684966 -12.9547 3.2495 -3.26872 82.3278 45.9287 -5.16932 -29.2081 0.0598081 0.137039 -4.19413 -0.740996 20.6245 -24.234 0.0496218 0.113702 25.2194 -61.3781 18.7613 9.23673 -4.20556 2.0327 -3.31513 6.04301 -1.09315 -0.852353 -38.7721 -0.655187 -0.578169 2.15921 -0.0267956 -2.32622 -40.4017 -6.04875 -3.92207 3.17152 15.6938 0.779096 -9.8844 12.4959 8.21574e-16 -7.57817e-16 -2.48977e-17 -9.23673 -4.20556 2.0327 -14.9942 -1.4811 18.8095 0.852353 -38.7721 -0.655187 1.83225 6.83186 0.0100138 2.32622 -40.4017 -6.04875 7.04486 -5.70392 -15.7576 -0.779096 -9.8844 12.4959 -5.94766e-16 -5.59181e-16 -1.27471e-14 
-0.0519832 92.5317 66.633 -8.20906 7.16994 -179.621 0 5.07867 -1.15138 -3.06568 3.79798 0.515424 0 5.61661 1.07143 -2.51371 2.59035 0.252784 -1.02604e-17 5.98978 0.11501 -2.003 1.87749 0.332882 -1.10457e-17 6.50583 -0.443523 -1.39397 0.32529 0.278316 -1.97295e-17 7.60548 -1.50593 -0.679182 -0.690427 0.294937 -2.53307e-17 9.49737 -0.914492 0.111301 -2.23838 0.143836 -2.90401e-17 10.5513 1.57691 0.127173 0.605311 -0.203532 -1.29193e-17 4.78644 0.715339 1.19655 5.61454 -0.998135 -1.8116e-17 4.82109 0.421791 0.385007 -5.31307 -0.650882 -2.00958e-17 4.83041 0.765062 1.01658 -7.17343 2.97894 1.23299 -7.60731 7.53374 16.4103 5.53764 -4.31176 12.9547 3.2495 -3.26872 -82.6813 47.6201 8.50261 29.2081 0.0598081 0.137039 3.49794 -0.507328 -17.0923 24.234 0.0496219 0.113701 -31.5965 -67.6073 -28.7876 -1.23299 -7.60729 7.53365 -22.8806 3.4835 0.687954 -12.9547 3.2495 -3.26872 82.2608 45.9985 -5.19523 -29.2081 0.0598081 0.137039 -4.19172 -0.740102 20.6121 -24.234 0.0496218 0.113702 25.3552 -61.4857 18.9326 9.23673 -4.20556 2.0327 -3.28174 6.04512 -1.09089 -0.852353 -38.7721 -0.655187 -0.577193 2.15556 -0.0267688 -2.32622 -40.4017 -6.04875 -3.90641 3.14558 15.691 0.779096 -9.8844 12.4959 1.21597e-15 -7.45492e-16 -3.72225e-17 -9.23673 -4.20556 2.0327 -14.9535 -1.52419 18.8177 0.852353 -38.7721 -0.655187 1.84291 6.8714 0.00943159 2.32622 -40.4017 -6.04875 7.02304 -5.69235 -15.7573 -0.779096 -9.8844 12.4959 -5.96354e-16 -5.59082e-16 -1.27471e-14 
-0.0454422 92.5313 66.6185 -8.17284 7.17304 -179.633 0 5.07867 -1.15138 -3.0456 3.79814 0.517896 0 5.61661 1.07143 -2.4973 2.59056 0.25795 -1.02604e-17 5.98978 0.11501 -1.99054 1.87887 0.338172 -1.10457e-17 6.50583 -0.443523 -1.38604 0.328447 0.284035 -1.97295e-17 7.60548 -1.50593 -0.674619 -0.686365 0.299754 -2.53307e-17 9.49737 -0.914492 0.11304 -2.22924 0.148397 -2.90401e-17 10.5513 1.57691 0.126565 0.605654 -0.202039 -1.29193e-17 4.78644 0.715339 1.19278 5.58971 -1.04924 -1.8116e-17 4.82109 0.421791 0.380838 -5.29774 -0.673914 -2.00958e-17 4.83041 0.765062 1.01867 -7.13078 3.00451 1.23299 -7.60731 7.53374 16.3199 5.53878 -4.33717 12.9547 3.2495 -3.26872 -82.541 47.6068 8.478 29.2081 0.0598081 0.137039 3.49745 -0.50718 -17.0898 24.234 0.0496219 0.113701 -31.6232 -67.5169 -28.8127 -1.23299 -7.60729 7.53365 -22.8016 3.49388 0.70597 -12.9547 3.2495 -3.26872 82.1944 46.035 -5.20802 -29.2081 0.0598081 0.137039 -4.19154 -0.740037 20.6112 -24.234 0.0496218 0.113702 25.4038 -61.5613 19.0116 9.23673 -4.20556 2.0327 -3.23828 6.05794 -1.07308 -0.852353 -38.7721 -0.655187 -0.578603 2.16083 -0.0268076 -2.32622 -40.4017 -6.04875 -3.8969 3.11758 15.6906 0.779096 -9.8844 12.4959 -1.15833e-15 -8.44438e-16 6.17233e-17 -9.23673 -4.20556 2.0327 -14.9038 -1.55061 18.8167 0.852353 -38.7721 -0.655187 1.85167 6.90385 0.00894819 2.32622 -40.4017 -6.04875 7.01098 -5.67161 -15.7598 -0.779096 -9.8844 12.4959 -5.96354e-16 -5.59082e-16 -1.27471e-14 
-0.0302761 92.5285 66.6044 -8.11426 7.17297 -179.674 0 5.07867 -1.15138 -3.02011 3.79836 0.519167 0 5.61661 1.07143 -2.47643 2.59067 0.263415 -1.02604e-17 5.98978 0.11501 -1.9752 1.87851 0.344025 -1.10457e-17 6.50583 -0.443523 -1.3763 0.328261 0.290063 -1.97295e-17 7.60548 -1.50593 -0.669558 -0.685755 0.304347 -2.53307e-17 9.49737 -0.914492 0.114018 -2.22832 0.153103 -2.90401e-17 10.5513 1.57691 0.126857 0.605527 -0.201235 -1.29193e-17 4.78644 0.715339 1.19186 5.5871 -1.06509 -1.8116e-17 4.82109 0.421791 0.372813 -5.28116 -0.681274 -2.00958e-17 4.83041 0.765062 1.01006 -7.10365 2.98388 1.23299 -7.60731 7.53374 16.2947 5.54005 -4.36463 12.9547 3.2495 -3.26872 -82.5096 47.6894 8.46291 29.2081 0.0598081 0.137039 3.49498 -0.506436 -17.0774 24.234 0.0496219 0.113701 -31.6977 -67.5144 -28.9051 -1.23299 -7.60729 7.53365 -22.8072 3.49997 0.713167 -12.9547 3.2495 -3.26872 82.1636 46.1373 -5.21534 -29.2081 0.0598081 0.137039 -4.19207 -0.740231 20.6139 -24.234 0.0496218 0.113702 25.5614 -61.64 19.1702 9.23673 -4.20556 2.0327 -3.1697 6.07007 -1.01795 -0.852353 -38.7721 -0.655187 -0.580842 2.16919 -0.026869 -2.32622 -40.4017 -6.04875 -3.87698 3.06739 15.6886 0.779096 -9.8844 12.4959 -1.16786e-15 -8.44835e-16 6.21202e-17 -9.23673 -4.20556 2.0327 -14.8237 -1.59269 18.8287 0.852353 -38.7721 -0.655187 1.86217 6.9428 0.0083614 2.32622 -40.4017 -6.04875 6.98563 -5.64842 -15.7595 -0.779096 -9.8844 12.4959 -5.96354e-16 -5.59082e-16 -1.27471e-14 
-0.000920028 92.5247 66.5896 -8.04168 7.17538 -179.757 0 5.07867 -1.15138 -2.97103 3.78612 0.517191 0 5.61661 1.07143 -2.43586 2.58483 0.269247 -1.02604e-17 5.98978 0.11501 -1.94537 1.87541 0.351467 -1.10457e-17 6.50583 -0.443523 -1.35713 0.331853 0.297874 -1.97295e-17 7.60548 -1.50593 -0.660933 -0.677212 0.309833 -2.53307e-17 9.49737 -0.914492 0.112305 -2.22098 0.15834 -2.90401e-17 10.5513 1.57691 0.127383 0.605162 -0.199134 -1.29193e-17 4.78644 0.715339 1.17086 5.58731 -0.98772 -1.8116e-17 4.82109 0.421791 0.363742 -5.25845 -0.647252 -2.00958e-17 4.83041 0.765062 0.94788 -7.10929 2.85962 1.23299 -7.60731 7.53374 16.3745 5.52434 -4.3288 12.9547 3.2495 -3.26872 -82.9478 47.8204 8.45144 29.2081 0.0598081 0.137039 3.50562 -0.50965 -17.1309 24.234 0.0496219 0.113701 -30.8972 -67.617 -28.2506 -1.23299 -7.60729 7.53365 -22.7948 3.49758 0.701313 -12.9547 3.2495 -3.26872 82.0322 46.1711 -5.15045 -29.2081 0.0598081 0.137039 -4.19135 -0.739965 20.6102 -24.234 0.0496218 0.113702 25.6452 -61.6445 19.186 9.23673 -4.20556 2.0327 -3.08387 6.09502 -0.908485 -0.852353 -38.7721 -0.655187 -0.57947 2.16407 -0.0268314 -2.32622 -40.4017 -6.04875 -3.87253 3.00843 15.692 0.779096 -9.8844 12.4959 1.208e-15 -7.45841e-16 -3.6874e-17 -9.23673 -4.20556 2.0327 -14.7131 -1.65991 18.8876 0.852353 -38.7721 -0.655187 1.87942 7.00672 0.00738253 2.32622 -40.4017 -6.04875 6.91365 -5.61656 -15.7567 -0.779096 -9.8844 12.4959 -9.92331e-16 -5.46708e-16 -1.27223e-14 
0.0444114 92.5221 66.5744 -7.95887 7.18041 -179.872 0 5.07867 -1.15138 -2.92846 3.80323 0.521557 0 5.61661 1.07143 -2.40186 2.59493 0.280694 -1.02604e-17 5.98978 0.11501 -1.92106 1.87709 0.36397 -1.10457e-17 6.50583 -0.443523 -1.34245 0.319865 0.310904 -1.97295e-17 7.60548 -1.50593 -0.653775 -0.693975 0.32104 -2.53307e-17 9.49737 -0.914492 0.113158 -2.24284 0.170334 -2.90401e-17 10.5513 1.57691 0.126304 0.607208 -0.197382 -1.29193e-17 4.78644 0.715339 1.15943 5.54737 -1.05724 -1.8116e-17 4.82109 0.421791 0.346398 -5.24633 -0.678512 -2.00958e-17 4.83041 0.765062 0.952652 -7.05674 2.92382 1.23299 -7.60731 7.53374 16.4113 5.52137 -4.31953 12.9547 3.2495 -3.26872 -83.0602 47.7009 8.45507 29.2081 0.0598081 0.137039 3.49554 -0.506603 -17.0802 24.234 0.0496219 0.113701 -30.6781 -67.3913 -28.0223 -1.23299 -7.60729 7.53365 -22.8131 3.52469 0.69498 -12.9547 3.2495 -3.26872 82.019 46.359 -5.1855 -29.2081 0.0598081 0.137039 -4.19179 -0.740127 20.6125 -24.234 0.0496218 0.113702 25.8399 -61.7761 19.439 9.23673 -4.20556 2.0327 -2.97674 6.12352 -0.781424 -0.852353 -38.7721 -0.655187 -0.577976 2.15849 -0.0267904 -2.32622 -40.4017 -6.04875 -3.85671 2.95836 15.689 0.779096 -9.8844 12.4959 -3.66352e-16 -8.07314e-16 2.45993e-17 -9.23673 -4.20556 2.0327 -14.5876 -1.73107 18.973 0.852353 -38.7721 -0.655187 1.89476 7.06354 0.0064962 2.32622 -40.4017 -6.04875 6.93839 -5.6062 -15.7599 -0.779096 -9.8844 12.4959 -5.97946e-16 -5.59032e-16 -1.2747e-14 
0.105887 92.5225 66.5599 -7.87365 7.20951 179.989 0 5.07867 -1.15138 -2.89453 3.83761 0.529415 0 5.61661 1.07143 -2.3754 2.61592 0.295135 -1.02604e-17 5.98978 0.11501 -1.90225 1.88531 0.379299 -1.10457e-17 6.50583 -0.443523 -1.33098 0.305646 0.326484 -1.97295e-17 7.60548 -1.50593 -0.64679 -0.717673 0.335387 -2.53307e-17 9.49737 -0.914492 0.116744 -2.27655 0.18357 -2.90401e-17 10.5513 1.57691 0.12639 0.609255 -0.195555 -1.29193e-17 4.78644 0.715339 1.14647 5.52101 -1.10617 -1.8116e-17 4.82109 0.421791 0.359668 -5.25967 -0.700944 -2.00958e-17 4.83041 0.765062 0.946274 -6.99145 2.94922 1.23299 -7.60731 7.53374 16.5084 5.53296 -4.32688 12.9547 3.2495 -3.26872 -83.1366 47.7037 8.49464 29.2081 0.0598081 0.137039 3.49552 -0.506597 -17.0801 24.234 0.0496219 0.113701 -30.7197 -67.2343 -28.0322 -1.23299 -7.60729 7.53365 -22.7899 3.55523 0.70651 -12.9547 3.2495 -3.26872 81.9511 46.3618 -5.18935 -29.2081 0.0598081 0.137039 -4.19276 -0.740487 20.6175 -24.234 0.0496218 0.113702 25.9379 -61.7414 19.5165 9.23673 -4.20556 2.0327 -2.8601 6.17583 -0.637508 -0.852353 -38.7721 -0.655187 -0.576623 2.15343 -0.026753 -2.32622 -40.4017 -6.04875 -3.87194 2.92373 15.697 0.779096 -9.8844 12.4959 2.32556e-17 -7.95188e-16 1.24738e-17 -9.23673 -4.20556 2.0327 -14.4403 -1.80362 19.1191 0.852353 -38.7721 -0.655187 1.91704 7.14609 0.00518066 2.32622 -40.4017 -6.04875 6.89655 -5.56629 -15.7583 -0.779096 -9.8844 12.4959 -5.96354e-16 -5.59082e-16 -1.27471e-14 
0.018072 92.5223 66.5406 -7.76841 7.21088 179.846 0 5.07867 -1.15138 -2.83515 3.85207 0.524849 0 5.61661 1.07143 -2.32319 2.62589 0.298529 -1.02604e-17 5.98978 0.11501 -1.86173 1.88827 0.382711 -1.10457e-17 6.50583 -0.443523 -1.30172 0.297499 0.329425 -1.97295e-17 7.60548 -1.50593 -0.629916 -0.727983 0.334478 -2.53307e-17 9.49737 -0.914492 0.119501 -2.29245 0.180435 -2.90401e-17 10.5513 1.57691 0.125938 0.609698 -0.194837 -1.29193e-17 4.78644 0.715339 1.1427 5.518 -1.0958 -1.8116e-17 4.82109 0.421791 0.309578 -5.25859 -0.697747 -2.00958e-17 4.83041 0.765062 0.911121 -6.99556 2.94003 1.23299 -7.60731 7.53374 16.5743 5.54119 -4.33857 12.9547 3.2495 -3.26872 -83.3069 47.7649 8.63592 29.2081 0.0598081 0.137039 3.50999 -0.510973 -17.1529 24.234 0.0496219 0.113701 -30.7772 -67.1597 -28.0927 -1.23299 -7.60729 7.53365 -22.8 3.56472 0.708319 -12.9547 3.2495 -3.26872 81.9001 46.3836 -5.13238 -29.2081 0.0598081 0.137039 -4.1974 -0.742205 20.6413 -24.234 0.0496218 0.113702 25.7346 -61.6652 19.3205 9.23673 -4.20556 2.0327 -2.81738 6.21134 -0.506105 -0.852353 -38.7721 -0.655187 -0.575868 2.15061 -0.0267321 -2.32622 -40.4017 -6.04875 -3.84842 2.8193 15.6921 0.779096 -9.8844 12.4959 1.60876e-15 -7.33267e-16 -4.94473e-17 -9.23673 -4.20556 2.0327 -14.3656 -1.88843 19.2148 0.852353 -38.7721 -0.655187 1.93084 7.19718 0.00435034 2.32622 -40.4017 -6.04875 6.89555 -5.47053 -15.7733 -0.779096 -9.8844 12.4959 -1.38831e-15 -5.34333e-16 -1.27099e-14 
0.0350911 92.5219 66.5257 -7.66878 7.22078 179.682 0 5.07867 -1.15138 -2.80064 3.8532 0.523236 0 5.61661 1.07143 -2.29328 2.62849 0.301384 -1.02604e-17 5.98978 0.11501 -1.83897 1.88936 0.385075 -1.10457e-17 6.50583 -0.443523 -1.28585 0.297754 0.331154 -1.97295e-17 7.60548 -1.50593 -0.621305 -0.726568 0.334079 -2.53307e-17 9.49737 -0.914492 0.120393 -2.29309 0.180045 -2.90401e-17 10.5513 1.57691 0.125893 0.608343 -0.195396 -1.29193e-17 4.78644 0.715339 1.14492 5.51009 -1.10235 -1.8116e-17 4.82109 0.421791 0.291196 -5.26167 -0.701083 -2.00958e-17 4.83041 0.765062 0.923397 -7.00214 2.94837 1.23299 -7.60731 7.53374 16.5854 5.54333 -4.36093 12.9547 3.2495 -3.26872 -83.3128 47.8157 8.70735 29.2081 0.0598081 0.137039 3.51169 -0.511487 -17.1614 24.234 0.0496219 0.113701 -30.8587 -67.055 -28.1504 -1.23299 -7.60729 7.53365 -22.8431 3.565 0.702193 -12.9547 3.2495 -3.26872 81.8979 46.5227 -5.06856 -29.2081 0.0598081 0.137039 -4.20134 -0.74367 20.6615 -24.234 0.0496218 0.113702 25.6944 -61.6361 19.3029 9.23673 -4.20556 2.0327 -2.71235 6.24303 -0.346296 -0.852353 -38.7721 -0.655187 -0.57757 2.15697 -0.0267792 -2.32622 -40.4017 -6.04875 -3.82634 2.75477 15.6881 0.779096 -9.8844 12.4959 -1.15671e-15 -8.44387e-16 6.16723e-17 -9.23673 -4.20556 2.0327 -14.2194 -2.00054 19.3637 0.852353 -38.7721 -0.655187 1.95844 7.29939 0.00265142 2.32622 -40.4017 -6.04875 6.81964 -5.40319 -15.7796 -0.779096 -9.8844 12.4959 -5.99539e-16 -5.58982e-16 -1.27469e-14 
0.0588112 92.5209 66.5127 -7.55703 7.22436 179.52 0 5.07867 -1.15138 -2.76743 3.86673 0.512484 0 5.61661 1.07143 -2.2634 2.63874 0.293501 -1.02604e-17 5.98978 0.11501 -1.81531 1.89084 0.376337 -1.10457e-17 6.50583 -0.443523 -1.26805 0.287193 0.321669 -1.97295e-17 7.60548 -1.50593 -0.611874 -0.741083 0.322059 -2.53307e-17 9.49737 -0.914492 0.118913 -2.31233 0.167319 -2.90401e-17 10.5513 1.57691 0.124712 0.608391 -0.196166 -1.29193e-17 4.78644 0.715339 1.14564 5.47021 -1.11647 -1.8116e-17 4.82109 0.421791 0.29162 -5.24638 -0.707041 -2.00958e-17 4.83041 0.765062 0.93692 -6.97663 2.97763 1.23299 -7.60731 7.53374 16.5364 5.57288 -4.39735 12.9547 3.2495 -3.26872 -83.3895 47.8339 8.86975 29.2081 0.0598081 0.137039 3.51977 -0.513941 -17.202 24.234 0.0496219 0.113701 -30.7542 -66.954 -28.0753 -1.23299 -7.60729 7.53365 -22.8505 3.57839 0.715388 -12.9547 3.2495 -3.26872 81.8128 46.6599 -4.98589 -29.2081 0.0598081 0.137039 -4.20855 -0.746346 20.6985 -24.234 0.0496218 0.113702 25.7105 -61.5489 19.3093 9.23673 -4.20556 2.0327 -2.58791 6.26073 -0.177892 -0.852353 -38.7721 -0.655187 -0.58426 2.18197 -0.0269621 -2.32622 -40.4017 -6.04875 -3.83151 2.67675 15.689 0.779096 -9.8844 12.4959 4.16048e-16 -7.82963e-16 2.48819e-19 -9.23673 -4.20556 2.0327 -14.0627 -2.13803 19.555 0.852353 -38.7721 -0.655187 1.99596 7.43824 0.000263267 2.32622 -40.4017 -6.04875 6.81671 -5.35372 -15.7883 -0.779096 -9.8844 12.4959 -2.00377e-16 -5.8383e-16 -1.27594e-14 
0.098772 92.5174 66.5066 -7.42839 7.21182 179.327 0 5.07867 -1.15138 -2.70932 3.88767 0.510727 0 5.61661 1.07143 -2.21515 2.64905 0.305334 -1.02604e-17 5.98978 0.11501 -1.78064 1.88065 0.389516 -1.10457e-17 6.50583 -0.443523 -1.24428 0.248117 0.33364 -1.97295e-17 7.60548 -1.50593 -0.598866 -0.784074 0.329694 -2.53307e-17 9.49737 -0.914492 0.12022 -2.38739 0.17418 -2.90401e-17 10.5513 1.57691 0.125941 0.608714 -0.196267 -1.29193e-17 4.78644 0.715339 1.14246 5.57245 -1.17648 -1.8116e-17 4.82109 0.421791 0.266721 -5.22346 -0.73681 -2.00958e-17 4.83041 0.765062 0.921722 -6.99211 2.94741 1.23299 -7.60731 7.53374 17.021 5.57518 -4.36572 12.9547 3.2495 -3.26872 -83.8451 48.1186 9.05949 29.2081 0.0598081 0.137039 3.54199 -0.520715 -17.3138 24.234 0.0496219 0.113701 -31.1418 -66.8689 -28.351 -1.23299 -7.60729 7.53365 -23.2235 3.59957 0.653893 -12.9547 3.2495 -3.26872 82.1017 46.936 -5.08145 -29.2081 0.0598081 0.137039 -4.2175 -0.749681 20.7444 -24.234 0.0496218 0.113702 25.8617 -61.4826 19.4417 9.23673 -4.20556 2.0327 -2.43214 6.23615 0.0168651 -0.852353 -38.7721 -0.655187 -0.602391 2.2497 -0.0274432 -2.32622 -40.4017 -6.04875 -3.83583 2.57353 15.6917 0.779096 -9.8844 12.4959 2.64405e-17 -7.95089e-16 1.23743e-17 -9.23673 -4.20556 2.0327 -13.8631 -2.34564 19.8208 0.852353 -38.7721 -0.655187 2.05328 7.65027 -0.00356188 2.32622 -40.4017 -6.04875 6.74484 -5.29376 -15.7954 -0.779096 -9.8844 12.4959 -9.90738e-16 -5.46807e-16 -1.27224e-14 
0.15903 92.5106 66.5101 -7.2968 7.1766 179.087 0 5.07867 -1.15138 -2.69276 3.90992 0.513371 0 5.61661 1.07143 -2.19888 2.66434 0.309731 -1.02604e-17 5.98978 0.11501 -1.7662 1.88413 0.392068 -1.10457e-17 6.50583 -0.443523 -1.2319 0.226235 0.334894 -1.97295e-17 7.60548 -1.50593 -0.58865 -0.805853 0.329728 -2.53307e-17 9.49737 -0.914492 0.124355 -2.41433 0.169448 -2.90401e-17 10.5513 1.57691 0.122965 0.608548 -0.195649 -1.29193e-17 4.78644 0.715339 1.12867 5.49679 -1.33099 -1.8116e-17 4.82109 0.421791 0.248373 -5.22628 -0.808854 -2.00958e-17 4.83041 0.765062 1.06992 -6.919 3.09936 1.23299 -7.60731 7.53374 17.143 5.63013 -4.41197 12.9547 3.2495 -3.26872 -83.7973 48.1318 9.35238 29.2081 0.0598081 0.137039 3.57942 -0.532239 -17.5023 24.234 0.0496219 0.113701 -31.8418 -66.7749 -29.0218 -1.23299 -7.60729 7.53365 -23.1026 3.64604 0.699731 -12.9547 3.2495 -3.26872 82.1562 47.0412 -4.99668 -29.2081 0.0598081 0.137039 -4.23968 -0.757974 20.8583 -24.234 0.0496218 0.113702 25.3153 -61.3792 18.9889 9.23673 -4.20556 2.0327 -2.25123 6.18295 -0.0157204 -0.852353 -38.7721 -0.655187 -0.622056 2.32316 -0.0279408 -2.32622 -40.4017 -6.04875 -3.88474 2.44144 15.7061 0.779096 -9.8844 12.4959 -3.71129e-16 -8.07513e-16 2.47983e-17 -9.23673 -4.20556 2.0327 -13.6413 -2.61627 20.252 0.852353 -38.7721 -0.655187 2.11856 7.8915 -0.00817692 2.32622 -40.4017 -6.04875 6.77488 -5.28079 -15.8134 -0.779096 -9.8844 12.4959 -5.97946e-16 -5.59032e-16 -1.2747e-14 
0.240701 92.4967 66.5246 -7.16605 7.09353 178.77 0 5.07867 -1.15138 -2.6849 3.88027 0.504809 0 5.61661 1.07143 -2.18756 2.65092 0.300459 -1.02604e-17 5.98978 0.11501 -1.75459 1.87506 0.381729 -1.10457e-17 6.50583 -0.443523 -1.2195 0.222654 0.323137 -1.97295e-17 7.60548 -1.50593 -0.578824 -0.795247 0.316263 -2.53307e-17 9.49737 -0.914492 0.126507 -2.4041 0.152519 -2.90401e-17 10.5513 1.57691 0.121516 0.603239 -0.19464 -1.29193e-17 4.78644 0.715339 1.1175 5.33968 -1.27499 -1.8116e-17 4.82109 0.421791 0.281239 -5.15904 -0.785201 -2.00958e-17 4.83041 0.765062 1.14417 -6.87336 3.03906 1.23299 -7.60731 7.53374 17.2236 5.68517 -4.44017 12.9547 3.2495 -3.26872 -83.9686 48.2365 9.58201 29.2081 0.0598081 0.137039 3.63039 -0.548147 -17.7592 24.234 0.0496219 0.113701 -31.7516 -66.9741 -29.0959 -1.23299 -7.60729 7.53365 -23.0523 3.66899 0.745442 -12.9547 3.2495 -3.26872 81.8223 47.1672 -4.69071 -29.2081 0.0598081 0.137039 -4.2541 -0.763393 20.9323 -24.234 0.0496218 0.113702 25.3516 -61.1192 18.9357 9.23673 -4.20556 2.0327 -2.0667 6.07617 -0.209402 -0.852353 -38.7721 -0.655187 -0.64453 2.40712 -0.0284786 -2.32622 -40.4017 -6.04875 -3.95584 2.27992 15.7372 0.779096 -9.8844 12.4959 1.21119e-15 -7.45691e-16 -3.70233e-17 -9.23673 -4.20556 2.0327 -13.3776 -3.02255 20.836 0.852353 -38.7721 -0.655187 2.21387 8.24334 -0.0154108 2.32622 -40.4017 -6.04875 6.6225 -5.26645 -15.824 -0.779096 -9.8844 12.4959 -5.96354e-16 -5.59082e-16 -1.27471e-14 
0.339179 92.479 66.5511 -7.09624 6.98809 178.405 0 5.07867 -1.15138 -2.67264 3.81963 0.495484 0 5.61661 1.07143 -2.17346 2.61693 0.290014 -1.02604e-17 5.98978 0.11501 -1.74083 1.85157 0.370548 -1.10457e-17 6.50583 -0.443523 -1.20663 0.217192 0.311209 -1.97295e-17 7.60548 -1.50593 -0.569995 -0.777972 0.302653 -2.53307e-17 9.49737 -0.914492 0.126089 -2.37915 0.136663 -2.90401e-17 10.5513 1.57691 0.116407 0.597972 -0.19278 -1.29193e-17 4.78644 0.715339 1.09576 5.13605 -1.32849 -1.8116e-17 4.82109 0.421791 0.276454 -5.05281 -0.811138 -2.00958e-17 4.83041 0.765062 1.25297 -6.77331 3.0955 1.23299 -7.60731 7.53374 17.1615 5.73647 -4.45362 12.9547 3.2495 -3.26872 -84.0263 48.0941 9.79768 29.2081 0.0598081 0.137039 3.67234 -0.561427 -17.9709 24.234 0.0496219 0.113701 -31.1976 -66.771 -28.6717 -1.23299 -7.60729 7.53365 -22.9267 3.70433 0.783064 -12.9547 3.2495 -3.26872 81.5259 47.5138 -4.45192 -29.2081 0.0598081 0.137039 -4.26405 -0.767146 20.9835 -24.234 0.0496218 0.113702 25.1571 -60.8759 18.8389 9.23673 -4.20556 2.0327 -1.92076 5.89974 -0.468558 -0.852353 -38.7721 -0.655187 -0.683131 2.55131 -0.0293255 -2.32622 -40.4017 -6.04875 -4.01733 2.14397 15.7635 0.779096 -9.8844 12.4959 4.25602e-16 -7.82565e-16 -1.49291e-19 -9.23673 -4.20556 2.0327 -13.1591 -3.47425 21.5046 0.852353 -38.7721 -0.655187 2.3112 8.60213 -0.0234044 2.32622 -40.4017 -6.04875 6.54413 -5.32673 -15.8382 -0.779096 -9.8844 12.4959 -5.96354e-16 -5.59082e-16 -1.27471e-14 
0.454972 92.4501 66.5875 -7.08728 6.80511 177.947 0 5.07867 -1.15138 -2.67909 3.74666 0.493223 0 5.61661 1.07143 -2.17776 2.56868 0.286557 -1.02604e-17 5.98978 0.11501 -1.74167 1.80906 0.36666 -1.10457e-17 6.50583 -0.443523 -1.20475 0.186414 0.306962 -1.97295e-17 7.60548 -1.50593 -0.565324 -0.785995 0.297913 -2.53307e-17 9.49737 -0.914492 0.12947 -2.38964 0.129836 -2.90401e-17 10.5513 1.57691 0.112225 0.594069 -0.191492 -1.29193e-17 4.78644 0.715339 1.08509 4.95338 -1.41879 -1.8116e-17 4.82109 0.421791 0.332454 -4.93773 -0.851905 -2.00958e-17 4.83041 0.765062 1.31574 -6.62438 3.13618 1.23299 -7.60731 7.53374 17.0949 5.80097 -4.45531 12.9547 3.2495 -3.26872 -84.0268 47.98 9.98651 29.2081 0.0598081 0.137039 3.70101 -0.570602 -18.1157 24.234 0.0496219 0.113701 -30.4726 -66.3431 -28.0844 -1.23299 -7.60729 7.53365 -22.8898 3.76043 0.789694 -12.9547 3.2495 -3.26872 81.3017 47.9123 -4.26012 -29.2081 0.0598081 0.137039 -4.27238 -0.770295 21.0263 -24.234 0.0496218 0.113702 25.0028 -60.4587 18.7892 9.23673 -4.20556 2.0327 -1.82408 5.62849 -0.624818 -0.852353 -38.7721 -0.655187 -0.728536 2.72091 -0.0301972 -2.32622 -40.4017 -6.04875 -4.10914 1.99191 15.7933 0.779096 -9.8844 12.4959 -7.65513e-16 -8.32212e-16 4.94971e-17 -9.23673 -4.20556 2.0327 -12.9743 -4.02893 22.2759 0.852353 -38.7721 -0.655187 2.40713 8.95522 -0.0318813 2.32622 -40.4017 -6.04875 6.40873 -5.46107 -15.8381 -0.779096 -9.8844 12.4959 -5.96354e-16 -5.59082e-16 -1.27471e-14 
0.585042 92.4078 66.6396 -7.12113 6.51695 177.394 0 5.07867 -1.15138 -2.68796 3.62591 0.492036 0 5.61661 1.07143 -2.1855 2.48467 0.285857 -1.02604e-17 5.98978 0.11501 -1.746 1.73766 0.36558 -1.10457e-17 6.50583 -0.443523 -1.20625 0.142524 0.305276 -1.97295e-17 7.60548 -1.50593 -0.563667 -0.795414 0.296171 -2.53307e-17 9.49737 -0.914492 0.130462 -2.40313 0.127303 -2.90401e-17 10.5513 1.57691 0.10752 0.586786 -0.190873 -1.29193e-17 4.78644 0.715339 1.06359 4.72893 -1.56344 -1.8116e-17 4.82109 0.421791 0.368203 -4.76849 -0.917762 -2.00958e-17 4.83041 0.765062 1.42091 -6.44039 3.20872 1.23299 -7.60731 7.53374 17.017 5.8729 -4.45162 12.9547 3.2495 -3.26872 -84.1085 47.7852 10.2198 29.2081 0.0598081 0.137039 3.73229 -0.580705 -18.2739 24.234 0.0496219 0.113701 -29.0913 -65.6345 -26.8911 -1.23299 -7.60729 7.53365 -22.8825 3.82301 0.780165 -12.9547 3.2495 -3.26872 81.0915 48.322 -4.07191 -29.2081 0.0598081 0.137039 -4.29206 -0.777762 21.1275 -24.234 0.0496218 0.113702 24.7152 -59.891 18.5716 9.23673 -4.20556 2.0327 -1.75125 5.19328 -0.615975 -0.852353 -38.7721 -0.655187 -0.800345 2.98911 -0.0313012 -2.32622 -40.4017 -6.04875 -4.18459 1.7893 15.8217 0.779096 -9.8844 12.4959 4.1764e-16 -7.82914e-16 1.99055e-19 -9.23673 -4.20556 2.0327 -12.8164 -4.70191 23.0835 0.852353 -38.7721 -0.655187 2.49334 9.27207 -0.0400053 2.32622 -40.4017 -6.04875 6.33778 -5.69593 -15.8306 -0.779096 -9.8844 12.4959 -9.92331e-16 -5.46708e-16 -1.27223e-14 
0.718138 92.3567 66.7114 -7.24094 6.1776 176.758 0 5.07867 -1.15138 -2.71371 3.43388 0.487523 0 5.61661 1.07143 -2.20487 2.35929 0.275273 -1.02604e-17 5.98978 0.11501 -1.75328 1.65058 0.355808 -1.10457e-17 6.50583 -0.443523 -1.20751 0.119147 0.296844 -1.97295e-17 7.60548 -1.50593 -0.559547 -0.766517 0.292176 -2.53307e-17 9.49737 -0.914492 0.131256 -2.35016 0.113796 -2.90401e-17 10.5513 1.57691 0.0962579 0.579391 -0.184197 -1.29193e-17 4.78644 0.715339 0.969459 4.37049 -1.66543 -1.8116e-17 4.82109 0.421791 0.374472 -4.58487 -0.967358 -2.00958e-17 4.83041 0.765062 1.56858 -6.15227 3.16979 1.23299 -7.60731 7.53374 16.7423 5.92751 -4.28456 12.9547 3.2495 -3.26872 -84.2248 47.4136 10.2219 29.2081 0.0598081 0.137039 3.74627 -0.585252 -18.3446 24.234 0.0496219 0.113701 -26.4658 -64.5782 -24.516 -1.23299 -7.60729 7.53365 -21.9577 3.90351 0.84916 -12.9547 3.2495 -3.26872 80.5467 48.1563 -3.55086 -29.2081 0.0598081 0.137039 -4.26168 -0.766247 20.9713 -24.234 0.0496218 0.113702 22.9615 -58.8177 17.0323 9.23673 -4.20556 2.0327 -1.73658 4.59125 -0.482511 -0.852353 -38.7721 -0.655187 -0.920315 3.43707 -0.0323949 -2.32622 -40.4017 -6.04875 -4.26947 1.56746 15.8606 0.779096 -9.8844 12.4959 4.22417e-16 -7.82715e-16 2.88531e-33 -9.23673 -4.20556 2.0327 -12.7276 -5.42201 23.8893 0.852353 -38.7721 -0.655187 2.56049 9.51852 -0.046664 2.32622 -40.4017 -6.04875 6.12935 -5.96885 -15.8043 -0.779096 -9.8844 12.4959 -9.93923e-16 -5.46658e-16 -1.27222e-14 
0.831558 92.294 66.8108 -7.45701 5.75283 176.061 0 5.07867 -1.15138 -2.78018 3.3313 0.479595 0 5.61661 1.07143 -2.25915 2.2729 0.262404 -1.02604e-17 5.98978 0.11501 -1.78984 1.54508 0.344303 -1.10457e-17 6.50583 -0.443523 -1.22604 -0.00149372 0.284572 -1.97295e-17 7.60548 -1.50593 -0.561238 -0.879169 0.282503 -2.53307e-17 9.49737 -0.914492 0.141005 -2.50986 0.101141 -2.90401e-17 10.5513 1.57691 0.0908284 0.576972 -0.18343 -1.29193e-17 4.78644 0.715339 0.949937 3.99177 -1.93985 -1.8116e-17 4.82109 0.421791 0.490446 -4.25152 -1.08827 -2.00958e-17 4.83041 0.765062 1.58463 -5.71448 3.24176 1.23299 -7.60731 7.53374 16.7802 6.07575 -4.1996 12.9547 3.2495 -3.26872 -84.4492 46.9371 10.5071 29.2081 0.0598081 0.137039 3.7154 -0.575238 -18.1884 24.234 0.0496219 0.113701 -25.2109 -63.2528 -23.4305 -1.23299 -7.60729 7.53365 -22.0179 4.06389 0.828143 -12.9547 3.2495 -3.26872 80.4554 48.4891 -3.38547 -29.2081 0.0598081 0.137039 -4.2388 -0.757642 20.8538 -24.234 0.0496218 0.113702 22.8763 -57.7982 17.0188 9.23673 -4.20556 2.0327 -1.79188 3.72723 -0.272064 -0.852353 -38.7721 -0.655187 -1.11127 4.14966 -0.0321981 -2.32622 -40.4017 -6.04875 -4.26032 1.34454 15.8846 0.779096 -9.8844 12.4959 -7.65499e-16 -8.32211e-16 4.94965e-17 -9.23673 -4.20556 2.0327 -12.7756 -6.21882 24.6322 0.852353 -38.7721 -0.655187 2.60039 9.66483 -0.050758 2.32622 -40.4017 -6.04875 6.22907 -6.39322 -15.7676 -0.779096 -9.8844 12.4959 -9.93923e-16 -5.46658e-16 -1.27222e-14 
0.905076 92.2316 66.954 -7.73583 5.25537 175.31 0 5.07867 -1.15138 -2.84504 3.23589 0.484128 0 5.61661 1.07143 -2.31544 2.1912 0.262441 -1.02604e-17 5.98978 0.11501 -1.8275 1.45245 0.345944 -1.10457e-17 6.50583 -0.443523 -1.24782 -0.104047 0.286733 -1.97295e-17 7.60548 -1.50593 -0.565485 -0.968279 0.288973 -2.53307e-17 9.49737 -0.914492 0.148211 -2.63298 0.100012 -2.90401e-17 10.5513 1.57691 0.0837914 0.569987 -0.178145 -1.29193e-17 4.78644 0.715339 0.872275 3.57076 -2.24019 -1.8116e-17 4.82109 0.421791 0.55631 -4.02177 -1.22581 -2.00958e-17 4.83041 0.765062 1.6535 -5.25296 3.05039 1.23299 -7.60731 7.53374 16.6862 6.24618 -4.13853 12.9547 3.2495 -3.26872 -84.7343 46.6219 10.7529 29.2081 0.0598081 0.137039 3.68602 -0.565796 -18.04 24.234 0.0496219 0.113701 -24.4885 -62.5007 -23.1097 -1.23299 -7.60729 7.53365 -21.5319 4.23613 0.889053 -12.9547 3.2495 -3.26872 80.1075 48.3338 -3.14066 -29.2081 0.0598081 0.137039 -4.19784 -0.742367 20.6436 -24.234 0.0496218 0.113702 22.2641 -56.6343 16.6305 9.23673 -4.20556 2.0327 -1.87916 2.59743 -0.343662 -0.852353 -38.7721 -0.655187 -1.37524 5.1335 -0.0280074 -2.32622 -40.4017 -6.04875 -4.31667 1.09095 15.9446 0.779096 -9.8844 12.4959 -7.70291e-16 -8.32411e-16 4.96962e-17 -9.23673 -4.20556 2.0327 -12.867 -7.15489 25.3718 0.852353 -38.7721 -0.655187 2.64384 9.82403 -0.0553325 2.32622 -40.4017 -6.04875 6.11609 -6.73397 -15.7189 -0.779096 -9.8844 12.4959 -9.93923e-16 -5.46658e-16 -1.27222e-14 
0.905606 92.1886 67.155 -8.05405 4.70791 174.572 0 5.07867 -1.15138 -2.93192 3.16556 0.504319 0 5.61661 1.07143 -2.39337 2.12454 0.280662 -1.02604e-17 5.98978 0.11501 -1.88372 1.37225 0.366275 -1.10457e-17 6.50583 -0.443523 -1.28275 -0.203271 0.307777 -1.97295e-17 7.60548 -1.50593 -0.573002 -1.04902 0.314562 -2.53307e-17 9.49737 -0.914492 0.165518 -2.75619 0.121233 -2.90401e-17 10.5513 1.57691 0.0804771 0.562799 -0.173682 -1.29193e-17 4.78644 0.715339 0.809278 3.19089 -2.93367 -1.8116e-17 4.82109 0.421791 0.67381 -3.831 -1.53881 -2.00958e-17 4.83041 0.765062 1.76425 -4.84411 2.98288 1.23299 -7.60731 7.53374 16.7599 6.40661 -4.09807 12.9547 3.2495 -3.26872 -84.7059 46.5412 10.8416 29.2081 0.0598081 0.137039 3.65702 -0.55656 -17.8936 24.234 0.0496219 0.113701 -25.4101 -62.3468 -24.2742 -1.23299 -7.60729 7.53365 -21.5473 4.40588 0.859789 -12.9547 3.2495 -3.26872 79.9323 48.6291 -2.97178 -29.2081 0.0598081 0.137039 -4.18617 -0.738044 20.5837 -24.234 0.0496218 0.113702 22.4598 -56.0428 17.1222 9.23673 -4.20556 2.0327 -1.99665 1.16775 -0.983591 -0.852353 -38.7721 -0.655187 -1.7211 6.41953 -0.0156406 -2.32622 -40.4017 -6.04875 -4.33539 0.93725 16.0059 0.779096 -9.8844 12.4959 1.20957e-15 -7.45792e-16 -3.69227e-17 -9.23673 -4.20556 2.0327 -13.0428 -8.22146 26.0731 0.852353 -38.7721 -0.655187 2.6902 9.99377 -0.0603472 2.32622 -40.4017 -6.04875 6.34281 -7.00918 -15.6837 -0.779096 -9.8844 12.4959 -2.57781e-15 -4.84787e-16 -1.26603e-14 
0.800709 92.1897 67.4287 -8.39285 4.26685 173.974 0 5.07867 -1.15138 -3.04471 3.173 0.511471 0 5.61661 1.07143 -2.48851 2.11715 0.279651 -1.02604e-17 5.98978 0.11501 -1.94902 1.34559 0.366506 -1.10457e-17 6.50583 -0.443523 -1.31803 -0.266507 0.308488 -1.97295e-17 7.60548 -1.50593 -0.577424 -1.09948 0.319326 -2.53307e-17 9.49737 -0.914492 0.185578 -2.83926 0.117003 -2.90401e-17 10.5513 1.57691 0.0780276 0.55465 -0.169613 -1.29193e-17 4.78644 0.715339 0.756399 2.81618 -3.65839 -1.8116e-17 4.82109 0.421791 0.86444 -3.73628 -1.8669 -2.00958e-17 4.83041 0.765062 1.87792 -4.494 2.62733 1.23299 -7.60731 7.53374 16.7459 6.59978 -4.15898 12.9547 3.2495 -3.26872 -84.5789 46.6302 10.9531 29.2081 0.0598081 0.137039 3.7013 -0.570697 -18.1172 24.234 0.0496219 0.113701 -26.6208 -62.7522 -25.7525 -1.23299 -7.60729 7.53365 -21.548 4.53748 0.873026 -12.9547 3.2495 -3.26872 79.7985 48.7506 -2.79623 -29.2081 0.0598081 0.137039 -4.2473 -0.760831 20.8974 -24.234 0.0496218 0.113702 22.231 -55.6149 17.1622 9.23673 -4.20556 2.0327 -2.18545 -0.430412 -2.45377 -0.852353 -38.7721 -0.655187 -2.1435 7.98364 0.0100141 -2.32622 -40.4017 -6.04875 -4.49404 0.992252 16.1123 0.779096 -9.8844 12.4959 4.25612e-16 -7.82565e-16 -1.49735e-19 -9.23673 -4.20556 2.0327 -13.2947 -9.21877 26.626 0.852353 -38.7721 -0.655187 2.73072 10.142 -0.0648421 2.32622 -40.4017 -6.04875 6.50253 -6.96769 -15.6656 -0.779096 -9.8844 12.4959 1.87604e-16 -5.95905e-16 -1.27715e-14 
0.608003 92.2447 67.7745 -8.67454 4.10109 173.411 0 5.07867 -1.15138 -3.15544 3.18734 0.507029 0 5.61661 1.07143 -2.57617 2.14157 0.267298 -1.02604e-17 5.98978 0.11501 -2.00552 1.38877 0.357949 -1.10457e-17 6.50583 -0.443523 -1.34174 -0.211118 0.301596 -1.97295e-17 7.60548 -1.50593 -0.573487 -1.00075 0.31745 -2.53307e-17 9.49737 -0.914492 0.208085 -2.73454 0.0993994 -2.90401e-17 10.5513 1.57691 0.0747698 0.537535 -0.162676 -1.29193e-17 4.78644 0.715339 0.671777 2.65854 -4.43262 -1.8116e-17 4.82109 0.421791 1.09454 -3.81084 -2.22581 -2.00958e-17 4.83041 0.765062 2.13099 -4.46657 2.05657 1.23299 -7.60731 7.53374 17.1609 6.66762 -4.03874 12.9547 3.2495 -3.26872 -84.5486 47.0124 10.4197 29.2081 0.0598081 0.137039 3.78696 -0.598588 -18.5505 24.234 0.0496219 0.113701 -26.8169 -63.0034 -25.9916 -1.23299 -7.60729 7.53365 -21.4401 4.54669 0.815545 -12.9547 3.2495 -3.26872 79.3694 48.8199 -2.1762 -29.2081 0.0598081 0.137039 -4.33469 -0.79407 21.3469 -24.234 0.0496218 0.113702 21.5661 -55.3468 16.7663 9.23673 -4.20556 2.0327 -2.45013 -1.91182 -4.86001 -0.852353 -38.7721 -0.655187 -2.5893 9.62417 0.0496102 -2.32622 -40.4017 -6.04875 -4.91584 1.29727 16.2955 0.779096 -9.8844 12.4959 2.64453e-17 -7.95089e-16 1.23741e-17 -9.23673 -4.20556 2.0327 -13.5123 -10.101 27.1683 0.852353 -38.7721 -0.655187 2.81288 10.4422 -0.0742804 2.32622 -40.4017 -6.04875 6.68724 -6.54717 -15.6937 -0.779096 -9.8844 12.4959 -1.78108e-15 -5.09735e-16 -1.26977e-14 
0.34344 92.3156 68.1309 -8.85334 4.11564 172.834 0 5.07867 -1.15138 -3.29939 3.28572 0.461683 0 5.61661 1.07143 -2.67868 2.2265 0.203343 -1.02604e-17 5.98978 0.11501 -2.06595 1.46376 0.297757 -1.10457e-17 6.50583 -0.443523 -1.35384 -0.179471 0.242098 -1.97295e-17 7.60548 -1.50593 -0.556578 -0.938046 0.262132 -2.53307e-17 9.49737 -0.914492 0.235517 -2.68665 0.0206178 -2.90401e-17 10.5513 1.57691 0.070474 0.531931 -0.159617 -1.29193e-17 4.78644 0.715339 0.635761 2.70485 -5.24279 -1.8116e-17 4.82109 0.421791 1.45716 -3.84465 -2.60431 -2.00958e-17 4.83041 0.765062 2.4787 -4.5682 1.45579 1.23299 -7.60731 7.53374 18.0478 6.76729 -3.79591 12.9547 3.2495 -3.26872 -85.3076 47.376 10.0444 29.2081 0.0598081 0.137039 3.90554 -0.638386 -19.1522 24.234 0.0496219 0.113701 -25.5251 -62.8397 -24.8356 -1.23299 -7.60729 7.53365 -21.6243 4.54944 0.714548 -12.9547 3.2495 -3.26872 79.4681 48.7746 -1.49889 -29.2081 0.0598081 0.137039 -4.45039 -0.839291 21.9441 -24.234 0.0496218 0.113702 20.3681 -54.6882 15.8543 9.23673 -4.20556 2.0327 -2.83952 -3.17404 -8.45314 -0.852353 -38.7721 -0.655187 -2.99944 11.122 0.0973111 -2.32622 -40.4017 -6.04875 -5.46177 1.63874 16.5368 0.779096 -9.8844 12.4959 -2.74696e-15 -9.1888e-16 1.36165e-16 -9.23673 -4.20556 2.0327 -13.6874 -10.806 27.6894 0.852353 -38.7721 -0.655187 2.88444 10.7032 -0.0828511 2.32622 -40.4017 -6.04875 7.12075 -5.99698 -15.7504 -0.779096 -9.8844 12.4959 -2.05173e-16 -5.8363e-16 -1.27592e-14 
-0.00185293 92.3582 68.4293 -8.82989 4.10225 171.93 0 5.07867 -1.15138 -3.37278 3.35776 0.362553 0 5.61661 1.07143 -2.70849 2.28877 0.0912651 -1.02604e-17 5.98978 0.11501 -2.06759 1.49963 0.189669 -1.10457e-17 6.50583 -0.443523 -1.31298 -0.210304 0.133122 -1.97295e-17 7.60548 -1.50593 -0.511492 -0.914766 0.150873 -2.53307e-17 9.49737 -0.914492 0.257126 -2.7087 -0.118558 -2.90401e-17 10.5513 1.57691 0.0665217 0.52994 -0.159192 -1.29193e-17 4.78644 0.715339 0.626475 2.86826 -5.84993 -1.8116e-17 4.82109 0.421791 1.80566 -3.71065 -2.89986 -2.00958e-17 4.83041 0.765062 2.83898 -4.70965 0.692468 1.23299 -7.60731 7.53374 19.5642 6.92519 -3.41601 12.9547 3.2495 -3.26872 -87.573 47.7852 10.1111 29.2081 0.0598081 0.137039 4.04005 -0.685218 -19.8372 24.234 0.0496219 0.113701 -23.227 -62.7275 -22.9063 -1.23299 -7.60729 7.53365 -22.1794 4.55659 0.600453 -12.9547 3.2495 -3.26872 79.5092 48.5146 -0.621426 -29.2081 0.0598081 0.137039 -4.5856 -0.893908 22.6449 -24.234 0.0496218 0.113702 19.3815 -53.3034 14.8891 9.23673 -4.20556 2.0327 -3.3085 -4.18387 -13.2382 -0.852353 -38.7721 -0.655187 -3.32588 12.3048 0.142928 -2.32622 -40.4017 -6.04875 -6.14026 1.55923 16.8739 0.779096 -9.8844 12.4959 4.0964e-16 -7.83264e-16 5.4903e-19 -9.23673 -4.20556 2.0327 -13.6212 -11.6622 28.4435 0.852353 -38.7721 -0.655187 2.99305 11.0987 -0.0964852 2.32622 -40.4017 -6.04875 7.59015 -5.41902 -15.8243 -0.779096 -9.8844 12.4959 -5.94757e-16 -5.59182e-16 -1.27471e-14 
-0.414692 92.3418 68.6831 -8.66019 4.01201 170.568 0 5.07867 -1.15138 -3.46595 3.43406 0.236344 0 5.61661 1.07143 -2.74557 2.33411 -0.061847 -1.02604e-17 5.98978 0.11501 -2.06861 1.47679 0.0332765 -1.10457e-17 6.50583 -0.443523 -1.26338 -0.380917 -0.0257675 -1.97295e-17 7.60548 -1.50593 -0.460539 -1.02052 -0.00774859 -2.53307e-17 9.49737 -0.914492 0.272816 -2.88388 -0.310469 -2.90401e-17 10.5513 1.57691 0.0539569 0.554035 -0.169247 -1.29193e-17 4.78644 0.715339 0.675042 3.3073 -6.72532 -1.8116e-17 4.82109 0.421791 2.05721 -3.42675 -3.32159 -2.00958e-17 4.83041 0.765062 3.53109 -4.7326 0.466654 1.23299 -7.60731 7.53374 21.0987 7.17469 -2.91363 12.9547 3.2495 -3.26872 -89.6179 47.4509 10.7995 29.2081 0.0598081 0.137039 4.13767 -0.720338 -20.3361 24.234 0.0496219 0.113701 -22.4977 -62.0701 -22.1708 -1.23299 -7.60729 7.53365 -22.6739 4.63171 0.455199 -12.9547 3.2495 -3.26872 80.8829 48.2236 -0.00195808 -29.2081 0.0598081 0.137039 -4.71667 -0.948702 23.3275 -24.234 0.0496218 0.113702 16.935 -51.034 12.8543 9.23673 -4.20556 2.0327 -3.9472 -5.00589 -18.9243 -0.852353 -38.7721 -0.655187 -3.596 13.2766 0.185757 -2.32622 -40.4017 -6.04875 -6.32802 0.597158 17.0802 0.779096 -9.8844 12.4959 4.77811e-15 -5.97103e-16 -1.85612e-16 -9.23673 -4.20556 2.0327 -13.3431 -12.7518 29.4849 0.852353 -38.7721 -0.655187 3.12539 11.5794 -0.114111 2.32622 -40.4017 -6.04875 8.44045 -5.02221 -15.9026 -0.779096 -9.8844 12.4959 -9.92326e-16 -5.46708e-16 -1.27223e-14 
-0.836147 92.2911 68.9348 -8.3504 3.95591 168.724 0 5.07867 -1.15138 -3.53728 3.59977 0.110724 0 5.61661 1.07143 -2.76347 2.43645 -0.21733 -1.02604e-17 5.98978 0.11501 -2.06112 1.48067 -0.134923 -1.10457e-17 6.50583 -0.443523 -1.2107 -0.570471 -0.2 -1.97295e-17 7.60548 -1.50593 -0.416618 -1.16978 -0.18076 -2.53307e-17 9.49737 -0.914492 0.278453 -3.09949 -0.503831 -2.90401e-17 10.5513 1.57691 0.0433964 0.575871 -0.179998 -1.29193e-17 4.78644 0.715339 0.65721 3.34097 -7.91163 -1.8116e-17 4.82109 0.421791 2.39405 -3.05695 -3.87839 -2.00958e-17 4.83041 0.765062 4.24745 -4.26616 0.611677 1.23299 -7.60731 7.53374 22.0096 7.57801 -2.7645 12.9547 3.2495 -3.26872 -90.6585 46.7785 11.9013 29.2081 0.0598081 0.137039 4.26342 -0.767001 -20.981 24.234 0.0496219 0.113701 -23.4778 -61.773 -23.1454 -1.23299 -7.60729 7.53365 -22.9936 4.78281 0.63487 -12.9547 3.2495 -3.26872 80.4078 47.9193 1.19673 -29.2081 0.0598081 0.137039 -4.87194 -1.01601 24.1406 -24.234 0.0496218 0.113702 16.6814 -49.0138 12.5155 9.23673 -4.20556 2.0327 -4.71526 -5.53171 -24.5713 -0.852353 -38.7721 -0.655187 -3.83553 14.1326 0.227549 -2.32622 -40.4017 -6.04875 -6.4129 -1.56658 17.1721 0.779096 -9.8844 12.4959 3.60776e-15 -6.4585e-16 -1.36864e-16 -9.23673 -4.20556 2.0327 -12.7162 -14.1801 30.9128 0.852353 -38.7721 -0.655187 3.3688 12.4597 -0.149427 2.32622 -40.4017 -6.04875 9.43177 -4.53339 -15.9854 -0.779096 -9.8844 12.4959 -5.97951e-16 -5.59032e-16 -1.2747e-14 
-1.24518 92.24 69.1774 -7.93887 4.05769 166.483 0 5.07867 -1.15138 -3.50618 3.6704 0.0126797 0 5.61661 1.07143 -2.70108 2.49548 -0.318431 -1.02604e-17 5.98978 0.11501 -2.00385 1.47339 -0.245867 -1.10457e-17 6.50583 -0.443523 -1.13742 -0.708987 -0.317972 -1.97295e-17 7.60548 -1.50593 -0.379911 -1.2311 -0.297959 -2.53307e-17 9.49737 -0.914492 0.257731 -3.23319 -0.633868 -2.90401e-17 10.5513 1.57691 0.0344768 0.587261 -0.182134 -1.29193e-17 4.78644 0.715339 0.517047 3.63037 -9.19631 -1.8116e-17 4.82109 0.421791 2.56386 -2.58725 -4.49215 -2.00958e-17 4.83041 0.765062 5.00035 -3.87327 0.512416 1.23299 -7.60731 7.53374 23.6286 7.89028 -2.5377 12.9547 3.2495 -3.26872 -92.738 46.7678 12.8565 29.2081 0.0598081 0.137039 4.48682 -0.853912 -22.1334 24.234 0.0496219 0.113701 -23.2847 -62.0389 -22.754 -1.23299 -7.60729 7.53365 -23.2164 4.81884 0.855272 -12.9547 3.2495 -3.26872 78.9113 48.0345 2.78164 -29.2081 0.0598081 0.137039 -5.01664 -1.08111 24.9028 -24.234 0.0496218 0.113702 17.1602 -47.7086 12.7104 9.23673 -4.20556 2.0327 -5.29307 -5.62757 -29.2619 -0.852353 -38.7721 -0.655187 -4.00688 14.7414 0.25963 -2.32622 -40.4017 -6.04875 -6.72571 -3.32645 17.2578 0.779096 -9.8844 12.4959 -1.54467e-15 -8.68785e-16 8.60699e-17 -9.23673 -4.20556 2.0327 -11.741 -15.6333 32.6714 0.852353 -38.7721 -0.655187 3.66932 13.5392 -0.198169 2.32622 -40.4017 -6.04875 9.9242 -3.72245 -16.0833 -0.779096 -9.8844 12.4959 -9.92326e-16 -5.46708e-16 -1.27223e-14 
-1.66186 92.1806 69.3761 -7.41051 4.28093 163.94 0 5.07867 -1.15138 -3.48952 3.67906 -0.0150588 0 5.61661 1.07143 -2.66095 2.52488 -0.361198 -1.02604e-17 5.98978 0.11501 -1.96364 1.48732 -0.302671 -1.10457e-17 6.50583 -0.443523 -1.08961 -0.764808 -0.378438 -1.97295e-17 7.60548 -1.50593 -0.35429 -1.20543 -0.352564 -2.53307e-17 9.49737 -0.914492 0.252984 -3.17648 -0.693953 -2.90401e-17 10.5513 1.57691 0.0153137 0.611034 -0.182892 -1.29193e-17 4.78644 0.715339 0.361053 3.83436 -11.1978 -1.8116e-17 4.82109 0.421791 2.7711 -2.17617 -5.41414 -2.00958e-17 4.83041 0.765062 5.80603 -3.14945 0.900999 1.23299 -7.60731 7.53374 23.7585 8.10156 -2.38689 12.9547 3.2495 -3.26872 -92.861 46.1966 13.6734 29.2081 0.0598081 0.137039 4.64176 -0.917255 -22.9378 24.234 0.0496219 0.113701 -23.6496 -61.4079 -22.8446 -1.23299 -7.60729 7.53365 -22.4694 4.8565 1.09577 -12.9547 3.2495 -3.26872 77.1627 48.747 4.33682 -29.2081 0.0598081 0.137039 -5.16878 -1.15207 25.709 -24.234 0.0496218 0.113702 16.5345 -47.1684 12.5585 9.23673 -4.20556 2.0327 -5.43966 -5.22011 -32.7895 -0.852353 -38.7721 -0.655187 -4.00608 14.7386 0.259477 -2.32622 -40.4017 -6.04875 -7.30134 -4.19908 17.3155 0.779096 -9.8844 12.4959 -7.73485e-16 -8.32561e-16 4.98459e-17 -9.23673 -4.20556 2.0327 -10.5876 -16.8327 34.7703 0.852353 -38.7721 -0.655187 3.90388 14.3758 -0.240129 2.32622 -40.4017 -6.04875 10.8004 -2.89666 -16.1886 -0.779096 -9.8844 12.4959 -9.93923e-16 -5.46658e-16 -1.27222e-14 
-2.0866 92.0704 69.4531 -6.724 4.42083 161.178 0 5.07867 -1.15138 -3.41863 3.47501 -0.0357097 0 5.61661 1.07143 -2.57355 2.42738 -0.395208 -1.02604e-17 5.98978 0.11501 -1.88622 1.44546 -0.352285 -1.10457e-17 6.50583 -0.443523 -1.0169 -0.739408 -0.43509 -1.97295e-17 7.60548 -1.50593 -0.31591 -1.06022 -0.407758 -2.53307e-17 9.49737 -0.914492 0.250163 -2.95807 -0.751107 -2.90401e-17 10.5513 1.57691 -0.00322071 0.622925 -0.18682 -1.29193e-17 4.78644 0.715339 0.257676 4.15095 -13.1241 -1.8116e-17 4.82109 0.421791 3.022 -1.67488 -6.29542 -2.00958e-17 4.83041 0.765062 6.36983 -2.43398 0.929924 1.23299 -7.60731 7.53374 23.3698 8.18106 -2.26916 12.9547 3.2495 -3.26872 -92.9184 46.0075 14.705 29.2081 0.0598081 0.137039 4.80311 -0.985941 -23.7804 24.234 0.0496219 0.113701 -23.2566 -60.8062 -22.4029 -1.23299 -7.60729 7.53365 -21.531 4.7425 1.30116 -12.9547 3.2495 -3.26872 75.1631 49.0992 6.04681 -29.2081 0.0598081 0.137039 -5.3144 -1.22245 26.4855 -24.234 0.0496218 0.113702 15.9146 -46.2986 12.1029 9.23673 -4.20556 2.0327 -5.1364 -4.35011 -35.1869 -0.852353 -38.7721 -0.655187 -3.77623 13.9212 0.216871 -2.32622 -40.4017 -6.04875 -7.95195 -4.54138 17.3438 0.779096 -9.8844 12.4959 -7.70291e-16 -8.32411e-16 4.96962e-17 -9.23673 -4.20556 2.0327 -9.18265 -17.8661 37.0221 0.852353 -38.7721 -0.655187 4.09583 15.0563 -0.276998 2.32622 -40.4017 -6.04875 11.3357 -2.14479 -16.2297 -0.779096 -9.8844 12.4959 -9.93923e-16 -5.46658e-16 -1.27222e-14 
-2.49008 91.8426 69.4788 -5.98453 4.21681 158.274 0 5.07867 -1.15138 -3.17763 3.11659 -0.101303 0 5.61661 1.07143 -2.34093 2.22658 -0.445713 -1.02604e-17 5.98978 0.11501 -1.70046 1.31051 -0.410943 -1.10457e-17 6.50583 -0.443523 -0.870083 -0.746435 -0.504875 -1.97295e-17 7.60548 -1.50593 -0.247722 -0.922094 -0.487642 -2.53307e-17 9.49737 -0.914492 0.226101 -2.80593 -0.826479 -2.90401e-17 10.5513 1.57691 -0.0139404 0.621528 -0.190073 -1.29193e-17 4.78644 0.715339 0.179493 4.56982 -14.5155 -1.8116e-17 4.82109 0.421791 3.14234 -0.999751 -6.9267 -2.00958e-17 4.83041 0.765062 6.5421 -1.95762 0.00732915 1.23299 -7.60731 7.53374 23.7116 8.17211 -2.04947 12.9547 3.2495 -3.26872 -95.0403 46.3509 15.7327 29.2081 0.0598081 0.137039 5.03318 -1.08878 -24.991 24.234 0.0496219 0.113701 -20.1146 -60.2926 -19.3496 -1.23299 -7.60729 7.53365 -21.4372 4.51576 1.26212 -12.9547 3.2495 -3.26872 73.1559 49.6136 7.71518 -29.2081 0.0598081 0.137039 -5.50518 -1.31839 27.5106 -24.234 0.0496218 0.113702 15.879 -45.345 11.8171 9.23673 -4.20556 2.0327 -4.44714 -3.56887 -36.2555 -0.852353 -38.7721 -0.655187 -3.4769 12.8489 0.166308 -2.32622 -40.4017 -6.04875 -7.97628 -5.40636 17.2017 0.779096 -9.8844 12.4959 2.00148e-15 -7.08671e-16 -7.40437e-17 -9.23673 -4.20556 2.0327 -7.53919 -19.0203 39.3061 0.852353 -38.7721 -0.655187 4.25866 15.6305 -0.310049 2.32622 -40.4017 -6.04875 11.5505 -1.7341 -16.1601 -0.779096 -9.8844 12.4959 1.93979e-16 -5.96154e-16 -1.27717e-14 
-2.9095 91.5154 69.6468 -5.46428 3.53616 155.301 0 5.07867 -1.15138 -2.94335 2.93802 -0.102659 0 5.61661 1.07143 -2.1438 2.08948 -0.436514 -1.02604e-17 5.98978 0.11501 -1.54867 1.16176 -0.408221 -1.10457e-17 6.50583 -0.443523 -0.76627 -0.921026 -0.510761 -1.97295e-17 7.60548 -1.50593 -0.198485 -1.03227 -0.502373 -2.53307e-17 9.49737 -0.914492 0.212515 -2.91296 -0.822986 -2.90401e-17 10.5513 1.57691 -0.0335877 0.631199 -0.189472 -1.29193e-17 4.78644 0.715339 0.106928 4.89095 -16.9769 -1.8116e-17 4.82109 0.421791 3.20909 -0.428477 -8.03319 -2.00958e-17 4.83041 0.765062 6.85622 -1.13539 -0.120786 1.23299 -7.60731 7.53374 23.2084 8.16835 -2.07225 12.9547 3.2495 -3.26872 -94.9755 45.7128 17.0208 29.2081 0.0598081 0.137039 5.15362 -1.14497 -25.6292 24.234 0.0496219 0.113701 -20.0949 -57.9041 -19.1088 -1.23299 -7.60729 7.53365 -21.027 4.53019 1.30714 -12.9547 3.2495 -3.26872 72.1178 50.3455 8.22391 -29.2081 0.0598081 0.137039 -5.72483 -1.43421 28.7022 -24.234 0.0496218 0.113702 14.8908 -44.6922 11.6709 9.23673 -4.20556 2.0327 -3.59594 -3.2008 -35.6645 -0.852353 -38.7721 -0.655187 -3.14494 11.6503 0.11681 -2.32622 -40.4017 -6.04875 -7.32405 -7.05851 16.8616 0.779096 -9.8844 12.4959 4.28825e-16 -7.82414e-16 -3.00359e-19 -9.23673 -4.20556 2.0327 -5.95521 -20.5588 41.4405 0.852353 -38.7721 -0.655187 4.32817 15.8747 -0.32465 2.32622 -40.4017 -6.04875 12.21 -1.73064 -16.0125 -0.779096 -9.8844 12.4959 -9.89118e-16 -5.46858e-16 -1.27224e-14 
-3.47813 91.1547 70.0302 -5.27828 2.35435 152.286 0 5.07867 -1.15138 -2.69871 2.93584 -0.159948 0 5.61661 1.07143 -1.93806 2.04878 -0.464388 -1.02604e-17 5.98978 0.11501 -1.39315 0.996928 -0.433818 -1.10457e-17 6.50583 -0.443523 -0.652912 -1.28101 -0.556523 -1.97295e-17 7.60548 -1.50593 -0.146432 -1.38107 -0.559032 -2.53307e-17 9.49737 -0.914492 0.17573 -3.4525 -0.869917 -2.90401e-17 10.5513 1.57691 -0.0307113 0.630689 -0.192735 -1.29193e-17 4.78644 0.715339 0.0176329 5.21308 -18.5651 -1.8116e-17 4.82109 0.421791 3.33699 0.147395 -8.76494 -2.00958e-17 4.83041 0.765062 6.98721 -0.522712 -1.44962 1.23299 -7.60731 7.53374 24.9473 8.35105 -2.12919 12.9547 3.2495 -3.26872 -98.2264 46.2341 18.6483 29.2081 0.0598081 0.137039 5.52505 -1.32872 -27.6186 24.234 0.0496219 0.113701 -17.3212 -56.7416 -16.3054 -1.23299 -7.60729 7.53365 -22.2908 4.51594 1.05757 -12.9547 3.2495 -3.26872 71.3995 50.5489 8.96592 -29.2081 0.0598081 0.137039 -6.08167 -1.63512 30.6664 -24.234 0.0496218 0.113702 15.2564 -43.8247 11.5997 9.23673 -4.20556 2.0327 -2.82697 -3.71471 -33.4435 -0.852353 -38.7721 -0.655187 -2.91825 10.8264 0.0870155 -2.32622 -40.4017 -6.04875 -6.52806 -8.97543 16.5395 0.779096 -9.8844 12.4959 2.645e-17 -7.95089e-16 1.2374e-17 -9.23673 -4.20556 2.0327 -4.41958 -22.5932 43.393 0.852353 -38.7721 -0.655187 4.28758 15.7321 -0.316088 2.32622 -40.4017 -6.04875 12.3799 -1.47579 -15.8089 -0.779096 -9.8844 12.4959 -5.97956e-16 -5.59032e-16 -1.2747e-14 
-4.26982 90.8816 70.6316 -5.84389 0.932129 149.263 0 5.07867 -1.15138 -2.67816 2.80887 -0.13902 0 5.61661 1.07143 -1.94491 1.91125 -0.446027 -1.02604e-17 5.98978 0.11501 -1.40087 0.8185 -0.418739 -1.10457e-17 6.50583 -0.443523 -0.661663 -1.5286 -0.554197 -1.97295e-17 7.60548 -1.50593 -0.150565 -1.58538 -0.550139 -2.53307e-17 9.49737 -0.914492 0.161508 -3.6905 -0.852058 -2.90401e-17 10.5513 1.57691 -0.0372303 0.60545 -0.198017 -1.29193e-17 4.78644 0.715339 -0.134718 5.28946 -21.1672 -1.8116e-17 4.82109 0.421791 3.33925 0.539755 -9.97921 -2.00958e-17 4.83041 0.765062 7.78611 0.167659 -1.69078 1.23299 -7.60731 7.53374 25.0558 8.47804 -2.35418 12.9547 3.2495 -3.26872 -97.9201 45.3713 20.3549 29.2081 0.0598081 0.137039 5.76245 -1.45473 -28.9082 24.234 0.0496219 0.113701 -18.5741 -54.1547 -17.5943 -1.23299 -7.60729 7.53365 -22.0829 4.5595 1.06841 -12.9547 3.2495 -3.26872 71.0706 50.7445 9.14689 -29.2081 0.0598081 0.137039 -6.4744 -1.87543 32.8733 -24.234 0.0496218 0.113702 13.3972 -43.5917 10.4935 9.23673 -4.20556 2.0327 -2.57782 -5.20495 -30.7385 -0.852353 -38.7721 -0.655187 -2.76966 10.2843 0.0692625 -2.32622 -40.4017 -6.04875 -5.93643 -10.6223 16.3445 0.779096 -9.8844 12.4959 2.48481e-17 -7.95139e-16 1.2424e-17 -9.23673 -4.20556 2.0327 -3.69868 -24.9025 44.8952 0.852353 -38.7721 -0.655187 3.95361 14.5525 -0.249463 2.32622 -40.4017 -6.04875 13.516 -1.01657 -15.6811 -0.779096 -9.8844 12.4959 -5.96354e-16 -5.59082e-16 -1.27471e-14 
-5.29104 90.9037 71.442 -6.55316 0.266041 146.354 0 5.07867 -1.15138 -2.94824 2.68854 -0.205591 0 5.61661 1.07143 -2.17711 1.83434 -0.568439 -1.02604e-17 5.98978 0.11501 -1.55567 0.763123 -0.54011 -1.10457e-17 6.50583 -0.443523 -0.746029 -1.54654 -0.685135 -1.97295e-17 7.60548 -1.50593 -0.17297 -1.57987 -0.658588 -2.53307e-17 9.49737 -0.914492 0.161701 -3.65857 -0.984427 -2.90401e-17 10.5513 1.57691 -0.0432176 0.579058 -0.212987 -1.29193e-17 4.78644 0.715339 -0.118373 5.59367 -22.5374 -1.8116e-17 4.82109 0.421791 3.75642 0.766036 -10.6387 -2.00958e-17 4.83041 0.765062 8.37646 0.491372 -2.87078 1.23299 -7.60731 7.53374 24.737 8.47813 -2.20235 12.9547 3.2495 -3.26872 -97.8854 45.3275 20.9236 29.2081 0.0598081 0.137039 6.02874 -1.60439 -30.3733 24.234 0.0496219 0.113701 -16.8017 -53.5446 -15.8675 -1.23299 -7.60729 7.53365 -21.1099 4.3314 0.905578 -12.9547 3.2495 -3.26872 72.7486 49.4066 9.16733 -29.2081 0.0598081 0.137039 -6.73558 -2.04706 34.3703 -24.234 0.0496218 0.113702 10.6225 -40.7643 7.89109 9.23673 -4.20556 2.0327 -2.90248 -6.69062 -27.8342 -0.852353 -38.7721 -0.655187 -2.70164 10.0356 0.0616057 -2.32622 -40.4017 -6.04875 -5.22563 -10.5854 16.2639 0.779096 -9.8844 12.4959 -3.71119e-16 -8.07513e-16 2.4798e-17 -9.23673 -4.20556 2.0327 -3.58132 -26.3649 45.8925 0.852353 -38.7721 -0.655187 3.33966 12.3545 -0.145002 2.32622 -40.4017 -6.04875 13.9255 1.16026 -15.7395 -0.779096 -9.8844 12.4959 -5.96354e-16 -5.59082e-16 -1.27471e-14 
-6.31231 91.3135 72.3412 -5.81854 1.23485 143.365 0 5.07867 -1.15138 -3.2262 2.60748 -0.459802 0 5.61661 1.07143 -2.36493 1.94141 -0.920352 -1.02604e-17 5.98978 0.11501 -1.63953 1.09 -0.871849 -1.10457e-17 6.50583 -0.443523 -0.752802 -0.808871 -0.996314 -1.97295e-17 7.60548 -1.50593 -0.128182 -0.92803 -0.960261 -2.53307e-17 9.49737 -0.914492 0.229465 -2.71728 -1.30027 -2.90401e-17 10.5513 1.57691 -0.0442543 0.548721 -0.230209 -1.29193e-17 4.78644 0.715339 0.135425 5.55003 -21.8508 -1.8116e-17 4.82109 0.421791 4.72305 0.86557 -10.2424 -2.00958e-17 4.83041 0.765062 8.09588 0.0826178 -5.29496 1.23299 -7.60731 7.53374 19.5344 7.79647 -2.02834 12.9547 3.2495 -3.26872 -96.2649 44.3968 14.8999 29.2081 0.0598081 0.137039 5.68655 -1.41371 -28.4943 24.234 0.0496219 0.113701 -4.91936 -54.3836 -4.62422 -1.23299 -7.60729 7.53365 -19.351 3.5442 0.567202 -12.9547 3.2495 -3.26872 70.9198 48.0899 12.3672 -29.2081 0.0598081 0.137039 -6.83398 -2.11429 34.9411 -24.234 0.0496218 0.113702 9.82269 -37.8074 5.9518 9.23673 -4.20556 2.0327 -2.9582 -6.37631 -24.9141 -0.852353 -38.7721 -0.655187 -2.67776 9.94822 0.0589881 -2.32622 -40.4017 -6.04875 -4.38889 -8.82689 16.3209 0.779096 -9.8844 12.4959 4.19214e-16 -7.82815e-16 1.0012e-19 -9.23673 -4.20556 2.0327 -2.94368 -25.2791 46.7989 0.852353 -38.7721 -0.655187 2.47321 9.19812 -0.0380654 2.32622 -40.4017 -6.04875 13.3515 5.93913 -16.2674 -0.779096 -9.8844 12.4959 1.95581e-16 -5.96204e-16 -1.27718e-14 
-7.23852 91.8437 73.0845 -4.39739 2.56411 140.406 0 5.07867 -1.15138 -3.45633 2.68894 -0.625221 0 5.61661 1.07143 -2.50558 2.13064 -1.14615 -1.02604e-17 5.98978 0.11501 -1.68526 1.45559 -1.05835 -1.10457e-17 6.50583 -0.443523 -0.755655 -0.162322 -1.13584 -1.97295e-17 7.60548 -1.50593 -0.075031 -0.432302 -1.09281 -2.53307e-17 9.49737 -0.914492 0.337374 -1.94561 -1.46531 -2.90401e-17 10.5513 1.57691 -0.0913151 0.596466 -0.243901 -1.29193e-17 4.78644 0.715339 1.10836 6.90926 -21.5432 -1.8116e-17 4.82109 0.421791 5.35559 0.892307 -10.0007 -2.00958e-17 4.83041 0.765062 7.63618 -1.22318 -7.51098 1.23299 -7.60731 7.53374 14.6747 6.37101 -1.06421 12.9547 3.2495 -3.26872 -90.2817 39.8474 6.70608 29.2081 0.0598081 0.137039 4.2081 -0.746282 -20.697 24.234 0.0496219 0.113701 -5.36278 -49.7464 -3.5035 -1.23299 -7.60729 7.53365 -16.8364 3.05114 -0.381659 -12.9547 3.2495 -3.26872 78.4138 47.325 9.77223 -29.2081 0.0598081 0.137039 -6.28872 -1.75921 31.8235 -24.234 0.0496218 0.113702 4.92219 -30.0949 5.61693 9.23673 -4.20556 2.0327 -2.6703 -4.85719 -21.7748 -0.852353 -38.7721 -0.655187 -2.46851 9.18085 0.0376166 -2.32622 -40.4017 -6.04875 -2.9165 -6.23559 16.1987 0.779096 -9.8844 12.4959 -3.69517e-16 -8.07463e-16 2.4748e-17 -9.23673 -4.20556 2.0327 -2.6566 -23.003 46.187 0.852353 -38.7721 -0.655187 1.47979 5.5227 0.0250913 2.32622 -40.4017 -6.04875 13.7875 10.0005 -16.8704 -0.779096 -9.8844 12.4959 -1.97183e-16 -5.8398e-16 -1.27595e-14 
-8.05054 92.0831 73.7751 -3.78747 2.30566 137.044 0 5.07867 -1.15138 -3.48322 3.05503 -0.755859 0 5.61661 1.07143 -2.5 2.41155 -1.29853 -1.02604e-17 5.98978 0.11501 -1.6546 1.66827 -1.20316 -1.10457e-17 6.50583 -0.443523 -0.701407 0.00973599 -1.27829 -1.97295e-17 7.60548 -1.50593 -0.0208386 -0.527131 -1.23685 -2.53307e-17 9.49737 -0.914492 0.386285 -2.0992 -1.62174 -2.90401e-17 10.5513 1.57691 -0.0896776 0.615389 -0.272067 -1.29193e-17 4.78644 0.715339 1.51383 7.40256 -21.7363 -1.8116e-17 4.82109 0.421791 5.89994 0.748635 -10.0364 -2.00958e-17 4.83041 0.765062 7.12021 -1.38227 -8.69302 1.23299 -7.60731 7.53374 12.9426 6.11692 -1.30891 12.9547 3.2495 -3.26872 -88.8475 36.894 3.45314 29.2081 0.0598081 0.137039 3.31178 -0.452791 -16.1587 24.234 0.0496219 0.113701 -5.4689 -47.1189 -4.5055 -1.23299 -7.60729 7.53365 -16.4622 2.72408 -0.414389 -12.9547 3.2495 -3.26872 78.6424 43.9184 10.8938 -29.2081 0.0598081 0.137039 -6.1589 -1.68073 31.0964 -24.234 0.0496218 0.113702 6.80314 -25.6694 6.35594 9.23673 -4.20556 2.0327 -1.82282 -4.7599 -17.8099 -0.852353 -38.7721 -0.655187 -2.25134 8.38154 0.0184165 -2.32622 -40.4017 -6.04875 -2.85465 -5.38814 16.2019 0.779096 -9.8844 12.4959 -3.72721e-16 -8.07563e-16 2.48481e-17 -9.23673 -4.20556 2.0327 -2.34653 -22.4481 44.2371 0.852353 -38.7721 -0.655187 0.792348 2.95924 0.0311954 2.32622 -40.4017 -6.04875 13.2336 9.27092 -16.3341 -0.779096 -9.8844 12.4959 -9.9072e-16 -5.46808e-16 -1.27224e-14 
-8.91279 92.1544 74.5271 -3.73151 1.38419 133.517 0 5.07867 -1.15138 -3.42303 3.26703 -0.788124 0 5.61661 1.07143 -2.47688 2.50297 -1.31949 -1.02604e-17 5.98978 0.11501 -1.64339 1.68199 -1.22091 -1.10457e-17 6.50583 -0.443523 -0.711828 -0.0707249 -1.28982 -1.97295e-17 7.60548 -1.50593 -0.0402065 -0.780858 -1.24767 -2.53307e-17 9.49737 -0.914492 0.365869 -2.39452 -1.61697 -2.90401e-17 10.5513 1.57691 -0.0817023 0.638395 -0.279419 -1.29193e-17 4.78644 0.715339 2.00284 8.21175 -23.0702 -1.8116e-17 4.82109 0.421791 5.74036 0.556273 -10.626 -2.00958e-17 4.83041 0.765062 7.61998 -1.36372 -8.50129 1.23299 -7.60731 7.53374 11.0162 6.08001 -2.11161 12.9547 3.2495 -3.26872 -86.2963 35.1841 1.83846 29.2081 0.0598081 0.137039 2.77501 -0.313707 -13.489 24.234 0.0496219 0.113701 -5.98097 -45.7052 -5.57281 -1.23299 -7.60729 7.53365 -15.8241 2.49307 0.0307628 -12.9547 3.2495 -3.26872 78.9639 41.6697 10.4403 -29.2081 0.0598081 0.137039 -6.36149 -1.80419 32.2336 -24.234 0.0496218 0.113702 7.39574 -23.3728 5.99718 9.23673 -4.20556 2.0327 -0.904734 -5.75613 -13.6661 -0.852353 -38.7721 -0.655187 -2.19169 8.16153 0.0136759 -2.32622 -40.4017 -6.04875 -1.62356 -5.16118 16.0571 0.779096 -9.8844 12.4959 2.32462e-17 -7.95189e-16 1.24741e-17 -9.23673 -4.20556 2.0327 -1.93346 -22.5085 40.8491 0.852353 -38.7721 -0.655187 0.31939 1.19248 0.0174915 2.32622 -40.4017 -6.04875 11.3085 7.59753 -15.6391 -0.779096 -9.8844 12.4959 5.89946e-16 -6.20902e-16 -1.27965e-14 
-9.87575 92.2793 75.4201 -3.63371 0.620067 130.008 0 5.07867 -1.15138 -3.39976 3.3415 -0.748433 0 5.61661 1.07143 -2.48899 2.54631 -1.26638 -1.02604e-17 5.98978 0.11501 -1.65717 1.73455 -1.16717 -1.10457e-17 6.50583 -0.443523 -0.742998 0.00711478 -1.22864 -1.97295e-17 7.60548 -1.50593 -0.0552373 -0.773477 -1.17844 -2.53307e-17 9.49737 -0.914492 0.384758 -2.30514 -1.53534 -2.90401e-17 10.5513 1.57691 -0.0762921 0.670171 -0.275467 -1.29193e-17 4.78644 0.715339 2.24534 8.44118 -24.2449 -1.8116e-17 4.82109 0.421791 5.79011 0.108009 -11.1877 -2.00958e-17 4.83041 0.765062 8.21122 -1.04903 -8.54604 1.23299 -7.60731 7.53374 8.78032 6.0335 -2.79121 12.9547 3.2495 -3.26872 -82.6457 34.5203 -0.176395 29.2081 0.0598081 0.137039 2.51864 -0.256596 -12.2241 24.234 0.0496219 0.113701 -5.69709 -45.2605 -5.06134 -1.23299 -7.60729 7.53365 -14.636 2.33873 0.232598 -12.9547 3.2495 -3.26872 79.1783 39.9253 10.2266 -29.2081 0.0598081 0.137039 -6.57515 -1.94046 33.4479 -24.234 0.0496218 0.113702 6.86003 -21.562 5.16158 9.23673 -4.20556 2.0327 0.184912 -6.80644 -9.80233 -0.852353 -38.7721 -0.655187 -2.19984 8.19159 0.0143098 -2.32622 -40.4017 -6.04875 -1.19572 -4.83286 15.9593 0.779096 -9.8844 12.4959 4.20816e-16 -7.82765e-16 5.00599e-20 -9.23673 -4.20556 2.0327 -1.13189 -22.7726 38.37 0.852353 -38.7721 -0.655187 0.168179 0.627771 0.0100368 2.32622 -40.4017 -6.04875 10.4989 7.09632 -15.4103 -0.779096 -9.8844 12.4959 -1.95581e-16 -5.8408e-16 -1.27596e-14 
-10.9553 92.4834 76.5188 -3.307 0.175102 126.28 0 5.07867 -1.15138 -3.41477 3.25648 -0.72614 0 5.61661 1.07143 -2.50346 2.55691 -1.23791 -1.02604e-17 5.98978 0.11501 -1.66075 1.8427 -1.13902 -1.10457e-17 6.50583 -0.443523 -0.741117 0.312679 -1.19978 -1.97295e-17 7.60548 -1.50593 -0.0392283 -0.466317 -1.14709 -2.53307e-17 9.49737 -0.914492 0.428112 -1.89971 -1.50549 -2.90401e-17 10.5513 1.57691 -0.0655959 0.659392 -0.284034 -1.29193e-17 4.78644 0.715339 2.42343 8.65887 -24.3632 -1.8116e-17 4.82109 0.421791 6.1638 -0.220074 -11.2462 -2.00958e-17 4.83041 0.765062 8.61737 -1.44301 -9.18872 1.23299 -7.60731 7.53374 7.72942 5.80984 -3.03928 12.9547 3.2495 -3.26872 -79.8988 33.7991 -2.02983 29.2081 0.0598081 0.137039 2.31546 -0.215527 -11.2256 24.234 0.0496219 0.113701 -5.96203 -45.1768 -4.76591 -1.23299 -7.60729 7.53365 -14.0954 1.90592 0.0615642 -12.9547 3.2495 -3.26872 78.9771 38.8312 11.4453 -29.2081 0.0598081 0.137039 -6.58986 -1.95008 33.5321 -24.234 0.0496218 0.113702 6.6209 -20.0619 4.73978 9.23673 -4.20556 2.0327 1.45359 -7.59498 -5.87416 -0.852353 -38.7721 -0.655187 -2.24204 8.34724 0.017662 -2.32622 -40.4017 -6.04875 -1.04632 -4.04048 15.8744 0.779096 -9.8844 12.4959 4.22417e-16 -7.82715e-16 2.88531e-33 -9.23673 -4.20556 2.0327 0.252111 -23.0331 37.0693 0.852353 -38.7721 -0.655187 0.311847 1.16431 0.0171549 2.32622 -40.4017 -6.04875 9.1763 7.94799 -15.3953 -0.779096 -9.8844 12.4959 1.97183e-16 -5.96304e-16 -1.27719e-14 
-12.1484 92.7992 77.6376 -2.44872 0.210902 122.529 0 5.07867 -1.15138 -3.48858 3.4233 -0.731555 0 5.61661 1.07143 -2.54844 2.77039 -1.24365 -1.02604e-17 5.98978 0.11501 -1.68089 2.11452 -1.14669 -1.10457e-17 6.50583 -0.443523 -0.736888 0.707574 -1.20806 -1.97295e-17 7.60548 -1.50593 -0.0121275 -0.12064 -1.15725 -2.53307e-17 9.49737 -0.914492 0.487608 -1.4807 -1.5236 -2.90401e-17 10.5513 1.57691 -0.0550673 0.634024 -0.300586 -1.29193e-17 4.78644 0.715339 2.71932 9.09816 -24.3627 -1.8116e-17 4.82109 0.421791 6.65402 -0.735912 -11.2135 -2.00958e-17 4.83041 0.765062 8.92019 -1.90157 -9.35908 1.23299 -7.60731 7.53374 7.04918 5.57141 -3.22305 12.9547 3.2495 -3.26872 -77.3145 33.5155 -3.64085 29.2081 0.0598081 0.137039 2.13222 -0.181633 -10.3279 24.234 0.0496219 0.113701 -6.63341 -46.2832 -4.81626 -1.23299 -7.60729 7.53365 -13.9058 1.43634 -0.0970711 -12.9547 3.2495 -3.26872 79.0624 37.858 12.9599 -29.2081 0.0598081 0.137039 -6.54633 -1.92171 33.2832 -24.234 0.0496218 0.113702 6.29001 -18.6275 4.35882 9.23673 -4.20556 2.0327 2.74127 -7.61351 -2.17419 -0.852353 -38.7721 -0.655187 -2.25776 8.40522 0.0189407 -2.32622 -40.4017 -6.04875 -1.46036 -2.58116 15.8476 0.779096 -9.8844 12.4959 8.18385e-16 -7.57967e-16 -2.4748e-17 -9.23673 -4.20556 2.0327 1.72076 -22.898 36.9539 0.852353 -38.7721 -0.655187 0.696403 2.60089 0.0295947 2.32622 -40.4017 -6.04875 8.74199 10.0216 -15.5167 -0.779096 -9.8844 12.4959 1.98785e-16 -5.96354e-16 -1.27719e-14 
-13.3119 93.1806 78.5992 -1.61864 0.353125 118.853 0 5.07867 -1.15138 -3.58442 3.48272 -0.698015 0 5.61661 1.07143 -2.59441 2.95754 -1.20106 -1.02604e-17 5.98978 0.11501 -1.68507 2.47974 -1.10158 -1.10457e-17 6.50583 -0.443523 -0.705287 1.37769 -1.14971 -1.97295e-17 7.60548 -1.50593 0.0688021 0.578291 -1.10344 -2.53307e-17 9.49737 -0.914492 0.638294 -0.552854 -1.49476 -2.90401e-17 10.5513 1.57691 -0.0477287 0.551905 -0.284679 -1.29193e-17 4.78644 0.715339 2.63914 8.80556 -24.668 -1.8116e-17 4.82109 0.421791 7.20498 -1.44478 -11.3486 -2.00958e-17 4.83041 0.765062 9.50788 -2.29876 -9.13927 1.23299 -7.60731 7.53374 5.84452 5.23435 -3.44729 12.9547 3.2495 -3.26872 -74.0167 33.5687 -5.65469 29.2081 0.0598081 0.137039 2.02225 -0.162715 -9.79037 24.234 0.0496219 0.113701 -7.43086 -48.1605 -5.25438 -1.23299 -7.60729 7.53365 -11.3069 1.14461 0.644114 -12.9547 3.2495 -3.26872 77.937 34.9283 14.6782 -29.2081 0.0598081 0.137039 -6.32396 -1.78089 32.022 -24.234 0.0496218 0.113702 4.84252 -16.2293 4.49565 9.23673 -4.20556 2.0327 3.88842 -7.30001 1.5573 -0.852353 -38.7721 -0.655187 -2.20985 8.22854 0.0150949 -2.32622 -40.4017 -6.04875 -2.33502 -0.700863 15.8813 0.779096 -9.8844 12.4959 8.19987e-16 -7.57867e-16 -2.48481e-17 -9.23673 -4.20556 2.0327 2.93937 -22.5317 37.7153 0.852353 -38.7721 -0.655187 1.13179 4.22621 0.0320357 2.32622 -40.4017 -6.04875 8.74448 12.5761 -15.7529 -0.779096 -9.8844 12.4959 1.38667e-15 -6.45849e-16 -1.28338e-14 
-14.3781 93.475 79.3898 -1.10409 0.337583 115.317 0 5.07867 -1.15138 -3.78254 3.3939 -0.680777 0 5.61661 1.07143 -2.71869 3.0398 -1.18764 -1.02604e-17 5.98978 0.11501 -1.74169 2.75401 -1.08317 -1.10457e-17 6.50583 -0.443523 -0.702681 1.97381 -1.11558 -1.97295e-17 7.60548 -1.50593 0.144798 1.25563 -1.06654 -2.53307e-17 9.49737 -0.914492 0.803706 0.358163 -1.48581 -2.90401e-17 10.5513 1.57691 -0.0371505 0.468972 -0.256014 -1.29193e-17 4.78644 0.715339 2.32492 8.03267 -24.9878 -1.8116e-17 4.82109 0.421791 7.62497 -1.82763 -11.4999 -2.00958e-17 4.83041 0.765062 10.3229 -2.22887 -8.8127 1.23299 -7.60731 7.53374 4.7157 5.00853 -3.54951 12.9547 3.2495 -3.26872 -70.6848 33.8296 -7.23113 29.2081 0.0598081 0.137039 1.95127 -0.151068 -9.4438 24.234 0.0496219 0.113701 -8.49158 -50.5262 -6.04677 -1.23299 -7.60729 7.53365 -8.03358 1.12754 1.6968 -12.9547 3.2495 -3.26872 76.8713 31.3773 15.9923 -29.2081 0.0598081 0.137039 -6.11168 -1.65273 30.8334 -24.234 0.0496218 0.113702 3.32156 -13.8234 4.95536 9.23673 -4.20556 2.0327 4.89486 -7.06036 5.16153 -0.852353 -38.7721 -0.655187 -2.13053 7.93572 0.00905373 -2.32622 -40.4017 -6.04875 -2.91428 0.907245 15.889 0.779096 -9.8844 12.4959 8.19987e-16 -7.57867e-16 -2.48481e-17 -9.23673 -4.20556 2.0327 3.7821 -22.0354 38.8179 0.852353 -38.7721 -0.655187 1.49663 5.58534 0.024555 2.32622 -40.4017 -6.04875 8.84272 14.2237 -15.9584 -0.779096 -9.8844 12.4959 -2.17217e-15 -4.97564e-16 -1.26732e-14 
-15.4012 93.6375 80.0413 -0.744682 0.273679 112.062 0 5.07867 -1.15138 -4.13323 2.92466 -0.916979 0 5.61661 1.07143 -2.92373 2.8619 -1.44935 -1.02604e-17 5.98978 0.11501 -1.82942 2.83293 -1.32182 -1.10457e-17 6.50583 -0.443523 -0.694372 2.46566 -1.32943 -1.97295e-17 7.60548 -1.50593 0.216988 1.95482 -1.28713 -2.53307e-17 9.49737 -0.914492 0.927727 1.39537 -1.76361 -2.90401e-17 10.5513 1.57691 -0.045969 0.399317 -0.219199 -1.29193e-17 4.78644 0.715339 2.09272 7.3396 -24.7197 -1.8116e-17 4.82109 0.421791 7.72238 -2.06279 -11.3646 -2.00958e-17 4.83041 0.765062 11.0474 -1.63901 -8.00983 1.23299 -7.60731 7.53374 2.95943 4.59697 -2.94529 12.9547 3.2495 -3.26872 -67.9523 33.3624 -7.23415 29.2081 0.0598081 0.137039 1.94815 -0.150569 -9.42858 24.234 0.0496219 0.113701 -8.97693 -52.7109 -6.21967 -1.23299 -7.60729 7.53365 -3.42475 1.40289 2.20991 -12.9547 3.2495 -3.26872 81.1345 27.3821 11.6235 -29.2081 0.0598081 0.137039 -6.13433 -1.66612 30.9595 -24.234 0.0496218 0.113702 -0.166685 -6.33223 7.58007 9.23673 -4.20556 2.0327 5.74342 -6.81387 8.77947 -0.852353 -38.7721 -0.655187 -2.05369 7.65177 0.00359026 -2.32622 -40.4017 -6.04875 -2.8064 2.19245 15.7047 0.779096 -9.8844 12.4959 -7.63864e-16 -8.3211e-16 4.93949e-17 -9.23673 -4.20556 2.0327 4.14502 -21.2568 39.7711 0.852353 -38.7721 -0.655187 1.78549 6.65845 0.0124792 2.32622 -40.4017 -6.04875 8.50695 14.547 -16.0072 -0.779096 -9.8844 12.4959 -1.79067e-15 -5.09336e-16 -1.26973e-14 
-16.3854 93.6979 80.5345 -0.663159 0.0787233 109.251 0 5.07867 -1.15138 -4.51421 2.79067 -1.30531 0 5.61661 1.07143 -3.14666 2.84985 -1.88403 -1.02604e-17 5.98978 0.11501 -1.93427 2.84877 -1.73997 -1.10457e-17 6.50583 -0.443523 -0.682455 2.54823 -1.74269 -1.97295e-17 7.60548 -1.50593 0.263653 2.09909 -1.71629 -2.53307e-17 9.49737 -0.914492 0.957007 1.68784 -2.25714 -2.90401e-17 10.5513 1.57691 -0.0460845 0.387789 -0.221528 -1.29193e-17 4.78644 0.715339 2.02814 6.89052 -23.5668 -1.8116e-17 4.82109 0.421791 8.09313 -2.28771 -10.7759 -2.00958e-17 4.83041 0.765062 10.9851 -0.696719 -7.84927 1.23299 -7.60731 7.53374 2.57485 4.38159 -1.73871 12.9547 3.2495 -3.26872 -67.7026 32.9815 -5.02451 29.2081 0.0598081 0.137039 2.06278 -0.169569 -9.9884 24.234 0.0496219 0.113701 -9.48086 -54.49 -6.92105 -1.23299 -7.60729 7.53365 -2.0456 1.44575 1.4589 -12.9547 3.2495 -3.26872 85.5812 23.6116 5.612 -29.2081 0.0598081 0.137039 -6.76579 -2.06751 34.5453 -24.234 0.0496218 0.113702 0.00671378 -0.25863 10.0516 9.23673 -4.20556 2.0327 6.53489 -6.91875 11.4762 -0.852353 -38.7721 -0.655187 -2.02864 7.55915 0.00189208 -2.32622 -40.4017 -6.04875 -3.1784 2.71372 15.6875 0.779096 -9.8844 12.4959 -1.16625e-15 -8.44785e-16 6.207e-17 -9.23673 -4.20556 2.0327 4.05061 -20.8416 39.9059 0.852353 -38.7721 -0.655187 2.13344 7.94648 -0.00926781 2.32622 -40.4017 -6.04875 8.47234 13.3088 -16.0876 -0.779096 -9.8844 12.4959 -1.3931e-15 -5.34133e-16 -1.27097e-14 
-17.3372 93.6906 80.9049 -0.890517 -0.141616 106.776 0 5.07867 -1.15138 -4.59843 2.75266 -1.47044 0 5.61661 1.07143 -3.15787 2.88845 -2.04631 -1.02604e-17 5.98978 0.11501 -1.89549 2.97128 -1.89828 -1.10457e-17 6.50583 -0.443523 -0.584403 2.85916 -1.88981 -1.97295e-17 7.60548 -1.50593 0.387662 2.493 -1.88618 -2.53307e-17 9.49737 -0.914492 1.08691 2.27938 -2.47654 -2.90401e-17 10.5513 1.57691 -0.0270885 0.307493 -0.201602 -1.29193e-17 4.78644 0.715339 1.42982 5.45174 -23.3289 -1.8116e-17 4.82109 0.421791 8.65444 -2.53872 -10.6574 -2.00958e-17 4.83041 0.765062 11.1087 -0.243885 -8.03987 1.23299 -7.60731 7.53374 1.77021 4.3925 -1.50299 12.9547 3.2495 -3.26872 -66.7843 32.4725 -4.01254 29.2081 0.0598081 0.137039 2.3117 -0.214811 -11.2072 24.234 0.0496219 0.113701 -9.65991 -55.5632 -7.50766 -1.23299 -7.60729 7.53365 0.137491 1.66083 2.54932 -12.9547 3.2495 -3.26872 83.3885 19.2723 4.68395 -29.2081 0.0598081 0.137039 -7.74957 -2.8137 40.4554 -24.234 0.0496218 0.113702 1.64966 0.216965 7.82552 9.23673 -4.20556 2.0327 7.20667 -7.27007 13.8338 -0.852353 -38.7721 -0.655187 -2.01654 7.51437 0.00108586 -2.32622 -40.4017 -6.04875 -3.9312 2.69993 15.797 0.779096 -9.8844 12.4959 1.60388e-15 -7.3347e-16 -4.92443e-17 -9.23673 -4.20556 2.0327 3.3965 -20.8498 38.3934 0.852353 -38.7721 -0.655187 2.51102 9.33697 -0.0417299 2.32622 -40.4017 -6.04875 8.67087 11.2119 -16.1791 -0.779096 -9.8844 12.4959 2.17217e-15 -6.8272e-16 -1.28583e-14 
-18.2959 93.6886 81.2249 -0.954079 -0.142538 104.486 0 5.07867 -1.15138 -4.566 2.33652 -1.55269 0 5.61661 1.07143 -3.11356 2.66669 -2.09728 -1.02604e-17 5.98978 0.11501 -1.83948 2.99458 -1.93933 -1.10457e-17 6.50583 -0.443523 -0.51625 3.31465 -1.91108 -1.97295e-17 7.60548 -1.50593 0.462087 3.16757 -1.91754 -2.53307e-17 9.49737 -0.914492 1.17785 3.23192 -2.51787 -2.90401e-17 10.5513 1.57691 -0.0204985 0.207281 -0.16193 -1.29193e-17 4.78644 0.715339 0.567907 3.73508 -24.0117 -1.8116e-17 4.82109 0.421791 8.62567 -2.59893 -11.0435 -2.00958e-17 4.83041 0.765062 11.7169 0.590043 -7.78296 1.23299 -7.60731 7.53374 -0.192139 4.46626 -1.95319 12.9547 3.2495 -3.26872 -64.1767 31.9878 -4.72721 29.2081 0.0598081 0.137039 2.45593 -0.243539 -11.9156 24.234 0.0496219 0.113701 -8.85259 -56.5033 -6.338 -1.23299 -7.60729 7.53365 3.09172 1.99623 3.98265 -12.9547 3.2495 -3.26872 80.2804 17.1979 4.76375 -29.2081 0.0598081 0.137039 -8.60598 -3.60974 46.0417 -24.234 0.0496218 0.113702 0.69387 -1.71454 4.31271 9.23673 -4.20556 2.0327 7.69648 -7.47566 16.4158 -0.852353 -38.7721 -0.655187 -2.03512 7.5831 0.00232722 -2.32622 -40.4017 -6.04875 -4.06064 3.13223 15.7421 0.779096 -9.8844 12.4959 4.27237e-16 -7.82514e-16 -2.00832e-19 -9.23673 -4.20556 2.0327 2.16304 -20.5176 36.3906 0.852353 -38.7721 -0.655187 2.77778 10.314 -0.0701955 2.32622 -40.4017 -6.04875 8.31202 8.94844 -16.1214 -0.779096 -9.8844 12.4959 -1.89145e-16 -5.84332e-16 -1.27599e-14 
-19.2401 93.7544 81.5421 -0.469569 0.22318 102.37 0 5.07867 -1.15138 -4.53014 1.99475 -1.55573 0 5.61661 1.07143 -3.08058 2.50604 -2.07473 -1.02604e-17 5.98978 0.11501 -1.8026 3.07373 -1.90928 -1.10457e-17 6.50583 -0.443523 -0.471121 3.82858 -1.86685 -1.97295e-17 7.60548 -1.50593 0.522171 3.87399 -1.8776 -2.53307e-17 9.49737 -0.914492 1.2782 4.16289 -2.49535 -2.90401e-17 10.5513 1.57691 -0.00701476 0.14113 -0.133621 -1.29193e-17 4.78644 0.715339 -0.11539 2.28804 -24.3387 -1.8116e-17 4.82109 0.421791 8.6919 -2.91509 -11.2706 -2.00958e-17 4.83041 0.765062 11.867 1.12342 -8.44376 1.23299 -7.60731 7.53374 -1.73707 4.39899 -2.14814 12.9547 3.2495 -3.26872 -61.9078 31.5711 -6.12054 29.2081 0.0598081 0.137039 2.39406 -0.23099 -11.6115 24.234 0.0496219 0.113701 -8.58426 -56.4337 -5.59307 -1.23299 -7.60729 7.53365 5.17111 2.12019 4.7327 -12.9547 3.2495 -3.26872 77.5547 15.1223 6.19014 -29.2081 0.0598081 0.137039 -8.81772 -3.83224 47.5072 -24.234 0.0496218 0.113702 -0.7389 -3.33836 3.33468 9.23673 -4.20556 2.0327 8.01051 -7.24138 17.9704 -0.852353 -38.7721 -0.655187 -2.09984 7.82237 0.00682617 -2.32622 -40.4017 -6.04875 -4.4752 4.04497 15.8008 0.779096 -9.8844 12.4959 -3.69508e-16 -8.07462e-16 2.47477e-17 -9.23673 -4.20556 2.0327 0.482449 -19.6983 34.1887 0.852353 -38.7721 -0.655187 3.00793 11.1528 -0.0984112 2.32622 -40.4017 -6.04875 8.2188 6.86506 -16.1413 -0.779096 -9.8844 12.4959 -1.38667e-15 -5.34435e-16 -1.271e-14 
-20.0328 93.8743 81.8458 0.107073 0.613718 100.211 0 5.07867 -1.15138 -4.48845 1.78087 -1.53449 0 5.61661 1.07143 -3.04866 2.40175 -2.033 -1.02604e-17 5.98978 0.11501 -1.77421 3.15024 -1.86369 -1.10457e-17 6.50583 -0.443523 -0.442938 4.23012 -1.81068 -1.97295e-17 7.60548 -1.50593 0.560825 4.4186 -1.82186 -2.53307e-17 9.49737 -0.914492 1.35654 4.86254 -2.44934 -2.90401e-17 10.5513 1.57691 0.0149227 0.0900895 -0.122695 -1.29193e-17 4.78644 0.715339 -0.415842 1.55519 -24.587 -1.8116e-17 4.82109 0.421791 8.92166 -3.2903 -11.4345 -2.00958e-17 4.83041 0.765062 11.7305 1.15036 -9.01846 1.23299 -7.60731 7.53374 -2.93673 4.42439 -2.38439 12.9547 3.2495 -3.26872 -60.2277 31.0342 -7.10187 29.2081 0.0598081 0.137039 2.22715 -0.198836 -10.7928 24.234 0.0496219 0.113701 -8.97272 -55.9795 -5.82883 -1.23299 -7.60729 7.53365 6.21592 2.11804 5.05249 -12.9547 3.2495 -3.26872 75.5762 12.7233 7.78176 -29.2081 0.0598081 0.137039 -8.79676 -3.8097 47.3604 -24.234 0.0496218 0.113702 -1.66678 -4.64432 3.73613 9.23673 -4.20556 2.0327 8.26506 -6.69323 19.911 -0.852353 -38.7721 -0.655187 -2.09413 7.80124 0.00641782 -2.32622 -40.4017 -6.04875 -4.71399 5.33347 15.7986 0.779096 -9.8844 12.4959 2.39902e-15 -6.96198e-16 -8.65164e-17 -9.23673 -4.20556 2.0327 -1.35725 -18.7859 31.3902 0.852353 -38.7721 -0.655187 3.18914 11.8104 -0.122999 2.32622 -40.4017 -6.04875 7.93593 5.38804 -16.1631 -0.779096 -9.8844 12.4959 -9.9553e-16 -5.46608e-16 -1.27222e-14 
-20.6254 93.9532 82.1535 0.573117 0.87016 98.0088 0 5.07867 -1.15138 -4.5805 0.783271 -2.37662 0 5.61661 1.07143 -3.08656 1.71798 -2.81227 -1.02604e-17 5.98978 0.11501 -1.80302 2.8144 -2.59947 -1.10457e-17 6.50583 -0.443523 -0.461061 4.43969 -2.5254 -1.97295e-17 7.60548 -1.50593 0.375463 5.03689 -2.5557 -2.53307e-17 9.49737 -0.914492 0.910195 5.8819 -3.2012 -2.90401e-17 10.5513 1.57691 -0.0621012 0.0711262 -0.132774 -1.29193e-17 4.78644 0.715339 -0.288487 2.60126 -23.7982 -1.8116e-17 4.82109 0.421791 7.50941 -3.79194 -11.1968 -2.00958e-17 4.83041 0.765062 12.8991 2.18803 -6.14211 1.23299 -7.60731 7.53374 -5.34914 3.92025 -0.826697 12.9547 3.2495 -3.26872 -59.9296 27.6347 -4.43925 29.2081 0.0598081 0.137039 2.12494 -0.180362 -10.2924 24.234 0.0496219 0.113701 -8.80904 -54.8798 -5.5017 -1.23299 -7.60729 7.53365 8.02819 1.94705 2.27829 -12.9547 3.2495 -3.26872 80.0996 15.0864 -6.70681 -29.2081 0.0598081 0.137039 -9.63195 -4.80819 53.569 -24.234 0.0496218 0.113702 -3.65454 -0.993246 12.986 9.23673 -4.20556 2.0327 8.60266 -5.93338 23.5404 -0.852353 -38.7721 -0.655187 -2.04275 7.61134 0.00284394 -2.32622 -40.4017 -6.04875 -4.11243 6.93962 15.3777 0.779096 -9.8844 12.4959 -1.94533e-15 -8.81354e-16 9.86392e-17 -9.23673 -4.20556 2.0327 -3.21024 -17.3113 29.4038 0.852353 -38.7721 -0.655187 3.11434 11.5393 -0.112597 2.32622 -40.4017 -6.04875 7.21715 3.67534 -16.2042 -0.779096 -9.8844 12.4959 1.38185e-15 -6.45649e-16 -1.28336e-14 
-21.0405 93.9641 82.5048 0.983082 1.04294 95.7745 0 5.07867 -1.15138 -4.30629 -0.0780004 -2.82106 0 5.61661 1.07143 -2.79554 1.30069 -3.09147 -1.02604e-17 5.98978 0.11501 -1.52025 2.99614 -2.87211 -1.10457e-17 6.50583 -0.443523 -0.160593 5.71116 -2.7738 -1.97295e-17 7.60548 -1.50593 0.635891 6.9214 -2.88747 -2.53307e-17 9.49737 -0.914492 1.09059 8.3904 -3.69948 -2.90401e-17 10.5513 1.57691 -0.0540817 -0.114641 -0.0523495 -1.29193e-17 4.78644 0.715339 -2.36001 -1.7143 -22.1387 -1.8116e-17 4.82109 0.421791 7.19391 -5.75799 -10.5525 -2.00958e-17 4.83041 0.765062 13.3747 3.74396 -7.81387 1.23299 -7.60731 7.53374 -8.20075 3.17897 0.329061 12.9547 3.2495 -3.26872 -57.0938 25.1506 -5.02727 29.2081 0.0598081 0.137039 2.31386 -0.215239 -11.2179 24.234 0.0496219 0.113701 -11.5779 -54.3903 -8.43992 -1.23299 -7.60729 7.53365 16 2.70496 3.75992 -12.9547 3.2495 -3.26872 72.0641 9.68719 -10.0184 -29.2081 0.0598081 0.137039 -10.2678 -5.74585 58.967 -24.234 0.0496218 0.113702 -3.55744 0.665155 17.2698 9.23673 -4.20556 2.0327 9.11602 -5.36663 22.7423 -0.852353 -38.7721 -0.655187 -2.09357 7.79919 0.00637824 -2.32622 -40.4017 -6.04875 -6.00682 6.89896 15.8604 0.779096 -9.8844 12.4959 3.18452e-15 -6.59378e-16 -1.23337e-16 -9.23673 -4.20556 2.0327 -5.05284 -16.6854 26.3633 0.852353 -38.7721 -0.655187 3.28229 12.1474 -0.136447 2.32622 -40.4017 -6.04875 8.90104 2.26451 -16.5155 -0.779096 -9.8844 12.4959 -5.88321e-16 -5.59433e-16 -1.27474e-14 
-21.4351 93.9227 82.7851 1.31568 1.14994 93.578 0 5.07867 -1.15138 -3.35829 -1.8553 -3.06139 0 5.61661 1.07143 -2.0349 0.168393 -3.10844 -1.02604e-17 5.98978 0.11501 -0.940048 2.90274 -2.8854 -1.10457e-17 6.50583 -0.443523 0.270383 7.3666 -2.77051 -1.97295e-17 7.60548 -1.50593 0.912966 9.7125 -2.96998 -2.53307e-17 9.49737 -0.914492 1.21192 11.8902 -3.77209 -2.90401e-17 10.5513 1.57691 -0.0519406 -0.504625 0.0490216 -1.29193e-17 4.78644 0.715339 -6.01823 -7.58229 -24.1719 -1.8116e-17 4.82109 0.421791 6.09302 -6.94565 -11.9545 -2.00958e-17 4.83041 0.765062 14.4077 6.39351 -6.95429 1.23299 -7.60731 7.53374 -13.1398 3.94257 -1.52341 12.9547 3.2495 -3.26872 -50.275 24.3426 -9.34806 29.2081 0.0598081 0.137039 2.59699 -0.273454 -12.6101 24.234 0.0496219 0.113701 -14.023 -58.0442 -9.60136 -1.23299 -7.60729 7.53365 22.8099 3.91394 5.55331 -12.9547 3.2495 -3.26872 62.383 7.21053 -5.82694 -29.2081 0.0598081 0.137039 -10.5603 -6.25105 61.7472 -24.234 0.0496218 0.113702 -6.71654 -1.04667 16.2361 9.23673 -4.20556 2.0327 9.71277 -4.62554 27.9897 -0.852353 -38.7721 -0.655187 -2.16477 8.06217 0.0116118 -2.32622 -40.4017 -6.04875 -5.54793 7.71033 15.487 0.779096 -9.8844 12.4959 -7.54224e-16 -8.31708e-16 4.89933e-17 -9.23673 -4.20556 2.0327 -6.80253 -16.2347 22.6376 0.852353 -38.7721 -0.655187 3.48343 12.8724 -0.167351 2.32622 -40.4017 -6.04875 7.11091 2.20258 -16.2728 -0.779096 -9.8844 12.4959 1.38346e-15 -6.45699e-16 -1.28337e-14 
-21.6554 93.8828 83.0856 1.62407 1.33424 91.4448 0 5.07867 -1.15138 -3.18137 -3.65978 -3.17722 0 5.61661 1.07143 -1.92077 -1.05124 -3.14583 -1.02604e-17 5.98978 0.11501 -0.837436 2.53025 -2.92446 -1.10457e-17 6.50583 -0.443523 0.395914 8.34636 -2.81189 -1.97295e-17 7.60548 -1.50593 1.03852 11.7179 -3.03923 -2.53307e-17 9.49737 -0.914492 1.33678 14.3236 -3.8549 -2.90401e-17 10.5513 1.57691 -0.035236 -0.687397 0.0395303 -1.29193e-17 4.78644 0.715339 -8.63574 -14.3499 -23.4492 -1.8116e-17 4.82109 0.421791 5.37287 -6.88481 -11.5188 -2.00958e-17 4.83041 0.765062 13.8193 10.1354 -10.3963 1.23299 -7.60731 7.53374 -15.8706 4.35529 -2.69522 12.9547 3.2495 -3.26872 -45.5525 23.9538 -11.3335 29.2081 0.0598081 0.137039 2.65957 -0.287294 -12.9188 24.234 0.0496219 0.113701 -16.3941 -61.0589 -10.7429 -1.23299 -7.60729 7.53365 23.728 3.34834 5.4071 -12.9547 3.2495 -3.26872 57.3948 6.58339 -2.05233 -29.2081 0.0598081 0.137039 -10.8436 -6.80163 64.6962 -24.234 0.0496218 0.113702 -6.50042 -3.60893 12.571 9.23673 -4.20556 2.0327 10.1884 -4.37864 29.4231 -0.852353 -38.7721 -0.655187 -2.35536 8.76474 0.0272334 -2.32622 -40.4017 -6.04875 -4.46167 8.40436 15.2657 0.779096 -9.8844 12.4959 -1.95818e-15 -8.81906e-16 9.91915e-17 -9.23673 -4.20556 2.0327 -8.75098 -15.1769 20.3535 0.852353 -38.7721 -0.655187 3.34947 12.3899 -0.146485 2.32622 -40.4017 -6.04875 7.07183 1.70169 -16.2039 -0.779096 -9.8844 12.4959 -5.88321e-16 -5.59433e-16 -1.27474e-14 
-21.8 93.8455 83.3965 2.00039 1.56038 89.5037 0 5.07867 -1.15138 -3.04401 -4.7137 -3.22108 0 5.61661 1.07143 -1.80138 -1.81832 -3.16328 -1.02604e-17 5.98978 0.11501 -0.713594 2.23327 -2.94418 -1.10457e-17 6.50583 -0.443523 0.536188 8.78974 -2.8235 -1.97295e-17 7.60548 -1.50593 1.1942 12.7822 -3.06652 -2.53307e-17 9.49737 -0.914492 1.50099 15.594 -3.92276 -2.90401e-17 10.5513 1.57691 -0.00839967 -0.746142 0.0178166 -1.29193e-17 4.78644 0.715339 -10.7943 -19.8339 -23.8172 -1.8116e-17 4.82109 0.421791 5.5261 -7.17847 -11.4385 -2.00958e-17 4.83041 0.765062 11.9441 14.3963 -12.2404 1.23299 -7.60731 7.53374 -16.7544 4.70062 -2.98918 12.9547 3.2495 -3.26872 -43.2675 24.8373 -12.6604 29.2081 0.0598081 0.137039 2.55644 -0.264683 -12.4103 24.234 0.0496219 0.113701 -20.0891 -63.3185 -14.0504 -1.23299 -7.60729 7.53365 23.3955 3.12028 5.09815 -12.9547 3.2495 -3.26872 54.0417 4.90651 1.22829 -29.2081 0.0598081 0.137039 -10.8504 -6.81572 64.7707 -24.234 0.0496218 0.113702 -6.31948 -5.74261 11.6715 9.23673 -4.20556 2.0327 10.2722 -3.54176 31.3766 -0.852353 -38.7721 -0.655187 -2.28559 8.50779 0.0212425 -2.32622 -40.4017 -6.04875 -4.49371 8.80679 15.2947 0.779096 -9.8844 12.4959 -3.79167e-16 -8.07865e-16 2.51502e-17 -9.23673 -4.20556 2.0327 -10.5962 -14.0422 17.5885 0.852353 -38.7721 -0.655187 3.19391 11.8277 -0.123674 2.32622 -40.4017 -6.04875 6.27498 1.47647 -16.0995 -0.779096 -9.8844 12.4959 -9.92312e-16 -5.46708e-16 -1.27223e-14 
-21.9199 93.8178 83.7653 2.37802 1.7032 87.6804 0 5.07867 -1.15138 -3.0128 -5.17271 -3.17669 0 5.61661 1.07143 -1.78777 -2.1729 -3.09206 -1.02604e-17 5.98978 0.11501 -0.702499 2.11447 -2.87202 -1.10457e-17 6.50583 -0.443523 0.546606 9.01478 -2.74102 -1.97295e-17 7.60548 -1.50593 1.22095 13.3429 -2.96457 -2.53307e-17 9.49737 -0.914492 1.56681 16.2294 -3.8306 -2.90401e-17 10.5513 1.57691 0.0285383 -0.779821 0.00454772 -1.29193e-17 4.78644 0.715339 -11.6511 -22.2173 -23.928 -1.8116e-17 4.82109 0.421791 5.66587 -7.42137 -11.3241 -2.00958e-17 4.83041 0.765062 11.3844 16.2399 -13.6021 1.23299 -7.60731 7.53374 -16.8274 4.8349 -3.0083 12.9547 3.2495 -3.26872 -42.0876 25.4778 -13.9153 29.2081 0.0598081 0.137039 2.39212 -0.230626 -11.602 24.234 0.0496219 0.113701 -21.8562 -64.1788 -16.0896 -1.23299 -7.60729 7.53365 23.0386 3.01573 4.98795 -12.9547 3.2495 -3.26872 52.6909 2.41514 2.98711 -29.2081 0.0598081 0.137039 -10.8243 -6.76185 64.4855 -24.234 0.0496218 0.113702 -6.09098 -7.28409 12.5862 9.23673 -4.20556 2.0327 10.4149 -2.60738 32.7293 -0.852353 -38.7721 -0.655187 -2.18116 8.12265 0.0128626 -2.32622 -40.4017 -6.04875 -5.44735 8.952 15.5557 0.779096 -9.8844 12.4959 8.15153e-16 -7.58068e-16 -2.46467e-17 -9.23673 -4.20556 2.0327 -12.4408 -12.7736 14.4982 0.852353 -38.7721 -0.655187 2.9311 10.8733 -0.0886171 2.32622 -40.4017 -6.04875 7.09477 0.677429 -16.2235 -0.779096 -9.8844 12.4959 -1.38988e-15 -5.34284e-16 -1.27098e-14 
-21.9623 93.8029 84.1978 2.67691 1.73683 85.8683 0 5.07867 -1.15138 -2.79506 -5.3442 -3.06349 0 5.61661 1.07143 -1.63968 -2.32135 -2.9345 -1.02604e-17 5.98978 0.11501 -0.61321 2.07614 -2.71552 -1.10457e-17 6.50583 -0.443523 0.570248 9.12519 -2.57296 -1.97295e-17 7.60548 -1.50593 1.21323 13.6223 -2.77269 -2.53307e-17 9.49737 -0.914492 1.55162 16.5226 -3.61829 -2.90401e-17 10.5513 1.57691 0.0584643 -0.818138 0.00830128 -1.29193e-17 4.78644 0.715339 -12.3168 -23.15 -24.3692 -1.8116e-17 4.82109 0.421791 5.75003 -7.64647 -11.5032 -2.00958e-17 4.83041 0.765062 11.3392 16.9819 -14.4166 1.23299 -7.60731 7.53374 -16.7722 5.01379 -3.09355 12.9547 3.2495 -3.26872 -42.06 24.9803 -15.001 29.2081 0.0598081 0.137039 2.28409 -0.209549 -11.0718 24.234 0.0496219 0.113701 -20.9801 -63.0928 -15.6348 -1.23299 -7.60729 7.53365 22.9569 3.10129 5.00821 -12.9547 3.2495 -3.26872 52.1978 -0.526092 4.10303 -29.2081 0.0598081 0.137039 -10.8771 -6.87162 65.0656 -24.234 0.0496218 0.113702 -6.22728 -8.07113 13.3243 9.23673 -4.20556 2.0327 10.6135 -1.67425 34.0944 -0.852353 -38.7721 -0.655187 -2.05579 7.65953 0.00373431 -2.32622 -40.4017 -6.04875 -6.24782 9.17452 15.8026 0.779096 -9.8844 12.4959 -3.67887e-16 -8.07361e-16 2.46467e-17 -9.23673 -4.20556 2.0327 -14.0036 -11.534 10.9597 0.852353 -38.7721 -0.655187 2.61373 9.71372 -0.0521496 2.32622 -40.4017 -6.04875 7.05844 0.373428 -16.1903 -0.779096 -9.8844 12.4959 1.92339e-16 -5.96102e-16 -1.27717e-14 
-21.8473 93.7576 84.7116 2.83536 1.74315 84.183 0 5.07867 -1.15138 -1.83751 -5.49861 -3.22384 0 5.61661 1.07143 -0.88631 -2.48446 -2.96169 -1.02604e-17 5.98978 0.11501 -0.0845344 2.03279 -2.76435 -1.10457e-17 6.50583 -0.443523 0.894407 9.28501 -2.63098 -1.97295e-17 7.60548 -1.50593 1.29903 13.9821 -2.87441 -2.53307e-17 9.49737 -0.914492 1.30425 16.9433 -3.68468 -2.90401e-17 10.5513 1.57691 0.0205962 -0.926591 0.0459245 -1.29193e-17 4.78644 0.715339 -13.959 -23.9566 -25.595 -1.8116e-17 4.82109 0.421791 4.14073 -8.17607 -12.3354 -2.00958e-17 4.83041 0.765062 12.342 17.5887 -13.5405 1.23299 -7.60731 7.53374 -17.8469 5.68526 -3.481 12.9547 3.2495 -3.26872 -42.2778 23.4928 -15.8525 29.2081 0.0598081 0.137039 2.33474 -0.219305 -11.3203 24.234 0.0496219 0.113701 -21.0396 -61.6516 -16.0133 -1.23299 -7.60729 7.53365 24.4072 3.33963 4.70747 -12.9547 3.2495 -3.26872 50.435 -4.05967 3.45696 -29.2081 0.0598081 0.137039 -10.9901 -7.11687 66.352 -24.234 0.0496218 0.113702 -6.26133 -7.28613 16.5336 9.23673 -4.20556 2.0327 10.7907 -0.640911 36.7199 -0.852353 -38.7721 -0.655187 -1.90934 7.11755 -0.00563862 -2.32622 -40.4017 -6.04875 -6.83957 9.61678 15.8276 0.779096 -9.8844 12.4959 2.32367e-17 -7.95189e-16 1.24744e-17 -9.23673 -4.20556 2.0327 -15.4026 -10.3236 6.90697 0.852353 -38.7721 -0.655187 2.28859 8.51883 -0.0214929 2.32622 -40.4017 -6.04875 6.1693 0.674497 -16.0443 -0.779096 -9.8844 12.4959 -1.78101e-15 -5.09738e-16 -1.26977e-14 
-21.6236 93.6684 85.2754 2.94185 1.77402 82.5868 0 5.07867 -1.15138 -1.38855 -6.19605 -3.23588 0 5.61661 1.07143 -0.54256 -3.01149 -2.89255 -1.02604e-17 5.98978 0.11501 0.169593 1.88065 -2.71395 -1.10457e-17 6.50583 -0.443523 1.0685 9.68854 -2.58045 -1.97295e-17 7.60548 -1.50593 1.39648 14.8749 -2.84907 -2.53307e-17 9.49737 -0.914492 1.30597 17.9391 -3.67789 -2.90401e-17 10.5513 1.57691 0.0376938 -1.01448 0.043415 -1.29193e-17 4.78644 0.715339 -15.0155 -26.2161 -25.7216 -1.8116e-17 4.82109 0.421791 3.97666 -8.21721 -12.2907 -2.00958e-17 4.83041 0.765062 11.9751 18.106 -14.8591 1.23299 -7.60731 7.53374 -18.5355 5.71453 -3.69787 12.9547 3.2495 -3.26872 -41.4911 22.9183 -17.0526 29.2081 0.0598081 0.137039 2.35742 -0.223747 -11.4316 24.234 0.0496219 0.113701 -21.3377 -60.7913 -16.2799 -1.23299 -7.60729 7.53365 24.6781 2.80536 4.14851 -12.9547 3.2495 -3.26872 48.8837 -6.46709 4.79437 -29.2081 0.0598081 0.137039 -11.1129 -7.40086 67.8261 -24.234 0.0496218 0.113702 -5.95443 -7.75803 16.8771 9.23673 -4.20556 2.0327 11.1508 -0.00131915 37.3854 -0.852353 -38.7721 -0.655187 -1.91241 7.12894 -0.00545621 -2.32622 -40.4017 -6.04875 -6.94403 9.65734 15.9056 0.779096 -9.8844 12.4959 -1.16303e-15 -8.44633e-16 6.19188e-17 -9.23673 -4.20556 2.0327 -16.5707 -9.35734 2.83008 0.852353 -38.7721 -0.655187 2.00245 7.46227 -0.000159249 2.32622 -40.4017 -6.04875 5.58926 1.55017 -15.8747 -0.779096 -9.8844 12.4959 -6.01188e-16 -5.5888e-16 -1.27469e-14 
-21.3861 93.5086 85.9113 3.00219 1.84967 80.8786 0 5.07867 -1.15138 -0.175363 -5.98345 -3.22358 0 5.61661 1.07143 0.455926 -2.84899 -2.82427 -1.02604e-17 5.98978 0.11501 0.913052 2.02121 -2.70423 -1.10457e-17 6.50583 -0.443523 1.58199 9.86021 -2.59718 -1.97295e-17 7.60548 -1.50593 1.67018 15.2005 -2.94722 -2.53307e-17 9.49737 -0.914492 1.26198 18.2968 -3.75811 -2.90401e-17 10.5513 1.57691 -0.00309111 -1.14093 0.0666926 -1.29193e-17 4.78644 0.715339 -19.3129 -32.7814 -28.3182 -1.8116e-17 4.82109 0.421791 2.69969 -8.56835 -12.9105 -2.00958e-17 4.83041 0.765062 10.5747 22.5669 -15.6404 1.23299 -7.60731 7.53374 -19.8637 6.91173 -4.5511 12.9547 3.2495 -3.26872 -40.7242 22.1035 -18.9662 29.2081 0.0598081 0.137039 2.45252 -0.242873 -11.8988 24.234 0.0496219 0.113701 -23.2118 -60.414 -18.6007 -1.23299 -7.60729 7.53365 25.817 3.01639 3.48009 -12.9547 3.2495 -3.26872 47.2442 -9.73198 8.25186 -29.2081 0.0598081 0.137039 -11.1441 -7.47646 68.2158 -24.234 0.0496218 0.113702 -6.6841 -6.15753 18.0649 9.23673 -4.20556 2.0327 11.2602 0.941193 40.6526 -0.852353 -38.7721 -0.655187 -1.8121 6.75716 -0.0110929 -2.32622 -40.4017 -6.04875 -7.05665 9.85044 15.8399 0.779096 -9.8844 12.4959 8.1193e-16 -7.58219e-16 -2.44956e-17 -9.23673 -4.20556 2.0327 -17.4886 -8.80374 -0.966336 0.852353 -38.7721 -0.655187 1.79658 6.69958 0.0119074 2.32622 -40.4017 -6.04875 4.18344 2.78946 -15.5905 -0.779096 -9.8844 12.4959 -9.92312e-16 -5.46708e-16 -1.27223e-14 
-21.1042 93.3267 86.6172 3.00799 1.96184 78.9925 0 5.07867 -1.15138 0.248069 -6.3562 -3.12406 0 5.61661 1.07143 0.776928 -3.11911 -2.68011 -1.02604e-17 5.98978 0.11501 1.14501 1.97225 -2.57858 -1.10457e-17 6.50583 -0.443523 1.71707 10.1722 -2.46275 -1.97295e-17 7.60548 -1.50593 1.73956 15.9262 -2.81563 -2.53307e-17 9.49737 -0.914492 1.26386 19.0653 -3.62322 -2.90401e-17 10.5513 1.57691 0.0212922 -1.20307 0.0571033 -1.29193e-17 4.78644 0.715339 -22.0575 -37.8266 -29.8054 -1.8116e-17 4.82109 0.421791 2.64266 -8.49394 -12.7366 -2.00958e-17 4.83041 0.765062 9.26053 25.548 -17.385 1.23299 -7.60731 7.53374 -19.9874 7.10814 -4.68126 12.9547 3.2495 -3.26872 -39.4906 22.3783 -20.9516 29.2081 0.0598081 0.137039 2.4417 -0.24066 -11.8456 24.234 0.0496219 0.113701 -24.594 -60.6396 -20.1657 -1.23299 -7.60729 7.53365 25.8765 2.85535 2.98518 -12.9547 3.2495 -3.26872 45.8473 -11.6836 10.3968 -29.2081 0.0598081 0.137039 -11.2221 -7.67198 69.219 -24.234 0.0496218 0.113702 -6.85334 -7.11057 18.116 9.23673 -4.20556 2.0327 11.6581 1.66563 42.6375 -0.852353 -38.7721 -0.655187 -1.85393 6.91225 -0.00882183 -2.32622 -40.4017 -6.04875 -7.21075 9.7847 15.8619 0.779096 -9.8844 12.4959 8.19987e-16 -7.57867e-16 -2.48481e-17 -9.23673 -4.20556 2.0327 -18.0001 -8.463 -3.70344 0.852353 -38.7721 -0.655187 1.51951 5.67044 0.0237966 2.32622 -40.4017 -6.04875 3.14803 3.96446 -15.3539 -0.779096 -9.8844 12.4959 -2.1818e-15 -4.97163e-16 -1.26727e-14 
-20.8066 93.1184 87.3856 2.96621 2.10307 77.0314 0 5.07867 -1.15138 0.628961 -6.33683 -2.96399 0 5.61661 1.07143 1.04987 -3.12795 -2.48931 -1.02604e-17 5.98978 0.11501 1.31421 1.93228 -2.39962 -1.10457e-17 6.50583 -0.443523 1.76264 10.1175 -2.27022 -1.97295e-17 7.60548 -1.50593 1.69679 15.9292 -2.59809 -2.53307e-17 9.49737 -0.914492 1.14456 19.0773 -3.35124 -2.90401e-17 10.5513 1.57691 0.0399901 -1.20331 0.0665598 -1.29193e-17 4.78644 0.715339 -24.3651 -40.7413 -31.3213 -1.8116e-17 4.82109 0.421791 2.37125 -8.28425 -12.7885 -2.00958e-17 4.83041 0.765062 8.66518 27.8718 -18.4669 1.23299 -7.60731 7.53374 -19.9393 7.60296 -4.88814 12.9547 3.2495 -3.26872 -39.3643 22.811 -22.5473 29.2081 0.0598081 0.137039 2.43484 -0.239262 -11.8119 24.234 0.0496219 0.113701 -23.4789 -60.615 -19.6017 -1.23299 -7.60729 7.53365 26.0364 3.29578 2.96367 -12.9547 3.2495 -3.26872 44.8883 -13.6487 11.5379 -29.2081 0.0598081 0.137039 -11.3288 -7.95699 70.67 -24.234 0.0496218 0.113702 -7.31232 -7.61429 17.6478 9.23673 -4.20556 2.0327 11.8304 2.55839 44.8579 -0.852353 -38.7721 -0.655187 -1.78102 6.64187 -0.0127069 -2.32622 -40.4017 -6.04875 -7.8755 9.59578 15.9782 0.779096 -9.8844 12.4959 4.24029e-16 -7.82614e-16 -1.00712e-19 -9.23673 -4.20556 2.0327 -18.2385 -8.55541 -5.77486 0.852353 -38.7721 -0.655187 1.30485 4.87134 0.0295698 2.32622 -40.4017 -6.04875 2.37473 4.74215 -15.1733 -0.779096 -9.8844 12.4959 -3.37451e-15 -4.47467e-16 -1.2623e-14 
-20.4986 92.9164 88.1868 3.01604 2.27781 75.0491 0 5.07867 -1.15138 1.07526 -6.08221 -2.77084 0 5.61661 1.07143 1.36697 -2.94173 -2.26362 -1.02604e-17 5.98978 0.11501 1.50784 1.99351 -2.18145 -1.10457e-17 6.50583 -0.443523 1.81405 10.0312 -2.03899 -1.97295e-17 7.60548 -1.50593 1.65375 15.7553 -2.34099 -2.53307e-17 9.49737 -0.914492 1.03425 18.8508 -3.03259 -2.90401e-17 10.5513 1.57691 0.0492207 -1.20845 0.0873347 -1.29193e-17 4.78644 0.715339 -26.249 -42.5168 -32.8072 -1.8116e-17 4.82109 0.421791 2.12078 -8.14006 -12.976 -2.00958e-17 4.83041 0.765062 8.0823 29.1662 -19.0505 1.23299 -7.60731 7.53374 -19.6769 7.92533 -5.00207 12.9547 3.2495 -3.26872 -39.2539 23.6678 -24.1641 29.2081 0.0598081 0.137039 2.40503 -0.233231 -11.6654 24.234 0.0496219 0.113701 -22.9445 -60.3741 -19.6669 -1.23299 -7.60729 7.53365 26.2686 3.70908 2.97855 -12.9547 3.2495 -3.26872 44.0272 -15.5294 12.4254 -29.2081 0.0598081 0.137039 -11.397 -8.15154 71.6532 -24.234 0.0496218 0.113702 -8.03916 -7.74318 17.7498 9.23673 -4.20556 2.0327 11.9548 3.61432 46.6754 -0.852353 -38.7721 -0.655187 -1.69199 6.31145 -0.0169818 -2.32622 -40.4017 -6.04875 -9.07201 9.51187 16.1385 0.779096 -9.8844 12.4959 1.61029e-15 -7.3322e-16 -4.94947e-17 -9.23673 -4.20556 2.0327 -18.2537 -8.98953 -6.65279 0.852353 -38.7721 -0.655187 1.18429 4.422 0.0314942 2.32622 -40.4017 -6.04875 1.54282 5.50355 -14.9729 -0.779096 -9.8844 12.4959 -1.39955e-15 -5.33881e-16 -1.27094e-14 
-20.1791 92.7176 88.9962 3.12396 2.54947 73.1453 0 5.07867 -1.15138 1.4932 -5.8177 -2.57556 0 5.61661 1.07143 1.66365 -2.73529 -2.03516 -1.02604e-17 5.98978 0.11501 1.68747 2.07481 -1.96023 -1.10457e-17 6.50583 -0.443523 1.85925 9.9568 -1.80707 -1.97295e-17 7.60548 -1.50593 1.61598 15.5716 -2.08854 -2.53307e-17 9.49737 -0.914492 0.941029 18.6094 -2.72464 -2.90401e-17 10.5513 1.57691 0.0519743 -1.22295 0.110997 -1.29193e-17 4.78644 0.715339 -28.1506 -43.8587 -34.4315 -1.8116e-17 4.82109 0.421791 1.94331 -8.08347 -13.2527 -2.00958e-17 4.83041 0.765062 7.44628 30.2183 -19.3733 1.23299 -7.60731 7.53374 -19.4113 8.11508 -5.1245 12.9547 3.2495 -3.26872 -39.3635 24.5324 -25.7049 29.2081 0.0598081 0.137039 2.39913 -0.232047 -11.6364 24.234 0.0496219 0.113701 -21.85 -59.7204 -19.179 -1.23299 -7.60729 7.53365 26.3742 4.00984 3.01666 -12.9547 3.2495 -3.26872 43.2474 -17.44 13.0282 -29.2081 0.0598081 0.137039 -11.4663 -8.36099 72.7056 -24.234 0.0496218 0.113702 -8.59909 -7.64548 17.875 9.23673 -4.20556 2.0327 11.9018 4.66348 47.9547 -0.852353 -38.7721 -0.655187 -1.57798 5.88784 -0.0217033 -2.32622 -40.4017 -6.04875 -10.2087 9.64472 16.2982 0.779096 -9.8844 12.4959 2.01108e-15 -7.08271e-16 -7.44435e-17 -9.23673 -4.20556 2.0327 -18.1345 -9.75637 -6.13959 0.852353 -38.7721 -0.655187 1.17525 4.38829 0.0316002 2.32622 -40.4017 -6.04875 0.755968 6.18435 -14.7835 -0.779096 -9.8844 12.4959 -2.57937e-15 -4.84739e-16 -1.26603e-14 
-19.8669 92.4962 89.8051 3.2053 2.90362 71.3951 0 5.07867 -1.15138 1.9009 -5.41645 -2.38867 0 5.61661 1.07143 1.96148 -2.41121 -1.82481 -1.02604e-17 5.98978 0.11501 1.87207 2.21053 -1.76111 -1.10457e-17 6.50583 -0.443523 1.91534 9.84946 -1.60297 -1.97295e-17 7.60548 -1.50593 1.59061 15.2642 -1.87325 -2.53307e-17 9.49737 -0.914492 0.856492 18.2108 -2.45834 -2.90401e-17 10.5513 1.57691 0.0413742 -1.23247 0.139509 -1.29193e-17 4.78644 0.715339 -30.5038 -45.5771 -36.387 -1.8116e-17 4.82109 0.421791 1.61655 -7.98415 -13.4899 -2.00958e-17 4.83041 0.765062 6.71317 31.6335 -19.5293 1.23299 -7.60731 7.53374 -19.1106 8.20637 -5.20553 12.9547 3.2495 -3.26872 -39.7349 25.629 -27.0468 29.2081 0.0598081 0.137039 2.43447 -0.239193 -11.8101 24.234 0.0496219 0.113701 -20.3181 -58.8822 -18.4997 -1.23299 -7.60729 7.53365 26.4417 4.23351 3.09292 -12.9547 3.2495 -3.26872 42.4185 -19.0611 13.3016 -29.2081 0.0598081 0.137039 -11.5397 -8.59854 73.8923 -24.234 0.0496218 0.113702 -9.26411 -7.37991 18.0101 9.23673 -4.20556 2.0327 11.7633 5.59861 48.6677 -0.852353 -38.7721 -0.655187 -1.46766 5.47755 -0.0254658 -2.32622 -40.4017 -6.04875 -11.2904 9.79833 16.4326 0.779096 -9.8844 12.4959 8.24821e-16 -7.57665e-16 -2.50495e-17 -9.23673 -4.20556 2.0327 -17.8835 -10.8255 -4.56548 0.852353 -38.7721 -0.655187 1.28974 4.81504 0.029863 2.32622 -40.4017 -6.04875 -0.0845719 6.66428 -14.5854 -0.779096 -9.8844 12.4959 1.87505e-16 -5.95901e-16 -1.27715e-14 
-19.5827 92.2342 90.6247 3.19682 3.34777 69.9078 0 5.07867 -1.15138 2.23524 -4.96189 -2.21301 0 5.61661 1.07143 2.20737 -2.04384 -1.63736 -1.02604e-17 5.98978 0.11501 2.02196 2.36245 -1.5851 -1.10457e-17 6.50583 -0.443523 1.95687 9.7142 -1.42528 -1.97295e-17 7.60548 -1.50593 1.56311 14.8844 -1.68714 -2.53307e-17 9.49737 -0.914492 0.782545 17.7307 -2.22901 -2.90401e-17 10.5513 1.57691 0.0241337 -1.23707 0.169696 -1.29193e-17 4.78644 0.715339 -32.8747 -47.6186 -38.2197 -1.8116e-17 4.82109 0.421791 1.30242 -7.88217 -13.5112 -2.00958e-17 4.83041 0.765062 5.56458 33.1668 -19.2332 1.23299 -7.60731 7.53374 -18.7518 8.23839 -5.249 12.9547 3.2495 -3.26872 -40.01 26.6386 -28.395 29.2081 0.0598081 0.137039 2.47897 -0.248347 -12.0289 24.234 0.0496219 0.113701 -18.62 -57.8358 -17.6239 -1.23299 -7.60729 7.53365 26.5124 4.4127 3.18084 -12.9547 3.2495 -3.26872 41.5222 -20.4475 13.487 -29.2081 0.0598081 0.137039 -11.6025 -8.817 74.9776 -24.234 0.0496218 0.113702 -9.94799 -7.13067 18.0763 9.23673 -4.20556 2.0327 11.6452 6.3011 48.9047 -0.852353 -38.7721 -0.655187 -1.39524 5.20797 -0.0275047 -2.32622 -40.4017 -6.04875 -12.4343 9.79235 16.5606 0.779096 -9.8844 12.4959 -1.55576e-15 -8.6923e-16 8.65151e-17 -9.23673 -4.20556 2.0327 -17.5238 -12.0843 -2.46768 0.852353 -38.7721 -0.655187 1.47051 5.48816 0.025379 2.32622 -40.4017 -6.04875 -0.962994 6.60962 -14.4172 -0.779096 -9.8844 12.4959 5.94743e-16 -6.21101e-16 -1.27967e-14 
-19.3535 91.9113 91.4218 3.012 3.90744 68.7131 0 5.07867 -1.15138 2.52966 -4.44379 -2.06883 0 5.61661 1.07143 2.42906 -1.63489 -1.48522 -1.02604e-17 5.98978 0.11501 2.16043 2.52658 -1.44456 -1.10457e-17 6.50583 -0.443523 2.00243 9.54277 -1.28609 -1.97295e-17 7.60548 -1.50593 1.54464 14.4215 -1.54663 -2.53307e-17 9.49737 -0.914492 0.717439 17.1554 -2.05569 -2.90401e-17 10.5513 1.57691 0.00166027 -1.23637 0.203191 -1.29193e-17 4.78644 0.715339 -35.5031 -49.7095 -40.295 -1.8116e-17 4.82109 0.421791 1.00845 -7.84125 -13.5052 -2.00958e-17 4.83041 0.765062 4.35795 34.7646 -18.674 1.23299 -7.60731 7.53374 -18.3502 8.2377 -5.29059 12.9547 3.2495 -3.26872 -40.4076 27.6195 -29.6109 29.2081 0.0598081 0.137039 2.5341 -0.259932 -12.3002 24.234 0.0496219 0.113701 -16.8344 -56.6576 -16.8932 -1.23299 -7.60729 7.53365 26.564 4.57671 3.32965 -12.9547 3.2495 -3.26872 40.5772 -21.6966 13.5369 -29.2081 0.0598081 0.137039 -11.6506 -8.99589 75.8625 -24.234 0.0496218 0.113702 -10.554 -7.10374 18.2838 9.23673 -4.20556 2.0327 11.6212 6.63705 48.772 -0.852353 -38.7721 -0.655187 -1.3992 5.22272 -0.027402 -2.32622 -40.4017 -6.04875 -13.4942 9.47937 16.61 0.779096 -9.8844 12.4959 1.20628e-15 -7.45946e-16 -3.67686e-17 -9.23673 -4.20556 2.0327 -17.2623 -13.8135 -0.670014 0.852353 -38.7721 -0.655187 1.81785 6.7785 0.0107878 2.32622 -40.4017 -6.04875 -2.02058 5.73399 -14.3021 -0.779096 -9.8844 12.4959 -2.96727e-15 -4.60344e-16 -1.26359e-14 
-19.1481 91.415 92.1458 2.27421 4.7121 67.9057 0 5.07867 -1.15138 2.84281 -4.03761 -1.95381 0 5.61661 1.07143 2.68154 -1.33693 -1.36255 -1.02604e-17 5.98978 0.11501 2.32943 2.58462 -1.33306 -1.10457e-17 6.50583 -0.443523 2.07959 9.26669 -1.17829 -1.97295e-17 7.60548 -1.50593 1.54317 13.8286 -1.44816 -2.53307e-17 9.49737 -0.914492 0.645412 16.4537 -1.93418 -2.90401e-17 10.5513 1.57691 -0.0287223 -1.22222 0.248837 -1.29193e-17 4.78644 0.715339 -38.5457 -51.9664 -42.7042 -1.8116e-17 4.82109 0.421791 0.666002 -7.7113 -13.4426 -2.00958e-17 4.83041 0.765062 2.99762 36.4918 -18.0829 1.23299 -7.60731 7.53374 -17.8404 8.18487 -5.26376 12.9547 3.2495 -3.26872 -41.0622 28.7417 -30.7999 29.2081 0.0598081 0.137039 2.60569 -0.275384 -12.6529 24.234 0.0496219 0.113701 -14.974 -55.3955 -16.1874 -1.23299 -7.60729 7.53365 26.6029 4.78628 3.55395 -12.9547 3.2495 -3.26872 39.309 -22.774 13.1324 -29.2081 0.0598081 0.137039 -11.6847 -9.13009 76.5241 -24.234 0.0496218 0.113702 -11.2373 -7.53431 18.504 9.23673 -4.20556 2.0327 11.6828 6.24333 48.2039 -0.852353 -38.7721 -0.655187 -1.50661 5.62244 -0.024228 -2.32622 -40.4017 -6.04875 -14.4175 8.11285 16.3577 0.779096 -9.8844 12.4959 -3.66257e-16 -8.0731e-16 2.45956e-17 -9.23673 -4.20556 2.0327 -17.0682 -15.7778 0.459381 0.852353 -38.7721 -0.655187 2.21868 8.26108 -0.0157915 2.32622 -40.4017 -6.04875 -3.57944 4.45058 -14.2011 -0.779096 -9.8844 12.4959 -2.10097e-16 -5.83425e-16 -1.2759e-14 
-19.2009 91.0217 92.772 1.68725 5.10812 67.0478 0 5.07867 -1.15138 3.2987 -3.45637 -1.89263 0 5.61661 1.07143 3.08172 -0.89034 -1.2964 -1.02604e-17 5.98978 0.11501 2.63163 2.75768 -1.29314 -1.10457e-17 6.50583 -0.443523 2.28409 9.04483 -1.15856 -1.97295e-17 7.60548 -1.50593 1.6362 13.2256 -1.47278 -2.53307e-17 9.49737 -0.914492 0.609192 15.7127 -1.94675 -2.90401e-17 10.5513 1.57691 -0.074017 -1.20716 0.285974 -1.29193e-17 4.78644 0.715339 -41.5734 -54.0754 -45.218 -1.8116e-17 4.82109 0.421791 0.303708 -7.76051 -13.3557 -2.00958e-17 4.83041 0.765062 1.3617 37.9346 -16.6826 1.23299 -7.60731 7.53374 -17.5502 8.15105 -5.39759 12.9547 3.2495 -3.26872 -41.6677 29.7808 -32.0456 29.2081 0.0598081 0.137039 2.68929 -0.294013 -13.0654 24.234 0.0496219 0.113701 -13.3763 -54.7639 -15.8302 -1.23299 -7.60729 7.53365 26.1865 4.74117 3.5677 -12.9547 3.2495 -3.26872 38.1743 -23.6284 13.3355 -29.2081 0.0598081 0.137039 -11.6847 -9.13017 76.5245 -24.234 0.0496218 0.113702 -11.4877 -7.84749 18.7407 9.23673 -4.20556 2.0327 12.2255 5.81523 47.0473 -0.852353 -38.7721 -0.655187 -1.68619 6.2899 -0.0172425 -2.32622 -40.4017 -6.04875 -15.0144 7.00116 16.1663 0.779096 -9.8844 12.4959 2.32319e-17 -7.95189e-16 1.24745e-17 -9.23673 -4.20556 2.0327 -16.5553 -17.8093 1.65555 0.852353 -38.7721 -0.655187 2.60653 9.68732 -0.0513968 2.32622 -40.4017 -6.04875 -4.21212 5.07854 -13.9593 -0.779096 -9.8844 12.4959 -1.7826e-15 -5.09689e-16 -1.26976e-14 
-19.3054 91.0885 93.1945 1.86398 5.08406 66.6856 0 5.07867 -1.15138 3.74356 -2.80865 -1.94465 0 5.61661 1.07143 3.51286 -0.323735 -1.35555 -1.02604e-17 5.98978 0.11501 2.9936 3.11228 -1.40099 -1.10457e-17 6.50583 -0.443523 2.58601 9.08718 -1.30978 -1.97295e-17 7.60548 -1.50593 1.83047 12.9679 -1.70666 -2.53307e-17 9.49737 -0.914492 0.635419 15.2996 -2.198 -2.90401e-17 10.5513 1.57691 -0.137494 -1.20182 0.303488 -1.29193e-17 4.78644 0.715339 -45.33 -56.8291 -48.4602 -1.8116e-17 4.82109 0.421791 -0.11771 -8.04926 -13.0784 -2.00958e-17 4.83041 0.765062 -0.462735 39.7506 -15.139 1.23299 -7.60731 7.53374 -17.626 7.90763 -5.58213 12.9547 3.2495 -3.26872 -42.1066 30.1932 -33.6733 29.2081 0.0598081 0.137039 2.72151 -0.301359 -13.2245 24.234 0.0496219 0.113701 -11.9374 -53.9902 -15.6686 -1.23299 -7.60729 7.53365 25.2926 4.19308 3.54509 -12.9547 3.2495 -3.26872 37.423 -24.8187 14.2801 -29.2081 0.0598081 0.137039 -11.6598 -9.03165 76.0389 -24.234 0.0496218 0.113702 -11.0536 -7.92833 18.7614 9.23673 -4.20556 2.0327 12.7584 5.73307 44.0173 -0.852353 -38.7721 -0.655187 -1.77443 6.61743 -0.0130409 -2.32622 -40.4017 -6.04875 -15.3217 8.09321 16.5749 0.779096 -9.8844 12.4959 8.16754e-16 -7.58018e-16 -2.46966e-17 -9.23673 -4.20556 2.0327 -16.0528 -18.7299 3.13869 0.852353 -38.7721 -0.655187 2.97854 11.0459 -0.0946201 2.32622 -40.4017 -6.04875 -4.53528 5.6939 -13.79 -0.779096 -9.8844 12.4959 2.96238e-15 -7.19736e-16 -1.28953e-14 
-19.3211 91.3131 93.6002 1.97368 5.42244 66.295 0 5.07867 -1.15138 5.20127 -0.447337 -2.00251 0 5.61661 1.07143 4.9061 1.49458 -1.48046 -1.02604e-17 5.98978 0.11501 4.17939 4.10954 -1.67373 -1.10457e-17 6.50583 -0.443523 3.60887 8.90673 -1.71027 -1.97295e-17 7.60548 -1.50593 2.50586 11.7237 -2.35761 -2.53307e-17 9.49737 -0.914492 0.836576 13.6118 -2.92973 -2.90401e-17 10.5513 1.57691 -0.319785 -1.24 0.337268 -1.29193e-17 4.78644 0.715339 -56.9404 -61.811 -59.6224 -1.8116e-17 4.82109 0.421791 -0.983995 -9.51677 -13.0939 -2.00958e-17 4.83041 0.765062 -6.7419 43.6556 -7.77276 1.23299 -7.60731 7.53374 -18.5882 7.84039 -5.59981 12.9547 3.2495 -3.26872 -43.7642 31.1235 -33.7898 29.2081 0.0598081 0.137039 2.81215 -0.322537 -13.6727 24.234 0.0496219 0.113701 -15.5034 -53.2204 -22.7949 -1.23299 -7.60729 7.53365 24.3862 3.0206 2.01717 -12.9547 3.2495 -3.26872 37.4088 -27.3412 17.0135 -29.2081 0.0598081 0.137039 -11.5046 -8.48291 73.3152 -24.234 0.0496218 0.113702 -8.99017 -6.17969 24.0207 9.23673 -4.20556 2.0327 12.6589 5.42697 39.6107 -0.852353 -38.7721 -0.655187 -1.72729 6.44248 -0.0153486 -2.32622 -40.4017 -6.04875 -15.1378 10.5338 16.9534 0.779096 -9.8844 12.4959 1.21594e-15 -7.45493e-16 -3.72216e-17 -9.23673 -4.20556 2.0327 -15.667 -19.1815 4.49242 0.852353 -38.7721 -0.655187 3.14189 11.6392 -0.116386 2.32622 -40.4017 -6.04875 -5.90739 6.53064 -13.3481 -0.779096 -9.8844 12.4959 -9.77762e-16 -5.47365e-16 -1.27229e-14 
-19.3366 91.5055 93.9414 2.12929 5.90026 65.9555 0 5.07867 -1.15138 5.67448 0.411698 -2.01824 0 5.61661 1.07143 5.36539 2.20668 -1.50862 -1.02604e-17 5.98978 0.11501 4.58724 4.5498 -1.77482 -1.10457e-17 6.50583 -0.443523 3.96613 8.95071 -1.87371 -1.97295e-17 7.60548 -1.50593 2.7349 11.3779 -2.62162 -2.53307e-17 9.49737 -0.914492 0.870962 13.0341 -3.20503 -2.90401e-17 10.5513 1.57691 -0.398132 -1.24268 0.34837 -1.29193e-17 4.78644 0.715339 -63.0013 -64.18 -65.4898 -1.8116e-17 4.82109 0.421791 -0.817026 -9.77361 -12.6467 -2.00958e-17 4.83041 0.765062 -9.67694 44.996 -5.10721 1.23299 -7.60731 7.53374 -18.8564 7.17921 -5.57756 12.9547 3.2495 -3.26872 -43.9101 32.4902 -34.6891 29.2081 0.0598081 0.137039 2.96109 -0.358967 -14.411 24.234 0.0496219 0.113701 -15.3904 -53.0871 -24.9855 -1.23299 -7.60729 7.53365 22.6358 1.86579 1.61189 -12.9547 3.2495 -3.26872 36.4075 -28.2939 16.8183 -29.2081 0.0598081 0.137039 -11.4869 -8.42598 73.0305 -24.234 0.0496218 0.113702 -7.98847 -7.70717 24.2493 9.23673 -4.20556 2.0327 12.2487 4.52779 33.6686 -0.852353 -38.7721 -0.655187 -1.80506 6.73106 -0.0114639 -2.32622 -40.4017 -6.04875 -14.1191 11.8691 17.1793 0.779096 -9.8844 12.4959 2.96965e-17 -7.94937e-16 1.2222e-17 -9.23673 -4.20556 2.0327 -15.4625 -19.1201 5.62271 0.852353 -38.7721 -0.655187 3.20109 11.8537 -0.124693 2.32622 -40.4017 -6.04875 -6.72171 6.37915 -13.2953 -0.779096 -9.8844 12.4959 -3.36964e-15 -4.4767e-16 -1.26232e-14 
-19.3366 91.6282 94.2693 2.17297 6.27427 65.2505 0 5.07867 -1.15138 5.87293 0.978518 -1.98793 0 5.61661 1.07143 5.56035 2.63484 -1.49268 -1.02604e-17 5.98978 0.11501 4.75515 4.74041 -1.8058 -1.10457e-17 6.50583 -0.443523 4.0969 8.76837 -1.94273 -1.97295e-17 7.60548 -1.50593 2.7817 10.8413 -2.73074 -2.53307e-17 9.49737 -0.914492 0.813358 12.3156 -3.29682 -2.90401e-17 10.5513 1.57691 -0.445794 -1.16932 0.360553 -1.29193e-17 4.78644 0.715339 -64.1033 -65.2073 -66.6261 -1.8116e-17 4.82109 0.421791 -0.947846 -9.69414 -12.1635 -2.00958e-17 4.83041 0.765062 -10.7983 45.4931 -3.64717 1.23299 -7.60731 7.53374 -18.821 6.67539 -5.53137 12.9547 3.2495 -3.26872 -44.8759 33.9788 -35.3188 29.2081 0.0598081 0.137039 3.17542 -0.414983 -15.4776 24.234 0.0496219 0.113701 -12.8029 -52.9954 -24.2859 -1.23299 -7.60729 7.53365 21.3527 1.11559 1.66109 -12.9547 3.2495 -3.26872 35.651 -28.5712 16.1123 -29.2081 0.0598081 0.137039 -11.5025 -8.47607 73.2808 -24.234 0.0496218 0.113702 -6.88443 -8.66157 23.1937 9.23673 -4.20556 2.0327 11.2061 3.31917 27.9798 -0.852353 -38.7721 -0.655187 -1.88869 7.04106 -0.00684815 -2.32622 -40.4017 -6.04875 -12.6928 9.78324 16.6265 0.779096 -9.8844 12.4959 2.48481e-17 -7.95139e-16 1.2424e-17 -9.23673 -4.20556 2.0327 -15.0244 -18.9755 6.71161 0.852353 -38.7721 -0.655187 3.18777 11.8054 -0.122805 2.32622 -40.4017 -6.04875 -7.24534 5.68167 -13.3815 -0.779096 -9.8844 12.4959 9.76146e-16 -6.32869e-16 -1.28084e-14 
-19.2351 91.7866 94.7228 1.95895 6.63046 64.1751 0 5.07867 -1.15138 6.11092 1.58377 -1.90846 0 5.61661 1.07143 5.77243 3.06338 -1.41538 -1.02604e-17 5.98978 0.11501 4.92498 4.90935 -1.75801 -1.10457e-17 6.50583 -0.443523 4.21282 8.5232 -1.91881 -1.97295e-17 7.60548 -1.50593 2.81318 10.214 -2.72933 -2.53307e-17 9.49737 -0.914492 0.767161 11.4894 -3.2678 -2.90401e-17 10.5513 1.57691 -0.486093 -1.10691 0.381461 -1.29193e-17 4.78644 0.715339 -64.7075 -65.7431 -67.379 -1.8116e-17 4.82109 0.421791 -0.879474 -9.67832 -11.8993 -2.00958e-17 4.83041 0.765062 -12.0416 45.6993 -1.75739 1.23299 -7.60731 7.53374 -18.6258 6.25328 -5.4053 12.9547 3.2495 -3.26872 -46.063 35.223 -35.9544 29.2081 0.0598081 0.137039 3.39176 -0.475877 -16.5593 24.234 0.0496219 0.113701 -10.3746 -52.4059 -23.7471 -1.23299 -7.60729 7.53365 20.2609 0.688715 1.80866 -12.9547 3.2495 -3.26872 34.7563 -28.8145 15.5973 -29.2081 0.0598081 0.137039 -11.4636 -8.35278 72.6638 -24.234 0.0496218 0.113702 -6.05352 -9.35908 22.7024 9.23673 -4.20556 2.0327 10.3511 2.09106 24.0823 -0.852353 -38.7721 -0.655187 -2.01945 7.52514 0.00127873 -2.32622 -40.4017 -6.04875 -11.5416 7.48142 16.1098 0.779096 -9.8844 12.4959 4.20801e-16 -7.82765e-16 5.05042e-20 -9.23673 -4.20556 2.0327 -14.3155 -19.1022 7.97959 0.852353 -38.7721 -0.655187 3.12294 11.5705 -0.113775 2.32622 -40.4017 -6.04875 -7.89755 5.3614 -13.3211 -0.779096 -9.8844 12.4959 2.02017e-16 -5.96506e-16 -1.27721e-14 
-19.2061 92.012 95.2128 1.86467 7.08435 63.0098 0 5.07867 -1.15138 6.30146 2.20174 -1.78023 0 5.61661 1.07143 5.91182 3.4859 -1.2787 -1.02604e-17 5.98978 0.11501 5.01785 5.08454 -1.64089 -1.10457e-17 6.50583 -0.443523 4.2475 8.2989 -1.8154 -1.97295e-17 7.60548 -1.50593 2.78033 9.63837 -2.62802 -2.53307e-17 9.49737 -0.914492 0.699867 10.7348 -3.131 -2.90401e-17 10.5513 1.57691 -0.51734 -1.0679 0.403974 -1.29193e-17 4.78644 0.715339 -65.1231 -65.9353 -67.937 -1.8116e-17 4.82109 0.421791 -0.761832 -9.80396 -11.8048 -2.00958e-17 4.83041 0.765062 -13.098 45.8712 -0.206373 1.23299 -7.60731 7.53374 -18.4308 5.94796 -5.43064 12.9547 3.2495 -3.26872 -47.4343 36.0569 -36.4008 29.2081 0.0598081 0.137039 3.67556 -0.562515 -17.9872 24.234 0.0496219 0.113701 -7.24422 -50.7254 -22.5073 -1.23299 -7.60729 7.53365 19.2076 0.486469 2.02996 -12.9547 3.2495 -3.26872 33.7856 -29.1143 14.8983 -29.2081 0.0598081 0.137039 -11.3952 -8.14621 71.6256 -24.234 0.0496218 0.113702 -5.59027 -10.2577 22.4186 9.23673 -4.20556 2.0327 9.66421 0.933832 21.6592 -0.852353 -38.7721 -0.655187 -2.24181 8.3464 0.0176435 -2.32622 -40.4017 -6.04875 -10.3917 6.44661 15.8994 0.779096 -9.8844 12.4959 2.64642e-17 -7.95088e-16 1.23735e-17 -9.23673 -4.20556 2.0327 -13.7484 -19.3169 9.22316 0.852353 -38.7721 -0.655187 3.05045 11.3074 -0.103994 2.32622 -40.4017 -6.04875 -8.23312 5.36949 -13.2302 -0.779096 -9.8844 12.4959 -5.93122e-16 -5.59233e-16 -1.27472e-14 
-19.1952 92.3651 95.6572 2.32425 7.32354 61.827 0 5.07867 -1.15138 6.47614 2.89331 -1.65372 0 5.61661 1.07143 6.02382 3.97928 -1.14162 -1.02604e-17 5.98978 0.11501 5.08771 5.35284 -1.52328 -1.10457e-17 6.50583 -0.443523 4.26215 8.2078 -1.71081 -1.97295e-17 7.60548 -1.50593 2.74073 9.23495 -2.52526 -2.53307e-17 9.49737 -0.914492 0.63564 10.1505 -2.9954 -2.90401e-17 10.5513 1.57691 -0.551021 -1.05303 0.420204 -1.29193e-17 4.78644 0.715339 -65.7802 -66.2009 -68.7093 -1.8116e-17 4.82109 0.421791 -0.704771 -10.0508 -11.7152 -2.00958e-17 4.83041 0.765062 -14.1387 46.0929 1.06351 1.23299 -7.60731 7.53374 -18.3354 5.60153 -5.46804 12.9547 3.2495 -3.26872 -48.8845 36.4151 -36.8268 29.2081 0.0598081 0.137039 4.01213 -0.675417 -19.6949 24.234 0.0496219 0.113701 -3.72104 -47.6827 -20.6887 -1.23299 -7.60729 7.53365 18.0888 0.198125 2.19982 -12.9547 3.2495 -3.26872 33.0871 -29.4744 14.3358 -29.2081 0.0598081 0.137039 -11.3347 -7.97349 70.7528 -24.234 0.0496218 0.113702 -5.04772 -11.1945 21.9423 9.23673 -4.20556 2.0327 8.95239 0.281722 19.5983 -0.852353 -38.7721 -0.655187 -2.50209 9.30421 0.0408573 -2.32622 -40.4017 -6.04875 -9.15451 6.77106 15.9115 0.779096 -9.8844 12.4959 -3.71105e-16 -8.07512e-16 2.47976e-17 -9.23673 -4.20556 2.0327 -13.2752 -19.0217 10.4397 0.852353 -38.7721 -0.655187 2.97377 11.0286 -0.0940095 2.32622 -40.4017 -6.04875 -8.3576 6.06195 -12.9931 -0.779096 -9.8844 12.4959 -3.36803e-15 -4.4772e-16 -1.26233e-14 
-19.0182 92.7287 96.0517 3.04985 7.63103 60.9225 0 5.07867 -1.15138 6.55394 3.36938 -1.54531 0 5.61661 1.07143 6.04599 4.32466 -1.02139 -1.02604e-17 5.98978 0.11501 5.08509 5.56025 -1.41752 -1.10457e-17 6.50583 -0.443523 4.22198 8.18772 -1.61131 -1.97295e-17 7.60548 -1.50593 2.67974 9.03242 -2.41936 -2.53307e-17 9.49737 -0.914492 0.577974 9.80276 -2.86995 -2.90401e-17 10.5513 1.57691 -0.57804 -1.02951 0.431047 -1.29193e-17 4.78644 0.715339 -65.3572 -66.2901 -68.4703 -1.8116e-17 4.82109 0.421791 -0.708698 -10.3743 -11.6294 -2.00958e-17 4.83041 0.765062 -14.9146 45.9747 1.72278 1.23299 -7.60731 7.53374 -18.2331 5.18214 -5.47409 12.9547 3.2495 -3.26872 -50.4675 36.3051 -37.2296 29.2081 0.0598081 0.137039 4.38594 -0.814103 -21.612 24.234 0.0496219 0.113701 -0.140377 -42.9083 -18.4257 -1.23299 -7.60729 7.53365 17.1585 -0.131499 2.48761 -12.9547 3.2495 -3.26872 32.4316 -29.8642 13.725 -29.2081 0.0598081 0.137039 -11.2741 -7.80809 69.9128 -24.234 0.0496218 0.113702 -4.65652 -12.1251 21.2583 9.23673 -4.20556 2.0327 7.87093 -0.226146 17.2649 -0.852353 -38.7721 -0.655187 -2.77677 10.3103 0.0700794 -2.32622 -40.4017 -6.04875 -7.918 7.58979 15.9483 0.779096 -9.8844 12.4959 8.15138e-16 -7.58069e-16 -2.46461e-17 -9.23673 -4.20556 2.0327 -13.1735 -18.2678 11.4548 0.852353 -38.7721 -0.655187 2.87583 10.6718 -0.0818029 2.32622 -40.4017 -6.04875 -8.46116 6.59673 -12.822 -0.779096 -9.8844 12.4959 1.84239e-16 -5.95748e-16 -1.27713e-14 
-18.6993 92.9998 96.4108 3.76954 8.10808 60.0796 0 5.07867 -1.15138 6.55059 3.56529 -1.42668 0 5.61661 1.07143 5.98491 4.46628 -0.883812 -1.02604e-17 5.98978 0.11501 5.00577 5.64258 -1.2844 -1.10457e-17 6.50583 -0.443523 4.11115 8.16421 -1.47209 -1.97295e-17 7.60548 -1.50593 2.57694 8.95371 -2.25667 -2.53307e-17 9.49737 -0.914492 0.513709 9.61536 -2.69409 -2.90401e-17 10.5513 1.57691 -0.588594 -0.976354 0.438408 -1.29193e-17 4.78644 0.715339 -63.1245 -65.9624 -66.5467 -1.8116e-17 4.82109 0.421791 -0.843786 -10.7418 -11.5829 -2.00958e-17 4.83041 0.765062 -15.308 45.254 1.90047 1.23299 -7.60731 7.53374 -17.9872 4.72049 -5.42778 12.9547 3.2495 -3.26872 -52.2707 36.2125 -37.5673 29.2081 0.0598081 0.137039 4.79147 -0.980977 -23.7196 24.234 0.0496219 0.113701 3.2967 -36.7781 -16.0727 -1.23299 -7.60729 7.53365 16.4679 -0.401682 2.92896 -12.9547 3.2495 -3.26872 31.7438 -30.2572 13.0065 -29.2081 0.0598081 0.137039 -11.2029 -7.62292 68.967 -24.234 0.0496218 0.113702 -4.50903 -12.7747 20.4801 9.23673 -4.20556 2.0327 6.47447 -0.863692 15.0061 -0.852353 -38.7721 -0.655187 -3.09214 11.4588 0.109579 -2.32622 -40.4017 -6.04875 -6.55797 8.11944 15.8854 0.779096 -9.8844 12.4959 -1.15978e-15 -8.44481e-16 6.17667e-17 -9.23673 -4.20556 2.0327 -13.3417 -17.4522 12.2762 0.852353 -38.7721 -0.655187 2.77845 10.3164 -0.0702729 2.32622 -40.4017 -6.04875 -8.70215 6.55839 -12.7788 -0.779096 -9.8844 12.4959 2.97046e-15 -7.20089e-16 -1.28957e-14 
-18.325 93.1091 96.7101 4.35658 8.77317 59.179 0 5.07867 -1.15138 6.47012 3.56082 -1.27145 0 5.61661 1.07143 5.84452 4.45115 -0.702293 -1.02604e-17 5.98978 0.11501 4.84883 5.60524 -1.09222 -1.10457e-17 6.50583 -0.443523 3.9235 8.06975 -1.26011 -1.97295e-17 7.60548 -1.50593 2.42022 8.86298 -2.0005 -2.53307e-17 9.49737 -0.914492 0.437403 9.44869 -2.42372 -2.90401e-17 10.5513 1.57691 -0.583821 -0.896503 0.45384 -1.29193e-17 4.78644 0.715339 -59.2995 -65.1371 -63.0871 -1.8116e-17 4.82109 0.421791 -1.06443 -10.9749 -11.5738 -2.00958e-17 4.83041 0.765062 -15.3019 44.0069 1.55663 1.23299 -7.60731 7.53374 -17.5703 4.32075 -5.3879 12.9547 3.2495 -3.26872 -54.1006 36.327 -37.9439 29.2081 0.0598081 0.137039 5.21364 -1.17367 -25.9487 24.234 0.0496219 0.113701 6.35403 -29.8738 -13.7758 -1.23299 -7.60729 7.53365 16.1639 -0.435141 3.60022 -12.9547 3.2495 -3.26872 30.814 -30.5647 12.065 -29.2081 0.0598081 0.137039 -11.1243 -7.42837 67.967 -24.234 0.0496218 0.113702 -4.74973 -13.1978 19.5102 9.23673 -4.20556 2.0327 4.94542 -1.88154 13.0759 -0.852353 -38.7721 -0.655187 -3.52348 13.0163 0.173809 -2.32622 -40.4017 -6.04875 -5.17602 7.91683 15.733 0.779096 -9.8844 12.4959 4.15953e-16 -7.82967e-16 2.52521e-19 -9.23673 -4.20556 2.0327 -13.6881 -16.9301 13.0546 0.852353 -38.7721 -0.655187 2.74236 10.1845 -0.0661531 2.32622 -40.4017 -6.04875 -9.12194 5.78969 -12.8971 -0.779096 -9.8844 12.4959 6.06051e-16 -6.21606e-16 -1.27972e-14 
-18.0274 93.0825 96.9033 4.58461 9.50347 58.3266 0 5.07867 -1.15138 6.41503 3.55095 -1.10946 0 5.61661 1.07143 5.72904 4.40397 -0.501538 -1.02604e-17 5.98978 0.11501 4.70606 5.49615 -0.870845 -1.10457e-17 6.50583 -0.443523 3.73869 7.82281 -1.01343 -1.97295e-17 7.60548 -1.50593 2.24941 8.54705 -1.70521 -2.53307e-17 9.49737 -0.914492 0.343689 9.05711 -2.1047 -2.90401e-17 10.5513 1.57691 -0.578555 -0.799314 0.48844 -1.29193e-17 4.78644 0.715339 -54.5055 -63.7708 -58.6401 -1.8116e-17 4.82109 0.421791 -1.39094 -10.9444 -11.5958 -2.00958e-17 4.83041 0.765062 -14.8549 42.2518 0.907937 1.23299 -7.60731 7.53374 -17.1075 4.10886 -5.49907 12.9547 3.2495 -3.26872 -55.8334 36.764 -38.3044 29.2081 0.0598081 0.137039 5.63706 -1.38742 -28.2255 24.234 0.0496219 0.113701 9.14658 -23.0048 -11.6047 -1.23299 -7.60729 7.53365 16.148 -0.137716 4.5524 -12.9547 3.2495 -3.26872 29.4212 -30.6477 10.7284 -29.2081 0.0598081 0.137039 -11.0411 -7.23239 66.9525 -24.234 0.0496218 0.113702 -5.29526 -13.7753 18.4843 9.23673 -4.20556 2.0327 3.61138 -3.56566 11.4716 -0.852353 -38.7721 -0.655187 -4.11638 15.1289 0.28108 -2.32622 -40.4017 -6.04875 -3.82836 7.06054 15.5596 0.779096 -9.8844 12.4959 -7.65428e-16 -8.32208e-16 4.94936e-17 -9.23673 -4.20556 2.0327 -14.0036 -16.8762 13.7777 0.852353 -38.7721 -0.655187 2.75827 10.2427 -0.0679589 2.32622 -40.4017 -6.04875 -9.62869 4.62272 -13.0954 -0.779096 -9.8844 12.4959 1.38825e-15 -6.45949e-16 -1.28339e-14 
-17.6406 93.0363 97.1 4.51902 9.97486 57.5401 0 5.07867 -1.15138 6.57401 3.79179 -0.962386 0 5.61661 1.07143 5.82173 4.51182 -0.307047 -1.02604e-17 5.98978 0.11501 4.74168 5.44103 -0.66078 -1.10457e-17 6.50583 -0.443523 3.70288 7.45952 -0.785973 -1.97295e-17 7.60548 -1.50593 2.16555 7.95585 -1.45821 -2.53307e-17 9.49737 -0.914492 0.270555 8.33898 -1.83584 -2.90401e-17 10.5513 1.57691 -0.590579 -0.704124 0.538252 -1.29193e-17 4.78644 0.715339 -50.6909 -62.2931 -55.1517 -1.8116e-17 4.82109 0.421791 -1.82403 -10.7955 -11.6822 -2.00958e-17 4.83041 0.765062 -14.727 40.4331 0.979315 1.23299 -7.60731 7.53374 -16.7546 4.03607 -5.71191 12.9547 3.2495 -3.26872 -57.772 37.438 -38.3442 29.2081 0.0598081 0.137039 6.0266 -1.60324 -30.3617 24.234 0.0496219 0.113701 11.4741 -16.6981 -10.1683 -1.23299 -7.60729 7.53365 16.197 0.283306 5.48434 -12.9547 3.2495 -3.26872 27.9251 -30.574 9.4141 -29.2081 0.0598081 0.137039 -10.9332 -6.99155 65.6952 -24.234 0.0496218 0.113702 -5.8616 -14.1171 18.0245 9.23673 -4.20556 2.0327 2.57202 -5.43733 9.77567 -0.852353 -38.7721 -0.655187 -4.73565 17.2952 0.41613 -2.32622 -40.4017 -6.04875 -2.49417 6.06216 15.4123 0.779096 -9.8844 12.4959 1.20945e-15 -7.45797e-16 -3.69176e-17 -9.23673 -4.20556 2.0327 -13.9646 -17.0558 14.4757 0.852353 -38.7721 -0.655187 2.80389 10.4093 -0.0732261 2.32622 -40.4017 -6.04875 -10.1335 3.68331 -13.2021 -0.779096 -9.8844 12.4959 5.99596e-16 -6.21303e-16 -1.27969e-14 
-17.2005 93.0224 97.3399 4.60738 10.193 56.7637 0 5.07867 -1.15138 6.69407 3.89449 -0.835883 0 5.61661 1.07143 5.8789 4.53206 -0.123437 -1.02604e-17 5.98978 0.11501 4.74557 5.35617 -0.455627 -1.10457e-17 6.50583 -0.443523 3.63953 7.15348 -0.559852 -1.97295e-17 7.60548 -1.50593 2.06665 7.50341 -1.20943 -2.53307e-17 9.49737 -0.914492 0.190768 7.80332 -1.56114 -2.90401e-17 10.5513 1.57691 -0.598307 -0.625973 0.589001 -1.29193e-17 4.78644 0.715339 -46.6057 -60.4127 -51.3203 -1.8116e-17 4.82109 0.421791 -2.25848 -10.388 -11.7694 -2.00958e-17 4.83041 0.765062 -14.1372 38.3366 0.412549 1.23299 -7.60731 7.53374 -16.4831 3.99073 -6.02057 12.9547 3.2495 -3.26872 -58.968 38.0412 -38.4942 29.2081 0.0598081 0.137039 6.35922 -1.80298 -32.2217 24.234 0.0496219 0.113701 13.0404 -11.4808 -8.89524 -1.23299 -7.60729 7.53365 16.245 0.736838 6.40378 -12.9547 3.2495 -3.26872 26.3533 -30.0689 7.93109 -29.2081 0.0598081 0.137039 -10.8401 -6.7945 64.6572 -24.234 0.0496218 0.113702 -6.67879 -14.694 17.13 9.23673 -4.20556 2.0327 1.5845 -7.07895 7.95453 -0.852353 -38.7721 -0.655187 -5.30663 19.2516 0.560956 -2.32622 -40.4017 -6.04875 -1.36186 5.24242 15.3098 0.779096 -9.8844 12.4959 -7.62186e-16 -8.32056e-16 4.93416e-17 -9.23673 -4.20556 2.0327 -13.7834 -17.0693 15.2372 0.852353 -38.7721 -0.655187 2.87661 10.6747 -0.0818982 2.32622 -40.4017 -6.04875 -10.3397 2.93595 -13.3065 -0.779096 -9.8844 12.4959 -2.17529e-15 -4.97468e-16 -1.2673e-14 
-16.7978 93.0489 97.6694 4.92921 10.3514 55.8347 0 5.07867 -1.15138 6.83637 4.15178 -0.705247 0 5.61661 1.07143 5.96387 4.66224 0.0532705 -1.02604e-17 5.98978 0.11501 4.77975 5.35013 -0.262296 -1.10457e-17 6.50583 -0.443523 3.6126 6.87281 -0.351198 -1.97295e-17 7.60548 -1.50593 2.00288 7.0372 -0.989028 -2.53307e-17 9.49737 -0.914492 0.140306 7.24738 -1.32399 -2.90401e-17 10.5513 1.57691 -0.611456 -0.564244 0.63712 -1.29193e-17 4.78644 0.715339 -43.3515 -58.6173 -48.3097 -1.8116e-17 4.82109 0.421791 -2.64304 -10.037 -11.8613 -2.00958e-17 4.83041 0.765062 -13.9243 36.3093 0.227642 1.23299 -7.60731 7.53374 -16.3355 4.0094 -6.2994 12.9547 3.2495 -3.26872 -59.9905 38.8202 -38.3198 29.2081 0.0598081 0.137039 6.66355 -1.99894 -33.9559 24.234 0.0496219 0.113701 14.1471 -7.73301 -8.13168 -1.23299 -7.60729 7.53365 16.3248 1.15985 7.0958 -12.9547 3.2495 -3.26872 25.1147 -29.5416 6.75712 -29.2081 0.0598081 0.137039 -10.7499 -6.61188 63.6872 -24.234 0.0496218 0.113702 -7.30849 -14.9869 16.6223 9.23673 -4.20556 2.0327 0.43377 -8.46443 6.10483 -0.852353 -38.7721 -0.655187 -5.75978 20.7738 0.689399 -2.32622 -40.4017 -6.04875 -0.427135 4.7818 15.2202 0.779096 -9.8844 12.4959 1.20945e-15 -7.45797e-16 -3.69176e-17 -9.23673 -4.20556 2.0327 -13.5996 -16.9845 16.1281 0.852353 -38.7721 -0.655187 2.97274 11.0248 -0.0938785 2.32622 -40.4017 -6.04875 -10.4935 2.37445 -13.3663 -0.779096 -9.8844 12.4959 5.85008e-16 -6.20696e-16 -1.27963e-14 
-16.4133 93.0774 98.06 5.34345 10.5868 54.7919 0 5.07867 -1.15138 0.64155 -5.51785 0.597954 0 5.61661 1.07143 0.379569 -2.38877 0.855229 -1.02604e-17 5.98978 0.11501 0.262196 1.84387 0.843685 -1.10457e-17 6.50583 -0.443523 0.0816119 8.41954 0.968359 -1.97295e-17 7.60548 -1.50593 0.171134 12.5228 1.03452 -2.53307e-17 9.49737 -0.914492 0.40289 14.4838 0.929006 -2.90401e-17 10.5513 1.57691 0.162982 -0.540945 0.354064 -1.29193e-17 4.78644 0.715339 -13.6858 -30.3784 -21.694 -1.8116e-17 4.82109 0.421791 2.80967 -7.22621 -9.40602 -2.00958e-17 4.83041 0.765062 4.1873 14.0444 -23.7895 1.23299 -7.60731 7.53374 -9.88874 -0.544186 -4.00078 12.9547 3.2495 -3.26872 -49.039 40.3088 -48.7103 29.2081 0.0598081 0.137039 6.5221 -1.90621 -33.1458 24.234 0.0496219 0.113701 10.7885 -2.48772 8.46652 -1.23299 -7.60729 7.53365 6.8932 -4.30484 5.1723 -12.9547 3.2495 -3.26872 35.6985 -29.9688 31.7578 -29.2081 0.0598081 0.137039 -10.0523 -5.40655 57.0524 -24.234 0.0496218 0.113702 -3.84878 -20.822 -17.525 9.23673 -4.20556 2.0327 -0.313473 -11.3064 3.9275 -0.852353 -38.7721 -0.655187 -6.73462 23.9498 1.00475 -2.32622 -40.4017 -6.04875 -2.92179 0.0929146 15.9345 0.779096 -9.8844 12.4959 8.21608e-16 -7.57816e-16 -2.48987e-17 -9.23673 -4.20556 2.0327 -14.1359 -17.4553 18.3107 0.852353 -38.7721 -0.655187 3.2856 12.1593 -0.136935 2.32622 -40.4017 -6.04875 -3.16435 -0.372764 -15.0108 -0.779096 -9.8844 12.4959 -5.91491e-16 -5.59335e-16 -1.27473e-14 
-15.9829 93.1282 98.598 5.69127 10.7836 53.7963 0 5.07867 -1.15138 -0.757759 -2.22832 0.64356 0 5.61661 1.07143 -0.675362 -0.530892 0.628178 -1.02604e-17 5.98978 0.11501 -0.459836 1.63915 0.67526 -1.10457e-17 6.50583 -0.443523 -0.284895 4.96936 0.766103 -1.97295e-17 7.60548 -1.50593 0.147337 6.66404 0.856907 -2.53307e-17 9.49737 -0.914492 0.681699 7.46646 0.657054 -2.90401e-17 10.5513 1.57691 0.147949 0.246634 0.318729 -1.29193e-17 4.78644 0.715339 -6.27018 -9.2105 -23.3332 -1.8116e-17 4.82109 0.421791 2.00801 -7.6745 -11.4983 -2.00958e-17 4.83041 0.765062 7.42408 4.83345 -12.6333 1.23299 -7.60731 7.53374 -5.38207 0.687549 -2.87825 12.9547 3.2495 -3.26872 -59.1852 42.2918 -42.4705 29.2081 0.0598081 0.137039 5.5243 -1.32839 -27.6148 24.234 0.0496219 0.113701 11.3021 -0.967064 6.81766 -1.23299 -7.60729 7.53365 0.453554 -2.5825 3.57543 -12.9547 3.2495 -3.26872 52.9499 -21.5442 36.9443 -29.2081 0.0598081 0.137039 -7.91868 -2.95895 41.5204 -24.234 0.0496218 0.113702 -3.79151 -12.9839 -4.67494 9.23673 -4.20556 2.0327 -2.16271 -12.1092 2.09053 -0.852353 -38.7721 -0.655187 -6.74094 23.9699 1.00697 -2.32622 -40.4017 -6.04875 0.23117 -1.51744 15.6549 0.779096 -9.8844 12.4959 2.80898e-17 -7.94987e-16 1.22721e-17 -9.23673 -4.20556 2.0327 -14.0404 -17.5269 19.5558 0.852353 -38.7721 -0.655187 3.5137 12.9812 -0.172222 2.32622 -40.4017 -6.04875 -2.59021 -1.45167 -15.0678 -0.779096 -9.8844 12.4959 -5.96354e-16 -5.59082e-16 -1.27471e-14 
-15.4693 93.1333 99.1817 5.94431 10.9473 52.8745 0 5.07867 -1.15138 -0.807505 -0.22454 0.558168 0 5.61661 1.07143 -0.589957 0.705196 0.563778 -1.02604e-17 5.98978 0.11501 -0.289189 2.07456 0.687515 -1.10457e-17 6.50583 -0.443523 0.0056208 4.03107 0.800793 -1.97295e-17 7.60548 -1.50593 0.537564 4.81245 0.825088 -2.53307e-17 9.49737 -0.914492 1.14355 4.9835 0.462538 -2.90401e-17 10.5513 1.57691 0.197492 0.423803 0.341699 -1.29193e-17 4.78644 0.715339 -2.43721 -1.80053 -21.6306 -1.8116e-17 4.82109 0.421791 2.96158 -7.57544 -10.5757 -2.00958e-17 4.83041 0.765062 5.05523 -3.67837 -12.2056 1.23299 -7.60731 7.53374 -1.31032 -0.00199019 -1.17128 12.9547 3.2495 -3.26872 -70.8051 39.2621 -36.4703 29.2081 0.0598081 0.137039 5.46917 -1.30009 -27.3174 24.234 0.0496219 0.113701 8.4093 3.81702 2.83984 -1.23299 -7.60729 7.53365 -3.83927 -2.93443 3.06748 -12.9547 3.2495 -3.26872 62.999 -25.7383 41.2357 -29.2081 0.0598081 0.137039 -7.33145 -2.47699 37.8878 -24.234 0.0496218 0.113702 0.722976 -4.85801 -1.81845 9.23673 -4.20556 2.0327 -3.91813 -13.5085 -2.01959 -0.852353 -38.7721 -0.655187 -6.9208 24.5403 1.07085 -2.32622 -40.4017 -6.04875 -1.86256 -4.33734 16.088 0.779096 -9.8844 12.4959 2.48481e-17 -7.95139e-16 1.2424e-17 -9.23673 -4.20556 2.0327 -13.9312 -17.0745 20.6425 0.852353 -38.7721 -0.655187 3.49846 12.9264 -0.169763 2.32622 -40.4017 -6.04875 -1.72969 -2.71617 -15.2724 -0.779096 -9.8844 12.4959 -5.96354e-16 -5.59082e-16 -1.27471e-14 
-14.9013 93.1148 99.82 6.16941 11.1345 51.9872 0 5.07867 -1.15138 -0.901729 -1.00926 0.216313 0 5.61661 1.07143 -0.56656 0.0903934 0.227125 -1.02604e-17 5.98978 0.11501 -0.198349 1.79212 0.372702 -1.10457e-17 6.50583 -0.443523 0.174997 4.24963 0.483954 -1.97295e-17 7.60548 -1.50593 0.681354 5.30631 0.461291 -2.53307e-17 9.49737 -0.914492 1.22525 5.61602 0.0702307 -2.90401e-17 10.5513 1.57691 0.202535 0.328944 0.245045 -1.29193e-17 4.78644 0.715339 0.51491 5.04978 -21.9433 -1.8116e-17 4.82109 0.421791 3.22407 -8.04253 -10.736 -2.00958e-17 4.83041 0.765062 5.56419 -10.4327 -7.91449 1.23299 -7.60731 7.53374 0.550347 -1.48449 -0.138303 12.9547 3.2495 -3.26872 -76.0122 33.5346 -32.7383 29.2081 0.0598081 0.137039 5.34205 -1.23622 -26.6345 24.234 0.0496219 0.113701 4.76991 6.14346 0.285239 -1.23299 -7.60729 7.53365 -6.90676 -4.53106 0.930257 -12.9547 3.2495 -3.26872 66.3649 -20.4283 40.426 -29.2081 0.0598081 0.137039 -7.45574 -2.5739 38.6417 -24.234 0.0496218 0.113702 0.589385 -4.4239 -1.0892 9.23673 -4.20556 2.0327 -5.61134 -14.2502 -4.86269 -0.852353 -38.7721 -0.655187 -6.7647 24.0456 1.01531 -2.32622 -40.4017 -6.04875 -1.62198 -6.86113 16.2043 0.779096 -9.8844 12.4959 -7.67049e-16 -8.32259e-16 4.95442e-17 -9.23673 -4.20556 2.0327 -13.6127 -16.6663 20.6079 0.852353 -38.7721 -0.655187 3.52463 13.0205 -0.173995 2.32622 -40.4017 -6.04875 -3.89538 -2.7226 -15.1331 -0.779096 -9.8844 12.4959 -2.00406e-16 -5.83829e-16 -1.27594e-14 
-14.2953 93.1082 100.468 6.35149 11.3139 51.0829 0 5.07867 -1.15138 -0.913146 0.132649 0.0554558 0 5.61661 1.07143 -0.519943 0.77817 0.0390406 -1.02604e-17 5.98978 0.11501 -0.138383 1.90771 0.17618 -1.10457e-17 6.50583 -0.443523 0.258593 3.45702 0.279208 -1.97295e-17 7.60548 -1.50593 0.730084 3.97888 0.240257 -2.53307e-17 9.49737 -0.914492 1.1899 3.938 -0.153362 -2.90401e-17 10.5513 1.57691 0.170481 0.502509 0.243203 -1.29193e-17 4.78644 0.715339 0.476938 4.77594 -20.6338 -1.8116e-17 4.82109 0.421791 2.57609 -7.60496 -10.0224 -2.00958e-17 4.83041 0.765062 4.50224 -9.68901 -8.27827 1.23299 -7.60731 7.53374 0.60586 -0.535875 -0.592456 12.9547 3.2495 -3.26872 -78.9506 31.1083 -29.2469 29.2081 0.0598081 0.137039 5.79871 -1.47463 -29.1068 24.234 0.0496219 0.113701 4.34328 7.17274 0.790583 -1.23299 -7.60729 7.53365 -7.72242 -3.64863 1.30514 -12.9547 3.2495 -3.26872 66.5672 -17.9697 39.9535 -29.2081 0.0598081 0.137039 -7.33466 -2.47947 37.9072 -24.234 0.0496218 0.113702 -0.0601762 -5.01111 0.0584656 9.23673 -4.20556 2.0327 -7.15013 -15.4191 -7.16273 -0.852353 -38.7721 -0.655187 -6.69545 23.8249 0.991084 -2.32622 -40.4017 -6.04875 -1.11281 -7.35955 16.1393 0.779096 -9.8844 12.4959 -3.74342e-16 -8.07664e-16 2.49494e-17 -9.23673 -4.20556 2.0327 -13.5869 -16.4018 21.0931 0.852353 -38.7721 -0.655187 3.58418 13.2342 -0.183786 2.32622 -40.4017 -6.04875 -2.99109 -3.90397 -15.2875 -0.779096 -9.8844 12.4959 -9.90682e-16 -5.4681e-16 -1.27224e-14 
-13.7496 93.1189 101.166 6.48679 11.4491 50.0886 0 5.07867 -1.15138 -1.00458 0.0254163 -0.0217132 0 5.61661 1.07143 -0.549216 0.673147 -0.0691545 -1.02604e-17 5.98978 0.11501 -0.125774 1.7984 0.060332 -1.10457e-17 6.50583 -0.443523 0.313055 3.33366 0.160162 -1.97295e-17 7.60548 -1.50593 0.794579 3.87689 0.111655 -2.53307e-17 9.49737 -0.914492 1.24093 3.82324 -0.301163 -2.90401e-17 10.5513 1.57691 0.166618 0.533774 0.230326 -1.29193e-17 4.78644 0.715339 0.777945 5.25046 -20.5997 -1.8116e-17 4.82109 0.421791 2.6422 -7.69012 -9.99833 -2.00958e-17 4.83041 0.765062 4.00856 -9.93825 -6.80174 1.23299 -7.60731 7.53374 1.10195 -0.657604 -0.157442 12.9547 3.2495 -3.26872 -79.5198 30.2219 -28.4492 29.2081 0.0598081 0.137039 5.95074 -1.55966 -29.9423 24.234 0.0496219 0.113701 3.54032 6.41868 1.23562 -1.23299 -7.60729 7.53365 -8.20276 -3.74377 1.04491 -12.9547 3.2495 -3.26872 67.8453 -16.4832 41.3782 -29.2081 0.0598081 0.137039 -7.02753 -2.25078 36.0748 -24.234 0.0496218 0.113702 -0.0404179 -4.21013 1.21204 9.23673 -4.20556 2.0327 -8.056 -16.582 -8.11248 -0.852353 -38.7721 -0.655187 -6.5969 23.5096 0.95705 -2.32622 -40.4017 -6.04875 -1.00455 -6.68122 16.002 0.779096 -9.8844 12.4959 2.32272e-17 -7.95189e-16 1.24747e-17 -9.23673 -4.20556 2.0327 -13.2413 -15.8683 21.9886 0.852353 -38.7721 -0.655187 3.48616 12.8822 -0.167788 2.32622 -40.4017 -6.04875 -4.1371 -4.31653 -15.2464 -0.779096 -9.8844 12.4959 -9.93923e-16 -5.46658e-16 -1.27222e-14 
-13.2727 93.138 101.921 6.65794 11.5287 48.9105 0 5.07867 -1.15138 -1.0235 0.0703073 -0.0124511 0 5.61661 1.07143 -0.558989 0.696729 -0.0589487 -1.02604e-17 5.98978 0.11501 -0.128897 1.79648 0.0729628 -1.10457e-17 6.50583 -0.443523 0.317219 3.27905 0.173452 -1.97295e-17 7.60548 -1.50593 0.805505 3.80656 0.123712 -2.53307e-17 9.49737 -0.914492 1.25763 3.73618 -0.297141 -2.90401e-17 10.5513 1.57691 0.173113 0.544331 0.224841 -1.29193e-17 4.78644 0.715339 0.764172 5.2428 -20.0112 -1.8116e-17 4.82109 0.421791 2.43028 -7.58194 -9.68796 -2.00958e-17 4.83041 0.765062 3.83149 -10.2244 -6.83388 1.23299 -7.60731 7.53374 1.39265 -0.653396 -0.116964 12.9547 3.2495 -3.26872 -79.4554 29.6048 -28.1537 29.2081 0.0598081 0.137039 6.0055 -1.59101 -30.2448 24.234 0.0496219 0.113701 3.12829 5.60214 1.11904 -1.23299 -7.60729 7.53365 -8.26895 -3.74758 1.15328 -12.9547 3.2495 -3.26872 68.6969 -16.5188 42.3468 -29.2081 0.0598081 0.137039 -6.97623 -2.21404 35.7728 -24.234 0.0496218 0.113702 0.615363 -3.47382 1.34862 9.23673 -4.20556 2.0327 -8.81343 -17.4508 -9.21613 -0.852353 -38.7721 -0.655187 -6.29073 22.5209 0.854676 -2.32622 -40.4017 -6.04875 -1.39878 -5.98716 15.9541 0.779096 -9.8844 12.4959 4.20797e-16 -7.82765e-16 5.06523e-20 -9.23673 -4.20556 2.0327 -12.9535 -15.4103 22.9423 0.852353 -38.7721 -0.655187 3.40884 12.6039 -0.155593 2.32622 -40.4017 -6.04875 -3.98399 -5.03003 -15.2892 -0.779096 -9.8844 12.4959 -1.38987e-15 -5.34284e-16 -1.27098e-14 
-12.79 93.1688 102.758 6.84564 11.549 47.5691 0 5.07867 -1.15138 -0.973644 0.109568 0.0320334 0 5.61661 1.07143 -0.515441 0.7078 -0.00967538 -1.02604e-17 5.98978 0.11501 -0.0956769 1.77365 0.122291 -1.10457e-17 6.50583 -0.443523 0.340311 3.18322 0.2218 -1.97295e-17 7.60548 -1.50593 0.825919 3.68035 0.166946 -2.53307e-17 9.49737 -0.914492 1.27694 3.57088 -0.259931 -2.90401e-17 10.5513 1.57691 0.17808 0.564529 0.216531 -1.29193e-17 4.78644 0.715339 0.809276 5.33013 -19.8695 -1.8116e-17 4.82109 0.421791 2.34714 -7.66135 -9.61489 -2.00958e-17 4.83041 0.765062 3.38602 -10.251 -6.3115 1.23299 -7.60731 7.53374 1.65882 -0.63293 -0.0938669 12.9547 3.2495 -3.26872 -79.3144 29.2718 -27.8837 29.2081 0.0598081 0.137039 5.98791 -1.58089 -30.1475 24.234 0.0496219 0.113701 2.77922 4.49077 0.843647 -1.23299 -7.60729 7.53365 -8.62709 -3.69008 1.08749 -12.9547 3.2495 -3.26872 68.9002 -15.6554 42.7566 -29.2081 0.0598081 0.137039 -6.88553 -2.15008 35.2415 -24.234 0.0496218 0.113702 0.619304 -3.6081 1.80864 9.23673 -4.20556 2.0327 -9.33371 -18.1541 -10.1117 -0.852353 -38.7721 -0.655187 -5.88369 21.1851 0.72656 -2.32622 -40.4017 -6.04875 -1.89966 -5.11249 15.8848 0.779096 -9.8844 12.4959 4.22417e-16 -7.82715e-16 2.88531e-33 -9.23673 -4.20556 2.0327 -12.5191 -14.8657 23.9129 0.852353 -38.7721 -0.655187 3.30845 12.2419 -0.140321 2.32622 -40.4017 -6.04875 -4.49412 -5.36248 -15.2758 -0.779096 -9.8844 12.4959 -5.99596e-16 -5.58981e-16 -1.27469e-14 
-12.2308 93.211 103.669 6.96932 11.5827 46.1286 0 5.07867 -1.15138 -0.909277 0.091457 0.0850249 0 5.61661 1.07143 -0.468616 0.670366 0.0497838 -1.02604e-17 5.98978 0.11501 -0.0709017 1.71146 0.178377 -1.10457e-17 6.50583 -0.443523 0.343628 3.06238 0.27433 -1.97295e-17 7.60548 -1.50593 0.816487 3.54938 0.217666 -2.53307e-17 9.49737 -0.914492 1.26031 3.41385 -0.204396 -2.90401e-17 10.5513 1.57691 0.180199 0.583003 0.206039 -1.29193e-17 4.78644 0.715339 0.729076 5.22282 -19.4856 -1.8116e-17 4.82109 0.421791 1.998 -7.50766 -9.42052 -2.00958e-17 4.83041 0.765062 3.17982 -10.1232 -6.19286 1.23299 -7.60731 7.53374 1.72443 -0.520561 -0.227784 12.9547 3.2495 -3.26872 -79.2295 29.0311 -27.3387 29.2081 0.0598081 0.137039 6.03316 -1.60699 -30.398 24.234 0.0496219 0.113701 2.70574 3.48532 0.924343 -1.23299 -7.60729 7.53365 -8.76625 -3.56751 1.16346 -12.9547 3.2495 -3.26872 68.814 -14.8535 42.9373 -29.2081 0.0598081 0.137039 -6.85233 -2.12698 35.0478 -24.234 0.0496218 0.113702 0.651728 -3.86714 2.03788 9.23673 -4.20556 2.0327 -9.83074 -18.6525 -11.2566 -0.852353 -38.7721 -0.655187 -5.35011 19.3988 0.572768 -2.32622 -40.4017 -6.04875 -2.24567 -4.09439 15.8022 0.779096 -9.8844 12.4959 8.18366e-16 -7.57968e-16 -2.47468e-17 -9.23673 -4.20556 2.0327 -12.1384 -14.2275 25.0306 0.852353 -38.7721 -0.655187 3.1523 11.6769 -0.117832 2.32622 -40.4017 -6.04875 -4.47765 -5.8389 -15.294 -0.779096 -9.8844 12.4959 -1.7842e-15 -5.09588e-16 -1.26976e-14 
-11.6511 93.2435 104.626 7.05268 11.6109 44.5917 0 5.07867 -1.15138 -0.836885 -0.0846264 0.155866 0 5.61661 1.07143 -0.415665 0.533004 0.128206 -1.02604e-17 5.98978 0.11501 -0.0399312 1.61714 0.253864 -1.10457e-17 6.50583 -0.443523 0.352021 3.01903 0.34768 -1.97295e-17 7.60548 -1.50593 0.816534 3.55844 0.288124 -2.53307e-17 9.49737 -0.914492 1.26132 3.43778 -0.13417 -2.90401e-17 10.5513 1.57691 0.186388 0.585785 0.193434 -1.29193e-17 4.78644 0.715339 0.641741 5.03548 -19.1741 -1.8116e-17 4.82109 0.421791 1.801 -7.49133 -9.26931 -2.00958e-17 4.83041 0.765062 2.83343 -9.91838 -6.01444 1.23299 -7.60731 7.53374 1.84587 -0.519804 -0.262721 12.9547 3.2495 -3.26872 -79.0421 28.9413 -26.9775 29.2081 0.0598081 0.137039 6.03992 -1.6109 -30.4355 24.234 0.0496219 0.113701 2.59865 2.34332 0.90631 -1.23299 -7.60729 7.53365 -8.89318 -3.53284 1.17065 -12.9547 3.2495 -3.26872 68.7413 -14.0186 43.2985 -29.2081 0.0598081 0.137039 -6.82013 -2.10473 34.8604 -24.234 0.0496218 0.113702 0.561382 -3.88616 2.11049 9.23673 -4.20556 2.0327 -10.2054 -18.9601 -12.5506 -0.852353 -38.7721 -0.655187 -4.72453 17.2567 0.413501 -2.32622 -40.4017 -6.04875 -2.76061 -3.06629 15.7261 0.779096 -9.8844 12.4959 4.24043e-16 -7.82613e-16 -1.016e-19 -9.23673 -4.20556 2.0327 -11.6989 -13.6194 26.2203 0.852353 -38.7721 -0.655187 2.99903 11.1205 -0.0972579 2.32622 -40.4017 -6.04875 -4.8011 -6.17346 -15.2852 -0.779096 -9.8844 12.4959 -9.97175e-16 -5.46505e-16 -1.27221e-14 
-11.1041 93.2625 105.578 7.16351 11.6783 42.9854 0 5.07867 -1.15138 -0.776073 -0.270832 0.240098 0 5.61661 1.07143 -0.37741 0.390827 0.219672 -1.02604e-17 5.98978 0.11501 -0.0247445 1.52921 0.342063 -1.10457e-17 6.50583 -0.443523 0.343184 2.99922 0.433193 -1.97295e-17 7.60548 -1.50593 0.801809 3.6003 0.373343 -2.53307e-17 9.49737 -0.914492 1.25318 3.50474 -0.0456189 -2.90401e-17 10.5513 1.57691 0.19339 0.585171 0.179328 -1.29193e-17 4.78644 0.715339 0.516513 4.78675 -18.852 -1.8116e-17 4.82109 0.421791 1.56918 -7.45327 -9.11009 -2.00958e-17 4.83041 0.765062 2.59459 -9.75503 -5.95251 1.23299 -7.60731 7.53374 1.89567 -0.51123 -0.370791 12.9547 3.2495 -3.26872 -78.7046 28.8476 -26.7515 29.2081 0.0598081 0.137039 6.03532 -1.60823 -30.4099 24.234 0.0496219 0.113701 2.5215 1.16401 0.867334 -1.23299 -7.60729 7.53365 -8.99619 -3.51597 1.21203 -12.9547 3.2495 -3.26872 68.7183 -13.3501 43.9027 -29.2081 0.0598081 0.137039 -6.74717 -2.0549 34.4373 -24.234 0.0496218 0.113702 0.388267 -3.6174 2.23064 9.23673 -4.20556 2.0327 -10.4982 -19.1373 -13.9836 -0.852353 -38.7721 -0.655187 -4.03308 14.8342 0.264696 -2.32622 -40.4017 -6.04875 -3.44371 -1.95433 15.6594 0.779096 -9.8844 12.4959 4.22417e-16 -7.82715e-16 2.88531e-33 -9.23673 -4.20556 2.0327 -11.335 -13.1141 27.532 0.852353 -38.7721 -0.655187 2.87619 10.6731 -0.0818462 2.32622 -40.4017 -6.04875 -4.91973 -6.58078 -15.2923 -0.779096 -9.8844 12.4959 -5.9798e-16 -5.59031e-16 -1.2747e-14 
-10.5879 93.2797 106.488 7.35741 11.7505 41.3351 0 5.07867 -1.15138 -0.73487 -0.426044 0.330084 0 5.61661 1.07143 -0.356235 0.274972 0.313786 -1.02604e-17 5.98978 0.11501 -0.0233498 1.46669 0.432738 -1.10457e-17 6.50583 -0.443523 0.323178 3.00309 0.521013 -1.97295e-17 7.60548 -1.50593 0.780337 3.66075 0.462535 -2.53307e-17 9.49737 -0.914492 1.24346 3.589 0.047954 -2.90401e-17 10.5513 1.57691 0.201886 0.583733 0.163675 -1.29193e-17 4.78644 0.715339 0.37687 4.48848 -18.5588 -1.8116e-17 4.82109 0.421791 1.36835 -7.49395 -8.96678 -2.00958e-17 4.83041 0.765062 2.35058 -9.56714 -5.90596 1.23299 -7.60731 7.53374 1.92789 -0.508981 -0.504798 12.9547 3.2495 -3.26872 -78.2436 28.7871 -26.7092 29.2081 0.0598081 0.137039 6.01536 -1.59669 -30.2994 24.234 0.0496219 0.113701 2.43908 -0.108441 0.820165 -1.23299 -7.60729 7.53365 -9.17869 -3.52735 1.24308 -12.9547 3.2495 -3.26872 68.7892 -12.743 44.7165 -29.2081 0.0598081 0.137039 -6.63965 -1.98288 33.8174 -24.234 0.0496218 0.113702 0.144962 -3.2975 2.45514 9.23673 -4.20556 2.0327 -10.711 -19.2871 -15.5314 -0.852353 -38.7721 -0.655187 -3.32648 12.307 0.143019 -2.32622 -40.4017 -6.04875 -4.34715 -0.686653 15.6104 0.779096 -9.8844 12.4959 2.64737e-17 -7.95088e-16 1.23732e-17 -9.23673 -4.20556 2.0327 -11.0565 -12.6485 28.9053 0.852353 -38.7721 -0.655187 2.78171 10.3283 -0.070649 2.32622 -40.4017 -6.04875 -5.10452 -6.93411 -15.2932 -0.779096 -9.8844 12.4959 -1.38824e-15 -5.34335e-16 -1.27099e-14 
-10.0612 93.3028 107.348 7.5426 11.7304 39.6795 0 5.07867 -1.15138 -0.671864 -0.549612 0.403033 0 5.61661 1.07143 -0.311269 0.186524 0.39107 -1.02604e-17 5.98978 0.11501 -0.00211209 1.43036 0.505839 -1.10457e-17 6.50583 -0.443523 0.319042 3.03291 0.590741 -1.97295e-17 7.60548 -1.50593 0.765685 3.74328 0.532324 -2.53307e-17 9.49737 -0.914492 1.22926 3.69793 0.124036 -2.90401e-17 10.5513 1.57691 0.208988 0.579453 0.145295 -1.29193e-17 4.78644 0.715339 0.232132 4.164 -18.2454 -1.8116e-17 4.82109 0.421791 1.14969 -7.55822 -8.81326 -2.00958e-17 4.83041 0.765062 2.12719 -9.42879 -5.85115 1.23299 -7.60731 7.53374 1.87304 -0.50193 -0.689573 12.9547 3.2495 -3.26872 -77.7619 28.6864 -26.7354 29.2081 0.0598081 0.137039 5.99598 -1.58552 -30.1921 24.234 0.0496219 0.113701 2.4251 -1.4094 0.815462 -1.23299 -7.60729 7.53365 -9.40274 -3.56331 1.29323 -12.9547 3.2495 -3.26872 68.8089 -12.1515 45.6096 -29.2081 0.0598081 0.137039 -6.5489 -1.92338 33.2976 -24.234 0.0496218 0.113702 -0.0753488 -3.07438 2.66151 9.23673 -4.20556 2.0327 -10.7324 -19.5017 -17.2353 -0.852353 -38.7721 -0.655187 -2.64784 9.83867 0.0557598 -2.32622 -40.4017 -6.04875 -5.41851 0.653377 15.5874 0.779096 -9.8844 12.4959 -3.71096e-16 -8.07512e-16 2.47973e-17 -9.23673 -4.20556 2.0327 -10.789 -12.108 30.2817 0.852353 -38.7721 -0.655187 2.67438 9.93587 -0.0586205 2.32622 -40.4017 -6.04875 -5.18264 -7.20827 -15.2869 -0.779096 -9.8844 12.4959 -5.99605e-16 -5.5898e-16 -1.27469e-14 
-9.50955 93.3414 108.173 7.76551 11.677 38.0628 0 5.07867 -1.15138 -0.62453 -0.623743 0.465922 0 5.61661 1.07143 -0.277648 0.136306 0.453424 -1.02604e-17 5.98978 0.11501 0.00997478 1.42201 0.563381 -1.10457e-17 6.50583 -0.443523 0.307527 3.0786 0.644075 -1.97295e-17 7.60548 -1.50593 0.741763 3.83022 0.587694 -2.53307e-17 9.49737 -0.914492 1.20374 3.80711 0.189204 -2.90401e-17 10.5513 1.57691 0.215099 0.575616 0.122196 -1.29193e-17 4.78644 0.715339 0.0850301 3.82187 -17.9015 -1.8116e-17 4.82109 0.421791 0.950357 -7.6389 -8.64612 -2.00958e-17 4.83041 0.765062 1.94062 -9.29484 -5.84626 1.23299 -7.60731 7.53374 1.74368 -0.472437 -0.915418 12.9547 3.2495 -3.26872 -77.151 28.5071 -26.8652 29.2081 0.0598081 0.137039 5.95626 -1.56279 -29.9727 24.234 0.0496219 0.113701 2.40284 -2.66746 0.718963 -1.23299 -7.60729 7.53365 -9.6877 -3.60616 1.32167 -12.9547 3.2495 -3.26872 68.7674 -11.448 46.4058 -29.2081 0.0598081 0.137039 -6.48215 -1.88037 32.9171 -24.234 0.0496218 0.113702 -0.345986 -3.06013 2.87161 9.23673 -4.20556 2.0327 -10.6859 -19.8578 -19.3352 -0.852353 -38.7721 -0.655187 -2.02848 7.55855 0.00188111 -2.32622 -40.4017 -6.04875 -6.72394 2.201 15.6094 0.779096 -9.8844 12.4959 4.19166e-16 -7.82816e-16 1.01601e-19 -9.23673 -4.20556 2.0327 -10.6203 -11.4795 31.5945 0.852353 -38.7721 -0.655187 2.55198 9.4873 -0.0458041 2.32622 -40.4017 -6.04875 -5.21363 -7.40434 -15.2757 -0.779096 -9.8844 12.4959 -2.18013e-15 -4.97216e-16 -1.26728e-14 
-8.9421 93.4047 108.972 8.06737 11.5468 36.4811 0 5.07867 -1.15138 -0.623165 -0.635932 0.528941 0 5.61661 1.07143 -0.284151 0.132322 0.507175 -1.02604e-17 5.98978 0.11501 -0.0105867 1.44482 0.611248 -1.10457e-17 6.50583 -0.443523 0.270207 3.13506 0.686638 -1.97295e-17 7.60548 -1.50593 0.698044 3.91177 0.636789 -2.53307e-17 9.49737 -0.914492 1.16548 3.90539 0.252107 -2.90401e-17 10.5513 1.57691 0.219932 0.574614 0.0951192 -1.29193e-17 4.78644 0.715339 -0.064816 3.46537 -17.5305 -1.8116e-17 4.82109 0.421791 0.795095 -7.67627 -8.4653 -2.00958e-17 4.83041 0.765062 1.82314 -9.14045 -5.86448 1.23299 -7.60731 7.53374 1.5112 -0.397485 -1.2081 12.9547 3.2495 -3.26872 -76.2977 28.2663 -27.1237 29.2081 0.0598081 0.137039 5.90301 -1.53264 -29.6792 24.234 0.0496219 0.113701 2.37834 -3.83263 0.606152 -1.23299 -7.60729 7.53365 -9.99584 -3.63679 1.3491 -12.9547 3.2495 -3.26872 68.6582 -10.665 47.056 -29.2081 0.0598081 0.137039 -6.438 -1.85226 32.6663 -24.234 0.0496218 0.113702 -0.635035 -3.27054 3.03871 9.23673 -4.20556 2.0327 -10.5933 -20.2141 -21.7832 -0.852353 -38.7721 -0.655187 -1.45664 5.43653 -0.0257981 -2.32622 -40.4017 -6.04875 -8.27084 3.90988 15.6978 0.779096 -9.8844 12.4959 -3.6947e-16 -8.07461e-16 2.47465e-17 -9.23673 -4.20556 2.0327 -10.5459 -10.749 32.7747 0.852353 -38.7721 -0.655187 2.43028 9.04037 -0.0340162 2.32622 -40.4017 -6.04875 -5.1162 -7.51496 -15.2608 -0.779096 -9.8844 12.4959 -6.02856e-16 -5.58828e-16 -1.27468e-14 
-8.34284 93.498 109.761 8.49868 11.3299 34.9116 0 5.07867 -1.15138 -0.694638 -0.686693 0.608391 0 5.61661 1.07143 -0.35666 0.110496 0.566831 -1.02604e-17 5.98978 0.11501 -0.0852268 1.47798 0.664065 -1.10457e-17 6.50583 -0.443523 0.189548 3.25214 0.733416 -1.97295e-17 7.60548 -1.50593 0.625703 4.07907 0.696638 -2.53307e-17 9.49737 -0.914492 1.11817 4.10672 0.328915 -2.90401e-17 10.5513 1.57691 0.225001 0.565645 0.0637114 -1.29193e-17 4.78644 0.715339 -0.214061 3.10363 -17.1343 -1.8116e-17 4.82109 0.421791 0.715611 -7.68521 -8.27442 -2.00958e-17 4.83041 0.765062 1.81644 -8.96484 -5.92361 1.23299 -7.60731 7.53374 1.20916 -0.34697 -1.50535 12.9547 3.2495 -3.26872 -75.1717 28.0092 -27.5646 29.2081 0.0598081 0.137039 5.83512 -1.49471 -29.3062 24.234 0.0496219 0.113701 2.28969 -4.84733 0.521991 -1.23299 -7.60729 7.53365 -10.2908 -3.72018 1.32876 -12.9547 3.2495 -3.26872 68.5627 -9.85212 47.647 -29.2081 0.0598081 0.137039 -6.40373 -1.83063 32.4721 -24.234 0.0496218 0.113702 -0.941285 -3.56884 3.13714 9.23673 -4.20556 2.0327 -10.5686 -20.4289 -24.5725 -0.852353 -38.7721 -0.655187 -0.929623 3.47182 -0.0324405 -2.32622 -40.4017 -6.04875 -9.97831 5.76369 15.8787 0.779096 -9.8844 12.4959 -7.68665e-16 -8.32309e-16 4.95946e-17 -9.23673 -4.20556 2.0327 -10.5741 -9.93362 33.8344 0.852353 -38.7721 -0.655187 2.34053 8.71014 -0.025933 2.32622 -40.4017 -6.04875 -4.95737 -7.53636 -15.243 -0.779096 -9.8844 12.4959 1.95533e-16 -5.96202e-16 -1.27718e-14 
-7.68548 93.6019 110.58 8.97911 10.9692 33.3818 0 5.07867 -1.15138 -0.80977 -0.829427 0.698991 0 5.61661 1.07143 -0.467727 0.0335202 0.630782 -1.02604e-17 5.98978 0.11501 -0.191082 1.50128 0.720172 -1.10457e-17 6.50583 -0.443523 0.0841373 3.43546 0.782876 -1.97295e-17 7.60548 -1.50593 0.537617 4.35427 0.763205 -2.53307e-17 9.49737 -0.914492 1.06795 4.44223 0.414296 -2.90401e-17 10.5513 1.57691 0.228765 0.545647 0.0299113 -1.29193e-17 4.78644 0.715339 -0.3401 2.78284 -16.7226 -1.8116e-17 4.82109 0.421791 0.681055 -7.6508 -8.07814 -2.00958e-17 4.83041 0.765062 1.91925 -8.77478 -5.97411 1.23299 -7.60731 7.53374 0.83152 -0.350517 -1.78168 12.9547 3.2495 -3.26872 -73.8088 27.8 -28.1162 29.2081 0.0598081 0.137039 5.75836 -1.45252 -28.886 24.234 0.0496219 0.113701 2.1461 -5.72125 0.477669 -1.23299 -7.60729 7.53365 -10.5077 -3.86913 1.27775 -12.9547 3.2495 -3.26872 68.4577 -9.05107 48.0852 -29.2081 0.0598081 0.137039 -6.38214 -1.81708 32.3499 -24.234 0.0496218 0.113702 -1.21639 -3.89971 3.22744 9.23673 -4.20556 2.0327 -10.6002 -20.4027 -27.4138 -0.852353 -38.7721 -0.655187 -0.468307 1.74878 -0.0233784 -2.32622 -40.4017 -6.04875 -11.5409 7.5476 16.1306 0.779096 -9.8844 12.4959 8.13484e-16 -7.58171e-16 -2.45433e-17 -9.23673 -4.20556 2.0327 -10.6359 -8.93134 34.7785 0.852353 -38.7721 -0.655187 2.25142 8.38185 -0.0184228 2.32622 -40.4017 -6.04875 -4.7517 -7.49304 -15.2224 -0.779096 -9.8844 12.4959 -1.78093e-15 -5.09741e-16 -1.26977e-14 
-6.96232 93.7017 111.445 9.51515 10.4722 31.9 0 5.07867 -1.15138 -0.954717 -1.03497 0.794884 0 5.61661 1.07143 -0.605127 -0.0792881 0.69598 -1.02604e-17 5.98978 0.11501 -0.317598 1.5192 0.777044 -1.10457e-17 6.50583 -0.443523 -0.0362674 3.66369 0.832809 -1.97295e-17 7.60548 -1.50593 0.441254 4.70193 0.832929 -2.53307e-17 9.49737 -0.914492 1.01818 4.86586 0.503243 -2.90401e-17 10.5513 1.57691 0.229863 0.51827 -0.00279816 -1.29193e-17 4.78644 0.715339 -0.448059 2.4762 -16.3001 -1.8116e-17 4.82109 0.421791 0.654652 -7.60207 -7.88145 -2.00958e-17 4.83041 0.765062 2.05735 -8.51762 -6.00869 1.23299 -7.60731 7.53374 0.39502 -0.395128 -2.02909 12.9547 3.2495 -3.26872 -72.2771 27.658 -28.7162 29.2081 0.0598081 0.137039 5.67695 -1.40858 -28.4422 24.234 0.0496219 0.113701 1.95197 -6.47014 0.429816 -1.23299 -7.60729 7.53365 -10.6123 -4.05848 1.21616 -12.9547 3.2495 -3.26872 68.3822 -8.30673 48.337 -29.2081 0.0598081 0.137039 -6.37736 -1.81409 32.3228 -24.234 0.0496218 0.113702 -1.42672 -4.11975 3.33692 9.23673 -4.20556 2.0327 -10.7687 -20.1365 -29.9858 -0.852353 -38.7721 -0.655187 -0.142331 0.53126 -0.0086132 -2.32622 -40.4017 -6.04875 -12.6889 9.08258 16.407 0.779096 -9.8844 12.4959 8.19987e-16 -7.57867e-16 -2.48481e-17 -9.23673 -4.20556 2.0327 -10.747 -7.75865 35.5805 0.852353 -38.7721 -0.655187 2.17864 8.11335 -0.0126686 2.32622 -40.4017 -6.04875 -4.5059 -7.46234 -15.2057 -0.779096 -9.8844 12.4959 -9.97175e-16 -5.46505e-16 -1.27221e-14 
-6.17212 93.7771 112.337 10.0148 9.96038 30.3817 0 5.07867 -1.15138 -1.11727 -1.32212 0.883679 0 5.61661 1.07143 -0.755941 -0.241297 0.753495 -1.02604e-17 5.98978 0.11501 -0.449513 1.52517 0.8273 -1.10457e-17 6.50583 -0.443523 -0.152655 3.93505 0.877279 -1.97295e-17 7.60548 -1.50593 0.356554 5.1256 0.897285 -2.53307e-17 9.49737 -0.914492 0.986488 5.38496 0.582407 -2.90401e-17 10.5513 1.57691 0.228762 0.476072 -0.032125 -1.29193e-17 4.78644 0.715339 -0.495577 2.24724 -15.842 -1.8116e-17 4.82109 0.421791 0.680162 -7.6059 -7.67551 -2.00958e-17 4.83041 0.765062 2.14459 -8.34777 -5.94069 1.23299 -7.60731 7.53374 -0.027582 -0.525073 -2.1843 12.9547 3.2495 -3.26872 -70.7112 27.6271 -29.3782 29.2081 0.0598081 0.137039 5.60895 -1.37249 -28.0728 24.234 0.0496219 0.113701 1.79326 -7.19252 0.410052 -1.23299 -7.60729 7.53365 -10.634 -4.30372 1.11615 -12.9547 3.2495 -3.26872 68.3762 -7.65754 48.6228 -29.2081 0.0598081 0.137039 -6.39255 -1.8236 32.4087 -24.234 0.0496218 0.113702 -1.43627 -4.16107 3.40091 9.23673 -4.20556 2.0327 -11.1786 -19.8961 -31.9224 -0.852353 -38.7721 -0.655187 -0.129615 0.483785 -0.00789719 -2.32622 -40.4017 -6.04875 -13.0005 10.0517 16.6174 0.779096 -9.8844 12.4959 8.19987e-16 -7.57867e-16 -2.48481e-17 -9.23673 -4.20556 2.0327 -10.8955 -6.60597 36.3143 0.852353 -38.7721 -0.655187 2.12466 7.91405 -0.00862249 2.32622 -40.4017 -6.04875 -4.26202 -7.52612 -15.2037 -0.779096 -9.8844 12.4959 -9.93923e-16 -5.46658e-16 -1.27222e-14 
-5.30807 93.7837 113.22 10.3604 9.5813 28.8139 0 5.07867 -1.15138 -1.28946 -1.6144 0.939762 0 5.61661 1.07143 -0.912521 -0.423607 0.78059 -1.02604e-17 5.98978 0.11501 -0.575731 1.48283 0.850791 -1.10457e-17 6.50583 -0.443523 -0.250523 4.10127 0.896345 -1.97295e-17 7.60548 -1.50593 0.298876 5.41704 0.932351 -2.53307e-17 9.49737 -0.914492 0.97691 5.7538 0.624999 -2.90401e-17 10.5513 1.57691 0.223241 0.440488 -0.0525779 -1.29193e-17 4.78644 0.715339 -0.46825 2.1898 -15.4473 -1.8116e-17 4.82109 0.421791 0.711927 -7.49823 -7.49483 -2.00958e-17 4.83041 0.765062 2.14195 -8.23668 -5.52261 1.23299 -7.60731 7.53374 -0.38809 -0.631274 -2.32803 12.9547 3.2495 -3.26872 -69.2886 27.6612 -29.694 29.2081 0.0598081 0.137039 5.56194 -1.34787 -27.8181 24.234 0.0496219 0.113701 1.70437 -8.00874 0.327286 -1.23299 -7.60729 7.53365 -10.6087 -4.45736 1.01716 -12.9547 3.2495 -3.26872 68.2933 -6.98577 48.6813 -29.2081 0.0598081 0.137039 -6.42546 -1.84432 32.595 -24.234 0.0496218 0.113702 -1.14734 -4.23164 3.57808 9.23673 -4.20556 2.0327 -11.4948 -19.3448 -32.0126 -0.852353 -38.7721 -0.655187 -0.232412 0.867632 -0.0133847 -2.32622 -40.4017 -6.04875 -12.3192 9.88517 16.6032 0.779096 -9.8844 12.4959 8.19987e-16 -7.57867e-16 -2.48481e-17 -9.23673 -4.20556 2.0327 -11.0775 -5.6469 37.1106 0.852353 -38.7721 -0.655187 2.0745 7.72872 -0.00503201 2.32622 -40.4017 -6.04875 -4.01513 -7.87704 -15.243 -0.779096 -9.8844 12.4959 -5.9798e-16 -5.59031e-16 -1.2747e-14 
-4.41789 93.7501 114.059 10.5066 9.29589 27.1273 0 5.07867 -1.15138 -1.47488 -1.87516 0.980561 0 5.61661 1.07143 -1.07957 -0.60987 0.794483 -1.02604e-17 5.98978 0.11501 -0.704698 1.38647 0.864674 -1.10457e-17 6.50583 -0.443523 -0.342865 4.13259 0.906529 -1.97295e-17 7.60548 -1.50593 0.253446 5.52884 0.956313 -2.53307e-17 9.49737 -0.914492 0.979931 5.9103 0.652117 -2.90401e-17 10.5513 1.57691 0.217636 0.420955 -0.0692478 -1.29193e-17 4.78644 0.715339 -0.447025 2.04618 -15.0314 -1.8116e-17 4.82109 0.421791 0.803376 -7.3732 -7.29026 -2.00958e-17 4.83041 0.765062 2.09213 -7.81535 -4.93183 1.23299 -7.60731 7.53374 -0.647053 -0.642901 -2.48861 12.9547 3.2495 -3.26872 -68.2538 27.5815 -29.5093 29.2081 0.0598081 0.137039 5.54671 -1.33996 -27.7358 24.234 0.0496219 0.113701 1.67162 -8.60522 0.225021 -1.23299 -7.60729 7.53365 -10.5692 -4.47497 0.916217 -12.9547 3.2495 -3.26872 68.3205 -6.06058 48.5583 -29.2081 0.0598081 0.137039 -6.46532 -1.86961 32.8212 -24.234 0.0496218 0.113702 -0.779283 -4.30427 3.82675 9.23673 -4.20556 2.0327 -11.4086 -18.4712 -31.0183 -0.852353 -38.7721 -0.655187 -0.234875 0.876831 -0.0135077 -2.32622 -40.4017 -6.04875 -11.6373 9.10837 16.458 0.779096 -9.8844 12.4959 1.61187e-15 -7.3312e-16 -4.95946e-17 -9.23673 -4.20556 2.0327 -11.1621 -5.04089 38.0184 0.852353 -38.7721 -0.655187 2.07642 7.73581 -0.00516622 2.32622 -40.4017 -6.04875 -3.60793 -8.36602 -15.3084 -0.779096 -9.8844 12.4959 -5.96354e-16 -5.59082e-16 -1.27471e-14 
-3.48749 93.7403 114.699 10.4218 9.73199 25.42 0 5.07867 -1.15138 -1.73279 -2.14468 0.991489 0 5.61661 1.07143 -1.3053 -0.835205 0.771497 -1.02604e-17 5.98978 0.11501 -0.87467 1.21647 0.84229 -1.10457e-17 6.50583 -0.443523 -0.456385 4.05207 0.879593 -1.97295e-17 7.60548 -1.50593 0.193045 5.51339 0.945094 -2.53307e-17 9.49737 -0.914492 0.973251 5.92281 0.645339 -2.90401e-17 10.5513 1.57691 0.215426 0.403726 -0.0874075 -1.29193e-17 4.78644 0.715339 -0.457819 1.73368 -14.4155 -1.8116e-17 4.82109 0.421791 0.953715 -7.18766 -6.98258 -2.00958e-17 4.83041 0.765062 2.12822 -7.50917 -4.44206 1.23299 -7.60731 7.53374 -0.810021 -0.572634 -2.57741 12.9547 3.2495 -3.26872 -67.5613 27.3473 -29.0014 29.2081 0.0598081 0.137039 5.58939 -1.36222 -27.9668 24.234 0.0496219 0.113701 1.83099 -8.89042 -0.058653 -1.23299 -7.60729 7.53365 -10.5653 -4.40961 0.826611 -12.9547 3.2495 -3.26872 68.2596 -4.83764 48.5269 -29.2081 0.0598081 0.137039 -6.53398 -1.9137 33.2122 -24.234 0.0496218 0.113702 -0.628431 -4.63013 4.09637 9.23673 -4.20556 2.0327 -11.5251 -18.4164 -30.2335 -0.852353 -38.7721 -0.655187 -0.257749 0.962256 -0.0146316 -2.32622 -40.4017 -6.04875 -10.9712 8.55158 16.3509 0.779096 -9.8844 12.4959 -3.6457e-16 -8.07257e-16 2.45424e-17 -9.23673 -4.20556 2.0327 -11.4203 -5.52716 38.7739 0.852353 -38.7721 -0.655187 2.18695 8.14402 -0.0133083 2.32622 -40.4017 -6.04875 -2.9251 -8.97929 -15.4139 -0.779096 -9.8844 12.4959 -2.00415e-16 -5.83828e-16 -1.27594e-14 
-2.40849 93.478 115.094 10.6023 10.7508 24.2643 0 5.07867 -1.15138 -2.07075 -2.36246 0.941612 0 5.61661 1.07143 -1.60111 -1.04896 0.679723 -1.02604e-17 5.98978 0.11501 -1.10027 1.02106 0.747551 -1.10457e-17 6.50583 -0.443523 -0.608938 3.90757 0.776975 -1.97295e-17 7.60548 -1.50593 0.0910401 5.4168 0.862014 -2.53307e-17 9.49737 -0.914492 0.914025 5.85308 0.57818 -2.90401e-17 10.5513 1.57691 0.207679 0.392133 -0.098115 -1.29193e-17 4.78644 0.715339 -0.571153 1.22908 -13.8849 -1.8116e-17 4.82109 0.421791 0.890968 -7.00681 -6.73705 -2.00958e-17 4.83041 0.765062 2.33804 -7.16284 -4.09637 1.23299 -7.60731 7.53374 -1.12434 -0.404633 -2.76667 12.9547 3.2495 -3.26872 -66.6555 27.072 -28.908 29.2081 0.0598081 0.137039 5.64125 -1.38957 -28.2481 24.234 0.0496219 0.113701 1.95975 -8.96435 -0.209632 -1.23299 -7.60729 7.53365 -10.4802 -4.30322 0.906412 -12.9547 3.2495 -3.26872 67.8617 -3.7628 48.3371 -29.2081 0.0598081 0.137039 -6.60385 -1.95926 33.6118 -24.234 0.0496218 0.113702 -0.779025 -5.19786 4.39186 9.23673 -4.20556 2.0327 -12.3332 -19.2024 -29.4438 -0.852353 -38.7721 -0.655187 -0.209188 0.780903 -0.012205 -2.32622 -40.4017 -6.04875 -11.187 12.6771 17.0029 0.779096 -9.8844 12.4959 1.21103e-15 -7.45697e-16 -3.70174e-17 -9.23673 -4.20556 2.0327 -12.2996 -6.6506 38.8139 0.852353 -38.7721 -0.655187 2.50083 9.29956 -0.0407334 2.32622 -40.4017 -6.04875 -2.57301 -10.9452 -15.5863 -0.779096 -9.8844 12.4959 -9.90663e-16 -5.46811e-16 -1.27224e-14 
-1.34636 93.5117 115.416 11.4729 10.5715 23.6092 0 5.07867 -1.15138 -2.42384 -2.4341 0.909934 0 5.61661 1.07143 -1.90991 -1.09086 0.602296 -1.02604e-17 5.98978 0.11501 -1.34317 1.04723 0.663139 -1.10457e-17 6.50583 -0.443523 -0.784557 4.05531 0.684657 -1.97295e-17 7.60548 -1.50593 -0.0337427 5.63437 0.7946 -2.53307e-17 9.49737 -0.914492 0.837754 6.14354 0.529996 -2.90401e-17 10.5513 1.57691 0.192253 0.364812 -0.101854 -1.29193e-17 4.78644 0.715339 -0.74772 0.626056 -13.5374 -1.8116e-17 4.82109 0.421791 0.729914 -7.18758 -6.61563 -2.00958e-17 4.83041 0.765062 2.65489 -6.4064 -4.01476 1.23299 -7.60731 7.53374 -1.74576 -0.370627 -3.15632 12.9547 3.2495 -3.26872 -64.9288 26.6413 -30.2614 29.2081 0.0598081 0.137039 5.57103 -1.35262 -27.8674 24.234 0.0496219 0.113701 1.73103 -8.72619 0.194767 -1.23299 -7.60729 7.53365 -10.1659 -4.44711 1.1719 -12.9547 3.2495 -3.26872 67.5391 -3.65017 48.5016 -29.2081 0.0598081 0.137039 -6.58048 -1.94394 33.4779 -24.234 0.0496218 0.113702 -0.679169 -5.56477 4.35129 9.23673 -4.20556 2.0327 -13.4931 -18.8868 -29.1112 -0.852353 -38.7721 -0.655187 -0.170636 0.636946 -0.0101693 -2.32622 -40.4017 -6.04875 -11.8604 17.1306 17.7034 0.779096 -9.8844 12.4959 -3.662e-16 -8.07308e-16 2.45933e-17 -9.23673 -4.20556 2.0327 -13.2473 -6.64935 38.3453 0.852353 -38.7721 -0.655187 2.9252 10.8518 -0.0878805 2.32622 -40.4017 -6.04875 -2.10182 -11.5255 -15.626 -0.779096 -9.8844 12.4959 -5.97984e-16 -5.59031e-16 -1.2747e-14 
-0.255971 93.7221 115.835 12.4805 9.4496 23.0384 0 5.07867 -1.15138 -2.71316 -2.54592 0.920892 0 5.61661 1.07143 -2.15899 -1.10402 0.571443 -1.02604e-17 5.98978 0.11501 -1.54089 1.19389 0.624498 -1.10457e-17 6.50583 -0.443523 -0.93054 4.45277 0.639394 -1.97295e-17 7.60548 -1.50593 -0.135141 6.16719 0.771623 -2.53307e-17 9.49737 -0.914492 0.788896 6.7972 0.516974 -2.90401e-17 10.5513 1.57691 0.17757 0.323687 -0.109505 -1.29193e-17 4.78644 0.715339 -0.749257 0.567526 -13.2459 -1.8116e-17 4.82109 0.421791 0.726824 -7.47465 -6.52706 -2.00958e-17 4.83041 0.765062 2.81366 -6.25366 -3.94519 1.23299 -7.60731 7.53374 -2.36299 -0.58588 -3.48442 12.9547 3.2495 -3.26872 -62.9385 26.2813 -32.2549 29.2081 0.0598081 0.137039 5.37672 -1.25344 -26.8203 24.234 0.0496219 0.113701 1.38708 -8.43895 0.440231 -1.23299 -7.60729 7.53365 -9.88038 -4.86882 1.29845 -12.9547 3.2495 -3.26872 67.3415 -3.77579 48.7823 -29.2081 0.0598081 0.137039 -6.53273 -1.9129 33.2051 -24.234 0.0496218 0.113702 -0.336705 -6.02948 4.11668 9.23673 -4.20556 2.0327 -14.2456 -17.3608 -28.8151 -0.852353 -38.7721 -0.655187 -0.108972 0.406719 -0.00671246 -2.32622 -40.4017 -6.04875 -12.1954 19.8271 18.0795 0.779096 -9.8844 12.4959 -1.95648e-15 -8.81801e-16 9.90866e-17 -9.23673 -4.20556 2.0327 -13.9046 -5.68126 37.7605 0.852353 -38.7721 -0.655187 3.32388 12.2976 -0.142628 2.32622 -40.4017 -6.04875 -1.46594 -10.9964 -15.6307 -0.779096 -9.8844 12.4959 -5.96354e-16 -5.59082e-16 -1.27471e-14 
0.899879 93.769 116.315 12.9794 8.99993 22.428 0 5.07867 -1.15138 -2.9526 -3.08855 0.945014 0 5.61661 1.07143 -2.36928 -1.44354 0.563336 -1.02604e-17 5.98978 0.11501 -1.70644 1.17215 0.610461 -1.10457e-17 6.50583 -0.443523 -1.0492 4.93202 0.620339 -1.97295e-17 7.60548 -1.50593 -0.215782 6.94482 0.770418 -2.53307e-17 9.49737 -0.914492 0.763803 7.77694 0.520887 -2.90401e-17 10.5513 1.57691 0.174874 0.246141 -0.125822 -1.29193e-17 4.78644 0.715339 -0.595076 0.951371 -12.8856 -1.8116e-17 4.82109 0.421791 0.935805 -7.85096 -6.39526 -2.00958e-17 4.83041 0.765062 2.78714 -6.97784 -3.87595 1.23299 -7.60731 7.53374 -2.61793 -1.13923 -3.46864 12.9547 3.2495 -3.26872 -61.498 26.0348 -34.0011 29.2081 0.0598081 0.137039 5.25983 -1.19591 -26.1949 24.234 0.0496219 0.113701 1.10204 -7.96982 0.433859 -1.23299 -7.60729 7.53365 -9.79686 -5.52901 1.13432 -12.9547 3.2495 -3.26872 67.2777 -3.68511 49.2479 -29.2081 0.0598081 0.137039 -6.53936 -1.91719 33.2429 -24.234 0.0496218 0.113702 -0.0530132 -6.70552 3.68211 9.23673 -4.20556 2.0327 -14.6819 -16.2276 -28.2208 -0.852353 -38.7721 -0.655187 -0.00745536 0.02782 -0.00048379 -2.32622 -40.4017 -6.04875 -11.891 20.3791 17.9953 0.779096 -9.8844 12.4959 5.95578e-15 -5.3566e-16 -2.47054e-16 -9.23673 -4.20556 2.0327 -14.4404 -5.41801 37.0958 0.852353 -38.7721 -0.655187 3.70608 13.6707 -0.20452 2.32622 -40.4017 -6.04875 -0.756684 -10.9857 -15.7216 -0.779096 -9.8844 12.4959 -5.96354e-16 -5.59082e-16 -1.27471e-14 
2.02737 93.4766 116.781 13.3038 8.72483 21.6389 0 5.07867 -1.15138 -3.17406 -3.24751 0.987216 0 5.61661 1.07143 -2.57647 -1.56808 0.57462 -1.02604e-17 5.98978 0.11501 -1.87579 1.1153 0.618175 -1.10457e-17 6.50583 -0.443523 -1.17965 4.98648 0.62272 -1.97295e-17 7.60548 -1.50593 -0.304693 7.06587 0.788849 -2.53307e-17 9.49737 -0.914492 0.727015 7.94227 0.547723 -2.90401e-17 10.5513 1.57691 0.17075 0.246623 -0.127896 -1.29193e-17 4.78644 0.715339 -0.542536 1.13867 -12.605 -1.8116e-17 4.82109 0.421791 1.00343 -7.77431 -6.27193 -2.00958e-17 4.83041 0.765062 2.68751 -6.91768 -3.73213 1.23299 -7.60731 7.53374 -2.68638 -1.23176 -3.57658 12.9547 3.2495 -3.26872 -60.5278 26.0942 -34.6369 29.2081 0.0598081 0.137039 5.26299 -1.19745 -26.2118 24.234 0.0496219 0.113701 1.02348 -7.74501 0.407838 -1.23299 -7.60729 7.53365 -9.80235 -5.67284 1.1178 -12.9547 3.2495 -3.26872 67.0522 -3.28419 49.0493 -29.2081 0.0598081 0.137039 -6.48322 -1.88106 32.923 -24.234 0.0496218 0.113702 0.15019 -7.70463 3.78566 9.23673 -4.20556 2.0327 -14.928 -15.2742 -27.2567 -0.852353 -38.7721 -0.655187 0.122387 -0.456549 0.00845691 -2.32622 -40.4017 -6.04875 -11.3834 20.5844 17.7783 0.779096 -9.8844 12.4959 8.41181e-16 -7.56949e-16 -2.57652e-17 -9.23673 -4.20556 2.0327 -14.8136 -5.67548 36.5942 0.852353 -38.7721 -0.655187 4.25086 15.603 -0.308429 2.32622 -40.4017 -6.04875 -0.387891 -12.0397 -15.8013 -0.779096 -9.8844 12.4959 -5.96354e-16 -5.59082e-16 -1.27471e-14 
3.106 93.2433 117.245 13.6773 8.42488 20.4436 0 5.07867 -1.15138 -3.40172 -3.18328 1.04916 0 5.61661 1.07143 -2.78894 -1.54655 0.605176 -1.02604e-17 5.98978 0.11501 -2.04771 1.08346 0.646202 -1.10457e-17 6.50583 -0.443523 -1.31311 4.87188 0.646376 -1.97295e-17 7.60548 -1.50593 -0.387722 6.89766 0.827895 -2.53307e-17 9.49737 -0.914492 0.702301 7.73826 0.592382 -2.90401e-17 10.5513 1.57691 0.165802 0.279964 -0.123976 -1.29193e-17 4.78644 0.715339 -0.518165 1.27566 -12.2535 -1.8116e-17 4.82109 0.421791 1.04324 -7.54859 -6.09787 -2.00958e-17 4.83041 0.765062 2.47048 -6.62831 -3.48239 1.23299 -7.60731 7.53374 -2.53824 -1.15516 -3.66474 12.9547 3.2495 -3.26872 -60.0276 26.2807 -34.7293 29.2081 0.0598081 0.137039 5.35427 -1.24228 -26.7 24.234 0.0496219 0.113701 1.18253 -7.77606 0.409191 -1.23299 -7.60729 7.53365 -9.86244 -5.58084 1.14783 -12.9547 3.2495 -3.26872 66.9022 -2.62082 48.9278 -29.2081 0.0598081 0.137039 -6.39463 -1.82492 32.4205 -24.234 0.0496218 0.113702 0.337883 -8.56321 4.04071 9.23673 -4.20556 2.0327 -15.0445 -14.1838 -26.047 -0.852353 -38.7721 -0.655187 0.28416 -1.05953 0.0211231 -2.32622 -40.4017 -6.04875 -10.6248 19.8097 17.4156 0.779096 -9.8844 12.4959 4.77938e-15 -5.97016e-16 -1.85698e-16 -9.23673 -4.20556 2.0327 -15.1026 -6.28045 36.5059 0.852353 -38.7721 -0.655187 4.8849 17.8105 -0.452128 2.32622 -40.4017 -6.04875 0.0757347 -12.6269 -15.836 -0.779096 -9.8844 12.4959 -9.92293e-16 -5.46709e-16 -1.27223e-14 
4.24295 93.0097 117.741 14.0146 8.29797 19.0315 0 5.07867 -1.15138 -3.62218 -3.26726 1.11336 0 5.61661 1.07143 -2.99537 -1.6346 0.642753 -1.02604e-17 5.98978 0.11501 -2.21368 1.00317 0.681744 -1.10457e-17 6.50583 -0.443523 -1.44102 4.80569 0.678469 -1.97295e-17 7.60548 -1.50593 -0.466739 6.83873 0.87465 -2.53307e-17 9.49737 -0.914492 0.682842 7.67277 0.644618 -2.90401e-17 10.5513 1.57691 0.162817 0.291231 -0.124321 -1.29193e-17 4.78644 0.715339 -0.472311 1.50364 -11.7356 -1.8116e-17 4.82109 0.421791 1.10084 -7.38865 -5.84304 -2.00958e-17 4.83041 0.765062 2.28313 -6.64179 -3.30557 1.23299 -7.60731 7.53374 -2.18641 -1.24787 -3.58042 12.9547 3.2495 -3.26872 -59.8975 26.3522 -34.6694 29.2081 0.0598081 0.137039 5.52478 -1.32862 -27.6174 24.234 0.0496219 0.113701 1.32479 -7.83007 0.456147 -1.23299 -7.60729 7.53365 -9.98662 -5.57486 1.08026 -12.9547 3.2495 -3.26872 66.8279 -1.72038 49.0746 -29.2081 0.0598081 0.137039 -6.34256 -1.79243 32.1264 -24.234 0.0496218 0.113702 0.468797 -9.36569 4.11257 9.23673 -4.20556 2.0327 -15.1974 -13.223 -24.7035 -0.852353 -38.7721 -0.655187 0.460344 -1.71544 0.0368399 -2.32622 -40.4017 -6.04875 -9.6745 18.3923 16.991 0.779096 -9.8844 12.4959 -4.31092e-15 -9.7992e-16 1.97205e-16 -9.23673 -4.20556 2.0327 -15.3873 -7.29763 36.7013 0.852353 -38.7721 -0.655187 5.60522 20.2578 -0.644267 2.32622 -40.4017 -6.04875 0.677682 -13.0118 -15.8445 -0.779096 -9.8844 12.4959 1.93894e-16 -5.9615e-16 -1.27717e-14 
5.46812 92.7683 118.291 14.3369 8.41967 17.7494 0 5.07867 -1.15138 -3.83221 -3.41994 1.16113 0 5.61661 1.07143 -3.19553 -1.7891 0.666507 -1.02604e-17 5.98978 0.11501 -2.37595 0.863736 0.702506 -1.10457e-17 6.50583 -0.443523 -1.56612 4.70037 0.695312 -1.97295e-17 7.60548 -1.50593 -0.548546 6.75705 0.905205 -2.53307e-17 9.49737 -0.914492 0.653052 7.59467 0.683999 -2.90401e-17 10.5513 1.57691 0.158693 0.300239 -0.124577 -1.29193e-17 4.78644 0.715339 -0.460592 1.65996 -11.2402 -1.8116e-17 4.82109 0.421791 1.0946 -7.20057 -5.60232 -2.00958e-17 4.83041 0.765062 2.21273 -6.60969 -3.18258 1.23299 -7.60731 7.53374 -1.85712 -1.32644 -3.47943 12.9547 3.2495 -3.26872 -59.9818 26.356 -34.3888 29.2081 0.0598081 0.137039 5.75613 -1.45133 -28.8739 24.234 0.0496219 0.113701 1.46542 -7.77946 0.470033 -1.23299 -7.60729 7.53365 -10.1024 -5.54333 1.01468 -12.9547 3.2495 -3.26872 66.6077 -0.724789 49.172 -29.2081 0.0598081 0.137039 -6.29815 -1.76501 31.8762 -24.234 0.0496218 0.113702 0.469082 -10.2645 4.20304 9.23673 -4.20556 2.0327 -15.5718 -12.5042 -23.4496 -0.852353 -38.7721 -0.655187 0.630253 -2.34706 0.0538898 -2.32622 -40.4017 -6.04875 -8.67684 16.9788 16.5882 0.779096 -9.8844 12.4959 2.77849e-15 -6.72172e-16 -1.10543e-16 -9.23673 -4.20556 2.0327 -15.7708 -8.60387 36.8316 0.852353 -38.7721 -0.655187 6.39509 22.8595 -0.888998 2.32622 -40.4017 -6.04875 1.40385 -13.1817 -15.8209 -0.779096 -9.8844 12.4959 -1.38497e-15 -5.34489e-16 -1.271e-14 
6.73779 92.5568 118.897 14.5466 8.49028 16.673 0 5.07867 -1.15138 -3.98409 -3.58677 1.19253 0 5.61661 1.07143 -3.34434 -1.95823 0.679409 -1.02604e-17 5.98978 0.11501 -2.49911 0.709441 0.710659 -1.10457e-17 6.50583 -0.443523 -1.66271 4.58718 0.699274 -1.97295e-17 7.60548 -1.50593 -0.615756 6.67288 0.918587 -2.53307e-17 9.49737 -0.914492 0.620816 7.52244 0.706931 -2.90401e-17 10.5513 1.57691 0.152265 0.310937 -0.122894 -1.29193e-17 4.78644 0.715339 -0.473538 1.66953 -10.7855 -1.8116e-17 4.82109 0.421791 1.06127 -7.04209 -5.38381 -2.00958e-17 4.83041 0.765062 2.17659 -6.394 -3.11044 1.23299 -7.60731 7.53374 -1.66978 -1.37245 -3.42174 12.9547 3.2495 -3.26872 -60.1619 26.2401 -34.1054 29.2081 0.0598081 0.137039 6.0071 -1.59193 -30.2537 24.234 0.0496219 0.113701 1.60398 -7.47258 0.547369 -1.23299 -7.60729 7.53365 -10.1642 -5.49325 0.975686 -12.9547 3.2495 -3.26872 66.2795 0.184918 49.2278 -29.2081 0.0598081 0.137039 -6.24621 -1.73328 31.5845 -24.234 0.0496218 0.113702 0.468433 -11.1778 4.34477 9.23673 -4.20556 2.0327 -15.9533 -11.8471 -22.4866 -0.852353 -38.7721 -0.655187 0.761228 -2.83322 0.0682971 -2.32622 -40.4017 -6.04875 -7.65479 15.6515 16.2297 0.779096 -9.8844 12.4959 -3.92313e-15 -9.67852e-16 1.85138e-16 -9.23673 -4.20556 2.0327 -16.0416 -9.93631 36.7809 0.852353 -38.7721 -0.655187 7.23881 25.5365 -1.18796 2.32622 -40.4017 -6.04875 2.17789 -12.7786 -15.755 -0.779096 -9.8844 12.4959 2.5679e-15 -6.95084e-16 -1.2883e-14 
8.02133 92.3885 119.546 14.6665 8.4597 15.769 0 5.07867 -1.15138 -4.0762 -3.79191 1.21024 0 5.61661 1.07143 -3.43852 -2.14547 0.68391 -1.02604e-17 5.98978 0.11501 -2.58024 0.564572 0.708784 -1.10457e-17 6.50583 -0.443523 -1.72834 4.53152 0.693051 -1.97295e-17 7.60548 -1.50593 -0.66734 6.67531 0.918169 -2.53307e-17 9.49737 -0.914492 0.587421 7.55935 0.716863 -2.90401e-17 10.5513 1.57691 0.144044 0.314083 -0.121376 -1.29193e-17 4.78644 0.715339 -0.491191 1.60435 -10.3518 -1.8116e-17 4.82109 0.421791 1.02352 -6.94052 -5.17865 -2.00958e-17 4.83041 0.765062 2.13789 -6.2026 -3.05908 1.23299 -7.60731 7.53374 -1.60708 -1.46199 -3.38048 12.9547 3.2495 -3.26872 -60.3251 25.9446 -34.0277 29.2081 0.0598081 0.137039 6.24212 -1.73093 -31.5628 24.234 0.0496219 0.113701 1.6982 -6.91967 0.589567 -1.23299 -7.60729 7.53365 -10.176 -5.5007 0.930654 -12.9547 3.2495 -3.26872 65.9031 0.944561 49.3615 -29.2081 0.0598081 0.137039 -6.20304 -1.70718 31.3427 -24.234 0.0496218 0.113702 0.494289 -11.9924 4.43804 9.23673 -4.20556 2.0327 -16.3063 -11.2343 -21.82 -0.852353 -38.7721 -0.655187 0.84339 -3.13783 0.0778953 -2.32622 -40.4017 -6.04875 -6.67159 14.4883 15.9311 0.779096 -9.8844 12.4959 -5.13866e-15 -1.01857e-15 2.35853e-16 -9.23673 -4.20556 2.0327 -16.1735 -11.2649 36.6573 0.852353 -38.7721 -0.655187 8.14227 28.2794 -1.54874 2.32622 -40.4017 -6.04875 3.03669 -11.6991 -15.6789 -0.779096 -9.8844 12.4959 1.39638e-15 -6.46254e-16 -1.28342e-14 
9.27773 92.2568 120.19 14.7538 8.43642 14.9674 0 5.07867 -1.15138 -4.13759 -3.99671 1.21783 0 5.61661 1.07143 -3.50422 -2.32419 0.682041 -1.02604e-17 5.98978 0.11501 -2.63883 0.437335 0.700376 -1.10457e-17 6.50583 -0.443523 -1.77627 4.51061 0.680743 -1.97295e-17 7.60548 -1.50593 -0.709029 6.72228 0.909946 -2.53307e-17 9.49737 -0.914492 0.555031 7.6497 0.719234 -2.90401e-17 10.5513 1.57691 0.134588 0.31174 -0.119041 -1.29193e-17 4.78644 0.715339 -0.520336 1.44992 -9.96037 -1.8116e-17 4.82109 0.421791 1.00935 -6.88238 -4.99407 -2.00958e-17 4.83041 0.765062 2.07029 -6.04929 -3.00722 1.23299 -7.60731 7.53374 -1.61329 -1.57219 -3.36667 12.9547 3.2495 -3.26872 -60.443 25.5051 -34.1768 29.2081 0.0598081 0.137039 6.46438 -1.86917 -32.8172 24.234 0.0496219 0.113701 1.78013 -6.21285 0.583688 -1.23299 -7.60729 7.53365 -10.136 -5.53257 0.903862 -12.9547 3.2495 -3.26872 65.5544 1.55419 49.5778 -29.2081 0.0598081 0.137039 -6.17375 -1.68961 31.179 -24.234 0.0496218 0.113702 0.4964 -12.5831 4.4847 9.23673 -4.20556 2.0327 -16.6782 -10.7719 -21.3056 -0.852353 -38.7721 -0.655187 0.877392 -3.26381 0.0819936 -2.32622 -40.4017 -6.04875 -5.7716 13.5078 15.6909 0.779096 -9.8844 12.4959 7.95531e-16 -7.58936e-16 -2.37782e-17 -9.23673 -4.20556 2.0327 -16.2279 -12.7051 36.6005 0.852353 -38.7721 -0.655187 9.103 31.0509 -1.97557 2.32622 -40.4017 -6.04875 4.09544 -10.0334 -15.6232 -0.779096 -9.8844 12.4959 -2.17196e-15 -4.97573e-16 -1.26732e-14 
10.4829 92.1763 120.821 14.951 8.28149 14.2063 0 5.07867 -1.15138 -4.20913 -4.13889 1.23014 0 5.61661 1.07143 -3.57712 -2.44402 0.683232 -1.02604e-17 5.98978 0.11501 -2.70324 0.357365 0.695008 -1.10457e-17 6.50583 -0.443523 -1.82879 4.51608 0.671713 -1.97295e-17 7.60548 -1.50593 -0.753418 6.78147 0.906696 -2.53307e-17 9.49737 -0.914492 0.522822 7.7418 0.72773 -2.90401e-17 10.5513 1.57691 0.123167 0.308832 -0.114808 -1.29193e-17 4.78644 0.715339 -0.575595 1.19741 -9.61716 -1.8116e-17 4.82109 0.421791 1.00552 -6.82783 -4.83244 -2.00958e-17 4.83041 0.765062 2.00391 -5.80314 -2.94586 1.23299 -7.60731 7.53374 -1.66824 -1.66896 -3.42603 12.9547 3.2495 -3.26872 -60.4787 24.9563 -34.5698 29.2081 0.0598081 0.137039 6.67036 -2.00342 -33.9951 24.234 0.0496219 0.113701 1.84161 -5.46149 0.613408 -1.23299 -7.60729 7.53365 -10.0382 -5.56032 0.933811 -12.9547 3.2495 -3.26872 65.3269 1.9923 49.8458 -29.2081 0.0598081 0.137039 -6.1374 -1.66797 30.9762 -24.234 0.0496218 0.113702 0.496847 -12.8711 4.52114 9.23673 -4.20556 2.0327 -17.1327 -10.289 -20.8039 -0.852353 -38.7721 -0.655187 0.874425 -3.25282 0.081633 -2.32622 -40.4017 -6.04875 -5.03826 12.8439 15.5095 0.779096 -9.8844 12.4959 -3.6783e-16 -8.07359e-16 2.46443e-17 -9.23673 -4.20556 2.0327 -16.2767 -14.0274 36.7753 0.852353 -38.7721 -0.655187 10.0755 33.7021 -2.44967 2.32622 -40.4017 -6.04875 5.33461 -7.80263 -15.6135 -0.779096 -9.8844 12.4959 1.89003e-16 -5.95946e-16 -1.27715e-14 
11.6328 92.1289 121.445 15.2523 8.00723 13.5371 0 5.07867 -1.15138 -4.30167 -4.2351 1.24645 0 5.61661 1.07143 -3.66722 -2.52101 0.686306 -1.02604e-17 5.98978 0.11501 -2.78121 0.315552 0.691387 -1.10457e-17 6.50583 -0.443523 -1.89054 4.5513 0.66472 -1.97295e-17 7.60548 -1.50593 -0.803222 6.86386 0.907802 -2.53307e-17 9.49737 -0.914492 0.491138 7.85335 0.740765 -2.90401e-17 10.5513 1.57691 0.11109 0.30455 -0.109067 -1.29193e-17 4.78644 0.715339 -0.641591 0.956632 -9.34818 -1.8116e-17 4.82109 0.421791 1.00054 -6.77311 -4.70859 -2.00958e-17 4.83041 0.765062 1.97147 -5.53496 -2.90029 1.23299 -7.60731 7.53374 -1.72471 -1.77531 -3.52426 12.9547 3.2495 -3.26872 -60.4691 24.4014 -35.1653 29.2081 0.0598081 0.137039 6.86472 -2.13572 -35.121 24.234 0.0496219 0.113701 1.88396 -4.73604 0.658855 -1.23299 -7.60729 7.53365 -9.89646 -5.61187 1.01043 -12.9547 3.2495 -3.26872 65.2505 2.2726 50.1397 -29.2081 0.0598081 0.137039 -6.09771 -1.64454 30.7552 -24.234 0.0496218 0.113702 0.469204 -12.952 4.50678 9.23673 -4.20556 2.0327 -17.6759 -9.7116 -20.3246 -0.852353 -38.7721 -0.655187 0.859017 -3.19574 0.0797697 -2.32622 -40.4017 -6.04875 -4.46596 12.4195 15.3725 0.779096 -9.8844 12.4959 -7.68655e-16 -8.32309e-16 4.9594e-17 -9.23673 -4.20556 2.0327 -16.4029 -15.1021 37.0164 0.852353 -38.7721 -0.655187 10.9913 36.0573 -2.93178 2.32622 -40.4017 -6.04875 6.68928 -5.22882 -15.6617 -0.779096 -9.8844 12.4959 -5.93084e-16 -5.59235e-16 -1.27472e-14 
12.725 92.0881 122.056 15.5094 7.66424 12.9864 0 5.07867 -1.15138 -4.37629 -4.27087 1.25968 0 5.61661 1.07143 -3.73973 -2.5512 0.68843 -1.02604e-17 5.98978 0.11501 -2.845 0.301112 0.687151 -1.10457e-17 6.50583 -0.443523 -1.94057 4.58359 0.657764 -1.97295e-17 7.60548 -1.50593 -0.844025 6.92228 0.907354 -2.53307e-17 9.49737 -0.914492 0.465482 7.93088 0.749637 -2.90401e-17 10.5513 1.57691 0.0990696 0.304481 -0.101008 -1.29193e-17 4.78644 0.715339 -0.697496 0.732869 -9.10775 -1.8116e-17 4.82109 0.421791 1.00705 -6.70562 -4.59664 -2.00958e-17 4.83041 0.765062 1.91891 -5.23726 -2.94155 1.23299 -7.60731 7.53374 -1.78791 -1.85896 -3.66275 12.9547 3.2495 -3.26872 -60.5154 23.902 -35.8385 29.2081 0.0598081 0.137039 7.05958 -2.27408 -36.265 24.234 0.0496219 0.113701 1.97381 -3.95833 0.695925 -1.23299 -7.60729 7.53365 -9.72691 -5.65054 1.14159 -12.9547 3.2495 -3.26872 65.2197 2.41837 50.3861 -29.2081 0.0598081 0.137039 -6.06155 -1.62337 30.5543 -24.234 0.0496218 0.113702 0.402383 -12.9587 4.44244 9.23673 -4.20556 2.0327 -18.1768 -9.05478 -19.9213 -0.852353 -38.7721 -0.655187 0.851818 -3.16906 0.0789043 -2.32622 -40.4017 -6.04875 -3.95521 12.0342 15.2574 0.779096 -9.8844 12.4959 4.37685e-15 -6.09698e-16 -1.73017e-16 -9.23673 -4.20556 2.0327 -16.5472 -15.9234 37.1479 0.852353 -38.7721 -0.655187 11.795 38.0137 -3.38127 2.32622 -40.4017 -6.04875 8.02453 -2.54468 -15.7681 -0.779096 -9.8844 12.4959 -5.96354e-16 -5.59082e-16 -1.27471e-14 
13.7524 92.0238 122.659 15.599 7.35678 12.4919 0 5.07867 -1.15138 -4.39566 -4.28051 1.26205 0 5.61661 1.07143 -3.76156 -2.56616 0.686107 -1.02604e-17 5.98978 0.11501 -2.86765 0.285419 0.678753 -1.10457e-17 6.50583 -0.443523 -1.95863 4.58968 0.647252 -1.97295e-17 7.60548 -1.50593 -0.86265 6.93754 0.898313 -2.53307e-17 9.49737 -0.914492 0.448814 7.95815 0.746037 -2.90401e-17 10.5513 1.57691 0.0873125 0.309503 -0.0916721 -1.29193e-17 4.78644 0.715339 -0.722876 0.58601 -8.90027 -1.8116e-17 4.82109 0.421791 1.02134 -6.61433 -4.49547 -2.00958e-17 4.83041 0.765062 1.82533 -5.00604 -2.99118 1.23299 -7.60731 7.53374 -1.83302 -1.92983 -3.79845 12.9547 3.2495 -3.26872 -60.7285 23.4651 -36.4518 29.2081 0.0598081 0.137039 7.25866 -2.4216 -37.4508 24.234 0.0496219 0.113701 2.13139 -3.03497 0.644334 -1.23299 -7.60729 7.53365 -9.58217 -5.6685 1.27825 -12.9547 3.2495 -3.26872 65.1911 2.5516 50.5953 -29.2081 0.0598081 0.137039 -6.02491 -1.60209 30.3512 -24.234 0.0496218 0.113702 0.300035 -12.9502 4.38751 9.23673 -4.20556 2.0327 -18.5266 -8.40093 -19.5461 -0.852353 -38.7721 -0.655187 0.864791 -3.21713 0.0804662 -2.32622 -40.4017 -6.04875 -3.36378 11.473 15.1377 0.779096 -9.8844 12.4959 7.56558e-15 -4.72676e-16 -3.10039e-16 -9.23673 -4.20556 2.0327 -16.5982 -16.6278 37.1555 0.852353 -38.7721 -0.655187 12.4869 39.6168 -3.78644 2.32622 -40.4017 -6.04875 9.14966 0.056025 -15.9129 -0.779096 -9.8844 12.4959 5.91449e-16 -6.20947e-16 -1.27966e-14 
14.7186 91.9158 123.284 15.5614 7.12611 12.0063 0 5.07867 -1.15138 -4.37205 -4.27267 1.2544 0 5.61661 1.07143 -3.74606 -2.57852 0.680194 -1.02604e-17 5.98978 0.11501 -2.86058 0.252174 0.666861 -1.10457e-17 6.50583 -0.443523 -1.95447 4.54889 0.633693 -1.97295e-17 7.60548 -1.50593 -0.866542 6.88805 0.882212 -2.53307e-17 9.49737 -0.914492 0.436037 7.91414 0.732152 -2.90401e-17 10.5513 1.57691 0.0760052 0.321878 -0.0807359 -1.29193e-17 4.78644 0.715339 -0.723249 0.525651 -8.70755 -1.8116e-17 4.82109 0.421791 1.02052 -6.47108 -4.39835 -2.00958e-17 4.83041 0.765062 1.73151 -4.83378 -3.04785 1.23299 -7.60731 7.53374 -1.84154 -1.97405 -3.92083 12.9547 3.2495 -3.26872 -61.0869 23.0577 -36.9357 29.2081 0.0598081 0.137039 7.46519 -2.58153 -38.7003 24.234 0.0496219 0.113701 2.27195 -1.99446 0.520778 -1.23299 -7.60729 7.53365 -9.44944 -5.64978 1.41746 -12.9547 3.2495 -3.26872 65.1738 2.73834 50.745 -29.2081 0.0598081 0.137039 -5.98999 -1.58197 30.1579 -24.234 0.0496218 0.113702 0.178551 -12.9622 4.32703 9.23673 -4.20556 2.0327 -18.7695 -7.78647 -19.1358 -0.852353 -38.7721 -0.655187 0.897528 -3.33839 0.0844554 -2.32622 -40.4017 -6.04875 -2.68661 10.7188 15.0158 0.779096 -9.8844 12.4959 -3.40019e-16 -8.06183e-16 2.34685e-17 -9.23673 -4.20556 2.0327 -16.4887 -17.3751 36.8613 0.852353 -38.7721 -0.655187 13.3056 41.4206 -4.28628 2.32622 -40.4017 -6.04875 9.97846 2.12989 -16.0027 -0.779096 -9.8844 12.4959 -9.87383e-16 -5.46964e-16 -1.27225e-14 
15.6491 91.7696 123.917 15.4539 6.95439 11.5383 0 5.07867 -1.15138 -4.32841 -4.24702 1.23866 0 5.61661 1.07143 -3.71339 -2.58927 0.670526 -1.02604e-17 5.98978 0.11501 -2.8396 0.202172 0.651508 -1.10457e-17 6.50583 -0.443523 -1.93946 4.46352 0.617094 -1.97295e-17 7.60548 -1.50593 -0.862473 6.77837 0.860655 -2.53307e-17 9.49737 -0.914492 0.425999 7.8059 0.709539 -2.90401e-17 10.5513 1.57691 0.0657825 0.341673 -0.0681661 -1.29193e-17 4.78644 0.715339 -0.702939 0.531707 -8.5147 -1.8116e-17 4.82109 0.421791 1.00168 -6.30947 -4.301 -2.00958e-17 4.83041 0.765062 1.6586 -4.67113 -3.11402 1.23299 -7.60731 7.53374 -1.80096 -1.98778 -4.0299 12.9547 3.2495 -3.26872 -61.486 22.7175 -37.3448 29.2081 0.0598081 0.137039 7.68186 -2.75723 -40.0341 24.234 0.0496219 0.113701 2.37504 -1.02752 0.428746 -1.23299 -7.60729 7.53365 -9.31275 -5.5977 1.5712 -12.9547 3.2495 -3.26872 65.1688 2.96473 50.8306 -29.2081 0.0598081 0.137039 -5.95625 -1.56268 29.9716 -24.234 0.0496218 0.113702 0.0634271 -13.0492 4.24923 9.23673 -4.20556 2.0327 -18.97 -7.23236 -18.729 -0.852353 -38.7721 -0.655187 0.939959 -3.49548 0.0897276 -2.32622 -40.4017 -6.04875 -2.01107 9.93653 14.9046 0.779096 -9.8844 12.4959 -1.16459e-15 -8.44682e-16 6.19669e-17 -9.23673 -4.20556 2.0327 -16.0958 -18.4043 36.0182 0.852353 -38.7721 -0.655187 14.6837 44.2388 -5.17297 2.32622 -40.4017 -6.04875 10.5437 3.16541 -15.9008 -0.779096 -9.8844 12.4959 -2.02055e-16 -5.83777e-16 -1.27593e-14 
16.612 91.6301 124.495 15.3686 6.84309 11.195 0 5.07867 -1.15138 -4.29806 -4.23746 1.21107 0 5.61661 1.07143 -3.69109 -2.619 0.648334 -1.02604e-17 5.98978 0.11501 -2.82549 0.13573 0.623817 -1.10457e-17 6.50583 -0.443523 -1.92709 4.36595 0.588188 -1.97295e-17 7.60548 -1.50593 -0.859568 6.66183 0.826925 -2.53307e-17 9.49737 -0.914492 0.4147 7.69933 0.673027 -2.90401e-17 10.5513 1.57691 0.0568947 0.363679 -0.0560083 -1.29193e-17 4.78644 0.715339 -0.664696 0.619116 -8.33299 -1.8116e-17 4.82109 0.421791 0.956271 -6.17242 -4.21347 -2.00958e-17 4.83041 0.765062 1.64864 -4.54318 -3.19768 1.23299 -7.60731 7.53374 -1.71913 -2.00489 -4.11805 12.9547 3.2495 -3.26872 -61.7992 22.4668 -37.8062 29.2081 0.0598081 0.137039 7.89401 -2.93758 -41.3649 24.234 0.0496219 0.113701 2.41118 -0.256014 0.387482 -1.23299 -7.60729 7.53365 -9.18629 -5.56153 1.72209 -12.9547 3.2495 -3.26872 65.1668 3.21136 50.8333 -29.2081 0.0598081 0.137039 -5.92581 -1.5454 29.8037 -24.234 0.0496218 0.113702 -0.0599253 -13.1927 4.14074 9.23673 -4.20556 2.0327 -19.2418 -6.71537 -18.4186 -0.852353 -38.7721 -0.655187 0.987274 -3.67056 0.0957418 -2.32622 -40.4017 -6.04875 -1.39526 9.25477 14.8072 0.779096 -9.8844 12.4959 2.39555e-15 -6.9636e-16 -8.63551e-17 -9.23673 -4.20556 2.0327 -15.9333 -19.4696 34.6565 0.852353 -38.7721 -0.655187 16.188 47.0247 -6.19843 2.32622 -40.4017 -6.04875 10.9779 3.81203 -15.7629 -0.779096 -9.8844 12.4959 -1.98785e-16 -5.8393e-16 -1.27595e-14 
17.5863 91.5066 125.018 15.2513 6.78451 10.9325 0 5.07867 -1.15138 -4.27344 -4.21907 1.1677 0 5.61661 1.07143 -3.67001 -2.64591 0.61023 -1.02604e-17 5.98978 0.11501 -2.80898 0.0653005 0.580972 -1.10457e-17 6.50583 -0.443523 -1.9085 4.25229 0.544797 -1.97295e-17 7.60548 -1.50593 -0.84975 6.52375 0.777676 -2.53307e-17 9.49737 -0.914492 0.408332 7.57305 0.617341 -2.90401e-17 10.5513 1.57691 0.0492837 0.388712 -0.0443327 -1.29193e-17 4.78644 0.715339 -0.603554 0.73876 -8.15665 -1.8116e-17 4.82109 0.421791 0.933964 -6.07142 -4.12973 -2.00958e-17 4.83041 0.765062 1.63686 -4.42158 -3.25263 1.23299 -7.60731 7.53374 -1.62632 -2.01032 -4.19738 12.9547 3.2495 -3.26872 -62.0178 22.2993 -38.329 29.2081 0.0598081 0.137039 8.08944 -3.11142 -42.6146 24.234 0.0496219 0.113701 2.48648 0.387167 0.3516 -1.23299 -7.60729 7.53365 -9.07086 -5.5277 1.87563 -12.9547 3.2495 -3.26872 65.2085 3.45822 50.7536 -29.2081 0.0598081 0.137039 -5.90506 -1.5337 29.6894 -24.234 0.0496218 0.113702 -0.160823 -13.245 4.04946 9.23673 -4.20556 2.0327 -19.5043 -6.25239 -18.2229 -0.852353 -38.7721 -0.655187 1.03901 -3.86188 0.102482 -2.32622 -40.4017 -6.04875 -0.814138 8.62469 14.7235 0.779096 -9.8844 12.4959 -1.94501e-15 -8.81341e-16 9.86259e-17 -9.23673 -4.20556 2.0327 -16.1149 -20.4385 32.8981 0.852353 -38.7721 -0.655187 17.4787 49.1948 -7.12009 2.32622 -40.4017 -6.04875 11.2174 4.34827 -15.6598 -0.779096 -9.8844 12.4959 -1.38659e-15 -5.34438e-16 -1.271e-14 
18.5171 91.4131 125.462 15.1 6.73249 10.7528 0 5.07867 -1.15138 -4.258 -4.15832 1.10994 0 5.61661 1.07143 -3.65195 -2.63614 0.557138 -1.02604e-17 5.98978 0.11501 -2.79166 0.020121 0.523849 -1.10457e-17 6.50583 -0.443523 -1.88623 4.14075 0.487885 -1.97295e-17 7.60548 -1.50593 -0.836327 6.37382 0.714706 -2.53307e-17 9.49737 -0.914492 0.40291 7.43046 0.546045 -2.90401e-17 10.5513 1.57691 0.0426018 0.414594 -0.0336825 -1.29193e-17 4.78644 0.715339 -0.527618 0.849712 -7.95876 -1.8116e-17 4.82109 0.421791 0.948298 -6.01621 -4.03628 -2.00958e-17 4.83041 0.765062 1.64147 -4.34339 -3.30815 1.23299 -7.60731 7.53374 -1.54499 -2.00243 -4.29676 12.9547 3.2495 -3.26872 -62.1326 22.1047 -39.0127 29.2081 0.0598081 0.137039 8.24743 -3.25766 -43.6428 24.234 0.0496219 0.113701 2.60148 1.07143 0.267405 -1.23299 -7.60729 7.53365 -8.96716 -5.49856 2.03286 -12.9547 3.2495 -3.26872 65.3238 3.67036 50.6421 -29.2081 0.0598081 0.137039 -5.89569 -1.52842 29.6378 -24.234 0.0496218 0.113702 -0.248534 -13.1639 4.00782 9.23673 -4.20556 2.0327 -19.729 -5.86611 -18.1487 -0.852353 -38.7721 -0.655187 1.07944 -4.01128 0.107866 -2.32622 -40.4017 -6.04875 -0.308961 8.15234 14.6492 0.779096 -9.8844 12.4959 8.08541e-16 -7.58377e-16 -2.43371e-17 -9.23673 -4.20556 2.0327 -16.5178 -21.2755 30.8778 0.852353 -38.7721 -0.655187 18.447 50.7007 -7.83388 2.32622 -40.4017 -6.04875 11.1406 4.62973 -15.5798 -0.779096 -9.8844 12.4959 -5.99624e-16 -5.5898e-16 -1.27469e-14 
19.3802 91.3336 125.867 14.9816 6.66187 10.6514 0 5.07867 -1.15138 -4.2632 -4.09066 1.04824 0 5.61661 1.07143 -3.64897 -2.61035 0.496177 -1.02604e-17 5.98978 0.11501 -2.78434 -0.00258066 0.458975 -1.10457e-17 6.50583 -0.443523 -1.8704 4.05443 0.423421 -1.97295e-17 7.60548 -1.50593 -0.827129 6.25236 0.645923 -2.53307e-17 9.49737 -0.914492 0.394633 7.31572 0.469965 -2.90401e-17 10.5513 1.57691 0.0367345 0.437298 -0.025044 -1.29193e-17 4.78644 0.715339 -0.449306 0.950297 -7.76936 -1.8116e-17 4.82109 0.421791 0.989489 -6.0075 -3.94868 -2.00958e-17 4.83041 0.765062 1.6723 -4.32247 -3.34479 1.23299 -7.60731 7.53374 -1.46065 -2.01687 -4.38447 12.9547 3.2495 -3.26872 -62.1344 21.9145 -39.889 29.2081 0.0598081 0.137039 8.36896 -3.37379 -44.4454 24.234 0.0496219 0.113701 2.71168 1.76553 0.168024 -1.23299 -7.60729 7.53365 -8.89884 -5.49582 2.15063 -12.9547 3.2495 -3.26872 65.5119 3.87784 50.5491 -29.2081 0.0598081 0.137039 -5.90166 -1.53178 29.6707 -24.234 0.0496218 0.113702 -0.355784 -12.9586 3.92124 9.23673 -4.20556 2.0327 -19.9602 -5.51559 -18.1744 -0.852353 -38.7721 -0.655187 1.10292 -4.09801 0.111041 -2.32622 -40.4017 -6.04875 0.109856 7.78676 14.586 0.779096 -9.8844 12.4959 -1.55562e-15 -8.69223e-16 8.65084e-17 -9.23673 -4.20556 2.0327 -16.9687 -21.9309 28.864 0.852353 -38.7721 -0.655187 19.0786 51.6304 -8.30882 2.32622 -40.4017 -6.04875 10.7381 4.6042 -15.5328 -0.779096 -9.8844 12.4959 -5.96354e-16 -5.59082e-16 -1.27471e-14 
20.1472 91.269 126.247 14.8299 6.61058 10.4722 0 5.07867 -1.15138 -4.27359 -4.01162 0.988624 0 5.61661 1.07143 -3.64831 -2.56841 0.437404 -1.02604e-17 5.98978 0.11501 -2.77672 -0.00748118 0.39763 -1.10457e-17 6.50583 -0.443523 -1.85384 3.98113 0.36349 -1.97295e-17 7.60548 -1.50593 -0.815724 6.14168 0.582365 -2.53307e-17 9.49737 -0.914492 0.390011 7.20687 0.398651 -2.90401e-17 10.5513 1.57691 0.0316026 0.455373 -0.0177259 -1.29193e-17 4.78644 0.715339 -0.370321 1.0206 -7.56695 -1.8116e-17 4.82109 0.421791 1.0678 -6.03929 -3.85294 -2.00958e-17 4.83041 0.765062 1.68957 -4.38787 -3.31903 1.23299 -7.60731 7.53374 -1.35081 -2.04961 -4.44605 12.9547 3.2495 -3.26872 -62.1223 21.6964 -40.8064 29.2081 0.0598081 0.137039 8.47722 -3.48003 -45.1695 24.234 0.0496219 0.113701 2.83031 2.41325 0.0849904 -1.23299 -7.60729 7.53365 -8.83335 -5.49409 2.24734 -12.9547 3.2495 -3.26872 65.8347 4.05077 50.5125 -29.2081 0.0598081 0.137039 -5.92642 -1.54576 29.807 -24.234 0.0496218 0.113702 -0.4206 -12.5337 3.82463 9.23673 -4.20556 2.0327 -20.1073 -5.25833 -18.1914 -0.852353 -38.7721 -0.655187 1.11517 -4.14325 0.112711 -2.32622 -40.4017 -6.04875 0.491593 7.44117 14.5327 0.779096 -9.8844 12.4959 8.10176e-16 -7.58326e-16 -2.43882e-17 -9.23673 -4.20556 2.0327 -17.3077 -22.5036 27.0394 0.852353 -38.7721 -0.655187 19.3411 52.0053 -8.50832 2.32622 -40.4017 -6.04875 10.1456 4.27928 -15.5051 -0.779096 -9.8844 12.4959 -9.92288e-16 -5.46709e-16 -1.27223e-14 
20.8094 91.2286 126.622 14.6485 6.4503 10.1627 0 5.07867 -1.15138 -4.27651 -3.9203 0.939212 0 5.61661 1.07143 -3.63917 -2.50991 0.390524 -1.02604e-17 5.98978 0.11501 -2.76179 0.0067146 0.349054 -1.10457e-17 6.50583 -0.443523 -1.83343 3.92216 0.316964 -1.97295e-17 7.60548 -1.50593 -0.800696 6.0413 0.532175 -2.53307e-17 9.49737 -0.914492 0.389536 7.10213 0.340966 -2.90401e-17 10.5513 1.57691 0.0265471 0.469968 -0.0115072 -1.29193e-17 4.78644 0.715339 -0.293055 1.09265 -7.34755 -1.8116e-17 4.82109 0.421791 1.1496 -6.07045 -3.74688 -2.00958e-17 4.83041 0.765062 1.72741 -4.49148 -3.22913 1.23299 -7.60731 7.53374 -1.20853 -2.09776 -4.48981 12.9547 3.2495 -3.26872 -62.1677 21.4197 -41.6503 29.2081 0.0598081 0.137039 8.56952 -3.57275 -45.7939 24.234 0.0496219 0.113701 2.91746 2.95979 0.0122171 -1.23299 -7.60729 7.53365 -8.76565 -5.48273 2.33274 -12.9547 3.2495 -3.26872 66.2786 4.24452 50.535 -29.2081 0.0598081 0.137039 -5.94999 -1.55913 29.937 -24.234 0.0496218 0.113702 -0.455342 -11.8913 3.72017 9.23673 -4.20556 2.0327 -20.1288 -4.95061 -18.0805 -0.852353 -38.7721 -0.655187 1.12535 -4.18084 0.114106 -2.32622 -40.4017 -6.04875 0.824786 7.12354 14.4889 0.779096 -9.8844 12.4959 -1.55562e-15 -8.69223e-16 8.65084e-17 -9.23673 -4.20556 2.0327 -17.5471 -22.8606 25.3932 0.852353 -38.7721 -0.655187 19.2051 51.8119 -8.40479 2.32622 -40.4017 -6.04875 9.41774 3.70323 -15.4818 -0.779096 -9.8844 12.4959 -9.93923e-16 -5.46658e-16 -1.27222e-14 
21.3929 91.1776 127.009 14.3975 6.33012 9.68492 0 5.07867 -1.15138 -4.23205 -3.9008 0.895491 0 5.61661 1.07143 -3.58908 -2.50542 0.35842 -1.02604e-17 5.98978 0.11501 -2.71519 -0.00508161 0.316718 -1.10457e-17 6.50583 -0.443523 -1.792 3.87642 0.287872 -1.97295e-17 7.60548 -1.50593 -0.772207 5.97892 0.496504 -2.53307e-17 9.49737 -0.914492 0.395573 7.04675 0.296848 -2.90401e-17 10.5513 1.57691 0.0222617 0.476309 -0.00610186 -1.29193e-17 4.78644 0.715339 -0.208749 1.21896 -7.12113 -1.8116e-17 4.82109 0.421791 1.20809 -6.0939 -3.63556 -2.00958e-17 4.83041 0.765062 1.70083 -4.69295 -3.08119 1.23299 -7.60731 7.53374 -1.00084 -2.21164 -4.44777 12.9547 3.2495 -3.26872 -62.3722 21.1908 -42.348 29.2081 0.0598081 0.137039 8.66207 -3.66777 -46.4269 24.234 0.0496219 0.113701 2.99129 3.35417 -0.0224005 -1.23299 -7.60729 7.53365 -8.70934 -5.48734 2.37633 -12.9547 3.2495 -3.26872 66.7328 4.50542 50.6573 -29.2081 0.0598081 0.137039 -5.97173 -1.57152 30.057 -24.234 0.0496218 0.113702 -0.462308 -11.0989 3.58796 9.23673 -4.20556 2.0327 -20.0417 -4.68664 -17.7827 -0.852353 -38.7721 -0.655187 1.14958 -4.27028 0.117454 -2.32622 -40.4017 -6.04875 1.19841 6.69578 14.4533 0.779096 -9.8844 12.4959 8.10176e-16 -7.58326e-16 -2.43882e-17 -9.23673 -4.20556 2.0327 -17.7982 -23.1835 23.7928 0.852353 -38.7721 -0.655187 18.7622 51.1697 -8.07002 2.32622 -40.4017 -6.04875 8.62861 2.89837 -15.454 -0.779096 -9.8844 12.4959 -5.97989e-16 -5.59031e-16 -1.2747e-14 
21.9169 91.0988 127.384 14.1229 6.31491 9.08039 0 5.07867 -1.15138 -4.14687 -3.90905 0.85721 0 5.61661 1.07143 -3.50743 -2.52764 0.340528 -1.02604e-17 5.98978 0.11501 -2.6467 -0.0412481 0.300372 -1.10457e-17 6.50583 -0.443523 -1.73935 3.80702 0.2757 -1.97295e-17 7.60548 -1.50593 -0.738922 5.8945 0.475906 -2.53307e-17 9.49737 -0.914492 0.40068 6.96598 0.268698 -2.90401e-17 10.5513 1.57691 0.0186019 0.481951 0.000365805 -1.29193e-17 4.78644 0.715339 -0.134949 1.34434 -6.87467 -1.8116e-17 4.82109 0.421791 1.21397 -6.09741 -3.51415 -2.00958e-17 4.83041 0.765062 1.60301 -4.89625 -2.95993 1.23299 -7.60731 7.53374 -0.731766 -2.33146 -4.36052 12.9547 3.2495 -3.26872 -62.6916 21.0323 -42.9249 29.2081 0.0598081 0.137039 8.75213 -3.76228 -47.0498 24.234 0.0496219 0.113701 3.06018 3.59135 -0.0348162 -1.23299 -7.60729 7.53365 -8.65605 -5.45887 2.41026 -12.9547 3.2495 -3.26872 67.1437 4.81024 50.7987 -29.2081 0.0598081 0.137039 -5.98723 -1.5804 30.1427 -24.234 0.0496218 0.113702 -0.462932 -10.2872 3.49718 9.23673 -4.20556 2.0327 -19.9265 -4.54159 -17.3619 -0.852353 -38.7721 -0.655187 1.17926 -4.37981 0.121605 -2.32622 -40.4017 -6.04875 1.62445 6.1409 14.4252 0.779096 -9.8844 12.4959 2.00778e-15 -7.08375e-16 -7.43393e-17 -9.23673 -4.20556 2.0327 -18.1771 -23.5582 22.1842 0.852353 -38.7721 -0.655187 18.1176 50.1996 -7.58901 2.32622 -40.4017 -6.04875 7.85873 1.88418 -15.4289 -0.779096 -9.8844 12.4959 -2.00424e-16 -5.83827e-16 -1.27594e-14 
22.3864 91.0237 127.712 13.8952 6.29702 8.50173 0 5.07867 -1.15138 -4.0726 -3.86659 0.823895 0 5.61661 1.07143 -3.43789 -2.51218 0.3273 -1.02604e-17 5.98978 0.11501 -2.58985 -0.061967 0.289481 -1.10457e-17 6.50583 -0.443523 -1.69866 3.71483 0.26904 -1.97295e-17 7.60548 -1.50593 -0.715282 5.76341 0.462585 -2.53307e-17 9.49737 -0.914492 0.399237 6.82209 0.250169 -2.90401e-17 10.5513 1.57691 0.0153023 0.493054 0.00812414 -1.29193e-17 4.78644 0.715339 -0.0835308 1.44193 -6.6882 -1.8116e-17 4.82109 0.421791 1.19948 -6.09714 -3.42245 -2.00958e-17 4.83041 0.765062 1.54888 -4.99542 -2.83294 1.23299 -7.60731 7.53374 -0.453719 -2.40358 -4.29965 12.9547 3.2495 -3.26872 -62.9378 20.9037 -43.5484 29.2081 0.0598081 0.137039 8.81619 -3.83078 -47.4972 24.234 0.0496219 0.113701 3.11731 3.70045 -0.0478699 -1.23299 -7.60729 7.53365 -8.60095 -5.38394 2.45649 -12.9547 3.2495 -3.26872 67.5005 5.10426 50.8819 -29.2081 0.0598081 0.137039 -5.98921 -1.58154 30.1536 -24.234 0.0496218 0.113702 -0.475209 -9.57494 3.51356 9.23673 -4.20556 2.0327 -19.8423 -4.43772 -16.9393 -0.852353 -38.7721 -0.655187 1.19683 -4.44462 0.124089 -2.32622 -40.4017 -6.04875 2.01083 5.63372 14.3984 0.779096 -9.8844 12.4959 -1.9466e-15 -8.8139e-16 9.86749e-17 -9.23673 -4.20556 2.0327 -18.712 -23.8253 20.5789 0.852353 -38.7721 -0.655187 17.2896 48.8889 -6.98288 2.32622 -40.4017 -6.04875 7.08599 0.736622 -15.4233 -0.779096 -9.8844 12.4959 -5.94714e-16 -5.59184e-16 -1.27471e-14 